raw_id,report_date,landing,boat,trip_type,trip_type_raw,trip_days,anglers,kept_json,released_json,tracked_fish,raw_text,source,source_url,fetched_at_utc,ingest_method,parser_version
fd7ce7339f1fc282,2026-09-01,Fishermans,Dolphin,half_day,1/2 Day PM,0.5,37,"{""bonito"": 31, ""sand_bass"": 49, ""yellowtail"": 11}",{},91,"Dolphin Fisherman's Landing San Diego, CA | 37 Anglers 1/2 Day PM | 49 Sand Bass, 11 Yellowtail, 31 Bonito",San Diego Fish Reports dock totals,https://www.sandiegofishreports.com/dock_totals/boats.php?date=2026-09-01,2026-10-04T06:18:01Z,backfill,dock-trips-1
a3663673d0ce778c,2026-09-01,Fishermans,Dolphin,half_day,1/2 Day PM,0.5,39,"{""bonito"": 60, ""sand_bass"": 35, ""yellowtail"": 9}",{},104,"Dolphin Fisherman's Landing San Diego, CA | 39 Anglers 1/2 Day PM | 35 Sand Bass, 2 Sculpin, 9 Yellowtail, 60 Bonito",San Diego Fish Reports dock totals,https://www.sandiegofishreports.com/dock_totals/boats.php?date=2026-09-01,2026-10-04T06:18:01Z,backfill,dock-trips-1
02a8b62f63a575e5,2026-09-01,H&M,"Blue Horizon Oceanside Sea Center Oceanside, CA",full_day,Full Day,1.0,12,"{""dorado"": 1, ""yellowtail"": 5}",{},6,"Blue Horizon Oceanside Sea Center Oceanside, CA | 12 Anglers Full Day | 5 Yellowtail, 1 Dorado, 2 Skipjack Tuna",San Diego Fish Reports dock totals,https://www.sandiegofishreports.com/dock_totals/boats.php?date=2026-09-01,2026-10-04T06:18:01Z,backfill,dock-trips-1
b1c359b72566a191,2026-09-01,H&M,Excalibur,1.5_day,1.5 Day,1.5,25,{},{},0,"Excalibur H&M Landing San Diego, CA | 25 Anglers 1.5 Day | ",San Diego Fish Reports dock totals,https://www.sandiegofishreports.com/dock_totals/boats.php?date=2026-09-01,2026-10-04T06:18:01Z,backfill,dock-trips-1
59c95fe3afa6c2c9,2026-09-01,H&M,Grande,full_day,Full Day Offshore,1.0,32,"{""dorado"": 2, ""yellowfin_tuna"": 95, ""yellowtail"": 3}",{},100,"Grande H&M Landing San Diego, CA | 32 Anglers Full Day Offshore | 3 Yellowtail, 2 Dorado, 14 Skipjack Tuna, 95 Yellowfin Tuna",San Diego Fish Reports dock totals,https://www.sandiegofishreports.com/dock_totals/boats.php?date=2026-09-01,2026-10-04T06:18:01Z,backfill,dock-trips-1
45f8d2c4e160d9ca,2026-09-01,H&M,Horizon,1.5_day,1.5 Day,1.5,26,"{""bluefin_tuna"": 16, ""dorado"": 2}",{},18,"Horizon H&M Landing San Diego, CA | 26 Anglers 1.5 Day | 16 Bluefin Tuna, 2 Dorado",San Diego Fish Reports dock totals,https://www.sandiegofishreports.com/dock_totals/boats.php?date=2026-09-01,2026-10-04T06:18:01Z,backfill,dock-trips-1
d3f1985b47b59e50,2026-09-01,H&M,Malihini,full_day,Full Day,1.0,21,"{""bonito"": 100, ""calico_bass"": 14, ""sand_bass"": 4, ""yellowtail"": 12}",{},130,"Malihini H&M Landing San Diego, CA | 21 Anglers Full Day | 4 Sand Bass, 1 Bullet Tuna, 12 Yellowtail, 14 Calico Bass, 100 Bonito",San Diego Fish Reports dock totals,https://www.sandiegofishreports.com/dock_totals/boats.php?date=2026-09-01,2026-10-04T06:18:01Z,backfill,dock-trips-1
f9de90707fa2e2c7,2026-09-01,H&M,Old Glory,overnight,Overnight,1.0,13,"{""dorado"": 1, ""yellowfin_tuna"": 65, ""yellowtail"": 1}",{},67,"Old Glory H&M Landing San Diego, CA | 13 Anglers Overnight | 1 Yellowtail, 1 Dorado, 8 Skipjack Tuna, 65 Yellowfin Tuna",San Diego Fish Reports dock totals,https://www.sandiegofishreports.com/dock_totals/boats.php?date=2026-09-01,2026-10-04T06:18:01Z,backfill,dock-trips-1
771cc689708e187b,2026-09-01,H&M,Producer,overnight,Overnight,1.0,28,"{""dorado"": 2, ""yellowfin_tuna"": 12}",{},14,"Producer H&M Landing San Diego, CA | 28 Anglers Overnight | 2 Dorado, 20 Skipjack Tuna, 12 Yellowfin Tuna",San Diego Fish Reports dock totals,https://www.sandiegofishreports.com/dock_totals/boats.php?date=2026-09-01,2026-10-04T06:18:01Z,backfill,dock-trips-1
728b17339be9b4bf,2026-09-01,H&M,"Southern Cal Oceanside Sea Center Oceanside, CA",half_day,1/2 Day AM,0.5,22,"{""bonito"": 30, ""calico_bass"": 7, ""sand_bass"": 2, ""sheephead"": 1}","{""calico_bass"": 20, ""sand_bass"": 10}",70,"Southern Cal Oceanside Sea Center Oceanside, CA | 22 Anglers 1/2 Day AM | 2 Sand Bass, 1 Sheephead, 7 Calico Bass, 5 Whitefish, 30 Bonito, 10 Sand Bass Released , 20 Calico Bass Released",San Diego Fish Reports dock totals,https://www.sandiegofishreports.com/dock_totals/boats.php?date=2026-09-01,2026-10-04T06:18:01Z,backfill,dock-trips-1
0020abfd2f4731a2,2026-09-01,Point Loma,Mission Belle,full_day,Full Day Coronado Islands,1.0,30,"{""bonito"": 18, ""calico_bass"": 16, ""white_seabass"": 1, ""yellowtail"": 76}",{},111,"Mission Belle Point Loma Sportfishing San Diego, CA | 30 Anglers Full Day Coronado Islands | 76 Yellowtail, 16 Calico Bass, 18 Bonito, 1 White Seabass",San Diego Fish Reports dock totals,https://www.sandiegofishreports.com/dock_totals/boats.php?date=2026-09-01,2026-10-04T06:18:01Z,backfill,dock-trips-1
06ee0a167905f0bd,2026-09-01,Point Loma,New Lo-An,2_day,2 Day,2.0,24,"{""bluefin_tuna"": 57, ""dorado"": 5}",{},62,"New Lo-An Point Loma Sportfishing San Diego, CA | 24 Anglers 2 Day | 57 Bluefin Tuna (up to 80 pounds), 5 Dorado",San Diego Fish Reports dock totals,https://www.sandiegofishreports.com/dock_totals/boats.php?date=2026-09-01,2026-10-04T06:18:01Z,backfill,dock-trips-1
3fde8452b8d64fbb,2026-09-01,Point Loma,Point Loma,full_day,Full Day,1.0,15,"{""barracuda"": 1, ""bonito"": 21, ""calico_bass"": 1, ""sand_bass"": 16, ""yellowtail"": 45}",{},84,"Point Loma Point Loma Sportfishing San Diego, CA | 15 Anglers Full Day | 16 Barred Sand Bass, 1 Barracuda, 45 Yellowtail, 1 Calico Bass, 21 Bonito",San Diego Fish Reports dock totals,https://www.sandiegofishreports.com/dock_totals/boats.php?date=2026-09-01,2026-10-04T06:18:01Z,backfill,dock-trips-1
563fb6558851d0e5,2026-09-01,Seaforth,Aztec,2_day,2 Day,2.0,21,"{""bluefin_tuna"": 84, ""dorado"": 2}",{},86,"Aztec Seaforth Sportfishing San Diego, CA | 21 Anglers 2 Day | 84 Bluefin Tuna, 2 Dorado",San Diego Fish Reports dock totals,https://www.sandiegofishreports.com/dock_totals/boats.php?date=2026-09-01,2026-10-04T06:18:01Z,backfill,dock-trips-1
68f3a5c609a4eb19,2026-09-01,Seaforth,Highliner,1.5_day,1.5 Day,1.5,20,"{""dorado"": 141, ""yellowfin_tuna"": 150}",{},291,"Highliner Seaforth Sportfishing San Diego, CA | 20 Anglers 1.5 Day | 141 Dorado, 3 Skipjack Tuna, 150 Yellowfin Tuna",San Diego Fish Reports dock totals,https://www.sandiegofishreports.com/dock_totals/boats.php?date=2026-09-01,2026-10-04T06:18:01Z,backfill,dock-trips-1
3a1bcfa819578435,2026-09-01,Seaforth,New Seaforth,half_day,1/2 Day AM,0.5,40,"{""barracuda"": 9, ""bonito"": 34, ""calico_bass"": 26, ""yellowtail"": 1}",{},70,"New Seaforth Seaforth Sportfishing San Diego, CA | 40 Anglers 1/2 Day AM | 9 Barracuda, 1 Yellowtail, 26 Calico Bass, 34 Bonito",San Diego Fish Reports dock totals,https://www.sandiegofishreports.com/dock_totals/boats.php?date=2026-09-01,2026-10-04T06:18:01Z,backfill,dock-trips-1
2970a07141419166,2026-09-01,Seaforth,New Seaforth,half_day,1/2 Day PM,0.5,33,"{""bonito"": 13, ""calico_bass"": 3, ""sand_bass"": 1, ""yellowtail"": 9}",{},26,"New Seaforth Seaforth Sportfishing San Diego, CA | 33 Anglers 1/2 Day PM | 1 Sand Bass, 9 Yellowtail, 3 Calico Bass, 13 Bonito",San Diego Fish Reports dock totals,https://www.sandiegofishreports.com/dock_totals/boats.php?date=2026-09-01,2026-10-04T06:18:01Z,backfill,dock-trips-1
aef2effb28eacc4f,2026-09-01,Seaforth,New Seaforth,twilight,1/2 Day Twilight,0.4,24,"{""barracuda"": 1, ""bonito"": 26, ""calico_bass"": 17, ""rockfish"": 4}",{},48,"New Seaforth Seaforth Sportfishing San Diego, CA | 24 Anglers 1/2 Day Twilight | 1 Barracuda, 1 Sculpin, 17 Calico Bass, 1 Whitefish, 26 Bonito, 4 Rockfish",San Diego Fish Reports dock totals,https://www.sandiegofishreports.com/dock_totals/boats.php?date=2026-09-01,2026-10-04T06:18:01Z,backfill,dock-trips-1
ad2df5337822dd81,2026-09-01,Seaforth,San Diego,full_day,Full Day,1.0,36,"{""bonito"": 56, ""sand_bass"": 71, ""yellowtail"": 56}",{},183,"San Diego Seaforth Sportfishing San Diego, CA | 36 Anglers Full Day | 71 Sand Bass, 56 Yellowtail, 56 Bonito",San Diego Fish Reports dock totals,https://www.sandiegofishreports.com/dock_totals/boats.php?date=2026-09-01,2026-10-04T06:18:01Z,backfill,dock-trips-1
2c56b7a679ff1eaf,2026-09-01,Seaforth,Sea Watch,three_quarter_day,3/4 Day,0.75,9,"{""bonito"": 29, ""calico_bass"": 4, ""yellowtail"": 6}",{},39,"Sea Watch Seaforth Sportfishing San Diego, CA | 9 Anglers 3/4 Day | 6 Yellowtail, 4 Calico Bass, 29 Bonito",San Diego Fish Reports dock totals,https://www.sandiegofishreports.com/dock_totals/boats.php?date=2026-09-01,2026-10-04T06:18:01Z,backfill,dock-trips-1
bf3a43890d972335,2026-09-01,Seaforth,Tribute,overnight,Overnight,1.0,30,"{""yellowfin_tuna"": 37}",{},37,"Tribute Seaforth Sportfishing San Diego, CA | 30 Anglers Overnight | 7 Skipjack Tuna, 37 Yellowfin Tuna",San Diego Fish Reports dock totals,https://www.sandiegofishreports.com/dock_totals/boats.php?date=2026-09-01,2026-10-04T06:18:01Z,backfill,dock-trips-1
32621459457c6ffd,2026-09-02,Fishermans,Dolphin,half_day,1/2 Day AM,0.5,25,"{""bonito"": 25, ""calico_bass"": 2, ""california_halibut"": 1, ""sand_bass"": 4, ""yellowtail"": 10}",{},42,"Dolphin Fisherman's Landing San Diego, CA | 25 Anglers 1/2 Day AM | 4 Sand Bass, 1 Halibut, 2 Sculpin, 10 Yellowtail, 2 Calico Bass, 25 Bonito",San Diego Fish Reports dock totals,https://www.sandiegofishreports.com/dock_totals/boats.php?date=2026-09-02,2026-10-04T06:18:03Z,backfill,dock-trips-1
5aa44ba980ec2870,2026-09-02,Fishermans,Liberty,three_quarter_day,3/4 Day,0.75,26,"{""bonito"": 52, ""calico_bass"": 1, ""california_halibut"": 1, ""sand_bass"": 10, ""yellowtail"": 7}",{},71,"Liberty Fisherman's Landing San Diego, CA | 26 Anglers 3/4 Day | 10 Sand Bass, 1 Halibut, 7 Yellowtail, 1 Calico Bass, 52 Bonito",San Diego Fish Reports dock totals,https://www.sandiegofishreports.com/dock_totals/boats.php?date=2026-09-02,2026-10-04T06:18:03Z,backfill,dock-trips-1
5183a99ab2cf5f27,2026-09-02,Fishermans,Lucky B Sportfishing,full_day,Full Day,1.0,4,"{""bonito"": 20, ""yellowtail"": 23}",{},43,"Lucky B Sportfishing Fisherman's Landing San Diego, CA | 4 Anglers Full Day | 23 Yellowtail, 20 Bonito",San Diego Fish Reports dock totals,https://www.sandiegofishreports.com/dock_totals/boats.php?date=2026-09-02,2026-10-04T06:18:03Z,backfill,dock-trips-1
4880697b4a34dffc,2026-09-02,H&M,Excalibur,2_day,2 Day,2.0,26,{},{},0,"Excalibur H&M Landing San Diego, CA | 26 Anglers 2 Day | ",San Diego Fish Reports dock totals,https://www.sandiegofishreports.com/dock_totals/boats.php?date=2026-09-02,2026-10-04T06:18:03Z,backfill,dock-trips-1
ae20344f8326b345,2026-09-02,H&M,Grande,full_day,Full Day Offshore,1.0,41,"{""yellowfin_tuna"": 13, ""yellowtail"": 1}",{},14,"Grande H&M Landing San Diego, CA | 41 Anglers Full Day Offshore | 1 Yellowtail, 13 Yellowfin Tuna",San Diego Fish Reports dock totals,https://www.sandiegofishreports.com/dock_totals/boats.php?date=2026-09-02,2026-10-04T06:18:03Z,backfill,dock-trips-1
961f61ad31682a43,2026-09-02,H&M,Legend,2_day,2 Day,2.0,28,"{""bluefin_tuna"": 32, ""dorado"": 4, ""yellowfin_tuna"": 3, ""yellowtail"": 3}",{},42,"Legend H&M Landing San Diego, CA | 28 Anglers 2 Day | 32 Bluefin Tuna, 3 Yellowtail, 4 Dorado, 1 Striped Marlin, 3 Yellowfin Tuna",San Diego Fish Reports dock totals,https://www.sandiegofishreports.com/dock_totals/boats.php?date=2026-09-02,2026-10-04T06:18:03Z,backfill,dock-trips-1
a31b6c366da01b7f,2026-09-02,H&M,Nautilus,2.5_day,2.5 Day,2.5,5,"{""bonito"": 15, ""dorado"": 4, ""rockfish"": 20, ""white_seabass"": 1, ""yellowfin_tuna"": 30, ""yellowtail"": 4}",{},74,"Nautilus H&M Landing San Diego, CA | 5 Anglers 2.5 Day | 7 Bullet Tuna, 4 Yellowtail, 4 Dorado, 15 Bonito, 20 Rockfish, 1 White Seabass, 30 Yellowfin Tuna",San Diego Fish Reports dock totals,https://www.sandiegofishreports.com/dock_totals/boats.php?date=2026-09-02,2026-10-04T06:18:03Z,backfill,dock-trips-1
80f031b1e120bf24,2026-09-02,H&M,Old Glory,overnight,Overnight,1.0,12,"{""dorado"": 2, ""yellowfin_tuna"": 60}",{},62,"Old Glory H&M Landing San Diego, CA | 12 Anglers Overnight | 2 Dorado, 14 Skipjack Tuna, 60 Yellowfin Tuna",San Diego Fish Reports dock totals,https://www.sandiegofishreports.com/dock_totals/boats.php?date=2026-09-02,2026-10-04T06:18:03Z,backfill,dock-trips-1
f30fa76b63c9a982,2026-09-02,H&M,Producer,overnight,Overnight,1.0,20,"{""yellowfin_tuna"": 57}",{},57,"Producer H&M Landing San Diego, CA | 20 Anglers Overnight | 2 Skipjack Tuna, 57 Yellowfin Tuna",San Diego Fish Reports dock totals,https://www.sandiegofishreports.com/dock_totals/boats.php?date=2026-09-02,2026-10-04T06:18:03Z,backfill,dock-trips-1
ebc74c953385e154,2026-09-02,H&M,"Southern Cal Oceanside Sea Center Oceanside, CA",half_day,1/2 Day AM,0.5,9,"{""barracuda"": 26, ""bonito"": 45, ""calico_bass"": 12, ""sand_bass"": 6, ""yellowtail"": 3}","{""calico_bass"": 8, ""sand_bass"": 6}",106,"Southern Cal Oceanside Sea Center Oceanside, CA | 9 Anglers 1/2 Day AM | 6 Sand Bass, 26 Barracuda, 3 Yellowtail, 12 Calico Bass, 45 Bonito, 6 Sand Bass Released , 8 Calico Bass Released",San Diego Fish Reports dock totals,https://www.sandiegofishreports.com/dock_totals/boats.php?date=2026-09-02,2026-10-04T06:18:03Z,backfill,dock-trips-1
f4e5b30162d143db,2026-09-02,Point Loma,Mission Belle,full_day,Full Day Coronado Islands,1.0,31,"{""barracuda"": 32, ""bonito"": 36, ""calico_bass"": 19, ""yellowtail"": 29}",{},116,"Mission Belle Point Loma Sportfishing San Diego, CA | 31 Anglers Full Day Coronado Islands | 32 Barracuda, 29 Yellowtail, 19 Calico Bass, 36 Bonito",San Diego Fish Reports dock totals,https://www.sandiegofishreports.com/dock_totals/boats.php?date=2026-09-02,2026-10-04T06:18:03Z,backfill,dock-trips-1
e04684c1114a896d,2026-09-02,Seaforth,Apollo,2_day,2 Day,2.0,19,"{""bluefin_tuna"": 58}",{},58,"Apollo Seaforth Sportfishing San Diego, CA | 19 Anglers 2 Day | 58 Bluefin Tuna",San Diego Fish Reports dock totals,https://www.sandiegofishreports.com/dock_totals/boats.php?date=2026-09-02,2026-10-04T06:18:03Z,backfill,dock-trips-1
6c3572d9c5624732,2026-09-02,Seaforth,El Gato Dos,full_day,Full Day,1.0,4,"{""bonito"": 14, ""sand_bass"": 2, ""yellowtail"": 1}",{},17,"El Gato Dos Seaforth Sportfishing San Diego, CA | 4 Anglers Full Day | 2 Sand Bass, 1 Yellowtail, 14 Bonito",San Diego Fish Reports dock totals,https://www.sandiegofishreports.com/dock_totals/boats.php?date=2026-09-02,2026-10-04T06:18:03Z,backfill,dock-trips-1
9f0d7c221918b52d,2026-09-02,Seaforth,New Seaforth,half_day,1/2 Day AM,0.5,29,"{""barracuda"": 1, ""bonito"": 27, ""calico_bass"": 6, ""rockfish"": 3, ""sand_bass"": 1, ""yellowtail"": 6}",{},44,"New Seaforth Seaforth Sportfishing San Diego, CA | 29 Anglers 1/2 Day AM | 1 Sand Bass, 1 Barracuda, 2 Sculpin, 6 Yellowtail, 6 Calico Bass, 27 Bonito, 3 Rockfish",San Diego Fish Reports dock totals,https://www.sandiegofishreports.com/dock_totals/boats.php?date=2026-09-02,2026-10-04T06:18:03Z,backfill,dock-trips-1
acf95f6026e5d8ca,2026-09-02,Seaforth,New Seaforth,half_day,1/2 Day PM,0.5,35,"{""barracuda"": 20, ""bonito"": 1, ""calico_bass"": 3, ""sand_bass"": 1, ""yellowtail"": 5}",{},30,"New Seaforth Seaforth Sportfishing San Diego, CA | 35 Anglers 1/2 Day PM | 1 Sand Bass, 20 Barracuda, 5 Yellowtail, 3 Calico Bass, 1 Bonito",San Diego Fish Reports dock totals,https://www.sandiegofishreports.com/dock_totals/boats.php?date=2026-09-02,2026-10-04T06:18:03Z,backfill,dock-trips-1
a992204f50b56df1,2026-09-02,Seaforth,New Seaforth,twilight,1/2 Day Twilight,0.4,19,"{""bonito"": 24, ""calico_bass"": 7, ""rockfish"": 4}",{},35,"New Seaforth Seaforth Sportfishing San Diego, CA | 19 Anglers 1/2 Day Twilight | 5 Sculpin, 7 Calico Bass, 24 Bonito, 4 Rockfish",San Diego Fish Reports dock totals,https://www.sandiegofishreports.com/dock_totals/boats.php?date=2026-09-02,2026-10-04T06:18:03Z,backfill,dock-trips-1
58be61a895b02c9d,2026-09-02,Seaforth,Pacific Voyager,3_day,3 Day,3.0,18,"{""bluefin_tuna"": 78, ""dorado"": 2, ""yellowfin_tuna"": 43}",{},123,"Pacific Voyager Seaforth Sportfishing San Diego, CA | 18 Anglers 3 Day | 78 Bluefin Tuna, 2 Dorado, 43 Yellowfin Tuna",San Diego Fish Reports dock totals,https://www.sandiegofishreports.com/dock_totals/boats.php?date=2026-09-02,2026-10-04T06:18:03Z,backfill,dock-trips-1
ad3cdda95572537f,2026-09-02,Seaforth,San Diego,full_day,Full Day Coronado Islands,1.0,35,"{""barracuda"": 65, ""bonito"": 42, ""sand_bass"": 73, ""yellowtail"": 41}",{},221,"San Diego Seaforth Sportfishing San Diego, CA | 35 Anglers Full Day Coronado Islands | 73 Sand Bass, 65 Barracuda, 41 Yellowtail, 42 Bonito",San Diego Fish Reports dock totals,https://www.sandiegofishreports.com/dock_totals/boats.php?date=2026-09-02,2026-10-04T06:18:03Z,backfill,dock-trips-1
d0ff7a367ec70e3a,2026-09-02,Seaforth,Tribute,overnight,Overnight,1.0,10,"{""bonito"": 1, ""dorado"": 1, ""yellowfin_tuna"": 36}",{},38,"Tribute Seaforth Sportfishing San Diego, CA | 10 Anglers Overnight | 1 Dorado, 1 Bonito, 7 Skipjack Tuna, 36 Yellowfin Tuna",San Diego Fish Reports dock totals,https://www.sandiegofishreports.com/dock_totals/boats.php?date=2026-09-02,2026-10-04T06:18:03Z,backfill,dock-trips-1
ed14ed241277bca8,2026-09-03,Fishermans,Dolphin,full_day,Full Day,1.0,20,"{""bonito"": 33, ""calico_bass"": 21, ""rockfish"": 7, ""sheephead"": 1, ""yellowtail"": 18}",{},80,"Dolphin Fisherman's Landing San Diego, CA | 20 Anglers Full Day | 1 Sheephead, 18 Yellowtail, 21 Calico Bass, 33 Bonito, 7 Rockfish",San Diego Fish Reports dock totals,https://www.sandiegofishreports.com/dock_totals/boats.php?date=2026-09-03,2026-10-04T06:18:05Z,backfill,dock-trips-1
bf661b89ce9ad17a,2026-09-03,Fishermans,Islander,3_day,3 Day,3.0,10,"{""bluefin_tuna"": 57, ""dorado"": 3}",{},60,"Islander Fisherman's Landing San Diego, CA | 10 Anglers 3 Day | 57 Bluefin Tuna, 3 Dorado",San Diego Fish Reports dock totals,https://www.sandiegofishreports.com/dock_totals/boats.php?date=2026-09-03,2026-10-04T06:18:05Z,backfill,dock-trips-1
506a9ab5ff94ba8e,2026-09-03,Fishermans,Liberty,half_day,1/2 Day AM,0.5,20,"{""bonito"": 23, ""california_halibut"": 1, ""sand_bass"": 5, ""yellowtail"": 1}",{},30,"Liberty Fisherman's Landing San Diego, CA | 20 Anglers 1/2 Day AM | 5 Sand Bass, 1 Halibut, 1 Yellowtail, 23 Bonito",San Diego Fish Reports dock totals,https://www.sandiegofishreports.com/dock_totals/boats.php?date=2026-09-03,2026-10-04T06:18:05Z,backfill,dock-trips-1
53116801dc5d4d36,2026-09-03,Fishermans,Liberty,half_day,1/2 Day PM,0.5,22,"{""bonito"": 16, ""calico_bass"": 2, ""rockfish"": 14, ""sand_bass"": 5, ""yellowtail"": 4}",{},41,"Liberty Fisherman's Landing San Diego, CA | 22 Anglers 1/2 Day PM | 5 Sand Bass, 2 Sculpin, 4 Yellowtail, 2 Calico Bass, 16 Bonito, 14 Rockfish",San Diego Fish Reports dock totals,https://www.sandiegofishreports.com/dock_totals/boats.php?date=2026-09-03,2026-10-04T06:18:05Z,backfill,dock-trips-1
fbd657d3ce3f5868,2026-09-03,Fishermans,Pegasus,2_day,2 Day,2.0,9,"{""bluefin_tuna"": 32, ""dorado"": 10, ""yellowfin_tuna"": 9, ""yellowtail"": 30}",{},81,"Pegasus Fisherman's Landing San Diego, CA | 9 Anglers 2 Day | 32 Bluefin Tuna, 30 Yellowtail, 10 Dorado, 9 Yellowfin Tuna",San Diego Fish Reports dock totals,https://www.sandiegofishreports.com/dock_totals/boats.php?date=2026-09-03,2026-10-04T06:18:05Z,backfill,dock-trips-1
585484d574503386,2026-09-03,Fishermans,Poseidon,1.5_day,1.5 Day,1.5,20,{},{},0,"Poseidon Fisherman's Landing San Diego, CA | 20 Anglers 1.5 Day | ",San Diego Fish Reports dock totals,https://www.sandiegofishreports.com/dock_totals/boats.php?date=2026-09-03,2026-10-04T06:18:05Z,backfill,dock-trips-1
ca3b2b3aecc9dd59,2026-09-03,H&M,"Chubasco II Oceanside Sea Center Oceanside, CA",half_day,1/2 Day AM,0.5,9,"{""bonito"": 45, ""calico_bass"": 1, ""sand_bass"": 3}","{""calico_bass"": 12}",61,"Chubasco II Oceanside Sea Center Oceanside, CA | 9 Anglers 1/2 Day AM | 3 Sand Bass, 1 Calico Bass, 45 Bonito, 12 Calico Bass Released",San Diego Fish Reports dock totals,https://www.sandiegofishreports.com/dock_totals/boats.php?date=2026-09-03,2026-10-04T06:18:05Z,backfill,dock-trips-1
58633bc0280b16fd,2026-09-03,H&M,Grande,full_day,Full Day Offshore,1.0,41,"{""bonito"": 2, ""yellowfin_tuna"": 24}",{},26,"Grande H&M Landing San Diego, CA | 41 Anglers Full Day Offshore | 2 Bonito, 1 Skipjack Tuna, 24 Yellowfin Tuna",San Diego Fish Reports dock totals,https://www.sandiegofishreports.com/dock_totals/boats.php?date=2026-09-03,2026-10-04T06:18:05Z,backfill,dock-trips-1
e7a9c2b01e334a46,2026-09-03,H&M,Premier,half_day,1/2 Day AM,0.5,22,"{""barracuda"": 5, ""bonito"": 32, ""calico_bass"": 14, ""sand_bass"": 9, ""sheephead"": 2, ""yellowtail"": 10}",{},72,"Premier H&M Landing San Diego, CA | 22 Anglers 1/2 Day AM | 9 Sand Bass, 5 Barracuda, 2 Sheephead, 10 Yellowtail, 14 Calico Bass, 32 Bonito",San Diego Fish Reports dock totals,https://www.sandiegofishreports.com/dock_totals/boats.php?date=2026-09-03,2026-10-04T06:18:05Z,backfill,dock-trips-1
489318d464b1d06c,2026-09-03,H&M,Producer,overnight,Overnight,1.0,29,"{""yellowfin_tuna"": 41}",{},41,"Producer H&M Landing San Diego, CA | 29 Anglers Overnight | 41 Yellowfin Tuna",San Diego Fish Reports dock totals,https://www.sandiegofishreports.com/dock_totals/boats.php?date=2026-09-03,2026-10-04T06:18:05Z,backfill,dock-trips-1
0f050dc4bbc80b5c,2026-09-03,H&M,"Southern Cal Oceanside Sea Center Oceanside, CA",half_day,1/2 Day AM,0.5,29,"{""bonito"": 30, ""calico_bass"": 8, ""sand_bass"": 2, ""sheephead"": 1, ""yellowtail"": 1}","{""calico_bass"": 35, ""sand_bass"": 20}",97,"Southern Cal Oceanside Sea Center Oceanside, CA | 29 Anglers 1/2 Day AM | 2 Sand Bass, 1 Sheephead, 1 Yellowtail, 8 Calico Bass, 30 Bonito, 20 Sand Bass Released , 35 Calico Bass Released",San Diego Fish Reports dock totals,https://www.sandiegofishreports.com/dock_totals/boats.php?date=2026-09-03,2026-10-04T06:18:05Z,backfill,dock-trips-1
33f876e6d977fd8f,2026-09-03,Point Loma,Daily Double,half_day,1/2 Day AM,0.5,21,"{""bonito"": 27, ""calico_bass"": 3, ""rockfish"": 4, ""sand_bass"": 13, ""sheephead"": 2, ""yellowtail"": 16}",{},65,"Daily Double Point Loma Sportfishing San Diego, CA | 21 Anglers 1/2 Day AM | 13 Barred Sand Bass, 1 Sculpin, 2 Sheephead, 16 Yellowtail, 3 Calico Bass, 27 Bonito, 4 Rockfish",San Diego Fish Reports dock totals,https://www.sandiegofishreports.com/dock_totals/boats.php?date=2026-09-03,2026-10-04T06:18:05Z,backfill,dock-trips-1
daef864f0d910594,2026-09-03,Point Loma,Mission Belle,full_day,Full Day Coronado Islands,1.0,29,"{""bonito"": 19, ""calico_bass"": 18, ""sand_bass"": 32, ""yellowtail"": 26}",{},95,"Mission Belle Point Loma Sportfishing San Diego, CA | 29 Anglers Full Day Coronado Islands | 32 Barred Sand Bass, 26 Yellowtail, 18 Calico Bass, 19 Bonito",San Diego Fish Reports dock totals,https://www.sandiegofishreports.com/dock_totals/boats.php?date=2026-09-03,2026-10-04T06:18:05Z,backfill,dock-trips-1
27a386f4e0d58b5c,2026-09-03,Seaforth,New Seaforth,half_day,1/2 Day AM,0.5,31,"{""barracuda"": 6, ""bonito"": 46, ""calico_bass"": 28, ""rockfish"": 1, ""yellowtail"": 5}",{},86,"New Seaforth Seaforth Sportfishing San Diego, CA | 31 Anglers 1/2 Day AM | 6 Barracuda, 5 Yellowtail, 28 Calico Bass, 46 Bonito, 1 Rockfish",San Diego Fish Reports dock totals,https://www.sandiegofishreports.com/dock_totals/boats.php?date=2026-09-03,2026-10-04T06:18:05Z,backfill,dock-trips-1
d904f69f1b326c07,2026-09-03,Seaforth,New Seaforth,half_day,1/2 Day PM,0.5,30,"{""barracuda"": 10, ""bonito"": 65, ""calico_bass"": 49, ""sand_bass"": 1, ""sheephead"": 1, ""yellowtail"": 8}",{},134,"New Seaforth Seaforth Sportfishing San Diego, CA | 30 Anglers 1/2 Day PM | 1 Sand Bass, 10 Barracuda, 1 Sheephead, 8 Yellowtail, 49 Calico Bass, 65 Bonito",San Diego Fish Reports dock totals,https://www.sandiegofishreports.com/dock_totals/boats.php?date=2026-09-03,2026-10-04T06:18:05Z,backfill,dock-trips-1
8a440ece720df3a5,2026-09-03,Seaforth,New Seaforth,twilight,1/2 Day Twilight,0.4,13,"{""barracuda"": 2, ""bonito"": 17, ""calico_bass"": 13, ""rockfish"": 1, ""sand_bass"": 1}",{},34,"New Seaforth Seaforth Sportfishing San Diego, CA | 13 Anglers 1/2 Day Twilight | 1 Sand Bass, 2 Barracuda, 1 Sculpin, 13 Calico Bass, 17 Bonito, 1 Rockfish",San Diego Fish Reports dock totals,https://www.sandiegofishreports.com/dock_totals/boats.php?date=2026-09-03,2026-10-04T06:18:05Z,backfill,dock-trips-1
c421476105acc16b,2026-09-03,Seaforth,Pacifica,3_day,3 Day,3.0,20,"{""bluefin_tuna"": 111, ""yellowtail"": 35}",{},146,"Pacifica Seaforth Sportfishing San Diego, CA | 20 Anglers 3 Day | 111 Bluefin Tuna, 35 Yellowtail",San Diego Fish Reports dock totals,https://www.sandiegofishreports.com/dock_totals/boats.php?date=2026-09-03,2026-10-04T06:18:05Z,backfill,dock-trips-1
d43813e0c49da5d7,2026-09-03,Seaforth,San Diego,full_day,Full Day,1.0,27,"{""barracuda"": 7, ""bonito"": 58, ""sand_bass"": 30, ""yellowtail"": 21}",{},116,"San Diego Seaforth Sportfishing San Diego, CA | 27 Anglers Full Day | 30 Sand Bass, 7 Barracuda, 21 Yellowtail, 58 Bonito",San Diego Fish Reports dock totals,https://www.sandiegofishreports.com/dock_totals/boats.php?date=2026-09-03,2026-10-04T06:18:05Z,backfill,dock-trips-1
727514d3a32f25e2,2026-09-03,Seaforth,Sea Watch,full_day,Full Day,1.0,19,"{""bonito"": 92, ""calico_bass"": 7, ""sand_bass"": 6, ""yellowtail"": 9}",{},114,"Sea Watch Seaforth Sportfishing San Diego, CA | 19 Anglers Full Day | 6 Sand Bass, 9 Yellowtail, 7 Calico Bass, 92 Bonito",San Diego Fish Reports dock totals,https://www.sandiegofishreports.com/dock_totals/boats.php?date=2026-09-03,2026-10-04T06:18:05Z,backfill,dock-trips-1
f9c777b0298f61e5,2026-09-03,Seaforth,Voyager,2_day,2 Day,2.0,12,"{""bonito"": 87, ""california_halibut"": 2, ""yellowtail"": 35}",{},124,"Voyager Seaforth Sportfishing San Diego, CA | 12 Anglers 2 Day | 2 Halibut, 35 Yellowtail, 87 Bonito",San Diego Fish Reports dock totals,https://www.sandiegofishreports.com/dock_totals/boats.php?date=2026-09-03,2026-10-04T06:18:05Z,backfill,dock-trips-1
a5155aa05fdd7e71,2026-09-04,Fishermans,Dolphin,half_day,1/2 Day AM,0.5,33,"{""bonito"": 51, ""rockfish"": 9, ""sand_bass"": 32, ""yellowtail"": 15}",{},107,"Dolphin Fisherman's Landing San Diego, CA | 33 Anglers 1/2 Day AM | 32 Sand Bass, 15 Yellowtail (up to 43 pounds), 51 Bonito, 9 Rockfish",San Diego Fish Reports dock totals,https://www.sandiegofishreports.com/dock_totals/boats.php?date=2026-09-04,2026-10-04T06:18:07Z,backfill,dock-trips-1
ca210c753f4cf090,2026-09-04,Fishermans,Dolphin,half_day,1/2 Day PM,0.5,29,"{""barracuda"": 2, ""bonito"": 11, ""rockfish"": 23, ""sand_bass"": 41, ""sheephead"": 1, ""yellowtail"": 3}",{},81,"Dolphin Fisherman's Landing San Diego, CA | 29 Anglers 1/2 Day PM | 41 Sand Bass, 2 Barracuda, 10 Sculpin, 1 Sheephead, 3 Yellowtail, 11 Bonito, 23 Rockfish",San Diego Fish Reports dock totals,https://www.sandiegofishreports.com/dock_totals/boats.php?date=2026-09-04,2026-10-04T06:18:07Z,backfill,dock-trips-1
496c8928f89eee70,2026-09-04,Fishermans,Pacific Dawn,overnight,Overnight,1.0,16,"{""yellowfin_tuna"": 4}",{},4,"Pacific Dawn Fisherman's Landing San Diego, CA | 16 Anglers Overnight | 4 Yellowfin Tuna",San Diego Fish Reports dock totals,https://www.sandiegofishreports.com/dock_totals/boats.php?date=2026-09-04,2026-10-04T06:18:07Z,backfill,dock-trips-1
7b7469c3ae5191e9,2026-09-04,Fishermans,Pacific Queen,3.5_day,3.5 Day,3.5,22,"{""bluefin_tuna"": 107, ""dorado"": 44, ""yellowfin_tuna"": 28}",{},179,"Pacific Queen Fisherman's Landing San Diego, CA | 22 Anglers 3.5 Day | 107 Bluefin Tuna, 44 Dorado, 28 Yellowfin Tuna",San Diego Fish Reports dock totals,https://www.sandiegofishreports.com/dock_totals/boats.php?date=2026-09-04,2026-10-04T06:18:07Z,backfill,dock-trips-1
dda1515d1d280cb0,2026-09-04,Fishermans,Tomahawk,2_day,2 Day,2.0,28,"{""bluefin_tuna"": 23}",{},23,"Tomahawk Fisherman's Landing San Diego, CA | 28 Anglers 2 Day | 23 Bluefin Tuna (up to 160 pounds)",San Diego Fish Reports dock totals,https://www.sandiegofishreports.com/dock_totals/boats.php?date=2026-09-04,2026-10-04T06:18:07Z,backfill,dock-trips-1
304e9721f58bdff0,2026-09-04,H&M,"Blue Horizon Oceanside Sea Center Oceanside, CA",full_day,Full Day,1.0,14,"{""bonito"": 70, ""calico_bass"": 23, ""sand_bass"": 29, ""yellowtail"": 3}",{},125,"Blue Horizon Oceanside Sea Center Oceanside, CA | 14 Anglers Full Day | 29 Sand Bass, 3 Yellowtail, 23 Calico Bass, 70 Bonito",San Diego Fish Reports dock totals,https://www.sandiegofishreports.com/dock_totals/boats.php?date=2026-09-04,2026-10-04T06:18:07Z,backfill,dock-trips-1
b9b85164d24c3264,2026-09-04,H&M,"Chubasco II Oceanside Sea Center Oceanside, CA",three_quarter_day,3/4 Day,0.75,31,"{""bonito"": 150, ""calico_bass"": 10, ""california_halibut"": 1, ""sand_bass"": 4, ""yellowtail"": 1}","{""calico_bass"": 30, ""sand_bass"": 20}",216,"Chubasco II Oceanside Sea Center Oceanside, CA | 31 Anglers 3/4 Day | 4 Sand Bass, 1 Halibut, 1 Yellowtail, 10 Calico Bass, 5 Whitefish, 150 Bonito, 20 Sand Bass Released , 30 Calico Bass Released",San Diego Fish Reports dock totals,https://www.sandiegofishreports.com/dock_totals/boats.php?date=2026-09-04,2026-10-04T06:18:07Z,backfill,dock-trips-1
671776b448a8e9a4,2026-09-04,H&M,Grande,full_day,Full Day,1.0,41,"{""yellowfin_tuna"": 29}",{},29,"Grande H&M Landing San Diego, CA | 41 Anglers Full Day | 29 Yellowfin Tuna",San Diego Fish Reports dock totals,https://www.sandiegofishreports.com/dock_totals/boats.php?date=2026-09-04,2026-10-04T06:18:07Z,backfill,dock-trips-1
d65d37b3187017cc,2026-09-04,H&M,Horizon,2.5_day,2.5 Day,2.5,23,"{""bluefin_tuna"": 37, ""dorado"": 3}",{},40,"Horizon H&M Landing San Diego, CA | 23 Anglers 2.5 Day | 37 Bluefin Tuna (up to 150 pounds), 3 Dorado",San Diego Fish Reports dock totals,https://www.sandiegofishreports.com/dock_totals/boats.php?date=2026-09-04,2026-10-04T06:18:07Z,backfill,dock-trips-1
ca8c4b147ab90d57,2026-09-04,H&M,Little G,2.5_day,2.5 Day,2.5,6,"{""bluefin_tuna"": 18, ""calico_bass"": 2, ""dorado"": 1, ""yellowtail"": 1}",{},22,"Little G H&M Landing San Diego, CA | 6 Anglers 2.5 Day | 18 Bluefin Tuna, 1 Yellowtail, 1 Dorado, 2 Calico Bass, 1 Whitefish",San Diego Fish Reports dock totals,https://www.sandiegofishreports.com/dock_totals/boats.php?date=2026-09-04,2026-10-04T06:18:07Z,backfill,dock-trips-1
3d861763a59dedfc,2026-09-04,H&M,Malihini,three_quarter_day,3/4 Day,0.75,16,"{""barracuda"": 1, ""bonito"": 74, ""sand_bass"": 25, ""yellowtail"": 7}",{},107,"Malihini H&M Landing San Diego, CA | 16 Anglers 3/4 Day | 25 Sand Bass, 1 Barracuda, 4 Sculpin, 7 Yellowtail, 74 Bonito",San Diego Fish Reports dock totals,https://www.sandiegofishreports.com/dock_totals/boats.php?date=2026-09-04,2026-10-04T06:18:07Z,backfill,dock-trips-1
bef9652adf089837,2026-09-04,H&M,Old Glory,overnight,Overnight,1.0,31,"{""dorado"": 1, ""yellowfin_tuna"": 138, ""yellowtail"": 4}",{},143,"Old Glory H&M Landing San Diego, CA | 31 Anglers Overnight | 4 Yellowtail, 1 Dorado, 12 Skipjack Tuna, 138 Yellowfin Tuna",San Diego Fish Reports dock totals,https://www.sandiegofishreports.com/dock_totals/boats.php?date=2026-09-04,2026-10-04T06:18:07Z,backfill,dock-trips-1
98e0e1ab8a991047,2026-09-04,H&M,Patriot (SD),full_day,Full Day,1.0,10,"{""bonito"": 40, ""california_halibut"": 1, ""yellowtail"": 2}",{},43,"Patriot (SD) H&M Landing San Diego, CA | 10 Anglers Full Day | 1 Halibut, 2 Yellowtail, 40 Bonito",San Diego Fish Reports dock totals,https://www.sandiegofishreports.com/dock_totals/boats.php?date=2026-09-04,2026-10-04T06:18:07Z,backfill,dock-trips-1
da0aee5d0fea6871,2026-09-04,H&M,Premier,half_day,1/2 Day AM,0.5,39,"{""bonito"": 133, ""calico_bass"": 16, ""rockfish"": 11, ""sand_bass"": 3, ""sheephead"": 1, ""yellowtail"": 1}",{},165,"Premier H&M Landing San Diego, CA | 39 Anglers 1/2 Day AM | 3 Sand Bass, 63 Bullet Tuna, 1 Sheephead, 1 Yellowtail, 16 Calico Bass, 133 Bonito, 11 Rockfish",San Diego Fish Reports dock totals,https://www.sandiegofishreports.com/dock_totals/boats.php?date=2026-09-04,2026-10-04T06:18:07Z,backfill,dock-trips-1
65b1d6e1d62fba95,2026-09-04,H&M,Premier,half_day,1/2 Day PM,0.5,14,"{""bonito"": 5, ""calico_bass"": 1, ""rockfish"": 3, ""sand_bass"": 2, ""yellowtail"": 3}",{},14,"Premier H&M Landing San Diego, CA | 14 Anglers 1/2 Day PM | 2 Sand Bass, 3 Yellowtail, 1 Calico Bass, 5 Bonito, 3 Rockfish",San Diego Fish Reports dock totals,https://www.sandiegofishreports.com/dock_totals/boats.php?date=2026-09-04,2026-10-04T06:18:07Z,backfill,dock-trips-1
f53a22694bace902,2026-09-04,H&M,Producer,overnight,Overnight,1.0,27,"{""dorado"": 1, ""yellowfin_tuna"": 14}",{},15,"Producer H&M Landing San Diego, CA | 27 Anglers Overnight | 1 Dorado, 14 Yellowfin Tuna",San Diego Fish Reports dock totals,https://www.sandiegofishreports.com/dock_totals/boats.php?date=2026-09-04,2026-10-04T06:18:07Z,backfill,dock-trips-1
c486a71da267f34a,2026-09-04,H&M,"Pronto Oceanside Sea Center Oceanside, CA",three_quarter_day,3/4 Day,0.75,6,"{""bonito"": 30, ""calico_bass"": 6, ""sand_bass"": 24, ""white_seabass"": 2, ""yellowtail"": 2}","{""calico_bass"": 12, ""sand_bass"": 40}",116,"Pronto Oceanside Sea Center Oceanside, CA | 6 Anglers 3/4 Day | 24 Sand Bass, 2 Yellowtail, 6 Calico Bass, 30 Bonito, 2 White Seabass, 40 Sand Bass Released , 12 Calico Bass Released",San Diego Fish Reports dock totals,https://www.sandiegofishreports.com/dock_totals/boats.php?date=2026-09-04,2026-10-04T06:18:07Z,backfill,dock-trips-1
60572931bade70cb,2026-09-04,H&M,Ranger 85,3.5_day,3.5 Day,3.5,25,"{""bluefin_tuna"": 110, ""calico_bass"": 18, ""dorado"": 5, ""yellowtail"": 5}",{},138,"Ranger 85 H&M Landing San Diego, CA | 25 Anglers 3.5 Day | 110 Bluefin Tuna, 5 Yellowtail, 5 Dorado, 18 Calico Bass",San Diego Fish Reports dock totals,https://www.sandiegofishreports.com/dock_totals/boats.php?date=2026-09-04,2026-10-04T06:18:07Z,backfill,dock-trips-1
5b49dd8a4bd5b7c5,2026-09-04,H&M,"Southern Cal Oceanside Sea Center Oceanside, CA",half_day,1/2 Day AM,0.5,34,"{""bonito"": 40, ""calico_bass"": 14, ""sand_bass"": 14, ""yellowtail"": 1}","{""calico_bass"": 36, ""sand_bass"": 12}",117,"Southern Cal Oceanside Sea Center Oceanside, CA | 34 Anglers 1/2 Day AM | 14 Sand Bass, 1 Yellowtail, 14 Calico Bass, 5 Whitefish, 40 Bonito, 12 Sand Bass Released , 36 Calico Bass Released",San Diego Fish Reports dock totals,https://www.sandiegofishreports.com/dock_totals/boats.php?date=2026-09-04,2026-10-04T06:18:07Z,backfill,dock-trips-1
65d85a48266e4d3d,2026-09-04,H&M,Top Gun 80,5_day,5 Day,5.0,18,{},{},0,"Top Gun 80 H&M Landing San Diego, CA | 18 Anglers 5 Day | ",San Diego Fish Reports dock totals,https://www.sandiegofishreports.com/dock_totals/boats.php?date=2026-09-04,2026-10-04T06:18:07Z,backfill,dock-trips-1
33bd848907e64d1f,2026-09-04,Point Loma,Daily Double,half_day,1/2 Day AM,0.5,16,"{""bonito"": 80, ""calico_bass"": 4, ""rockfish"": 3, ""sand_bass"": 4}",{},91,"Daily Double Point Loma Sportfishing San Diego, CA | 16 Anglers 1/2 Day AM | 4 Barred Sand Bass, 4 Calico Bass, 80 Bonito, 3 Rockfish",San Diego Fish Reports dock totals,https://www.sandiegofishreports.com/dock_totals/boats.php?date=2026-09-04,2026-10-04T06:18:07Z,backfill,dock-trips-1
cba196e8c07f88f1,2026-09-04,Point Loma,Daily Double,half_day,1/2 Day PM,0.5,27,"{""bonito"": 12, ""california_halibut"": 1, ""sand_bass"": 23, ""white_seabass"": 1, ""yellowtail"": 1}",{},38,"Daily Double Point Loma Sportfishing San Diego, CA | 27 Anglers 1/2 Day PM | 23 Barred Sand Bass, 1 Halibut, 7 Sculpin, 1 Yellowtail, 12 Bonito, 1 White Seabass",San Diego Fish Reports dock totals,https://www.sandiegofishreports.com/dock_totals/boats.php?date=2026-09-04,2026-10-04T06:18:07Z,backfill,dock-trips-1
ef94a8b951a65acd,2026-09-04,Point Loma,Mission Belle,full_day,Full Day Coronado Islands,1.0,30,"{""barracuda"": 13, ""bonito"": 19, ""sand_bass"": 35, ""yellowtail"": 34}",{},101,"Mission Belle Point Loma Sportfishing San Diego, CA | 30 Anglers Full Day Coronado Islands | 35 Barred Sand Bass, 13 Barracuda, 34 Yellowtail, 19 Bonito",San Diego Fish Reports dock totals,https://www.sandiegofishreports.com/dock_totals/boats.php?date=2026-09-04,2026-10-04T06:18:07Z,backfill,dock-trips-1
8c2d39b496dba409,2026-09-04,Seaforth,Aztec,3_day,3 Day,3.0,24,"{""bluefin_tuna"": 51, ""dorado"": 1, ""yellowtail"": 6}",{},58,"Aztec Seaforth Sportfishing San Diego, CA | 24 Anglers 3 Day | 51 Bluefin Tuna, 6 Yellowtail, 1 Dorado",San Diego Fish Reports dock totals,https://www.sandiegofishreports.com/dock_totals/boats.php?date=2026-09-04,2026-10-04T06:18:07Z,backfill,dock-trips-1
8542656a886f2f51,2026-09-04,Seaforth,El Gato Dos,full_day,Full Day Offshore,1.0,4,"{""dorado"": 2, ""yellowfin_tuna"": 6, ""yellowtail"": 8}",{},16,"El Gato Dos Seaforth Sportfishing San Diego, CA | 4 Anglers Full Day Offshore | 8 Yellowtail, 2 Dorado, 1 Skipjack Tuna, 6 Yellowfin Tuna",San Diego Fish Reports dock totals,https://www.sandiegofishreports.com/dock_totals/boats.php?date=2026-09-04,2026-10-04T06:18:07Z,backfill,dock-trips-1
800b98ef594781a1,2026-09-04,Seaforth,Highliner,1.5_day,1.5 Day,1.5,18,"{""yellowfin_tuna"": 15, ""yellowtail"": 11}",{},26,"Highliner Seaforth Sportfishing San Diego, CA | 18 Anglers 1.5 Day | 11 Yellowtail, 15 Yellowfin Tuna",San Diego Fish Reports dock totals,https://www.sandiegofishreports.com/dock_totals/boats.php?date=2026-09-04,2026-10-04T06:18:07Z,backfill,dock-trips-1
612724f659ee631f,2026-09-04,Seaforth,New Seaforth,half_day,1/2 Day AM,0.5,56,"{""barracuda"": 10, ""bonito"": 150, ""calico_bass"": 8, ""rockfish"": 2, ""yellowtail"": 4}",{},174,"New Seaforth Seaforth Sportfishing San Diego, CA | 56 Anglers 1/2 Day AM | 10 Barracuda, 4 Yellowtail, 8 Calico Bass, 150 Bonito, 2 Rockfish",San Diego Fish Reports dock totals,https://www.sandiegofishreports.com/dock_totals/boats.php?date=2026-09-04,2026-10-04T06:18:07Z,backfill,dock-trips-1
77afa9ae549bd7c3,2026-09-04,Seaforth,New Seaforth,half_day,1/2 Day PM,0.5,51,"{""barracuda"": 26, ""bonito"": 140, ""calico_bass"": 30, ""sand_bass"": 5, ""sheephead"": 3, ""yellowtail"": 3}",{},207,"New Seaforth Seaforth Sportfishing San Diego, CA | 51 Anglers 1/2 Day PM | 5 Sand Bass, 26 Barracuda, 3 Sheephead, 3 Yellowtail, 30 Calico Bass, 140 Bonito",San Diego Fish Reports dock totals,https://www.sandiegofishreports.com/dock_totals/boats.php?date=2026-09-04,2026-10-04T06:18:07Z,backfill,dock-trips-1
da346a4e2123f0b3,2026-09-04,Seaforth,New Seaforth,twilight,1/2 Day Twilight,0.4,17,"{""barracuda"": 1, ""bonito"": 170, ""calico_bass"": 14, ""rockfish"": 1, ""sand_bass"": 8}",{},194,"New Seaforth Seaforth Sportfishing San Diego, CA | 17 Anglers 1/2 Day Twilight | 8 Sand Bass, 1 Barracuda, 14 Calico Bass, 170 Bonito, 1 Rockfish",San Diego Fish Reports dock totals,https://www.sandiegofishreports.com/dock_totals/boats.php?date=2026-09-04,2026-10-04T06:18:07Z,backfill,dock-trips-1
361bdfcf7cf1bc16,2026-09-04,Seaforth,San Diego,full_day,Full Day Coronado Islands,1.0,31,"{""barracuda"": 3, ""bonito"": 77, ""sand_bass"": 28, ""yellowtail"": 51}",{},159,"San Diego Seaforth Sportfishing San Diego, CA | 31 Anglers Full Day Coronado Islands | 28 Sand Bass, 3 Barracuda, 51 Yellowtail, 77 Bonito",San Diego Fish Reports dock totals,https://www.sandiegofishreports.com/dock_totals/boats.php?date=2026-09-04,2026-10-04T06:18:07Z,backfill,dock-trips-1
4c1923b01fcaa7cf,2026-09-04,Seaforth,Sea Watch,full_day,Full Day,1.0,29,"{""barracuda"": 9, ""bonito"": 50, ""california_halibut"": 1, ""sand_bass"": 15, ""sheephead"": 2, ""yellowtail"": 18}",{},95,"Sea Watch Seaforth Sportfishing San Diego, CA | 29 Anglers Full Day | 15 Sand Bass, 9 Barracuda, 1 Halibut, 2 Sheephead, 18 Yellowtail, 50 Bonito",San Diego Fish Reports dock totals,https://www.sandiegofishreports.com/dock_totals/boats.php?date=2026-09-04,2026-10-04T06:18:07Z,backfill,dock-trips-1
ee5be254abf874a6,2026-09-04,Seaforth,Tribute,1.5_day,1.5 Day,1.5,30,"{""bonito"": 52, ""dorado"": 2, ""yellowfin_tuna"": 31}",{},85,"Tribute Seaforth Sportfishing San Diego, CA | 30 Anglers 1.5 Day | 2 Dorado, 52 Bonito, 2 Skipjack Tuna, 31 Yellowfin Tuna",San Diego Fish Reports dock totals,https://www.sandiegofishreports.com/dock_totals/boats.php?date=2026-09-04,2026-10-04T06:18:07Z,backfill,dock-trips-1
884bd39019aa6da2,2026-09-05,Fishermans,Dolphin,twilight,1/2 Day Twilight,0.4,34,"{""barracuda"": 2, ""bonito"": 62, ""calico_bass"": 29, ""rockfish"": 20, ""sand_bass"": 1}","{""calico_bass"": 57}",171,"Dolphin Fisherman's Landing San Diego, CA | 34 Anglers 1/2 Day Twilight | 1 Sand Bass, 2 Barracuda, 29 Calico Bass, 2 Whitefish, 62 Bonito, 20 Rockfish, 57 Calico Bass Released",San Diego Fish Reports dock totals,https://www.sandiegofishreports.com/dock_totals/boats.php?date=2026-09-05,2026-10-04T06:18:09Z,backfill,dock-trips-1
5e885a4afa2e8559,2026-09-05,Fishermans,Dolphin,full_day,Full Day,1.0,35,"{""barracuda"": 11, ""bonito"": 153, ""calico_bass"": 14, ""rockfish"": 9, ""yellowtail"": 4}",{},191,"Dolphin Fisherman's Landing San Diego, CA | 35 Anglers Full Day | 11 Barracuda, 4 Yellowtail (up to 25 pounds), 14 Calico Bass, 153 Bonito, 9 Rockfish",San Diego Fish Reports dock totals,https://www.sandiegofishreports.com/dock_totals/boats.php?date=2026-09-05,2026-10-04T06:18:09Z,backfill,dock-trips-1
4336724e7e245a18,2026-09-05,H&M,"Blue Horizon Oceanside Sea Center Oceanside, CA",half_day,1/2 Day AM,0.5,12,"{""bonito"": 60}",{},60,"Blue Horizon Oceanside Sea Center Oceanside, CA | 12 Anglers 1/2 Day AM | 60 Bonito",San Diego Fish Reports dock totals,https://www.sandiegofishreports.com/dock_totals/boats.php?date=2026-09-05,2026-10-04T06:18:09Z,backfill,dock-trips-1
be4bba9a9eeb9a0e,2026-09-05,H&M,"Chubasco II Oceanside Sea Center Oceanside, CA",three_quarter_day,3/4 Day,0.75,32,"{""barracuda"": 2, ""bonito"": 95, ""calico_bass"": 15, ""california_halibut"": 1, ""sand_bass"": 42, ""white_seabass"": 2, ""yellowtail"": 36}","{""calico_bass"": 30}",223,"Chubasco II Oceanside Sea Center Oceanside, CA | 32 Anglers 3/4 Day | 42 Sand Bass, 2 Barracuda, 1 Halibut, 36 Yellowtail, 15 Calico Bass, 2 Whitefish, 95 Bonito, 2 White Seabass, 30 Calico Bass Released",San Diego Fish Reports dock totals,https://www.sandiegofishreports.com/dock_totals/boats.php?date=2026-09-05,2026-10-04T06:18:09Z,backfill,dock-trips-1
3ce8c8974fe6d879,2026-09-05,H&M,Grande,full_day,Full Day Offshore,1.0,23,"{""dorado"": 2, ""yellowfin_tuna"": 41}",{},43,"Grande H&M Landing San Diego, CA | 23 Anglers Full Day Offshore | 2 Dorado, 1 Skipjack Tuna, 41 Yellowfin Tuna",San Diego Fish Reports dock totals,https://www.sandiegofishreports.com/dock_totals/boats.php?date=2026-09-05,2026-10-04T06:18:09Z,backfill,dock-trips-1
349a428d43a98028,2026-09-05,H&M,Premier,half_day,1/2 Day AM,0.5,55,"{""bonito"": 191, ""sand_bass"": 1}",{},192,"Premier H&M Landing San Diego, CA | 55 Anglers 1/2 Day AM | 1 Sand Bass, 86 Bullet Tuna, 5 Sculpin, 191 Bonito",San Diego Fish Reports dock totals,https://www.sandiegofishreports.com/dock_totals/boats.php?date=2026-09-05,2026-10-04T06:18:09Z,backfill,dock-trips-1
9664c13abc047d11,2026-09-05,H&M,Premier,half_day,1/2 Day PM,0.5,57,"{""barracuda"": 62, ""bonito"": 148}",{},210,"Premier H&M Landing San Diego, CA | 57 Anglers 1/2 Day PM | 7 Bullet Tuna, 62 Barracuda, 148 Bonito",San Diego Fish Reports dock totals,https://www.sandiegofishreports.com/dock_totals/boats.php?date=2026-09-05,2026-10-04T06:18:09Z,backfill,dock-trips-1
ebd6e390f7f34365,2026-09-05,H&M,Producer,overnight,Overnight,1.0,29,"{""dorado"": 5, ""yellowfin_tuna"": 97}",{},102,"Producer H&M Landing San Diego, CA | 29 Anglers Overnight | 5 Dorado, 97 Yellowfin Tuna",San Diego Fish Reports dock totals,https://www.sandiegofishreports.com/dock_totals/boats.php?date=2026-09-05,2026-10-04T06:18:09Z,backfill,dock-trips-1
9c7e09734db7b886,2026-09-05,H&M,"Pronto Oceanside Sea Center Oceanside, CA",three_quarter_day,3/4 Day,0.75,8,"{""bonito"": 45, ""calico_bass"": 5, ""yellowfin_tuna"": 12, ""yellowtail"": 1}",{},63,"Pronto Oceanside Sea Center Oceanside, CA | 8 Anglers 3/4 Day | 1 Yellowtail, 5 Calico Bass, 45 Bonito, 7 Skipjack Tuna, 12 Yellowfin Tuna",San Diego Fish Reports dock totals,https://www.sandiegofishreports.com/dock_totals/boats.php?date=2026-09-05,2026-10-04T06:18:09Z,backfill,dock-trips-1
eec30c7f3c08cce0,2026-09-05,H&M,"Sea Star Oceanside Sea Center Oceanside, CA",three_quarter_day,3/4 Day,0.75,12,"{""bonito"": 96, ""calico_bass"": 28, ""sand_bass"": 2, ""sheephead"": 1}","{""barracuda"": 15, ""calico_bass"": 110}",252,"Sea Star Oceanside Sea Center Oceanside, CA | 12 Anglers 3/4 Day | 2 Sand Bass, 2 Sculpin, 1 Sheephead, 28 Calico Bass, 96 Bonito, 15 Barracuda Released , 110 Calico Bass Released",San Diego Fish Reports dock totals,https://www.sandiegofishreports.com/dock_totals/boats.php?date=2026-09-05,2026-10-04T06:18:09Z,backfill,dock-trips-1
f3095e24d1acc534,2026-09-05,H&M,"Southern Cal Oceanside Sea Center Oceanside, CA",half_day,1/2 Day AM,0.5,41,"{""bonito"": 200, ""calico_bass"": 10, ""yellowtail"": 3}","{""calico_bass"": 20}",233,"Southern Cal Oceanside Sea Center Oceanside, CA | 41 Anglers 1/2 Day AM | 3 Yellowtail, 10 Calico Bass, 200 Bonito, 20 Calico Bass Released",San Diego Fish Reports dock totals,https://www.sandiegofishreports.com/dock_totals/boats.php?date=2026-09-05,2026-10-04T06:18:09Z,backfill,dock-trips-1
0bf79415277f1adf,2026-09-05,Point Loma,Daily Double,half_day,1/2 Day AM,0.5,40,"{""bonito"": 118, ""calico_bass"": 26, ""california_halibut"": 2, ""white_seabass"": 2, ""yellowtail"": 1}",{},149,"Daily Double Point Loma Sportfishing San Diego, CA | 40 Anglers 1/2 Day AM | 2 Halibut, 1 Yellowtail, 26 Calico Bass, 118 Bonito, 2 White Seabass",San Diego Fish Reports dock totals,https://www.sandiegofishreports.com/dock_totals/boats.php?date=2026-09-05,2026-10-04T06:18:09Z,backfill,dock-trips-1
4c12bd9ad389bf63,2026-09-05,Point Loma,Daily Double,half_day,1/2 Day PM,0.5,40,"{""barracuda"": 36, ""bonito"": 86, ""calico_bass"": 12, ""sand_bass"": 31, ""sheephead"": 3, ""yellowtail"": 5}",{},173,"Daily Double Point Loma Sportfishing San Diego, CA | 40 Anglers 1/2 Day PM | 31 Barred Sand Bass, 36 Barracuda, 3 Sheephead, 5 Yellowtail, 12 Calico Bass, 86 Bonito",San Diego Fish Reports dock totals,https://www.sandiegofishreports.com/dock_totals/boats.php?date=2026-09-05,2026-10-04T06:18:09Z,backfill,dock-trips-1
b5f006494d0ffa1e,2026-09-05,Point Loma,Mission Belle,full_day,Full Day Coronado Islands,1.0,30,"{""sand_bass"": 19, ""yellowtail"": 13}",{},32,"Mission Belle Point Loma Sportfishing San Diego, CA | 30 Anglers Full Day Coronado Islands | 19 Barred Sand Bass, 13 Yellowtail",San Diego Fish Reports dock totals,https://www.sandiegofishreports.com/dock_totals/boats.php?date=2026-09-05,2026-10-04T06:18:09Z,backfill,dock-trips-1
35ca6c02e86ea857,2026-09-05,Point Loma,Point Loma,full_day,Full Day Coronado Islands,1.0,20,"{""bonito"": 23, ""calico_bass"": 1, ""yellowtail"": 63}",{},87,"Point Loma Point Loma Sportfishing San Diego, CA | 20 Anglers Full Day Coronado Islands | 63 Yellowtail, 1 Calico Bass, 23 Bonito",San Diego Fish Reports dock totals,https://www.sandiegofishreports.com/dock_totals/boats.php?date=2026-09-05,2026-10-04T06:18:09Z,backfill,dock-trips-1
7501bbd156e5cae2,2026-09-05,Seaforth,Apollo,3_day,3 Day,3.0,22,"{""bluefin_tuna"": 109, ""dorado"": 3, ""yellowfin_tuna"": 4}",{},116,"Apollo Seaforth Sportfishing San Diego, CA | 22 Anglers 3 Day | 109 Bluefin Tuna, 3 Dorado, 4 Yellowfin Tuna",San Diego Fish Reports dock totals,https://www.sandiegofishreports.com/dock_totals/boats.php?date=2026-09-05,2026-10-04T06:18:09Z,backfill,dock-trips-1
191ba9acc2cab677,2026-09-05,Seaforth,El Gato Dos,full_day,Full Day Offshore,1.0,6,"{""yellowfin_tuna"": 12}",{},12,"El Gato Dos Seaforth Sportfishing San Diego, CA | 6 Anglers Full Day Offshore | 12 Yellowfin Tuna",San Diego Fish Reports dock totals,https://www.sandiegofishreports.com/dock_totals/boats.php?date=2026-09-05,2026-10-04T06:18:09Z,backfill,dock-trips-1
4a681645a62c64e0,2026-09-05,Seaforth,New Seaforth,half_day,1/2 Day AM,0.5,45,"{""barracuda"": 44, ""bonito"": 74, ""calico_bass"": 8, ""sand_bass"": 3}",{},129,"New Seaforth Seaforth Sportfishing San Diego, CA | 45 Anglers 1/2 Day AM | 3 Sand Bass, 44 Barracuda, 8 Calico Bass, 74 Bonito",San Diego Fish Reports dock totals,https://www.sandiegofishreports.com/dock_totals/boats.php?date=2026-09-05,2026-10-04T06:18:09Z,backfill,dock-trips-1
3e092cd10c27c808,2026-09-05,Seaforth,New Seaforth,half_day,1/2 Day PM,0.5,26,"{""barracuda"": 19, ""bonito"": 120, ""calico_bass"": 31, ""rockfish"": 3, ""sand_bass"": 2, ""yellowtail"": 1}",{},176,"New Seaforth Seaforth Sportfishing San Diego, CA | 26 Anglers 1/2 Day PM | 2 Sand Bass, 19 Barracuda, 1 Yellowtail, 31 Calico Bass, 2 Whitefish, 120 Bonito, 3 Rockfish",San Diego Fish Reports dock totals,https://www.sandiegofishreports.com/dock_totals/boats.php?date=2026-09-05,2026-10-04T06:18:09Z,backfill,dock-trips-1
a064e7d3a186cb71,2026-09-05,Seaforth,New Seaforth,twilight,1/2 Day Twilight,0.4,53,"{""bonito"": 191, ""calico_bass"": 1, ""rockfish"": 2}",{},194,"New Seaforth Seaforth Sportfishing San Diego, CA | 53 Anglers 1/2 Day Twilight | 1 Calico Bass, 191 Bonito, 2 Rockfish",San Diego Fish Reports dock totals,https://www.sandiegofishreports.com/dock_totals/boats.php?date=2026-09-05,2026-10-04T06:18:09Z,backfill,dock-trips-1
4c376d244a4db12c,2026-09-05,Seaforth,Pacifica,2_day,2 Day,2.0,11,"{""bluefin_tuna"": 44, ""yellowtail"": 1}",{},45,"Pacifica Seaforth Sportfishing San Diego, CA | 11 Anglers 2 Day | 44 Bluefin Tuna, 1 Yellowtail",San Diego Fish Reports dock totals,https://www.sandiegofishreports.com/dock_totals/boats.php?date=2026-09-05,2026-10-04T06:18:09Z,backfill,dock-trips-1
55f87218b944c0d9,2026-09-05,Seaforth,San Diego,full_day,Full Day Coronado Islands,1.0,33,"{""bonito"": 48, ""yellowtail"": 73}",{},121,"San Diego Seaforth Sportfishing San Diego, CA | 33 Anglers Full Day Coronado Islands | 73 Yellowtail, 48 Bonito",San Diego Fish Reports dock totals,https://www.sandiegofishreports.com/dock_totals/boats.php?date=2026-09-05,2026-10-04T06:18:09Z,backfill,dock-trips-1
91cc93a93bd276fa,2026-09-05,Seaforth,Sea Watch,full_day,Full Day,1.0,18,"{""barracuda"": 1, ""bonito"": 31, ""sand_bass"": 8, ""yellowtail"": 29}",{},69,"Sea Watch Seaforth Sportfishing San Diego, CA | 18 Anglers Full Day | 8 Sand Bass, 1 Barracuda, 29 Yellowtail, 31 Bonito",San Diego Fish Reports dock totals,https://www.sandiegofishreports.com/dock_totals/boats.php?date=2026-09-05,2026-10-04T06:18:09Z,backfill,dock-trips-1
f4083e0b6f289b69,2026-09-06,Fishermans,Constitution,2.5_day,2.5 Day,2.5,17,"{""bluefin_tuna"": 47, ""dorado"": 6, ""yellowtail"": 1}",{},54,"Constitution Fisherman's Landing San Diego, CA | 17 Anglers 2.5 Day | 47 Bluefin Tuna, 1 Yellowtail, 6 Dorado",San Diego Fish Reports dock totals,https://www.sandiegofishreports.com/dock_totals/boats.php?date=2026-09-06,2026-10-04T06:18:11Z,backfill,dock-trips-1
078017605c15e4a0,2026-09-06,Fishermans,Dolphin,half_day,1/2 Day AM,0.5,55,"{""bonito"": 211, ""calico_bass"": 33, ""rockfish"": 19, ""sand_bass"": 7, ""white_seabass"": 2, ""yellowtail"": 6}","{""calico_bass"": 57}",335,"Dolphin Fisherman's Landing San Diego, CA | 55 Anglers 1/2 Day AM | 7 Sand Bass, 41 Bullet Tuna, 6 Yellowtail, 33 Calico Bass, 211 Bonito, 19 Rockfish, 2 White Seabass, 57 Calico Bass Released",San Diego Fish Reports dock totals,https://www.sandiegofishreports.com/dock_totals/boats.php?date=2026-09-06,2026-10-04T06:18:11Z,backfill,dock-trips-1
f17a1fdf61c5ae72,2026-09-06,Fishermans,Dolphin,half_day,1/2 Day PM,0.5,58,"{""barracuda"": 29, ""bonito"": 358, ""calico_bass"": 20, ""sheephead"": 3, ""yellowtail"": 4}",{},414,"Dolphin Fisherman's Landing San Diego, CA | 58 Anglers 1/2 Day PM | 25 Bullet Tuna, 29 Barracuda, 3 Sheephead, 4 Yellowtail, 20 Calico Bass, 358 Bonito",San Diego Fish Reports dock totals,https://www.sandiegofishreports.com/dock_totals/boats.php?date=2026-09-06,2026-10-04T06:18:11Z,backfill,dock-trips-1
156a8167c06afe2c,2026-09-06,Fishermans,Liberty,2_day,2 Day,2.0,26,"{""bluefin_tuna"": 104, ""yellowtail"": 15}",{},119,"Liberty Fisherman's Landing San Diego, CA | 26 Anglers 2 Day | 104 Bluefin Tuna, 15 Yellowtail",San Diego Fish Reports dock totals,https://www.sandiegofishreports.com/dock_totals/boats.php?date=2026-09-06,2026-10-04T06:18:11Z,backfill,dock-trips-1
dee5678efa627f2a,2026-09-06,Fishermans,Pacific Dawn,1.5_day,1.5 Day,1.5,11,{},{},0,"Pacific Dawn Fisherman's Landing San Diego, CA | 11 Anglers 1.5 Day | ",San Diego Fish Reports dock totals,https://www.sandiegofishreports.com/dock_totals/boats.php?date=2026-09-06,2026-10-04T06:18:11Z,backfill,dock-trips-1
7f81281d61282144,2026-09-06,Fishermans,Pegasus,2.5_day,2.5 Day,2.5,16,"{""bluefin_tuna"": 64, ""dorado"": 32, ""yellowtail"": 11}",{},107,"Pegasus Fisherman's Landing San Diego, CA | 16 Anglers 2.5 Day | 64 Bluefin Tuna, 11 Yellowtail, 32 Dorado",San Diego Fish Reports dock totals,https://www.sandiegofishreports.com/dock_totals/boats.php?date=2026-09-06,2026-10-04T06:18:11Z,backfill,dock-trips-1
c19c557e98677303,2026-09-06,Fishermans,Tomahawk,1.5_day,1.5 Day,1.5,29,"{""bluefin_tuna"": 58}",{},58,"Tomahawk Fisherman's Landing San Diego, CA | 29 Anglers 1.5 Day | 58 Bluefin Tuna",San Diego Fish Reports dock totals,https://www.sandiegofishreports.com/dock_totals/boats.php?date=2026-09-06,2026-10-04T06:18:11Z,backfill,dock-trips-1
369a5e62c8ac22c3,2026-09-06,H&M,"Chubasco II Oceanside Sea Center Oceanside, CA",three_quarter_day,3/4 Day,0.75,32,"{""barracuda"": 2, ""bonito"": 140, ""calico_bass"": 40, ""sand_bass"": 28, ""sheephead"": 2, ""yellowtail"": 3}","{""calico_bass"": 100}",315,"Chubasco II Oceanside Sea Center Oceanside, CA | 32 Anglers 3/4 Day | 28 Sand Bass, 2 Barracuda, 2 Sheephead, 3 Yellowtail, 40 Calico Bass, 140 Bonito, 100 Calico Bass Released",San Diego Fish Reports dock totals,https://www.sandiegofishreports.com/dock_totals/boats.php?date=2026-09-06,2026-10-04T06:18:11Z,backfill,dock-trips-1
b6d0480387b2faa5,2026-09-06,H&M,"Effishency Oceanside Sea Center Oceanside, CA",unknown,6 Hour,1.0,5,"{""bonito"": 15, ""yellowfin_tuna"": 3}",{},18,"Effishency Oceanside Sea Center Oceanside, CA | 5 Anglers 6 Hour | 15 Bonito, 6 Skipjack Tuna, 3 Yellowfin Tuna",San Diego Fish Reports dock totals,https://www.sandiegofishreports.com/dock_totals/boats.php?date=2026-09-06,2026-10-04T06:18:11Z,backfill,dock-trips-1
14a3f4799b60de74,2026-09-06,H&M,Excalibur,3_day,3 Day,3.0,27,"{""bluefin_tuna"": 93, ""dorado"": 2}",{},95,"Excalibur H&M Landing San Diego, CA | 27 Anglers 3 Day | 93 Bluefin Tuna, 2 Dorado",San Diego Fish Reports dock totals,https://www.sandiegofishreports.com/dock_totals/boats.php?date=2026-09-06,2026-10-04T06:18:11Z,backfill,dock-trips-1
6c84dbc3b6c82df3,2026-09-06,H&M,Grande,full_day,Full Day Offshore,1.0,41,"{""yellowfin_tuna"": 50}",{},50,"Grande H&M Landing San Diego, CA | 41 Anglers Full Day Offshore | 9 Skipjack Tuna, 50 Yellowfin Tuna",San Diego Fish Reports dock totals,https://www.sandiegofishreports.com/dock_totals/boats.php?date=2026-09-06,2026-10-04T06:18:11Z,backfill,dock-trips-1
46e1ba35d4d639ac,2026-09-06,H&M,Malihini,full_day,Full Day,1.0,22,"{""bonito"": 110, ""calico_bass"": 1, ""rockfish"": 3, ""sand_bass"": 4, ""sheephead"": 1}",{},119,"Malihini H&M Landing San Diego, CA | 22 Anglers Full Day | 4 Sand Bass, 67 Bullet Tuna, 4 Sculpin, 1 Sheephead, 1 Calico Bass, 110 Bonito, 3 Red Rockfish",San Diego Fish Reports dock totals,https://www.sandiegofishreports.com/dock_totals/boats.php?date=2026-09-06,2026-10-04T06:18:11Z,backfill,dock-trips-1
a380415d4a2afe90,2026-09-06,H&M,Nautilus,1.5_day,1.5 Day,1.5,6,"{""dorado"": 1, ""yellowfin_tuna"": 30}",{},31,"Nautilus H&M Landing San Diego, CA | 6 Anglers 1.5 Day | 5 Bullet Tuna, 1 Dorado, 30 Yellowfin Tuna",San Diego Fish Reports dock totals,https://www.sandiegofishreports.com/dock_totals/boats.php?date=2026-09-06,2026-10-04T06:18:11Z,backfill,dock-trips-1
6f397adff6a82ee6,2026-09-06,H&M,Ocean Odyssey,1.5_day,1.5 Day,1.5,21,"{""dorado"": 3, ""yellowfin_tuna"": 74}",{},77,"Ocean Odyssey H&M Landing San Diego, CA | 21 Anglers 1.5 Day | 3 Dorado, 74 Yellowfin Tuna",San Diego Fish Reports dock totals,https://www.sandiegofishreports.com/dock_totals/boats.php?date=2026-09-06,2026-10-04T06:18:11Z,backfill,dock-trips-1
392fdc3cf40ec811,2026-09-06,H&M,Old Glory,2_day,2 Day,2.0,24,"{""bluefin_tuna"": 11, ""bonito"": 8, ""rockfish"": 150, ""yellowfin_tuna"": 42, ""yellowtail"": 10}",{},221,"Old Glory H&M Landing San Diego, CA | 24 Anglers 2 Day | 11 Bluefin Tuna, 10 Yellowtail, 33 Giant Squid, 8 Bonito, 2 Pilot Fish, 150 Rockfish, 42 Yellowfin Tuna",San Diego Fish Reports dock totals,https://www.sandiegofishreports.com/dock_totals/boats.php?date=2026-09-06,2026-10-04T06:18:11Z,backfill,dock-trips-1
1cc6d6194c487d00,2026-09-06,H&M,Premier,half_day,1/2 Day AM,0.5,55,"{""barracuda"": 17, ""bonito"": 178}",{},195,"Premier H&M Landing San Diego, CA | 55 Anglers 1/2 Day AM | 21 Bullet Tuna, 17 Barracuda, 178 Bonito",San Diego Fish Reports dock totals,https://www.sandiegofishreports.com/dock_totals/boats.php?date=2026-09-06,2026-10-04T06:18:11Z,backfill,dock-trips-1
05d32ecc1601b72e,2026-09-06,H&M,Premier,half_day,1/2 Day PM,0.5,47,"{""bonito"": 235, ""yellowtail"": 1}",{},236,"Premier H&M Landing San Diego, CA | 47 Anglers 1/2 Day PM | 1 Yellowtail, 235 Bonito",San Diego Fish Reports dock totals,https://www.sandiegofishreports.com/dock_totals/boats.php?date=2026-09-06,2026-10-04T06:18:11Z,backfill,dock-trips-1
dda1770b58625d06,2026-09-06,H&M,Producer,overnight,Overnight,1.0,28,"{""dorado"": 1, ""yellowfin_tuna"": 127}",{},128,"Producer H&M Landing San Diego, CA | 28 Anglers Overnight | 1 Dorado, 2 Skipjack Tuna, 127 Yellowfin Tuna",San Diego Fish Reports dock totals,https://www.sandiegofishreports.com/dock_totals/boats.php?date=2026-09-06,2026-10-04T06:18:11Z,backfill,dock-trips-1
feb86e9005f51c08,2026-09-06,H&M,"Pronto Oceanside Sea Center Oceanside, CA",full_day,Full Day,1.0,12,"{""barracuda"": 8, ""bonito"": 60, ""calico_bass"": 5, ""sand_bass"": 10, ""yellowfin_tuna"": 56, ""yellowtail"": 7}","{""calico_bass"": 15}",161,"Pronto Oceanside Sea Center Oceanside, CA | 12 Anglers Full Day | 10 Sand Bass, 8 Barracuda, 7 Yellowtail, 5 Calico Bass, 60 Bonito, 12 Skipjack Tuna, 56 Yellowfin Tuna, 15 Calico Bass Released",San Diego Fish Reports dock totals,https://www.sandiegofishreports.com/dock_totals/boats.php?date=2026-09-06,2026-10-04T06:18:11Z,backfill,dock-trips-1
376901d7e0bcfdb3,2026-09-06,H&M,Sea Adventure 80,3.5_day,3.5 Day,3.5,22,"{""dorado"": 35, ""yellowfin_tuna"": 44, ""yellowtail"": 17}",{},96,"Sea Adventure 80 H&M Landing San Diego, CA | 22 Anglers 3.5 Day | 17 Yellowtail, 35 Dorado, 1 Striped Marlin, 44 Yellowfin Tuna",San Diego Fish Reports dock totals,https://www.sandiegofishreports.com/dock_totals/boats.php?date=2026-09-06,2026-10-04T06:18:11Z,backfill,dock-trips-1
69e617faca743a50,2026-09-06,H&M,"Southern Cal Oceanside Sea Center Oceanside, CA",half_day,1/2 Day AM,0.5,40,"{""bonito"": 200, ""yellowtail"": 4}",{},204,"Southern Cal Oceanside Sea Center Oceanside, CA | 40 Anglers 1/2 Day AM | 4 Yellowtail, 200 Bonito",San Diego Fish Reports dock totals,https://www.sandiegofishreports.com/dock_totals/boats.php?date=2026-09-06,2026-10-04T06:18:11Z,backfill,dock-trips-1
4273d47eba42d8d3,2026-09-06,H&M,Tradition,2_day,2 Day,2.0,17,"{""bluefin_tuna"": 15, ""bonito"": 21}",{},36,"Tradition H&M Landing San Diego, CA | 17 Anglers 2 Day | 15 Bluefin Tuna, 21 Bonito",San Diego Fish Reports dock totals,https://www.sandiegofishreports.com/dock_totals/boats.php?date=2026-09-06,2026-10-04T06:18:11Z,backfill,dock-trips-1
e07db170fc59ffd5,2026-09-06,Point Loma,Daily Double,half_day,1/2 Day AM,0.5,28,"{""barracuda"": 27, ""bonito"": 70, ""calico_bass"": 24, ""white_seabass"": 1, ""yellowtail"": 5}",{},127,"Daily Double Point Loma Sportfishing San Diego, CA | 28 Anglers 1/2 Day AM | 27 Barracuda, 5 Yellowtail, 24 Calico Bass, 14 Whitefish, 70 Bonito, 1 White Seabass",San Diego Fish Reports dock totals,https://www.sandiegofishreports.com/dock_totals/boats.php?date=2026-09-06,2026-10-04T06:18:11Z,backfill,dock-trips-1
e6923c7db8e3eba6,2026-09-06,Point Loma,Daily Double,half_day,1/2 Day PM,0.5,13,"{""barracuda"": 1, ""bonito"": 116, ""calico_bass"": 6, ""sand_bass"": 2, ""yellowtail"": 8}",{},133,"Daily Double Point Loma Sportfishing San Diego, CA | 13 Anglers 1/2 Day PM | 2 Barred Sand Bass, 1 Barracuda, 8 Yellowtail, 6 Calico Bass, 7 Whitefish, 116 Bonito",San Diego Fish Reports dock totals,https://www.sandiegofishreports.com/dock_totals/boats.php?date=2026-09-06,2026-10-04T06:18:11Z,backfill,dock-trips-1
0581913a091fce9d,2026-09-06,Point Loma,Mission Belle,full_day,Full Day Coronado Islands,1.0,30,"{""bonito"": 26, ""rockfish"": 4, ""yellowtail"": 69}",{},99,"Mission Belle Point Loma Sportfishing San Diego, CA | 30 Anglers Full Day Coronado Islands | 4 Sculpin, 69 Yellowtail, 2 Lingcod, 26 Bonito, 4 Rockfish",San Diego Fish Reports dock totals,https://www.sandiegofishreports.com/dock_totals/boats.php?date=2026-09-06,2026-10-04T06:18:11Z,backfill,dock-trips-1
0d4f70b5919628f6,2026-09-06,Point Loma,Point Loma,full_day,Full Day,1.0,7,"{""barracuda"": 1, ""bonito"": 16, ""calico_bass"": 1, ""yellowtail"": 28}",{},46,"Point Loma Point Loma Sportfishing San Diego, CA | 7 Anglers Full Day | 1 Cabezon, 1 Barracuda, 28 Yellowtail, 1 Calico Bass, 16 Bonito",San Diego Fish Reports dock totals,https://www.sandiegofishreports.com/dock_totals/boats.php?date=2026-09-06,2026-10-04T06:18:11Z,backfill,dock-trips-1
890a44f9e53e37ef,2026-09-06,Seaforth,Cortez,2_day,2 Day,2.0,14,"{""bluefin_tuna"": 56, ""yellowfin_tuna"": 1}",{},57,"Cortez Seaforth Sportfishing San Diego, CA | 14 Anglers 2 Day | 56 Bluefin Tuna, 1 Yellowfin Tuna",San Diego Fish Reports dock totals,https://www.sandiegofishreports.com/dock_totals/boats.php?date=2026-09-06,2026-10-04T06:18:11Z,backfill,dock-trips-1
d1a4744a9f38b724,2026-09-06,Seaforth,El Gato Dos,half_day,1/2 Day AM,0.5,5,"{""barracuda"": 1, ""bonito"": 25, ""calico_bass"": 3}","{""calico_bass"": 11}",40,"El Gato Dos Seaforth Sportfishing San Diego, CA | 5 Anglers 1/2 Day AM | 1 Barracuda, 3 Calico Bass, 25 Bonito, 11 Calico Bass Released",San Diego Fish Reports dock totals,https://www.sandiegofishreports.com/dock_totals/boats.php?date=2026-09-06,2026-10-04T06:18:11Z,backfill,dock-trips-1
37330a95ebbb8bf0,2026-09-06,Seaforth,Highliner,2_day,2 Day,2.0,20,"{""bluefin_tuna"": 80}",{},80,"Highliner Seaforth Sportfishing San Diego, CA | 20 Anglers 2 Day | 80 Bluefin Tuna",San Diego Fish Reports dock totals,https://www.sandiegofishreports.com/dock_totals/boats.php?date=2026-09-06,2026-10-04T06:18:11Z,backfill,dock-trips-1
f1800362106ec635,2026-09-06,Seaforth,New Seaforth,half_day,1/2 Day AM,0.5,49,"{""barracuda"": 13, ""bonito"": 245, ""calico_bass"": 13, ""rockfish"": 1, ""sheephead"": 3}",{},275,"New Seaforth Seaforth Sportfishing San Diego, CA | 49 Anglers 1/2 Day AM | 13 Barracuda, 3 Sheephead, 13 Calico Bass, 245 Bonito, 1 Rockfish",San Diego Fish Reports dock totals,https://www.sandiegofishreports.com/dock_totals/boats.php?date=2026-09-06,2026-10-04T06:18:11Z,backfill,dock-trips-1
8abfaef3b15cf73f,2026-09-06,Seaforth,New Seaforth,half_day,1/2 Day PM,0.5,55,"{""bonito"": 160, ""calico_bass"": 1, ""rockfish"": 1, ""yellowtail"": 1}",{},163,"New Seaforth Seaforth Sportfishing San Diego, CA | 55 Anglers 1/2 Day PM | 1 Yellowtail, 1 Calico Bass, 160 Bonito, 1 Rockfish",San Diego Fish Reports dock totals,https://www.sandiegofishreports.com/dock_totals/boats.php?date=2026-09-06,2026-10-04T06:18:11Z,backfill,dock-trips-1
efa04c13449abdb5,2026-09-06,Seaforth,New Seaforth,twilight,1/2 Day Twilight,0.4,57,"{""bonito"": 260, ""calico_bass"": 10, ""rockfish"": 4, ""sand_bass"": 5}",{},279,"New Seaforth Seaforth Sportfishing San Diego, CA | 57 Anglers 1/2 Day Twilight | 5 Sand Bass, 10 Calico Bass, 260 Bonito, 4 Rockfish",San Diego Fish Reports dock totals,https://www.sandiegofishreports.com/dock_totals/boats.php?date=2026-09-06,2026-10-04T06:18:11Z,backfill,dock-trips-1
7cfe705540a93f30,2026-09-06,Seaforth,Pacific Voyager,2_day,2 Day,2.0,20,"{""bluefin_tuna"": 80, ""bonito"": 74}",{},154,"Pacific Voyager Seaforth Sportfishing San Diego, CA | 20 Anglers 2 Day | 80 Bluefin Tuna, 74 Bonito, 1 Striped Marlin Released",San Diego Fish Reports dock totals,https://www.sandiegofishreports.com/dock_totals/boats.php?date=2026-09-06,2026-10-04T06:18:11Z,backfill,dock-trips-1
b9bf3e19c9561778,2026-09-06,Seaforth,San Diego,full_day,Full Day Coronado Islands,1.0,25,"{""bonito"": 28, ""yellowtail"": 45}",{},73,"San Diego Seaforth Sportfishing San Diego, CA | 25 Anglers Full Day Coronado Islands | 45 Yellowtail, 28 Bonito",San Diego Fish Reports dock totals,https://www.sandiegofishreports.com/dock_totals/boats.php?date=2026-09-06,2026-10-04T06:18:11Z,backfill,dock-trips-1
68b4a222b5777262,2026-09-06,Seaforth,Sea Watch,full_day,Full Day Coronado Islands,1.0,30,"{""bonito"": 51, ""calico_bass"": 5, ""rockfish"": 3, ""yellowtail"": 48}",{},107,"Sea Watch Seaforth Sportfishing San Diego, CA | 30 Anglers Full Day Coronado Islands | 2 Sculpin, 48 Yellowtail, 5 Calico Bass, 1 Lingcod, 51 Bonito, 3 Rockfish",San Diego Fish Reports dock totals,https://www.sandiegofishreports.com/dock_totals/boats.php?date=2026-09-06,2026-10-04T06:18:11Z,backfill,dock-trips-1
f214b49ea140ea73,2026-09-07,Fishermans,Dolphin,half_day,1/2 Day AM,0.5,51,"{""barracuda"": 54, ""bonito"": 92, ""calico_bass"": 39, ""rockfish"": 26, ""sand_bass"": 8, ""sheephead"": 4, ""white_seabass"": 2, ""yellowtail"": 2}",{},227,"Dolphin Fisherman's Landing San Diego, CA | 51 Anglers 1/2 Day AM | 8 Sand Bass, 54 Barracuda, 4 Sheephead, 2 Yellowtail, 39 Calico Bass, 92 Bonito, 26 Rockfish, 2 White Seabass",San Diego Fish Reports dock totals,https://www.sandiegofishreports.com/dock_totals/boats.php?date=2026-09-07,2026-10-04T06:18:13Z,backfill,dock-trips-1
010cab0b60b599f1,2026-09-07,Fishermans,Dolphin,half_day,1/2 Day PM,0.5,42,"{""barracuda"": 27, ""bonito"": 175, ""calico_bass"": 34, ""rockfish"": 14, ""sand_bass"": 5, ""sheephead"": 1, ""yellowtail"": 5}",{},261,"Dolphin Fisherman's Landing San Diego, CA | 42 Anglers 1/2 Day PM | 5 Sand Bass, 27 Barracuda, 2 Sculpin, 1 Sheephead, 5 Yellowtail, 34 Calico Bass, 175 Bonito, 14 Rockfish",San Diego Fish Reports dock totals,https://www.sandiegofishreports.com/dock_totals/boats.php?date=2026-09-07,2026-10-04T06:18:13Z,backfill,dock-trips-1
5103d4e0e167cf1d,2026-09-07,Fishermans,Fortune,2_day,2 Day,2.0,12,"{""bluefin_tuna"": 35}",{},35,"Fortune Fisherman's Landing San Diego, CA | 12 Anglers 2 Day | 35 Bluefin Tuna",San Diego Fish Reports dock totals,https://www.sandiegofishreports.com/dock_totals/boats.php?date=2026-09-07,2026-10-04T06:18:13Z,backfill,dock-trips-1
7c2422ca6223654d,2026-09-07,Fishermans,Islander,3_day,3 Day,3.0,22,"{""bluefin_tuna"": 85}",{},85,"Islander Fisherman's Landing San Diego, CA | 22 Anglers 3 Day | 85 Bluefin Tuna",San Diego Fish Reports dock totals,https://www.sandiegofishreports.com/dock_totals/boats.php?date=2026-09-07,2026-10-04T06:18:13Z,backfill,dock-trips-1
9cb852db39f3cc05,2026-09-07,Fishermans,Liberty,full_day,Full Day,1.0,34,"{""bonito"": 39, ""rockfish"": 15, ""yellowtail"": 5}",{},59,"Liberty Fisherman's Landing San Diego, CA | 34 Anglers Full Day | 14 Sculpin, 5 Yellowtail, 2 Lingcod, 39 Bonito, 15 Rockfish",San Diego Fish Reports dock totals,https://www.sandiegofishreports.com/dock_totals/boats.php?date=2026-09-07,2026-10-04T06:18:13Z,backfill,dock-trips-1
d274538fb38a6cbf,2026-09-07,Fishermans,Pacific Queen,3_day,3 Day,3.0,25,"{""bluefin_tuna"": 150, ""dorado"": 11, ""yellowfin_tuna"": 3, ""yellowtail"": 22}",{},186,"Pacific Queen Fisherman's Landing San Diego, CA | 25 Anglers 3 Day | 150 Bluefin Tuna, 22 Yellowtail, 11 Dorado, 3 Yellowfin Tuna",San Diego Fish Reports dock totals,https://www.sandiegofishreports.com/dock_totals/boats.php?date=2026-09-07,2026-10-04T06:18:13Z,backfill,dock-trips-1
56e2aed03592ea83,2026-09-07,H&M,"Blue Horizon Oceanside Sea Center Oceanside, CA",full_day,Full Day,1.0,22,"{""bonito"": 64, ""yellowfin_tuna"": 2, ""yellowtail"": 1}",{},67,"Blue Horizon Oceanside Sea Center Oceanside, CA | 22 Anglers Full Day | 1 Yellowtail, 64 Bonito, 1 Skipjack Tuna, 2 Yellowfin Tuna",San Diego Fish Reports dock totals,https://www.sandiegofishreports.com/dock_totals/boats.php?date=2026-09-07,2026-10-04T06:18:13Z,backfill,dock-trips-1
bae5d562c72ddb5f,2026-09-07,H&M,"Chubasco II Oceanside Sea Center Oceanside, CA",three_quarter_day,3/4 Day,0.75,34,"{""barracuda"": 8, ""bonito"": 110, ""calico_bass"": 38, ""sand_bass"": 24, ""sheephead"": 4, ""yellowtail"": 1}","{""calico_bass"": 150}",335,"Chubasco II Oceanside Sea Center Oceanside, CA | 34 Anglers 3/4 Day | 24 Sand Bass, 8 Barracuda, 4 Sheephead, 1 Yellowtail, 38 Calico Bass, 110 Bonito, 150 Calico Bass Released",San Diego Fish Reports dock totals,https://www.sandiegofishreports.com/dock_totals/boats.php?date=2026-09-07,2026-10-04T06:18:13Z,backfill,dock-trips-1
c91cd5ac6e6163a0,2026-09-07,H&M,Grande,full_day,Full Day Offshore,1.0,41,"{""yellowfin_tuna"": 90}",{},90,"Grande H&M Landing San Diego, CA | 41 Anglers Full Day Offshore | 1 Skipjack Tuna, 90 Yellowfin Tuna",San Diego Fish Reports dock totals,https://www.sandiegofishreports.com/dock_totals/boats.php?date=2026-09-07,2026-10-04T06:18:13Z,backfill,dock-trips-1
d598d1e8c5463e55,2026-09-07,H&M,Horizon,2.5_day,2.5 Day,2.5,24,"{""bluefin_tuna"": 96, ""dorado"": 3}",{},99,"Horizon H&M Landing San Diego, CA | 24 Anglers 2.5 Day | 96 Bluefin Tuna, 3 Dorado",San Diego Fish Reports dock totals,https://www.sandiegofishreports.com/dock_totals/boats.php?date=2026-09-07,2026-10-04T06:18:13Z,backfill,dock-trips-1
5c434a38689b5af2,2026-09-07,H&M,Legend,3_day,3 Day,3.0,27,"{""bluefin_tuna"": 162, ""dorado"": 7, ""yellowfin_tuna"": 4, ""yellowtail"": 47}",{},220,"Legend H&M Landing San Diego, CA | 27 Anglers 3 Day | 162 Bluefin Tuna, 47 Yellowtail, 7 Dorado, 4 Yellowfin Tuna",San Diego Fish Reports dock totals,https://www.sandiegofishreports.com/dock_totals/boats.php?date=2026-09-07,2026-10-04T06:18:13Z,backfill,dock-trips-1
3c4987db10d3a462,2026-09-07,H&M,Little G,2_day,2 Day,2.0,6,"{""bluefin_tuna"": 24}",{},24,"Little G H&M Landing San Diego, CA | 6 Anglers 2 Day | 24 Bluefin Tuna, 5 Whitefish, 1 Striped Marlin Released",San Diego Fish Reports dock totals,https://www.sandiegofishreports.com/dock_totals/boats.php?date=2026-09-07,2026-10-04T06:18:13Z,backfill,dock-trips-1
7aa2ea591a9453fa,2026-09-07,H&M,Malihini,three_quarter_day,3/4 Day,0.75,33,"{""bonito"": 160, ""sand_bass"": 1}",{},161,"Malihini H&M Landing San Diego, CA | 33 Anglers 3/4 Day | 1 Sand Bass, 15 Bullet Tuna, 160 Bonito",San Diego Fish Reports dock totals,https://www.sandiegofishreports.com/dock_totals/boats.php?date=2026-09-07,2026-10-04T06:18:13Z,backfill,dock-trips-1
a651497c3f0f788b,2026-09-07,H&M,Old Glory,overnight,Overnight,1.0,35,"{""yellowfin_tuna"": 60}",{},60,"Old Glory H&M Landing San Diego, CA | 35 Anglers Overnight | 3 Skipjack Tuna, 60 Yellowfin Tuna",San Diego Fish Reports dock totals,https://www.sandiegofishreports.com/dock_totals/boats.php?date=2026-09-07,2026-10-04T06:18:13Z,backfill,dock-trips-1
fb06ed57a4fce528,2026-09-07,H&M,Premier,half_day,1/2 Day AM,0.5,53,"{""barracuda"": 1, ""bonito"": 260, ""sand_bass"": 1}",{},262,"Premier H&M Landing San Diego, CA | 53 Anglers 1/2 Day AM | 1 Sand Bass, 5 Bullet Tuna, 1 Barracuda, 260 Bonito",San Diego Fish Reports dock totals,https://www.sandiegofishreports.com/dock_totals/boats.php?date=2026-09-07,2026-10-04T06:18:13Z,backfill,dock-trips-1
41e195b4e78dc9a4,2026-09-07,H&M,Premier,half_day,1/2 Day PM,0.5,31,"{""bonito"": 155}",{},155,"Premier H&M Landing San Diego, CA | 31 Anglers 1/2 Day PM | 155 Bonito",San Diego Fish Reports dock totals,https://www.sandiegofishreports.com/dock_totals/boats.php?date=2026-09-07,2026-10-04T06:18:13Z,backfill,dock-trips-1
801f1ec16a4c6979,2026-09-07,H&M,Producer,overnight,Overnight,1.0,29,"{""yellowfin_tuna"": 126, ""yellowtail"": 1}",{},127,"Producer H&M Landing San Diego, CA | 29 Anglers Overnight | 1 Yellowtail, 23 Skipjack Tuna, 126 Yellowfin Tuna",San Diego Fish Reports dock totals,https://www.sandiegofishreports.com/dock_totals/boats.php?date=2026-09-07,2026-10-04T06:18:13Z,backfill,dock-trips-1
e24ffba3af725038,2026-09-07,H&M,Ranger 85,3_day,3 Day,3.0,17,"{""bluefin_tuna"": 102, ""yellowfin_tuna"": 3}",{},105,"Ranger 85 H&M Landing San Diego, CA | 17 Anglers 3 Day | 102 Bluefin Tuna, 3 Yellowfin Tuna",San Diego Fish Reports dock totals,https://www.sandiegofishreports.com/dock_totals/boats.php?date=2026-09-07,2026-10-04T06:18:13Z,backfill,dock-trips-1
e87ab3a2bbb6e364,2026-09-07,H&M,"Southern Cal Oceanside Sea Center Oceanside, CA",half_day,1/2 Day AM,0.5,43,"{""bonito"": 100, ""calico_bass"": 12, ""rockfish"": 5, ""sand_bass"": 10, ""sheephead"": 2}","{""calico_bass"": 30, ""sand_bass"": 20}",179,"Southern Cal Oceanside Sea Center Oceanside, CA | 43 Anglers 1/2 Day AM | 10 Sand Bass, 3 Sculpin, 2 Sheephead, 12 Calico Bass, 100 Bonito, 5 Rockfish, 20 Sand Bass Released , 30 Calico Bass Released",San Diego Fish Reports dock totals,https://www.sandiegofishreports.com/dock_totals/boats.php?date=2026-09-07,2026-10-04T06:18:13Z,backfill,dock-trips-1
253adc083c925ea0,2026-09-07,H&M,Tradition,overnight,Overnight,1.0,26,"{""dorado"": 1, ""yellowfin_tuna"": 59}",{},60,"Tradition H&M Landing San Diego, CA | 26 Anglers Overnight | 1 Dorado, 1 Skipjack Tuna, 59 Yellowfin Tuna",San Diego Fish Reports dock totals,https://www.sandiegofishreports.com/dock_totals/boats.php?date=2026-09-07,2026-10-04T06:18:13Z,backfill,dock-trips-1
e72644c5873c25ee,2026-09-07,Point Loma,Daily Double,half_day,1/2 Day AM,0.5,40,"{""barracuda"": 13, ""bonito"": 89, ""calico_bass"": 22, ""rockfish"": 31, ""sheephead"": 6}",{},161,"Daily Double Point Loma Sportfishing San Diego, CA | 40 Anglers 1/2 Day AM | 13 Barracuda, 6 Sheephead, 22 Calico Bass, 5 Whitefish, 89 Bonito, 31 Rockfish",San Diego Fish Reports dock totals,https://www.sandiegofishreports.com/dock_totals/boats.php?date=2026-09-07,2026-10-04T06:18:13Z,backfill,dock-trips-1
749f7e081d55e45d,2026-09-07,Point Loma,Point Loma,full_day,Full Day,1.0,19,"{""barracuda"": 1, ""bonito"": 18, ""calico_bass"": 2, ""rockfish"": 1, ""yellowtail"": 62}",{},84,"Point Loma Point Loma Sportfishing San Diego, CA | 19 Anglers Full Day | 1 Barracuda, 62 Yellowtail, 2 Calico Bass, 2 Lingcod, 18 Bonito, 1 Rockfish",San Diego Fish Reports dock totals,https://www.sandiegofishreports.com/dock_totals/boats.php?date=2026-09-07,2026-10-04T06:18:13Z,backfill,dock-trips-1
be947280491d006b,2026-09-07,Seaforth,New Seaforth,half_day,1/2 Day AM,0.5,52,"{""barracuda"": 50, ""bonito"": 75, ""calico_bass"": 22, ""yellowtail"": 2}",{},149,"New Seaforth Seaforth Sportfishing San Diego, CA | 52 Anglers 1/2 Day AM | 50 Barracuda, 2 Yellowtail, 22 Calico Bass, 75 Bonito",San Diego Fish Reports dock totals,https://www.sandiegofishreports.com/dock_totals/boats.php?date=2026-09-07,2026-10-04T06:18:13Z,backfill,dock-trips-1
1b63df898f8cbd09,2026-09-07,Seaforth,New Seaforth,half_day,1/2 Day PM,0.5,55,"{""barracuda"": 17, ""bonito"": 155, ""calico_bass"": 41, ""rockfish"": 3, ""sand_bass"": 3, ""yellowtail"": 1}",{},220,"New Seaforth Seaforth Sportfishing San Diego, CA | 55 Anglers 1/2 Day PM | 3 Sand Bass, 17 Barracuda, 1 Yellowtail, 41 Calico Bass, 155 Bonito, 3 Rockfish",San Diego Fish Reports dock totals,https://www.sandiegofishreports.com/dock_totals/boats.php?date=2026-09-07,2026-10-04T06:18:13Z,backfill,dock-trips-1
bfdc7ec109db45e1,2026-09-07,Seaforth,New Seaforth,twilight,1/2 Day Twilight,0.4,54,"{""bonito"": 160, ""calico_bass"": 20, ""rockfish"": 3, ""sand_bass"": 1}",{},184,"New Seaforth Seaforth Sportfishing San Diego, CA | 54 Anglers 1/2 Day Twilight | 1 Sand Bass, 20 Calico Bass, 1 Whitefish, 160 Bonito, 3 Rockfish",San Diego Fish Reports dock totals,https://www.sandiegofishreports.com/dock_totals/boats.php?date=2026-09-07,2026-10-04T06:18:13Z,backfill,dock-trips-1
49eb8f08a184ab42,2026-09-07,Seaforth,Pacifica,1.5_day,1.5 Day,1.5,28,"{""bluefin_tuna"": 25, ""yellowtail"": 1}",{},26,"Pacifica Seaforth Sportfishing San Diego, CA | 28 Anglers 1.5 Day | 25 Bluefin Tuna (up to 160 pounds), 1 Yellowtail",San Diego Fish Reports dock totals,https://www.sandiegofishreports.com/dock_totals/boats.php?date=2026-09-07,2026-10-04T06:18:13Z,backfill,dock-trips-1
ba09b5767ff28c39,2026-09-07,Seaforth,San Diego,full_day,Full Day Coronado Islands,1.0,34,"{""bonito"": 89, ""yellowtail"": 31}",{},120,"San Diego Seaforth Sportfishing San Diego, CA | 34 Anglers Full Day Coronado Islands | 31 Yellowtail, 3 Lingcod, 89 Bonito",San Diego Fish Reports dock totals,https://www.sandiegofishreports.com/dock_totals/boats.php?date=2026-09-07,2026-10-04T06:18:13Z,backfill,dock-trips-1
8d183f3b43dafdc4,2026-09-07,Seaforth,Sea Watch,full_day,Full Day Coronado Islands,1.0,29,"{""bonito"": 30, ""yellowtail"": 27}",{},57,"Sea Watch Seaforth Sportfishing San Diego, CA | 29 Anglers Full Day Coronado Islands | 27 Yellowtail, 30 Bonito",San Diego Fish Reports dock totals,https://www.sandiegofishreports.com/dock_totals/boats.php?date=2026-09-07,2026-10-04T06:18:13Z,backfill,dock-trips-1
ee1f34ad6f0e3310,2026-09-07,Seaforth,Tribute,2.5_day,2.5 Day,2.5,28,"{""bluefin_tuna"": 71}",{},71,"Tribute Seaforth Sportfishing San Diego, CA | 28 Anglers 2.5 Day | 71 Bluefin Tuna",San Diego Fish Reports dock totals,https://www.sandiegofishreports.com/dock_totals/boats.php?date=2026-09-07,2026-10-04T06:18:13Z,backfill,dock-trips-1
4cf628248c44907c,2026-09-07,Seaforth,Voyager,2.5_day,2.5 Day,2.5,9,"{""bluefin_tuna"": 36}",{},36,"Voyager Seaforth Sportfishing San Diego, CA | 9 Anglers 2.5 Day | 36 Bluefin Tuna",San Diego Fish Reports dock totals,https://www.sandiegofishreports.com/dock_totals/boats.php?date=2026-09-07,2026-10-04T06:18:13Z,backfill,dock-trips-1
14a45e241c8f9678,2026-09-08,Fishermans,Dolphin,three_quarter_day,3/4 Day,0.75,17,"{""barracuda"": 30, ""bonito"": 85, ""calico_bass"": 46, ""rockfish"": 18, ""sand_bass"": 3, ""sheephead"": 6, ""yellowtail"": 3}",{},191,"Dolphin Fisherman's Landing San Diego, CA | 17 Anglers 3/4 Day | 3 Sand Bass, 30 Barracuda, 6 Sheephead, 3 Yellowtail, 46 Calico Bass, 85 Bonito, 18 Rockfish",San Diego Fish Reports dock totals,https://www.sandiegofishreports.com/dock_totals/boats.php?date=2026-09-08,2026-10-04T06:18:15Z,backfill,dock-trips-1
4922835806c096ad,2026-09-08,Fishermans,Liberty,full_day,Full Day,1.0,41,"{""barracuda"": 4, ""bonito"": 127, ""calico_bass"": 3, ""rockfish"": 38, ""sheephead"": 5, ""yellowtail"": 1}",{},178,"Liberty Fisherman's Landing San Diego, CA | 41 Anglers Full Day | 4 Barracuda, 10 Sculpin, 5 Sheephead, 1 Yellowtail, 3 Calico Bass, 127 Bonito, 38 Rockfish",San Diego Fish Reports dock totals,https://www.sandiegofishreports.com/dock_totals/boats.php?date=2026-09-08,2026-10-04T06:18:15Z,backfill,dock-trips-1
3cc1f750805efa9f,2026-09-08,Fishermans,Pacific Dawn,2_day,2 Day,2.0,14,"{""bluefin_tuna"": 34}",{},34,"Pacific Dawn Fisherman's Landing San Diego, CA | 14 Anglers 2 Day | 34 Bluefin Tuna",San Diego Fish Reports dock totals,https://www.sandiegofishreports.com/dock_totals/boats.php?date=2026-09-08,2026-10-04T06:18:15Z,backfill,dock-trips-1
bd2a7f1f013a9d28,2026-09-08,Fishermans,Pegasus,1.5_day,1.5 Day,1.5,13,"{""bluefin_tuna"": 7, ""dorado"": 1}",{},8,"Pegasus Fisherman's Landing San Diego, CA | 13 Anglers 1.5 Day | 7 Bluefin Tuna, 1 Dorado",San Diego Fish Reports dock totals,https://www.sandiegofishreports.com/dock_totals/boats.php?date=2026-09-08,2026-10-04T06:18:15Z,backfill,dock-trips-1
86adf75821a5318b,2026-09-08,Fishermans,Tomahawk,2_day,2 Day,2.0,28,"{""bluefin_tuna"": 44}",{},44,"Tomahawk Fisherman's Landing San Diego, CA | 28 Anglers 2 Day | 44 Bluefin Tuna",San Diego Fish Reports dock totals,https://www.sandiegofishreports.com/dock_totals/boats.php?date=2026-09-08,2026-10-04T06:18:15Z,backfill,dock-trips-1
0190b5b9bc3e4822,2026-09-08,H&M,Excalibur,2_day,2 Day,2.0,24,{},{},0,"Excalibur H&M Landing San Diego, CA | 24 Anglers 2 Day | ",San Diego Fish Reports dock totals,https://www.sandiegofishreports.com/dock_totals/boats.php?date=2026-09-08,2026-10-04T06:18:15Z,backfill,dock-trips-1
67c66bbf15baea1b,2026-09-08,H&M,Grande,full_day,Full Day Offshore,1.0,23,"{""yellowfin_tuna"": 55}",{},55,"Grande H&M Landing San Diego, CA | 23 Anglers Full Day Offshore | 55 Yellowfin Tuna",San Diego Fish Reports dock totals,https://www.sandiegofishreports.com/dock_totals/boats.php?date=2026-09-08,2026-10-04T06:18:15Z,backfill,dock-trips-1
cb8bd73b617c2e5b,2026-09-08,H&M,Old Glory,overnight,Overnight,1.0,13,"{""yellowfin_tuna"": 65}",{},65,"Old Glory H&M Landing San Diego, CA | 13 Anglers Overnight | 65 Yellowfin Tuna",San Diego Fish Reports dock totals,https://www.sandiegofishreports.com/dock_totals/boats.php?date=2026-09-08,2026-10-04T06:18:15Z,backfill,dock-trips-1
7d465ac9127c59f6,2026-09-08,H&M,Premier,half_day,1/2 Day AM,0.5,15,"{""barracuda"": 1, ""bonito"": 75, ""yellowtail"": 1}",{},77,"Premier H&M Landing San Diego, CA | 15 Anglers 1/2 Day AM | 1 Barracuda, 1 Yellowtail, 75 Bonito",San Diego Fish Reports dock totals,https://www.sandiegofishreports.com/dock_totals/boats.php?date=2026-09-08,2026-10-04T06:18:15Z,backfill,dock-trips-1
0de4378448927ed1,2026-09-08,H&M,Producer,overnight,Overnight,1.0,19,"{""yellowfin_tuna"": 95}",{},95,"Producer H&M Landing San Diego, CA | 19 Anglers Overnight | 25 Skipjack Tuna, 95 Yellowfin Tuna",San Diego Fish Reports dock totals,https://www.sandiegofishreports.com/dock_totals/boats.php?date=2026-09-08,2026-10-04T06:18:15Z,backfill,dock-trips-1
f3c4fb9196f2b228,2026-09-08,H&M,Sea Adventure 80,2_day,2 Day,2.0,22,"{""bluefin_tuna"": 6, ""yellowfin_tuna"": 67}",{},73,"Sea Adventure 80 H&M Landing San Diego, CA | 22 Anglers 2 Day | 6 Bluefin Tuna, 67 Yellowfin Tuna",San Diego Fish Reports dock totals,https://www.sandiegofishreports.com/dock_totals/boats.php?date=2026-09-08,2026-10-04T06:18:15Z,backfill,dock-trips-1
5be2c7bc4c276444,2026-09-08,H&M,Spirit of Adventure,8_day,8 Day,1.0,20,{},{},0,"Spirit of Adventure H&M Landing San Diego, CA | 20 Anglers 8 Day | ",San Diego Fish Reports dock totals,https://www.sandiegofishreports.com/dock_totals/boats.php?date=2026-09-08,2026-10-04T06:18:15Z,backfill,dock-trips-1
1d37e21e9f21667f,2026-09-08,H&M,Top Gun 80,3.5_day,3.5 Day,3.5,17,{},{},0,"Top Gun 80 H&M Landing San Diego, CA | 17 Anglers 3.5 Day | ",San Diego Fish Reports dock totals,https://www.sandiegofishreports.com/dock_totals/boats.php?date=2026-09-08,2026-10-04T06:18:15Z,backfill,dock-trips-1
56bcc9c0865a2583,2026-09-08,Point Loma,Point Loma,full_day,Full Day,1.0,17,"{""barracuda"": 4, ""bonito"": 60, ""calico_bass"": 14, ""rockfish"": 1, ""sand_bass"": 18, ""sheephead"": 4, ""yellowtail"": 5}",{},106,"Point Loma Point Loma Sportfishing San Diego, CA | 17 Anglers Full Day | 18 Barred Sand Bass, 4 Barracuda, 4 Sheephead, 5 Yellowtail, 14 Calico Bass, 1 Lingcod, 60 Bonito, 1 Rockfish",San Diego Fish Reports dock totals,https://www.sandiegofishreports.com/dock_totals/boats.php?date=2026-09-08,2026-10-04T06:18:15Z,backfill,dock-trips-1
5c0844cf8d939274,2026-09-08,Seaforth,Apollo,3_day,3 Day,3.0,14,"{""bluefin_tuna"": 39, ""dorado"": 3, ""yellowfin_tuna"": 7, ""yellowtail"": 8}",{},57,"Apollo Seaforth Sportfishing San Diego, CA | 14 Anglers 3 Day | 39 Bluefin Tuna, 8 Yellowtail, 3 Dorado, 7 Yellowfin Tuna",San Diego Fish Reports dock totals,https://www.sandiegofishreports.com/dock_totals/boats.php?date=2026-09-08,2026-10-04T06:18:15Z,backfill,dock-trips-1
742484973257cf00,2026-09-08,Seaforth,Cortez,1.5_day,1.5 Day,1.5,15,"{""calico_bass"": 75, ""yellowtail"": 15}",{},90,"Cortez Seaforth Sportfishing San Diego, CA | 15 Anglers 1.5 Day | 15 Yellowtail, 75 Calico Bass",San Diego Fish Reports dock totals,https://www.sandiegofishreports.com/dock_totals/boats.php?date=2026-09-08,2026-10-04T06:18:15Z,backfill,dock-trips-1
1b9a62f2926c97ff,2026-09-08,Seaforth,Highliner,2_day,2 Day,2.0,21,"{""bluefin_tuna"": 46, ""dorado"": 2, ""yellowfin_tuna"": 150, ""yellowtail"": 1}",{},199,"Highliner Seaforth Sportfishing San Diego, CA | 21 Anglers 2 Day | 46 Bluefin Tuna, 1 Yellowtail, 2 Dorado, 150 Yellowfin Tuna",San Diego Fish Reports dock totals,https://www.sandiegofishreports.com/dock_totals/boats.php?date=2026-09-08,2026-10-04T06:18:15Z,backfill,dock-trips-1
5562997f94179474,2026-09-08,Seaforth,New Seaforth,half_day,1/2 Day AM,0.5,39,"{""barracuda"": 4, ""bonito"": 195, ""calico_bass"": 16}",{},215,"New Seaforth Seaforth Sportfishing San Diego, CA | 39 Anglers 1/2 Day AM | 4 Barracuda, 16 Calico Bass, 195 Bonito",San Diego Fish Reports dock totals,https://www.sandiegofishreports.com/dock_totals/boats.php?date=2026-09-08,2026-10-04T06:18:15Z,backfill,dock-trips-1
a542102067c72380,2026-09-08,Seaforth,New Seaforth,half_day,1/2 Day PM,0.5,39,"{""bonito"": 57, ""calico_bass"": 10, ""rockfish"": 4, ""yellowtail"": 1}",{},72,"New Seaforth Seaforth Sportfishing San Diego, CA | 39 Anglers 1/2 Day PM | 1 Yellowtail, 10 Calico Bass, 57 Bonito, 4 Rockfish",San Diego Fish Reports dock totals,https://www.sandiegofishreports.com/dock_totals/boats.php?date=2026-09-08,2026-10-04T06:18:15Z,backfill,dock-trips-1
d1f87550f01b6b67,2026-09-08,Seaforth,New Seaforth,twilight,1/2 Day Twilight,0.4,55,"{""bonito"": 190, ""calico_bass"": 3, ""sand_bass"": 4}",{},197,"New Seaforth Seaforth Sportfishing San Diego, CA | 55 Anglers 1/2 Day Twilight | 4 Sand Bass, 3 Calico Bass, 190 Bonito",San Diego Fish Reports dock totals,https://www.sandiegofishreports.com/dock_totals/boats.php?date=2026-09-08,2026-10-04T06:18:15Z,backfill,dock-trips-1
39a0a0dcfd4c13c9,2026-09-08,Seaforth,Pacific Voyager,2_day,2 Day,2.0,13,"{""barracuda"": 42, ""bonito"": 61, ""yellowtail"": 22}",{},125,"Pacific Voyager Seaforth Sportfishing San Diego, CA | 13 Anglers 2 Day | 42 Barracuda, 22 Yellowtail, 61 Bonito",San Diego Fish Reports dock totals,https://www.sandiegofishreports.com/dock_totals/boats.php?date=2026-09-08,2026-10-04T06:18:15Z,backfill,dock-trips-1
361b7b2238983993,2026-09-08,Seaforth,Polaris Supreme,2_day,2 Day,2.0,23,"{""bluefin_tuna"": 46, ""yellowtail"": 20}",{},66,"Polaris Supreme Seaforth Sportfishing San Diego, CA | 23 Anglers 2 Day | 46 Bluefin Tuna, 20 Yellowtail",San Diego Fish Reports dock totals,https://www.sandiegofishreports.com/dock_totals/boats.php?date=2026-09-08,2026-10-04T06:18:15Z,backfill,dock-trips-1
6d25ed88ceae7ebe,2026-09-08,Seaforth,San Diego,full_day,Full Day,1.0,15,"{""bonito"": 26}",{},26,"San Diego Seaforth Sportfishing San Diego, CA | 15 Anglers Full Day | 26 Bonito",San Diego Fish Reports dock totals,https://www.sandiegofishreports.com/dock_totals/boats.php?date=2026-09-08,2026-10-04T06:18:15Z,backfill,dock-trips-1
cbbbc4c1f992a77e,2026-09-09,Fishermans,Constitution,2_day,2 Day,2.0,21,"{""bluefin_tuna"": 14, ""dorado"": 1, ""yellowtail"": 1}",{},16,"Constitution Fisherman's Landing San Diego, CA | 21 Anglers 2 Day | 14 Bluefin Tuna (up to 80 pounds), 1 Yellowtail, 1 Dorado",San Diego Fish Reports dock totals,https://www.sandiegofishreports.com/dock_totals/boats.php?date=2026-09-09,2026-10-04T06:18:17Z,backfill,dock-trips-1
dcecc7753b0051dd,2026-09-09,Fishermans,Dolphin,three_quarter_day,3/4 Day,0.75,11,"{""barracuda"": 24, ""bonito"": 40, ""calico_bass"": 45, ""rockfish"": 65, ""sheephead"": 22, ""white_seabass"": 2, ""yellowtail"": 6}",{},204,"Dolphin Fisherman's Landing San Diego, CA | 11 Anglers 3/4 Day | 24 Barracuda, 22 Sheephead, 6 Yellowtail, 45 Calico Bass, 40 Bonito, 65 Rockfish, 2 White Seabass",San Diego Fish Reports dock totals,https://www.sandiegofishreports.com/dock_totals/boats.php?date=2026-09-09,2026-10-04T06:18:17Z,backfill,dock-trips-1
8ccf6f20db02ac06,2026-09-09,Fishermans,Fortune,1.5_day,1.5 Day,1.5,10,"{""bluefin_tuna"": 2, ""rockfish"": 30}",{},32,"Fortune Fisherman's Landing San Diego, CA | 10 Anglers 1.5 Day | 2 Bluefin Tuna, 30 Vermilion Rockfish",San Diego Fish Reports dock totals,https://www.sandiegofishreports.com/dock_totals/boats.php?date=2026-09-09,2026-10-04T06:18:17Z,backfill,dock-trips-1
fde6c750a0eb65fa,2026-09-09,H&M,Grande,full_day,Full Day Offshore,1.0,33,"{""dorado"": 1, ""yellowfin_tuna"": 50}",{},51,"Grande H&M Landing San Diego, CA | 33 Anglers Full Day Offshore | 1 Dorado, 50 Yellowfin Tuna",San Diego Fish Reports dock totals,https://www.sandiegofishreports.com/dock_totals/boats.php?date=2026-09-09,2026-10-04T06:18:17Z,backfill,dock-trips-1
c2cf84d47de25db0,2026-09-09,H&M,Ocean Odyssey,2.5_day,2.5 Day,2.5,16,"{""bluefin_tuna"": 36, ""yellowtail"": 12}",{},48,"Ocean Odyssey H&M Landing San Diego, CA | 16 Anglers 2.5 Day | 36 Bluefin Tuna, 12 Yellowtail",San Diego Fish Reports dock totals,https://www.sandiegofishreports.com/dock_totals/boats.php?date=2026-09-09,2026-10-04T06:18:17Z,backfill,dock-trips-1
5843eeba0e1c9fad,2026-09-09,H&M,Old Glory,overnight,Overnight,1.0,27,"{""dorado"": 2, ""yellowfin_tuna"": 18}",{},20,"Old Glory H&M Landing San Diego, CA | 27 Anglers Overnight | 2 Dorado, 3 Skipjack Tuna, 18 Yellowfin Tuna",San Diego Fish Reports dock totals,https://www.sandiegofishreports.com/dock_totals/boats.php?date=2026-09-09,2026-10-04T06:18:17Z,backfill,dock-trips-1
a91a71dd818b57b2,2026-09-09,H&M,Patriot (SD),2_day,2 Day,2.0,7,"{""bluefin_tuna"": 28, ""dorado"": 1, ""yellowtail"": 5}",{},34,"Patriot (SD) H&M Landing San Diego, CA | 7 Anglers 2 Day | 28 Bluefin Tuna, 5 Yellowtail, 1 Dorado",San Diego Fish Reports dock totals,https://www.sandiegofishreports.com/dock_totals/boats.php?date=2026-09-09,2026-10-04T06:18:17Z,backfill,dock-trips-1
e0377d5849dfde00,2026-09-09,H&M,Premier,half_day,1/2 Day AM,0.5,25,"{""barracuda"": 11, ""bonito"": 51, ""calico_bass"": 16, ""rockfish"": 10, ""sheephead"": 1, ""yellowtail"": 2}",{},91,"Premier H&M Landing San Diego, CA | 25 Anglers 1/2 Day AM | 11 Barracuda, 5 Sculpin, 1 Sheephead, 2 Yellowtail, 16 Calico Bass, 51 Bonito, 10 Rockfish",San Diego Fish Reports dock totals,https://www.sandiegofishreports.com/dock_totals/boats.php?date=2026-09-09,2026-10-04T06:18:17Z,backfill,dock-trips-1
805795107b25c1dd,2026-09-09,H&M,Ranger 85,2_day,2 Day,2.0,17,"{""bluefin_tuna"": 11, ""yellowfin_tuna"": 1}",{},12,"Ranger 85 H&M Landing San Diego, CA | 17 Anglers 2 Day | 11 Bluefin Tuna, 1 Yellowfin Tuna",San Diego Fish Reports dock totals,https://www.sandiegofishreports.com/dock_totals/boats.php?date=2026-09-09,2026-10-04T06:18:17Z,backfill,dock-trips-1
ccf2325665cf3a9d,2026-09-09,H&M,"Southern Cal Oceanside Sea Center Oceanside, CA",half_day,1/2 Day AM,0.5,34,"{""bonito"": 40, ""calico_bass"": 49, ""sand_bass"": 25, ""sheephead"": 2, ""yellowtail"": 1}","{""calico_bass"": 150}",267,"Southern Cal Oceanside Sea Center Oceanside, CA | 34 Anglers 1/2 Day AM | 25 Sand Bass, 1 Sculpin, 2 Sheephead, 1 Yellowtail, 49 Calico Bass, 2 Whitefish, 40 Bonito, 150 Calico Bass Released",San Diego Fish Reports dock totals,https://www.sandiegofishreports.com/dock_totals/boats.php?date=2026-09-09,2026-10-04T06:18:17Z,backfill,dock-trips-1
48f71006c75f1644,2026-09-09,Point Loma,Daily Double,half_day,1/2 Day AM,0.5,22,"{""bonito"": 34, ""calico_bass"": 27, ""rockfish"": 4, ""sand_bass"": 8, ""yellowtail"": 1}",{},74,"Daily Double Point Loma Sportfishing San Diego, CA | 22 Anglers 1/2 Day AM | 8 Barred Sand Bass, 1 Yellowtail, 27 Calico Bass, 34 Bonito, 4 Rockfish",San Diego Fish Reports dock totals,https://www.sandiegofishreports.com/dock_totals/boats.php?date=2026-09-09,2026-10-04T06:18:17Z,backfill,dock-trips-1
9b54b16eb1604f78,2026-09-09,Point Loma,Mission Belle,full_day,Full Day,1.0,26,"{""yellowfin_tuna"": 33}",{},33,"Mission Belle Point Loma Sportfishing San Diego, CA | 26 Anglers Full Day | 33 Yellowfin Tuna (up to 15 pounds)",San Diego Fish Reports dock totals,https://www.sandiegofishreports.com/dock_totals/boats.php?date=2026-09-09,2026-10-04T06:18:17Z,backfill,dock-trips-1
0d90cf24bc52034d,2026-09-09,Seaforth,El Gato Dos,full_day,Full Day,1.0,5,"{""dorado"": 2, ""yellowfin_tuna"": 10}",{},12,"El Gato Dos Seaforth Sportfishing San Diego, CA | 5 Anglers Full Day | 2 Dorado, 1 Skipjack Tuna, 10 Yellowfin Tuna",San Diego Fish Reports dock totals,https://www.sandiegofishreports.com/dock_totals/boats.php?date=2026-09-09,2026-10-04T06:18:17Z,backfill,dock-trips-1
9d5eb19c1ab9cefb,2026-09-09,Seaforth,New Seaforth,half_day,1/2 Day AM,0.5,40,"{""barracuda"": 10, ""bonito"": 60, ""calico_bass"": 15, ""rockfish"": 8, ""sand_bass"": 1, ""white_seabass"": 1, ""yellowtail"": 3}",{},98,"New Seaforth Seaforth Sportfishing San Diego, CA | 40 Anglers 1/2 Day AM | 1 Sand Bass, 10 Barracuda, 3 Yellowtail, 15 Calico Bass, 5 Whitefish, 60 Bonito, 8 Rockfish, 1 White Seabass",San Diego Fish Reports dock totals,https://www.sandiegofishreports.com/dock_totals/boats.php?date=2026-09-09,2026-10-04T06:18:17Z,backfill,dock-trips-1
f59604f55cf44330,2026-09-09,Seaforth,New Seaforth,half_day,1/2 Day PM,0.5,25,"{""bonito"": 18, ""calico_bass"": 15, ""california_halibut"": 1, ""sand_bass"": 13, ""yellowtail"": 14}",{},61,"New Seaforth Seaforth Sportfishing San Diego, CA | 25 Anglers 1/2 Day PM | 13 Sand Bass, 1 Halibut, 14 Yellowtail, 15 Calico Bass, 18 Bonito",San Diego Fish Reports dock totals,https://www.sandiegofishreports.com/dock_totals/boats.php?date=2026-09-09,2026-10-04T06:18:17Z,backfill,dock-trips-1
f1b1fcee7bc801b1,2026-09-09,Seaforth,Pacifica,1.5_day,1.5 Day,1.5,22,"{""bluefin_tuna"": 80, ""yellowtail"": 3}",{},83,"Pacifica Seaforth Sportfishing San Diego, CA | 22 Anglers 1.5 Day | 80 Bluefin Tuna, 3 Yellowtail",San Diego Fish Reports dock totals,https://www.sandiegofishreports.com/dock_totals/boats.php?date=2026-09-09,2026-10-04T06:18:17Z,backfill,dock-trips-1
597300c9932052d8,2026-09-09,Seaforth,San Diego,full_day,Full Day,1.0,25,"{""dorado"": 1, ""yellowfin_tuna"": 42, ""yellowtail"": 1}",{},44,"San Diego Seaforth Sportfishing San Diego, CA | 25 Anglers Full Day | 1 Yellowtail, 1 Dorado, 42 Yellowfin Tuna",San Diego Fish Reports dock totals,https://www.sandiegofishreports.com/dock_totals/boats.php?date=2026-09-09,2026-10-04T06:18:17Z,backfill,dock-trips-1
ee5ce3ac18aefa2d,2026-09-09,Seaforth,Voyager,overnight,Overnight,1.0,12,"{""dorado"": 1, ""yellowfin_tuna"": 36, ""yellowtail"": 2}",{},39,"Voyager Seaforth Sportfishing San Diego, CA | 12 Anglers Overnight | 2 Yellowtail, 1 Dorado, 36 Yellowfin Tuna",San Diego Fish Reports dock totals,https://www.sandiegofishreports.com/dock_totals/boats.php?date=2026-09-09,2026-10-04T06:18:17Z,backfill,dock-trips-1
f6b4f84e8caffb7d,2026-09-10,Fishermans,Dolphin,full_day,Full Day,1.0,10,"{""bonito"": 21, ""calico_bass"": 33, ""rockfish"": 16, ""yellowtail"": 8}",{},78,"Dolphin Fisherman's Landing San Diego, CA | 10 Anglers Full Day | 8 Yellowtail, 33 Calico Bass, 21 Bonito, 16 Rockfish",San Diego Fish Reports dock totals,https://www.sandiegofishreports.com/dock_totals/boats.php?date=2026-09-10,2026-10-04T06:18:19Z,backfill,dock-trips-1
b54f171ce695fb11,2026-09-10,Fishermans,Islander,3_day,3 Day,3.0,26,"{""bluefin_tuna"": 148, ""dorado"": 1, ""yellowfin_tuna"": 2}",{},151,"Islander Fisherman's Landing San Diego, CA | 26 Anglers 3 Day | 148 Bluefin Tuna (up to 80 pounds), 1 Dorado, 2 Yellowfin Tuna",San Diego Fish Reports dock totals,https://www.sandiegofishreports.com/dock_totals/boats.php?date=2026-09-10,2026-10-04T06:18:19Z,backfill,dock-trips-1
d1829fc0db81f6e4,2026-09-10,Fishermans,Pacific Queen,3_day,3 Day,3.0,20,"{""bluefin_tuna"": 120, ""dorado"": 32, ""yellowtail"": 39}",{},191,"Pacific Queen Fisherman's Landing San Diego, CA | 20 Anglers 3 Day | 120 Bluefin Tuna (up to 120 pounds), 39 Yellowtail, 32 Dorado",San Diego Fish Reports dock totals,https://www.sandiegofishreports.com/dock_totals/boats.php?date=2026-09-10,2026-10-04T06:18:19Z,backfill,dock-trips-1
6f4d4b91d7d60763,2026-09-10,Fishermans,Pegasus,2_day,2 Day,2.0,9,"{""bluefin_tuna"": 36, ""dorado"": 12, ""yellowtail"": 17}",{},65,"Pegasus Fisherman's Landing San Diego, CA | 9 Anglers 2 Day | 36 Bluefin Tuna, 17 Yellowtail, 12 Dorado",San Diego Fish Reports dock totals,https://www.sandiegofishreports.com/dock_totals/boats.php?date=2026-09-10,2026-10-04T06:18:19Z,backfill,dock-trips-1
87ee4cdf9e9553d7,2026-09-10,Fishermans,Poseidon,3_day,3 Day,3.0,23,"{""bluefin_tuna"": 124, ""yellowtail"": 4}",{},128,"Poseidon Fisherman's Landing San Diego, CA | 23 Anglers 3 Day | 124 Bluefin Tuna (up to 180 pounds), 4 Yellowtail",San Diego Fish Reports dock totals,https://www.sandiegofishreports.com/dock_totals/boats.php?date=2026-09-10,2026-10-04T06:18:19Z,backfill,dock-trips-1
6067eb25707a7075,2026-09-10,Fishermans,Tomahawk,1.5_day,1.5 Day,1.5,16,"{""dorado"": 6, ""yellowfin_tuna"": 33, ""yellowtail"": 12}",{},51,"Tomahawk Fisherman's Landing San Diego, CA | 16 Anglers 1.5 Day | 12 Yellowtail, 6 Dorado, 33 Yellowfin Tuna",San Diego Fish Reports dock totals,https://www.sandiegofishreports.com/dock_totals/boats.php?date=2026-09-10,2026-10-04T06:18:19Z,backfill,dock-trips-1
2297d3abdf559687,2026-09-10,H&M,"Chubasco II Oceanside Sea Center Oceanside, CA",three_quarter_day,3/4 Day,0.75,25,"{""barracuda"": 7, ""bonito"": 74, ""calico_bass"": 46, ""rockfish"": 12, ""sand_bass"": 38, ""sheephead"": 18, ""yellowtail"": 1}","{""calico_bass"": 120}",316,"Chubasco II Oceanside Sea Center Oceanside, CA | 25 Anglers 3/4 Day | 38 Sand Bass, 7 Barracuda, 1 Sculpin, 18 Sheephead, 1 Yellowtail, 46 Calico Bass, 16 Whitefish, 74 Bonito, 12 Rockfish, 120 Calico Bass Released",San Diego Fish Reports dock totals,https://www.sandiegofishreports.com/dock_totals/boats.php?date=2026-09-10,2026-10-04T06:18:19Z,backfill,dock-trips-1
e9eaaf1873522be9,2026-09-10,H&M,Grande,full_day,Full Day Offshore,1.0,41,"{""dorado"": 7, ""yellowfin_tuna"": 43, ""yellowtail"": 2}",{},52,"Grande H&M Landing San Diego, CA | 41 Anglers Full Day Offshore | 2 Yellowtail, 7 Dorado, 3 Skipjack Tuna, 43 Yellowfin Tuna",San Diego Fish Reports dock totals,https://www.sandiegofishreports.com/dock_totals/boats.php?date=2026-09-10,2026-10-04T06:18:19Z,backfill,dock-trips-1
40aef15ab22351f9,2026-09-10,H&M,Horizon,2.5_day,2.5 Day,2.5,21,"{""bluefin_tuna"": 48, ""yellowfin_tuna"": 2, ""yellowtail"": 2}",{},52,"Horizon H&M Landing San Diego, CA | 21 Anglers 2.5 Day | 48 Bluefin Tuna, 2 Yellowtail, 2 Yellowfin Tuna",San Diego Fish Reports dock totals,https://www.sandiegofishreports.com/dock_totals/boats.php?date=2026-09-10,2026-10-04T06:18:19Z,backfill,dock-trips-1
c36d539aea49189e,2026-09-10,H&M,Legend,3_day,3 Day,3.0,26,"{""bluefin_tuna"": 61, ""dorado"": 11, ""yellowfin_tuna"": 2, ""yellowtail"": 4}",{},78,"Legend H&M Landing San Diego, CA | 26 Anglers 3 Day | 61 Bluefin Tuna, 4 Yellowtail, 11 Dorado, 2 Yellowfin Tuna",San Diego Fish Reports dock totals,https://www.sandiegofishreports.com/dock_totals/boats.php?date=2026-09-10,2026-10-04T06:18:19Z,backfill,dock-trips-1
ed9e763ac56766a8,2026-09-10,H&M,Nautilus,full_day,Full Day,1.0,6,"{""dorado"": 3, ""yellowfin_tuna"": 30, ""yellowtail"": 9}",{},42,"Nautilus H&M Landing San Diego, CA | 6 Anglers Full Day | 9 Yellowtail, 3 Dorado, 30 Yellowfin Tuna",San Diego Fish Reports dock totals,https://www.sandiegofishreports.com/dock_totals/boats.php?date=2026-09-10,2026-10-04T06:18:19Z,backfill,dock-trips-1
815642f4a39c4a8d,2026-09-10,H&M,Old Glory,overnight,Overnight,1.0,32,"{""yellowfin_tuna"": 75, ""yellowtail"": 2}",{},77,"Old Glory H&M Landing San Diego, CA | 32 Anglers Overnight | 2 Yellowtail, 4 Skipjack Tuna, 75 Yellowfin Tuna",San Diego Fish Reports dock totals,https://www.sandiegofishreports.com/dock_totals/boats.php?date=2026-09-10,2026-10-04T06:18:19Z,backfill,dock-trips-1
1d16865e294827c1,2026-09-10,H&M,"Southern Cal Oceanside Sea Center Oceanside, CA",half_day,1/2 Day AM,0.5,11,"{""bonito"": 50, ""calico_bass"": 30, ""sand_bass"": 20}","{""calico_bass"": 10, ""sand_bass"": 5}",115,"Southern Cal Oceanside Sea Center Oceanside, CA | 11 Anglers 1/2 Day AM | 20 Sand Bass, 30 Calico Bass, 50 Bonito, 5 Sand Bass Released , 10 Calico Bass Released",San Diego Fish Reports dock totals,https://www.sandiegofishreports.com/dock_totals/boats.php?date=2026-09-10,2026-10-04T06:18:19Z,backfill,dock-trips-1
0a3b5c60d6b93095,2026-09-10,H&M,Top Gun 80,2_day,2 Day,2.0,24,"{""bluefin_tuna"": 65}",{},65,"Top Gun 80 H&M Landing San Diego, CA | 24 Anglers 2 Day | 65 Bluefin Tuna",San Diego Fish Reports dock totals,https://www.sandiegofishreports.com/dock_totals/boats.php?date=2026-09-10,2026-10-04T06:18:19Z,backfill,dock-trips-1
a9b29f9ed9b3b6c7,2026-09-10,Point Loma,Daily Double,half_day,1/2 Day AM,0.5,15,"{""barracuda"": 1, ""bonito"": 7, ""calico_bass"": 44, ""sand_bass"": 11, ""sheephead"": 1}",{},64,"Daily Double Point Loma Sportfishing San Diego, CA | 15 Anglers 1/2 Day AM | 11 Barred Sand Bass, 1 Barracuda, 1 Sheephead, 44 Calico Bass, 7 Bonito",San Diego Fish Reports dock totals,https://www.sandiegofishreports.com/dock_totals/boats.php?date=2026-09-10,2026-10-04T06:18:19Z,backfill,dock-trips-1
9f08d5e4fd6e1664,2026-09-10,Point Loma,Mission Belle,full_day,Full Day,1.0,26,"{""dorado"": 8, ""yellowfin_tuna"": 62, ""yellowtail"": 17}",{},87,"Mission Belle Point Loma Sportfishing San Diego, CA | 26 Anglers Full Day | 17 Yellowtail, 8 Dorado, 62 Yellowfin Tuna",San Diego Fish Reports dock totals,https://www.sandiegofishreports.com/dock_totals/boats.php?date=2026-09-10,2026-10-04T06:18:19Z,backfill,dock-trips-1
20cf570d5e335e94,2026-09-10,Seaforth,Aztec,3.5_day,3.5 Day,3.5,16,"{""bluefin_tuna"": 96, ""yellowtail"": 24}",{},120,"Aztec Seaforth Sportfishing San Diego, CA | 16 Anglers 3.5 Day | 96 Bluefin Tuna, 24 Yellowtail",San Diego Fish Reports dock totals,https://www.sandiegofishreports.com/dock_totals/boats.php?date=2026-09-10,2026-10-04T06:18:19Z,backfill,dock-trips-1
53de19eb24cc83c3,2026-09-10,Seaforth,El Gato Dos,full_day,Full Day Offshore,1.0,3,"{""yellowfin_tuna"": 11}",{},11,"El Gato Dos Seaforth Sportfishing San Diego, CA | 3 Anglers Full Day Offshore | 1 Striped Marlin, 11 Yellowfin Tuna",San Diego Fish Reports dock totals,https://www.sandiegofishreports.com/dock_totals/boats.php?date=2026-09-10,2026-10-04T06:18:19Z,backfill,dock-trips-1
79dcc76b412bbe64,2026-09-10,Seaforth,New Seaforth,half_day,1/2 Day AM,0.5,48,"{""barracuda"": 3, ""bonito"": 36, ""calico_bass"": 18, ""rockfish"": 8, ""sand_bass"": 1, ""sheephead"": 3, ""yellowtail"": 1}",{},70,"New Seaforth Seaforth Sportfishing San Diego, CA | 48 Anglers 1/2 Day AM | 1 Sand Bass, 3 Barracuda, 3 Sheephead, 1 Yellowtail, 18 Calico Bass, 36 Bonito, 8 Rockfish",San Diego Fish Reports dock totals,https://www.sandiegofishreports.com/dock_totals/boats.php?date=2026-09-10,2026-10-04T06:18:19Z,backfill,dock-trips-1
68aaa45f53beb4bc,2026-09-10,Seaforth,New Seaforth,half_day,1/2 Day PM,0.5,50,"{""bonito"": 15, ""calico_bass"": 14, ""sand_bass"": 3, ""yellowtail"": 9}",{},41,"New Seaforth Seaforth Sportfishing San Diego, CA | 50 Anglers 1/2 Day PM | 3 Sand Bass, 9 Yellowtail (up to 45 pounds), 14 Calico Bass, 15 Bonito",San Diego Fish Reports dock totals,https://www.sandiegofishreports.com/dock_totals/boats.php?date=2026-09-10,2026-10-04T06:18:19Z,backfill,dock-trips-1
5c59222d3e24644b,2026-09-10,Seaforth,Pacific Voyager,2_day,2 Day,2.0,13,"{""dorado"": 8, ""yellowfin_tuna"": 100, ""yellowtail"": 4}",{},112,"Pacific Voyager Seaforth Sportfishing San Diego, CA | 13 Anglers 2 Day | 4 Yellowtail, 8 Dorado, 3 Pompano Dorado, 4 Skipjack Tuna, 100 Yellowfin Tuna",San Diego Fish Reports dock totals,https://www.sandiegofishreports.com/dock_totals/boats.php?date=2026-09-10,2026-10-04T06:18:19Z,backfill,dock-trips-1
ce18c548509c3bc2,2026-09-10,Seaforth,Polaris Supreme,2_day,2 Day,2.0,23,"{""bluefin_tuna"": 92}",{},92,"Polaris Supreme Seaforth Sportfishing San Diego, CA | 23 Anglers 2 Day | 92 Bluefin Tuna",San Diego Fish Reports dock totals,https://www.sandiegofishreports.com/dock_totals/boats.php?date=2026-09-10,2026-10-04T06:18:19Z,backfill,dock-trips-1
fb56010940329e5e,2026-09-10,Seaforth,San Diego,full_day,Full Day,1.0,36,"{""dorado"": 9, ""yellowfin_tuna"": 81}",{},90,"San Diego Seaforth Sportfishing San Diego, CA | 36 Anglers Full Day | 9 Dorado, 81 Yellowfin Tuna",San Diego Fish Reports dock totals,https://www.sandiegofishreports.com/dock_totals/boats.php?date=2026-09-10,2026-10-04T06:18:19Z,backfill,dock-trips-1
a3f2de0a543f8de9,2026-09-10,Seaforth,Sea Watch,full_day,Full Day Offshore,1.0,17,"{""yellowfin_tuna"": 55}",{},55,"Sea Watch Seaforth Sportfishing San Diego, CA | 17 Anglers Full Day Offshore | 3 Skipjack Tuna, 55 Yellowfin Tuna",San Diego Fish Reports dock totals,https://www.sandiegofishreports.com/dock_totals/boats.php?date=2026-09-10,2026-10-04T06:18:19Z,backfill,dock-trips-1
5d7d40d2d3d3cb91,2026-09-10,Seaforth,Tribute,1.5_day,1.5 Day,1.5,18,"{""bluefin_tuna"": 30}",{},30,"Tribute Seaforth Sportfishing San Diego, CA | 18 Anglers 1.5 Day | 30 Bluefin Tuna",San Diego Fish Reports dock totals,https://www.sandiegofishreports.com/dock_totals/boats.php?date=2026-09-10,2026-10-04T06:18:19Z,backfill,dock-trips-1
77285f2228817dfc,2026-09-11,Fishermans,Dolphin,half_day,1/2 Day AM,0.5,53,"{""bonito"": 52, ""calico_bass"": 26, ""rockfish"": 9, ""sheephead"": 11, ""yellowtail"": 3}",{},101,"Dolphin Fisherman's Landing San Diego, CA | 53 Anglers 1/2 Day AM | 15 Bullet Tuna, 5 Sculpin, 11 Sheephead, 3 Yellowtail (up to 20 pounds), 26 Calico Bass, 7 Whitefish, 52 Bonito, 9 Rockfish",San Diego Fish Reports dock totals,https://www.sandiegofishreports.com/dock_totals/boats.php?date=2026-09-11,2026-10-04T06:18:21Z,backfill,dock-trips-1
8fab227bf6f97825,2026-09-11,Fishermans,Dolphin,half_day,1/2 Day PM,0.5,15,"{""bonito"": 75, ""calico_bass"": 18}",{},93,"Dolphin Fisherman's Landing San Diego, CA | 15 Anglers 1/2 Day PM | 6 Sculpin, 18 Calico Bass, 75 Bonito",San Diego Fish Reports dock totals,https://www.sandiegofishreports.com/dock_totals/boats.php?date=2026-09-11,2026-10-04T06:18:21Z,backfill,dock-trips-1
5c23df66b13c73db,2026-09-11,Fishermans,Fortune,1.5_day,1.5 Day,1.5,20,"{""bluefin_tuna"": 3, ""dorado"": 2, ""yellowfin_tuna"": 1}",{},6,"Fortune Fisherman's Landing San Diego, CA | 20 Anglers 1.5 Day | 3 Bluefin Tuna (up to 12 pounds), 2 Dorado, 1 Yellowfin Tuna",San Diego Fish Reports dock totals,https://www.sandiegofishreports.com/dock_totals/boats.php?date=2026-09-11,2026-10-04T06:18:21Z,backfill,dock-trips-1
bdfbccf37867d3e9,2026-09-11,Fishermans,Liberty,2_day,2 Day,2.0,16,"{""bluefin_tuna"": 12, ""yellowfin_tuna"": 1}",{},13,"Liberty Fisherman's Landing San Diego, CA | 16 Anglers 2 Day | 12 Bluefin Tuna, 1 Yellowfin Tuna",San Diego Fish Reports dock totals,https://www.sandiegofishreports.com/dock_totals/boats.php?date=2026-09-11,2026-10-04T06:18:21Z,backfill,dock-trips-1
ae3bf07b473fbb42,2026-09-11,Fishermans,Lucky B Sportfishing,full_day,Full Day,1.0,4,"{""dorado"": 2, ""yellowfin_tuna"": 12}",{},14,"Lucky B Sportfishing Fisherman's Landing San Diego, CA | 4 Anglers Full Day | 2 Dorado, 1 Skipjack Tuna, 12 Yellowfin Tuna",San Diego Fish Reports dock totals,https://www.sandiegofishreports.com/dock_totals/boats.php?date=2026-09-11,2026-10-04T06:18:21Z,backfill,dock-trips-1
fb4018ccf42053f8,2026-09-11,Fishermans,Pacific Dawn,2.5_day,2.5 Day,2.5,12,"{""bluefin_tuna"": 9}",{},9,"Pacific Dawn Fisherman's Landing San Diego, CA | 12 Anglers 2.5 Day | 9 Bluefin Tuna (up to 160 pounds)",San Diego Fish Reports dock totals,https://www.sandiegofishreports.com/dock_totals/boats.php?date=2026-09-11,2026-10-04T06:18:21Z,backfill,dock-trips-1
f289ed18eed4b050,2026-09-11,H&M,"Blue Horizon Oceanside Sea Center Oceanside, CA",twilight,1/2 Day Twilight Local,0.4,12,"{""bonito"": 55, ""calico_bass"": 11, ""sand_bass"": 7}",{},73,"Blue Horizon Oceanside Sea Center Oceanside, CA | 12 Anglers 1/2 Day Twilight Local | 7 Sand Bass, 11 Calico Bass, 55 Bonito",San Diego Fish Reports dock totals,https://www.sandiegofishreports.com/dock_totals/boats.php?date=2026-09-11,2026-10-04T06:18:21Z,backfill,dock-trips-1
db28d8f8483ac1e1,2026-09-11,H&M,"Blue Horizon Oceanside Sea Center Oceanside, CA",three_quarter_day,3/4 Day,0.75,8,"{""bonito"": 40, ""calico_bass"": 31, ""sand_bass"": 9, ""yellowtail"": 5}",{},85,"Blue Horizon Oceanside Sea Center Oceanside, CA | 8 Anglers 3/4 Day | 9 Sand Bass, 5 Yellowtail, 31 Calico Bass, 40 Bonito",San Diego Fish Reports dock totals,https://www.sandiegofishreports.com/dock_totals/boats.php?date=2026-09-11,2026-10-04T06:18:21Z,backfill,dock-trips-1
a968bbcc7aeb097e,2026-09-11,H&M,"Chubasco II Oceanside Sea Center Oceanside, CA",twilight,1/2 Day Twilight Local,0.4,21,"{""bonito"": 68, ""calico_bass"": 12, ""rockfish"": 6}","{""calico_bass"": 80}",166,"Chubasco II Oceanside Sea Center Oceanside, CA | 21 Anglers 1/2 Day Twilight Local | 1 Sculpin, 12 Calico Bass, 12 Whitefish, 68 Bonito, 6 Rockfish, 80 Calico Bass Released",San Diego Fish Reports dock totals,https://www.sandiegofishreports.com/dock_totals/boats.php?date=2026-09-11,2026-10-04T06:18:21Z,backfill,dock-trips-1
33f3c71d4e8aeee3,2026-09-11,H&M,"Chubasco II Oceanside Sea Center Oceanside, CA",three_quarter_day,3/4 Day,0.75,29,"{""bonito"": 82, ""calico_bass"": 52, ""sand_bass"": 28, ""sheephead"": 5, ""yellowtail"": 2}","{""calico_bass"": 170}",339,"Chubasco II Oceanside Sea Center Oceanside, CA | 29 Anglers 3/4 Day | 28 Sand Bass, 5 Sculpin, 5 Sheephead, 2 Yellowtail, 52 Calico Bass, 8 Whitefish, 82 Bonito, 170 Calico Bass Released",San Diego Fish Reports dock totals,https://www.sandiegofishreports.com/dock_totals/boats.php?date=2026-09-11,2026-10-04T06:18:21Z,backfill,dock-trips-1
a5d68e6d5c492d37,2026-09-11,H&M,Daiwa Pacific,half_day,1/2 Day AM,0.5,11,"{""barracuda"": 8, ""calico_bass"": 12, ""rockfish"": 14, ""yellowtail"": 1}","{""calico_bass"": 60, ""rockfish"": 15}",110,"Daiwa Pacific H&M Landing San Diego, CA | 11 Anglers 1/2 Day AM | 8 Barracuda, 1 Yellowtail, 12 Calico Bass, 6 Rockfish, 8 Red Rockfish, 60 Calico Bass Released , 15 Red Rockfish Released",San Diego Fish Reports dock totals,https://www.sandiegofishreports.com/dock_totals/boats.php?date=2026-09-11,2026-10-04T06:18:21Z,backfill,dock-trips-1
43c674e1f370b6ec,2026-09-11,H&M,Excalibur,3_day,3 Day,3.0,27,"{""bluefin_tuna"": 85, ""dorado"": 1, ""yellowfin_tuna"": 1, ""yellowtail"": 12}",{},99,"Excalibur H&M Landing San Diego, CA | 27 Anglers 3 Day | 85 Bluefin Tuna, 12 Yellowtail, 1 Dorado, 1 Yellowfin Tuna",San Diego Fish Reports dock totals,https://www.sandiegofishreports.com/dock_totals/boats.php?date=2026-09-11,2026-10-04T06:18:21Z,backfill,dock-trips-1
0b080894f8020c13,2026-09-11,H&M,Grande,full_day,Full Day Offshore,1.0,40,"{""yellowfin_tuna"": 10, ""yellowtail"": 2}",{},12,"Grande H&M Landing San Diego, CA | 40 Anglers Full Day Offshore | 2 Yellowtail, 10 Yellowfin Tuna",San Diego Fish Reports dock totals,https://www.sandiegofishreports.com/dock_totals/boats.php?date=2026-09-11,2026-10-04T06:18:21Z,backfill,dock-trips-1
a2ea38cbf7bb7078,2026-09-11,H&M,Horizon,overnight,Overnight,1.0,30,"{""dorado"": 13, ""yellowfin_tuna"": 55, ""yellowtail"": 6}",{},74,"Horizon H&M Landing San Diego, CA | 30 Anglers Overnight | 6 Yellowtail, 13 Dorado, 55 Yellowfin Tuna",San Diego Fish Reports dock totals,https://www.sandiegofishreports.com/dock_totals/boats.php?date=2026-09-11,2026-10-04T06:18:21Z,backfill,dock-trips-1
feda9115d2bac8cd,2026-09-11,H&M,Little G,3.5_day,3.5 Day,3.5,6,"{""bluefin_tuna"": 14, ""dorado"": 36, ""yellowfin_tuna"": 1, ""yellowtail"": 6}",{},57,"Little G H&M Landing San Diego, CA | 6 Anglers 3.5 Day | 14 Bluefin Tuna, 6 Yellowtail, 36 Dorado, 1 Yellowfin Tuna",San Diego Fish Reports dock totals,https://www.sandiegofishreports.com/dock_totals/boats.php?date=2026-09-11,2026-10-04T06:18:21Z,backfill,dock-trips-1
e84917b3d3ce12b7,2026-09-11,H&M,Malihini,full_day,Full Day,1.0,28,"{""dorado"": 1, ""yellowfin_tuna"": 15, ""yellowtail"": 3}",{},19,"Malihini H&M Landing San Diego, CA | 28 Anglers Full Day | 9 Bullet Tuna, 3 Yellowtail, 1 Dorado, 1 Skipjack Tuna, 15 Yellowfin Tuna",San Diego Fish Reports dock totals,https://www.sandiegofishreports.com/dock_totals/boats.php?date=2026-09-11,2026-10-04T06:18:21Z,backfill,dock-trips-1
7144af12269c8250,2026-09-11,H&M,Ocean Odyssey,1.5_day,1.5 Day,1.5,18,"{""dorado"": 2, ""yellowfin_tuna"": 56}",{},58,"Ocean Odyssey H&M Landing San Diego, CA | 18 Anglers 1.5 Day | 2 Dorado, 56 Yellowfin Tuna",San Diego Fish Reports dock totals,https://www.sandiegofishreports.com/dock_totals/boats.php?date=2026-09-11,2026-10-04T06:18:21Z,backfill,dock-trips-1
59ad66dcbd2779f8,2026-09-11,H&M,Old Glory,overnight,Overnight,1.0,32,"{""yellowfin_tuna"": 53, ""yellowtail"": 2}",{},55,"Old Glory H&M Landing San Diego, CA | 32 Anglers Overnight | 2 Yellowtail, 3 Skipjack Tuna, 53 Yellowfin Tuna",San Diego Fish Reports dock totals,https://www.sandiegofishreports.com/dock_totals/boats.php?date=2026-09-11,2026-10-04T06:18:21Z,backfill,dock-trips-1
3d34e662a3b624a3,2026-09-11,H&M,Premier,half_day,1/2 Day AM,0.5,42,"{""barracuda"": 1, ""bonito"": 10, ""calico_bass"": 11, ""yellowtail"": 3}",{},25,"Premier H&M Landing San Diego, CA | 42 Anglers 1/2 Day AM | 124 Bullet Tuna, 1 Barracuda, 3 Yellowtail, 11 Calico Bass, 10 Bonito",San Diego Fish Reports dock totals,https://www.sandiegofishreports.com/dock_totals/boats.php?date=2026-09-11,2026-10-04T06:18:21Z,backfill,dock-trips-1
502642d1db3c0837,2026-09-11,H&M,Premier,half_day,1/2 Day PM,0.5,18,"{""bonito"": 90, ""calico_bass"": 32, ""rockfish"": 5, ""white_seabass"": 1, ""yellowtail"": 14}",{},142,"Premier H&M Landing San Diego, CA | 18 Anglers 1/2 Day PM | 111 Bullet Tuna, 33 Sculpin, 14 Yellowtail, 32 Calico Bass, 90 Bonito, 5 Rockfish, 1 White Seabass",San Diego Fish Reports dock totals,https://www.sandiegofishreports.com/dock_totals/boats.php?date=2026-09-11,2026-10-04T06:18:21Z,backfill,dock-trips-1
0852180be1e3683b,2026-09-11,H&M,Producer,2.5_day,2.5 Day,2.5,16,"{""dorado"": 24, ""yellowfin_tuna"": 112, ""yellowtail"": 8}",{},144,"Producer H&M Landing San Diego, CA | 16 Anglers 2.5 Day | 8 Yellowtail, 24 Dorado, 4 Monchong, 22 Skipjack Tuna, 112 Yellowfin Tuna",San Diego Fish Reports dock totals,https://www.sandiegofishreports.com/dock_totals/boats.php?date=2026-09-11,2026-10-04T06:18:21Z,backfill,dock-trips-1
39b77f9fb4f2831e,2026-09-11,H&M,Ranger 85,1.5_day,1.5 Day,1.5,29,{},{},0,"Ranger 85 H&M Landing San Diego, CA | 29 Anglers 1.5 Day | ",San Diego Fish Reports dock totals,https://www.sandiegofishreports.com/dock_totals/boats.php?date=2026-09-11,2026-10-04T06:18:21Z,backfill,dock-trips-1
949592a8c805e539,2026-09-11,H&M,"Southern Cal Oceanside Sea Center Oceanside, CA",half_day,1/2 Day AM,0.5,22,"{""bonito"": 40, ""calico_bass"": 10, ""sand_bass"": 5, ""yellowtail"": 1}","{""calico_bass"": 25, ""sand_bass"": 20}",101,"Southern Cal Oceanside Sea Center Oceanside, CA | 22 Anglers 1/2 Day AM | 5 Sand Bass, 1 Yellowtail, 10 Calico Bass, 5 Whitefish, 40 Bonito, 20 Sand Bass Released , 25 Calico Bass Released",San Diego Fish Reports dock totals,https://www.sandiegofishreports.com/dock_totals/boats.php?date=2026-09-11,2026-10-04T06:18:21Z,backfill,dock-trips-1
d9d7abaaac8f03e6,2026-09-11,H&M,Tradition,overnight,Overnight,1.0,14,"{""dorado"": 5, ""yellowfin_tuna"": 24}",{},29,"Tradition H&M Landing San Diego, CA | 14 Anglers Overnight | 5 Dorado, 1 Skipjack Tuna, 24 Yellowfin Tuna",San Diego Fish Reports dock totals,https://www.sandiegofishreports.com/dock_totals/boats.php?date=2026-09-11,2026-10-04T06:18:21Z,backfill,dock-trips-1
bca819e07c67f922,2026-09-11,H&M,Vendetta 2,overnight,Overnight,1.0,11,"{""dorado"": 4, ""yellowfin_tuna"": 36}",{},40,"Vendetta 2 H&M Landing San Diego, CA | 11 Anglers Overnight | 4 Dorado, 36 Yellowfin Tuna",San Diego Fish Reports dock totals,https://www.sandiegofishreports.com/dock_totals/boats.php?date=2026-09-11,2026-10-04T06:18:21Z,backfill,dock-trips-1
9d106d56f0852715,2026-09-11,Point Loma,Daily Double,three_quarter_day,3/4 Day Local,0.75,20,"{""barracuda"": 9, ""bonito"": 27, ""calico_bass"": 69, ""sand_bass"": 23, ""sheephead"": 2, ""yellowtail"": 4}",{},134,"Daily Double Point Loma Sportfishing San Diego, CA | 20 Anglers 3/4 Day Local | 23 Barred Sand Bass, 9 Barracuda, 11 Sculpin, 2 Sheephead, 4 Yellowtail, 69 Calico Bass, 27 Bonito",San Diego Fish Reports dock totals,https://www.sandiegofishreports.com/dock_totals/boats.php?date=2026-09-11,2026-10-04T06:18:21Z,backfill,dock-trips-1
ec05ce9a0e7c7206,2026-09-11,Point Loma,Point Loma,full_day,Full Day,1.0,17,"{""yellowfin_tuna"": 45, ""yellowtail"": 9}",{},54,"Point Loma Point Loma Sportfishing San Diego, CA | 17 Anglers Full Day | 9 Yellowtail, 45 Yellowfin Tuna",San Diego Fish Reports dock totals,https://www.sandiegofishreports.com/dock_totals/boats.php?date=2026-09-11,2026-10-04T06:18:21Z,backfill,dock-trips-1
5c0bde5d3971fa4b,2026-09-11,Seaforth,Aztec,overnight,Overnight,1.0,29,"{""dorado"": 3, ""yellowfin_tuna"": 21, ""yellowtail"": 7}",{},31,"Aztec Seaforth Sportfishing San Diego, CA | 29 Anglers Overnight | 7 Yellowtail, 3 Dorado, 1 Striped Marlin, 21 Yellowfin Tuna",San Diego Fish Reports dock totals,https://www.sandiegofishreports.com/dock_totals/boats.php?date=2026-09-11,2026-10-04T06:18:21Z,backfill,dock-trips-1
3315c53b62f87676,2026-09-11,Seaforth,Cortez,2.5_day,2.5 Day,2.5,15,"{""bluefin_tuna"": 1, ""bonito"": 8, ""calico_bass"": 85, ""sheephead"": 4, ""yellowtail"": 16}",{},114,"Cortez Seaforth Sportfishing San Diego, CA | 15 Anglers 2.5 Day | 1 Bluefin Tuna, 2 Sculpin, 4 Sheephead, 16 Yellowtail, 85 Calico Bass, 4 Whitefish, 8 Bonito, 25 Skipjack Tuna",San Diego Fish Reports dock totals,https://www.sandiegofishreports.com/dock_totals/boats.php?date=2026-09-11,2026-10-04T06:18:21Z,backfill,dock-trips-1
07b7fd300db4b595,2026-09-11,Seaforth,El Gato Dos,full_day,Full Day,1.0,6,"{""dorado"": 2, ""yellowfin_tuna"": 6}",{},8,"El Gato Dos Seaforth Sportfishing San Diego, CA | 6 Anglers Full Day | 2 Dorado, 2 Skipjack Tuna, 2 Striped Marlin, 6 Yellowfin Tuna",San Diego Fish Reports dock totals,https://www.sandiegofishreports.com/dock_totals/boats.php?date=2026-09-11,2026-10-04T06:18:21Z,backfill,dock-trips-1
febb125983c8953c,2026-09-11,Seaforth,Highliner,2_day,2 Day,2.0,21,"{""barracuda"": 1, ""bluefin_tuna"": 10, ""calico_bass"": 1, ""dorado"": 13, ""sand_bass"": 1, ""yellowfin_tuna"": 150, ""yellowtail"": 4}",{},180,"Highliner Seaforth Sportfishing San Diego, CA | 21 Anglers 2 Day | 1 Sand Bass, 10 Bluefin Tuna, 1 Barracuda, 4 Yellowtail, 13 Dorado, 1 Calico Bass, 1 Skipjack Tuna, 1 Thresher Shark, 150 Yellowfin Tuna",San Diego Fish Reports dock totals,https://www.sandiegofishreports.com/dock_totals/boats.php?date=2026-09-11,2026-10-04T06:18:21Z,backfill,dock-trips-1
bd6cf08eb9d72e98,2026-09-11,Seaforth,New Seaforth,half_day,1/2 Day AM,0.5,53,"{""barracuda"": 9, ""bonito"": 150, ""calico_bass"": 26, ""rockfish"": 7, ""sand_bass"": 3, ""sheephead"": 2, ""white_seabass"": 1, ""yellowtail"": 3}",{},201,"New Seaforth Seaforth Sportfishing San Diego, CA | 53 Anglers 1/2 Day AM | 3 Sand Bass, 9 Barracuda, 2 Sheephead, 3 Yellowtail, 26 Calico Bass, 2 Whitefish, 150 Bonito, 7 Rockfish, 1 White Seabass",San Diego Fish Reports dock totals,https://www.sandiegofishreports.com/dock_totals/boats.php?date=2026-09-11,2026-10-04T06:18:21Z,backfill,dock-trips-1
aab3024c23fb5ee3,2026-09-11,Seaforth,New Seaforth,half_day,1/2 Day PM,0.5,46,"{""barracuda"": 65, ""bonito"": 20, ""calico_bass"": 8, ""sand_bass"": 4, ""yellowtail"": 3}",{},100,"New Seaforth Seaforth Sportfishing San Diego, CA | 46 Anglers 1/2 Day PM | 4 Sand Bass, 65 Barracuda, 3 Yellowtail, 8 Calico Bass, 20 Bonito",San Diego Fish Reports dock totals,https://www.sandiegofishreports.com/dock_totals/boats.php?date=2026-09-11,2026-10-04T06:18:21Z,backfill,dock-trips-1
d1fcf6133274d8cb,2026-09-11,Seaforth,New Seaforth,twilight,1/2 Day Twilight,0.4,44,"{""bonito"": 5, ""calico_bass"": 26, ""rockfish"": 11}","{""calico_bass"": 150}",192,"New Seaforth Seaforth Sportfishing San Diego, CA | 44 Anglers 1/2 Day Twilight | 2 Sculpin, 26 Calico Bass, 5 Bonito, 11 Rockfish, 150 Calico Bass Released",San Diego Fish Reports dock totals,https://www.sandiegofishreports.com/dock_totals/boats.php?date=2026-09-11,2026-10-04T06:18:21Z,backfill,dock-trips-1
50e7aaac5be679df,2026-09-11,Seaforth,San Diego,full_day,Full Day Offshore,1.0,35,"{""dorado"": 1, ""yellowfin_tuna"": 60, ""yellowtail"": 1}",{},62,"San Diego Seaforth Sportfishing San Diego, CA | 35 Anglers Full Day Offshore | 1 Yellowtail, 1 Dorado, 6 Skipjack Tuna, 60 Yellowfin Tuna",San Diego Fish Reports dock totals,https://www.sandiegofishreports.com/dock_totals/boats.php?date=2026-09-11,2026-10-04T06:18:21Z,backfill,dock-trips-1
959b063697d3db2e,2026-09-11,Seaforth,Sea Watch,full_day,Full Day,1.0,21,"{""dorado"": 2, ""yellowfin_tuna"": 3, ""yellowtail"": 1}",{},6,"Sea Watch Seaforth Sportfishing San Diego, CA | 21 Anglers Full Day | 1 Yellowtail, 2 Dorado, 1 Skipjack Tuna, 3 Yellowfin Tuna",San Diego Fish Reports dock totals,https://www.sandiegofishreports.com/dock_totals/boats.php?date=2026-09-11,2026-10-04T06:18:21Z,backfill,dock-trips-1
6181e705d92f8777,2026-09-12,Fishermans,Dolphin,half_day,1/2 Day AM,0.5,55,"{""bonito"": 239, ""calico_bass"": 12, ""sand_bass"": 105, ""yellowtail"": 1}",{},357,"Dolphin Fisherman's Landing San Diego, CA | 55 Anglers 1/2 Day AM | 105 Sand Bass, 19 Sculpin, 1 Yellowtail, 12 Calico Bass, 239 Bonito",San Diego Fish Reports dock totals,https://www.sandiegofishreports.com/dock_totals/boats.php?date=2026-09-12,2026-10-04T06:18:23Z,backfill,dock-trips-1
a97da5ca130e02bc,2026-09-12,Fishermans,Dolphin,half_day,1/2 Day PM,0.5,56,"{""bonito"": 213, ""calico_bass"": 68, ""rockfish"": 11, ""sand_bass"": 73, ""sheephead"": 2, ""white_seabass"": 2, ""yellowtail"": 1}",{},370,"Dolphin Fisherman's Landing San Diego, CA | 56 Anglers 1/2 Day PM | 73 Sand Bass, 2 Sheephead, 1 Yellowtail, 68 Calico Bass, 213 Bonito, 11 Rockfish, 2 White Seabass (up to 25 pounds)",San Diego Fish Reports dock totals,https://www.sandiegofishreports.com/dock_totals/boats.php?date=2026-09-12,2026-10-04T06:18:23Z,backfill,dock-trips-1
78906bd83d312611,2026-09-12,Fishermans,Tomahawk,1.5_day,1.5 Day,1.5,22,"{""dorado"": 44, ""yellowfin_tuna"": 110}",{},154,"Tomahawk Fisherman's Landing San Diego, CA | 22 Anglers 1.5 Day | 44 Dorado, 110 Yellowfin Tuna",San Diego Fish Reports dock totals,https://www.sandiegofishreports.com/dock_totals/boats.php?date=2026-09-12,2026-10-04T06:18:23Z,backfill,dock-trips-1
504bff8ca1f6b3b1,2026-09-12,H&M,"Blue Horizon Oceanside Sea Center Oceanside, CA",three_quarter_day,3/4 Day,0.75,30,"{""bonito"": 80, ""calico_bass"": 37, ""california_halibut"": 1, ""sand_bass"": 64, ""sheephead"": 2}",{},184,"Blue Horizon Oceanside Sea Center Oceanside, CA | 30 Anglers 3/4 Day | 64 Sand Bass, 1 Halibut, 2 Sheephead, 37 Calico Bass, 80 Bonito",San Diego Fish Reports dock totals,https://www.sandiegofishreports.com/dock_totals/boats.php?date=2026-09-12,2026-10-04T06:18:23Z,backfill,dock-trips-1
2faa2f666c8b8ebc,2026-09-12,H&M,"Chubasco II Oceanside Sea Center Oceanside, CA",twilight,1/2 Day Twilight Local,0.4,31,"{""bonito"": 41, ""calico_bass"": 60, ""rockfish"": 14, ""sand_bass"": 42, ""yellowtail"": 1}","{""calico_bass"": 100}",258,"Chubasco II Oceanside Sea Center Oceanside, CA | 31 Anglers 1/2 Day Twilight Local | 42 Sand Bass, 18 Sculpin, 1 Yellowtail, 60 Calico Bass, 41 Bonito, 14 Rockfish, 100 Calico Bass Released",San Diego Fish Reports dock totals,https://www.sandiegofishreports.com/dock_totals/boats.php?date=2026-09-12,2026-10-04T06:18:23Z,backfill,dock-trips-1
51a561f1b2cdebe9,2026-09-12,H&M,"Chubasco II Oceanside Sea Center Oceanside, CA",three_quarter_day,3/4 Day,0.75,33,"{""bonito"": 50, ""calico_bass"": 45, ""sand_bass"": 13, ""sheephead"": 1}","{""calico_bass"": 120}",229,"Chubasco II Oceanside Sea Center Oceanside, CA | 33 Anglers 3/4 Day | 13 Sand Bass, 1 Sheephead, 45 Calico Bass, 12 Whitefish, 50 Bonito, 120 Calico Bass Released",San Diego Fish Reports dock totals,https://www.sandiegofishreports.com/dock_totals/boats.php?date=2026-09-12,2026-10-04T06:18:23Z,backfill,dock-trips-1
99fefcc99f19755b,2026-09-12,H&M,Grande,overnight,Overnight,1.0,23,"{""dorado"": 27, ""yellowfin_tuna"": 115}",{},142,"Grande H&M Landing San Diego, CA | 23 Anglers Overnight | 27 Dorado, 1 Striped Marlin, 115 Yellowfin Tuna",San Diego Fish Reports dock totals,https://www.sandiegofishreports.com/dock_totals/boats.php?date=2026-09-12,2026-10-04T06:18:23Z,backfill,dock-trips-1
d54cd1072eea539e,2026-09-12,H&M,Horizon,overnight,Overnight,1.0,28,"{""yellowfin_tuna"": 27}",{},27,"Horizon H&M Landing San Diego, CA | 28 Anglers Overnight | 2 Skipjack Tuna, 27 Yellowfin Tuna",San Diego Fish Reports dock totals,https://www.sandiegofishreports.com/dock_totals/boats.php?date=2026-09-12,2026-10-04T06:18:23Z,backfill,dock-trips-1
40011cca0f47f78e,2026-09-12,H&M,Legend,full_day,Full Day Offshore,1.0,33,"{""dorado"": 1, ""yellowfin_tuna"": 22}",{},23,"Legend H&M Landing San Diego, CA | 33 Anglers Full Day Offshore | 1 Dorado, 22 Yellowfin Tuna",San Diego Fish Reports dock totals,https://www.sandiegofishreports.com/dock_totals/boats.php?date=2026-09-12,2026-10-04T06:18:23Z,backfill,dock-trips-1
f292bfcddf489a7a,2026-09-12,H&M,Malihini,full_day,Full Day,1.0,30,"{""dorado"": 2, ""yellowfin_tuna"": 18}",{},20,"Malihini H&M Landing San Diego, CA | 30 Anglers Full Day | 2 Dorado, 1 Pilot Fish, 18 Yellowfin Tuna",San Diego Fish Reports dock totals,https://www.sandiegofishreports.com/dock_totals/boats.php?date=2026-09-12,2026-10-04T06:18:23Z,backfill,dock-trips-1
b72056b05c82f1c2,2026-09-12,H&M,Premier,half_day,1/2 Day AM,0.5,46,"{""barracuda"": 31, ""bonito"": 133, ""sand_bass"": 7, ""yellowtail"": 1}",{},172,"Premier H&M Landing San Diego, CA | 46 Anglers 1/2 Day AM | 7 Sand Bass, 31 Barracuda, 5 Sculpin, 1 Yellowtail, 133 Bonito",San Diego Fish Reports dock totals,https://www.sandiegofishreports.com/dock_totals/boats.php?date=2026-09-12,2026-10-04T06:18:23Z,backfill,dock-trips-1
515785e4e9e1c36d,2026-09-12,H&M,Premier,half_day,1/2 Day PM,0.5,48,"{""bonito"": 260, ""sand_bass"": 38, ""yellowtail"": 12}",{},310,"Premier H&M Landing San Diego, CA | 48 Anglers 1/2 Day PM | 38 Sand Bass, 7 Bullet Tuna, 12 Yellowtail, 260 Bonito",San Diego Fish Reports dock totals,https://www.sandiegofishreports.com/dock_totals/boats.php?date=2026-09-12,2026-10-04T06:18:23Z,backfill,dock-trips-1
553d9ed416b38e17,2026-09-12,H&M,Producer,overnight,Overnight,1.0,23,"{""bonito"": 1, ""dorado"": 2, ""yellowfin_tuna"": 4}",{},7,"Producer H&M Landing San Diego, CA | 23 Anglers Overnight | 2 Dorado, 1 Bonito, 4 Yellowfin Tuna",San Diego Fish Reports dock totals,https://www.sandiegofishreports.com/dock_totals/boats.php?date=2026-09-12,2026-10-04T06:18:23Z,backfill,dock-trips-1
3ca760a45a5644df,2026-09-12,H&M,"Southern Cal Oceanside Sea Center Oceanside, CA",three_quarter_day,3/4 Day,0.75,18,"{""bonito"": 90, ""calico_bass"": 30, ""sheephead"": 3, ""yellowtail"": 2}","{""calico_bass"": 100}",225,"Southern Cal Oceanside Sea Center Oceanside, CA | 18 Anglers 3/4 Day | 3 Sheephead, 2 Yellowtail, 30 Calico Bass, 15 Whitefish, 90 Bonito, 100 Calico Bass Released",San Diego Fish Reports dock totals,https://www.sandiegofishreports.com/dock_totals/boats.php?date=2026-09-12,2026-10-04T06:18:23Z,backfill,dock-trips-1
56cf4fdbb5771ee9,2026-09-12,H&M,Tradition,overnight,Overnight,1.0,23,"{""yellowfin_tuna"": 32}",{},32,"Tradition H&M Landing San Diego, CA | 23 Anglers Overnight | 5 Skipjack Tuna, 32 Yellowfin Tuna",San Diego Fish Reports dock totals,https://www.sandiegofishreports.com/dock_totals/boats.php?date=2026-09-12,2026-10-04T06:18:23Z,backfill,dock-trips-1
09bae10795ccb1aa,2026-09-12,H&M,Vendetta 2,full_day,Full Day,1.0,21,"{""yellowfin_tuna"": 41}",{},41,"Vendetta 2 H&M Landing San Diego, CA | 21 Anglers Full Day | 3 Skipjack Tuna, 1 Striped Marlin, 41 Yellowfin Tuna",San Diego Fish Reports dock totals,https://www.sandiegofishreports.com/dock_totals/boats.php?date=2026-09-12,2026-10-04T06:18:23Z,backfill,dock-trips-1
90bb959f24484319,2026-09-12,Point Loma,Daily Double,half_day,1/2 Day AM,0.5,39,"{""bonito"": 65, ""calico_bass"": 4, ""sand_bass"": 63, ""sheephead"": 3, ""yellowtail"": 1}",{},136,"Daily Double Point Loma Sportfishing San Diego, CA | 39 Anglers 1/2 Day AM | 63 Barred Sand Bass, 3 Sheephead, 1 Yellowtail, 4 Calico Bass, 65 Bonito",San Diego Fish Reports dock totals,https://www.sandiegofishreports.com/dock_totals/boats.php?date=2026-09-12,2026-10-04T06:18:23Z,backfill,dock-trips-1
c0310a98d37f28b9,2026-09-12,Point Loma,Daily Double,half_day,1/2 Day PM,0.5,28,"{""bonito"": 59, ""sand_bass"": 84}",{},143,"Daily Double Point Loma Sportfishing San Diego, CA | 28 Anglers 1/2 Day PM | 84 Barred Sand Bass, 59 Bonito",San Diego Fish Reports dock totals,https://www.sandiegofishreports.com/dock_totals/boats.php?date=2026-09-12,2026-10-04T06:18:23Z,backfill,dock-trips-1
47cf3fc5e05c318a,2026-09-12,Point Loma,Mission Belle,full_day,Full Day,1.0,30,"{""bonito"": 53, ""yellowtail"": 39}",{},92,"Mission Belle Point Loma Sportfishing San Diego, CA | 30 Anglers Full Day | 39 Yellowtail, 53 Bonito",San Diego Fish Reports dock totals,https://www.sandiegofishreports.com/dock_totals/boats.php?date=2026-09-12,2026-10-04T06:18:23Z,backfill,dock-trips-1
a1ae93578f8fae31,2026-09-12,Point Loma,Point Loma,full_day,Full Day,1.0,13,"{""yellowfin_tuna"": 41}",{},41,"Point Loma Point Loma Sportfishing San Diego, CA | 13 Anglers Full Day | 2 Skipjack Tuna, 41 Yellowfin Tuna",San Diego Fish Reports dock totals,https://www.sandiegofishreports.com/dock_totals/boats.php?date=2026-09-12,2026-10-04T06:18:23Z,backfill,dock-trips-1
bb0b85e6862e8a2a,2026-09-12,Seaforth,El Gato Dos,full_day,Full Day Offshore,1.0,5,"{""dorado"": 3, ""yellowfin_tuna"": 25}",{},28,"El Gato Dos Seaforth Sportfishing San Diego, CA | 5 Anglers Full Day Offshore | 3 Dorado, 25 Yellowfin Tuna",San Diego Fish Reports dock totals,https://www.sandiegofishreports.com/dock_totals/boats.php?date=2026-09-12,2026-10-04T06:18:23Z,backfill,dock-trips-1
9dab8cb77741cf02,2026-09-12,Seaforth,New Seaforth,half_day,1/2 Day AM,0.5,56,"{""bonito"": 29, ""calico_bass"": 43, ""rockfish"": 10, ""sand_bass"": 2, ""sheephead"": 2, ""white_seabass"": 1, ""yellowtail"": 1}",{},88,"New Seaforth Seaforth Sportfishing San Diego, CA | 56 Anglers 1/2 Day AM | 2 Sand Bass, 2 Sheephead, 1 Yellowtail, 43 Calico Bass, 29 Bonito, 10 Rockfish, 1 White Seabass",San Diego Fish Reports dock totals,https://www.sandiegofishreports.com/dock_totals/boats.php?date=2026-09-12,2026-10-04T06:18:23Z,backfill,dock-trips-1
bba391af17f25c40,2026-09-12,Seaforth,New Seaforth,half_day,1/2 Day PM,0.5,56,"{""barracuda"": 2, ""bonito"": 80, ""calico_bass"": 20, ""california_halibut"": 1, ""sand_bass"": 2, ""yellowtail"": 7}",{},112,"New Seaforth Seaforth Sportfishing San Diego, CA | 56 Anglers 1/2 Day PM | 2 Sand Bass, 2 Barracuda, 1 Halibut, 2 Sculpin, 7 Yellowtail, 20 Calico Bass, 1 Lingcod, 3 Whitefish, 80 Bonito",San Diego Fish Reports dock totals,https://www.sandiegofishreports.com/dock_totals/boats.php?date=2026-09-12,2026-10-04T06:18:23Z,backfill,dock-trips-1
e7117b5c35f252a5,2026-09-12,Seaforth,New Seaforth,twilight,1/2 Day Twilight,0.4,38,"{""barracuda"": 2, ""bonito"": 1, ""calico_bass"": 20, ""rockfish"": 5, ""sand_bass"": 1, ""white_seabass"": 3}","{""calico_bass"": 100}",132,"New Seaforth Seaforth Sportfishing San Diego, CA | 38 Anglers 1/2 Day Twilight | 1 Sand Bass, 2 Barracuda, 3 Sculpin, 20 Calico Bass, 1 Bonito, 5 Rockfish, 3 White Seabass, 100 Calico Bass Released",San Diego Fish Reports dock totals,https://www.sandiegofishreports.com/dock_totals/boats.php?date=2026-09-12,2026-10-04T06:18:23Z,backfill,dock-trips-1
cda8f436b1aba265,2026-09-12,Seaforth,San Diego,full_day,Full Day,1.0,21,"{""bonito"": 80, ""yellowtail"": 15}",{},95,"San Diego Seaforth Sportfishing San Diego, CA | 21 Anglers Full Day | 15 Yellowtail, 80 Bonito",San Diego Fish Reports dock totals,https://www.sandiegofishreports.com/dock_totals/boats.php?date=2026-09-12,2026-10-04T06:18:23Z,backfill,dock-trips-1
c8b9513cb6b400e6,2026-09-12,Seaforth,Sea Watch,full_day,Full Day,1.0,20,"{""dorado"": 2, ""yellowfin_tuna"": 16}",{},18,"Sea Watch Seaforth Sportfishing San Diego, CA | 20 Anglers Full Day | 2 Dorado, 1 Skipjack Tuna, 16 Yellowfin Tuna",San Diego Fish Reports dock totals,https://www.sandiegofishreports.com/dock_totals/boats.php?date=2026-09-12,2026-10-04T06:18:23Z,backfill,dock-trips-1
917fe45009b0cca8,2026-09-13,Fishermans,Constitution,3.5_day,3.5 Day,3.5,20,"{""dorado"": 120, ""yellowfin_tuna"": 14, ""yellowtail"": 1}",{},135,"Constitution Fisherman's Landing San Diego, CA | 20 Anglers 3.5 Day | 1 Yellowtail, 120 Dorado, 14 Yellowfin Tuna",San Diego Fish Reports dock totals,https://www.sandiegofishreports.com/dock_totals/boats.php?date=2026-09-13,2026-10-04T06:18:25Z,backfill,dock-trips-1
7479a3e839b05b10,2026-09-13,Fishermans,Dolphin,half_day,1/2 Day AM,0.5,53,"{""bonito"": 112, ""calico_bass"": 45, ""rockfish"": 12, ""sand_bass"": 40, ""yellowtail"": 3}",{},212,"Dolphin Fisherman's Landing San Diego, CA | 53 Anglers 1/2 Day AM | 40 Sand Bass, 3 Yellowtail, 45 Calico Bass, 112 Bonito, 12 Rockfish, 2 Black Seabass Released",San Diego Fish Reports dock totals,https://www.sandiegofishreports.com/dock_totals/boats.php?date=2026-09-13,2026-10-04T06:18:25Z,backfill,dock-trips-1
e8f72f196386b0e2,2026-09-13,Fishermans,Dolphin,half_day,1/2 Day PM,0.5,53,"{""bonito"": 45, ""calico_bass"": 30, ""sand_bass"": 41, ""sheephead"": 10, ""yellowtail"": 2}",{},128,"Dolphin Fisherman's Landing San Diego, CA | 53 Anglers 1/2 Day PM | 41 Sand Bass, 16 Sculpin, 10 Sheephead, 2 Yellowtail, 30 Calico Bass, 45 Bonito",San Diego Fish Reports dock totals,https://www.sandiegofishreports.com/dock_totals/boats.php?date=2026-09-13,2026-10-04T06:18:25Z,backfill,dock-trips-1
6c5122008fee4216,2026-09-13,Fishermans,Fortune,1.5_day,1.5 Day,1.5,21,"{""dorado"": 42}",{},42,"Fortune Fisherman's Landing San Diego, CA | 21 Anglers 1.5 Day | 42 Dorado",San Diego Fish Reports dock totals,https://www.sandiegofishreports.com/dock_totals/boats.php?date=2026-09-13,2026-10-04T06:18:25Z,backfill,dock-trips-1
35c327eeae50be7b,2026-09-13,Fishermans,Islander,3_day,3 Day,3.0,25,"{""dorado"": 56, ""yellowfin_tuna"": 23}","{""yellowfin_tuna"": 100}",179,"Islander Fisherman's Landing San Diego, CA | 25 Anglers 3 Day | 56 Dorado, 1 Striped Marlin, 2 Wahoo, 23 Yellowfin Tuna, 100 Yellowfin Tuna Released",San Diego Fish Reports dock totals,https://www.sandiegofishreports.com/dock_totals/boats.php?date=2026-09-13,2026-10-04T06:18:25Z,backfill,dock-trips-1
450be117ef4f01be,2026-09-13,Fishermans,Pacific Dawn,2_day,2 Day,2.0,14,"{""dorado"": 126}",{},126,"Pacific Dawn Fisherman's Landing San Diego, CA | 14 Anglers 2 Day | 126 Dorado, 1 Wahoo",San Diego Fish Reports dock totals,https://www.sandiegofishreports.com/dock_totals/boats.php?date=2026-09-13,2026-10-04T06:18:25Z,backfill,dock-trips-1
08a4c590640695fa,2026-09-13,Fishermans,Pacific Queen,3_day,3 Day,3.0,27,"{""bluefin_tuna"": 5, ""dorado"": 162}",{},167,"Pacific Queen Fisherman's Landing San Diego, CA | 27 Anglers 3 Day | 5 Bluefin Tuna, 162 Dorado",San Diego Fish Reports dock totals,https://www.sandiegofishreports.com/dock_totals/boats.php?date=2026-09-13,2026-10-04T06:18:25Z,backfill,dock-trips-1
8f2c5f970c3a8cc8,2026-09-13,Fishermans,Pegasus,2.5_day,2.5 Day,2.5,11,"{""dorado"": 121, ""yellowfin_tuna"": 5, ""yellowtail"": 14}",{},140,"Pegasus Fisherman's Landing San Diego, CA | 11 Anglers 2.5 Day | 14 Yellowtail, 121 Dorado, 1 Wahoo, 5 Yellowfin Tuna",San Diego Fish Reports dock totals,https://www.sandiegofishreports.com/dock_totals/boats.php?date=2026-09-13,2026-10-04T06:18:25Z,backfill,dock-trips-1
e139370394f7c21d,2026-09-13,Fishermans,Poseidon,2.5_day,2.5 Day,2.5,16,"{""dorado"": 30, ""yellowfin_tuna"": 96, ""yellowtail"": 18}",{},144,"Poseidon Fisherman's Landing San Diego, CA | 16 Anglers 2.5 Day | 18 Yellowtail, 30 Dorado, 1 Wahoo, 96 Yellowfin Tuna",San Diego Fish Reports dock totals,https://www.sandiegofishreports.com/dock_totals/boats.php?date=2026-09-13,2026-10-04T06:18:25Z,backfill,dock-trips-1
4250ff70be2d7093,2026-09-13,H&M,"Blue Horizon Oceanside Sea Center Oceanside, CA",half_day,1/2 Day AM,0.5,12,"{""bonito"": 50, ""calico_bass"": 10, ""sand_bass"": 3, ""sheephead"": 2, ""yellowtail"": 2}",{},67,"Blue Horizon Oceanside Sea Center Oceanside, CA | 12 Anglers 1/2 Day AM | 3 Sand Bass, 2 Sheephead, 2 Yellowtail, 10 Calico Bass, 5 Whitefish, 50 Bonito",San Diego Fish Reports dock totals,https://www.sandiegofishreports.com/dock_totals/boats.php?date=2026-09-13,2026-10-04T06:18:25Z,backfill,dock-trips-1
803fc5edf2a4550a,2026-09-13,H&M,"Blue Horizon Oceanside Sea Center Oceanside, CA",half_day,1/2 Day PM,0.5,25,"{""calico_bass"": 33, ""sand_bass"": 28, ""yellowtail"": 1}",{},62,"Blue Horizon Oceanside Sea Center Oceanside, CA | 25 Anglers 1/2 Day PM | 28 Sand Bass, 1 Yellowtail, 33 Calico Bass, 2 Whitefish",San Diego Fish Reports dock totals,https://www.sandiegofishreports.com/dock_totals/boats.php?date=2026-09-13,2026-10-04T06:18:25Z,backfill,dock-trips-1
76c5a6b181678638,2026-09-13,H&M,"Chubasco II Oceanside Sea Center Oceanside, CA",three_quarter_day,3/4 Day,0.75,20,"{""bonito"": 40, ""calico_bass"": 44, ""sand_bass"": 8, ""yellowtail"": 1}",{},93,"Chubasco II Oceanside Sea Center Oceanside, CA | 20 Anglers 3/4 Day | 8 Sand Bass, 3 Sculpin, 1 Yellowtail, 44 Calico Bass, 40 Bonito",San Diego Fish Reports dock totals,https://www.sandiegofishreports.com/dock_totals/boats.php?date=2026-09-13,2026-10-04T06:18:25Z,backfill,dock-trips-1
7ede03807cc75448,2026-09-13,H&M,Excalibur,2_day,2 Day,2.0,21,"{""dorado"": 28, ""yellowfin_tuna"": 110, ""yellowtail"": 12}",{},150,"Excalibur H&M Landing San Diego, CA | 21 Anglers 2 Day | 12 Yellowtail, 28 Dorado, 110 Yellowfin Tuna",San Diego Fish Reports dock totals,https://www.sandiegofishreports.com/dock_totals/boats.php?date=2026-09-13,2026-10-04T06:18:25Z,backfill,dock-trips-1
3c1a27c791a5b48b,2026-09-13,H&M,Grande,full_day,Full Day Offshore,1.0,41,"{""dorado"": 2, ""yellowfin_tuna"": 37, ""yellowtail"": 2}",{},41,"Grande H&M Landing San Diego, CA | 41 Anglers Full Day Offshore | 2 Yellowtail, 2 Dorado, 37 Yellowfin Tuna",San Diego Fish Reports dock totals,https://www.sandiegofishreports.com/dock_totals/boats.php?date=2026-09-13,2026-10-04T06:18:25Z,backfill,dock-trips-1
81e16dc1b5a41420,2026-09-13,H&M,Malihini,three_quarter_day,3/4 Day,0.75,35,"{""barracuda"": 1, ""bonito"": 170, ""calico_bass"": 12, ""rockfish"": 1, ""sand_bass"": 18}",{},202,"Malihini H&M Landing San Diego, CA | 35 Anglers 3/4 Day | 1 Croaker, 18 Sand Bass, 1 Barracuda, 12 Calico Bass, 170 Bonito, 1 Rockfish",San Diego Fish Reports dock totals,https://www.sandiegofishreports.com/dock_totals/boats.php?date=2026-09-13,2026-10-04T06:18:25Z,backfill,dock-trips-1
dbb60b8a0d2627b8,2026-09-13,H&M,Ocean Odyssey,1.5_day,1.5 Day,1.5,22,"{""dorado"": 3, ""yellowfin_tuna"": 150}",{},153,"Ocean Odyssey H&M Landing San Diego, CA | 22 Anglers 1.5 Day | 3 Dorado, 6 Pacific Pomfret, 150 Yellowfin Tuna",San Diego Fish Reports dock totals,https://www.sandiegofishreports.com/dock_totals/boats.php?date=2026-09-13,2026-10-04T06:18:25Z,backfill,dock-trips-1
4ba2977e26e6cd30,2026-09-13,H&M,Old Glory,1.5_day,1.5 Day,1.5,22,"{""dorado"": 7, ""yellowfin_tuna"": 93}",{},100,"Old Glory H&M Landing San Diego, CA | 22 Anglers 1.5 Day | 7 Dorado, 10 Skipjack Tuna, 1 Striped Marlin, 93 Yellowfin Tuna",San Diego Fish Reports dock totals,https://www.sandiegofishreports.com/dock_totals/boats.php?date=2026-09-13,2026-10-04T06:18:25Z,backfill,dock-trips-1
b1f68bdd17bce944,2026-09-13,H&M,Patriot (SD),1.5_day,1.5 Day,1.5,9,"{""bonito"": 4, ""dorado"": 2, ""yellowfin_tuna"": 7, ""yellowtail"": 5}",{},18,"Patriot (SD) H&M Landing San Diego, CA | 9 Anglers 1.5 Day | 5 Yellowtail, 2 Dorado, 1 Mako Shark, 4 Bonito, 7 Yellowfin Tuna",San Diego Fish Reports dock totals,https://www.sandiegofishreports.com/dock_totals/boats.php?date=2026-09-13,2026-10-04T06:18:25Z,backfill,dock-trips-1
ecfbf86c6aff9a4f,2026-09-13,H&M,Premier,half_day,1/2 Day AM,0.5,51,"{""bonito"": 188, ""calico_bass"": 5, ""sand_bass"": 11, ""yellowtail"": 15}",{},219,"Premier H&M Landing San Diego, CA | 51 Anglers 1/2 Day AM | 11 Sand Bass, 73 Bullet Tuna, 15 Yellowtail, 5 Calico Bass, 188 Bonito",San Diego Fish Reports dock totals,https://www.sandiegofishreports.com/dock_totals/boats.php?date=2026-09-13,2026-10-04T06:18:25Z,backfill,dock-trips-1
096d10306b8dfc3d,2026-09-13,H&M,Premier,half_day,1/2 Day PM,0.5,53,"{""bonito"": 27, ""calico_bass"": 5, ""sand_bass"": 28, ""yellowtail"": 1}",{},61,"Premier H&M Landing San Diego, CA | 53 Anglers 1/2 Day PM | 28 Sand Bass, 107 Bullet Tuna, 3 Sculpin, 1 Yellowtail, 5 Calico Bass, 27 Bonito",San Diego Fish Reports dock totals,https://www.sandiegofishreports.com/dock_totals/boats.php?date=2026-09-13,2026-10-04T06:18:25Z,backfill,dock-trips-1
75e38ec94df3cfcf,2026-09-13,H&M,Producer,overnight,Overnight,1.0,29,"{""dorado"": 3, ""yellowfin_tuna"": 105}",{},108,"Producer H&M Landing San Diego, CA | 29 Anglers Overnight | 3 Dorado, 3 Skipjack Tuna, 105 Yellowfin Tuna",San Diego Fish Reports dock totals,https://www.sandiegofishreports.com/dock_totals/boats.php?date=2026-09-13,2026-10-04T06:18:25Z,backfill,dock-trips-1
fa3627420e63d7e9,2026-09-13,H&M,"Pronto Oceanside Sea Center Oceanside, CA",full_day,Full Day,1.0,12,"{""yellowfin_tuna"": 120}",{},120,"Pronto Oceanside Sea Center Oceanside, CA | 12 Anglers Full Day | 120 Yellowfin Tuna",San Diego Fish Reports dock totals,https://www.sandiegofishreports.com/dock_totals/boats.php?date=2026-09-13,2026-10-04T06:18:25Z,backfill,dock-trips-1
181d727b92a9fa0a,2026-09-13,H&M,Relentless,1.5_day,1.5 Day,1.5,20,{},{},0,"Relentless H&M Landing San Diego, CA | 20 Anglers 1.5 Day | ",San Diego Fish Reports dock totals,https://www.sandiegofishreports.com/dock_totals/boats.php?date=2026-09-13,2026-10-04T06:18:25Z,backfill,dock-trips-1
a7608df668745932,2026-09-13,H&M,Sea Adventure 80,3.5_day,3.5 Day,3.5,18,"{""dorado"": 77, ""yellowfin_tuna"": 250, ""yellowtail"": 8}",{},335,"Sea Adventure 80 H&M Landing San Diego, CA | 18 Anglers 3.5 Day | 8 Yellowtail, 77 Dorado, 15 Skipjack Tuna, 1 Striped Marlin, 250 Yellowfin Tuna",San Diego Fish Reports dock totals,https://www.sandiegofishreports.com/dock_totals/boats.php?date=2026-09-13,2026-10-04T06:18:25Z,backfill,dock-trips-1
ab6c9f732d91e299,2026-09-13,H&M,"Southern Cal Oceanside Sea Center Oceanside, CA",half_day,1/2 Day AM,0.5,42,"{""bonito"": 30, ""calico_bass"": 20}","{""calico_bass"": 80}",130,"Southern Cal Oceanside Sea Center Oceanside, CA | 42 Anglers 1/2 Day AM | 20 Calico Bass, 10 Whitefish, 30 Bonito, 80 Calico Bass Released",San Diego Fish Reports dock totals,https://www.sandiegofishreports.com/dock_totals/boats.php?date=2026-09-13,2026-10-04T06:18:25Z,backfill,dock-trips-1
304aa31141846455,2026-09-13,H&M,Tradition,overnight,Overnight,1.0,30,"{""dorado"": 7, ""yellowfin_tuna"": 53}",{},60,"Tradition H&M Landing San Diego, CA | 30 Anglers Overnight | 25 Bullet Tuna, 7 Dorado, 3 Skipjack Tuna, 53 Yellowfin Tuna, 1 Striped Marlin Released",San Diego Fish Reports dock totals,https://www.sandiegofishreports.com/dock_totals/boats.php?date=2026-09-13,2026-10-04T06:18:25Z,backfill,dock-trips-1
316f5608e0ec5cf0,2026-09-13,Point Loma,Daily Double,half_day,1/2 Day AM,0.5,40,"{""bonito"": 68, ""sand_bass"": 33}",{},101,"Daily Double Point Loma Sportfishing San Diego, CA | 40 Anglers 1/2 Day AM | 33 Barred Sand Bass, 12 Sculpin, 68 Bonito",San Diego Fish Reports dock totals,https://www.sandiegofishreports.com/dock_totals/boats.php?date=2026-09-13,2026-10-04T06:18:25Z,backfill,dock-trips-1
cc4160b6f2d1243c,2026-09-13,Point Loma,Daily Double,half_day,1/2 Day PM,0.5,40,"{""bonito"": 49, ""calico_bass"": 6, ""sand_bass"": 74, ""white_seabass"": 1, ""yellowtail"": 1}",{},131,"Daily Double Point Loma Sportfishing San Diego, CA | 40 Anglers 1/2 Day PM | 74 Barred Sand Bass, 1 Yellowtail, 6 Calico Bass, 49 Bonito, 1 White Seabass",San Diego Fish Reports dock totals,https://www.sandiegofishreports.com/dock_totals/boats.php?date=2026-09-13,2026-10-04T06:18:25Z,backfill,dock-trips-1
f7e561ff20099e15,2026-09-13,Point Loma,Mission Belle,full_day,Full Day,1.0,22,"{""yellowfin_tuna"": 19}",{},19,"Mission Belle Point Loma Sportfishing San Diego, CA | 22 Anglers Full Day | 19 Yellowfin Tuna",San Diego Fish Reports dock totals,https://www.sandiegofishreports.com/dock_totals/boats.php?date=2026-09-13,2026-10-04T06:18:25Z,backfill,dock-trips-1
d6906abe8eaf3a23,2026-09-13,Seaforth,Aztec,2_day,2 Day,2.0,27,"{""dorado"": 10, ""yellowfin_tuna"": 13}",{},23,"Aztec Seaforth Sportfishing San Diego, CA | 27 Anglers 2 Day | 10 Dorado, 1 Striped Marlin, 13 Yellowfin Tuna, 5 Striped Marlin Released",San Diego Fish Reports dock totals,https://www.sandiegofishreports.com/dock_totals/boats.php?date=2026-09-13,2026-10-04T06:18:25Z,backfill,dock-trips-1
74502103230b89ac,2026-09-13,Seaforth,El Gato Dos,full_day,Full Day Offshore,1.0,6,"{""yellowfin_tuna"": 28}",{},28,"El Gato Dos Seaforth Sportfishing San Diego, CA | 6 Anglers Full Day Offshore | 2 Skipjack Tuna, 28 Yellowfin Tuna",San Diego Fish Reports dock totals,https://www.sandiegofishreports.com/dock_totals/boats.php?date=2026-09-13,2026-10-04T06:18:25Z,backfill,dock-trips-1
31d0f7d273322d79,2026-09-13,Seaforth,New Seaforth,half_day,1/2 Day AM,0.5,53,"{""barracuda"": 7, ""bonito"": 190, ""calico_bass"": 11, ""rockfish"": 1, ""sheephead"": 3, ""yellowtail"": 30}",{},242,"New Seaforth Seaforth Sportfishing San Diego, CA | 53 Anglers 1/2 Day AM | 7 Barracuda, 3 Sheephead, 30 Yellowtail, 11 Calico Bass, 1 Whitefish, 190 Bonito, 1 Rockfish",San Diego Fish Reports dock totals,https://www.sandiegofishreports.com/dock_totals/boats.php?date=2026-09-13,2026-10-04T06:18:25Z,backfill,dock-trips-1
1189448ecfd706f6,2026-09-13,Seaforth,New Seaforth,half_day,1/2 Day PM,0.5,37,"{""barracuda"": 2, ""bonito"": 150, ""calico_bass"": 20, ""sand_bass"": 3, ""yellowtail"": 3}",{},178,"New Seaforth Seaforth Sportfishing San Diego, CA | 37 Anglers 1/2 Day PM | 3 Sand Bass, 2 Barracuda, 3 Yellowtail, 20 Calico Bass, 150 Bonito",San Diego Fish Reports dock totals,https://www.sandiegofishreports.com/dock_totals/boats.php?date=2026-09-13,2026-10-04T06:18:25Z,backfill,dock-trips-1
f62ea9a60e88b8b5,2026-09-13,Seaforth,New Seaforth,twilight,1/2 Day Twilight,0.4,54,"{""barracuda"": 15, ""bonito"": 270, ""calico_bass"": 82, ""rockfish"": 5, ""sand_bass"": 1, ""yellowtail"": 2}","{""calico_bass"": 200}",575,"New Seaforth Seaforth Sportfishing San Diego, CA | 54 Anglers 1/2 Day Twilight | 1 Sand Bass, 15 Barracuda, 2 Yellowtail, 82 Calico Bass, 270 Bonito, 5 Rockfish, 200 Calico Bass Released",San Diego Fish Reports dock totals,https://www.sandiegofishreports.com/dock_totals/boats.php?date=2026-09-13,2026-10-04T06:18:25Z,backfill,dock-trips-1
7ac530db9af248ec,2026-09-13,Seaforth,Pacific Voyager,3_day,3 Day,3.0,20,"{""california_halibut"": 1, ""dorado"": 8, ""yellowfin_tuna"": 68, ""yellowtail"": 37}",{},114,"Pacific Voyager Seaforth Sportfishing San Diego, CA | 20 Anglers 3 Day | 1 Halibut, 37 Yellowtail, 8 Dorado, 68 Yellowfin Tuna",San Diego Fish Reports dock totals,https://www.sandiegofishreports.com/dock_totals/boats.php?date=2026-09-13,2026-10-04T06:18:25Z,backfill,dock-trips-1
45e4023286e5e94e,2026-09-13,Seaforth,Pacifica,2_day,2 Day,2.0,27,"{""dorado"": 48, ""yellowfin_tuna"": 59, ""yellowtail"": 10}",{},117,"Pacifica Seaforth Sportfishing San Diego, CA | 27 Anglers 2 Day | 10 Yellowtail, 48 Dorado, 2 Striped Marlin, 1 Wahoo, 59 Yellowfin Tuna",San Diego Fish Reports dock totals,https://www.sandiegofishreports.com/dock_totals/boats.php?date=2026-09-13,2026-10-04T06:18:25Z,backfill,dock-trips-1
8dc35fb96a3fa1ae,2026-09-13,Seaforth,Polaris Supreme,3_day,3 Day,3.0,24,"{""dorado"": 144, ""yellowtail"": 29}",{},173,"Polaris Supreme Seaforth Sportfishing San Diego, CA | 24 Anglers 3 Day | 29 Yellowtail, 144 Dorado",San Diego Fish Reports dock totals,https://www.sandiegofishreports.com/dock_totals/boats.php?date=2026-09-13,2026-10-04T06:18:25Z,backfill,dock-trips-1
e7475f059b0b1498,2026-09-13,Seaforth,San Diego,full_day,Full Day Offshore,1.0,34,"{""dorado"": 1, ""yellowfin_tuna"": 16}",{},17,"San Diego Seaforth Sportfishing San Diego, CA | 34 Anglers Full Day Offshore | 1 Dorado, 5 Skipjack Tuna, 16 Yellowfin Tuna",San Diego Fish Reports dock totals,https://www.sandiegofishreports.com/dock_totals/boats.php?date=2026-09-13,2026-10-04T06:18:25Z,backfill,dock-trips-1
be3cb7c3d4cbdf6b,2026-09-13,Seaforth,Sea Watch,full_day,Full Day Offshore,1.0,30,"{""yellowfin_tuna"": 40}",{},40,"Sea Watch Seaforth Sportfishing San Diego, CA | 30 Anglers Full Day Offshore | 5 Skipjack Tuna, 40 Yellowfin Tuna",San Diego Fish Reports dock totals,https://www.sandiegofishreports.com/dock_totals/boats.php?date=2026-09-13,2026-10-04T06:18:25Z,backfill,dock-trips-1
8af63ff4884ea20f,2026-09-13,Seaforth,Tribute,2.5_day,2.5 Day,2.5,30,"{""dorado"": 53, ""yellowfin_tuna"": 36, ""yellowtail"": 55}",{},144,"Tribute Seaforth Sportfishing San Diego, CA | 30 Anglers 2.5 Day | 55 Yellowtail, 53 Dorado, 1 Wahoo, 36 Yellowfin Tuna, 1 Mako Shark Released",San Diego Fish Reports dock totals,https://www.sandiegofishreports.com/dock_totals/boats.php?date=2026-09-13,2026-10-04T06:18:25Z,backfill,dock-trips-1
7b7945f9a84a78b3,2026-09-14,Fishermans,Dolphin,three_quarter_day,3/4 Day,0.75,32,"{""bonito"": 160, ""calico_bass"": 29, ""california_halibut"": 1, ""rockfish"": 35, ""sand_bass"": 76, ""sheephead"": 24}","{""calico_bass"": 100}",425,"Dolphin Fisherman's Landing San Diego, CA | 32 Anglers 3/4 Day | 76 Sand Bass, 1 Halibut, 24 Sheephead, 2 Black Seabass, 29 Calico Bass, 160 Bonito, 35 Rockfish, 2 Black Seabass Released , 100 Calico Bass Released",San Diego Fish Reports dock totals,https://www.sandiegofishreports.com/dock_totals/boats.php?date=2026-09-14,2026-10-04T06:18:27Z,backfill,dock-trips-1
59ddacf660d07f3d,2026-09-14,Fishermans,Liberty,2.5_day,2.5 Day,2.5,24,"{""dorado"": 96, ""yellowfin_tuna"": 1}",{},97,"Liberty Fisherman's Landing San Diego, CA | 24 Anglers 2.5 Day | 96 Dorado, 4 Wahoo, 1 Yellowfin Tuna",San Diego Fish Reports dock totals,https://www.sandiegofishreports.com/dock_totals/boats.php?date=2026-09-14,2026-10-04T06:18:27Z,backfill,dock-trips-1
ee08b197a21732de,2026-09-14,Fishermans,Pacific Dawn,1.5_day,1.5 Day,1.5,18,"{""dorado"": 18, ""yellowfin_tuna"": 180}",{},198,"Pacific Dawn Fisherman's Landing San Diego, CA | 18 Anglers 1.5 Day | 18 Dorado, 180 Yellowfin Tuna",San Diego Fish Reports dock totals,https://www.sandiegofishreports.com/dock_totals/boats.php?date=2026-09-14,2026-10-04T06:18:27Z,backfill,dock-trips-1
6f52992a16f65544,2026-09-14,Fishermans,Pegasus,overnight,Overnight,1.0,15,{},{},0,"Pegasus Fisherman's Landing San Diego, CA | 15 Anglers Overnight | ",San Diego Fish Reports dock totals,https://www.sandiegofishreports.com/dock_totals/boats.php?date=2026-09-14,2026-10-04T06:18:27Z,backfill,dock-trips-1
7110dbc6793b4e86,2026-09-14,Fishermans,Tomahawk,2_day,2 Day,2.0,28,"{""dorado"": 71}",{},71,"Tomahawk Fisherman's Landing San Diego, CA | 28 Anglers 2 Day | 71 Dorado",San Diego Fish Reports dock totals,https://www.sandiegofishreports.com/dock_totals/boats.php?date=2026-09-14,2026-10-04T06:18:27Z,backfill,dock-trips-1
695869ebc70a3dd4,2026-09-14,H&M,"Blue Horizon Oceanside Sea Center Oceanside, CA",three_quarter_day,3/4 Day Local,0.75,15,"{""bonito"": 32, ""calico_bass"": 8, ""rockfish"": 60, ""sand_bass"": 2, ""yellowtail"": 2}",{},104,"Blue Horizon Oceanside Sea Center Oceanside, CA | 15 Anglers 3/4 Day Local | 2 Sand Bass, 2 Yellowtail, 8 Calico Bass, 32 Bonito, 60 Rockfish",San Diego Fish Reports dock totals,https://www.sandiegofishreports.com/dock_totals/boats.php?date=2026-09-14,2026-10-04T06:18:27Z,backfill,dock-trips-1
69d856f0cdaebf6c,2026-09-14,H&M,Grande,full_day,Full Day Offshore,1.0,33,"{""yellowfin_tuna"": 18}",{},18,"Grande H&M Landing San Diego, CA | 33 Anglers Full Day Offshore | 18 Yellowfin Tuna",San Diego Fish Reports dock totals,https://www.sandiegofishreports.com/dock_totals/boats.php?date=2026-09-14,2026-10-04T06:18:27Z,backfill,dock-trips-1
58432a74901c7485,2026-09-14,H&M,Old Glory,overnight,Overnight,1.0,19,"{""yellowfin_tuna"": 44}",{},44,"Old Glory H&M Landing San Diego, CA | 19 Anglers Overnight | 7 Skipjack Tuna, 44 Yellowfin Tuna",San Diego Fish Reports dock totals,https://www.sandiegofishreports.com/dock_totals/boats.php?date=2026-09-14,2026-10-04T06:18:27Z,backfill,dock-trips-1
c6f836cacbde4c9f,2026-09-14,H&M,Premier,half_day,1/2 Day AM,0.5,20,"{""barracuda"": 2, ""bonito"": 71, ""rockfish"": 7, ""sand_bass"": 31}",{},111,"Premier H&M Landing San Diego, CA | 20 Anglers 1/2 Day AM | 31 Sand Bass, 46 Bullet Tuna, 2 Barracuda, 71 Bonito, 7 Rockfish",San Diego Fish Reports dock totals,https://www.sandiegofishreports.com/dock_totals/boats.php?date=2026-09-14,2026-10-04T06:18:27Z,backfill,dock-trips-1
f0f258a519b51d78,2026-09-14,H&M,Producer,overnight,Overnight,1.0,30,"{""yellowfin_tuna"": 45}",{},45,"Producer H&M Landing San Diego, CA | 30 Anglers Overnight | 3 Skipjack Tuna, 45 Yellowfin Tuna",San Diego Fish Reports dock totals,https://www.sandiegofishreports.com/dock_totals/boats.php?date=2026-09-14,2026-10-04T06:18:27Z,backfill,dock-trips-1
3663cf4ff0120a92,2026-09-14,H&M,"Pronto Oceanside Sea Center Oceanside, CA",three_quarter_day,3/4 Day Local,0.75,7,"{""bonito"": 14, ""dorado"": 4, ""yellowfin_tuna"": 29}",{},47,"Pronto Oceanside Sea Center Oceanside, CA | 7 Anglers 3/4 Day Local | 4 Dorado, 14 Bonito, 29 Yellowfin Tuna",San Diego Fish Reports dock totals,https://www.sandiegofishreports.com/dock_totals/boats.php?date=2026-09-14,2026-10-04T06:18:27Z,backfill,dock-trips-1
2d30ea3e8ea0fb1c,2026-09-14,H&M,Ranger 85,2.5_day,2.5 Day,2.5,16,"{""dorado"": 8, ""yellowfin_tuna"": 12}",{},20,"Ranger 85 H&M Landing San Diego, CA | 16 Anglers 2.5 Day | 8 Dorado, 2 Skipjack Tuna, 1 Striped Marlin, 12 Yellowfin Tuna",San Diego Fish Reports dock totals,https://www.sandiegofishreports.com/dock_totals/boats.php?date=2026-09-14,2026-10-04T06:18:27Z,backfill,dock-trips-1
ee354100c2c84a09,2026-09-14,H&M,"Southern Cal Oceanside Sea Center Oceanside, CA",half_day,1/2 Day AM,0.5,30,"{""bonito"": 30, ""calico_bass"": 25, ""sand_bass"": 5, ""sheephead"": 2}","{""calico_bass"": 100, ""sand_bass"": 30}",192,"Southern Cal Oceanside Sea Center Oceanside, CA | 30 Anglers 1/2 Day AM | 5 Sand Bass, 2 Sheephead, 25 Calico Bass, 1 Whitefish, 30 Bonito, 30 Sand Bass Released , 100 Calico Bass Released",San Diego Fish Reports dock totals,https://www.sandiegofishreports.com/dock_totals/boats.php?date=2026-09-14,2026-10-04T06:18:27Z,backfill,dock-trips-1
0c3ed0dc8935ad5d,2026-09-14,Point Loma,Got Bait,full_day,Full Day,1.0,5,"{""yellowfin_tuna"": 20}",{},20,"Got Bait Point Loma Sportfishing San Diego, CA | 5 Anglers Full Day | 2 Skipjack Tuna, 1 Striped Marlin, 20 Yellowfin Tuna",San Diego Fish Reports dock totals,https://www.sandiegofishreports.com/dock_totals/boats.php?date=2026-09-14,2026-10-04T06:18:27Z,backfill,dock-trips-1
751cf7c377ce988e,2026-09-14,Point Loma,Mission Belle,full_day,Full Day,1.0,31,"{""bonito"": 29, ""calico_bass"": 9, ""yellowtail"": 26}",{},64,"Mission Belle Point Loma Sportfishing San Diego, CA | 31 Anglers Full Day | 26 Yellowtail, 9 Calico Bass, 3 Lingcod, 29 Bonito",San Diego Fish Reports dock totals,https://www.sandiegofishreports.com/dock_totals/boats.php?date=2026-09-14,2026-10-04T06:18:27Z,backfill,dock-trips-1
5017b40c1d5870e3,2026-09-14,Point Loma,New Lo-An,2_day,2 Day,2.0,10,"{""dorado"": 40}",{},40,"New Lo-An Point Loma Sportfishing San Diego, CA | 10 Anglers 2 Day | 40 Dorado, 1 Striped Marlin",San Diego Fish Reports dock totals,https://www.sandiegofishreports.com/dock_totals/boats.php?date=2026-09-14,2026-10-04T06:18:27Z,backfill,dock-trips-1
6c474d9c72a6b063,2026-09-14,Seaforth,Apollo,2_day,2 Day,2.0,18,"{""bonito"": 18, ""dorado"": 72, ""yellowfin_tuna"": 14, ""yellowtail"": 1}",{},105,"Apollo Seaforth Sportfishing San Diego, CA | 18 Anglers 2 Day | 1 Yellowtail, 72 Dorado, 18 Bonito, 14 Yellowfin Tuna",San Diego Fish Reports dock totals,https://www.sandiegofishreports.com/dock_totals/boats.php?date=2026-09-14,2026-10-04T06:18:27Z,backfill,dock-trips-1
61a61c4627d2d45f,2026-09-14,Seaforth,Cortez,2.5_day,2.5 Day,2.5,16,"{""calico_bass"": 90, ""dorado"": 11, ""yellowfin_tuna"": 80, ""yellowtail"": 18}",{},199,"Cortez Seaforth Sportfishing San Diego, CA | 16 Anglers 2.5 Day | 18 Yellowtail, 11 Dorado, 90 Calico Bass, 1 Striped Marlin, 80 Yellowfin Tuna",San Diego Fish Reports dock totals,https://www.sandiegofishreports.com/dock_totals/boats.php?date=2026-09-14,2026-10-04T06:18:27Z,backfill,dock-trips-1
13f910d20528006c,2026-09-14,Seaforth,New Seaforth,half_day,1/2 Day AM,0.5,56,"{""barracuda"": 3, ""bonito"": 100, ""calico_bass"": 12, ""sand_bass"": 5, ""sheephead"": 13, ""yellowtail"": 12}",{},145,"New Seaforth Seaforth Sportfishing San Diego, CA | 56 Anglers 1/2 Day AM | 5 Sand Bass, 3 Barracuda, 1 Sculpin, 13 Sheephead, 12 Yellowtail, 12 Calico Bass, 100 Bonito",San Diego Fish Reports dock totals,https://www.sandiegofishreports.com/dock_totals/boats.php?date=2026-09-14,2026-10-04T06:18:27Z,backfill,dock-trips-1
0360ce7f731efb59,2026-09-14,Seaforth,New Seaforth,half_day,1/2 Day PM,0.5,56,"{""bonito"": 70, ""calico_bass"": 42, ""rockfish"": 6, ""sand_bass"": 1, ""sheephead"": 6, ""yellowtail"": 1}",{},126,"New Seaforth Seaforth Sportfishing San Diego, CA | 56 Anglers 1/2 Day PM | 1 Sand Bass, 6 Sheephead, 1 Yellowtail, 42 Calico Bass, 70 Bonito, 6 Rockfish",San Diego Fish Reports dock totals,https://www.sandiegofishreports.com/dock_totals/boats.php?date=2026-09-14,2026-10-04T06:18:27Z,backfill,dock-trips-1
9826d30e058e82da,2026-09-14,Seaforth,San Diego,full_day,Full Day Offshore,1.0,36,"{""dorado"": 3, ""yellowfin_tuna"": 127, ""yellowtail"": 4}",{},134,"San Diego Seaforth Sportfishing San Diego, CA | 36 Anglers Full Day Offshore | 4 Yellowtail, 3 Dorado, 7 Skipjack Tuna, 127 Yellowfin Tuna",San Diego Fish Reports dock totals,https://www.sandiegofishreports.com/dock_totals/boats.php?date=2026-09-14,2026-10-04T06:18:27Z,backfill,dock-trips-1
fcd287db9ef4724b,2026-09-14,Seaforth,Sea Watch,full_day,Full Day Offshore,1.0,15,"{""yellowfin_tuna"": 75}",{},75,"Sea Watch Seaforth Sportfishing San Diego, CA | 15 Anglers Full Day Offshore | 3 Skipjack Tuna, 75 Yellowfin Tuna",San Diego Fish Reports dock totals,https://www.sandiegofishreports.com/dock_totals/boats.php?date=2026-09-14,2026-10-04T06:18:27Z,backfill,dock-trips-1
8509b81e437b3925,2026-09-14,Seaforth,Tribute,overnight,Overnight,1.0,25,"{""dorado"": 7, ""yellowfin_tuna"": 82}",{},89,"Tribute Seaforth Sportfishing San Diego, CA | 25 Anglers Overnight | 7 Dorado, 6 Skipjack Tuna, 82 Yellowfin Tuna",San Diego Fish Reports dock totals,https://www.sandiegofishreports.com/dock_totals/boats.php?date=2026-09-14,2026-10-04T06:18:27Z,backfill,dock-trips-1
3a7653bb83c0b66a,2026-09-15,Fishermans,Constitution,2_day,2 Day,2.0,19,"{""dorado"": 15, ""yellowfin_tuna"": 1}",{},16,"Constitution Fisherman's Landing San Diego, CA | 19 Anglers 2 Day | 15 Dorado, 1 Striped Marlin, 2 Wahoo, 1 Yellowfin Tuna, 5 Striped Marlin Released",San Diego Fish Reports dock totals,https://www.sandiegofishreports.com/dock_totals/boats.php?date=2026-09-15,2026-10-04T06:18:29Z,backfill,dock-trips-1
220e102c5605ed52,2026-09-15,Fishermans,Dolphin,three_quarter_day,3/4 Day,0.75,22,"{""bonito"": 110, ""calico_bass"": 88, ""california_halibut"": 1, ""rockfish"": 15, ""sand_bass"": 20, ""sheephead"": 3, ""yellowtail"": 5}",{},242,"Dolphin Fisherman's Landing San Diego, CA | 22 Anglers 3/4 Day | 20 Sand Bass, 1 Halibut, 3 Sheephead, 5 Yellowtail, 88 Calico Bass, 110 Bonito, 15 Rockfish",San Diego Fish Reports dock totals,https://www.sandiegofishreports.com/dock_totals/boats.php?date=2026-09-15,2026-10-04T06:18:29Z,backfill,dock-trips-1
9951682cc56fda45,2026-09-15,H&M,"Blue Horizon Oceanside Sea Center Oceanside, CA",2_day,2 Day Offshore,2.0,12,"{""dorado"": 2, ""yellowfin_tuna"": 120}",{},122,"Blue Horizon Oceanside Sea Center Oceanside, CA | 12 Anglers 2 Day Offshore | 2 Dorado, 61 Skipjack Tuna, 120 Yellowfin Tuna",San Diego Fish Reports dock totals,https://www.sandiegofishreports.com/dock_totals/boats.php?date=2026-09-15,2026-10-04T06:18:29Z,backfill,dock-trips-1
5bc99c70eef649f3,2026-09-15,H&M,Grande,full_day,Full Day Offshore,1.0,33,"{""yellowfin_tuna"": 140}",{},140,"Grande H&M Landing San Diego, CA | 33 Anglers Full Day Offshore | 2 Skipjack Tuna, 1 Striped Marlin, 140 Yellowfin Tuna",San Diego Fish Reports dock totals,https://www.sandiegofishreports.com/dock_totals/boats.php?date=2026-09-15,2026-10-04T06:18:29Z,backfill,dock-trips-1
31c5ceb20ccc2181,2026-09-15,H&M,Horizon,2.5_day,2.5 Day,2.5,20,"{""calico_bass"": 80, ""dorado"": 80, ""yellowfin_tuna"": 43, ""yellowtail"": 5}",{},208,"Horizon H&M Landing San Diego, CA | 20 Anglers 2.5 Day | 5 Yellowtail, 80 Dorado, 80 Calico Bass, 4 Wahoo, 43 Yellowfin Tuna",San Diego Fish Reports dock totals,https://www.sandiegofishreports.com/dock_totals/boats.php?date=2026-09-15,2026-10-04T06:18:29Z,backfill,dock-trips-1
83e1a2152904ecf7,2026-09-15,H&M,Old Glory,overnight,Overnight,1.0,16,"{""yellowfin_tuna"": 80}",{},80,"Old Glory H&M Landing San Diego, CA | 16 Anglers Overnight | 80 Yellowfin Tuna",San Diego Fish Reports dock totals,https://www.sandiegofishreports.com/dock_totals/boats.php?date=2026-09-15,2026-10-04T06:18:29Z,backfill,dock-trips-1
849b4f679dff96c0,2026-09-15,H&M,Premier,half_day,1/2 Day AM,0.5,14,"{""bonito"": 33, ""calico_bass"": 5, ""california_halibut"": 1, ""sand_bass"": 7, ""yellowtail"": 1}",{},47,"Premier H&M Landing San Diego, CA | 14 Anglers 1/2 Day AM | 7 Sand Bass, 140 Bullet Tuna, 1 Halibut, 5 Sculpin, 1 Yellowtail, 5 Calico Bass, 33 Bonito",San Diego Fish Reports dock totals,https://www.sandiegofishreports.com/dock_totals/boats.php?date=2026-09-15,2026-10-04T06:18:29Z,backfill,dock-trips-1
fc5b4db8644b0fbf,2026-09-15,H&M,Premier,half_day,1/2 Day PM,0.5,29,"{""bonito"": 69, ""sand_bass"": 41, ""yellowtail"": 1}",{},111,"Premier H&M Landing San Diego, CA | 29 Anglers 1/2 Day PM | 41 Sand Bass, 37 Bullet Tuna, 1 Yellowtail, 69 Bonito",San Diego Fish Reports dock totals,https://www.sandiegofishreports.com/dock_totals/boats.php?date=2026-09-15,2026-10-04T06:18:29Z,backfill,dock-trips-1
8f6be3112cf55571,2026-09-15,H&M,Producer,overnight,Overnight,1.0,16,"{""dorado"": 3, ""yellowfin_tuna"": 70}",{},73,"Producer H&M Landing San Diego, CA | 16 Anglers Overnight | 3 Dorado, 70 Yellowfin Tuna, 1 Striped Marlin Released",San Diego Fish Reports dock totals,https://www.sandiegofishreports.com/dock_totals/boats.php?date=2026-09-15,2026-10-04T06:18:29Z,backfill,dock-trips-1
233495edf6b773b1,2026-09-15,H&M,"Pronto Oceanside Sea Center Oceanside, CA",full_day,Full Day,1.0,12,"{""dorado"": 11, ""yellowfin_tuna"": 120}",{},131,"Pronto Oceanside Sea Center Oceanside, CA | 12 Anglers Full Day | 11 Dorado, 8 Skipjack Tuna, 120 Yellowfin Tuna",San Diego Fish Reports dock totals,https://www.sandiegofishreports.com/dock_totals/boats.php?date=2026-09-15,2026-10-04T06:18:29Z,backfill,dock-trips-1
53f7e7d47c30e6ce,2026-09-15,H&M,"Southern Cal Oceanside Sea Center Oceanside, CA",half_day,1/2 Day AM,0.5,18,"{""dorado"": 5, ""yellowfin_tuna"": 20, ""yellowtail"": 15}",{},40,"Southern Cal Oceanside Sea Center Oceanside, CA | 18 Anglers 1/2 Day AM | 15 Yellowtail, 5 Dorado, 20 Yellowfin Tuna",San Diego Fish Reports dock totals,https://www.sandiegofishreports.com/dock_totals/boats.php?date=2026-09-15,2026-10-04T06:18:29Z,backfill,dock-trips-1
b6c3c4b8cb8e6df1,2026-09-15,Point Loma,Daily Double,half_day,1/2 Day AM,0.5,10,"{""bonito"": 22, ""calico_bass"": 14, ""rockfish"": 1, ""sand_bass"": 6, ""sheephead"": 1}","{""calico_bass"": 40}",84,"Daily Double Point Loma Sportfishing San Diego, CA | 10 Anglers 1/2 Day AM | 6 Barred Sand Bass, 4 Sculpin, 1 Sheephead, 14 Calico Bass, 1 Whitefish, 22 Bonito, 1 Rockfish, 40 Calico Bass Released",San Diego Fish Reports dock totals,https://www.sandiegofishreports.com/dock_totals/boats.php?date=2026-09-15,2026-10-04T06:18:29Z,backfill,dock-trips-1
14df8a557752d4ec,2026-09-15,Point Loma,Daily Double,half_day,1/2 Day PM,0.5,20,"{""bonito"": 21, ""california_halibut"": 1, ""sand_bass"": 80}",{},102,"Daily Double Point Loma Sportfishing San Diego, CA | 20 Anglers 1/2 Day PM | 80 Barred Sand Bass, 1 Halibut, 2 Sculpin, 21 Bonito",San Diego Fish Reports dock totals,https://www.sandiegofishreports.com/dock_totals/boats.php?date=2026-09-15,2026-10-04T06:18:29Z,backfill,dock-trips-1
1319b454bcd44186,2026-09-15,Point Loma,Got Bait,full_day,Full Day,1.0,4,"{""dorado"": 8}",{},8,"Got Bait Point Loma Sportfishing San Diego, CA | 4 Anglers Full Day | 8 Dorado, 1 Wahoo, 2 Striped Marlin Released",San Diego Fish Reports dock totals,https://www.sandiegofishreports.com/dock_totals/boats.php?date=2026-09-15,2026-10-04T06:18:29Z,backfill,dock-trips-1
df430f2a99a7e1c7,2026-09-15,Point Loma,Mission Belle,full_day,Full Day,1.0,26,"{""dorado"": 2, ""yellowfin_tuna"": 42}",{},44,"Mission Belle Point Loma Sportfishing San Diego, CA | 26 Anglers Full Day | 2 Dorado, 2 Skipjack Tuna, 42 Yellowfin Tuna",San Diego Fish Reports dock totals,https://www.sandiegofishreports.com/dock_totals/boats.php?date=2026-09-15,2026-10-04T06:18:29Z,backfill,dock-trips-1
8443fdc31ba12a3c,2026-09-15,Seaforth,El Gato Dos,full_day,Full Day Offshore,1.0,5,"{""dorado"": 1, ""yellowfin_tuna"": 21, ""yellowtail"": 1}",{},23,"El Gato Dos Seaforth Sportfishing San Diego, CA | 5 Anglers Full Day Offshore | 1 Yellowtail, 1 Dorado, 2 Skipjack Tuna, 1 Striped Marlin, 21 Yellowfin Tuna",San Diego Fish Reports dock totals,https://www.sandiegofishreports.com/dock_totals/boats.php?date=2026-09-15,2026-10-04T06:18:29Z,backfill,dock-trips-1
7fe643d54bbb5845,2026-09-15,Seaforth,New Seaforth,half_day,1/2 Day AM,0.5,56,"{""bonito"": 60, ""calico_bass"": 42, ""sand_bass"": 2, ""sheephead"": 8, ""yellowtail"": 6}","{""calico_bass"": 100}",218,"New Seaforth Seaforth Sportfishing San Diego, CA | 56 Anglers 1/2 Day AM | 2 Sand Bass, 60 Bullet Tuna, 8 Sheephead, 6 Yellowtail, 42 Calico Bass, 11 Whitefish, 60 Bonito, 100 Calico Bass Released",San Diego Fish Reports dock totals,https://www.sandiegofishreports.com/dock_totals/boats.php?date=2026-09-15,2026-10-04T06:18:29Z,backfill,dock-trips-1
9d7974f8c1e2e5f0,2026-09-15,Seaforth,New Seaforth,half_day,1/2 Day PM,0.5,50,"{""barracuda"": 30, ""bonito"": 80, ""calico_bass"": 73, ""sand_bass"": 2, ""sheephead"": 4, ""yellowtail"": 2}","{""calico_bass"": 50}",241,"New Seaforth Seaforth Sportfishing San Diego, CA | 50 Anglers 1/2 Day PM | 2 Sand Bass, 4 Bullet Tuna, 30 Barracuda, 1 Sculpin, 4 Sheephead, 2 Yellowtail, 73 Calico Bass, 11 Whitefish, 80 Bonito, 50 Calico Bass Released",San Diego Fish Reports dock totals,https://www.sandiegofishreports.com/dock_totals/boats.php?date=2026-09-15,2026-10-04T06:18:29Z,backfill,dock-trips-1
141a2fc4c3af1a10,2026-09-15,Seaforth,Polaris Supreme,2_day,2 Day,2.0,23,"{""dorado"": 93, ""yellowtail"": 11}",{},104,"Polaris Supreme Seaforth Sportfishing San Diego, CA | 23 Anglers 2 Day | 11 Yellowtail, 93 Dorado, 2 Wahoo",San Diego Fish Reports dock totals,https://www.sandiegofishreports.com/dock_totals/boats.php?date=2026-09-15,2026-10-04T06:18:29Z,backfill,dock-trips-1
d75236478676f18a,2026-09-15,Seaforth,San Diego,full_day,Full Day,1.0,35,"{""dorado"": 3, ""yellowfin_tuna"": 132, ""yellowtail"": 3}",{},138,"San Diego Seaforth Sportfishing San Diego, CA | 35 Anglers Full Day | 3 Yellowtail, 3 Dorado, 132 Yellowfin Tuna",San Diego Fish Reports dock totals,https://www.sandiegofishreports.com/dock_totals/boats.php?date=2026-09-15,2026-10-04T06:18:29Z,backfill,dock-trips-1
0d5509208ec20d0a,2026-09-15,Seaforth,Sea Watch,full_day,Full Day,1.0,13,"{""dorado"": 2, ""yellowfin_tuna"": 31}",{},33,"Sea Watch Seaforth Sportfishing San Diego, CA | 13 Anglers Full Day | 2 Dorado, 1 Striped Marlin, 31 Yellowfin Tuna",San Diego Fish Reports dock totals,https://www.sandiegofishreports.com/dock_totals/boats.php?date=2026-09-15,2026-10-04T06:18:29Z,backfill,dock-trips-1
8f811656ccc1183c,2026-09-15,Seaforth,Voyager,2_day,2 Day,2.0,12,"{""dorado"": 45, ""yellowfin_tuna"": 120}",{},165,"Voyager Seaforth Sportfishing San Diego, CA | 12 Anglers 2 Day | 45 Dorado, 120 Yellowfin Tuna",San Diego Fish Reports dock totals,https://www.sandiegofishreports.com/dock_totals/boats.php?date=2026-09-15,2026-10-04T06:18:29Z,backfill,dock-trips-1
e1d554a076cf3915,2026-09-16,Fishermans,Dolphin,three_quarter_day,3/4 Day,0.75,35,"{""barracuda"": 6, ""bonito"": 15, ""calico_bass"": 123, ""rockfish"": 11, ""sand_bass"": 17, ""sheephead"": 2, ""yellowtail"": 24}",{},198,"Dolphin Fisherman's Landing San Diego, CA | 35 Anglers 3/4 Day | 17 Sand Bass, 7 Bullet Tuna, 1 Cabezon, 6 Barracuda, 7 Sculpin, 2 Sheephead, 24 Yellowtail, 123 Calico Bass, 15 Bonito, 11 Rockfish",San Diego Fish Reports dock totals,https://www.sandiegofishreports.com/dock_totals/boats.php?date=2026-09-16,2026-10-04T06:18:31Z,backfill,dock-trips-1
9443f127dc2d028b,2026-09-16,Fishermans,Islander,3_day,3 Day,3.0,26,"{""dorado"": 150, ""yellowfin_tuna"": 1}",{},151,"Islander Fisherman's Landing San Diego, CA | 26 Anglers 3 Day | 150 Dorado, 1 Wahoo, 1 Yellowfin Tuna",San Diego Fish Reports dock totals,https://www.sandiegofishreports.com/dock_totals/boats.php?date=2026-09-16,2026-10-04T06:18:31Z,backfill,dock-trips-1
43c2c6138999bcf2,2026-09-16,Fishermans,Liberty,2_day,2 Day,2.0,14,"{""dorado"": 56, ""yellowfin_tuna"": 7, ""yellowtail"": 4}",{},67,"Liberty Fisherman's Landing San Diego, CA | 14 Anglers 2 Day | 4 Yellowtail, 56 Dorado, 7 Yellowfin Tuna",San Diego Fish Reports dock totals,https://www.sandiegofishreports.com/dock_totals/boats.php?date=2026-09-16,2026-10-04T06:18:31Z,backfill,dock-trips-1
fc133433a6c19c42,2026-09-16,Fishermans,Pacific Queen,3_day,3 Day,3.0,23,"{""dorado"": 144, ""yellowfin_tuna"": 31}",{},175,"Pacific Queen Fisherman's Landing San Diego, CA | 23 Anglers 3 Day | 144 Dorado, 6 Wahoo, 31 Yellowfin Tuna",San Diego Fish Reports dock totals,https://www.sandiegofishreports.com/dock_totals/boats.php?date=2026-09-16,2026-10-04T06:18:31Z,backfill,dock-trips-1
43a7cff2e51a486d,2026-09-16,Fishermans,Pegasus,1.5_day,1.5 Day,1.5,15,"{""dorado"": 36, ""yellowfin_tuna"": 1}",{},37,"Pegasus Fisherman's Landing San Diego, CA | 15 Anglers 1.5 Day | 36 Dorado, 1 Yellowfin Tuna, 1 Blue Marlin Released , 1 Striped Marlin Released",San Diego Fish Reports dock totals,https://www.sandiegofishreports.com/dock_totals/boats.php?date=2026-09-16,2026-10-04T06:18:31Z,backfill,dock-trips-1
6658ccc093908f53,2026-09-16,Fishermans,Tomahawk,1.5_day,1.5 Day,1.5,14,"{""dorado"": 32, ""yellowfin_tuna"": 80}",{},112,"Tomahawk Fisherman's Landing San Diego, CA | 14 Anglers 1.5 Day | 32 Dorado, 80 Yellowfin Tuna",San Diego Fish Reports dock totals,https://www.sandiegofishreports.com/dock_totals/boats.php?date=2026-09-16,2026-10-04T06:18:31Z,backfill,dock-trips-1
eea4afbd4e1c3994,2026-09-16,H&M,"Blue Horizon Oceanside Sea Center Oceanside, CA",2_day,2 Day Local,2.0,12,"{""dorado"": 3, ""yellowfin_tuna"": 204, ""yellowtail"": 5}",{},212,"Blue Horizon Oceanside Sea Center Oceanside, CA | 12 Anglers 2 Day Local | 5 Yellowtail, 3 Dorado, 61 Skipjack Tuna, 204 Yellowfin Tuna",San Diego Fish Reports dock totals,https://www.sandiegofishreports.com/dock_totals/boats.php?date=2026-09-16,2026-10-04T06:18:31Z,backfill,dock-trips-1
3c096acef5e12abf,2026-09-16,H&M,Excalibur,2.5_day,2.5 Day,2.5,20,"{""dorado"": 80, ""yellowfin_tuna"": 145, ""yellowtail"": 7}",{},232,"Excalibur H&M Landing San Diego, CA | 20 Anglers 2.5 Day | 7 Yellowtail, 80 Dorado, 1 Striped Marlin, 145 Yellowfin Tuna",San Diego Fish Reports dock totals,https://www.sandiegofishreports.com/dock_totals/boats.php?date=2026-09-16,2026-10-04T06:18:31Z,backfill,dock-trips-1
e79605a56a928644,2026-09-16,H&M,Grande,full_day,Full Day Offshore,1.0,41,"{""yellowfin_tuna"": 56}",{},56,"Grande H&M Landing San Diego, CA | 41 Anglers Full Day Offshore | 2 Skipjack Tuna, 56 Yellowfin Tuna",San Diego Fish Reports dock totals,https://www.sandiegofishreports.com/dock_totals/boats.php?date=2026-09-16,2026-10-04T06:18:31Z,backfill,dock-trips-1
a2f3d4d0fb001bff,2026-09-16,H&M,Legend,3_day,3 Day,3.0,24,"{""dorado"": 68, ""yellowfin_tuna"": 165, ""yellowtail"": 12}",{},245,"Legend H&M Landing San Diego, CA | 24 Anglers 3 Day | 12 Yellowtail, 68 Dorado, 3 Striped Marlin, 1 Wahoo, 165 Yellowfin Tuna",San Diego Fish Reports dock totals,https://www.sandiegofishreports.com/dock_totals/boats.php?date=2026-09-16,2026-10-04T06:18:31Z,backfill,dock-trips-1
c4d007471557d297,2026-09-16,H&M,Malihini,half_day,1/2 Day PM,0.5,22,"{""barracuda"": 2, ""bonito"": 18, ""sand_bass"": 7, ""yellowtail"": 1}","{""barracuda"": 40, ""sand_bass"": 12}",80,"Malihini H&M Landing San Diego, CA | 22 Anglers 1/2 Day PM | 7 Sand Bass, 1 Bullet Tuna, 2 Barracuda, 1 Yellowtail, 18 Bonito, 12 Sand Bass Released , 40 Barracuda Released",San Diego Fish Reports dock totals,https://www.sandiegofishreports.com/dock_totals/boats.php?date=2026-09-16,2026-10-04T06:18:31Z,backfill,dock-trips-1
cba3502401a7f2c6,2026-09-16,H&M,Nautilus,1.5_day,1.5 Day,1.5,4,"{""dorado"": 12, ""yellowfin_tuna"": 30}",{},42,"Nautilus H&M Landing San Diego, CA | 4 Anglers 1.5 Day | 12 Dorado, 1 Wahoo, 30 Yellowfin Tuna",San Diego Fish Reports dock totals,https://www.sandiegofishreports.com/dock_totals/boats.php?date=2026-09-16,2026-10-04T06:18:31Z,backfill,dock-trips-1
bf716f0d49cedc67,2026-09-16,H&M,Ocean Odyssey,2.5_day,2.5 Day,2.5,23,"{""dorado"": 78, ""yellowfin_tuna"": 76}",{},154,"Ocean Odyssey H&M Landing San Diego, CA | 23 Anglers 2.5 Day | 78 Dorado, 1 Striped Marlin, 76 Yellowfin Tuna",San Diego Fish Reports dock totals,https://www.sandiegofishreports.com/dock_totals/boats.php?date=2026-09-16,2026-10-04T06:18:31Z,backfill,dock-trips-1
e3e69007f34ef00e,2026-09-16,H&M,Premier,half_day,1/2 Day AM,0.5,31,"{""bonito"": 53, ""sand_bass"": 7, ""yellowtail"": 10}",{},70,"Premier H&M Landing San Diego, CA | 31 Anglers 1/2 Day AM | 7 Sand Bass, 12 Bullet Tuna, 10 Yellowtail, 53 Bonito",San Diego Fish Reports dock totals,https://www.sandiegofishreports.com/dock_totals/boats.php?date=2026-09-16,2026-10-04T06:18:31Z,backfill,dock-trips-1
a5093c93ee8a1ef7,2026-09-16,H&M,Premier,half_day,1/2 Day PM,0.5,22,"{""white_seabass"": 1, ""yellowtail"": 5}",{},6,"Premier H&M Landing San Diego, CA | 22 Anglers 1/2 Day PM | 1 Bullet Tuna, 5 Yellowtail, 1 White Seabass",San Diego Fish Reports dock totals,https://www.sandiegofishreports.com/dock_totals/boats.php?date=2026-09-16,2026-10-04T06:18:31Z,backfill,dock-trips-1
b01e42098ce8e923,2026-09-16,H&M,Producer,overnight,Overnight,1.0,15,"{""dorado"": 2, ""yellowfin_tuna"": 75}",{},77,"Producer H&M Landing San Diego, CA | 15 Anglers Overnight | 2 Dorado, 75 Yellowfin Tuna",San Diego Fish Reports dock totals,https://www.sandiegofishreports.com/dock_totals/boats.php?date=2026-09-16,2026-10-04T06:18:31Z,backfill,dock-trips-1
7b234c762e0ed545,2026-09-16,H&M,"Southern Cal Oceanside Sea Center Oceanside, CA",half_day,1/2 Day AM,0.5,16,"{""dorado"": 1, ""yellowfin_tuna"": 12, ""yellowtail"": 4}",{},17,"Southern Cal Oceanside Sea Center Oceanside, CA | 16 Anglers 1/2 Day AM | 3 Bullet Tuna, 4 Yellowtail, 1 Dorado, 5 Skipjack Tuna, 12 Yellowfin Tuna",San Diego Fish Reports dock totals,https://www.sandiegofishreports.com/dock_totals/boats.php?date=2026-09-16,2026-10-04T06:18:31Z,backfill,dock-trips-1
028b0b8e23a68ac8,2026-09-16,H&M,Top Gun 80,2.5_day,2.5 Day,2.5,14,{},{},0,"Top Gun 80 H&M Landing San Diego, CA | 14 Anglers 2.5 Day | ",San Diego Fish Reports dock totals,https://www.sandiegofishreports.com/dock_totals/boats.php?date=2026-09-16,2026-10-04T06:18:31Z,backfill,dock-trips-1
735ae4b979f6e021,2026-09-16,Point Loma,Daily Double,half_day,1/2 Day PM,0.5,10,"{""calico_bass"": 11, ""sand_bass"": 39, ""yellowtail"": 9}",{},59,"Daily Double Point Loma Sportfishing San Diego, CA | 10 Anglers 1/2 Day PM | 39 Barred Sand Bass, 9 Yellowtail, 11 Calico Bass",San Diego Fish Reports dock totals,https://www.sandiegofishreports.com/dock_totals/boats.php?date=2026-09-16,2026-10-04T06:18:31Z,backfill,dock-trips-1
ece8de90abe989b4,2026-09-16,Point Loma,Mission Belle,full_day,Full Day,1.0,13,"{""bluefin_tuna"": 8, ""bonito"": 12, ""yellowtail"": 40}",{},60,"Mission Belle Point Loma Sportfishing San Diego, CA | 13 Anglers Full Day | 8 Bluefin Tuna, 40 Yellowtail, 12 Bonito",San Diego Fish Reports dock totals,https://www.sandiegofishreports.com/dock_totals/boats.php?date=2026-09-16,2026-10-04T06:18:31Z,backfill,dock-trips-1
0fa0735495ba8d82,2026-09-16,Seaforth,Aztec,3_day,3 Day,3.0,21,"{""yellowfin_tuna"": 25, ""yellowtail"": 24}",{},49,"Aztec Seaforth Sportfishing San Diego, CA | 21 Anglers 3 Day | 24 Yellowtail, 2 Striped Marlin, 25 Yellowfin Tuna",San Diego Fish Reports dock totals,https://www.sandiegofishreports.com/dock_totals/boats.php?date=2026-09-16,2026-10-04T06:18:31Z,backfill,dock-trips-1
ec46b7f7e147dc4e,2026-09-16,Seaforth,El Gato Dos,full_day,Full Day Offshore,1.0,5,"{""dorado"": 1, ""yellowfin_tuna"": 11}",{},12,"El Gato Dos Seaforth Sportfishing San Diego, CA | 5 Anglers Full Day Offshore | 1 Dorado, 1 Skipjack Tuna, 1 Striped Marlin, 11 Yellowfin Tuna",San Diego Fish Reports dock totals,https://www.sandiegofishreports.com/dock_totals/boats.php?date=2026-09-16,2026-10-04T06:18:31Z,backfill,dock-trips-1
ea7558cdcf826f05,2026-09-16,Seaforth,New Seaforth,half_day,1/2 Day AM,0.5,51,"{""barracuda"": 33, ""bonito"": 195, ""calico_bass"": 26, ""california_halibut"": 1, ""sand_bass"": 2, ""sheephead"": 2, ""yellowtail"": 4}",{},263,"New Seaforth Seaforth Sportfishing San Diego, CA | 51 Anglers 1/2 Day AM | 2 Sand Bass, 33 Barracuda, 1 Halibut, 3 Sculpin, 2 Sheephead, 4 Yellowtail, 26 Calico Bass, 195 Bonito",San Diego Fish Reports dock totals,https://www.sandiegofishreports.com/dock_totals/boats.php?date=2026-09-16,2026-10-04T06:18:31Z,backfill,dock-trips-1
1c6edab03fdf9846,2026-09-16,Seaforth,New Seaforth,half_day,1/2 Day PM,0.5,24,"{""barracuda"": 16, ""bonito"": 120, ""calico_bass"": 46, ""sand_bass"": 10, ""sheephead"": 1}",{},193,"New Seaforth Seaforth Sportfishing San Diego, CA | 24 Anglers 1/2 Day PM | 10 Sand Bass, 16 Barracuda, 1 Sculpin, 1 Sheephead, 46 Calico Bass, 3 Whitefish, 120 Bonito",San Diego Fish Reports dock totals,https://www.sandiegofishreports.com/dock_totals/boats.php?date=2026-09-16,2026-10-04T06:18:31Z,backfill,dock-trips-1
4ed9c89378ea34d5,2026-09-16,Seaforth,Pacifica,3_day,3 Day,3.0,26,"{""dorado"": 66, ""yellowfin_tuna"": 58}",{},124,"Pacifica Seaforth Sportfishing San Diego, CA | 26 Anglers 3 Day | 2 Blue Marlin, 66 Dorado, 58 Yellowfin Tuna",San Diego Fish Reports dock totals,https://www.sandiegofishreports.com/dock_totals/boats.php?date=2026-09-16,2026-10-04T06:18:31Z,backfill,dock-trips-1
07c96d752ba4df03,2026-09-16,Seaforth,San Diego,full_day,Full Day,1.0,36,"{""dorado"": 1, ""yellowfin_tuna"": 131}",{},132,"San Diego Seaforth Sportfishing San Diego, CA | 36 Anglers Full Day | 1 Dorado, 22 Skipjack Tuna, 131 Yellowfin Tuna",San Diego Fish Reports dock totals,https://www.sandiegofishreports.com/dock_totals/boats.php?date=2026-09-16,2026-10-04T06:18:31Z,backfill,dock-trips-1
860384af283c0fc2,2026-09-16,Seaforth,Sea Watch,full_day,Full Day Offshore,1.0,13,"{""dorado"": 1, ""yellowfin_tuna"": 24}",{},25,"Sea Watch Seaforth Sportfishing San Diego, CA | 13 Anglers Full Day Offshore | 1 Dorado, 24 Yellowfin Tuna",San Diego Fish Reports dock totals,https://www.sandiegofishreports.com/dock_totals/boats.php?date=2026-09-16,2026-10-04T06:18:31Z,backfill,dock-trips-1
b19a37290b44dbff,2026-09-17,Fishermans,Dolphin,three_quarter_day,3/4 Day,0.75,43,"{""barracuda"": 49, ""bonito"": 123, ""calico_bass"": 39, ""rockfish"": 11, ""sand_bass"": 17, ""sheephead"": 4, ""yellowtail"": 6}",{},249,"Dolphin Fisherman's Landing San Diego, CA | 43 Anglers 3/4 Day | 17 Sand Bass, 49 Barracuda, 15 Sculpin, 4 Sheephead, 6 Yellowtail, 39 Calico Bass, 123 Bonito, 11 Rockfish",San Diego Fish Reports dock totals,https://www.sandiegofishreports.com/dock_totals/boats.php?date=2026-09-17,2026-10-04T06:18:33Z,backfill,dock-trips-1
9a3d6bfff5e59a2f,2026-09-17,Fishermans,Pacific Dawn,2.5_day,2.5 Day,2.5,16,"{""dorado"": 10, ""yellowfin_tuna"": 160}",{},170,"Pacific Dawn Fisherman's Landing San Diego, CA | 16 Anglers 2.5 Day | 10 Dorado, 1 Wahoo, 160 Yellowfin Tuna",San Diego Fish Reports dock totals,https://www.sandiegofishreports.com/dock_totals/boats.php?date=2026-09-17,2026-10-04T06:18:33Z,backfill,dock-trips-1
768517a2ad3f393f,2026-09-17,H&M,"Blue Horizon Oceanside Sea Center Oceanside, CA",half_day,1/2 Day AM,0.5,5,"{""calico_bass"": 17, ""sand_bass"": 8, ""sheephead"": 1}",{},26,"Blue Horizon Oceanside Sea Center Oceanside, CA | 5 Anglers 1/2 Day AM | 8 Sand Bass, 1 Sheephead, 17 Calico Bass",San Diego Fish Reports dock totals,https://www.sandiegofishreports.com/dock_totals/boats.php?date=2026-09-17,2026-10-04T06:18:33Z,backfill,dock-trips-1
ff5a28e5e7215d36,2026-09-17,H&M,"Chubasco II Oceanside Sea Center Oceanside, CA",three_quarter_day,3/4 Day,0.75,33,"{""dorado"": 1, ""yellowfin_tuna"": 96, ""yellowtail"": 18}",{},115,"Chubasco II Oceanside Sea Center Oceanside, CA | 33 Anglers 3/4 Day | 18 Yellowtail, 1 Dorado, 96 Yellowfin Tuna",San Diego Fish Reports dock totals,https://www.sandiegofishreports.com/dock_totals/boats.php?date=2026-09-17,2026-10-04T06:18:33Z,backfill,dock-trips-1
bd7debdd0cb4f58a,2026-09-17,H&M,Daiwa Pacific,full_day,Full Day,1.0,21,"{""dorado"": 1, ""yellowfin_tuna"": 20}",{},21,"Daiwa Pacific H&M Landing San Diego, CA | 21 Anglers Full Day | 1 Dorado, 1 Striped Marlin, 20 Yellowfin Tuna",San Diego Fish Reports dock totals,https://www.sandiegofishreports.com/dock_totals/boats.php?date=2026-09-17,2026-10-04T06:18:33Z,backfill,dock-trips-1
32abb1a114fe9891,2026-09-17,H&M,Grande,full_day,Full Day Offshore,1.0,42,"{""dorado"": 34, ""yellowfin_tuna"": 210, ""yellowtail"": 16}",{},260,"Grande H&M Landing San Diego, CA | 42 Anglers Full Day Offshore | 16 Yellowtail, 34 Dorado, 9 Skipjack Tuna, 2 Striped Marlin, 210 Yellowfin Tuna",San Diego Fish Reports dock totals,https://www.sandiegofishreports.com/dock_totals/boats.php?date=2026-09-17,2026-10-04T06:18:33Z,backfill,dock-trips-1
80d7848a1e1489be,2026-09-17,H&M,Premier,half_day,1/2 Day AM,0.5,18,"{""bonito"": 90, ""sand_bass"": 21, ""yellowtail"": 8}",{},119,"Premier H&M Landing San Diego, CA | 18 Anglers 1/2 Day AM | 21 Sand Bass, 1 Bullet Tuna, 8 Yellowtail, 90 Bonito",San Diego Fish Reports dock totals,https://www.sandiegofishreports.com/dock_totals/boats.php?date=2026-09-17,2026-10-04T06:18:33Z,backfill,dock-trips-1
0c44ee7b847bc8bc,2026-09-17,H&M,Premier,half_day,1/2 Day PM,0.5,11,"{""bonito"": 55, ""sand_bass"": 11}",{},66,"Premier H&M Landing San Diego, CA | 11 Anglers 1/2 Day PM | 11 Sand Bass, 55 Bonito",San Diego Fish Reports dock totals,https://www.sandiegofishreports.com/dock_totals/boats.php?date=2026-09-17,2026-10-04T06:18:33Z,backfill,dock-trips-1
f8d6507e64491fe5,2026-09-17,H&M,Producer,overnight,Overnight,1.0,29,"{""dorado"": 20, ""yellowfin_tuna"": 145}",{},165,"Producer H&M Landing San Diego, CA | 29 Anglers Overnight | 20 Dorado, 1 Wahoo, 145 Yellowfin Tuna",San Diego Fish Reports dock totals,https://www.sandiegofishreports.com/dock_totals/boats.php?date=2026-09-17,2026-10-04T06:18:33Z,backfill,dock-trips-1
78263ed62b0dd802,2026-09-17,H&M,"Pronto Oceanside Sea Center Oceanside, CA",three_quarter_day,3/4 Day,0.75,12,"{""yellowfin_tuna"": 120}",{},120,"Pronto Oceanside Sea Center Oceanside, CA | 12 Anglers 3/4 Day | 120 Yellowfin Tuna",San Diego Fish Reports dock totals,https://www.sandiegofishreports.com/dock_totals/boats.php?date=2026-09-17,2026-10-04T06:18:33Z,backfill,dock-trips-1
1e1cb40ef16bd08d,2026-09-17,H&M,Sea Adventure 80,3.5_day,3.5 Day,3.5,20,"{""dorado"": 38, ""yellowfin_tuna"": 300, ""yellowtail"": 70}",{},408,"Sea Adventure 80 H&M Landing San Diego, CA | 20 Anglers 3.5 Day | 70 Yellowtail, 38 Dorado, 1 Shortbill Spearfish, 3 Skipjack Tuna, 1 Striped Marlin, 300 Yellowfin Tuna",San Diego Fish Reports dock totals,https://www.sandiegofishreports.com/dock_totals/boats.php?date=2026-09-17,2026-10-04T06:18:33Z,backfill,dock-trips-1
9a08910850eb9311,2026-09-17,H&M,"Southern Cal Oceanside Sea Center Oceanside, CA",half_day,1/2 Day AM,0.5,39,"{""yellowfin_tuna"": 6, ""yellowtail"": 8}",{},14,"Southern Cal Oceanside Sea Center Oceanside, CA | 39 Anglers 1/2 Day AM | 8 Yellowtail, 6 Yellowfin Tuna",San Diego Fish Reports dock totals,https://www.sandiegofishreports.com/dock_totals/boats.php?date=2026-09-17,2026-10-04T06:18:33Z,backfill,dock-trips-1
3d094670b23530fc,2026-09-17,Point Loma,Daily Double,half_day,1/2 Day AM,0.5,13,"{""bonito"": 31, ""calico_bass"": 17, ""sand_bass"": 15, ""sheephead"": 4}",{},67,"Daily Double Point Loma Sportfishing San Diego, CA | 13 Anglers 1/2 Day AM | 15 Barred Sand Bass, 10 Sculpin, 4 Sheephead, 17 Calico Bass, 31 Bonito",San Diego Fish Reports dock totals,https://www.sandiegofishreports.com/dock_totals/boats.php?date=2026-09-17,2026-10-04T06:18:33Z,backfill,dock-trips-1
50aba3c14d5eef99,2026-09-17,Point Loma,Mission Belle,full_day,Full Day,1.0,18,"{""bonito"": 12, ""calico_bass"": 1, ""yellowfin_tuna"": 3, ""yellowtail"": 23}",{},39,"Mission Belle Point Loma Sportfishing San Diego, CA | 18 Anglers Full Day | 3 Sculpin, 23 Yellowtail, 1 Calico Bass, 12 Bonito, 3 Yellowfin Tuna",San Diego Fish Reports dock totals,https://www.sandiegofishreports.com/dock_totals/boats.php?date=2026-09-17,2026-10-04T06:18:33Z,backfill,dock-trips-1
65b21c1ab88cc911,2026-09-17,Seaforth,Highliner,2.5_day,2.5 Day,2.5,21,"{""dorado"": 76, ""yellowfin_tuna"": 130, ""yellowtail"": 3}",{},209,"Highliner Seaforth Sportfishing San Diego, CA | 21 Anglers 2.5 Day | 3 Yellowtail, 76 Dorado, 1 Striped Marlin, 3 Wahoo, 130 Yellowfin Tuna",San Diego Fish Reports dock totals,https://www.sandiegofishreports.com/dock_totals/boats.php?date=2026-09-17,2026-10-04T06:18:33Z,backfill,dock-trips-1
e63812a943f583f5,2026-09-17,Seaforth,New Seaforth,half_day,1/2 Day AM,0.5,55,"{""barracuda"": 2, ""bonito"": 200, ""calico_bass"": 19, ""rockfish"": 1, ""sand_bass"": 6, ""sheephead"": 4, ""yellowtail"": 5}",{},237,"New Seaforth Seaforth Sportfishing San Diego, CA | 55 Anglers 1/2 Day AM | 6 Sand Bass, 2 Barracuda, 4 Sheephead, 5 Yellowtail, 19 Calico Bass, 1 Whitefish, 200 Bonito, 1 Rockfish",San Diego Fish Reports dock totals,https://www.sandiegofishreports.com/dock_totals/boats.php?date=2026-09-17,2026-10-04T06:18:33Z,backfill,dock-trips-1
cbf985cff7be432f,2026-09-17,Seaforth,New Seaforth,half_day,1/2 Day PM,0.5,46,"{""barracuda"": 17, ""bonito"": 60, ""calico_bass"": 10, ""california_halibut"": 1, ""sand_bass"": 10, ""yellowtail"": 8}",{},106,"New Seaforth Seaforth Sportfishing San Diego, CA | 46 Anglers 1/2 Day PM | 10 Sand Bass, 17 Barracuda, 1 Halibut, 8 Yellowtail, 10 Calico Bass, 60 Bonito",San Diego Fish Reports dock totals,https://www.sandiegofishreports.com/dock_totals/boats.php?date=2026-09-17,2026-10-04T06:18:33Z,backfill,dock-trips-1
bace161d896947cc,2026-09-17,Seaforth,Pacific Voyager,4_day,4 Day,4.0,16,"{""dorado"": 53, ""yellowtail"": 178}",{},231,"Pacific Voyager Seaforth Sportfishing San Diego, CA | 16 Anglers 4 Day | 178 Yellowtail, 53 Dorado, 5 Wahoo, 12 Striped Marlin Released",San Diego Fish Reports dock totals,https://www.sandiegofishreports.com/dock_totals/boats.php?date=2026-09-17,2026-10-04T06:18:33Z,backfill,dock-trips-1
e089672be883dfac,2026-09-17,Seaforth,Polaris Supreme,2_day,2 Day,2.0,23,"{""dorado"": 80}",{},80,"Polaris Supreme Seaforth Sportfishing San Diego, CA | 23 Anglers 2 Day | 80 Dorado",San Diego Fish Reports dock totals,https://www.sandiegofishreports.com/dock_totals/boats.php?date=2026-09-17,2026-10-04T06:18:33Z,backfill,dock-trips-1
a3beb418259e327c,2026-09-17,Seaforth,San Diego,full_day,Full Day,1.0,21,"{""dorado"": 2, ""yellowfin_tuna"": 171, ""yellowtail"": 2}",{},175,"San Diego Seaforth Sportfishing San Diego, CA | 21 Anglers Full Day | 2 Yellowtail, 2 Dorado, 171 Yellowfin Tuna",San Diego Fish Reports dock totals,https://www.sandiegofishreports.com/dock_totals/boats.php?date=2026-09-17,2026-10-04T06:18:33Z,backfill,dock-trips-1
4f37bb36c7e382e7,2026-09-17,Seaforth,Sea Watch,full_day,Full Day Offshore,1.0,25,"{""dorado"": 1, ""yellowfin_tuna"": 64}",{},65,"Sea Watch Seaforth Sportfishing San Diego, CA | 25 Anglers Full Day Offshore | 1 Dorado, 16 Skipjack Tuna, 1 Striped Marlin, 64 Yellowfin Tuna",San Diego Fish Reports dock totals,https://www.sandiegofishreports.com/dock_totals/boats.php?date=2026-09-17,2026-10-04T06:18:33Z,backfill,dock-trips-1
8730aa12b454b802,2026-09-18,Fishermans,Constitution,2.5_day,2.5 Day,2.5,19,"{""dorado"": 56, ""yellowfin_tuna"": 62, ""yellowtail"": 5}","{""yellowfin_tuna"": 70}",193,"Constitution Fisherman's Landing San Diego, CA | 19 Anglers 2.5 Day | 5 Yellowtail, 56 Dorado, 62 Yellowfin Tuna, 1 Striped Marlin Released , 70 Yellowfin Tuna Released",San Diego Fish Reports dock totals,https://www.sandiegofishreports.com/dock_totals/boats.php?date=2026-09-18,2026-10-04T06:18:35Z,backfill,dock-trips-1
d02f04aadd75b02f,2026-09-18,Fishermans,Dolphin,half_day,1/2 Day AM,0.5,34,"{""bonito"": 38, ""calico_bass"": 36, ""rockfish"": 11, ""yellowtail"": 4}","{""calico_bass"": 50}",139,"Dolphin Fisherman's Landing San Diego, CA | 34 Anglers 1/2 Day AM | 3 Sculpin, 4 Yellowtail, 36 Calico Bass, 12 Whitefish, 38 Bonito, 11 Rockfish, 50 Calico Bass Released",San Diego Fish Reports dock totals,https://www.sandiegofishreports.com/dock_totals/boats.php?date=2026-09-18,2026-10-04T06:18:35Z,backfill,dock-trips-1
5ef2d4e6e3e1ab53,2026-09-18,Fishermans,Dolphin,half_day,1/2 Day PM,0.5,23,"{""barracuda"": 2, ""bonito"": 115, ""calico_bass"": 58, ""rockfish"": 8, ""sand_bass"": 2, ""sheephead"": 2, ""yellowtail"": 1}","{""calico_bass"": 100}",288,"Dolphin Fisherman's Landing San Diego, CA | 23 Anglers 1/2 Day PM | 2 Sand Bass, 2 Barracuda, 2 Sheephead, 1 Yellowtail, 58 Calico Bass, 115 Bonito, 8 Rockfish, 100 Calico Bass Released",San Diego Fish Reports dock totals,https://www.sandiegofishreports.com/dock_totals/boats.php?date=2026-09-18,2026-10-04T06:18:35Z,backfill,dock-trips-1
d454e9be73239efd,2026-09-18,Fishermans,Liberty,1.5_day,1.5 Day,1.5,21,"{""dorado"": 42, ""yellowfin_tuna"": 35}","{""yellowfin_tuna"": 100}",177,"Liberty Fisherman's Landing San Diego, CA | 21 Anglers 1.5 Day | 42 Dorado, 1 Wahoo, 35 Yellowfin Tuna, 100 Yellowfin Tuna Released",San Diego Fish Reports dock totals,https://www.sandiegofishreports.com/dock_totals/boats.php?date=2026-09-18,2026-10-04T06:18:35Z,backfill,dock-trips-1
084dcd3a79c3b870,2026-09-18,Fishermans,Pegasus,2_day,2 Day,2.0,18,"{""dorado"": 36, ""yellowfin_tuna"": 35}",{},71,"Pegasus Fisherman's Landing San Diego, CA | 18 Anglers 2 Day | 36 Dorado, 35 Yellowfin Tuna",San Diego Fish Reports dock totals,https://www.sandiegofishreports.com/dock_totals/boats.php?date=2026-09-18,2026-10-04T06:18:35Z,backfill,dock-trips-1
534c884965f9fd1b,2026-09-18,Fishermans,Poseidon,3.5_day,3.5 Day,3.5,18,"{""dorado"": 92, ""yellowfin_tuna"": 46}",{},138,"Poseidon Fisherman's Landing San Diego, CA | 18 Anglers 3.5 Day | 92 Dorado, 14 Wahoo, 46 Yellowfin Tuna, 1 Striped Marlin Released",San Diego Fish Reports dock totals,https://www.sandiegofishreports.com/dock_totals/boats.php?date=2026-09-18,2026-10-04T06:18:35Z,backfill,dock-trips-1
d9632cb41ebf62c9,2026-09-18,Fishermans,Tomahawk,1.5_day,1.5 Day,1.5,12,"{""dorado"": 25, ""yellowfin_tuna"": 60}",{},85,"Tomahawk Fisherman's Landing San Diego, CA | 12 Anglers 1.5 Day | 25 Dorado, 60 Yellowfin Tuna",San Diego Fish Reports dock totals,https://www.sandiegofishreports.com/dock_totals/boats.php?date=2026-09-18,2026-10-04T06:18:35Z,backfill,dock-trips-1
aa32bd6d02d85ccd,2026-09-18,H&M,"Blue Horizon Oceanside Sea Center Oceanside, CA",full_day,Full Day Local,1.0,21,"{""yellowfin_tuna"": 210, ""yellowtail"": 4}",{},214,"Blue Horizon Oceanside Sea Center Oceanside, CA | 21 Anglers Full Day Local | 4 Yellowtail, 8 Skipjack Tuna, 210 Yellowfin Tuna",San Diego Fish Reports dock totals,https://www.sandiegofishreports.com/dock_totals/boats.php?date=2026-09-18,2026-10-04T06:18:35Z,backfill,dock-trips-1
2c76ce890b891501,2026-09-18,H&M,"Chubasco II Oceanside Sea Center Oceanside, CA",twilight,1/2 Day Twilight Local,0.4,32,"{""calico_bass"": 38, ""sand_bass"": 30, ""sheephead"": 18}","{""calico_bass"": 120, ""sand_bass"": 30}",236,"Chubasco II Oceanside Sea Center Oceanside, CA | 32 Anglers 1/2 Day Twilight Local | 30 Sand Bass, 28 Sculpin, 18 Sheephead, 38 Calico Bass, 30 Sand Bass Released , 20 Sculpin Released , 120 Calico Bass Released",San Diego Fish Reports dock totals,https://www.sandiegofishreports.com/dock_totals/boats.php?date=2026-09-18,2026-10-04T06:18:35Z,backfill,dock-trips-1
801b7294ef1976d5,2026-09-18,H&M,"Chubasco II Oceanside Sea Center Oceanside, CA",three_quarter_day,3/4 Day Local,0.75,32,"{""yellowfin_tuna"": 146}",{},146,"Chubasco II Oceanside Sea Center Oceanside, CA | 32 Anglers 3/4 Day Local | 80 Bullet Tuna, 8 Skipjack Tuna, 146 Yellowfin Tuna",San Diego Fish Reports dock totals,https://www.sandiegofishreports.com/dock_totals/boats.php?date=2026-09-18,2026-10-04T06:18:35Z,backfill,dock-trips-1
96bc67d6f5d9b33f,2026-09-18,H&M,Daiwa Pacific,twilight,1/2 Day Twilight,0.4,11,{},{},0,"Daiwa Pacific H&M Landing San Diego, CA | 11 Anglers 1/2 Day Twilight | ",San Diego Fish Reports dock totals,https://www.sandiegofishreports.com/dock_totals/boats.php?date=2026-09-18,2026-10-04T06:18:35Z,backfill,dock-trips-1
e3c5f0a6a6b1d212,2026-09-18,H&M,Grande,full_day,Full Day Offshore,1.0,41,"{""dorado"": 17, ""yellowfin_tuna"": 205, ""yellowtail"": 3}",{},225,"Grande H&M Landing San Diego, CA | 41 Anglers Full Day Offshore | 3 Yellowtail, 17 Dorado, 3 Skipjack Tuna, 205 Yellowfin Tuna",San Diego Fish Reports dock totals,https://www.sandiegofishreports.com/dock_totals/boats.php?date=2026-09-18,2026-10-04T06:18:35Z,backfill,dock-trips-1
c51321ea7a70fcef,2026-09-18,H&M,Horizon,2.5_day,2.5 Day,2.5,25,"{""dorado"": 100, ""yellowtail"": 36}",{},136,"Horizon H&M Landing San Diego, CA | 25 Anglers 2.5 Day | 36 Yellowtail, 100 Dorado, 3 Wahoo",San Diego Fish Reports dock totals,https://www.sandiegofishreports.com/dock_totals/boats.php?date=2026-09-18,2026-10-04T06:18:35Z,backfill,dock-trips-1
d003eed8c295b6ea,2026-09-18,H&M,Legend,2_day,2 Day,2.0,25,"{""dorado"": 25, ""yellowfin_tuna"": 36, ""yellowtail"": 4}",{},65,"Legend H&M Landing San Diego, CA | 25 Anglers 2 Day | 4 Yellowtail, 25 Dorado, 2 Striped Marlin, 36 Yellowfin Tuna",San Diego Fish Reports dock totals,https://www.sandiegofishreports.com/dock_totals/boats.php?date=2026-09-18,2026-10-04T06:18:35Z,backfill,dock-trips-1
51d3c264445c1610,2026-09-18,H&M,Little G,3.5_day,3.5 Day,3.5,6,"{""dorado"": 36, ""yellowfin_tuna"": 2, ""yellowtail"": 5}",{},43,"Little G H&M Landing San Diego, CA | 6 Anglers 3.5 Day | 5 Yellowtail, 36 Dorado, 5 Wahoo, 2 Yellowfin Tuna, 5 Striped Marlin Released",San Diego Fish Reports dock totals,https://www.sandiegofishreports.com/dock_totals/boats.php?date=2026-09-18,2026-10-04T06:18:35Z,backfill,dock-trips-1
411ac2a60ab11691,2026-09-18,H&M,Malihini,full_day,Full Day,1.0,14,{},{},0,"Malihini H&M Landing San Diego, CA | 14 Anglers Full Day | ",San Diego Fish Reports dock totals,https://www.sandiegofishreports.com/dock_totals/boats.php?date=2026-09-18,2026-10-04T06:18:35Z,backfill,dock-trips-1
78ccccc63689a780,2026-09-18,H&M,Nautilus,1.5_day,1.5 Day,1.5,5,"{""dorado"": 6, ""yellowfin_tuna"": 8}",{},14,"Nautilus H&M Landing San Diego, CA | 5 Anglers 1.5 Day | 10 Bullet Tuna, 6 Dorado, 1 Striped Marlin, 8 Yellowfin Tuna, 1 Striped Marlin Released",San Diego Fish Reports dock totals,https://www.sandiegofishreports.com/dock_totals/boats.php?date=2026-09-18,2026-10-04T06:18:35Z,backfill,dock-trips-1
22b3a1ba813d5995,2026-09-18,H&M,Ocean Odyssey,1.5_day,1.5 Day,1.5,30,"{""dorado"": 19, ""yellowfin_tuna"": 98, ""yellowtail"": 22}",{},139,"Ocean Odyssey H&M Landing San Diego, CA | 30 Anglers 1.5 Day | 22 Yellowtail, 19 Dorado, 98 Yellowfin Tuna",San Diego Fish Reports dock totals,https://www.sandiegofishreports.com/dock_totals/boats.php?date=2026-09-18,2026-10-04T06:18:35Z,backfill,dock-trips-1
8e07d7a4afb738a1,2026-09-18,H&M,Old Glory,2.5_day,2.5 Day,2.5,20,"{""dorado"": 60, ""yellowfin_tuna"": 60, ""yellowtail"": 1}","{""yellowfin_tuna"": 80}",201,"Old Glory H&M Landing San Diego, CA | 20 Anglers 2.5 Day | 1 Yellowtail, 60 Dorado, 2 Wahoo, 60 Yellowfin Tuna, 60 Skipjack Tuna Released , 80 Yellowfin Tuna Released",San Diego Fish Reports dock totals,https://www.sandiegofishreports.com/dock_totals/boats.php?date=2026-09-18,2026-10-04T06:18:35Z,backfill,dock-trips-1
2a5f8f369539171b,2026-09-18,H&M,Patriot (SD),3.5_day,3.5 Day,3.5,12,"{""bluefin_tuna"": 10, ""bonito"": 8, ""yellowfin_tuna"": 12, ""yellowtail"": 1}",{},31,"Patriot (SD) H&M Landing San Diego, CA | 12 Anglers 3.5 Day | 10 Bluefin Tuna, 1 Yellowtail, 25 Whitefish, 8 Bonito, 1 Skipjack Tuna, 12 Yellowfin Tuna",San Diego Fish Reports dock totals,https://www.sandiegofishreports.com/dock_totals/boats.php?date=2026-09-18,2026-10-04T06:18:35Z,backfill,dock-trips-1
24b964fb5c3ca94f,2026-09-18,H&M,Premier,full_day,Full Day Offshore,1.0,24,"{""dorado"": 4, ""yellowfin_tuna"": 64, ""yellowtail"": 23}",{},91,"Premier H&M Landing San Diego, CA | 24 Anglers Full Day Offshore | 23 Yellowtail, 4 Dorado, 64 Yellowfin Tuna",San Diego Fish Reports dock totals,https://www.sandiegofishreports.com/dock_totals/boats.php?date=2026-09-18,2026-10-04T06:18:35Z,backfill,dock-trips-1
bb0c59a84f363c48,2026-09-18,H&M,Producer,overnight,Overnight,1.0,29,"{""dorado"": 58, ""yellowfin_tuna"": 145}",{},203,"Producer H&M Landing San Diego, CA | 29 Anglers Overnight | 58 Dorado, 145 Yellowfin Tuna",San Diego Fish Reports dock totals,https://www.sandiegofishreports.com/dock_totals/boats.php?date=2026-09-18,2026-10-04T06:18:35Z,backfill,dock-trips-1
a3232ff8a73bed42,2026-09-18,H&M,"Pronto Oceanside Sea Center Oceanside, CA",full_day,Full Day Local,1.0,11,"{""dorado"": 3, ""yellowfin_tuna"": 92, ""yellowtail"": 12}",{},107,"Pronto Oceanside Sea Center Oceanside, CA | 11 Anglers Full Day Local | 12 Yellowtail, 3 Dorado, 6 Skipjack Tuna, 92 Yellowfin Tuna",San Diego Fish Reports dock totals,https://www.sandiegofishreports.com/dock_totals/boats.php?date=2026-09-18,2026-10-04T06:18:35Z,backfill,dock-trips-1
8948b443b3477255,2026-09-18,H&M,Ranger 85,3.5_day,3.5 Day,3.5,26,"{""dorado"": 156, ""yellowtail"": 1}",{},157,"Ranger 85 H&M Landing San Diego, CA | 26 Anglers 3.5 Day | 1 Yellowtail, 156 Dorado, 12 Monchong, 1 Striped Marlin, 6 Wahoo",San Diego Fish Reports dock totals,https://www.sandiegofishreports.com/dock_totals/boats.php?date=2026-09-18,2026-10-04T06:18:35Z,backfill,dock-trips-1
9afd8f88364ac277,2026-09-18,H&M,Relentless,full_day,Full Day,1.0,15,{},{},0,"Relentless H&M Landing San Diego, CA | 15 Anglers Full Day | ",San Diego Fish Reports dock totals,https://www.sandiegofishreports.com/dock_totals/boats.php?date=2026-09-18,2026-10-04T06:18:35Z,backfill,dock-trips-1
199aac248d8749c2,2026-09-18,H&M,"Sea Star Oceanside Sea Center Oceanside, CA",half_day,1/2 Day PM,0.5,15,"{""bonito"": 75, ""calico_bass"": 20, ""sand_bass"": 5, ""yellowtail"": 2}","{""calico_bass"": 88, ""sand_bass"": 3}",193,"Sea Star Oceanside Sea Center Oceanside, CA | 15 Anglers 1/2 Day PM | 5 Sand Bass, 2 Sculpin, 2 Yellowtail, 20 Calico Bass, 75 Bonito, 3 Sand Bass Released , 88 Calico Bass Released",San Diego Fish Reports dock totals,https://www.sandiegofishreports.com/dock_totals/boats.php?date=2026-09-18,2026-10-04T06:18:35Z,backfill,dock-trips-1
7d0db8ba53bc6159,2026-09-18,H&M,"Southern Cal Oceanside Sea Center Oceanside, CA",half_day,1/2 Day AM,0.5,40,"{""bonito"": 10, ""calico_bass"": 20, ""sheephead"": 1}","{""calico_bass"": 200}",231,"Southern Cal Oceanside Sea Center Oceanside, CA | 40 Anglers 1/2 Day AM | 1 Sheephead, 20 Calico Bass, 10 Bonito, 200 Calico Bass Released",San Diego Fish Reports dock totals,https://www.sandiegofishreports.com/dock_totals/boats.php?date=2026-09-18,2026-10-04T06:18:35Z,backfill,dock-trips-1
a2b29c6ddb9b8d93,2026-09-18,H&M,Tradition,2_day,2 Day,2.0,17,"{""dorado"": 58, ""yellowfin_tuna"": 30, ""yellowtail"": 4}",{},92,"Tradition H&M Landing San Diego, CA | 17 Anglers 2 Day | 4 Yellowtail, 58 Dorado, 30 Yellowfin Tuna",San Diego Fish Reports dock totals,https://www.sandiegofishreports.com/dock_totals/boats.php?date=2026-09-18,2026-10-04T06:18:35Z,backfill,dock-trips-1
2053cd451895e66d,2026-09-18,H&M,Vendetta 2,full_day,Full Day,1.0,24,{},{},0,"Vendetta 2 H&M Landing San Diego, CA | 24 Anglers Full Day | ",San Diego Fish Reports dock totals,https://www.sandiegofishreports.com/dock_totals/boats.php?date=2026-09-18,2026-10-04T06:18:35Z,backfill,dock-trips-1
6886a1e85174f93f,2026-09-18,Point Loma,Daily Double,half_day,1/2 Day PM,0.5,17,"{""bonito"": 25, ""calico_bass"": 25, ""rockfish"": 5, ""sheephead"": 1, ""yellowtail"": 3}",{},59,"Daily Double Point Loma Sportfishing San Diego, CA | 17 Anglers 1/2 Day PM | 1 Sculpin, 1 Sheephead, 3 Yellowtail, 25 Calico Bass, 25 Bonito, 5 Rockfish",San Diego Fish Reports dock totals,https://www.sandiegofishreports.com/dock_totals/boats.php?date=2026-09-18,2026-10-04T06:18:35Z,backfill,dock-trips-1
cf1029b30586d10f,2026-09-18,Point Loma,Mission Belle,full_day,Full Day,1.0,23,"{""dorado"": 1, ""yellowfin_tuna"": 43}",{},44,"Mission Belle Point Loma Sportfishing San Diego, CA | 23 Anglers Full Day | 1 Dorado, 43 Yellowfin Tuna",San Diego Fish Reports dock totals,https://www.sandiegofishreports.com/dock_totals/boats.php?date=2026-09-18,2026-10-04T06:18:35Z,backfill,dock-trips-1
64fee22c039c9066,2026-09-18,Point Loma,New Lo-An,2_day,2 Day,2.0,25,"{""dorado"": 85, ""yellowtail"": 8}",{},93,"New Lo-An Point Loma Sportfishing San Diego, CA | 25 Anglers 2 Day | 8 Yellowtail, 85 Dorado, 3 Wahoo",San Diego Fish Reports dock totals,https://www.sandiegofishreports.com/dock_totals/boats.php?date=2026-09-18,2026-10-04T06:18:35Z,backfill,dock-trips-1
6aa1085ca728a776,2026-09-18,Point Loma,Point Loma,full_day,Full Day,1.0,18,"{""dorado"": 12, ""yellowfin_tuna"": 15, ""yellowtail"": 6}",{},33,"Point Loma Point Loma Sportfishing San Diego, CA | 18 Anglers Full Day | 6 Yellowtail, 12 Dorado, 15 Yellowfin Tuna",San Diego Fish Reports dock totals,https://www.sandiegofishreports.com/dock_totals/boats.php?date=2026-09-18,2026-10-04T06:18:35Z,backfill,dock-trips-1
76d2e3e65257ae15,2026-09-18,Seaforth,Aztec,1.5_day,1.5 Day,1.5,23,"{""dorado"": 24, ""yellowfin_tuna"": 12, ""yellowtail"": 5}",{},41,"Aztec Seaforth Sportfishing San Diego, CA | 23 Anglers 1.5 Day | 5 Yellowtail, 24 Dorado, 4 Wahoo, 12 Yellowfin Tuna",San Diego Fish Reports dock totals,https://www.sandiegofishreports.com/dock_totals/boats.php?date=2026-09-18,2026-10-04T06:18:35Z,backfill,dock-trips-1
88faadb21225e853,2026-09-18,Seaforth,Cortez,2.5_day,2.5 Day,2.5,11,"{""bluefin_tuna"": 10, ""dorado"": 2, ""rockfish"": 88, ""yellowfin_tuna"": 4, ""yellowtail"": 7}",{},111,"Cortez Seaforth Sportfishing San Diego, CA | 11 Anglers 2.5 Day | 10 Bluefin Tuna (up to 190 pounds), 7 Yellowtail, 2 Dorado, 44 Rockfish, 44 Vermilion Rockfish, 4 Yellowfin Tuna",San Diego Fish Reports dock totals,https://www.sandiegofishreports.com/dock_totals/boats.php?date=2026-09-18,2026-10-04T06:18:35Z,backfill,dock-trips-1
1a202e857f35a037,2026-09-18,Seaforth,El Gato Dos,full_day,Full Day Offshore,1.0,6,"{""yellowfin_tuna"": 22, ""yellowtail"": 1}",{},23,"El Gato Dos Seaforth Sportfishing San Diego, CA | 6 Anglers Full Day Offshore | 1 Yellowtail, 9 Skipjack Tuna, 1 Wahoo, 22 Yellowfin Tuna",San Diego Fish Reports dock totals,https://www.sandiegofishreports.com/dock_totals/boats.php?date=2026-09-18,2026-10-04T06:18:35Z,backfill,dock-trips-1
1cdadcc25961003f,2026-09-18,Seaforth,New Seaforth,half_day,1/2 Day AM,0.5,54,"{""barracuda"": 3, ""bonito"": 170, ""calico_bass"": 52, ""rockfish"": 2, ""sand_bass"": 12, ""sheephead"": 2}",{},241,"New Seaforth Seaforth Sportfishing San Diego, CA | 54 Anglers 1/2 Day AM | 12 Sand Bass, 12 Bullet Tuna, 3 Barracuda, 1 Sculpin, 2 Sheephead, 52 Calico Bass, 3 Whitefish, 170 Bonito, 2 Rockfish",San Diego Fish Reports dock totals,https://www.sandiegofishreports.com/dock_totals/boats.php?date=2026-09-18,2026-10-04T06:18:35Z,backfill,dock-trips-1
e83ca6113d17ff9f,2026-09-18,Seaforth,New Seaforth,half_day,1/2 Day PM,0.5,51,"{""barracuda"": 3, ""bonito"": 135, ""calico_bass"": 39, ""rockfish"": 8, ""sand_bass"": 17, ""sheephead"": 4}",{},206,"New Seaforth Seaforth Sportfishing San Diego, CA | 51 Anglers 1/2 Day PM | 17 Sand Bass, 3 Barracuda, 4 Sheephead, 39 Calico Bass, 135 Bonito, 8 Rockfish",San Diego Fish Reports dock totals,https://www.sandiegofishreports.com/dock_totals/boats.php?date=2026-09-18,2026-10-04T06:18:35Z,backfill,dock-trips-1
d8546031caf2d88b,2026-09-18,Seaforth,New Seaforth,twilight,1/2 Day Twilight,0.4,31,"{""bonito"": 155, ""calico_bass"": 92, ""rockfish"": 2, ""sand_bass"": 1, ""sheephead"": 4}",{},254,"New Seaforth Seaforth Sportfishing San Diego, CA | 31 Anglers 1/2 Day Twilight | 1 Sand Bass, 4 Sheephead, 92 Calico Bass, 155 Bonito, 2 Rockfish",San Diego Fish Reports dock totals,https://www.sandiegofishreports.com/dock_totals/boats.php?date=2026-09-18,2026-10-04T06:18:35Z,backfill,dock-trips-1
e83f2198c8ceab8c,2026-09-18,Seaforth,San Diego,full_day,Full Day Offshore,1.0,17,"{""dorado"": 1, ""yellowfin_tuna"": 133}",{},134,"San Diego Seaforth Sportfishing San Diego, CA | 17 Anglers Full Day Offshore | 1 Dorado, 2 Skipjack Tuna, 133 Yellowfin Tuna",San Diego Fish Reports dock totals,https://www.sandiegofishreports.com/dock_totals/boats.php?date=2026-09-18,2026-10-04T06:18:35Z,backfill,dock-trips-1
ec2b8ab9f30b54e8,2026-09-18,Seaforth,Sea Watch,full_day,Full Day Offshore,1.0,30,"{""dorado"": 17, ""yellowfin_tuna"": 150}",{},167,"Sea Watch Seaforth Sportfishing San Diego, CA | 30 Anglers Full Day Offshore | 17 Dorado, 1 Striped Marlin, 150 Yellowfin Tuna",San Diego Fish Reports dock totals,https://www.sandiegofishreports.com/dock_totals/boats.php?date=2026-09-18,2026-10-04T06:18:35Z,backfill,dock-trips-1
28fe2ca010050345,2026-09-18,Seaforth,Tribute,1.5_day,1.5 Day,1.5,29,"{""dorado"": 58, ""yellowfin_tuna"": 100, ""yellowtail"": 9}",{},167,"Tribute Seaforth Sportfishing San Diego, CA | 29 Anglers 1.5 Day | 9 Yellowtail, 58 Dorado, 100 Yellowfin Tuna",San Diego Fish Reports dock totals,https://www.sandiegofishreports.com/dock_totals/boats.php?date=2026-09-18,2026-10-04T06:18:35Z,backfill,dock-trips-1
e1d4ad8ae1a073ad,2026-09-18,Seaforth,Voyager,2.5_day,2.5 Day,2.5,7,"{""dorado"": 28, ""yellowfin_tuna"": 20}",{},48,"Voyager Seaforth Sportfishing San Diego, CA | 7 Anglers 2.5 Day | 28 Dorado, 4 Wahoo, 20 Yellowfin Tuna",San Diego Fish Reports dock totals,https://www.sandiegofishreports.com/dock_totals/boats.php?date=2026-09-18,2026-10-04T06:18:35Z,backfill,dock-trips-1
9888daf37026fc73,2026-09-19,Fishermans,Dolphin,half_day,1/2 Day AM,0.5,56,"{""bonito"": 28, ""calico_bass"": 29, ""rockfish"": 7, ""sand_bass"": 5, ""sheephead"": 5, ""yellowtail"": 3}",{},77,"Dolphin Fisherman's Landing San Diego, CA | 56 Anglers 1/2 Day AM | 5 Sand Bass, 3 Sculpin, 5 Sheephead, 3 Yellowtail, 29 Calico Bass, 28 Bonito, 7 Rockfish",San Diego Fish Reports dock totals,https://www.sandiegofishreports.com/dock_totals/boats.php?date=2026-09-19,2026-10-04T06:18:37Z,backfill,dock-trips-1
3532ab6bfab929a1,2026-09-19,Fishermans,Dolphin,half_day,1/2 Day PM,0.5,57,"{""bonito"": 77, ""calico_bass"": 39, ""rockfish"": 9, ""sand_bass"": 1, ""sheephead"": 7, ""yellowtail"": 1}",{},134,"Dolphin Fisherman's Landing San Diego, CA | 57 Anglers 1/2 Day PM | 1 Sand Bass, 7 Sheephead, 1 Yellowtail, 39 Calico Bass, 77 Bonito, 9 Rockfish",San Diego Fish Reports dock totals,https://www.sandiegofishreports.com/dock_totals/boats.php?date=2026-09-19,2026-10-04T06:18:37Z,backfill,dock-trips-1
79d1411cb0dc26b4,2026-09-19,Fishermans,Fortune,2.5_day,2.5 Day,2.5,12,"{""dorado"": 27}",{},27,"Fortune Fisherman's Landing San Diego, CA | 12 Anglers 2.5 Day | 27 Dorado, 1 Wahoo",San Diego Fish Reports dock totals,https://www.sandiegofishreports.com/dock_totals/boats.php?date=2026-09-19,2026-10-04T06:18:37Z,backfill,dock-trips-1
d82209d7af7178ae,2026-09-19,H&M,"Chubasco II Oceanside Sea Center Oceanside, CA",twilight,1/2 Day Twilight Local,0.4,35,"{""bonito"": 40, ""calico_bass"": 75, ""rockfish"": 5, ""sand_bass"": 50, ""sheephead"": 2}","{""calico_bass"": 160}",332,"Chubasco II Oceanside Sea Center Oceanside, CA | 35 Anglers 1/2 Day Twilight Local | 50 Sand Bass, 10 Sculpin, 2 Sheephead, 75 Calico Bass, 40 Bonito, 5 Rockfish, 160 Calico Bass Released",San Diego Fish Reports dock totals,https://www.sandiegofishreports.com/dock_totals/boats.php?date=2026-09-19,2026-10-04T06:18:37Z,backfill,dock-trips-1
bd18449c75db7521,2026-09-19,H&M,"Chubasco II Oceanside Sea Center Oceanside, CA",full_day,Full Day,1.0,25,"{""dorado"": 2, ""yellowfin_tuna"": 65}",{},67,"Chubasco II Oceanside Sea Center Oceanside, CA | 25 Anglers Full Day | 2 Dorado, 5 Skipjack Tuna, 65 Yellowfin Tuna",San Diego Fish Reports dock totals,https://www.sandiegofishreports.com/dock_totals/boats.php?date=2026-09-19,2026-10-04T06:18:37Z,backfill,dock-trips-1
e6c6e0e9316d3ffd,2026-09-19,H&M,"Effishency Oceanside Sea Center Oceanside, CA",three_quarter_day,3/4 Day,0.75,4,"{""yellowfin_tuna"": 40}",{},40,"Effishency Oceanside Sea Center Oceanside, CA | 4 Anglers 3/4 Day | 3 Skipjack Tuna, 40 Yellowfin Tuna",San Diego Fish Reports dock totals,https://www.sandiegofishreports.com/dock_totals/boats.php?date=2026-09-19,2026-10-04T06:18:37Z,backfill,dock-trips-1
10af9c280cd401a5,2026-09-19,H&M,Malihini,full_day,Full Day,1.0,15,"{""rockfish"": 67, ""yellowfin_tuna"": 20}",{},87,"Malihini H&M Landing San Diego, CA | 15 Anglers Full Day | 51 Whitefish, 65 Rockfish, 2 Red Rockfish, 1 Wahoo, 20 Yellowfin Tuna",San Diego Fish Reports dock totals,https://www.sandiegofishreports.com/dock_totals/boats.php?date=2026-09-19,2026-10-04T06:18:37Z,backfill,dock-trips-1
2958815a9122b839,2026-09-19,H&M,Patriot (SD),overnight,Overnight,1.0,9,"{""dorado"": 1, ""yellowfin_tuna"": 45, ""yellowtail"": 3}",{},49,"Patriot (SD) H&M Landing San Diego, CA | 9 Anglers Overnight | 3 Yellowtail, 1 Dorado, 2 Skipjack Tuna, 45 Yellowfin Tuna",San Diego Fish Reports dock totals,https://www.sandiegofishreports.com/dock_totals/boats.php?date=2026-09-19,2026-10-04T06:18:37Z,backfill,dock-trips-1
7b95314e8284fde2,2026-09-19,H&M,Premier,full_day,Full Day Offshore,1.0,31,"{""dorado"": 2, ""yellowfin_tuna"": 51, ""yellowtail"": 38}",{},91,"Premier H&M Landing San Diego, CA | 31 Anglers Full Day Offshore | 5 Bullet Tuna, 38 Yellowtail, 2 Dorado, 1 Skipjack Tuna, 1 Striped Marlin, 1 Wahoo, 51 Yellowfin Tuna",San Diego Fish Reports dock totals,https://www.sandiegofishreports.com/dock_totals/boats.php?date=2026-09-19,2026-10-04T06:18:37Z,backfill,dock-trips-1
1d74b52ac45b7a00,2026-09-19,H&M,"Pronto Oceanside Sea Center Oceanside, CA",three_quarter_day,3/4 Day,0.75,12,"{""yellowfin_tuna"": 1, ""yellowtail"": 12}",{},13,"Pronto Oceanside Sea Center Oceanside, CA | 12 Anglers 3/4 Day | 12 Yellowtail, 1 Mako Shark, 1 Yellowfin Tuna",San Diego Fish Reports dock totals,https://www.sandiegofishreports.com/dock_totals/boats.php?date=2026-09-19,2026-10-04T06:18:37Z,backfill,dock-trips-1
1a7beae518b8ee5d,2026-09-19,H&M,Relentless,overnight,Overnight,1.0,20,"{""dorado"": 29, ""yellowfin_tuna"": 100, ""yellowtail"": 13}",{},142,"Relentless H&M Landing San Diego, CA | 20 Anglers Overnight | 13 Yellowtail, 29 Dorado, 100 Yellowfin Tuna",San Diego Fish Reports dock totals,https://www.sandiegofishreports.com/dock_totals/boats.php?date=2026-09-19,2026-10-04T06:18:37Z,backfill,dock-trips-1
d20f695624c4b210,2026-09-19,H&M,"Southern Cal Oceanside Sea Center Oceanside, CA",half_day,1/2 Day AM,0.5,43,"{""bonito"": 30, ""calico_bass"": 12, ""sheephead"": 3}","{""calico_bass"": 60}",105,"Southern Cal Oceanside Sea Center Oceanside, CA | 43 Anglers 1/2 Day AM | 3 Sheephead, 12 Calico Bass, 5 Whitefish, 30 Bonito, 60 Calico Bass Released",San Diego Fish Reports dock totals,https://www.sandiegofishreports.com/dock_totals/boats.php?date=2026-09-19,2026-10-04T06:18:37Z,backfill,dock-trips-1
d7029c87a6a35c14,2026-09-19,H&M,Tradition,overnight,Overnight,1.0,21,"{""dorado"": 5, ""yellowfin_tuna"": 80}",{},85,"Tradition H&M Landing San Diego, CA | 21 Anglers Overnight | 5 Dorado, 80 Yellowfin Tuna",San Diego Fish Reports dock totals,https://www.sandiegofishreports.com/dock_totals/boats.php?date=2026-09-19,2026-10-04T06:18:37Z,backfill,dock-trips-1
f8fbd655048c51e6,2026-09-19,Point Loma,Mission Belle,full_day,Full Day,1.0,30,"{""dorado"": 6, ""yellowfin_tuna"": 113}",{},119,"Mission Belle Point Loma Sportfishing San Diego, CA | 30 Anglers Full Day | 6 Dorado, 30 Skipjack Tuna, 113 Yellowfin Tuna",San Diego Fish Reports dock totals,https://www.sandiegofishreports.com/dock_totals/boats.php?date=2026-09-19,2026-10-04T06:18:37Z,backfill,dock-trips-1
dd94f487c7c0eaad,2026-09-19,Seaforth,El Gato Dos,full_day,Full Day Offshore,1.0,5,"{""dorado"": 2, ""yellowfin_tuna"": 9, ""yellowtail"": 1}",{},12,"El Gato Dos Seaforth Sportfishing San Diego, CA | 5 Anglers Full Day Offshore | 1 Yellowtail, 2 Dorado, 1 Skipjack Tuna, 2 Striped Marlin, 9 Yellowfin Tuna",San Diego Fish Reports dock totals,https://www.sandiegofishreports.com/dock_totals/boats.php?date=2026-09-19,2026-10-04T06:18:37Z,backfill,dock-trips-1
489368d81976d7f1,2026-09-19,Seaforth,New Seaforth,twilight,1/2 Day Twilight,0.4,54,"{""bonito"": 20, ""calico_bass"": 52, ""rockfish"": 15, ""sheephead"": 1, ""yellowtail"": 1}",{},89,"New Seaforth Seaforth Sportfishing San Diego, CA | 54 Anglers 1/2 Day Twilight | 4 Sculpin, 1 Sheephead, 1 Yellowtail, 52 Calico Bass, 20 Bonito, 15 Rockfish",San Diego Fish Reports dock totals,https://www.sandiegofishreports.com/dock_totals/boats.php?date=2026-09-19,2026-10-04T06:18:37Z,backfill,dock-trips-1
880c911f621f57c2,2026-09-19,Seaforth,New Seaforth,full_day,Full Day Offshore,1.0,23,"{""dorado"": 4, ""yellowfin_tuna"": 91, ""yellowtail"": 22}",{},117,"New Seaforth Seaforth Sportfishing San Diego, CA | 23 Anglers Full Day Offshore | 22 Yellowtail, 4 Dorado, 12 Skipjack Tuna, 1 Striped Marlin, 91 Yellowfin Tuna",San Diego Fish Reports dock totals,https://www.sandiegofishreports.com/dock_totals/boats.php?date=2026-09-19,2026-10-04T06:18:37Z,backfill,dock-trips-1
ce8f67e2ca481e62,2026-09-19,Seaforth,San Diego,full_day,Full Day Offshore,1.0,25,"{""dorado"": 2, ""yellowfin_tuna"": 199}",{},201,"San Diego Seaforth Sportfishing San Diego, CA | 25 Anglers Full Day Offshore | 2 Dorado, 16 Skipjack Tuna, 199 Yellowfin Tuna",San Diego Fish Reports dock totals,https://www.sandiegofishreports.com/dock_totals/boats.php?date=2026-09-19,2026-10-04T06:18:37Z,backfill,dock-trips-1
5cb50f6f85756a22,2026-09-19,Seaforth,Sea Watch,full_day,Full Day Offshore,1.0,23,"{""dorado"": 6, ""yellowfin_tuna"": 104}",{},110,"Sea Watch Seaforth Sportfishing San Diego, CA | 23 Anglers Full Day Offshore | 6 Dorado, 6 Skipjack Tuna, 104 Yellowfin Tuna",San Diego Fish Reports dock totals,https://www.sandiegofishreports.com/dock_totals/boats.php?date=2026-09-19,2026-10-04T06:18:37Z,backfill,dock-trips-1
46348cfbe57e0140,2026-09-20,Fishermans,Constitution,2_day,2 Day,2.0,21,"{""dorado"": 40, ""yellowfin_tuna"": 5, ""yellowtail"": 6}","{""yellowfin_tuna"": 20}",71,"Constitution Fisherman's Landing San Diego, CA | 21 Anglers 2 Day | 6 Yellowtail, 40 Dorado, 5 Yellowfin Tuna, 20 Yellowfin Tuna Released",San Diego Fish Reports dock totals,https://www.sandiegofishreports.com/dock_totals/boats.php?date=2026-09-20,2026-10-04T06:18:39Z,backfill,dock-trips-1
aacb377a648e2ed9,2026-09-20,Fishermans,Dolphin,half_day,1/2 Day AM,0.5,55,"{""calico_bass"": 37, ""california_halibut"": 1, ""rockfish"": 14, ""sand_bass"": 26, ""sheephead"": 5, ""yellowtail"": 1}",{},84,"Dolphin Fisherman's Landing San Diego, CA | 55 Anglers 1/2 Day AM | 26 Sand Bass, 1 Halibut, 86 Sculpin, 5 Sheephead, 1 Yellowtail, 37 Calico Bass, 14 Rockfish",San Diego Fish Reports dock totals,https://www.sandiegofishreports.com/dock_totals/boats.php?date=2026-09-20,2026-10-04T06:18:39Z,backfill,dock-trips-1
1197c51295a9ad23,2026-09-20,Fishermans,Dolphin,half_day,1/2 Day PM,0.5,56,"{""calico_bass"": 32, ""rockfish"": 12, ""sand_bass"": 5, ""sheephead"": 7, ""yellowtail"": 2}",{},58,"Dolphin Fisherman's Landing San Diego, CA | 56 Anglers 1/2 Day PM | 5 Sand Bass, 4 Sculpin, 7 Sheephead, 2 Yellowtail, 1 Black Seabass, 32 Calico Bass, 12 Rockfish, 1 Black Seabass Released",San Diego Fish Reports dock totals,https://www.sandiegofishreports.com/dock_totals/boats.php?date=2026-09-20,2026-10-04T06:18:39Z,backfill,dock-trips-1
a2c21dff2bdf8935,2026-09-20,Fishermans,Islander,3.5_day,3.5 Day,3.5,27,"{""bluefin_tuna"": 4, ""dorado"": 44, ""yellowfin_tuna"": 2}",{},50,"Islander Fisherman's Landing San Diego, CA | 27 Anglers 3.5 Day | 4 Bluefin Tuna (up to 130 pounds), 44 Dorado, 2 Wahoo, 2 Yellowfin Tuna (up to 50 pounds)",San Diego Fish Reports dock totals,https://www.sandiegofishreports.com/dock_totals/boats.php?date=2026-09-20,2026-10-04T06:18:39Z,backfill,dock-trips-1
a988e4ee53f0a220,2026-09-20,Fishermans,Liberty,2_day,2 Day,2.0,20,"{""dorado"": 140, ""yellowfin_tuna"": 140, ""yellowtail"": 19}",{},299,"Liberty Fisherman's Landing San Diego, CA | 20 Anglers 2 Day | 19 Yellowtail, 140 Dorado, 1 Skipjack Tuna, 140 Yellowfin Tuna (up to 100 pounds)",San Diego Fish Reports dock totals,https://www.sandiegofishreports.com/dock_totals/boats.php?date=2026-09-20,2026-10-04T06:18:39Z,backfill,dock-trips-1
13dd41466aa31c5a,2026-09-20,Fishermans,Pacific Dawn,2.5_day,2.5 Day,2.5,15,"{""dorado"": 10, ""yellowfin_tuna"": 35}",{},45,"Pacific Dawn Fisherman's Landing San Diego, CA | 15 Anglers 2.5 Day | 10 Dorado, 1 Wahoo, 35 Yellowfin Tuna",San Diego Fish Reports dock totals,https://www.sandiegofishreports.com/dock_totals/boats.php?date=2026-09-20,2026-10-04T06:18:39Z,backfill,dock-trips-1
9427f32d6d125a1f,2026-09-20,Fishermans,Pacific Queen,3.5_day,3.5 Day,3.5,18,"{""dorado"": 138, ""yellowtail"": 18}",{},156,"Pacific Queen Fisherman's Landing San Diego, CA | 18 Anglers 3.5 Day | 18 Yellowtail, 138 Dorado, 20 Wahoo",San Diego Fish Reports dock totals,https://www.sandiegofishreports.com/dock_totals/boats.php?date=2026-09-20,2026-10-04T06:18:39Z,backfill,dock-trips-1
9633b1463118549a,2026-09-20,Fishermans,Pegasus,2_day,2 Day,2.0,17,{},{},0,"Pegasus Fisherman's Landing San Diego, CA | 17 Anglers 2 Day | ",San Diego Fish Reports dock totals,https://www.sandiegofishreports.com/dock_totals/boats.php?date=2026-09-20,2026-10-04T06:18:39Z,backfill,dock-trips-1
5231596e83676889,2026-09-20,Fishermans,Tomahawk,2_day,2 Day,2.0,28,"{""dorado"": 56, ""yellowfin_tuna"": 95}",{},151,"Tomahawk Fisherman's Landing San Diego, CA | 28 Anglers 2 Day | 56 Dorado, 95 Yellowfin Tuna",San Diego Fish Reports dock totals,https://www.sandiegofishreports.com/dock_totals/boats.php?date=2026-09-20,2026-10-04T06:18:39Z,backfill,dock-trips-1
3f6572cbaa1e60c4,2026-09-20,H&M,"Blue Horizon Oceanside Sea Center Oceanside, CA",three_quarter_day,3/4 Day,0.75,28,"{""dorado"": 1, ""yellowfin_tuna"": 117}",{},118,"Blue Horizon Oceanside Sea Center Oceanside, CA | 28 Anglers 3/4 Day | 81 Bullet Tuna, 1 Dorado, 8 Skipjack Tuna, 117 Yellowfin Tuna",San Diego Fish Reports dock totals,https://www.sandiegofishreports.com/dock_totals/boats.php?date=2026-09-20,2026-10-04T06:18:39Z,backfill,dock-trips-1
5581dafb535109e8,2026-09-20,H&M,"Chubasco II Oceanside Sea Center Oceanside, CA",half_day,1/2 Day AM,0.5,34,"{""barracuda"": 38, ""bonito"": 50, ""calico_bass"": 88, ""sand_bass"": 26, ""yellowtail"": 8}",{},210,"Chubasco II Oceanside Sea Center Oceanside, CA | 34 Anglers 1/2 Day AM | 26 Sand Bass, 38 Barracuda, 8 Yellowtail, 88 Calico Bass, 50 Bonito",San Diego Fish Reports dock totals,https://www.sandiegofishreports.com/dock_totals/boats.php?date=2026-09-20,2026-10-04T06:18:39Z,backfill,dock-trips-1
8d586c690c1258aa,2026-09-20,H&M,Excalibur,3_day,3 Day,3.0,27,"{""dorado"": 120, ""yellowfin_tuna"": 1, ""yellowtail"": 6}",{},127,"Excalibur H&M Landing San Diego, CA | 27 Anglers 3 Day | 6 Yellowtail, 120 Dorado, 3 Striped Marlin, 18 Wahoo, 1 Yellowfin Tuna",San Diego Fish Reports dock totals,https://www.sandiegofishreports.com/dock_totals/boats.php?date=2026-09-20,2026-10-04T06:18:39Z,backfill,dock-trips-1
34fefa43645dd51c,2026-09-20,H&M,Grande,full_day,Full Day Offshore,1.0,41,"{""dorado"": 1, ""yellowfin_tuna"": 47}",{},48,"Grande H&M Landing San Diego, CA | 41 Anglers Full Day Offshore | 1 Dorado, 5 Skipjack Tuna, 47 Yellowfin Tuna",San Diego Fish Reports dock totals,https://www.sandiegofishreports.com/dock_totals/boats.php?date=2026-09-20,2026-10-04T06:18:39Z,backfill,dock-trips-1
4f2429aed369ce07,2026-09-20,H&M,Horizon,1.5_day,1.5 Day,1.5,21,"{""dorado"": 15, ""yellowfin_tuna"": 105, ""yellowtail"": 10}",{},130,"Horizon H&M Landing San Diego, CA | 21 Anglers 1.5 Day | 10 Yellowtail, 15 Dorado, 105 Yellowfin Tuna",San Diego Fish Reports dock totals,https://www.sandiegofishreports.com/dock_totals/boats.php?date=2026-09-20,2026-10-04T06:18:39Z,backfill,dock-trips-1
6d5d99bfea5276b8,2026-09-20,H&M,Malihini,three_quarter_day,3/4 Day Local,0.75,36,"{""barracuda"": 14, ""bonito"": 130, ""calico_bass"": 1, ""rockfish"": 15, ""sand_bass"": 78, ""yellowtail"": 2}","{""calico_bass"": 8, ""sand_bass"": 15}",263,"Malihini H&M Landing San Diego, CA | 36 Anglers 3/4 Day Local | 78 Sand Bass, 14 Barracuda, 1 Sculpin, 2 Yellowtail, 1 Calico Bass, 20 Whitefish, 130 Bonito, 15 Red Rockfish, 15 Sand Bass Released , 8 Calico Bass Released",San Diego Fish Reports dock totals,https://www.sandiegofishreports.com/dock_totals/boats.php?date=2026-09-20,2026-10-04T06:18:39Z,backfill,dock-trips-1
ac985942f66c6f30,2026-09-20,H&M,Ocean Odyssey,1.5_day,1.5 Day,1.5,28,"{""dorado"": 30, ""yellowfin_tuna"": 26, ""yellowtail"": 10}",{},66,"Ocean Odyssey H&M Landing San Diego, CA | 28 Anglers 1.5 Day | 10 Yellowtail, 30 Dorado, 3 Skipjack Tuna, 1 Striped Marlin, 26 Yellowfin Tuna",San Diego Fish Reports dock totals,https://www.sandiegofishreports.com/dock_totals/boats.php?date=2026-09-20,2026-10-04T06:18:39Z,backfill,dock-trips-1
aba7aa19c5df2d25,2026-09-20,H&M,Old Glory,1.5_day,1.5 Day,1.5,22,"{""dorado"": 30, ""yellowfin_tuna"": 110, ""yellowtail"": 1}",{},141,"Old Glory H&M Landing San Diego, CA | 22 Anglers 1.5 Day | 1 Yellowtail, 30 Dorado, 2 Skipjack Tuna, 110 Yellowfin Tuna",San Diego Fish Reports dock totals,https://www.sandiegofishreports.com/dock_totals/boats.php?date=2026-09-20,2026-10-04T06:18:39Z,backfill,dock-trips-1
3d37d2027ffaac7c,2026-09-20,H&M,Patriot (SD),overnight,Overnight,1.0,10,"{""dorado"": 2, ""yellowfin_tuna"": 100}",{},102,"Patriot (SD) H&M Landing San Diego, CA | 10 Anglers Overnight | 2 Dorado, 1 Skipjack Tuna, 100 Yellowfin Tuna",San Diego Fish Reports dock totals,https://www.sandiegofishreports.com/dock_totals/boats.php?date=2026-09-20,2026-10-04T06:18:39Z,backfill,dock-trips-1
8730dc42fd7e18de,2026-09-20,H&M,Premier,half_day,1/2 Day AM,0.5,52,"{""bonito"": 9, ""calico_bass"": 14, ""rockfish"": 8, ""sand_bass"": 26, ""sheephead"": 5, ""yellowtail"": 2}",{},64,"Premier H&M Landing San Diego, CA | 52 Anglers 1/2 Day AM | 26 Sand Bass, 1 Bullet Tuna, 8 Sculpin, 5 Sheephead, 2 Yellowtail, 14 Calico Bass, 9 Bonito, 8 Rockfish",San Diego Fish Reports dock totals,https://www.sandiegofishreports.com/dock_totals/boats.php?date=2026-09-20,2026-10-04T06:18:39Z,backfill,dock-trips-1
6b6ae6b846215cd4,2026-09-20,H&M,Premier,half_day,1/2 Day PM,0.5,52,"{""bonito"": 6, ""calico_bass"": 13, ""california_halibut"": 1, ""rockfish"": 8, ""sand_bass"": 38, ""yellowtail"": 3}",{},69,"Premier H&M Landing San Diego, CA | 52 Anglers 1/2 Day PM | 38 Sand Bass, 1 Halibut, 17 Sculpin, 3 Yellowtail, 13 Calico Bass, 6 Bonito, 8 Rockfish",San Diego Fish Reports dock totals,https://www.sandiegofishreports.com/dock_totals/boats.php?date=2026-09-20,2026-10-04T06:18:39Z,backfill,dock-trips-1
36a5dbb7689c92ec,2026-09-20,H&M,Producer,1.5_day,1.5 Day,1.5,20,"{""bonito"": 12, ""calico_bass"": 5, ""dorado"": 20, ""yellowfin_tuna"": 200, ""yellowtail"": 5}",{},242,"Producer H&M Landing San Diego, CA | 20 Anglers 1.5 Day | 5 Yellowtail, 20 Dorado, 5 Calico Bass, 2 Whitefish, 12 Bonito, 5 Skipjack Tuna, 200 Yellowfin Tuna",San Diego Fish Reports dock totals,https://www.sandiegofishreports.com/dock_totals/boats.php?date=2026-09-20,2026-10-04T06:18:39Z,backfill,dock-trips-1
7d5b73ed7968fd56,2026-09-20,H&M,"Pronto Oceanside Sea Center Oceanside, CA",three_quarter_day,3/4 Day,0.75,12,"{""yellowfin_tuna"": 120}",{},120,"Pronto Oceanside Sea Center Oceanside, CA | 12 Anglers 3/4 Day | 2 Skipjack Tuna, 120 Yellowfin Tuna",San Diego Fish Reports dock totals,https://www.sandiegofishreports.com/dock_totals/boats.php?date=2026-09-20,2026-10-04T06:18:39Z,backfill,dock-trips-1
864e56d2d3f5b64d,2026-09-20,H&M,Relentless,overnight,Overnight,1.0,20,"{""dorado"": 4, ""yellowfin_tuna"": 4}",{},8,"Relentless H&M Landing San Diego, CA | 20 Anglers Overnight | 4 Dorado, 4 Yellowfin Tuna",San Diego Fish Reports dock totals,https://www.sandiegofishreports.com/dock_totals/boats.php?date=2026-09-20,2026-10-04T06:18:39Z,backfill,dock-trips-1
bd5cebe62683f984,2026-09-20,H&M,"Southern Cal Oceanside Sea Center Oceanside, CA",three_quarter_day,3/4 Day,0.75,22,"{""barracuda"": 1, ""bonito"": 100, ""calico_bass"": 20, ""sand_bass"": 10, ""yellowfin_tuna"": 7}","{""calico_bass"": 60, ""sand_bass"": 20}",218,"Southern Cal Oceanside Sea Center Oceanside, CA | 22 Anglers 3/4 Day | 10 Sand Bass, 1 Barracuda, 20 Calico Bass, 8 Whitefish, 100 Bonito, 7 Yellowfin Tuna, 20 Sand Bass Released , 60 Calico Bass Released",San Diego Fish Reports dock totals,https://www.sandiegofishreports.com/dock_totals/boats.php?date=2026-09-20,2026-10-04T06:18:39Z,backfill,dock-trips-1
e27f73948964cbb9,2026-09-20,H&M,Tradition,overnight,Overnight,1.0,30,"{""dorado"": 42, ""yellowfin_tuna"": 92}",{},134,"Tradition H&M Landing San Diego, CA | 30 Anglers Overnight | 42 Dorado, 2 Skipjack Tuna, 92 Yellowfin Tuna",San Diego Fish Reports dock totals,https://www.sandiegofishreports.com/dock_totals/boats.php?date=2026-09-20,2026-10-04T06:18:39Z,backfill,dock-trips-1
1da493e877d4371e,2026-09-20,Point Loma,Daily Double,half_day,1/2 Day AM,0.5,37,"{""calico_bass"": 5, ""california_halibut"": 1, ""rockfish"": 4, ""sand_bass"": 8, ""sheephead"": 2}",{},20,"Daily Double Point Loma Sportfishing San Diego, CA | 37 Anglers 1/2 Day AM | 8 Barred Sand Bass, 1 Halibut, 8 Sculpin, 2 Sheephead, 5 Calico Bass, 3 Whitefish, 4 Rockfish",San Diego Fish Reports dock totals,https://www.sandiegofishreports.com/dock_totals/boats.php?date=2026-09-20,2026-10-04T06:18:39Z,backfill,dock-trips-1
e08edca03e84cc59,2026-09-20,Point Loma,Mission Belle,full_day,Full Day,1.0,31,"{""dorado"": 11, ""yellowfin_tuna"": 51}",{},62,"Mission Belle Point Loma Sportfishing San Diego, CA | 31 Anglers Full Day | 11 Dorado, 51 Yellowfin Tuna",San Diego Fish Reports dock totals,https://www.sandiegofishreports.com/dock_totals/boats.php?date=2026-09-20,2026-10-04T06:18:39Z,backfill,dock-trips-1
d6001e8b127ff3b5,2026-09-20,Point Loma,Point Loma,half_day,1/2 Day AM,0.5,21,"{""bonito"": 1, ""calico_bass"": 12, ""rockfish"": 10, ""sand_bass"": 1, ""sheephead"": 8}",{},32,"Point Loma Point Loma Sportfishing San Diego, CA | 21 Anglers 1/2 Day AM | 1 Barred Sand Bass, 43 Sculpin, 8 Sheephead, 12 Calico Bass, 1 Bonito, 10 Rockfish",San Diego Fish Reports dock totals,https://www.sandiegofishreports.com/dock_totals/boats.php?date=2026-09-20,2026-10-04T06:18:39Z,backfill,dock-trips-1
97cb89c9822a87c6,2026-09-20,Seaforth,Apollo,2.5_day,2.5 Day,2.5,20,"{""yellowfin_tuna"": 201, ""yellowtail"": 15}",{},216,"Apollo Seaforth Sportfishing San Diego, CA | 20 Anglers 2.5 Day | 15 Yellowtail, 81 Skipjack Tuna, 2 Striped Marlin, 201 Yellowfin Tuna",San Diego Fish Reports dock totals,https://www.sandiegofishreports.com/dock_totals/boats.php?date=2026-09-20,2026-10-04T06:18:39Z,backfill,dock-trips-1
b42e0d0ce95c31cd,2026-09-20,Seaforth,El Gato Dos,full_day,Full Day Offshore,1.0,6,"{""dorado"": 12, ""yellowfin_tuna"": 20}",{},32,"El Gato Dos Seaforth Sportfishing San Diego, CA | 6 Anglers Full Day Offshore | 12 Dorado, 20 Yellowfin Tuna, 2 Striped Marlin Released",San Diego Fish Reports dock totals,https://www.sandiegofishreports.com/dock_totals/boats.php?date=2026-09-20,2026-10-04T06:18:39Z,backfill,dock-trips-1
5bab3e2055019bfb,2026-09-20,Seaforth,Highliner,2_day,2 Day,2.0,21,"{""dorado"": 5, ""yellowfin_tuna"": 151}",{},156,"Highliner Seaforth Sportfishing San Diego, CA | 21 Anglers 2 Day | 5 Dorado, 76 Skipjack Tuna, 1 Wahoo, 151 Yellowfin Tuna",San Diego Fish Reports dock totals,https://www.sandiegofishreports.com/dock_totals/boats.php?date=2026-09-20,2026-10-04T06:18:39Z,backfill,dock-trips-1
78431ead515bf673,2026-09-20,Seaforth,New Seaforth,half_day,1/2 Day AM,0.5,56,"{""bonito"": 90, ""calico_bass"": 15, ""sand_bass"": 3, ""yellowtail"": 3}","{""calico_bass"": 100}",211,"New Seaforth Seaforth Sportfishing San Diego, CA | 56 Anglers 1/2 Day AM | 3 Sand Bass, 3 Bullet Tuna, 3 Yellowtail, 15 Calico Bass, 90 Bonito, 100 Calico Bass Released",San Diego Fish Reports dock totals,https://www.sandiegofishreports.com/dock_totals/boats.php?date=2026-09-20,2026-10-04T06:18:39Z,backfill,dock-trips-1
71a090a4528fcef7,2026-09-20,Seaforth,New Seaforth,half_day,1/2 Day PM,0.5,58,"{""bonito"": 80, ""calico_bass"": 18, ""sand_bass"": 3, ""sheephead"": 13}","{""calico_bass"": 100}",214,"New Seaforth Seaforth Sportfishing San Diego, CA | 58 Anglers 1/2 Day PM | 3 Sand Bass, 3 Sculpin, 13 Sheephead, 18 Calico Bass, 80 Bonito, 100 Calico Bass Released",San Diego Fish Reports dock totals,https://www.sandiegofishreports.com/dock_totals/boats.php?date=2026-09-20,2026-10-04T06:18:39Z,backfill,dock-trips-1
a4a0ad412e32bd03,2026-09-20,Seaforth,Polaris Supreme,3_day,3 Day,3.0,24,"{""bluefin_tuna"": 1, ""dorado"": 144}",{},145,"Polaris Supreme Seaforth Sportfishing San Diego, CA | 24 Anglers 3 Day | 1 Bluefin Tuna, 144 Dorado",San Diego Fish Reports dock totals,https://www.sandiegofishreports.com/dock_totals/boats.php?date=2026-09-20,2026-10-04T06:18:39Z,backfill,dock-trips-1
03670d0a695cb855,2026-09-20,Seaforth,San Diego,full_day,Full Day Offshore,1.0,36,"{""dorado"": 8, ""yellowfin_tuna"": 211}",{},219,"San Diego Seaforth Sportfishing San Diego, CA | 36 Anglers Full Day Offshore | 8 Dorado, 15 Skipjack Tuna, 211 Yellowfin Tuna",San Diego Fish Reports dock totals,https://www.sandiegofishreports.com/dock_totals/boats.php?date=2026-09-20,2026-10-04T06:18:39Z,backfill,dock-trips-1
ead7b516fbc6d630,2026-09-20,Seaforth,Sea Watch,full_day,Full Day Offshore,1.0,29,"{""dorado"": 5, ""yellowfin_tuna"": 45, ""yellowtail"": 3}",{},53,"Sea Watch Seaforth Sportfishing San Diego, CA | 29 Anglers Full Day Offshore | 3 Yellowtail, 5 Dorado, 5 Skipjack Tuna, 45 Yellowfin Tuna",San Diego Fish Reports dock totals,https://www.sandiegofishreports.com/dock_totals/boats.php?date=2026-09-20,2026-10-04T06:18:39Z,backfill,dock-trips-1
0135b4fa4a2bd4f8,2026-09-21,Fishermans,Dolphin,three_quarter_day,3/4 Day,0.75,24,"{""barracuda"": 6, ""bonito"": 36, ""calico_bass"": 22, ""rockfish"": 30, ""sand_bass"": 18, ""sheephead"": 5, ""white_seabass"": 2, ""yellowtail"": 1}",{},120,"Dolphin Fisherman's Landing San Diego, CA | 24 Anglers 3/4 Day | 18 Sand Bass, 6 Barracuda, 2 Sculpin, 5 Sheephead, 1 Yellowtail, 22 Calico Bass, 36 Bonito, 30 Rockfish, 2 White Seabass",San Diego Fish Reports dock totals,https://www.sandiegofishreports.com/dock_totals/boats.php?date=2026-09-21,2026-10-04T06:18:41Z,backfill,dock-trips-1
1e8cd2e8200fc688,2026-09-21,Fishermans,Fortune,1.5_day,1.5 Day,1.5,19,"{""yellowfin_tuna"": 33}",{},33,"Fortune Fisherman's Landing San Diego, CA | 19 Anglers 1.5 Day | 33 Yellowfin Tuna (up to 60 pounds)",San Diego Fish Reports dock totals,https://www.sandiegofishreports.com/dock_totals/boats.php?date=2026-09-21,2026-10-04T06:18:41Z,backfill,dock-trips-1
3fa4b19c983bcffc,2026-09-21,Fishermans,Poseidon,3_day,3 Day,3.0,19,"{""bluefin_tuna"": 1, ""yellowfin_tuna"": 118, ""yellowtail"": 3}",{},122,"Poseidon Fisherman's Landing San Diego, CA | 19 Anglers 3 Day | 1 Bluefin Tuna, 3 Yellowtail, 1 Striped Marlin, 4 Wahoo, 118 Yellowfin Tuna (up to 60 pounds)",San Diego Fish Reports dock totals,https://www.sandiegofishreports.com/dock_totals/boats.php?date=2026-09-21,2026-10-04T06:18:41Z,backfill,dock-trips-1
b3816616ac7e985c,2026-09-21,H&M,"Blue Horizon Oceanside Sea Center Oceanside, CA",full_day,Full Day,1.0,22,"{""dorado"": 2, ""yellowfin_tuna"": 61, ""yellowtail"": 5}",{},68,"Blue Horizon Oceanside Sea Center Oceanside, CA | 22 Anglers Full Day | 5 Yellowtail, 2 Dorado, 61 Yellowfin Tuna",San Diego Fish Reports dock totals,https://www.sandiegofishreports.com/dock_totals/boats.php?date=2026-09-21,2026-10-04T06:18:41Z,backfill,dock-trips-1
577c533b2b0ed826,2026-09-21,H&M,Grande,full_day,Full Day Offshore,1.0,41,"{""dorado"": 3, ""yellowfin_tuna"": 41}",{},44,"Grande H&M Landing San Diego, CA | 41 Anglers Full Day Offshore | 3 Dorado, 8 Skipjack Tuna, 41 Yellowfin Tuna",San Diego Fish Reports dock totals,https://www.sandiegofishreports.com/dock_totals/boats.php?date=2026-09-21,2026-10-04T06:18:41Z,backfill,dock-trips-1
fd6efc98972c8eb3,2026-09-21,H&M,Legend,3_day,3 Day,3.0,25,"{""dorado"": 67, ""yellowfin_tuna"": 33, ""yellowtail"": 32}",{},132,"Legend H&M Landing San Diego, CA | 25 Anglers 3 Day | 1 Blue Marlin, 32 Yellowtail, 67 Dorado, 7 Wahoo, 33 Yellowfin Tuna",San Diego Fish Reports dock totals,https://www.sandiegofishreports.com/dock_totals/boats.php?date=2026-09-21,2026-10-04T06:18:41Z,backfill,dock-trips-1
1be73d4fd68643b1,2026-09-21,H&M,Little G,2.5_day,2.5 Day,2.5,6,"{""dorado"": 24, ""yellowtail"": 10}",{},34,"Little G H&M Landing San Diego, CA | 6 Anglers 2.5 Day | 10 Yellowtail, 24 Dorado, 1 Striped Marlin Released",San Diego Fish Reports dock totals,https://www.sandiegofishreports.com/dock_totals/boats.php?date=2026-09-21,2026-10-04T06:18:41Z,backfill,dock-trips-1
d489c212a701a982,2026-09-21,H&M,Old Glory,overnight,Overnight,1.0,33,"{""dorado"": 75, ""yellowfin_tuna"": 200}",{},275,"Old Glory H&M Landing San Diego, CA | 33 Anglers Overnight | 75 Dorado, 200 Yellowfin Tuna",San Diego Fish Reports dock totals,https://www.sandiegofishreports.com/dock_totals/boats.php?date=2026-09-21,2026-10-04T06:18:41Z,backfill,dock-trips-1
4bb0a88c1d6297e0,2026-09-21,H&M,Premier,half_day,1/2 Day AM,0.5,28,"{""barracuda"": 11, ""bonito"": 53, ""sand_bass"": 23, ""yellowtail"": 6}",{},93,"Premier H&M Landing San Diego, CA | 28 Anglers 1/2 Day AM | 23 Sand Bass, 11 Barracuda, 6 Yellowtail, 53 Bonito",San Diego Fish Reports dock totals,https://www.sandiegofishreports.com/dock_totals/boats.php?date=2026-09-21,2026-10-04T06:18:41Z,backfill,dock-trips-1
49ec651edbbd5e8e,2026-09-21,H&M,Producer,overnight,Overnight Offshore,1.0,29,"{""dorado"": 4, ""yellowfin_tuna"": 235}",{},239,"Producer H&M Landing San Diego, CA | 29 Anglers Overnight Offshore | 12 Bullet Tuna, 4 Dorado, 8 Skipjack Tuna, 235 Yellowfin Tuna",San Diego Fish Reports dock totals,https://www.sandiegofishreports.com/dock_totals/boats.php?date=2026-09-21,2026-10-04T06:18:41Z,backfill,dock-trips-1
2b4820964c6a69ad,2026-09-21,H&M,Sea Adventure 80,3.5_day,3.5 Day,3.5,12,"{""dorado"": 20, ""yellowfin_tuna"": 180, ""yellowtail"": 35}",{},235,"Sea Adventure 80 H&M Landing San Diego, CA | 12 Anglers 3.5 Day | 35 Yellowtail, 20 Dorado, 5 Skipjack Tuna, 180 Yellowfin Tuna",San Diego Fish Reports dock totals,https://www.sandiegofishreports.com/dock_totals/boats.php?date=2026-09-21,2026-10-04T06:18:41Z,backfill,dock-trips-1
4852f4c1533e847e,2026-09-21,H&M,"Southern Cal Oceanside Sea Center Oceanside, CA",half_day,1/2 Day AM,0.5,21,"{""bonito"": 20, ""calico_bass"": 30, ""sand_bass"": 20}","{""calico_bass"": 30, ""sand_bass"": 10}",110,"Southern Cal Oceanside Sea Center Oceanside, CA | 21 Anglers 1/2 Day AM | 20 Sand Bass, 3 Sculpin, 30 Calico Bass, 5 Whitefish, 20 Bonito, 10 Sand Bass Released , 30 Calico Bass Released",San Diego Fish Reports dock totals,https://www.sandiegofishreports.com/dock_totals/boats.php?date=2026-09-21,2026-10-04T06:18:41Z,backfill,dock-trips-1
76fcf0af51c0f5d7,2026-09-21,H&M,Top Gun 80,4_day,4 Day,4.0,13,{},{},0,"Top Gun 80 H&M Landing San Diego, CA | 13 Anglers 4 Day | ",San Diego Fish Reports dock totals,https://www.sandiegofishreports.com/dock_totals/boats.php?date=2026-09-21,2026-10-04T06:18:41Z,backfill,dock-trips-1
d3d602d75e9a8dea,2026-09-21,Point Loma,Mission Belle,full_day,Full Day,1.0,30,"{""dorado"": 3, ""yellowfin_tuna"": 64}",{},67,"Mission Belle Point Loma Sportfishing San Diego, CA | 30 Anglers Full Day | 3 Dorado, 4 Skipjack Tuna, 64 Yellowfin Tuna",San Diego Fish Reports dock totals,https://www.sandiegofishreports.com/dock_totals/boats.php?date=2026-09-21,2026-10-04T06:18:41Z,backfill,dock-trips-1
17fe3767caee3057,2026-09-21,Seaforth,Aztec,2.5_day,2.5 Day,2.5,25,"{""dorado"": 100, ""yellowfin_tuna"": 178, ""yellowtail"": 5}",{},283,"Aztec Seaforth Sportfishing San Diego, CA | 25 Anglers 2.5 Day | 5 Yellowtail, 100 Dorado, 1 Striped Marlin, 2 Wahoo, 178 Yellowfin Tuna",San Diego Fish Reports dock totals,https://www.sandiegofishreports.com/dock_totals/boats.php?date=2026-09-21,2026-10-04T06:18:41Z,backfill,dock-trips-1
1389a32227cca27e,2026-09-21,Seaforth,El Gato Dos,full_day,Full Day Offshore,1.0,5,"{""dorado"": 2, ""yellowfin_tuna"": 1, ""yellowtail"": 1}",{},4,"El Gato Dos Seaforth Sportfishing San Diego, CA | 5 Anglers Full Day Offshore | 1 Yellowtail, 2 Dorado, 1 Yellowfin Tuna, 1 Striped Marlin Released",San Diego Fish Reports dock totals,https://www.sandiegofishreports.com/dock_totals/boats.php?date=2026-09-21,2026-10-04T06:18:41Z,backfill,dock-trips-1
f39d44f628bdf266,2026-09-21,Seaforth,New Seaforth,half_day,1/2 Day AM,0.5,51,"{""bonito"": 55, ""calico_bass"": 33, ""rockfish"": 3, ""sand_bass"": 3, ""sheephead"": 5, ""yellowtail"": 2}","{""calico_bass"": 100}",201,"New Seaforth Seaforth Sportfishing San Diego, CA | 51 Anglers 1/2 Day AM | 3 Sand Bass, 4 Sculpin, 5 Sheephead, 2 Yellowtail, 33 Calico Bass, 55 Bonito, 3 Rockfish, 100 Calico Bass Released",San Diego Fish Reports dock totals,https://www.sandiegofishreports.com/dock_totals/boats.php?date=2026-09-21,2026-10-04T06:18:41Z,backfill,dock-trips-1
ca14b804cc8b18c9,2026-09-21,Seaforth,New Seaforth,half_day,1/2 Day PM,0.5,40,"{""bonito"": 65, ""calico_bass"": 5, ""sand_bass"": 3, ""sheephead"": 20}",{},93,"New Seaforth Seaforth Sportfishing San Diego, CA | 40 Anglers 1/2 Day PM | 3 Sand Bass, 1 Sculpin, 20 Sheephead, 5 Calico Bass, 4 Whitefish, 65 Bonito",San Diego Fish Reports dock totals,https://www.sandiegofishreports.com/dock_totals/boats.php?date=2026-09-21,2026-10-04T06:18:41Z,backfill,dock-trips-1
6d9c14904ba02ef7,2026-09-21,Seaforth,San Diego,full_day,Full Day Offshore,1.0,35,"{""dorado"": 3, ""yellowfin_tuna"": 263}",{},266,"San Diego Seaforth Sportfishing San Diego, CA | 35 Anglers Full Day Offshore | 3 Dorado, 25 Skipjack Tuna, 263 Yellowfin Tuna",San Diego Fish Reports dock totals,https://www.sandiegofishreports.com/dock_totals/boats.php?date=2026-09-21,2026-10-04T06:18:41Z,backfill,dock-trips-1
f30efbce2ffeaae3,2026-09-21,Seaforth,Sea Watch,full_day,Full Day Offshore,1.0,29,"{""dorado"": 5, ""yellowfin_tuna"": 126}",{},131,"Sea Watch Seaforth Sportfishing San Diego, CA | 29 Anglers Full Day Offshore | 5 Dorado, 7 Skipjack Tuna, 1 Striped Marlin, 126 Yellowfin Tuna",San Diego Fish Reports dock totals,https://www.sandiegofishreports.com/dock_totals/boats.php?date=2026-09-21,2026-10-04T06:18:41Z,backfill,dock-trips-1
a22569be3c424d0c,2026-09-21,Seaforth,Tribute,2.5_day,2.5 Day,2.5,25,"{""dorado"": 100, ""yellowfin_tuna"": 103, ""yellowtail"": 2}",{},205,"Tribute Seaforth Sportfishing San Diego, CA | 25 Anglers 2.5 Day | 2 Yellowtail, 100 Dorado, 1 Wahoo, 103 Yellowfin Tuna",San Diego Fish Reports dock totals,https://www.sandiegofishreports.com/dock_totals/boats.php?date=2026-09-21,2026-10-04T06:18:41Z,backfill,dock-trips-1
625f8a864d73b5a5,2026-09-22,Fishermans,Dolphin,half_day,1/2 Day AM,0.5,19,"{""bonito"": 9, ""calico_bass"": 20, ""rockfish"": 5, ""sheephead"": 2, ""yellowtail"": 1}",{},37,"Dolphin Fisherman's Landing San Diego, CA | 19 Anglers 1/2 Day AM | 2 Sheephead, 1 Yellowtail, 20 Calico Bass, 9 Bonito, 5 Rockfish",San Diego Fish Reports dock totals,https://www.sandiegofishreports.com/dock_totals/boats.php?date=2026-09-22,2026-10-04T06:18:43Z,backfill,dock-trips-1
9f20bde76b7170ef,2026-09-22,Fishermans,Dolphin,half_day,1/2 Day PM,0.5,35,"{""barracuda"": 1, ""bonito"": 55, ""calico_bass"": 26, ""rockfish"": 10, ""sheephead"": 3}",{},95,"Dolphin Fisherman's Landing San Diego, CA | 35 Anglers 1/2 Day PM | 1 Barracuda, 1 Sculpin, 3 Sheephead, 26 Calico Bass, 55 Bonito, 10 Rockfish",San Diego Fish Reports dock totals,https://www.sandiegofishreports.com/dock_totals/boats.php?date=2026-09-22,2026-10-04T06:18:43Z,backfill,dock-trips-1
c16cfb7862643969,2026-09-22,Fishermans,Tomahawk,2_day,2 Day,2.0,18,"{""dorado"": 1, ""yellowfin_tuna"": 86}",{},87,"Tomahawk Fisherman's Landing San Diego, CA | 18 Anglers 2 Day | 1 Dorado, 86 Yellowfin Tuna",San Diego Fish Reports dock totals,https://www.sandiegofishreports.com/dock_totals/boats.php?date=2026-09-22,2026-10-04T06:18:43Z,backfill,dock-trips-1
b1554a45300b75c2,2026-09-22,H&M,Grande,full_day,Full Day Offshore,1.0,41,"{""dorado"": 8, ""yellowfin_tuna"": 150, ""yellowtail"": 3}",{},161,"Grande H&M Landing San Diego, CA | 41 Anglers Full Day Offshore | 3 Yellowtail, 8 Dorado, 2 Skipjack Tuna, 150 Yellowfin Tuna",San Diego Fish Reports dock totals,https://www.sandiegofishreports.com/dock_totals/boats.php?date=2026-09-22,2026-10-04T06:18:43Z,backfill,dock-trips-1
401179d4aacb8ae3,2026-09-22,H&M,Horizon,2_day,2 Day,2.0,27,"{""dorado"": 71, ""yellowfin_tuna"": 115, ""yellowtail"": 7}",{},193,"Horizon H&M Landing San Diego, CA | 27 Anglers 2 Day | 7 Yellowtail, 71 Dorado, 115 Yellowfin Tuna",San Diego Fish Reports dock totals,https://www.sandiegofishreports.com/dock_totals/boats.php?date=2026-09-22,2026-10-04T06:18:43Z,backfill,dock-trips-1
d6f9b35a2e0ffd11,2026-09-22,H&M,Nautilus,2_day,2 Day,2.0,3,"{""dorado"": 5, ""yellowfin_tuna"": 55}",{},60,"Nautilus H&M Landing San Diego, CA | 3 Anglers 2 Day | 5 Dorado, 1 Skipjack Tuna, 55 Yellowfin Tuna, 2 Striped Marlin Released",San Diego Fish Reports dock totals,https://www.sandiegofishreports.com/dock_totals/boats.php?date=2026-09-22,2026-10-04T06:18:43Z,backfill,dock-trips-1
a74b5f2ceb2a17a4,2026-09-22,H&M,Old Glory,overnight,Overnight,1.0,32,"{""dorado"": 64, ""yellowfin_tuna"": 159}",{},223,"Old Glory H&M Landing San Diego, CA | 32 Anglers Overnight | 64 Dorado, 1 Wahoo, 159 Yellowfin Tuna",San Diego Fish Reports dock totals,https://www.sandiegofishreports.com/dock_totals/boats.php?date=2026-09-22,2026-10-04T06:18:43Z,backfill,dock-trips-1
9da409644777b425,2026-09-22,H&M,Patriot (SD),1.5_day,1.5 Day,1.5,12,"{""bonito"": 60, ""dorado"": 3, ""yellowfin_tuna"": 70, ""yellowtail"": 1}",{},134,"Patriot (SD) H&M Landing San Diego, CA | 12 Anglers 1.5 Day | 1 Yellowtail, 3 Dorado, 60 Bonito, 70 Yellowfin Tuna",San Diego Fish Reports dock totals,https://www.sandiegofishreports.com/dock_totals/boats.php?date=2026-09-22,2026-10-04T06:18:43Z,backfill,dock-trips-1
caaadfc82c2f34b2,2026-09-22,H&M,Premier,half_day,1/2 Day AM,0.5,25,"{""barracuda"": 2, ""bonito"": 68, ""sand_bass"": 15, ""yellowtail"": 5}",{},90,"Premier H&M Landing San Diego, CA | 25 Anglers 1/2 Day AM | 15 Sand Bass, 17 Bullet Tuna, 2 Barracuda, 5 Yellowtail, 68 Bonito",San Diego Fish Reports dock totals,https://www.sandiegofishreports.com/dock_totals/boats.php?date=2026-09-22,2026-10-04T06:18:43Z,backfill,dock-trips-1
558d960f9279915e,2026-09-22,H&M,Producer,overnight,Overnight,1.0,28,"{""dorado"": 9, ""yellowfin_tuna"": 200, ""yellowtail"": 4}",{},213,"Producer H&M Landing San Diego, CA | 28 Anglers Overnight | 8 Bullet Tuna, 4 Yellowtail, 9 Dorado, 6 Skipjack Tuna, 200 Yellowfin Tuna",San Diego Fish Reports dock totals,https://www.sandiegofishreports.com/dock_totals/boats.php?date=2026-09-22,2026-10-04T06:18:43Z,backfill,dock-trips-1
24fb8d3b876ba49a,2026-09-22,H&M,"Pronto Oceanside Sea Center Oceanside, CA",full_day,Full Day,1.0,7,"{""dorado"": 5, ""yellowfin_tuna"": 36}",{},41,"Pronto Oceanside Sea Center Oceanside, CA | 7 Anglers Full Day | 5 Dorado, 3 Skipjack Tuna, 36 Yellowfin Tuna",San Diego Fish Reports dock totals,https://www.sandiegofishreports.com/dock_totals/boats.php?date=2026-09-22,2026-10-04T06:18:43Z,backfill,dock-trips-1
9a1c3c16d49f8726,2026-09-22,H&M,Relentless,2_day,2 Day,2.0,12,{},{},0,"Relentless H&M Landing San Diego, CA | 12 Anglers 2 Day | ",San Diego Fish Reports dock totals,https://www.sandiegofishreports.com/dock_totals/boats.php?date=2026-09-22,2026-10-04T06:18:43Z,backfill,dock-trips-1
a003b9f28c836341,2026-09-22,H&M,"Southern Cal Oceanside Sea Center Oceanside, CA",half_day,1/2 Day AM,0.5,15,"{""bonito"": 10, ""calico_bass"": 25, ""sheephead"": 1, ""yellowtail"": 1}","{""calico_bass"": 30}",67,"Southern Cal Oceanside Sea Center Oceanside, CA | 15 Anglers 1/2 Day AM | 1 Sheephead, 1 Yellowtail, 25 Calico Bass, 2 Whitefish, 10 Bonito, 30 Calico Bass Released",San Diego Fish Reports dock totals,https://www.sandiegofishreports.com/dock_totals/boats.php?date=2026-09-22,2026-10-04T06:18:43Z,backfill,dock-trips-1
605f3e70d4204d22,2026-09-22,Point Loma,Daily Double,half_day,1/2 Day AM,0.5,18,"{""bonito"": 5, ""calico_bass"": 23, ""california_halibut"": 1, ""rockfish"": 5, ""sand_bass"": 9, ""sheephead"": 3, ""yellowtail"": 1}","{""calico_bass"": 50}",97,"Daily Double Point Loma Sportfishing San Diego, CA | 18 Anglers 1/2 Day AM | 9 Barred Sand Bass, 1 Halibut, 11 Sculpin, 3 Sheephead, 1 Yellowtail, 23 Calico Bass, 5 Bonito, 5 Rockfish, 50 Calico Bass Released",San Diego Fish Reports dock totals,https://www.sandiegofishreports.com/dock_totals/boats.php?date=2026-09-22,2026-10-04T06:18:43Z,backfill,dock-trips-1
405d31aad8eca9e7,2026-09-22,Point Loma,Mission Belle,full_day,Full Day,1.0,30,"{""dorado"": 5, ""yellowfin_tuna"": 61}",{},66,"Mission Belle Point Loma Sportfishing San Diego, CA | 30 Anglers Full Day | 5 Dorado, 61 Yellowfin Tuna",San Diego Fish Reports dock totals,https://www.sandiegofishreports.com/dock_totals/boats.php?date=2026-09-22,2026-10-04T06:18:43Z,backfill,dock-trips-1
3abc381007f2f86f,2026-09-22,Seaforth,El Gato Dos,full_day,Full Day Offshore,1.0,3,"{""dorado"": 2, ""yellowfin_tuna"": 15}",{},17,"El Gato Dos Seaforth Sportfishing San Diego, CA | 3 Anglers Full Day Offshore | 2 Dorado, 15 Yellowfin Tuna",San Diego Fish Reports dock totals,https://www.sandiegofishreports.com/dock_totals/boats.php?date=2026-09-22,2026-10-04T06:18:43Z,backfill,dock-trips-1
a2a88ad866ba0f68,2026-09-22,Seaforth,Highliner,2_day,2 Day,2.0,21,"{""dorado"": 141, ""yellowfin_tuna"": 54}",{},195,"Highliner Seaforth Sportfishing San Diego, CA | 21 Anglers 2 Day | 141 Dorado, 60 Skipjack Tuna, 1 Wahoo, 54 Yellowfin Tuna",San Diego Fish Reports dock totals,https://www.sandiegofishreports.com/dock_totals/boats.php?date=2026-09-22,2026-10-04T06:18:43Z,backfill,dock-trips-1
42f4a7eef5767708,2026-09-22,Seaforth,New Seaforth,half_day,1/2 Day AM,0.5,27,"{""barracuda"": 1, ""bonito"": 30, ""calico_bass"": 72, ""sheephead"": 4, ""yellowtail"": 1}","{""calico_bass"": 100}",208,"New Seaforth Seaforth Sportfishing San Diego, CA | 27 Anglers 1/2 Day AM | 1 Barracuda, 4 Sheephead, 1 Yellowtail, 72 Calico Bass, 30 Bonito, 100 Calico Bass Released",San Diego Fish Reports dock totals,https://www.sandiegofishreports.com/dock_totals/boats.php?date=2026-09-22,2026-10-04T06:18:43Z,backfill,dock-trips-1
a3fe7c078e771323,2026-09-22,Seaforth,New Seaforth,half_day,1/2 Day PM,0.5,27,"{""bonito"": 10, ""calico_bass"": 21, ""sheephead"": 6, ""yellowtail"": 1}","{""calico_bass"": 100}",138,"New Seaforth Seaforth Sportfishing San Diego, CA | 27 Anglers 1/2 Day PM | 6 Sheephead, 1 Yellowtail, 21 Calico Bass, 10 Bonito, 100 Calico Bass Released",San Diego Fish Reports dock totals,https://www.sandiegofishreports.com/dock_totals/boats.php?date=2026-09-22,2026-10-04T06:18:43Z,backfill,dock-trips-1
a1284fb1460cc410,2026-09-22,Seaforth,Pacific Voyager,3_day,3 Day,3.0,14,"{""dorado"": 6, ""yellowfin_tuna"": 67, ""yellowtail"": 8}",{},81,"Pacific Voyager Seaforth Sportfishing San Diego, CA | 14 Anglers 3 Day | 8 Yellowtail, 6 Dorado, 67 Yellowfin Tuna",San Diego Fish Reports dock totals,https://www.sandiegofishreports.com/dock_totals/boats.php?date=2026-09-22,2026-10-04T06:18:43Z,backfill,dock-trips-1
aaac64db22af09ac,2026-09-22,Seaforth,Pacifica,overnight,Overnight,1.0,27,"{""dorado"": 29, ""yellowfin_tuna"": 126}",{},155,"Pacifica Seaforth Sportfishing San Diego, CA | 27 Anglers Overnight | 29 Dorado, 126 Yellowfin Tuna",San Diego Fish Reports dock totals,https://www.sandiegofishreports.com/dock_totals/boats.php?date=2026-09-22,2026-10-04T06:18:43Z,backfill,dock-trips-1
370fb5a1c9786148,2026-09-22,Seaforth,San Diego,full_day,Full Day Offshore,1.0,36,"{""yellowfin_tuna"": 9, ""yellowtail"": 2}",{},11,"San Diego Seaforth Sportfishing San Diego, CA | 36 Anglers Full Day Offshore | 2 Yellowtail, 2 Skipjack Tuna, 1 Wahoo, 9 Yellowfin Tuna",San Diego Fish Reports dock totals,https://www.sandiegofishreports.com/dock_totals/boats.php?date=2026-09-22,2026-10-04T06:18:43Z,backfill,dock-trips-1
a90b25709f1357b3,2026-09-22,Seaforth,Sea Watch,full_day,Full Day Offshore,1.0,29,"{""yellowfin_tuna"": 41, ""yellowtail"": 1}",{},42,"Sea Watch Seaforth Sportfishing San Diego, CA | 29 Anglers Full Day Offshore | 1 Yellowtail, 2 Skipjack Tuna, 41 Yellowfin Tuna",San Diego Fish Reports dock totals,https://www.sandiegofishreports.com/dock_totals/boats.php?date=2026-09-22,2026-10-04T06:18:43Z,backfill,dock-trips-1
6a05e3b2a89d33af,2026-09-23,Fishermans,Dolphin,three_quarter_day,3/4 Day,0.75,29,"{""bonito"": 208, ""calico_bass"": 145, ""rockfish"": 10, ""sheephead"": 3, ""yellowtail"": 18}",{},384,"Dolphin Fisherman's Landing San Diego, CA | 29 Anglers 3/4 Day | 3 Sheephead, 18 Yellowtail, 145 Calico Bass, 208 Bonito, 10 Rockfish",San Diego Fish Reports dock totals,https://www.sandiegofishreports.com/dock_totals/boats.php?date=2026-09-23,2026-10-04T06:18:45Z,backfill,dock-trips-1
2efa555fd907828d,2026-09-23,Fishermans,Islander,3_day,3 Day,3.0,24,{},{},0,"Islander Fisherman's Landing San Diego, CA | 24 Anglers 3 Day | ",San Diego Fish Reports dock totals,https://www.sandiegofishreports.com/dock_totals/boats.php?date=2026-09-23,2026-10-04T06:18:45Z,backfill,dock-trips-1
10a9271d3db3392c,2026-09-23,Fishermans,Liberty,2_day,2 Day,2.0,27,"{""dorado"": 7, ""yellowtail"": 3}",{},10,"Liberty Fisherman's Landing San Diego, CA | 27 Anglers 2 Day | 3 Yellowtail, 7 Dorado, 2 Wahoo",San Diego Fish Reports dock totals,https://www.sandiegofishreports.com/dock_totals/boats.php?date=2026-09-23,2026-10-04T06:18:45Z,backfill,dock-trips-1
9cee40e2e49fc5aa,2026-09-23,H&M,"Blue Horizon Oceanside Sea Center Oceanside, CA",three_quarter_day,3/4 Day,0.75,13,"{""bonito"": 40, ""calico_bass"": 24, ""sand_bass"": 11}",{},75,"Blue Horizon Oceanside Sea Center Oceanside, CA | 13 Anglers 3/4 Day | 11 Sand Bass, 24 Calico Bass, 40 Bonito",San Diego Fish Reports dock totals,https://www.sandiegofishreports.com/dock_totals/boats.php?date=2026-09-23,2026-10-04T06:18:45Z,backfill,dock-trips-1
022d8831e6d1b159,2026-09-23,H&M,"Chubasco II Oceanside Sea Center Oceanside, CA",half_day,1/2 Day AM,0.5,6,"{""bonito"": 20, ""calico_bass"": 10, ""rockfish"": 2, ""sand_bass"": 2, ""yellowtail"": 1}","{""calico_bass"": 25}",60,"Chubasco II Oceanside Sea Center Oceanside, CA | 6 Anglers 1/2 Day AM | 2 Sand Bass, 5 Sculpin, 1 Yellowtail, 10 Calico Bass, 20 Bonito, 2 Rockfish, 25 Calico Bass Released",San Diego Fish Reports dock totals,https://www.sandiegofishreports.com/dock_totals/boats.php?date=2026-09-23,2026-10-04T06:18:45Z,backfill,dock-trips-1
abb304da38d4f866,2026-09-23,H&M,Excalibur,3_day,3 Day,3.0,27,"{""bluefin_tuna"": 3, ""dorado"": 5, ""yellowfin_tuna"": 130, ""yellowtail"": 4}",{},142,"Excalibur H&M Landing San Diego, CA | 27 Anglers 3 Day | 3 Bluefin Tuna, 4 Yellowtail, 5 Dorado, 130 Yellowfin Tuna",San Diego Fish Reports dock totals,https://www.sandiegofishreports.com/dock_totals/boats.php?date=2026-09-23,2026-10-04T06:18:45Z,backfill,dock-trips-1
d3534186ed291717,2026-09-23,H&M,Grande,full_day,Full Day Offshore,1.0,41,"{""dorado"": 9, ""yellowfin_tuna"": 138}",{},147,"Grande H&M Landing San Diego, CA | 41 Anglers Full Day Offshore | 9 Dorado, 1 Skipjack Tuna, 138 Yellowfin Tuna",San Diego Fish Reports dock totals,https://www.sandiegofishreports.com/dock_totals/boats.php?date=2026-09-23,2026-10-04T06:18:45Z,backfill,dock-trips-1
9cbb09c10512c5a7,2026-09-23,H&M,Malihini,full_day,Full Day,1.0,21,"{""barracuda"": 2, ""bonito"": 58, ""sand_bass"": 11}",{},71,"Malihini H&M Landing San Diego, CA | 21 Anglers Full Day | 11 Sand Bass, 2 Barracuda, 2 Sculpin, 58 Bonito",San Diego Fish Reports dock totals,https://www.sandiegofishreports.com/dock_totals/boats.php?date=2026-09-23,2026-10-04T06:18:45Z,backfill,dock-trips-1
d5faabf78d2db2eb,2026-09-23,H&M,Ocean Odyssey,2.5_day,2.5 Day,2.5,25,"{""dorado"": 19, ""yellowfin_tuna"": 62, ""yellowtail"": 4}",{},85,"Ocean Odyssey H&M Landing San Diego, CA | 25 Anglers 2.5 Day | 4 Yellowtail, 19 Dorado, 11 Wahoo, 62 Yellowfin Tuna",San Diego Fish Reports dock totals,https://www.sandiegofishreports.com/dock_totals/boats.php?date=2026-09-23,2026-10-04T06:18:45Z,backfill,dock-trips-1
3a91ccbba87c200d,2026-09-23,H&M,Premier,half_day,1/2 Day AM,0.5,29,"{""bonito"": 9, ""calico_bass"": 18, ""rockfish"": 11, ""sand_bass"": 13, ""sheephead"": 2}",{},53,"Premier H&M Landing San Diego, CA | 29 Anglers 1/2 Day AM | 13 Sand Bass, 1 Bullet Tuna, 9 Sculpin, 2 Sheephead, 18 Calico Bass, 9 Bonito, 11 Rockfish",San Diego Fish Reports dock totals,https://www.sandiegofishreports.com/dock_totals/boats.php?date=2026-09-23,2026-10-04T06:18:45Z,backfill,dock-trips-1
6ccac1ba4aead1e5,2026-09-23,H&M,"Southern Cal Oceanside Sea Center Oceanside, CA",half_day,1/2 Day AM,0.5,19,"{""barracuda"": 27, ""bonito"": 44, ""calico_bass"": 20, ""sand_bass"": 8, ""white_seabass"": 1, ""yellowtail"": 8}","{""calico_bass"": 16, ""sand_bass"": 6}",130,"Southern Cal Oceanside Sea Center Oceanside, CA | 19 Anglers 1/2 Day AM | 8 Sand Bass, 27 Barracuda, 8 Yellowtail, 20 Calico Bass, 44 Bonito, 1 White Seabass, 6 Sand Bass Released , 16 Calico Bass Released",San Diego Fish Reports dock totals,https://www.sandiegofishreports.com/dock_totals/boats.php?date=2026-09-23,2026-10-04T06:18:45Z,backfill,dock-trips-1
8d9c41f0a73bec2f,2026-09-23,H&M,Spirit of Adventure,3_day,3 Day,3.0,20,{},{},0,"Spirit of Adventure H&M Landing San Diego, CA | 20 Anglers 3 Day | ",San Diego Fish Reports dock totals,https://www.sandiegofishreports.com/dock_totals/boats.php?date=2026-09-23,2026-10-04T06:18:45Z,backfill,dock-trips-1
2ce200fe19e75fea,2026-09-23,H&M,Top Gun 80,2_day,2 Day,2.0,25,"{""dorado"": 50}",{},50,"Top Gun 80 H&M Landing San Diego, CA | 25 Anglers 2 Day | 50 Dorado, 2 Wahoo",San Diego Fish Reports dock totals,https://www.sandiegofishreports.com/dock_totals/boats.php?date=2026-09-23,2026-10-04T06:18:45Z,backfill,dock-trips-1
bcea0ca6106327fa,2026-09-23,H&M,Tradition,full_day,Full Day Offshore,1.0,16,"{""dorado"": 2, ""yellowfin_tuna"": 80}",{},82,"Tradition H&M Landing San Diego, CA | 16 Anglers Full Day Offshore | 2 Dorado, 15 Skipjack Tuna, 80 Yellowfin Tuna",San Diego Fish Reports dock totals,https://www.sandiegofishreports.com/dock_totals/boats.php?date=2026-09-23,2026-10-04T06:18:45Z,backfill,dock-trips-1
36899876bbbea0c7,2026-09-23,Point Loma,Daily Double,half_day,1/2 Day AM,0.5,32,"{""barracuda"": 3, ""bonito"": 35, ""calico_bass"": 28, ""rockfish"": 8, ""sand_bass"": 8, ""sheephead"": 2}","{""calico_bass"": 100}",184,"Daily Double Point Loma Sportfishing San Diego, CA | 32 Anglers 1/2 Day AM | 8 Barred Sand Bass, 3 Barracuda, 4 Sculpin, 2 Sheephead, 28 Calico Bass, 7 Whitefish, 35 Bonito, 8 Rockfish, 100 Calico Bass Released",San Diego Fish Reports dock totals,https://www.sandiegofishreports.com/dock_totals/boats.php?date=2026-09-23,2026-10-04T06:18:45Z,backfill,dock-trips-1
6218f05b55f1d841,2026-09-23,Point Loma,Mission Belle,full_day,Full Day,1.0,31,"{""dorado"": 10, ""yellowfin_tuna"": 124}",{},134,"Mission Belle Point Loma Sportfishing San Diego, CA | 31 Anglers Full Day | 10 Dorado, 3 Skipjack Tuna, 124 Yellowfin Tuna",San Diego Fish Reports dock totals,https://www.sandiegofishreports.com/dock_totals/boats.php?date=2026-09-23,2026-10-04T06:18:45Z,backfill,dock-trips-1
1782c18b8d956cd5,2026-09-23,Seaforth,Apollo,2.5_day,2.5 Day,2.5,19,"{""dorado"": 10, ""yellowfin_tuna"": 149, ""yellowtail"": 3}",{},162,"Apollo Seaforth Sportfishing San Diego, CA | 19 Anglers 2.5 Day | 3 Yellowtail, 10 Dorado, 60 Skipjack Tuna, 1 Striped Marlin, 149 Yellowfin Tuna",San Diego Fish Reports dock totals,https://www.sandiegofishreports.com/dock_totals/boats.php?date=2026-09-23,2026-10-04T06:18:45Z,backfill,dock-trips-1
a91fefa3112005b3,2026-09-23,Seaforth,El Gato Dos,full_day,Full Day Offshore,1.0,5,"{""dorado"": 8, ""yellowfin_tuna"": 1, ""yellowtail"": 7}",{},16,"El Gato Dos Seaforth Sportfishing San Diego, CA | 5 Anglers Full Day Offshore | 7 Yellowtail, 8 Dorado, 1 Yellowfin Tuna",San Diego Fish Reports dock totals,https://www.sandiegofishreports.com/dock_totals/boats.php?date=2026-09-23,2026-10-04T06:18:45Z,backfill,dock-trips-1
76724612737b2ddd,2026-09-23,Seaforth,New Seaforth,half_day,1/2 Day AM,0.5,48,"{""barracuda"": 1, ""bonito"": 63, ""calico_bass"": 17, ""sand_bass"": 1, ""sheephead"": 14, ""yellowtail"": 1}",{},97,"New Seaforth Seaforth Sportfishing San Diego, CA | 48 Anglers 1/2 Day AM | 1 Sand Bass, 1 Barracuda, 3 Sculpin, 14 Sheephead, 1 Yellowtail, 17 Calico Bass, 5 Whitefish, 63 Bonito",San Diego Fish Reports dock totals,https://www.sandiegofishreports.com/dock_totals/boats.php?date=2026-09-23,2026-10-04T06:18:45Z,backfill,dock-trips-1
cb152b04efb8c30c,2026-09-23,Seaforth,New Seaforth,half_day,1/2 Day PM,0.5,37,"{""barracuda"": 6, ""bonito"": 55, ""calico_bass"": 11, ""rockfish"": 1, ""sand_bass"": 2, ""sheephead"": 12}",{},87,"New Seaforth Seaforth Sportfishing San Diego, CA | 37 Anglers 1/2 Day PM | 2 Sand Bass, 6 Barracuda, 1 Sculpin, 12 Sheephead, 11 Calico Bass, 2 Whitefish, 55 Bonito, 1 Vermilion Rockfish",San Diego Fish Reports dock totals,https://www.sandiegofishreports.com/dock_totals/boats.php?date=2026-09-23,2026-10-04T06:18:45Z,backfill,dock-trips-1
8092fa6894e1effa,2026-09-23,Seaforth,Polaris Supreme,3_day,3 Day,3.0,24,"{""dorado"": 19, ""yellowfin_tuna"": 92, ""yellowtail"": 11}",{},122,"Polaris Supreme Seaforth Sportfishing San Diego, CA | 24 Anglers 3 Day | 11 Yellowtail, 19 Dorado, 4 Wahoo, 92 Yellowfin Tuna",San Diego Fish Reports dock totals,https://www.sandiegofishreports.com/dock_totals/boats.php?date=2026-09-23,2026-10-04T06:18:45Z,backfill,dock-trips-1
82b253fb5c042448,2026-09-23,Seaforth,San Diego,full_day,Full Day Offshore,1.0,35,"{""dorado"": 12, ""yellowfin_tuna"": 175}",{},187,"San Diego Seaforth Sportfishing San Diego, CA | 35 Anglers Full Day Offshore | 12 Dorado, 175 Yellowfin Tuna",San Diego Fish Reports dock totals,https://www.sandiegofishreports.com/dock_totals/boats.php?date=2026-09-23,2026-10-04T06:18:45Z,backfill,dock-trips-1
53f2dec4f3da6d96,2026-09-23,Seaforth,Sea Watch,full_day,Full Day Offshore,1.0,30,"{""dorado"": 58, ""yellowfin_tuna"": 150, ""yellowtail"": 1}",{},209,"Sea Watch Seaforth Sportfishing San Diego, CA | 30 Anglers Full Day Offshore | 1 Yellowtail, 58 Dorado, 2 Skipjack Tuna, 1 Wahoo, 150 Yellowfin Tuna",San Diego Fish Reports dock totals,https://www.sandiegofishreports.com/dock_totals/boats.php?date=2026-09-23,2026-10-04T06:18:45Z,backfill,dock-trips-1
60531b7c8275e46d,2026-09-23,Seaforth,Voyager,full_day,Full Day Offshore,1.0,15,"{""dorado"": 12, ""yellowfin_tuna"": 32, ""yellowtail"": 10}",{},54,"Voyager Seaforth Sportfishing San Diego, CA | 15 Anglers Full Day Offshore | 10 Yellowtail, 12 Dorado, 1 Skipjack Tuna, 32 Yellowfin Tuna",San Diego Fish Reports dock totals,https://www.sandiegofishreports.com/dock_totals/boats.php?date=2026-09-23,2026-10-04T06:18:45Z,backfill,dock-trips-1
f66859382ff22eed,2026-09-24,Fishermans,Dolphin,half_day,1/2 Day AM,0.5,24,"{""bonito"": 120, ""calico_bass"": 28, ""sand_bass"": 2, ""sheephead"": 3, ""yellowtail"": 2}",{},155,"Dolphin Fisherman's Landing San Diego, CA | 24 Anglers 1/2 Day AM | 2 Sand Bass, 3 Sheephead, 2 Yellowtail (up to 25 pounds), 28 Calico Bass, 6 Whitefish, 120 Bonito",San Diego Fish Reports dock totals,https://www.sandiegofishreports.com/dock_totals/boats.php?date=2026-09-24,2026-10-04T06:18:47Z,backfill,dock-trips-1
0354dfc92cee7ec8,2026-09-24,Fishermans,Dolphin,half_day,1/2 Day PM,0.5,18,{},{},0,"Dolphin Fisherman's Landing San Diego, CA | 18 Anglers 1/2 Day PM | ",San Diego Fish Reports dock totals,https://www.sandiegofishreports.com/dock_totals/boats.php?date=2026-09-24,2026-10-04T06:18:47Z,backfill,dock-trips-1
c06175bbc172fc4c,2026-09-24,Fishermans,Pacific Queen,3.5_day,3.5 Day,3.5,24,"{""dorado"": 39, ""yellowfin_tuna"": 66, ""yellowtail"": 9}",{},114,"Pacific Queen Fisherman's Landing San Diego, CA | 24 Anglers 3.5 Day | 9 Yellowtail, 39 Dorado, 4 Wahoo, 66 Yellowfin Tuna",San Diego Fish Reports dock totals,https://www.sandiegofishreports.com/dock_totals/boats.php?date=2026-09-24,2026-10-04T06:18:47Z,backfill,dock-trips-1
6d67f8fe7af3a838,2026-09-24,Fishermans,Pegasus,1.5_day,1.5 Day,1.5,10,"{""dorado"": 1}",{},1,"Pegasus Fisherman's Landing San Diego, CA | 10 Anglers 1.5 Day | 1 Dorado, 1 Wahoo",San Diego Fish Reports dock totals,https://www.sandiegofishreports.com/dock_totals/boats.php?date=2026-09-24,2026-10-04T06:18:47Z,backfill,dock-trips-1
bb79514de1c21023,2026-09-24,H&M,"Blue Horizon Oceanside Sea Center Oceanside, CA",full_day,Full Day,1.0,22,"{""dorado"": 1, ""yellowfin_tuna"": 220}",{},221,"Blue Horizon Oceanside Sea Center Oceanside, CA | 22 Anglers Full Day | 1 Dorado, 1 Skipjack Tuna, 220 Yellowfin Tuna",San Diego Fish Reports dock totals,https://www.sandiegofishreports.com/dock_totals/boats.php?date=2026-09-24,2026-10-04T06:18:47Z,backfill,dock-trips-1
21b692d8a30deebd,2026-09-24,H&M,"Chubasco II Oceanside Sea Center Oceanside, CA",three_quarter_day,3/4 Day,0.75,15,"{""yellowfin_tuna"": 150}",{},150,"Chubasco II Oceanside Sea Center Oceanside, CA | 15 Anglers 3/4 Day | 50 Bullet Tuna, 150 Yellowfin Tuna",San Diego Fish Reports dock totals,https://www.sandiegofishreports.com/dock_totals/boats.php?date=2026-09-24,2026-10-04T06:18:47Z,backfill,dock-trips-1
ecf4b00e8dfa635c,2026-09-24,H&M,Daiwa Pacific,half_day,1/2 Day AM,0.5,18,"{""barracuda"": 2, ""bonito"": 30, ""calico_bass"": 10, ""california_halibut"": 1, ""rockfish"": 15}",{},58,"Daiwa Pacific H&M Landing San Diego, CA | 18 Anglers 1/2 Day AM | 2 Barracuda, 1 Halibut, 10 Calico Bass, 30 Bonito, 10 Rockfish, 5 Red Rockfish",San Diego Fish Reports dock totals,https://www.sandiegofishreports.com/dock_totals/boats.php?date=2026-09-24,2026-10-04T06:18:47Z,backfill,dock-trips-1
32895e7966cdfbf0,2026-09-24,H&M,"Effishency Oceanside Sea Center Oceanside, CA",three_quarter_day,3/4 Day,0.75,4,"{""dorado"": 2, ""yellowfin_tuna"": 40}",{},42,"Effishency Oceanside Sea Center Oceanside, CA | 4 Anglers 3/4 Day | 2 Dorado, 1 Skipjack Tuna, 40 Yellowfin Tuna",San Diego Fish Reports dock totals,https://www.sandiegofishreports.com/dock_totals/boats.php?date=2026-09-24,2026-10-04T06:18:47Z,backfill,dock-trips-1
001e349102f4fde5,2026-09-24,H&M,Grande,full_day,Full Day Offshore,1.0,41,"{""dorado"": 6, ""yellowfin_tuna"": 173, ""yellowtail"": 19}",{},198,"Grande H&M Landing San Diego, CA | 41 Anglers Full Day Offshore | 19 Yellowtail, 6 Dorado, 173 Yellowfin Tuna",San Diego Fish Reports dock totals,https://www.sandiegofishreports.com/dock_totals/boats.php?date=2026-09-24,2026-10-04T06:18:47Z,backfill,dock-trips-1
84ad1ed879a64b6b,2026-09-24,H&M,Legend,3_day,3 Day,3.0,29,"{""dorado"": 17, ""yellowfin_tuna"": 10, ""yellowtail"": 12}",{},39,"Legend H&M Landing San Diego, CA | 29 Anglers 3 Day | 12 Yellowtail, 17 Dorado, 3 Wahoo, 10 Yellowfin Tuna",San Diego Fish Reports dock totals,https://www.sandiegofishreports.com/dock_totals/boats.php?date=2026-09-24,2026-10-04T06:18:47Z,backfill,dock-trips-1
5fdef64bd848838b,2026-09-24,H&M,Malihini,three_quarter_day,3/4 Day,0.75,26,"{""bonito"": 89, ""calico_bass"": 19, ""rockfish"": 4, ""sand_bass"": 61, ""sheephead"": 2}",{},175,"Malihini H&M Landing San Diego, CA | 26 Anglers 3/4 Day | 61 Sand Bass, 2 Sculpin, 2 Sheephead, 19 Calico Bass, 89 Bonito, 4 Rockfish",San Diego Fish Reports dock totals,https://www.sandiegofishreports.com/dock_totals/boats.php?date=2026-09-24,2026-10-04T06:18:47Z,backfill,dock-trips-1
b51c84607cd30117,2026-09-24,H&M,Old Glory,2_day,2 Day,2.0,25,"{""dorado"": 24, ""yellowfin_tuna"": 196}",{},220,"Old Glory H&M Landing San Diego, CA | 25 Anglers 2 Day | 24 Dorado, 196 Yellowfin Tuna",San Diego Fish Reports dock totals,https://www.sandiegofishreports.com/dock_totals/boats.php?date=2026-09-24,2026-10-04T06:18:47Z,backfill,dock-trips-1
43ce532391fc1f21,2026-09-24,H&M,Premier,half_day,1/2 Day AM,0.5,16,"{""barracuda"": 2, ""bonito"": 43, ""calico_bass"": 5}",{},50,"Premier H&M Landing San Diego, CA | 16 Anglers 1/2 Day AM | 2 Barracuda, 5 Calico Bass, 43 Bonito",San Diego Fish Reports dock totals,https://www.sandiegofishreports.com/dock_totals/boats.php?date=2026-09-24,2026-10-04T06:18:47Z,backfill,dock-trips-1
4bbfc2595d035ed6,2026-09-24,H&M,Premier,half_day,1/2 Day PM,0.5,16,"{""bonito"": 55, ""calico_bass"": 6, ""sand_bass"": 7, ""yellowtail"": 4}",{},72,"Premier H&M Landing San Diego, CA | 16 Anglers 1/2 Day PM | 7 Sand Bass, 4 Yellowtail, 6 Calico Bass, 55 Bonito",San Diego Fish Reports dock totals,https://www.sandiegofishreports.com/dock_totals/boats.php?date=2026-09-24,2026-10-04T06:18:47Z,backfill,dock-trips-1
c5c77b900ce9dfff,2026-09-24,H&M,Producer,overnight,Overnight,1.0,29,"{""dorado"": 18, ""yellowfin_tuna"": 145, ""yellowtail"": 1}",{},164,"Producer H&M Landing San Diego, CA | 29 Anglers Overnight | 8 Bullet Tuna, 1 Yellowtail, 18 Dorado, 145 Yellowfin Tuna",San Diego Fish Reports dock totals,https://www.sandiegofishreports.com/dock_totals/boats.php?date=2026-09-24,2026-10-04T06:18:47Z,backfill,dock-trips-1
9bc4243d7817df38,2026-09-24,H&M,"Pronto Oceanside Sea Center Oceanside, CA",full_day,Full Day,1.0,12,"{""dorado"": 5, ""yellowfin_tuna"": 120}",{},125,"Pronto Oceanside Sea Center Oceanside, CA | 12 Anglers Full Day | 5 Dorado, 4 Skipjack Tuna, 120 Yellowfin Tuna",San Diego Fish Reports dock totals,https://www.sandiegofishreports.com/dock_totals/boats.php?date=2026-09-24,2026-10-04T06:18:47Z,backfill,dock-trips-1
d453999e13e3350e,2026-09-24,H&M,Ranger 85,3.5_day,3.5 Day,3.5,20,"{""dorado"": 39, ""yellowfin_tuna"": 19, ""yellowtail"": 6}",{},64,"Ranger 85 H&M Landing San Diego, CA | 20 Anglers 3.5 Day | 6 Yellowtail, 39 Dorado, 25 Skipjack Tuna, 7 Wahoo, 19 Yellowfin Tuna",San Diego Fish Reports dock totals,https://www.sandiegofishreports.com/dock_totals/boats.php?date=2026-09-24,2026-10-04T06:18:47Z,backfill,dock-trips-1
ceb0bd9d1cb900a0,2026-09-24,H&M,Relentless,full_day,Full Day,1.0,29,"{""dorado"": 7, ""yellowfin_tuna"": 25}",{},32,"Relentless H&M Landing San Diego, CA | 29 Anglers Full Day | 7 Dorado, 25 Yellowfin Tuna",San Diego Fish Reports dock totals,https://www.sandiegofishreports.com/dock_totals/boats.php?date=2026-09-24,2026-10-04T06:18:47Z,backfill,dock-trips-1
c4e94f2a654da312,2026-09-24,H&M,"Sea Star Oceanside Sea Center Oceanside, CA",three_quarter_day,3/4 Day,0.75,2,"{""yellowfin_tuna"": 20}",{},20,"Sea Star Oceanside Sea Center Oceanside, CA | 2 Anglers 3/4 Day | 2 Bullet Tuna, 20 Yellowfin Tuna",San Diego Fish Reports dock totals,https://www.sandiegofishreports.com/dock_totals/boats.php?date=2026-09-24,2026-10-04T06:18:47Z,backfill,dock-trips-1
1e83af7328eeb31b,2026-09-24,H&M,"Southern Cal Oceanside Sea Center Oceanside, CA",half_day,1/2 Day AM,0.5,21,"{""barracuda"": 1, ""bonito"": 69, ""calico_bass"": 28, ""sand_bass"": 7, ""yellowtail"": 2}","{""calico_bass"": 30, ""sand_bass"": 6}",143,"Southern Cal Oceanside Sea Center Oceanside, CA | 21 Anglers 1/2 Day AM | 7 Sand Bass, 1 Barracuda, 2 Yellowtail, 28 Calico Bass, 3 Whitefish, 69 Bonito, 6 Sand Bass Released , 30 Calico Bass Released",San Diego Fish Reports dock totals,https://www.sandiegofishreports.com/dock_totals/boats.php?date=2026-09-24,2026-10-04T06:18:47Z,backfill,dock-trips-1
07549c5fb6fe6e05,2026-09-24,Point Loma,Daily Double,half_day,1/2 Day AM,0.5,16,"{""bonito"": 80, ""calico_bass"": 12, ""sand_bass"": 4, ""sheephead"": 6}",{},102,"Daily Double Point Loma Sportfishing San Diego, CA | 16 Anglers 1/2 Day AM | 4 Barred Sand Bass, 3 Sculpin, 6 Sheephead, 12 Calico Bass, 8 Whitefish, 80 Bonito",San Diego Fish Reports dock totals,https://www.sandiegofishreports.com/dock_totals/boats.php?date=2026-09-24,2026-10-04T06:18:47Z,backfill,dock-trips-1
0a247df3c1cce613,2026-09-24,Point Loma,Mission Belle,full_day,Full Day,1.0,27,"{""dorado"": 5, ""yellowfin_tuna"": 267}",{},272,"Mission Belle Point Loma Sportfishing San Diego, CA | 27 Anglers Full Day | 1 Bigeye Tuna, 5 Dorado, 267 Yellowfin Tuna",San Diego Fish Reports dock totals,https://www.sandiegofishreports.com/dock_totals/boats.php?date=2026-09-24,2026-10-04T06:18:47Z,backfill,dock-trips-1
cb432575a380d32f,2026-09-24,Point Loma,New Lo-An,3_day,3 Day,3.0,14,"{""dorado"": 84}",{},84,"New Lo-An Point Loma Sportfishing San Diego, CA | 14 Anglers 3 Day | 84 Dorado, 4 Wahoo",San Diego Fish Reports dock totals,https://www.sandiegofishreports.com/dock_totals/boats.php?date=2026-09-24,2026-10-04T06:18:47Z,backfill,dock-trips-1
4415311db8a75288,2026-09-24,Point Loma,Point Loma,three_quarter_day,3/4 Day Local,0.75,9,"{""bonito"": 22, ""calico_bass"": 11, ""rockfish"": 4, ""sand_bass"": 22, ""sheephead"": 4, ""yellowtail"": 2}",{},65,"Point Loma Point Loma Sportfishing San Diego, CA | 9 Anglers 3/4 Day Local | 22 Barred Sand Bass, 4 Sheephead, 2 Yellowtail, 11 Calico Bass, 7 Whitefish, 22 Bonito, 4 Rockfish",San Diego Fish Reports dock totals,https://www.sandiegofishreports.com/dock_totals/boats.php?date=2026-09-24,2026-10-04T06:18:47Z,backfill,dock-trips-1
de9b0a8df12d16ec,2026-09-24,Seaforth,Aztec,2.5_day,2.5 Day,2.5,25,"{""dorado"": 11, ""yellowfin_tuna"": 186}",{},197,"Aztec Seaforth Sportfishing San Diego, CA | 25 Anglers 2.5 Day | 11 Dorado, 3 Wahoo, 186 Yellowfin Tuna",San Diego Fish Reports dock totals,https://www.sandiegofishreports.com/dock_totals/boats.php?date=2026-09-24,2026-10-04T06:18:47Z,backfill,dock-trips-1
b8ccbc1a357e9296,2026-09-24,Seaforth,El Gato Dos,full_day,Full Day Offshore,1.0,6,"{""dorado"": 3, ""yellowfin_tuna"": 30, ""yellowtail"": 5}",{},38,"El Gato Dos Seaforth Sportfishing San Diego, CA | 6 Anglers Full Day Offshore | 5 Yellowtail, 3 Dorado, 30 Yellowfin Tuna",San Diego Fish Reports dock totals,https://www.sandiegofishreports.com/dock_totals/boats.php?date=2026-09-24,2026-10-04T06:18:47Z,backfill,dock-trips-1
aaeaf52a762703bc,2026-09-24,Seaforth,New Seaforth,half_day,1/2 Day AM,0.5,35,"{""barracuda"": 1, ""bonito"": 8, ""calico_bass"": 33, ""dorado"": 1, ""rockfish"": 1, ""sand_bass"": 10, ""sheephead"": 3, ""yellowfin_tuna"": 2, ""yellowtail"": 1}",{},60,"New Seaforth Seaforth Sportfishing San Diego, CA | 35 Anglers 1/2 Day AM | 10 Sand Bass, 2 Bullet Tuna, 1 Barracuda, 3 Sheephead, 1 Yellowtail, 1 Dorado, 33 Calico Bass, 5 Whitefish, 8 Bonito, 1 Rockfish, 2 Yellowfin Tuna",San Diego Fish Reports dock totals,https://www.sandiegofishreports.com/dock_totals/boats.php?date=2026-09-24,2026-10-04T06:18:47Z,backfill,dock-trips-1
4f10b2812ce2f1b8,2026-09-24,Seaforth,New Seaforth,half_day,1/2 Day PM,0.5,20,"{""bonito"": 100, ""calico_bass"": 60, ""rockfish"": 8, ""sand_bass"": 6, ""sheephead"": 16}",{},190,"New Seaforth Seaforth Sportfishing San Diego, CA | 20 Anglers 1/2 Day PM | 6 Sand Bass, 1 Bullet Tuna, 2 Sculpin, 16 Sheephead, 60 Calico Bass, 9 Whitefish, 100 Bonito, 8 Rockfish",San Diego Fish Reports dock totals,https://www.sandiegofishreports.com/dock_totals/boats.php?date=2026-09-24,2026-10-04T06:18:47Z,backfill,dock-trips-1
d8005dd1f3a336d5,2026-09-24,Seaforth,Pacifica,1.5_day,1.5 Day,1.5,23,"{""dorado"": 46, ""yellowfin_tuna"": 15, ""yellowtail"": 2}",{},63,"Pacifica Seaforth Sportfishing San Diego, CA | 23 Anglers 1.5 Day | 2 Yellowtail, 46 Dorado, 1 Wahoo, 15 Yellowfin Tuna",San Diego Fish Reports dock totals,https://www.sandiegofishreports.com/dock_totals/boats.php?date=2026-09-24,2026-10-04T06:18:47Z,backfill,dock-trips-1
850382907aac2107,2026-09-24,Seaforth,San Diego,full_day,Full Day Offshore,1.0,35,"{""dorado"": 12, ""yellowfin_tuna"": 260}",{},272,"San Diego Seaforth Sportfishing San Diego, CA | 35 Anglers Full Day Offshore | 12 Dorado, 1 Wahoo, 260 Yellowfin Tuna",San Diego Fish Reports dock totals,https://www.sandiegofishreports.com/dock_totals/boats.php?date=2026-09-24,2026-10-04T06:18:47Z,backfill,dock-trips-1
ac3264f720e74215,2026-09-24,Seaforth,Sea Watch,full_day,Full Day Offshore,1.0,30,"{""dorado"": 4, ""yellowfin_tuna"": 100, ""yellowtail"": 3}",{},107,"Sea Watch Seaforth Sportfishing San Diego, CA | 30 Anglers Full Day Offshore | 3 Yellowtail, 4 Dorado, 2 Skipjack Tuna, 100 Yellowfin Tuna",San Diego Fish Reports dock totals,https://www.sandiegofishreports.com/dock_totals/boats.php?date=2026-09-24,2026-10-04T06:18:47Z,backfill,dock-trips-1
ae4da5a259ddf279,2026-09-24,Seaforth,Tribute,1.5_day,1.5 Day,1.5,31,"{""dorado"": 23, ""yellowfin_tuna"": 85, ""yellowtail"": 11}",{},119,"Tribute Seaforth Sportfishing San Diego, CA | 31 Anglers 1.5 Day | 11 Yellowtail, 23 Dorado, 85 Yellowfin Tuna",San Diego Fish Reports dock totals,https://www.sandiegofishreports.com/dock_totals/boats.php?date=2026-09-24,2026-10-04T06:18:47Z,backfill,dock-trips-1
0c1b098647ff110e,2026-09-25,Fishermans,Dolphin,half_day,1/2 Day AM,0.5,52,"{""bonito"": 26, ""calico_bass"": 46, ""rockfish"": 52, ""sheephead"": 12, ""yellowtail"": 2}","{""calico_bass"": 75}",213,"Dolphin Fisherman's Landing San Diego, CA | 52 Anglers 1/2 Day AM | 32 Sculpin, 12 Sheephead, 2 Yellowtail (up to 20 pounds), 46 Calico Bass, 26 Bonito, 24 Rockfish, 28 Vermilion Rockfish, 75 Calico Bass Released",San Diego Fish Reports dock totals,https://www.sandiegofishreports.com/dock_totals/boats.php?date=2026-09-25,2026-10-04T06:18:49Z,backfill,dock-trips-1
ad3d83f57d2913f6,2026-09-25,Fishermans,Dolphin,half_day,1/2 Day PM,0.5,29,"{""bonito"": 68, ""calico_bass"": 79, ""rockfish"": 28, ""sand_bass"": 4, ""sheephead"": 17, ""yellowtail"": 6}","{""calico_bass"": 50}",252,"Dolphin Fisherman's Landing San Diego, CA | 29 Anglers 1/2 Day PM | 4 Sand Bass, 1 Cabezon, 23 Sculpin, 17 Sheephead, 6 Yellowtail (up to 25 pounds), 79 Calico Bass, 4 Whitefish, 68 Bonito, 28 Rockfish, 50 Calico Bass Released",San Diego Fish Reports dock totals,https://www.sandiegofishreports.com/dock_totals/boats.php?date=2026-09-25,2026-10-04T06:18:49Z,backfill,dock-trips-1
413f54c4c3962f75,2026-09-25,Fishermans,Islander,2_day,2 Day,2.0,24,"{""dorado"": 14, ""yellowfin_tuna"": 3, ""yellowtail"": 52}","{""yellowfin_tuna"": 100}",169,"Islander Fisherman's Landing San Diego, CA | 24 Anglers 2 Day | 52 Yellowtail, 14 Dorado, 3 Yellowfin Tuna, 100 Yellowfin Tuna Released",San Diego Fish Reports dock totals,https://www.sandiegofishreports.com/dock_totals/boats.php?date=2026-09-25,2026-10-04T06:18:49Z,backfill,dock-trips-1
6dee4e9720e508b7,2026-09-25,Fishermans,Pacific Dawn,1.5_day,1.5 Day,1.5,17,"{""dorado"": 12, ""yellowfin_tuna"": 85}",{},97,"Pacific Dawn Fisherman's Landing San Diego, CA | 17 Anglers 1.5 Day | 12 Dorado, 85 Yellowfin Tuna",San Diego Fish Reports dock totals,https://www.sandiegofishreports.com/dock_totals/boats.php?date=2026-09-25,2026-10-04T06:18:49Z,backfill,dock-trips-1
9e0bee61f2e03daf,2026-09-25,H&M,"Blue Horizon Oceanside Sea Center Oceanside, CA",overnight,Overnight Offshore,1.0,14,"{""dorado"": 5, ""yellowfin_tuna"": 140}",{},145,"Blue Horizon Oceanside Sea Center Oceanside, CA | 14 Anglers Overnight Offshore | 5 Dorado, 6 Skipjack Tuna, 140 Yellowfin Tuna",San Diego Fish Reports dock totals,https://www.sandiegofishreports.com/dock_totals/boats.php?date=2026-09-25,2026-10-04T06:18:49Z,backfill,dock-trips-1
864e673cdccbf719,2026-09-25,H&M,"Chubasco II Oceanside Sea Center Oceanside, CA",three_quarter_day,3/4 Day,0.75,32,"{""bonito"": 28, ""dorado"": 1, ""yellowfin_tuna"": 160, ""yellowtail"": 1}",{},190,"Chubasco II Oceanside Sea Center Oceanside, CA | 32 Anglers 3/4 Day | 1 Yellowtail, 1 Dorado, 28 Bonito, 4 Skipjack Tuna, 160 Yellowfin Tuna",San Diego Fish Reports dock totals,https://www.sandiegofishreports.com/dock_totals/boats.php?date=2026-09-25,2026-10-04T06:18:49Z,backfill,dock-trips-1
ab4b3a6beaf07f18,2026-09-25,H&M,"Effishency Oceanside Sea Center Oceanside, CA",full_day,Full Day,1.0,5,"{""yellowfin_tuna"": 50}",{},50,"Effishency Oceanside Sea Center Oceanside, CA | 5 Anglers Full Day | 1 Skipjack Tuna, 50 Yellowfin Tuna",San Diego Fish Reports dock totals,https://www.sandiegofishreports.com/dock_totals/boats.php?date=2026-09-25,2026-10-04T06:18:49Z,backfill,dock-trips-1
5f6e096712721767,2026-09-25,H&M,Excalibur,2_day,2 Day,2.0,27,"{""dorado"": 9, ""yellowfin_tuna"": 251, ""yellowtail"": 4}",{},264,"Excalibur H&M Landing San Diego, CA | 27 Anglers 2 Day | 4 Yellowtail, 9 Dorado, 251 Yellowfin Tuna",San Diego Fish Reports dock totals,https://www.sandiegofishreports.com/dock_totals/boats.php?date=2026-09-25,2026-10-04T06:18:49Z,backfill,dock-trips-1
72afec86f1b4a668,2026-09-25,H&M,Grande,full_day,Full Day Offshore,1.0,41,"{""dorado"": 12, ""yellowfin_tuna"": 50, ""yellowtail"": 2}",{},64,"Grande H&M Landing San Diego, CA | 41 Anglers Full Day Offshore | 2 Yellowtail, 12 Dorado, 50 Yellowfin Tuna",San Diego Fish Reports dock totals,https://www.sandiegofishreports.com/dock_totals/boats.php?date=2026-09-25,2026-10-04T06:18:49Z,backfill,dock-trips-1
ad773af20e157f5e,2026-09-25,H&M,Horizon,1.5_day,1.5 Day,1.5,27,"{""dorado"": 1, ""yellowfin_tuna"": 70}",{},71,"Horizon H&M Landing San Diego, CA | 27 Anglers 1.5 Day | 1 Dorado, 70 Yellowfin Tuna",San Diego Fish Reports dock totals,https://www.sandiegofishreports.com/dock_totals/boats.php?date=2026-09-25,2026-10-04T06:18:49Z,backfill,dock-trips-1
5e908b1fbb4a8e95,2026-09-25,H&M,Little G,2.5_day,2.5 Day,2.5,6,{},{},0,"Little G H&M Landing San Diego, CA | 6 Anglers 2.5 Day | ",San Diego Fish Reports dock totals,https://www.sandiegofishreports.com/dock_totals/boats.php?date=2026-09-25,2026-10-04T06:18:49Z,backfill,dock-trips-1
6e64786c53a86a3a,2026-09-25,H&M,Nautilus,full_day,Full Day,1.0,6,"{""dorado"": 6, ""yellowfin_tuna"": 30}",{},36,"Nautilus H&M Landing San Diego, CA | 6 Anglers Full Day | 6 Dorado, 30 Yellowfin Tuna",San Diego Fish Reports dock totals,https://www.sandiegofishreports.com/dock_totals/boats.php?date=2026-09-25,2026-10-04T06:18:49Z,backfill,dock-trips-1
e63c579521f563d0,2026-09-25,H&M,Old Glory,overnight,Overnight,1.0,20,"{""dorado"": 10, ""yellowfin_tuna"": 100, ""yellowtail"": 4}",{},114,"Old Glory H&M Landing San Diego, CA | 20 Anglers Overnight | 4 Yellowtail, 10 Dorado, 3 Skipjack Tuna, 100 Yellowfin Tuna",San Diego Fish Reports dock totals,https://www.sandiegofishreports.com/dock_totals/boats.php?date=2026-09-25,2026-10-04T06:18:49Z,backfill,dock-trips-1
62d7f1443648e0f7,2026-09-25,H&M,Patriot (SD),1.5_day,1.5 Day,1.5,9,"{""dorado"": 6, ""yellowfin_tuna"": 45, ""yellowtail"": 2}",{},53,"Patriot (SD) H&M Landing San Diego, CA | 9 Anglers 1.5 Day | 2 Yellowtail, 6 Dorado, 10 Skipjack Tuna, 45 Yellowfin Tuna",San Diego Fish Reports dock totals,https://www.sandiegofishreports.com/dock_totals/boats.php?date=2026-09-25,2026-10-04T06:18:49Z,backfill,dock-trips-1
4d4bb48daef0d0fe,2026-09-25,H&M,Premier,half_day,1/2 Day AM,0.5,43,"{""bonito"": 187, ""calico_bass"": 10, ""sheephead"": 2, ""yellowtail"": 1}",{},200,"Premier H&M Landing San Diego, CA | 43 Anglers 1/2 Day AM | 2 Sheephead, 1 Yellowtail, 10 Calico Bass, 187 Bonito",San Diego Fish Reports dock totals,https://www.sandiegofishreports.com/dock_totals/boats.php?date=2026-09-25,2026-10-04T06:18:49Z,backfill,dock-trips-1
ec24739ab856d41d,2026-09-25,H&M,Premier,half_day,1/2 Day PM,0.5,16,"{""bonito"": 3, ""calico_bass"": 14, ""sheephead"": 3, ""yellowtail"": 24}",{},44,"Premier H&M Landing San Diego, CA | 16 Anglers 1/2 Day PM | 5 Sculpin, 3 Sheephead, 24 Yellowtail, 14 Calico Bass, 3 Bonito",San Diego Fish Reports dock totals,https://www.sandiegofishreports.com/dock_totals/boats.php?date=2026-09-25,2026-10-04T06:18:49Z,backfill,dock-trips-1
cc352584bfb155c1,2026-09-25,H&M,Producer,overnight,Overnight,1.0,29,"{""dorado"": 20, ""yellowfin_tuna"": 145, ""yellowtail"": 18}",{},183,"Producer H&M Landing San Diego, CA | 29 Anglers Overnight | 34 Bullet Tuna, 18 Yellowtail, 20 Dorado, 3 Skipjack Tuna, 145 Yellowfin Tuna",San Diego Fish Reports dock totals,https://www.sandiegofishreports.com/dock_totals/boats.php?date=2026-09-25,2026-10-04T06:18:49Z,backfill,dock-trips-1
72c3c495856f6d4d,2026-09-25,H&M,"Pronto Oceanside Sea Center Oceanside, CA",full_day,Full Day,1.0,10,"{""yellowfin_tuna"": 100}",{},100,"Pronto Oceanside Sea Center Oceanside, CA | 10 Anglers Full Day | 6 Skipjack Tuna, 100 Yellowfin Tuna",San Diego Fish Reports dock totals,https://www.sandiegofishreports.com/dock_totals/boats.php?date=2026-09-25,2026-10-04T06:18:49Z,backfill,dock-trips-1
c1fb890928c99fea,2026-09-25,H&M,"Southern Cal Oceanside Sea Center Oceanside, CA",half_day,1/2 Day AM,0.5,26,"{""bonito"": 100, ""calico_bass"": 11, ""sheephead"": 1, ""white_seabass"": 1}","{""calico_bass"": 50}",163,"Southern Cal Oceanside Sea Center Oceanside, CA | 26 Anglers 1/2 Day AM | 1 Sheephead, 11 Calico Bass, 1 Whitefish, 100 Bonito, 1 White Seabass, 50 Calico Bass Released",San Diego Fish Reports dock totals,https://www.sandiegofishreports.com/dock_totals/boats.php?date=2026-09-25,2026-10-04T06:18:49Z,backfill,dock-trips-1
54c81e8687a7a787,2026-09-25,Point Loma,Daily Double,half_day,1/2 Day AM,0.5,30,"{""barracuda"": 4, ""bonito"": 130, ""calico_bass"": 53, ""rockfish"": 5, ""sand_bass"": 6, ""sheephead"": 1}",{},199,"Daily Double Point Loma Sportfishing San Diego, CA | 30 Anglers 1/2 Day AM | 6 Barred Sand Bass, 4 Barracuda, 1 Sheephead, 53 Calico Bass, 130 Bonito, 5 Rockfish",San Diego Fish Reports dock totals,https://www.sandiegofishreports.com/dock_totals/boats.php?date=2026-09-25,2026-10-04T06:18:49Z,backfill,dock-trips-1
e379cf0f82a0edd3,2026-09-25,Point Loma,Mission Belle,full_day,Full Day,1.0,21,"{""dorado"": 4, ""yellowfin_tuna"": 185}",{},189,"Mission Belle Point Loma Sportfishing San Diego, CA | 21 Anglers Full Day | 4 Dorado, 185 Yellowfin Tuna",San Diego Fish Reports dock totals,https://www.sandiegofishreports.com/dock_totals/boats.php?date=2026-09-25,2026-10-04T06:18:49Z,backfill,dock-trips-1
44d16611576b0413,2026-09-25,Point Loma,Point Loma,full_day,Full Day,1.0,20,"{""yellowfin_tuna"": 150, ""yellowtail"": 1}",{},151,"Point Loma Point Loma Sportfishing San Diego, CA | 20 Anglers Full Day | 6 Bullet Tuna, 1 Yellowtail, 4 Skipjack Tuna, 150 Yellowfin Tuna",San Diego Fish Reports dock totals,https://www.sandiegofishreports.com/dock_totals/boats.php?date=2026-09-25,2026-10-04T06:18:49Z,backfill,dock-trips-1
82edb979161ef53a,2026-09-25,Seaforth,El Gato Dos,full_day,Full Day Offshore,1.0,6,"{""dorado"": 5, ""yellowfin_tuna"": 45}",{},50,"El Gato Dos Seaforth Sportfishing San Diego, CA | 6 Anglers Full Day Offshore | 5 Dorado, 45 Yellowfin Tuna",San Diego Fish Reports dock totals,https://www.sandiegofishreports.com/dock_totals/boats.php?date=2026-09-25,2026-10-04T06:18:49Z,backfill,dock-trips-1
fa8e64e192551c1a,2026-09-25,Seaforth,Highliner,2.5_day,2.5 Day,2.5,21,"{""dorado"": 84, ""yellowfin_tuna"": 196, ""yellowtail"": 13}",{},293,"Highliner Seaforth Sportfishing San Diego, CA | 21 Anglers 2.5 Day | 13 Yellowtail, 84 Dorado, 1 Striped Marlin, 196 Yellowfin Tuna",San Diego Fish Reports dock totals,https://www.sandiegofishreports.com/dock_totals/boats.php?date=2026-09-25,2026-10-04T06:18:49Z,backfill,dock-trips-1
4cdd90aebe2351d2,2026-09-25,Seaforth,New Seaforth,half_day,1/2 Day AM,0.5,51,"{""bonito"": 9, ""calico_bass"": 21, ""sand_bass"": 4, ""sheephead"": 4}","{""barracuda"": 70, ""calico_bass"": 100}",208,"New Seaforth Seaforth Sportfishing San Diego, CA | 51 Anglers 1/2 Day AM | 4 Sand Bass, 1 Sculpin, 4 Sheephead, 21 Calico Bass, 2 Whitefish, 9 Bonito, 70 Barracuda Released , 100 Calico Bass Released",San Diego Fish Reports dock totals,https://www.sandiegofishreports.com/dock_totals/boats.php?date=2026-09-25,2026-10-04T06:18:49Z,backfill,dock-trips-1
cac6cefc7ccce266,2026-09-25,Seaforth,New Seaforth,half_day,1/2 Day PM,0.5,55,"{""barracuda"": 2, ""bonito"": 13, ""calico_bass"": 31, ""rockfish"": 5, ""sand_bass"": 1, ""yellowtail"": 2}","{""calico_bass"": 100}",154,"New Seaforth Seaforth Sportfishing San Diego, CA | 55 Anglers 1/2 Day PM | 1 Sand Bass, 2 Barracuda, 3 Sculpin, 2 Yellowtail, 31 Calico Bass, 2 Whitefish, 13 Bonito, 5 Rockfish, 100 Calico Bass Released",San Diego Fish Reports dock totals,https://www.sandiegofishreports.com/dock_totals/boats.php?date=2026-09-25,2026-10-04T06:18:49Z,backfill,dock-trips-1
3ec87a1b6afff3d1,2026-09-25,Seaforth,New Seaforth,twilight,1/2 Day Twilight,0.4,28,"{""bonito"": 30, ""calico_bass"": 27, ""rockfish"": 7, ""sand_bass"": 3}",{},67,"New Seaforth Seaforth Sportfishing San Diego, CA | 28 Anglers 1/2 Day Twilight | 3 Sand Bass, 27 Calico Bass, 30 Bonito, 7 Rockfish",San Diego Fish Reports dock totals,https://www.sandiegofishreports.com/dock_totals/boats.php?date=2026-09-25,2026-10-04T06:18:49Z,backfill,dock-trips-1
bb35adefeda5296c,2026-09-25,Seaforth,Outer Limits,overnight,Overnight,1.0,22,"{""dorado"": 44, ""yellowfin_tuna"": 110}",{},154,"Outer Limits Seaforth Sportfishing San Diego, CA | 22 Anglers Overnight | 44 Dorado, 110 Yellowfin Tuna",San Diego Fish Reports dock totals,https://www.sandiegofishreports.com/dock_totals/boats.php?date=2026-09-25,2026-10-04T06:18:49Z,backfill,dock-trips-1
efe79994e1ed9d46,2026-09-25,Seaforth,Pacific Voyager,3_day,3 Day,3.0,20,"{""dorado"": 29, ""yellowfin_tuna"": 100, ""yellowtail"": 6}",{},135,"Pacific Voyager Seaforth Sportfishing San Diego, CA | 20 Anglers 3 Day | 6 Yellowtail, 29 Dorado, 4 Wahoo, 100 Yellowfin Tuna",San Diego Fish Reports dock totals,https://www.sandiegofishreports.com/dock_totals/boats.php?date=2026-09-25,2026-10-04T06:18:49Z,backfill,dock-trips-1
1b178bea855f838f,2026-09-25,Seaforth,San Diego,full_day,Full Day Offshore,1.0,39,"{""dorado"": 9, ""yellowfin_tuna"": 186, ""yellowtail"": 2}",{},197,"San Diego Seaforth Sportfishing San Diego, CA | 39 Anglers Full Day Offshore | 2 Yellowtail, 9 Dorado, 6 Skipjack Tuna, 186 Yellowfin Tuna",San Diego Fish Reports dock totals,https://www.sandiegofishreports.com/dock_totals/boats.php?date=2026-09-25,2026-10-04T06:18:49Z,backfill,dock-trips-1
3b4e2b0eaef15bbe,2026-09-25,Seaforth,Sea Watch,full_day,Full Day Offshore,1.0,28,"{""dorado"": 3, ""yellowfin_tuna"": 280, ""yellowtail"": 3}",{},286,"Sea Watch Seaforth Sportfishing San Diego, CA | 28 Anglers Full Day Offshore | 3 Yellowtail, 3 Dorado, 13 Skipjack Tuna, 280 Yellowfin Tuna",San Diego Fish Reports dock totals,https://www.sandiegofishreports.com/dock_totals/boats.php?date=2026-09-25,2026-10-04T06:18:49Z,backfill,dock-trips-1
5ed1faec42f7c20f,2026-09-25,Seaforth,Tribute,overnight,Overnight,1.0,20,"{""dorado"": 2, ""yellowfin_tuna"": 100}",{},102,"Tribute Seaforth Sportfishing San Diego, CA | 20 Anglers Overnight | 2 Dorado, 1 Striped Marlin, 100 Yellowfin Tuna",San Diego Fish Reports dock totals,https://www.sandiegofishreports.com/dock_totals/boats.php?date=2026-09-25,2026-10-04T06:18:49Z,backfill,dock-trips-1
fdf804830f07a1b1,2026-09-25,Seaforth,Voyager,2_day,2 Day,2.0,8,"{""dorado"": 1, ""yellowfin_tuna"": 58}",{},59,"Voyager Seaforth Sportfishing San Diego, CA | 8 Anglers 2 Day | 1 Dorado, 55 Skipjack Tuna, 58 Yellowfin Tuna",San Diego Fish Reports dock totals,https://www.sandiegofishreports.com/dock_totals/boats.php?date=2026-09-25,2026-10-04T06:18:49Z,backfill,dock-trips-1
0015efd39b7e7163,2026-09-26,Fishermans,Dolphin,half_day,1/2 Day AM,0.5,58,"{""bonito"": 39, ""calico_bass"": 69, ""rockfish"": 12, ""sand_bass"": 3, ""sheephead"": 8, ""yellowtail"": 3}","{""calico_bass"": 100}",234,"Dolphin Fisherman's Landing San Diego, CA | 58 Anglers 1/2 Day AM | 3 Sand Bass, 9 Sculpin, 8 Sheephead, 3 Yellowtail (up to 25 pounds), 69 Calico Bass, 39 Bonito, 12 Rockfish, 100 Calico Bass Released",San Diego Fish Reports dock totals,https://www.sandiegofishreports.com/dock_totals/boats.php?date=2026-09-26,2026-10-04T06:18:51Z,backfill,dock-trips-1
d1d4732d142dfbcd,2026-09-26,Fishermans,Dolphin,half_day,1/2 Day PM,0.5,57,"{""calico_bass"": 18, ""sand_bass"": 15, ""white_seabass"": 1, ""yellowtail"": 39}",{},73,"Dolphin Fisherman's Landing San Diego, CA | 57 Anglers 1/2 Day PM | 15 Sand Bass, 148 Sculpin, 39 Yellowtail, 18 Calico Bass, 1 White Seabass (up to 50 pounds)",San Diego Fish Reports dock totals,https://www.sandiegofishreports.com/dock_totals/boats.php?date=2026-09-26,2026-10-04T06:18:51Z,backfill,dock-trips-1
6dd3e76b7d573809,2026-09-26,Fishermans,Fortune,overnight,Overnight,1.0,21,"{""yellowfin_tuna"": 105}",{},105,"Fortune Fisherman's Landing San Diego, CA | 21 Anglers Overnight | 105 Yellowfin Tuna",San Diego Fish Reports dock totals,https://www.sandiegofishreports.com/dock_totals/boats.php?date=2026-09-26,2026-10-04T06:18:51Z,backfill,dock-trips-1
25f83dc941981d0c,2026-09-26,Fishermans,Pacific Queen,1.5_day,1.5 Day,1.5,20,"{""yellowfin_tuna"": 100}",{},100,"Pacific Queen Fisherman's Landing San Diego, CA | 20 Anglers 1.5 Day | 100 Yellowfin Tuna",San Diego Fish Reports dock totals,https://www.sandiegofishreports.com/dock_totals/boats.php?date=2026-09-26,2026-10-04T06:18:51Z,backfill,dock-trips-1
165e168d374a267a,2026-09-26,H&M,"Blue Horizon Oceanside Sea Center Oceanside, CA",three_quarter_day,3/4 Day,0.75,8,"{""dorado"": 2, ""yellowfin_tuna"": 30}",{},32,"Blue Horizon Oceanside Sea Center Oceanside, CA | 8 Anglers 3/4 Day | 2 Dorado, 8 Skipjack Tuna, 30 Yellowfin Tuna",San Diego Fish Reports dock totals,https://www.sandiegofishreports.com/dock_totals/boats.php?date=2026-09-26,2026-10-04T06:18:51Z,backfill,dock-trips-1
186b4d4324bb2927,2026-09-26,H&M,"Chubasco II Oceanside Sea Center Oceanside, CA",half_day,1/2 Day AM,0.5,25,"{""bonito"": 65, ""calico_bass"": 5, ""sheephead"": 1}",{},71,"Chubasco II Oceanside Sea Center Oceanside, CA | 25 Anglers 1/2 Day AM | 1 Sheephead, 5 Calico Bass, 65 Bonito",San Diego Fish Reports dock totals,https://www.sandiegofishreports.com/dock_totals/boats.php?date=2026-09-26,2026-10-04T06:18:51Z,backfill,dock-trips-1
8877d6c694706eac,2026-09-26,H&M,"Chubasco II Oceanside Sea Center Oceanside, CA",twilight,1/2 Day Twilight,0.4,31,"{""bonito"": 30, ""calico_bass"": 20, ""sheephead"": 1}","{""calico_bass"": 50}",101,"Chubasco II Oceanside Sea Center Oceanside, CA | 31 Anglers 1/2 Day Twilight | 5 Sculpin, 1 Sheephead, 20 Calico Bass, 2 Whitefish, 30 Bonito, 50 Calico Bass Released",San Diego Fish Reports dock totals,https://www.sandiegofishreports.com/dock_totals/boats.php?date=2026-09-26,2026-10-04T06:18:51Z,backfill,dock-trips-1
fa03ba5e96b5f9e2,2026-09-26,H&M,Malihini,full_day,Full Day,1.0,23,"{""yellowfin_tuna"": 34, ""yellowtail"": 4}",{},38,"Malihini H&M Landing San Diego, CA | 23 Anglers Full Day | 4 Yellowtail, 34 Yellowfin Tuna",San Diego Fish Reports dock totals,https://www.sandiegofishreports.com/dock_totals/boats.php?date=2026-09-26,2026-10-04T06:18:51Z,backfill,dock-trips-1
50248d8796d3be07,2026-09-26,H&M,Old Glory,overnight,Overnight,1.0,26,"{""dorado"": 8, ""yellowfin_tuna"": 117, ""yellowtail"": 2}",{},127,"Old Glory H&M Landing San Diego, CA | 26 Anglers Overnight | 90 Bullet Tuna, 2 Yellowtail, 8 Dorado, 1 Skipjack Tuna, 117 Yellowfin Tuna",San Diego Fish Reports dock totals,https://www.sandiegofishreports.com/dock_totals/boats.php?date=2026-09-26,2026-10-04T06:18:51Z,backfill,dock-trips-1
23aacba856d8c8ef,2026-09-26,H&M,Premier,half_day,1/2 Day AM,0.5,48,"{""barracuda"": 1, ""bonito"": 73, ""calico_bass"": 11, ""rockfish"": 17, ""sand_bass"": 1, ""sheephead"": 9, ""yellowtail"": 2}",{},114,"Premier H&M Landing San Diego, CA | 48 Anglers 1/2 Day AM | 1 Sand Bass, 1 Barracuda, 9 Sheephead, 2 Yellowtail, 11 Calico Bass, 73 Bonito, 17 Rockfish",San Diego Fish Reports dock totals,https://www.sandiegofishreports.com/dock_totals/boats.php?date=2026-09-26,2026-10-04T06:18:51Z,backfill,dock-trips-1
cc1d6594d429905c,2026-09-26,H&M,Premier,half_day,1/2 Day PM,0.5,48,"{""calico_bass"": 23, ""sand_bass"": 17, ""sheephead"": 3, ""white_seabass"": 3, ""yellowtail"": 18}",{},64,"Premier H&M Landing San Diego, CA | 48 Anglers 1/2 Day PM | 17 Sand Bass, 18 Sculpin, 3 Sheephead, 18 Yellowtail, 23 Calico Bass, 3 White Seabass",San Diego Fish Reports dock totals,https://www.sandiegofishreports.com/dock_totals/boats.php?date=2026-09-26,2026-10-04T06:18:51Z,backfill,dock-trips-1
335a8bb760c8d119,2026-09-26,H&M,Producer,overnight,Overnight,1.0,25,"{""dorado"": 18, ""yellowfin_tuna"": 115, ""yellowtail"": 11}",{},144,"Producer H&M Landing San Diego, CA | 25 Anglers Overnight | 81 Bullet Tuna, 11 Yellowtail, 18 Dorado, 6 Skipjack Tuna, 115 Yellowfin Tuna",San Diego Fish Reports dock totals,https://www.sandiegofishreports.com/dock_totals/boats.php?date=2026-09-26,2026-10-04T06:18:51Z,backfill,dock-trips-1
a4f9da8f56215247,2026-09-26,H&M,"Pronto Oceanside Sea Center Oceanside, CA",half_day,1/2 Day AM,0.5,12,"{""bonito"": 57, ""calico_bass"": 14}","{""calico_bass"": 40}",111,"Pronto Oceanside Sea Center Oceanside, CA | 12 Anglers 1/2 Day AM | 14 Calico Bass, 57 Bonito, 40 Calico Bass Released",San Diego Fish Reports dock totals,https://www.sandiegofishreports.com/dock_totals/boats.php?date=2026-09-26,2026-10-04T06:18:51Z,backfill,dock-trips-1
4d5fb8221dd1bfbe,2026-09-26,H&M,"Pronto Oceanside Sea Center Oceanside, CA",half_day,1/2 Day PM,0.5,12,"{""bonito"": 60, ""calico_bass"": 60, ""sheephead"": 1}","{""calico_bass"": 100}",221,"Pronto Oceanside Sea Center Oceanside, CA | 12 Anglers 1/2 Day PM | 1 Sheephead, 60 Calico Bass, 60 Bonito, 100 Calico Bass Released",San Diego Fish Reports dock totals,https://www.sandiegofishreports.com/dock_totals/boats.php?date=2026-09-26,2026-10-04T06:18:51Z,backfill,dock-trips-1
a751f22ca5a30281,2026-09-26,H&M,Relentless,three_quarter_day,3/4 Day Local,0.75,28,"{""bonito"": 45, ""calico_bass"": 3, ""rockfish"": 20, ""sand_bass"": 5, ""sheephead"": 4, ""yellowtail"": 9}",{},86,"Relentless H&M Landing San Diego, CA | 28 Anglers 3/4 Day Local | 5 Sand Bass, 4 Sheephead, 9 Yellowtail, 3 Calico Bass, 45 Bonito, 20 Rockfish",San Diego Fish Reports dock totals,https://www.sandiegofishreports.com/dock_totals/boats.php?date=2026-09-26,2026-10-04T06:18:51Z,backfill,dock-trips-1
d1bd5f61b163eb61,2026-09-26,H&M,"Sea Star Oceanside Sea Center Oceanside, CA",three_quarter_day,3/4 Day Offshore,0.75,12,"{""dorado"": 1, ""yellowfin_tuna"": 52}","{""yellowtail"": 35}",88,"Sea Star Oceanside Sea Center Oceanside, CA | 12 Anglers 3/4 Day Offshore | 4 Bullet Tuna, 1 Dorado, 4 Skipjack Tuna, 52 Yellowfin Tuna, 35 Yellowtail Released",San Diego Fish Reports dock totals,https://www.sandiegofishreports.com/dock_totals/boats.php?date=2026-09-26,2026-10-04T06:18:51Z,backfill,dock-trips-1
b0a32bf271e372a2,2026-09-26,H&M,"Southern Cal Oceanside Sea Center Oceanside, CA",three_quarter_day,3/4 Day,0.75,20,"{""bonito"": 40, ""calico_bass"": 15, ""dorado"": 1, ""yellowfin_tuna"": 10, ""yellowtail"": 5}","{""calico_bass"": 40}",111,"Southern Cal Oceanside Sea Center Oceanside, CA | 20 Anglers 3/4 Day | 5 Yellowtail, 1 Dorado, 15 Calico Bass, 40 Bonito, 1 Skipjack Tuna, 10 Yellowfin Tuna, 40 Calico Bass Released",San Diego Fish Reports dock totals,https://www.sandiegofishreports.com/dock_totals/boats.php?date=2026-09-26,2026-10-04T06:18:51Z,backfill,dock-trips-1
ba645b90d90ec170,2026-09-26,H&M,Vendetta 2,overnight,Overnight,1.0,16,"{""dorado"": 10, ""yellowfin_tuna"": 150}",{},160,"Vendetta 2 H&M Landing San Diego, CA | 16 Anglers Overnight | 120 Bullet Tuna, 10 Dorado, 150 Yellowfin Tuna",San Diego Fish Reports dock totals,https://www.sandiegofishreports.com/dock_totals/boats.php?date=2026-09-26,2026-10-04T06:18:51Z,backfill,dock-trips-1
4d9ba2a34ec6c9be,2026-09-26,Point Loma,Daily Double,half_day,1/2 Day AM,0.5,21,"{""bonito"": 20, ""calico_bass"": 20, ""rockfish"": 10, ""sand_bass"": 1, ""sheephead"": 1, ""yellowtail"": 1}","{""calico_bass"": 50}",103,"Daily Double Point Loma Sportfishing San Diego, CA | 21 Anglers 1/2 Day AM | 1 Barred Sand Bass, 1 Sheephead, 1 Yellowtail, 20 Calico Bass, 3 Whitefish, 20 Bonito, 10 Rockfish, 50 Calico Bass Released",San Diego Fish Reports dock totals,https://www.sandiegofishreports.com/dock_totals/boats.php?date=2026-09-26,2026-10-04T06:18:51Z,backfill,dock-trips-1
3376ceeef911017a,2026-09-26,Point Loma,Mission Belle,full_day,Full Day,1.0,13,{},{},0,"Mission Belle Point Loma Sportfishing San Diego, CA | 13 Anglers Full Day | 50 Bullet Tuna",San Diego Fish Reports dock totals,https://www.sandiegofishreports.com/dock_totals/boats.php?date=2026-09-26,2026-10-04T06:18:51Z,backfill,dock-trips-1
70baf7f0e5a560eb,2026-09-26,Seaforth,Apollo,overnight,Overnight,1.0,20,"{""dorado"": 4, ""yellowfin_tuna"": 30, ""yellowtail"": 2}",{},36,"Apollo Seaforth Sportfishing San Diego, CA | 20 Anglers Overnight | 20 Bullet Tuna, 2 Yellowtail, 4 Dorado, 30 Yellowfin Tuna",San Diego Fish Reports dock totals,https://www.sandiegofishreports.com/dock_totals/boats.php?date=2026-09-26,2026-10-04T06:18:51Z,backfill,dock-trips-1
538b6076fa369776,2026-09-26,Seaforth,El Gato Dos,full_day,Full Day Offshore,1.0,6,"{""dorado"": 8, ""yellowfin_tuna"": 2, ""yellowtail"": 1}",{},11,"El Gato Dos Seaforth Sportfishing San Diego, CA | 6 Anglers Full Day Offshore | 1 Yellowtail, 8 Dorado, 2 Yellowfin Tuna",San Diego Fish Reports dock totals,https://www.sandiegofishreports.com/dock_totals/boats.php?date=2026-09-26,2026-10-04T06:18:51Z,backfill,dock-trips-1
326d680d4bcc5838,2026-09-26,Seaforth,New Seaforth,half_day,1/2 Day AM,0.5,52,"{""barracuda"": 210, ""bonito"": 4, ""calico_bass"": 1, ""rockfish"": 2, ""sand_bass"": 1, ""yellowtail"": 3}",{},221,"New Seaforth Seaforth Sportfishing San Diego, CA | 52 Anglers 1/2 Day AM | 1 Sand Bass, 210 Barracuda, 1 Sculpin, 3 Yellowtail, 1 Calico Bass, 4 Bonito, 2 Rockfish",San Diego Fish Reports dock totals,https://www.sandiegofishreports.com/dock_totals/boats.php?date=2026-09-26,2026-10-04T06:18:51Z,backfill,dock-trips-1
cff00734dcb9a446,2026-09-26,Seaforth,New Seaforth,half_day,1/2 Day PM,0.5,56,"{""barracuda"": 155, ""bonito"": 1, ""calico_bass"": 7, ""sand_bass"": 1, ""sheephead"": 1, ""yellowtail"": 5}",{},170,"New Seaforth Seaforth Sportfishing San Diego, CA | 56 Anglers 1/2 Day PM | 1 Sand Bass, 155 Barracuda, 1 Sheephead, 5 Yellowtail, 7 Calico Bass, 1 Bonito",San Diego Fish Reports dock totals,https://www.sandiegofishreports.com/dock_totals/boats.php?date=2026-09-26,2026-10-04T06:18:51Z,backfill,dock-trips-1
ec50094b5d7b2c26,2026-09-26,Seaforth,New Seaforth,twilight,1/2 Day Twilight,0.4,55,"{""bonito"": 2, ""calico_bass"": 32, ""rockfish"": 5, ""sand_bass"": 16, ""sheephead"": 1, ""white_seabass"": 1}","{""calico_bass"": 100}",157,"New Seaforth Seaforth Sportfishing San Diego, CA | 55 Anglers 1/2 Day Twilight | 16 Sand Bass, 9 Sculpin, 1 Sheephead, 32 Calico Bass, 1 Whitefish, 2 Bonito, 5 Rockfish, 1 White Seabass, 100 Calico Bass Released",San Diego Fish Reports dock totals,https://www.sandiegofishreports.com/dock_totals/boats.php?date=2026-09-26,2026-10-04T06:18:51Z,backfill,dock-trips-1
00083e83f910f5f8,2026-09-26,Seaforth,Polaris Supreme,3_day,3 Day,3.0,24,"{""bluefin_tuna"": 1, ""dorado"": 6, ""yellowfin_tuna"": 230}",{},237,"Polaris Supreme Seaforth Sportfishing San Diego, CA | 24 Anglers 3 Day | 1 Bluefin Tuna, 6 Dorado, 230 Yellowfin Tuna",San Diego Fish Reports dock totals,https://www.sandiegofishreports.com/dock_totals/boats.php?date=2026-09-26,2026-10-04T06:18:51Z,backfill,dock-trips-1
bfc1707dd3c0c176,2026-09-26,Seaforth,San Diego,full_day,Full Day,1.0,32,"{""dorado"": 2, ""yellowfin_tuna"": 115}",{},117,"San Diego Seaforth Sportfishing San Diego, CA | 32 Anglers Full Day | 2 Dorado, 5 Skipjack Tuna, 115 Yellowfin Tuna",San Diego Fish Reports dock totals,https://www.sandiegofishreports.com/dock_totals/boats.php?date=2026-09-26,2026-10-04T06:18:51Z,backfill,dock-trips-1
c69eebfb2cc58bfb,2026-09-26,Seaforth,Sea Watch,full_day,Full Day Offshore,1.0,18,"{""dorado"": 1, ""yellowfin_tuna"": 15, ""yellowtail"": 2}",{},18,"Sea Watch Seaforth Sportfishing San Diego, CA | 18 Anglers Full Day Offshore | 2 Yellowtail, 1 Dorado, 15 Yellowfin Tuna",San Diego Fish Reports dock totals,https://www.sandiegofishreports.com/dock_totals/boats.php?date=2026-09-26,2026-10-04T06:18:51Z,backfill,dock-trips-1
63f82e39c9e7c470,2026-09-26,Seaforth,Voyager,overnight,Overnight,1.0,18,"{""dorado"": 9, ""yellowfin_tuna"": 56, ""yellowtail"": 1}",{},66,"Voyager Seaforth Sportfishing San Diego, CA | 18 Anglers Overnight | 1 Yellowtail, 9 Dorado, 4 Skipjack Tuna, 56 Yellowfin Tuna",San Diego Fish Reports dock totals,https://www.sandiegofishreports.com/dock_totals/boats.php?date=2026-09-26,2026-10-04T06:18:51Z,backfill,dock-trips-1
055293f800c197e6,2026-09-27,Fishermans,Dolphin,half_day,1/2 Day AM,0.5,50,"{""bonito"": 28, ""calico_bass"": 14, ""rockfish"": 15, ""sand_bass"": 12, ""sheephead"": 3}","{""calico_bass"": 50}",122,"Dolphin Fisherman's Landing San Diego, CA | 50 Anglers 1/2 Day AM | 12 Sand Bass, 67 Sculpin, 3 Sheephead, 14 Calico Bass, 28 Bonito, 15 Rockfish, 50 Calico Bass Released",San Diego Fish Reports dock totals,https://www.sandiegofishreports.com/dock_totals/boats.php?date=2026-09-27,2026-10-04T06:18:53Z,backfill,dock-trips-1
12602360330b9b81,2026-09-27,Fishermans,Dolphin,half_day,1/2 Day PM,0.5,57,"{""bonito"": 15, ""calico_bass"": 24, ""rockfish"": 24, ""sheephead"": 2, ""yellowtail"": 36}",{},101,"Dolphin Fisherman's Landing San Diego, CA | 57 Anglers 1/2 Day PM | 36 Sculpin, 2 Sheephead, 36 Yellowtail, 24 Calico Bass, 15 Bonito, 24 Rockfish",San Diego Fish Reports dock totals,https://www.sandiegofishreports.com/dock_totals/boats.php?date=2026-09-27,2026-10-04T06:18:53Z,backfill,dock-trips-1
dad06f28795071cb,2026-09-27,Fishermans,Islander,1.5_day,1.5 Day,1.5,16,"{""dorado"": 4, ""yellowfin_tuna"": 50}",{},54,"Islander Fisherman's Landing San Diego, CA | 16 Anglers 1.5 Day | 4 Dorado, 50 Yellowfin Tuna",San Diego Fish Reports dock totals,https://www.sandiegofishreports.com/dock_totals/boats.php?date=2026-09-27,2026-10-04T06:18:53Z,backfill,dock-trips-1
262543e095b03232,2026-09-27,Fishermans,Liberty,2_day,2 Day,2.0,26,"{""yellowfin_tuna"": 83, ""yellowtail"": 2}",{},85,"Liberty Fisherman's Landing San Diego, CA | 26 Anglers 2 Day | 2 Yellowtail, 60 Skipjack Tuna, 83 Yellowfin Tuna",San Diego Fish Reports dock totals,https://www.sandiegofishreports.com/dock_totals/boats.php?date=2026-09-27,2026-10-04T06:18:53Z,backfill,dock-trips-1
ed3faa4bbe38d3e4,2026-09-27,Fishermans,Tomahawk,2_day,2 Day,2.0,23,"{""yellowfin_tuna"": 109}",{},109,"Tomahawk Fisherman's Landing San Diego, CA | 23 Anglers 2 Day | 15 Skipjack Tuna, 109 Yellowfin Tuna",San Diego Fish Reports dock totals,https://www.sandiegofishreports.com/dock_totals/boats.php?date=2026-09-27,2026-10-04T06:18:53Z,backfill,dock-trips-1
81346a5380cf5cab,2026-09-27,H&M,"Blue Horizon Oceanside Sea Center Oceanside, CA",full_day,Full Day,1.0,23,"{""dorado"": 1, ""yellowfin_tuna"": 201}",{},202,"Blue Horizon Oceanside Sea Center Oceanside, CA | 23 Anglers Full Day | 1 Dorado, 8 Skipjack Tuna, 201 Yellowfin Tuna",San Diego Fish Reports dock totals,https://www.sandiegofishreports.com/dock_totals/boats.php?date=2026-09-27,2026-10-04T06:18:53Z,backfill,dock-trips-1
cc5aaf1e1982a4f9,2026-09-27,H&M,"Chubasco II Oceanside Sea Center Oceanside, CA",three_quarter_day,3/4 Day,0.75,24,"{""barracuda"": 47, ""sand_bass"": 7, ""sheephead"": 3, ""white_seabass"": 34, ""yellowfin_tuna"": 1, ""yellowtail"": 1}",{},93,"Chubasco II Oceanside Sea Center Oceanside, CA | 24 Anglers 3/4 Day | 7 Sand Bass, 47 Barracuda, 3 Sheephead, 1 Yellowtail, 3 Whitefish, 34 White Seabass, 1 Yellowfin Tuna",San Diego Fish Reports dock totals,https://www.sandiegofishreports.com/dock_totals/boats.php?date=2026-09-27,2026-10-04T06:18:53Z,backfill,dock-trips-1
895d802b7cf03f22,2026-09-27,H&M,"Effishency Oceanside Sea Center Oceanside, CA",three_quarter_day,3/4 Day,0.75,4,"{""yellowfin_tuna"": 39}",{},39,"Effishency Oceanside Sea Center Oceanside, CA | 4 Anglers 3/4 Day | 2 Skipjack Tuna, 39 Yellowfin Tuna",San Diego Fish Reports dock totals,https://www.sandiegofishreports.com/dock_totals/boats.php?date=2026-09-27,2026-10-04T06:18:53Z,backfill,dock-trips-1
df64f5d5ca192935,2026-09-27,H&M,Grande,1.5_day,1.5 Day,1.5,25,"{""dorado"": 20, ""yellowfin_tuna"": 125, ""yellowtail"": 6}",{},151,"Grande H&M Landing San Diego, CA | 25 Anglers 1.5 Day | 6 Yellowtail, 20 Dorado, 2 Skipjack Tuna, 125 Yellowfin Tuna",San Diego Fish Reports dock totals,https://www.sandiegofishreports.com/dock_totals/boats.php?date=2026-09-27,2026-10-04T06:18:53Z,backfill,dock-trips-1
20e426a8fbe6e014,2026-09-27,H&M,Legend,1.5_day,1.5 Day,1.5,29,"{""yellowfin_tuna"": 82}",{},82,"Legend H&M Landing San Diego, CA | 29 Anglers 1.5 Day | 82 Yellowfin Tuna",San Diego Fish Reports dock totals,https://www.sandiegofishreports.com/dock_totals/boats.php?date=2026-09-27,2026-10-04T06:18:53Z,backfill,dock-trips-1
204e281f683b999a,2026-09-27,H&M,Malihini,full_day,Full Day,1.0,35,"{""bonito"": 15, ""calico_bass"": 47, ""rockfish"": 52, ""sheephead"": 16, ""yellowtail"": 91}",{},221,"Malihini H&M Landing San Diego, CA | 35 Anglers Full Day | 19 Sculpin, 16 Sheephead, 91 Yellowtail, 47 Calico Bass, 43 Whitefish, 15 Bonito, 52 Rockfish, 1 Skipjack Tuna",San Diego Fish Reports dock totals,https://www.sandiegofishreports.com/dock_totals/boats.php?date=2026-09-27,2026-10-04T06:18:53Z,backfill,dock-trips-1
ec007aa809adcb89,2026-09-27,H&M,Nautilus,1.5_day,1.5 Day,1.5,6,"{""dorado"": 8, ""yellowfin_tuna"": 30}",{},38,"Nautilus H&M Landing San Diego, CA | 6 Anglers 1.5 Day | 8 Dorado, 30 Yellowfin Tuna",San Diego Fish Reports dock totals,https://www.sandiegofishreports.com/dock_totals/boats.php?date=2026-09-27,2026-10-04T06:18:53Z,backfill,dock-trips-1
c4b897c8fd67d7a6,2026-09-27,H&M,Ocean Odyssey,2.5_day,2.5 Day,2.5,12,"{""dorado"": 48, ""yellowtail"": 11}",{},59,"Ocean Odyssey H&M Landing San Diego, CA | 12 Anglers 2.5 Day | 11 Yellowtail, 48 Dorado, 7 Wahoo",San Diego Fish Reports dock totals,https://www.sandiegofishreports.com/dock_totals/boats.php?date=2026-09-27,2026-10-04T06:18:53Z,backfill,dock-trips-1
8a70989461a89a65,2026-09-27,H&M,Old Glory,overnight,Overnight,1.0,24,"{""dorado"": 8, ""yellowfin_tuna"": 140}",{},148,"Old Glory H&M Landing San Diego, CA | 24 Anglers Overnight | 50 Bullet Tuna, 8 Dorado, 2 Striped Marlin, 140 Yellowfin Tuna",San Diego Fish Reports dock totals,https://www.sandiegofishreports.com/dock_totals/boats.php?date=2026-09-27,2026-10-04T06:18:53Z,backfill,dock-trips-1
fa7aab35c77c3ceb,2026-09-27,H&M,Premier,half_day,1/2 Day AM,0.5,52,"{""bonito"": 8, ""calico_bass"": 7, ""california_halibut"": 1, ""rockfish"": 10, ""sand_bass"": 8, ""white_seabass"": 1, ""yellowtail"": 1}",{},36,"Premier H&M Landing San Diego, CA | 52 Anglers 1/2 Day AM | 8 Sand Bass, 1 Halibut, 35 Sculpin, 1 Yellowtail, 1 Perch, 7 Calico Bass, 8 Bonito, 10 Rockfish, 1 White Seabass",San Diego Fish Reports dock totals,https://www.sandiegofishreports.com/dock_totals/boats.php?date=2026-09-27,2026-10-04T06:18:53Z,backfill,dock-trips-1
643cf20a1f4e2a73,2026-09-27,H&M,Premier,half_day,1/2 Day PM,0.5,43,"{""bonito"": 23, ""calico_bass"": 8, ""rockfish"": 17, ""sand_bass"": 25, ""yellowtail"": 28}",{},101,"Premier H&M Landing San Diego, CA | 43 Anglers 1/2 Day PM | 25 Sand Bass, 21 Sculpin, 28 Yellowtail, 8 Calico Bass, 23 Bonito, 17 Rockfish",San Diego Fish Reports dock totals,https://www.sandiegofishreports.com/dock_totals/boats.php?date=2026-09-27,2026-10-04T06:18:53Z,backfill,dock-trips-1
4fa702f18afc33a4,2026-09-27,H&M,Producer,overnight,Overnight,1.0,29,"{""yellowfin_tuna"": 20, ""yellowtail"": 10}",{},30,"Producer H&M Landing San Diego, CA | 29 Anglers Overnight | 16 Bullet Tuna, 10 Yellowtail, 20 Yellowfin Tuna",San Diego Fish Reports dock totals,https://www.sandiegofishreports.com/dock_totals/boats.php?date=2026-09-27,2026-10-04T06:18:53Z,backfill,dock-trips-1
235a1415608d396f,2026-09-27,H&M,"Pronto Oceanside Sea Center Oceanside, CA",three_quarter_day,3/4 Day,0.75,10,"{""bonito"": 4, ""dorado"": 1, ""yellowfin_tuna"": 10}",{},15,"Pronto Oceanside Sea Center Oceanside, CA | 10 Anglers 3/4 Day | 1 Dorado, 4 Bonito, 1 Skipjack Tuna, 10 Yellowfin Tuna",San Diego Fish Reports dock totals,https://www.sandiegofishreports.com/dock_totals/boats.php?date=2026-09-27,2026-10-04T06:18:53Z,backfill,dock-trips-1
c4ac63619ec6dfad,2026-09-27,H&M,Relentless,full_day,Full Day,1.0,29,"{""yellowfin_tuna"": 1}",{},1,"Relentless H&M Landing San Diego, CA | 29 Anglers Full Day | 3 Bullet Tuna, 1 Yellowfin Tuna",San Diego Fish Reports dock totals,https://www.sandiegofishreports.com/dock_totals/boats.php?date=2026-09-27,2026-10-04T06:18:53Z,backfill,dock-trips-1
3e2883ca5e8a4f2f,2026-09-27,H&M,"Sea Star Oceanside Sea Center Oceanside, CA",three_quarter_day,3/4 Day,0.75,10,"{""dorado"": 2, ""yellowfin_tuna"": 18}",{},20,"Sea Star Oceanside Sea Center Oceanside, CA | 10 Anglers 3/4 Day | 37 Bullet Tuna, 2 Dorado, 6 Skipjack Tuna, 18 Yellowfin Tuna",San Diego Fish Reports dock totals,https://www.sandiegofishreports.com/dock_totals/boats.php?date=2026-09-27,2026-10-04T06:18:53Z,backfill,dock-trips-1
c1a7188ac594b987,2026-09-27,H&M,"Southern Cal Oceanside Sea Center Oceanside, CA",half_day,1/2 Day AM,0.5,43,"{""barracuda"": 4, ""bonito"": 40, ""calico_bass"": 30, ""sheephead"": 3, ""yellowtail"": 5}","{""calico_bass"": 50}",132,"Southern Cal Oceanside Sea Center Oceanside, CA | 43 Anglers 1/2 Day AM | 4 Barracuda, 3 Sheephead, 5 Yellowtail, 30 Calico Bass, 5 Whitefish, 40 Bonito, 50 Calico Bass Released",San Diego Fish Reports dock totals,https://www.sandiegofishreports.com/dock_totals/boats.php?date=2026-09-27,2026-10-04T06:18:53Z,backfill,dock-trips-1
a83fca2d28b286df,2026-09-27,H&M,Tradition,2_day,2 Day,2.0,23,"{""dorado"": 24, ""yellowfin_tuna"": 210}",{},234,"Tradition H&M Landing San Diego, CA | 23 Anglers 2 Day | 45 Bullet Tuna, 24 Dorado, 11 Skipjack Tuna, 210 Yellowfin Tuna",San Diego Fish Reports dock totals,https://www.sandiegofishreports.com/dock_totals/boats.php?date=2026-09-27,2026-10-04T06:18:53Z,backfill,dock-trips-1
51a43d21b0cddff8,2026-09-27,H&M,Tradition,three_quarter_day,3/4 Day,0.75,35,"{""barracuda"": 12, ""calico_bass"": 9, ""rockfish"": 80, ""sand_bass"": 21, ""sheephead"": 15}",{},137,"Tradition H&M Landing San Diego, CA | 35 Anglers 3/4 Day | 21 Sand Bass, 1 Bullet Tuna, 12 Barracuda, 15 Sheephead, 9 Calico Bass, 10 Rockfish, 70 Red Rockfish",San Diego Fish Reports dock totals,https://www.sandiegofishreports.com/dock_totals/boats.php?date=2026-09-27,2026-10-04T06:18:53Z,backfill,dock-trips-1
e19d29a564d08b3a,2026-09-27,Point Loma,Daily Double,half_day,1/2 Day AM,0.5,42,"{""calico_bass"": 4, ""rockfish"": 18, ""sand_bass"": 61, ""sheephead"": 2}",{},85,"Daily Double Point Loma Sportfishing San Diego, CA | 42 Anglers 1/2 Day AM | 61 Barred Sand Bass, 2 Sheephead, 4 Calico Bass, 18 Rockfish",San Diego Fish Reports dock totals,https://www.sandiegofishreports.com/dock_totals/boats.php?date=2026-09-27,2026-10-04T06:18:53Z,backfill,dock-trips-1
a3167d524bbe0307,2026-09-27,Point Loma,Daily Double,half_day,1/2 Day PM,0.5,26,"{""calico_bass"": 2, ""california_halibut"": 1, ""sand_bass"": 5, ""white_seabass"": 6, ""yellowtail"": 31}",{},45,"Daily Double Point Loma Sportfishing San Diego, CA | 26 Anglers 1/2 Day PM | 5 Barred Sand Bass, 1 Halibut, 31 Yellowtail, 2 Calico Bass, 6 White Seabass",San Diego Fish Reports dock totals,https://www.sandiegofishreports.com/dock_totals/boats.php?date=2026-09-27,2026-10-04T06:18:53Z,backfill,dock-trips-1
7b7f017b7db96a88,2026-09-27,Point Loma,Mission Belle,full_day,Full Day,1.0,30,"{""yellowfin_tuna"": 61}",{},61,"Mission Belle Point Loma Sportfishing San Diego, CA | 30 Anglers Full Day | 1 Skipjack Tuna, 61 Yellowfin Tuna",San Diego Fish Reports dock totals,https://www.sandiegofishreports.com/dock_totals/boats.php?date=2026-09-27,2026-10-04T06:18:53Z,backfill,dock-trips-1
ec9657f853116725,2026-09-27,Point Loma,Point Loma,full_day,Full Day,1.0,19,"{""yellowfin_tuna"": 95, ""yellowtail"": 2}",{},97,"Point Loma Point Loma Sportfishing San Diego, CA | 19 Anglers Full Day | 2 Yellowtail, 95 Yellowfin Tuna",San Diego Fish Reports dock totals,https://www.sandiegofishreports.com/dock_totals/boats.php?date=2026-09-27,2026-10-04T06:18:53Z,backfill,dock-trips-1
1676cc9ab358c63c,2026-09-27,Seaforth,Aztec,2.5_day,2.5 Day,2.5,26,"{""dorado"": 91, ""yellowfin_tuna"": 54, ""yellowtail"": 9}",{},154,"Aztec Seaforth Sportfishing San Diego, CA | 26 Anglers 2.5 Day | 9 Yellowtail, 91 Dorado, 11 Wahoo, 54 Yellowfin Tuna",San Diego Fish Reports dock totals,https://www.sandiegofishreports.com/dock_totals/boats.php?date=2026-09-27,2026-10-04T06:18:53Z,backfill,dock-trips-1
8c28afa922bb1114,2026-09-27,Seaforth,El Gato Dos,full_day,Full Day Offshore,1.0,6,"{""dorado"": 1, ""yellowfin_tuna"": 50, ""yellowtail"": 5}",{},56,"El Gato Dos Seaforth Sportfishing San Diego, CA | 6 Anglers Full Day Offshore | 5 Yellowtail, 1 Dorado, 4 Skipjack Tuna, 1 Striped Marlin, 50 Yellowfin Tuna",San Diego Fish Reports dock totals,https://www.sandiegofishreports.com/dock_totals/boats.php?date=2026-09-27,2026-10-04T06:18:53Z,backfill,dock-trips-1
0ae3521d29004fb0,2026-09-27,Seaforth,New Seaforth,half_day,1/2 Day AM,0.5,52,"{""barracuda"": 180, ""calico_bass"": 2, ""rockfish"": 2, ""sand_bass"": 1, ""yellowtail"": 3}",{},188,"New Seaforth Seaforth Sportfishing San Diego, CA | 52 Anglers 1/2 Day AM | 1 Sand Bass, 180 Barracuda, 3 Yellowtail, 2 Calico Bass, 2 Rockfish",San Diego Fish Reports dock totals,https://www.sandiegofishreports.com/dock_totals/boats.php?date=2026-09-27,2026-10-04T06:18:53Z,backfill,dock-trips-1
7a94638e9993ddcb,2026-09-27,Seaforth,New Seaforth,half_day,1/2 Day PM,0.5,55,"{""barracuda"": 28, ""yellowtail"": 1}",{},29,"New Seaforth Seaforth Sportfishing San Diego, CA | 55 Anglers 1/2 Day PM | 28 Barracuda, 1 Yellowtail",San Diego Fish Reports dock totals,https://www.sandiegofishreports.com/dock_totals/boats.php?date=2026-09-27,2026-10-04T06:18:53Z,backfill,dock-trips-1
40a3154e36a95fec,2026-09-27,Seaforth,New Seaforth,twilight,1/2 Day Twilight,0.4,53,"{""bonito"": 1, ""calico_bass"": 10, ""rockfish"": 40, ""sand_bass"": 10}","{""calico_bass"": 100}",161,"New Seaforth Seaforth Sportfishing San Diego, CA | 53 Anglers 1/2 Day Twilight | 10 Sand Bass, 10 Sculpin, 10 Calico Bass, 1 Bonito, 40 Rockfish, 100 Calico Bass Released",San Diego Fish Reports dock totals,https://www.sandiegofishreports.com/dock_totals/boats.php?date=2026-09-27,2026-10-04T06:18:53Z,backfill,dock-trips-1
af89fcefa9e0cc83,2026-09-27,Seaforth,Pacifica,2.5_day,2.5 Day,2.5,26,"{""dorado"": 16, ""yellowfin_tuna"": 163, ""yellowtail"": 2}",{},181,"Pacifica Seaforth Sportfishing San Diego, CA | 26 Anglers 2.5 Day | 2 Yellowtail, 16 Dorado, 1 Wahoo, 163 Yellowfin Tuna",San Diego Fish Reports dock totals,https://www.sandiegofishreports.com/dock_totals/boats.php?date=2026-09-27,2026-10-04T06:18:53Z,backfill,dock-trips-1
452112e0fd7e7229,2026-09-27,Seaforth,San Diego,full_day,Full Day Offshore,1.0,29,"{""dorado"": 1, ""yellowfin_tuna"": 18}",{},19,"San Diego Seaforth Sportfishing San Diego, CA | 29 Anglers Full Day Offshore | 1 Dorado, 1 Pilot Fish, 18 Yellowfin Tuna",San Diego Fish Reports dock totals,https://www.sandiegofishreports.com/dock_totals/boats.php?date=2026-09-27,2026-10-04T06:18:53Z,backfill,dock-trips-1
66ae4ebea09842c9,2026-09-27,Seaforth,Sea Watch,full_day,Full Day Offshore,1.0,30,"{""dorado"": 3, ""yellowfin_tuna"": 50}",{},53,"Sea Watch Seaforth Sportfishing San Diego, CA | 30 Anglers Full Day Offshore | 3 Dorado, 13 Skipjack Tuna, 50 Yellowfin Tuna",San Diego Fish Reports dock totals,https://www.sandiegofishreports.com/dock_totals/boats.php?date=2026-09-27,2026-10-04T06:18:53Z,backfill,dock-trips-1
330ef3e498ea8eeb,2026-09-27,Seaforth,Tribute,1.5_day,1.5 Day,1.5,26,"{""dorado"": 40, ""yellowtail"": 5}",{},45,"Tribute Seaforth Sportfishing San Diego, CA | 26 Anglers 1.5 Day | 5 Yellowtail, 40 Dorado",San Diego Fish Reports dock totals,https://www.sandiegofishreports.com/dock_totals/boats.php?date=2026-09-27,2026-10-04T06:18:53Z,backfill,dock-trips-1
3fab730189a42a72,2026-09-27,Seaforth,Voyager,overnight,Overnight,1.0,18,"{""dorado"": 2, ""yellowfin_tuna"": 90, ""yellowtail"": 10}",{},102,"Voyager Seaforth Sportfishing San Diego, CA | 18 Anglers Overnight | 10 Yellowtail, 2 Dorado, 90 Yellowfin Tuna",San Diego Fish Reports dock totals,https://www.sandiegofishreports.com/dock_totals/boats.php?date=2026-09-27,2026-10-04T06:18:53Z,backfill,dock-trips-1
ac3d9a6aa124b57f,2026-09-28,Fishermans,Dolphin,full_day,Full Day,1.0,29,"{""dorado"": 4, ""yellowfin_tuna"": 27, ""yellowtail"": 18}",{},49,"Dolphin Fisherman's Landing San Diego, CA | 29 Anglers Full Day | 48 Bullet Tuna, 18 Yellowtail, 4 Dorado, 76 Skipjack Tuna, 27 Yellowfin Tuna",San Diego Fish Reports dock totals,https://www.sandiegofishreports.com/dock_totals/boats.php?date=2026-09-28,2026-10-04T06:18:55Z,backfill,dock-trips-1
ad325061d73f4597,2026-09-28,Fishermans,Pacific Queen,2_day,2 Day,2.0,28,"{""yellowfin_tuna"": 138}",{},138,"Pacific Queen Fisherman's Landing San Diego, CA | 28 Anglers 2 Day | 138 Yellowfin Tuna (up to 25 pounds)",San Diego Fish Reports dock totals,https://www.sandiegofishreports.com/dock_totals/boats.php?date=2026-09-28,2026-10-04T06:18:55Z,backfill,dock-trips-1
6d1f06305dfb2984,2026-09-28,Fishermans,Pegasus,2.5_day,2.5 Day,2.5,16,"{""dorado"": 2, ""yellowfin_tuna"": 54, ""yellowtail"": 3}",{},59,"Pegasus Fisherman's Landing San Diego, CA | 16 Anglers 2.5 Day | 3 Yellowtail, 2 Dorado, 1 Wahoo, 54 Yellowfin Tuna",San Diego Fish Reports dock totals,https://www.sandiegofishreports.com/dock_totals/boats.php?date=2026-09-28,2026-10-04T06:18:55Z,backfill,dock-trips-1
cce0733805d9cb15,2026-09-28,H&M,"Blue Horizon Oceanside Sea Center Oceanside, CA",full_day,Full Day Offshore,1.0,21,"{""dorado"": 1}",{},1,"Blue Horizon Oceanside Sea Center Oceanside, CA | 21 Anglers Full Day Offshore | 1 Dorado, 8 Skipjack Tuna",San Diego Fish Reports dock totals,https://www.sandiegofishreports.com/dock_totals/boats.php?date=2026-09-28,2026-10-04T06:18:55Z,backfill,dock-trips-1
db0578343b822059,2026-09-28,H&M,Excalibur,2.5_day,2.5 Day,2.5,20,"{""dorado"": 1, ""yellowfin_tuna"": 100}",{},101,"Excalibur H&M Landing San Diego, CA | 20 Anglers 2.5 Day | 1 Dorado, 100 Yellowfin Tuna",San Diego Fish Reports dock totals,https://www.sandiegofishreports.com/dock_totals/boats.php?date=2026-09-28,2026-10-04T06:18:55Z,backfill,dock-trips-1
400aae29c4a5a514,2026-09-28,H&M,Grande,full_day,Full Day Offshore,1.0,41,"{""dorado"": 2, ""yellowfin_tuna"": 153, ""yellowtail"": 1}",{},156,"Grande H&M Landing San Diego, CA | 41 Anglers Full Day Offshore | 1 Yellowtail, 2 Dorado, 153 Yellowfin Tuna",San Diego Fish Reports dock totals,https://www.sandiegofishreports.com/dock_totals/boats.php?date=2026-09-28,2026-10-04T06:18:55Z,backfill,dock-trips-1
ef87dc2a1459d84f,2026-09-28,H&M,Little G,2.5_day,2.5 Day,2.5,4,"{""bluefin_tuna"": 6, ""dorado"": 3, ""yellowfin_tuna"": 8, ""yellowtail"": 1}",{},18,"Little G H&M Landing San Diego, CA | 4 Anglers 2.5 Day | 6 Bluefin Tuna (up to 190 pounds), 1 Yellowtail, 3 Dorado, 2 Skipjack Tuna, 1 Striped Marlin, 8 Yellowfin Tuna",San Diego Fish Reports dock totals,https://www.sandiegofishreports.com/dock_totals/boats.php?date=2026-09-28,2026-10-04T06:18:55Z,backfill,dock-trips-1
b55b977a57806193,2026-09-28,H&M,Old Glory,overnight,Overnight,1.0,27,"{""dorado"": 7, ""yellowfin_tuna"": 135, ""yellowtail"": 3}",{},145,"Old Glory H&M Landing San Diego, CA | 27 Anglers Overnight | 3 Yellowtail, 7 Dorado, 1 Skipjack Tuna, 135 Yellowfin Tuna",San Diego Fish Reports dock totals,https://www.sandiegofishreports.com/dock_totals/boats.php?date=2026-09-28,2026-10-04T06:18:55Z,backfill,dock-trips-1
955c3763ed8a28ae,2026-09-28,H&M,Premier,half_day,1/2 Day AM,0.5,23,"{""calico_bass"": 9, ""rockfish"": 23, ""sand_bass"": 13, ""sheephead"": 1}",{},46,"Premier H&M Landing San Diego, CA | 23 Anglers 1/2 Day AM | 13 Sand Bass, 17 Sculpin, 1 Sheephead, 9 Calico Bass, 23 Rockfish",San Diego Fish Reports dock totals,https://www.sandiegofishreports.com/dock_totals/boats.php?date=2026-09-28,2026-10-04T06:18:55Z,backfill,dock-trips-1
9ec779ec30b39c77,2026-09-28,H&M,Premier,half_day,1/2 Day PM,0.5,32,"{""calico_bass"": 10, ""california_halibut"": 1, ""sand_bass"": 7, ""yellowtail"": 57}",{},75,"Premier H&M Landing San Diego, CA | 32 Anglers 1/2 Day PM | 7 Sand Bass, 1 Halibut, 57 Yellowtail, 10 Calico Bass",San Diego Fish Reports dock totals,https://www.sandiegofishreports.com/dock_totals/boats.php?date=2026-09-28,2026-10-04T06:18:55Z,backfill,dock-trips-1
67ef33a0532c2da6,2026-09-28,H&M,Producer,overnight,Overnight,1.0,29,"{""dorado"": 1, ""yellowfin_tuna"": 60, ""yellowtail"": 15}",{},76,"Producer H&M Landing San Diego, CA | 29 Anglers Overnight | 145 Bullet Tuna, 15 Yellowtail, 1 Dorado, 4 Skipjack Tuna, 60 Yellowfin Tuna",San Diego Fish Reports dock totals,https://www.sandiegofishreports.com/dock_totals/boats.php?date=2026-09-28,2026-10-04T06:18:55Z,backfill,dock-trips-1
2d9b1d2cae68cee5,2026-09-28,H&M,"Pronto Oceanside Sea Center Oceanside, CA",three_quarter_day,3/4 Day Local,0.75,4,"{""barracuda"": 15, ""bonito"": 1, ""calico_bass"": 20, ""rockfish"": 8, ""sheephead"": 3}",{},47,"Pronto Oceanside Sea Center Oceanside, CA | 4 Anglers 3/4 Day Local | 15 Barracuda, 3 Sheephead, 20 Calico Bass, 1 Bonito, 8 Rockfish",San Diego Fish Reports dock totals,https://www.sandiegofishreports.com/dock_totals/boats.php?date=2026-09-28,2026-10-04T06:18:55Z,backfill,dock-trips-1
4708f6490cd076ef,2026-09-28,H&M,Sea Adventure 80,3_day,3 Day,3.0,28,"{""dorado"": 6, ""yellowfin_tuna"": 364, ""yellowtail"": 5}",{},375,"Sea Adventure 80 H&M Landing San Diego, CA | 28 Anglers 3 Day | 5 Yellowtail, 6 Dorado, 364 Yellowfin Tuna",San Diego Fish Reports dock totals,https://www.sandiegofishreports.com/dock_totals/boats.php?date=2026-09-28,2026-10-04T06:18:55Z,backfill,dock-trips-1
31ab5b1c9e0cd370,2026-09-28,H&M,"Southern Cal Oceanside Sea Center Oceanside, CA",half_day,1/2 Day AM,0.5,22,"{""bonito"": 30, ""calico_bass"": 23}","{""calico_bass"": 80}",133,"Southern Cal Oceanside Sea Center Oceanside, CA | 22 Anglers 1/2 Day AM | 1 Triggerfish, 23 Calico Bass, 30 Bonito, 80 Calico Bass Released",San Diego Fish Reports dock totals,https://www.sandiegofishreports.com/dock_totals/boats.php?date=2026-09-28,2026-10-04T06:18:55Z,backfill,dock-trips-1
85161364cd1ac38a,2026-09-28,H&M,Vendetta 2,2_day,2 Day,2.0,14,"{""barracuda"": 100, ""bonito"": 6, ""yellowfin_tuna"": 123, ""yellowtail"": 24}",{},253,"Vendetta 2 H&M Landing San Diego, CA | 14 Anglers 2 Day | 100 Barracuda, 24 Yellowtail, 6 Bonito, 123 Yellowfin Tuna",San Diego Fish Reports dock totals,https://www.sandiegofishreports.com/dock_totals/boats.php?date=2026-09-28,2026-10-04T06:18:55Z,backfill,dock-trips-1
f26afb2c911fd639,2026-09-28,Point Loma,Daily Double,half_day,1/2 Day PM,0.5,14,"{""white_seabass"": 37, ""yellowtail"": 57}",{},94,"Daily Double Point Loma Sportfishing San Diego, CA | 14 Anglers 1/2 Day PM | 57 Yellowtail, 37 White Seabass",San Diego Fish Reports dock totals,https://www.sandiegofishreports.com/dock_totals/boats.php?date=2026-09-28,2026-10-04T06:18:55Z,backfill,dock-trips-1
9c949c6d02246572,2026-09-28,Point Loma,Mission Belle,full_day,Full Day,1.0,18,"{""dorado"": 3, ""yellowfin_tuna"": 37}",{},40,"Mission Belle Point Loma Sportfishing San Diego, CA | 18 Anglers Full Day | 3 Dorado, 6 Skipjack Tuna, 37 Yellowfin Tuna",San Diego Fish Reports dock totals,https://www.sandiegofishreports.com/dock_totals/boats.php?date=2026-09-28,2026-10-04T06:18:55Z,backfill,dock-trips-1
9167997bc2770cff,2026-09-28,Seaforth,Apollo,1.5_day,1.5 Day,1.5,18,"{""dorado"": 6, ""yellowfin_tuna"": 60, ""yellowtail"": 4}",{},70,"Apollo Seaforth Sportfishing San Diego, CA | 18 Anglers 1.5 Day | 4 Yellowtail, 6 Dorado, 20 Skipjack Tuna, 60 Yellowfin Tuna",San Diego Fish Reports dock totals,https://www.sandiegofishreports.com/dock_totals/boats.php?date=2026-09-28,2026-10-04T06:18:55Z,backfill,dock-trips-1
2a7ae30b9c25ab51,2026-09-28,Seaforth,Cortez,3.5_day,3.5 Day,3.5,8,"{""bluefin_tuna"": 5, ""dorado"": 6, ""yellowfin_tuna"": 4, ""yellowtail"": 15}",{},30,"Cortez Seaforth Sportfishing San Diego, CA | 8 Anglers 3.5 Day | 5 Bluefin Tuna (up to 180 pounds), 15 Yellowtail, 6 Dorado, 4 Yellowfin Tuna",San Diego Fish Reports dock totals,https://www.sandiegofishreports.com/dock_totals/boats.php?date=2026-09-28,2026-10-04T06:18:55Z,backfill,dock-trips-1
2d5df08fc46991bd,2026-09-28,Seaforth,New Seaforth,half_day,1/2 Day AM,0.5,46,"{""barracuda"": 150, ""bonito"": 5, ""rockfish"": 6, ""yellowtail"": 1}",{},162,"New Seaforth Seaforth Sportfishing San Diego, CA | 46 Anglers 1/2 Day AM | 150 Barracuda, 1 Yellowtail, 5 Bonito, 6 Rockfish",San Diego Fish Reports dock totals,https://www.sandiegofishreports.com/dock_totals/boats.php?date=2026-09-28,2026-10-04T06:18:55Z,backfill,dock-trips-1
a6b4045aabcebf54,2026-09-28,Seaforth,New Seaforth,half_day,1/2 Day PM,0.5,33,"{""calico_bass"": 1, ""rockfish"": 4, ""sand_bass"": 2, ""yellowtail"": 48}",{},55,"New Seaforth Seaforth Sportfishing San Diego, CA | 33 Anglers 1/2 Day PM | 2 Sand Bass, 48 Yellowtail, 1 Calico Bass, 4 Rockfish",San Diego Fish Reports dock totals,https://www.sandiegofishreports.com/dock_totals/boats.php?date=2026-09-28,2026-10-04T06:18:55Z,backfill,dock-trips-1
abf3d81381380368,2026-09-28,Seaforth,Pacific Voyager,3_day,3 Day,3.0,12,"{""dorado"": 1, ""yellowfin_tuna"": 83}",{},84,"Pacific Voyager Seaforth Sportfishing San Diego, CA | 12 Anglers 3 Day | 1 Dorado, 65 Skipjack Tuna, 83 Yellowfin Tuna",San Diego Fish Reports dock totals,https://www.sandiegofishreports.com/dock_totals/boats.php?date=2026-09-28,2026-10-04T06:18:55Z,backfill,dock-trips-1
8d4a51c15195f8a8,2026-09-28,Seaforth,San Diego,full_day,Full Day Offshore,1.0,35,"{""dorado"": 2, ""yellowfin_tuna"": 34}",{},36,"San Diego Seaforth Sportfishing San Diego, CA | 35 Anglers Full Day Offshore | 2 Dorado, 30 Skipjack Tuna, 34 Yellowfin Tuna",San Diego Fish Reports dock totals,https://www.sandiegofishreports.com/dock_totals/boats.php?date=2026-09-28,2026-10-04T06:18:55Z,backfill,dock-trips-1
23660a2861583e90,2026-09-28,Seaforth,Sea Watch,full_day,Full Day Offshore,1.0,31,"{""dorado"": 6, ""yellowfin_tuna"": 233}",{},239,"Sea Watch Seaforth Sportfishing San Diego, CA | 31 Anglers Full Day Offshore | 6 Dorado, 16 Skipjack Tuna, 233 Yellowfin Tuna",San Diego Fish Reports dock totals,https://www.sandiegofishreports.com/dock_totals/boats.php?date=2026-09-28,2026-10-04T06:18:55Z,backfill,dock-trips-1
606f8766f4899007,2026-09-29,Fishermans,Dolphin,three_quarter_day,3/4 Day,0.75,24,"{""barracuda"": 44, ""bluefin_tuna"": 1, ""calico_bass"": 48, ""sand_bass"": 72, ""sheephead"": 4, ""white_seabass"": 2, ""yellowtail"": 16}",{},187,"Dolphin Fisherman's Landing San Diego, CA | 24 Anglers 3/4 Day | 72 Sand Bass, 1 Bluefin Tuna (up to 45 pounds), 44 Barracuda, 10 Sculpin, 4 Sheephead, 16 Yellowtail, 48 Calico Bass, 2 White Seabass",San Diego Fish Reports dock totals,https://www.sandiegofishreports.com/dock_totals/boats.php?date=2026-09-29,2026-10-04T06:18:57Z,backfill,dock-trips-1
4f98c31bb54e95e2,2026-09-29,Fishermans,Fortune,2_day,2 Day,2.0,19,"{""dorado"": 8, ""yellowfin_tuna"": 58}",{},66,"Fortune Fisherman's Landing San Diego, CA | 19 Anglers 2 Day | 8 Dorado, 58 Yellowfin Tuna",San Diego Fish Reports dock totals,https://www.sandiegofishreports.com/dock_totals/boats.php?date=2026-09-29,2026-10-04T06:18:57Z,backfill,dock-trips-1
139f647484f64b92,2026-09-29,Fishermans,Liberty,2_day,2 Day,2.0,21,"{""dorado"": 4, ""yellowfin_tuna"": 148, ""yellowtail"": 4}",{},156,"Liberty Fisherman's Landing San Diego, CA | 21 Anglers 2 Day | 4 Yellowtail, 4 Dorado, 3 Skipjack Tuna, 148 Yellowfin Tuna",San Diego Fish Reports dock totals,https://www.sandiegofishreports.com/dock_totals/boats.php?date=2026-09-29,2026-10-04T06:18:57Z,backfill,dock-trips-1
6c92984b97d1f37c,2026-09-29,H&M,"Blue Horizon Oceanside Sea Center Oceanside, CA",full_day,Full Day,1.0,22,"{""yellowfin_tuna"": 30}",{},30,"Blue Horizon Oceanside Sea Center Oceanside, CA | 22 Anglers Full Day | 34 Skipjack Tuna, 30 Yellowfin Tuna",San Diego Fish Reports dock totals,https://www.sandiegofishreports.com/dock_totals/boats.php?date=2026-09-29,2026-10-04T06:18:57Z,backfill,dock-trips-1
f6a482c80f39a505,2026-09-29,H&M,Grande,full_day,Full Day Offshore,1.0,32,"{""yellowfin_tuna"": 57, ""yellowtail"": 2}",{},59,"Grande H&M Landing San Diego, CA | 32 Anglers Full Day Offshore | 2 Yellowtail, 57 Yellowfin Tuna",San Diego Fish Reports dock totals,https://www.sandiegofishreports.com/dock_totals/boats.php?date=2026-09-29,2026-10-04T06:18:57Z,backfill,dock-trips-1
f6d57aba447010db,2026-09-29,H&M,Horizon,4_day,4 Day,4.0,19,"{""bluefin_tuna"": 2, ""calico_bass"": 56, ""dorado"": 5, ""sheephead"": 50, ""yellowfin_tuna"": 140, ""yellowtail"": 16}",{},269,"Horizon H&M Landing San Diego, CA | 19 Anglers 4 Day | 2 Bluefin Tuna, 50 Sheephead, 16 Yellowtail, 5 Dorado, 56 Calico Bass, 140 Yellowfin Tuna (up to 40 pounds)",San Diego Fish Reports dock totals,https://www.sandiegofishreports.com/dock_totals/boats.php?date=2026-09-29,2026-10-04T06:18:57Z,backfill,dock-trips-1
0fa0f92bebc49a1b,2026-09-29,H&M,Legend,2_day,2 Day,2.0,28,"{""dorado"": 3, ""yellowfin_tuna"": 406, ""yellowtail"": 5}",{},414,"Legend H&M Landing San Diego, CA | 28 Anglers 2 Day | 5 Yellowtail, 3 Dorado, 15 Skipjack Tuna, 406 Yellowfin Tuna",San Diego Fish Reports dock totals,https://www.sandiegofishreports.com/dock_totals/boats.php?date=2026-09-29,2026-10-04T06:18:57Z,backfill,dock-trips-1
e1cafb3d997be0d7,2026-09-29,H&M,Malihini,full_day,Full Day,1.0,28,"{""dorado"": 3, ""yellowfin_tuna"": 30}",{},33,"Malihini H&M Landing San Diego, CA | 28 Anglers Full Day | 4 Bullet Tuna, 3 Dorado, 30 Yellowfin Tuna",San Diego Fish Reports dock totals,https://www.sandiegofishreports.com/dock_totals/boats.php?date=2026-09-29,2026-10-04T06:18:57Z,backfill,dock-trips-1
d121704953580a4c,2026-09-29,H&M,Old Glory,overnight,Overnight,1.0,18,{},{},0,"Old Glory H&M Landing San Diego, CA | 18 Anglers Overnight | ",San Diego Fish Reports dock totals,https://www.sandiegofishreports.com/dock_totals/boats.php?date=2026-09-29,2026-10-04T06:18:57Z,backfill,dock-trips-1
ca49286e3923c04c,2026-09-29,H&M,Premier,half_day,1/2 Day AM,0.5,20,"{""bonito"": 25, ""calico_bass"": 6, ""yellowtail"": 1}",{},32,"Premier H&M Landing San Diego, CA | 20 Anglers 1/2 Day AM | 1 Yellowtail, 6 Calico Bass, 25 Bonito",San Diego Fish Reports dock totals,https://www.sandiegofishreports.com/dock_totals/boats.php?date=2026-09-29,2026-10-04T06:18:57Z,backfill,dock-trips-1
93fb193b701b12ec,2026-09-29,H&M,Premier,half_day,1/2 Day PM,0.5,26,"{""california_halibut"": 1, ""rockfish"": 30, ""sand_bass"": 23, ""white_seabass"": 2, ""yellowtail"": 4}",{},60,"Premier H&M Landing San Diego, CA | 26 Anglers 1/2 Day PM | 23 Sand Bass, 1 Halibut, 4 Yellowtail, 30 Rockfish, 2 White Seabass",San Diego Fish Reports dock totals,https://www.sandiegofishreports.com/dock_totals/boats.php?date=2026-09-29,2026-10-04T06:18:57Z,backfill,dock-trips-1
d8d676c957de7eaa,2026-09-29,H&M,Producer,overnight,Overnight,1.0,12,"{""dorado"": 2, ""yellowfin_tuna"": 37, ""yellowtail"": 3}",{},42,"Producer H&M Landing San Diego, CA | 12 Anglers Overnight | 31 Bullet Tuna, 3 Yellowtail, 2 Dorado, 3 Skipjack Tuna, 37 Yellowfin Tuna",San Diego Fish Reports dock totals,https://www.sandiegofishreports.com/dock_totals/boats.php?date=2026-09-29,2026-10-04T06:18:57Z,backfill,dock-trips-1
b6cc70fc1c840499,2026-09-29,H&M,"Southern Cal Oceanside Sea Center Oceanside, CA",half_day,1/2 Day AM,0.5,15,"{""barracuda"": 40, ""bonito"": 15, ""calico_bass"": 30, ""sheephead"": 3}","{""calico_bass"": 150}",238,"Southern Cal Oceanside Sea Center Oceanside, CA | 15 Anglers 1/2 Day AM | 40 Barracuda, 3 Sheephead, 30 Calico Bass, 5 Whitefish, 15 Bonito, 150 Calico Bass Released",San Diego Fish Reports dock totals,https://www.sandiegofishreports.com/dock_totals/boats.php?date=2026-09-29,2026-10-04T06:18:57Z,backfill,dock-trips-1
7f6a2c9b9d9df4e5,2026-09-29,H&M,Spirit of Adventure,3_day,3 Day,3.0,18,{},{},0,"Spirit of Adventure H&M Landing San Diego, CA | 18 Anglers 3 Day | ",San Diego Fish Reports dock totals,https://www.sandiegofishreports.com/dock_totals/boats.php?date=2026-09-29,2026-10-04T06:18:57Z,backfill,dock-trips-1
cda5b370adec9da3,2026-09-29,Point Loma,Daily Double,half_day,1/2 Day PM,0.5,42,"{""calico_bass"": 4, ""rockfish"": 1, ""sand_bass"": 4, ""white_seabass"": 1, ""yellowtail"": 5}",{},15,"Daily Double Point Loma Sportfishing San Diego, CA | 42 Anglers 1/2 Day PM | 4 Barred Sand Bass, 5 Yellowtail, 4 Calico Bass, 1 Rockfish, 1 White Seabass",San Diego Fish Reports dock totals,https://www.sandiegofishreports.com/dock_totals/boats.php?date=2026-09-29,2026-10-04T06:18:57Z,backfill,dock-trips-1
41e13ce7ddf9951f,2026-09-29,Point Loma,Mission Belle,full_day,Full Day,1.0,9,"{""dorado"": 1}",{},1,"Mission Belle Point Loma Sportfishing San Diego, CA | 9 Anglers Full Day | 1 Dorado, 3 Skipjack Tuna",San Diego Fish Reports dock totals,https://www.sandiegofishreports.com/dock_totals/boats.php?date=2026-09-29,2026-10-04T06:18:57Z,backfill,dock-trips-1
0ebb081fbfbb050e,2026-09-29,Seaforth,El Gato Dos,full_day,Full Day Offshore,1.0,3,"{""dorado"": 1, ""yellowtail"": 3}",{},4,"El Gato Dos Seaforth Sportfishing San Diego, CA | 3 Anglers Full Day Offshore | 10 Bullet Tuna, 3 Yellowtail, 1 Dorado",San Diego Fish Reports dock totals,https://www.sandiegofishreports.com/dock_totals/boats.php?date=2026-09-29,2026-10-04T06:18:57Z,backfill,dock-trips-1
5173ea20a79c8a72,2026-09-29,Seaforth,New Seaforth,half_day,1/2 Day AM,0.5,33,"{""barracuda"": 25, ""bonito"": 3, ""calico_bass"": 4, ""california_halibut"": 1, ""rockfish"": 26}",{},59,"New Seaforth Seaforth Sportfishing San Diego, CA | 33 Anglers 1/2 Day AM | 25 Barracuda, 1 Halibut, 4 Calico Bass, 33 Whitefish, 3 Bonito, 26 Rockfish",San Diego Fish Reports dock totals,https://www.sandiegofishreports.com/dock_totals/boats.php?date=2026-09-29,2026-10-04T06:18:57Z,backfill,dock-trips-1
1f47a644fa27a353,2026-09-29,Seaforth,New Seaforth,half_day,1/2 Day PM,0.5,52,"{""calico_bass"": 6, ""rockfish"": 5, ""sand_bass"": 5, ""yellowtail"": 2}",{},18,"New Seaforth Seaforth Sportfishing San Diego, CA | 52 Anglers 1/2 Day PM | 5 Sand Bass, 2 Sculpin, 2 Yellowtail, 6 Calico Bass, 5 Rockfish",San Diego Fish Reports dock totals,https://www.sandiegofishreports.com/dock_totals/boats.php?date=2026-09-29,2026-10-04T06:18:57Z,backfill,dock-trips-1
e08d799641cf35ba,2026-09-29,Seaforth,Pacifica,1.5_day,1.5 Day,1.5,20,"{""dorado"": 9, ""yellowfin_tuna"": 102, ""yellowtail"": 6}",{},117,"Pacifica Seaforth Sportfishing San Diego, CA | 20 Anglers 1.5 Day | 6 Yellowtail, 9 Dorado, 102 Yellowfin Tuna",San Diego Fish Reports dock totals,https://www.sandiegofishreports.com/dock_totals/boats.php?date=2026-09-29,2026-10-04T06:18:57Z,backfill,dock-trips-1
9e5829c64b2df207,2026-09-29,Seaforth,Polaris Supreme,3_day,3 Day,3.0,18,"{""yellowfin_tuna"": 45}",{},45,"Polaris Supreme Seaforth Sportfishing San Diego, CA | 18 Anglers 3 Day | 45 Yellowfin Tuna",San Diego Fish Reports dock totals,https://www.sandiegofishreports.com/dock_totals/boats.php?date=2026-09-29,2026-10-04T06:18:57Z,backfill,dock-trips-1
e5d74802705b0597,2026-09-29,Seaforth,San Diego,full_day,Full Day Offshore,1.0,36,"{""dorado"": 5, ""yellowfin_tuna"": 51}",{},56,"San Diego Seaforth Sportfishing San Diego, CA | 36 Anglers Full Day Offshore | 5 Dorado, 87 Skipjack Tuna, 51 Yellowfin Tuna",San Diego Fish Reports dock totals,https://www.sandiegofishreports.com/dock_totals/boats.php?date=2026-09-29,2026-10-04T06:18:57Z,backfill,dock-trips-1
3f766d7da48d497d,2026-09-29,Seaforth,Sea Watch,full_day,Full Day Offshore,1.0,30,"{""dorado"": 2}",{},2,"Sea Watch Seaforth Sportfishing San Diego, CA | 30 Anglers Full Day Offshore | 2 Dorado, 110 Skipjack Tuna",San Diego Fish Reports dock totals,https://www.sandiegofishreports.com/dock_totals/boats.php?date=2026-09-29,2026-10-04T06:18:57Z,backfill,dock-trips-1
724b0179729df700,2026-09-30,Fishermans,Dolphin,three_quarter_day,3/4 Day,0.75,30,"{""barracuda"": 7, ""bonito"": 20, ""calico_bass"": 150, ""sheephead"": 4, ""yellowtail"": 46}",{},227,"Dolphin Fisherman's Landing San Diego, CA | 30 Anglers 3/4 Day | 7 Barracuda, 4 Sheephead, 46 Yellowtail (up to 28 pounds), 150 Calico Bass, 20 Bonito",San Diego Fish Reports dock totals,https://www.sandiegofishreports.com/dock_totals/boats.php?date=2026-09-30,2026-10-04T06:18:59Z,backfill,dock-trips-1
086aee8fcb16db1e,2026-09-30,Fishermans,Tomahawk,2_day,2 Day,2.0,24,"{""dorado"": 3, ""yellowfin_tuna"": 12}",{},15,"Tomahawk Fisherman's Landing San Diego, CA | 24 Anglers 2 Day | 3 Dorado, 12 Yellowfin Tuna",San Diego Fish Reports dock totals,https://www.sandiegofishreports.com/dock_totals/boats.php?date=2026-09-30,2026-10-04T06:18:59Z,backfill,dock-trips-1
9b9a955a6a3a41fc,2026-09-30,H&M,"Blue Horizon Oceanside Sea Center Oceanside, CA",full_day,Full Day Offshore,1.0,22,"{""dorado"": 2, ""yellowfin_tuna"": 23}",{},25,"Blue Horizon Oceanside Sea Center Oceanside, CA | 22 Anglers Full Day Offshore | 2 Dorado, 4 Skipjack Tuna, 23 Yellowfin Tuna",San Diego Fish Reports dock totals,https://www.sandiegofishreports.com/dock_totals/boats.php?date=2026-09-30,2026-10-04T06:18:59Z,backfill,dock-trips-1
6d156c60a3323d7e,2026-09-30,H&M,"Chubasco II Oceanside Sea Center Oceanside, CA",half_day,1/2 Day PM Local,0.5,28,"{""bonito"": 55, ""calico_bass"": 10, ""sheephead"": 2, ""white_seabass"": 1}","{""calico_bass"": 75}",143,"Chubasco II Oceanside Sea Center Oceanside, CA | 28 Anglers 1/2 Day PM Local | 2 Sheephead, 10 Calico Bass, 55 Bonito, 1 White Seabass, 75 Calico Bass Released",San Diego Fish Reports dock totals,https://www.sandiegofishreports.com/dock_totals/boats.php?date=2026-09-30,2026-10-04T06:18:59Z,backfill,dock-trips-1
70caebbc42bf9455,2026-09-30,H&M,Grande,full_day,Full Day Offshore,1.0,38,"{""dorado"": 4, ""yellowfin_tuna"": 43, ""yellowtail"": 3}",{},50,"Grande H&M Landing San Diego, CA | 38 Anglers Full Day Offshore | 3 Yellowtail, 4 Dorado, 1 Striped Marlin, 43 Yellowfin Tuna",San Diego Fish Reports dock totals,https://www.sandiegofishreports.com/dock_totals/boats.php?date=2026-09-30,2026-10-04T06:18:59Z,backfill,dock-trips-1
aac23c5456fcacca,2026-09-30,H&M,Nautilus,1.5_day,1.5 Day,1.5,2,"{""dorado"": 4, ""yellowfin_tuna"": 10}",{},14,"Nautilus H&M Landing San Diego, CA | 2 Anglers 1.5 Day | 4 Dorado, 10 Yellowfin Tuna",San Diego Fish Reports dock totals,https://www.sandiegofishreports.com/dock_totals/boats.php?date=2026-09-30,2026-10-04T06:18:59Z,backfill,dock-trips-1
b6d741040c59714b,2026-09-30,H&M,Nautilus,half_day,1/2 Day AM,0.5,4,{},{},0,"Nautilus H&M Landing San Diego, CA | 4 Anglers 1/2 Day AM | ",San Diego Fish Reports dock totals,https://www.sandiegofishreports.com/dock_totals/boats.php?date=2026-09-30,2026-10-04T06:18:59Z,backfill,dock-trips-1
35073197af4275a5,2026-09-30,H&M,Ocean Odyssey,2_day,2 Day,2.0,27,{},{},0,"Ocean Odyssey H&M Landing San Diego, CA | 27 Anglers 2 Day | ",San Diego Fish Reports dock totals,https://www.sandiegofishreports.com/dock_totals/boats.php?date=2026-09-30,2026-10-04T06:18:59Z,backfill,dock-trips-1
2cb1af5ecf5f683c,2026-09-30,H&M,Old Glory,overnight,Overnight,1.0,23,{},{},0,"Old Glory H&M Landing San Diego, CA | 23 Anglers Overnight | ",San Diego Fish Reports dock totals,https://www.sandiegofishreports.com/dock_totals/boats.php?date=2026-09-30,2026-10-04T06:18:59Z,backfill,dock-trips-1
ae43c67679a8b1c0,2026-09-30,H&M,Patriot (SD),half_day,1/2 Day AM,0.5,8,{},{},0,"Patriot (SD) H&M Landing San Diego, CA | 8 Anglers 1/2 Day AM | ",San Diego Fish Reports dock totals,https://www.sandiegofishreports.com/dock_totals/boats.php?date=2026-09-30,2026-10-04T06:18:59Z,backfill,dock-trips-1
dae25b0cd55f70e8,2026-09-30,H&M,Premier,half_day,1/2 Day PM,0.5,36,"{""barracuda"": 17, ""bonito"": 41, ""calico_bass"": 5, ""sand_bass"": 24, ""sheephead"": 2, ""yellowtail"": 4}",{},93,"Premier H&M Landing San Diego, CA | 36 Anglers 1/2 Day PM | 24 Sand Bass, 17 Barracuda, 5 Sculpin, 2 Sheephead, 4 Yellowtail, 5 Calico Bass, 41 Bonito",San Diego Fish Reports dock totals,https://www.sandiegofishreports.com/dock_totals/boats.php?date=2026-09-30,2026-10-04T06:18:59Z,backfill,dock-trips-1
1f1aa49c0dba7495,2026-09-30,H&M,"Pronto Oceanside Sea Center Oceanside, CA",full_day,Full Day Offshore,1.0,11,"{""yellowfin_tuna"": 10}",{},10,"Pronto Oceanside Sea Center Oceanside, CA | 11 Anglers Full Day Offshore | 26 Bullet Tuna, 8 Skipjack Tuna, 10 Yellowfin Tuna",San Diego Fish Reports dock totals,https://www.sandiegofishreports.com/dock_totals/boats.php?date=2026-09-30,2026-10-04T06:18:59Z,backfill,dock-trips-1
e66fbe149cb455e8,2026-09-30,H&M,"Southern Cal Oceanside Sea Center Oceanside, CA",half_day,1/2 Day AM,0.5,22,"{""barracuda"": 4, ""bonito"": 68, ""calico_bass"": 18, ""sand_bass"": 8, ""yellowtail"": 2}","{""calico_bass"": 46, ""sand_bass"": 6}",152,"Southern Cal Oceanside Sea Center Oceanside, CA | 22 Anglers 1/2 Day AM | 8 Sand Bass, 4 Barracuda, 2 Yellowtail, 18 Calico Bass, 4 Whitefish, 68 Bonito, 6 Sand Bass Released , 46 Calico Bass Released",San Diego Fish Reports dock totals,https://www.sandiegofishreports.com/dock_totals/boats.php?date=2026-09-30,2026-10-04T06:18:59Z,backfill,dock-trips-1
a4a1ed46a95905bb,2026-09-30,H&M,Top Gun 80,3.5_day,3.5 Day,3.5,18,{},{},0,"Top Gun 80 H&M Landing San Diego, CA | 18 Anglers 3.5 Day | ",San Diego Fish Reports dock totals,https://www.sandiegofishreports.com/dock_totals/boats.php?date=2026-09-30,2026-10-04T06:18:59Z,backfill,dock-trips-1
11ceba33a24f0005,2026-09-30,Point Loma,Daily Double,half_day,1/2 Day AM,0.5,37,"{""barracuda"": 1, ""bonito"": 40, ""calico_bass"": 20, ""sand_bass"": 4, ""sheephead"": 1, ""yellowtail"": 12}",{},78,"Daily Double Point Loma Sportfishing San Diego, CA | 37 Anglers 1/2 Day AM | 4 Barred Sand Bass, 1 Barracuda, 1 Sheephead, 12 Yellowtail, 20 Calico Bass, 40 Bonito",San Diego Fish Reports dock totals,https://www.sandiegofishreports.com/dock_totals/boats.php?date=2026-09-30,2026-10-04T06:18:59Z,backfill,dock-trips-1
fd498db52eb800a4,2026-09-30,Point Loma,Daily Double,half_day,1/2 Day PM,0.5,29,"{""bonito"": 42, ""calico_bass"": 46, ""rockfish"": 3, ""sand_bass"": 4, ""yellowtail"": 3}",{},98,"Daily Double Point Loma Sportfishing San Diego, CA | 29 Anglers 1/2 Day PM | 4 Barred Sand Bass, 3 Yellowtail, 46 Calico Bass, 42 Bonito, 3 Rockfish",San Diego Fish Reports dock totals,https://www.sandiegofishreports.com/dock_totals/boats.php?date=2026-09-30,2026-10-04T06:18:59Z,backfill,dock-trips-1
54c3c75d616913b2,2026-09-30,Seaforth,Apollo,2_day,2 Day,2.0,12,"{""dorado"": 16, ""yellowfin_tuna"": 80}",{},96,"Apollo Seaforth Sportfishing San Diego, CA | 12 Anglers 2 Day | 16 Dorado, 30 Skipjack Tuna, 1 Wahoo, 80 Yellowfin Tuna",San Diego Fish Reports dock totals,https://www.sandiegofishreports.com/dock_totals/boats.php?date=2026-09-30,2026-10-04T06:18:59Z,backfill,dock-trips-1
79c752b74231cd9e,2026-09-30,Seaforth,New Seaforth,half_day,1/2 Day AM,0.5,37,"{""barracuda"": 125, ""bonito"": 15, ""rockfish"": 6, ""sand_bass"": 2, ""sheephead"": 2}",{},150,"New Seaforth Seaforth Sportfishing San Diego, CA | 37 Anglers 1/2 Day AM | 2 Sand Bass, 125 Barracuda, 2 Sheephead, 3 Whitefish, 15 Bonito, 6 Rockfish",San Diego Fish Reports dock totals,https://www.sandiegofishreports.com/dock_totals/boats.php?date=2026-09-30,2026-10-04T06:18:59Z,backfill,dock-trips-1
41b22480e4bb7d8d,2026-09-30,Seaforth,New Seaforth,half_day,1/2 Day PM,0.5,53,"{""barracuda"": 2, ""bonito"": 28, ""calico_bass"": 33, ""sand_bass"": 3, ""sheephead"": 2, ""yellowtail"": 35}",{},103,"New Seaforth Seaforth Sportfishing San Diego, CA | 53 Anglers 1/2 Day PM | 3 Sand Bass, 2 Barracuda, 2 Sheephead, 35 Yellowtail, 33 Calico Bass, 28 Bonito",San Diego Fish Reports dock totals,https://www.sandiegofishreports.com/dock_totals/boats.php?date=2026-09-30,2026-10-04T06:18:59Z,backfill,dock-trips-1
035433f06d27f211,2026-09-30,Seaforth,Pacific Voyager,2_day,2 Day,2.0,18,"{""bluefin_tuna"": 1, ""white_seabass"": 12, ""yellowtail"": 61}",{},74,"Pacific Voyager Seaforth Sportfishing San Diego, CA | 18 Anglers 2 Day | 1 Bluefin Tuna, 61 Yellowtail, 12 White Seabass",San Diego Fish Reports dock totals,https://www.sandiegofishreports.com/dock_totals/boats.php?date=2026-09-30,2026-10-04T06:18:59Z,backfill,dock-trips-1
9d4a5f71354e00d9,2026-09-30,Seaforth,San Diego,full_day,Full Day Offshore,1.0,36,"{""dorado"": 6, ""yellowfin_tuna"": 7}",{},13,"San Diego Seaforth Sportfishing San Diego, CA | 36 Anglers Full Day Offshore | 6 Dorado, 20 Skipjack Tuna, 7 Yellowfin Tuna",San Diego Fish Reports dock totals,https://www.sandiegofishreports.com/dock_totals/boats.php?date=2026-09-30,2026-10-04T06:18:59Z,backfill,dock-trips-1
e0ec76649e4dbe84,2026-09-30,Seaforth,Sea Watch,full_day,Full Day Offshore,1.0,28,"{""dorado"": 2, ""yellowfin_tuna"": 1}",{},3,"Sea Watch Seaforth Sportfishing San Diego, CA | 28 Anglers Full Day Offshore | 2 Dorado, 15 Skipjack Tuna, 1 Yellowfin Tuna",San Diego Fish Reports dock totals,https://www.sandiegofishreports.com/dock_totals/boats.php?date=2026-09-30,2026-10-04T06:18:59Z,backfill,dock-trips-1
17079898d0c2cd4c,2026-09-30,Seaforth,Tribute,overnight,Overnight,1.0,13,"{""dorado"": 10, ""yellowfin_tuna"": 16, ""yellowtail"": 5}",{},31,"Tribute Seaforth Sportfishing San Diego, CA | 13 Anglers Overnight | 5 Yellowtail, 10 Dorado, 16 Yellowfin Tuna",San Diego Fish Reports dock totals,https://www.sandiegofishreports.com/dock_totals/boats.php?date=2026-09-30,2026-10-04T06:18:59Z,backfill,dock-trips-1
