raw_id,report_date,landing,boat,trip_type,trip_type_raw,trip_days,anglers,kept_json,released_json,tracked_fish,raw_text,source,source_url,fetched_at_utc,ingest_method,parser_version
d9876f0f5806bdb9,2026-08-15,Fishermans,Constitution,2.5_day,2.5 Day,2.5,21,"{""bluefin_tuna"": 1, ""dorado"": 2, ""yellowtail"": 9}",{},12,"Constitution Fisherman's Landing San Diego, CA | 21 Anglers 2.5 Day | 1 Bluefin Tuna, 9 Yellowtail, 2 Dorado",San Diego Fish Reports dock totals,https://www.sandiegofishreports.com/dock_totals/boats.php?date=2026-08-15,2026-10-04T06:17:27Z,backfill,dock-trips-1
1a4eba408dd6c6aa,2026-08-15,Fishermans,Dolphin,half_day,1/2 Day AM,0.5,40,"{""rockfish"": 15, ""sand_bass"": 16}","{""barracuda"": 75}",106,"Dolphin Fisherman's Landing San Diego, CA | 40 Anglers 1/2 Day AM | 16 Sand Bass, 15 Rockfish, 75 Barracuda Released",San Diego Fish Reports dock totals,https://www.sandiegofishreports.com/dock_totals/boats.php?date=2026-08-15,2026-10-04T06:17:27Z,backfill,dock-trips-1
67f82c5ee02de6fc,2026-08-15,Fishermans,Dolphin,half_day,1/2 Day PM,0.5,50,"{""bonito"": 2, ""rockfish"": 23, ""sand_bass"": 2, ""sheephead"": 2}",{},29,"Dolphin Fisherman's Landing San Diego, CA | 50 Anglers 1/2 Day PM | 2 Sand Bass, 4 Sculpin, 2 Sheephead, 2 Bonito, 23 Rockfish",San Diego Fish Reports dock totals,https://www.sandiegofishreports.com/dock_totals/boats.php?date=2026-08-15,2026-10-04T06:17:27Z,backfill,dock-trips-1
afceecd36fcf2469,2026-08-15,Fishermans,Liberty,overnight,Overnight,1.0,14,"{""yellowfin_tuna"": 70, ""yellowtail"": 2}",{},72,"Liberty Fisherman's Landing San Diego, CA | 14 Anglers Overnight | 2 Yellowtail, 4 Skipjack Tuna, 70 Yellowfin Tuna",San Diego Fish Reports dock totals,https://www.sandiegofishreports.com/dock_totals/boats.php?date=2026-08-15,2026-10-04T06:17:27Z,backfill,dock-trips-1
d9012c225a77101d,2026-08-15,Fishermans,Pacific Dawn,1.5_day,1.5 Day,1.5,18,"{""dorado"": 10, ""yellowfin_tuna"": 52, ""yellowtail"": 14}",{},76,"Pacific Dawn Fisherman's Landing San Diego, CA | 18 Anglers 1.5 Day | 14 Yellowtail, 10 Dorado, 52 Yellowfin Tuna",San Diego Fish Reports dock totals,https://www.sandiegofishreports.com/dock_totals/boats.php?date=2026-08-15,2026-10-04T06:17:27Z,backfill,dock-trips-1
c6348c7652cf399d,2026-08-15,H&M,"Blue Horizon Oceanside Sea Center Oceanside, CA",overnight,Overnight Local,1.0,13,"{""bonito"": 14, ""calico_bass"": 34, ""dorado"": 1, ""yellowtail"": 5}",{},54,"Blue Horizon Oceanside Sea Center Oceanside, CA | 13 Anglers Overnight Local | 5 Yellowtail, 1 Dorado, 34 Calico Bass, 14 Bonito",San Diego Fish Reports dock totals,https://www.sandiegofishreports.com/dock_totals/boats.php?date=2026-08-15,2026-10-04T06:17:27Z,backfill,dock-trips-1
60f5d78b56353e88,2026-08-15,H&M,"Chubasco II Oceanside Sea Center Oceanside, CA",twilight,1/2 Day Twilight,0.4,32,"{""bonito"": 3, ""calico_bass"": 7, ""rockfish"": 2, ""sand_bass"": 2, ""sheephead"": 3}","{""calico_bass"": 15}",32,"Chubasco II Oceanside Sea Center Oceanside, CA | 32 Anglers 1/2 Day Twilight | 2 Sand Bass, 20 Sculpin, 3 Sheephead, 7 Calico Bass, 1 Whitefish, 3 Bonito, 2 Rockfish, 15 Calico Bass Released",San Diego Fish Reports dock totals,https://www.sandiegofishreports.com/dock_totals/boats.php?date=2026-08-15,2026-10-04T06:17:27Z,backfill,dock-trips-1
c27878abc44a1632,2026-08-15,H&M,"Chubasco II Oceanside Sea Center Oceanside, CA",three_quarter_day,3/4 Day,0.75,28,"{""bonito"": 23, ""calico_bass"": 50, ""rockfish"": 1, ""sand_bass"": 2}","{""calico_bass"": 200}",276,"Chubasco II Oceanside Sea Center Oceanside, CA | 28 Anglers 3/4 Day | 2 Sand Bass, 50 Calico Bass, 23 Bonito, 1 Rockfish, 200 Calico Bass Released",San Diego Fish Reports dock totals,https://www.sandiegofishreports.com/dock_totals/boats.php?date=2026-08-15,2026-10-04T06:17:27Z,backfill,dock-trips-1
7fdf96c7adfdc78a,2026-08-15,H&M,Daiwa Pacific,full_day,Full Day,1.0,19,{},{},0,"Daiwa Pacific H&M Landing San Diego, CA | 19 Anglers Full Day | ",San Diego Fish Reports dock totals,https://www.sandiegofishreports.com/dock_totals/boats.php?date=2026-08-15,2026-10-04T06:17:27Z,backfill,dock-trips-1
996ce94632a2eb40,2026-08-15,H&M,Daiwa Pacific,full_day,Full Day,1.0,19,"{""dorado"": 2}",{},2,"Daiwa Pacific H&M Landing San Diego, CA | 19 Anglers Full Day | 2 Dorado",San Diego Fish Reports dock totals,https://www.sandiegofishreports.com/dock_totals/boats.php?date=2026-08-15,2026-10-04T06:17:27Z,backfill,dock-trips-1
19e81cc961d94d91,2026-08-15,H&M,Grande,overnight,Overnight,1.0,22,{},{},0,"Grande H&M Landing San Diego, CA | 22 Anglers Overnight | ",San Diego Fish Reports dock totals,https://www.sandiegofishreports.com/dock_totals/boats.php?date=2026-08-15,2026-10-04T06:17:27Z,backfill,dock-trips-1
b616acea5e7a623e,2026-08-15,H&M,Malihini,full_day,Full Day,1.0,22,{},{},0,"Malihini H&M Landing San Diego, CA | 22 Anglers Full Day | ",San Diego Fish Reports dock totals,https://www.sandiegofishreports.com/dock_totals/boats.php?date=2026-08-15,2026-10-04T06:17:27Z,backfill,dock-trips-1
7a7ee439204e1232,2026-08-15,H&M,Nautilus,overnight,Overnight,1.0,5,"{""dorado"": 1}",{},1,"Nautilus H&M Landing San Diego, CA | 5 Anglers Overnight | 1 Dorado",San Diego Fish Reports dock totals,https://www.sandiegofishreports.com/dock_totals/boats.php?date=2026-08-15,2026-10-04T06:17:27Z,backfill,dock-trips-1
7da5df50bbbc08f0,2026-08-15,H&M,Old Glory,overnight,Overnight,1.0,36,"{""yellowfin_tuna"": 30}",{},30,"Old Glory H&M Landing San Diego, CA | 36 Anglers Overnight | 14 Skipjack Tuna, 30 Yellowfin Tuna",San Diego Fish Reports dock totals,https://www.sandiegofishreports.com/dock_totals/boats.php?date=2026-08-15,2026-10-04T06:17:27Z,backfill,dock-trips-1
bdde2335897b7e59,2026-08-15,H&M,Patriot (SD),full_day,Full Day,1.0,11,"{""yellowfin_tuna"": 1, ""yellowtail"": 1}",{},2,"Patriot (SD) H&M Landing San Diego, CA | 11 Anglers Full Day | 1 Yellowtail, 1 Yellowfin Tuna",San Diego Fish Reports dock totals,https://www.sandiegofishreports.com/dock_totals/boats.php?date=2026-08-15,2026-10-04T06:17:27Z,backfill,dock-trips-1
0cee6b075eaef7c9,2026-08-15,H&M,Premier,twilight,1/2 Day Twilight,0.4,21,{},{},0,"Premier H&M Landing San Diego, CA | 21 Anglers 1/2 Day Twilight | ",San Diego Fish Reports dock totals,https://www.sandiegofishreports.com/dock_totals/boats.php?date=2026-08-15,2026-10-04T06:17:27Z,backfill,dock-trips-1
49944a771f951bef,2026-08-15,H&M,Premier,full_day,Full Day,1.0,41,"{""rockfish"": 88, ""yellowfin_tuna"": 4}",{},92,"Premier H&M Landing San Diego, CA | 41 Anglers Full Day | 88 Rockfish, 4 Yellowfin Tuna",San Diego Fish Reports dock totals,https://www.sandiegofishreports.com/dock_totals/boats.php?date=2026-08-15,2026-10-04T06:17:27Z,backfill,dock-trips-1
6568297986be8390,2026-08-15,H&M,Producer,overnight,Overnight,1.0,26,"{""dorado"": 1, ""yellowfin_tuna"": 130}",{},131,"Producer H&M Landing San Diego, CA | 26 Anglers Overnight | 1 Dorado, 23 Skipjack Tuna, 130 Yellowfin Tuna",San Diego Fish Reports dock totals,https://www.sandiegofishreports.com/dock_totals/boats.php?date=2026-08-15,2026-10-04T06:17:27Z,backfill,dock-trips-1
19e7d3c487f6bab9,2026-08-15,H&M,"Pronto Oceanside Sea Center Oceanside, CA",full_day,Full Day,1.0,12,"{""bonito"": 4, ""calico_bass"": 3, ""yellowtail"": 9}",{},16,"Pronto Oceanside Sea Center Oceanside, CA | 12 Anglers Full Day | 9 Yellowtail, 3 Calico Bass, 4 Bonito",San Diego Fish Reports dock totals,https://www.sandiegofishreports.com/dock_totals/boats.php?date=2026-08-15,2026-10-04T06:17:27Z,backfill,dock-trips-1
4f8c4efa3184663b,2026-08-15,H&M,Relentless,full_day,Full Day,1.0,24,"{""rockfish"": 69}",{},69,"Relentless H&M Landing San Diego, CA | 24 Anglers Full Day | 69 Rockfish",San Diego Fish Reports dock totals,https://www.sandiegofishreports.com/dock_totals/boats.php?date=2026-08-15,2026-10-04T06:17:27Z,backfill,dock-trips-1
e670ab757b4ca171,2026-08-15,H&M,Sea Adventure 80,2.5_day,2.5 Day,2.5,20,"{""dorado"": 1, ""yellowtail"": 100}",{},101,"Sea Adventure 80 H&M Landing San Diego, CA | 20 Anglers 2.5 Day | 100 Yellowtail, 1 Dorado",San Diego Fish Reports dock totals,https://www.sandiegofishreports.com/dock_totals/boats.php?date=2026-08-15,2026-10-04T06:17:27Z,backfill,dock-trips-1
06acdcd3a27f2a3b,2026-08-15,H&M,"Southern Cal Oceanside Sea Center Oceanside, CA",half_day,1/2 Day AM,0.5,44,"{""calico_bass"": 15, ""yellowtail"": 1}","{""calico_bass"": 70}",86,"Southern Cal Oceanside Sea Center Oceanside, CA | 44 Anglers 1/2 Day AM | 1 Yellowtail, 15 Calico Bass, 70 Calico Bass Released",San Diego Fish Reports dock totals,https://www.sandiegofishreports.com/dock_totals/boats.php?date=2026-08-15,2026-10-04T06:17:27Z,backfill,dock-trips-1
ca5e3c21ed2f4ed0,2026-08-15,H&M,Tradition,full_day,Full Day Offshore,1.0,40,"{""yellowfin_tuna"": 10}",{},10,"Tradition H&M Landing San Diego, CA | 40 Anglers Full Day Offshore | 10 Yellowfin Tuna",San Diego Fish Reports dock totals,https://www.sandiegofishreports.com/dock_totals/boats.php?date=2026-08-15,2026-10-04T06:17:27Z,backfill,dock-trips-1
8323221060fcea0f,2026-08-15,Seaforth,El Gato Dos,full_day,Full Day Offshore,1.0,6,"{""bonito"": 1, ""yellowfin_tuna"": 3}",{},4,"El Gato Dos Seaforth Sportfishing San Diego, CA | 6 Anglers Full Day Offshore | 1 Bonito, 6 Skipjack Tuna, 3 Yellowfin Tuna",San Diego Fish Reports dock totals,https://www.sandiegofishreports.com/dock_totals/boats.php?date=2026-08-15,2026-10-04T06:17:27Z,backfill,dock-trips-1
c203196bdc717629,2026-08-15,Seaforth,Highliner,1.5_day,1.5 Day,1.5,22,"{""dorado"": 1, ""rockfish"": 44, ""yellowtail"": 58}",{},103,"Highliner Seaforth Sportfishing San Diego, CA | 22 Anglers 1.5 Day | 1 Sculpin, 58 Yellowtail, 1 Dorado, 80 Whitefish, 44 Vermilion Rockfish",San Diego Fish Reports dock totals,https://www.sandiegofishreports.com/dock_totals/boats.php?date=2026-08-15,2026-10-04T06:17:27Z,backfill,dock-trips-1
822d260091102d48,2026-08-15,Seaforth,New Seaforth,half_day,1/2 Day AM,0.5,53,"{""bonito"": 2, ""calico_bass"": 9, ""sand_bass"": 1, ""sheephead"": 11, ""yellowtail"": 3}",{},26,"New Seaforth Seaforth Sportfishing San Diego, CA | 53 Anglers 1/2 Day AM | 1 Sand Bass, 7 Sculpin, 11 Sheephead, 3 Yellowtail, 1 Triggerfish, 9 Calico Bass, 3 Whitefish, 2 Bonito",San Diego Fish Reports dock totals,https://www.sandiegofishreports.com/dock_totals/boats.php?date=2026-08-15,2026-10-04T06:17:27Z,backfill,dock-trips-1
c780fc77d1afc689,2026-08-15,Seaforth,New Seaforth,half_day,1/2 Day PM,0.5,55,"{""bonito"": 14, ""calico_bass"": 19, ""rockfish"": 5, ""sheephead"": 8, ""white_seabass"": 1}",{},47,"New Seaforth Seaforth Sportfishing San Diego, CA | 55 Anglers 1/2 Day PM | 8 Sheephead, 19 Calico Bass, 14 Bonito, 5 Rockfish, 1 White Seabass",San Diego Fish Reports dock totals,https://www.sandiegofishreports.com/dock_totals/boats.php?date=2026-08-15,2026-10-04T06:17:27Z,backfill,dock-trips-1
cceec79db6f1c921,2026-08-15,Seaforth,New Seaforth,twilight,1/2 Day Twilight,0.4,55,"{""bonito"": 1, ""calico_bass"": 13, ""rockfish"": 20, ""sand_bass"": 6}","{""calico_bass"": 50}",90,"New Seaforth Seaforth Sportfishing San Diego, CA | 55 Anglers 1/2 Day Twilight | 6 Sand Bass, 13 Calico Bass, 1 Bonito, 20 Rockfish, 50 Calico Bass Released",San Diego Fish Reports dock totals,https://www.sandiegofishreports.com/dock_totals/boats.php?date=2026-08-15,2026-10-04T06:17:27Z,backfill,dock-trips-1
275d973947fcb92b,2026-08-15,Seaforth,San Diego,full_day,Full Day Offshore,1.0,28,"{""yellowfin_tuna"": 22}",{},22,"San Diego Seaforth Sportfishing San Diego, CA | 28 Anglers Full Day Offshore | 4 Skipjack Tuna, 1 Wahoo, 22 Yellowfin Tuna",San Diego Fish Reports dock totals,https://www.sandiegofishreports.com/dock_totals/boats.php?date=2026-08-15,2026-10-04T06:17:27Z,backfill,dock-trips-1
5f777f2a3ed45d87,2026-08-15,Seaforth,Sea Watch,full_day,Full Day Offshore,1.0,35,"{""yellowfin_tuna"": 13}",{},13,"Sea Watch Seaforth Sportfishing San Diego, CA | 35 Anglers Full Day Offshore | 1 Skipjack Tuna, 13 Yellowfin Tuna",San Diego Fish Reports dock totals,https://www.sandiegofishreports.com/dock_totals/boats.php?date=2026-08-15,2026-10-04T06:17:27Z,backfill,dock-trips-1
e06305bf1dd29308,2026-08-15,Seaforth,Tribute,1.5_day,1.5 Day,1.5,19,"{""bonito"": 12, ""rockfish"": 56, ""yellowtail"": 82}",{},150,"Tribute Seaforth Sportfishing San Diego, CA | 19 Anglers 1.5 Day | 82 Yellowtail, 70 Whitefish, 12 Bonito, 56 Rockfish",San Diego Fish Reports dock totals,https://www.sandiegofishreports.com/dock_totals/boats.php?date=2026-08-15,2026-10-04T06:17:27Z,backfill,dock-trips-1
2c5c36f2d0e054e9,2026-08-15,Seaforth,Voyager,2_day,2 Day,2.0,12,"{""bonito"": 9, ""dorado"": 2, ""yellowfin_tuna"": 10, ""yellowtail"": 50}",{},71,"Voyager Seaforth Sportfishing San Diego, CA | 12 Anglers 2 Day | 50 Yellowtail, 2 Dorado, 9 Bonito, 12 Skipjack Tuna, 10 Yellowfin Tuna",San Diego Fish Reports dock totals,https://www.sandiegofishreports.com/dock_totals/boats.php?date=2026-08-15,2026-10-04T06:17:27Z,backfill,dock-trips-1
bebbf7b3161980f1,2026-08-16,Fishermans,Dolphin,half_day,1/2 Day AM,0.5,43,"{""calico_bass"": 6, ""rockfish"": 145, ""sand_bass"": 5, ""sheephead"": 4}",{},160,"Dolphin Fisherman's Landing San Diego, CA | 43 Anglers 1/2 Day AM | 5 Sand Bass, 5 Sculpin, 4 Sheephead, 6 Calico Bass, 145 Rockfish",San Diego Fish Reports dock totals,https://www.sandiegofishreports.com/dock_totals/boats.php?date=2026-08-16,2026-10-04T06:17:29Z,backfill,dock-trips-1
047e901d4a6f75b6,2026-08-16,Fishermans,Dolphin,half_day,1/2 Day PM,0.5,43,"{""bonito"": 42, ""calico_bass"": 15, ""rockfish"": 15, ""sheephead"": 13}","{""calico_bass"": 45}",130,"Dolphin Fisherman's Landing San Diego, CA | 43 Anglers 1/2 Day PM | 13 Sheephead, 15 Calico Bass, 42 Bonito, 15 Rockfish, 45 Calico Bass Released",San Diego Fish Reports dock totals,https://www.sandiegofishreports.com/dock_totals/boats.php?date=2026-08-16,2026-10-04T06:17:29Z,backfill,dock-trips-1
6ba37ac30b6568f6,2026-08-16,Fishermans,Fortune,1.5_day,1.5 Day,1.5,12,"{""dorado"": 2, ""yellowtail"": 18}",{},20,"Fortune Fisherman's Landing San Diego, CA | 12 Anglers 1.5 Day | 18 Yellowtail, 2 Dorado",San Diego Fish Reports dock totals,https://www.sandiegofishreports.com/dock_totals/boats.php?date=2026-08-16,2026-10-04T06:17:29Z,backfill,dock-trips-1
3a0114ec255123dd,2026-08-16,Fishermans,Liberty,overnight,Overnight,1.0,22,"{""dorado"": 1, ""yellowfin_tuna"": 2}",{},3,"Liberty Fisherman's Landing San Diego, CA | 22 Anglers Overnight | 1 Dorado, 2 Yellowfin Tuna",San Diego Fish Reports dock totals,https://www.sandiegofishreports.com/dock_totals/boats.php?date=2026-08-16,2026-10-04T06:17:29Z,backfill,dock-trips-1
f0602e776e6cd22d,2026-08-16,Fishermans,Poseidon,1.5_day,1.5 Day,1.5,22,"{""dorado"": 1, ""yellowtail"": 64}",{},65,"Poseidon Fisherman's Landing San Diego, CA | 22 Anglers 1.5 Day | 64 Yellowtail, 1 Dorado",San Diego Fish Reports dock totals,https://www.sandiegofishreports.com/dock_totals/boats.php?date=2026-08-16,2026-10-04T06:17:29Z,backfill,dock-trips-1
778f45aea78f4f6a,2026-08-16,Fishermans,Tomahawk,2_day,2 Day,2.0,28,"{""dorado"": 5, ""yellowfin_tuna"": 1, ""yellowtail"": 34}",{},40,"Tomahawk Fisherman's Landing San Diego, CA | 28 Anglers 2 Day | 34 Yellowtail, 5 Dorado, 1 Skipjack Tuna, 1 Yellowfin Tuna",San Diego Fish Reports dock totals,https://www.sandiegofishreports.com/dock_totals/boats.php?date=2026-08-16,2026-10-04T06:17:29Z,backfill,dock-trips-1
a11c4045ae4eed79,2026-08-16,H&M,"Blue Horizon Oceanside Sea Center Oceanside, CA",three_quarter_day,3/4 Day,0.75,10,"{""calico_bass"": 13, ""rockfish"": 30, ""sand_bass"": 3}","{""calico_bass"": 70}",116,"Blue Horizon Oceanside Sea Center Oceanside, CA | 10 Anglers 3/4 Day | 3 Sand Bass, 13 Calico Bass, 1 Whitefish, 30 Rockfish, 70 Calico Bass Released",San Diego Fish Reports dock totals,https://www.sandiegofishreports.com/dock_totals/boats.php?date=2026-08-16,2026-10-04T06:17:29Z,backfill,dock-trips-1
3731836108253599,2026-08-16,H&M,"Chubasco II Oceanside Sea Center Oceanside, CA",three_quarter_day,3/4 Day,0.75,34,"{""bonito"": 12, ""calico_bass"": 2, ""rockfish"": 14, ""sand_bass"": 4}","{""calico_bass"": 50}",82,"Chubasco II Oceanside Sea Center Oceanside, CA | 34 Anglers 3/4 Day | 4 Sand Bass, 9 Sculpin, 9 Halfmoon, 2 Calico Bass, 4 Whitefish, 12 Bonito, 14 Rockfish, 50 Calico Bass Released",San Diego Fish Reports dock totals,https://www.sandiegofishreports.com/dock_totals/boats.php?date=2026-08-16,2026-10-04T06:17:29Z,backfill,dock-trips-1
9bcd3bfbda97f7b5,2026-08-16,H&M,Daiwa Pacific,full_day,Full Day,1.0,24,"{""barracuda"": 12, ""calico_bass"": 10, ""rockfish"": 14, ""sheephead"": 2}","{""calico_bass"": 80}",118,"Daiwa Pacific H&M Landing San Diego, CA | 24 Anglers Full Day | 12 Barracuda, 2 Sheephead, 2 Perch, 10 Calico Bass, 61 Whitefish, 14 Rockfish, 80 Calico Bass Released",San Diego Fish Reports dock totals,https://www.sandiegofishreports.com/dock_totals/boats.php?date=2026-08-16,2026-10-04T06:17:29Z,backfill,dock-trips-1
f6b4d102a9592f17,2026-08-16,H&M,Grande,overnight,Overnight,1.0,24,"{""dorado"": 1, ""yellowfin_tuna"": 32}",{},33,"Grande H&M Landing San Diego, CA | 24 Anglers Overnight | 1 Dorado, 5 Skipjack Tuna, 32 Yellowfin Tuna",San Diego Fish Reports dock totals,https://www.sandiegofishreports.com/dock_totals/boats.php?date=2026-08-16,2026-10-04T06:17:29Z,backfill,dock-trips-1
004752d8d2a969a8,2026-08-16,H&M,Horizon,2_day,2 Day,2.0,25,"{""calico_bass"": 87, ""dorado"": 2, ""yellowtail"": 15}",{},104,"Horizon H&M Landing San Diego, CA | 25 Anglers 2 Day | 15 Yellowtail, 2 Dorado, 87 Calico Bass, 1 Skipjack Tuna",San Diego Fish Reports dock totals,https://www.sandiegofishreports.com/dock_totals/boats.php?date=2026-08-16,2026-10-04T06:17:29Z,backfill,dock-trips-1
4a6960c8d0faf4cc,2026-08-16,H&M,Old Glory,overnight,Overnight,1.0,36,{},{},0,"Old Glory H&M Landing San Diego, CA | 36 Anglers Overnight | ",San Diego Fish Reports dock totals,https://www.sandiegofishreports.com/dock_totals/boats.php?date=2026-08-16,2026-10-04T06:17:29Z,backfill,dock-trips-1
c7106a428ad69cff,2026-08-16,H&M,Premier,half_day,1/2 Day AM,0.5,55,"{""bonito"": 1, ""calico_bass"": 1, ""rockfish"": 112, ""sand_bass"": 4, ""sheephead"": 1}",{},119,"Premier H&M Landing San Diego, CA | 55 Anglers 1/2 Day AM | 4 Sand Bass, 10 Sculpin, 1 Sheephead, 1 Calico Bass, 1 Bonito, 112 Rockfish",San Diego Fish Reports dock totals,https://www.sandiegofishreports.com/dock_totals/boats.php?date=2026-08-16,2026-10-04T06:17:29Z,backfill,dock-trips-1
bd2dcf51d5f02229,2026-08-16,H&M,Premier,half_day,1/2 Day PM,0.5,44,"{""calico_bass"": 5, ""rockfish"": 41, ""sheephead"": 3}",{},49,"Premier H&M Landing San Diego, CA | 44 Anglers 1/2 Day PM | 27 Sculpin, 3 Sheephead, 5 Calico Bass, 41 Rockfish",San Diego Fish Reports dock totals,https://www.sandiegofishreports.com/dock_totals/boats.php?date=2026-08-16,2026-10-04T06:17:29Z,backfill,dock-trips-1
3a0516010012fa78,2026-08-16,H&M,Producer,overnight,Overnight,1.0,29,"{""yellowfin_tuna"": 30}",{},30,"Producer H&M Landing San Diego, CA | 29 Anglers Overnight | 20 Skipjack Tuna, 30 Yellowfin Tuna",San Diego Fish Reports dock totals,https://www.sandiegofishreports.com/dock_totals/boats.php?date=2026-08-16,2026-10-04T06:17:29Z,backfill,dock-trips-1
315cbeea853de93b,2026-08-16,H&M,"Southern Cal Oceanside Sea Center Oceanside, CA",half_day,1/2 Day AM,0.5,42,"{""calico_bass"": 5}","{""barracuda"": 5, ""calico_bass"": 90}",100,"Southern Cal Oceanside Sea Center Oceanside, CA | 42 Anglers 1/2 Day AM | 5 Calico Bass, 5 Barracuda Released , 90 Calico Bass Released",San Diego Fish Reports dock totals,https://www.sandiegofishreports.com/dock_totals/boats.php?date=2026-08-16,2026-10-04T06:17:29Z,backfill,dock-trips-1
90ba59e811b17e02,2026-08-16,H&M,Vendetta 2,2.5_day,2.5 Day,2.5,12,"{""dorado"": 1, ""yellowfin_tuna"": 2, ""yellowtail"": 60}",{},63,"Vendetta 2 H&M Landing San Diego, CA | 12 Anglers 2.5 Day | 60 Yellowtail, 1 Dorado, 2 Yellowfin Tuna, 1 Striped Marlin Released",San Diego Fish Reports dock totals,https://www.sandiegofishreports.com/dock_totals/boats.php?date=2026-08-16,2026-10-04T06:17:29Z,backfill,dock-trips-1
b867a29795075310,2026-08-16,Point Loma,Daily Double,half_day,1/2 Day AM,0.5,39,"{""rockfish"": 98, ""sand_bass"": 1}",{},99,"Daily Double Point Loma Sportfishing San Diego, CA | 39 Anglers 1/2 Day AM | 1 Barred Sand Bass, 73 Sculpin, 20 Rockfish, 78 Red Rockfish",San Diego Fish Reports dock totals,https://www.sandiegofishreports.com/dock_totals/boats.php?date=2026-08-16,2026-10-04T06:17:29Z,backfill,dock-trips-1
9b255117ef1167bd,2026-08-16,Point Loma,Mission Belle,full_day,Full Day Coronado Islands,1.0,30,"{""calico_bass"": 2, ""yellowtail"": 30}",{},32,"Mission Belle Point Loma Sportfishing San Diego, CA | 30 Anglers Full Day Coronado Islands | 30 Yellowtail, 2 Calico Bass, 14 Whitefish",San Diego Fish Reports dock totals,https://www.sandiegofishreports.com/dock_totals/boats.php?date=2026-08-16,2026-10-04T06:17:29Z,backfill,dock-trips-1
5625e4da9b8f4d0f,2026-08-16,Point Loma,Point Loma,full_day,Full Day,1.0,17,"{""yellowfin_tuna"": 2}",{},2,"Point Loma Point Loma Sportfishing San Diego, CA | 17 Anglers Full Day | 2 Yellowfin Tuna",San Diego Fish Reports dock totals,https://www.sandiegofishreports.com/dock_totals/boats.php?date=2026-08-16,2026-10-04T06:17:29Z,backfill,dock-trips-1
95415e27fa25a617,2026-08-16,Seaforth,Apollo,2_day,2 Day,2.0,20,"{""dorado"": 1, ""yellowtail"": 39}",{},40,"Apollo Seaforth Sportfishing San Diego, CA | 20 Anglers 2 Day | 39 Yellowtail, 1 Dorado",San Diego Fish Reports dock totals,https://www.sandiegofishreports.com/dock_totals/boats.php?date=2026-08-16,2026-10-04T06:17:29Z,backfill,dock-trips-1
5ca2e9d64dcad31d,2026-08-16,Seaforth,Cortez,2_day,2 Day,2.0,14,"{""bonito"": 5, ""calico_bass"": 6, ""rockfish"": 70, ""yellowtail"": 23}",{},104,"Cortez Seaforth Sportfishing San Diego, CA | 14 Anglers 2 Day | 23 Yellowtail, 6 Calico Bass, 5 Bonito, 70 Rockfish",San Diego Fish Reports dock totals,https://www.sandiegofishreports.com/dock_totals/boats.php?date=2026-08-16,2026-10-04T06:17:29Z,backfill,dock-trips-1
135853e6e04e2ddf,2026-08-16,Seaforth,New Seaforth,half_day,1/2 Day AM,0.5,54,"{""barracuda"": 1, ""calico_bass"": 6, ""rockfish"": 1, ""yellowtail"": 4}",{},12,"New Seaforth Seaforth Sportfishing San Diego, CA | 54 Anglers 1/2 Day AM | 1 Barracuda, 4 Yellowtail, 6 Calico Bass, 1 Rockfish",San Diego Fish Reports dock totals,https://www.sandiegofishreports.com/dock_totals/boats.php?date=2026-08-16,2026-10-04T06:17:29Z,backfill,dock-trips-1
9f4d73178a97ab44,2026-08-16,Seaforth,New Seaforth,half_day,1/2 Day PM,0.5,50,"{""bonito"": 10, ""calico_bass"": 6, ""sheephead"": 5, ""yellowtail"": 1}",{},22,"New Seaforth Seaforth Sportfishing San Diego, CA | 50 Anglers 1/2 Day PM | 5 Sheephead, 1 Yellowtail, 6 Calico Bass, 10 Bonito",San Diego Fish Reports dock totals,https://www.sandiegofishreports.com/dock_totals/boats.php?date=2026-08-16,2026-10-04T06:17:29Z,backfill,dock-trips-1
70e07d2fadad63a5,2026-08-16,Seaforth,New Seaforth,twilight,1/2 Day Twilight,0.4,55,"{""bonito"": 2, ""calico_bass"": 12, ""rockfish"": 9, ""sand_bass"": 20}","{""calico_bass"": 50, ""sand_bass"": 20}",113,"New Seaforth Seaforth Sportfishing San Diego, CA | 55 Anglers 1/2 Day Twilight | 20 Sand Bass, 7 Sculpin, 12 Calico Bass, 2 Bonito, 9 Rockfish, 20 Sand Bass Released , 50 Calico Bass Released",San Diego Fish Reports dock totals,https://www.sandiegofishreports.com/dock_totals/boats.php?date=2026-08-16,2026-10-04T06:17:29Z,backfill,dock-trips-1
c284792cd852c786,2026-08-16,Seaforth,Pacific Voyager,3_day,3 Day,3.0,19,"{""dorado"": 2, ""yellowtail"": 307}",{},309,"Pacific Voyager Seaforth Sportfishing San Diego, CA | 19 Anglers 3 Day | 307 Yellowtail, 2 Dorado",San Diego Fish Reports dock totals,https://www.sandiegofishreports.com/dock_totals/boats.php?date=2026-08-16,2026-10-04T06:17:29Z,backfill,dock-trips-1
22c0bc35b42a4e73,2026-08-16,Seaforth,Pacifica,2_day,2 Day,2.0,26,"{""dorado"": 82, ""white_seabass"": 1, ""yellowfin_tuna"": 32, ""yellowtail"": 33}",{},148,"Pacifica Seaforth Sportfishing San Diego, CA | 26 Anglers 2 Day | 33 Yellowtail, 82 Dorado, 1 White Seabass, 32 Yellowfin Tuna",San Diego Fish Reports dock totals,https://www.sandiegofishreports.com/dock_totals/boats.php?date=2026-08-16,2026-10-04T06:17:29Z,backfill,dock-trips-1
0ff8c21deb884835,2026-08-16,Seaforth,San Diego,full_day,Full Day Offshore,1.0,29,"{""dorado"": 1, ""yellowfin_tuna"": 37}",{},38,"San Diego Seaforth Sportfishing San Diego, CA | 29 Anglers Full Day Offshore | 1 Dorado, 8 Skipjack Tuna, 37 Yellowfin Tuna",San Diego Fish Reports dock totals,https://www.sandiegofishreports.com/dock_totals/boats.php?date=2026-08-16,2026-10-04T06:17:29Z,backfill,dock-trips-1
04fd7a9736d7a06d,2026-08-16,Seaforth,Sea Watch,three_quarter_day,3/4 Day,0.75,34,"{""bonito"": 2, ""calico_bass"": 11, ""rockfish"": 1, ""sand_bass"": 1, ""sheephead"": 10, ""yellowtail"": 1}","{""calico_bass"": 50}",76,"Sea Watch Seaforth Sportfishing San Diego, CA | 34 Anglers 3/4 Day | 1 Sand Bass, 10 Sheephead, 1 Yellowtail, 11 Calico Bass, 2 Bonito, 1 Rockfish, 50 Calico Bass Released",San Diego Fish Reports dock totals,https://www.sandiegofishreports.com/dock_totals/boats.php?date=2026-08-16,2026-10-04T06:17:29Z,backfill,dock-trips-1
53cd9d9c368829bf,2026-08-16,Seaforth,Tribute,overnight,Overnight,1.0,30,"{""dorado"": 1, ""yellowfin_tuna"": 9}",{},10,"Tribute Seaforth Sportfishing San Diego, CA | 30 Anglers Overnight | 1 Dorado, 2 Skipjack Tuna, 9 Yellowfin Tuna",San Diego Fish Reports dock totals,https://www.sandiegofishreports.com/dock_totals/boats.php?date=2026-08-16,2026-10-04T06:17:29Z,backfill,dock-trips-1
308e483218bf8653,2026-08-16,Seaforth,Voyager,overnight,Overnight,1.0,15,"{""yellowtail"": 12}",{},12,"Voyager Seaforth Sportfishing San Diego, CA | 15 Anglers Overnight | 12 Yellowtail",San Diego Fish Reports dock totals,https://www.sandiegofishreports.com/dock_totals/boats.php?date=2026-08-16,2026-10-04T06:17:29Z,backfill,dock-trips-1
9b59a8e7c11059bb,2026-08-17,Fishermans,Dolphin,half_day,1/2 Day AM,0.5,25,"{""calico_bass"": 5, ""rockfish"": 62, ""sheephead"": 6, ""yellowtail"": 1}",{},74,"Dolphin Fisherman's Landing San Diego, CA | 25 Anglers 1/2 Day AM | 1 Cabezon, 3 Sculpin, 6 Sheephead, 1 Yellowtail, 5 Calico Bass, 62 Rockfish",San Diego Fish Reports dock totals,https://www.sandiegofishreports.com/dock_totals/boats.php?date=2026-08-17,2026-10-04T06:17:31Z,backfill,dock-trips-1
a74a21c4bfa3f2a7,2026-08-17,Fishermans,Dolphin,half_day,1/2 Day PM,0.5,10,"{""bonito"": 50, ""calico_bass"": 12, ""rockfish"": 8, ""sheephead"": 13, ""yellowtail"": 2}",{},85,"Dolphin Fisherman's Landing San Diego, CA | 10 Anglers 1/2 Day PM | 13 Sheephead, 2 Yellowtail, 12 Calico Bass, 50 Bonito, 8 Rockfish",San Diego Fish Reports dock totals,https://www.sandiegofishreports.com/dock_totals/boats.php?date=2026-08-17,2026-10-04T06:17:31Z,backfill,dock-trips-1
3d0dc8ea789919a0,2026-08-17,Fishermans,Islander,4_day,4 Day,4.0,24,"{""dorado"": 19, ""yellowtail"": 66}",{},85,"Islander Fisherman's Landing San Diego, CA | 24 Anglers 4 Day | 66 Yellowtail, 19 Dorado",San Diego Fish Reports dock totals,https://www.sandiegofishreports.com/dock_totals/boats.php?date=2026-08-17,2026-10-04T06:17:31Z,backfill,dock-trips-1
4b041c47916c6105,2026-08-17,Fishermans,Pacific Dawn,2_day,2 Day,2.0,17,"{""bluefin_tuna"": 1, ""dorado"": 5, ""yellowtail"": 56}",{},62,"Pacific Dawn Fisherman's Landing San Diego, CA | 17 Anglers 2 Day | 1 Bluefin Tuna, 56 Yellowtail (up to 30 pounds), 5 Dorado",San Diego Fish Reports dock totals,https://www.sandiegofishreports.com/dock_totals/boats.php?date=2026-08-17,2026-10-04T06:17:31Z,backfill,dock-trips-1
3e6e5eea1b3fc7db,2026-08-17,Fishermans,Pacific Queen,3.5_day,3.5 Day,3.5,21,"{""dorado"": 57, ""yellowtail"": 315}",{},372,"Pacific Queen Fisherman's Landing San Diego, CA | 21 Anglers 3.5 Day | 315 Yellowtail (up to 40 pounds), 57 Dorado",San Diego Fish Reports dock totals,https://www.sandiegofishreports.com/dock_totals/boats.php?date=2026-08-17,2026-10-04T06:17:31Z,backfill,dock-trips-1
e870dab728fe6c9f,2026-08-17,Fishermans,Pegasus,3_day,3 Day,3.0,10,"{""california_halibut"": 2, ""dorado"": 115, ""yellowfin_tuna"": 1, ""yellowtail"": 82}",{},200,"Pegasus Fisherman's Landing San Diego, CA | 10 Anglers 3 Day | 2 Halibut, 82 Yellowtail, 115 Dorado, 1 Yellowfin Tuna",San Diego Fish Reports dock totals,https://www.sandiegofishreports.com/dock_totals/boats.php?date=2026-08-17,2026-10-04T06:17:31Z,backfill,dock-trips-1
2556af7ac5bb5e95,2026-08-17,H&M,"Blue Horizon Oceanside Sea Center Oceanside, CA",full_day,Full Day,1.0,20,"{""dorado"": 3, ""yellowtail"": 1}",{},4,"Blue Horizon Oceanside Sea Center Oceanside, CA | 20 Anglers Full Day | 1 Yellowtail, 3 Dorado",San Diego Fish Reports dock totals,https://www.sandiegofishreports.com/dock_totals/boats.php?date=2026-08-17,2026-10-04T06:17:31Z,backfill,dock-trips-1
6698e68a90f01dca,2026-08-17,H&M,Grande,full_day,Full Day Offshore,1.0,40,"{""yellowfin_tuna"": 13}",{},13,"Grande H&M Landing San Diego, CA | 40 Anglers Full Day Offshore | 3 Skipjack Tuna, 13 Yellowfin Tuna",San Diego Fish Reports dock totals,https://www.sandiegofishreports.com/dock_totals/boats.php?date=2026-08-17,2026-10-04T06:17:31Z,backfill,dock-trips-1
53ee53d7b68dafc3,2026-08-17,H&M,Legend,3_day,3 Day,3.0,28,"{""dorado"": 6, ""yellowfin_tuna"": 3, ""yellowtail"": 280}",{},289,"Legend H&M Landing San Diego, CA | 28 Anglers 3 Day | 280 Yellowtail, 6 Dorado, 3 Yellowfin Tuna",San Diego Fish Reports dock totals,https://www.sandiegofishreports.com/dock_totals/boats.php?date=2026-08-17,2026-10-04T06:17:31Z,backfill,dock-trips-1
4b5595520d748a2c,2026-08-17,H&M,Malihini,three_quarter_day,3/4 Day,0.75,33,"{""bonito"": 6, ""calico_bass"": 11, ""rockfish"": 52, ""sand_bass"": 1, ""sheephead"": 5}","{""calico_bass"": 40}",115,"Malihini H&M Landing San Diego, CA | 33 Anglers 3/4 Day | 1 Croaker, 1 Sand Bass, 6 Sculpin, 5 Sheephead, 11 Calico Bass, 19 Whitefish, 6 Bonito, 15 Rockfish, 37 Red Rockfish, 40 Calico Bass Released",San Diego Fish Reports dock totals,https://www.sandiegofishreports.com/dock_totals/boats.php?date=2026-08-17,2026-10-04T06:17:31Z,backfill,dock-trips-1
34e84cea141730d5,2026-08-17,H&M,Ocean Odyssey,2.5_day,2.5 Day,2.5,24,{},{},0,"Ocean Odyssey H&M Landing San Diego, CA | 24 Anglers 2.5 Day | ",San Diego Fish Reports dock totals,https://www.sandiegofishreports.com/dock_totals/boats.php?date=2026-08-17,2026-10-04T06:17:31Z,backfill,dock-trips-1
2d77dc5fb7151d4f,2026-08-17,H&M,Old Glory,overnight,Overnight,1.0,32,{},{},0,"Old Glory H&M Landing San Diego, CA | 32 Anglers Overnight | ",San Diego Fish Reports dock totals,https://www.sandiegofishreports.com/dock_totals/boats.php?date=2026-08-17,2026-10-04T06:17:31Z,backfill,dock-trips-1
14be8469928c7856,2026-08-17,H&M,Premier,half_day,1/2 Day PM,0.5,18,"{""bonito"": 3, ""calico_bass"": 15, ""rockfish"": 16, ""sheephead"": 6}","{""calico_bass"": 76}",116,"Premier H&M Landing San Diego, CA | 18 Anglers 1/2 Day PM | 6 Sheephead, 15 Calico Bass, 3 Bonito, 16 Rockfish, 76 Calico Bass Released",San Diego Fish Reports dock totals,https://www.sandiegofishreports.com/dock_totals/boats.php?date=2026-08-17,2026-10-04T06:17:31Z,backfill,dock-trips-1
163a15d9c8819120,2026-08-17,H&M,Producer,overnight,Overnight,1.0,29,"{""dorado"": 1, ""yellowfin_tuna"": 21}",{},22,"Producer H&M Landing San Diego, CA | 29 Anglers Overnight | 1 Dorado, 5 Skipjack Tuna, 21 Yellowfin Tuna",San Diego Fish Reports dock totals,https://www.sandiegofishreports.com/dock_totals/boats.php?date=2026-08-17,2026-10-04T06:17:31Z,backfill,dock-trips-1
e97a0bd55c5e827e,2026-08-17,H&M,"Sea Star Oceanside Sea Center Oceanside, CA",half_day,1/2 Day AM,0.5,15,"{""calico_bass"": 7, ""sand_bass"": 14, ""sheephead"": 2}","{""calico_bass"": 30, ""california_halibut"": 1, ""sand_bass"": 8}",62,"Sea Star Oceanside Sea Center Oceanside, CA | 15 Anglers 1/2 Day AM | 14 Sand Bass, 2 Sheephead, 7 Calico Bass, 8 Sand Bass Released , 1 Halibut Released , 30 Calico Bass Released",San Diego Fish Reports dock totals,https://www.sandiegofishreports.com/dock_totals/boats.php?date=2026-08-17,2026-10-04T06:17:31Z,backfill,dock-trips-1
2c81e10ebc47ccd4,2026-08-17,H&M,"Southern Cal Oceanside Sea Center Oceanside, CA",half_day,1/2 Day AM,0.5,27,"{""calico_bass"": 1, ""sand_bass"": 2, ""sheephead"": 3}","{""calico_bass"": 20, ""sand_bass"": 10}",36,"Southern Cal Oceanside Sea Center Oceanside, CA | 27 Anglers 1/2 Day AM | 2 Sand Bass, 3 Sheephead, 1 Calico Bass, 10 Sand Bass Released , 20 Calico Bass Released",San Diego Fish Reports dock totals,https://www.sandiegofishreports.com/dock_totals/boats.php?date=2026-08-17,2026-10-04T06:17:31Z,backfill,dock-trips-1
295852363c0f5eeb,2026-08-17,H&M,Top Gun 80,7_day,7 Day,7.0,12,{},{},0,"Top Gun 80 H&M Landing San Diego, CA | 12 Anglers 7 Day | ",San Diego Fish Reports dock totals,https://www.sandiegofishreports.com/dock_totals/boats.php?date=2026-08-17,2026-10-04T06:17:31Z,backfill,dock-trips-1
6a690817aaa08e38,2026-08-17,Point Loma,Daily Double,half_day,1/2 Day AM,0.5,38,"{""rockfish"": 65, ""sand_bass"": 1}","{""rockfish"": 65, ""sand_bass"": 1}",132,"Daily Double Point Loma Sportfishing San Diego, CA | 38 Anglers 1/2 Day AM | 1 Barred Sand Bass, 15 Sculpin, 65 Rockfish, 1 Barred Sand Bass Released , 15 Sculpin Released , 65 Rockfish Released",San Diego Fish Reports dock totals,https://www.sandiegofishreports.com/dock_totals/boats.php?date=2026-08-17,2026-10-04T06:17:31Z,backfill,dock-trips-1
4359df2e7b1e968d,2026-08-17,Point Loma,Mission Belle,full_day,Full Day Coronado Islands,1.0,16,"{""yellowtail"": 80}",{},80,"Mission Belle Point Loma Sportfishing San Diego, CA | 16 Anglers Full Day Coronado Islands | 80 Yellowtail",San Diego Fish Reports dock totals,https://www.sandiegofishreports.com/dock_totals/boats.php?date=2026-08-17,2026-10-04T06:17:31Z,backfill,dock-trips-1
a1a8b786f72994d3,2026-08-17,Seaforth,Aztec,2.5_day,2.5 Day,2.5,26,"{""dorado"": 8, ""yellowfin_tuna"": 24, ""yellowtail"": 5}",{},37,"Aztec Seaforth Sportfishing San Diego, CA | 26 Anglers 2.5 Day | 5 Yellowtail, 8 Dorado, 15 Skipjack Tuna, 24 Yellowfin Tuna",San Diego Fish Reports dock totals,https://www.sandiegofishreports.com/dock_totals/boats.php?date=2026-08-17,2026-10-04T06:17:31Z,backfill,dock-trips-1
9b4de46d1d0af72f,2026-08-17,Seaforth,Highliner,1.5_day,1.5 Day,1.5,20,"{""dorado"": 2, ""yellowfin_tuna"": 2, ""yellowtail"": 149}",{},153,"Highliner Seaforth Sportfishing San Diego, CA | 20 Anglers 1.5 Day | 35 Sculpin, 149 Yellowtail, 2 Dorado, 35 Whitefish, 1 Striped Marlin, 2 Yellowfin Tuna",San Diego Fish Reports dock totals,https://www.sandiegofishreports.com/dock_totals/boats.php?date=2026-08-17,2026-10-04T06:17:31Z,backfill,dock-trips-1
2216b21e06909787,2026-08-17,Seaforth,New Seaforth,half_day,1/2 Day AM,0.5,32,"{""bonito"": 7, ""calico_bass"": 7, ""rockfish"": 7, ""sand_bass"": 2, ""sheephead"": 15}",{},38,"New Seaforth Seaforth Sportfishing San Diego, CA | 32 Anglers 1/2 Day AM | 2 Sand Bass, 15 Sheephead, 7 Calico Bass, 1 Lingcod, 7 Bonito, 7 Rockfish",San Diego Fish Reports dock totals,https://www.sandiegofishreports.com/dock_totals/boats.php?date=2026-08-17,2026-10-04T06:17:31Z,backfill,dock-trips-1
0cba4559d4da1518,2026-08-17,Seaforth,New Seaforth,half_day,1/2 Day PM,0.5,29,"{""barracuda"": 1, ""bonito"": 1, ""calico_bass"": 1, ""rockfish"": 3, ""sheephead"": 5, ""yellowtail"": 1}",{},12,"New Seaforth Seaforth Sportfishing San Diego, CA | 29 Anglers 1/2 Day PM | 1 Barracuda, 5 Sheephead, 1 Yellowtail, 1 Calico Bass, 1 Bonito, 3 Rockfish",San Diego Fish Reports dock totals,https://www.sandiegofishreports.com/dock_totals/boats.php?date=2026-08-17,2026-10-04T06:17:31Z,backfill,dock-trips-1
648a1238f2497d3a,2026-08-17,Seaforth,New Seaforth,twilight,1/2 Day Twilight,0.4,31,"{""bonito"": 4, ""calico_bass"": 2, ""rockfish"": 20}","{""calico_bass"": 20}",46,"New Seaforth Seaforth Sportfishing San Diego, CA | 31 Anglers 1/2 Day Twilight | 5 Sculpin, 2 Calico Bass, 4 Bonito, 20 Rockfish, 20 Calico Bass Released",San Diego Fish Reports dock totals,https://www.sandiegofishreports.com/dock_totals/boats.php?date=2026-08-17,2026-10-04T06:17:31Z,backfill,dock-trips-1
4900d608f3c30029,2026-08-17,Seaforth,Polaris Supreme,2_day,2 Day,2.0,24,"{""california_halibut"": 1, ""yellowtail"": 218}",{},219,"Polaris Supreme Seaforth Sportfishing San Diego, CA | 24 Anglers 2 Day | 1 Halibut (up to 45 pounds), 218 Yellowtail",San Diego Fish Reports dock totals,https://www.sandiegofishreports.com/dock_totals/boats.php?date=2026-08-17,2026-10-04T06:17:31Z,backfill,dock-trips-1
e32e2265166d18ef,2026-08-17,Seaforth,San Diego,full_day,Full Day Offshore,1.0,36,"{""yellowfin_tuna"": 27}",{},27,"San Diego Seaforth Sportfishing San Diego, CA | 36 Anglers Full Day Offshore | 4 Skipjack Tuna, 27 Yellowfin Tuna",San Diego Fish Reports dock totals,https://www.sandiegofishreports.com/dock_totals/boats.php?date=2026-08-17,2026-10-04T06:17:31Z,backfill,dock-trips-1
10c3f8203600b52f,2026-08-17,Seaforth,Sea Watch,full_day,Full Day Coronado Islands,1.0,8,"{""barracuda"": 2, ""calico_bass"": 4, ""rockfish"": 6, ""sand_bass"": 1, ""yellowtail"": 3}",{},16,"Sea Watch Seaforth Sportfishing San Diego, CA | 8 Anglers Full Day Coronado Islands | 1 Sand Bass, 2 Barracuda, 3 Yellowtail, 4 Calico Bass, 8 Whitefish, 6 Rockfish",San Diego Fish Reports dock totals,https://www.sandiegofishreports.com/dock_totals/boats.php?date=2026-08-17,2026-10-04T06:17:31Z,backfill,dock-trips-1
18887860a57bd9c8,2026-08-18,Fishermans,Dolphin,half_day,1/2 Day AM,0.5,13,"{""calico_bass"": 1, ""rockfish"": 75, ""sand_bass"": 1, ""sheephead"": 1}",{},78,"Dolphin Fisherman's Landing San Diego, CA | 13 Anglers 1/2 Day AM | 1 Sand Bass, 4 Sculpin, 1 Sheephead, 1 Calico Bass, 75 Rockfish",San Diego Fish Reports dock totals,https://www.sandiegofishreports.com/dock_totals/boats.php?date=2026-08-18,2026-10-04T06:17:33Z,backfill,dock-trips-1
518568af110b3444,2026-08-18,Fishermans,Dolphin,half_day,1/2 Day PM,0.5,19,"{""bonito"": 31, ""calico_bass"": 30, ""rockfish"": 10, ""sand_bass"": 6, ""sheephead"": 10, ""yellowtail"": 8}",{},95,"Dolphin Fisherman's Landing San Diego, CA | 19 Anglers 1/2 Day PM | 6 Sand Bass, 10 Sheephead, 8 Yellowtail, 1 Black Seabass, 30 Calico Bass, 31 Bonito, 10 Rockfish, 1 Black Seabass Released",San Diego Fish Reports dock totals,https://www.sandiegofishreports.com/dock_totals/boats.php?date=2026-08-18,2026-10-04T06:17:33Z,backfill,dock-trips-1
d6e45fcc2bcb2338,2026-08-18,Fishermans,Fortune,1.5_day,1.5 Day,1.5,18,"{""dorado"": 6, ""yellowtail"": 120}",{},126,"Fortune Fisherman's Landing San Diego, CA | 18 Anglers 1.5 Day | 120 Yellowtail, 6 Dorado",San Diego Fish Reports dock totals,https://www.sandiegofishreports.com/dock_totals/boats.php?date=2026-08-18,2026-10-04T06:17:33Z,backfill,dock-trips-1
8295cc8c09544f83,2026-08-18,H&M,Excalibur,2_day,2 Day,2.0,27,"{""dorado"": 6, ""yellowfin_tuna"": 6}",{},12,"Excalibur H&M Landing San Diego, CA | 27 Anglers 2 Day | 6 Dorado, 1 Skipjack Tuna, 6 Yellowfin Tuna",San Diego Fish Reports dock totals,https://www.sandiegofishreports.com/dock_totals/boats.php?date=2026-08-18,2026-10-04T06:17:33Z,backfill,dock-trips-1
15755b23269b197a,2026-08-18,H&M,Grande,full_day,Full Day Offshore,1.0,39,"{""yellowfin_tuna"": 56}",{},56,"Grande H&M Landing San Diego, CA | 39 Anglers Full Day Offshore | 2 Skipjack Tuna, 56 Yellowfin Tuna",San Diego Fish Reports dock totals,https://www.sandiegofishreports.com/dock_totals/boats.php?date=2026-08-18,2026-10-04T06:17:33Z,backfill,dock-trips-1
799058af2e5f2f22,2026-08-18,H&M,Old Glory,overnight,Overnight,1.0,16,{},{},0,"Old Glory H&M Landing San Diego, CA | 16 Anglers Overnight | ",San Diego Fish Reports dock totals,https://www.sandiegofishreports.com/dock_totals/boats.php?date=2026-08-18,2026-10-04T06:17:33Z,backfill,dock-trips-1
9e91e1a1d32c9556,2026-08-18,H&M,Premier,half_day,1/2 Day AM,0.5,18,"{""bonito"": 3, ""rockfish"": 37, ""sand_bass"": 1, ""sheephead"": 2}",{},43,"Premier H&M Landing San Diego, CA | 18 Anglers 1/2 Day AM | 1 Sand Bass, 17 Sculpin, 2 Sheephead, 3 Bonito, 2 Rock Sole, 37 Rockfish",San Diego Fish Reports dock totals,https://www.sandiegofishreports.com/dock_totals/boats.php?date=2026-08-18,2026-10-04T06:17:33Z,backfill,dock-trips-1
5d1095adb0e11b6f,2026-08-18,H&M,Producer,overnight,Overnight,1.0,25,"{""yellowfin_tuna"": 77}",{},77,"Producer H&M Landing San Diego, CA | 25 Anglers Overnight | 5 Skipjack Tuna, 77 Yellowfin Tuna, 1 Mako Shark Released",San Diego Fish Reports dock totals,https://www.sandiegofishreports.com/dock_totals/boats.php?date=2026-08-18,2026-10-04T06:17:33Z,backfill,dock-trips-1
230868aea19b006e,2026-08-18,H&M,"Southern Cal Oceanside Sea Center Oceanside, CA",half_day,1/2 Day AM,0.5,28,"{""sand_bass"": 1, ""sheephead"": 1}","{""calico_bass"": 20}",22,"Southern Cal Oceanside Sea Center Oceanside, CA | 28 Anglers 1/2 Day AM | 1 Sand Bass, 1 Sheephead, 2 Whitefish, 20 Calico Bass Released",San Diego Fish Reports dock totals,https://www.sandiegofishreports.com/dock_totals/boats.php?date=2026-08-18,2026-10-04T06:17:33Z,backfill,dock-trips-1
e99388dc82e316b0,2026-08-18,H&M,Tradition,2_day,2 Day,2.0,25,{},{},0,"Tradition H&M Landing San Diego, CA | 25 Anglers 2 Day | ",San Diego Fish Reports dock totals,https://www.sandiegofishreports.com/dock_totals/boats.php?date=2026-08-18,2026-10-04T06:17:33Z,backfill,dock-trips-1
c690ff849af5e21b,2026-08-18,Point Loma,Daily Double,half_day,1/2 Day AM,0.5,11,"{""bonito"": 5, ""calico_bass"": 3, ""sand_bass"": 14}",{},22,"Daily Double Point Loma Sportfishing San Diego, CA | 11 Anglers 1/2 Day AM | 14 Barred Sand Bass, 3 Calico Bass, 1 Whitefish, 5 Bonito",San Diego Fish Reports dock totals,https://www.sandiegofishreports.com/dock_totals/boats.php?date=2026-08-18,2026-10-04T06:17:33Z,backfill,dock-trips-1
c33314a67daff07d,2026-08-18,Point Loma,Mission Belle,full_day,Full Day Coronado Islands,1.0,31,"{""sand_bass"": 2, ""yellowtail"": 64}",{},66,"Mission Belle Point Loma Sportfishing San Diego, CA | 31 Anglers Full Day Coronado Islands | 2 Barred Sand Bass, 64 Yellowtail",San Diego Fish Reports dock totals,https://www.sandiegofishreports.com/dock_totals/boats.php?date=2026-08-18,2026-10-04T06:17:33Z,backfill,dock-trips-1
bb3fd79ca8676813,2026-08-18,Point Loma,New Lo-An,2_day,2 Day,2.0,25,"{""dorado"": 5, ""sheephead"": 3, ""yellowtail"": 205}",{},213,"New Lo-An Point Loma Sportfishing San Diego, CA | 25 Anglers 2 Day | 3 Sheephead, 205 Yellowtail (up to 32 pounds), 5 Dorado",San Diego Fish Reports dock totals,https://www.sandiegofishreports.com/dock_totals/boats.php?date=2026-08-18,2026-10-04T06:17:33Z,backfill,dock-trips-1
94e70ef93d4a1b8f,2026-08-18,Point Loma,Point Loma,half_day,1/2 Day AM,0.5,13,"{""bonito"": 20, ""california_halibut"": 2, ""rockfish"": 2, ""sand_bass"": 22, ""yellowtail"": 2}",{},48,"Point Loma Point Loma Sportfishing San Diego, CA | 13 Anglers 1/2 Day AM | 22 Barred Sand Bass, 2 Halibut, 1 Sculpin, 2 Yellowtail, 1 Whitefish, 20 Bonito, 2 Rockfish",San Diego Fish Reports dock totals,https://www.sandiegofishreports.com/dock_totals/boats.php?date=2026-08-18,2026-10-04T06:17:33Z,backfill,dock-trips-1
de6c87abfd61ddaa,2026-08-18,Seaforth,Apollo,2_day,2 Day,2.0,19,"{""bluefin_tuna"": 1, ""dorado"": 2, ""yellowtail"": 68}",{},71,"Apollo Seaforth Sportfishing San Diego, CA | 19 Anglers 2 Day | 1 Bluefin Tuna, 68 Yellowtail, 2 Dorado",San Diego Fish Reports dock totals,https://www.sandiegofishreports.com/dock_totals/boats.php?date=2026-08-18,2026-10-04T06:17:33Z,backfill,dock-trips-1
f453716c38f61c2d,2026-08-18,Seaforth,New Seaforth,half_day,1/2 Day AM,0.5,7,"{""bonito"": 5, ""calico_bass"": 3, ""rockfish"": 2, ""sand_bass"": 2, ""sheephead"": 3}","{""calico_bass"": 40}",55,"New Seaforth Seaforth Sportfishing San Diego, CA | 7 Anglers 1/2 Day AM | 2 Sand Bass, 3 Sheephead, 3 Calico Bass, 5 Bonito, 2 Rockfish, 40 Calico Bass Released",San Diego Fish Reports dock totals,https://www.sandiegofishreports.com/dock_totals/boats.php?date=2026-08-18,2026-10-04T06:17:33Z,backfill,dock-trips-1
f867823a98969727,2026-08-18,Seaforth,New Seaforth,half_day,1/2 Day PM,0.5,28,"{""calico_bass"": 4, ""rockfish"": 13, ""sand_bass"": 2, ""sheephead"": 2}",{},21,"New Seaforth Seaforth Sportfishing San Diego, CA | 28 Anglers 1/2 Day PM | 2 Sand Bass, 9 Sculpin, 2 Sheephead, 4 Calico Bass, 3 Whitefish, 13 Rockfish",San Diego Fish Reports dock totals,https://www.sandiegofishreports.com/dock_totals/boats.php?date=2026-08-18,2026-10-04T06:17:33Z,backfill,dock-trips-1
3f6aefbcdee4eb14,2026-08-18,Seaforth,New Seaforth,twilight,1/2 Day Twilight,0.4,23,"{""barracuda"": 1, ""bonito"": 1, ""rockfish"": 9, ""sand_bass"": 3}",{},14,"New Seaforth Seaforth Sportfishing San Diego, CA | 23 Anglers 1/2 Day Twilight | 3 Sand Bass, 1 Barracuda, 3 Sculpin, 1 Bonito, 9 Rockfish",San Diego Fish Reports dock totals,https://www.sandiegofishreports.com/dock_totals/boats.php?date=2026-08-18,2026-10-04T06:17:33Z,backfill,dock-trips-1
50393054b7e41b6a,2026-08-18,Seaforth,Pacifica,1.5_day,1.5 Day,1.5,28,"{""dorado"": 1, ""yellowtail"": 26}",{},27,"Pacifica Seaforth Sportfishing San Diego, CA | 28 Anglers 1.5 Day | 26 Yellowtail, 1 Dorado",San Diego Fish Reports dock totals,https://www.sandiegofishreports.com/dock_totals/boats.php?date=2026-08-18,2026-10-04T06:17:33Z,backfill,dock-trips-1
553e603cd4f6e905,2026-08-18,Seaforth,San Diego,full_day,Full Day Offshore,1.0,35,"{""yellowfin_tuna"": 26}",{},26,"San Diego Seaforth Sportfishing San Diego, CA | 35 Anglers Full Day Offshore | 1 Skipjack Tuna, 26 Yellowfin Tuna",San Diego Fish Reports dock totals,https://www.sandiegofishreports.com/dock_totals/boats.php?date=2026-08-18,2026-10-04T06:17:33Z,backfill,dock-trips-1
ba24b0c38b035b85,2026-08-18,Seaforth,Sea Watch,three_quarter_day,3/4 Day,0.75,23,"{""barracuda"": 3, ""bonito"": 3, ""calico_bass"": 2, ""rockfish"": 31, ""sand_bass"": 1, ""sheephead"": 3}","{""calico_bass"": 25}",68,"Sea Watch Seaforth Sportfishing San Diego, CA | 23 Anglers 3/4 Day | 1 Sand Bass, 3 Barracuda, 5 Sculpin, 3 Sheephead, 2 Calico Bass, 44 Whitefish, 3 Bonito, 31 Rockfish, 25 Calico Bass Released",San Diego Fish Reports dock totals,https://www.sandiegofishreports.com/dock_totals/boats.php?date=2026-08-18,2026-10-04T06:17:33Z,backfill,dock-trips-1
ce23b0df49351168,2026-08-18,Seaforth,Tribute,1.5_day,1.5 Day,1.5,30,"{""bluefin_tuna"": 6, ""bonito"": 6, ""dorado"": 2, ""rockfish"": 15, ""yellowtail"": 30}",{},59,"Tribute Seaforth Sportfishing San Diego, CA | 30 Anglers 1.5 Day | 6 Bluefin Tuna, 30 Yellowtail, 2 Dorado, 115 Whitefish, 6 Bonito, 15 Rockfish",San Diego Fish Reports dock totals,https://www.sandiegofishreports.com/dock_totals/boats.php?date=2026-08-18,2026-10-04T06:17:33Z,backfill,dock-trips-1
46ccc2c034a67544,2026-08-19,Fishermans,Dolphin,half_day,1/2 Day AM,0.5,19,"{""calico_bass"": 4, ""california_halibut"": 1, ""rockfish"": 63, ""sheephead"": 1}",{},69,"Dolphin Fisherman's Landing San Diego, CA | 19 Anglers 1/2 Day AM | 1 Halibut, 1 Sheephead, 4 Calico Bass, 4 Lingcod, 2 Whitefish, 63 Rockfish",San Diego Fish Reports dock totals,https://www.sandiegofishreports.com/dock_totals/boats.php?date=2026-08-19,2026-10-04T06:17:35Z,backfill,dock-trips-1
cc2c0fa1554b77bd,2026-08-19,Fishermans,Dolphin,half_day,1/2 Day PM,0.5,15,"{""barracuda"": 2, ""rockfish"": 29, ""sheephead"": 5, ""yellowtail"": 2}",{},38,"Dolphin Fisherman's Landing San Diego, CA | 15 Anglers 1/2 Day PM | 2 Barracuda, 5 Sheephead, 2 Yellowtail (up to 15 pounds), 3 Whitefish, 29 Rockfish",San Diego Fish Reports dock totals,https://www.sandiegofishreports.com/dock_totals/boats.php?date=2026-08-19,2026-10-04T06:17:35Z,backfill,dock-trips-1
6d08a75ebe050d04,2026-08-19,Fishermans,Islander,2_day,2 Day,2.0,26,"{""yellowtail"": 62}",{},62,"Islander Fisherman's Landing San Diego, CA | 26 Anglers 2 Day | 62 Yellowtail (up to 35 pounds)",San Diego Fish Reports dock totals,https://www.sandiegofishreports.com/dock_totals/boats.php?date=2026-08-19,2026-10-04T06:17:35Z,backfill,dock-trips-1
9bab50d92b2b4e43,2026-08-19,Fishermans,Pegasus,1.5_day,1.5 Day,1.5,17,"{""bonito"": 3, ""california_halibut"": 1, ""dorado"": 37, ""sand_bass"": 1, ""yellowfin_tuna"": 24, ""yellowtail"": 8}",{},74,"Pegasus Fisherman's Landing San Diego, CA | 17 Anglers 1.5 Day | 1 Sand Bass, 1 Halibut, 8 Yellowtail, 37 Dorado, 3 Bonito, 24 Yellowfin Tuna",San Diego Fish Reports dock totals,https://www.sandiegofishreports.com/dock_totals/boats.php?date=2026-08-19,2026-10-04T06:17:35Z,backfill,dock-trips-1
b0ed29647249234b,2026-08-19,H&M,"Blue Horizon Oceanside Sea Center Oceanside, CA",full_day,Full Day Local,1.0,18,"{""yellowfin_tuna"": 4}",{},4,"Blue Horizon Oceanside Sea Center Oceanside, CA | 18 Anglers Full Day Local | 4 Yellowfin Tuna",San Diego Fish Reports dock totals,https://www.sandiegofishreports.com/dock_totals/boats.php?date=2026-08-19,2026-10-04T06:17:35Z,backfill,dock-trips-1
c171c7cae162ea23,2026-08-19,H&M,Grande,full_day,Full Day Offshore,1.0,41,"{""yellowfin_tuna"": 11}",{},11,"Grande H&M Landing San Diego, CA | 41 Anglers Full Day Offshore | 3 Skipjack Tuna, 11 Yellowfin Tuna",San Diego Fish Reports dock totals,https://www.sandiegofishreports.com/dock_totals/boats.php?date=2026-08-19,2026-10-04T06:17:35Z,backfill,dock-trips-1
632c2cc2c584de29,2026-08-19,H&M,Nautilus,overnight,Overnight,1.0,4,"{""yellowfin_tuna"": 10}",{},10,"Nautilus H&M Landing San Diego, CA | 4 Anglers Overnight | 1 Skipjack Tuna, 10 Yellowfin Tuna",San Diego Fish Reports dock totals,https://www.sandiegofishreports.com/dock_totals/boats.php?date=2026-08-19,2026-10-04T06:17:35Z,backfill,dock-trips-1
77eb30481dccdadc,2026-08-19,H&M,Premier,half_day,1/2 Day AM,0.5,13,"{""bonito"": 1, ""rockfish"": 64, ""sheephead"": 5, ""yellowtail"": 1}",{},71,"Premier H&M Landing San Diego, CA | 13 Anglers 1/2 Day AM | 5 Sculpin, 5 Sheephead, 1 Yellowtail, 1 Mako Shark, 1 Bonito, 64 Rockfish",San Diego Fish Reports dock totals,https://www.sandiegofishreports.com/dock_totals/boats.php?date=2026-08-19,2026-10-04T06:17:35Z,backfill,dock-trips-1
77e1c2015d8f3963,2026-08-19,H&M,Producer,overnight,Overnight,1.0,25,"{""yellowfin_tuna"": 51}",{},51,"Producer H&M Landing San Diego, CA | 25 Anglers Overnight | 5 Skipjack Tuna, 51 Yellowfin Tuna",San Diego Fish Reports dock totals,https://www.sandiegofishreports.com/dock_totals/boats.php?date=2026-08-19,2026-10-04T06:17:35Z,backfill,dock-trips-1
9fe25f54a6e6b887,2026-08-19,H&M,"Pronto Oceanside Sea Center Oceanside, CA",half_day,1/2 Day AM,0.5,6,"{""bonito"": 7, ""calico_bass"": 5, ""yellowtail"": 6}","{""calico_bass"": 3}",21,"Pronto Oceanside Sea Center Oceanside, CA | 6 Anglers 1/2 Day AM | 6 Yellowtail, 5 Calico Bass, 7 Bonito, 3 Calico Bass Released",San Diego Fish Reports dock totals,https://www.sandiegofishreports.com/dock_totals/boats.php?date=2026-08-19,2026-10-04T06:17:35Z,backfill,dock-trips-1
676d95dc1a1086c7,2026-08-19,H&M,"Southern Cal Oceanside Sea Center Oceanside, CA",half_day,1/2 Day AM,0.5,22,"{""bonito"": 5, ""calico_bass"": 6, ""california_halibut"": 1}","{""calico_bass"": 50}",62,"Southern Cal Oceanside Sea Center Oceanside, CA | 22 Anglers 1/2 Day AM | 1 Halibut, 6 Calico Bass, 5 Bonito, 50 Calico Bass Released",San Diego Fish Reports dock totals,https://www.sandiegofishreports.com/dock_totals/boats.php?date=2026-08-19,2026-10-04T06:17:35Z,backfill,dock-trips-1
b1d9d0f84297edd9,2026-08-19,Point Loma,Daily Double,half_day,1/2 Day AM,0.5,20,"{""calico_bass"": 2, ""rockfish"": 4, ""sheephead"": 2, ""yellowtail"": 1}",{},9,"Daily Double Point Loma Sportfishing San Diego, CA | 20 Anglers 1/2 Day AM | 41 Sculpin, 2 Sheephead, 1 Yellowtail, 2 Calico Bass, 36 Whitefish, 4 Rockfish",San Diego Fish Reports dock totals,https://www.sandiegofishreports.com/dock_totals/boats.php?date=2026-08-19,2026-10-04T06:17:35Z,backfill,dock-trips-1
8e6922bf48a26c13,2026-08-19,Point Loma,Daily Double,half_day,1/2 Day PM,0.5,17,"{""bonito"": 3, ""california_halibut"": 1, ""sand_bass"": 47}",{},51,"Daily Double Point Loma Sportfishing San Diego, CA | 17 Anglers 1/2 Day PM | 47 Barred Sand Bass, 1 Halibut, 3 Bonito",San Diego Fish Reports dock totals,https://www.sandiegofishreports.com/dock_totals/boats.php?date=2026-08-19,2026-10-04T06:17:35Z,backfill,dock-trips-1
84ef54daead1c154,2026-08-19,Point Loma,Mission Belle,full_day,Full Day Coronado Islands,1.0,30,"{""sand_bass"": 16, ""yellowtail"": 120}",{},136,"Mission Belle Point Loma Sportfishing San Diego, CA | 30 Anglers Full Day Coronado Islands | 16 Barred Sand Bass, 120 Yellowtail",San Diego Fish Reports dock totals,https://www.sandiegofishreports.com/dock_totals/boats.php?date=2026-08-19,2026-10-04T06:17:35Z,backfill,dock-trips-1
c2bc72534f95cb60,2026-08-19,Point Loma,Point Loma,full_day,Full Day,1.0,13,"{""sand_bass"": 80, ""yellowtail"": 7}","{""sand_bass"": 80}",167,"Point Loma Point Loma Sportfishing San Diego, CA | 13 Anglers Full Day | 80 Barred Sand Bass, 7 Yellowtail, 80 Barred Sand Bass Released",San Diego Fish Reports dock totals,https://www.sandiegofishreports.com/dock_totals/boats.php?date=2026-08-19,2026-10-04T06:17:35Z,backfill,dock-trips-1
17d77be1b65ca08a,2026-08-19,Seaforth,Aztec,1.5_day,1.5 Day,1.5,28,"{""bonito"": 5, ""yellowtail"": 16}",{},21,"Aztec Seaforth Sportfishing San Diego, CA | 28 Anglers 1.5 Day | 16 Yellowtail, 5 Bonito",San Diego Fish Reports dock totals,https://www.sandiegofishreports.com/dock_totals/boats.php?date=2026-08-19,2026-10-04T06:17:35Z,backfill,dock-trips-1
c0cbe4ffa00f2e5a,2026-08-19,Seaforth,New Seaforth,half_day,1/2 Day AM,0.5,27,"{""barracuda"": 2, ""bonito"": 4, ""calico_bass"": 4, ""rockfish"": 3, ""sand_bass"": 2, ""sheephead"": 6}",{},21,"New Seaforth Seaforth Sportfishing San Diego, CA | 27 Anglers 1/2 Day AM | 2 Sand Bass, 2 Barracuda, 6 Sheephead, 4 Calico Bass, 4 Bonito, 3 Rockfish",San Diego Fish Reports dock totals,https://www.sandiegofishreports.com/dock_totals/boats.php?date=2026-08-19,2026-10-04T06:17:35Z,backfill,dock-trips-1
979df8ff2d522025,2026-08-19,Seaforth,New Seaforth,half_day,1/2 Day PM,0.5,18,"{""barracuda"": 3, ""bonito"": 4, ""calico_bass"": 7, ""rockfish"": 7, ""sheephead"": 3, ""yellowtail"": 5}",{},29,"New Seaforth Seaforth Sportfishing San Diego, CA | 18 Anglers 1/2 Day PM | 3 Barracuda, 3 Sheephead, 5 Yellowtail, 7 Calico Bass, 2 Whitefish, 4 Bonito, 7 Rockfish",San Diego Fish Reports dock totals,https://www.sandiegofishreports.com/dock_totals/boats.php?date=2026-08-19,2026-10-04T06:17:35Z,backfill,dock-trips-1
6578e6cc701f29af,2026-08-19,Seaforth,New Seaforth,twilight,1/2 Day Twilight,0.4,44,"{""calico_bass"": 1, ""rockfish"": 21, ""sand_bass"": 1}",{},23,"New Seaforth Seaforth Sportfishing San Diego, CA | 44 Anglers 1/2 Day Twilight | 1 Sand Bass, 3 Sculpin, 1 Calico Bass, 21 Rockfish",San Diego Fish Reports dock totals,https://www.sandiegofishreports.com/dock_totals/boats.php?date=2026-08-19,2026-10-04T06:17:35Z,backfill,dock-trips-1
9dca9f9a92457b53,2026-08-19,Seaforth,Pacific Voyager,3_day,3 Day,3.0,15,"{""yellowtail"": 81}",{},81,"Pacific Voyager Seaforth Sportfishing San Diego, CA | 15 Anglers 3 Day | 81 Yellowtail",San Diego Fish Reports dock totals,https://www.sandiegofishreports.com/dock_totals/boats.php?date=2026-08-19,2026-10-04T06:17:35Z,backfill,dock-trips-1
8e97a94006b36cbd,2026-08-19,Seaforth,Polaris Supreme,2_day,2 Day,2.0,24,"{""yellowtail"": 141}",{},141,"Polaris Supreme Seaforth Sportfishing San Diego, CA | 24 Anglers 2 Day | 141 Yellowtail",San Diego Fish Reports dock totals,https://www.sandiegofishreports.com/dock_totals/boats.php?date=2026-08-19,2026-10-04T06:17:35Z,backfill,dock-trips-1
b094a3f0703a3b71,2026-08-19,Seaforth,San Diego,full_day,Full Day Offshore,1.0,37,"{""dorado"": 8, ""yellowfin_tuna"": 42}",{},50,"San Diego Seaforth Sportfishing San Diego, CA | 37 Anglers Full Day Offshore | 8 Dorado, 51 Skipjack Tuna, 42 Yellowfin Tuna",San Diego Fish Reports dock totals,https://www.sandiegofishreports.com/dock_totals/boats.php?date=2026-08-19,2026-10-04T06:17:35Z,backfill,dock-trips-1
ec1cee5197c4617d,2026-08-20,Fishermans,Constitution,2_day,2 Day,2.0,21,"{""dorado"": 1, ""rockfish"": 30, ""yellowfin_tuna"": 1, ""yellowtail"": 1}",{},33,"Constitution Fisherman's Landing San Diego, CA | 21 Anglers 2 Day | 1 Yellowtail, 1 Dorado, 10 Lingcod, 30 Rockfish, 1 Yellowfin Tuna",San Diego Fish Reports dock totals,https://www.sandiegofishreports.com/dock_totals/boats.php?date=2026-08-20,2026-10-04T06:17:37Z,backfill,dock-trips-1
384754659ac8fb24,2026-08-20,Fishermans,Dolphin,half_day,1/2 Day AM,0.5,23,"{""bonito"": 115, ""rockfish"": 22, ""sand_bass"": 1, ""sheephead"": 1}",{},139,"Dolphin Fisherman's Landing San Diego, CA | 23 Anglers 1/2 Day AM | 1 Sand Bass, 1 Sheephead, 115 Bonito, 22 Rockfish",San Diego Fish Reports dock totals,https://www.sandiegofishreports.com/dock_totals/boats.php?date=2026-08-20,2026-10-04T06:17:37Z,backfill,dock-trips-1
9b66dfef5c50c2c4,2026-08-20,Fishermans,Dolphin,half_day,1/2 Day PM,0.5,28,"{""barracuda"": 1, ""bonito"": 63, ""calico_bass"": 14, ""rockfish"": 68, ""sand_bass"": 9, ""sheephead"": 2, ""yellowtail"": 3}",{},160,"Dolphin Fisherman's Landing San Diego, CA | 28 Anglers 1/2 Day PM | 9 Sand Bass, 1 Barracuda, 2 Sheephead, 3 Yellowtail, 14 Calico Bass, 3 Whitefish, 63 Bonito, 68 Rockfish",San Diego Fish Reports dock totals,https://www.sandiegofishreports.com/dock_totals/boats.php?date=2026-08-20,2026-10-04T06:17:37Z,backfill,dock-trips-1
a326a4a6c021308c,2026-08-20,Fishermans,Fortune,1.5_day,1.5 Day,1.5,18,"{""yellowtail"": 25}",{},25,"Fortune Fisherman's Landing San Diego, CA | 18 Anglers 1.5 Day | 25 Yellowtail",San Diego Fish Reports dock totals,https://www.sandiegofishreports.com/dock_totals/boats.php?date=2026-08-20,2026-10-04T06:17:37Z,backfill,dock-trips-1
c382ab895272eb4c,2026-08-20,Fishermans,Pacific Dawn,2.5_day,2.5 Day,2.5,15,"{""bluefin_tuna"": 2, ""yellowfin_tuna"": 28, ""yellowtail"": 50}",{},80,"Pacific Dawn Fisherman's Landing San Diego, CA | 15 Anglers 2.5 Day | 2 Bluefin Tuna, 50 Yellowtail, 28 Yellowfin Tuna",San Diego Fish Reports dock totals,https://www.sandiegofishreports.com/dock_totals/boats.php?date=2026-08-20,2026-10-04T06:17:37Z,backfill,dock-trips-1
1c5af3fc4fe85f46,2026-08-20,Fishermans,Pacific Queen,3_day,3 Day,3.0,24,"{""dorado"": 25, ""white_seabass"": 1, ""yellowfin_tuna"": 7, ""yellowtail"": 242}",{},275,"Pacific Queen Fisherman's Landing San Diego, CA | 24 Anglers 3 Day | 242 Yellowtail, 25 Dorado, 1 White Seabass, 7 Yellowfin Tuna",San Diego Fish Reports dock totals,https://www.sandiegofishreports.com/dock_totals/boats.php?date=2026-08-20,2026-10-04T06:17:37Z,backfill,dock-trips-1
ccf201aa7243a7e6,2026-08-20,Fishermans,Tomahawk,2_day,2 Day,2.0,24,"{""yellowfin_tuna"": 4, ""yellowtail"": 32}",{},36,"Tomahawk Fisherman's Landing San Diego, CA | 24 Anglers 2 Day | 32 Yellowtail, 4 Yellowfin Tuna",San Diego Fish Reports dock totals,https://www.sandiegofishreports.com/dock_totals/boats.php?date=2026-08-20,2026-10-04T06:17:37Z,backfill,dock-trips-1
bdeddb8b20f8d520,2026-08-20,H&M,"Blue Horizon Oceanside Sea Center Oceanside, CA",full_day,Full Day,1.0,21,"{""yellowfin_tuna"": 19, ""yellowtail"": 4}",{},23,"Blue Horizon Oceanside Sea Center Oceanside, CA | 21 Anglers Full Day | 4 Yellowtail, 19 Yellowfin Tuna",San Diego Fish Reports dock totals,https://www.sandiegofishreports.com/dock_totals/boats.php?date=2026-08-20,2026-10-04T06:17:37Z,backfill,dock-trips-1
071792dbf1b40942,2026-08-20,H&M,"Chubasco II Oceanside Sea Center Oceanside, CA",three_quarter_day,3/4 Day,0.75,18,"{""bonito"": 10, ""calico_bass"": 70, ""rockfish"": 1, ""sand_bass"": 3, ""sheephead"": 2, ""yellowtail"": 3}","{""calico_bass"": 200}",289,"Chubasco II Oceanside Sea Center Oceanside, CA | 18 Anglers 3/4 Day | 3 Sand Bass, 2 Sheephead, 3 Yellowtail, 70 Calico Bass, 10 Bonito, 1 Rockfish, 200 Calico Bass Released",San Diego Fish Reports dock totals,https://www.sandiegofishreports.com/dock_totals/boats.php?date=2026-08-20,2026-10-04T06:17:37Z,backfill,dock-trips-1
8f6545bd62a8f9c3,2026-08-20,H&M,Grande,full_day,Full Day Offshore,1.0,40,"{""bonito"": 2, ""dorado"": 3, ""yellowfin_tuna"": 30}",{},35,"Grande H&M Landing San Diego, CA | 40 Anglers Full Day Offshore | 3 Dorado, 2 Bonito, 9 Skipjack Tuna, 30 Yellowfin Tuna",San Diego Fish Reports dock totals,https://www.sandiegofishreports.com/dock_totals/boats.php?date=2026-08-20,2026-10-04T06:17:37Z,backfill,dock-trips-1
4d5ca558b676a9a6,2026-08-20,H&M,Malihini,three_quarter_day,3/4 Day,0.75,18,"{""bonito"": 90, ""rockfish"": 50, ""sheephead"": 5}",{},145,"Malihini H&M Landing San Diego, CA | 18 Anglers 3/4 Day | 5 Sheephead, 41 Whitefish, 90 Bonito, 24 Rockfish, 26 Red Rockfish",San Diego Fish Reports dock totals,https://www.sandiegofishreports.com/dock_totals/boats.php?date=2026-08-20,2026-10-04T06:17:37Z,backfill,dock-trips-1
d1f4edff23c42cad,2026-08-20,H&M,Old Glory,overnight,Overnight,1.0,26,{},{},0,"Old Glory H&M Landing San Diego, CA | 26 Anglers Overnight | ",San Diego Fish Reports dock totals,https://www.sandiegofishreports.com/dock_totals/boats.php?date=2026-08-20,2026-10-04T06:17:37Z,backfill,dock-trips-1
dc26fd96a1b0e7ce,2026-08-20,H&M,Premier,half_day,1/2 Day AM,0.5,34,"{""bonito"": 150, ""rockfish"": 53, ""sheephead"": 1}",{},204,"Premier H&M Landing San Diego, CA | 34 Anglers 1/2 Day AM | 1 Sheephead, 1 Lingcod, 150 Bonito, 53 Rockfish",San Diego Fish Reports dock totals,https://www.sandiegofishreports.com/dock_totals/boats.php?date=2026-08-20,2026-10-04T06:17:37Z,backfill,dock-trips-1
e2d16cdc209da899,2026-08-20,H&M,Premier,half_day,1/2 Day PM,0.5,15,"{""bonito"": 30, ""rockfish"": 13, ""sand_bass"": 1}",{},44,"Premier H&M Landing San Diego, CA | 15 Anglers 1/2 Day PM | 1 Sand Bass, 30 Bonito, 13 Rockfish",San Diego Fish Reports dock totals,https://www.sandiegofishreports.com/dock_totals/boats.php?date=2026-08-20,2026-10-04T06:17:37Z,backfill,dock-trips-1
e16f20b33072baf7,2026-08-20,H&M,Producer,overnight,Overnight,1.0,29,"{""yellowfin_tuna"": 16}",{},16,"Producer H&M Landing San Diego, CA | 29 Anglers Overnight | 1 Skipjack Tuna, 16 Yellowfin Tuna",San Diego Fish Reports dock totals,https://www.sandiegofishreports.com/dock_totals/boats.php?date=2026-08-20,2026-10-04T06:17:37Z,backfill,dock-trips-1
6ed90e4ec1302630,2026-08-20,H&M,Ranger 85,3.5_day,3.5 Day,3.5,20,"{""calico_bass"": 12, ""dorado"": 5, ""yellowfin_tuna"": 1, ""yellowtail"": 170}",{},188,"Ranger 85 H&M Landing San Diego, CA | 20 Anglers 3.5 Day | 170 Yellowtail, 5 Dorado, 12 Calico Bass, 1 Yellowfin Tuna",San Diego Fish Reports dock totals,https://www.sandiegofishreports.com/dock_totals/boats.php?date=2026-08-20,2026-10-04T06:17:37Z,backfill,dock-trips-1
66ba5a13736c3053,2026-08-20,H&M,"Sea Star Oceanside Sea Center Oceanside, CA",half_day,1/2 Day AM,0.5,6,"{""bonito"": 1, ""calico_bass"": 30, ""sheephead"": 1}","{""calico_bass"": 47}",79,"Sea Star Oceanside Sea Center Oceanside, CA | 6 Anglers 1/2 Day AM | 1 Sheephead, 30 Calico Bass, 1 Bonito, 47 Calico Bass Released",San Diego Fish Reports dock totals,https://www.sandiegofishreports.com/dock_totals/boats.php?date=2026-08-20,2026-10-04T06:17:37Z,backfill,dock-trips-1
f1c57e44733f1a95,2026-08-20,H&M,"Southern Cal Oceanside Sea Center Oceanside, CA",half_day,1/2 Day AM,0.5,29,"{""bonito"": 5, ""calico_bass"": 6, ""rockfish"": 1, ""sand_bass"": 7}","{""calico_bass"": 30, ""sand_bass"": 20}",69,"Southern Cal Oceanside Sea Center Oceanside, CA | 29 Anglers 1/2 Day AM | 7 Sand Bass, 6 Calico Bass, 5 Bonito, 1 Rockfish, 20 Sand Bass Released , 30 Calico Bass Released",San Diego Fish Reports dock totals,https://www.sandiegofishreports.com/dock_totals/boats.php?date=2026-08-20,2026-10-04T06:17:37Z,backfill,dock-trips-1
7771ad56080c6f43,2026-08-20,H&M,Spirit of Adventure,4_day,4 Day,4.0,20,{},{},0,"Spirit of Adventure H&M Landing San Diego, CA | 20 Anglers 4 Day | ",San Diego Fish Reports dock totals,https://www.sandiegofishreports.com/dock_totals/boats.php?date=2026-08-20,2026-10-04T06:17:37Z,backfill,dock-trips-1
684c9d6d0f3af604,2026-08-20,Point Loma,Daily Double,half_day,1/2 Day AM,0.5,15,"{""rockfish"": 2, ""sand_bass"": 2, ""sheephead"": 7}",{},11,"Daily Double Point Loma Sportfishing San Diego, CA | 15 Anglers 1/2 Day AM | 2 Barred Sand Bass, 60 Sculpin, 7 Sheephead, 2 Rockfish",San Diego Fish Reports dock totals,https://www.sandiegofishreports.com/dock_totals/boats.php?date=2026-08-20,2026-10-04T06:17:37Z,backfill,dock-trips-1
93ca34b5d2912838,2026-08-20,Point Loma,Mission Belle,full_day,Full Day Coronado Islands,1.0,29,"{""bonito"": 10, ""california_halibut"": 1, ""yellowtail"": 79}",{},90,"Mission Belle Point Loma Sportfishing San Diego, CA | 29 Anglers Full Day Coronado Islands | 1 Halibut, 79 Yellowtail, 10 Bonito",San Diego Fish Reports dock totals,https://www.sandiegofishreports.com/dock_totals/boats.php?date=2026-08-20,2026-10-04T06:17:37Z,backfill,dock-trips-1
89cf9d6be157f12b,2026-08-20,Seaforth,Apollo,2_day,2 Day,2.0,15,"{""dorado"": 3, ""yellowfin_tuna"": 2, ""yellowtail"": 44}",{},49,"Apollo Seaforth Sportfishing San Diego, CA | 15 Anglers 2 Day | 44 Yellowtail, 3 Dorado, 2 Yellowfin Tuna",San Diego Fish Reports dock totals,https://www.sandiegofishreports.com/dock_totals/boats.php?date=2026-08-20,2026-10-04T06:17:37Z,backfill,dock-trips-1
88e709cd040d08b2,2026-08-20,Seaforth,El Gato Dos,half_day,1/2 Day PM,0.5,6,"{""rockfish"": 8, ""sheephead"": 1}",{},9,"El Gato Dos Seaforth Sportfishing San Diego, CA | 6 Anglers 1/2 Day PM | 1 Sheephead, 1 Whitefish, 8 Rockfish",San Diego Fish Reports dock totals,https://www.sandiegofishreports.com/dock_totals/boats.php?date=2026-08-20,2026-10-04T06:17:37Z,backfill,dock-trips-1
76209ea2a9477fa7,2026-08-20,Seaforth,New Seaforth,half_day,1/2 Day AM,0.5,33,"{""barracuda"": 98, ""bonito"": 34, ""calico_bass"": 3, ""sheephead"": 2, ""yellowtail"": 1}",{},138,"New Seaforth Seaforth Sportfishing San Diego, CA | 33 Anglers 1/2 Day AM | 98 Barracuda, 1 Sculpin, 2 Sheephead, 1 Yellowtail, 3 Calico Bass, 34 Bonito",San Diego Fish Reports dock totals,https://www.sandiegofishreports.com/dock_totals/boats.php?date=2026-08-20,2026-10-04T06:17:37Z,backfill,dock-trips-1
852c05b5b85df97d,2026-08-20,Seaforth,New Seaforth,half_day,1/2 Day PM,0.5,27,"{""calico_bass"": 5, ""sand_bass"": 1, ""sheephead"": 3, ""yellowtail"": 1}","{""calico_bass"": 50}",60,"New Seaforth Seaforth Sportfishing San Diego, CA | 27 Anglers 1/2 Day PM | 1 Sand Bass, 3 Sheephead, 1 Yellowtail, 5 Calico Bass, 50 Calico Bass Released",San Diego Fish Reports dock totals,https://www.sandiegofishreports.com/dock_totals/boats.php?date=2026-08-20,2026-10-04T06:17:37Z,backfill,dock-trips-1
3c8f0ce3a4435a76,2026-08-20,Seaforth,New Seaforth,twilight,1/2 Day Twilight,0.4,18,"{""bonito"": 1, ""calico_bass"": 7, ""rockfish"": 26}",{},34,"New Seaforth Seaforth Sportfishing San Diego, CA | 18 Anglers 1/2 Day Twilight | 9 Sculpin, 7 Calico Bass, 3 Whitefish, 1 Bonito, 19 Rockfish, 7 Vermilion Rockfish",San Diego Fish Reports dock totals,https://www.sandiegofishreports.com/dock_totals/boats.php?date=2026-08-20,2026-10-04T06:17:37Z,backfill,dock-trips-1
45889c502edf6481,2026-08-20,Seaforth,San Diego,full_day,Full Day Offshore,1.0,36,"{""dorado"": 2}",{},2,"San Diego Seaforth Sportfishing San Diego, CA | 36 Anglers Full Day Offshore | 2 Dorado, 1 Skipjack Tuna",San Diego Fish Reports dock totals,https://www.sandiegofishreports.com/dock_totals/boats.php?date=2026-08-20,2026-10-04T06:17:37Z,backfill,dock-trips-1
5d93751ebc6ad30d,2026-08-20,Seaforth,Sea Watch,three_quarter_day,3/4 Day,0.75,24,"{""barracuda"": 19, ""bonito"": 17, ""calico_bass"": 2, ""yellowtail"": 1}",{},39,"Sea Watch Seaforth Sportfishing San Diego, CA | 24 Anglers 3/4 Day | 19 Barracuda, 1 Yellowtail, 2 Calico Bass, 17 Bonito",San Diego Fish Reports dock totals,https://www.sandiegofishreports.com/dock_totals/boats.php?date=2026-08-20,2026-10-04T06:17:37Z,backfill,dock-trips-1
aaae677043f22962,2026-08-20,Seaforth,Voyager,1.5_day,1.5 Day,1.5,7,"{""yellowtail"": 35}",{},35,"Voyager Seaforth Sportfishing San Diego, CA | 7 Anglers 1.5 Day | 35 Yellowtail",San Diego Fish Reports dock totals,https://www.sandiegofishreports.com/dock_totals/boats.php?date=2026-08-20,2026-10-04T06:17:37Z,backfill,dock-trips-1
08ec6e973d07fb0b,2026-08-21,Fishermans,Dolphin,half_day,1/2 Day AM,0.5,23,"{""bonito"": 4, ""calico_bass"": 1, ""rockfish"": 88, ""sheephead"": 6}",{},99,"Dolphin Fisherman's Landing San Diego, CA | 23 Anglers 1/2 Day AM | 6 Sheephead, 1 Calico Bass, 1 Lingcod, 4 Bonito, 88 Rockfish",San Diego Fish Reports dock totals,https://www.sandiegofishreports.com/dock_totals/boats.php?date=2026-08-21,2026-10-04T06:17:39Z,backfill,dock-trips-1
ed47f4008497265c,2026-08-21,Fishermans,Dolphin,half_day,1/2 Day PM,0.5,29,"{""bonito"": 13, ""calico_bass"": 26, ""rockfish"": 17, ""sand_bass"": 8, ""sheephead"": 1, ""yellowtail"": 2}",{},67,"Dolphin Fisherman's Landing San Diego, CA | 29 Anglers 1/2 Day PM | 8 Sand Bass, 3 Sculpin, 1 Sheephead, 2 Yellowtail (up to 20 pounds), 26 Calico Bass, 1 Lingcod, 13 Bonito (up to 10 pounds), 17 Rockfish",San Diego Fish Reports dock totals,https://www.sandiegofishreports.com/dock_totals/boats.php?date=2026-08-21,2026-10-04T06:17:39Z,backfill,dock-trips-1
2fd2a69540188252,2026-08-21,Fishermans,Islander,2_day,2 Day,2.0,28,"{""bluefin_tuna"": 2, ""yellowtail"": 52}",{},54,"Islander Fisherman's Landing San Diego, CA | 28 Anglers 2 Day | 2 Bluefin Tuna, 52 Yellowtail",San Diego Fish Reports dock totals,https://www.sandiegofishreports.com/dock_totals/boats.php?date=2026-08-21,2026-10-04T06:17:39Z,backfill,dock-trips-1
ef4c01fa7490e9e5,2026-08-21,Fishermans,Liberty,1.5_day,1.5 Day,1.5,21,"{""sheephead"": 2, ""white_seabass"": 1, ""yellowtail"": 41}",{},44,"Liberty Fisherman's Landing San Diego, CA | 21 Anglers 1.5 Day | 2 Sheephead, 41 Yellowtail (up to 30 pounds), 1 White Seabass",San Diego Fish Reports dock totals,https://www.sandiegofishreports.com/dock_totals/boats.php?date=2026-08-21,2026-10-04T06:17:39Z,backfill,dock-trips-1
42e3a78bd9265578,2026-08-21,Fishermans,Pegasus,1.5_day,1.5 Day,1.5,19,"{""dorado"": 45, ""yellowfin_tuna"": 5, ""yellowtail"": 1}",{},51,"Pegasus Fisherman's Landing San Diego, CA | 19 Anglers 1.5 Day | 1 Yellowtail, 45 Dorado, 5 Yellowfin Tuna",San Diego Fish Reports dock totals,https://www.sandiegofishreports.com/dock_totals/boats.php?date=2026-08-21,2026-10-04T06:17:39Z,backfill,dock-trips-1
d74f0e04e1d6967c,2026-08-21,H&M,"Chubasco II Oceanside Sea Center Oceanside, CA",twilight,1/2 Day Twilight Local,0.4,31,"{""bonito"": 45, ""calico_bass"": 14, ""rockfish"": 12, ""sand_bass"": 9, ""sheephead"": 1}","{""calico_bass"": 40}",121,"Chubasco II Oceanside Sea Center Oceanside, CA | 31 Anglers 1/2 Day Twilight Local | 9 Sand Bass, 12 Sculpin, 1 Sheephead, 14 Calico Bass, 45 Bonito, 12 Rockfish, 40 Calico Bass Released",San Diego Fish Reports dock totals,https://www.sandiegofishreports.com/dock_totals/boats.php?date=2026-08-21,2026-10-04T06:17:39Z,backfill,dock-trips-1
5035812016ffe784,2026-08-21,H&M,"Chubasco II Oceanside Sea Center Oceanside, CA",three_quarter_day,3/4 Day,0.75,31,"{""bonito"": 5, ""calico_bass"": 30, ""rockfish"": 1, ""sand_bass"": 5, ""sheephead"": 1, ""yellowtail"": 3}","{""calico_bass"": 60}",105,"Chubasco II Oceanside Sea Center Oceanside, CA | 31 Anglers 3/4 Day | 5 Sand Bass, 1 Sculpin, 1 Sheephead, 3 Yellowtail, 30 Calico Bass, 5 Bonito, 1 Rockfish, 60 Calico Bass Released",San Diego Fish Reports dock totals,https://www.sandiegofishreports.com/dock_totals/boats.php?date=2026-08-21,2026-10-04T06:17:39Z,backfill,dock-trips-1
1a8858634ca2ff3f,2026-08-21,H&M,Grande,full_day,Full Day Offshore,1.0,41,"{""dorado"": 29, ""yellowfin_tuna"": 5}",{},34,"Grande H&M Landing San Diego, CA | 41 Anglers Full Day Offshore | 29 Dorado, 5 Yellowfin Tuna",San Diego Fish Reports dock totals,https://www.sandiegofishreports.com/dock_totals/boats.php?date=2026-08-21,2026-10-04T06:17:39Z,backfill,dock-trips-1
9cf61a58e3d0800e,2026-08-21,H&M,Little G,1.5_day,1.5 Day,1.5,6,"{""bluefin_tuna"": 2, ""yellowtail"": 15}",{},17,"Little G H&M Landing San Diego, CA | 6 Anglers 1.5 Day | 2 Bluefin Tuna, 15 Yellowtail, 28 Whitefish",San Diego Fish Reports dock totals,https://www.sandiegofishreports.com/dock_totals/boats.php?date=2026-08-21,2026-10-04T06:17:39Z,backfill,dock-trips-1
ee40dc3b850c30f5,2026-08-21,H&M,Malihini,full_day,Full Day,1.0,10,"{""bonito"": 31, ""california_halibut"": 3, ""sand_bass"": 2, ""yellowtail"": 38}",{},74,"Malihini H&M Landing San Diego, CA | 10 Anglers Full Day | 2 Sand Bass, 3 Halibut, 38 Yellowtail, 31 Bonito",San Diego Fish Reports dock totals,https://www.sandiegofishreports.com/dock_totals/boats.php?date=2026-08-21,2026-10-04T06:17:39Z,backfill,dock-trips-1
70dbc7ec988e935e,2026-08-21,H&M,Old Glory,overnight,Overnight,1.0,17,{},{},0,"Old Glory H&M Landing San Diego, CA | 17 Anglers Overnight | ",San Diego Fish Reports dock totals,https://www.sandiegofishreports.com/dock_totals/boats.php?date=2026-08-21,2026-10-04T06:17:39Z,backfill,dock-trips-1
ea815eaeb89c1032,2026-08-21,H&M,Patriot (SD),twilight,1/2 Day Twilight,0.4,11,"{""rockfish"": 99}",{},99,"Patriot (SD) H&M Landing San Diego, CA | 11 Anglers 1/2 Day Twilight | 99 Rockfish",San Diego Fish Reports dock totals,https://www.sandiegofishreports.com/dock_totals/boats.php?date=2026-08-21,2026-10-04T06:17:39Z,backfill,dock-trips-1
a6650a7eb241ee08,2026-08-21,H&M,Premier,half_day,1/2 Day AM Local,0.5,21,"{""bonito"": 71, ""yellowtail"": 10}",{},81,"Premier H&M Landing San Diego, CA | 21 Anglers 1/2 Day AM Local | 10 Yellowtail, 71 Bonito",San Diego Fish Reports dock totals,https://www.sandiegofishreports.com/dock_totals/boats.php?date=2026-08-21,2026-10-04T06:17:39Z,backfill,dock-trips-1
9280f08366dc1c5c,2026-08-21,H&M,Premier,half_day,1/2 Day PM,0.5,25,"{""bonito"": 42, ""calico_bass"": 23, ""sand_bass"": 2, ""sheephead"": 1, ""yellowtail"": 7}",{},75,"Premier H&M Landing San Diego, CA | 25 Anglers 1/2 Day PM | 2 Sand Bass, 1 Sheephead, 7 Yellowtail, 23 Calico Bass, 42 Bonito",San Diego Fish Reports dock totals,https://www.sandiegofishreports.com/dock_totals/boats.php?date=2026-08-21,2026-10-04T06:17:39Z,backfill,dock-trips-1
9268b8af99add674,2026-08-21,H&M,Producer,overnight,Overnight,1.0,29,"{""dorado"": 58, ""yellowfin_tuna"": 56}",{},114,"Producer H&M Landing San Diego, CA | 29 Anglers Overnight | 58 Dorado, 56 Yellowfin Tuna",San Diego Fish Reports dock totals,https://www.sandiegofishreports.com/dock_totals/boats.php?date=2026-08-21,2026-10-04T06:17:39Z,backfill,dock-trips-1
a706a39e82fae607,2026-08-21,H&M,Sea Adventure 80,1.5_day,1.5 Day,1.5,20,"{""bluefin_tuna"": 6, ""bonito"": 15, ""yellowfin_tuna"": 5, ""yellowtail"": 52}",{},78,"Sea Adventure 80 H&M Landing San Diego, CA | 20 Anglers 1.5 Day | 6 Bluefin Tuna, 52 Yellowtail, 15 Bonito, 1 Skipjack Tuna, 5 Yellowfin Tuna",San Diego Fish Reports dock totals,https://www.sandiegofishreports.com/dock_totals/boats.php?date=2026-08-21,2026-10-04T06:17:39Z,backfill,dock-trips-1
118daa9514ffd444,2026-08-21,H&M,"Southern Cal Oceanside Sea Center Oceanside, CA",half_day,1/2 Day AM,0.5,22,"{""calico_bass"": 13, ""sand_bass"": 2, ""sheephead"": 3}","{""calico_bass"": 50, ""sand_bass"": 20}",88,"Southern Cal Oceanside Sea Center Oceanside, CA | 22 Anglers 1/2 Day AM | 2 Sand Bass, 3 Sheephead, 13 Calico Bass, 20 Sand Bass Released , 50 Calico Bass Released",San Diego Fish Reports dock totals,https://www.sandiegofishreports.com/dock_totals/boats.php?date=2026-08-21,2026-10-04T06:17:39Z,backfill,dock-trips-1
ffaa50c3d925ef57,2026-08-21,H&M,Tradition,overnight,Overnight,1.0,21,"{""yellowfin_tuna"": 12}",{},12,"Tradition H&M Landing San Diego, CA | 21 Anglers Overnight | 4 Skipjack Tuna, 12 Yellowfin Tuna",San Diego Fish Reports dock totals,https://www.sandiegofishreports.com/dock_totals/boats.php?date=2026-08-21,2026-10-04T06:17:39Z,backfill,dock-trips-1
a86ab411645c82d6,2026-08-21,H&M,Vendetta 2,full_day,Full Day,1.0,19,{},{},0,"Vendetta 2 H&M Landing San Diego, CA | 19 Anglers Full Day | ",San Diego Fish Reports dock totals,https://www.sandiegofishreports.com/dock_totals/boats.php?date=2026-08-21,2026-10-04T06:17:39Z,backfill,dock-trips-1
6890ff25c30bd970,2026-08-21,Point Loma,Daily Double,half_day,1/2 Day AM,0.5,15,"{""bonito"": 24, ""rockfish"": 18}",{},42,"Daily Double Point Loma Sportfishing San Diego, CA | 15 Anglers 1/2 Day AM | 75 Sculpin, 24 Bonito, 18 Rockfish",San Diego Fish Reports dock totals,https://www.sandiegofishreports.com/dock_totals/boats.php?date=2026-08-21,2026-10-04T06:17:39Z,backfill,dock-trips-1
2d5b121f04312927,2026-08-21,Point Loma,Daily Double,half_day,1/2 Day PM,0.5,19,"{""bonito"": 7, ""calico_bass"": 27, ""rockfish"": 6, ""sand_bass"": 34}",{},74,"Daily Double Point Loma Sportfishing San Diego, CA | 19 Anglers 1/2 Day PM | 34 Barred Sand Bass, 27 Calico Bass, 7 Bonito, 6 Rockfish",San Diego Fish Reports dock totals,https://www.sandiegofishreports.com/dock_totals/boats.php?date=2026-08-21,2026-10-04T06:17:39Z,backfill,dock-trips-1
e1cfed26246a8a27,2026-08-21,Point Loma,Mission Belle,full_day,Full Day Coronado Islands,1.0,14,"{""yellowtail"": 70}",{},70,"Mission Belle Point Loma Sportfishing San Diego, CA | 14 Anglers Full Day Coronado Islands | 70 Yellowtail",San Diego Fish Reports dock totals,https://www.sandiegofishreports.com/dock_totals/boats.php?date=2026-08-21,2026-10-04T06:17:39Z,backfill,dock-trips-1
7d1db65fb0150797,2026-08-21,Point Loma,Point Loma,full_day,Full Day Coronado Islands,1.0,20,"{""bonito"": 18, ""yellowtail"": 26}",{},44,"Point Loma Point Loma Sportfishing San Diego, CA | 20 Anglers Full Day Coronado Islands | 26 Yellowtail, 18 Bonito",San Diego Fish Reports dock totals,https://www.sandiegofishreports.com/dock_totals/boats.php?date=2026-08-21,2026-10-04T06:17:39Z,backfill,dock-trips-1
69320306d9407d51,2026-08-21,Seaforth,Apollo,overnight,Overnight,1.0,19,"{""dorado"": 1, ""yellowfin_tuna"": 3}",{},4,"Apollo Seaforth Sportfishing San Diego, CA | 19 Anglers Overnight | 1 Dorado, 3 Yellowfin Tuna",San Diego Fish Reports dock totals,https://www.sandiegofishreports.com/dock_totals/boats.php?date=2026-08-21,2026-10-04T06:17:39Z,backfill,dock-trips-1
04ed4762859909c1,2026-08-21,Seaforth,Aztec,2_day,2 Day,2.0,24,"{""dorado"": 1, ""yellowtail"": 38}",{},39,"Aztec Seaforth Sportfishing San Diego, CA | 24 Anglers 2 Day | 38 Yellowtail, 1 Dorado",San Diego Fish Reports dock totals,https://www.sandiegofishreports.com/dock_totals/boats.php?date=2026-08-21,2026-10-04T06:17:39Z,backfill,dock-trips-1
2d36dfb3fe1c3939,2026-08-21,Seaforth,El Gato Dos,full_day,Full Day Offshore,1.0,6,"{""bonito"": 3, ""california_halibut"": 1, ""yellowtail"": 6}",{},10,"El Gato Dos Seaforth Sportfishing San Diego, CA | 6 Anglers Full Day Offshore | 1 Halibut, 6 Yellowtail, 3 Bonito",San Diego Fish Reports dock totals,https://www.sandiegofishreports.com/dock_totals/boats.php?date=2026-08-21,2026-10-04T06:17:39Z,backfill,dock-trips-1
0aa412ce9d420cdf,2026-08-21,Seaforth,Highliner,1.5_day,1.5 Day,1.5,9,"{""dorado"": 14, ""yellowfin_tuna"": 53, ""yellowtail"": 23}",{},90,"Highliner Seaforth Sportfishing San Diego, CA | 9 Anglers 1.5 Day | 23 Yellowtail, 14 Dorado, 53 Yellowfin Tuna",San Diego Fish Reports dock totals,https://www.sandiegofishreports.com/dock_totals/boats.php?date=2026-08-21,2026-10-04T06:17:39Z,backfill,dock-trips-1
cceb7ffc17c4d9af,2026-08-21,Seaforth,New Seaforth,half_day,1/2 Day AM,0.5,34,"{""barracuda"": 1, ""rockfish"": 7, ""sheephead"": 12}",{},20,"New Seaforth Seaforth Sportfishing San Diego, CA | 34 Anglers 1/2 Day AM | 1 Barracuda, 3 Sculpin, 12 Sheephead, 2 Whitefish, 7 Rockfish",San Diego Fish Reports dock totals,https://www.sandiegofishreports.com/dock_totals/boats.php?date=2026-08-21,2026-10-04T06:17:39Z,backfill,dock-trips-1
3c1563073a54b1bb,2026-08-21,Seaforth,New Seaforth,half_day,1/2 Day PM,0.5,21,"{""bonito"": 3, ""calico_bass"": 25, ""rockfish"": 8, ""sand_bass"": 4, ""sheephead"": 1, ""yellowtail"": 2}",{},43,"New Seaforth Seaforth Sportfishing San Diego, CA | 21 Anglers 1/2 Day PM | 4 Sand Bass, 1 Sheephead, 2 Yellowtail, 25 Calico Bass, 4 Whitefish, 3 Bonito, 8 Rockfish",San Diego Fish Reports dock totals,https://www.sandiegofishreports.com/dock_totals/boats.php?date=2026-08-21,2026-10-04T06:17:39Z,backfill,dock-trips-1
ac6a2d0456bce916,2026-08-21,Seaforth,New Seaforth,twilight,1/2 Day Twilight,0.4,40,"{""bonito"": 1, ""calico_bass"": 1, ""rockfish"": 45}",{},47,"New Seaforth Seaforth Sportfishing San Diego, CA | 40 Anglers 1/2 Day Twilight | 1 Calico Bass, 1 Bonito, 35 Rockfish, 10 Vermilion Rockfish",San Diego Fish Reports dock totals,https://www.sandiegofishreports.com/dock_totals/boats.php?date=2026-08-21,2026-10-04T06:17:39Z,backfill,dock-trips-1
02c3623972ebdf9e,2026-08-21,Seaforth,Pacific Voyager,2_day,2 Day,2.0,20,"{""bluefin_tuna"": 1, ""yellowtail"": 41}",{},42,"Pacific Voyager Seaforth Sportfishing San Diego, CA | 20 Anglers 2 Day | 1 Bluefin Tuna, 41 Yellowtail",San Diego Fish Reports dock totals,https://www.sandiegofishreports.com/dock_totals/boats.php?date=2026-08-21,2026-10-04T06:17:39Z,backfill,dock-trips-1
cf8b4e77b81c8d51,2026-08-21,Seaforth,Pacifica,2.5_day,2.5 Day,2.5,11,"{""bluefin_tuna"": 1, ""yellowfin_tuna"": 2, ""yellowtail"": 48}",{},51,"Pacifica Seaforth Sportfishing San Diego, CA | 11 Anglers 2.5 Day | 1 Bluefin Tuna, 48 Yellowtail, 2 Yellowfin Tuna",San Diego Fish Reports dock totals,https://www.sandiegofishreports.com/dock_totals/boats.php?date=2026-08-21,2026-10-04T06:17:39Z,backfill,dock-trips-1
e20797d7b13f0bf5,2026-08-21,Seaforth,San Diego,full_day,Full Day Offshore,1.0,34,"{""yellowtail"": 124}",{},124,"San Diego Seaforth Sportfishing San Diego, CA | 34 Anglers Full Day Offshore | 124 Yellowtail",San Diego Fish Reports dock totals,https://www.sandiegofishreports.com/dock_totals/boats.php?date=2026-08-21,2026-10-04T06:17:39Z,backfill,dock-trips-1
8fabb5a0caa74b54,2026-08-21,Seaforth,Sea Watch,three_quarter_day,3/4 Day,0.75,32,"{""calico_bass"": 4, ""rockfish"": 21, ""sand_bass"": 6, ""sheephead"": 4, ""yellowtail"": 1}",{},36,"Sea Watch Seaforth Sportfishing San Diego, CA | 32 Anglers 3/4 Day | 6 Sand Bass, 1 Sculpin, 4 Sheephead, 1 Yellowtail, 4 Calico Bass, 93 Whitefish, 4 Rockfish, 17 Vermilion Rockfish",San Diego Fish Reports dock totals,https://www.sandiegofishreports.com/dock_totals/boats.php?date=2026-08-21,2026-10-04T06:17:39Z,backfill,dock-trips-1
689f8fd9fe57f6ef,2026-08-21,Seaforth,Voyager,1.5_day,1.5 Day,1.5,15,"{""bluefin_tuna"": 10, ""bonito"": 3, ""dorado"": 4, ""yellowfin_tuna"": 2, ""yellowtail"": 10}",{},29,"Voyager Seaforth Sportfishing San Diego, CA | 15 Anglers 1.5 Day | 10 Bluefin Tuna, 10 Yellowtail, 4 Dorado, 3 Bonito, 2 Yellowfin Tuna",San Diego Fish Reports dock totals,https://www.sandiegofishreports.com/dock_totals/boats.php?date=2026-08-21,2026-10-04T06:17:39Z,backfill,dock-trips-1
181800398bc9a8fe,2026-08-22,Fishermans,Dolphin,half_day,1/2 Day AM,0.5,54,"{""rockfish"": 18, ""sand_bass"": 6, ""sheephead"": 3}",{},27,"Dolphin Fisherman's Landing San Diego, CA | 54 Anglers 1/2 Day AM | 6 Sand Bass, 78 Sculpin, 3 Sheephead, 41 Whitefish, 18 Rockfish",San Diego Fish Reports dock totals,https://www.sandiegofishreports.com/dock_totals/boats.php?date=2026-08-22,2026-10-04T06:17:41Z,backfill,dock-trips-1
78fa3d0d8ea3353d,2026-08-22,Fishermans,Dolphin,half_day,1/2 Day PM,0.5,59,"{""bonito"": 30, ""calico_bass"": 19, ""sand_bass"": 2, ""sheephead"": 8, ""yellowtail"": 3}",{},62,"Dolphin Fisherman's Landing San Diego, CA | 59 Anglers 1/2 Day PM | 2 Sand Bass, 7 Sculpin, 8 Sheephead, 3 Yellowtail (up to 25 pounds), 19 Calico Bass, 30 Bonito",San Diego Fish Reports dock totals,https://www.sandiegofishreports.com/dock_totals/boats.php?date=2026-08-22,2026-10-04T06:17:41Z,backfill,dock-trips-1
3266500d8738b523,2026-08-22,Fishermans,Dolphin,twilight,1/2 Day Twilight,0.4,26,"{""bonito"": 8, ""calico_bass"": 2, ""rockfish"": 28}",{},38,"Dolphin Fisherman's Landing San Diego, CA | 26 Anglers 1/2 Day Twilight | 3 Sculpin, 2 Calico Bass, 8 Bonito, 28 Rockfish",San Diego Fish Reports dock totals,https://www.sandiegofishreports.com/dock_totals/boats.php?date=2026-08-22,2026-10-04T06:17:41Z,backfill,dock-trips-1
6f9c621c4d4c676f,2026-08-22,H&M,"Blue Horizon Oceanside Sea Center Oceanside, CA",full_day,Full Day,1.0,16,"{""yellowfin_tuna"": 32}",{},32,"Blue Horizon Oceanside Sea Center Oceanside, CA | 16 Anglers Full Day | 3 Skipjack Tuna, 32 Yellowfin Tuna",San Diego Fish Reports dock totals,https://www.sandiegofishreports.com/dock_totals/boats.php?date=2026-08-22,2026-10-04T06:17:41Z,backfill,dock-trips-1
740a71091e8f221a,2026-08-22,H&M,"Chubasco II Oceanside Sea Center Oceanside, CA",three_quarter_day,3/4 Day,0.75,34,"{""bonito"": 60, ""calico_bass"": 19, ""california_halibut"": 1, ""sand_bass"": 3, ""sheephead"": 1}","{""calico_bass"": 100}",184,"Chubasco II Oceanside Sea Center Oceanside, CA | 34 Anglers 3/4 Day | 3 Sand Bass, 1 Halibut, 1 Sheephead, 19 Calico Bass, 60 Bonito, 100 Calico Bass Released",San Diego Fish Reports dock totals,https://www.sandiegofishreports.com/dock_totals/boats.php?date=2026-08-22,2026-10-04T06:17:41Z,backfill,dock-trips-1
a52d0f308ae9904f,2026-08-22,H&M,Daiwa Pacific,overnight,Overnight,1.0,22,"{""yellowfin_tuna"": 17}",{},17,"Daiwa Pacific H&M Landing San Diego, CA | 22 Anglers Overnight | 17 Yellowfin Tuna",San Diego Fish Reports dock totals,https://www.sandiegofishreports.com/dock_totals/boats.php?date=2026-08-22,2026-10-04T06:17:41Z,backfill,dock-trips-1
2d6a6e739f5cba25,2026-08-22,H&M,Grande,overnight,Overnight,1.0,26,"{""dorado"": 1, ""yellowfin_tuna"": 130, ""yellowtail"": 3}",{},134,"Grande H&M Landing San Diego, CA | 26 Anglers Overnight | 3 Yellowtail, 1 Dorado, 20 Skipjack Tuna, 1 Striped Marlin, 130 Yellowfin Tuna",San Diego Fish Reports dock totals,https://www.sandiegofishreports.com/dock_totals/boats.php?date=2026-08-22,2026-10-04T06:17:41Z,backfill,dock-trips-1
6c0b8b35c713057c,2026-08-22,H&M,Horizon,1.5_day,1.5 Day,1.5,24,"{""bluefin_tuna"": 9, ""bonito"": 21, ""yellowtail"": 10}",{},40,"Horizon H&M Landing San Diego, CA | 24 Anglers 1.5 Day | 9 Bluefin Tuna, 10 Yellowtail, 21 Bonito",San Diego Fish Reports dock totals,https://www.sandiegofishreports.com/dock_totals/boats.php?date=2026-08-22,2026-10-04T06:17:41Z,backfill,dock-trips-1
da1ca8e861b414a5,2026-08-22,H&M,Old Glory,overnight,Overnight,1.0,27,"{""dorado"": 1, ""yellowfin_tuna"": 135}",{},136,"Old Glory H&M Landing San Diego, CA | 27 Anglers Overnight | 1 Dorado, 3 Skipjack Tuna, 135 Yellowfin Tuna",San Diego Fish Reports dock totals,https://www.sandiegofishreports.com/dock_totals/boats.php?date=2026-08-22,2026-10-04T06:17:41Z,backfill,dock-trips-1
f0dbf01e17e0c0b0,2026-08-22,H&M,Producer,overnight,Overnight,1.0,18,"{""dorado"": 36, ""yellowfin_tuna"": 54}",{},90,"Producer H&M Landing San Diego, CA | 18 Anglers Overnight | 36 Dorado, 1 Skipjack Tuna, 54 Yellowfin Tuna, 1 Striped Marlin Released",San Diego Fish Reports dock totals,https://www.sandiegofishreports.com/dock_totals/boats.php?date=2026-08-22,2026-10-04T06:17:41Z,backfill,dock-trips-1
00678edd21196c77,2026-08-22,H&M,"Sea Star Oceanside Sea Center Oceanside, CA",three_quarter_day,3/4 Day,0.75,16,"{""bonito"": 55, ""calico_bass"": 10, ""rockfish"": 4, ""sand_bass"": 2, ""sheephead"": 2}","{""barracuda"": 8, ""calico_bass"": 52}",133,"Sea Star Oceanside Sea Center Oceanside, CA | 16 Anglers 3/4 Day | 2 Sand Bass, 2 Sculpin, 2 Sheephead, 10 Calico Bass, 55 Bonito, 4 Rockfish, 8 Barracuda Released , 52 Calico Bass Released",San Diego Fish Reports dock totals,https://www.sandiegofishreports.com/dock_totals/boats.php?date=2026-08-22,2026-10-04T06:17:41Z,backfill,dock-trips-1
e9e11db30f3d1232,2026-08-22,H&M,"Southern Cal Oceanside Sea Center Oceanside, CA",half_day,1/2 Day AM,0.5,42,"{""calico_bass"": 2}","{""calico_bass"": 90}",92,"Southern Cal Oceanside Sea Center Oceanside, CA | 42 Anglers 1/2 Day AM | 2 Calico Bass, 90 Calico Bass Released",San Diego Fish Reports dock totals,https://www.sandiegofishreports.com/dock_totals/boats.php?date=2026-08-22,2026-10-04T06:17:41Z,backfill,dock-trips-1
2e2133953451378e,2026-08-22,H&M,Tradition,overnight,Overnight,1.0,25,"{""calico_bass"": 15, ""california_halibut"": 1, ""sand_bass"": 8, ""white_seabass"": 1, ""yellowtail"": 45}",{},70,"Tradition H&M Landing San Diego, CA | 25 Anglers Overnight | 8 Sand Bass, 1 Halibut, 45 Yellowtail, 15 Calico Bass, 1 White Seabass",San Diego Fish Reports dock totals,https://www.sandiegofishreports.com/dock_totals/boats.php?date=2026-08-22,2026-10-04T06:17:41Z,backfill,dock-trips-1
6d9a7d14d93796c8,2026-08-22,Point Loma,Daily Double,half_day,1/2 Day AM,0.5,30,"{""bonito"": 1, ""rockfish"": 23, ""sand_bass"": 4, ""white_seabass"": 1}",{},29,"Daily Double Point Loma Sportfishing San Diego, CA | 30 Anglers 1/2 Day AM | 4 Barred Sand Bass, 76 Sculpin, 5 Whitefish, 1 Bonito, 5 Rockfish, 18 Red Rockfish, 1 White Seabass",San Diego Fish Reports dock totals,https://www.sandiegofishreports.com/dock_totals/boats.php?date=2026-08-22,2026-10-04T06:17:41Z,backfill,dock-trips-1
c068e4f549a6fae8,2026-08-22,Point Loma,Daily Double,half_day,1/2 Day PM,0.5,38,"{""bonito"": 15, ""calico_bass"": 1, ""california_halibut"": 3, ""sand_bass"": 72, ""yellowtail"": 1}","{""calico_bass"": 8}",100,"Daily Double Point Loma Sportfishing San Diego, CA | 38 Anglers 1/2 Day PM | 72 Barred Sand Bass, 3 Halibut, 1 Yellowtail, 1 Calico Bass, 15 Bonito, 8 Calico Bass Released",San Diego Fish Reports dock totals,https://www.sandiegofishreports.com/dock_totals/boats.php?date=2026-08-22,2026-10-04T06:17:41Z,backfill,dock-trips-1
d4134afb2c80b602,2026-08-22,Point Loma,Mission Belle,full_day,Full Day Coronado Islands,1.0,30,"{""bonito"": 3, ""california_halibut"": 2, ""sand_bass"": 3, ""yellowtail"": 77}",{},85,"Mission Belle Point Loma Sportfishing San Diego, CA | 30 Anglers Full Day Coronado Islands | 3 Barred Sand Bass, 2 Halibut, 77 Yellowtail, 3 Bonito",San Diego Fish Reports dock totals,https://www.sandiegofishreports.com/dock_totals/boats.php?date=2026-08-22,2026-10-04T06:17:41Z,backfill,dock-trips-1
046f4dae388bf88b,2026-08-22,Seaforth,El Gato Dos,full_day,Full Day Offshore,1.0,4,"{""yellowtail"": 18}",{},18,"El Gato Dos Seaforth Sportfishing San Diego, CA | 4 Anglers Full Day Offshore | 18 Yellowtail",San Diego Fish Reports dock totals,https://www.sandiegofishreports.com/dock_totals/boats.php?date=2026-08-22,2026-10-04T06:17:41Z,backfill,dock-trips-1
8ae620a943c67a39,2026-08-22,Seaforth,New Seaforth,half_day,1/2 Day AM,0.5,56,"{""bonito"": 2, ""calico_bass"": 13, ""rockfish"": 2, ""sheephead"": 2}",{},19,"New Seaforth Seaforth Sportfishing San Diego, CA | 56 Anglers 1/2 Day AM | 2 Sculpin, 2 Sheephead, 13 Calico Bass, 1 Lingcod, 3 Whitefish, 2 Bonito, 2 Rockfish",San Diego Fish Reports dock totals,https://www.sandiegofishreports.com/dock_totals/boats.php?date=2026-08-22,2026-10-04T06:17:41Z,backfill,dock-trips-1
490bbbdac529e0fd,2026-08-22,Seaforth,New Seaforth,half_day,1/2 Day PM,0.5,56,"{""bonito"": 8, ""calico_bass"": 13, ""rockfish"": 16, ""sand_bass"": 1, ""sheephead"": 2, ""yellowtail"": 3}","{""calico_bass"": 75}",118,"New Seaforth Seaforth Sportfishing San Diego, CA | 56 Anglers 1/2 Day PM | 1 Sand Bass, 4 Sculpin, 2 Sheephead, 3 Yellowtail, 13 Calico Bass, 5 Whitefish, 8 Bonito, 16 Rockfish, 75 Calico Bass Released",San Diego Fish Reports dock totals,https://www.sandiegofishreports.com/dock_totals/boats.php?date=2026-08-22,2026-10-04T06:17:41Z,backfill,dock-trips-1
151ce7013bb75382,2026-08-22,Seaforth,New Seaforth,twilight,1/2 Day Twilight,0.4,38,"{""barracuda"": 2, ""bonito"": 7, ""calico_bass"": 26, ""rockfish"": 45, ""sheephead"": 4}","{""calico_bass"": 75}",159,"New Seaforth Seaforth Sportfishing San Diego, CA | 38 Anglers 1/2 Day Twilight | 2 Barracuda, 5 Sculpin, 4 Sheephead, 26 Calico Bass, 7 Bonito, 45 Rockfish, 75 Calico Bass Released",San Diego Fish Reports dock totals,https://www.sandiegofishreports.com/dock_totals/boats.php?date=2026-08-22,2026-10-04T06:17:41Z,backfill,dock-trips-1
0fbd97ef53175361,2026-08-22,Seaforth,San Diego,full_day,Full Day Offshore,1.0,36,"{""yellowtail"": 126}",{},126,"San Diego Seaforth Sportfishing San Diego, CA | 36 Anglers Full Day Offshore | 126 Yellowtail",San Diego Fish Reports dock totals,https://www.sandiegofishreports.com/dock_totals/boats.php?date=2026-08-22,2026-10-04T06:17:41Z,backfill,dock-trips-1
688df5c2334ac468,2026-08-22,Seaforth,Sea Watch,full_day,Full Day Offshore,1.0,20,"{""yellowfin_tuna"": 200, ""yellowtail"": 3}",{},203,"Sea Watch Seaforth Sportfishing San Diego, CA | 20 Anglers Full Day Offshore | 3 Yellowtail, 12 Skipjack Tuna, 200 Yellowfin Tuna",San Diego Fish Reports dock totals,https://www.sandiegofishreports.com/dock_totals/boats.php?date=2026-08-22,2026-10-04T06:17:41Z,backfill,dock-trips-1
f498d6c702f99050,2026-08-23,Fishermans,Constitution,2.5_day,2.5 Day,2.5,20,"{""bluefin_tuna"": 1, ""dorado"": 14, ""yellowtail"": 36}",{},51,"Constitution Fisherman's Landing San Diego, CA | 20 Anglers 2.5 Day | 1 Bluefin Tuna, 36 Yellowtail, 14 Dorado",San Diego Fish Reports dock totals,https://www.sandiegofishreports.com/dock_totals/boats.php?date=2026-08-23,2026-10-04T06:17:43Z,backfill,dock-trips-1
9d25c822255a1db8,2026-08-23,Fishermans,Dolphin,half_day,1/2 Day AM,0.5,57,"{""bonito"": 15, ""rockfish"": 25, ""sand_bass"": 2}",{},42,"Dolphin Fisherman's Landing San Diego, CA | 57 Anglers 1/2 Day AM | 2 Sand Bass, 107 Sculpin, 15 Bonito, 25 Rockfish",San Diego Fish Reports dock totals,https://www.sandiegofishreports.com/dock_totals/boats.php?date=2026-08-23,2026-10-04T06:17:43Z,backfill,dock-trips-1
947e30580e6f2d56,2026-08-23,Fishermans,Dolphin,half_day,1/2 Day PM,0.5,41,"{""bonito"": 4, ""calico_bass"": 6, ""rockfish"": 10, ""sand_bass"": 13, ""sheephead"": 2, ""yellowtail"": 5}",{},40,"Dolphin Fisherman's Landing San Diego, CA | 41 Anglers 1/2 Day PM | 13 Sand Bass, 46 Sculpin, 2 Sheephead, 5 Yellowtail, 6 Calico Bass, 4 Bonito, 10 Rockfish",San Diego Fish Reports dock totals,https://www.sandiegofishreports.com/dock_totals/boats.php?date=2026-08-23,2026-10-04T06:17:43Z,backfill,dock-trips-1
bd7054d6e1e5b2f9,2026-08-23,Fishermans,Fortune,2.5_day,2.5 Day,2.5,16,"{""bluefin_tuna"": 12, ""yellowfin_tuna"": 6, ""yellowtail"": 51}",{},69,"Fortune Fisherman's Landing San Diego, CA | 16 Anglers 2.5 Day | 12 Bluefin Tuna, 51 Yellowtail, 6 Yellowfin Tuna",San Diego Fish Reports dock totals,https://www.sandiegofishreports.com/dock_totals/boats.php?date=2026-08-23,2026-10-04T06:17:43Z,backfill,dock-trips-1
8f186e6bdfc34207,2026-08-23,Fishermans,Liberty,2_day,2 Day,2.0,26,"{""bluefin_tuna"": 2, ""dorado"": 4, ""yellowfin_tuna"": 4, ""yellowtail"": 12}",{},22,"Liberty Fisherman's Landing San Diego, CA | 26 Anglers 2 Day | 2 Bluefin Tuna, 12 Yellowtail, 4 Dorado, 4 Yellowfin Tuna",San Diego Fish Reports dock totals,https://www.sandiegofishreports.com/dock_totals/boats.php?date=2026-08-23,2026-10-04T06:17:43Z,backfill,dock-trips-1
3ee95c608994d740,2026-08-23,Fishermans,Pacific Dawn,2_day,2 Day,2.0,12,"{""rockfish"": 20, ""yellowfin_tuna"": 2, ""yellowtail"": 12}",{},34,"Pacific Dawn Fisherman's Landing San Diego, CA | 12 Anglers 2 Day | 12 Yellowtail, 20 Rockfish, 2 Yellowfin Tuna",San Diego Fish Reports dock totals,https://www.sandiegofishreports.com/dock_totals/boats.php?date=2026-08-23,2026-10-04T06:17:43Z,backfill,dock-trips-1
0967ea890ac097e8,2026-08-23,Fishermans,Pacific Queen,3_day,3 Day,3.0,18,"{""bluefin_tuna"": 108, ""dorado"": 15, ""yellowfin_tuna"": 9, ""yellowtail"": 4}",{},136,"Pacific Queen Fisherman's Landing San Diego, CA | 18 Anglers 3 Day | 108 Bluefin Tuna, 4 Yellowtail, 15 Dorado, 9 Yellowfin Tuna",San Diego Fish Reports dock totals,https://www.sandiegofishreports.com/dock_totals/boats.php?date=2026-08-23,2026-10-04T06:17:43Z,backfill,dock-trips-1
56b354855c130055,2026-08-23,Fishermans,Pegasus,2_day,2 Day,2.0,21,"{""dorado"": 32, ""yellowfin_tuna"": 21, ""yellowtail"": 49}",{},102,"Pegasus Fisherman's Landing San Diego, CA | 21 Anglers 2 Day | 49 Yellowtail, 32 Dorado, 21 Yellowfin Tuna",San Diego Fish Reports dock totals,https://www.sandiegofishreports.com/dock_totals/boats.php?date=2026-08-23,2026-10-04T06:17:43Z,backfill,dock-trips-1
78fc59fd44c1c4a5,2026-08-23,Fishermans,Poseidon,2.5_day,2.5 Day,2.5,17,"{""bluefin_tuna"": 23, ""dorado"": 1, ""yellowtail"": 27}",{},51,"Poseidon Fisherman's Landing San Diego, CA | 17 Anglers 2.5 Day | 23 Bluefin Tuna, 27 Yellowtail, 1 Dorado",San Diego Fish Reports dock totals,https://www.sandiegofishreports.com/dock_totals/boats.php?date=2026-08-23,2026-10-04T06:17:43Z,backfill,dock-trips-1
a1e58e06f00eae36,2026-08-23,H&M,"Chubasco II Oceanside Sea Center Oceanside, CA",three_quarter_day,3/4 Day,0.75,33,"{""dorado"": 2, ""yellowfin_tuna"": 89, ""yellowtail"": 1}",{},92,"Chubasco II Oceanside Sea Center Oceanside, CA | 33 Anglers 3/4 Day | 1 Yellowtail, 2 Dorado, 55 Skipjack Tuna, 89 Yellowfin Tuna",San Diego Fish Reports dock totals,https://www.sandiegofishreports.com/dock_totals/boats.php?date=2026-08-23,2026-10-04T06:17:43Z,backfill,dock-trips-1
71a55708373f604b,2026-08-23,H&M,Daiwa Pacific,overnight,Overnight,1.0,18,"{""yellowfin_tuna"": 25}",{},25,"Daiwa Pacific H&M Landing San Diego, CA | 18 Anglers Overnight | 25 Yellowfin Tuna",San Diego Fish Reports dock totals,https://www.sandiegofishreports.com/dock_totals/boats.php?date=2026-08-23,2026-10-04T06:17:43Z,backfill,dock-trips-1
a6f8d9c211b249ec,2026-08-23,H&M,Excalibur,3_day,3 Day,3.0,29,"{""bluefin_tuna"": 1, ""dorado"": 14, ""yellowfin_tuna"": 61, ""yellowtail"": 82}",{},158,"Excalibur H&M Landing San Diego, CA | 29 Anglers 3 Day | 1 Bluefin Tuna, 82 Yellowtail, 14 Dorado, 61 Yellowfin Tuna",San Diego Fish Reports dock totals,https://www.sandiegofishreports.com/dock_totals/boats.php?date=2026-08-23,2026-10-04T06:17:43Z,backfill,dock-trips-1
55b76f410b182d0c,2026-08-23,H&M,Grande,full_day,Full Day Offshore,1.0,36,"{""dorado"": 3, ""yellowfin_tuna"": 126, ""yellowtail"": 1}",{},130,"Grande H&M Landing San Diego, CA | 36 Anglers Full Day Offshore | 1 Yellowtail, 3 Dorado, 12 Skipjack Tuna, 126 Yellowfin Tuna",San Diego Fish Reports dock totals,https://www.sandiegofishreports.com/dock_totals/boats.php?date=2026-08-23,2026-10-04T06:17:43Z,backfill,dock-trips-1
de2c285ed4fe9bb5,2026-08-23,H&M,Legend,3_day,3 Day,3.0,22,"{""bluefin_tuna"": 25, ""yellowfin_tuna"": 4, ""yellowtail"": 36}",{},65,"Legend H&M Landing San Diego, CA | 22 Anglers 3 Day | 25 Bluefin Tuna, 36 Yellowtail, 4 Yellowfin Tuna",San Diego Fish Reports dock totals,https://www.sandiegofishreports.com/dock_totals/boats.php?date=2026-08-23,2026-10-04T06:17:43Z,backfill,dock-trips-1
5a941bde5d1ec6cc,2026-08-23,H&M,Ocean Odyssey,1.5_day,1.5 Day,1.5,23,{},{},0,"Ocean Odyssey H&M Landing San Diego, CA | 23 Anglers 1.5 Day | ",San Diego Fish Reports dock totals,https://www.sandiegofishreports.com/dock_totals/boats.php?date=2026-08-23,2026-10-04T06:17:43Z,backfill,dock-trips-1
ca19889a42aa4f1d,2026-08-23,H&M,Old Glory,overnight,Overnight Offshore,1.0,36,"{""dorado"": 2, ""yellowfin_tuna"": 55, ""yellowtail"": 1}",{},58,"Old Glory H&M Landing San Diego, CA | 36 Anglers Overnight Offshore | 1 Yellowtail, 2 Dorado, 3 Skipjack Tuna, 55 Yellowfin Tuna",San Diego Fish Reports dock totals,https://www.sandiegofishreports.com/dock_totals/boats.php?date=2026-08-23,2026-10-04T06:17:43Z,backfill,dock-trips-1
ae5f1002cb5849be,2026-08-23,H&M,Premier,full_day,Full Day,1.0,32,"{""dorado"": 2, ""yellowfin_tuna"": 34, ""yellowtail"": 1}",{},37,"Premier H&M Landing San Diego, CA | 32 Anglers Full Day | 1 Yellowtail, 2 Dorado, 6 Skipjack Tuna, 34 Yellowfin Tuna",San Diego Fish Reports dock totals,https://www.sandiegofishreports.com/dock_totals/boats.php?date=2026-08-23,2026-10-04T06:17:43Z,backfill,dock-trips-1
146e42f386b391cb,2026-08-23,H&M,Producer,overnight,Overnight,1.0,29,"{""dorado"": 15, ""yellowfin_tuna"": 127, ""yellowtail"": 2}",{},144,"Producer H&M Landing San Diego, CA | 29 Anglers Overnight | 2 Yellowtail, 15 Dorado, 8 Skipjack Tuna, 127 Yellowfin Tuna",San Diego Fish Reports dock totals,https://www.sandiegofishreports.com/dock_totals/boats.php?date=2026-08-23,2026-10-04T06:17:43Z,backfill,dock-trips-1
1146149ff05e51cf,2026-08-23,H&M,"Pronto Oceanside Sea Center Oceanside, CA",full_day,Full Day,1.0,12,"{""yellowfin_tuna"": 10}",{},10,"Pronto Oceanside Sea Center Oceanside, CA | 12 Anglers Full Day | 1 Skipjack Tuna, 10 Yellowfin Tuna",San Diego Fish Reports dock totals,https://www.sandiegofishreports.com/dock_totals/boats.php?date=2026-08-23,2026-10-04T06:17:43Z,backfill,dock-trips-1
054879d5aacd547d,2026-08-23,H&M,Ranger 85,1.5_day,1.5 Day,1.5,21,"{""dorado"": 7, ""yellowtail"": 29}",{},36,"Ranger 85 H&M Landing San Diego, CA | 21 Anglers 1.5 Day | 29 Yellowtail, 7 Dorado",San Diego Fish Reports dock totals,https://www.sandiegofishreports.com/dock_totals/boats.php?date=2026-08-23,2026-10-04T06:17:43Z,backfill,dock-trips-1
5f93ca014eb78b47,2026-08-23,H&M,Sea Adventure 80,2_day,2 Day,2.0,28,"{""bluefin_tuna"": 13, ""bonito"": 11, ""yellowtail"": 26}",{},50,"Sea Adventure 80 H&M Landing San Diego, CA | 28 Anglers 2 Day | 13 Bluefin Tuna, 26 Yellowtail, 11 Bonito, 1 Skipjack Tuna",San Diego Fish Reports dock totals,https://www.sandiegofishreports.com/dock_totals/boats.php?date=2026-08-23,2026-10-04T06:17:43Z,backfill,dock-trips-1
2a7565941299bcfa,2026-08-23,H&M,"Southern Cal Oceanside Sea Center Oceanside, CA",half_day,1/2 Day AM,0.5,41,"{""calico_bass"": 10, ""california_halibut"": 1, ""sand_bass"": 1}","{""calico_bass"": 100}",112,"Southern Cal Oceanside Sea Center Oceanside, CA | 41 Anglers 1/2 Day AM | 1 Sand Bass, 1 Halibut, 10 Calico Bass, 3 Whitefish, 100 Calico Bass Released",San Diego Fish Reports dock totals,https://www.sandiegofishreports.com/dock_totals/boats.php?date=2026-08-23,2026-10-04T06:17:43Z,backfill,dock-trips-1
bd73832e003084d0,2026-08-23,H&M,Spirit of Adventure,3_day,3 Day,3.0,19,"{""bluefin_tuna"": 73, ""dorado"": 3, ""yellowtail"": 36}",{},112,"Spirit of Adventure H&M Landing San Diego, CA | 19 Anglers 3 Day | 73 Bluefin Tuna, 36 Yellowtail, 3 Dorado",San Diego Fish Reports dock totals,https://www.sandiegofishreports.com/dock_totals/boats.php?date=2026-08-23,2026-10-04T06:17:43Z,backfill,dock-trips-1
2491a299ed55bad7,2026-08-23,H&M,Top Gun 80,2.5_day,2.5 Day,2.5,9,"{""bluefin_tuna"": 29, ""dorado"": 2, ""yellowtail"": 29}",{},60,"Top Gun 80 H&M Landing San Diego, CA | 9 Anglers 2.5 Day | 29 Bluefin Tuna, 29 Yellowtail, 2 Dorado",San Diego Fish Reports dock totals,https://www.sandiegofishreports.com/dock_totals/boats.php?date=2026-08-23,2026-10-04T06:17:43Z,backfill,dock-trips-1
5116fede3726dcf4,2026-08-23,H&M,Tradition,half_day,1/2 Day AM,0.5,41,"{""rockfish"": 71, ""sand_bass"": 1, ""sheephead"": 3}",{},75,"Tradition H&M Landing San Diego, CA | 41 Anglers 1/2 Day AM | 1 Sand Bass, 16 Sculpin, 3 Sheephead, 25 Whitefish, 71 Rockfish",San Diego Fish Reports dock totals,https://www.sandiegofishreports.com/dock_totals/boats.php?date=2026-08-23,2026-10-04T06:17:43Z,backfill,dock-trips-1
65b5fdbd30901500,2026-08-23,Point Loma,Daily Double,half_day,1/2 Day AM,0.5,25,"{""sand_bass"": 5}",{},5,"Daily Double Point Loma Sportfishing San Diego, CA | 25 Anglers 1/2 Day AM | 5 Barred Sand Bass, 22 Sculpin, 8 Whitefish",San Diego Fish Reports dock totals,https://www.sandiegofishreports.com/dock_totals/boats.php?date=2026-08-23,2026-10-04T06:17:43Z,backfill,dock-trips-1
2fe75307d563f020,2026-08-23,Point Loma,Daily Double,half_day,1/2 Day PM,0.5,15,"{""bonito"": 12, ""calico_bass"": 4, ""california_halibut"": 2, ""sand_bass"": 60, ""yellowtail"": 2}","{""calico_bass"": 8}",88,"Daily Double Point Loma Sportfishing San Diego, CA | 15 Anglers 1/2 Day PM | 60 Barred Sand Bass, 2 Halibut, 2 Yellowtail, 4 Calico Bass, 12 Bonito, 8 Calico Bass Released",San Diego Fish Reports dock totals,https://www.sandiegofishreports.com/dock_totals/boats.php?date=2026-08-23,2026-10-04T06:17:43Z,backfill,dock-trips-1
217317fe3623d610,2026-08-23,Point Loma,Mission Belle,full_day,Full Day Coronado Islands,1.0,30,"{""california_halibut"": 1, ""yellowtail"": 93}",{},94,"Mission Belle Point Loma Sportfishing San Diego, CA | 30 Anglers Full Day Coronado Islands | 1 Halibut, 93 Yellowtail",San Diego Fish Reports dock totals,https://www.sandiegofishreports.com/dock_totals/boats.php?date=2026-08-23,2026-10-04T06:17:43Z,backfill,dock-trips-1
a8682c855fda0563,2026-08-23,Point Loma,New Lo-An,3_day,3 Day,3.0,19,"{""bluefin_tuna"": 20, ""yellowtail"": 80}","{""yellowfin_tuna"": 100}",200,"New Lo-An Point Loma Sportfishing San Diego, CA | 19 Anglers 3 Day | 20 Bluefin Tuna, 80 Yellowtail, 100 Yellowfin Tuna Released",San Diego Fish Reports dock totals,https://www.sandiegofishreports.com/dock_totals/boats.php?date=2026-08-23,2026-10-04T06:17:43Z,backfill,dock-trips-1
26022874184c7624,2026-08-23,Point Loma,Point Loma,full_day,Full Day Coronado Islands,1.0,20,"{""yellowtail"": 63}",{},63,"Point Loma Point Loma Sportfishing San Diego, CA | 20 Anglers Full Day Coronado Islands | 63 Yellowtail",San Diego Fish Reports dock totals,https://www.sandiegofishreports.com/dock_totals/boats.php?date=2026-08-23,2026-10-04T06:17:43Z,backfill,dock-trips-1
68f1cc1429239af0,2026-08-23,Seaforth,Apollo,1.5_day,1.5 Day,1.5,23,"{""bluefin_tuna"": 44, ""dorado"": 1, ""yellowtail"": 3}",{},48,"Apollo Seaforth Sportfishing San Diego, CA | 23 Anglers 1.5 Day | 44 Bluefin Tuna, 3 Yellowtail, 1 Dorado",San Diego Fish Reports dock totals,https://www.sandiegofishreports.com/dock_totals/boats.php?date=2026-08-23,2026-10-04T06:17:43Z,backfill,dock-trips-1
9d71a13035193cb4,2026-08-23,Seaforth,Aztec,1.5_day,1.5 Day,1.5,18,"{""bluefin_tuna"": 12, ""yellowfin_tuna"": 2, ""yellowtail"": 7}",{},21,"Aztec Seaforth Sportfishing San Diego, CA | 18 Anglers 1.5 Day | 12 Bluefin Tuna, 7 Yellowtail, 2 Yellowfin Tuna",San Diego Fish Reports dock totals,https://www.sandiegofishreports.com/dock_totals/boats.php?date=2026-08-23,2026-10-04T06:17:43Z,backfill,dock-trips-1
1a2fee758cd28a52,2026-08-23,Seaforth,Highliner,2_day,2 Day,2.0,24,"{""bluefin_tuna"": 32, ""dorado"": 5, ""yellowtail"": 32}",{},69,"Highliner Seaforth Sportfishing San Diego, CA | 24 Anglers 2 Day | 32 Bluefin Tuna, 32 Yellowtail, 5 Dorado",San Diego Fish Reports dock totals,https://www.sandiegofishreports.com/dock_totals/boats.php?date=2026-08-23,2026-10-04T06:17:43Z,backfill,dock-trips-1
483cf2a43be27f6f,2026-08-23,Seaforth,New Seaforth,half_day,1/2 Day AM,0.5,53,"{""bonito"": 14, ""calico_bass"": 10, ""rockfish"": 8, ""sheephead"": 3}","{""calico_bass"": 50}",85,"New Seaforth Seaforth Sportfishing San Diego, CA | 53 Anglers 1/2 Day AM | 2 Sculpin, 3 Sheephead, 10 Calico Bass, 14 Bonito, 8 Rockfish, 50 Calico Bass Released",San Diego Fish Reports dock totals,https://www.sandiegofishreports.com/dock_totals/boats.php?date=2026-08-23,2026-10-04T06:17:43Z,backfill,dock-trips-1
7e1e0450d41d7f94,2026-08-23,Seaforth,New Seaforth,half_day,1/2 Day PM,0.5,57,"{""bonito"": 21, ""calico_bass"": 15, ""rockfish"": 8, ""sand_bass"": 1, ""sheephead"": 10}","{""calico_bass"": 75}",130,"New Seaforth Seaforth Sportfishing San Diego, CA | 57 Anglers 1/2 Day PM | 1 Sand Bass, 2 Sculpin, 10 Sheephead, 15 Calico Bass, 21 Bonito, 8 Rockfish, 75 Calico Bass Released",San Diego Fish Reports dock totals,https://www.sandiegofishreports.com/dock_totals/boats.php?date=2026-08-23,2026-10-04T06:17:43Z,backfill,dock-trips-1
6aa04d401b6e5649,2026-08-23,Seaforth,New Seaforth,twilight,1/2 Day Twilight,0.4,53,"{""bonito"": 10, ""calico_bass"": 3, ""rockfish"": 27}","{""calico_bass"": 25, ""rockfish"": 5}",70,"New Seaforth Seaforth Sportfishing San Diego, CA | 53 Anglers 1/2 Day Twilight | 4 Sculpin, 3 Calico Bass, 10 Whitefish, 10 Bonito, 25 Rockfish, 2 Vermilion Rockfish, 25 Calico Bass Released , 5 Rockfish Released",San Diego Fish Reports dock totals,https://www.sandiegofishreports.com/dock_totals/boats.php?date=2026-08-23,2026-10-04T06:17:43Z,backfill,dock-trips-1
bd65f099c85fc769,2026-08-23,Seaforth,Pacifica,1.5_day,1.5 Day,1.5,18,"{""bluefin_tuna"": 16, ""dorado"": 1, ""yellowtail"": 27}",{},44,"Pacifica Seaforth Sportfishing San Diego, CA | 18 Anglers 1.5 Day | 16 Bluefin Tuna, 27 Yellowtail, 1 Dorado",San Diego Fish Reports dock totals,https://www.sandiegofishreports.com/dock_totals/boats.php?date=2026-08-23,2026-10-04T06:17:43Z,backfill,dock-trips-1
0c42a8283db686eb,2026-08-23,Seaforth,Polaris Supreme,4_day,4 Day,4.0,23,"{""dorado"": 6, ""yellowtail"": 230}",{},236,"Polaris Supreme Seaforth Sportfishing San Diego, CA | 23 Anglers 4 Day | 230 Yellowtail, 6 Dorado",San Diego Fish Reports dock totals,https://www.sandiegofishreports.com/dock_totals/boats.php?date=2026-08-23,2026-10-04T06:17:43Z,backfill,dock-trips-1
7a9225a5ce1275b2,2026-08-23,Seaforth,San Diego,full_day,Full Day Coronado Islands,1.0,36,"{""yellowtail"": 108}",{},108,"San Diego Seaforth Sportfishing San Diego, CA | 36 Anglers Full Day Coronado Islands | 108 Yellowtail",San Diego Fish Reports dock totals,https://www.sandiegofishreports.com/dock_totals/boats.php?date=2026-08-23,2026-10-04T06:17:43Z,backfill,dock-trips-1
f06b3a4b0dc7155c,2026-08-23,Seaforth,Sea Watch,three_quarter_day,3/4 Day,0.75,32,"{""bonito"": 10, ""calico_bass"": 7, ""rockfish"": 10, ""yellowtail"": 2}",{},29,"Sea Watch Seaforth Sportfishing San Diego, CA | 32 Anglers 3/4 Day | 1 Sculpin, 2 Yellowtail, 7 Calico Bass, 10 Bonito, 10 Rockfish",San Diego Fish Reports dock totals,https://www.sandiegofishreports.com/dock_totals/boats.php?date=2026-08-23,2026-10-04T06:17:43Z,backfill,dock-trips-1
512b58d5263b2dc6,2026-08-23,Seaforth,Tribute,3_day,3 Day,3.0,26,"{""bluefin_tuna"": 29, ""bonito"": 15, ""dorado"": 1, ""rockfish"": 250, ""yellowtail"": 30}",{},325,"Tribute Seaforth Sportfishing San Diego, CA | 26 Anglers 3 Day | 29 Bluefin Tuna, 30 Yellowtail, 1 Dorado, 130 Whitefish, 15 Bonito, 250 Rockfish",San Diego Fish Reports dock totals,https://www.sandiegofishreports.com/dock_totals/boats.php?date=2026-08-23,2026-10-04T06:17:43Z,backfill,dock-trips-1
86b16fc6e5fefee6,2026-08-23,Seaforth,Voyager,2_day,2 Day,2.0,12,"{""bonito"": 14, ""dorado"": 8, ""yellowfin_tuna"": 75, ""yellowtail"": 19}",{},116,"Voyager Seaforth Sportfishing San Diego, CA | 12 Anglers 2 Day | 19 Yellowtail, 8 Dorado, 14 Bonito, 75 Yellowfin Tuna",San Diego Fish Reports dock totals,https://www.sandiegofishreports.com/dock_totals/boats.php?date=2026-08-23,2026-10-04T06:17:43Z,backfill,dock-trips-1
c4021b6577f7bf68,2026-08-24,Fishermans,Dolphin,half_day,1/2 Day AM,0.5,8,"{""barracuda"": 2, ""calico_bass"": 10, ""sand_bass"": 21, ""yellowtail"": 4}",{},37,"Dolphin Fisherman's Landing San Diego, CA | 8 Anglers 1/2 Day AM | 21 Sand Bass, 2 Barracuda, 10 Sculpin, 4 Yellowtail, 10 Calico Bass",San Diego Fish Reports dock totals,https://www.sandiegofishreports.com/dock_totals/boats.php?date=2026-08-24,2026-10-04T06:17:45Z,backfill,dock-trips-1
1ff6cae4d15754d2,2026-08-24,Fishermans,Dolphin,half_day,1/2 Day PM,0.5,20,"{""bonito"": 7, ""calico_bass"": 20, ""sand_bass"": 4, ""white_seabass"": 1, ""yellowtail"": 10}",{},42,"Dolphin Fisherman's Landing San Diego, CA | 20 Anglers 1/2 Day PM | 4 Sand Bass, 10 Yellowtail, 20 Calico Bass, 7 Bonito, 1 White Seabass",San Diego Fish Reports dock totals,https://www.sandiegofishreports.com/dock_totals/boats.php?date=2026-08-24,2026-10-04T06:17:45Z,backfill,dock-trips-1
17f54f67459c8446,2026-08-24,Fishermans,Fortune,overnight,Overnight,1.0,21,"{""yellowfin_tuna"": 14, ""yellowtail"": 7}",{},21,"Fortune Fisherman's Landing San Diego, CA | 21 Anglers Overnight | 7 Yellowtail, 14 Yellowfin Tuna",San Diego Fish Reports dock totals,https://www.sandiegofishreports.com/dock_totals/boats.php?date=2026-08-24,2026-10-04T06:17:45Z,backfill,dock-trips-1
ea8d709d581c8258,2026-08-24,Fishermans,Islander,3_day,3 Day,3.0,18,"{""bluefin_tuna"": 11, ""yellowtail"": 32}",{},43,"Islander Fisherman's Landing San Diego, CA | 18 Anglers 3 Day | 11 Bluefin Tuna, 32 Yellowtail",San Diego Fish Reports dock totals,https://www.sandiegofishreports.com/dock_totals/boats.php?date=2026-08-24,2026-10-04T06:17:45Z,backfill,dock-trips-1
f081e4dbd8de2db5,2026-08-24,Fishermans,Liberty,overnight,Overnight,1.0,33,"{""dorado"": 4, ""yellowfin_tuna"": 155}",{},159,"Liberty Fisherman's Landing San Diego, CA | 33 Anglers Overnight | 4 Dorado, 155 Yellowfin Tuna",San Diego Fish Reports dock totals,https://www.sandiegofishreports.com/dock_totals/boats.php?date=2026-08-24,2026-10-04T06:17:45Z,backfill,dock-trips-1
8a6651ee6dcfc5ea,2026-08-24,H&M,"Chubasco II Oceanside Sea Center Oceanside, CA",half_day,1/2 Day AM,0.5,19,"{""bonito"": 5, ""calico_bass"": 6, ""sand_bass"": 1}","{""calico_bass"": 25}",37,"Chubasco II Oceanside Sea Center Oceanside, CA | 19 Anglers 1/2 Day AM | 1 Sand Bass, 6 Calico Bass, 5 Bonito, 25 Calico Bass Released",San Diego Fish Reports dock totals,https://www.sandiegofishreports.com/dock_totals/boats.php?date=2026-08-24,2026-10-04T06:17:45Z,backfill,dock-trips-1
fa0959f53a0ee9dc,2026-08-24,H&M,Daiwa Pacific,overnight,Overnight,1.0,18,{},{},0,"Daiwa Pacific H&M Landing San Diego, CA | 18 Anglers Overnight | ",San Diego Fish Reports dock totals,https://www.sandiegofishreports.com/dock_totals/boats.php?date=2026-08-24,2026-10-04T06:17:45Z,backfill,dock-trips-1
d16196db4504cc1e,2026-08-24,H&M,Daiwa Pacific,overnight,Overnight,1.0,18,"{""yellowfin_tuna"": 7}",{},7,"Daiwa Pacific H&M Landing San Diego, CA | 18 Anglers Overnight | 7 Yellowfin Tuna",San Diego Fish Reports dock totals,https://www.sandiegofishreports.com/dock_totals/boats.php?date=2026-08-24,2026-10-04T06:17:45Z,backfill,dock-trips-1
67c5f49681460527,2026-08-24,H&M,Grande,full_day,Full Day Offshore,1.0,41,"{""dorado"": 8, ""yellowfin_tuna"": 205, ""yellowtail"": 1}",{},214,"Grande H&M Landing San Diego, CA | 41 Anglers Full Day Offshore | 1 Yellowtail, 8 Dorado, 155 Skipjack Tuna, 205 Yellowfin Tuna",San Diego Fish Reports dock totals,https://www.sandiegofishreports.com/dock_totals/boats.php?date=2026-08-24,2026-10-04T06:17:45Z,backfill,dock-trips-1
7075208eb716ca63,2026-08-24,H&M,Horizon,1.5_day,1.5 Day,1.5,22,"{""bonito"": 6, ""yellowtail"": 54}",{},60,"Horizon H&M Landing San Diego, CA | 22 Anglers 1.5 Day | 54 Yellowtail, 6 Bonito",San Diego Fish Reports dock totals,https://www.sandiegofishreports.com/dock_totals/boats.php?date=2026-08-24,2026-10-04T06:17:45Z,backfill,dock-trips-1
70515de0d35832d7,2026-08-24,H&M,Malihini,three_quarter_day,3/4 Day,0.75,17,{},{},0,"Malihini H&M Landing San Diego, CA | 17 Anglers 3/4 Day | ",San Diego Fish Reports dock totals,https://www.sandiegofishreports.com/dock_totals/boats.php?date=2026-08-24,2026-10-04T06:17:45Z,backfill,dock-trips-1
70faed17580dae4c,2026-08-24,H&M,Nautilus,3_day,3 Day,3.0,6,{},{},0,"Nautilus H&M Landing San Diego, CA | 6 Anglers 3 Day | ",San Diego Fish Reports dock totals,https://www.sandiegofishreports.com/dock_totals/boats.php?date=2026-08-24,2026-10-04T06:17:45Z,backfill,dock-trips-1
d553949473102b90,2026-08-24,H&M,Old Glory,overnight,Overnight,1.0,19,"{""dorado"": 2, ""yellowfin_tuna"": 38}",{},40,"Old Glory H&M Landing San Diego, CA | 19 Anglers Overnight | 2 Dorado, 6 Skipjack Tuna, 38 Yellowfin Tuna",San Diego Fish Reports dock totals,https://www.sandiegofishreports.com/dock_totals/boats.php?date=2026-08-24,2026-10-04T06:17:45Z,backfill,dock-trips-1
c7249742da20fb61,2026-08-24,H&M,Patriot (SD),unknown,,1.0,8,{},{},0,"Patriot (SD) H&M Landing San Diego, CA | 8 Anglers | ",San Diego Fish Reports dock totals,https://www.sandiegofishreports.com/dock_totals/boats.php?date=2026-08-24,2026-10-04T06:17:45Z,backfill,dock-trips-1
b5213a1c07e20106,2026-08-24,H&M,Premier,half_day,1/2 Day AM,0.5,13,{},{},0,"Premier H&M Landing San Diego, CA | 13 Anglers 1/2 Day AM | ",San Diego Fish Reports dock totals,https://www.sandiegofishreports.com/dock_totals/boats.php?date=2026-08-24,2026-10-04T06:17:45Z,backfill,dock-trips-1
5421a8a1430f4c1f,2026-08-24,H&M,Producer,overnight,Overnight,1.0,19,"{""dorado"": 9, ""yellowfin_tuna"": 95, ""yellowtail"": 8}",{},112,"Producer H&M Landing San Diego, CA | 19 Anglers Overnight | 8 Yellowtail, 9 Dorado, 2 Skipjack Tuna, 95 Yellowfin Tuna",San Diego Fish Reports dock totals,https://www.sandiegofishreports.com/dock_totals/boats.php?date=2026-08-24,2026-10-04T06:17:45Z,backfill,dock-trips-1
d710d40b8cef2e7b,2026-08-24,H&M,Vendetta 2,full_day,Full Day,1.0,15,{},{},0,"Vendetta 2 H&M Landing San Diego, CA | 15 Anglers Full Day | ",San Diego Fish Reports dock totals,https://www.sandiegofishreports.com/dock_totals/boats.php?date=2026-08-24,2026-10-04T06:17:45Z,backfill,dock-trips-1
560f08671022b06d,2026-08-24,Point Loma,Daily Double,half_day,1/2 Day AM,0.5,8,"{""bonito"": 5, ""rockfish"": 4}",{},9,"Daily Double Point Loma Sportfishing San Diego, CA | 8 Anglers 1/2 Day AM | 40 Sculpin, 6 Whitefish, 5 Bonito, 4 Red Rockfish",San Diego Fish Reports dock totals,https://www.sandiegofishreports.com/dock_totals/boats.php?date=2026-08-24,2026-10-04T06:17:45Z,backfill,dock-trips-1
b3c96adb4979bb55,2026-08-24,Point Loma,Mission Belle,full_day,Full Day Coronado Islands,1.0,31,"{""sand_bass"": 3, ""yellowtail"": 153}",{},156,"Mission Belle Point Loma Sportfishing San Diego, CA | 31 Anglers Full Day Coronado Islands | 3 Barred Sand Bass, 153 Yellowtail",San Diego Fish Reports dock totals,https://www.sandiegofishreports.com/dock_totals/boats.php?date=2026-08-24,2026-10-04T06:17:45Z,backfill,dock-trips-1
8ca88e1215827f99,2026-08-24,Point Loma,Point Loma,full_day,Full Day Coronado Islands,1.0,20,"{""yellowtail"": 30}",{},30,"Point Loma Point Loma Sportfishing San Diego, CA | 20 Anglers Full Day Coronado Islands | 30 Yellowtail",San Diego Fish Reports dock totals,https://www.sandiegofishreports.com/dock_totals/boats.php?date=2026-08-24,2026-10-04T06:17:45Z,backfill,dock-trips-1
5fe0a3793c74f363,2026-08-24,Seaforth,Cortez,3.5_day,3.5 Day,3.5,11,"{""bluefin_tuna"": 1, ""calico_bass"": 17, ""dorado"": 14, ""yellowfin_tuna"": 12, ""yellowtail"": 17}",{},61,"Cortez Seaforth Sportfishing San Diego, CA | 11 Anglers 3.5 Day | 1 Bluefin Tuna, 17 Yellowtail, 14 Dorado, 17 Calico Bass, 12 Yellowfin Tuna",San Diego Fish Reports dock totals,https://www.sandiegofishreports.com/dock_totals/boats.php?date=2026-08-24,2026-10-04T06:17:45Z,backfill,dock-trips-1
1a8950450b7f5a31,2026-08-24,Seaforth,New Seaforth,half_day,1/2 Day AM,0.5,19,"{""barracuda"": 3, ""bonito"": 6, ""calico_bass"": 4, ""rockfish"": 20, ""sand_bass"": 1, ""sheephead"": 7}",{},41,"New Seaforth Seaforth Sportfishing San Diego, CA | 19 Anglers 1/2 Day AM | 1 Sand Bass, 3 Barracuda, 2 Sculpin, 7 Sheephead, 4 Calico Bass, 4 Whitefish, 6 Bonito, 20 Rockfish",San Diego Fish Reports dock totals,https://www.sandiegofishreports.com/dock_totals/boats.php?date=2026-08-24,2026-10-04T06:17:45Z,backfill,dock-trips-1
f1b70452115b70a7,2026-08-24,Seaforth,New Seaforth,half_day,1/2 Day PM,0.5,20,"{""calico_bass"": 1, ""rockfish"": 7, ""sheephead"": 2}",{},10,"New Seaforth Seaforth Sportfishing San Diego, CA | 20 Anglers 1/2 Day PM | 1 Sculpin, 2 Sheephead, 1 Calico Bass, 2 Rockfish, 5 Vermilion Rockfish",San Diego Fish Reports dock totals,https://www.sandiegofishreports.com/dock_totals/boats.php?date=2026-08-24,2026-10-04T06:17:45Z,backfill,dock-trips-1
37ff8deab9803f98,2026-08-24,Seaforth,New Seaforth,twilight,1/2 Day Twilight,0.4,28,"{""bonito"": 6, ""calico_bass"": 14, ""rockfish"": 18, ""sand_bass"": 2, ""sheephead"": 3}","{""calico_bass"": 50}",93,"New Seaforth Seaforth Sportfishing San Diego, CA | 28 Anglers 1/2 Day Twilight | 2 Sand Bass, 8 Sculpin, 3 Sheephead, 14 Calico Bass, 6 Bonito, 18 Rockfish, 50 Calico Bass Released",San Diego Fish Reports dock totals,https://www.sandiegofishreports.com/dock_totals/boats.php?date=2026-08-24,2026-10-04T06:17:45Z,backfill,dock-trips-1
0fffb027aeda6368,2026-08-24,Seaforth,San Diego,full_day,Full Day Coronado Islands,1.0,30,"{""yellowtail"": 61}",{},61,"San Diego Seaforth Sportfishing San Diego, CA | 30 Anglers Full Day Coronado Islands | 61 Yellowtail",San Diego Fish Reports dock totals,https://www.sandiegofishreports.com/dock_totals/boats.php?date=2026-08-24,2026-10-04T06:17:45Z,backfill,dock-trips-1
833c8a407bb22613,2026-08-24,Seaforth,Sea Watch,three_quarter_day,3/4 Day,0.75,11,"{""bonito"": 2, ""calico_bass"": 13, ""yellowtail"": 1}","{""calico_bass"": 35}",51,"Sea Watch Seaforth Sportfishing San Diego, CA | 11 Anglers 3/4 Day | 1 Yellowtail, 13 Calico Bass, 2 Bonito, 35 Calico Bass Released",San Diego Fish Reports dock totals,https://www.sandiegofishreports.com/dock_totals/boats.php?date=2026-08-24,2026-10-04T06:17:45Z,backfill,dock-trips-1
89ddeaf02f1e596f,2026-08-25,Fishermans,Dolphin,full_day,Full Day Coronado Islands,1.0,42,"{""bonito"": 61, ""yellowtail"": 22}",{},83,"Dolphin Fisherman's Landing San Diego, CA | 42 Anglers Full Day Coronado Islands | 22 Yellowtail, 61 Bonito",San Diego Fish Reports dock totals,https://www.sandiegofishreports.com/dock_totals/boats.php?date=2026-08-25,2026-10-04T06:17:47Z,backfill,dock-trips-1
c0a80005aace5b96,2026-08-25,Fishermans,Liberty,full_day,Full Day,1.0,33,"{""bonito"": 15, ""sand_bass"": 12, ""yellowtail"": 41}",{},68,"Liberty Fisherman's Landing San Diego, CA | 33 Anglers Full Day | 12 Sand Bass, 41 Yellowtail, 15 Bonito",San Diego Fish Reports dock totals,https://www.sandiegofishreports.com/dock_totals/boats.php?date=2026-08-25,2026-10-04T06:17:47Z,backfill,dock-trips-1
1d214cdbf64401f7,2026-08-25,Fishermans,Lucky B Sportfishing,unknown,,1.0,2,"{""bluefin_tuna"": 2, ""yellowtail"": 10}",{},12,"Lucky B Sportfishing Fisherman's Landing San Diego, CA | 2 Anglers | 2 Bluefin Tuna, 10 Yellowtail",San Diego Fish Reports dock totals,https://www.sandiegofishreports.com/dock_totals/boats.php?date=2026-08-25,2026-10-04T06:17:47Z,backfill,dock-trips-1
05ab3e969778ae5b,2026-08-25,Fishermans,Pegasus,2_day,2 Day,2.0,17,"{""bluefin_tuna"": 68, ""yellowtail"": 10}",{},78,"Pegasus Fisherman's Landing San Diego, CA | 17 Anglers 2 Day | 68 Bluefin Tuna, 10 Yellowtail",San Diego Fish Reports dock totals,https://www.sandiegofishreports.com/dock_totals/boats.php?date=2026-08-25,2026-10-04T06:17:47Z,backfill,dock-trips-1
5d0f1a2fc3180d82,2026-08-25,H&M,"Blue Horizon Oceanside Sea Center Oceanside, CA",2_day,2 Day,2.0,12,"{""bluefin_tuna"": 7, ""dorado"": 1, ""yellowfin_tuna"": 20, ""yellowtail"": 5}",{},33,"Blue Horizon Oceanside Sea Center Oceanside, CA | 12 Anglers 2 Day | 7 Bluefin Tuna, 5 Yellowtail, 1 Dorado, 20 Yellowfin Tuna",San Diego Fish Reports dock totals,https://www.sandiegofishreports.com/dock_totals/boats.php?date=2026-08-25,2026-10-04T06:17:47Z,backfill,dock-trips-1
039afbd0e84b9031,2026-08-25,H&M,Excalibur,1.5_day,1.5 Day,1.5,22,"{""bluefin_tuna"": 1, ""yellowtail"": 30}",{},31,"Excalibur H&M Landing San Diego, CA | 22 Anglers 1.5 Day | 1 Bluefin Tuna, 30 Yellowtail",San Diego Fish Reports dock totals,https://www.sandiegofishreports.com/dock_totals/boats.php?date=2026-08-25,2026-10-04T06:17:47Z,backfill,dock-trips-1
c6bfd01524d699e5,2026-08-25,H&M,Grande,full_day,Full Day Offshore,1.0,41,"{""dorado"": 3, ""yellowfin_tuna"": 205}",{},208,"Grande H&M Landing San Diego, CA | 41 Anglers Full Day Offshore | 3 Dorado, 3 Skipjack Tuna, 205 Yellowfin Tuna",San Diego Fish Reports dock totals,https://www.sandiegofishreports.com/dock_totals/boats.php?date=2026-08-25,2026-10-04T06:17:47Z,backfill,dock-trips-1
60017a1edd1bdbc6,2026-08-25,H&M,Legend,2_day,2 Day,2.0,20,"{""bluefin_tuna"": 36, ""dorado"": 3, ""yellowfin_tuna"": 1, ""yellowtail"": 42}",{},82,"Legend H&M Landing San Diego, CA | 20 Anglers 2 Day | 36 Bluefin Tuna, 42 Yellowtail, 3 Dorado, 1 Yellowfin Tuna",San Diego Fish Reports dock totals,https://www.sandiegofishreports.com/dock_totals/boats.php?date=2026-08-25,2026-10-04T06:17:47Z,backfill,dock-trips-1
31b7258437e5d1b7,2026-08-25,H&M,Little G,3.5_day,3.5 Day,3.5,6,"{""bluefin_tuna"": 8, ""dorado"": 2, ""sand_bass"": 8, ""yellowtail"": 38}",{},56,"Little G H&M Landing San Diego, CA | 6 Anglers 3.5 Day | 8 Sand Bass, 8 Bluefin Tuna, 38 Yellowtail, 2 Dorado",San Diego Fish Reports dock totals,https://www.sandiegofishreports.com/dock_totals/boats.php?date=2026-08-25,2026-10-04T06:17:47Z,backfill,dock-trips-1
570f69111fe5ec95,2026-08-25,H&M,Nautilus,overnight,Overnight,1.0,5,"{""dorado"": 4}",{},4,"Nautilus H&M Landing San Diego, CA | 5 Anglers Overnight | 4 Dorado, 2 Striped Marlin Released",San Diego Fish Reports dock totals,https://www.sandiegofishreports.com/dock_totals/boats.php?date=2026-08-25,2026-10-04T06:17:47Z,backfill,dock-trips-1
dc59a9105b41ef33,2026-08-25,H&M,Ocean Odyssey,1.5_day,1.5 Day,1.5,25,"{""bluefin_tuna"": 35, ""dorado"": 1, ""yellowtail"": 13}",{},49,"Ocean Odyssey H&M Landing San Diego, CA | 25 Anglers 1.5 Day | 35 Bluefin Tuna, 13 Yellowtail, 1 Dorado",San Diego Fish Reports dock totals,https://www.sandiegofishreports.com/dock_totals/boats.php?date=2026-08-25,2026-10-04T06:17:47Z,backfill,dock-trips-1
019d82096336c6e9,2026-08-25,H&M,Old Glory,overnight,Overnight,1.0,33,"{""dorado"": 1, ""yellowfin_tuna"": 28}",{},29,"Old Glory H&M Landing San Diego, CA | 33 Anglers Overnight | 1 Dorado, 3 Skipjack Tuna, 28 Yellowfin Tuna",San Diego Fish Reports dock totals,https://www.sandiegofishreports.com/dock_totals/boats.php?date=2026-08-25,2026-10-04T06:17:47Z,backfill,dock-trips-1
96b161a17a1f64e5,2026-08-25,H&M,Premier,half_day,1/2 Day AM,0.5,15,"{""bonito"": 1, ""calico_bass"": 7, ""rockfish"": 7, ""yellowtail"": 3}",{},18,"Premier H&M Landing San Diego, CA | 15 Anglers 1/2 Day AM | 10 Sculpin, 3 Yellowtail, 7 Calico Bass, 1 Bonito, 7 Rockfish",San Diego Fish Reports dock totals,https://www.sandiegofishreports.com/dock_totals/boats.php?date=2026-08-25,2026-10-04T06:17:47Z,backfill,dock-trips-1
af99670f1441b8de,2026-08-25,H&M,Producer,overnight,Overnight,1.0,17,"{""dorado"": 5, ""yellowfin_tuna"": 85}",{},90,"Producer H&M Landing San Diego, CA | 17 Anglers Overnight | 5 Dorado, 11 Skipjack Tuna, 85 Yellowfin Tuna",San Diego Fish Reports dock totals,https://www.sandiegofishreports.com/dock_totals/boats.php?date=2026-08-25,2026-10-04T06:17:47Z,backfill,dock-trips-1
a5c0ea686943cad5,2026-08-25,H&M,Relentless,2.5_day,2.5 Day,2.5,17,{},{},0,"Relentless H&M Landing San Diego, CA | 17 Anglers 2.5 Day | ",San Diego Fish Reports dock totals,https://www.sandiegofishreports.com/dock_totals/boats.php?date=2026-08-25,2026-10-04T06:17:47Z,backfill,dock-trips-1
73391fea4573c318,2026-08-25,H&M,"Southern Cal Oceanside Sea Center Oceanside, CA",half_day,1/2 Day AM,0.5,27,"{""bonito"": 7, ""calico_bass"": 8, ""sand_bass"": 3, ""yellowtail"": 1}","{""calico_bass"": 40, ""sand_bass"": 10}",69,"Southern Cal Oceanside Sea Center Oceanside, CA | 27 Anglers 1/2 Day AM | 3 Sand Bass, 1 Yellowtail, 8 Calico Bass, 7 Bonito, 10 Sand Bass Released , 40 Calico Bass Released",San Diego Fish Reports dock totals,https://www.sandiegofishreports.com/dock_totals/boats.php?date=2026-08-25,2026-10-04T06:17:47Z,backfill,dock-trips-1
32e303633128d248,2026-08-25,H&M,Top Gun 80,2_day,2 Day,2.0,25,"{""bluefin_tuna"": 15, ""yellowtail"": 15}",{},30,"Top Gun 80 H&M Landing San Diego, CA | 25 Anglers 2 Day | 15 Bluefin Tuna, 15 Yellowtail",San Diego Fish Reports dock totals,https://www.sandiegofishreports.com/dock_totals/boats.php?date=2026-08-25,2026-10-04T06:17:47Z,backfill,dock-trips-1
0766df6680a78e48,2026-08-25,Point Loma,Daily Double,half_day,1/2 Day AM,0.5,11,"{""calico_bass"": 9, ""rockfish"": 8, ""sand_bass"": 9, ""sheephead"": 6}",{},32,"Daily Double Point Loma Sportfishing San Diego, CA | 11 Anglers 1/2 Day AM | 9 Barred Sand Bass, 12 Sculpin, 6 Sheephead, 9 Calico Bass, 8 Rockfish",San Diego Fish Reports dock totals,https://www.sandiegofishreports.com/dock_totals/boats.php?date=2026-08-25,2026-10-04T06:17:47Z,backfill,dock-trips-1
bc35c0e3482df2c1,2026-08-25,Point Loma,Daily Double,half_day,1/2 Day PM,0.5,22,"{""bonito"": 20, ""sand_bass"": 1, ""sheephead"": 3, ""yellowtail"": 3}",{},27,"Daily Double Point Loma Sportfishing San Diego, CA | 22 Anglers 1/2 Day PM | 1 Barred Sand Bass, 3 Sheephead, 3 Yellowtail, 20 Bonito",San Diego Fish Reports dock totals,https://www.sandiegofishreports.com/dock_totals/boats.php?date=2026-08-25,2026-10-04T06:17:47Z,backfill,dock-trips-1
fef60ac201e9cc3b,2026-08-25,Point Loma,Mission Belle,full_day,Full Day Coronado Islands,1.0,30,"{""bonito"": 5, ""sand_bass"": 5, ""yellowtail"": 125}",{},135,"Mission Belle Point Loma Sportfishing San Diego, CA | 30 Anglers Full Day Coronado Islands | 5 Barred Sand Bass, 125 Yellowtail, 5 Bonito",San Diego Fish Reports dock totals,https://www.sandiegofishreports.com/dock_totals/boats.php?date=2026-08-25,2026-10-04T06:17:47Z,backfill,dock-trips-1
b52710d20889c91b,2026-08-25,Point Loma,New Lo-An,2_day,2 Day,2.0,21,"{""bluefin_tuna"": 15, ""dorado"": 3, ""yellowtail"": 77}",{},95,"New Lo-An Point Loma Sportfishing San Diego, CA | 21 Anglers 2 Day | 15 Bluefin Tuna (up to 30 pounds), 77 Yellowtail (up to 35 pounds), 3 Dorado",San Diego Fish Reports dock totals,https://www.sandiegofishreports.com/dock_totals/boats.php?date=2026-08-25,2026-10-04T06:17:47Z,backfill,dock-trips-1
c5a07f33d5342345,2026-08-25,Point Loma,Point Loma,full_day,Full Day Coronado Islands,1.0,18,"{""california_halibut"": 2, ""yellowtail"": 67}",{},69,"Point Loma Point Loma Sportfishing San Diego, CA | 18 Anglers Full Day Coronado Islands | 2 Halibut, 67 Yellowtail",San Diego Fish Reports dock totals,https://www.sandiegofishreports.com/dock_totals/boats.php?date=2026-08-25,2026-10-04T06:17:47Z,backfill,dock-trips-1
0c1b3cba12f5561e,2026-08-25,Seaforth,New Seaforth,half_day,1/2 Day AM,0.5,11,"{""calico_bass"": 1, ""sand_bass"": 4, ""yellowtail"": 14}",{},19,"New Seaforth Seaforth Sportfishing San Diego, CA | 11 Anglers 1/2 Day AM | 4 Sand Bass, 14 Yellowtail, 1 Calico Bass",San Diego Fish Reports dock totals,https://www.sandiegofishreports.com/dock_totals/boats.php?date=2026-08-25,2026-10-04T06:17:47Z,backfill,dock-trips-1
454c6206f3fef056,2026-08-25,Seaforth,New Seaforth,half_day,1/2 Day PM,0.5,21,"{""calico_bass"": 13, ""sheephead"": 1, ""yellowtail"": 4}",{},18,"New Seaforth Seaforth Sportfishing San Diego, CA | 21 Anglers 1/2 Day PM | 2 Sculpin, 1 Sheephead, 4 Yellowtail, 13 Calico Bass",San Diego Fish Reports dock totals,https://www.sandiegofishreports.com/dock_totals/boats.php?date=2026-08-25,2026-10-04T06:17:47Z,backfill,dock-trips-1
bb57e28b8feaf658,2026-08-25,Seaforth,New Seaforth,twilight,1/2 Day Twilight,0.4,6,"{""bonito"": 30, ""calico_bass"": 12, ""rockfish"": 2, ""sand_bass"": 2, ""sheephead"": 2}","{""calico_bass"": 60}",108,"New Seaforth Seaforth Sportfishing San Diego, CA | 6 Anglers 1/2 Day Twilight | 2 Sand Bass, 2 Sculpin, 2 Sheephead, 12 Calico Bass, 10 Whitefish, 30 Bonito, 2 Rockfish, 60 Calico Bass Released",San Diego Fish Reports dock totals,https://www.sandiegofishreports.com/dock_totals/boats.php?date=2026-08-25,2026-10-04T06:17:47Z,backfill,dock-trips-1
6bff7c4cdb67c619,2026-08-25,Seaforth,Pacific Voyager,4_day,4 Day,4.0,9,"{""bluefin_tuna"": 54, ""dorado"": 2, ""yellowfin_tuna"": 2, ""yellowtail"": 135}",{},193,"Pacific Voyager Seaforth Sportfishing San Diego, CA | 9 Anglers 4 Day | 54 Bluefin Tuna, 135 Yellowtail, 2 Dorado, 2 Yellowfin Tuna",San Diego Fish Reports dock totals,https://www.sandiegofishreports.com/dock_totals/boats.php?date=2026-08-25,2026-10-04T06:17:47Z,backfill,dock-trips-1
02c2060fe0707d8b,2026-08-25,Seaforth,Pacifica,2_day,2 Day,2.0,25,"{""bluefin_tuna"": 8, ""yellowfin_tuna"": 32, ""yellowtail"": 37}",{},77,"Pacifica Seaforth Sportfishing San Diego, CA | 25 Anglers 2 Day | 8 Bluefin Tuna, 37 Yellowtail, 32 Yellowfin Tuna",San Diego Fish Reports dock totals,https://www.sandiegofishreports.com/dock_totals/boats.php?date=2026-08-25,2026-10-04T06:17:47Z,backfill,dock-trips-1
714c57926ff552be,2026-08-25,Seaforth,San Diego,full_day,Full Day Coronado Islands,1.0,34,"{""bonito"": 36, ""sand_bass"": 12, ""yellowtail"": 80}",{},128,"San Diego Seaforth Sportfishing San Diego, CA | 34 Anglers Full Day Coronado Islands | 12 Sand Bass, 80 Yellowtail, 36 Bonito",San Diego Fish Reports dock totals,https://www.sandiegofishreports.com/dock_totals/boats.php?date=2026-08-25,2026-10-04T06:17:47Z,backfill,dock-trips-1
d0fcf6a0883a1726,2026-08-25,Seaforth,Sea Watch,three_quarter_day,3/4 Day,0.75,11,"{""bonito"": 17, ""sand_bass"": 9, ""yellowtail"": 4}",{},30,"Sea Watch Seaforth Sportfishing San Diego, CA | 11 Anglers 3/4 Day | 9 Sand Bass, 4 Sculpin, 4 Yellowtail, 11 Whitefish, 17 Bonito",San Diego Fish Reports dock totals,https://www.sandiegofishreports.com/dock_totals/boats.php?date=2026-08-25,2026-10-04T06:17:47Z,backfill,dock-trips-1
93dd4498dd0474cc,2026-08-25,Seaforth,Tribute,1.5_day,1.5 Day,1.5,29,"{""bonito"": 9, ""rockfish"": 123, ""sheephead"": 11, ""yellowtail"": 12}",{},155,"Tribute Seaforth Sportfishing San Diego, CA | 29 Anglers 1.5 Day | 11 Sheephead, 12 Yellowtail, 1 Lingcod, 9 Bonito, 73 Rockfish, 50 Vermilion Rockfish",San Diego Fish Reports dock totals,https://www.sandiegofishreports.com/dock_totals/boats.php?date=2026-08-25,2026-10-04T06:17:47Z,backfill,dock-trips-1
494cc976b9358acc,2026-08-25,Seaforth,Voyager,1.5_day,1.5 Day,1.5,15,"{""yellowtail"": 71}",{},71,"Voyager Seaforth Sportfishing San Diego, CA | 15 Anglers 1.5 Day | 71 Yellowtail",San Diego Fish Reports dock totals,https://www.sandiegofishreports.com/dock_totals/boats.php?date=2026-08-25,2026-10-04T06:17:47Z,backfill,dock-trips-1
56ccb101bcc0c158,2026-08-26,Fishermans,Constitution,2_day,2 Day,2.0,21,"{""bluefin_tuna"": 65, ""dorado"": 21, ""rockfish"": 30}","{""yellowfin_tuna"": 13}",129,"Constitution Fisherman's Landing San Diego, CA | 21 Anglers 2 Day | 65 Bluefin Tuna, 21 Dorado, 30 Rockfish, 13 Yellowfin Tuna Released",San Diego Fish Reports dock totals,https://www.sandiegofishreports.com/dock_totals/boats.php?date=2026-08-26,2026-10-04T06:17:49Z,backfill,dock-trips-1
b826b8a472337e4c,2026-08-26,Fishermans,Dolphin,full_day,Full Day,1.0,30,"{""bonito"": 150, ""calico_bass"": 10, ""sheephead"": 1, ""white_seabass"": 1, ""yellowtail"": 61}",{},223,"Dolphin Fisherman's Landing San Diego, CA | 30 Anglers Full Day | 1 Sheephead, 61 Yellowtail, 10 Calico Bass, 2 Lingcod, 150 Bonito, 1 White Seabass",San Diego Fish Reports dock totals,https://www.sandiegofishreports.com/dock_totals/boats.php?date=2026-08-26,2026-10-04T06:17:49Z,backfill,dock-trips-1
9fd4b17b93f068a5,2026-08-26,Fishermans,Lucky B Sportfishing,full_day,Full Day,1.0,2,"{""yellowtail"": 10}",{},10,"Lucky B Sportfishing Fisherman's Landing San Diego, CA | 2 Anglers Full Day | 10 Yellowtail",San Diego Fish Reports dock totals,https://www.sandiegofishreports.com/dock_totals/boats.php?date=2026-08-26,2026-10-04T06:17:49Z,backfill,dock-trips-1
b67617f12ffe8724,2026-08-26,H&M,Daiwa Pacific,overnight,Overnight,1.0,20,"{""yellowfin_tuna"": 12, ""yellowtail"": 32}",{},44,"Daiwa Pacific H&M Landing San Diego, CA | 20 Anglers Overnight | 32 Yellowtail, 12 Yellowfin Tuna",San Diego Fish Reports dock totals,https://www.sandiegofishreports.com/dock_totals/boats.php?date=2026-08-26,2026-10-04T06:17:49Z,backfill,dock-trips-1
1a13fe94eb8eebda,2026-08-26,H&M,Grande,full_day,Full Day Offshore,1.0,41,"{""dorado"": 4, ""yellowfin_tuna"": 102}",{},106,"Grande H&M Landing San Diego, CA | 41 Anglers Full Day Offshore | 4 Dorado, 11 Skipjack Tuna, 102 Yellowfin Tuna",San Diego Fish Reports dock totals,https://www.sandiegofishreports.com/dock_totals/boats.php?date=2026-08-26,2026-10-04T06:17:49Z,backfill,dock-trips-1
c99e08ebe2ceecde,2026-08-26,H&M,Malihini,three_quarter_day,3/4 Day,0.75,17,"{""bonito"": 85, ""calico_bass"": 1, ""sand_bass"": 3, ""yellowtail"": 1}",{},90,"Malihini H&M Landing San Diego, CA | 17 Anglers 3/4 Day | 3 Sand Bass, 1 Sculpin, 1 Yellowtail, 1 Calico Bass, 85 Bonito",San Diego Fish Reports dock totals,https://www.sandiegofishreports.com/dock_totals/boats.php?date=2026-08-26,2026-10-04T06:17:49Z,backfill,dock-trips-1
fe7435a1352c6591,2026-08-26,H&M,Nautilus,overnight,Overnight,1.0,4,{},{},0,"Nautilus H&M Landing San Diego, CA | 4 Anglers Overnight | ",San Diego Fish Reports dock totals,https://www.sandiegofishreports.com/dock_totals/boats.php?date=2026-08-26,2026-10-04T06:17:49Z,backfill,dock-trips-1
cce074f5e209bdfb,2026-08-26,H&M,Old Glory,overnight,Overnight,1.0,23,"{""dorado"": 1, ""yellowfin_tuna"": 115}",{},116,"Old Glory H&M Landing San Diego, CA | 23 Anglers Overnight | 1 Dorado, 115 Yellowfin Tuna",San Diego Fish Reports dock totals,https://www.sandiegofishreports.com/dock_totals/boats.php?date=2026-08-26,2026-10-04T06:17:49Z,backfill,dock-trips-1
3a7582e7f7bd0ec1,2026-08-26,H&M,Patriot (SD),three_quarter_day,3/4 Day,0.75,8,"{""bonito"": 5, ""rockfish"": 80}",{},85,"Patriot (SD) H&M Landing San Diego, CA | 8 Anglers 3/4 Day | 5 Bonito, 80 Rockfish",San Diego Fish Reports dock totals,https://www.sandiegofishreports.com/dock_totals/boats.php?date=2026-08-26,2026-10-04T06:17:49Z,backfill,dock-trips-1
06d1072c373def4b,2026-08-26,H&M,Premier,half_day,1/2 Day AM,0.5,10,"{""bonito"": 11, ""calico_bass"": 8, ""sand_bass"": 7, ""sheephead"": 1, ""yellowtail"": 21}",{},48,"Premier H&M Landing San Diego, CA | 10 Anglers 1/2 Day AM | 7 Sand Bass, 1 Sheephead, 21 Yellowtail, 8 Calico Bass, 11 Bonito",San Diego Fish Reports dock totals,https://www.sandiegofishreports.com/dock_totals/boats.php?date=2026-08-26,2026-10-04T06:17:49Z,backfill,dock-trips-1
39134e7f0ab97d68,2026-08-26,H&M,Premier,half_day,1/2 Day PM,0.5,9,"{""bonito"": 41, ""sand_bass"": 2, ""yellowtail"": 1}",{},44,"Premier H&M Landing San Diego, CA | 9 Anglers 1/2 Day PM | 2 Sand Bass, 1 Yellowtail, 41 Bonito",San Diego Fish Reports dock totals,https://www.sandiegofishreports.com/dock_totals/boats.php?date=2026-08-26,2026-10-04T06:17:49Z,backfill,dock-trips-1
7a3216094acc4b4d,2026-08-26,H&M,Ranger 85,2.5_day,2.5 Day,2.5,22,"{""bluefin_tuna"": 30, ""dorado"": 4, ""yellowtail"": 21}",{},55,"Ranger 85 H&M Landing San Diego, CA | 22 Anglers 2.5 Day | 30 Bluefin Tuna, 21 Yellowtail, 4 Dorado",San Diego Fish Reports dock totals,https://www.sandiegofishreports.com/dock_totals/boats.php?date=2026-08-26,2026-10-04T06:17:49Z,backfill,dock-trips-1
1e4812b09d194150,2026-08-26,H&M,"Southern Cal Oceanside Sea Center Oceanside, CA",half_day,1/2 Day AM,0.5,11,"{""bonito"": 30, ""calico_bass"": 8, ""sand_bass"": 1}","{""calico_bass"": 30}",69,"Southern Cal Oceanside Sea Center Oceanside, CA | 11 Anglers 1/2 Day AM | 1 Sand Bass, 8 Calico Bass, 30 Bonito, 30 Calico Bass Released",San Diego Fish Reports dock totals,https://www.sandiegofishreports.com/dock_totals/boats.php?date=2026-08-26,2026-10-04T06:17:49Z,backfill,dock-trips-1
3218482c5ee82753,2026-08-26,H&M,Vendetta 2,half_day,1/2 Day PM,0.5,11,{},{},0,"Vendetta 2 H&M Landing San Diego, CA | 11 Anglers 1/2 Day PM | ",San Diego Fish Reports dock totals,https://www.sandiegofishreports.com/dock_totals/boats.php?date=2026-08-26,2026-10-04T06:17:49Z,backfill,dock-trips-1
5dda59966570246b,2026-08-26,Point Loma,Mission Belle,full_day,Full Day Coronado Islands,1.0,31,"{""yellowtail"": 26}",{},26,"Mission Belle Point Loma Sportfishing San Diego, CA | 31 Anglers Full Day Coronado Islands | 26 Yellowtail",San Diego Fish Reports dock totals,https://www.sandiegofishreports.com/dock_totals/boats.php?date=2026-08-26,2026-10-04T06:17:49Z,backfill,dock-trips-1
af02fa6e8c36f973,2026-08-26,Point Loma,Point Loma,full_day,Full Day Coronado Islands,1.0,20,"{""bonito"": 53, ""yellowtail"": 46}",{},99,"Point Loma Point Loma Sportfishing San Diego, CA | 20 Anglers Full Day Coronado Islands | 46 Yellowtail, 53 Bonito",San Diego Fish Reports dock totals,https://www.sandiegofishreports.com/dock_totals/boats.php?date=2026-08-26,2026-10-04T06:17:49Z,backfill,dock-trips-1
a8b8db54b21ce05c,2026-08-26,Seaforth,Apollo,3_day,3 Day,3.0,20,"{""bluefin_tuna"": 80, ""dorado"": 2, ""yellowtail"": 36}",{},118,"Apollo Seaforth Sportfishing San Diego, CA | 20 Anglers 3 Day | 80 Bluefin Tuna, 36 Yellowtail, 2 Dorado",San Diego Fish Reports dock totals,https://www.sandiegofishreports.com/dock_totals/boats.php?date=2026-08-26,2026-10-04T06:17:49Z,backfill,dock-trips-1
05a19fb99c24a7c2,2026-08-26,Seaforth,Aztec,3_day,3 Day,3.0,16,"{""bluefin_tuna"": 63, ""dorado"": 9, ""yellowfin_tuna"": 25, ""yellowtail"": 14}",{},111,"Aztec Seaforth Sportfishing San Diego, CA | 16 Anglers 3 Day | 63 Bluefin Tuna, 14 Yellowtail, 9 Dorado, 25 Yellowfin Tuna",San Diego Fish Reports dock totals,https://www.sandiegofishreports.com/dock_totals/boats.php?date=2026-08-26,2026-10-04T06:17:49Z,backfill,dock-trips-1
8b83eef3719582a2,2026-08-26,Seaforth,Highliner,2.5_day,2.5 Day,2.5,23,"{""bluefin_tuna"": 92, ""dorado"": 14, ""yellowfin_tuna"": 50, ""yellowtail"": 15}",{},171,"Highliner Seaforth Sportfishing San Diego, CA | 23 Anglers 2.5 Day | 92 Bluefin Tuna, 15 Yellowtail, 14 Dorado, 50 Yellowfin Tuna",San Diego Fish Reports dock totals,https://www.sandiegofishreports.com/dock_totals/boats.php?date=2026-08-26,2026-10-04T06:17:49Z,backfill,dock-trips-1
ec5ca272d5df7383,2026-08-26,Seaforth,New Seaforth,half_day,1/2 Day AM,0.5,42,"{""bonito"": 50, ""calico_bass"": 10, ""sand_bass"": 1, ""yellowtail"": 16}",{},77,"New Seaforth Seaforth Sportfishing San Diego, CA | 42 Anglers 1/2 Day AM | 1 Sand Bass, 16 Yellowtail, 10 Calico Bass, 50 Bonito",San Diego Fish Reports dock totals,https://www.sandiegofishreports.com/dock_totals/boats.php?date=2026-08-26,2026-10-04T06:17:49Z,backfill,dock-trips-1
1936a4011201c8c9,2026-08-26,Seaforth,New Seaforth,half_day,1/2 Day PM,0.5,35,"{""barracuda"": 3, ""bonito"": 70, ""calico_bass"": 14, ""rockfish"": 4, ""yellowtail"": 7}",{},98,"New Seaforth Seaforth Sportfishing San Diego, CA | 35 Anglers 1/2 Day PM | 3 Barracuda, 7 Yellowtail, 14 Calico Bass, 70 Bonito, 4 Rockfish",San Diego Fish Reports dock totals,https://www.sandiegofishreports.com/dock_totals/boats.php?date=2026-08-26,2026-10-04T06:17:49Z,backfill,dock-trips-1
8d437e83bc9e0824,2026-08-26,Seaforth,New Seaforth,twilight,1/2 Day Twilight,0.4,15,"{""barracuda"": 8, ""bonito"": 65, ""calico_bass"": 3, ""rockfish"": 5}",{},81,"New Seaforth Seaforth Sportfishing San Diego, CA | 15 Anglers 1/2 Day Twilight | 8 Barracuda, 1 Sculpin, 3 Calico Bass, 65 Bonito, 5 Rockfish",San Diego Fish Reports dock totals,https://www.sandiegofishreports.com/dock_totals/boats.php?date=2026-08-26,2026-10-04T06:17:49Z,backfill,dock-trips-1
5d06f504c7f838f9,2026-08-26,Seaforth,Polaris Supreme,3_day,3 Day,3.0,21,"{""bluefin_tuna"": 126, ""yellowtail"": 44}",{},170,"Polaris Supreme Seaforth Sportfishing San Diego, CA | 21 Anglers 3 Day | 126 Bluefin Tuna, 44 Yellowtail",San Diego Fish Reports dock totals,https://www.sandiegofishreports.com/dock_totals/boats.php?date=2026-08-26,2026-10-04T06:17:49Z,backfill,dock-trips-1
f36f435ea7a48a78,2026-08-26,Seaforth,San Diego,full_day,Full Day Coronado Islands,1.0,31,"{""bonito"": 26, ""yellowtail"": 66}",{},92,"San Diego Seaforth Sportfishing San Diego, CA | 31 Anglers Full Day Coronado Islands | 66 Yellowtail, 26 Bonito",San Diego Fish Reports dock totals,https://www.sandiegofishreports.com/dock_totals/boats.php?date=2026-08-26,2026-10-04T06:17:49Z,backfill,dock-trips-1
76475b7b11e392d5,2026-08-26,Seaforth,Sea Watch,three_quarter_day,3/4 Day,0.75,16,"{""bonito"": 75, ""yellowtail"": 7}",{},82,"Sea Watch Seaforth Sportfishing San Diego, CA | 16 Anglers 3/4 Day | 7 Yellowtail, 75 Bonito",San Diego Fish Reports dock totals,https://www.sandiegofishreports.com/dock_totals/boats.php?date=2026-08-26,2026-10-04T06:17:49Z,backfill,dock-trips-1
acaf24e2bb453150,2026-08-26,Seaforth,Voyager,overnight,Overnight,1.0,15,"{""dorado"": 2, ""yellowfin_tuna"": 75, ""yellowtail"": 1}",{},78,"Voyager Seaforth Sportfishing San Diego, CA | 15 Anglers Overnight | 1 Yellowtail, 2 Dorado, 75 Yellowfin Tuna",San Diego Fish Reports dock totals,https://www.sandiegofishreports.com/dock_totals/boats.php?date=2026-08-26,2026-10-04T06:17:49Z,backfill,dock-trips-1
c03dbc8d8f86387d,2026-08-27,Fishermans,Dolphin,half_day,1/2 Day AM,0.5,35,"{""bonito"": 28, ""sand_bass"": 3, ""yellowtail"": 7}",{},38,"Dolphin Fisherman's Landing San Diego, CA | 35 Anglers 1/2 Day AM | 3 Sand Bass, 7 Yellowtail (up to 25 pounds), 28 Bonito (up to 10 pounds)",San Diego Fish Reports dock totals,https://www.sandiegofishreports.com/dock_totals/boats.php?date=2026-08-27,2026-10-04T06:17:51Z,backfill,dock-trips-1
912d25251e95ccdc,2026-08-27,Fishermans,Dolphin,half_day,1/2 Day PM,0.5,25,"{""bonito"": 53, ""calico_bass"": 3, ""sand_bass"": 3, ""yellowtail"": 3}",{},62,"Dolphin Fisherman's Landing San Diego, CA | 25 Anglers 1/2 Day PM | 3 Sand Bass, 3 Yellowtail, 3 Calico Bass, 7 Whitefish, 53 Bonito",San Diego Fish Reports dock totals,https://www.sandiegofishreports.com/dock_totals/boats.php?date=2026-08-27,2026-10-04T06:17:51Z,backfill,dock-trips-1
d506e91319c147de,2026-08-27,Fishermans,Lucky B Sportfishing,full_day,Full Day,1.0,4,"{""yellowtail"": 20}",{},20,"Lucky B Sportfishing Fisherman's Landing San Diego, CA | 4 Anglers Full Day | 20 Yellowtail",San Diego Fish Reports dock totals,https://www.sandiegofishreports.com/dock_totals/boats.php?date=2026-08-27,2026-10-04T06:17:51Z,backfill,dock-trips-1
f0f750c7c2836fac,2026-08-27,Fishermans,Pacific Dawn,2.5_day,2.5 Day,2.5,12,"{""bluefin_tuna"": 48, ""dorado"": 4, ""yellowtail"": 40}",{},92,"Pacific Dawn Fisherman's Landing San Diego, CA | 12 Anglers 2.5 Day | 48 Bluefin Tuna, 40 Yellowtail (up to 30 pounds), 4 Dorado",San Diego Fish Reports dock totals,https://www.sandiegofishreports.com/dock_totals/boats.php?date=2026-08-27,2026-10-04T06:17:51Z,backfill,dock-trips-1
fe0272c2b12e6587,2026-08-27,Fishermans,Pacific Queen,3.5_day,3.5 Day,3.5,24,"{""bluefin_tuna"": 144, ""dorado"": 121, ""yellowfin_tuna"": 14, ""yellowtail"": 114}",{},393,"Pacific Queen Fisherman's Landing San Diego, CA | 24 Anglers 3.5 Day | 144 Bluefin Tuna, 114 Yellowtail, 121 Dorado, 14 Yellowfin Tuna",San Diego Fish Reports dock totals,https://www.sandiegofishreports.com/dock_totals/boats.php?date=2026-08-27,2026-10-04T06:17:51Z,backfill,dock-trips-1
97db60def475938b,2026-08-27,Fishermans,Pegasus,1.5_day,1.5 Day,1.5,15,"{""bluefin_tuna"": 30, ""dorado"": 46, ""yellowtail"": 5}",{},81,"Pegasus Fisherman's Landing San Diego, CA | 15 Anglers 1.5 Day | 30 Bluefin Tuna, 5 Yellowtail, 46 Dorado",San Diego Fish Reports dock totals,https://www.sandiegofishreports.com/dock_totals/boats.php?date=2026-08-27,2026-10-04T06:17:51Z,backfill,dock-trips-1
fda54a7ea0324880,2026-08-27,H&M,"Blue Horizon Oceanside Sea Center Oceanside, CA",full_day,Full Day Local,1.0,22,"{""bonito"": 6, ""yellowfin_tuna"": 4}",{},10,"Blue Horizon Oceanside Sea Center Oceanside, CA | 22 Anglers Full Day Local | 6 Bonito, 6 Skipjack Tuna, 4 Yellowfin Tuna",San Diego Fish Reports dock totals,https://www.sandiegofishreports.com/dock_totals/boats.php?date=2026-08-27,2026-10-04T06:17:51Z,backfill,dock-trips-1
8e28d43aeb45f660,2026-08-27,H&M,"Chubasco II Oceanside Sea Center Oceanside, CA",three_quarter_day,3/4 Day,0.75,35,"{""bonito"": 135, ""calico_bass"": 35, ""dorado"": 1, ""sand_bass"": 7, ""yellowfin_tuna"": 7, ""yellowtail"": 4}","{""calico_bass"": 40, ""sand_bass"": 10}",239,"Chubasco II Oceanside Sea Center Oceanside, CA | 35 Anglers 3/4 Day | 7 Sand Bass, 4 Yellowtail, 1 Dorado, 35 Calico Bass, 4 Whitefish, 135 Bonito, 10 Skipjack Tuna, 7 Yellowfin Tuna, 10 Sand Bass Released , 40 Calico Bass Released",San Diego Fish Reports dock totals,https://www.sandiegofishreports.com/dock_totals/boats.php?date=2026-08-27,2026-10-04T06:17:51Z,backfill,dock-trips-1
c63173c2472dbe18,2026-08-27,H&M,Grande,overnight,Overnight,1.0,22,"{""dorado"": 9, ""yellowfin_tuna"": 110, ""yellowtail"": 1}",{},120,"Grande H&M Landing San Diego, CA | 22 Anglers Overnight | 1 Yellowtail, 9 Dorado, 95 Skipjack Tuna, 1 Striped Marlin, 110 Yellowfin Tuna",San Diego Fish Reports dock totals,https://www.sandiegofishreports.com/dock_totals/boats.php?date=2026-08-27,2026-10-04T06:17:51Z,backfill,dock-trips-1
9917a7340cc28fa0,2026-08-27,H&M,Legend,2_day,2 Day,2.0,28,"{""bluefin_tuna"": 21, ""dorado"": 4, ""yellowfin_tuna"": 1, ""yellowtail"": 33}",{},59,"Legend H&M Landing San Diego, CA | 28 Anglers 2 Day | 21 Bluefin Tuna, 33 Yellowtail, 4 Dorado, 1 Yellowfin Tuna",San Diego Fish Reports dock totals,https://www.sandiegofishreports.com/dock_totals/boats.php?date=2026-08-27,2026-10-04T06:17:51Z,backfill,dock-trips-1
28dbf1fff4acef05,2026-08-27,H&M,Malihini,full_day,Full Day Offshore,1.0,29,"{""dorado"": 1, ""yellowfin_tuna"": 2}",{},3,"Malihini H&M Landing San Diego, CA | 29 Anglers Full Day Offshore | 1 Dorado, 2 Yellowfin Tuna",San Diego Fish Reports dock totals,https://www.sandiegofishreports.com/dock_totals/boats.php?date=2026-08-27,2026-10-04T06:17:51Z,backfill,dock-trips-1
9214b6be4413aab1,2026-08-27,H&M,Patriot (SD),half_day,1/2 Day AM,0.5,10,"{""bonito"": 1, ""rockfish"": 88}",{},89,"Patriot (SD) H&M Landing San Diego, CA | 10 Anglers 1/2 Day AM | 2 Bullet Tuna, 1 Bonito, 88 Rockfish",San Diego Fish Reports dock totals,https://www.sandiegofishreports.com/dock_totals/boats.php?date=2026-08-27,2026-10-04T06:17:51Z,backfill,dock-trips-1
1bfb5c755bb12a1b,2026-08-27,H&M,Premier,full_day,Full Day,1.0,25,"{""bonito"": 49, ""calico_bass"": 1, ""sand_bass"": 1, ""yellowfin_tuna"": 1, ""yellowtail"": 16}",{},68,"Premier H&M Landing San Diego, CA | 25 Anglers Full Day | 1 Sand Bass, 16 Yellowtail, 1 Calico Bass, 49 Bonito, 1 Yellowfin Tuna",San Diego Fish Reports dock totals,https://www.sandiegofishreports.com/dock_totals/boats.php?date=2026-08-27,2026-10-04T06:17:51Z,backfill,dock-trips-1
920a11a95102bd2b,2026-08-27,H&M,"Pronto Oceanside Sea Center Oceanside, CA",full_day,Full Day,1.0,12,"{""bonito"": 5, ""dorado"": 1, ""yellowfin_tuna"": 1, ""yellowtail"": 1}",{},8,"Pronto Oceanside Sea Center Oceanside, CA | 12 Anglers Full Day | 1 Yellowtail, 1 Dorado, 5 Bonito, 37 Skipjack Tuna, 1 Yellowfin Tuna",San Diego Fish Reports dock totals,https://www.sandiegofishreports.com/dock_totals/boats.php?date=2026-08-27,2026-10-04T06:17:51Z,backfill,dock-trips-1
33bc3c95f483ce72,2026-08-27,H&M,Relentless,overnight,Overnight,1.0,13,"{""dorado"": 4, ""yellowfin_tuna"": 12}",{},16,"Relentless H&M Landing San Diego, CA | 13 Anglers Overnight | 4 Dorado, 12 Yellowfin Tuna",San Diego Fish Reports dock totals,https://www.sandiegofishreports.com/dock_totals/boats.php?date=2026-08-27,2026-10-04T06:17:51Z,backfill,dock-trips-1
2b11f461a6ecd890,2026-08-27,H&M,"Southern Cal Oceanside Sea Center Oceanside, CA",half_day,1/2 Day AM,0.5,16,"{""bonito"": 40, ""calico_bass"": 6, ""sand_bass"": 12, ""yellowtail"": 12}","{""calico_bass"": 20, ""sand_bass"": 20}",110,"Southern Cal Oceanside Sea Center Oceanside, CA | 16 Anglers 1/2 Day AM | 12 Sand Bass, 12 Yellowtail, 6 Calico Bass, 40 Bonito, 20 Sand Bass Released , 20 Calico Bass Released",San Diego Fish Reports dock totals,https://www.sandiegofishreports.com/dock_totals/boats.php?date=2026-08-27,2026-10-04T06:17:51Z,backfill,dock-trips-1
2ac061bdb9e74c13,2026-08-27,H&M,Top Gun 80,2_day,2 Day,2.0,16,"{""bluefin_tuna"": 54, ""yellowtail"": 29}",{},83,"Top Gun 80 H&M Landing San Diego, CA | 16 Anglers 2 Day | 54 Bluefin Tuna, 29 Yellowtail",San Diego Fish Reports dock totals,https://www.sandiegofishreports.com/dock_totals/boats.php?date=2026-08-27,2026-10-04T06:17:51Z,backfill,dock-trips-1
178051919fc97cce,2026-08-27,Point Loma,Daily Double,half_day,1/2 Day AM,0.5,13,"{""bonito"": 31, ""sand_bass"": 9, ""yellowtail"": 3}",{},43,"Daily Double Point Loma Sportfishing San Diego, CA | 13 Anglers 1/2 Day AM | 9 Barred Sand Bass, 3 Yellowtail, 31 Bonito",San Diego Fish Reports dock totals,https://www.sandiegofishreports.com/dock_totals/boats.php?date=2026-08-27,2026-10-04T06:17:51Z,backfill,dock-trips-1
eb46b646c341d232,2026-08-27,Point Loma,Mission Belle,full_day,Full Day Coronado Islands,1.0,14,"{""yellowtail"": 63}",{},63,"Mission Belle Point Loma Sportfishing San Diego, CA | 14 Anglers Full Day Coronado Islands | 63 Yellowtail",San Diego Fish Reports dock totals,https://www.sandiegofishreports.com/dock_totals/boats.php?date=2026-08-27,2026-10-04T06:17:51Z,backfill,dock-trips-1
2dc3f3e1bc4b8c17,2026-08-27,Point Loma,New Lo-An,2_day,2 Day,2.0,21,"{""bluefin_tuna"": 84, ""dorado"": 10, ""yellowtail"": 21}",{},115,"New Lo-An Point Loma Sportfishing San Diego, CA | 21 Anglers 2 Day | 84 Bluefin Tuna, 21 Yellowtail (up to 30 pounds), 10 Dorado",San Diego Fish Reports dock totals,https://www.sandiegofishreports.com/dock_totals/boats.php?date=2026-08-27,2026-10-04T06:17:51Z,backfill,dock-trips-1
634f6d34429df696,2026-08-27,Point Loma,Point Loma,full_day,Full Day Coronado Islands,1.0,20,"{""bonito"": 41, ""calico_bass"": 6, ""yellowtail"": 62}",{},109,"Point Loma Point Loma Sportfishing San Diego, CA | 20 Anglers Full Day Coronado Islands | 62 Yellowtail, 6 Calico Bass, 41 Bonito",San Diego Fish Reports dock totals,https://www.sandiegofishreports.com/dock_totals/boats.php?date=2026-08-27,2026-10-04T06:17:51Z,backfill,dock-trips-1
c88c43154921490a,2026-08-27,Seaforth,Apollo,overnight,Overnight,1.0,21,"{""dorado"": 4, ""yellowfin_tuna"": 25}",{},29,"Apollo Seaforth Sportfishing San Diego, CA | 21 Anglers Overnight | 4 Dorado, 25 Yellowfin Tuna",San Diego Fish Reports dock totals,https://www.sandiegofishreports.com/dock_totals/boats.php?date=2026-08-27,2026-10-04T06:17:51Z,backfill,dock-trips-1
1879a4958f17e807,2026-08-27,Seaforth,New Seaforth,twilight,1/2 Day Twilight,0.4,20,"{""bonito"": 55, ""calico_bass"": 34, ""rockfish"": 13}",{},102,"New Seaforth Seaforth Sportfishing San Diego, CA | 20 Anglers 1/2 Day Twilight | 2 Sculpin, 34 Calico Bass, 55 Bonito, 13 Rockfish",San Diego Fish Reports dock totals,https://www.sandiegofishreports.com/dock_totals/boats.php?date=2026-08-27,2026-10-04T06:17:51Z,backfill,dock-trips-1
43a5a5d252e445d2,2026-08-27,Seaforth,New Seaforth,full_day,Full Day Local,1.0,24,"{""barracuda"": 3, ""bonito"": 100, ""sand_bass"": 1, ""yellowtail"": 14}",{},118,"New Seaforth Seaforth Sportfishing San Diego, CA | 24 Anglers Full Day Local | 1 Sand Bass, 3 Barracuda, 14 Yellowtail, 100 Bonito",San Diego Fish Reports dock totals,https://www.sandiegofishreports.com/dock_totals/boats.php?date=2026-08-27,2026-10-04T06:17:51Z,backfill,dock-trips-1
43bb70a6a915580f,2026-08-27,Seaforth,Pacifica,2_day,2 Day,2.0,12,"{""bluefin_tuna"": 48, ""yellowtail"": 6}",{},54,"Pacifica Seaforth Sportfishing San Diego, CA | 12 Anglers 2 Day | 48 Bluefin Tuna, 6 Yellowtail",San Diego Fish Reports dock totals,https://www.sandiegofishreports.com/dock_totals/boats.php?date=2026-08-27,2026-10-04T06:17:51Z,backfill,dock-trips-1
c118bc10ae4d5a42,2026-08-27,Seaforth,San Diego,full_day,Full Day Coronado Islands,1.0,33,"{""bonito"": 75, ""yellowtail"": 66}",{},141,"San Diego Seaforth Sportfishing San Diego, CA | 33 Anglers Full Day Coronado Islands | 66 Yellowtail, 75 Bonito",San Diego Fish Reports dock totals,https://www.sandiegofishreports.com/dock_totals/boats.php?date=2026-08-27,2026-10-04T06:17:51Z,backfill,dock-trips-1
950e297218b1b0b5,2026-08-27,Seaforth,Sea Watch,half_day,1/2 Day AM,0.5,36,"{""bonito"": 31, ""yellowtail"": 7}",{},38,"Sea Watch Seaforth Sportfishing San Diego, CA | 36 Anglers 1/2 Day AM | 7 Yellowtail, 31 Bonito",San Diego Fish Reports dock totals,https://www.sandiegofishreports.com/dock_totals/boats.php?date=2026-08-27,2026-10-04T06:17:51Z,backfill,dock-trips-1
60b8cef5464b0f92,2026-08-27,Seaforth,Sea Watch,half_day,1/2 Day PM,0.5,17,"{""barracuda"": 1, ""bonito"": 95, ""calico_bass"": 12, ""yellowtail"": 1}",{},109,"Sea Watch Seaforth Sportfishing San Diego, CA | 17 Anglers 1/2 Day PM | 1 Barracuda, 1 Yellowtail, 12 Calico Bass, 95 Bonito",San Diego Fish Reports dock totals,https://www.sandiegofishreports.com/dock_totals/boats.php?date=2026-08-27,2026-10-04T06:17:51Z,backfill,dock-trips-1
42b2fe4c3971d8be,2026-08-27,Seaforth,Tribute,1.5_day,1.5 Day,1.5,27,"{""bluefin_tuna"": 20, ""bonito"": 15, ""dorado"": 4, ""yellowfin_tuna"": 8, ""yellowtail"": 38}",{},85,"Tribute Seaforth Sportfishing San Diego, CA | 27 Anglers 1.5 Day | 20 Bluefin Tuna, 38 Yellowtail, 4 Dorado, 15 Bonito, 1 Skipjack Tuna, 8 Yellowfin Tuna",San Diego Fish Reports dock totals,https://www.sandiegofishreports.com/dock_totals/boats.php?date=2026-08-27,2026-10-04T06:17:51Z,backfill,dock-trips-1
1089dde350586158,2026-08-27,Seaforth,Voyager,overnight,Overnight,1.0,5,"{""dorado"": 1, ""yellowfin_tuna"": 25}",{},26,"Voyager Seaforth Sportfishing San Diego, CA | 5 Anglers Overnight | 1 Dorado, 25 Yellowfin Tuna",San Diego Fish Reports dock totals,https://www.sandiegofishreports.com/dock_totals/boats.php?date=2026-08-27,2026-10-04T06:17:51Z,backfill,dock-trips-1
693248aa75232079,2026-08-28,Fishermans,Constitution,2_day,2 Day,2.0,19,"{""dorado"": 12, ""yellowfin_tuna"": 42, ""yellowtail"": 12}",{},66,"Constitution Fisherman's Landing San Diego, CA | 19 Anglers 2 Day | 12 Yellowtail, 12 Dorado, 42 Yellowfin Tuna",San Diego Fish Reports dock totals,https://www.sandiegofishreports.com/dock_totals/boats.php?date=2026-08-28,2026-10-04T06:17:53Z,backfill,dock-trips-1
23a33f07642e09a9,2026-08-28,Fishermans,Dolphin,full_day,Full Day,1.0,29,"{""bonito"": 2, ""yellowfin_tuna"": 12}",{},14,"Dolphin Fisherman's Landing San Diego, CA | 29 Anglers Full Day | 2 Bonito, 12 Yellowfin Tuna",San Diego Fish Reports dock totals,https://www.sandiegofishreports.com/dock_totals/boats.php?date=2026-08-28,2026-10-04T06:17:53Z,backfill,dock-trips-1
6e9cc0c7f861e499,2026-08-28,Fishermans,Fortune,2_day,2 Day,2.0,0,"{""bluefin_tuna"": 44, ""dorado"": 6}",{},50,"Fortune Fisherman's Landing San Diego, CA | 0 Anglers 2 Day | 44 Bluefin Tuna, 6 Dorado",San Diego Fish Reports dock totals,https://www.sandiegofishreports.com/dock_totals/boats.php?date=2026-08-28,2026-10-04T06:17:53Z,backfill,dock-trips-1
773c2d1b77345e4f,2026-08-28,Fishermans,Islander,3.5_day,3.5 Day,3.5,26,"{""bluefin_tuna"": 131, ""dorado"": 11, ""yellowtail"": 54}",{},196,"Islander Fisherman's Landing San Diego, CA | 26 Anglers 3.5 Day | 131 Bluefin Tuna (up to 150 pounds), 54 Yellowtail, 11 Dorado, 1 Striped Marlin",San Diego Fish Reports dock totals,https://www.sandiegofishreports.com/dock_totals/boats.php?date=2026-08-28,2026-10-04T06:17:53Z,backfill,dock-trips-1
86b9e9df9ab996c7,2026-08-28,Fishermans,Liberty,2_day,2 Day,2.0,25,"{""bluefin_tuna"": 48, ""dorado"": 2, ""yellowtail"": 7}",{},57,"Liberty Fisherman's Landing San Diego, CA | 25 Anglers 2 Day | 48 Bluefin Tuna, 7 Yellowtail, 2 Dorado",San Diego Fish Reports dock totals,https://www.sandiegofishreports.com/dock_totals/boats.php?date=2026-08-28,2026-10-04T06:17:53Z,backfill,dock-trips-1
9d471ea1a0962ec7,2026-08-28,Fishermans,Lucky B Sportfishing,full_day,Full Day,1.0,4,"{""bonito"": 20, ""yellowtail"": 20}",{},40,"Lucky B Sportfishing Fisherman's Landing San Diego, CA | 4 Anglers Full Day | 20 Yellowtail, 20 Bonito",San Diego Fish Reports dock totals,https://www.sandiegofishreports.com/dock_totals/boats.php?date=2026-08-28,2026-10-04T06:17:53Z,backfill,dock-trips-1
4b2c882639917097,2026-08-28,Fishermans,Poseidon,3.5_day,3.5 Day,3.5,19,"{""bluefin_tuna"": 114, ""dorado"": 51, ""yellowtail"": 88}",{},253,"Poseidon Fisherman's Landing San Diego, CA | 19 Anglers 3.5 Day | 114 Bluefin Tuna, 88 Yellowtail, 51 Dorado",San Diego Fish Reports dock totals,https://www.sandiegofishreports.com/dock_totals/boats.php?date=2026-08-28,2026-10-04T06:17:53Z,backfill,dock-trips-1
a3b3c757d6068d87,2026-08-28,Fishermans,Tomahawk,1.5_day,1.5 Day,1.5,17,"{""bluefin_tuna"": 34, ""dorado"": 5, ""yellowtail"": 5}",{},44,"Tomahawk Fisherman's Landing San Diego, CA | 17 Anglers 1.5 Day | 34 Bluefin Tuna, 5 Yellowtail, 5 Dorado",San Diego Fish Reports dock totals,https://www.sandiegofishreports.com/dock_totals/boats.php?date=2026-08-28,2026-10-04T06:17:53Z,backfill,dock-trips-1
4d2994a9e3e0f929,2026-08-28,H&M,"Blue Horizon Oceanside Sea Center Oceanside, CA",full_day,Full Day,1.0,8,"{""bonito"": 40, ""yellowtail"": 25}",{},65,"Blue Horizon Oceanside Sea Center Oceanside, CA | 8 Anglers Full Day | 25 Yellowtail, 40 Bonito, 35 Skipjack Tuna",San Diego Fish Reports dock totals,https://www.sandiegofishreports.com/dock_totals/boats.php?date=2026-08-28,2026-10-04T06:17:53Z,backfill,dock-trips-1
410e02cdc9603b76,2026-08-28,H&M,"Chubasco II Oceanside Sea Center Oceanside, CA",twilight,1/2 Day Twilight Local,0.4,25,"{""bonito"": 75, ""calico_bass"": 8, ""sand_bass"": 12}","{""calico_bass"": 30}",125,"Chubasco II Oceanside Sea Center Oceanside, CA | 25 Anglers 1/2 Day Twilight Local | 12 Sand Bass, 8 Calico Bass, 75 Bonito, 30 Calico Bass Released",San Diego Fish Reports dock totals,https://www.sandiegofishreports.com/dock_totals/boats.php?date=2026-08-28,2026-10-04T06:17:53Z,backfill,dock-trips-1
0e6ae62afbf889f4,2026-08-28,H&M,"Chubasco II Oceanside Sea Center Oceanside, CA",three_quarter_day,3/4 Day,0.75,30,"{""barracuda"": 4, ""bonito"": 80, ""calico_bass"": 9, ""sand_bass"": 5, ""yellowfin_tuna"": 5, ""yellowtail"": 5}",{},108,"Chubasco II Oceanside Sea Center Oceanside, CA | 30 Anglers 3/4 Day | 5 Sand Bass, 4 Barracuda, 5 Yellowtail, 9 Calico Bass, 80 Bonito, 39 Skipjack Tuna, 5 Yellowfin Tuna",San Diego Fish Reports dock totals,https://www.sandiegofishreports.com/dock_totals/boats.php?date=2026-08-28,2026-10-04T06:17:53Z,backfill,dock-trips-1
d46e24fe2b12717b,2026-08-28,H&M,Daiwa Pacific,full_day,Full Day,1.0,12,"{""dorado"": 2, ""yellowfin_tuna"": 3}",{},5,"Daiwa Pacific H&M Landing San Diego, CA | 12 Anglers Full Day | 2 Dorado, 2 Skipjack Tuna, 3 Yellowfin Tuna",San Diego Fish Reports dock totals,https://www.sandiegofishreports.com/dock_totals/boats.php?date=2026-08-28,2026-10-04T06:17:53Z,backfill,dock-trips-1
4f8d96cbc7384f45,2026-08-28,H&M,Excalibur,3_day,3 Day,3.0,20,"{""bluefin_tuna"": 120, ""dorado"": 2, ""yellowfin_tuna"": 2, ""yellowtail"": 24}",{},148,"Excalibur H&M Landing San Diego, CA | 20 Anglers 3 Day | 120 Bluefin Tuna, 24 Yellowtail, 2 Dorado, 2 Yellowfin Tuna",San Diego Fish Reports dock totals,https://www.sandiegofishreports.com/dock_totals/boats.php?date=2026-08-28,2026-10-04T06:17:53Z,backfill,dock-trips-1
642fcc266d144200,2026-08-28,H&M,Grande,full_day,Full Day Coronado Islands,1.0,25,"{""barracuda"": 33, ""bonito"": 95, ""calico_bass"": 3, ""yellowtail"": 2}",{},133,"Grande H&M Landing San Diego, CA | 25 Anglers Full Day Coronado Islands | 33 Barracuda, 2 Yellowtail, 3 Calico Bass, 95 Bonito",San Diego Fish Reports dock totals,https://www.sandiegofishreports.com/dock_totals/boats.php?date=2026-08-28,2026-10-04T06:17:53Z,backfill,dock-trips-1
f952f6399b22a3b0,2026-08-28,H&M,Horizon,2.5_day,2.5 Day,2.5,15,"{""bluefin_tuna"": 38, ""dorado"": 7, ""yellowfin_tuna"": 45, ""yellowtail"": 33}",{},123,"Horizon H&M Landing San Diego, CA | 15 Anglers 2.5 Day | 38 Bluefin Tuna, 33 Yellowtail, 7 Dorado, 45 Yellowfin Tuna",San Diego Fish Reports dock totals,https://www.sandiegofishreports.com/dock_totals/boats.php?date=2026-08-28,2026-10-04T06:17:53Z,backfill,dock-trips-1
3a5819febe2381dd,2026-08-28,H&M,Little G,2.5_day,2.5 Day,2.5,4,"{""bluefin_tuna"": 16, ""dorado"": 1, ""yellowtail"": 10}",{},27,"Little G H&M Landing San Diego, CA | 4 Anglers 2.5 Day | 16 Bluefin Tuna, 10 Yellowtail, 1 Dorado",San Diego Fish Reports dock totals,https://www.sandiegofishreports.com/dock_totals/boats.php?date=2026-08-28,2026-10-04T06:17:53Z,backfill,dock-trips-1
698402629572c9ba,2026-08-28,H&M,Malihini,full_day,Full Day Offshore,1.0,32,{},{},0,"Malihini H&M Landing San Diego, CA | 32 Anglers Full Day Offshore | ",San Diego Fish Reports dock totals,https://www.sandiegofishreports.com/dock_totals/boats.php?date=2026-08-28,2026-10-04T06:17:53Z,backfill,dock-trips-1
7c255b0c62cdbf79,2026-08-28,H&M,Old Glory,overnight,Overnight,1.0,24,"{""yellowfin_tuna"": 104}",{},104,"Old Glory H&M Landing San Diego, CA | 24 Anglers Overnight | 12 Skipjack Tuna, 104 Yellowfin Tuna",San Diego Fish Reports dock totals,https://www.sandiegofishreports.com/dock_totals/boats.php?date=2026-08-28,2026-10-04T06:17:53Z,backfill,dock-trips-1
b1b59bdae521c67b,2026-08-28,H&M,Patriot (SD),unknown,,1.0,12,"{""bonito"": 15, ""rockfish"": 120}",{},135,"Patriot (SD) H&M Landing San Diego, CA | 12 Anglers | 15 Bonito, 120 Rockfish",San Diego Fish Reports dock totals,https://www.sandiegofishreports.com/dock_totals/boats.php?date=2026-08-28,2026-10-04T06:17:53Z,backfill,dock-trips-1
9dd10ffc77a542a6,2026-08-28,H&M,Premier,full_day,Full Day Offshore,1.0,25,"{""barracuda"": 5, ""bonito"": 125, ""calico_bass"": 6, ""yellowtail"": 8}",{},144,"Premier H&M Landing San Diego, CA | 25 Anglers Full Day Offshore | 5 Barracuda, 1 Sculpin, 8 Yellowtail, 6 Calico Bass, 125 Bonito",San Diego Fish Reports dock totals,https://www.sandiegofishreports.com/dock_totals/boats.php?date=2026-08-28,2026-10-04T06:17:53Z,backfill,dock-trips-1
34a1181cc90db782,2026-08-28,H&M,Producer,2.5_day,2.5 Day,2.5,17,"{""bluefin_tuna"": 68, ""dorado"": 42, ""yellowtail"": 5}",{},115,"Producer H&M Landing San Diego, CA | 17 Anglers 2.5 Day | 68 Bluefin Tuna, 5 Yellowtail, 42 Dorado",San Diego Fish Reports dock totals,https://www.sandiegofishreports.com/dock_totals/boats.php?date=2026-08-28,2026-10-04T06:17:53Z,backfill,dock-trips-1
1825710f19c2bc2a,2026-08-28,H&M,Ranger 85,1.5_day,1.5 Day,1.5,28,"{""bluefin_tuna"": 56}",{},56,"Ranger 85 H&M Landing San Diego, CA | 28 Anglers 1.5 Day | 56 Bluefin Tuna",San Diego Fish Reports dock totals,https://www.sandiegofishreports.com/dock_totals/boats.php?date=2026-08-28,2026-10-04T06:17:53Z,backfill,dock-trips-1
66fce55ce6867a84,2026-08-28,H&M,"Southern Cal Oceanside Sea Center Oceanside, CA",half_day,1/2 Day AM,0.5,29,"{""bonito"": 40, ""calico_bass"": 8, ""sand_bass"": 4, ""sheephead"": 1, ""yellowtail"": 4}","{""calico_bass"": 30, ""sand_bass"": 10}",97,"Southern Cal Oceanside Sea Center Oceanside, CA | 29 Anglers 1/2 Day AM | 4 Sand Bass, 1 Sheephead, 4 Yellowtail, 8 Calico Bass, 40 Bonito, 10 Sand Bass Released , 30 Calico Bass Released",San Diego Fish Reports dock totals,https://www.sandiegofishreports.com/dock_totals/boats.php?date=2026-08-28,2026-10-04T06:17:53Z,backfill,dock-trips-1
ecef1a4f18a28a7f,2026-08-28,H&M,Vendetta 2,overnight,Overnight,1.0,12,{},{},0,"Vendetta 2 H&M Landing San Diego, CA | 12 Anglers Overnight | ",San Diego Fish Reports dock totals,https://www.sandiegofishreports.com/dock_totals/boats.php?date=2026-08-28,2026-10-04T06:17:53Z,backfill,dock-trips-1
1e5ec466f987c01a,2026-08-28,Point Loma,Daily Double,half_day,1/2 Day AM,0.5,38,"{""bonito"": 40, ""calico_bass"": 5, ""california_halibut"": 2, ""sand_bass"": 2, ""white_seabass"": 1, ""yellowtail"": 6}",{},56,"Daily Double Point Loma Sportfishing San Diego, CA | 38 Anglers 1/2 Day AM | 2 Barred Sand Bass, 2 Halibut, 6 Yellowtail, 5 Calico Bass, 40 Bonito, 1 White Seabass",San Diego Fish Reports dock totals,https://www.sandiegofishreports.com/dock_totals/boats.php?date=2026-08-28,2026-10-04T06:17:53Z,backfill,dock-trips-1
ef23d2cb6b84952f,2026-08-28,Point Loma,Daily Double,half_day,1/2 Day PM,0.5,25,"{""bonito"": 20, ""sand_bass"": 12, ""white_seabass"": 1, ""yellowtail"": 4}",{},37,"Daily Double Point Loma Sportfishing San Diego, CA | 25 Anglers 1/2 Day PM | 12 Barred Sand Bass, 4 Yellowtail, 20 Bonito, 1 White Seabass",San Diego Fish Reports dock totals,https://www.sandiegofishreports.com/dock_totals/boats.php?date=2026-08-28,2026-10-04T06:17:53Z,backfill,dock-trips-1
f3973b8e813f2158,2026-08-28,Point Loma,Mission Belle,full_day,Full Day Coronado Islands,1.0,29,"{""bonito"": 96, ""calico_bass"": 7, ""yellowtail"": 34}",{},137,"Mission Belle Point Loma Sportfishing San Diego, CA | 29 Anglers Full Day Coronado Islands | 34 Yellowtail, 7 Calico Bass, 96 Bonito",San Diego Fish Reports dock totals,https://www.sandiegofishreports.com/dock_totals/boats.php?date=2026-08-28,2026-10-04T06:17:53Z,backfill,dock-trips-1
5d83b295d12499fa,2026-08-28,Point Loma,Point Loma,full_day,Full Day Coronado Islands,1.0,16,"{""bonito"": 60, ""calico_bass"": 3, ""rockfish"": 1, ""yellowtail"": 13}",{},77,"Point Loma Point Loma Sportfishing San Diego, CA | 16 Anglers Full Day Coronado Islands | 13 Yellowtail, 3 Calico Bass, 60 Bonito, 1 Rockfish",San Diego Fish Reports dock totals,https://www.sandiegofishreports.com/dock_totals/boats.php?date=2026-08-28,2026-10-04T06:17:53Z,backfill,dock-trips-1
92660332fefebdec,2026-08-28,Seaforth,Aztec,2_day,2 Day,2.0,23,"{""bluefin_tuna"": 92, ""dorado"": 11, ""yellowfin_tuna"": 17}",{},120,"Aztec Seaforth Sportfishing San Diego, CA | 23 Anglers 2 Day | 92 Bluefin Tuna, 11 Dorado, 17 Yellowfin Tuna",San Diego Fish Reports dock totals,https://www.sandiegofishreports.com/dock_totals/boats.php?date=2026-08-28,2026-10-04T06:17:53Z,backfill,dock-trips-1
269e8ebd7243df14,2026-08-28,Seaforth,El Gato Dos,full_day,Full Day Offshore,1.0,6,"{""bonito"": 20, ""yellowtail"": 8}",{},28,"El Gato Dos Seaforth Sportfishing San Diego, CA | 6 Anglers Full Day Offshore | 8 Yellowtail, 20 Bonito",San Diego Fish Reports dock totals,https://www.sandiegofishreports.com/dock_totals/boats.php?date=2026-08-28,2026-10-04T06:17:53Z,backfill,dock-trips-1
b179288e42842409,2026-08-28,Seaforth,Highliner,1.5_day,1.5 Day,1.5,17,"{""bluefin_tuna"": 15, ""dorado"": 5, ""yellowfin_tuna"": 148, ""yellowtail"": 5}",{},173,"Highliner Seaforth Sportfishing San Diego, CA | 17 Anglers 1.5 Day | 15 Bluefin Tuna, 5 Yellowtail, 5 Dorado, 148 Yellowfin Tuna",San Diego Fish Reports dock totals,https://www.sandiegofishreports.com/dock_totals/boats.php?date=2026-08-28,2026-10-04T06:17:53Z,backfill,dock-trips-1
69d77f06a92b4152,2026-08-28,Seaforth,New Seaforth,full_day,Full Day Local,1.0,26,"{""barracuda"": 5, ""bonito"": 180, ""calico_bass"": 3, ""sand_bass"": 2, ""white_seabass"": 1, ""yellowtail"": 16}",{},207,"New Seaforth Seaforth Sportfishing San Diego, CA | 26 Anglers Full Day Local | 2 Sand Bass, 5 Barracuda, 16 Yellowtail (up to 35 pounds), 3 Calico Bass, 180 Bonito, 1 White Seabass",San Diego Fish Reports dock totals,https://www.sandiegofishreports.com/dock_totals/boats.php?date=2026-08-28,2026-10-04T06:17:53Z,backfill,dock-trips-1
7a47e391f74b0ca5,2026-08-28,Seaforth,Pacific Voyager,3_day,3 Day,3.0,11,"{""bluefin_tuna"": 66, ""yellowtail"": 4}",{},70,"Pacific Voyager Seaforth Sportfishing San Diego, CA | 11 Anglers 3 Day | 66 Bluefin Tuna, 4 Yellowtail",San Diego Fish Reports dock totals,https://www.sandiegofishreports.com/dock_totals/boats.php?date=2026-08-28,2026-10-04T06:17:53Z,backfill,dock-trips-1
07af4bd2e812df36,2026-08-28,Seaforth,Pacifica,overnight,Overnight,1.0,28,"{""dorado"": 3}",{},3,"Pacifica Seaforth Sportfishing San Diego, CA | 28 Anglers Overnight | 3 Dorado",San Diego Fish Reports dock totals,https://www.sandiegofishreports.com/dock_totals/boats.php?date=2026-08-28,2026-10-04T06:17:53Z,backfill,dock-trips-1
33e8857b294c07d3,2026-08-28,Seaforth,San Diego,full_day,Full Day Coronado Islands,1.0,30,"{""bonito"": 71, ""calico_bass"": 3, ""yellowtail"": 41}",{},115,"San Diego Seaforth Sportfishing San Diego, CA | 30 Anglers Full Day Coronado Islands | 41 Yellowtail, 3 Calico Bass, 71 Bonito",San Diego Fish Reports dock totals,https://www.sandiegofishreports.com/dock_totals/boats.php?date=2026-08-28,2026-10-04T06:17:53Z,backfill,dock-trips-1
202ebe6489d04278,2026-08-28,Seaforth,Sea Watch,half_day,1/2 Day AM,0.5,39,"{""bonito"": 17, ""sand_bass"": 1, ""yellowtail"": 4}",{},22,"Sea Watch Seaforth Sportfishing San Diego, CA | 39 Anglers 1/2 Day AM | 1 Sand Bass, 4 Yellowtail, 17 Bonito",San Diego Fish Reports dock totals,https://www.sandiegofishreports.com/dock_totals/boats.php?date=2026-08-28,2026-10-04T06:17:53Z,backfill,dock-trips-1
16a0001860e7b31c,2026-08-28,Seaforth,Sea Watch,half_day,1/2 Day PM,0.5,36,"{""barracuda"": 5, ""bonito"": 180, ""calico_bass"": 17, ""yellowtail"": 12}",{},214,"Sea Watch Seaforth Sportfishing San Diego, CA | 36 Anglers 1/2 Day PM | 5 Barracuda, 12 Yellowtail, 17 Calico Bass, 180 Bonito",San Diego Fish Reports dock totals,https://www.sandiegofishreports.com/dock_totals/boats.php?date=2026-08-28,2026-10-04T06:17:53Z,backfill,dock-trips-1
75a1e654181379dc,2026-08-28,Seaforth,Sea Watch,twilight,1/2 Day Twilight,0.4,21,"{""bonito"": 61, ""calico_bass"": 25}",{},86,"Sea Watch Seaforth Sportfishing San Diego, CA | 21 Anglers 1/2 Day Twilight | 25 Calico Bass, 61 Bonito",San Diego Fish Reports dock totals,https://www.sandiegofishreports.com/dock_totals/boats.php?date=2026-08-28,2026-10-04T06:17:53Z,backfill,dock-trips-1
541ba08e45951034,2026-08-28,Seaforth,Tribute,overnight,Overnight,1.0,28,"{""yellowfin_tuna"": 43, ""yellowtail"": 1}",{},44,"Tribute Seaforth Sportfishing San Diego, CA | 28 Anglers Overnight | 1 Yellowtail, 43 Yellowfin Tuna",San Diego Fish Reports dock totals,https://www.sandiegofishreports.com/dock_totals/boats.php?date=2026-08-28,2026-10-04T06:17:53Z,backfill,dock-trips-1
4c38daac38a46326,2026-08-28,Seaforth,Voyager,overnight,Overnight,1.0,17,"{""barracuda"": 12, ""bonito"": 67, ""calico_bass"": 4, ""yellowtail"": 13}",{},96,"Voyager Seaforth Sportfishing San Diego, CA | 17 Anglers Overnight | 12 Barracuda, 13 Yellowtail, 4 Calico Bass, 67 Bonito",San Diego Fish Reports dock totals,https://www.sandiegofishreports.com/dock_totals/boats.php?date=2026-08-28,2026-10-04T06:17:53Z,backfill,dock-trips-1
8fa3a528eccee855,2026-08-29,Fishermans,Dolphin,half_day,1/2 Day AM,0.5,50,"{""bonito"": 2, ""calico_bass"": 4, ""sand_bass"": 3, ""yellowtail"": 21}",{},30,"Dolphin Fisherman's Landing San Diego, CA | 50 Anglers 1/2 Day AM | 3 Sand Bass, 8 Sculpin, 21 Yellowtail (up to 35 pounds), 4 Calico Bass, 2 Bonito",San Diego Fish Reports dock totals,https://www.sandiegofishreports.com/dock_totals/boats.php?date=2026-08-29,2026-10-04T06:17:55Z,backfill,dock-trips-1
2750a7eef716ec43,2026-08-29,Fishermans,Dolphin,half_day,1/2 Day PM,0.5,52,"{""california_halibut"": 1, ""sand_bass"": 12, ""yellowtail"": 25}","{""barracuda"": 50}",88,"Dolphin Fisherman's Landing San Diego, CA | 52 Anglers 1/2 Day PM | 12 Sand Bass, 1 Halibut (up to 15 pounds), 25 Yellowtail (up to 30 pounds), 50 Barracuda Released",San Diego Fish Reports dock totals,https://www.sandiegofishreports.com/dock_totals/boats.php?date=2026-08-29,2026-10-04T06:17:55Z,backfill,dock-trips-1
834ccd9f23a96dec,2026-08-29,H&M,"Chubasco II Oceanside Sea Center Oceanside, CA",three_quarter_day,3/4 Day,0.75,34,"{""bonito"": 110, ""calico_bass"": 5}",{},115,"Chubasco II Oceanside Sea Center Oceanside, CA | 34 Anglers 3/4 Day | 5 Calico Bass, 110 Bonito",San Diego Fish Reports dock totals,https://www.sandiegofishreports.com/dock_totals/boats.php?date=2026-08-29,2026-10-04T06:17:55Z,backfill,dock-trips-1
d43b96c657ed14e9,2026-08-29,H&M,Daiwa Pacific,overnight,Overnight,1.0,18,"{""dorado"": 8, ""yellowfin_tuna"": 10}",{},18,"Daiwa Pacific H&M Landing San Diego, CA | 18 Anglers Overnight | 8 Dorado, 10 Yellowfin Tuna",San Diego Fish Reports dock totals,https://www.sandiegofishreports.com/dock_totals/boats.php?date=2026-08-29,2026-10-04T06:17:55Z,backfill,dock-trips-1
0275c54f3220e80a,2026-08-29,H&M,"Effishency Oceanside Sea Center Oceanside, CA",half_day,1/2 Day AM,0.5,2,"{""bonito"": 1, ""calico_bass"": 1, ""sand_bass"": 1, ""yellowtail"": 7}",{},10,"Effishency Oceanside Sea Center Oceanside, CA | 2 Anglers 1/2 Day AM | 1 Sand Bass, 7 Yellowtail, 1 Calico Bass, 1 Bonito",San Diego Fish Reports dock totals,https://www.sandiegofishreports.com/dock_totals/boats.php?date=2026-08-29,2026-10-04T06:17:55Z,backfill,dock-trips-1
7a1dc8d418ce162f,2026-08-29,H&M,Grande,overnight,Overnight,1.0,28,"{""dorado"": 8, ""yellowfin_tuna"": 140}",{},148,"Grande H&M Landing San Diego, CA | 28 Anglers Overnight | 8 Dorado, 25 Skipjack Tuna, 140 Yellowfin Tuna",San Diego Fish Reports dock totals,https://www.sandiegofishreports.com/dock_totals/boats.php?date=2026-08-29,2026-10-04T06:17:55Z,backfill,dock-trips-1
963239ec9f6a713d,2026-08-29,H&M,Malihini,full_day,Full Day,1.0,19,"{""bonito"": 95}",{},95,"Malihini H&M Landing San Diego, CA | 19 Anglers Full Day | 95 Bonito",San Diego Fish Reports dock totals,https://www.sandiegofishreports.com/dock_totals/boats.php?date=2026-08-29,2026-10-04T06:17:55Z,backfill,dock-trips-1
7d6fb3dd2de18575,2026-08-29,H&M,Old Glory,overnight,Overnight,1.0,32,{},{},0,"Old Glory H&M Landing San Diego, CA | 32 Anglers Overnight | ",San Diego Fish Reports dock totals,https://www.sandiegofishreports.com/dock_totals/boats.php?date=2026-08-29,2026-10-04T06:17:55Z,backfill,dock-trips-1
f7a3e2f1cd51f177,2026-08-29,H&M,Patriot (SD),full_day,Full Day,1.0,7,"{""bonito"": 10, ""yellowtail"": 2}",{},12,"Patriot (SD) H&M Landing San Diego, CA | 7 Anglers Full Day | 2 Yellowtail, 10 Bonito",San Diego Fish Reports dock totals,https://www.sandiegofishreports.com/dock_totals/boats.php?date=2026-08-29,2026-10-04T06:17:55Z,backfill,dock-trips-1
0f80e0cd0ca61647,2026-08-29,H&M,Premier,half_day,1/2 Day AM,0.5,54,"{""bonito"": 22, ""calico_bass"": 13, ""rockfish"": 25, ""white_seabass"": 1, ""yellowtail"": 5}",{},66,"Premier H&M Landing San Diego, CA | 54 Anglers 1/2 Day AM | 51 Sculpin, 5 Yellowtail, 13 Calico Bass, 22 Bonito, 25 Rockfish, 1 White Seabass",San Diego Fish Reports dock totals,https://www.sandiegofishreports.com/dock_totals/boats.php?date=2026-08-29,2026-10-04T06:17:55Z,backfill,dock-trips-1
985632554539af0a,2026-08-29,H&M,Premier,half_day,1/2 Day PM,0.5,54,"{""bonito"": 14, ""calico_bass"": 4, ""rockfish"": 23, ""yellowtail"": 9}",{},50,"Premier H&M Landing San Diego, CA | 54 Anglers 1/2 Day PM | 27 Sculpin, 9 Yellowtail, 4 Calico Bass, 14 Bonito, 23 Rockfish",San Diego Fish Reports dock totals,https://www.sandiegofishreports.com/dock_totals/boats.php?date=2026-08-29,2026-10-04T06:17:55Z,backfill,dock-trips-1
09fd7763090b756b,2026-08-29,H&M,Producer,overnight,Overnight Offshore,1.0,29,"{""dorado"": 4, ""yellowfin_tuna"": 3, ""yellowtail"": 1}",{},8,"Producer H&M Landing San Diego, CA | 29 Anglers Overnight Offshore | 1 Yellowtail, 4 Dorado, 1 Skipjack Tuna, 3 Yellowfin Tuna",San Diego Fish Reports dock totals,https://www.sandiegofishreports.com/dock_totals/boats.php?date=2026-08-29,2026-10-04T06:17:55Z,backfill,dock-trips-1
41838d9b7b8d74e6,2026-08-29,H&M,"Pronto Oceanside Sea Center Oceanside, CA",half_day,1/2 Day AM,0.5,11,"{""bonito"": 55, ""calico_bass"": 3}","{""calico_bass"": 6}",64,"Pronto Oceanside Sea Center Oceanside, CA | 11 Anglers 1/2 Day AM | 3 Calico Bass, 55 Bonito, 6 Calico Bass Released",San Diego Fish Reports dock totals,https://www.sandiegofishreports.com/dock_totals/boats.php?date=2026-08-29,2026-10-04T06:17:55Z,backfill,dock-trips-1
96b168799418f8c1,2026-08-29,H&M,"Sea Star Oceanside Sea Center Oceanside, CA",half_day,1/2 Day PM,0.5,7,"{""bonito"": 23, ""calico_bass"": 6, ""rockfish"": 2}",{},31,"Sea Star Oceanside Sea Center Oceanside, CA | 7 Anglers 1/2 Day PM | 6 Calico Bass, 12 Whitefish, 23 Bonito, 2 Rockfish",San Diego Fish Reports dock totals,https://www.sandiegofishreports.com/dock_totals/boats.php?date=2026-08-29,2026-10-04T06:17:55Z,backfill,dock-trips-1
764adf259e74487d,2026-08-29,H&M,"Southern Cal Oceanside Sea Center Oceanside, CA",half_day,1/2 Day AM,0.5,38,"{""barracuda"": 4, ""bonito"": 64, ""calico_bass"": 2, ""sand_bass"": 4, ""yellowtail"": 4}",{},78,"Southern Cal Oceanside Sea Center Oceanside, CA | 38 Anglers 1/2 Day AM | 4 Sand Bass, 4 Barracuda, 4 Yellowtail, 2 Calico Bass, 64 Bonito",San Diego Fish Reports dock totals,https://www.sandiegofishreports.com/dock_totals/boats.php?date=2026-08-29,2026-10-04T06:17:55Z,backfill,dock-trips-1
e709da5300788251,2026-08-29,H&M,Tradition,full_day,Full Day,1.0,28,"{""bonito"": 25, ""yellowtail"": 12}",{},37,"Tradition H&M Landing San Diego, CA | 28 Anglers Full Day | 12 Yellowtail, 25 Bonito",San Diego Fish Reports dock totals,https://www.sandiegofishreports.com/dock_totals/boats.php?date=2026-08-29,2026-10-04T06:17:55Z,backfill,dock-trips-1
09b1fe7a92c1c6f6,2026-08-29,Point Loma,Daily Double,half_day,1/2 Day AM,0.5,41,"{""bonito"": 14, ""calico_bass"": 8, ""sand_bass"": 3, ""sheephead"": 4, ""yellowtail"": 2}",{},31,"Daily Double Point Loma Sportfishing San Diego, CA | 41 Anglers 1/2 Day AM | 3 Barred Sand Bass, 4 Sheephead, 2 Yellowtail, 8 Calico Bass, 14 Bonito",San Diego Fish Reports dock totals,https://www.sandiegofishreports.com/dock_totals/boats.php?date=2026-08-29,2026-10-04T06:17:55Z,backfill,dock-trips-1
214ccb272a064aea,2026-08-29,Point Loma,Daily Double,half_day,1/2 Day PM,0.5,34,"{""bonito"": 10, ""rockfish"": 6, ""sand_bass"": 22, ""yellowtail"": 8}",{},46,"Daily Double Point Loma Sportfishing San Diego, CA | 34 Anglers 1/2 Day PM | 22 Barred Sand Bass, 1 Sculpin, 8 Yellowtail, 10 Bonito, 6 Rockfish",San Diego Fish Reports dock totals,https://www.sandiegofishreports.com/dock_totals/boats.php?date=2026-08-29,2026-10-04T06:17:55Z,backfill,dock-trips-1
5e23c8b1fad8c538,2026-08-29,Point Loma,Mission Belle,full_day,Full Day,1.0,29,"{""bonito"": 49, ""yellowfin_tuna"": 2, ""yellowtail"": 1}",{},52,"Mission Belle Point Loma Sportfishing San Diego, CA | 29 Anglers Full Day | 1 Yellowtail, 49 Bonito, 2 Yellowfin Tuna",San Diego Fish Reports dock totals,https://www.sandiegofishreports.com/dock_totals/boats.php?date=2026-08-29,2026-10-04T06:17:55Z,backfill,dock-trips-1
fd00572eb23c3991,2026-08-29,Point Loma,Point Loma,full_day,Full Day,1.0,19,"{""barracuda"": 2, ""bonito"": 22, ""calico_bass"": 5, ""rockfish"": 1, ""sand_bass"": 1, ""yellowtail"": 3}",{},34,"Point Loma Point Loma Sportfishing San Diego, CA | 19 Anglers Full Day | 1 Barred Sand Bass, 2 Barracuda, 3 Yellowtail, 5 Calico Bass, 22 Bonito, 1 Rockfish",San Diego Fish Reports dock totals,https://www.sandiegofishreports.com/dock_totals/boats.php?date=2026-08-29,2026-10-04T06:17:55Z,backfill,dock-trips-1
dc83175c99e541c5,2026-08-29,Seaforth,Apollo,2_day,2 Day,2.0,18,"{""bluefin_tuna"": 72, ""dorado"": 3}",{},75,"Apollo Seaforth Sportfishing San Diego, CA | 18 Anglers 2 Day | 72 Bluefin Tuna, 3 Dorado",San Diego Fish Reports dock totals,https://www.sandiegofishreports.com/dock_totals/boats.php?date=2026-08-29,2026-10-04T06:17:55Z,backfill,dock-trips-1
2a2144aba582e7a5,2026-08-29,Seaforth,El Gato Dos,full_day,Full Day Offshore,1.0,6,"{""bonito"": 14, ""yellowtail"": 2}",{},16,"El Gato Dos Seaforth Sportfishing San Diego, CA | 6 Anglers Full Day Offshore | 2 Yellowtail, 14 Bonito",San Diego Fish Reports dock totals,https://www.sandiegofishreports.com/dock_totals/boats.php?date=2026-08-29,2026-10-04T06:17:55Z,backfill,dock-trips-1
9633f130ed270e20,2026-08-29,Seaforth,New Seaforth,half_day,1/2 Day AM,0.5,55,"{""barracuda"": 5, ""bonito"": 36, ""calico_bass"": 4, ""rockfish"": 2, ""yellowtail"": 9}",{},56,"New Seaforth Seaforth Sportfishing San Diego, CA | 55 Anglers 1/2 Day AM | 5 Barracuda, 1 Sculpin, 9 Yellowtail, 4 Calico Bass, 36 Bonito, 2 Rockfish",San Diego Fish Reports dock totals,https://www.sandiegofishreports.com/dock_totals/boats.php?date=2026-08-29,2026-10-04T06:17:55Z,backfill,dock-trips-1
7dbddc185eab55d2,2026-08-29,Seaforth,New Seaforth,half_day,1/2 Day PM,0.5,54,"{""barracuda"": 7, ""bonito"": 28, ""calico_bass"": 10, ""rockfish"": 3, ""yellowtail"": 8}",{},56,"New Seaforth Seaforth Sportfishing San Diego, CA | 54 Anglers 1/2 Day PM | 7 Barracuda, 8 Yellowtail, 10 Calico Bass, 28 Bonito, 3 Rockfish",San Diego Fish Reports dock totals,https://www.sandiegofishreports.com/dock_totals/boats.php?date=2026-08-29,2026-10-04T06:17:55Z,backfill,dock-trips-1
5d8f677b7cd21141,2026-08-29,Seaforth,Polaris Supreme,3_day,3 Day,3.0,24,"{""bluefin_tuna"": 144, ""dorado"": 85, ""yellowtail"": 28}",{},257,"Polaris Supreme Seaforth Sportfishing San Diego, CA | 24 Anglers 3 Day | 144 Bluefin Tuna, 28 Yellowtail, 85 Dorado, 1 Shortbill Spearfish",San Diego Fish Reports dock totals,https://www.sandiegofishreports.com/dock_totals/boats.php?date=2026-08-29,2026-10-04T06:17:55Z,backfill,dock-trips-1
6e12e531247c81ad,2026-08-29,Seaforth,San Diego,full_day,Full Day,1.0,23,"{""barracuda"": 7, ""bonito"": 60, ""calico_bass"": 5, ""yellowtail"": 7}",{},79,"San Diego Seaforth Sportfishing San Diego, CA | 23 Anglers Full Day | 7 Barracuda, 7 Yellowtail, 5 Calico Bass, 60 Bonito",San Diego Fish Reports dock totals,https://www.sandiegofishreports.com/dock_totals/boats.php?date=2026-08-29,2026-10-04T06:17:55Z,backfill,dock-trips-1
4905b0e22c43c0a4,2026-08-29,Seaforth,Sea Watch,twilight,1/2 Day Twilight,0.4,31,"{""barracuda"": 45, ""bonito"": 155}",{},200,"Sea Watch Seaforth Sportfishing San Diego, CA | 31 Anglers 1/2 Day Twilight | 45 Barracuda, 155 Bonito",San Diego Fish Reports dock totals,https://www.sandiegofishreports.com/dock_totals/boats.php?date=2026-08-29,2026-10-04T06:17:55Z,backfill,dock-trips-1
3353b9e6b9fe95a6,2026-08-29,Seaforth,Sea Watch,three_quarter_day,3/4 Day,0.75,34,"{""barracuda"": 7, ""bonito"": 55, ""calico_bass"": 12, ""yellowtail"": 10}",{},84,"Sea Watch Seaforth Sportfishing San Diego, CA | 34 Anglers 3/4 Day | 7 Barracuda, 10 Yellowtail, 12 Calico Bass, 55 Bonito",San Diego Fish Reports dock totals,https://www.sandiegofishreports.com/dock_totals/boats.php?date=2026-08-29,2026-10-04T06:17:55Z,backfill,dock-trips-1
f5b9bf1e35ac5b2f,2026-08-30,Fishermans,Dolphin,half_day,1/2 Day AM,0.5,57,"{""barracuda"": 2, ""bonito"": 78, ""sand_bass"": 11, ""yellowtail"": 10}",{},101,"Dolphin Fisherman's Landing San Diego, CA | 57 Anglers 1/2 Day AM | 11 Sand Bass, 2 Barracuda, 10 Yellowtail, 78 Bonito",San Diego Fish Reports dock totals,https://www.sandiegofishreports.com/dock_totals/boats.php?date=2026-08-30,2026-10-04T06:17:57Z,backfill,dock-trips-1
f043b80db5aa38fb,2026-08-30,Fishermans,Dolphin,half_day,1/2 Day PM,0.5,54,"{""barracuda"": 41, ""bonito"": 22, ""calico_bass"": 14, ""yellowtail"": 20}",{},97,"Dolphin Fisherman's Landing San Diego, CA | 54 Anglers 1/2 Day PM | 41 Barracuda, 20 Yellowtail, 14 Calico Bass, 22 Bonito",San Diego Fish Reports dock totals,https://www.sandiegofishreports.com/dock_totals/boats.php?date=2026-08-30,2026-10-04T06:17:57Z,backfill,dock-trips-1
d183d168d1a9b8d4,2026-08-30,Fishermans,Fortune,1.5_day,1.5 Day,1.5,14,"{""bluefin_tuna"": 25, ""dorado"": 5}",{},30,"Fortune Fisherman's Landing San Diego, CA | 14 Anglers 1.5 Day | 25 Bluefin Tuna, 5 Dorado",San Diego Fish Reports dock totals,https://www.sandiegofishreports.com/dock_totals/boats.php?date=2026-08-30,2026-10-04T06:17:57Z,backfill,dock-trips-1
40dd310baa4b6c5f,2026-08-30,Fishermans,Liberty,2_day,2 Day,2.0,21,"{""bluefin_tuna"": 79, ""yellowtail"": 1}",{},80,"Liberty Fisherman's Landing San Diego, CA | 21 Anglers 2 Day | 79 Bluefin Tuna, 1 Yellowtail",San Diego Fish Reports dock totals,https://www.sandiegofishreports.com/dock_totals/boats.php?date=2026-08-30,2026-10-04T06:17:57Z,backfill,dock-trips-1
fe4d99b9a48684db,2026-08-30,Fishermans,Pacific Queen,2.5_day,2.5 Day,2.5,14,"{""bluefin_tuna"": 56}",{},56,"Pacific Queen Fisherman's Landing San Diego, CA | 14 Anglers 2.5 Day | 56 Bluefin Tuna",San Diego Fish Reports dock totals,https://www.sandiegofishreports.com/dock_totals/boats.php?date=2026-08-30,2026-10-04T06:17:57Z,backfill,dock-trips-1
166894417407d216,2026-08-30,Fishermans,Pegasus,3_day,3 Day,3.0,16,"{""bluefin_tuna"": 32, ""dorado"": 170, ""yellowfin_tuna"": 3, ""yellowtail"": 51}",{},256,"Pegasus Fisherman's Landing San Diego, CA | 16 Anglers 3 Day | 32 Bluefin Tuna, 51 Yellowtail, 170 Dorado, 3 Yellowfin Tuna",San Diego Fish Reports dock totals,https://www.sandiegofishreports.com/dock_totals/boats.php?date=2026-08-30,2026-10-04T06:17:57Z,backfill,dock-trips-1
dea695b4839f9989,2026-08-30,Fishermans,Tomahawk,2_day,2 Day,2.0,23,"{""bluefin_tuna"": 22, ""dorado"": 4}",{},26,"Tomahawk Fisherman's Landing San Diego, CA | 23 Anglers 2 Day | 22 Bluefin Tuna, 4 Dorado",San Diego Fish Reports dock totals,https://www.sandiegofishreports.com/dock_totals/boats.php?date=2026-08-30,2026-10-04T06:17:57Z,backfill,dock-trips-1
47c642dac7a70547,2026-08-30,H&M,"Blue Horizon Oceanside Sea Center Oceanside, CA",2_day,2 Day,2.0,13,"{""bonito"": 65, ""yellowtail"": 15}",{},80,"Blue Horizon Oceanside Sea Center Oceanside, CA | 13 Anglers 2 Day | 15 Yellowtail, 65 Bonito, 2 Skipjack Tuna",San Diego Fish Reports dock totals,https://www.sandiegofishreports.com/dock_totals/boats.php?date=2026-08-30,2026-10-04T06:17:57Z,backfill,dock-trips-1
f2d3c92e42c13175,2026-08-30,H&M,"Chubasco II Oceanside Sea Center Oceanside, CA",three_quarter_day,3/4 Day,0.75,33,"{""barracuda"": 12, ""bonito"": 160, ""calico_bass"": 10, ""sand_bass"": 7, ""yellowtail"": 4}","{""calico_bass"": 30}",223,"Chubasco II Oceanside Sea Center Oceanside, CA | 33 Anglers 3/4 Day | 7 Sand Bass, 12 Barracuda, 4 Yellowtail, 10 Calico Bass, 160 Bonito, 1 Skipjack Tuna, 30 Calico Bass Released",San Diego Fish Reports dock totals,https://www.sandiegofishreports.com/dock_totals/boats.php?date=2026-08-30,2026-10-04T06:17:57Z,backfill,dock-trips-1
af4230b107cade24,2026-08-30,H&M,"Effishency Oceanside Sea Center Oceanside, CA",three_quarter_day,3/4 Day,0.75,5,"{""bonito"": 3, ""calico_bass"": 1, ""sand_bass"": 1, ""yellowtail"": 1}",{},6,"Effishency Oceanside Sea Center Oceanside, CA | 5 Anglers 3/4 Day | 1 Sand Bass, 1 Yellowtail, 1 Calico Bass, 3 Bonito",San Diego Fish Reports dock totals,https://www.sandiegofishreports.com/dock_totals/boats.php?date=2026-08-30,2026-10-04T06:17:57Z,backfill,dock-trips-1
010d92f99a747544,2026-08-30,H&M,Excalibur,2.5_day,2.5 Day,2.5,25,"{""barracuda"": 5, ""bonito"": 150, ""calico_bass"": 46, ""dorado"": 2, ""rockfish"": 15, ""sand_bass"": 25, ""sheephead"": 4, ""yellowfin_tuna"": 4, ""yellowtail"": 24}",{},275,"Excalibur H&M Landing San Diego, CA | 25 Anglers 2.5 Day | 25 Sand Bass, 5 Barracuda, 4 Sheephead, 24 Yellowtail, 2 Dorado, 46 Calico Bass, 12 Whitefish, 150 Bonito, 15 Rockfish, 4 Yellowfin Tuna",San Diego Fish Reports dock totals,https://www.sandiegofishreports.com/dock_totals/boats.php?date=2026-08-30,2026-10-04T06:17:57Z,backfill,dock-trips-1
ab2a3d193521cefd,2026-08-30,H&M,Grande,full_day,Full Day Offshore,1.0,41,"{""dorado"": 2, ""yellowfin_tuna"": 79}",{},81,"Grande H&M Landing San Diego, CA | 41 Anglers Full Day Offshore | 2 Dorado, 2 Skipjack Tuna, 79 Yellowfin Tuna",San Diego Fish Reports dock totals,https://www.sandiegofishreports.com/dock_totals/boats.php?date=2026-08-30,2026-10-04T06:17:57Z,backfill,dock-trips-1
99453d257c33bf21,2026-08-30,H&M,Horizon,2_day,2 Day,2.0,16,"{""bluefin_tuna"": 64, ""dorado"": 8, ""yellowfin_tuna"": 19, ""yellowtail"": 7}",{},98,"Horizon H&M Landing San Diego, CA | 16 Anglers 2 Day | 64 Bluefin Tuna, 7 Yellowtail, 8 Dorado, 22 Skipjack Tuna, 19 Yellowfin Tuna",San Diego Fish Reports dock totals,https://www.sandiegofishreports.com/dock_totals/boats.php?date=2026-08-30,2026-10-04T06:17:57Z,backfill,dock-trips-1
0ba4e09145ce1b8b,2026-08-30,H&M,Malihini,three_quarter_day,3/4 Day,0.75,35,"{""bonito"": 175, ""sand_bass"": 21, ""yellowtail"": 5}",{},201,"Malihini H&M Landing San Diego, CA | 35 Anglers 3/4 Day | 21 Sand Bass, 5 Yellowtail, 175 Bonito",San Diego Fish Reports dock totals,https://www.sandiegofishreports.com/dock_totals/boats.php?date=2026-08-30,2026-10-04T06:17:57Z,backfill,dock-trips-1
4230170799cd2a2e,2026-08-30,H&M,Nautilus,75_day,1.75 Day,1.0,4,"{""dorado"": 3, ""yellowfin_tuna"": 55}",{},58,"Nautilus H&M Landing San Diego, CA | 4 Anglers 1.75 Day | 6 Bullet Tuna, 3 Dorado, 1 Mako Shark, 2 Skipjack Tuna, 55 Yellowfin Tuna",San Diego Fish Reports dock totals,https://www.sandiegofishreports.com/dock_totals/boats.php?date=2026-08-30,2026-10-04T06:17:57Z,backfill,dock-trips-1
1b3e9b85d0c4e95b,2026-08-30,H&M,Ocean Odyssey,2.5_day,2.5 Day,2.5,25,"{""bluefin_tuna"": 44, ""yellowtail"": 11}",{},55,"Ocean Odyssey H&M Landing San Diego, CA | 25 Anglers 2.5 Day | 44 Bluefin Tuna, 11 Yellowtail",San Diego Fish Reports dock totals,https://www.sandiegofishreports.com/dock_totals/boats.php?date=2026-08-30,2026-10-04T06:17:57Z,backfill,dock-trips-1
1fc343594ae4b603,2026-08-30,H&M,Old Glory,overnight,Overnight,1.0,30,"{""dorado"": 1, ""yellowfin_tuna"": 81}",{},82,"Old Glory H&M Landing San Diego, CA | 30 Anglers Overnight | 17 Bullet Tuna, 1 Dorado, 1 Skipjack Tuna, 81 Yellowfin Tuna",San Diego Fish Reports dock totals,https://www.sandiegofishreports.com/dock_totals/boats.php?date=2026-08-30,2026-10-04T06:17:57Z,backfill,dock-trips-1
f64266cfd6b370ed,2026-08-30,H&M,Premier,half_day,1/2 Day AM,0.5,54,"{""bonito"": 62, ""calico_bass"": 7, ""yellowtail"": 15}",{},84,"Premier H&M Landing San Diego, CA | 54 Anglers 1/2 Day AM | 15 Yellowtail, 7 Calico Bass, 62 Bonito",San Diego Fish Reports dock totals,https://www.sandiegofishreports.com/dock_totals/boats.php?date=2026-08-30,2026-10-04T06:17:57Z,backfill,dock-trips-1
94281c4d01c34b54,2026-08-30,H&M,Premier,half_day,1/2 Day PM,0.5,46,"{""barracuda"": 3, ""bonito"": 28, ""calico_bass"": 11, ""rockfish"": 1, ""yellowtail"": 13}",{},56,"Premier H&M Landing San Diego, CA | 46 Anglers 1/2 Day PM | 3 Barracuda, 13 Yellowtail, 11 Calico Bass, 28 Bonito, 1 Rockfish",San Diego Fish Reports dock totals,https://www.sandiegofishreports.com/dock_totals/boats.php?date=2026-08-30,2026-10-04T06:17:57Z,backfill,dock-trips-1
35ec0e3da8b70782,2026-08-30,H&M,Producer,overnight,Overnight,1.0,29,"{""dorado"": 5, ""yellowfin_tuna"": 37}",{},42,"Producer H&M Landing San Diego, CA | 29 Anglers Overnight | 5 Dorado, 5 Skipjack Tuna, 37 Yellowfin Tuna",San Diego Fish Reports dock totals,https://www.sandiegofishreports.com/dock_totals/boats.php?date=2026-08-30,2026-10-04T06:17:57Z,backfill,dock-trips-1
5ce033c7bff40120,2026-08-30,H&M,Sea Adventure 80,2.5_day,2.5 Day,2.5,28,"{""bluefin_tuna"": 50, ""dorado"": 33, ""yellowfin_tuna"": 44, ""yellowtail"": 1}",{},128,"Sea Adventure 80 H&M Landing San Diego, CA | 28 Anglers 2.5 Day | 50 Bluefin Tuna, 1 Yellowtail, 33 Dorado, 44 Yellowfin Tuna",San Diego Fish Reports dock totals,https://www.sandiegofishreports.com/dock_totals/boats.php?date=2026-08-30,2026-10-04T06:17:57Z,backfill,dock-trips-1
94edf45e77339b5a,2026-08-30,H&M,"Sea Star Oceanside Sea Center Oceanside, CA",half_day,1/2 Day AM,0.5,5,"{""bonito"": 25, ""calico_bass"": 11, ""sand_bass"": 14, ""sheephead"": 1}","{""calico_bass"": 45, ""sand_bass"": 39}",135,"Sea Star Oceanside Sea Center Oceanside, CA | 5 Anglers 1/2 Day AM | 14 Sand Bass, 1 Sheephead, 11 Calico Bass, 25 Bonito, 39 Sand Bass Released , 45 Calico Bass Released",San Diego Fish Reports dock totals,https://www.sandiegofishreports.com/dock_totals/boats.php?date=2026-08-30,2026-10-04T06:17:57Z,backfill,dock-trips-1
28284e4c9e799bba,2026-08-30,H&M,"Southern Cal Oceanside Sea Center Oceanside, CA",half_day,1/2 Day AM,0.5,39,"{""barracuda"": 4, ""bonito"": 82, ""calico_bass"": 2, ""sand_bass"": 12, ""yellowtail"": 8}",{},108,"Southern Cal Oceanside Sea Center Oceanside, CA | 39 Anglers 1/2 Day AM | 12 Sand Bass, 4 Barracuda, 8 Yellowtail, 2 Calico Bass, 82 Bonito",San Diego Fish Reports dock totals,https://www.sandiegofishreports.com/dock_totals/boats.php?date=2026-08-30,2026-10-04T06:17:57Z,backfill,dock-trips-1
d454af7f88235dfb,2026-08-30,H&M,Top Gun 80,2.5_day,2.5 Day,2.5,19,{},{},0,"Top Gun 80 H&M Landing San Diego, CA | 19 Anglers 2.5 Day | ",San Diego Fish Reports dock totals,https://www.sandiegofishreports.com/dock_totals/boats.php?date=2026-08-30,2026-10-04T06:17:57Z,backfill,dock-trips-1
a928edcc444082d6,2026-08-30,H&M,Tradition,overnight,Overnight,1.0,30,"{""yellowfin_tuna"": 65}",{},65,"Tradition H&M Landing San Diego, CA | 30 Anglers Overnight | 10 Bullet Tuna, 5 Skipjack Tuna, 65 Yellowfin Tuna",San Diego Fish Reports dock totals,https://www.sandiegofishreports.com/dock_totals/boats.php?date=2026-08-30,2026-10-04T06:17:57Z,backfill,dock-trips-1
d1adfe1e5a260e95,2026-08-30,Point Loma,Daily Double,half_day,1/2 Day AM,0.5,39,"{""bonito"": 52, ""sand_bass"": 24, ""yellowtail"": 6}",{},82,"Daily Double Point Loma Sportfishing San Diego, CA | 39 Anglers 1/2 Day AM | 24 Barred Sand Bass, 6 Yellowtail, 52 Bonito",San Diego Fish Reports dock totals,https://www.sandiegofishreports.com/dock_totals/boats.php?date=2026-08-30,2026-10-04T06:17:57Z,backfill,dock-trips-1
ce1a27748a973687,2026-08-30,Point Loma,Daily Double,half_day,1/2 Day PM,0.5,27,"{""bonito"": 37, ""california_halibut"": 1, ""sand_bass"": 14, ""yellowtail"": 23}",{},75,"Daily Double Point Loma Sportfishing San Diego, CA | 27 Anglers 1/2 Day PM | 14 Barred Sand Bass, 1 Halibut, 23 Yellowtail, 37 Bonito",San Diego Fish Reports dock totals,https://www.sandiegofishreports.com/dock_totals/boats.php?date=2026-08-30,2026-10-04T06:17:57Z,backfill,dock-trips-1
b70d8b4a8efeb71a,2026-08-30,Point Loma,Mission Belle,full_day,Full Day Coronado Islands,1.0,30,"{""barracuda"": 4, ""bonito"": 48, ""calico_bass"": 5, ""rockfish"": 1, ""yellowtail"": 28}",{},86,"Mission Belle Point Loma Sportfishing San Diego, CA | 30 Anglers Full Day Coronado Islands | 4 Barracuda, 28 Yellowtail, 5 Calico Bass, 48 Bonito, 1 Rockfish",San Diego Fish Reports dock totals,https://www.sandiegofishreports.com/dock_totals/boats.php?date=2026-08-30,2026-10-04T06:17:57Z,backfill,dock-trips-1
3a6d513df11d39ed,2026-08-30,Point Loma,New Lo-An,3_day,3 Day,3.0,21,"{""bluefin_tuna"": 126, ""yellowfin_tuna"": 2, ""yellowtail"": 1}",{},129,"New Lo-An Point Loma Sportfishing San Diego, CA | 21 Anglers 3 Day | 126 Bluefin Tuna, 1 Yellowtail, 2 Yellowfin Tuna",San Diego Fish Reports dock totals,https://www.sandiegofishreports.com/dock_totals/boats.php?date=2026-08-30,2026-10-04T06:17:57Z,backfill,dock-trips-1
22156e92497e5f10,2026-08-30,Point Loma,Point Loma,full_day,Full Day Coronado Islands,1.0,17,"{""bonito"": 71, ""yellowtail"": 17}",{},88,"Point Loma Point Loma Sportfishing San Diego, CA | 17 Anglers Full Day Coronado Islands | 17 Yellowtail, 71 Bonito",San Diego Fish Reports dock totals,https://www.sandiegofishreports.com/dock_totals/boats.php?date=2026-08-30,2026-10-04T06:17:57Z,backfill,dock-trips-1
d2886a58a2fdd427,2026-08-30,Seaforth,Aztec,2_day,2 Day,2.0,25,"{""bluefin_tuna"": 36, ""dorado"": 3, ""yellowtail"": 1}",{},40,"Aztec Seaforth Sportfishing San Diego, CA | 25 Anglers 2 Day | 36 Bluefin Tuna, 1 Yellowtail, 3 Dorado",San Diego Fish Reports dock totals,https://www.sandiegofishreports.com/dock_totals/boats.php?date=2026-08-30,2026-10-04T06:17:57Z,backfill,dock-trips-1
9e125c204c233c3e,2026-08-30,Seaforth,Cortez,2_day,2 Day,2.0,18,"{""bluefin_tuna"": 2, ""calico_bass"": 29, ""dorado"": 5, ""sand_bass"": 4, ""yellowfin_tuna"": 8, ""yellowtail"": 11}",{},59,"Cortez Seaforth Sportfishing San Diego, CA | 18 Anglers 2 Day | 4 Sand Bass, 2 Bluefin Tuna, 11 Yellowtail, 5 Dorado, 29 Calico Bass, 2 Skipjack Tuna, 8 Yellowfin Tuna",San Diego Fish Reports dock totals,https://www.sandiegofishreports.com/dock_totals/boats.php?date=2026-08-30,2026-10-04T06:17:57Z,backfill,dock-trips-1
b7132a2f0feec563,2026-08-30,Seaforth,El Gato Dos,full_day,Full Day Offshore,1.0,6,"{""dorado"": 2, ""yellowfin_tuna"": 8, ""yellowtail"": 2}",{},12,"El Gato Dos Seaforth Sportfishing San Diego, CA | 6 Anglers Full Day Offshore | 2 Yellowtail, 2 Dorado, 1 Skipjack Tuna, 2 Striped Marlin, 8 Yellowfin Tuna",San Diego Fish Reports dock totals,https://www.sandiegofishreports.com/dock_totals/boats.php?date=2026-08-30,2026-10-04T06:17:57Z,backfill,dock-trips-1
2fd9032441983413,2026-08-30,Seaforth,Highliner,2_day,2 Day,2.0,24,"{""dorado"": 126, ""yellowfin_tuna"": 360, ""yellowtail"": 5}",{},491,"Highliner Seaforth Sportfishing San Diego, CA | 24 Anglers 2 Day | 5 Yellowtail, 126 Dorado, 360 Yellowfin Tuna",San Diego Fish Reports dock totals,https://www.sandiegofishreports.com/dock_totals/boats.php?date=2026-08-30,2026-10-04T06:17:57Z,backfill,dock-trips-1
5b9bf3d63d798d07,2026-08-30,Seaforth,New Seaforth,half_day,1/2 Day AM,0.5,55,"{""barracuda"": 3, ""bonito"": 53, ""calico_bass"": 4, ""rockfish"": 5, ""sand_bass"": 1, ""yellowtail"": 21}",{},87,"New Seaforth Seaforth Sportfishing San Diego, CA | 55 Anglers 1/2 Day AM | 1 Sand Bass, 3 Barracuda, 21 Yellowtail, 4 Calico Bass, 53 Bonito, 5 Vermilion Rockfish",San Diego Fish Reports dock totals,https://www.sandiegofishreports.com/dock_totals/boats.php?date=2026-08-30,2026-10-04T06:17:57Z,backfill,dock-trips-1
d1999899e8299a54,2026-08-30,Seaforth,New Seaforth,half_day,1/2 Day PM,0.5,57,"{""barracuda"": 8, ""bonito"": 50, ""calico_bass"": 6, ""yellowtail"": 9}",{},73,"New Seaforth Seaforth Sportfishing San Diego, CA | 57 Anglers 1/2 Day PM | 8 Barracuda, 9 Yellowtail, 6 Calico Bass, 50 Bonito",San Diego Fish Reports dock totals,https://www.sandiegofishreports.com/dock_totals/boats.php?date=2026-08-30,2026-10-04T06:17:57Z,backfill,dock-trips-1
6ba60351dc9b64e9,2026-08-30,Seaforth,New Seaforth,twilight,1/2 Day Twilight,0.4,53,"{""barracuda"": 5, ""bonito"": 32, ""calico_bass"": 4, ""rockfish"": 2, ""yellowtail"": 1}",{},44,"New Seaforth Seaforth Sportfishing San Diego, CA | 53 Anglers 1/2 Day Twilight | 5 Barracuda, 1 Yellowtail, 4 Calico Bass, 32 Bonito, 2 Rockfish",San Diego Fish Reports dock totals,https://www.sandiegofishreports.com/dock_totals/boats.php?date=2026-08-30,2026-10-04T06:17:57Z,backfill,dock-trips-1
3705f7cf3b53c5c2,2026-08-30,Seaforth,Pacifica,1.5_day,1.5 Day,1.5,22,"{""dorado"": 4, ""yellowfin_tuna"": 18, ""yellowtail"": 3}",{},25,"Pacifica Seaforth Sportfishing San Diego, CA | 22 Anglers 1.5 Day | 3 Yellowtail, 4 Dorado, 18 Yellowfin Tuna",San Diego Fish Reports dock totals,https://www.sandiegofishreports.com/dock_totals/boats.php?date=2026-08-30,2026-10-04T06:17:57Z,backfill,dock-trips-1
8aba123ba90448b3,2026-08-30,Seaforth,Pacifica,full_day,Full Day Offshore,1.0,28,"{""dorado"": 34, ""yellowfin_tuna"": 83}",{},117,"Pacifica Seaforth Sportfishing San Diego, CA | 28 Anglers Full Day Offshore | 34 Dorado, 83 Yellowfin Tuna",San Diego Fish Reports dock totals,https://www.sandiegofishreports.com/dock_totals/boats.php?date=2026-08-30,2026-10-04T06:17:57Z,backfill,dock-trips-1
3d5c537bb25d1d46,2026-08-30,Seaforth,San Diego,full_day,Full Day Coronado Islands,1.0,32,"{""bonito"": 86, ""yellowtail"": 14}",{},100,"San Diego Seaforth Sportfishing San Diego, CA | 32 Anglers Full Day Coronado Islands | 14 Yellowtail, 86 Bonito",San Diego Fish Reports dock totals,https://www.sandiegofishreports.com/dock_totals/boats.php?date=2026-08-30,2026-10-04T06:17:57Z,backfill,dock-trips-1
acdd62f918219c8d,2026-08-30,Seaforth,Sea Watch,three_quarter_day,3/4 Day,0.75,35,"{""barracuda"": 7, ""bonito"": 55, ""calico_bass"": 3, ""rockfish"": 2, ""sand_bass"": 2, ""yellowtail"": 13}",{},82,"Sea Watch Seaforth Sportfishing San Diego, CA | 35 Anglers 3/4 Day | 2 Sand Bass, 7 Barracuda, 13 Yellowtail, 3 Calico Bass, 55 Bonito, 2 Rockfish",San Diego Fish Reports dock totals,https://www.sandiegofishreports.com/dock_totals/boats.php?date=2026-08-30,2026-10-04T06:17:57Z,backfill,dock-trips-1
9ba193f22da0a29e,2026-08-31,Fishermans,Dolphin,full_day,Full Day Coronado Islands,1.0,27,"{""barracuda"": 8, ""bonito"": 49, ""calico_bass"": 6, ""california_halibut"": 2, ""rockfish"": 41, ""sand_bass"": 40, ""yellowtail"": 32}",{},178,"Dolphin Fisherman's Landing San Diego, CA | 27 Anglers Full Day Coronado Islands | 40 Sand Bass, 8 Barracuda, 2 Halibut, 32 Yellowtail (up to 35 pounds), 6 Calico Bass, 49 Bonito, 41 Rockfish",San Diego Fish Reports dock totals,https://www.sandiegofishreports.com/dock_totals/boats.php?date=2026-08-31,2026-10-04T06:17:59Z,backfill,dock-trips-1
6eb3bcb75b8ecffe,2026-08-31,Fishermans,Fortune,overnight,Overnight,1.0,19,"{""dorado"": 3, ""yellowfin_tuna"": 42}",{},45,"Fortune Fisherman's Landing San Diego, CA | 19 Anglers Overnight | 3 Dorado, 42 Yellowfin Tuna",San Diego Fish Reports dock totals,https://www.sandiegofishreports.com/dock_totals/boats.php?date=2026-08-31,2026-10-04T06:17:59Z,backfill,dock-trips-1
e39294aec4ec9751,2026-08-31,Fishermans,Pacific Queen,1.5_day,1.5 Day,1.5,25,"{""bluefin_tuna"": 65, ""dorado"": 85, ""yellowfin_tuna"": 29}",{},179,"Pacific Queen Fisherman's Landing San Diego, CA | 25 Anglers 1.5 Day | 65 Bluefin Tuna, 85 Dorado, 29 Yellowfin Tuna",San Diego Fish Reports dock totals,https://www.sandiegofishreports.com/dock_totals/boats.php?date=2026-08-31,2026-10-04T06:17:59Z,backfill,dock-trips-1
0e9ee4c95feca259,2026-08-31,H&M,"Blue Horizon Oceanside Sea Center Oceanside, CA",full_day,Full Day,1.0,22,"{""bonito"": 20, ""dorado"": 2, ""yellowtail"": 2}",{},24,"Blue Horizon Oceanside Sea Center Oceanside, CA | 22 Anglers Full Day | 2 Yellowtail, 2 Dorado, 20 Bonito, 4 Skipjack Tuna",San Diego Fish Reports dock totals,https://www.sandiegofishreports.com/dock_totals/boats.php?date=2026-08-31,2026-10-04T06:17:59Z,backfill,dock-trips-1
0e6febb49ad3d95a,2026-08-31,H&M,"Chubasco II Oceanside Sea Center Oceanside, CA",three_quarter_day,3/4 Day,0.75,11,"{""barracuda"": 1, ""bonito"": 55, ""calico_bass"": 21, ""rockfish"": 6, ""sand_bass"": 24}","{""calico_bass"": 120}",227,"Chubasco II Oceanside Sea Center Oceanside, CA | 11 Anglers 3/4 Day | 24 Sand Bass, 1 Barracuda, 21 Calico Bass, 55 Bonito, 1 Rockfish, 5 Yellowtail Rockfish, 120 Calico Bass Released",San Diego Fish Reports dock totals,https://www.sandiegofishreports.com/dock_totals/boats.php?date=2026-08-31,2026-10-04T06:17:59Z,backfill,dock-trips-1
7f357ee0dc686547,2026-08-31,H&M,Grande,full_day,Full Day Offshore,1.0,41,"{""dorado"": 4, ""yellowfin_tuna"": 95, ""yellowtail"": 2}",{},101,"Grande H&M Landing San Diego, CA | 41 Anglers Full Day Offshore | 2 Yellowtail, 4 Dorado, 9 Skipjack Tuna, 1 Striped Marlin, 95 Yellowfin Tuna",San Diego Fish Reports dock totals,https://www.sandiegofishreports.com/dock_totals/boats.php?date=2026-08-31,2026-10-04T06:17:59Z,backfill,dock-trips-1
6452ddd141422469,2026-08-31,H&M,Legend,overnight,Overnight,1.0,19,"{""bluefin_tuna"": 1, ""bonito"": 150, ""calico_bass"": 24, ""california_halibut"": 1, ""sand_bass"": 9, ""yellowtail"": 32}",{},217,"Legend H&M Landing San Diego, CA | 19 Anglers Overnight | 9 Sand Bass, 1 Bluefin Tuna, 1 Halibut, 60 Sculpin, 32 Yellowtail, 24 Calico Bass, 150 Bonito",San Diego Fish Reports dock totals,https://www.sandiegofishreports.com/dock_totals/boats.php?date=2026-08-31,2026-10-04T06:17:59Z,backfill,dock-trips-1
e8db13415cf45298,2026-08-31,H&M,Little G,2.5_day,2.5 Day,2.5,5,"{""dorado"": 20, ""rockfish"": 1}","{""calico_bass"": 50}",71,"Little G H&M Landing San Diego, CA | 5 Anglers 2.5 Day | 20 Dorado, 1 Rockfish, 1 Wahoo, 50 Calico Bass Released , 1 Striped Marlin Released",San Diego Fish Reports dock totals,https://www.sandiegofishreports.com/dock_totals/boats.php?date=2026-08-31,2026-10-04T06:17:59Z,backfill,dock-trips-1
28d6b4a606e429a9,2026-08-31,H&M,Old Glory,overnight,Overnight,1.0,33,"{""dorado"": 9, ""yellowfin_tuna"": 29, ""yellowtail"": 8}",{},46,"Old Glory H&M Landing San Diego, CA | 33 Anglers Overnight | 8 Yellowtail, 9 Dorado, 20 Skipjack Tuna, 29 Yellowfin Tuna",San Diego Fish Reports dock totals,https://www.sandiegofishreports.com/dock_totals/boats.php?date=2026-08-31,2026-10-04T06:17:59Z,backfill,dock-trips-1
0daca08e24177d13,2026-08-31,H&M,Premier,half_day,1/2 Day AM,0.5,20,"{""bonito"": 42, ""sand_bass"": 13, ""yellowtail"": 1}",{},56,"Premier H&M Landing San Diego, CA | 20 Anglers 1/2 Day AM | 13 Sand Bass, 1 Yellowtail, 42 Bonito",San Diego Fish Reports dock totals,https://www.sandiegofishreports.com/dock_totals/boats.php?date=2026-08-31,2026-10-04T06:17:59Z,backfill,dock-trips-1
8a8cb1190af7a52f,2026-08-31,H&M,Producer,overnight,Overnight,1.0,29,"{""dorado"": 4, ""yellowfin_tuna"": 40, ""yellowtail"": 12}",{},56,"Producer H&M Landing San Diego, CA | 29 Anglers Overnight | 12 Yellowtail, 4 Dorado, 7 Skipjack Tuna, 40 Yellowfin Tuna",San Diego Fish Reports dock totals,https://www.sandiegofishreports.com/dock_totals/boats.php?date=2026-08-31,2026-10-04T06:17:59Z,backfill,dock-trips-1
8bce7fdb1e476308,2026-08-31,H&M,Ranger 85,2.5_day,2.5 Day,2.5,27,"{""bluefin_tuna"": 53, ""calico_bass"": 30, ""dorado"": 5, ""yellowfin_tuna"": 3, ""yellowtail"": 1}",{},92,"Ranger 85 H&M Landing San Diego, CA | 27 Anglers 2.5 Day | 53 Bluefin Tuna, 1 Yellowtail, 5 Dorado, 30 Calico Bass, 3 Yellowfin Tuna",San Diego Fish Reports dock totals,https://www.sandiegofishreports.com/dock_totals/boats.php?date=2026-08-31,2026-10-04T06:17:59Z,backfill,dock-trips-1
0f45d6157512bedf,2026-08-31,H&M,"Southern Cal Oceanside Sea Center Oceanside, CA",half_day,1/2 Day AM,0.5,30,"{""bonito"": 50, ""calico_bass"": 5, ""sand_bass"": 4, ""yellowtail"": 1}","{""calico_bass"": 10, ""sand_bass"": 20}",90,"Southern Cal Oceanside Sea Center Oceanside, CA | 30 Anglers 1/2 Day AM | 4 Sand Bass, 1 Yellowtail, 5 Calico Bass, 50 Bonito, 20 Sand Bass Released , 10 Calico Bass Released",San Diego Fish Reports dock totals,https://www.sandiegofishreports.com/dock_totals/boats.php?date=2026-08-31,2026-10-04T06:17:59Z,backfill,dock-trips-1
c1197f960fc0e794,2026-08-31,H&M,Spirit of Adventure,2.5_day,2.5 Day,2.5,25,{},{},0,"Spirit of Adventure H&M Landing San Diego, CA | 25 Anglers 2.5 Day | ",San Diego Fish Reports dock totals,https://www.sandiegofishreports.com/dock_totals/boats.php?date=2026-08-31,2026-10-04T06:17:59Z,backfill,dock-trips-1
7ffbbd36e6fbbac8,2026-08-31,Point Loma,Daily Double,half_day,1/2 Day AM,0.5,17,"{""bonito"": 10, ""california_halibut"": 1, ""sand_bass"": 2, ""white_seabass"": 1, ""yellowtail"": 5}",{},19,"Daily Double Point Loma Sportfishing San Diego, CA | 17 Anglers 1/2 Day AM | 2 Barred Sand Bass, 1 Halibut, 5 Yellowtail, 10 Bonito, 1 White Seabass",San Diego Fish Reports dock totals,https://www.sandiegofishreports.com/dock_totals/boats.php?date=2026-08-31,2026-10-04T06:17:59Z,backfill,dock-trips-1
fe63cc7b9f9a723c,2026-08-31,Point Loma,Mission Belle,full_day,Full Day,1.0,26,"{""barracuda"": 1, ""bonito"": 41, ""calico_bass"": 18, ""sand_bass"": 11, ""yellowtail"": 49}",{},120,"Mission Belle Point Loma Sportfishing San Diego, CA | 26 Anglers Full Day | 11 Barred Sand Bass, 1 Barracuda, 49 Yellowtail, 18 Calico Bass, 41 Bonito",San Diego Fish Reports dock totals,https://www.sandiegofishreports.com/dock_totals/boats.php?date=2026-08-31,2026-10-04T06:17:59Z,backfill,dock-trips-1
1db14f5269238325,2026-08-31,Seaforth,Apollo,1.5_day,1.5 Day,1.5,18,"{""barracuda"": 45, ""bonito"": 62, ""yellowtail"": 13}",{},120,"Apollo Seaforth Sportfishing San Diego, CA | 18 Anglers 1.5 Day | 45 Barracuda, 13 Yellowtail, 62 Bonito",San Diego Fish Reports dock totals,https://www.sandiegofishreports.com/dock_totals/boats.php?date=2026-08-31,2026-10-04T06:17:59Z,backfill,dock-trips-1
a23ea9c19b9147a1,2026-08-31,Seaforth,El Gato Dos,full_day,Full Day Offshore,1.0,6,"{""bonito"": 4, ""yellowtail"": 1}",{},5,"El Gato Dos Seaforth Sportfishing San Diego, CA | 6 Anglers Full Day Offshore | 1 Yellowtail, 4 Bonito, 10 Skipjack Tuna",San Diego Fish Reports dock totals,https://www.sandiegofishreports.com/dock_totals/boats.php?date=2026-08-31,2026-10-04T06:17:59Z,backfill,dock-trips-1
fc5ce7371106ce26,2026-08-31,Seaforth,New Seaforth,half_day,1/2 Day AM,0.5,53,"{""barracuda"": 4, ""bonito"": 77, ""calico_bass"": 5, ""sand_bass"": 1, ""yellowtail"": 5}",{},92,"New Seaforth Seaforth Sportfishing San Diego, CA | 53 Anglers 1/2 Day AM | 1 Sand Bass, 4 Barracuda, 5 Yellowtail, 5 Calico Bass, 77 Bonito",San Diego Fish Reports dock totals,https://www.sandiegofishreports.com/dock_totals/boats.php?date=2026-08-31,2026-10-04T06:17:59Z,backfill,dock-trips-1
12aa7efa326aaa11,2026-08-31,Seaforth,New Seaforth,half_day,1/2 Day PM,0.5,36,"{""bonito"": 16, ""calico_bass"": 3, ""yellowtail"": 12}",{},31,"New Seaforth Seaforth Sportfishing San Diego, CA | 36 Anglers 1/2 Day PM | 12 Yellowtail, 3 Calico Bass, 16 Bonito",San Diego Fish Reports dock totals,https://www.sandiegofishreports.com/dock_totals/boats.php?date=2026-08-31,2026-10-04T06:17:59Z,backfill,dock-trips-1
1a826006c04f984a,2026-08-31,Seaforth,New Seaforth,twilight,1/2 Day Twilight,0.4,35,"{""barracuda"": 5, ""bonito"": 96, ""calico_bass"": 15, ""sand_bass"": 2, ""yellowtail"": 1}",{},119,"New Seaforth Seaforth Sportfishing San Diego, CA | 35 Anglers 1/2 Day Twilight | 2 Sand Bass, 5 Barracuda, 2 Sculpin, 1 Yellowtail, 15 Calico Bass, 96 Bonito",San Diego Fish Reports dock totals,https://www.sandiegofishreports.com/dock_totals/boats.php?date=2026-08-31,2026-10-04T06:17:59Z,backfill,dock-trips-1
3d2f5a3595132665,2026-08-31,Seaforth,San Diego,full_day,Full Day Coronado Islands,1.0,31,"{""barracuda"": 7, ""bonito"": 40, ""sand_bass"": 20, ""yellowtail"": 40}",{},107,"San Diego Seaforth Sportfishing San Diego, CA | 31 Anglers Full Day Coronado Islands | 20 Sand Bass, 7 Barracuda, 40 Yellowtail, 40 Bonito",San Diego Fish Reports dock totals,https://www.sandiegofishreports.com/dock_totals/boats.php?date=2026-08-31,2026-10-04T06:17:59Z,backfill,dock-trips-1
94b2ba7506d81e3a,2026-08-31,Seaforth,Sea Watch,three_quarter_day,3/4 Day,0.75,20,"{""bonito"": 85, ""yellowtail"": 1}",{},86,"Sea Watch Seaforth Sportfishing San Diego, CA | 20 Anglers 3/4 Day | 1 Yellowtail, 85 Bonito",San Diego Fish Reports dock totals,https://www.sandiegofishreports.com/dock_totals/boats.php?date=2026-08-31,2026-10-04T06:17:59Z,backfill,dock-trips-1
43cf95e20e48c929,2026-08-31,Seaforth,Tribute,2.5_day,2.5 Day,2.5,21,"{""bonito"": 35, ""dorado"": 6, ""yellowfin_tuna"": 83, ""yellowtail"": 6}",{},130,"Tribute Seaforth Sportfishing San Diego, CA | 21 Anglers 2.5 Day | 6 Yellowtail, 6 Dorado, 35 Bonito, 83 Yellowfin Tuna",San Diego Fish Reports dock totals,https://www.sandiegofishreports.com/dock_totals/boats.php?date=2026-08-31,2026-10-04T06:17:59Z,backfill,dock-trips-1
