current_issuance,prior_issuance,target_date,zone_id,species_id,lead_now,lead_prior,tier_now,tier_prior,score_prior,score_now,delta,class_prior,class_now,top_drivers,driver_points_json,input_changes,notes
2026-10-08T1351PT_v1,2026-10-07T1427PT_v1,2026-10-08,coronados,barracuda,0,1,1,1,74.5,73.5,-1.0,Good,Good,fishability (wind/sea access) -1.0,"{""access"": -1.0}",,
2026-10-08T1351PT_v1,2026-10-07T1427PT_v1,2026-10-08,coronados,bluefin_tuna,0,1,1,1,73.8,72.8,-1.0,Good,Good,fishability (wind/sea access) -1.0,"{""access"": -1.0}",,
2026-10-08T1351PT_v1,2026-10-07T1427PT_v1,2026-10-08,coronados,bonito,0,1,1,1,95.9,95.4,-0.5,Excellent,Excellent,no material driver change,"{""access"": -0.5}",,
2026-10-08T1351PT_v1,2026-10-07T1427PT_v1,2026-10-08,coronados,calico_bass,0,1,1,1,82.6,81.6,-1.0,Very Good,Very Good,fishability (wind/sea access) -1.0,"{""access"": -1.0}",,
2026-10-08T1351PT_v1,2026-10-07T1427PT_v1,2026-10-08,coronados,dorado,0,1,1,1,97.9,97.5,-0.4,Excellent,Excellent,no material driver change,"{""access"": -0.4}",,
2026-10-08T1351PT_v1,2026-10-07T1427PT_v1,2026-10-08,coronados,rockfish,0,1,1,1,44.3,43.7,-0.6,Fair,Fair,no material driver change,"{""access"": -0.6}",,
2026-10-08T1351PT_v1,2026-10-07T1427PT_v1,2026-10-08,coronados,sheephead,0,1,1,1,71.6,70.7,-0.9,Good,Good,no material driver change,"{""access"": -0.9}",,
2026-10-08T1351PT_v1,2026-10-07T1427PT_v1,2026-10-08,coronados,white_seabass,0,1,1,1,19.3,19.0,-0.3,Poor,Poor,no material driver change,"{""access"": -0.3}",,
2026-10-08T1351PT_v1,2026-10-07T1427PT_v1,2026-10-08,coronados,yellowfin_tuna,0,1,1,1,97.9,97.6,-0.3,Excellent,Excellent,no material driver change,"{""access"": -0.3}",,
2026-10-08T1351PT_v1,2026-10-07T1427PT_v1,2026-10-08,coronados,yellowtail,0,1,1,1,84.5,83.4,-1.1,Very Good,Very Good,fishability (wind/sea access) -1.1,"{""access"": -1.1}",,
2026-10-08T1351PT_v1,2026-10-07T1427PT_v1,2026-10-08,cortez_tanner,bluefin_tuna,0,1,1,1,77.7,76.7,-1.0,Very Good,Very Good,water temperature fit -1.3; ENSO/SST anomaly boost +1.1,"{""access"": -0.9, ""anomaly"": 1.1, ""sst"": -1.3}",,
2026-10-08T1351PT_v1,2026-10-07T1427PT_v1,2026-10-08,cortez_tanner,dorado,0,1,1,1,75.8,78.0,2.2,Very Good,Very Good,water temperature fit +3.1,"{""access"": -0.9, ""sst"": 3.1}",,
2026-10-08T1351PT_v1,2026-10-07T1427PT_v1,2026-10-08,cortez_tanner,rockfish,0,1,1,1,40.3,38.8,-1.5,Fair,Poor,ENSO/SST anomaly boost -1.1,"{""access"": -0.4, ""anomaly"": -1.1}",,
2026-10-08T1351PT_v1,2026-10-07T1427PT_v1,2026-10-08,cortez_tanner,yellowfin_tuna,0,1,1,1,84.7,83.8,-0.9,Very Good,Very Good,no material driver change,"{""access"": -0.9}",,
2026-10-08T1351PT_v1,2026-10-07T1427PT_v1,2026-10-08,cortez_tanner,yellowtail,0,1,1,1,81.2,80.3,-0.9,Very Good,Very Good,no material driver change,"{""access"": -0.9}",,
2026-10-08T1351PT_v1,2026-10-07T1427PT_v1,2026-10-08,la_jolla,barracuda,0,1,1,1,87.4,85.8,-1.6,Very Good,Very Good,water temperature fit -3.0; ENSO/SST anomaly boost +1.3,"{""anomaly"": 1.3, ""sst"": -3.0, ""swell"": 0.1}",SST 74.3→74.7°F; SST anomaly 5.1→5.4°F,
2026-10-08T1351PT_v1,2026-10-07T1427PT_v1,2026-10-08,la_jolla,bonito,0,1,1,1,99.3,99.1,-0.2,Excellent,Excellent,no material driver change,"{""sst"": -0.2}",SST 74.3→74.7°F; SST anomaly 5.1→5.4°F,
2026-10-08T1351PT_v1,2026-10-07T1427PT_v1,2026-10-08,la_jolla,calico_bass,0,1,1,1,94.7,94.4,-0.3,Excellent,Excellent,no material driver change,"{""anomaly"": 0.6, ""sst"": -0.9}",SST 74.3→74.7°F; SST anomaly 5.1→5.4°F,
2026-10-08T1351PT_v1,2026-10-07T1427PT_v1,2026-10-08,la_jolla,california_halibut,0,1,1,1,17.4,17.0,-0.4,Poor,Poor,no material driver change,"{""anomaly"": -0.4}",SST 74.3→74.7°F; SST anomaly 5.1→5.4°F,
2026-10-08T1351PT_v1,2026-10-07T1427PT_v1,2026-10-08,la_jolla,rockfish,0,1,1,1,54.2,51.7,-2.5,Fair,Fair,ENSO/SST anomaly boost -2.2,"{""anomaly"": -2.2, ""sst"": -0.5, ""swell"": 0.1}",SST 74.3→74.7°F; SST anomaly 5.1→5.4°F,
2026-10-08T1351PT_v1,2026-10-07T1427PT_v1,2026-10-08,la_jolla,sheephead,0,1,1,1,84.1,84.3,0.2,Very Good,Very Good,no material driver change,"{""swell"": 0.2}",SST 74.3→74.7°F; SST anomaly 5.1→5.4°F,
2026-10-08T1351PT_v1,2026-10-07T1427PT_v1,2026-10-08,la_jolla,white_seabass,0,1,1,1,22.4,22.1,-0.3,Poor,Poor,no material driver change,"{""anomaly"": -0.3}",SST 74.3→74.7°F; SST anomaly 5.1→5.4°F,
2026-10-08T1351PT_v1,2026-10-07T1427PT_v1,2026-10-08,la_jolla,yellowtail,0,1,1,1,96.0,94.6,-1.4,Excellent,Excellent,water temperature fit -1.4,"{""sst"": -1.4}",SST 74.3→74.7°F; SST anomaly 5.1→5.4°F,
2026-10-08T1351PT_v1,2026-10-07T1427PT_v1,2026-10-08,mission_bay,california_halibut,0,1,1,1,17.5,17.0,-0.5,Poor,Poor,no material driver change,"{""anomaly"": -0.5}",SST 74.1→76.7°F; SST anomaly 5.1→5.6°F; SST source Open-Meteo marine model → NOAA CO-OPS shore thermistor,
2026-10-08T1351PT_v1,2026-10-07T1427PT_v1,2026-10-08,mission_bay,sand_bass,0,1,1,1,95.2,82.7,-12.5,Excellent,Very Good,water temperature fit -14.0; ENSO/SST anomaly boost +1.4,"{""anomaly"": 1.4, ""sst"": -14.0}",SST 74.1→76.7°F; SST anomaly 5.1→5.6°F; SST source Open-Meteo marine model → NOAA CO-OPS shore thermistor,
2026-10-08T1351PT_v1,2026-10-07T1427PT_v1,2026-10-08,mission_bay,spotted_bay_bass,0,1,1,1,98.6,98.6,0.0,Excellent,Excellent,no material driver change,{},SST 74.1→76.7°F; SST anomaly 5.1→5.6°F; SST source Open-Meteo marine model → NOAA CO-OPS shore thermistor,
2026-10-08T1351PT_v1,2026-10-07T1427PT_v1,2026-10-08,nine_mile,barracuda,0,1,1,1,83.6,81.2,-2.4,Very Good,Very Good,fishability (wind/sea access) -2.2,"{""access"": -2.2, ""anomaly"": 0.3, ""sst"": -0.7, ""swell"": 0.1}",,
2026-10-08T1351PT_v1,2026-10-07T1427PT_v1,2026-10-08,nine_mile,bluefin_tuna,0,1,1,1,84.8,81.9,-2.9,Very Good,Very Good,fishability (wind/sea access) -2.2; water temperature fit -1.2,"{""access"": -2.2, ""anomaly"": 0.4, ""sst"": -1.2, ""swell"": 0.1}",,
2026-10-08T1351PT_v1,2026-10-07T1427PT_v1,2026-10-08,nine_mile,bonito,0,1,1,1,99.1,98.7,-0.4,Excellent,Excellent,no material driver change,"{""access"": -0.3}",,
2026-10-08T1351PT_v1,2026-10-07T1427PT_v1,2026-10-08,nine_mile,dorado,0,1,1,1,99.5,99.3,-0.2,Excellent,Excellent,no material driver change,"{""access"": -0.2}",,
2026-10-08T1351PT_v1,2026-10-07T1427PT_v1,2026-10-08,nine_mile,rockfish,0,1,1,1,56.6,54.8,-1.8,Fair,Fair,fishability (wind/sea access) -1.5,"{""access"": -1.5, ""anomaly"": -0.5, ""swell"": 0.2}",,
2026-10-08T1351PT_v1,2026-10-07T1427PT_v1,2026-10-08,nine_mile,yellowfin_tuna,0,1,1,1,99.5,99.3,-0.2,Excellent,Excellent,no material driver change,"{""access"": -0.2}",,
2026-10-08T1351PT_v1,2026-10-07T1427PT_v1,2026-10-08,nine_mile,yellowtail,0,1,1,1,95.3,93.5,-1.8,Excellent,Excellent,fishability (wind/sea access) -1.4,"{""access"": -1.4, ""sst"": -0.4}",,
2026-10-08T1351PT_v1,2026-10-07T1427PT_v1,2026-10-08,outer_banks,bluefin_tuna,0,1,1,1,73.5,69.7,-3.8,Good,Good,fishability (wind/sea access) -3.4,"{""access"": -3.4, ""anomaly"": 0.4, ""sst"": -0.9, ""swell"": 0.1}",,
2026-10-08T1351PT_v1,2026-10-07T1427PT_v1,2026-10-08,outer_banks,bonito,0,1,1,1,95.3,92.5,-2.8,Excellent,Excellent,fishability (wind/sea access) -2.8,"{""access"": -2.8, ""sst"": -0.1}",,
2026-10-08T1351PT_v1,2026-10-07T1427PT_v1,2026-10-08,outer_banks,dorado,0,1,1,1,96.6,94.6,-2.0,Excellent,Excellent,fishability (wind/sea access) -2.1,"{""access"": -2.1}",,
2026-10-08T1351PT_v1,2026-10-07T1427PT_v1,2026-10-08,outer_banks,rockfish,0,1,1,1,48.6,46.0,-2.6,Fair,Fair,fishability (wind/sea access) -2.3,"{""access"": -2.3, ""anomaly"": -0.5, ""swell"": 0.2}",,
2026-10-08T1351PT_v1,2026-10-07T1427PT_v1,2026-10-08,outer_banks,sheephead,0,1,1,1,67.5,64.5,-3.0,Good,Good,fishability (wind/sea access) -3.2,"{""access"": -3.2, ""swell"": 0.2}",,
2026-10-08T1351PT_v1,2026-10-07T1427PT_v1,2026-10-08,outer_banks,white_seabass,0,1,1,1,19.2,18.3,-0.9,Poor,Poor,no material driver change,"{""access"": -0.9}",,
2026-10-08T1351PT_v1,2026-10-07T1427PT_v1,2026-10-08,outer_banks,yellowfin_tuna,0,1,1,1,96.6,94.6,-2.0,Excellent,Excellent,fishability (wind/sea access) -2.1,"{""access"": -2.1}",,
2026-10-08T1351PT_v1,2026-10-07T1427PT_v1,2026-10-08,outer_banks,yellowtail,0,1,1,1,84.6,80.2,-4.4,Very Good,Very Good,fishability (wind/sea access) -3.9,"{""access"": -3.9, ""sst"": -0.6}",,
2026-10-08T1351PT_v1,2026-10-07T1427PT_v1,2026-10-08,pt_loma_kelp,barracuda,0,1,1,1,89.0,88.0,-1.0,Very Good,Very Good,water temperature fit -2.1; ENSO/SST anomaly boost +1.0,"{""anomaly"": 1.0, ""sst"": -2.1}",,
2026-10-08T1351PT_v1,2026-10-07T1427PT_v1,2026-10-08,pt_loma_kelp,bonito,0,1,1,1,99.4,99.2,-0.2,Excellent,Excellent,no material driver change,"{""sst"": -0.2}",,
2026-10-08T1351PT_v1,2026-10-07T1427PT_v1,2026-10-08,pt_loma_kelp,calico_bass,0,1,1,1,95.2,95.0,-0.2,Excellent,Excellent,no material driver change,"{""anomaly"": 0.5, ""sst"": -0.8}",,
2026-10-08T1351PT_v1,2026-10-07T1427PT_v1,2026-10-08,pt_loma_kelp,california_halibut,0,1,1,1,17.5,17.2,-0.3,Poor,Poor,no material driver change,"{""anomaly"": -0.3}",,
2026-10-08T1351PT_v1,2026-10-07T1427PT_v1,2026-10-08,pt_loma_kelp,rockfish,0,1,1,1,47.9,46.0,-1.9,Fair,Fair,ENSO/SST anomaly boost -1.5,"{""anomaly"": -1.5, ""sst"": -0.6, ""swell"": 0.1}",,
2026-10-08T1351PT_v1,2026-10-07T1427PT_v1,2026-10-08,pt_loma_kelp,sand_bass,0,1,1,1,95.0,94.9,-0.1,Excellent,Excellent,no material driver change,"{""anomaly"": 0.5, ""sst"": -0.7}",,
2026-10-08T1351PT_v1,2026-10-07T1427PT_v1,2026-10-08,pt_loma_kelp,sheephead,0,1,1,1,83.7,83.9,0.2,Very Good,Very Good,no material driver change,"{""swell"": 0.2}",,
2026-10-08T1351PT_v1,2026-10-07T1427PT_v1,2026-10-08,pt_loma_kelp,white_seabass,0,1,1,1,22.4,22.2,-0.2,Poor,Poor,no material driver change,"{""anomaly"": -0.2}",,
2026-10-08T1351PT_v1,2026-10-07T1427PT_v1,2026-10-08,pt_loma_kelp,yellowtail,0,1,1,1,96.7,95.8,-0.9,Excellent,Excellent,no material driver change,"{""sst"": -0.9}",,
2026-10-08T1351PT_v1,2026-10-07T1427PT_v1,2026-10-08,sd_bay,california_halibut,0,1,1,1,17.5,17.1,-0.4,Poor,Poor,no material driver change,"{""anomaly"": -0.4}",SST 74.1→76.7°F; SST anomaly 5.2→5.6°F; SST source Open-Meteo marine model → NOAA CO-OPS shore thermistor,
2026-10-08T1351PT_v1,2026-10-07T1427PT_v1,2026-10-08,sd_bay,sand_bass,0,1,1,1,95.5,83.1,-12.4,Excellent,Very Good,water temperature fit -13.5,"{""anomaly"": 1.0, ""sst"": -13.5, ""swell"": 0.1}",SST 74.1→76.7°F; SST anomaly 5.2→5.6°F; SST source Open-Meteo marine model → NOAA CO-OPS shore thermistor,
2026-10-08T1351PT_v1,2026-10-07T1427PT_v1,2026-10-08,sd_bay,spotted_bay_bass,0,1,1,1,98.7,98.6,-0.1,Excellent,Excellent,no material driver change,"{""anomaly"": 0.2, ""sst"": -0.3}",SST 74.1→76.7°F; SST anomaly 5.2→5.6°F; SST source Open-Meteo marine model → NOAA CO-OPS shore thermistor,
2026-10-08T1351PT_v1,2026-10-07T1427PT_v1,2026-10-08,surf_zone,barred_surfperch,0,1,1,1,15.7,26.8,11.1,Poor,Poor,water temperature fit +8.6; ENSO/SST anomaly boost +2.4,"{""anomaly"": 2.4, ""sst"": 8.6}",SST 74.8→71.4°F; SST anomaly 5.5→4.9°F; SST source Open-Meteo marine model → NOAA CO-OPS shore thermistor,
2026-10-08T1351PT_v1,2026-10-07T1427PT_v1,2026-10-08,surf_zone,calico_bass,0,1,1,1,94.5,95.3,0.8,Excellent,Excellent,water temperature fit +1.7,"{""anomaly"": -1.0, ""sst"": 1.7}",SST 74.8→71.4°F; SST anomaly 5.5→4.9°F; SST source Open-Meteo marine model → NOAA CO-OPS shore thermistor,
2026-10-08T1351PT_v1,2026-10-07T1427PT_v1,2026-10-08,surf_zone,california_halibut,0,1,1,1,16.9,44.5,27.6,Poor,Fair,water temperature fit +26.1; ENSO/SST anomaly boost +1.5,"{""anomaly"": 1.5, ""sst"": 26.1}",SST 74.8→71.4°F; SST anomaly 5.5→4.9°F; SST source Open-Meteo marine model → NOAA CO-OPS shore thermistor,
2026-10-08T1351PT_v1,2026-10-07T1427PT_v1,2026-10-08,surf_zone,corbina,0,1,1,1,95.9,97.3,1.4,Excellent,Excellent,water temperature fit +1.3,"{""sst"": 1.3, ""swell"": 0.1}",SST 74.8→71.4°F; SST anomaly 5.5→4.9°F; SST source Open-Meteo marine model → NOAA CO-OPS shore thermistor,
2026-10-08T1351PT_v1,2026-10-07T1427PT_v1,2026-10-08,surf_zone,sand_bass,0,1,1,1,94.1,94.9,0.8,Excellent,Excellent,water temperature fit +2.4; ENSO/SST anomaly boost -1.7,"{""anomaly"": -1.7, ""sst"": 2.4}",SST 74.8→71.4°F; SST anomaly 5.5→4.9°F; SST source Open-Meteo marine model → NOAA CO-OPS shore thermistor,
2026-10-08T1351PT_v1,2026-10-07T1427PT_v1,2026-10-09,coronados,barracuda,1,2,1,1,67.8,69.0,1.2,Good,Good,small changes across several drivers,"{""access"": 0.5, ""anomaly"": -0.3, ""sst"": 0.7, ""swell"": 0.2}",,
2026-10-08T1351PT_v1,2026-10-07T1427PT_v1,2026-10-09,coronados,bluefin_tuna,1,2,1,1,63.4,65.8,2.4,Good,Good,water temperature fit +1.7,"{""access"": 0.5, ""sst"": 1.7, ""swell"": 0.2}",,
2026-10-08T1351PT_v1,2026-10-07T1427PT_v1,2026-10-09,coronados,bonito,1,2,1,1,93.2,94.3,1.1,Excellent,Excellent,small changes across several drivers,"{""access"": 0.5, ""sst"": 0.4, ""swell"": 0.2}",,
2026-10-08T1351PT_v1,2026-10-07T1427PT_v1,2026-10-09,coronados,calico_bass,1,2,1,1,77.1,78.1,1.0,Very Good,Very Good,small changes across several drivers,"{""access"": 0.6, ""anomaly"": -0.2, ""sst"": 0.4, ""swell"": 0.2}",,
2026-10-08T1351PT_v1,2026-10-07T1427PT_v1,2026-10-09,coronados,dorado,1,2,1,1,97.6,97.8,0.2,Excellent,Excellent,no material driver change,"{""access"": 0.2}",,
2026-10-08T1351PT_v1,2026-10-07T1427PT_v1,2026-10-09,coronados,rockfish,1,2,1,1,39.4,40.5,1.1,Poor,Fair,small changes across several drivers,"{""access"": 0.3, ""anomaly"": 0.5, ""swell"": 0.2}",,
2026-10-08T1351PT_v1,2026-10-07T1427PT_v1,2026-10-09,coronados,sheephead,1,2,1,1,66.4,67.4,1.0,Good,Good,small changes across several drivers,"{""access"": 0.6, ""swell"": 0.4}",,
2026-10-08T1351PT_v1,2026-10-07T1427PT_v1,2026-10-09,coronados,white_seabass,1,2,1,1,17.6,17.8,0.2,Poor,Poor,no material driver change,"{""access"": 0.1}",,
2026-10-08T1351PT_v1,2026-10-07T1427PT_v1,2026-10-09,coronados,yellowfin_tuna,1,2,1,1,97.6,97.9,0.3,Excellent,Excellent,no material driver change,"{""access"": 0.2}",,
2026-10-08T1351PT_v1,2026-10-07T1427PT_v1,2026-10-09,coronados,yellowtail,1,2,1,1,74.9,76.4,1.5,Good,Very Good,small changes across several drivers,"{""access"": 0.6, ""sst"": 0.8, ""swell"": 0.2}",,
2026-10-08T1351PT_v1,2026-10-07T1427PT_v1,2026-10-09,cortez_tanner,bluefin_tuna,1,2,1,1,76.6,76.8,0.2,Very Good,Very Good,no material driver change,"{""access"": 0.3, ""anomaly"": 0.6, ""pressure"": -0.6, ""sst"": -0.2, ""swell"": 0.1}",,
2026-10-08T1351PT_v1,2026-10-07T1427PT_v1,2026-10-09,cortez_tanner,dorado,1,2,1,1,71.5,73.3,1.8,Good,Good,water temperature fit +2.0,"{""access"": 0.3, ""pressure"": -0.6, ""sst"": 2.0}",,
2026-10-08T1351PT_v1,2026-10-07T1427PT_v1,2026-10-09,cortez_tanner,rockfish,1,2,1,1,40.4,39.5,-0.9,Fair,Poor,no material driver change,"{""access"": 0.2, ""anomaly"": -0.7, ""pressure"": -0.5, ""swell"": 0.1}",,
2026-10-08T1351PT_v1,2026-10-07T1427PT_v1,2026-10-09,cortez_tanner,yellowfin_tuna,1,2,1,1,83.3,83.1,-0.2,Very Good,Very Good,no material driver change,"{""access"": 0.3, ""pressure"": -0.6, ""swell"": 0.1}",,
2026-10-08T1351PT_v1,2026-10-07T1427PT_v1,2026-10-09,cortez_tanner,yellowtail,1,2,1,1,75.9,76.0,0.1,Very Good,Very Good,no material driver change,"{""access"": 0.3, ""anomaly"": 0.5, ""pressure"": -0.8}",,
2026-10-08T1351PT_v1,2026-10-07T1427PT_v1,2026-10-09,la_jolla,barracuda,1,2,1,1,84.8,85.1,0.3,Very Good,Very Good,no material driver change,"{""swell"": 0.3}",,
2026-10-08T1351PT_v1,2026-10-07T1427PT_v1,2026-10-09,la_jolla,bonito,1,2,1,1,99.4,99.4,0.0,Excellent,Excellent,no material driver change,{},,
2026-10-08T1351PT_v1,2026-10-07T1427PT_v1,2026-10-09,la_jolla,calico_bass,1,2,1,1,92.6,92.9,0.3,Excellent,Excellent,no material driver change,"{""swell"": 0.3}",,
2026-10-08T1351PT_v1,2026-10-07T1427PT_v1,2026-10-09,la_jolla,california_halibut,1,2,1,1,16.4,16.5,0.1,Poor,Poor,no material driver change,"{""swell"": 0.1}",,
2026-10-08T1351PT_v1,2026-10-07T1427PT_v1,2026-10-09,la_jolla,rockfish,1,2,1,1,54.6,55.1,0.5,Fair,Fair,no material driver change,"{""swell"": 0.5}",,
2026-10-08T1351PT_v1,2026-10-07T1427PT_v1,2026-10-09,la_jolla,sheephead,1,2,1,1,79.6,80.3,0.7,Very Good,Very Good,no material driver change,"{""swell"": 0.7}",,
2026-10-08T1351PT_v1,2026-10-07T1427PT_v1,2026-10-09,la_jolla,white_seabass,1,2,1,1,21.4,21.5,0.1,Poor,Poor,no material driver change,"{""swell"": 0.1}",,
2026-10-08T1351PT_v1,2026-10-07T1427PT_v1,2026-10-09,la_jolla,yellowtail,1,2,1,1,94.6,94.7,0.1,Excellent,Excellent,no material driver change,"{""swell"": 0.1}",,
2026-10-08T1351PT_v1,2026-10-07T1427PT_v1,2026-10-09,mission_bay,california_halibut,1,2,1,1,21.2,16.6,-4.6,Poor,Poor,water temperature fit -4.4,"{""anomaly"": -0.3, ""sst"": -4.4}",,
2026-10-08T1351PT_v1,2026-10-07T1427PT_v1,2026-10-09,mission_bay,sand_bass,1,2,1,1,93.0,93.6,0.6,Excellent,Excellent,no material driver change,"{""anomaly"": 0.5, ""sst"": -0.1, ""swell"": 0.2}",,
2026-10-08T1351PT_v1,2026-10-07T1427PT_v1,2026-10-09,mission_bay,spotted_bay_bass,1,2,1,1,96.0,96.3,0.3,Excellent,Excellent,no material driver change,"{""anomaly"": 0.3}",,
2026-10-08T1351PT_v1,2026-10-07T1427PT_v1,2026-10-09,nine_mile,barracuda,1,2,1,1,76.6,77.6,1.0,Very Good,Very Good,small changes across several drivers,"{""access"": 0.7, ""swell"": 0.3}",,
2026-10-08T1351PT_v1,2026-10-07T1427PT_v1,2026-10-09,nine_mile,bluefin_tuna,1,2,1,1,74.4,75.6,1.2,Good,Very Good,small changes across several drivers,"{""access"": 0.8, ""swell"": 0.4}",,
2026-10-08T1351PT_v1,2026-10-07T1427PT_v1,2026-10-09,nine_mile,bonito,1,2,1,1,98.4,98.6,0.2,Excellent,Excellent,no material driver change,"{""access"": 0.1}",,
2026-10-08T1351PT_v1,2026-10-07T1427PT_v1,2026-10-09,nine_mile,dorado,1,2,1,1,99.5,99.5,0.0,Excellent,Excellent,no material driver change,{},,
2026-10-08T1351PT_v1,2026-10-07T1427PT_v1,2026-10-09,nine_mile,rockfish,1,2,1,1,51.4,52.4,1.0,Fair,Fair,small changes across several drivers,"{""access"": 0.5, ""swell"": 0.5}",,
2026-10-08T1351PT_v1,2026-10-07T1427PT_v1,2026-10-09,nine_mile,yellowfin_tuna,1,2,1,1,99.5,99.6,0.1,Excellent,Excellent,no material driver change,{},,
2026-10-08T1351PT_v1,2026-10-07T1427PT_v1,2026-10-09,nine_mile,yellowtail,1,2,1,1,86.6,87.7,1.1,Very Good,Very Good,small changes across several drivers,"{""access"": 0.8, ""swell"": 0.3}",,
2026-10-08T1351PT_v1,2026-10-07T1427PT_v1,2026-10-09,outer_banks,bluefin_tuna,1,2,1,1,72.1,72.3,0.2,Good,Good,water temperature fit -2.4; fishability (wind/sea access) +1.3,"{""access"": 1.3, ""anomaly"": 0.8, ""sst"": -2.4, ""swell"": 0.6}",,
2026-10-08T1351PT_v1,2026-10-07T1427PT_v1,2026-10-09,outer_banks,bonito,1,2,1,1,94.6,94.9,0.3,Excellent,Excellent,no material driver change,"{""access"": 0.5, ""sst"": -0.4, ""swell"": 0.2}",,
2026-10-08T1351PT_v1,2026-10-07T1427PT_v1,2026-10-09,outer_banks,dorado,1,2,1,1,96.4,96.8,0.4,Excellent,Excellent,no material driver change,"{""access"": 0.3}",,
2026-10-08T1351PT_v1,2026-10-07T1427PT_v1,2026-10-09,outer_banks,rockfish,1,2,1,1,46.6,46.9,0.3,Fair,Fair,no material driver change,"{""access"": 0.4, ""anomaly"": -0.5, ""swell"": 0.4}",,
2026-10-08T1351PT_v1,2026-10-07T1427PT_v1,2026-10-09,outer_banks,sheephead,1,2,1,1,63.2,64.1,0.9,Good,Good,no material driver change,"{""access"": 0.5, ""swell"": 0.4}",,
2026-10-08T1351PT_v1,2026-10-07T1427PT_v1,2026-10-09,outer_banks,white_seabass,1,2,1,1,18.0,18.1,0.1,Poor,Poor,no material driver change,"{""access"": 0.1}",,
2026-10-08T1351PT_v1,2026-10-07T1427PT_v1,2026-10-09,outer_banks,yellowfin_tuna,1,2,1,1,96.4,96.8,0.4,Excellent,Excellent,no material driver change,"{""access"": 0.3, ""swell"": 0.1}",,
2026-10-08T1351PT_v1,2026-10-07T1427PT_v1,2026-10-09,outer_banks,yellowtail,1,2,1,1,78.9,79.1,0.2,Very Good,Very Good,no material driver change,"{""access"": 0.8, ""sst"": -0.8, ""swell"": 0.2}",,
2026-10-08T1351PT_v1,2026-10-07T1427PT_v1,2026-10-09,pt_loma_kelp,barracuda,1,2,1,1,85.9,86.6,0.7,Very Good,Very Good,no material driver change,"{""access"": 0.7, ""anomaly"": 0.4, ""sst"": -0.7, ""swell"": 0.3}",,
2026-10-08T1351PT_v1,2026-10-07T1427PT_v1,2026-10-09,pt_loma_kelp,bonito,1,2,1,1,99.4,99.5,0.1,Excellent,Excellent,no material driver change,{},,
2026-10-08T1351PT_v1,2026-10-07T1427PT_v1,2026-10-09,pt_loma_kelp,calico_bass,1,2,1,1,92.7,93.5,0.8,Excellent,Excellent,no material driver change,"{""access"": 0.5, ""anomaly"": 0.2, ""swell"": 0.2}",,
2026-10-08T1351PT_v1,2026-10-07T1427PT_v1,2026-10-09,pt_loma_kelp,california_halibut,1,2,1,1,18.5,16.6,-1.9,Poor,Poor,water temperature fit -2.0,"{""access"": 0.1, ""anomaly"": -0.1, ""sst"": -2.0}",,
2026-10-08T1351PT_v1,2026-10-07T1427PT_v1,2026-10-09,pt_loma_kelp,rockfish,1,2,1,1,48.5,48.7,0.2,Fair,Fair,no material driver change,"{""access"": 0.4, ""anomaly"": -0.5, ""sst"": -0.2, ""swell"": 0.5}",,
2026-10-08T1351PT_v1,2026-10-07T1427PT_v1,2026-10-09,pt_loma_kelp,sand_bass,1,2,1,1,92.5,93.4,0.9,Excellent,Excellent,no material driver change,"{""access"": 0.5, ""anomaly"": 0.3, ""sst"": -0.1, ""swell"": 0.2}",,
2026-10-08T1351PT_v1,2026-10-07T1427PT_v1,2026-10-09,pt_loma_kelp,sheephead,1,2,1,1,78.5,79.8,1.3,Very Good,Very Good,small changes across several drivers,"{""access"": 0.6, ""swell"": 0.7}",,
2026-10-08T1351PT_v1,2026-10-07T1427PT_v1,2026-10-09,pt_loma_kelp,white_seabass,1,2,1,1,21.4,21.5,0.1,Poor,Poor,no material driver change,"{""access"": 0.1}",,
2026-10-08T1351PT_v1,2026-10-07T1427PT_v1,2026-10-09,pt_loma_kelp,yellowtail,1,2,1,1,95.4,95.5,0.1,Excellent,Excellent,no material driver change,"{""access"": 0.2, ""sst"": -0.2}",,
2026-10-08T1351PT_v1,2026-10-07T1427PT_v1,2026-10-09,sd_bay,california_halibut,1,2,1,1,21.1,21.2,0.1,Poor,Poor,no material driver change,{},,
2026-10-08T1351PT_v1,2026-10-07T1427PT_v1,2026-10-09,sd_bay,sand_bass,1,2,1,1,93.6,93.7,0.1,Excellent,Excellent,no material driver change,"{""swell"": 0.1}",,
2026-10-08T1351PT_v1,2026-10-07T1427PT_v1,2026-10-09,sd_bay,spotted_bay_bass,1,2,1,1,96.2,96.2,0.0,Excellent,Excellent,no material driver change,{},,
2026-10-08T1351PT_v1,2026-10-07T1427PT_v1,2026-10-09,surf_zone,barred_surfperch,1,2,1,1,15.8,15.2,-0.6,Poor,Poor,no material driver change,"{""anomaly"": -0.5, ""pressure"": -0.2, ""swell"": 0.1}",,
2026-10-08T1351PT_v1,2026-10-07T1427PT_v1,2026-10-09,surf_zone,calico_bass,1,2,1,1,92.8,91.8,-1.0,Excellent,Excellent,pressure trend -1.1,"{""anomaly"": 0.4, ""pressure"": -1.1, ""sst"": -0.7, ""swell"": 0.3}",,
2026-10-08T1351PT_v1,2026-10-07T1427PT_v1,2026-10-09,surf_zone,california_halibut,1,2,1,1,16.3,15.9,-0.4,Poor,Poor,no material driver change,"{""anomaly"": -0.2, ""pressure"": -0.2}",,
2026-10-08T1351PT_v1,2026-10-07T1427PT_v1,2026-10-09,surf_zone,corbina,1,2,1,1,96.8,96.6,-0.2,Excellent,Excellent,no material driver change,"{""pressure"": -0.2, ""sst"": -0.3, ""swell"": 0.3}",,
2026-10-08T1351PT_v1,2026-10-07T1427PT_v1,2026-10-09,surf_zone,sand_bass,1,2,1,1,92.5,91.4,-1.1,Excellent,Excellent,pressure trend -1.1,"{""anomaly"": 0.6, ""pressure"": -1.1, ""sst"": -0.8, ""swell"": 0.2}",,
2026-10-08T1351PT_v1,2026-10-07T1427PT_v1,2026-10-10,coronados,barracuda,2,3,1,1,67.4,60.5,-6.9,Good,Good,fishability (wind/sea access) -8.4; water temperature fit +2.0; ENSO/SST anomaly boost -1.0,"{""access"": -8.4, ""anomaly"": -1.0, ""sst"": 2.0, ""swell"": 0.4}",SST 74.4→74.0°F; SST anomaly 5.3→4.9°F; wind 8.4→16.2 kt,
2026-10-08T1351PT_v1,2026-10-07T1427PT_v1,2026-10-10,coronados,bluefin_tuna,2,3,1,1,70.8,66.3,-4.5,Good,Good,fishability (wind/sea access) -8.9; water temperature fit +3.8,"{""access"": -8.9, ""sst"": 3.8, ""swell"": 0.6}",SST 74.4→74.0°F; SST anomaly 5.3→4.9°F; wind 8.4→16.2 kt,
2026-10-08T1351PT_v1,2026-10-07T1427PT_v1,2026-10-10,coronados,bonito,2,3,1,1,92.7,84.2,-8.5,Excellent,Very Good,fishability (wind/sea access) -11.0; water temperature fit +1.9,"{""access"": -11.0, ""sst"": 1.9, ""swell"": 0.6}",SST 74.4→74.0°F; SST anomaly 5.3→4.9°F; wind 8.4→16.2 kt,
2026-10-08T1351PT_v1,2026-10-07T1427PT_v1,2026-10-10,coronados,calico_bass,2,3,1,1,73.5,65.4,-8.1,Good,Good,fishability (wind/sea access) -9.1; water temperature fit +1.2,"{""access"": -9.1, ""anomaly"": -0.8, ""sst"": 1.2, ""swell"": 0.5}",SST 74.4→74.0°F; SST anomaly 5.3→4.9°F; wind 8.4→16.2 kt,
2026-10-08T1351PT_v1,2026-10-07T1427PT_v1,2026-10-10,coronados,dorado,2,3,1,1,96.0,87.6,-8.4,Excellent,Very Good,fishability (wind/sea access) -8.8,"{""access"": -8.8, ""swell"": 0.4}",SST 74.4→74.0°F; SST anomaly 5.3→4.9°F; wind 8.4→16.2 kt,
2026-10-08T1351PT_v1,2026-10-07T1427PT_v1,2026-10-10,coronados,rockfish,2,3,1,1,39.9,37.4,-2.5,Poor,Poor,fishability (wind/sea access) -5.0; ENSO/SST anomaly boost +1.6,"{""access"": -5.0, ""anomaly"": 1.6, ""sst"": 0.3, ""swell"": 0.6}",SST 74.4→74.0°F; SST anomaly 5.3→4.9°F; wind 8.4→16.2 kt,
2026-10-08T1351PT_v1,2026-10-07T1427PT_v1,2026-10-10,coronados,sheephead,2,3,1,1,62.0,55.2,-6.8,Good,Fair,fishability (wind/sea access) -7.7,"{""access"": -7.7, ""swell"": 0.9}",SST 74.4→74.0°F; SST anomaly 5.3→4.9°F; wind 8.4→16.2 kt,
2026-10-08T1351PT_v1,2026-10-07T1427PT_v1,2026-10-10,coronados,white_seabass,2,3,1,1,17.7,15.9,-1.8,Poor,Poor,fishability (wind/sea access) -2.2,"{""access"": -2.2, ""anomaly"": 0.3, ""swell"": 0.1}",SST 74.4→74.0°F; SST anomaly 5.3→4.9°F; wind 8.4→16.2 kt,
2026-10-08T1351PT_v1,2026-10-07T1427PT_v1,2026-10-10,coronados,yellowfin_tuna,2,3,1,1,96.1,87.8,-8.3,Excellent,Very Good,fishability (wind/sea access) -8.8,"{""access"": -8.8, ""swell"": 0.5}",SST 74.4→74.0°F; SST anomaly 5.3→4.9°F; wind 8.4→16.2 kt,
2026-10-08T1351PT_v1,2026-10-07T1427PT_v1,2026-10-10,coronados,yellowtail,2,3,1,1,76.1,69.3,-6.8,Very Good,Good,fishability (wind/sea access) -9.4; water temperature fit +2.2,"{""access"": -9.4, ""sst"": 2.2, ""swell"": 0.4}",SST 74.4→74.0°F; SST anomaly 5.3→4.9°F; wind 8.4→16.2 kt,
2026-10-08T1351PT_v1,2026-10-07T1427PT_v1,2026-10-10,cortez_tanner,bluefin_tuna,2,3,1,1,51.1,47.5,-3.6,Fair,Fair,fishability (wind/sea access) -3.8,"{""access"": -3.8, ""anomaly"": -0.2, ""swell"": 0.4}",wind 20.1→22.4 kt,
2026-10-08T1351PT_v1,2026-10-07T1427PT_v1,2026-10-10,cortez_tanner,dorado,2,3,1,1,46.3,42.5,-3.8,Fair,Fair,fishability (wind/sea access) -3.3,"{""access"": -3.3, ""sst"": -0.7, ""swell"": 0.3}",wind 20.1→22.4 kt,
2026-10-08T1351PT_v1,2026-10-07T1427PT_v1,2026-10-10,cortez_tanner,rockfish,2,3,1,1,26.7,25.4,-1.3,Poor,Poor,fishability (wind/sea access) -1.9,"{""access"": -1.9, ""anomaly"": 0.2, ""swell"": 0.4}",wind 20.1→22.4 kt,
2026-10-08T1351PT_v1,2026-10-07T1427PT_v1,2026-10-10,cortez_tanner,yellowfin_tuna,2,3,1,1,56.4,52.7,-3.7,Fair,Fair,fishability (wind/sea access) -4.1,"{""access"": -4.1, ""swell"": 0.4}",wind 20.1→22.4 kt,
2026-10-08T1351PT_v1,2026-10-07T1427PT_v1,2026-10-10,cortez_tanner,yellowtail,2,3,1,1,50.4,46.7,-3.7,Fair,Fair,fishability (wind/sea access) -3.7,"{""access"": -3.7, ""anomaly"": -0.3, ""swell"": 0.3}",wind 20.1→22.4 kt,
2026-10-08T1351PT_v1,2026-10-07T1427PT_v1,2026-10-10,la_jolla,barracuda,2,3,1,1,83.2,84.5,1.3,Very Good,Very Good,water temperature fit +1.7,"{""anomaly"": -0.9, ""sst"": 1.7, ""swell"": 0.5}",,
2026-10-08T1351PT_v1,2026-10-07T1427PT_v1,2026-10-10,la_jolla,bonito,2,3,1,1,99.2,99.2,0.0,Excellent,Excellent,no material driver change,{},,
2026-10-08T1351PT_v1,2026-10-07T1427PT_v1,2026-10-10,la_jolla,calico_bass,2,3,1,1,88.3,88.1,-0.2,Very Good,Very Good,no material driver change,"{""anomaly"": -0.8, ""swell"": 0.6}",,
2026-10-08T1351PT_v1,2026-10-07T1427PT_v1,2026-10-10,la_jolla,california_halibut,2,3,1,1,22.2,26.8,4.6,Poor,Poor,water temperature fit +4.0,"{""anomaly"": 0.5, ""sst"": 4.0, ""swell"": 0.1}",,
2026-10-08T1351PT_v1,2026-10-07T1427PT_v1,2026-10-10,la_jolla,rockfish,2,3,1,1,53.8,56.5,2.7,Fair,Fair,ENSO/SST anomaly boost +1.6,"{""anomaly"": 1.6, ""sst"": 0.3, ""swell"": 0.8}",,
2026-10-08T1351PT_v1,2026-10-07T1427PT_v1,2026-10-10,la_jolla,sheephead,2,3,1,1,75.5,76.5,1.0,Very Good,Very Good,swell +1.0,"{""swell"": 1.0}",,
2026-10-08T1351PT_v1,2026-10-07T1427PT_v1,2026-10-10,la_jolla,white_seabass,2,3,1,1,21.6,22.0,0.4,Poor,Poor,no material driver change,"{""anomaly"": 0.3, ""swell"": 0.1}",,
2026-10-08T1351PT_v1,2026-10-07T1427PT_v1,2026-10-10,la_jolla,yellowtail,2,3,1,1,94.3,95.5,1.2,Excellent,Excellent,small changes across several drivers,"{""sst"": 1.0, ""swell"": 0.2}",,
2026-10-08T1351PT_v1,2026-10-07T1427PT_v1,2026-10-10,mission_bay,california_halibut,2,3,1,1,23.7,27.9,4.2,Poor,Poor,water temperature fit +3.5,"{""anomaly"": 0.5, ""sst"": 3.5, ""swell"": 0.2}",,
2026-10-08T1351PT_v1,2026-10-07T1427PT_v1,2026-10-10,mission_bay,sand_bass,2,3,1,1,88.6,88.1,-0.5,Very Good,Very Good,ENSO/SST anomaly boost -1.1,"{""access"": 0.1, ""anomaly"": -1.1, ""swell"": 0.5}",,
2026-10-08T1351PT_v1,2026-10-07T1427PT_v1,2026-10-10,mission_bay,spotted_bay_bass,2,3,1,1,93.4,92.7,-0.7,Excellent,Excellent,no material driver change,"{""access"": 0.1, ""anomaly"": -0.9}",,
2026-10-08T1351PT_v1,2026-10-07T1427PT_v1,2026-10-10,nine_mile,barracuda,2,3,1,1,72.3,67.9,-4.4,Good,Good,fishability (wind/sea access) -6.3; water temperature fit +2.2,"{""access"": -6.3, ""anomaly"": -0.8, ""sst"": 2.2, ""swell"": 0.6}",wind 9.7→15.2 kt,
2026-10-08T1351PT_v1,2026-10-07T1427PT_v1,2026-10-10,nine_mile,bluefin_tuna,2,3,1,1,67.7,67.6,-0.1,Good,Good,fishability (wind/sea access) -6.2; water temperature fit +5.3,"{""access"": -6.2, ""sst"": 5.3, ""swell"": 0.7}",wind 9.7→15.2 kt,
2026-10-08T1351PT_v1,2026-10-07T1427PT_v1,2026-10-10,nine_mile,bonito,2,3,1,1,96.8,94.1,-2.7,Excellent,Excellent,fishability (wind/sea access) -3.9,"{""access"": -3.9, ""sst"": 0.9, ""swell"": 0.3}",wind 9.7→15.2 kt,
2026-10-08T1351PT_v1,2026-10-07T1427PT_v1,2026-10-10,nine_mile,dorado,2,3,1,1,99.1,97.8,-1.3,Excellent,Excellent,fishability (wind/sea access) -1.4,"{""access"": -1.4, ""swell"": 0.1}",wind 9.7→15.2 kt,
2026-10-08T1351PT_v1,2026-10-07T1427PT_v1,2026-10-10,nine_mile,rockfish,2,3,1,1,46.3,44.5,-1.8,Fair,Fair,fishability (wind/sea access) -4.1; ENSO/SST anomaly boost +1.4,"{""access"": -4.1, ""anomaly"": 1.4, ""swell"": 0.9}",wind 9.7→15.2 kt,
2026-10-08T1351PT_v1,2026-10-07T1427PT_v1,2026-10-10,nine_mile,yellowfin_tuna,2,3,1,1,99.1,97.9,-1.2,Excellent,Excellent,fishability (wind/sea access) -1.3,"{""access"": -1.3, ""swell"": 0.1}",wind 9.7→15.2 kt,
2026-10-08T1351PT_v1,2026-10-07T1427PT_v1,2026-10-10,nine_mile,yellowtail,2,3,1,1,80.8,76.6,-4.2,Very Good,Very Good,fishability (wind/sea access) -7.0; water temperature fit +2.3,"{""access"": -7.0, ""sst"": 2.3, ""swell"": 0.5}",wind 9.7→15.2 kt,
2026-10-08T1351PT_v1,2026-10-07T1427PT_v1,2026-10-10,outer_banks,bluefin_tuna,2,3,1,1,66.7,61.1,-5.6,Good,Good,fishability (wind/sea access) -7.0,"{""access"": -7.0, ""anomaly"": -0.3, ""sst"": 0.9, ""swell"": 0.8}",wind 10.8→15.8 kt,
2026-10-08T1351PT_v1,2026-10-07T1427PT_v1,2026-10-10,outer_banks,bonito,2,3,1,1,88.6,80.6,-8.0,Very Good,Very Good,fishability (wind/sea access) -9.3,"{""access"": -9.3, ""sst"": 0.5, ""swell"": 0.8}",wind 10.8→15.8 kt,
2026-10-08T1351PT_v1,2026-10-07T1427PT_v1,2026-10-10,outer_banks,dorado,2,3,1,1,93.6,85.4,-8.2,Excellent,Very Good,fishability (wind/sea access) -8.9,"{""access"": -8.9, ""swell"": 0.7}",wind 10.8→15.8 kt,
2026-10-08T1351PT_v1,2026-10-07T1427PT_v1,2026-10-10,outer_banks,rockfish,2,3,1,1,41.2,38.1,-3.1,Fair,Poor,fishability (wind/sea access) -4.5,"{""access"": -4.5, ""anomaly"": 0.4, ""swell"": 1.0}",wind 10.8→15.8 kt,
2026-10-08T1351PT_v1,2026-10-07T1427PT_v1,2026-10-10,outer_banks,sheephead,2,3,1,1,58.1,53.2,-4.9,Fair,Fair,fishability (wind/sea access) -6.1; swell +1.2,"{""access"": -6.1, ""swell"": 1.2}",wind 10.8→15.8 kt,
2026-10-08T1351PT_v1,2026-10-07T1427PT_v1,2026-10-10,outer_banks,white_seabass,2,3,1,1,17.2,15.6,-1.6,Poor,Poor,fishability (wind/sea access) -1.8,"{""access"": -1.8, ""swell"": 0.2}",wind 10.8→15.8 kt,
2026-10-08T1351PT_v1,2026-10-07T1427PT_v1,2026-10-10,outer_banks,yellowfin_tuna,2,3,1,1,93.6,85.5,-8.1,Excellent,Very Good,fishability (wind/sea access) -9.0,"{""access"": -9.0, ""swell"": 0.9}",wind 10.8→15.8 kt,
2026-10-08T1351PT_v1,2026-10-07T1427PT_v1,2026-10-10,outer_banks,yellowtail,2,3,1,1,72.6,66.1,-6.5,Good,Good,fishability (wind/sea access) -7.6,"{""access"": -7.6, ""sst"": 0.5, ""swell"": 0.5}",wind 10.8→15.8 kt,
2026-10-08T1351PT_v1,2026-10-07T1427PT_v1,2026-10-10,pt_loma_kelp,barracuda,2,3,1,1,83.4,85.2,1.8,Very Good,Very Good,small changes across several drivers,"{""access"": 1.0, ""anomaly"": -0.3, ""sst"": 0.6, ""swell"": 0.5}",,
2026-10-08T1351PT_v1,2026-10-07T1427PT_v1,2026-10-10,pt_loma_kelp,bonito,2,3,1,1,99.0,99.2,0.2,Excellent,Excellent,no material driver change,"{""access"": 0.1}",,
2026-10-08T1351PT_v1,2026-10-07T1427PT_v1,2026-10-10,pt_loma_kelp,calico_bass,2,3,1,1,87.7,89.1,1.4,Very Good,Very Good,fishability (wind/sea access) +1.0,"{""access"": 1.0, ""anomaly"": -0.2, ""swell"": 0.6}",,
2026-10-08T1351PT_v1,2026-10-07T1427PT_v1,2026-10-10,pt_loma_kelp,california_halibut,2,3,1,1,23.4,25.3,1.9,Poor,Poor,water temperature fit +1.3,"{""access"": 0.3, ""anomaly"": 0.2, ""sst"": 1.3, ""swell"": 0.2}",,
2026-10-08T1351PT_v1,2026-10-07T1427PT_v1,2026-10-10,pt_loma_kelp,rockfish,2,3,1,1,46.8,48.7,1.9,Fair,Fair,small changes across several drivers,"{""access"": 0.5, ""anomaly"": 0.5, ""sst"": 0.2, ""swell"": 0.7}",,
2026-10-08T1351PT_v1,2026-10-07T1427PT_v1,2026-10-10,pt_loma_kelp,sand_bass,2,3,1,1,87.5,88.6,1.1,Very Good,Very Good,fishability (wind/sea access) +1.0,"{""access"": 1.0, ""anomaly"": -0.4, ""swell"": 0.4}",,
2026-10-08T1351PT_v1,2026-10-07T1427PT_v1,2026-10-10,pt_loma_kelp,sheephead,2,3,1,1,74.3,76.2,1.9,Good,Very Good,swell +1.0,"{""access"": 0.9, ""swell"": 1.0}",,
2026-10-08T1351PT_v1,2026-10-07T1427PT_v1,2026-10-10,pt_loma_kelp,white_seabass,2,3,1,1,21.3,21.8,0.5,Poor,Poor,no material driver change,"{""access"": 0.3, ""swell"": 0.1}",,
2026-10-08T1351PT_v1,2026-10-07T1427PT_v1,2026-10-10,pt_loma_kelp,yellowtail,2,3,1,1,94.2,95.3,1.1,Excellent,Excellent,small changes across several drivers,"{""access"": 0.5, ""sst"": 0.3, ""swell"": 0.2}",,
2026-10-08T1351PT_v1,2026-10-07T1427PT_v1,2026-10-10,sd_bay,california_halibut,2,3,1,1,23.7,29.0,5.3,Poor,Poor,water temperature fit +4.5,"{""anomaly"": 0.7, ""sst"": 4.5, ""swell"": 0.1}",SST 73.7→73.3°F; SST anomaly 5.0→4.6°F,
2026-10-08T1351PT_v1,2026-10-07T1427PT_v1,2026-10-10,sd_bay,sand_bass,2,3,1,1,89.6,88.6,-1.0,Very Good,Very Good,ENSO/SST anomaly boost -1.3,"{""anomaly"": -1.3, ""swell"": 0.3}",SST 73.7→73.3°F; SST anomaly 5.0→4.6°F,
2026-10-08T1351PT_v1,2026-10-07T1427PT_v1,2026-10-10,sd_bay,spotted_bay_bass,2,3,1,1,93.8,92.8,-1.0,Excellent,Excellent,ENSO/SST anomaly boost -1.0,"{""anomaly"": -1.0}",SST 73.7→73.3°F; SST anomaly 5.0→4.6°F,
2026-10-08T1351PT_v1,2026-10-07T1427PT_v1,2026-10-10,surf_zone,barred_surfperch,2,3,1,1,15.4,16.5,1.1,Poor,Poor,small changes across several drivers,"{""anomaly"": 0.9, ""swell"": 0.2}",SST 74.1→73.8°F; SST anomaly 5.1→4.8°F,
2026-10-08T1351PT_v1,2026-10-07T1427PT_v1,2026-10-10,surf_zone,calico_bass,2,3,1,1,89.2,89.3,0.1,Very Good,Very Good,ENSO/SST anomaly boost -1.0,"{""anomaly"": -1.0, ""sst"": 0.5, ""swell"": 0.6}",SST 74.1→73.8°F; SST anomaly 5.1→4.8°F,
2026-10-08T1351PT_v1,2026-10-07T1427PT_v1,2026-10-10,surf_zone,california_halibut,2,3,1,1,15.7,22.3,6.6,Poor,Poor,water temperature fit +6.0,"{""anomaly"": 0.5, ""sst"": 6.0, ""swell"": 0.1}",SST 74.1→73.8°F; SST anomaly 5.1→4.8°F,
2026-10-08T1351PT_v1,2026-10-07T1427PT_v1,2026-10-10,surf_zone,corbina,2,3,1,1,95.7,96.4,0.7,Excellent,Excellent,no material driver change,"{""anomaly"": -0.2, ""sst"": 0.2, ""swell"": 0.7}",SST 74.1→73.8°F; SST anomaly 5.1→4.8°F,
2026-10-08T1351PT_v1,2026-10-07T1427PT_v1,2026-10-10,surf_zone,sand_bass,2,3,1,1,88.9,88.5,-0.4,Very Good,Very Good,ENSO/SST anomaly boost -1.5,"{""anomaly"": -1.5, ""sst"": 0.6, ""swell"": 0.4}",SST 74.1→73.8°F; SST anomaly 5.1→4.8°F,
2026-10-08T1351PT_v1,2026-10-07T1427PT_v1,2026-10-11,coronados,barracuda,3,4,1,1,25.4,28.7,3.3,Poor,Poor,swell +2.7; water temperature fit +1.2,"{""anomaly"": -0.6, ""sst"": 1.2, ""swell"": 2.7}",SST 74.1→73.6°F; SST anomaly 5.1→4.5°F; seas 10.8→9.6 ft; wind 45.7→29.3 kt,
2026-10-08T1351PT_v1,2026-10-07T1427PT_v1,2026-10-11,coronados,bluefin_tuna,3,4,1,1,27.3,31.1,3.8,Poor,Poor,swell +2.2; water temperature fit +2.1,"{""anomaly"": -0.5, ""sst"": 2.1, ""swell"": 2.2}",SST 74.1→73.6°F; SST anomaly 5.1→4.5°F; seas 10.8→9.6 ft; wind 45.7→29.3 kt,
2026-10-08T1351PT_v1,2026-10-07T1427PT_v1,2026-10-11,coronados,bonito,3,4,1,1,37.6,40.1,2.5,Poor,Fair,swell +2.2,"{""sst"": 0.3, ""swell"": 2.2}",SST 74.1→73.6°F; SST anomaly 5.1→4.5°F; seas 10.8→9.6 ft; wind 45.7→29.3 kt,
2026-10-08T1351PT_v1,2026-10-07T1427PT_v1,2026-10-11,coronados,calico_bass,3,4,1,1,27.1,29.9,2.8,Poor,Poor,swell +3.1,"{""anomaly"": -0.5, ""sst"": 0.2, ""swell"": 3.1}",SST 74.1→73.6°F; SST anomaly 5.1→4.5°F; seas 10.8→9.6 ft; wind 45.7→29.3 kt,
2026-10-08T1351PT_v1,2026-10-07T1427PT_v1,2026-10-11,coronados,dorado,3,4,1,1,39.4,41.5,2.1,Poor,Fair,swell +2.1,"{""swell"": 2.1}",SST 74.1→73.6°F; SST anomaly 5.1→4.5°F; seas 10.8→9.6 ft; wind 45.7→29.3 kt,
2026-10-08T1351PT_v1,2026-10-07T1427PT_v1,2026-10-11,coronados,rockfish,3,4,1,1,12.1,15.3,3.2,Poor,Poor,swell +2.2,"{""anomaly"": 0.8, ""sst"": 0.2, ""swell"": 2.2}",SST 74.1→73.6°F; SST anomaly 5.1→4.5°F; seas 10.8→9.6 ft; wind 45.7→29.3 kt,
2026-10-08T1351PT_v1,2026-10-07T1427PT_v1,2026-10-11,coronados,sheephead,3,4,1,1,17.3,21.6,4.3,Poor,Poor,swell +4.3,"{""swell"": 4.3}",SST 74.1→73.6°F; SST anomaly 5.1→4.5°F; seas 10.8→9.6 ft; wind 45.7→29.3 kt,
2026-10-08T1351PT_v1,2026-10-07T1427PT_v1,2026-10-11,coronados,white_seabass,3,4,1,1,6.9,7.8,0.9,Poor,Poor,no material driver change,"{""anomaly"": 0.2, ""swell"": 0.7}",SST 74.1→73.6°F; SST anomaly 5.1→4.5°F; seas 10.8→9.6 ft; wind 45.7→29.3 kt,
2026-10-08T1351PT_v1,2026-10-07T1427PT_v1,2026-10-11,coronados,yellowfin_tuna,3,4,1,1,38.4,40.8,2.4,Poor,Fair,swell +2.4,"{""swell"": 2.4}",SST 74.1→73.6°F; SST anomaly 5.1→4.5°F; seas 10.8→9.6 ft; wind 45.7→29.3 kt,
2026-10-08T1351PT_v1,2026-10-07T1427PT_v1,2026-10-11,coronados,yellowtail,3,4,1,1,32.0,34.9,2.9,Poor,Poor,swell +1.5; water temperature fit +1.4,"{""sst"": 1.4, ""swell"": 1.5}",SST 74.1→73.6°F; SST anomaly 5.1→4.5°F; seas 10.8→9.6 ft; wind 45.7→29.3 kt,
2026-10-08T1351PT_v1,2026-10-07T1427PT_v1,2026-10-11,cortez_tanner,bluefin_tuna,3,4,1,1,29.4,32.6,3.2,Poor,Poor,fishability (wind/sea access) +1.5; pressure trend +1.1,"{""access"": 1.5, ""anomaly"": -0.3, ""pressure"": 1.1, ""swell"": 0.9}",wind 27.8→20.4 kt,
2026-10-08T1351PT_v1,2026-10-07T1427PT_v1,2026-10-11,cortez_tanner,dorado,3,4,1,1,26.2,27.7,1.5,Poor,Poor,fishability (wind/sea access) +1.3; water temperature fit -1.2,"{""access"": 1.3, ""pressure"": 0.8, ""sst"": -1.2, ""swell"": 0.6}",wind 27.8→20.4 kt,
2026-10-08T1351PT_v1,2026-10-07T1427PT_v1,2026-10-11,cortez_tanner,rockfish,3,4,1,1,12.5,15.3,2.8,Poor,Poor,swell +1.1,"{""access"": 0.7, ""anomaly"": 0.2, ""pressure"": 0.8, ""swell"": 1.1}",wind 27.8→20.4 kt,
2026-10-08T1351PT_v1,2026-10-07T1427PT_v1,2026-10-11,cortez_tanner,yellowfin_tuna,3,4,1,1,35.3,38.4,3.1,Poor,Poor,fishability (wind/sea access) +1.7; pressure trend +1.2,"{""access"": 1.7, ""pressure"": 1.2, ""sst"": -0.7, ""swell"": 0.9}",wind 27.8→20.4 kt,
2026-10-08T1351PT_v1,2026-10-07T1427PT_v1,2026-10-11,cortez_tanner,yellowtail,3,4,1,1,31.9,35.1,3.2,Poor,Poor,fishability (wind/sea access) +1.6; pressure trend +1.4,"{""access"": 1.6, ""anomaly"": -0.5, ""pressure"": 1.4, ""swell"": 0.6}",wind 27.8→20.4 kt,
2026-10-08T1351PT_v1,2026-10-07T1427PT_v1,2026-10-11,la_jolla,barracuda,3,4,1,1,36.9,55.2,18.3,Poor,Fair,fishability (wind/sea access) +15.9; water temperature fit +1.8; swell +1.6,"{""access"": 15.9, ""anomaly"": -1.1, ""sst"": 1.8, ""swell"": 1.6}",SST 73.7→73.1°F; SST anomaly 4.8→4.2°F; seas 8.7→7.8 ft; wind 31.6→19.2 kt,
2026-10-08T1351PT_v1,2026-10-07T1427PT_v1,2026-10-11,la_jolla,bonito,3,4,1,1,51.1,74.7,23.6,Fair,Good,fishability (wind/sea access) +21.8; swell +1.8,"{""access"": 21.8, ""swell"": 1.8}",SST 73.7→73.1°F; SST anomaly 4.8→4.2°F; seas 8.7→7.8 ft; wind 31.6→19.2 kt,
2026-10-08T1351PT_v1,2026-10-07T1427PT_v1,2026-10-11,la_jolla,calico_bass,3,4,1,1,38.8,56.4,17.6,Poor,Fair,fishability (wind/sea access) +16.5; swell +1.8,"{""access"": 16.5, ""anomaly"": -0.8, ""swell"": 1.8}",SST 73.7→73.1°F; SST anomaly 4.8→4.2°F; seas 8.7→7.8 ft; wind 31.6→19.2 kt,
2026-10-08T1351PT_v1,2026-10-07T1427PT_v1,2026-10-11,la_jolla,california_halibut,3,4,1,1,10.1,19.9,9.8,Poor,Poor,fishability (wind/sea access) +5.1; water temperature fit +3.3,"{""access"": 5.1, ""anomaly"": 0.6, ""sst"": 3.3, ""swell"": 0.9}",SST 73.7→73.1°F; SST anomaly 4.8→4.2°F; seas 8.7→7.8 ft; wind 31.6→19.2 kt,
2026-10-08T1351PT_v1,2026-10-07T1427PT_v1,2026-10-11,la_jolla,rockfish,3,4,1,1,20.4,33.5,13.1,Poor,Poor,fishability (wind/sea access) +9.3; swell +2.0; ENSO/SST anomaly boost +1.5,"{""access"": 9.3, ""anomaly"": 1.5, ""sst"": 0.3, ""swell"": 2.0}",SST 73.7→73.1°F; SST anomaly 4.8→4.2°F; seas 8.7→7.8 ft; wind 31.6→19.2 kt,
2026-10-08T1351PT_v1,2026-10-07T1427PT_v1,2026-10-11,la_jolla,sheephead,3,4,1,1,29.1,44.7,15.6,Poor,Fair,fishability (wind/sea access) +12.8; swell +2.8,"{""access"": 12.8, ""swell"": 2.8}",SST 73.7→73.1°F; SST anomaly 4.8→4.2°F; seas 8.7→7.8 ft; wind 31.6→19.2 kt,
2026-10-08T1351PT_v1,2026-10-07T1427PT_v1,2026-10-11,la_jolla,white_seabass,3,4,1,1,9.8,14.8,5.0,Poor,Poor,fishability (wind/sea access) +4.3,"{""access"": 4.3, ""anomaly"": 0.3, ""swell"": 0.4}",SST 73.7→73.1°F; SST anomaly 4.8→4.2°F; seas 8.7→7.8 ft; wind 31.6→19.2 kt,
2026-10-08T1351PT_v1,2026-10-07T1427PT_v1,2026-10-11,la_jolla,yellowtail,3,4,1,1,43.8,66.2,22.4,Fair,Good,fishability (wind/sea access) +19.1; water temperature fit +2.1; swell +1.3,"{""access"": 19.1, ""sst"": 2.1, ""swell"": 1.3}",SST 73.7→73.1°F; SST anomaly 4.8→4.2°F; seas 8.7→7.8 ft; wind 31.6→19.2 kt,
2026-10-08T1351PT_v1,2026-10-07T1427PT_v1,2026-10-11,mission_bay,california_halibut,3,4,1,1,8.9,17.9,9.0,Poor,Poor,fishability (wind/sea access) +4.3; water temperature fit +2.6; swell +1.6,"{""access"": 4.3, ""anomaly"": 0.5, ""sst"": 2.6, ""swell"": 1.6}",SST 73.6→73.0°F; SST anomaly 4.9→4.3°F; seas 9.4→8.5 ft; wind 36.2→20.5 kt,
2026-10-08T1351PT_v1,2026-10-07T1427PT_v1,2026-10-11,mission_bay,sand_bass,3,4,1,1,36.6,51.7,15.1,Poor,Fair,fishability (wind/sea access) +14.5; swell +1.6; ENSO/SST anomaly boost -1.0,"{""access"": 14.5, ""anomaly"": -1.0, ""swell"": 1.6}",SST 73.6→73.0°F; SST anomaly 4.9→4.3°F; seas 9.4→8.5 ft; wind 36.2→20.5 kt,
2026-10-08T1351PT_v1,2026-10-07T1427PT_v1,2026-10-11,mission_bay,spotted_bay_bass,3,4,1,1,43.5,59.5,16.0,Fair,Fair,fishability (wind/sea access) +17.0; ENSO/SST anomaly boost -1.2,"{""access"": 17.0, ""anomaly"": -1.2, ""swell"": 0.2}",SST 73.6→73.0°F; SST anomaly 4.9→4.3°F; seas 9.4→8.5 ft; wind 36.2→20.5 kt,
2026-10-08T1351PT_v1,2026-10-07T1427PT_v1,2026-10-11,nine_mile,barracuda,3,4,1,1,24.7,31.0,6.3,Poor,Poor,fishability (wind/sea access) +3.4; swell +2.3,"{""access"": 3.4, ""anomaly"": -0.4, ""sst"": 0.9, ""swell"": 2.3}",SST 74.6→74.2°F; SST anomaly 5.1→4.7°F; seas 10.6→9.6 ft; wind 46.4→24.4 kt,
2026-10-08T1351PT_v1,2026-10-07T1427PT_v1,2026-10-11,nine_mile,bluefin_tuna,3,4,1,1,25.5,32.6,7.1,Poor,Poor,fishability (wind/sea access) +3.6; swell +1.9; water temperature fit +1.8,"{""access"": 3.6, ""anomaly"": -0.3, ""sst"": 1.8, ""swell"": 1.9}",SST 74.6→74.2°F; SST anomaly 5.1→4.7°F; seas 10.6→9.6 ft; wind 46.4→24.4 kt,
2026-10-08T1351PT_v1,2026-10-07T1427PT_v1,2026-10-11,nine_mile,bonito,3,4,1,1,36.8,44.7,7.9,Poor,Fair,fishability (wind/sea access) +5.0; swell +2.0,"{""access"": 5.0, ""sst"": 1.0, ""swell"": 2.0}",SST 74.6→74.2°F; SST anomaly 5.1→4.7°F; seas 10.6→9.6 ft; wind 46.4→24.4 kt,
2026-10-08T1351PT_v1,2026-10-07T1427PT_v1,2026-10-11,nine_mile,dorado,3,4,1,1,39.6,46.9,7.3,Poor,Fair,fishability (wind/sea access) +5.3; swell +2.0,"{""access"": 5.3, ""swell"": 2.0}",SST 74.6→74.2°F; SST anomaly 5.1→4.7°F; seas 10.6→9.6 ft; wind 46.4→24.4 kt,
2026-10-08T1351PT_v1,2026-10-07T1427PT_v1,2026-10-11,nine_mile,rockfish,3,4,1,1,12.8,17.4,4.6,Poor,Poor,swell +2.2; fishability (wind/sea access) +1.8,"{""access"": 1.8, ""anomaly"": 0.6, ""swell"": 2.2}",SST 74.6→74.2°F; SST anomaly 5.1→4.7°F; seas 10.6→9.6 ft; wind 46.4→24.4 kt,
2026-10-08T1351PT_v1,2026-10-07T1427PT_v1,2026-10-11,nine_mile,yellowfin_tuna,3,4,1,1,38.7,46.1,7.4,Poor,Fair,fishability (wind/sea access) +5.2; swell +2.2,"{""access"": 5.2, ""swell"": 2.2}",SST 74.6→74.2°F; SST anomaly 5.1→4.7°F; seas 10.6→9.6 ft; wind 46.4→24.4 kt,
2026-10-08T1351PT_v1,2026-10-07T1427PT_v1,2026-10-11,nine_mile,yellowtail,3,4,1,1,30.9,37.6,6.7,Poor,Poor,fishability (wind/sea access) +4.2; swell +1.4; water temperature fit +1.1,"{""access"": 4.2, ""sst"": 1.1, ""swell"": 1.4}",SST 74.6→74.2°F; SST anomaly 5.1→4.7°F; seas 10.6→9.6 ft; wind 46.4→24.4 kt,
2026-10-08T1351PT_v1,2026-10-07T1427PT_v1,2026-10-11,outer_banks,bluefin_tuna,3,4,1,1,24.2,27.8,3.6,Poor,Poor,swell +2.5; water temperature fit +1.5,"{""anomaly"": -0.4, ""sst"": 1.5, ""swell"": 2.5}",SST 74.5→74.1°F; SST anomaly 4.9→4.5°F; seas 11.5→10.2 ft; wind 44.8→28.2 kt,
2026-10-08T1351PT_v1,2026-10-07T1427PT_v1,2026-10-11,outer_banks,bonito,3,4,1,1,35.1,38.6,3.5,Poor,Poor,swell +2.7,"{""sst"": 0.8, ""swell"": 2.7}",SST 74.5→74.1°F; SST anomaly 4.9→4.5°F; seas 11.5→10.2 ft; wind 44.8→28.2 kt,
2026-10-08T1351PT_v1,2026-10-07T1427PT_v1,2026-10-11,outer_banks,dorado,3,4,1,1,37.7,40.4,2.7,Poor,Fair,swell +2.7,"{""swell"": 2.7}",SST 74.5→74.1°F; SST anomaly 4.9→4.5°F; seas 11.5→10.2 ft; wind 44.8→28.2 kt,
2026-10-08T1351PT_v1,2026-10-07T1427PT_v1,2026-10-11,outer_banks,rockfish,3,4,1,1,10.9,14.4,3.5,Poor,Poor,swell +3.0,"{""anomaly"": 0.5, ""swell"": 3.0}",SST 74.5→74.1°F; SST anomaly 4.9→4.5°F; seas 11.5→10.2 ft; wind 44.8→28.2 kt,
2026-10-08T1351PT_v1,2026-10-07T1427PT_v1,2026-10-11,outer_banks,sheephead,3,4,1,1,13.4,19.5,6.1,Poor,Poor,swell +6.1,"{""swell"": 6.1}",SST 74.5→74.1°F; SST anomaly 4.9→4.5°F; seas 11.5→10.2 ft; wind 44.8→28.2 kt,
2026-10-08T1351PT_v1,2026-10-07T1427PT_v1,2026-10-11,outer_banks,white_seabass,3,4,1,1,6.2,7.4,1.2,Poor,Poor,swell +1.1,"{""anomaly"": 0.1, ""swell"": 1.1}",SST 74.5→74.1°F; SST anomaly 4.9→4.5°F; seas 11.5→10.2 ft; wind 44.8→28.2 kt,
2026-10-08T1351PT_v1,2026-10-07T1427PT_v1,2026-10-11,outer_banks,yellowfin_tuna,3,4,1,1,36.5,39.5,3.0,Poor,Poor,swell +3.0,"{""swell"": 3.0}",SST 74.5→74.1°F; SST anomaly 4.9→4.5°F; seas 11.5→10.2 ft; wind 44.8→28.2 kt,
2026-10-08T1351PT_v1,2026-10-07T1427PT_v1,2026-10-11,outer_banks,yellowtail,3,4,1,1,29.8,32.7,2.9,Poor,Poor,swell +1.9,"{""sst"": 1.0, ""swell"": 1.9}",SST 74.5→74.1°F; SST anomaly 4.9→4.5°F; seas 11.5→10.2 ft; wind 44.8→28.2 kt,
2026-10-08T1351PT_v1,2026-10-07T1427PT_v1,2026-10-11,pt_loma_kelp,barracuda,3,4,1,1,30.6,47.2,16.6,Poor,Fair,fishability (wind/sea access) +13.6; swell +2.3; water temperature fit +1.7,"{""access"": 13.6, ""anomaly"": -1.0, ""sst"": 1.7, ""swell"": 2.3}",SST 73.6→73.0°F; SST anomaly 4.9→4.2°F; seas 10.0→8.9 ft; wind 36.2→20.5 kt,
2026-10-08T1351PT_v1,2026-10-07T1427PT_v1,2026-10-11,pt_loma_kelp,bonito,3,4,1,1,42.6,63.3,20.7,Fair,Good,fishability (wind/sea access) +18.5; swell +2.2,"{""access"": 18.5, ""swell"": 2.2}",SST 73.6→73.0°F; SST anomaly 4.9→4.2°F; seas 10.0→8.9 ft; wind 36.2→20.5 kt,
2026-10-08T1351PT_v1,2026-10-07T1427PT_v1,2026-10-11,pt_loma_kelp,calico_bass,3,4,1,1,31.7,47.5,15.8,Poor,Fair,fishability (wind/sea access) +14.0; swell +2.6,"{""access"": 14.0, ""anomaly"": -0.8, ""swell"": 2.6}",SST 73.6→73.0°F; SST anomaly 4.9→4.2°F; seas 10.0→8.9 ft; wind 36.2→20.5 kt,
2026-10-08T1351PT_v1,2026-10-07T1427PT_v1,2026-10-11,pt_loma_kelp,california_halibut,3,4,1,1,8.3,17.1,8.8,Poor,Poor,fishability (wind/sea access) +4.4; water temperature fit +2.8; swell +1.1,"{""access"": 4.4, ""anomaly"": 0.6, ""sst"": 2.8, ""swell"": 1.1}",SST 73.6→73.0°F; SST anomaly 4.9→4.2°F; seas 10.0→8.9 ft; wind 36.2→20.5 kt,
2026-10-08T1351PT_v1,2026-10-07T1427PT_v1,2026-10-11,pt_loma_kelp,rockfish,3,4,1,1,14.0,24.5,10.5,Poor,Poor,fishability (wind/sea access) +6.7; swell +2.2; ENSO/SST anomaly boost +1.3,"{""access"": 6.7, ""anomaly"": 1.3, ""sst"": 0.4, ""swell"": 2.2}",SST 73.6→73.0°F; SST anomaly 4.9→4.2°F; seas 10.0→8.9 ft; wind 36.2→20.5 kt,
2026-10-08T1351PT_v1,2026-10-07T1427PT_v1,2026-10-11,pt_loma_kelp,sand_bass,3,4,1,1,33.6,48.9,15.3,Poor,Fair,fishability (wind/sea access) +14.5; swell +1.9; ENSO/SST anomaly boost -1.1,"{""access"": 14.5, ""anomaly"": -1.1, ""swell"": 1.9}",SST 73.6→73.0°F; SST anomaly 4.9→4.2°F; seas 10.0→8.9 ft; wind 36.2→20.5 kt,
2026-10-08T1351PT_v1,2026-10-07T1427PT_v1,2026-10-11,pt_loma_kelp,sheephead,3,4,1,1,22.0,35.9,13.9,Poor,Poor,fishability (wind/sea access) +10.1; swell +3.8,"{""access"": 10.1, ""swell"": 3.8}",SST 73.6→73.0°F; SST anomaly 4.9→4.2°F; seas 10.0→8.9 ft; wind 36.2→20.5 kt,
2026-10-08T1351PT_v1,2026-10-07T1427PT_v1,2026-10-11,pt_loma_kelp,white_seabass,3,4,1,1,8.1,13.6,5.5,Poor,Poor,fishability (wind/sea access) +3.8,"{""access"": 3.8, ""anomaly"": 0.3, ""sst"": 0.8, ""swell"": 0.6}",SST 73.6→73.0°F; SST anomaly 4.9→4.2°F; seas 10.0→8.9 ft; wind 36.2→20.5 kt,
2026-10-08T1351PT_v1,2026-10-07T1427PT_v1,2026-10-11,pt_loma_kelp,yellowtail,3,4,1,1,37.2,57.4,20.2,Poor,Fair,fishability (wind/sea access) +16.6; water temperature fit +2.0; swell +1.6,"{""access"": 16.6, ""sst"": 2.0, ""swell"": 1.6}",SST 73.6→73.0°F; SST anomaly 4.9→4.2°F; seas 10.0→8.9 ft; wind 36.2→20.5 kt,
2026-10-08T1351PT_v1,2026-10-07T1427PT_v1,2026-10-11,sd_bay,california_halibut,3,4,1,1,10.6,18.4,7.8,Poor,Poor,fishability (wind/sea access) +4.5; water temperature fit +1.9; swell +1.1,"{""access"": 4.5, ""anomaly"": 0.4, ""sst"": 1.9, ""swell"": 1.1}",SST 73.5→73.1°F; SST anomaly 4.9→4.5°F; seas 9.0→8.0 ft; wind 36.2→20.5 kt,
2026-10-08T1351PT_v1,2026-10-07T1427PT_v1,2026-10-11,sd_bay,sand_bass,3,4,1,1,39.3,54.8,15.5,Poor,Fair,fishability (wind/sea access) +14.8; swell +1.5,"{""access"": 14.8, ""anomaly"": -0.7, ""swell"": 1.5}",SST 73.5→73.1°F; SST anomaly 4.9→4.5°F; seas 9.0→8.0 ft; wind 36.2→20.5 kt,
2026-10-08T1351PT_v1,2026-10-07T1427PT_v1,2026-10-11,sd_bay,spotted_bay_bass,3,4,1,1,45.8,62.3,16.5,Fair,Good,fishability (wind/sea access) +17.2,"{""access"": 17.2, ""anomaly"": -0.9, ""swell"": 0.2}",SST 73.5→73.1°F; SST anomaly 4.9→4.5°F; seas 9.0→8.0 ft; wind 36.2→20.5 kt,
2026-10-08T1351PT_v1,2026-10-07T1427PT_v1,2026-10-11,surf_zone,barred_surfperch,3,4,1,1,6.3,10.6,4.3,Poor,Poor,fishability (wind/sea access) +3.0,"{""access"": 3.0, ""anomaly"": 0.6, ""swell"": 0.7}",SST 73.9→73.5°F; SST anomaly 5.1→4.6°F; seas 8.2→7.3 ft; wind 29.3→18.0 kt,
2026-10-08T1351PT_v1,2026-10-07T1427PT_v1,2026-10-11,surf_zone,calico_bass,3,4,1,1,42.3,62.3,20.0,Fair,Good,fishability (wind/sea access) +19.1; swell +1.6,"{""access"": 19.1, ""anomaly"": -0.7, ""swell"": 1.6}",SST 73.9→73.5°F; SST anomaly 5.1→4.6°F; seas 8.2→7.3 ft; wind 29.3→18.0 kt,
2026-10-08T1351PT_v1,2026-10-07T1427PT_v1,2026-10-11,surf_zone,california_halibut,3,4,1,1,8.2,18.6,10.4,Poor,Poor,fishability (wind/sea access) +4.8; water temperature fit +4.7,"{""access"": 4.8, ""anomaly"": 0.4, ""sst"": 4.7, ""swell"": 0.6}",SST 73.9→73.5°F; SST anomaly 5.1→4.6°F; seas 8.2→7.3 ft; wind 29.3→18.0 kt,
2026-10-08T1351PT_v1,2026-10-07T1427PT_v1,2026-10-11,surf_zone,corbina,3,4,1,1,36.5,52.1,15.6,Poor,Fair,fishability (wind/sea access) +16.2,"{""access"": 16.2, ""anomaly"": -0.6}",SST 73.9→73.5°F; SST anomaly 5.1→4.6°F; seas 8.2→7.3 ft; wind 29.3→18.0 kt,
2026-10-08T1351PT_v1,2026-10-07T1427PT_v1,2026-10-11,surf_zone,sand_bass,3,4,1,1,43.6,63.3,19.7,Fair,Good,fishability (wind/sea access) +19.5; swell +1.2; ENSO/SST anomaly boost -1.0,"{""access"": 19.5, ""anomaly"": -1.0, ""swell"": 1.2}",SST 73.9→73.5°F; SST anomaly 5.1→4.6°F; seas 8.2→7.3 ft; wind 29.3→18.0 kt,
2026-10-08T1351PT_v1,2026-10-07T1427PT_v1,2026-10-12,coronados,barracuda,4,5,1,1,50.4,57.5,7.1,Fair,Fair,fishability (wind/sea access) +6.7,"{""access"": 6.7, ""anomaly"": -0.2, ""sst"": 0.4, ""swell"": 0.2}",wind 14.9→12.1 kt,
2026-10-08T1351PT_v1,2026-10-07T1427PT_v1,2026-10-12,coronados,bluefin_tuna,4,5,1,1,54.5,62.7,8.2,Fair,Good,fishability (wind/sea access) +7.3,"{""access"": 7.3, ""sst"": 0.7, ""swell"": 0.3}",wind 14.9→12.1 kt,
2026-10-08T1351PT_v1,2026-10-07T1427PT_v1,2026-10-12,coronados,bonito,4,5,1,1,68.9,78.3,9.4,Good,Very Good,fishability (wind/sea access) +9.2,"{""access"": 9.2, ""swell"": 0.2}",wind 14.9→12.1 kt,
2026-10-08T1351PT_v1,2026-10-07T1427PT_v1,2026-10-12,coronados,calico_bass,4,5,1,1,53.2,60.3,7.1,Fair,Good,fishability (wind/sea access) +7.0,"{""access"": 7.0, ""anomaly"": -0.1, ""swell"": 0.2}",wind 14.9→12.1 kt,
2026-10-08T1351PT_v1,2026-10-07T1427PT_v1,2026-10-12,coronados,dorado,4,5,1,1,72.5,82.4,9.9,Good,Very Good,fishability (wind/sea access) +9.7,"{""access"": 9.7, ""swell"": 0.2}",wind 14.9→12.1 kt,
2026-10-08T1351PT_v1,2026-10-07T1427PT_v1,2026-10-12,coronados,rockfish,4,5,1,1,28.3,32.7,4.4,Poor,Poor,fishability (wind/sea access) +3.8,"{""access"": 3.8, ""anomaly"": 0.3, ""swell"": 0.3}",wind 14.9→12.1 kt,
2026-10-08T1351PT_v1,2026-10-07T1427PT_v1,2026-10-12,coronados,sheephead,4,5,1,1,42.0,48.0,6.0,Fair,Fair,fishability (wind/sea access) +5.6,"{""access"": 5.6, ""swell"": 0.4}",wind 14.9→12.1 kt,
2026-10-08T1351PT_v1,2026-10-07T1427PT_v1,2026-10-12,coronados,white_seabass,4,5,1,1,13.8,15.7,1.9,Poor,Poor,fishability (wind/sea access) +1.8,"{""access"": 1.8}",wind 14.9→12.1 kt,
2026-10-08T1351PT_v1,2026-10-07T1427PT_v1,2026-10-12,coronados,yellowfin_tuna,4,5,1,1,72.0,81.9,9.9,Good,Very Good,fishability (wind/sea access) +9.6,"{""access"": 9.6, ""swell"": 0.3}",wind 14.9→12.1 kt,
2026-10-08T1351PT_v1,2026-10-07T1427PT_v1,2026-10-12,coronados,yellowtail,4,5,1,1,58.4,66.8,8.4,Fair,Good,fishability (wind/sea access) +7.8,"{""access"": 7.8, ""sst"": 0.4, ""swell"": 0.2}",wind 14.9→12.1 kt,
2026-10-08T1351PT_v1,2026-10-07T1427PT_v1,2026-10-12,cortez_tanner,bluefin_tuna,4,5,1,1,44.6,49.1,4.5,Fair,Fair,fishability (wind/sea access) +4.8,"{""access"": 4.8, ""anomaly"": -0.5, ""swell"": 0.2}",wind 15.1→12.8 kt,
2026-10-08T1351PT_v1,2026-10-07T1427PT_v1,2026-10-12,cortez_tanner,dorado,4,5,1,1,30.4,31.1,0.7,Poor,Poor,fishability (wind/sea access) +2.9; water temperature fit -2.2,"{""access"": 2.9, ""sst"": -2.2}",wind 15.1→12.8 kt,
2026-10-08T1351PT_v1,2026-10-07T1427PT_v1,2026-10-12,cortez_tanner,rockfish,4,5,1,1,26.6,30.1,3.5,Poor,Poor,fishability (wind/sea access) +2.9,"{""access"": 2.9, ""anomaly"": 0.4, ""swell"": 0.2}",wind 15.1→12.8 kt,
2026-10-08T1351PT_v1,2026-10-07T1427PT_v1,2026-10-12,cortez_tanner,yellowfin_tuna,4,5,1,1,49.1,52.1,3.0,Fair,Fair,fishability (wind/sea access) +5.2; water temperature fit -1.3; ENSO/SST anomaly boost -1.1,"{""access"": 5.2, ""anomaly"": -1.1, ""sst"": -1.3, ""swell"": 0.1}",wind 15.1→12.8 kt,
2026-10-08T1351PT_v1,2026-10-07T1427PT_v1,2026-10-12,cortez_tanner,yellowtail,4,5,1,1,45.2,49.5,4.3,Fair,Fair,fishability (wind/sea access) +4.9,"{""access"": 4.9, ""anomaly"": -0.7}",wind 15.1→12.8 kt,
2026-10-08T1351PT_v1,2026-10-07T1427PT_v1,2026-10-12,la_jolla,barracuda,4,5,1,1,74.6,77.1,2.5,Good,Very Good,water temperature fit +1.8; fishability (wind/sea access) +1.3; ENSO/SST anomaly boost -1.1,"{""access"": 1.3, ""anomaly"": -1.1, ""sst"": 1.8, ""swell"": 0.6}",SST 73.1→72.8°F; SST anomaly 4.4→4.0°F,
2026-10-08T1351PT_v1,2026-10-07T1427PT_v1,2026-10-12,la_jolla,bonito,4,5,1,1,95.9,96.8,0.9,Excellent,Excellent,no material driver change,"{""access"": 0.6, ""swell"": 0.3}",SST 73.1→72.8°F; SST anomaly 4.4→4.0°F,
2026-10-08T1351PT_v1,2026-10-07T1427PT_v1,2026-10-12,la_jolla,calico_bass,4,5,1,1,75.1,76.2,1.1,Very Good,Very Good,fishability (wind/sea access) +1.3,"{""access"": 1.3, ""anomaly"": -0.8, ""swell"": 0.6}",SST 73.1→72.8°F; SST anomaly 4.4→4.0°F,
2026-10-08T1351PT_v1,2026-10-07T1427PT_v1,2026-10-12,la_jolla,california_halibut,4,5,1,1,26.4,30.4,4.0,Poor,Poor,water temperature fit +2.6,"{""access"": 0.5, ""anomaly"": 0.7, ""sst"": 2.6, ""swell"": 0.3}",SST 73.1→72.8°F; SST anomaly 4.4→4.0°F,
2026-10-08T1351PT_v1,2026-10-07T1427PT_v1,2026-10-12,la_jolla,rockfish,4,5,1,1,46.3,50.2,3.9,Fair,Fair,ENSO/SST anomaly boost +1.8,"{""access"": 0.9, ""anomaly"": 1.8, ""sst"": 0.4, ""swell"": 0.9}",SST 73.1→72.8°F; SST anomaly 4.4→4.0°F,
2026-10-08T1351PT_v1,2026-10-07T1427PT_v1,2026-10-12,la_jolla,sheephead,4,5,1,1,62.4,64.5,2.1,Good,Good,fishability (wind/sea access) +1.1; swell +1.0,"{""access"": 1.1, ""swell"": 1.0}",SST 73.1→72.8°F; SST anomaly 4.4→4.0°F,
2026-10-08T1351PT_v1,2026-10-07T1427PT_v1,2026-10-12,la_jolla,white_seabass,4,5,1,1,20.2,27.1,6.9,Poor,Poor,water temperature fit +6.0,"{""access"": 0.4, ""anomaly"": 0.4, ""sst"": 6.0, ""swell"": 0.2}",SST 73.1→72.8°F; SST anomaly 4.4→4.0°F,
2026-10-08T1351PT_v1,2026-10-07T1427PT_v1,2026-10-12,la_jolla,yellowtail,4,5,1,1,87.5,91.5,4.0,Very Good,Excellent,water temperature fit +2.0; fishability (wind/sea access) +1.5,"{""access"": 1.5, ""sst"": 2.0, ""swell"": 0.5}",SST 73.1→72.8°F; SST anomaly 4.4→4.0°F,
2026-10-08T1351PT_v1,2026-10-07T1427PT_v1,2026-10-12,mission_bay,california_halibut,4,5,1,1,26.6,31.8,5.2,Poor,Poor,water temperature fit +2.8; fishability (wind/sea access) +1.2,"{""access"": 1.2, ""anomaly"": 0.9, ""sst"": 2.8, ""swell"": 0.2}",SST 73.0→72.5°F; SST anomaly 4.4→3.9°F; wind 13.1→10.0 kt,
2026-10-08T1351PT_v1,2026-10-07T1427PT_v1,2026-10-12,mission_bay,sand_bass,4,5,1,1,72.5,74.5,2.0,Good,Good,fishability (wind/sea access) +3.1; ENSO/SST anomaly boost -1.4,"{""access"": 3.1, ""anomaly"": -1.4, ""swell"": 0.4}",SST 73.0→72.5°F; SST anomaly 4.4→3.9°F; wind 13.1→10.0 kt,
2026-10-08T1351PT_v1,2026-10-07T1427PT_v1,2026-10-12,mission_bay,spotted_bay_bass,4,5,1,1,78.8,80.6,1.8,Very Good,Very Good,fishability (wind/sea access) +3.3; ENSO/SST anomaly boost -1.5,"{""access"": 3.3, ""anomaly"": -1.5}",SST 73.0→72.5°F; SST anomaly 4.4→3.9°F; wind 13.1→10.0 kt,
2026-10-08T1351PT_v1,2026-10-07T1427PT_v1,2026-10-12,nine_mile,barracuda,4,5,1,1,55.7,65.5,9.8,Fair,Good,fishability (wind/sea access) +8.9; water temperature fit +1.4,"{""access"": 8.9, ""anomaly"": -0.7, ""sst"": 1.4, ""swell"": 0.2}",wind 16.1→12.6 kt,
2026-10-08T1351PT_v1,2026-10-07T1427PT_v1,2026-10-12,nine_mile,bluefin_tuna,4,5,1,1,59.6,70.9,11.3,Fair,Good,fishability (wind/sea access) +9.5; water temperature fit +2.4,"{""access"": 9.5, ""anomaly"": -1.0, ""sst"": 2.4, ""swell"": 0.3}",wind 16.1→12.6 kt,
2026-10-08T1351PT_v1,2026-10-07T1427PT_v1,2026-10-12,nine_mile,bonito,4,5,1,1,78.0,91.2,13.2,Very Good,Excellent,fishability (wind/sea access) +12.3,"{""access"": 12.3, ""sst"": 0.6, ""swell"": 0.3}",wind 16.1→12.6 kt,
2026-10-08T1351PT_v1,2026-10-07T1427PT_v1,2026-10-12,nine_mile,dorado,4,5,1,1,82.6,94.5,11.9,Very Good,Excellent,fishability (wind/sea access) +11.6,"{""access"": 11.6, ""swell"": 0.3}",wind 16.1→12.6 kt,
2026-10-08T1351PT_v1,2026-10-07T1427PT_v1,2026-10-12,nine_mile,rockfish,4,5,1,1,34.2,41.2,7.0,Poor,Fair,fishability (wind/sea access) +5.5; ENSO/SST anomaly boost +1.1,"{""access"": 5.5, ""anomaly"": 1.1, ""swell"": 0.3}",wind 16.1→12.6 kt,
2026-10-08T1351PT_v1,2026-10-07T1427PT_v1,2026-10-12,nine_mile,yellowfin_tuna,4,5,1,1,82.2,94.3,12.1,Very Good,Excellent,fishability (wind/sea access) +11.8,"{""access"": 11.8, ""swell"": 0.3}",wind 16.1→12.6 kt,
2026-10-08T1351PT_v1,2026-10-07T1427PT_v1,2026-10-12,nine_mile,yellowtail,4,5,1,1,65.1,77.3,12.2,Good,Very Good,fishability (wind/sea access) +10.5; water temperature fit +1.5,"{""access"": 10.5, ""sst"": 1.5, ""swell"": 0.2}",wind 16.1→12.6 kt,
2026-10-08T1351PT_v1,2026-10-07T1427PT_v1,2026-10-12,outer_banks,bluefin_tuna,4,5,1,1,53.9,54.7,0.8,Fair,Fair,water temperature fit -1.2; fishability (wind/sea access) +1.1,"{""access"": 1.1, ""anomaly"": 0.6, ""sst"": -1.2, ""swell"": 0.3}",,
2026-10-08T1351PT_v1,2026-10-07T1427PT_v1,2026-10-12,outer_banks,bonito,4,5,1,1,68.3,69.9,1.6,Good,Good,fishability (wind/sea access) +1.4,"{""access"": 1.4, ""swell"": 0.2}",,
2026-10-08T1351PT_v1,2026-10-07T1427PT_v1,2026-10-12,outer_banks,dorado,4,5,1,1,71.9,73.6,1.7,Good,Good,fishability (wind/sea access) +1.5,"{""access"": 1.5, ""swell"": 0.2}",,
2026-10-08T1351PT_v1,2026-10-07T1427PT_v1,2026-10-12,outer_banks,rockfish,4,5,1,1,31.4,31.7,0.3,Poor,Poor,no material driver change,"{""access"": 0.5, ""anomaly"": -0.5, ""swell"": 0.3}",,
2026-10-08T1351PT_v1,2026-10-07T1427PT_v1,2026-10-12,outer_banks,sheephead,4,5,1,1,40.8,42.0,1.2,Fair,Fair,small changes across several drivers,"{""access"": 0.8, ""swell"": 0.4}",,
2026-10-08T1351PT_v1,2026-10-07T1427PT_v1,2026-10-12,outer_banks,white_seabass,4,5,1,1,14.3,14.5,0.2,Poor,Poor,no material driver change,"{""access"": 0.2}",,
2026-10-08T1351PT_v1,2026-10-07T1427PT_v1,2026-10-12,outer_banks,yellowfin_tuna,4,5,1,1,71.4,73.0,1.6,Good,Good,fishability (wind/sea access) +1.3,"{""access"": 1.3, ""swell"": 0.3}",,
2026-10-08T1351PT_v1,2026-10-07T1427PT_v1,2026-10-12,outer_banks,yellowtail,4,5,1,1,60.0,60.6,0.6,Good,Good,fishability (wind/sea access) +1.2,"{""access"": 1.2, ""sst"": -0.8, ""swell"": 0.2}",,
2026-10-08T1351PT_v1,2026-10-07T1427PT_v1,2026-10-12,pt_loma_kelp,barracuda,4,5,1,1,71.0,75.2,4.2,Good,Very Good,fishability (wind/sea access) +3.2; water temperature fit +1.7; ENSO/SST anomaly boost -1.2,"{""access"": 3.2, ""anomaly"": -1.2, ""sst"": 1.7, ""swell"": 0.5}",SST 72.9→72.5°F; SST anomaly 4.3→3.9°F; wind 13.1→10.0 kt,
2026-10-08T1351PT_v1,2026-10-07T1427PT_v1,2026-10-12,pt_loma_kelp,bonito,4,5,1,1,92.3,95.2,2.9,Excellent,Excellent,fishability (wind/sea access) +2.5,"{""access"": 2.5, ""swell"": 0.4}",SST 72.9→72.5°F; SST anomaly 4.3→3.9°F; wind 13.1→10.0 kt,
2026-10-08T1351PT_v1,2026-10-07T1427PT_v1,2026-10-12,pt_loma_kelp,calico_bass,4,5,1,1,70.3,73.1,2.8,Good,Good,fishability (wind/sea access) +3.1,"{""access"": 3.1, ""anomaly"": -0.8, ""swell"": 0.5}",SST 72.9→72.5°F; SST anomaly 4.3→3.9°F; wind 13.1→10.0 kt,
2026-10-08T1351PT_v1,2026-10-07T1427PT_v1,2026-10-12,pt_loma_kelp,california_halibut,4,5,1,1,26.8,31.2,4.4,Poor,Poor,water temperature fit +2.2; fishability (wind/sea access) +1.3,"{""access"": 1.3, ""anomaly"": 0.7, ""sst"": 2.2, ""swell"": 0.2}",SST 72.9→72.5°F; SST anomaly 4.3→3.9°F; wind 13.1→10.0 kt,
2026-10-08T1351PT_v1,2026-10-07T1427PT_v1,2026-10-12,pt_loma_kelp,rockfish,4,5,1,1,39.6,44.1,4.5,Poor,Fair,fishability (wind/sea access) +1.8; ENSO/SST anomaly boost +1.6,"{""access"": 1.8, ""anomaly"": 1.6, ""sst"": 0.5, ""swell"": 0.7}",SST 72.9→72.5°F; SST anomaly 4.3→3.9°F; wind 13.1→10.0 kt,
2026-10-08T1351PT_v1,2026-10-07T1427PT_v1,2026-10-12,pt_loma_kelp,sand_bass,4,5,1,1,70.7,73.0,2.3,Good,Good,fishability (wind/sea access) +3.0; ENSO/SST anomaly boost -1.1,"{""access"": 3.0, ""anomaly"": -1.1, ""swell"": 0.4}",SST 72.9→72.5°F; SST anomaly 4.3→3.9°F; wind 13.1→10.0 kt,
2026-10-08T1351PT_v1,2026-10-07T1427PT_v1,2026-10-12,pt_loma_kelp,sheephead,4,5,1,1,57.8,61.2,3.4,Fair,Good,fishability (wind/sea access) +2.5,"{""access"": 2.5, ""swell"": 0.9}",SST 72.9→72.5°F; SST anomaly 4.3→3.9°F; wind 13.1→10.0 kt,
2026-10-08T1351PT_v1,2026-10-07T1427PT_v1,2026-10-12,pt_loma_kelp,white_seabass,4,5,1,1,22.9,30.0,7.1,Poor,Poor,water temperature fit +5.4; fishability (wind/sea access) +1.1,"{""access"": 1.1, ""anomaly"": 0.4, ""sst"": 5.4, ""swell"": 0.2}",SST 72.9→72.5°F; SST anomaly 4.3→3.9°F; wind 13.1→10.0 kt,
2026-10-08T1351PT_v1,2026-10-07T1427PT_v1,2026-10-12,pt_loma_kelp,yellowtail,4,5,1,1,83.9,90.0,6.1,Very Good,Excellent,fishability (wind/sea access) +3.7; water temperature fit +1.9,"{""access"": 3.7, ""sst"": 1.9, ""swell"": 0.4}",SST 72.9→72.5°F; SST anomaly 4.3→3.9°F; wind 13.1→10.0 kt,
2026-10-08T1351PT_v1,2026-10-07T1427PT_v1,2026-10-12,sd_bay,california_halibut,4,5,1,1,26.5,29.3,2.8,Poor,Poor,water temperature fit +1.3; fishability (wind/sea access) +1.1,"{""access"": 1.1, ""anomaly"": 0.3, ""sst"": 1.3, ""swell"": 0.1}",wind 13.1→10.0 kt,
2026-10-08T1351PT_v1,2026-10-07T1427PT_v1,2026-10-12,sd_bay,sand_bass,4,5,1,1,75.3,77.8,2.5,Very Good,Very Good,fishability (wind/sea access) +2.8,"{""access"": 2.8, ""anomaly"": -0.5, ""swell"": 0.3}",wind 13.1→10.0 kt,
2026-10-08T1351PT_v1,2026-10-07T1427PT_v1,2026-10-12,sd_bay,spotted_bay_bass,4,5,1,1,81.3,83.9,2.6,Very Good,Very Good,fishability (wind/sea access) +3.2,"{""access"": 3.2, ""anomaly"": -0.6}",wind 13.1→10.0 kt,
2026-10-08T1351PT_v1,2026-10-07T1427PT_v1,2026-10-12,surf_zone,barred_surfperch,4,5,1,1,14.4,15.4,1.0,Poor,Poor,small changes across several drivers,"{""access"": 0.2, ""anomaly"": 0.6, ""swell"": 0.2}",,
2026-10-08T1351PT_v1,2026-10-07T1427PT_v1,2026-10-12,surf_zone,calico_bass,4,5,1,1,77.6,78.5,0.9,Very Good,Very Good,fishability (wind/sea access) +1.1,"{""access"": 1.1, ""anomaly"": -0.7, ""swell"": 0.5}",,
2026-10-08T1351PT_v1,2026-10-07T1427PT_v1,2026-10-12,surf_zone,california_halibut,4,5,1,1,25.1,28.5,3.4,Poor,Poor,water temperature fit +2.3,"{""access"": 0.4, ""anomaly"": 0.5, ""sst"": 2.3, ""swell"": 0.2}",,
2026-10-08T1351PT_v1,2026-10-07T1427PT_v1,2026-10-12,surf_zone,corbina,4,5,1,1,76.8,79.2,2.4,Very Good,Very Good,swell +2.4; ENSO/SST anomaly boost -1.1; fishability (wind/sea access) +1.1,"{""access"": 1.1, ""anomaly"": -1.1, ""swell"": 2.4}",,
2026-10-08T1351PT_v1,2026-10-07T1427PT_v1,2026-10-12,surf_zone,sand_bass,4,5,1,1,77.8,78.3,0.5,Very Good,Very Good,fishability (wind/sea access) +1.1,"{""access"": 1.1, ""anomaly"": -1.0, ""swell"": 0.4}",,
2026-10-08T1351PT_v1,2026-10-07T1427PT_v1,2026-10-13,coronados,barracuda,5,6,1,1,70.3,64.1,-6.2,Good,Good,fishability (wind/sea access) -5.4,"{""access"": -5.4, ""swell"": -0.8}",seas 5.0→5.6 ft,
2026-10-08T1351PT_v1,2026-10-07T1427PT_v1,2026-10-13,coronados,bluefin_tuna,5,6,1,1,71.8,65.3,-6.5,Good,Good,fishability (wind/sea access) -5.4; swell -1.1,"{""access"": -5.4, ""swell"": -1.1}",seas 5.0→5.6 ft,
2026-10-08T1351PT_v1,2026-10-07T1427PT_v1,2026-10-13,coronados,bonito,5,6,1,1,94.1,87.0,-7.1,Excellent,Very Good,fishability (wind/sea access) -6.2,"{""access"": -6.2, ""swell"": -0.9}",seas 5.0→5.6 ft,
2026-10-08T1351PT_v1,2026-10-07T1427PT_v1,2026-10-13,coronados,calico_bass,5,6,1,1,76.6,69.8,-6.8,Very Good,Good,fishability (wind/sea access) -5.8,"{""access"": -5.8, ""swell"": -1.0}",seas 5.0→5.6 ft,
2026-10-08T1351PT_v1,2026-10-07T1427PT_v1,2026-10-13,coronados,dorado,5,6,1,1,96.9,92.6,-4.3,Excellent,Excellent,fishability (wind/sea access) -3.8,"{""access"": -3.8, ""swell"": -0.5}",seas 5.0→5.6 ft,
2026-10-08T1351PT_v1,2026-10-07T1427PT_v1,2026-10-13,coronados,rockfish,5,6,1,1,40.6,36.5,-4.1,Fair,Poor,fishability (wind/sea access) -3.0; swell -1.1,"{""access"": -3.0, ""swell"": -1.1}",seas 5.0→5.6 ft,
2026-10-08T1351PT_v1,2026-10-07T1427PT_v1,2026-10-13,coronados,sheephead,5,6,1,1,64.3,57.8,-6.5,Good,Fair,fishability (wind/sea access) -4.8; swell -1.7,"{""access"": -4.8, ""swell"": -1.7}",seas 5.0→5.6 ft,
2026-10-08T1351PT_v1,2026-10-07T1427PT_v1,2026-10-13,coronados,white_seabass,5,6,1,1,19.2,17.6,-1.6,Poor,Poor,fishability (wind/sea access) -1.4,"{""access"": -1.4, ""swell"": -0.2}",seas 5.0→5.6 ft,
2026-10-08T1351PT_v1,2026-10-07T1427PT_v1,2026-10-13,coronados,yellowfin_tuna,5,6,1,1,97.0,92.7,-4.3,Excellent,Excellent,fishability (wind/sea access) -3.7,"{""access"": -3.7, ""swell"": -0.6}",seas 5.0→5.6 ft,
2026-10-08T1351PT_v1,2026-10-07T1427PT_v1,2026-10-13,coronados,yellowtail,5,6,1,1,78.4,71.7,-6.7,Very Good,Good,fishability (wind/sea access) -6.0,"{""access"": -6.0, ""swell"": -0.7}",seas 5.0→5.6 ft,
2026-10-08T1351PT_v1,2026-10-07T1427PT_v1,2026-10-13,cortez_tanner,bluefin_tuna,5,6,1,1,35.5,43.2,7.7,Poor,Fair,fishability (wind/sea access) +9.8,"{""access"": 9.8, ""anomaly"": -0.5, ""pressure"": -0.9, ""swell"": -0.6}",wind 22.2→16.8 kt,
2026-10-08T1351PT_v1,2026-10-07T1427PT_v1,2026-10-13,cortez_tanner,dorado,5,6,1,1,17.8,18.2,0.4,Poor,Poor,fishability (wind/sea access) +5.2; water temperature fit -3.5,"{""access"": 5.2, ""anomaly"": -0.6, ""pressure"": -0.5, ""sst"": -3.5, ""swell"": -0.2}",wind 22.2→16.8 kt,
2026-10-08T1351PT_v1,2026-10-07T1427PT_v1,2026-10-13,cortez_tanner,rockfish,5,6,1,1,24.9,30.3,5.4,Poor,Poor,fishability (wind/sea access) +6.9; pressure trend -1.0,"{""access"": 6.9, ""anomaly"": 0.4, ""pressure"": -1.0, ""swell"": -0.9}",wind 22.2→16.8 kt,
2026-10-08T1351PT_v1,2026-10-07T1427PT_v1,2026-10-13,cortez_tanner,yellowfin_tuna,5,6,1,1,34.8,40.8,6.0,Poor,Fair,fishability (wind/sea access) +9.4; water temperature fit -1.2,"{""access"": 9.4, ""anomaly"": -0.9, ""pressure"": -0.8, ""sst"": -1.2, ""swell"": -0.5}",wind 22.2→16.8 kt,
2026-10-08T1351PT_v1,2026-10-07T1427PT_v1,2026-10-13,cortez_tanner,yellowtail,5,6,1,1,35.4,42.9,7.5,Poor,Fair,fishability (wind/sea access) +9.6; pressure trend -1.1,"{""access"": 9.6, ""anomaly"": -0.5, ""pressure"": -1.1, ""swell"": -0.4}",wind 22.2→16.8 kt,
2026-10-08T1351PT_v1,2026-10-07T1427PT_v1,2026-10-13,la_jolla,barracuda,5,6,1,1,88.5,88.2,-0.3,Very Good,Very Good,water temperature fit +1.5; ENSO/SST anomaly boost -1.1,"{""access"": -0.1, ""anomaly"": -1.1, ""sst"": 1.5, ""swell"": -0.6}",,
2026-10-08T1351PT_v1,2026-10-07T1427PT_v1,2026-10-13,la_jolla,bonito,5,6,1,1,99.2,99.0,-0.2,Excellent,Excellent,no material driver change,"{""anomaly"": -0.1}",,
2026-10-08T1351PT_v1,2026-10-07T1427PT_v1,2026-10-13,la_jolla,calico_bass,5,6,1,1,87.5,86.0,-1.5,Very Good,Very Good,small changes across several drivers,"{""access"": -0.1, ""anomaly"": -0.8, ""swell"": -0.6}",,
2026-10-08T1351PT_v1,2026-10-07T1427PT_v1,2026-10-13,la_jolla,california_halibut,5,6,1,1,36.1,38.3,2.2,Poor,Poor,water temperature fit +1.8,"{""anomaly"": 0.7, ""sst"": 1.8, ""swell"": -0.2}",,
2026-10-08T1351PT_v1,2026-10-07T1427PT_v1,2026-10-13,la_jolla,rockfish,5,6,1,1,61.4,62.1,0.7,Good,Good,ENSO/SST anomaly boost +1.6,"{""anomaly"": 1.6, ""swell"": -0.9}",,
2026-10-08T1351PT_v1,2026-10-07T1427PT_v1,2026-10-13,la_jolla,sheephead,5,6,1,1,76.9,75.8,-1.1,Very Good,Very Good,swell -1.0,"{""swell"": -1.0}",,
2026-10-08T1351PT_v1,2026-10-07T1427PT_v1,2026-10-13,la_jolla,white_seabass,5,6,1,1,34.5,38.2,3.7,Poor,Poor,water temperature fit +3.5,"{""anomaly"": 0.4, ""sst"": 3.5, ""swell"": -0.2}",,
2026-10-08T1351PT_v1,2026-10-07T1427PT_v1,2026-10-13,la_jolla,yellowtail,5,6,1,1,97.7,97.6,-0.1,Excellent,Excellent,no material driver change,"{""anomaly"": -0.3, ""sst"": 0.3}",,
2026-10-08T1351PT_v1,2026-10-07T1427PT_v1,2026-10-13,mission_bay,california_halibut,5,6,1,1,36.8,37.5,0.7,Poor,Poor,water temperature fit +1.0,"{""access"": -0.5, ""anomaly"": 0.4, ""sst"": 1.0, ""swell"": -0.3}",wind 11.6→9.3 kt,
2026-10-08T1351PT_v1,2026-10-07T1427PT_v1,2026-10-13,mission_bay,sand_bass,5,6,1,1,86.6,84.2,-2.4,Very Good,Very Good,fishability (wind/sea access) -1.2,"{""access"": -1.2, ""anomaly"": -0.7, ""swell"": -0.5}",wind 11.6→9.3 kt,
2026-10-08T1351PT_v1,2026-10-07T1427PT_v1,2026-10-13,mission_bay,spotted_bay_bass,5,6,1,1,90.9,88.8,-2.1,Excellent,Very Good,fishability (wind/sea access) -1.3,"{""access"": -1.3, ""anomaly"": -0.7}",wind 11.6→9.3 kt,
2026-10-08T1351PT_v1,2026-10-07T1427PT_v1,2026-10-13,nine_mile,barracuda,5,6,1,1,79.2,76.2,-3.0,Very Good,Very Good,fishability (wind/sea access) -2.3,"{""access"": -2.3, ""anomaly"": -0.3, ""sst"": 0.6, ""swell"": -1.0}",seas 4.9→5.5 ft,
2026-10-08T1351PT_v1,2026-10-07T1427PT_v1,2026-10-13,nine_mile,bluefin_tuna,5,6,1,1,84.3,81.3,-3.0,Very Good,Very Good,fishability (wind/sea access) -2.4; swell -1.3; water temperature fit +1.1,"{""access"": -2.4, ""anomaly"": -0.3, ""sst"": 1.1, ""swell"": -1.3}",seas 4.9→5.5 ft,
2026-10-08T1351PT_v1,2026-10-07T1427PT_v1,2026-10-13,nine_mile,bonito,5,6,1,1,98.6,98.0,-0.6,Excellent,Excellent,no material driver change,"{""access"": -0.5, ""swell"": -0.2}",seas 4.9→5.5 ft,
2026-10-08T1351PT_v1,2026-10-07T1427PT_v1,2026-10-13,nine_mile,dorado,5,6,1,1,99.3,98.8,-0.5,Excellent,Excellent,no material driver change,"{""access"": -0.4, ""swell"": -0.1}",seas 4.9→5.5 ft,
2026-10-08T1351PT_v1,2026-10-07T1427PT_v1,2026-10-13,nine_mile,rockfish,5,6,1,1,52.2,49.7,-2.5,Fair,Fair,fishability (wind/sea access) -1.5; swell -1.5,"{""access"": -1.5, ""anomaly"": 0.5, ""swell"": -1.5}",seas 4.9→5.5 ft,
2026-10-08T1351PT_v1,2026-10-07T1427PT_v1,2026-10-13,nine_mile,yellowfin_tuna,5,6,1,1,99.3,98.8,-0.5,Excellent,Excellent,no material driver change,"{""access"": -0.3, ""swell"": -0.2}",seas 4.9→5.5 ft,
2026-10-08T1351PT_v1,2026-10-07T1427PT_v1,2026-10-13,nine_mile,yellowtail,5,6,1,1,90.7,87.9,-2.8,Excellent,Very Good,fishability (wind/sea access) -2.6,"{""access"": -2.6, ""sst"": 0.7, ""swell"": -0.9}",seas 4.9→5.5 ft,
2026-10-08T1351PT_v1,2026-10-07T1427PT_v1,2026-10-13,outer_banks,bluefin_tuna,5,6,1,1,76.9,66.4,-10.5,Very Good,Good,fishability (wind/sea access) -7.6; water temperature fit -4.6; ENSO/SST anomaly boost +3.0,"{""access"": -7.6, ""anomaly"": 3.0, ""sst"": -4.6, ""swell"": -1.4}",SST 72.4→73.1°F; SST anomaly 3.0→3.7°F; seas 5.6→6.2 ft,
2026-10-08T1351PT_v1,2026-10-07T1427PT_v1,2026-10-13,outer_banks,bonito,5,6,1,1,87.5,81.6,-5.9,Very Good,Very Good,fishability (wind/sea access) -8.9; ENSO/SST anomaly boost +4.2; swell -1.2,"{""access"": -8.9, ""anomaly"": 4.2, ""swell"": -1.2}",SST 72.4→73.1°F; SST anomaly 3.0→3.7°F; seas 5.6→6.2 ft,
2026-10-08T1351PT_v1,2026-10-07T1427PT_v1,2026-10-13,outer_banks,dorado,5,6,1,1,95.1,86.2,-8.9,Excellent,Very Good,fishability (wind/sea access) -7.9,"{""access"": -7.9, ""swell"": -1.0}",SST 72.4→73.1°F; SST anomaly 3.0→3.7°F; seas 5.6→6.2 ft,
2026-10-08T1351PT_v1,2026-10-07T1427PT_v1,2026-10-13,outer_banks,rockfish,5,6,1,1,51.8,42.0,-9.8,Fair,Fair,fishability (wind/sea access) -4.9; ENSO/SST anomaly boost -3.2; swell -1.7,"{""access"": -4.9, ""anomaly"": -3.2, ""swell"": -1.7}",SST 72.4→73.1°F; SST anomaly 3.0→3.7°F; seas 5.6→6.2 ft,
2026-10-08T1351PT_v1,2026-10-07T1427PT_v1,2026-10-13,outer_banks,sheephead,5,6,1,1,60.3,52.5,-7.8,Good,Fair,fishability (wind/sea access) -5.9; swell -1.9,"{""access"": -5.9, ""swell"": -1.9}",SST 72.4→73.1°F; SST anomaly 3.0→3.7°F; seas 5.6→6.2 ft,
2026-10-08T1351PT_v1,2026-10-07T1427PT_v1,2026-10-13,outer_banks,white_seabass,5,6,1,1,31.2,17.6,-13.6,Poor,Poor,water temperature fit -10.0; fishability (wind/sea access) -2.5,"{""access"": -2.5, ""anomaly"": -0.7, ""sst"": -10.0, ""swell"": -0.3}",SST 72.4→73.1°F; SST anomaly 3.0→3.7°F; seas 5.6→6.2 ft,
2026-10-08T1351PT_v1,2026-10-07T1427PT_v1,2026-10-13,outer_banks,yellowfin_tuna,5,6,1,1,95.1,86.1,-9.0,Excellent,Very Good,fishability (wind/sea access) -7.8; swell -1.2,"{""access"": -7.8, ""swell"": -1.2}",SST 72.4→73.1°F; SST anomaly 3.0→3.7°F; seas 5.6→6.2 ft,
2026-10-08T1351PT_v1,2026-10-07T1427PT_v1,2026-10-13,outer_banks,yellowtail,5,6,1,1,81.1,72.5,-8.6,Very Good,Good,fishability (wind/sea access) -8.1; ENSO/SST anomaly boost +3.8; water temperature fit -3.5,"{""access"": -8.1, ""anomaly"": 3.8, ""sst"": -3.5, ""swell"": -0.9}",SST 72.4→73.1°F; SST anomaly 3.0→3.7°F; seas 5.6→6.2 ft,
2026-10-08T1351PT_v1,2026-10-07T1427PT_v1,2026-10-13,pt_loma_kelp,barracuda,5,6,1,1,88.4,86.0,-2.4,Very Good,Very Good,fishability (wind/sea access) -1.9,"{""access"": -1.9, ""anomaly"": -0.7, ""sst"": 0.9, ""swell"": -0.7}",wind 11.6→9.3 kt,
2026-10-08T1351PT_v1,2026-10-07T1427PT_v1,2026-10-13,pt_loma_kelp,bonito,5,6,1,1,99.1,98.7,-0.4,Excellent,Excellent,no material driver change,"{""access"": -0.3, ""swell"": -0.1}",wind 11.6→9.3 kt,
2026-10-08T1351PT_v1,2026-10-07T1427PT_v1,2026-10-13,pt_loma_kelp,calico_bass,5,6,1,1,87.6,84.3,-3.3,Very Good,Very Good,fishability (wind/sea access) -1.9,"{""access"": -1.9, ""anomaly"": -0.5, ""swell"": -0.8}",wind 11.6→9.3 kt,
2026-10-08T1351PT_v1,2026-10-07T1427PT_v1,2026-10-13,pt_loma_kelp,california_halibut,5,6,1,1,34.8,35.4,0.6,Poor,Poor,water temperature fit +1.4,"{""access"": -1.0, ""anomaly"": 0.5, ""sst"": 1.4, ""swell"": -0.4}",wind 11.6→9.3 kt,
2026-10-08T1351PT_v1,2026-10-07T1427PT_v1,2026-10-13,pt_loma_kelp,rockfish,5,6,1,1,54.0,52.9,-1.1,Fair,Fair,fishability (wind/sea access) -1.3; swell -1.2,"{""access"": -1.3, ""anomaly"": 1.0, ""sst"": 0.3, ""swell"": -1.2}",wind 11.6→9.3 kt,
2026-10-08T1351PT_v1,2026-10-07T1427PT_v1,2026-10-13,pt_loma_kelp,sand_bass,5,6,1,1,86.6,83.4,-3.2,Very Good,Very Good,fishability (wind/sea access) -1.9,"{""access"": -1.9, ""anomaly"": -0.7, ""swell"": -0.6}",wind 11.6→9.3 kt,
2026-10-08T1351PT_v1,2026-10-07T1427PT_v1,2026-10-13,pt_loma_kelp,sheephead,5,6,1,1,75.9,72.8,-3.1,Very Good,Good,fishability (wind/sea access) -1.7; swell -1.4,"{""access"": -1.7, ""swell"": -1.4}",wind 11.6→9.3 kt,
2026-10-08T1351PT_v1,2026-10-07T1427PT_v1,2026-10-13,pt_loma_kelp,white_seabass,5,6,1,1,32.5,34.4,1.9,Poor,Poor,water temperature fit +2.6,"{""access"": -0.7, ""anomaly"": 0.3, ""sst"": 2.6, ""swell"": -0.3}",wind 11.6→9.3 kt,
2026-10-08T1351PT_v1,2026-10-07T1427PT_v1,2026-10-13,pt_loma_kelp,yellowtail,5,6,1,1,97.5,96.9,-0.6,Excellent,Excellent,no material driver change,"{""access"": -0.7, ""sst"": 0.3, ""swell"": -0.2}",wind 11.6→9.3 kt,
2026-10-08T1351PT_v1,2026-10-07T1427PT_v1,2026-10-13,sd_bay,california_halibut,5,6,1,1,35.0,36.3,1.3,Poor,Poor,water temperature fit +1.2,"{""anomaly"": 0.4, ""sst"": 1.2, ""swell"": -0.2}",wind 11.6→9.3 kt,
2026-10-08T1351PT_v1,2026-10-07T1427PT_v1,2026-10-13,sd_bay,sand_bass,5,6,1,1,88.1,86.8,-1.3,Very Good,Very Good,small changes across several drivers,"{""access"": -0.1, ""anomaly"": -0.7, ""swell"": -0.5}",wind 11.6→9.3 kt,
2026-10-08T1351PT_v1,2026-10-07T1427PT_v1,2026-10-13,sd_bay,spotted_bay_bass,5,6,1,1,91.9,91.2,-0.7,Excellent,Excellent,no material driver change,"{""anomaly"": -0.6}",wind 11.6→9.3 kt,
2026-10-08T1351PT_v1,2026-10-07T1427PT_v1,2026-10-13,surf_zone,barred_surfperch,5,6,1,1,18.7,18.0,-0.7,Poor,Poor,no material driver change,"{""pressure"": -0.4, ""swell"": -0.3}",,
2026-10-08T1351PT_v1,2026-10-07T1427PT_v1,2026-10-13,surf_zone,calico_bass,5,6,1,1,88.0,84.3,-3.7,Very Good,Very Good,pressure trend -3.0,"{""pressure"": -3.0, ""swell"": -0.7}",,
2026-10-08T1351PT_v1,2026-10-07T1427PT_v1,2026-10-13,surf_zone,california_halibut,5,6,1,1,36.2,34.8,-1.4,Poor,Poor,pressure trend -1.2,"{""pressure"": -1.2, ""swell"": -0.2}",,
2026-10-08T1351PT_v1,2026-10-07T1427PT_v1,2026-10-13,surf_zone,corbina,5,6,1,1,92.6,89.5,-3.1,Excellent,Very Good,swell -1.7; pressure trend -1.4,"{""pressure"": -1.4, ""swell"": -1.7}",,
2026-10-08T1351PT_v1,2026-10-07T1427PT_v1,2026-10-13,surf_zone,sand_bass,5,6,1,1,86.4,83.0,-3.4,Very Good,Very Good,pressure trend -2.9,"{""pressure"": -2.9, ""swell"": -0.5}",,
2026-10-08T1351PT_v1,2026-10-07T1427PT_v1,2026-10-14,coronados,barracuda,6,7,1,2,76.2,72.5,-3.7,Very Good,Good,water temperature fit -8.9; ENSO/SST anomaly boost +4.6,"{""anomaly"": 4.6, ""pressure"": -0.9, ""season"": 0.7, ""sst"": -8.9, ""swell"": 0.3, ""tide"": 0.5}",SST 73.3→74.8°F; SST anomaly 4.5→6.0°F; SST source projected (persistence + ENSO analog + CPC) → Open-Meteo marine model,driver now available: pressure trend; confidence tier 2→1 as the date came closer
2026-10-08T1351PT_v1,2026-10-07T1427PT_v1,2026-10-14,coronados,bluefin_tuna,6,7,1,2,83.7,69.4,-14.3,Very Good,Good,water temperature fit -15.5; ENSO/SST anomaly boost +1.3,"{""anomaly"": 1.3, ""moon"": 0.1, ""pressure"": -0.7, ""season"": 0.2, ""sst"": -15.5, ""swell"": 0.3}",SST 73.3→74.8°F; SST anomaly 4.5→6.0°F; SST source projected (persistence + ENSO analog + CPC) → Open-Meteo marine model,driver now available: pressure trend; confidence tier 2→1 as the date came closer
2026-10-08T1351PT_v1,2026-10-07T1427PT_v1,2026-10-14,coronados,bonito,6,7,1,2,97.1,95.3,-1.8,Excellent,Excellent,water temperature fit -1.8,"{""pressure"": -0.4, ""season"": 0.2, ""sst"": -1.8, ""swell"": 0.1}",SST 73.3→74.8°F; SST anomaly 4.5→6.0°F; SST source projected (persistence + ENSO analog + CPC) → Open-Meteo marine model,driver now available: pressure trend; confidence tier 2→1 as the date came closer
2026-10-08T1351PT_v1,2026-10-07T1427PT_v1,2026-10-14,coronados,calico_bass,6,7,1,2,79.3,80.5,1.2,Very Good,Very Good,ENSO/SST anomaly boost +3.5; water temperature fit -3.0; pressure trend -1.1,"{""anomaly"": 3.5, ""pressure"": -1.1, ""season"": 0.6, ""sst"": -3.0, ""swell"": 0.4, ""tide"": 0.7}",SST 73.3→74.8°F; SST anomaly 4.5→6.0°F; SST source projected (persistence + ENSO analog + CPC) → Open-Meteo marine model,driver now available: pressure trend; confidence tier 2→1 as the date came closer
2026-10-08T1351PT_v1,2026-10-07T1427PT_v1,2026-10-14,coronados,dorado,6,7,1,2,98.1,98.1,0.0,Excellent,Excellent,no material driver change,{},SST 73.3→74.8°F; SST anomaly 4.5→6.0°F; SST source projected (persistence + ENSO analog + CPC) → Open-Meteo marine model,driver now available: pressure trend; confidence tier 2→1 as the date came closer
2026-10-08T1351PT_v1,2026-10-07T1427PT_v1,2026-10-14,coronados,rockfish,6,7,1,2,49.8,40.7,-9.1,Fair,Fair,ENSO/SST anomaly boost -7.6; water temperature fit -1.5,"{""anomaly"": -7.6, ""pressure"": -0.7, ""season"": 0.1, ""sst"": -1.5, ""swell"": 0.5}",SST 73.3→74.8°F; SST anomaly 4.5→6.0°F; SST source projected (persistence + ENSO analog + CPC) → Open-Meteo marine model,driver now available: pressure trend; confidence tier 2→1 as the date came closer
2026-10-08T1351PT_v1,2026-10-07T1427PT_v1,2026-10-14,coronados,sheephead,6,7,1,2,67.7,68.3,0.6,Good,Good,no material driver change,"{""pressure"": -0.9, ""season"": 0.2, ""swell"": 0.6, ""tide"": 0.7}",SST 73.3→74.8°F; SST anomaly 4.5→6.0°F; SST source projected (persistence + ENSO analog + CPC) → Open-Meteo marine model,driver now available: pressure trend; confidence tier 2→1 as the date came closer
2026-10-08T1351PT_v1,2026-10-07T1427PT_v1,2026-10-14,coronados,white_seabass,6,7,1,2,19.6,19.8,0.2,Poor,Poor,water temperature fit +1.1; ENSO/SST anomaly boost -1.1,"{""anomaly"": -1.1, ""pressure"": -0.2, ""season"": 0.2, ""sst"": 1.1, ""tide"": 0.1}",SST 73.3→74.8°F; SST anomaly 4.5→6.0°F; SST source projected (persistence + ENSO analog + CPC) → Open-Meteo marine model,driver now available: pressure trend; confidence tier 2→1 as the date came closer
2026-10-08T1351PT_v1,2026-10-07T1427PT_v1,2026-10-14,coronados,yellowfin_tuna,6,7,1,2,98.2,98.1,-0.1,Excellent,Excellent,no material driver change,"{""pressure"": -0.3}",SST 73.3→74.8°F; SST anomaly 4.5→6.0°F; SST source projected (persistence + ENSO analog + CPC) → Open-Meteo marine model,driver now available: pressure trend; confidence tier 2→1 as the date came closer
2026-10-08T1351PT_v1,2026-10-07T1427PT_v1,2026-10-14,coronados,yellowtail,6,7,1,2,88.7,79.5,-9.2,Very Good,Very Good,water temperature fit -9.5,"{""pressure"": -1.0, ""season"": 0.4, ""sst"": -9.5, ""swell"": 0.2, ""tide"": 0.5}",SST 73.3→74.8°F; SST anomaly 4.5→6.0°F; SST source projected (persistence + ENSO analog + CPC) → Open-Meteo marine model,driver now available: pressure trend; confidence tier 2→1 as the date came closer
2026-10-08T1351PT_v1,2026-10-07T1427PT_v1,2026-10-14,cortez_tanner,bluefin_tuna,6,7,1,2,55.1,52.1,-3.0,Fair,Fair,ENSO/SST anomaly boost -9.2; fishability (wind/sea access) +5.8,"{""access"": 5.8, ""anomaly"": -9.2, ""pressure"": -0.5, ""season"": 0.2, ""swell"": 0.7}",SST 70.8→68.0°F; SST anomaly 4.0→1.1°F; SST source projected (persistence + ENSO analog + CPC) → Open-Meteo marine model,driver now available: pressure trend; confidence tier 2→1 as the date came closer
2026-10-08T1351PT_v1,2026-10-07T1427PT_v1,2026-10-14,cortez_tanner,dorado,6,7,1,2,51.7,9.3,-42.4,Fair,Poor,water temperature fit -42.7; fishability (wind/sea access) +2.7; ENSO/SST anomaly boost -2.5,"{""access"": 2.7, ""anomaly"": -2.5, ""pressure"": -0.2, ""sst"": -42.7, ""swell"": 0.2}",SST 70.8→68.0°F; SST anomaly 4.0→1.1°F; SST source projected (persistence + ENSO analog + CPC) → Open-Meteo marine model,driver now available: pressure trend; confidence tier 2→1 as the date came closer
2026-10-08T1351PT_v1,2026-10-07T1427PT_v1,2026-10-14,cortez_tanner,rockfish,6,7,1,2,28.8,42.1,13.3,Poor,Fair,ENSO/SST anomaly boost +8.8; fishability (wind/sea access) +3.8; swell +1.1,"{""access"": 3.8, ""anomaly"": 8.8, ""pressure"": -0.5, ""swell"": 1.1}",SST 70.8→68.0°F; SST anomaly 4.0→1.1°F; SST source projected (persistence + ENSO analog + CPC) → Open-Meteo marine model,driver now available: pressure trend; confidence tier 2→1 as the date came closer
2026-10-08T1351PT_v1,2026-10-07T1427PT_v1,2026-10-14,cortez_tanner,yellowfin_tuna,6,7,1,2,61.2,44.8,-16.4,Good,Fair,water temperature fit -15.3; ENSO/SST anomaly boost -7.0; fishability (wind/sea access) +5.7,"{""access"": 5.7, ""anomaly"": -7.0, ""pressure"": -0.5, ""season"": 0.1, ""sst"": -15.3, ""swell"": 0.5}",SST 70.8→68.0°F; SST anomaly 4.0→1.1°F; SST source projected (persistence + ENSO analog + CPC) → Open-Meteo marine model,driver now available: pressure trend; confidence tier 2→1 as the date came closer
2026-10-08T1351PT_v1,2026-10-07T1427PT_v1,2026-10-14,cortez_tanner,yellowtail,6,7,1,2,55.8,51.2,-4.6,Fair,Fair,ENSO/SST anomaly boost -10.8; fishability (wind/sea access) +5.7,"{""access"": 5.7, ""anomaly"": -10.8, ""pressure"": -0.6, ""season"": 0.3, ""swell"": 0.5, ""tide"": 0.3}",SST 70.8→68.0°F; SST anomaly 4.0→1.1°F; SST source projected (persistence + ENSO analog + CPC) → Open-Meteo marine model,driver now available: pressure trend; confidence tier 2→1 as the date came closer
2026-10-08T1351PT_v1,2026-10-07T1427PT_v1,2026-10-14,la_jolla,barracuda,6,7,1,2,88.9,91.7,2.8,Very Good,Excellent,water temperature fit +5.4; ENSO/SST anomaly boost -3.2,"{""anomaly"": -3.2, ""pressure"": -1.0, ""season"": 0.8, ""sst"": 5.4, ""swell"": 0.2, ""tide"": 0.6}",SST 73.3→72.4°F; SST anomaly 4.7→3.9°F; SST source projected (persistence + ENSO analog + CPC) → Open-Meteo marine model,driver now available: pressure trend; confidence tier 2→1 as the date came closer
2026-10-08T1351PT_v1,2026-10-07T1427PT_v1,2026-10-14,la_jolla,bonito,6,7,1,2,99.4,99.4,0.0,Excellent,Excellent,no material driver change,{},SST 73.3→72.4°F; SST anomaly 4.7→3.9°F; SST source projected (persistence + ENSO analog + CPC) → Open-Meteo marine model,driver now available: pressure trend; confidence tier 2→1 as the date came closer
2026-10-08T1351PT_v1,2026-10-07T1427PT_v1,2026-10-14,la_jolla,calico_bass,6,7,1,2,92.0,90.5,-1.5,Excellent,Excellent,ENSO/SST anomaly boost -2.0; pressure trend -1.1,"{""anomaly"": -2.0, ""pressure"": -1.1, ""season"": 0.6, ""swell"": 0.3, ""tide"": 0.7}",SST 73.3→72.4°F; SST anomaly 4.7→3.9°F; SST source projected (persistence + ENSO analog + CPC) → Open-Meteo marine model,driver now available: pressure trend; confidence tier 2→1 as the date came closer
2026-10-08T1351PT_v1,2026-10-07T1427PT_v1,2026-10-14,la_jolla,california_halibut,6,7,1,2,27.6,38.6,11.0,Poor,Poor,water temperature fit +8.5; ENSO/SST anomaly boost +2.0,"{""anomaly"": 2.0, ""pressure"": -0.5, ""season"": 0.4, ""sst"": 8.5, ""swell"": 0.1, ""tide"": 0.4}",SST 73.3→72.4°F; SST anomaly 4.7→3.9°F; SST source projected (persistence + ENSO analog + CPC) → Open-Meteo marine model,driver now available: pressure trend; confidence tier 2→1 as the date came closer
2026-10-08T1351PT_v1,2026-10-07T1427PT_v1,2026-10-14,la_jolla,rockfish,6,7,1,2,57.8,64.0,6.2,Fair,Good,ENSO/SST anomaly boost +5.4,"{""anomaly"": 5.4, ""pressure"": -0.9, ""season"": 0.2, ""sst"": 1.0, ""swell"": 0.4}",SST 73.3→72.4°F; SST anomaly 4.7→3.9°F; SST source projected (persistence + ENSO analog + CPC) → Open-Meteo marine model,driver now available: pressure trend; confidence tier 2→1 as the date came closer
2026-10-08T1351PT_v1,2026-10-07T1427PT_v1,2026-10-14,la_jolla,sheephead,6,7,1,2,79.6,80.2,0.6,Very Good,Very Good,pressure trend -1.2,"{""pressure"": -1.2, ""season"": 0.2, ""swell"": 0.6, ""tide"": 1.0}",SST 73.3→72.4°F; SST anomaly 4.7→3.9°F; SST source projected (persistence + ENSO analog + CPC) → Open-Meteo marine model,driver now available: pressure trend; confidence tier 2→1 as the date came closer
2026-10-08T1351PT_v1,2026-10-07T1427PT_v1,2026-10-14,la_jolla,white_seabass,6,7,1,2,22.5,38.3,15.8,Poor,Poor,water temperature fit +14.4; ENSO/SST anomaly boost +1.1,"{""anomaly"": 1.1, ""pressure"": -0.3, ""season"": 0.3, ""sst"": 14.4, ""tide"": 0.2}",SST 73.3→72.4°F; SST anomaly 4.7→3.9°F; SST source projected (persistence + ENSO analog + CPC) → Open-Meteo marine model,driver now available: pressure trend; confidence tier 2→1 as the date came closer
2026-10-08T1351PT_v1,2026-10-07T1427PT_v1,2026-10-14,la_jolla,yellowtail,6,7,1,2,97.1,98.5,1.4,Excellent,Excellent,water temperature fit +1.4,"{""pressure"": -0.3, ""season"": 0.1, ""sst"": 1.4, ""tide"": 0.2}",SST 73.3→72.4°F; SST anomaly 4.7→3.9°F; SST source projected (persistence + ENSO analog + CPC) → Open-Meteo marine model,driver now available: pressure trend; confidence tier 2→1 as the date came closer
2026-10-08T1351PT_v1,2026-10-07T1427PT_v1,2026-10-14,mission_bay,california_halibut,6,7,1,2,14.3,39.1,24.8,Poor,Poor,water temperature fit +22.1; ENSO/SST anomaly boost +2.2,"{""anomaly"": 2.2, ""pressure"": -0.3, ""season"": 0.3, ""sst"": 22.1, ""swell"": 0.2, ""tide"": 0.3}",SST 75.5→72.3°F; SST anomaly 5.2→3.9°F; SST source projected (persistence + ENSO analog + CPC) → Open-Meteo marine model,driver now available: pressure trend; confidence tier 2→1 as the date came closer
2026-10-08T1351PT_v1,2026-10-07T1427PT_v1,2026-10-14,mission_bay,sand_bass,6,7,1,2,83.6,89.1,5.5,Very Good,Very Good,water temperature fit +8.6; ENSO/SST anomaly boost -4.5; seasonality +1.4,"{""anomaly"": -4.5, ""pressure"": -1.2, ""season"": 1.4, ""sst"": 8.6, ""swell"": 0.4, ""tide"": 0.7}",SST 75.5→72.3°F; SST anomaly 5.2→3.9°F; SST source projected (persistence + ENSO analog + CPC) → Open-Meteo marine model,driver now available: pressure trend; confidence tier 2→1 as the date came closer
2026-10-08T1351PT_v1,2026-10-07T1427PT_v1,2026-10-14,mission_bay,spotted_bay_bass,6,7,1,2,94.5,91.9,-2.6,Excellent,Excellent,ENSO/SST anomaly boost -3.3; tide +1.4,"{""anomaly"": -3.3, ""pressure"": -1.0, ""season"": 0.2, ""tide"": 1.4}",SST 75.5→72.3°F; SST anomaly 5.2→3.9°F; SST source projected (persistence + ENSO analog + CPC) → Open-Meteo marine model,driver now available: pressure trend; confidence tier 2→1 as the date came closer
2026-10-08T1351PT_v1,2026-10-07T1427PT_v1,2026-10-14,nine_mile,barracuda,6,7,1,2,85.6,82.5,-3.1,Very Good,Very Good,water temperature fit -9.6; ENSO/SST anomaly boost +5.4,"{""access"": 0.3, ""anomaly"": 5.4, ""pressure"": -1.0, ""season"": 0.8, ""sst"": -9.6, ""swell"": 0.4, ""tide"": 0.5}",SST 73.0→74.5°F; SST anomaly 3.8→5.2°F; wind 10.6→8.0 kt; SST source projected (persistence + ENSO analog + CPC) → Open-Meteo marine model,driver now available: pressure trend; confidence tier 2→1 as the date came closer
2026-10-08T1351PT_v1,2026-10-07T1427PT_v1,2026-10-14,nine_mile,bluefin_tuna,6,7,1,2,93.3,83.9,-9.4,Excellent,Very Good,water temperature fit -14.8; ENSO/SST anomaly boost +5.0,"{""access"": 0.3, ""anomaly"": 5.0, ""moon"": 0.1, ""pressure"": -0.8, ""season"": 0.2, ""sst"": -14.8, ""swell"": 0.4}",SST 73.0→74.5°F; SST anomaly 3.8→5.2°F; wind 10.6→8.0 kt; SST source projected (persistence + ENSO analog + CPC) → Open-Meteo marine model,driver now available: pressure trend; confidence tier 2→1 as the date came closer
2026-10-08T1351PT_v1,2026-10-07T1427PT_v1,2026-10-14,nine_mile,bonito,6,7,1,2,99.2,99.1,-0.1,Excellent,Excellent,no material driver change,"{""sst"": -0.2}",SST 73.0→74.5°F; SST anomaly 3.8→5.2°F; wind 10.6→8.0 kt; SST source projected (persistence + ENSO analog + CPC) → Open-Meteo marine model,driver now available: pressure trend; confidence tier 2→1 as the date came closer
2026-10-08T1351PT_v1,2026-10-07T1427PT_v1,2026-10-14,nine_mile,dorado,6,7,1,2,99.6,99.6,0.0,Excellent,Excellent,no material driver change,{},SST 73.0→74.5°F; SST anomaly 3.8→5.2°F; wind 10.6→8.0 kt; SST source projected (persistence + ENSO analog + CPC) → Open-Meteo marine model,driver now available: pressure trend; confidence tier 2→1 as the date came closer
2026-10-08T1351PT_v1,2026-10-07T1427PT_v1,2026-10-14,nine_mile,rockfish,6,7,1,2,62.7,54.0,-8.7,Good,Fair,ENSO/SST anomaly boost -9.1,"{""access"": 0.2, ""anomaly"": -9.1, ""pressure"": -0.8, ""season"": 0.2, ""swell"": 0.8}",SST 73.0→74.5°F; SST anomaly 3.8→5.2°F; wind 10.6→8.0 kt; SST source projected (persistence + ENSO analog + CPC) → Open-Meteo marine model,driver now available: pressure trend; confidence tier 2→1 as the date came closer
2026-10-08T1351PT_v1,2026-10-07T1427PT_v1,2026-10-14,nine_mile,yellowfin_tuna,6,7,1,2,99.6,99.6,0.0,Excellent,Excellent,no material driver change,{},SST 73.0→74.5°F; SST anomaly 3.8→5.2°F; wind 10.6→8.0 kt; SST source projected (persistence + ENSO analog + CPC) → Open-Meteo marine model,driver now available: pressure trend; confidence tier 2→1 as the date came closer
2026-10-08T1351PT_v1,2026-10-07T1427PT_v1,2026-10-14,nine_mile,yellowtail,6,7,1,2,97.0,92.8,-4.2,Excellent,Excellent,water temperature fit -5.0,"{""access"": 0.2, ""anomaly"": 0.5, ""pressure"": -0.5, ""season"": 0.2, ""sst"": -5.0, ""swell"": 0.2, ""tide"": 0.3}",SST 73.0→74.5°F; SST anomaly 3.8→5.2°F; wind 10.6→8.0 kt; SST source projected (persistence + ENSO analog + CPC) → Open-Meteo marine model,driver now available: pressure trend; confidence tier 2→1 as the date came closer
2026-10-08T1351PT_v1,2026-10-07T1427PT_v1,2026-10-14,outer_banks,bluefin_tuna,6,7,1,2,76.8,79.8,3.0,Very Good,Very Good,fishability (wind/sea access) +2.5; water temperature fit +1.2,"{""access"": 2.5, ""anomaly"": -0.3, ""moon"": 0.1, ""pressure"": -0.8, ""season"": 0.2, ""sst"": 1.2}",wind 13.2→11.2 kt; SST source projected (persistence + ENSO analog + CPC) → Open-Meteo marine model,driver now available: pressure trend; confidence tier 2→1 as the date came closer
2026-10-08T1351PT_v1,2026-10-07T1427PT_v1,2026-10-14,outer_banks,bonito,6,7,1,2,93.7,94.9,1.2,Excellent,Excellent,fishability (wind/sea access) +1.7,"{""access"": 1.7, ""anomaly"": -0.2, ""pressure"": -0.7, ""season"": 0.3, ""tide"": 0.1}",wind 13.2→11.2 kt; SST source projected (persistence + ENSO analog + CPC) → Open-Meteo marine model,driver now available: pressure trend; confidence tier 2→1 as the date came closer
2026-10-08T1351PT_v1,2026-10-07T1427PT_v1,2026-10-14,outer_banks,dorado,6,7,1,2,96.4,97.2,0.8,Excellent,Excellent,no material driver change,"{""access"": 1.0, ""pressure"": -0.3}",wind 13.2→11.2 kt; SST source projected (persistence + ENSO analog + CPC) → Open-Meteo marine model,driver now available: pressure trend; confidence tier 2→1 as the date came closer
2026-10-08T1351PT_v1,2026-10-07T1427PT_v1,2026-10-14,outer_banks,rockfish,6,7,1,2,51.6,53.1,1.5,Fair,Fair,fishability (wind/sea access) +1.6,"{""access"": 1.6, ""anomaly"": 0.3, ""pressure"": -0.8, ""season"": 0.1, ""swell"": 0.1}",wind 13.2→11.2 kt; SST source projected (persistence + ENSO analog + CPC) → Open-Meteo marine model,driver now available: pressure trend; confidence tier 2→1 as the date came closer
2026-10-08T1351PT_v1,2026-10-07T1427PT_v1,2026-10-14,outer_banks,sheephead,6,7,1,2,63.0,65.1,2.1,Good,Good,fishability (wind/sea access) +2.0,"{""access"": 2.0, ""pressure"": -0.9, ""season"": 0.2, ""swell"": 0.2, ""tide"": 0.7}",wind 13.2→11.2 kt; SST source projected (persistence + ENSO analog + CPC) → Open-Meteo marine model,driver now available: pressure trend; confidence tier 2→1 as the date came closer
2026-10-08T1351PT_v1,2026-10-07T1427PT_v1,2026-10-14,outer_banks,white_seabass,6,7,1,2,19.1,23.0,3.9,Poor,Poor,water temperature fit +3.0,"{""access"": 0.6, ""pressure"": -0.2, ""season"": 0.2, ""sst"": 3.0, ""tide"": 0.1}",wind 13.2→11.2 kt; SST source projected (persistence + ENSO analog + CPC) → Open-Meteo marine model,driver now available: pressure trend; confidence tier 2→1 as the date came closer
2026-10-08T1351PT_v1,2026-10-07T1427PT_v1,2026-10-14,outer_banks,yellowfin_tuna,6,7,1,2,96.5,97.3,0.8,Excellent,Excellent,fishability (wind/sea access) +1.0,"{""access"": 1.0, ""pressure"": -0.3}",wind 13.2→11.2 kt; SST source projected (persistence + ENSO analog + CPC) → Open-Meteo marine model,driver now available: pressure trend; confidence tier 2→1 as the date came closer
2026-10-08T1351PT_v1,2026-10-07T1427PT_v1,2026-10-14,outer_banks,yellowtail,6,7,1,2,83.7,86.8,3.1,Very Good,Very Good,fishability (wind/sea access) +2.7; pressure trend -1.0,"{""access"": 2.7, ""anomaly"": -0.4, ""pressure"": -1.0, ""season"": 0.4, ""sst"": 0.8, ""tide"": 0.6}",wind 13.2→11.2 kt; SST source projected (persistence + ENSO analog + CPC) → Open-Meteo marine model,driver now available: pressure trend; confidence tier 2→1 as the date came closer
2026-10-08T1351PT_v1,2026-10-07T1427PT_v1,2026-10-14,pt_loma_kelp,barracuda,6,7,1,2,90.1,91.4,1.3,Excellent,Excellent,water temperature fit +1.2,"{""anomaly"": -0.6, ""pressure"": -1.0, ""season"": 0.8, ""sst"": 1.2, ""swell"": 0.3, ""tide"": 0.5}",SST source projected (persistence + ENSO analog + CPC) → Open-Meteo marine model,driver now available: pressure trend; confidence tier 2→1 as the date came closer
2026-10-08T1351PT_v1,2026-10-07T1427PT_v1,2026-10-14,pt_loma_kelp,bonito,6,7,1,2,99.4,99.4,0.0,Excellent,Excellent,no material driver change,{},SST source projected (persistence + ENSO analog + CPC) → Open-Meteo marine model,driver now available: pressure trend; confidence tier 2→1 as the date came closer
2026-10-08T1351PT_v1,2026-10-07T1427PT_v1,2026-10-14,pt_loma_kelp,calico_bass,6,7,1,2,91.2,91.5,0.3,Excellent,Excellent,pressure trend -1.1,"{""anomaly"": -0.4, ""pressure"": -1.1, ""season"": 0.7, ""swell"": 0.4, ""tide"": 0.7}",SST source projected (persistence + ENSO analog + CPC) → Open-Meteo marine model,driver now available: pressure trend; confidence tier 2→1 as the date came closer
2026-10-08T1351PT_v1,2026-10-07T1427PT_v1,2026-10-14,pt_loma_kelp,california_halibut,6,7,1,2,31.3,34.8,3.5,Poor,Poor,water temperature fit +2.6,"{""anomaly"": 0.3, ""pressure"": -0.5, ""season"": 0.4, ""sst"": 2.6, ""swell"": 0.2, ""tide"": 0.4}",SST source projected (persistence + ENSO analog + CPC) → Open-Meteo marine model,driver now available: pressure trend; confidence tier 2→1 as the date came closer
2026-10-08T1351PT_v1,2026-10-07T1427PT_v1,2026-10-14,pt_loma_kelp,rockfish,6,7,1,2,54.0,55.6,1.6,Fair,Fair,small changes across several drivers,"{""anomaly"": 0.9, ""pressure"": -0.8, ""season"": 0.2, ""sst"": 0.7, ""swell"": 0.6}",SST source projected (persistence + ENSO analog + CPC) → Open-Meteo marine model,driver now available: pressure trend; confidence tier 2→1 as the date came closer
2026-10-08T1351PT_v1,2026-10-07T1427PT_v1,2026-10-14,pt_loma_kelp,sand_bass,6,7,1,2,89.7,90.5,0.8,Very Good,Excellent,seasonality +1.6; pressure trend -1.3,"{""anomaly"": -0.6, ""pressure"": -1.3, ""season"": 1.6, ""swell"": 0.3, ""tide"": 0.8}",SST source projected (persistence + ENSO analog + CPC) → Open-Meteo marine model,driver now available: pressure trend; confidence tier 2→1 as the date came closer
2026-10-08T1351PT_v1,2026-10-07T1427PT_v1,2026-10-14,pt_loma_kelp,sheephead,6,7,1,2,78.7,79.4,0.7,Very Good,Very Good,pressure trend -1.1,"{""pressure"": -1.1, ""season"": 0.2, ""swell"": 0.8, ""tide"": 0.8}",SST source projected (persistence + ENSO analog + CPC) → Open-Meteo marine model,driver now available: pressure trend; confidence tier 2→1 as the date came closer
2026-10-08T1351PT_v1,2026-10-07T1427PT_v1,2026-10-14,pt_loma_kelp,white_seabass,6,7,1,2,25.9,31.6,5.7,Poor,Poor,water temperature fit +5.2,"{""anomaly"": 0.2, ""pressure"": -0.3, ""season"": 0.3, ""sst"": 5.2, ""tide"": 0.2}",SST source projected (persistence + ENSO analog + CPC) → Open-Meteo marine model,driver now available: pressure trend; confidence tier 2→1 as the date came closer
2026-10-08T1351PT_v1,2026-10-07T1427PT_v1,2026-10-14,pt_loma_kelp,yellowtail,6,7,1,2,97.8,98.1,0.3,Excellent,Excellent,no material driver change,"{""pressure"": -0.2, ""sst"": 0.2, ""tide"": 0.1}",SST source projected (persistence + ENSO analog + CPC) → Open-Meteo marine model,driver now available: pressure trend; confidence tier 2→1 as the date came closer
2026-10-08T1351PT_v1,2026-10-07T1427PT_v1,2026-10-14,sd_bay,california_halibut,6,7,1,2,14.4,37.3,22.9,Poor,Poor,water temperature fit +20.8; ENSO/SST anomaly boost +1.6,"{""anomaly"": 1.6, ""pressure"": -0.3, ""season"": 0.3, ""sst"": 20.8, ""swell"": 0.2, ""tide"": 0.3}",SST 75.5→72.5°F; SST anomaly 5.2→4.2°F; SST source projected (persistence + ENSO analog + CPC) → Open-Meteo marine model,driver now available: pressure trend; confidence tier 2→1 as the date came closer
2026-10-08T1351PT_v1,2026-10-07T1427PT_v1,2026-10-14,sd_bay,sand_bass,6,7,1,2,83.9,90.5,6.6,Very Good,Excellent,water temperature fit +8.7; ENSO/SST anomaly boost -3.5; seasonality +1.4,"{""anomaly"": -3.5, ""pressure"": -1.2, ""season"": 1.4, ""sst"": 8.7, ""swell"": 0.4, ""tide"": 0.7}",SST 75.5→72.5°F; SST anomaly 5.2→4.2°F; SST source projected (persistence + ENSO analog + CPC) → Open-Meteo marine model,driver now available: pressure trend; confidence tier 2→1 as the date came closer
2026-10-08T1351PT_v1,2026-10-07T1427PT_v1,2026-10-14,sd_bay,spotted_bay_bass,6,7,1,2,94.5,92.8,-1.7,Excellent,Excellent,ENSO/SST anomaly boost -2.4; tide +1.3,"{""anomaly"": -2.4, ""pressure"": -0.9, ""season"": 0.2, ""tide"": 1.3}",SST 75.5→72.5°F; SST anomaly 5.2→4.2°F; SST source projected (persistence + ENSO analog + CPC) → Open-Meteo marine model,driver now available: pressure trend; confidence tier 2→1 as the date came closer
2026-10-08T1351PT_v1,2026-10-07T1427PT_v1,2026-10-14,surf_zone,barred_surfperch,6,7,1,2,24.4,19.5,-4.9,Poor,Poor,water temperature fit -9.3; ENSO/SST anomaly boost +4.1,"{""anomaly"": 4.1, ""pressure"": -0.2, ""season"": 0.2, ""sst"": -9.3, ""swell"": 0.1, ""tide"": 0.2}",SST 71.2→72.4°F; SST anomaly 5.1→3.9°F; SST source projected (persistence + ENSO analog + CPC) → Open-Meteo marine model,driver now available: pressure trend; confidence tier 2→1 as the date came closer
2026-10-08T1351PT_v1,2026-10-07T1427PT_v1,2026-10-14,surf_zone,calico_bass,6,7,1,2,93.2,90.9,-2.3,Excellent,Excellent,ENSO/SST anomaly boost -2.8; pressure trend -1.0,"{""anomaly"": -2.8, ""pressure"": -1.0, ""season"": 0.6, ""swell"": 0.3, ""tide"": 0.6}",SST 71.2→72.4°F; SST anomaly 5.1→3.9°F; SST source projected (persistence + ENSO analog + CPC) → Open-Meteo marine model,driver now available: pressure trend; confidence tier 2→1 as the date came closer
2026-10-08T1351PT_v1,2026-10-07T1427PT_v1,2026-10-14,surf_zone,california_halibut,6,7,1,2,39.8,38.6,-1.2,Poor,Poor,water temperature fit -5.8; ENSO/SST anomaly boost +3.8,"{""anomaly"": 3.8, ""pressure"": -0.6, ""season"": 0.6, ""sst"": -5.8, ""swell"": 0.2, ""tide"": 0.6}",SST 71.2→72.4°F; SST anomaly 5.1→3.9°F; SST source projected (persistence + ENSO analog + CPC) → Open-Meteo marine model,driver now available: pressure trend; confidence tier 2→1 as the date came closer
2026-10-08T1351PT_v1,2026-10-07T1427PT_v1,2026-10-14,surf_zone,corbina,6,7,1,2,89.7,86.1,-3.6,Very Good,Very Good,ENSO/SST anomaly boost -4.7,"{""anomaly"": -4.7, ""pressure"": -0.6, ""season"": 0.5, ""swell"": 0.5, ""tide"": 0.7}",SST 71.2→72.4°F; SST anomaly 5.1→3.9°F; SST source projected (persistence + ENSO analog + CPC) → Open-Meteo marine model,driver now available: pressure trend; confidence tier 2→1 as the date came closer
2026-10-08T1351PT_v1,2026-10-07T1427PT_v1,2026-10-14,surf_zone,sand_bass,6,7,1,2,92.3,89.0,-3.3,Excellent,Very Good,ENSO/SST anomaly boost -4.5; seasonality +1.3; pressure trend -1.1,"{""anomaly"": -4.5, ""pressure"": -1.1, ""season"": 1.3, ""swell"": 0.2, ""tide"": 0.7}",SST 71.2→72.4°F; SST anomaly 5.1→3.9°F; SST source projected (persistence + ENSO analog + CPC) → Open-Meteo marine model,driver now available: pressure trend; confidence tier 2→1 as the date came closer
2026-10-08T1351PT_v1,2026-10-07T1427PT_v1,2026-10-15,coronados,barracuda,7,8,2,2,79.0,78.2,-0.8,Very Good,Very Good,water temperature fit -5.7; ENSO/SST anomaly boost +3.3; fishability (wind/sea access) +1.2,"{""access"": 1.2, ""anomaly"": 3.3, ""sst"": -5.7, ""swell"": 0.4}",SST 72.8→73.7°F; SST anomaly 4.1→5.0°F,
2026-10-08T1351PT_v1,2026-10-07T1427PT_v1,2026-10-15,coronados,bluefin_tuna,7,8,2,2,86.2,83.3,-2.9,Very Good,Very Good,water temperature fit -8.1; ENSO/SST anomaly boost +3.5; fishability (wind/sea access) +1.2,"{""access"": 1.2, ""anomaly"": 3.5, ""sst"": -8.1, ""swell"": 0.6}",SST 72.8→73.7°F; SST anomaly 4.1→5.0°F,
2026-10-08T1351PT_v1,2026-10-07T1427PT_v1,2026-10-15,coronados,bonito,7,8,2,2,97.4,97.9,0.5,Excellent,Excellent,no material driver change,"{""access"": 0.4, ""swell"": 0.1}",SST 72.8→73.7°F; SST anomaly 4.1→5.0°F,
2026-10-08T1351PT_v1,2026-10-07T1427PT_v1,2026-10-15,coronados,calico_bass,7,8,2,2,79.6,83.5,3.9,Very Good,Very Good,ENSO/SST anomaly boost +2.2; fishability (wind/sea access) +1.2,"{""access"": 1.2, ""anomaly"": 2.2, ""swell"": 0.5}",SST 72.8→73.7°F; SST anomaly 4.1→5.0°F,
2026-10-08T1351PT_v1,2026-10-07T1427PT_v1,2026-10-15,coronados,dorado,7,8,2,2,98.4,98.7,0.3,Excellent,Excellent,no material driver change,"{""access"": 0.2}",SST 72.8→73.7°F; SST anomaly 4.1→5.0°F,
2026-10-08T1351PT_v1,2026-10-07T1427PT_v1,2026-10-15,coronados,rockfish,7,8,2,2,53.0,48.4,-4.6,Fair,Fair,ENSO/SST anomaly boost -4.9; water temperature fit -1.0,"{""access"": 0.7, ""anomaly"": -4.9, ""sst"": -1.0, ""swell"": 0.6}",SST 72.8→73.7°F; SST anomaly 4.1→5.0°F,
2026-10-08T1351PT_v1,2026-10-07T1427PT_v1,2026-10-15,coronados,sheephead,7,8,2,2,69.1,70.9,1.8,Good,Good,fishability (wind/sea access) +1.0,"{""access"": 1.0, ""swell"": 0.8}",SST 72.8→73.7°F; SST anomaly 4.1→5.0°F,
2026-10-08T1351PT_v1,2026-10-07T1427PT_v1,2026-10-15,coronados,white_seabass,7,8,2,2,26.4,19.8,-6.6,Poor,Poor,water temperature fit -6.2,"{""access"": 0.3, ""anomaly"": -0.9, ""sst"": -6.2, ""swell"": 0.1}",SST 72.8→73.7°F; SST anomaly 4.1→5.0°F,
2026-10-08T1351PT_v1,2026-10-07T1427PT_v1,2026-10-15,coronados,yellowfin_tuna,7,8,2,2,98.5,98.8,0.3,Excellent,Excellent,no material driver change,"{""access"": 0.2}",SST 72.8→73.7°F; SST anomaly 4.1→5.0°F,
2026-10-08T1351PT_v1,2026-10-07T1427PT_v1,2026-10-15,coronados,yellowtail,7,8,2,2,93.0,89.3,-3.7,Excellent,Very Good,water temperature fit -5.2; fishability (wind/sea access) +1.1,"{""access"": 1.1, ""sst"": -5.2, ""swell"": 0.3}",SST 72.8→73.7°F; SST anomaly 4.1→5.0°F,
2026-10-08T1351PT_v1,2026-10-07T1427PT_v1,2026-10-15,cortez_tanner,bluefin_tuna,7,8,2,2,73.4,74.8,1.4,Good,Good,ENSO/SST anomaly boost +2.5,"{""access"": -0.7, ""anomaly"": 2.5, ""swell"": -0.4}",SST 70.3→70.9°F; SST anomaly 3.5→4.1°F,
2026-10-08T1351PT_v1,2026-10-07T1427PT_v1,2026-10-15,cortez_tanner,dorado,7,8,2,2,65.1,72.0,6.9,Good,Good,water temperature fit +7.8,"{""access"": -0.7, ""sst"": 7.8, ""swell"": -0.2}",SST 70.3→70.9°F; SST anomaly 3.5→4.1°F,
2026-10-08T1351PT_v1,2026-10-07T1427PT_v1,2026-10-15,cortez_tanner,rockfish,7,8,2,2,41.0,37.8,-3.2,Fair,Poor,ENSO/SST anomaly boost -2.4,"{""access"": -0.4, ""anomaly"": -2.4, ""swell"": -0.4}",SST 70.3→70.9°F; SST anomaly 3.5→4.1°F,
2026-10-08T1351PT_v1,2026-10-07T1427PT_v1,2026-10-15,cortez_tanner,yellowfin_tuna,7,8,2,2,85.0,83.8,-1.2,Very Good,Very Good,small changes across several drivers,"{""access"": -0.8, ""swell"": -0.4}",SST 70.3→70.9°F; SST anomaly 3.5→4.1°F,
2026-10-08T1351PT_v1,2026-10-07T1427PT_v1,2026-10-15,cortez_tanner,yellowtail,7,8,2,2,75.6,76.5,0.9,Very Good,Very Good,ENSO/SST anomaly boost +2.0,"{""access"": -0.8, ""anomaly"": 2.0, ""swell"": -0.3}",SST 70.3→70.9°F; SST anomaly 3.5→4.1°F,
2026-10-08T1351PT_v1,2026-10-07T1427PT_v1,2026-10-15,la_jolla,barracuda,7,8,2,2,91.2,89.0,-2.2,Excellent,Very Good,water temperature fit -6.4; ENSO/SST anomaly boost +3.6,"{""anomaly"": 3.6, ""sst"": -6.4, ""swell"": 0.6}",SST 72.7→73.7°F; SST anomaly 4.2→5.2°F,
2026-10-08T1351PT_v1,2026-10-07T1427PT_v1,2026-10-15,la_jolla,bonito,7,8,2,2,99.4,99.5,0.1,Excellent,Excellent,no material driver change,{},SST 72.7→73.7°F; SST anomaly 4.2→5.2°F,
2026-10-08T1351PT_v1,2026-10-07T1427PT_v1,2026-10-15,la_jolla,calico_bass,7,8,2,2,91.4,93.9,2.5,Excellent,Excellent,ENSO/SST anomaly boost +2.0,"{""anomaly"": 2.0, ""swell"": 0.5}",SST 72.7→73.7°F; SST anomaly 4.2→5.2°F,
2026-10-08T1351PT_v1,2026-10-07T1427PT_v1,2026-10-15,la_jolla,california_halibut,7,8,2,2,33.6,22.0,-11.6,Poor,Poor,water temperature fit -9.9; ENSO/SST anomaly boost -1.9,"{""anomaly"": -1.9, ""sst"": -9.9, ""swell"": 0.2}",SST 72.7→73.7°F; SST anomaly 4.2→5.2°F,
2026-10-08T1351PT_v1,2026-10-07T1427PT_v1,2026-10-15,la_jolla,rockfish,7,8,2,2,61.0,54.6,-6.4,Good,Fair,ENSO/SST anomaly boost -6.1; water temperature fit -1.3,"{""anomaly"": -6.1, ""sst"": -1.3, ""swell"": 0.9}",SST 72.7→73.7°F; SST anomaly 4.2→5.2°F,
2026-10-08T1351PT_v1,2026-10-07T1427PT_v1,2026-10-15,la_jolla,sheephead,7,8,2,2,80.3,81.5,1.2,Very Good,Very Good,swell +1.2,"{""swell"": 1.2}",SST 72.7→73.7°F; SST anomaly 4.2→5.2°F,
2026-10-08T1351PT_v1,2026-10-07T1427PT_v1,2026-10-15,la_jolla,white_seabass,7,8,2,2,31.6,22.1,-9.5,Poor,Poor,water temperature fit -8.5; ENSO/SST anomaly boost -1.1,"{""anomaly"": -1.1, ""sst"": -8.5, ""swell"": 0.2}",SST 72.7→73.7°F; SST anomaly 4.2→5.2°F,
2026-10-08T1351PT_v1,2026-10-07T1427PT_v1,2026-10-15,la_jolla,yellowtail,7,8,2,2,98.2,96.5,-1.7,Excellent,Excellent,water temperature fit -1.8,"{""sst"": -1.8, ""swell"": 0.1}",SST 72.7→73.7°F; SST anomaly 4.2→5.2°F,
2026-10-08T1351PT_v1,2026-10-07T1427PT_v1,2026-10-15,mission_bay,california_halibut,7,8,2,2,14.8,14.2,-0.6,Poor,Poor,no material driver change,"{""anomaly"": -0.8, ""swell"": 0.2}",SST 74.8→75.6°F; SST anomaly 4.6→5.3°F; seas 4.1→3.6 ft,
2026-10-08T1351PT_v1,2026-10-07T1427PT_v1,2026-10-15,mission_bay,sand_bass,7,8,2,2,85.9,84.7,-1.2,Very Good,Very Good,water temperature fit -4.1; ENSO/SST anomaly boost +2.3,"{""anomaly"": 2.3, ""sst"": -4.1, ""swell"": 0.6}",SST 74.8→75.6°F; SST anomaly 4.6→5.3°F; seas 4.1→3.6 ft,
2026-10-08T1351PT_v1,2026-10-07T1427PT_v1,2026-10-15,mission_bay,spotted_bay_bass,7,8,2,2,92.1,94.0,1.9,Excellent,Excellent,ENSO/SST anomaly boost +1.9,"{""anomaly"": 1.9}",SST 74.8→75.6°F; SST anomaly 4.6→5.3°F; seas 4.1→3.6 ft,
2026-10-08T1351PT_v1,2026-10-07T1427PT_v1,2026-10-15,nine_mile,barracuda,7,8,2,2,87.6,85.4,-2.2,Very Good,Very Good,water temperature fit -6.8; ENSO/SST anomaly boost +4.0,"{""anomaly"": 4.0, ""sst"": -6.8, ""swell"": 0.6}",SST 72.6→73.7°F; SST anomaly 3.4→4.5°F,
2026-10-08T1351PT_v1,2026-10-07T1427PT_v1,2026-10-15,nine_mile,bluefin_tuna,7,8,2,2,94.1,91.1,-3.0,Excellent,Excellent,water temperature fit -7.7; ENSO/SST anomaly boost +4.1,"{""anomaly"": 4.1, ""sst"": -7.7, ""swell"": 0.6}",SST 72.6→73.7°F; SST anomaly 3.4→4.5°F,
2026-10-08T1351PT_v1,2026-10-07T1427PT_v1,2026-10-15,nine_mile,bonito,7,8,2,2,99.0,99.4,0.4,Excellent,Excellent,no material driver change,"{""anomaly"": 0.3}",SST 72.6→73.7°F; SST anomaly 3.4→4.5°F,
2026-10-08T1351PT_v1,2026-10-07T1427PT_v1,2026-10-15,nine_mile,dorado,7,8,2,2,99.6,99.6,0.0,Excellent,Excellent,no material driver change,{},SST 72.6→73.7°F; SST anomaly 3.4→4.5°F,
2026-10-08T1351PT_v1,2026-10-07T1427PT_v1,2026-10-15,nine_mile,rockfish,7,8,2,2,64.5,59.0,-5.5,Good,Fair,ENSO/SST anomaly boost -6.6; swell +1.1,"{""anomaly"": -6.6, ""swell"": 1.1}",SST 72.6→73.7°F; SST anomaly 3.4→4.5°F,
2026-10-08T1351PT_v1,2026-10-07T1427PT_v1,2026-10-15,nine_mile,yellowfin_tuna,7,8,2,2,99.6,99.7,0.1,Excellent,Excellent,no material driver change,"{""swell"": 0.1}",SST 72.6→73.7°F; SST anomaly 3.4→4.5°F,
2026-10-08T1351PT_v1,2026-10-07T1427PT_v1,2026-10-15,nine_mile,yellowtail,7,8,2,2,97.4,96.2,-1.2,Excellent,Excellent,water temperature fit -2.4; ENSO/SST anomaly boost +1.0,"{""anomaly"": 1.0, ""sst"": -2.4, ""swell"": 0.2}",SST 72.6→73.7°F; SST anomaly 3.4→4.5°F,
2026-10-08T1351PT_v1,2026-10-07T1427PT_v1,2026-10-15,outer_banks,bluefin_tuna,7,8,2,2,80.9,79.1,-1.8,Very Good,Very Good,water temperature fit -6.9; ENSO/SST anomaly boost +3.8,"{""access"": 0.9, ""anomaly"": 3.8, ""sst"": -6.9, ""swell"": 0.4}",SST 72.6→73.5°F; SST anomaly 3.3→4.2°F,
2026-10-08T1351PT_v1,2026-10-07T1427PT_v1,2026-10-15,outer_banks,bonito,7,8,2,2,94.8,97.0,2.2,Excellent,Excellent,ENSO/SST anomaly boost +1.6,"{""access"": 0.5, ""anomaly"": 1.6, ""swell"": 0.2}",SST 72.6→73.5°F; SST anomaly 3.3→4.2°F,
2026-10-08T1351PT_v1,2026-10-07T1427PT_v1,2026-10-15,outer_banks,dorado,7,8,2,2,97.8,98.1,0.3,Excellent,Excellent,no material driver change,"{""access"": 0.2}",SST 72.6→73.5°F; SST anomaly 3.3→4.2°F,
2026-10-08T1351PT_v1,2026-10-07T1427PT_v1,2026-10-15,outer_banks,rockfish,7,8,2,2,55.1,51.7,-3.4,Fair,Fair,ENSO/SST anomaly boost -4.5,"{""access"": 0.6, ""anomaly"": -4.5, ""swell"": 0.5}",SST 72.6→73.5°F; SST anomaly 3.3→4.2°F,
2026-10-08T1351PT_v1,2026-10-07T1427PT_v1,2026-10-15,outer_banks,sheephead,7,8,2,2,66.3,67.7,1.4,Good,Good,small changes across several drivers,"{""access"": 0.8, ""swell"": 0.6}",SST 72.6→73.5°F; SST anomaly 3.3→4.2°F,
2026-10-08T1351PT_v1,2026-10-07T1427PT_v1,2026-10-15,outer_banks,white_seabass,7,8,2,2,29.1,19.8,-9.3,Poor,Poor,water temperature fit -8.8,"{""access"": 0.3, ""anomaly"": -0.8, ""sst"": -8.8}",SST 72.6→73.5°F; SST anomaly 3.3→4.2°F,
2026-10-08T1351PT_v1,2026-10-07T1427PT_v1,2026-10-15,outer_banks,yellowfin_tuna,7,8,2,2,97.9,98.2,0.3,Excellent,Excellent,no material driver change,"{""access"": 0.2}",SST 72.6→73.5°F; SST anomaly 3.3→4.2°F,
2026-10-08T1351PT_v1,2026-10-07T1427PT_v1,2026-10-15,outer_banks,yellowtail,7,8,2,2,88.3,87.7,-0.6,Very Good,Very Good,water temperature fit -5.0; ENSO/SST anomaly boost +3.2,"{""access"": 0.9, ""anomaly"": 3.2, ""sst"": -5.0, ""swell"": 0.3}",SST 72.6→73.5°F; SST anomaly 3.3→4.2°F,
2026-10-08T1351PT_v1,2026-10-07T1427PT_v1,2026-10-15,pt_loma_kelp,barracuda,7,8,2,2,91.8,89.7,-2.1,Excellent,Very Good,water temperature fit -6.7; ENSO/SST anomaly boost +4.0,"{""anomaly"": 4.0, ""sst"": -6.7, ""swell"": 0.6}",SST 72.4→73.5°F; SST anomaly 4.0→5.1°F,
2026-10-08T1351PT_v1,2026-10-07T1427PT_v1,2026-10-15,pt_loma_kelp,bonito,7,8,2,2,99.4,99.4,0.0,Excellent,Excellent,no material driver change,{},SST 72.4→73.5°F; SST anomaly 4.0→5.1°F,
2026-10-08T1351PT_v1,2026-10-07T1427PT_v1,2026-10-15,pt_loma_kelp,calico_bass,7,8,2,2,90.3,93.4,3.1,Excellent,Excellent,ENSO/SST anomaly boost +2.5,"{""anomaly"": 2.5, ""swell"": 0.6}",SST 72.4→73.5°F; SST anomaly 4.0→5.1°F,
2026-10-08T1351PT_v1,2026-10-07T1427PT_v1,2026-10-15,pt_loma_kelp,california_halibut,7,8,2,2,36.3,24.6,-11.7,Poor,Poor,water temperature fit -9.5; ENSO/SST anomaly boost -2.4,"{""anomaly"": -2.4, ""sst"": -9.5, ""swell"": 0.2}",SST 72.4→73.5°F; SST anomaly 4.0→5.1°F,
2026-10-08T1351PT_v1,2026-10-07T1427PT_v1,2026-10-15,pt_loma_kelp,rockfish,7,8,2,2,57.2,49.6,-7.6,Fair,Fair,ENSO/SST anomaly boost -6.4; water temperature fit -2.1,"{""anomaly"": -6.4, ""sst"": -2.1, ""swell"": 0.9}",SST 72.4→73.5°F; SST anomaly 4.0→5.1°F,
2026-10-08T1351PT_v1,2026-10-07T1427PT_v1,2026-10-15,pt_loma_kelp,sand_bass,7,8,2,2,88.1,92.6,4.5,Very Good,Excellent,ENSO/SST anomaly boost +4.1,"{""anomaly"": 4.1, ""swell"": 0.4}",SST 72.4→73.5°F; SST anomaly 4.0→5.1°F,
2026-10-08T1351PT_v1,2026-10-07T1427PT_v1,2026-10-15,pt_loma_kelp,sheephead,7,8,2,2,79.2,80.3,1.1,Very Good,Very Good,swell +1.1,"{""swell"": 1.1}",SST 72.4→73.5°F; SST anomaly 4.0→5.1°F,
2026-10-08T1351PT_v1,2026-10-07T1427PT_v1,2026-10-15,pt_loma_kelp,white_seabass,7,8,2,2,36.7,22.0,-14.7,Poor,Poor,water temperature fit -13.5; ENSO/SST anomaly boost -1.4,"{""anomaly"": -1.4, ""sst"": -13.5, ""swell"": 0.2}",SST 72.4→73.5°F; SST anomaly 4.0→5.1°F,
2026-10-08T1351PT_v1,2026-10-07T1427PT_v1,2026-10-15,pt_loma_kelp,yellowtail,7,8,2,2,98.5,96.9,-1.6,Excellent,Excellent,water temperature fit -1.7,"{""sst"": -1.7, ""swell"": 0.1}",SST 72.4→73.5°F; SST anomaly 4.0→5.1°F,
2026-10-08T1351PT_v1,2026-10-07T1427PT_v1,2026-10-15,sd_bay,california_halibut,7,8,2,2,14.9,14.3,-0.6,Poor,Poor,no material driver change,"{""anomaly"": -0.7, ""swell"": 0.1}",SST 74.8→75.5°F; SST anomaly 4.6→5.3°F,
2026-10-08T1351PT_v1,2026-10-07T1427PT_v1,2026-10-15,sd_bay,sand_bass,7,8,2,2,86.3,84.9,-1.4,Very Good,Very Good,water temperature fit -4.6; ENSO/SST anomaly boost +2.6,"{""anomaly"": 2.6, ""sst"": -4.6, ""swell"": 0.6}",SST 74.8→75.5°F; SST anomaly 4.6→5.3°F,
2026-10-08T1351PT_v1,2026-10-07T1427PT_v1,2026-10-15,sd_bay,spotted_bay_bass,7,8,2,2,92.1,94.0,1.9,Excellent,Excellent,ENSO/SST anomaly boost +1.9,"{""anomaly"": 1.9}",SST 74.8→75.5°F; SST anomaly 4.6→5.3°F,
2026-10-08T1351PT_v1,2026-10-07T1427PT_v1,2026-10-15,surf_zone,barred_surfperch,7,8,2,2,30.4,29.8,-0.6,Poor,Poor,no material driver change,"{""anomaly"": -0.4, ""sst"": -0.6, ""swell"": 0.4}",,
2026-10-08T1351PT_v1,2026-10-07T1427PT_v1,2026-10-15,surf_zone,calico_bass,7,8,2,2,92.4,93.0,0.6,Excellent,Excellent,no material driver change,"{""anomaly"": 0.2, ""swell"": 0.4}",,
2026-10-08T1351PT_v1,2026-10-07T1427PT_v1,2026-10-15,surf_zone,california_halibut,7,8,2,2,43.8,43.3,-0.5,Fair,Fair,no material driver change,"{""anomaly"": -0.3, ""sst"": -0.5, ""swell"": 0.3}",,
2026-10-08T1351PT_v1,2026-10-07T1427PT_v1,2026-10-15,surf_zone,corbina,7,8,2,2,88.5,90.2,1.7,Very Good,Excellent,swell +1.3,"{""anomaly"": 0.4, ""swell"": 1.3}",,
2026-10-08T1351PT_v1,2026-10-07T1427PT_v1,2026-10-15,surf_zone,sand_bass,7,8,2,2,90.8,91.5,0.7,Excellent,Excellent,no material driver change,"{""anomaly"": 0.3, ""swell"": 0.4}",,
2026-10-08T1351PT_v1,2026-10-07T1427PT_v1,2026-10-16,coronados,barracuda,8,9,2,2,74.3,72.9,-1.4,Good,Good,water temperature fit -4.0; ENSO/SST anomaly boost +2.6,"{""anomaly"": 2.6, ""sst"": -4.0}",SST 72.3→73.1°F; SST anomaly 3.7→4.5°F; seas now forecast,
2026-10-08T1351PT_v1,2026-10-07T1427PT_v1,2026-10-16,coronados,bluefin_tuna,8,9,2,2,79.7,77.6,-2.1,Very Good,Very Good,water temperature fit -5.4; ENSO/SST anomaly boost +3.3,"{""anomaly"": 3.3, ""sst"": -5.4}",SST 72.3→73.1°F; SST anomaly 3.7→4.5°F; seas now forecast,
2026-10-08T1351PT_v1,2026-10-07T1427PT_v1,2026-10-16,coronados,bonito,8,9,2,2,93.0,93.8,0.8,Excellent,Excellent,no material driver change,"{""anomaly"": 0.8}",SST 72.3→73.1°F; SST anomaly 3.7→4.5°F; seas now forecast,
2026-10-08T1351PT_v1,2026-10-07T1427PT_v1,2026-10-16,coronados,calico_bass,8,9,2,2,73.0,74.9,1.9,Good,Good,ENSO/SST anomaly boost +1.9,"{""anomaly"": 1.9}",SST 72.3→73.1°F; SST anomaly 3.7→4.5°F; seas now forecast,
2026-10-08T1351PT_v1,2026-10-07T1427PT_v1,2026-10-16,coronados,dorado,8,9,2,2,96.2,96.2,0.0,Excellent,Excellent,no material driver change,{},SST 72.3→73.1°F; SST anomaly 3.7→4.5°F; seas now forecast,
2026-10-08T1351PT_v1,2026-10-07T1427PT_v1,2026-10-16,coronados,rockfish,8,9,2,2,50.8,46.3,-4.5,Fair,Fair,ENSO/SST anomaly boost -4.0,"{""anomaly"": -4.0, ""sst"": -0.6}",SST 72.3→73.1°F; SST anomaly 3.7→4.5°F; seas now forecast,
2026-10-08T1351PT_v1,2026-10-07T1427PT_v1,2026-10-16,coronados,sheephead,8,9,2,2,65.0,65.1,0.1,Good,Good,no material driver change,"{""swell"": 0.2}",SST 72.3→73.1°F; SST anomaly 3.7→4.5°F; seas now forecast,
2026-10-08T1351PT_v1,2026-10-07T1427PT_v1,2026-10-16,coronados,white_seabass,8,9,2,2,30.7,18.1,-12.6,Poor,Poor,water temperature fit -11.8,"{""anomaly"": -0.8, ""sst"": -11.8}",SST 72.3→73.1°F; SST anomaly 3.7→4.5°F; seas now forecast,
2026-10-08T1351PT_v1,2026-10-07T1427PT_v1,2026-10-16,coronados,yellowfin_tuna,8,9,2,2,96.5,96.5,0.0,Excellent,Excellent,no material driver change,{},SST 72.3→73.1°F; SST anomaly 3.7→4.5°F; seas now forecast,
2026-10-08T1351PT_v1,2026-10-07T1427PT_v1,2026-10-16,coronados,yellowtail,8,9,2,2,88.4,84.9,-3.5,Very Good,Very Good,water temperature fit -4.5; ENSO/SST anomaly boost +1.0,"{""anomaly"": 1.0, ""sst"": -4.5}",SST 72.3→73.1°F; SST anomaly 3.7→4.5°F; seas now forecast,
2026-10-08T1351PT_v1,2026-10-07T1427PT_v1,2026-10-16,cortez_tanner,bluefin_tuna,8,9,2,2,63.8,76.2,12.4,Good,Very Good,fishability (wind/sea access) +9.5; ENSO/SST anomaly boost +2.2,"{""access"": 9.5, ""anomaly"": 2.2, ""swell"": 0.7}",SST 69.9→70.5°F; SST anomaly 3.1→3.7°F; seas now forecast; wind 15.3→12.1 kt,
2026-10-08T1351PT_v1,2026-10-07T1427PT_v1,2026-10-16,cortez_tanner,dorado,8,9,2,2,53.3,69.6,16.3,Fair,Good,fishability (wind/sea access) +8.3; water temperature fit +7.6,"{""access"": 8.3, ""sst"": 7.6, ""swell"": 0.4}",SST 69.9→70.5°F; SST anomaly 3.1→3.7°F; seas now forecast; wind 15.3→12.1 kt,
2026-10-08T1351PT_v1,2026-10-07T1427PT_v1,2026-10-16,cortez_tanner,rockfish,8,9,2,2,38.2,42.3,4.1,Poor,Fair,fishability (wind/sea access) +5.5; ENSO/SST anomaly boost -2.2,"{""access"": 5.5, ""anomaly"": -2.2, ""swell"": 0.8}",SST 69.9→70.5°F; SST anomaly 3.1→3.7°F; seas now forecast; wind 15.3→12.1 kt,
2026-10-08T1351PT_v1,2026-10-07T1427PT_v1,2026-10-16,cortez_tanner,yellowfin_tuna,8,9,2,2,76.2,88.9,12.7,Very Good,Very Good,fishability (wind/sea access) +11.3,"{""access"": 11.3, ""sst"": 0.8, ""swell"": 0.6}",SST 69.9→70.5°F; SST anomaly 3.1→3.7°F; seas now forecast; wind 15.3→12.1 kt,
2026-10-08T1351PT_v1,2026-10-07T1427PT_v1,2026-10-16,cortez_tanner,yellowtail,8,9,2,2,67.1,80.3,13.2,Good,Very Good,fishability (wind/sea access) +10.0; ENSO/SST anomaly boost +2.8,"{""access"": 10.0, ""anomaly"": 2.8, ""swell"": 0.4}",SST 69.9→70.5°F; SST anomaly 3.1→3.7°F; seas now forecast; wind 15.3→12.1 kt,
2026-10-08T1351PT_v1,2026-10-07T1427PT_v1,2026-10-16,la_jolla,barracuda,8,9,2,2,93.6,90.1,-3.5,Excellent,Excellent,water temperature fit -4.4; ENSO/SST anomaly boost +2.8; fishability (wind/sea access) -2.1,"{""access"": -2.1, ""anomaly"": 2.8, ""sst"": -4.4, ""swell"": 0.1}",SST 72.2→73.0°F; SST anomaly 3.8→4.7°F; seas now forecast; wind 11.0→13.2 kt,
2026-10-08T1351PT_v1,2026-10-07T1427PT_v1,2026-10-16,la_jolla,bonito,8,9,2,2,99.4,99.3,-0.1,Excellent,Excellent,no material driver change,"{""access"": -0.1}",SST 72.2→73.0°F; SST anomaly 3.8→4.7°F; seas now forecast; wind 11.0→13.2 kt,
2026-10-08T1351PT_v1,2026-10-07T1427PT_v1,2026-10-16,la_jolla,calico_bass,8,9,2,2,91.9,92.0,0.1,Excellent,Excellent,ENSO/SST anomaly boost +1.5; fishability (wind/sea access) -1.5,"{""access"": -1.5, ""anomaly"": 1.5}",SST 72.2→73.0°F; SST anomaly 3.8→4.7°F; seas now forecast; wind 11.0→13.2 kt,
2026-10-08T1351PT_v1,2026-10-07T1427PT_v1,2026-10-16,la_jolla,california_halibut,8,9,2,2,38.8,29.5,-9.3,Poor,Poor,water temperature fit -6.4; ENSO/SST anomaly boost -2.1,"{""access"": -0.9, ""anomaly"": -2.1, ""sst"": -6.4}",SST 72.2→73.0°F; SST anomaly 3.8→4.7°F; seas now forecast; wind 11.0→13.2 kt,
2026-10-08T1351PT_v1,2026-10-07T1427PT_v1,2026-10-16,la_jolla,rockfish,8,9,2,2,64.4,56.8,-7.6,Good,Fair,ENSO/SST anomaly boost -5.5; fishability (wind/sea access) -1.7,"{""access"": -1.7, ""anomaly"": -5.5, ""sst"": -0.7, ""swell"": 0.2}",SST 72.2→73.0°F; SST anomaly 3.8→4.7°F; seas now forecast; wind 11.0→13.2 kt,
2026-10-08T1351PT_v1,2026-10-07T1427PT_v1,2026-10-16,la_jolla,sheephead,8,9,2,2,82.9,80.9,-2.0,Very Good,Very Good,fishability (wind/sea access) -2.3,"{""access"": -2.3, ""swell"": 0.3}",SST 72.2→73.0°F; SST anomaly 3.8→4.7°F; seas now forecast; wind 11.0→13.2 kt,
2026-10-08T1351PT_v1,2026-10-07T1427PT_v1,2026-10-16,la_jolla,white_seabass,8,9,2,2,39.6,22.0,-17.6,Poor,Poor,water temperature fit -15.7; ENSO/SST anomaly boost -1.1,"{""access"": -0.8, ""anomaly"": -1.1, ""sst"": -15.7}",SST 72.2→73.0°F; SST anomaly 3.8→4.7°F; seas now forecast; wind 11.0→13.2 kt,
2026-10-08T1351PT_v1,2026-10-07T1427PT_v1,2026-10-16,la_jolla,yellowtail,8,9,2,2,98.9,97.5,-1.4,Excellent,Excellent,water temperature fit -1.0,"{""access"": -0.5, ""anomaly"": 0.1, ""sst"": -1.0}",SST 72.2→73.0°F; SST anomaly 3.8→4.7°F; seas now forecast; wind 11.0→13.2 kt,
2026-10-08T1351PT_v1,2026-10-07T1427PT_v1,2026-10-16,mission_bay,california_halibut,8,9,2,2,10.4,14.1,3.7,Poor,Poor,water temperature fit +2.0; fishability (wind/sea access) +2.0,"{""access"": 2.0, ""anomaly"": -0.5, ""season"": 0.3, ""sst"": 2.0, ""swell"": -0.3, ""tide"": 0.2}",SST 74.3→74.9°F; SST anomaly 4.1→4.7°F; seas now forecast; wind 12.3→14.4 kt,driver now available: swell
2026-10-08T1351PT_v1,2026-10-07T1427PT_v1,2026-10-16,mission_bay,sand_bass,8,9,2,2,69.9,83.2,13.3,Good,Very Good,fishability (wind/sea access) +12.4; water temperature fit -2.8; ENSO/SST anomaly boost +2.0,"{""access"": 12.4, ""anomaly"": 2.0, ""season"": 1.9, ""sst"": -2.8, ""swell"": -1.2, ""tide"": 0.9}",SST 74.3→74.9°F; SST anomaly 4.1→4.7°F; seas now forecast; wind 12.3→14.4 kt,driver now available: swell
2026-10-08T1351PT_v1,2026-10-07T1427PT_v1,2026-10-16,mission_bay,spotted_bay_bass,8,9,2,2,71.7,88.0,16.3,Good,Very Good,fishability (wind/sea access) +12.9; ENSO/SST anomaly boost +2.1,"{""access"": 12.9, ""anomaly"": 2.1, ""moon"": 0.1, ""season"": 0.2, ""tide"": 1.0}",SST 74.3→74.9°F; SST anomaly 4.1→4.7°F; seas now forecast; wind 12.3→14.4 kt,driver now available: swell
2026-10-08T1351PT_v1,2026-10-07T1427PT_v1,2026-10-16,nine_mile,barracuda,8,9,2,2,79.0,78.3,-0.7,Very Good,Very Good,water temperature fit -4.7; ENSO/SST anomaly boost +3.0,"{""access"": 0.7, ""anomaly"": 3.0, ""sst"": -4.7, ""swell"": 0.2}",SST 72.2→73.1°F; SST anomaly 3.1→4.0°F; seas now forecast,
2026-10-08T1351PT_v1,2026-10-07T1427PT_v1,2026-10-16,nine_mile,bluefin_tuna,8,9,2,2,84.3,82.8,-1.5,Very Good,Very Good,water temperature fit -7.2; ENSO/SST anomaly boost +4.6,"{""access"": 0.9, ""anomaly"": 4.6, ""sst"": -7.2, ""swell"": 0.3}",SST 72.2→73.1°F; SST anomaly 3.1→4.0°F; seas now forecast,
2026-10-08T1351PT_v1,2026-10-07T1427PT_v1,2026-10-16,nine_mile,bonito,8,9,2,2,95.3,97.6,2.3,Excellent,Excellent,ENSO/SST anomaly boost +1.9,"{""access"": 0.4, ""anomaly"": 1.9}",SST 72.2→73.1°F; SST anomaly 3.1→4.0°F; seas now forecast,
2026-10-08T1351PT_v1,2026-10-07T1427PT_v1,2026-10-16,nine_mile,dorado,8,9,2,2,98.4,98.6,0.2,Excellent,Excellent,no material driver change,"{""access"": 0.2}",SST 72.2→73.1°F; SST anomaly 3.1→4.0°F; seas now forecast,
2026-10-08T1351PT_v1,2026-10-07T1427PT_v1,2026-10-16,nine_mile,rockfish,8,9,2,2,58.6,54.4,-4.2,Fair,Fair,ENSO/SST anomaly boost -5.2,"{""access"": 0.6, ""anomaly"": -5.2, ""swell"": 0.4}",SST 72.2→73.1°F; SST anomaly 3.1→4.0°F; seas now forecast,
2026-10-08T1351PT_v1,2026-10-07T1427PT_v1,2026-10-16,nine_mile,yellowfin_tuna,8,9,2,2,98.5,98.7,0.2,Excellent,Excellent,no material driver change,"{""access"": 0.2}",SST 72.2→73.1°F; SST anomaly 3.1→4.0°F; seas now forecast,
2026-10-08T1351PT_v1,2026-10-07T1427PT_v1,2026-10-16,nine_mile,yellowtail,8,9,2,2,92.3,92.6,0.3,Excellent,Excellent,water temperature fit -4.2; ENSO/SST anomaly boost +3.6,"{""access"": 0.7, ""anomaly"": 3.6, ""sst"": -4.2, ""swell"": 0.1}",SST 72.2→73.1°F; SST anomaly 3.1→4.0°F; seas now forecast,
2026-10-08T1351PT_v1,2026-10-07T1427PT_v1,2026-10-16,outer_banks,bluefin_tuna,8,9,2,2,79.4,75.1,-4.3,Very Good,Very Good,water temperature fit -5.3; ENSO/SST anomaly boost +3.4; fishability (wind/sea access) -1.7,"{""access"": -1.7, ""anomaly"": 3.4, ""sst"": -5.3, ""swell"": -0.8}",SST 72.2→73.0°F; SST anomaly 3.0→3.8°F; seas now forecast,
2026-10-08T1351PT_v1,2026-10-07T1427PT_v1,2026-10-16,outer_banks,bonito,8,9,2,2,92.0,93.6,1.6,Excellent,Excellent,ENSO/SST anomaly boost +3.7; fishability (wind/sea access) -1.5,"{""access"": -1.5, ""anomaly"": 3.7, ""swell"": -0.5}",SST 72.2→73.0°F; SST anomaly 3.0→3.8°F; seas now forecast,
2026-10-08T1351PT_v1,2026-10-07T1427PT_v1,2026-10-16,outer_banks,dorado,8,9,2,2,97.3,96.3,-1.0,Excellent,Excellent,small changes across several drivers,"{""access"": -0.8, ""swell"": -0.2}",SST 72.2→73.0°F; SST anomaly 3.0→3.8°F; seas now forecast,
2026-10-08T1351PT_v1,2026-10-07T1427PT_v1,2026-10-16,outer_banks,rockfish,8,9,2,2,56.1,50.0,-6.1,Fair,Fair,ENSO/SST anomaly boost -3.9; fishability (wind/sea access) -1.2; swell -1.0,"{""access"": -1.2, ""anomaly"": -3.9, ""swell"": -1.0}",SST 72.2→73.0°F; SST anomaly 3.0→3.8°F; seas now forecast,
2026-10-08T1351PT_v1,2026-10-07T1427PT_v1,2026-10-16,outer_banks,sheephead,8,9,2,2,67.2,64.6,-2.6,Good,Good,fishability (wind/sea access) -1.4; swell -1.2,"{""access"": -1.4, ""swell"": -1.2}",SST 72.2→73.0°F; SST anomaly 3.0→3.8°F; seas now forecast,
2026-10-08T1351PT_v1,2026-10-07T1427PT_v1,2026-10-16,outer_banks,white_seabass,8,9,2,2,33.0,18.7,-14.3,Poor,Poor,water temperature fit -12.8,"{""access"": -0.6, ""anomaly"": -0.8, ""sst"": -12.8, ""swell"": -0.2}",SST 72.2→73.0°F; SST anomaly 3.0→3.8°F; seas now forecast,
2026-10-08T1351PT_v1,2026-10-07T1427PT_v1,2026-10-16,outer_banks,yellowfin_tuna,8,9,2,2,97.5,96.6,-0.9,Excellent,Excellent,no material driver change,"{""access"": -0.7, ""swell"": -0.2}",SST 72.2→73.0°F; SST anomaly 3.0→3.8°F; seas now forecast,
2026-10-08T1351PT_v1,2026-10-07T1427PT_v1,2026-10-16,outer_banks,yellowtail,8,9,2,2,87.3,85.1,-2.2,Very Good,Very Good,ENSO/SST anomaly boost +4.5; water temperature fit -4.3; fishability (wind/sea access) -1.9,"{""access"": -1.9, ""anomaly"": 4.5, ""sst"": -4.3, ""swell"": -0.5}",SST 72.2→73.0°F; SST anomaly 3.0→3.8°F; seas now forecast,
2026-10-08T1351PT_v1,2026-10-07T1427PT_v1,2026-10-16,pt_loma_kelp,barracuda,8,9,2,2,92.4,87.9,-4.5,Excellent,Very Good,water temperature fit -4.7; fishability (wind/sea access) -4.0; ENSO/SST anomaly boost +3.8,"{""access"": -4.0, ""anomaly"": 3.8, ""sst"": -4.7, ""swell"": 0.5}",SST 71.8→72.8°F; SST anomaly 3.6→4.6°F; seas now forecast; wind 12.3→14.4 kt,
2026-10-08T1351PT_v1,2026-10-07T1427PT_v1,2026-10-16,pt_loma_kelp,bonito,8,9,2,2,99.1,98.9,-0.2,Excellent,Excellent,no material driver change,"{""access"": -0.4, ""anomaly"": 0.2}",SST 71.8→72.8°F; SST anomaly 3.6→4.6°F; seas now forecast; wind 12.3→14.4 kt,
2026-10-08T1351PT_v1,2026-10-07T1427PT_v1,2026-10-16,pt_loma_kelp,calico_bass,8,9,2,2,89.6,88.7,-0.9,Very Good,Very Good,fishability (wind/sea access) -4.2; ENSO/SST anomaly boost +2.7,"{""access"": -4.2, ""anomaly"": 2.7, ""swell"": 0.6}",SST 71.8→72.8°F; SST anomaly 3.6→4.6°F; seas now forecast; wind 12.3→14.4 kt,
2026-10-08T1351PT_v1,2026-10-07T1427PT_v1,2026-10-16,pt_loma_kelp,california_halibut,8,9,2,2,40.4,30.1,-10.3,Fair,Poor,water temperature fit -6.4; ENSO/SST anomaly boost -2.4; fishability (wind/sea access) -1.7,"{""access"": -1.7, ""anomaly"": -2.4, ""sst"": -6.4, ""swell"": 0.2}",SST 71.8→72.8°F; SST anomaly 3.6→4.6°F; seas now forecast; wind 12.3→14.4 kt,
2026-10-08T1351PT_v1,2026-10-07T1427PT_v1,2026-10-16,pt_loma_kelp,rockfish,8,9,2,2,59.8,50.6,-9.2,Fair,Fair,ENSO/SST anomaly boost -5.6; fishability (wind/sea access) -2.7; water temperature fit -1.8,"{""access"": -2.7, ""anomaly"": -5.6, ""sst"": -1.8, ""swell"": 0.9}",SST 71.8→72.8°F; SST anomaly 3.6→4.6°F; seas now forecast; wind 12.3→14.4 kt,
2026-10-08T1351PT_v1,2026-10-07T1427PT_v1,2026-10-16,pt_loma_kelp,sand_bass,8,9,2,2,86.8,86.9,0.1,Very Good,Very Good,fishability (wind/sea access) -3.5; ENSO/SST anomaly boost +3.2,"{""access"": -3.5, ""anomaly"": 3.2, ""swell"": 0.3}",SST 71.8→72.8°F; SST anomaly 3.6→4.6°F; seas now forecast; wind 12.3→14.4 kt,
2026-10-08T1351PT_v1,2026-10-07T1427PT_v1,2026-10-16,pt_loma_kelp,sheephead,8,9,2,2,80.1,77.4,-2.7,Very Good,Very Good,fishability (wind/sea access) -3.8; swell +1.1,"{""access"": -3.8, ""swell"": 1.1}",SST 71.8→72.8°F; SST anomaly 3.6→4.6°F; seas now forecast; wind 12.3→14.4 kt,
2026-10-08T1351PT_v1,2026-10-07T1427PT_v1,2026-10-16,pt_loma_kelp,white_seabass,8,9,2,2,42.1,26.3,-15.8,Fair,Poor,water temperature fit -13.0; fishability (wind/sea access) -1.6; ENSO/SST anomaly boost -1.4,"{""access"": -1.6, ""anomaly"": -1.4, ""sst"": -13.0, ""swell"": 0.2}",SST 71.8→72.8°F; SST anomaly 3.6→4.6°F; seas now forecast; wind 12.3→14.4 kt,
2026-10-08T1351PT_v1,2026-10-07T1427PT_v1,2026-10-16,pt_loma_kelp,yellowtail,8,9,2,2,98.6,96.9,-1.7,Excellent,Excellent,water temperature fit -1.2; fishability (wind/sea access) -1.1,"{""access"": -1.1, ""anomaly"": 0.4, ""sst"": -1.2, ""swell"": 0.1}",SST 71.8→72.8°F; SST anomaly 3.6→4.6°F; seas now forecast; wind 12.3→14.4 kt,
2026-10-08T1351PT_v1,2026-10-07T1427PT_v1,2026-10-16,sd_bay,california_halibut,8,9,2,2,10.4,14.1,3.7,Poor,Poor,water temperature fit +2.0; fishability (wind/sea access) +2.0,"{""access"": 2.0, ""anomaly"": -0.5, ""season"": 0.3, ""sst"": 2.0, ""swell"": -0.3, ""tide"": 0.2}",SST 74.2→74.8°F; SST anomaly 4.1→4.7°F; seas now forecast; wind 12.3→14.4 kt,driver now available: swell
2026-10-08T1351PT_v1,2026-10-07T1427PT_v1,2026-10-16,sd_bay,sand_bass,8,9,2,2,69.9,83.4,13.5,Good,Very Good,fishability (wind/sea access) +12.4; water temperature fit -2.8; ENSO/SST anomaly boost +2.0,"{""access"": 12.4, ""anomaly"": 2.0, ""season"": 1.9, ""sst"": -2.8, ""swell"": -1.0, ""tide"": 0.9}",SST 74.2→74.8°F; SST anomaly 4.1→4.7°F; seas now forecast; wind 12.3→14.4 kt,driver now available: swell
2026-10-08T1351PT_v1,2026-10-07T1427PT_v1,2026-10-16,sd_bay,spotted_bay_bass,8,9,2,2,71.7,87.9,16.2,Good,Very Good,fishability (wind/sea access) +12.8; ENSO/SST anomaly boost +2.1,"{""access"": 12.8, ""anomaly"": 2.1, ""moon"": 0.1, ""season"": 0.2, ""tide"": 1.0}",SST 74.2→74.8°F; SST anomaly 4.1→4.7°F; seas now forecast; wind 12.3→14.4 kt,driver now available: swell
2026-10-08T1351PT_v1,2026-10-07T1427PT_v1,2026-10-16,surf_zone,barred_surfperch,8,9,2,2,35.7,34.4,-1.3,Poor,Poor,small changes across several drivers,"{""access"": -0.7, ""anomaly"": -0.4, ""sst"": -0.4, ""swell"": 0.2}",seas now forecast,
2026-10-08T1351PT_v1,2026-10-07T1427PT_v1,2026-10-16,surf_zone,calico_bass,8,9,2,2,92.6,91.6,-1.0,Excellent,Excellent,fishability (wind/sea access) -1.4,"{""access"": -1.4, ""anomaly"": 0.2, ""swell"": 0.2}",seas now forecast,
2026-10-08T1351PT_v1,2026-10-07T1427PT_v1,2026-10-16,surf_zone,california_halibut,8,9,2,2,47.7,46.3,-1.4,Fair,Fair,small changes across several drivers,"{""access"": -0.9, ""anomaly"": -0.3, ""sst"": -0.3, ""swell"": 0.1}",seas now forecast,
2026-10-08T1351PT_v1,2026-10-07T1427PT_v1,2026-10-16,surf_zone,corbina,8,9,2,2,88.5,87.7,-0.8,Very Good,Very Good,fishability (wind/sea access) -1.7,"{""access"": -1.7, ""anomaly"": 0.3, ""swell"": 0.6}",seas now forecast,
2026-10-08T1351PT_v1,2026-10-07T1427PT_v1,2026-10-16,surf_zone,sand_bass,8,9,2,2,90.4,89.1,-1.3,Excellent,Very Good,fishability (wind/sea access) -1.9,"{""access"": -1.9, ""anomaly"": 0.4, ""swell"": 0.2}",seas now forecast,
2026-10-08T1351PT_v1,2026-10-07T1427PT_v1,2026-10-17,coronados,barracuda,9,10,2,2,85.1,85.0,-0.1,Very Good,Very Good,water temperature fit -2.7; ENSO/SST anomaly boost +2.6,"{""anomaly"": 2.6, ""sst"": -2.7}",SST 71.8→72.5°F; SST anomaly 3.4→4.1°F,
2026-10-08T1351PT_v1,2026-10-07T1427PT_v1,2026-10-17,coronados,bluefin_tuna,9,10,2,2,89.6,88.1,-1.5,Very Good,Very Good,water temperature fit -4.9; ENSO/SST anomaly boost +3.4,"{""anomaly"": 3.4, ""sst"": -4.9}",SST 71.8→72.5°F; SST anomaly 3.4→4.1°F,
2026-10-08T1351PT_v1,2026-10-07T1427PT_v1,2026-10-17,coronados,bonito,9,10,2,2,97.3,98.1,0.8,Excellent,Excellent,no material driver change,"{""anomaly"": 0.8}",SST 71.8→72.5°F; SST anomaly 3.4→4.1°F,
2026-10-08T1351PT_v1,2026-10-07T1427PT_v1,2026-10-17,coronados,calico_bass,9,10,2,2,82.6,84.5,1.9,Very Good,Very Good,ENSO/SST anomaly boost +1.9,"{""anomaly"": 1.9}",SST 71.8→72.5°F; SST anomaly 3.4→4.1°F,
2026-10-08T1351PT_v1,2026-10-07T1427PT_v1,2026-10-17,coronados,dorado,9,10,2,2,98.6,99.0,0.4,Excellent,Excellent,no material driver change,"{""sst"": 0.4}",SST 71.8→72.5°F; SST anomaly 3.4→4.1°F,
2026-10-08T1351PT_v1,2026-10-07T1427PT_v1,2026-10-17,coronados,rockfish,9,10,2,2,58.7,54.7,-4.0,Fair,Fair,ENSO/SST anomaly boost -4.0,"{""anomaly"": -4.0}",SST 71.8→72.5°F; SST anomaly 3.4→4.1°F,
2026-10-08T1351PT_v1,2026-10-07T1427PT_v1,2026-10-17,coronados,sheephead,9,10,2,2,74.4,74.4,0.0,Good,Good,no material driver change,{},SST 71.8→72.5°F; SST anomaly 3.4→4.1°F,
2026-10-08T1351PT_v1,2026-10-07T1427PT_v1,2026-10-17,coronados,white_seabass,9,10,2,2,38.8,30.7,-8.1,Poor,Poor,water temperature fit -7.1; ENSO/SST anomaly boost -1.0,"{""anomaly"": -1.0, ""sst"": -7.1}",SST 71.8→72.5°F; SST anomaly 3.4→4.1°F,
2026-10-08T1351PT_v1,2026-10-07T1427PT_v1,2026-10-17,coronados,yellowfin_tuna,9,10,2,2,99.1,99.1,0.0,Excellent,Excellent,no material driver change,{},SST 71.8→72.5°F; SST anomaly 3.4→4.1°F,
2026-10-08T1351PT_v1,2026-10-07T1427PT_v1,2026-10-17,coronados,yellowtail,9,10,2,2,96.5,96.6,0.1,Excellent,Excellent,ENSO/SST anomaly boost +1.1; water temperature fit -1.0,"{""anomaly"": 1.1, ""sst"": -1.0}",SST 71.8→72.5°F; SST anomaly 3.4→4.1°F,
2026-10-08T1351PT_v1,2026-10-07T1427PT_v1,2026-10-17,cortez_tanner,bluefin_tuna,9,10,2,2,66.0,71.4,5.4,Good,Good,fishability (wind/sea access) +3.4; ENSO/SST anomaly boost +2.0,"{""access"": 3.4, ""anomaly"": 2.0}",SST 69.5→70.0°F; SST anomaly 2.8→3.3°F; wind 13.4→7.9 kt,
2026-10-08T1351PT_v1,2026-10-07T1427PT_v1,2026-10-17,cortez_tanner,dorado,9,10,2,2,51.6,62.3,10.7,Fair,Good,water temperature fit +7.9; fishability (wind/sea access) +2.8,"{""access"": 2.8, ""sst"": 7.9}",SST 69.5→70.0°F; SST anomaly 2.8→3.3°F; wind 13.4→7.9 kt,
2026-10-08T1351PT_v1,2026-10-07T1427PT_v1,2026-10-17,cortez_tanner,rockfish,9,10,2,2,42.1,42.2,0.1,Fair,Fair,fishability (wind/sea access) +1.5; ENSO/SST anomaly boost -1.4,"{""access"": 1.5, ""anomaly"": -1.4}",SST 69.5→70.0°F; SST anomaly 2.8→3.3°F; wind 13.4→7.9 kt,
2026-10-08T1351PT_v1,2026-10-07T1427PT_v1,2026-10-17,cortez_tanner,yellowfin_tuna,9,10,2,2,78.7,87.4,8.7,Very Good,Very Good,water temperature fit +4.6; fishability (wind/sea access) +4.1,"{""access"": 4.1, ""sst"": 4.6}",SST 69.5→70.0°F; SST anomaly 2.8→3.3°F; wind 13.4→7.9 kt,
2026-10-08T1351PT_v1,2026-10-07T1427PT_v1,2026-10-17,cortez_tanner,yellowtail,9,10,2,2,71.5,77.8,6.3,Good,Very Good,fishability (wind/sea access) +3.7; ENSO/SST anomaly boost +2.6,"{""access"": 3.7, ""anomaly"": 2.6}",SST 69.5→70.0°F; SST anomaly 2.8→3.3°F; wind 13.4→7.9 kt,
2026-10-08T1351PT_v1,2026-10-07T1427PT_v1,2026-10-17,la_jolla,barracuda,9,10,2,2,93.7,94.0,0.3,Excellent,Excellent,ENSO/SST anomaly boost +2.2; water temperature fit -1.9,"{""anomaly"": 2.2, ""sst"": -1.9}",SST 71.7→72.5°F; SST anomaly 3.4→4.2°F,
2026-10-08T1351PT_v1,2026-10-07T1427PT_v1,2026-10-17,la_jolla,bonito,9,10,2,2,99.2,99.4,0.2,Excellent,Excellent,no material driver change,"{""anomaly"": 0.2}",SST 71.7→72.5°F; SST anomaly 3.4→4.2°F,
2026-10-08T1351PT_v1,2026-10-07T1427PT_v1,2026-10-17,la_jolla,calico_bass,9,10,2,2,91.8,93.5,1.7,Excellent,Excellent,ENSO/SST anomaly boost +1.7,"{""anomaly"": 1.7}",SST 71.7→72.5°F; SST anomaly 3.4→4.2°F,
2026-10-08T1351PT_v1,2026-10-07T1427PT_v1,2026-10-17,la_jolla,california_halibut,9,10,2,2,42.8,35.8,-7.0,Fair,Poor,water temperature fit -4.9; ENSO/SST anomaly boost -2.1,"{""anomaly"": -2.1, ""sst"": -4.9}",SST 71.7→72.5°F; SST anomaly 3.4→4.2°F,
2026-10-08T1351PT_v1,2026-10-07T1427PT_v1,2026-10-17,la_jolla,rockfish,9,10,2,2,66.1,61.2,-4.9,Good,Good,ENSO/SST anomaly boost -4.9,"{""anomaly"": -4.9}",SST 71.7→72.5°F; SST anomaly 3.4→4.2°F,
2026-10-08T1351PT_v1,2026-10-07T1427PT_v1,2026-10-17,la_jolla,sheephead,9,10,2,2,83.8,83.8,0.0,Very Good,Very Good,no material driver change,{},SST 71.7→72.5°F; SST anomaly 3.4→4.2°F,
2026-10-08T1351PT_v1,2026-10-07T1427PT_v1,2026-10-17,la_jolla,white_seabass,9,10,2,2,43.8,34.6,-9.2,Fair,Poor,water temperature fit -7.9; ENSO/SST anomaly boost -1.3,"{""anomaly"": -1.3, ""sst"": -7.9}",SST 71.7→72.5°F; SST anomaly 3.4→4.2°F,
2026-10-08T1351PT_v1,2026-10-07T1427PT_v1,2026-10-17,la_jolla,yellowtail,9,10,2,2,98.8,98.9,0.1,Excellent,Excellent,no material driver change,"{""anomaly"": 0.9, ""sst"": -0.8}",SST 71.7→72.5°F; SST anomaly 3.4→4.2°F,
2026-10-08T1351PT_v1,2026-10-07T1427PT_v1,2026-10-17,mission_bay,california_halibut,9,10,2,2,16.7,10.4,-6.3,Poor,Poor,water temperature fit -5.8,"{""anomaly"": -0.5, ""sst"": -5.8}",SST 73.7→74.3°F; SST anomaly 3.7→4.2°F,
2026-10-08T1351PT_v1,2026-10-07T1427PT_v1,2026-10-17,mission_bay,sand_bass,9,10,2,2,70.6,71.1,0.5,Good,Good,ENSO/SST anomaly boost +1.9; water temperature fit -1.4,"{""anomaly"": 1.9, ""sst"": -1.4}",SST 73.7→74.3°F; SST anomaly 3.7→4.2°F,
2026-10-08T1351PT_v1,2026-10-07T1427PT_v1,2026-10-17,mission_bay,spotted_bay_bass,9,10,2,2,71.0,72.8,1.8,Good,Good,ENSO/SST anomaly boost +1.8,"{""anomaly"": 1.8}",SST 73.7→74.3°F; SST anomaly 3.7→4.2°F,
2026-10-08T1351PT_v1,2026-10-07T1427PT_v1,2026-10-17,nine_mile,barracuda,9,10,2,2,91.0,90.8,-0.2,Excellent,Excellent,water temperature fit -4.1; ENSO/SST anomaly boost +3.9,"{""anomaly"": 3.9, ""sst"": -4.1}",SST 71.8→72.6°F; SST anomaly 2.8→3.7°F,
2026-10-08T1351PT_v1,2026-10-07T1427PT_v1,2026-10-17,nine_mile,bluefin_tuna,9,10,2,2,94.1,92.9,-1.2,Excellent,Excellent,water temperature fit -4.2; ENSO/SST anomaly boost +3.0,"{""anomaly"": 3.0, ""sst"": -4.2}",SST 71.8→72.6°F; SST anomaly 2.8→3.7°F,
2026-10-08T1351PT_v1,2026-10-07T1427PT_v1,2026-10-17,nine_mile,bonito,9,10,2,2,98.5,99.2,0.7,Excellent,Excellent,no material driver change,"{""anomaly"": 0.7}",SST 71.8→72.6°F; SST anomaly 2.8→3.7°F,
2026-10-08T1351PT_v1,2026-10-07T1427PT_v1,2026-10-17,nine_mile,dorado,9,10,2,2,99.5,99.7,0.2,Excellent,Excellent,no material driver change,"{""sst"": 0.2}",SST 71.8→72.6°F; SST anomaly 2.8→3.7°F,
2026-10-08T1351PT_v1,2026-10-07T1427PT_v1,2026-10-17,nine_mile,rockfish,9,10,2,2,67.8,62.6,-5.2,Good,Good,ENSO/SST anomaly boost -5.2,"{""anomaly"": -5.2}",SST 71.8→72.6°F; SST anomaly 2.8→3.7°F,
2026-10-08T1351PT_v1,2026-10-07T1427PT_v1,2026-10-17,nine_mile,yellowfin_tuna,9,10,2,2,99.7,99.7,0.0,Excellent,Excellent,no material driver change,{},SST 71.8→72.6°F; SST anomaly 2.8→3.7°F,
2026-10-08T1351PT_v1,2026-10-07T1427PT_v1,2026-10-17,nine_mile,yellowtail,9,10,2,2,98.0,98.4,0.4,Excellent,Excellent,ENSO/SST anomaly boost +1.2,"{""anomaly"": 1.2, ""sst"": -0.8}",SST 71.8→72.6°F; SST anomaly 2.8→3.7°F,
2026-10-08T1351PT_v1,2026-10-07T1427PT_v1,2026-10-17,outer_banks,bluefin_tuna,9,10,2,2,86.0,84.7,-1.3,Very Good,Very Good,water temperature fit -4.6; ENSO/SST anomaly boost +3.3,"{""anomaly"": 3.3, ""sst"": -4.6}",SST 71.9→72.6°F; SST anomaly 2.8→3.5°F; wind 11.8→9.3 kt,
2026-10-08T1351PT_v1,2026-10-07T1427PT_v1,2026-10-17,outer_banks,bonito,9,10,2,2,95.9,97.5,1.6,Excellent,Excellent,ENSO/SST anomaly boost +1.6,"{""anomaly"": 1.6}",SST 71.9→72.6°F; SST anomaly 2.8→3.5°F; wind 11.8→9.3 kt,
2026-10-08T1351PT_v1,2026-10-07T1427PT_v1,2026-10-17,outer_banks,dorado,9,10,2,2,98.8,99.0,0.2,Excellent,Excellent,no material driver change,"{""sst"": 0.2}",SST 71.9→72.6°F; SST anomaly 2.8→3.5°F; wind 11.8→9.3 kt,
2026-10-08T1351PT_v1,2026-10-07T1427PT_v1,2026-10-17,outer_banks,rockfish,9,10,2,2,62.1,58.3,-3.8,Good,Fair,ENSO/SST anomaly boost -3.8,"{""anomaly"": -3.8}",SST 71.9→72.6°F; SST anomaly 2.8→3.5°F; wind 11.8→9.3 kt,
2026-10-08T1351PT_v1,2026-10-07T1427PT_v1,2026-10-17,outer_banks,sheephead,9,10,2,2,74.4,74.4,0.0,Good,Good,no material driver change,{},SST 71.9→72.6°F; SST anomaly 2.8→3.5°F; wind 11.8→9.3 kt,
2026-10-08T1351PT_v1,2026-10-07T1427PT_v1,2026-10-17,outer_banks,white_seabass,9,10,2,2,39.2,31.0,-8.2,Poor,Poor,water temperature fit -7.2,"{""anomaly"": -1.0, ""sst"": -7.2}",SST 71.9→72.6°F; SST anomaly 2.8→3.5°F; wind 11.8→9.3 kt,
2026-10-08T1351PT_v1,2026-10-07T1427PT_v1,2026-10-17,outer_banks,yellowfin_tuna,9,10,2,2,99.1,99.1,0.0,Excellent,Excellent,no material driver change,{},SST 71.9→72.6°F; SST anomaly 2.8→3.5°F; wind 11.8→9.3 kt,
2026-10-08T1351PT_v1,2026-10-07T1427PT_v1,2026-10-17,outer_banks,yellowtail,9,10,2,2,94.6,95.3,0.7,Excellent,Excellent,ENSO/SST anomaly boost +2.5; water temperature fit -1.8,"{""anomaly"": 2.5, ""sst"": -1.8}",SST 71.9→72.6°F; SST anomaly 2.8→3.5°F; wind 11.8→9.3 kt,
2026-10-08T1351PT_v1,2026-10-07T1427PT_v1,2026-10-17,pt_loma_kelp,barracuda,9,10,2,2,92.4,93.8,1.4,Excellent,Excellent,ENSO/SST anomaly boost +2.5; water temperature fit -1.1,"{""anomaly"": 2.5, ""sst"": -1.1}",SST 71.4→72.3°F; SST anomaly 3.2→4.1°F,
2026-10-08T1351PT_v1,2026-10-07T1427PT_v1,2026-10-17,pt_loma_kelp,bonito,9,10,2,2,98.9,99.3,0.4,Excellent,Excellent,no material driver change,"{""anomaly"": 0.4}",SST 71.4→72.3°F; SST anomaly 3.2→4.1°F,
2026-10-08T1351PT_v1,2026-10-07T1427PT_v1,2026-10-17,pt_loma_kelp,calico_bass,9,10,2,2,90.2,92.5,2.3,Excellent,Excellent,ENSO/SST anomaly boost +2.3,"{""anomaly"": 2.3}",SST 71.4→72.3°F; SST anomaly 3.2→4.1°F,
2026-10-08T1351PT_v1,2026-10-07T1427PT_v1,2026-10-17,pt_loma_kelp,california_halibut,9,10,2,2,44.4,36.8,-7.6,Fair,Poor,water temperature fit -5.2; ENSO/SST anomaly boost -2.4,"{""anomaly"": -2.4, ""sst"": -5.2}",SST 71.4→72.3°F; SST anomaly 3.2→4.1°F,
2026-10-08T1351PT_v1,2026-10-07T1427PT_v1,2026-10-17,pt_loma_kelp,rockfish,9,10,2,2,62.4,55.7,-6.7,Good,Fair,ENSO/SST anomaly boost -5.2; water temperature fit -1.5,"{""anomaly"": -5.2, ""sst"": -1.5}",SST 71.4→72.3°F; SST anomaly 3.2→4.1°F,
2026-10-08T1351PT_v1,2026-10-07T1427PT_v1,2026-10-17,pt_loma_kelp,sand_bass,9,10,2,2,87.0,90.5,3.5,Very Good,Excellent,ENSO/SST anomaly boost +3.5,"{""anomaly"": 3.5}",SST 71.4→72.3°F; SST anomaly 3.2→4.1°F,
2026-10-08T1351PT_v1,2026-10-07T1427PT_v1,2026-10-17,pt_loma_kelp,sheephead,9,10,2,2,81.7,81.7,0.0,Very Good,Very Good,no material driver change,{},SST 71.4→72.3°F; SST anomaly 3.2→4.1°F,
2026-10-08T1351PT_v1,2026-10-07T1427PT_v1,2026-10-17,pt_loma_kelp,white_seabass,9,10,2,2,45.8,36.7,-9.1,Fair,Poor,water temperature fit -7.6; ENSO/SST anomaly boost -1.5,"{""anomaly"": -1.5, ""sst"": -7.6}",SST 71.4→72.3°F; SST anomaly 3.2→4.1°F,
2026-10-08T1351PT_v1,2026-10-07T1427PT_v1,2026-10-17,pt_loma_kelp,yellowtail,9,10,2,2,98.5,98.9,0.4,Excellent,Excellent,no material driver change,"{""anomaly"": 0.7, ""sst"": -0.3}",SST 71.4→72.3°F; SST anomaly 3.2→4.1°F,
2026-10-08T1351PT_v1,2026-10-07T1427PT_v1,2026-10-17,sd_bay,california_halibut,9,10,2,2,17.0,10.4,-6.6,Poor,Poor,water temperature fit -6.1,"{""anomaly"": -0.5, ""sst"": -6.1}",SST 73.7→74.2°F; SST anomaly 3.7→4.2°F,
2026-10-08T1351PT_v1,2026-10-07T1427PT_v1,2026-10-17,sd_bay,sand_bass,9,10,2,2,70.6,71.1,0.5,Good,Good,ENSO/SST anomaly boost +1.5; water temperature fit -1.0,"{""anomaly"": 1.5, ""sst"": -1.0}",SST 73.7→74.2°F; SST anomaly 3.7→4.2°F,
2026-10-08T1351PT_v1,2026-10-07T1427PT_v1,2026-10-17,sd_bay,spotted_bay_bass,9,10,2,2,71.0,72.8,1.8,Good,Good,ENSO/SST anomaly boost +1.8,"{""anomaly"": 1.8}",SST 73.7→74.2°F; SST anomaly 3.7→4.2°F,
2026-10-08T1351PT_v1,2026-10-07T1427PT_v1,2026-10-17,surf_zone,barred_surfperch,9,10,2,2,40.2,39.3,-0.9,Fair,Poor,no material driver change,"{""anomaly"": -0.5, ""sst"": -0.4}",,
2026-10-08T1351PT_v1,2026-10-07T1427PT_v1,2026-10-17,surf_zone,calico_bass,9,10,2,2,92.4,92.6,0.2,Excellent,Excellent,no material driver change,"{""anomaly"": 0.2}",,
2026-10-08T1351PT_v1,2026-10-07T1427PT_v1,2026-10-17,surf_zone,california_halibut,9,10,2,2,50.9,50.2,-0.7,Fair,Fair,no material driver change,"{""anomaly"": -0.3, ""sst"": -0.4}",,
2026-10-08T1351PT_v1,2026-10-07T1427PT_v1,2026-10-17,surf_zone,corbina,9,10,2,2,83.1,83.5,0.4,Very Good,Very Good,no material driver change,"{""anomaly"": 0.4}",,
2026-10-08T1351PT_v1,2026-10-07T1427PT_v1,2026-10-17,surf_zone,sand_bass,9,10,2,2,89.6,90.0,0.4,Very Good,Excellent,no material driver change,"{""anomaly"": 0.4}",,
2026-10-08T1351PT_v1,2026-10-07T1427PT_v1,2026-10-18,coronados,barracuda,10,11,2,2,83.4,85.7,2.3,Very Good,Very Good,ENSO/SST anomaly boost +2.6,"{""anomaly"": 2.6, ""sst"": -0.3}",SST 71.4→72.0°F; SST anomaly 3.1→3.7°F,
2026-10-08T1351PT_v1,2026-10-07T1427PT_v1,2026-10-18,coronados,bluefin_tuna,10,11,2,2,88.1,87.3,-0.8,Very Good,Very Good,water temperature fit -4.4; ENSO/SST anomaly boost +3.6,"{""anomaly"": 3.6, ""sst"": -4.4}",SST 71.4→72.0°F; SST anomaly 3.1→3.7°F,
2026-10-08T1351PT_v1,2026-10-07T1427PT_v1,2026-10-18,coronados,bonito,10,11,2,2,96.7,97.9,1.2,Excellent,Excellent,ENSO/SST anomaly boost +1.2,"{""anomaly"": 1.2}",SST 71.4→72.0°F; SST anomaly 3.1→3.7°F,
2026-10-08T1351PT_v1,2026-10-07T1427PT_v1,2026-10-18,coronados,calico_bass,10,11,2,2,81.4,83.1,1.7,Very Good,Very Good,ENSO/SST anomaly boost +1.7,"{""anomaly"": 1.7}",SST 71.4→72.0°F; SST anomaly 3.1→3.7°F,
2026-10-08T1351PT_v1,2026-10-07T1427PT_v1,2026-10-18,coronados,dorado,10,11,2,2,97.5,99.0,1.5,Excellent,Excellent,water temperature fit +1.5,"{""sst"": 1.5}",SST 71.4→72.0°F; SST anomaly 3.1→3.7°F,
2026-10-08T1351PT_v1,2026-10-07T1427PT_v1,2026-10-18,coronados,rockfish,10,11,2,2,60.6,56.9,-3.7,Good,Fair,ENSO/SST anomaly boost -3.7,"{""anomaly"": -3.7}",SST 71.4→72.0°F; SST anomaly 3.1→3.7°F,
2026-10-08T1351PT_v1,2026-10-07T1427PT_v1,2026-10-18,coronados,sheephead,10,11,2,2,73.8,73.8,0.0,Good,Good,no material driver change,{},SST 71.4→72.0°F; SST anomaly 3.1→3.7°F,
2026-10-08T1351PT_v1,2026-10-07T1427PT_v1,2026-10-18,coronados,white_seabass,10,11,2,2,40.1,34.6,-5.5,Fair,Poor,water temperature fit -4.5; ENSO/SST anomaly boost -1.0,"{""anomaly"": -1.0, ""sst"": -4.5}",SST 71.4→72.0°F; SST anomaly 3.1→3.7°F,
2026-10-08T1351PT_v1,2026-10-07T1427PT_v1,2026-10-18,coronados,yellowfin_tuna,10,11,2,2,99.1,99.1,0.0,Excellent,Excellent,no material driver change,{},SST 71.4→72.0°F; SST anomaly 3.1→3.7°F,
2026-10-08T1351PT_v1,2026-10-07T1427PT_v1,2026-10-18,coronados,yellowtail,10,11,2,2,95.4,97.0,1.6,Excellent,Excellent,ENSO/SST anomaly boost +1.7,"{""anomaly"": 1.7, ""sst"": -0.1}",SST 71.4→72.0°F; SST anomaly 3.1→3.7°F,
2026-10-08T1351PT_v1,2026-10-07T1427PT_v1,2026-10-18,cortez_tanner,bluefin_tuna,10,11,2,2,66.2,67.0,0.8,Good,Good,ENSO/SST anomaly boost +1.8; fishability (wind/sea access) -1.0,"{""access"": -1.0, ""anomaly"": 1.8}",SST 69.2→69.6°F; SST anomaly 2.5→3.0°F,
2026-10-08T1351PT_v1,2026-10-07T1427PT_v1,2026-10-18,cortez_tanner,dorado,10,11,2,2,47.9,55.2,7.3,Fair,Fair,water temperature fit +8.1,"{""access"": -0.8, ""sst"": 8.1}",SST 69.2→69.6°F; SST anomaly 2.5→3.0°F,
2026-10-08T1351PT_v1,2026-10-07T1427PT_v1,2026-10-18,cortez_tanner,rockfish,10,11,2,2,45.4,43.0,-2.4,Fair,Fair,ENSO/SST anomaly boost -1.7,"{""access"": -0.7, ""anomaly"": -1.7}",SST 69.2→69.6°F; SST anomaly 2.5→3.0°F,
2026-10-08T1351PT_v1,2026-10-07T1427PT_v1,2026-10-18,cortez_tanner,yellowfin_tuna,10,11,2,2,79.0,82.6,3.6,Very Good,Very Good,water temperature fit +4.8; fishability (wind/sea access) -1.2,"{""access"": -1.2, ""sst"": 4.8}",SST 69.2→69.6°F; SST anomaly 2.5→3.0°F,
2026-10-08T1351PT_v1,2026-10-07T1427PT_v1,2026-10-18,cortez_tanner,yellowtail,10,11,2,2,73.1,74.4,1.3,Good,Good,ENSO/SST anomaly boost +2.5; fishability (wind/sea access) -1.2,"{""access"": -1.2, ""anomaly"": 2.5}",SST 69.2→69.6°F; SST anomaly 2.5→3.0°F,
2026-10-08T1351PT_v1,2026-10-07T1427PT_v1,2026-10-18,la_jolla,barracuda,10,11,2,2,92.4,94.4,2.0,Excellent,Excellent,ENSO/SST anomaly boost +2.0,"{""anomaly"": 2.0}",SST 71.3→72.0°F; SST anomaly 3.1→3.8°F,
2026-10-08T1351PT_v1,2026-10-07T1427PT_v1,2026-10-18,la_jolla,bonito,10,11,2,2,98.9,99.4,0.5,Excellent,Excellent,no material driver change,"{""anomaly"": 0.5}",SST 71.3→72.0°F; SST anomaly 3.1→3.8°F,
2026-10-08T1351PT_v1,2026-10-07T1427PT_v1,2026-10-18,la_jolla,calico_bass,10,11,2,2,90.5,92.3,1.8,Excellent,Excellent,ENSO/SST anomaly boost +1.8,"{""anomaly"": 1.8}",SST 71.3→72.0°F; SST anomaly 3.1→3.8°F,
2026-10-08T1351PT_v1,2026-10-07T1427PT_v1,2026-10-18,la_jolla,california_halibut,10,11,2,2,45.1,39.2,-5.9,Fair,Poor,water temperature fit -3.9; ENSO/SST anomaly boost -2.0,"{""anomaly"": -2.0, ""sst"": -3.9}",SST 71.3→72.0°F; SST anomaly 3.1→3.8°F,
2026-10-08T1351PT_v1,2026-10-07T1427PT_v1,2026-10-18,la_jolla,rockfish,10,11,2,2,68.3,63.8,-4.5,Good,Good,ENSO/SST anomaly boost -4.5,"{""anomaly"": -4.5}",SST 71.3→72.0°F; SST anomaly 3.1→3.8°F,
2026-10-08T1351PT_v1,2026-10-07T1427PT_v1,2026-10-18,la_jolla,sheephead,10,11,2,2,83.2,83.2,0.0,Very Good,Very Good,no material driver change,{},SST 71.3→72.0°F; SST anomaly 3.1→3.8°F,
2026-10-08T1351PT_v1,2026-10-07T1427PT_v1,2026-10-18,la_jolla,white_seabass,10,11,2,2,45.3,38.9,-6.4,Fair,Poor,water temperature fit -5.2; ENSO/SST anomaly boost -1.2,"{""anomaly"": -1.2, ""sst"": -5.2}",SST 71.3→72.0°F; SST anomaly 3.1→3.8°F,
2026-10-08T1351PT_v1,2026-10-07T1427PT_v1,2026-10-18,la_jolla,yellowtail,10,11,2,2,98.4,99.1,0.7,Excellent,Excellent,no material driver change,"{""anomaly"": 0.7}",SST 71.3→72.0°F; SST anomaly 3.1→3.8°F,
2026-10-08T1351PT_v1,2026-10-07T1427PT_v1,2026-10-18,mission_bay,california_halibut,10,11,2,2,22.3,16.0,-6.3,Poor,Poor,water temperature fit -5.7,"{""anomaly"": -0.6, ""sst"": -5.7}",SST 73.2→73.7°F; SST anomaly 3.3→3.8°F,
2026-10-08T1351PT_v1,2026-10-07T1427PT_v1,2026-10-18,mission_bay,sand_bass,10,11,2,2,69.1,70.6,1.5,Good,Good,ENSO/SST anomaly boost +1.5,"{""anomaly"": 1.5}",SST 73.2→73.7°F; SST anomaly 3.3→3.8°F,
2026-10-08T1351PT_v1,2026-10-07T1427PT_v1,2026-10-18,mission_bay,spotted_bay_bass,10,11,2,2,67.7,69.2,1.5,Good,Good,ENSO/SST anomaly boost +1.5,"{""anomaly"": 1.5}",SST 73.2→73.7°F; SST anomaly 3.3→3.8°F,
2026-10-08T1351PT_v1,2026-10-07T1427PT_v1,2026-10-18,nine_mile,barracuda,10,11,2,2,89.5,91.4,1.9,Very Good,Excellent,ENSO/SST anomaly boost +3.1; water temperature fit -1.2,"{""anomaly"": 3.1, ""sst"": -1.2}",SST 71.5→72.2°F; SST anomaly 2.6→3.4°F,
2026-10-08T1351PT_v1,2026-10-07T1427PT_v1,2026-10-18,nine_mile,bluefin_tuna,10,11,2,2,93.0,92.3,-0.7,Excellent,Excellent,water temperature fit -3.7; ENSO/SST anomaly boost +3.0,"{""anomaly"": 3.0, ""sst"": -3.7}",SST 71.5→72.2°F; SST anomaly 2.6→3.4°F,
2026-10-08T1351PT_v1,2026-10-07T1427PT_v1,2026-10-18,nine_mile,bonito,10,11,2,2,98.2,99.0,0.8,Excellent,Excellent,no material driver change,"{""anomaly"": 0.8}",SST 71.5→72.2°F; SST anomaly 2.6→3.4°F,
2026-10-08T1351PT_v1,2026-10-07T1427PT_v1,2026-10-18,nine_mile,dorado,10,11,2,2,99.2,99.7,0.5,Excellent,Excellent,no material driver change,"{""sst"": 0.5}",SST 71.5→72.2°F; SST anomaly 2.6→3.4°F,
2026-10-08T1351PT_v1,2026-10-07T1427PT_v1,2026-10-18,nine_mile,rockfish,10,11,2,2,69.6,64.8,-4.8,Good,Good,ENSO/SST anomaly boost -4.8,"{""anomaly"": -4.8}",SST 71.5→72.2°F; SST anomaly 2.6→3.4°F,
2026-10-08T1351PT_v1,2026-10-07T1427PT_v1,2026-10-18,nine_mile,yellowfin_tuna,10,11,2,2,99.7,99.7,0.0,Excellent,Excellent,no material driver change,{},SST 71.5→72.2°F; SST anomaly 2.6→3.4°F,
2026-10-08T1351PT_v1,2026-10-07T1427PT_v1,2026-10-18,nine_mile,yellowtail,10,11,2,2,97.4,98.4,1.0,Excellent,Excellent,ENSO/SST anomaly boost +1.3,"{""anomaly"": 1.3, ""sst"": -0.3}",SST 71.5→72.2°F; SST anomaly 2.6→3.4°F,
2026-10-08T1351PT_v1,2026-10-07T1427PT_v1,2026-10-18,outer_banks,bluefin_tuna,10,11,2,2,84.4,83.7,-0.7,Very Good,Very Good,water temperature fit -3.9; ENSO/SST anomaly boost +3.2,"{""anomaly"": 3.2, ""sst"": -3.9}",SST 71.6→72.2°F; SST anomaly 2.5→3.2°F,
2026-10-08T1351PT_v1,2026-10-07T1427PT_v1,2026-10-18,outer_banks,bonito,10,11,2,2,95.2,96.9,1.7,Excellent,Excellent,ENSO/SST anomaly boost +1.7,"{""anomaly"": 1.7}",SST 71.6→72.2°F; SST anomaly 2.5→3.2°F,
2026-10-08T1351PT_v1,2026-10-07T1427PT_v1,2026-10-18,outer_banks,dorado,10,11,2,2,98.1,99.0,0.9,Excellent,Excellent,no material driver change,"{""sst"": 0.9}",SST 71.6→72.2°F; SST anomaly 2.5→3.2°F,
2026-10-08T1351PT_v1,2026-10-07T1427PT_v1,2026-10-18,outer_banks,rockfish,10,11,2,2,63.6,60.1,-3.5,Good,Good,ENSO/SST anomaly boost -3.5,"{""anomaly"": -3.5}",SST 71.6→72.2°F; SST anomaly 2.5→3.2°F,
2026-10-08T1351PT_v1,2026-10-07T1427PT_v1,2026-10-18,outer_banks,sheephead,10,11,2,2,73.8,73.8,0.0,Good,Good,no material driver change,{},SST 71.6→72.2°F; SST anomaly 2.5→3.2°F,
2026-10-08T1351PT_v1,2026-10-07T1427PT_v1,2026-10-18,outer_banks,white_seabass,10,11,2,2,40.0,34.2,-5.8,Fair,Poor,water temperature fit -4.8,"{""anomaly"": -1.0, ""sst"": -4.8}",SST 71.6→72.2°F; SST anomaly 2.5→3.2°F,
2026-10-08T1351PT_v1,2026-10-07T1427PT_v1,2026-10-18,outer_banks,yellowfin_tuna,10,11,2,2,99.1,99.1,0.0,Excellent,Excellent,no material driver change,{},SST 71.6→72.2°F; SST anomaly 2.5→3.2°F,
2026-10-08T1351PT_v1,2026-10-07T1427PT_v1,2026-10-18,outer_banks,yellowtail,10,11,2,2,93.4,95.2,1.8,Excellent,Excellent,ENSO/SST anomaly boost +2.4,"{""anomaly"": 2.4, ""sst"": -0.6}",SST 71.6→72.2°F; SST anomaly 2.5→3.2°F,
2026-10-08T1351PT_v1,2026-10-07T1427PT_v1,2026-10-18,pt_loma_kelp,barracuda,10,11,2,2,90.9,93.5,2.6,Excellent,Excellent,ENSO/SST anomaly boost +2.6,"{""anomaly"": 2.6}",SST 71.0→71.8°F; SST anomaly 2.9→3.7°F,
2026-10-08T1351PT_v1,2026-10-07T1427PT_v1,2026-10-18,pt_loma_kelp,bonito,10,11,2,2,98.6,99.3,0.7,Excellent,Excellent,no material driver change,"{""anomaly"": 0.7}",SST 71.0→71.8°F; SST anomaly 2.9→3.7°F,
2026-10-08T1351PT_v1,2026-10-07T1427PT_v1,2026-10-18,pt_loma_kelp,calico_bass,10,11,2,2,88.8,91.1,2.3,Very Good,Excellent,ENSO/SST anomaly boost +2.3,"{""anomaly"": 2.3}",SST 71.0→71.8°F; SST anomaly 2.9→3.7°F,
2026-10-08T1351PT_v1,2026-10-07T1427PT_v1,2026-10-18,pt_loma_kelp,california_halibut,10,11,2,2,46.5,40.0,-6.5,Fair,Fair,water temperature fit -4.2; ENSO/SST anomaly boost -2.3,"{""anomaly"": -2.3, ""sst"": -4.2}",SST 71.0→71.8°F; SST anomaly 2.9→3.7°F,
2026-10-08T1351PT_v1,2026-10-07T1427PT_v1,2026-10-18,pt_loma_kelp,rockfish,10,11,2,2,65.2,59.1,-6.1,Good,Fair,ENSO/SST anomaly boost -4.7; water temperature fit -1.4,"{""anomaly"": -4.7, ""sst"": -1.4}",SST 71.0→71.8°F; SST anomaly 2.9→3.7°F,
2026-10-08T1351PT_v1,2026-10-07T1427PT_v1,2026-10-18,pt_loma_kelp,sand_bass,10,11,2,2,85.3,88.5,3.2,Very Good,Very Good,ENSO/SST anomaly boost +3.2,"{""anomaly"": 3.2}",SST 71.0→71.8°F; SST anomaly 2.9→3.7°F,
2026-10-08T1351PT_v1,2026-10-07T1427PT_v1,2026-10-18,pt_loma_kelp,sheephead,10,11,2,2,81.0,81.0,0.0,Very Good,Very Good,no material driver change,{},SST 71.0→71.8°F; SST anomaly 2.9→3.7°F,
2026-10-08T1351PT_v1,2026-10-07T1427PT_v1,2026-10-18,pt_loma_kelp,white_seabass,10,11,2,2,46.8,40.1,-6.7,Fair,Fair,water temperature fit -5.2; ENSO/SST anomaly boost -1.5,"{""anomaly"": -1.5, ""sst"": -5.2}",SST 71.0→71.8°F; SST anomaly 2.9→3.7°F,
2026-10-08T1351PT_v1,2026-10-07T1427PT_v1,2026-10-18,pt_loma_kelp,yellowtail,10,11,2,2,98.0,98.9,0.9,Excellent,Excellent,no material driver change,"{""anomaly"": 0.9}",SST 71.0→71.8°F; SST anomaly 2.9→3.7°F,
2026-10-08T1351PT_v1,2026-10-07T1427PT_v1,2026-10-18,sd_bay,california_halibut,10,11,2,2,22.6,16.4,-6.2,Poor,Poor,water temperature fit -5.6,"{""anomaly"": -0.6, ""sst"": -5.6}",SST 73.2→73.7°F; SST anomaly 3.3→3.8°F,
2026-10-08T1351PT_v1,2026-10-07T1427PT_v1,2026-10-18,sd_bay,sand_bass,10,11,2,2,69.0,70.6,1.6,Good,Good,ENSO/SST anomaly boost +1.6,"{""anomaly"": 1.6}",SST 73.2→73.7°F; SST anomaly 3.3→3.8°F,
2026-10-08T1351PT_v1,2026-10-07T1427PT_v1,2026-10-18,sd_bay,spotted_bay_bass,10,11,2,2,67.6,69.1,1.5,Good,Good,ENSO/SST anomaly boost +1.5,"{""anomaly"": 1.5}",SST 73.2→73.7°F; SST anomaly 3.3→3.8°F,
2026-10-08T1351PT_v1,2026-10-07T1427PT_v1,2026-10-18,surf_zone,barred_surfperch,10,11,2,2,43.3,42.5,-0.8,Fair,Fair,no material driver change,"{""anomaly"": -0.5, ""sst"": -0.3}",,
2026-10-08T1351PT_v1,2026-10-07T1427PT_v1,2026-10-18,surf_zone,calico_bass,10,11,2,2,91.2,91.4,0.2,Excellent,Excellent,no material driver change,"{""anomaly"": 0.2}",,
2026-10-08T1351PT_v1,2026-10-07T1427PT_v1,2026-10-18,surf_zone,california_halibut,10,11,2,2,52.3,51.7,-0.6,Fair,Fair,no material driver change,"{""anomaly"": -0.3, ""sst"": -0.3}",,
2026-10-08T1351PT_v1,2026-10-07T1427PT_v1,2026-10-18,surf_zone,corbina,10,11,2,2,92.6,92.9,0.3,Excellent,Excellent,no material driver change,"{""anomaly"": 0.3}",,
2026-10-08T1351PT_v1,2026-10-07T1427PT_v1,2026-10-18,surf_zone,sand_bass,10,11,2,2,87.8,88.1,0.3,Very Good,Very Good,no material driver change,"{""anomaly"": 0.3}",,
2026-10-08T1351PT_v1,2026-10-07T1427PT_v1,2026-10-19,coronados,barracuda,11,12,2,2,75.8,77.9,2.1,Very Good,Very Good,ENSO/SST anomaly boost +2.1,"{""anomaly"": 2.1}",SST 71.0→71.6°F; SST anomaly 2.8→3.4°F,
2026-10-08T1351PT_v1,2026-10-07T1427PT_v1,2026-10-19,coronados,bluefin_tuna,11,12,2,2,89.7,89.4,-0.3,Very Good,Very Good,water temperature fit -3.2; ENSO/SST anomaly boost +2.9,"{""anomaly"": 2.9, ""sst"": -3.2}",SST 71.0→71.6°F; SST anomaly 2.8→3.4°F,
2026-10-08T1351PT_v1,2026-10-07T1427PT_v1,2026-10-19,coronados,bonito,11,12,2,2,95.3,96.9,1.6,Excellent,Excellent,ENSO/SST anomaly boost +1.6,"{""anomaly"": 1.6}",SST 71.0→71.6°F; SST anomaly 2.8→3.4°F,
2026-10-08T1351PT_v1,2026-10-07T1427PT_v1,2026-10-19,coronados,calico_bass,11,12,2,2,73.6,75.0,1.4,Good,Very Good,ENSO/SST anomaly boost +1.4,"{""anomaly"": 1.4}",SST 71.0→71.6°F; SST anomaly 2.8→3.4°F,
2026-10-08T1351PT_v1,2026-10-07T1427PT_v1,2026-10-19,coronados,dorado,11,12,2,2,95.3,98.1,2.8,Excellent,Excellent,water temperature fit +2.8,"{""sst"": 2.8}",SST 71.0→71.6°F; SST anomaly 2.8→3.4°F,
2026-10-08T1351PT_v1,2026-10-07T1427PT_v1,2026-10-19,coronados,rockfish,11,12,2,2,59.3,56.1,-3.2,Fair,Fair,ENSO/SST anomaly boost -3.2,"{""anomaly"": -3.2}",SST 71.0→71.6°F; SST anomaly 2.8→3.4°F,
2026-10-08T1351PT_v1,2026-10-07T1427PT_v1,2026-10-19,coronados,sheephead,11,12,2,2,65.9,65.9,0.0,Good,Good,no material driver change,{},SST 71.0→71.6°F; SST anomaly 2.8→3.4°F,
2026-10-08T1351PT_v1,2026-10-07T1427PT_v1,2026-10-19,coronados,white_seabass,11,12,2,2,37.1,33.2,-3.9,Poor,Poor,water temperature fit -3.0,"{""anomaly"": -0.9, ""sst"": -3.0}",SST 71.0→71.6°F; SST anomaly 2.8→3.4°F,
2026-10-08T1351PT_v1,2026-10-07T1427PT_v1,2026-10-19,coronados,yellowfin_tuna,11,12,2,2,99.0,99.0,0.0,Excellent,Excellent,no material driver change,{},SST 71.0→71.6°F; SST anomaly 2.8→3.4°F,
2026-10-08T1351PT_v1,2026-10-07T1427PT_v1,2026-10-19,coronados,yellowtail,11,12,2,2,88.0,91.6,3.6,Very Good,Excellent,ENSO/SST anomaly boost +3.6,"{""anomaly"": 3.6}",SST 71.0→71.6°F; SST anomaly 2.8→3.4°F,
2026-10-08T1351PT_v1,2026-10-07T1427PT_v1,2026-10-19,cortez_tanner,bluefin_tuna,11,12,2,2,65.8,67.5,1.7,Good,Good,ENSO/SST anomaly boost +1.7,"{""anomaly"": 1.7}",SST 68.9→69.3°F; SST anomaly 2.2→2.7°F,
2026-10-08T1351PT_v1,2026-10-07T1427PT_v1,2026-10-19,cortez_tanner,dorado,11,12,2,2,41.1,49.5,8.4,Fair,Fair,water temperature fit +8.4,"{""sst"": 8.4}",SST 68.9→69.3°F; SST anomaly 2.2→2.7°F,
2026-10-08T1351PT_v1,2026-10-07T1427PT_v1,2026-10-19,cortez_tanner,rockfish,11,12,2,2,44.4,42.8,-1.6,Fair,Fair,ENSO/SST anomaly boost -1.6,"{""anomaly"": -1.6}",SST 68.9→69.3°F; SST anomaly 2.2→2.7°F,
2026-10-08T1351PT_v1,2026-10-07T1427PT_v1,2026-10-19,cortez_tanner,yellowfin_tuna,11,12,2,2,74.9,79.6,4.7,Good,Very Good,water temperature fit +4.7,"{""sst"": 4.7}",SST 68.9→69.3°F; SST anomaly 2.2→2.7°F,
2026-10-08T1351PT_v1,2026-10-07T1427PT_v1,2026-10-19,cortez_tanner,yellowtail,11,12,2,2,65.7,67.7,2.0,Good,Good,ENSO/SST anomaly boost +2.0,"{""anomaly"": 2.0}",SST 68.9→69.3°F; SST anomaly 2.2→2.7°F,
2026-10-08T1351PT_v1,2026-10-07T1427PT_v1,2026-10-19,la_jolla,barracuda,11,12,2,2,83.9,86.4,2.5,Very Good,Very Good,ENSO/SST anomaly boost +2.5,"{""anomaly"": 2.5}",SST 70.9→71.5°F; SST anomaly 2.8→3.4°F,
2026-10-08T1351PT_v1,2026-10-07T1427PT_v1,2026-10-19,la_jolla,bonito,11,12,2,2,98.4,99.0,0.6,Excellent,Excellent,no material driver change,"{""anomaly"": 0.6}",SST 70.9→71.5°F; SST anomaly 2.8→3.4°F,
2026-10-08T1351PT_v1,2026-10-07T1427PT_v1,2026-10-19,la_jolla,calico_bass,11,12,2,2,81.6,83.3,1.7,Very Good,Very Good,ENSO/SST anomaly boost +1.7,"{""anomaly"": 1.7}",SST 70.9→71.5°F; SST anomaly 2.8→3.4°F,
2026-10-08T1351PT_v1,2026-10-07T1427PT_v1,2026-10-19,la_jolla,california_halibut,11,12,2,2,41.5,37.1,-4.4,Fair,Poor,water temperature fit -2.8; ENSO/SST anomaly boost -1.6,"{""anomaly"": -1.6, ""sst"": -2.8}",SST 70.9→71.5°F; SST anomaly 2.8→3.4°F,
2026-10-08T1351PT_v1,2026-10-07T1427PT_v1,2026-10-19,la_jolla,rockfish,11,12,2,2,67.0,63.2,-3.8,Good,Good,ENSO/SST anomaly boost -3.8,"{""anomaly"": -3.8}",SST 70.9→71.5°F; SST anomaly 2.8→3.4°F,
2026-10-08T1351PT_v1,2026-10-07T1427PT_v1,2026-10-19,la_jolla,sheephead,11,12,2,2,74.0,74.0,0.0,Good,Good,no material driver change,{},SST 70.9→71.5°F; SST anomaly 2.8→3.4°F,
2026-10-08T1351PT_v1,2026-10-07T1427PT_v1,2026-10-19,la_jolla,white_seabass,11,12,2,2,41.7,37.2,-4.5,Fair,Poor,water temperature fit -3.5; ENSO/SST anomaly boost -1.0,"{""anomaly"": -1.0, ""sst"": -3.5}",SST 70.9→71.5°F; SST anomaly 2.8→3.4°F,
2026-10-08T1351PT_v1,2026-10-07T1427PT_v1,2026-10-19,la_jolla,yellowtail,11,12,2,2,95.1,96.9,1.8,Excellent,Excellent,ENSO/SST anomaly boost +1.8,"{""anomaly"": 1.8}",SST 70.9→71.5°F; SST anomaly 2.8→3.4°F,
2026-10-08T1351PT_v1,2026-10-07T1427PT_v1,2026-10-19,mission_bay,california_halibut,11,12,2,2,22.7,19.0,-3.7,Poor,Poor,water temperature fit -3.1,"{""anomaly"": -0.6, ""sst"": -3.1}",SST 72.8→73.2°F; SST anomaly 3.0→3.4°F,
2026-10-08T1351PT_v1,2026-10-07T1427PT_v1,2026-10-19,mission_bay,sand_bass,11,12,2,2,61.6,62.9,1.3,Good,Good,ENSO/SST anomaly boost +1.3,"{""anomaly"": 1.3}",SST 72.8→73.2°F; SST anomaly 3.0→3.4°F,
2026-10-08T1351PT_v1,2026-10-07T1427PT_v1,2026-10-19,mission_bay,spotted_bay_bass,11,12,2,2,53.2,54.3,1.1,Fair,Fair,ENSO/SST anomaly boost +1.1,"{""anomaly"": 1.1}",SST 72.8→73.2°F; SST anomaly 3.0→3.4°F,
2026-10-08T1351PT_v1,2026-10-07T1427PT_v1,2026-10-19,nine_mile,barracuda,11,12,2,2,81.6,84.3,2.7,Very Good,Very Good,ENSO/SST anomaly boost +2.7,"{""anomaly"": 2.7}",SST 71.2→71.9°F; SST anomaly 2.4→3.1°F,
2026-10-08T1351PT_v1,2026-10-07T1427PT_v1,2026-10-19,nine_mile,bluefin_tuna,11,12,2,2,94.0,93.7,-0.3,Excellent,Excellent,water temperature fit -2.6; ENSO/SST anomaly boost +2.3,"{""anomaly"": 2.3, ""sst"": -2.6}",SST 71.2→71.9°F; SST anomaly 2.4→3.1°F,
2026-10-08T1351PT_v1,2026-10-07T1427PT_v1,2026-10-19,nine_mile,bonito,11,12,2,2,97.5,98.6,1.1,Excellent,Excellent,ENSO/SST anomaly boost +1.1,"{""anomaly"": 1.1}",SST 71.2→71.9°F; SST anomaly 2.4→3.1°F,
2026-10-08T1351PT_v1,2026-10-07T1427PT_v1,2026-10-19,nine_mile,dorado,11,12,2,2,98.6,99.6,1.0,Excellent,Excellent,water temperature fit +1.0,"{""sst"": 1.0}",SST 71.2→71.9°F; SST anomaly 2.4→3.1°F,
2026-10-08T1351PT_v1,2026-10-07T1427PT_v1,2026-10-19,nine_mile,rockfish,11,12,2,2,67.8,63.6,-4.2,Good,Good,ENSO/SST anomaly boost -4.2,"{""anomaly"": -4.2}",SST 71.2→71.9°F; SST anomaly 2.4→3.1°F,
2026-10-08T1351PT_v1,2026-10-07T1427PT_v1,2026-10-19,nine_mile,yellowfin_tuna,11,12,2,2,99.7,99.7,0.0,Excellent,Excellent,no material driver change,{},SST 71.2→71.9°F; SST anomaly 2.4→3.1°F,
2026-10-08T1351PT_v1,2026-10-07T1427PT_v1,2026-10-19,nine_mile,yellowtail,11,12,2,2,93.1,95.8,2.7,Excellent,Excellent,ENSO/SST anomaly boost +2.7,"{""anomaly"": 2.7}",SST 71.2→71.9°F; SST anomaly 2.4→3.1°F,
2026-10-08T1351PT_v1,2026-10-07T1427PT_v1,2026-10-19,outer_banks,bluefin_tuna,11,12,2,2,85.9,85.5,-0.4,Very Good,Very Good,water temperature fit -3.5; ENSO/SST anomaly boost +3.1,"{""anomaly"": 3.1, ""sst"": -3.5}",SST 71.3→71.8°F; SST anomaly 2.3→2.9°F,
2026-10-08T1351PT_v1,2026-10-07T1427PT_v1,2026-10-19,outer_banks,bonito,11,12,2,2,93.6,95.7,2.1,Excellent,Excellent,ENSO/SST anomaly boost +2.1,"{""anomaly"": 2.1}",SST 71.3→71.8°F; SST anomaly 2.3→2.9°F,
2026-10-08T1351PT_v1,2026-10-07T1427PT_v1,2026-10-19,outer_banks,dorado,11,12,2,2,96.8,98.6,1.8,Excellent,Excellent,water temperature fit +1.8,"{""sst"": 1.8}",SST 71.3→71.8°F; SST anomaly 2.3→2.9°F,
2026-10-08T1351PT_v1,2026-10-07T1427PT_v1,2026-10-19,outer_banks,rockfish,11,12,2,2,61.8,58.8,-3.0,Good,Fair,ENSO/SST anomaly boost -3.0,"{""anomaly"": -3.0}",SST 71.3→71.8°F; SST anomaly 2.3→2.9°F,
2026-10-08T1351PT_v1,2026-10-07T1427PT_v1,2026-10-19,outer_banks,sheephead,11,12,2,2,65.9,65.9,0.0,Good,Good,no material driver change,{},SST 71.3→71.8°F; SST anomaly 2.3→2.9°F,
2026-10-08T1351PT_v1,2026-10-07T1427PT_v1,2026-10-19,outer_banks,white_seabass,11,12,2,2,36.6,32.6,-4.0,Poor,Poor,water temperature fit -3.2,"{""anomaly"": -0.8, ""sst"": -3.2}",SST 71.3→71.8°F; SST anomaly 2.3→2.9°F,
2026-10-08T1351PT_v1,2026-10-07T1427PT_v1,2026-10-19,outer_banks,yellowfin_tuna,11,12,2,2,99.0,99.0,0.0,Excellent,Excellent,no material driver change,{},SST 71.3→71.8°F; SST anomaly 2.3→2.9°F,
2026-10-08T1351PT_v1,2026-10-07T1427PT_v1,2026-10-19,outer_banks,yellowtail,11,12,2,2,85.1,88.7,3.6,Very Good,Very Good,ENSO/SST anomaly boost +3.6,"{""anomaly"": 3.6}",SST 71.3→71.8°F; SST anomaly 2.3→2.9°F,
2026-10-08T1351PT_v1,2026-10-07T1427PT_v1,2026-10-19,pt_loma_kelp,barracuda,11,12,2,2,82.6,85.4,2.8,Very Good,Very Good,ENSO/SST anomaly boost +2.8,"{""anomaly"": 2.8}",SST 70.6→71.4°F; SST anomaly 2.6→3.3°F,
2026-10-08T1351PT_v1,2026-10-07T1427PT_v1,2026-10-19,pt_loma_kelp,bonito,11,12,2,2,98.0,98.8,0.8,Excellent,Excellent,no material driver change,"{""anomaly"": 0.8}",SST 70.6→71.4°F; SST anomaly 2.6→3.3°F,
2026-10-08T1351PT_v1,2026-10-07T1427PT_v1,2026-10-19,pt_loma_kelp,calico_bass,11,12,2,2,80.4,82.3,1.9,Very Good,Very Good,ENSO/SST anomaly boost +1.9,"{""anomaly"": 1.9}",SST 70.6→71.4°F; SST anomaly 2.6→3.3°F,
2026-10-08T1351PT_v1,2026-10-07T1427PT_v1,2026-10-19,pt_loma_kelp,california_halibut,11,12,2,2,42.8,37.9,-4.9,Fair,Poor,water temperature fit -3.0; ENSO/SST anomaly boost -1.9,"{""anomaly"": -1.9, ""sst"": -3.0}",SST 70.6→71.4°F; SST anomaly 2.6→3.3°F,
2026-10-08T1351PT_v1,2026-10-07T1427PT_v1,2026-10-19,pt_loma_kelp,rockfish,11,12,2,2,64.6,59.3,-5.3,Good,Fair,ENSO/SST anomaly boost -4.1; water temperature fit -1.2,"{""anomaly"": -4.1, ""sst"": -1.2}",SST 70.6→71.4°F; SST anomaly 2.6→3.3°F,
2026-10-08T1351PT_v1,2026-10-07T1427PT_v1,2026-10-19,pt_loma_kelp,sand_bass,11,12,2,2,77.0,79.7,2.7,Very Good,Very Good,ENSO/SST anomaly boost +2.7,"{""anomaly"": 2.7}",SST 70.6→71.4°F; SST anomaly 2.6→3.3°F,
2026-10-08T1351PT_v1,2026-10-07T1427PT_v1,2026-10-19,pt_loma_kelp,sheephead,11,12,2,2,72.4,72.4,0.0,Good,Good,no material driver change,{},SST 70.6→71.4°F; SST anomaly 2.6→3.3°F,
2026-10-08T1351PT_v1,2026-10-07T1427PT_v1,2026-10-19,pt_loma_kelp,white_seabass,11,12,2,2,42.9,38.1,-4.8,Fair,Poor,water temperature fit -3.6; ENSO/SST anomaly boost -1.2,"{""anomaly"": -1.2, ""sst"": -3.6}",SST 70.6→71.4°F; SST anomaly 2.6→3.3°F,
2026-10-08T1351PT_v1,2026-10-07T1427PT_v1,2026-10-19,pt_loma_kelp,yellowtail,11,12,2,2,94.2,96.5,2.3,Excellent,Excellent,ENSO/SST anomaly boost +2.3,"{""anomaly"": 2.3}",SST 70.6→71.4°F; SST anomaly 2.6→3.3°F,
2026-10-08T1351PT_v1,2026-10-07T1427PT_v1,2026-10-19,sd_bay,california_halibut,11,12,2,2,23.0,19.2,-3.8,Poor,Poor,water temperature fit -3.2,"{""anomaly"": -0.6, ""sst"": -3.2}",SST 72.7→73.2°F; SST anomaly 2.9→3.4°F,
2026-10-08T1351PT_v1,2026-10-07T1427PT_v1,2026-10-19,sd_bay,sand_bass,11,12,2,2,61.5,62.8,1.3,Good,Good,ENSO/SST anomaly boost +1.3,"{""anomaly"": 1.3}",SST 72.7→73.2°F; SST anomaly 2.9→3.4°F,
2026-10-08T1351PT_v1,2026-10-07T1427PT_v1,2026-10-19,sd_bay,spotted_bay_bass,11,12,2,2,53.1,54.2,1.1,Fair,Fair,ENSO/SST anomaly boost +1.1,"{""anomaly"": 1.1}",SST 72.7→73.2°F; SST anomaly 2.9→3.4°F,
2026-10-08T1351PT_v1,2026-10-07T1427PT_v1,2026-10-19,surf_zone,barred_surfperch,11,12,2,2,41.6,40.7,-0.9,Fair,Fair,no material driver change,"{""anomaly"": -0.5, ""sst"": -0.4}",,
2026-10-08T1351PT_v1,2026-10-07T1427PT_v1,2026-10-19,surf_zone,calico_bass,11,12,2,2,82.2,82.4,0.2,Very Good,Very Good,no material driver change,"{""anomaly"": 0.2}",,
2026-10-08T1351PT_v1,2026-10-07T1427PT_v1,2026-10-19,surf_zone,california_halibut,11,12,2,2,47.4,46.8,-0.6,Fair,Fair,no material driver change,"{""anomaly"": -0.3, ""sst"": -0.3}",,
2026-10-08T1351PT_v1,2026-10-07T1427PT_v1,2026-10-19,surf_zone,corbina,11,12,2,2,87.8,88.3,0.5,Very Good,Very Good,no material driver change,"{""anomaly"": 0.5}",,
2026-10-08T1351PT_v1,2026-10-07T1427PT_v1,2026-10-19,surf_zone,sand_bass,11,12,2,2,78.8,79.2,0.4,Very Good,Very Good,no material driver change,"{""anomaly"": 0.4}",,
2026-10-08T1351PT_v1,2026-10-07T1427PT_v1,2026-10-20,coronados,barracuda,12,13,2,2,79.0,81.0,2.0,Very Good,Very Good,ENSO/SST anomaly boost +2.0,"{""anomaly"": 2.0}",SST 70.7→71.2°F; SST anomaly 2.6→3.1°F,
2026-10-08T1351PT_v1,2026-10-07T1427PT_v1,2026-10-20,coronados,bluefin_tuna,12,13,2,2,91.4,92.7,1.3,Excellent,Excellent,ENSO/SST anomaly boost +2.3,"{""anomaly"": 2.3, ""sst"": -1.0}",SST 70.7→71.2°F; SST anomaly 2.6→3.1°F,
2026-10-08T1351PT_v1,2026-10-07T1427PT_v1,2026-10-20,coronados,bonito,12,13,2,2,95.4,96.9,1.5,Excellent,Excellent,ENSO/SST anomaly boost +1.5,"{""anomaly"": 1.5}",SST 70.7→71.2°F; SST anomaly 2.6→3.1°F,
2026-10-08T1351PT_v1,2026-10-07T1427PT_v1,2026-10-20,coronados,calico_bass,12,13,2,2,77.3,78.7,1.4,Very Good,Very Good,ENSO/SST anomaly boost +1.4,"{""anomaly"": 1.4}",SST 70.7→71.2°F; SST anomaly 2.6→3.1°F,
2026-10-08T1351PT_v1,2026-10-07T1427PT_v1,2026-10-20,coronados,dorado,12,13,2,2,91.9,96.7,4.8,Excellent,Excellent,water temperature fit +4.8,"{""sst"": 4.8}",SST 70.7→71.2°F; SST anomaly 2.6→3.1°F,
2026-10-08T1351PT_v1,2026-10-07T1427PT_v1,2026-10-20,coronados,rockfish,12,13,2,2,64.3,61.2,-3.1,Good,Good,ENSO/SST anomaly boost -3.1,"{""anomaly"": -3.1}",SST 70.7→71.2°F; SST anomaly 2.6→3.1°F,
2026-10-08T1351PT_v1,2026-10-07T1427PT_v1,2026-10-20,coronados,sheephead,12,13,2,2,70.9,70.9,0.0,Good,Good,no material driver change,{},SST 70.7→71.2°F; SST anomaly 2.6→3.1°F,
2026-10-08T1351PT_v1,2026-10-07T1427PT_v1,2026-10-20,coronados,white_seabass,12,13,2,2,40.2,36.9,-3.3,Fair,Poor,water temperature fit -2.5,"{""anomaly"": -0.8, ""sst"": -2.5}",SST 70.7→71.2°F; SST anomaly 2.6→3.1°F,
2026-10-08T1351PT_v1,2026-10-07T1427PT_v1,2026-10-20,coronados,yellowfin_tuna,12,13,2,2,99.0,99.0,0.0,Excellent,Excellent,no material driver change,{},SST 70.7→71.2°F; SST anomaly 2.6→3.1°F,
2026-10-08T1351PT_v1,2026-10-07T1427PT_v1,2026-10-20,coronados,yellowtail,12,13,2,2,91.2,93.9,2.7,Excellent,Excellent,ENSO/SST anomaly boost +2.7,"{""anomaly"": 2.7}",SST 70.7→71.2°F; SST anomaly 2.6→3.1°F,
2026-10-08T1351PT_v1,2026-10-07T1427PT_v1,2026-10-20,cortez_tanner,bluefin_tuna,12,13,2,2,67.0,68.6,1.6,Good,Good,ENSO/SST anomaly boost +1.6,"{""anomaly"": 1.6}",SST 68.6→69.0°F; SST anomaly 2.0→2.4°F,
2026-10-08T1351PT_v1,2026-10-07T1427PT_v1,2026-10-20,cortez_tanner,dorado,12,13,2,2,34.9,43.8,8.9,Poor,Fair,water temperature fit +8.9,"{""sst"": 8.9}",SST 68.6→69.0°F; SST anomaly 2.0→2.4°F,
2026-10-08T1351PT_v1,2026-10-07T1427PT_v1,2026-10-20,cortez_tanner,rockfish,12,13,2,2,48.0,46.5,-1.5,Fair,Fair,ENSO/SST anomaly boost -1.5,"{""anomaly"": -1.5}",SST 68.6→69.0°F; SST anomaly 2.0→2.4°F,
2026-10-08T1351PT_v1,2026-10-07T1427PT_v1,2026-10-20,cortez_tanner,yellowfin_tuna,12,13,2,2,70.7,76.4,5.7,Good,Very Good,water temperature fit +4.4; ENSO/SST anomaly boost +1.3,"{""anomaly"": 1.3, ""sst"": 4.4}",SST 68.6→69.0°F; SST anomaly 2.0→2.4°F,
2026-10-08T1351PT_v1,2026-10-07T1427PT_v1,2026-10-20,cortez_tanner,yellowtail,12,13,2,2,68.2,70.1,1.9,Good,Good,ENSO/SST anomaly boost +1.9,"{""anomaly"": 1.9}",SST 68.6→69.0°F; SST anomaly 2.0→2.4°F,
2026-10-08T1351PT_v1,2026-10-07T1427PT_v1,2026-10-20,la_jolla,barracuda,12,13,2,2,87.2,89.6,2.4,Very Good,Very Good,ENSO/SST anomaly boost +2.4,"{""anomaly"": 2.4}",SST 70.6→71.1°F; SST anomaly 2.5→3.1°F,
2026-10-08T1351PT_v1,2026-10-07T1427PT_v1,2026-10-20,la_jolla,bonito,12,13,2,2,98.4,99.0,0.6,Excellent,Excellent,no material driver change,"{""anomaly"": 0.6}",SST 70.6→71.1°F; SST anomaly 2.5→3.1°F,
2026-10-08T1351PT_v1,2026-10-07T1427PT_v1,2026-10-20,la_jolla,calico_bass,12,13,2,2,85.5,87.1,1.6,Very Good,Very Good,ENSO/SST anomaly boost +1.6,"{""anomaly"": 1.6}",SST 70.6→71.1°F; SST anomaly 2.5→3.1°F,
2026-10-08T1351PT_v1,2026-10-07T1427PT_v1,2026-10-20,la_jolla,california_halibut,12,13,2,2,48.6,44.2,-4.4,Fair,Fair,water temperature fit -2.7; ENSO/SST anomaly boost -1.7,"{""anomaly"": -1.7, ""sst"": -2.7}",SST 70.6→71.1°F; SST anomaly 2.5→3.1°F,
2026-10-08T1351PT_v1,2026-10-07T1427PT_v1,2026-10-20,la_jolla,rockfish,12,13,2,2,72.6,68.9,-3.7,Good,Good,ENSO/SST anomaly boost -3.7,"{""anomaly"": -3.7}",SST 70.6→71.1°F; SST anomaly 2.5→3.1°F,
2026-10-08T1351PT_v1,2026-10-07T1427PT_v1,2026-10-20,la_jolla,sheephead,12,13,2,2,79.5,79.5,0.0,Very Good,Very Good,no material driver change,{},SST 70.6→71.1°F; SST anomaly 2.5→3.1°F,
2026-10-08T1351PT_v1,2026-10-07T1427PT_v1,2026-10-20,la_jolla,white_seabass,12,13,2,2,45.1,41.3,-3.8,Fair,Fair,water temperature fit -2.8; ENSO/SST anomaly boost -1.0,"{""anomaly"": -1.0, ""sst"": -2.8}",SST 70.6→71.1°F; SST anomaly 2.5→3.1°F,
2026-10-08T1351PT_v1,2026-10-07T1427PT_v1,2026-10-20,la_jolla,yellowtail,12,13,2,2,96.5,97.7,1.2,Excellent,Excellent,ENSO/SST anomaly boost +1.2,"{""anomaly"": 1.2}",SST 70.6→71.1°F; SST anomaly 2.5→3.1°F,
2026-10-08T1351PT_v1,2026-10-07T1427PT_v1,2026-10-20,mission_bay,california_halibut,12,13,2,2,28.8,25.4,-3.4,Poor,Poor,water temperature fit -2.7,"{""anomaly"": -0.7, ""sst"": -2.7}",SST 72.4→72.8°F; SST anomaly 2.7→3.1°F,
2026-10-08T1351PT_v1,2026-10-07T1427PT_v1,2026-10-20,mission_bay,sand_bass,12,13,2,2,64.6,65.9,1.3,Good,Good,ENSO/SST anomaly boost +1.3,"{""anomaly"": 1.3}",SST 72.4→72.8°F; SST anomaly 2.7→3.1°F,
2026-10-08T1351PT_v1,2026-10-07T1427PT_v1,2026-10-20,mission_bay,spotted_bay_bass,12,13,2,2,62.7,64.0,1.3,Good,Good,ENSO/SST anomaly boost +1.3,"{""anomaly"": 1.3}",SST 72.4→72.8°F; SST anomaly 2.7→3.1°F,
2026-10-08T1351PT_v1,2026-10-07T1427PT_v1,2026-10-20,nine_mile,barracuda,12,13,2,2,85.2,87.8,2.6,Very Good,Very Good,ENSO/SST anomaly boost +2.6,"{""anomaly"": 2.6}",SST 70.9→71.5°F; SST anomaly 2.2→2.8°F,
2026-10-08T1351PT_v1,2026-10-07T1427PT_v1,2026-10-20,nine_mile,bluefin_tuna,12,13,2,2,95.6,95.7,0.1,Excellent,Excellent,ENSO/SST anomaly boost +1.2; water temperature fit -1.1,"{""anomaly"": 1.2, ""sst"": -1.1}",SST 70.9→71.5°F; SST anomaly 2.2→2.8°F,
2026-10-08T1351PT_v1,2026-10-07T1427PT_v1,2026-10-20,nine_mile,bonito,12,13,2,2,97.6,98.5,0.9,Excellent,Excellent,no material driver change,"{""anomaly"": 0.9}",SST 70.9→71.5°F; SST anomaly 2.2→2.8°F,
2026-10-08T1351PT_v1,2026-10-07T1427PT_v1,2026-10-20,nine_mile,dorado,12,13,2,2,97.9,99.3,1.4,Excellent,Excellent,water temperature fit +1.4,"{""sst"": 1.4}",SST 70.9→71.5°F; SST anomaly 2.2→2.8°F,
2026-10-08T1351PT_v1,2026-10-07T1427PT_v1,2026-10-20,nine_mile,rockfish,12,13,2,2,73.1,69.2,-3.9,Good,Good,ENSO/SST anomaly boost -3.9,"{""anomaly"": -3.9}",SST 70.9→71.5°F; SST anomaly 2.2→2.8°F,
2026-10-08T1351PT_v1,2026-10-07T1427PT_v1,2026-10-20,nine_mile,yellowfin_tuna,12,13,2,2,99.7,99.7,0.0,Excellent,Excellent,no material driver change,{},SST 70.9→71.5°F; SST anomaly 2.2→2.8°F,
2026-10-08T1351PT_v1,2026-10-07T1427PT_v1,2026-10-20,nine_mile,yellowtail,12,13,2,2,95.3,97.0,1.7,Excellent,Excellent,ENSO/SST anomaly boost +1.7,"{""anomaly"": 1.7}",SST 70.9→71.5°F; SST anomaly 2.2→2.8°F,
2026-10-08T1351PT_v1,2026-10-07T1427PT_v1,2026-10-20,outer_banks,bluefin_tuna,12,13,2,2,89.1,89.0,-0.1,Very Good,Very Good,water temperature fit -1.8; ENSO/SST anomaly boost +1.7,"{""anomaly"": 1.7, ""sst"": -1.8}",SST 71.0→71.5°F; SST anomaly 2.1→2.7°F,
2026-10-08T1351PT_v1,2026-10-07T1427PT_v1,2026-10-20,outer_banks,bonito,12,13,2,2,93.8,95.7,1.9,Excellent,Excellent,ENSO/SST anomaly boost +1.9,"{""anomaly"": 1.9}",SST 71.0→71.5°F; SST anomaly 2.1→2.7°F,
2026-10-08T1351PT_v1,2026-10-07T1427PT_v1,2026-10-20,outer_banks,dorado,12,13,2,2,95.3,97.9,2.6,Excellent,Excellent,water temperature fit +2.6,"{""sst"": 2.6}",SST 71.0→71.5°F; SST anomaly 2.1→2.7°F,
2026-10-08T1351PT_v1,2026-10-07T1427PT_v1,2026-10-20,outer_banks,rockfish,12,13,2,2,66.6,63.7,-2.9,Good,Good,ENSO/SST anomaly boost -2.9,"{""anomaly"": -2.9}",SST 71.0→71.5°F; SST anomaly 2.1→2.7°F,
2026-10-08T1351PT_v1,2026-10-07T1427PT_v1,2026-10-20,outer_banks,sheephead,12,13,2,2,70.9,70.9,0.0,Good,Good,no material driver change,{},SST 71.0→71.5°F; SST anomaly 2.1→2.7°F,
2026-10-08T1351PT_v1,2026-10-07T1427PT_v1,2026-10-20,outer_banks,white_seabass,12,13,2,2,39.4,35.9,-3.5,Poor,Poor,water temperature fit -2.7,"{""anomaly"": -0.8, ""sst"": -2.7}",SST 71.0→71.5°F; SST anomaly 2.1→2.7°F,
2026-10-08T1351PT_v1,2026-10-07T1427PT_v1,2026-10-20,outer_banks,yellowfin_tuna,12,13,2,2,99.0,99.0,0.0,Excellent,Excellent,no material driver change,{},SST 71.0→71.5°F; SST anomaly 2.1→2.7°F,
2026-10-08T1351PT_v1,2026-10-07T1427PT_v1,2026-10-20,outer_banks,yellowtail,12,13,2,2,88.5,91.8,3.3,Very Good,Excellent,ENSO/SST anomaly boost +3.3,"{""anomaly"": 3.3}",SST 71.0→71.5°F; SST anomaly 2.1→2.7°F,
2026-10-08T1351PT_v1,2026-10-07T1427PT_v1,2026-10-20,pt_loma_kelp,barracuda,12,13,2,2,86.0,88.7,2.7,Very Good,Very Good,ENSO/SST anomaly boost +2.7,"{""anomaly"": 2.7}",SST 70.3→71.0°F; SST anomaly 2.4→3.0°F,
2026-10-08T1351PT_v1,2026-10-07T1427PT_v1,2026-10-20,pt_loma_kelp,bonito,12,13,2,2,98.0,98.8,0.8,Excellent,Excellent,no material driver change,"{""anomaly"": 0.8}",SST 70.3→71.0°F; SST anomaly 2.4→3.0°F,
2026-10-08T1351PT_v1,2026-10-07T1427PT_v1,2026-10-20,pt_loma_kelp,calico_bass,12,13,2,2,84.4,86.2,1.8,Very Good,Very Good,ENSO/SST anomaly boost +1.8,"{""anomaly"": 1.8}",SST 70.3→71.0°F; SST anomaly 2.4→3.0°F,
2026-10-08T1351PT_v1,2026-10-07T1427PT_v1,2026-10-20,pt_loma_kelp,california_halibut,12,13,2,2,50.0,45.1,-4.9,Fair,Fair,water temperature fit -2.9; ENSO/SST anomaly boost -2.0,"{""anomaly"": -2.0, ""sst"": -2.9}",SST 70.3→71.0°F; SST anomaly 2.4→3.0°F,
2026-10-08T1351PT_v1,2026-10-07T1427PT_v1,2026-10-20,pt_loma_kelp,rockfish,12,13,2,2,70.6,65.6,-5.0,Good,Good,ENSO/SST anomaly boost -3.9; water temperature fit -1.1,"{""anomaly"": -3.9, ""sst"": -1.1}",SST 70.3→71.0°F; SST anomaly 2.4→3.0°F,
2026-10-08T1351PT_v1,2026-10-07T1427PT_v1,2026-10-20,pt_loma_kelp,sand_bass,12,13,2,2,80.5,83.0,2.5,Very Good,Very Good,ENSO/SST anomaly boost +2.5,"{""anomaly"": 2.5}",SST 70.3→71.0°F; SST anomaly 2.4→3.0°F,
2026-10-08T1351PT_v1,2026-10-07T1427PT_v1,2026-10-20,pt_loma_kelp,sheephead,12,13,2,2,77.9,77.9,0.0,Very Good,Very Good,no material driver change,{},SST 70.3→71.0°F; SST anomaly 2.4→3.0°F,
2026-10-08T1351PT_v1,2026-10-07T1427PT_v1,2026-10-20,pt_loma_kelp,white_seabass,12,13,2,2,46.2,42.0,-4.2,Fair,Fair,water temperature fit -3.1; ENSO/SST anomaly boost -1.1,"{""anomaly"": -1.1, ""sst"": -3.1}",SST 70.3→71.0°F; SST anomaly 2.4→3.0°F,
2026-10-08T1351PT_v1,2026-10-07T1427PT_v1,2026-10-20,pt_loma_kelp,yellowtail,12,13,2,2,95.9,97.4,1.5,Excellent,Excellent,ENSO/SST anomaly boost +1.5,"{""anomaly"": 1.5}",SST 70.3→71.0°F; SST anomaly 2.4→3.0°F,
2026-10-08T1351PT_v1,2026-10-07T1427PT_v1,2026-10-20,sd_bay,california_halibut,12,13,2,2,29.1,25.7,-3.4,Poor,Poor,water temperature fit -2.6,"{""anomaly"": -0.8, ""sst"": -2.6}",SST 72.3→72.8°F; SST anomaly 2.6→3.0°F,
2026-10-08T1351PT_v1,2026-10-07T1427PT_v1,2026-10-20,sd_bay,sand_bass,12,13,2,2,64.5,65.8,1.3,Good,Good,ENSO/SST anomaly boost +1.3,"{""anomaly"": 1.3}",SST 72.3→72.8°F; SST anomaly 2.6→3.0°F,
2026-10-08T1351PT_v1,2026-10-07T1427PT_v1,2026-10-20,sd_bay,spotted_bay_bass,12,13,2,2,62.6,63.9,1.3,Good,Good,ENSO/SST anomaly boost +1.3,"{""anomaly"": 1.3}",SST 72.3→72.8°F; SST anomaly 2.6→3.0°F,
2026-10-08T1351PT_v1,2026-10-07T1427PT_v1,2026-10-20,surf_zone,barred_surfperch,12,13,2,2,47.0,46.1,-0.9,Fair,Fair,no material driver change,"{""anomaly"": -0.5, ""sst"": -0.4}",,
2026-10-08T1351PT_v1,2026-10-07T1427PT_v1,2026-10-20,surf_zone,calico_bass,12,13,2,2,86.0,86.3,0.3,Very Good,Very Good,no material driver change,"{""anomaly"": 0.3}",,
2026-10-08T1351PT_v1,2026-10-07T1427PT_v1,2026-10-20,surf_zone,california_halibut,12,13,2,2,54.8,54.1,-0.7,Fair,Fair,no material driver change,"{""anomaly"": -0.3, ""sst"": -0.4}",,
2026-10-08T1351PT_v1,2026-10-07T1427PT_v1,2026-10-20,surf_zone,corbina,12,13,2,2,90.2,90.7,0.5,Excellent,Excellent,no material driver change,"{""anomaly"": 0.5}",,
2026-10-08T1351PT_v1,2026-10-07T1427PT_v1,2026-10-20,surf_zone,sand_bass,12,13,2,2,82.1,82.5,0.4,Very Good,Very Good,no material driver change,"{""anomaly"": 0.4}",,
2026-10-08T1351PT_v1,2026-10-07T1427PT_v1,2026-10-21,coronados,barracuda,13,14,2,2,79.4,81.3,1.9,Very Good,Very Good,ENSO/SST anomaly boost +1.9,"{""anomaly"": 1.9}",SST 70.4→70.9°F; SST anomaly 2.4→2.8°F,
2026-10-08T1351PT_v1,2026-10-07T1427PT_v1,2026-10-21,coronados,bluefin_tuna,13,14,2,2,92.0,94.0,2.0,Excellent,Excellent,ENSO/SST anomaly boost +2.0,"{""anomaly"": 2.0}",SST 70.4→70.9°F; SST anomaly 2.4→2.8°F,
2026-10-08T1351PT_v1,2026-10-07T1427PT_v1,2026-10-21,coronados,bonito,13,14,2,2,94.8,96.4,1.6,Excellent,Excellent,ENSO/SST anomaly boost +1.6,"{""anomaly"": 1.6}",SST 70.4→70.9°F; SST anomaly 2.4→2.8°F,
2026-10-08T1351PT_v1,2026-10-07T1427PT_v1,2026-10-21,coronados,calico_bass,13,14,2,2,78.0,79.3,1.3,Very Good,Very Good,ENSO/SST anomaly boost +1.3,"{""anomaly"": 1.3}",SST 70.4→70.9°F; SST anomaly 2.4→2.8°F,
2026-10-08T1351PT_v1,2026-10-07T1427PT_v1,2026-10-21,coronados,dorado,13,14,2,2,86.4,93.9,7.5,Very Good,Excellent,water temperature fit +7.5,"{""sst"": 7.5}",SST 70.4→70.9°F; SST anomaly 2.4→2.8°F,
2026-10-08T1351PT_v1,2026-10-07T1427PT_v1,2026-10-21,coronados,rockfish,13,14,2,2,66.2,63.4,-2.8,Good,Good,ENSO/SST anomaly boost -2.8,"{""anomaly"": -2.8}",SST 70.4→70.9°F; SST anomaly 2.4→2.8°F,
2026-10-08T1351PT_v1,2026-10-07T1427PT_v1,2026-10-21,coronados,sheephead,13,14,2,2,72.4,72.4,0.0,Good,Good,no material driver change,{},SST 70.4→70.9°F; SST anomaly 2.4→2.8°F,
2026-10-08T1351PT_v1,2026-10-07T1427PT_v1,2026-10-21,coronados,white_seabass,13,14,2,2,42.1,39.3,-2.8,Fair,Poor,water temperature fit -2.0,"{""anomaly"": -0.8, ""sst"": -2.0}",SST 70.4→70.9°F; SST anomaly 2.4→2.8°F,
2026-10-08T1351PT_v1,2026-10-07T1427PT_v1,2026-10-21,coronados,yellowfin_tuna,13,14,2,2,99.0,99.0,0.0,Excellent,Excellent,no material driver change,{},SST 70.4→70.9°F; SST anomaly 2.4→2.8°F,
2026-10-08T1351PT_v1,2026-10-07T1427PT_v1,2026-10-21,coronados,yellowtail,13,14,2,2,91.1,93.6,2.5,Excellent,Excellent,ENSO/SST anomaly boost +2.5,"{""anomaly"": 2.5}",SST 70.4→70.9°F; SST anomaly 2.4→2.8°F,
2026-10-08T1351PT_v1,2026-10-07T1427PT_v1,2026-10-21,cortez_tanner,bluefin_tuna,13,14,2,2,67.8,69.4,1.6,Good,Good,ENSO/SST anomaly boost +1.6,"{""anomaly"": 1.6}",SST 68.4→68.7°F; SST anomaly 1.8→2.2°F,
2026-10-08T1351PT_v1,2026-10-07T1427PT_v1,2026-10-21,cortez_tanner,dorado,13,14,2,2,28.0,37.8,9.8,Poor,Poor,water temperature fit +9.8,"{""sst"": 9.8}",SST 68.4→68.7°F; SST anomaly 1.8→2.2°F,
2026-10-08T1351PT_v1,2026-10-07T1427PT_v1,2026-10-21,cortez_tanner,rockfish,13,14,2,2,49.7,48.2,-1.5,Fair,Fair,ENSO/SST anomaly boost -1.5,"{""anomaly"": -1.5}",SST 68.4→68.7°F; SST anomaly 1.8→2.2°F,
2026-10-08T1351PT_v1,2026-10-07T1427PT_v1,2026-10-21,cortez_tanner,yellowfin_tuna,13,14,2,2,66.2,73.5,7.3,Good,Good,water temperature fit +4.3; ENSO/SST anomaly boost +3.0,"{""anomaly"": 3.0, ""sst"": 4.3}",SST 68.4→68.7°F; SST anomaly 1.8→2.2°F,
2026-10-08T1351PT_v1,2026-10-07T1427PT_v1,2026-10-21,cortez_tanner,yellowtail,13,14,2,2,68.3,70.2,1.9,Good,Good,ENSO/SST anomaly boost +1.9,"{""anomaly"": 1.9}",SST 68.4→68.7°F; SST anomaly 1.8→2.2°F,
2026-10-08T1351PT_v1,2026-10-07T1427PT_v1,2026-10-21,la_jolla,barracuda,13,14,2,2,87.4,89.7,2.3,Very Good,Very Good,ENSO/SST anomaly boost +2.3,"{""anomaly"": 2.3}",SST 70.2→70.8°F; SST anomaly 2.3→2.8°F,
2026-10-08T1351PT_v1,2026-10-07T1427PT_v1,2026-10-21,la_jolla,bonito,13,14,2,2,98.1,98.8,0.7,Excellent,Excellent,no material driver change,"{""anomaly"": 0.7}",SST 70.2→70.8°F; SST anomaly 2.3→2.8°F,
2026-10-08T1351PT_v1,2026-10-07T1427PT_v1,2026-10-21,la_jolla,calico_bass,13,14,2,2,86.1,87.6,1.5,Very Good,Very Good,ENSO/SST anomaly boost +1.5,"{""anomaly"": 1.5}",SST 70.2→70.8°F; SST anomaly 2.3→2.8°F,
2026-10-08T1351PT_v1,2026-10-07T1427PT_v1,2026-10-21,la_jolla,california_halibut,13,14,2,2,52.3,48.3,-4.0,Fair,Fair,water temperature fit -2.3; ENSO/SST anomaly boost -1.7,"{""anomaly"": -1.7, ""sst"": -2.3}",SST 70.2→70.8°F; SST anomaly 2.3→2.8°F,
2026-10-08T1351PT_v1,2026-10-07T1427PT_v1,2026-10-21,la_jolla,rockfish,13,14,2,2,74.8,71.4,-3.4,Good,Good,ENSO/SST anomaly boost -3.4,"{""anomaly"": -3.4}",SST 70.2→70.8°F; SST anomaly 2.3→2.8°F,
2026-10-08T1351PT_v1,2026-10-07T1427PT_v1,2026-10-21,la_jolla,sheephead,13,14,2,2,81.0,81.0,0.0,Very Good,Very Good,no material driver change,{},SST 70.2→70.8°F; SST anomaly 2.3→2.8°F,
2026-10-08T1351PT_v1,2026-10-07T1427PT_v1,2026-10-21,la_jolla,white_seabass,13,14,2,2,47.1,43.8,-3.3,Fair,Fair,water temperature fit -2.4,"{""anomaly"": -0.9, ""sst"": -2.4}",SST 70.2→70.8°F; SST anomaly 2.3→2.8°F,
2026-10-08T1351PT_v1,2026-10-07T1427PT_v1,2026-10-21,la_jolla,yellowtail,13,14,2,2,96.3,97.5,1.2,Excellent,Excellent,ENSO/SST anomaly boost +1.2,"{""anomaly"": 1.2}",SST 70.2→70.8°F; SST anomaly 2.3→2.8°F,
2026-10-08T1351PT_v1,2026-10-07T1427PT_v1,2026-10-21,mission_bay,california_halibut,13,14,2,2,32.7,29.7,-3.0,Poor,Poor,water temperature fit -2.3,"{""anomaly"": -0.7, ""sst"": -2.3}",SST 72.0→72.4°F; SST anomaly 2.4→2.8°F,
2026-10-08T1351PT_v1,2026-10-07T1427PT_v1,2026-10-21,mission_bay,sand_bass,13,14,2,2,64.9,66.1,1.2,Good,Good,ENSO/SST anomaly boost +1.2,"{""anomaly"": 1.2}",SST 72.0→72.4°F; SST anomaly 2.4→2.8°F,
2026-10-08T1351PT_v1,2026-10-07T1427PT_v1,2026-10-21,mission_bay,spotted_bay_bass,13,14,2,2,65.6,66.8,1.2,Good,Good,ENSO/SST anomaly boost +1.2,"{""anomaly"": 1.2}",SST 72.0→72.4°F; SST anomaly 2.4→2.8°F,
2026-10-08T1351PT_v1,2026-10-07T1427PT_v1,2026-10-21,nine_mile,barracuda,13,14,2,2,85.8,88.2,2.4,Very Good,Very Good,ENSO/SST anomaly boost +2.4,"{""anomaly"": 2.4}",SST 70.7→71.3°F; SST anomaly 2.0→2.6°F,
2026-10-08T1351PT_v1,2026-10-07T1427PT_v1,2026-10-21,nine_mile,bluefin_tuna,13,14,2,2,96.0,96.7,0.7,Excellent,Excellent,ENSO/SST anomaly boost +1.3,"{""anomaly"": 1.3, ""sst"": -0.6}",SST 70.7→71.3°F; SST anomaly 2.0→2.6°F,
2026-10-08T1351PT_v1,2026-10-07T1427PT_v1,2026-10-21,nine_mile,bonito,13,14,2,2,97.4,98.3,0.9,Excellent,Excellent,no material driver change,"{""anomaly"": 0.9}",SST 70.7→71.3°F; SST anomaly 2.0→2.6°F,
2026-10-08T1351PT_v1,2026-10-07T1427PT_v1,2026-10-21,nine_mile,dorado,13,14,2,2,96.8,98.8,2.0,Excellent,Excellent,water temperature fit +2.0,"{""sst"": 2.0}",SST 70.7→71.3°F; SST anomaly 2.0→2.6°F,
2026-10-08T1351PT_v1,2026-10-07T1427PT_v1,2026-10-21,nine_mile,rockfish,13,14,2,2,74.9,71.3,-3.6,Good,Good,ENSO/SST anomaly boost -3.6,"{""anomaly"": -3.6}",SST 70.7→71.3°F; SST anomaly 2.0→2.6°F,
2026-10-08T1351PT_v1,2026-10-07T1427PT_v1,2026-10-21,nine_mile,yellowfin_tuna,13,14,2,2,99.6,99.7,0.1,Excellent,Excellent,no material driver change,"{""anomaly"": 0.1}",SST 70.7→71.3°F; SST anomaly 2.0→2.6°F,
2026-10-08T1351PT_v1,2026-10-07T1427PT_v1,2026-10-21,nine_mile,yellowtail,13,14,2,2,95.4,97.0,1.6,Excellent,Excellent,ENSO/SST anomaly boost +1.6,"{""anomaly"": 1.6}",SST 70.7→71.3°F; SST anomaly 2.0→2.6°F,
2026-10-08T1351PT_v1,2026-10-07T1427PT_v1,2026-10-21,outer_banks,bluefin_tuna,13,14,2,2,90.2,91.4,1.2,Excellent,Excellent,ENSO/SST anomaly boost +2.5; water temperature fit -1.3,"{""anomaly"": 2.5, ""sst"": -1.3}",SST 70.8→71.2°F; SST anomaly 2.0→2.5°F,
2026-10-08T1351PT_v1,2026-10-07T1427PT_v1,2026-10-21,outer_banks,bonito,13,14,2,2,93.3,95.2,1.9,Excellent,Excellent,ENSO/SST anomaly boost +1.9,"{""anomaly"": 1.9}",SST 70.8→71.2°F; SST anomaly 2.0→2.5°F,
2026-10-08T1351PT_v1,2026-10-07T1427PT_v1,2026-10-21,outer_banks,dorado,13,14,2,2,93.0,96.8,3.8,Excellent,Excellent,water temperature fit +3.8,"{""sst"": 3.8}",SST 70.8→71.2°F; SST anomaly 2.0→2.5°F,
2026-10-08T1351PT_v1,2026-10-07T1427PT_v1,2026-10-21,outer_banks,rockfish,13,14,2,2,68.3,65.6,-2.7,Good,Good,ENSO/SST anomaly boost -2.7,"{""anomaly"": -2.7}",SST 70.8→71.2°F; SST anomaly 2.0→2.5°F,
2026-10-08T1351PT_v1,2026-10-07T1427PT_v1,2026-10-21,outer_banks,sheephead,13,14,2,2,72.1,72.4,0.3,Good,Good,no material driver change,"{""sst"": 0.3}",SST 70.8→71.2°F; SST anomaly 2.0→2.5°F,
2026-10-08T1351PT_v1,2026-10-07T1427PT_v1,2026-10-21,outer_banks,white_seabass,13,14,2,2,41.0,38.0,-3.0,Fair,Poor,water temperature fit -2.3,"{""anomaly"": -0.7, ""sst"": -2.3}",SST 70.8→71.2°F; SST anomaly 2.0→2.5°F,
2026-10-08T1351PT_v1,2026-10-07T1427PT_v1,2026-10-21,outer_banks,yellowfin_tuna,13,14,2,2,98.8,99.0,0.2,Excellent,Excellent,no material driver change,"{""anomaly"": 0.2}",SST 70.8→71.2°F; SST anomaly 2.0→2.5°F,
2026-10-08T1351PT_v1,2026-10-07T1427PT_v1,2026-10-21,outer_banks,yellowtail,13,14,2,2,88.8,91.8,3.0,Very Good,Excellent,ENSO/SST anomaly boost +3.0,"{""anomaly"": 3.0}",SST 70.8→71.2°F; SST anomaly 2.0→2.5°F,
2026-10-08T1351PT_v1,2026-10-07T1427PT_v1,2026-10-21,pt_loma_kelp,barracuda,13,14,2,2,86.3,88.8,2.5,Very Good,Very Good,ENSO/SST anomaly boost +2.5,"{""anomaly"": 2.5}",SST 70.0→70.6°F; SST anomaly 2.1→2.7°F,
2026-10-08T1351PT_v1,2026-10-07T1427PT_v1,2026-10-21,pt_loma_kelp,bonito,13,14,2,2,97.6,98.5,0.9,Excellent,Excellent,no material driver change,"{""anomaly"": 0.9}",SST 70.0→70.6°F; SST anomaly 2.1→2.7°F,
2026-10-08T1351PT_v1,2026-10-07T1427PT_v1,2026-10-21,pt_loma_kelp,calico_bass,13,14,2,2,85.1,86.8,1.7,Very Good,Very Good,ENSO/SST anomaly boost +1.7,"{""anomaly"": 1.7}",SST 70.0→70.6°F; SST anomaly 2.1→2.7°F,
2026-10-08T1351PT_v1,2026-10-07T1427PT_v1,2026-10-21,pt_loma_kelp,california_halibut,13,14,2,2,53.8,49.3,-4.5,Fair,Fair,water temperature fit -2.6; ENSO/SST anomaly boost -1.9,"{""anomaly"": -1.9, ""sst"": -2.6}",SST 70.0→70.6°F; SST anomaly 2.1→2.7°F,
2026-10-08T1351PT_v1,2026-10-07T1427PT_v1,2026-10-21,pt_loma_kelp,rockfish,13,14,2,2,73.4,68.7,-4.7,Good,Good,ENSO/SST anomaly boost -3.7,"{""anomaly"": -3.7, ""sst"": -1.0}",SST 70.0→70.6°F; SST anomaly 2.1→2.7°F,
2026-10-08T1351PT_v1,2026-10-07T1427PT_v1,2026-10-21,pt_loma_kelp,sand_bass,13,14,2,2,80.8,83.1,2.3,Very Good,Very Good,ENSO/SST anomaly boost +2.3,"{""anomaly"": 2.3}",SST 70.0→70.6°F; SST anomaly 2.1→2.7°F,
2026-10-08T1351PT_v1,2026-10-07T1427PT_v1,2026-10-21,pt_loma_kelp,sheephead,13,14,2,2,79.5,79.5,0.0,Very Good,Very Good,no material driver change,{},SST 70.0→70.6°F; SST anomaly 2.1→2.7°F,
2026-10-08T1351PT_v1,2026-10-07T1427PT_v1,2026-10-21,pt_loma_kelp,white_seabass,13,14,2,2,48.1,44.5,-3.6,Fair,Fair,water temperature fit -2.5; ENSO/SST anomaly boost -1.1,"{""anomaly"": -1.1, ""sst"": -2.5}",SST 70.0→70.6°F; SST anomaly 2.1→2.7°F,
2026-10-08T1351PT_v1,2026-10-07T1427PT_v1,2026-10-21,pt_loma_kelp,yellowtail,13,14,2,2,95.8,97.3,1.5,Excellent,Excellent,ENSO/SST anomaly boost +1.5,"{""anomaly"": 1.5}",SST 70.0→70.6°F; SST anomaly 2.1→2.7°F,
2026-10-08T1351PT_v1,2026-10-07T1427PT_v1,2026-10-21,sd_bay,california_halibut,13,14,2,2,33.0,30.0,-3.0,Poor,Poor,water temperature fit -2.2,"{""anomaly"": -0.8, ""sst"": -2.2}",SST 72.0→72.3°F; SST anomaly 2.4→2.8°F,
2026-10-08T1351PT_v1,2026-10-07T1427PT_v1,2026-10-21,sd_bay,sand_bass,13,14,2,2,64.8,66.0,1.2,Good,Good,ENSO/SST anomaly boost +1.2,"{""anomaly"": 1.2}",SST 72.0→72.3°F; SST anomaly 2.4→2.8°F,
2026-10-08T1351PT_v1,2026-10-07T1427PT_v1,2026-10-21,sd_bay,spotted_bay_bass,13,14,2,2,65.5,66.7,1.2,Good,Good,ENSO/SST anomaly boost +1.2,"{""anomaly"": 1.2}",SST 72.0→72.3°F; SST anomaly 2.4→2.8°F,
2026-10-08T1351PT_v1,2026-10-07T1427PT_v1,2026-10-21,surf_zone,barred_surfperch,13,14,2,2,50.3,49.3,-1.0,Fair,Fair,small changes across several drivers,"{""anomaly"": -0.6, ""sst"": -0.4}",,
2026-10-08T1351PT_v1,2026-10-07T1427PT_v1,2026-10-21,surf_zone,calico_bass,13,14,2,2,86.5,86.8,0.3,Very Good,Very Good,no material driver change,"{""anomaly"": 0.3}",,
2026-10-08T1351PT_v1,2026-10-07T1427PT_v1,2026-10-21,surf_zone,california_halibut,13,14,2,2,58.4,57.7,-0.7,Fair,Fair,no material driver change,"{""anomaly"": -0.4, ""sst"": -0.3}",,
2026-10-08T1351PT_v1,2026-10-07T1427PT_v1,2026-10-21,surf_zone,corbina,13,14,2,2,89.4,90.0,0.6,Very Good,Excellent,no material driver change,"{""anomaly"": 0.6}",,
2026-10-08T1351PT_v1,2026-10-07T1427PT_v1,2026-10-21,surf_zone,sand_bass,13,14,2,2,82.2,82.6,0.4,Very Good,Very Good,no material driver change,"{""anomaly"": 0.4}",,
2026-10-08T1351PT_v1,2026-10-07T1427PT_v1,2026-10-22,coronados,barracuda,14,15,2,3,79.5,81.6,2.1,Very Good,Very Good,fishability (wind/sea access) +1.7,"{""access"": 1.7, ""anomaly"": 0.4}",SST 70.0→70.5°F; SST anomaly 2.1→2.6°F; wind now forecast,confidence tier 3→2 as the date came closer
2026-10-08T1351PT_v1,2026-10-07T1427PT_v1,2026-10-22,coronados,bluefin_tuna,14,15,2,3,92.1,94.2,2.1,Excellent,Excellent,fishability (wind/sea access) +1.7,"{""access"": 1.7, ""anomaly"": 0.4}",SST 70.0→70.5°F; SST anomaly 2.1→2.6°F; wind now forecast,confidence tier 3→2 as the date came closer
2026-10-08T1351PT_v1,2026-10-07T1427PT_v1,2026-10-22,coronados,bonito,14,15,2,3,93.9,95.9,2.0,Excellent,Excellent,fishability (wind/sea access) +1.5,"{""access"": 1.5, ""anomaly"": 0.5}",SST 70.0→70.5°F; SST anomaly 2.1→2.6°F; wind now forecast,confidence tier 3→2 as the date came closer
2026-10-08T1351PT_v1,2026-10-07T1427PT_v1,2026-10-22,coronados,calico_bass,14,15,2,3,78.5,79.9,1.4,Very Good,Very Good,fishability (wind/sea access) +1.2,"{""access"": 1.2, ""anomaly"": 0.2}",SST 70.0→70.5°F; SST anomaly 2.1→2.6°F; wind now forecast,confidence tier 3→2 as the date came closer
2026-10-08T1351PT_v1,2026-10-07T1427PT_v1,2026-10-22,coronados,dorado,14,15,2,3,79.3,89.2,9.9,Very Good,Very Good,fishability (wind/sea access) +5.1; water temperature fit +4.8,"{""access"": 5.1, ""sst"": 4.8}",SST 70.0→70.5°F; SST anomaly 2.1→2.6°F; wind now forecast,confidence tier 3→2 as the date came closer
2026-10-08T1351PT_v1,2026-10-07T1427PT_v1,2026-10-22,coronados,rockfish,14,15,2,3,68.6,65.5,-3.1,Good,Good,fishability (wind/sea access) -4.9; ENSO/SST anomaly boost +1.8,"{""access"": -4.9, ""anomaly"": 1.8}",SST 70.0→70.5°F; SST anomaly 2.1→2.6°F; wind now forecast,confidence tier 3→2 as the date came closer
2026-10-08T1351PT_v1,2026-10-07T1427PT_v1,2026-10-22,coronados,sheephead,14,15,2,3,73.9,73.9,0.0,Good,Good,no material driver change,{},SST 70.0→70.5°F; SST anomaly 2.1→2.6°F; wind now forecast,confidence tier 3→2 as the date came closer
2026-10-08T1351PT_v1,2026-10-07T1427PT_v1,2026-10-22,coronados,white_seabass,14,15,2,3,44.5,41.6,-2.9,Fair,Fair,fishability (wind/sea access) -6.5; water temperature fit +2.5; ENSO/SST anomaly boost +1.1,"{""access"": -6.5, ""anomaly"": 1.1, ""sst"": 2.5}",SST 70.0→70.5°F; SST anomaly 2.1→2.6°F; wind now forecast,confidence tier 3→2 as the date came closer
2026-10-08T1351PT_v1,2026-10-07T1427PT_v1,2026-10-22,coronados,yellowfin_tuna,14,15,2,3,98.9,99.0,0.1,Excellent,Excellent,no material driver change,{},SST 70.0→70.5°F; SST anomaly 2.1→2.6°F; wind now forecast,confidence tier 3→2 as the date came closer
2026-10-08T1351PT_v1,2026-10-07T1427PT_v1,2026-10-22,coronados,yellowtail,14,15,2,3,90.6,93.5,2.9,Excellent,Excellent,fishability (wind/sea access) +2.2,"{""access"": 2.2, ""anomaly"": 0.7}",SST 70.0→70.5°F; SST anomaly 2.1→2.6°F; wind now forecast,confidence tier 3→2 as the date came closer
2026-10-08T1351PT_v1,2026-10-07T1427PT_v1,2026-10-22,cortez_tanner,bluefin_tuna,14,15,2,3,67.7,69.5,1.8,Good,Good,fishability (wind/sea access) +2.6,"{""access"": 2.6, ""anomaly"": -0.8}",SST 68.1→68.5°F; SST anomaly 1.6→2.0°F; wind now forecast,confidence tier 3→2 as the date came closer
2026-10-08T1351PT_v1,2026-10-07T1427PT_v1,2026-10-22,cortez_tanner,dorado,14,15,2,3,15.0,31.0,16.0,Poor,Poor,water temperature fit +17.4; fishability (wind/sea access) -2.2,"{""access"": -2.2, ""anomaly"": 0.8, ""sst"": 17.4}",SST 68.1→68.5°F; SST anomaly 1.6→2.0°F; wind now forecast,confidence tier 3→2 as the date came closer
2026-10-08T1351PT_v1,2026-10-07T1427PT_v1,2026-10-22,cortez_tanner,rockfish,14,15,2,3,51.1,49.4,-1.7,Fair,Fair,fishability (wind/sea access) -1.2,"{""access"": -1.2, ""anomaly"": -0.5}",SST 68.1→68.5°F; SST anomaly 1.6→2.0°F; wind now forecast,confidence tier 3→2 as the date came closer
2026-10-08T1351PT_v1,2026-10-07T1427PT_v1,2026-10-22,cortez_tanner,yellowfin_tuna,14,15,2,3,60.0,68.4,8.4,Good,Good,fishability (wind/sea access) -16.5; water temperature fit +15.0; ENSO/SST anomaly boost +9.9,"{""access"": -16.5, ""anomaly"": 9.9, ""sst"": 15.0}",SST 68.1→68.5°F; SST anomaly 1.6→2.0°F; wind now forecast,confidence tier 3→2 as the date came closer
2026-10-08T1351PT_v1,2026-10-07T1427PT_v1,2026-10-22,cortez_tanner,yellowtail,14,15,2,3,67.7,69.9,2.2,Good,Good,fishability (wind/sea access) +3.5; ENSO/SST anomaly boost -1.3,"{""access"": 3.5, ""anomaly"": -1.3}",SST 68.1→68.5°F; SST anomaly 1.6→2.0°F; wind now forecast,confidence tier 3→2 as the date came closer
2026-10-08T1351PT_v1,2026-10-07T1427PT_v1,2026-10-22,la_jolla,barracuda,14,15,2,3,87.4,89.7,2.3,Very Good,Very Good,fishability (wind/sea access) +2.0,"{""access"": 2.0, ""anomaly"": 0.3}",SST 69.9→70.4°F; SST anomaly 2.0→2.6°F; wind now forecast,confidence tier 3→2 as the date came closer
2026-10-08T1351PT_v1,2026-10-07T1427PT_v1,2026-10-22,la_jolla,bonito,14,15,2,3,97.7,98.5,0.8,Excellent,Excellent,no material driver change,"{""access"": 0.7, ""anomaly"": 0.1}",SST 69.9→70.4°F; SST anomaly 2.0→2.6°F; wind now forecast,confidence tier 3→2 as the date came closer
2026-10-08T1351PT_v1,2026-10-07T1427PT_v1,2026-10-22,la_jolla,calico_bass,14,15,2,3,86.4,88.0,1.6,Very Good,Very Good,fishability (wind/sea access) +1.5,"{""access"": 1.5, ""anomaly"": 0.1}",SST 69.9→70.4°F; SST anomaly 2.0→2.6°F; wind now forecast,confidence tier 3→2 as the date came closer
2026-10-08T1351PT_v1,2026-10-07T1427PT_v1,2026-10-22,la_jolla,california_halibut,14,15,2,3,56.5,52.2,-4.3,Fair,Fair,fishability (wind/sea access) -6.8; water temperature fit +1.4; ENSO/SST anomaly boost +1.1,"{""access"": -6.8, ""anomaly"": 1.1, ""sst"": 1.4}",SST 69.9→70.4°F; SST anomaly 2.0→2.6°F; wind now forecast,confidence tier 3→2 as the date came closer
2026-10-08T1351PT_v1,2026-10-07T1427PT_v1,2026-10-22,la_jolla,rockfish,14,15,2,3,77.3,73.6,-3.7,Very Good,Good,fishability (wind/sea access) -4.7; ENSO/SST anomaly boost +1.0,"{""access"": -4.7, ""anomaly"": 1.0}",SST 69.9→70.4°F; SST anomaly 2.0→2.6°F; wind now forecast,confidence tier 3→2 as the date came closer
2026-10-08T1351PT_v1,2026-10-07T1427PT_v1,2026-10-22,la_jolla,sheephead,14,15,2,3,82.5,82.5,0.0,Very Good,Very Good,no material driver change,{},SST 69.9→70.4°F; SST anomaly 2.0→2.6°F; wind now forecast,confidence tier 3→2 as the date came closer
2026-10-08T1351PT_v1,2026-10-07T1427PT_v1,2026-10-22,la_jolla,white_seabass,14,15,2,3,49.7,46.3,-3.4,Fair,Fair,fishability (wind/sea access) -5.0; water temperature fit +1.1,"{""access"": -5.0, ""anomaly"": 0.5, ""sst"": 1.1}",SST 69.9→70.4°F; SST anomaly 2.0→2.6°F; wind now forecast,confidence tier 3→2 as the date came closer
2026-10-08T1351PT_v1,2026-10-07T1427PT_v1,2026-10-22,la_jolla,yellowtail,14,15,2,3,96.0,97.4,1.4,Excellent,Excellent,fishability (wind/sea access) +1.2,"{""access"": 1.2, ""anomaly"": 0.2}",SST 69.9→70.4°F; SST anomaly 2.0→2.6°F; wind now forecast,confidence tier 3→2 as the date came closer
2026-10-08T1351PT_v1,2026-10-07T1427PT_v1,2026-10-22,mission_bay,california_halibut,14,15,2,3,37.0,33.6,-3.4,Poor,Poor,water temperature fit -2.4,"{""anomaly"": -1.0, ""sst"": -2.4}",SST 71.6→72.0°F; SST anomaly 2.1→2.5°F; wind now forecast,confidence tier 3→2 as the date came closer
2026-10-08T1351PT_v1,2026-10-07T1427PT_v1,2026-10-22,mission_bay,sand_bass,14,15,2,3,65.0,66.4,1.4,Good,Good,ENSO/SST anomaly boost +1.4,"{""anomaly"": 1.4}",SST 71.6→72.0°F; SST anomaly 2.1→2.5°F; wind now forecast,confidence tier 3→2 as the date came closer
2026-10-08T1351PT_v1,2026-10-07T1427PT_v1,2026-10-22,mission_bay,spotted_bay_bass,14,15,2,3,68.1,69.6,1.5,Good,Good,ENSO/SST anomaly boost +1.5,"{""anomaly"": 1.5}",SST 71.6→72.0°F; SST anomaly 2.1→2.5°F; wind now forecast,confidence tier 3→2 as the date came closer
2026-10-08T1351PT_v1,2026-10-07T1427PT_v1,2026-10-22,nine_mile,barracuda,14,15,2,3,86.1,88.6,2.5,Very Good,Very Good,fishability (wind/sea access) +2.2,"{""access"": 2.2, ""anomaly"": 0.3}",SST 70.4→71.0°F; SST anomaly 1.8→2.4°F; wind now forecast,confidence tier 3→2 as the date came closer
2026-10-08T1351PT_v1,2026-10-07T1427PT_v1,2026-10-22,nine_mile,bluefin_tuna,14,15,2,3,96.2,97.4,1.2,Excellent,Excellent,fishability (wind/sea access) +1.0,"{""access"": 1.0, ""anomaly"": 0.2}",SST 70.4→71.0°F; SST anomaly 1.8→2.4°F; wind now forecast,confidence tier 3→2 as the date came closer
2026-10-08T1351PT_v1,2026-10-07T1427PT_v1,2026-10-22,nine_mile,bonito,14,15,2,3,97.0,98.1,1.1,Excellent,Excellent,small changes across several drivers,"{""access"": 0.9, ""anomaly"": 0.2}",SST 70.4→71.0°F; SST anomaly 1.8→2.4°F; wind now forecast,confidence tier 3→2 as the date came closer
2026-10-08T1351PT_v1,2026-10-07T1427PT_v1,2026-10-22,nine_mile,dorado,14,15,2,3,94.2,98.1,3.9,Excellent,Excellent,fishability (wind/sea access) +2.6; water temperature fit +1.3,"{""access"": 2.6, ""sst"": 1.3}",SST 70.4→71.0°F; SST anomaly 1.8→2.4°F; wind now forecast,confidence tier 3→2 as the date came closer
2026-10-08T1351PT_v1,2026-10-07T1427PT_v1,2026-10-22,nine_mile,rockfish,14,15,2,3,77.2,73.4,-3.8,Very Good,Good,fishability (wind/sea access) -5.0; ENSO/SST anomaly boost +1.2,"{""access"": -5.0, ""anomaly"": 1.2}",SST 70.4→71.0°F; SST anomaly 1.8→2.4°F; wind now forecast,confidence tier 3→2 as the date came closer
2026-10-08T1351PT_v1,2026-10-07T1427PT_v1,2026-10-22,nine_mile,yellowfin_tuna,14,15,2,3,99.4,99.7,0.3,Excellent,Excellent,no material driver change,"{""access"": 0.2}",SST 70.4→71.0°F; SST anomaly 1.8→2.4°F; wind now forecast,confidence tier 3→2 as the date came closer
2026-10-08T1351PT_v1,2026-10-07T1427PT_v1,2026-10-22,nine_mile,yellowtail,14,15,2,3,95.2,96.9,1.7,Excellent,Excellent,fishability (wind/sea access) +1.4,"{""access"": 1.4, ""anomaly"": 0.3}",SST 70.4→71.0°F; SST anomaly 1.8→2.4°F; wind now forecast,confidence tier 3→2 as the date came closer
2026-10-08T1351PT_v1,2026-10-07T1427PT_v1,2026-10-22,outer_banks,bluefin_tuna,14,15,2,3,90.6,93.0,2.4,Excellent,Excellent,fishability (wind/sea access) +1.9,"{""access"": 1.9, ""anomaly"": 0.5}",SST 70.5→71.0°F; SST anomaly 1.8→2.3°F; wind now forecast,confidence tier 3→2 as the date came closer
2026-10-08T1351PT_v1,2026-10-07T1427PT_v1,2026-10-22,outer_banks,bonito,14,15,2,3,92.4,94.7,2.3,Excellent,Excellent,fishability (wind/sea access) +1.7,"{""access"": 1.7, ""anomaly"": 0.6}",SST 70.5→71.0°F; SST anomaly 1.8→2.3°F; wind now forecast,confidence tier 3→2 as the date came closer
2026-10-08T1351PT_v1,2026-10-07T1427PT_v1,2026-10-22,outer_banks,dorado,14,15,2,3,88.4,95.1,6.7,Very Good,Excellent,fishability (wind/sea access) +3.8; water temperature fit +2.9,"{""access"": 3.8, ""sst"": 2.9}",SST 70.5→71.0°F; SST anomaly 1.8→2.3°F; wind now forecast,confidence tier 3→2 as the date came closer
2026-10-08T1351PT_v1,2026-10-07T1427PT_v1,2026-10-22,outer_banks,rockfish,14,15,2,3,70.4,67.4,-3.0,Good,Good,fishability (wind/sea access) -4.6; ENSO/SST anomaly boost +1.6,"{""access"": -4.6, ""anomaly"": 1.6}",SST 70.5→71.0°F; SST anomaly 1.8→2.3°F; wind now forecast,confidence tier 3→2 as the date came closer
2026-10-08T1351PT_v1,2026-10-07T1427PT_v1,2026-10-22,outer_banks,sheephead,14,15,2,3,72.4,73.9,1.5,Good,Good,fishability (wind/sea access) +1.3,"{""access"": 1.3, ""sst"": 0.2}",SST 70.5→71.0°F; SST anomaly 1.8→2.3°F; wind now forecast,confidence tier 3→2 as the date came closer
2026-10-08T1351PT_v1,2026-10-07T1427PT_v1,2026-10-22,outer_banks,white_seabass,14,15,2,3,43.2,40.1,-3.1,Fair,Fair,fishability (wind/sea access) -7.9; water temperature fit +3.5; ENSO/SST anomaly boost +1.2,"{""access"": -7.9, ""anomaly"": 1.2, ""sst"": 3.5}",SST 70.5→71.0°F; SST anomaly 1.8→2.3°F; wind now forecast,confidence tier 3→2 as the date came closer
2026-10-08T1351PT_v1,2026-10-07T1427PT_v1,2026-10-22,outer_banks,yellowfin_tuna,14,15,2,3,98.3,99.0,0.7,Excellent,Excellent,no material driver change,"{""access"": 0.5, ""anomaly"": 0.2}",SST 70.5→71.0°F; SST anomaly 1.8→2.3°F; wind now forecast,confidence tier 3→2 as the date came closer
2026-10-08T1351PT_v1,2026-10-07T1427PT_v1,2026-10-22,outer_banks,yellowtail,14,15,2,3,88.5,91.8,3.3,Very Good,Excellent,fishability (wind/sea access) +2.5,"{""access"": 2.5, ""anomaly"": 0.8}",SST 70.5→71.0°F; SST anomaly 1.8→2.3°F; wind now forecast,confidence tier 3→2 as the date came closer
2026-10-08T1351PT_v1,2026-10-07T1427PT_v1,2026-10-22,pt_loma_kelp,barracuda,14,15,2,3,86.4,89.0,2.6,Very Good,Very Good,fishability (wind/sea access) +2.3,"{""access"": 2.3, ""anomaly"": 0.3}",SST 69.7→70.3°F; SST anomaly 1.9→2.5°F; wind now forecast,confidence tier 3→2 as the date came closer
2026-10-08T1351PT_v1,2026-10-07T1427PT_v1,2026-10-22,pt_loma_kelp,bonito,14,15,2,3,97.1,98.3,1.2,Excellent,Excellent,small changes across several drivers,"{""access"": 1.0, ""anomaly"": 0.2}",SST 69.7→70.3°F; SST anomaly 1.9→2.5°F; wind now forecast,confidence tier 3→2 as the date came closer
2026-10-08T1351PT_v1,2026-10-07T1427PT_v1,2026-10-22,pt_loma_kelp,calico_bass,14,15,2,3,85.6,87.4,1.8,Very Good,Very Good,fishability (wind/sea access) +1.6,"{""access"": 1.6, ""anomaly"": 0.2}",SST 69.7→70.3°F; SST anomaly 1.9→2.5°F; wind now forecast,confidence tier 3→2 as the date came closer
2026-10-08T1351PT_v1,2026-10-07T1427PT_v1,2026-10-22,pt_loma_kelp,california_halibut,14,15,2,3,58.1,53.4,-4.7,Fair,Fair,fishability (wind/sea access) -7.7; water temperature fit +1.7; ENSO/SST anomaly boost +1.3,"{""access"": -7.7, ""anomaly"": 1.3, ""sst"": 1.7}",SST 69.7→70.3°F; SST anomaly 1.9→2.5°F; wind now forecast,confidence tier 3→2 as the date came closer
2026-10-08T1351PT_v1,2026-10-07T1427PT_v1,2026-10-22,pt_loma_kelp,rockfish,14,15,2,3,76.6,71.6,-5.0,Very Good,Good,fishability (wind/sea access) -7.2; ENSO/SST anomaly boost +1.8,"{""access"": -7.2, ""anomaly"": 1.8, ""sst"": 0.5}",SST 69.7→70.3°F; SST anomaly 1.9→2.5°F; wind now forecast,confidence tier 3→2 as the date came closer
2026-10-08T1351PT_v1,2026-10-07T1427PT_v1,2026-10-22,pt_loma_kelp,sand_bass,14,15,2,3,80.9,83.3,2.4,Very Good,Very Good,fishability (wind/sea access) +2.1,"{""access"": 2.1, ""anomaly"": 0.3}",SST 69.7→70.3°F; SST anomaly 1.9→2.5°F; wind now forecast,confidence tier 3→2 as the date came closer
2026-10-08T1351PT_v1,2026-10-07T1427PT_v1,2026-10-22,pt_loma_kelp,sheephead,14,15,2,3,81.2,81.2,0.0,Very Good,Very Good,no material driver change,{},SST 69.7→70.3°F; SST anomaly 1.9→2.5°F; wind now forecast,confidence tier 3→2 as the date came closer
2026-10-08T1351PT_v1,2026-10-07T1427PT_v1,2026-10-22,pt_loma_kelp,white_seabass,14,15,2,3,50.7,47.0,-3.7,Fair,Fair,fishability (wind/sea access) -5.6; water temperature fit +1.3,"{""access"": -5.6, ""anomaly"": 0.6, ""sst"": 1.3}",SST 69.7→70.3°F; SST anomaly 1.9→2.5°F; wind now forecast,confidence tier 3→2 as the date came closer
2026-10-08T1351PT_v1,2026-10-07T1427PT_v1,2026-10-22,pt_loma_kelp,yellowtail,14,15,2,3,95.4,97.1,1.7,Excellent,Excellent,fishability (wind/sea access) +1.4,"{""access"": 1.4, ""anomaly"": 0.3}",SST 69.7→70.3°F; SST anomaly 1.9→2.5°F; wind now forecast,confidence tier 3→2 as the date came closer
2026-10-08T1351PT_v1,2026-10-07T1427PT_v1,2026-10-22,sd_bay,california_halibut,14,15,2,3,37.3,33.9,-3.4,Poor,Poor,water temperature fit -2.4,"{""anomaly"": -1.0, ""sst"": -2.4}",SST 71.5→72.0°F; SST anomaly 2.0→2.5°F; wind now forecast,confidence tier 3→2 as the date came closer
2026-10-08T1351PT_v1,2026-10-07T1427PT_v1,2026-10-22,sd_bay,sand_bass,14,15,2,3,64.9,66.3,1.4,Good,Good,ENSO/SST anomaly boost +1.4,"{""anomaly"": 1.4}",SST 71.5→72.0°F; SST anomaly 2.0→2.5°F; wind now forecast,confidence tier 3→2 as the date came closer
2026-10-08T1351PT_v1,2026-10-07T1427PT_v1,2026-10-22,sd_bay,spotted_bay_bass,14,15,2,3,68.0,69.5,1.5,Good,Good,ENSO/SST anomaly boost +1.5,"{""anomaly"": 1.5}",SST 71.5→72.0°F; SST anomaly 2.0→2.5°F; wind now forecast,confidence tier 3→2 as the date came closer
2026-10-08T1351PT_v1,2026-10-07T1427PT_v1,2026-10-22,surf_zone,barred_surfperch,14,15,2,3,53.8,52.0,-1.8,Fair,Fair,fishability (wind/sea access) -2.1,"{""access"": -2.1, ""anomaly"": 0.2, ""sst"": 0.1}",wind now forecast,confidence tier 3→2 as the date came closer
2026-10-08T1351PT_v1,2026-10-07T1427PT_v1,2026-10-22,surf_zone,calico_bass,14,15,2,3,86.8,87.4,0.6,Very Good,Very Good,no material driver change,"{""access"": 0.6}",wind now forecast,confidence tier 3→2 as the date came closer
2026-10-08T1351PT_v1,2026-10-07T1427PT_v1,2026-10-22,surf_zone,california_halibut,14,15,2,3,62.3,60.9,-1.4,Good,Good,fishability (wind/sea access) -1.6,"{""access"": -1.6}",wind now forecast,confidence tier 3→2 as the date came closer
2026-10-08T1351PT_v1,2026-10-07T1427PT_v1,2026-10-22,surf_zone,corbina,14,15,2,3,88.3,89.3,1.0,Very Good,Very Good,small changes across several drivers,"{""access"": 0.9}",wind now forecast,confidence tier 3→2 as the date came closer
2026-10-08T1351PT_v1,2026-10-07T1427PT_v1,2026-10-22,surf_zone,sand_bass,14,15,2,3,82.1,82.8,0.7,Very Good,Very Good,no material driver change,"{""access"": 0.7}",wind now forecast,confidence tier 3→2 as the date came closer
2026-10-08T1351PT_v1,2026-10-07T1427PT_v1,2026-10-23,coronados,barracuda,15,16,3,3,79.9,81.0,1.1,Very Good,Very Good,ENSO/SST anomaly boost +1.1,"{""anomaly"": 1.1}",,
2026-10-08T1351PT_v1,2026-10-07T1427PT_v1,2026-10-23,coronados,bluefin_tuna,15,16,3,3,92.4,93.5,1.1,Excellent,Excellent,ENSO/SST anomaly boost +1.1,"{""anomaly"": 1.1}",,
2026-10-08T1351PT_v1,2026-10-07T1427PT_v1,2026-10-23,coronados,bonito,15,16,3,3,93.4,94.6,1.2,Excellent,Excellent,ENSO/SST anomaly boost +1.2,"{""anomaly"": 1.2}",,
2026-10-08T1351PT_v1,2026-10-07T1427PT_v1,2026-10-23,coronados,calico_bass,15,16,3,3,79.2,79.9,0.7,Very Good,Very Good,no material driver change,"{""anomaly"": 0.7}",,
2026-10-08T1351PT_v1,2026-10-07T1427PT_v1,2026-10-23,coronados,dorado,15,16,3,3,73.4,79.2,5.8,Good,Very Good,water temperature fit +5.8,"{""sst"": 5.8}",,
2026-10-08T1351PT_v1,2026-10-07T1427PT_v1,2026-10-23,coronados,rockfish,15,16,3,3,70.2,68.5,-1.7,Good,Good,ENSO/SST anomaly boost -1.7,"{""anomaly"": -1.7}",,
2026-10-08T1351PT_v1,2026-10-07T1427PT_v1,2026-10-23,coronados,sheephead,15,16,3,3,75.3,75.3,0.0,Very Good,Very Good,no material driver change,{},,
2026-10-08T1351PT_v1,2026-10-07T1427PT_v1,2026-10-23,coronados,white_seabass,15,16,3,3,46.5,45.0,-1.5,Fair,Fair,water temperature fit -1.0,"{""anomaly"": -0.5, ""sst"": -1.0}",,
2026-10-08T1351PT_v1,2026-10-07T1427PT_v1,2026-10-23,coronados,yellowfin_tuna,15,16,3,3,98.0,99.0,1.0,Excellent,Excellent,small changes across several drivers,"{""anomaly"": 0.5, ""sst"": 0.5}",,
2026-10-08T1351PT_v1,2026-10-07T1427PT_v1,2026-10-23,coronados,yellowtail,15,16,3,3,90.7,92.3,1.6,Excellent,Excellent,ENSO/SST anomaly boost +1.6,"{""anomaly"": 1.6}",,
2026-10-08T1351PT_v1,2026-10-07T1427PT_v1,2026-10-23,cortez_tanner,bluefin_tuna,15,16,3,3,67.9,68.7,0.8,Good,Good,no material driver change,"{""anomaly"": 0.8}",,
2026-10-08T1351PT_v1,2026-10-07T1427PT_v1,2026-10-23,cortez_tanner,dorado,15,16,3,3,11.0,11.6,0.6,Poor,Poor,no material driver change,"{""anomaly"": 0.3, ""sst"": 0.3}",,
2026-10-08T1351PT_v1,2026-10-07T1427PT_v1,2026-10-23,cortez_tanner,rockfish,15,16,3,3,52.3,51.6,-0.7,Fair,Fair,no material driver change,"{""anomaly"": -0.7}",,
2026-10-08T1351PT_v1,2026-10-07T1427PT_v1,2026-10-23,cortez_tanner,yellowfin_tuna,15,16,3,3,55.8,59.4,3.6,Fair,Fair,water temperature fit +2.3; ENSO/SST anomaly boost +1.3,"{""anomaly"": 1.3, ""sst"": 2.3}",,
2026-10-08T1351PT_v1,2026-10-07T1427PT_v1,2026-10-23,cortez_tanner,yellowtail,15,16,3,3,67.7,68.7,1.0,Good,Good,ENSO/SST anomaly boost +1.0,"{""anomaly"": 1.0}",,
2026-10-08T1351PT_v1,2026-10-07T1427PT_v1,2026-10-23,la_jolla,barracuda,15,16,3,3,87.7,89.0,1.3,Very Good,Very Good,ENSO/SST anomaly boost +1.3,"{""anomaly"": 1.3}",SST 69.6→69.9°F; SST anomaly 1.8→2.1°F,
2026-10-08T1351PT_v1,2026-10-07T1427PT_v1,2026-10-23,la_jolla,bonito,15,16,3,3,97.4,98.0,0.6,Excellent,Excellent,no material driver change,"{""anomaly"": 0.6}",SST 69.6→69.9°F; SST anomaly 1.8→2.1°F,
2026-10-08T1351PT_v1,2026-10-07T1427PT_v1,2026-10-23,la_jolla,calico_bass,15,16,3,3,87.0,88.0,1.0,Very Good,Very Good,ENSO/SST anomaly boost +1.0,"{""anomaly"": 1.0}",SST 69.6→69.9°F; SST anomaly 1.8→2.1°F,
2026-10-08T1351PT_v1,2026-10-07T1427PT_v1,2026-10-23,la_jolla,california_halibut,15,16,3,3,60.0,57.6,-2.4,Good,Fair,water temperature fit -1.3; ENSO/SST anomaly boost -1.1,"{""anomaly"": -1.1, ""sst"": -1.3}",SST 69.6→69.9°F; SST anomaly 1.8→2.1°F,
2026-10-08T1351PT_v1,2026-10-07T1427PT_v1,2026-10-23,la_jolla,rockfish,15,16,3,3,79.2,77.1,-2.1,Very Good,Very Good,ENSO/SST anomaly boost -2.1,"{""anomaly"": -2.1}",SST 69.6→69.9°F; SST anomaly 1.8→2.1°F,
2026-10-08T1351PT_v1,2026-10-07T1427PT_v1,2026-10-23,la_jolla,sheephead,15,16,3,3,84.0,84.0,0.0,Very Good,Very Good,no material driver change,{},SST 69.6→69.9°F; SST anomaly 1.8→2.1°F,
2026-10-08T1351PT_v1,2026-10-07T1427PT_v1,2026-10-23,la_jolla,white_seabass,15,16,3,3,51.9,50.1,-1.8,Fair,Fair,water temperature fit -1.2,"{""anomaly"": -0.6, ""sst"": -1.2}",SST 69.6→69.9°F; SST anomaly 1.8→2.1°F,
2026-10-08T1351PT_v1,2026-10-07T1427PT_v1,2026-10-23,la_jolla,yellowtail,15,16,3,3,95.9,96.8,0.9,Excellent,Excellent,no material driver change,"{""anomaly"": 0.9}",SST 69.6→69.9°F; SST anomaly 1.8→2.1°F,
2026-10-08T1351PT_v1,2026-10-07T1427PT_v1,2026-10-23,mission_bay,california_halibut,15,16,3,3,40.4,38.9,-1.5,Fair,Poor,water temperature fit -1.0,"{""anomaly"": -0.5, ""sst"": -1.0}",,
2026-10-08T1351PT_v1,2026-10-07T1427PT_v1,2026-10-23,mission_bay,sand_bass,15,16,3,3,65.4,66.0,0.6,Good,Good,no material driver change,"{""anomaly"": 0.6}",,
2026-10-08T1351PT_v1,2026-10-07T1427PT_v1,2026-10-23,mission_bay,spotted_bay_bass,15,16,3,3,70.7,71.4,0.7,Good,Good,no material driver change,"{""anomaly"": 0.7}",,
2026-10-08T1351PT_v1,2026-10-07T1427PT_v1,2026-10-23,nine_mile,barracuda,15,16,3,3,86.7,88.2,1.5,Very Good,Very Good,ENSO/SST anomaly boost +1.5,"{""anomaly"": 1.5}",SST 70.2→70.5°F; SST anomaly 1.6→2.0°F,
2026-10-08T1351PT_v1,2026-10-07T1427PT_v1,2026-10-23,nine_mile,bluefin_tuna,15,16,3,3,96.4,97.1,0.7,Excellent,Excellent,no material driver change,"{""anomaly"": 0.7}",SST 70.2→70.5°F; SST anomaly 1.6→2.0°F,
2026-10-08T1351PT_v1,2026-10-07T1427PT_v1,2026-10-23,nine_mile,bonito,15,16,3,3,96.8,97.5,0.7,Excellent,Excellent,no material driver change,"{""anomaly"": 0.7}",SST 70.2→70.5°F; SST anomaly 1.6→2.0°F,
2026-10-08T1351PT_v1,2026-10-07T1427PT_v1,2026-10-23,nine_mile,dorado,15,16,3,3,89.3,95.4,6.1,Very Good,Excellent,water temperature fit +4.9; ENSO/SST anomaly boost +1.2,"{""anomaly"": 1.2, ""sst"": 4.9}",SST 70.2→70.5°F; SST anomaly 1.6→2.0°F,
2026-10-08T1351PT_v1,2026-10-07T1427PT_v1,2026-10-23,nine_mile,rockfish,15,16,3,3,78.8,76.6,-2.2,Very Good,Very Good,ENSO/SST anomaly boost -2.2,"{""anomaly"": -2.2}",SST 70.2→70.5°F; SST anomaly 1.6→2.0°F,
2026-10-08T1351PT_v1,2026-10-07T1427PT_v1,2026-10-23,nine_mile,yellowfin_tuna,15,16,3,3,99.3,99.6,0.3,Excellent,Excellent,no material driver change,"{""anomaly"": 0.3}",SST 70.2→70.5°F; SST anomaly 1.6→2.0°F,
2026-10-08T1351PT_v1,2026-10-07T1427PT_v1,2026-10-23,nine_mile,yellowtail,15,16,3,3,95.3,96.4,1.1,Excellent,Excellent,ENSO/SST anomaly boost +1.1,"{""anomaly"": 1.1}",SST 70.2→70.5°F; SST anomaly 1.6→2.0°F,
2026-10-08T1351PT_v1,2026-10-07T1427PT_v1,2026-10-23,outer_banks,bluefin_tuna,15,16,3,3,91.1,92.4,1.3,Excellent,Excellent,ENSO/SST anomaly boost +1.3,"{""anomaly"": 1.3}",,
2026-10-08T1351PT_v1,2026-10-07T1427PT_v1,2026-10-23,outer_banks,bonito,15,16,3,3,92.0,93.3,1.3,Excellent,Excellent,ENSO/SST anomaly boost +1.3,"{""anomaly"": 1.3}",,
2026-10-08T1351PT_v1,2026-10-07T1427PT_v1,2026-10-23,outer_banks,dorado,15,16,3,3,83.0,89.3,6.3,Very Good,Very Good,water temperature fit +4.8; ENSO/SST anomaly boost +1.5,"{""anomaly"": 1.5, ""sst"": 4.8}",,
2026-10-08T1351PT_v1,2026-10-07T1427PT_v1,2026-10-23,outer_banks,rockfish,15,16,3,3,71.7,70.2,-1.5,Good,Good,ENSO/SST anomaly boost -1.5,"{""anomaly"": -1.5}",,
2026-10-08T1351PT_v1,2026-10-07T1427PT_v1,2026-10-23,outer_banks,sheephead,15,16,3,3,72.8,74.0,1.2,Good,Good,water temperature fit +1.2,"{""sst"": 1.2}",,
2026-10-08T1351PT_v1,2026-10-07T1427PT_v1,2026-10-23,outer_banks,white_seabass,15,16,3,3,44.9,43.3,-1.6,Fair,Fair,water temperature fit -1.1,"{""anomaly"": -0.5, ""sst"": -1.1}",,
2026-10-08T1351PT_v1,2026-10-07T1427PT_v1,2026-10-23,outer_banks,yellowfin_tuna,15,16,3,3,98.0,98.6,0.6,Excellent,Excellent,no material driver change,"{""anomaly"": 0.6}",,
2026-10-08T1351PT_v1,2026-10-07T1427PT_v1,2026-10-23,outer_banks,yellowtail,15,16,3,3,88.8,90.6,1.8,Very Good,Excellent,ENSO/SST anomaly boost +1.8,"{""anomaly"": 1.8}",,
2026-10-08T1351PT_v1,2026-10-07T1427PT_v1,2026-10-23,pt_loma_kelp,barracuda,15,16,3,3,86.8,88.3,1.5,Very Good,Very Good,ENSO/SST anomaly boost +1.5,"{""anomaly"": 1.5}",SST 69.4→69.7°F; SST anomaly 1.7→2.0°F,
2026-10-08T1351PT_v1,2026-10-07T1427PT_v1,2026-10-23,pt_loma_kelp,bonito,15,16,3,3,96.8,97.6,0.8,Excellent,Excellent,no material driver change,"{""anomaly"": 0.8}",SST 69.4→69.7°F; SST anomaly 1.7→2.0°F,
2026-10-08T1351PT_v1,2026-10-07T1427PT_v1,2026-10-23,pt_loma_kelp,calico_bass,15,16,3,3,86.3,87.3,1.0,Very Good,Very Good,ENSO/SST anomaly boost +1.0,"{""anomaly"": 1.0}",SST 69.4→69.7°F; SST anomaly 1.7→2.0°F,
2026-10-08T1351PT_v1,2026-10-07T1427PT_v1,2026-10-23,pt_loma_kelp,california_halibut,15,16,3,3,61.7,58.8,-2.9,Good,Fair,water temperature fit -1.6; ENSO/SST anomaly boost -1.3,"{""anomaly"": -1.3, ""sst"": -1.6}",SST 69.4→69.7°F; SST anomaly 1.7→2.0°F,
2026-10-08T1351PT_v1,2026-10-07T1427PT_v1,2026-10-23,pt_loma_kelp,rockfish,15,16,3,3,78.6,76.0,-2.6,Very Good,Very Good,ENSO/SST anomaly boost -2.2,"{""anomaly"": -2.2, ""sst"": -0.4}",SST 69.4→69.7°F; SST anomaly 1.7→2.0°F,
2026-10-08T1351PT_v1,2026-10-07T1427PT_v1,2026-10-23,pt_loma_kelp,sand_bass,15,16,3,3,81.3,82.8,1.5,Very Good,Very Good,ENSO/SST anomaly boost +1.5,"{""anomaly"": 1.5}",SST 69.4→69.7°F; SST anomaly 1.7→2.0°F,
2026-10-08T1351PT_v1,2026-10-07T1427PT_v1,2026-10-23,pt_loma_kelp,sheephead,15,16,3,3,82.7,82.7,0.0,Very Good,Very Good,no material driver change,{},SST 69.4→69.7°F; SST anomaly 1.7→2.0°F,
2026-10-08T1351PT_v1,2026-10-07T1427PT_v1,2026-10-23,pt_loma_kelp,white_seabass,15,16,3,3,52.8,50.7,-2.1,Fair,Fair,water temperature fit -1.4,"{""anomaly"": -0.7, ""sst"": -1.4}",SST 69.4→69.7°F; SST anomaly 1.7→2.0°F,
2026-10-08T1351PT_v1,2026-10-07T1427PT_v1,2026-10-23,pt_loma_kelp,yellowtail,15,16,3,3,95.4,96.5,1.1,Excellent,Excellent,ENSO/SST anomaly boost +1.1,"{""anomaly"": 1.1}",SST 69.4→69.7°F; SST anomaly 1.7→2.0°F,
2026-10-08T1351PT_v1,2026-10-07T1427PT_v1,2026-10-23,sd_bay,california_halibut,15,16,3,3,40.8,39.2,-1.6,Fair,Poor,water temperature fit -1.1,"{""anomaly"": -0.5, ""sst"": -1.1}",,
2026-10-08T1351PT_v1,2026-10-07T1427PT_v1,2026-10-23,sd_bay,sand_bass,15,16,3,3,65.3,65.9,0.6,Good,Good,no material driver change,"{""anomaly"": 0.6}",,
2026-10-08T1351PT_v1,2026-10-07T1427PT_v1,2026-10-23,sd_bay,spotted_bay_bass,15,16,3,3,70.6,71.3,0.7,Good,Good,no material driver change,"{""anomaly"": 0.7}",,
2026-10-08T1351PT_v1,2026-10-07T1427PT_v1,2026-10-23,surf_zone,barred_surfperch,15,16,3,3,56.6,56.8,0.2,Fair,Fair,no material driver change,"{""anomaly"": 0.1}",,
2026-10-08T1351PT_v1,2026-10-07T1427PT_v1,2026-10-23,surf_zone,calico_bass,15,16,3,3,87.4,87.3,-0.1,Very Good,Very Good,no material driver change,"{""anomaly"": -0.1}",,
2026-10-08T1351PT_v1,2026-10-07T1427PT_v1,2026-10-23,surf_zone,california_halibut,15,16,3,3,65.5,65.7,0.2,Good,Good,no material driver change,"{""anomaly"": 0.1}",,
2026-10-08T1351PT_v1,2026-10-07T1427PT_v1,2026-10-23,surf_zone,corbina,15,16,3,3,87.7,87.6,-0.1,Very Good,Very Good,no material driver change,"{""anomaly"": -0.1}",,
2026-10-08T1351PT_v1,2026-10-07T1427PT_v1,2026-10-23,surf_zone,sand_bass,15,16,3,3,82.4,82.3,-0.1,Very Good,Very Good,no material driver change,"{""anomaly"": -0.1}",,
2026-10-08T1351PT_v1,2026-10-07T1427PT_v1,2026-10-24,coronados,barracuda,16,17,3,3,77.8,78.7,0.9,Very Good,Very Good,no material driver change,"{""anomaly"": 0.9}",,
2026-10-08T1351PT_v1,2026-10-07T1427PT_v1,2026-10-24,coronados,bluefin_tuna,16,17,3,3,92.7,93.7,1.0,Excellent,Excellent,ENSO/SST anomaly boost +1.0,"{""anomaly"": 1.0}",,
2026-10-08T1351PT_v1,2026-10-07T1427PT_v1,2026-10-24,coronados,bonito,16,17,3,3,93.2,94.3,1.1,Excellent,Excellent,ENSO/SST anomaly boost +1.1,"{""anomaly"": 1.1}",,
2026-10-08T1351PT_v1,2026-10-07T1427PT_v1,2026-10-24,coronados,calico_bass,16,17,3,3,77.1,77.7,0.6,Very Good,Very Good,no material driver change,"{""anomaly"": 0.6}",,
2026-10-08T1351PT_v1,2026-10-07T1427PT_v1,2026-10-24,coronados,dorado,16,17,3,3,67.0,72.6,5.6,Good,Good,water temperature fit +5.6,"{""sst"": 5.6}",,
2026-10-08T1351PT_v1,2026-10-07T1427PT_v1,2026-10-24,coronados,rockfish,16,17,3,3,70.1,68.7,-1.4,Good,Good,ENSO/SST anomaly boost -1.4,"{""anomaly"": -1.4}",,
2026-10-08T1351PT_v1,2026-10-07T1427PT_v1,2026-10-24,coronados,sheephead,16,17,3,3,73.3,73.3,0.0,Good,Good,no material driver change,{},,
2026-10-08T1351PT_v1,2026-10-07T1427PT_v1,2026-10-24,coronados,white_seabass,16,17,3,3,45.5,44.3,-1.2,Fair,Fair,small changes across several drivers,"{""anomaly"": -0.4, ""sst"": -0.8}",,
2026-10-08T1351PT_v1,2026-10-07T1427PT_v1,2026-10-24,coronados,yellowfin_tuna,16,17,3,3,96.5,98.2,1.7,Excellent,Excellent,small changes across several drivers,"{""anomaly"": 0.8, ""sst"": 0.9}",,
2026-10-08T1351PT_v1,2026-10-07T1427PT_v1,2026-10-24,coronados,yellowtail,16,17,3,3,87.9,89.5,1.6,Very Good,Very Good,ENSO/SST anomaly boost +1.6,"{""anomaly"": 1.6}",,
2026-10-08T1351PT_v1,2026-10-07T1427PT_v1,2026-10-24,cortez_tanner,bluefin_tuna,16,17,3,3,68.3,69.0,0.7,Good,Good,no material driver change,"{""anomaly"": 0.7}",,
2026-10-08T1351PT_v1,2026-10-07T1427PT_v1,2026-10-24,cortez_tanner,dorado,16,17,3,3,10.8,11.1,0.3,Poor,Poor,no material driver change,"{""anomaly"": 0.3}",,
2026-10-08T1351PT_v1,2026-10-07T1427PT_v1,2026-10-24,cortez_tanner,rockfish,16,17,3,3,52.3,51.6,-0.7,Fair,Fair,no material driver change,"{""anomaly"": -0.7}",,
2026-10-08T1351PT_v1,2026-10-07T1427PT_v1,2026-10-24,cortez_tanner,yellowfin_tuna,16,17,3,3,52.0,55.2,3.2,Fair,Fair,water temperature fit +2.1; ENSO/SST anomaly boost +1.1,"{""anomaly"": 1.1, ""sst"": 2.1}",,
2026-10-08T1351PT_v1,2026-10-07T1427PT_v1,2026-10-24,cortez_tanner,yellowtail,16,17,3,3,65.6,66.5,0.9,Good,Good,no material driver change,"{""anomaly"": 0.9}",,
2026-10-08T1351PT_v1,2026-10-07T1427PT_v1,2026-10-24,la_jolla,barracuda,16,17,3,3,85.2,86.4,1.2,Very Good,Very Good,ENSO/SST anomaly boost +1.2,"{""anomaly"": 1.2}",,
2026-10-08T1351PT_v1,2026-10-07T1427PT_v1,2026-10-24,la_jolla,bonito,16,17,3,3,97.3,97.8,0.5,Excellent,Excellent,no material driver change,"{""anomaly"": 0.5}",,
2026-10-08T1351PT_v1,2026-10-07T1427PT_v1,2026-10-24,la_jolla,calico_bass,16,17,3,3,84.6,85.4,0.8,Very Good,Very Good,no material driver change,"{""anomaly"": 0.8}",,
2026-10-08T1351PT_v1,2026-10-07T1427PT_v1,2026-10-24,la_jolla,california_halibut,16,17,3,3,60.3,58.2,-2.1,Good,Fair,water temperature fit -1.1,"{""anomaly"": -1.0, ""sst"": -1.1}",,
2026-10-08T1351PT_v1,2026-10-07T1427PT_v1,2026-10-24,la_jolla,rockfish,16,17,3,3,81.0,79.2,-1.8,Very Good,Very Good,ENSO/SST anomaly boost -1.8,"{""anomaly"": -1.8}",,
2026-10-08T1351PT_v1,2026-10-07T1427PT_v1,2026-10-24,la_jolla,sheephead,16,17,3,3,81.7,81.7,0.0,Very Good,Very Good,no material driver change,{},,
2026-10-08T1351PT_v1,2026-10-07T1427PT_v1,2026-10-24,la_jolla,white_seabass,16,17,3,3,50.7,49.2,-1.5,Fair,Fair,small changes across several drivers,"{""anomaly"": -0.5, ""sst"": -1.0}",,
2026-10-08T1351PT_v1,2026-10-07T1427PT_v1,2026-10-24,la_jolla,yellowtail,16,17,3,3,94.3,95.4,1.1,Excellent,Excellent,ENSO/SST anomaly boost +1.1,"{""anomaly"": 1.1}",,
2026-10-08T1351PT_v1,2026-10-07T1427PT_v1,2026-10-24,mission_bay,california_halibut,16,17,3,3,41.2,39.9,-1.3,Fair,Poor,small changes across several drivers,"{""anomaly"": -0.5, ""sst"": -0.8}",,
2026-10-08T1351PT_v1,2026-10-07T1427PT_v1,2026-10-24,mission_bay,sand_bass,16,17,3,3,63.2,63.7,0.5,Good,Good,no material driver change,"{""anomaly"": 0.5}",,
2026-10-08T1351PT_v1,2026-10-07T1427PT_v1,2026-10-24,mission_bay,spotted_bay_bass,16,17,3,3,67.1,67.7,0.6,Good,Good,no material driver change,"{""anomaly"": 0.6}",,
2026-10-08T1351PT_v1,2026-10-07T1427PT_v1,2026-10-24,nine_mile,barracuda,16,17,3,3,84.4,85.7,1.3,Very Good,Very Good,ENSO/SST anomaly boost +1.3,"{""anomaly"": 1.3}",SST 69.9→70.2°F; SST anomaly 1.5→1.8°F,
2026-10-08T1351PT_v1,2026-10-07T1427PT_v1,2026-10-24,nine_mile,bluefin_tuna,16,17,3,3,96.6,97.2,0.6,Excellent,Excellent,no material driver change,"{""anomaly"": 0.6}",SST 69.9→70.2°F; SST anomaly 1.5→1.8°F,
2026-10-08T1351PT_v1,2026-10-07T1427PT_v1,2026-10-24,nine_mile,bonito,16,17,3,3,96.7,97.4,0.7,Excellent,Excellent,no material driver change,"{""anomaly"": 0.7}",SST 69.9→70.2°F; SST anomaly 1.5→1.8°F,
2026-10-08T1351PT_v1,2026-10-07T1427PT_v1,2026-10-24,nine_mile,dorado,16,17,3,3,82.9,92.0,9.1,Very Good,Excellent,water temperature fit +6.2; ENSO/SST anomaly boost +2.9,"{""anomaly"": 2.9, ""sst"": 6.2}",SST 69.9→70.2°F; SST anomaly 1.5→1.8°F,
2026-10-08T1351PT_v1,2026-10-07T1427PT_v1,2026-10-24,nine_mile,rockfish,16,17,3,3,78.4,76.5,-1.9,Very Good,Very Good,ENSO/SST anomaly boost -1.9,"{""anomaly"": -1.9}",SST 69.9→70.2°F; SST anomaly 1.5→1.8°F,
2026-10-08T1351PT_v1,2026-10-07T1427PT_v1,2026-10-24,nine_mile,yellowfin_tuna,16,17,3,3,99.1,99.5,0.4,Excellent,Excellent,no material driver change,"{""anomaly"": 0.3}",SST 69.9→70.2°F; SST anomaly 1.5→1.8°F,
2026-10-08T1351PT_v1,2026-10-07T1427PT_v1,2026-10-24,nine_mile,yellowtail,16,17,3,3,93.7,95.0,1.3,Excellent,Excellent,ENSO/SST anomaly boost +1.3,"{""anomaly"": 1.3}",SST 69.9→70.2°F; SST anomaly 1.5→1.8°F,
2026-10-08T1351PT_v1,2026-10-07T1427PT_v1,2026-10-24,outer_banks,bluefin_tuna,16,17,3,3,91.6,92.7,1.1,Excellent,Excellent,ENSO/SST anomaly boost +1.1,"{""anomaly"": 1.1}",,
2026-10-08T1351PT_v1,2026-10-07T1427PT_v1,2026-10-24,outer_banks,bonito,16,17,3,3,91.9,93.2,1.3,Excellent,Excellent,ENSO/SST anomaly boost +1.3,"{""anomaly"": 1.3}",,
2026-10-08T1351PT_v1,2026-10-07T1427PT_v1,2026-10-24,outer_banks,dorado,16,17,3,3,77.8,84.9,7.1,Very Good,Very Good,water temperature fit +4.3; ENSO/SST anomaly boost +2.8,"{""anomaly"": 2.8, ""sst"": 4.3}",,
2026-10-08T1351PT_v1,2026-10-07T1427PT_v1,2026-10-24,outer_banks,rockfish,16,17,3,3,71.4,70.1,-1.3,Good,Good,ENSO/SST anomaly boost -1.3,"{""anomaly"": -1.3}",,
2026-10-08T1351PT_v1,2026-10-07T1427PT_v1,2026-10-24,outer_banks,sheephead,16,17,3,3,69.9,71.0,1.1,Good,Good,water temperature fit +1.1,"{""sst"": 1.1}",,
2026-10-08T1351PT_v1,2026-10-07T1427PT_v1,2026-10-24,outer_banks,white_seabass,16,17,3,3,43.7,42.5,-1.2,Fair,Fair,small changes across several drivers,"{""anomaly"": -0.4, ""sst"": -0.8}",,
2026-10-08T1351PT_v1,2026-10-07T1427PT_v1,2026-10-24,outer_banks,yellowfin_tuna,16,17,3,3,97.7,98.3,0.6,Excellent,Excellent,no material driver change,"{""anomaly"": 0.6}",,
2026-10-08T1351PT_v1,2026-10-07T1427PT_v1,2026-10-24,outer_banks,yellowtail,16,17,3,3,86.3,87.8,1.5,Very Good,Very Good,ENSO/SST anomaly boost +1.5,"{""anomaly"": 1.5}",,
2026-10-08T1351PT_v1,2026-10-07T1427PT_v1,2026-10-24,pt_loma_kelp,barracuda,16,17,3,3,84.3,85.7,1.4,Very Good,Very Good,ENSO/SST anomaly boost +1.4,"{""anomaly"": 1.4}",SST 69.1→69.4°F; SST anomaly 1.5→1.8°F,
2026-10-08T1351PT_v1,2026-10-07T1427PT_v1,2026-10-24,pt_loma_kelp,bonito,16,17,3,3,96.7,97.4,0.7,Excellent,Excellent,no material driver change,"{""anomaly"": 0.7}",SST 69.1→69.4°F; SST anomaly 1.5→1.8°F,
2026-10-08T1351PT_v1,2026-10-07T1427PT_v1,2026-10-24,pt_loma_kelp,calico_bass,16,17,3,3,83.9,84.8,0.9,Very Good,Very Good,no material driver change,"{""anomaly"": 0.9}",SST 69.1→69.4°F; SST anomaly 1.5→1.8°F,
2026-10-08T1351PT_v1,2026-10-07T1427PT_v1,2026-10-24,pt_loma_kelp,california_halibut,16,17,3,3,61.9,59.5,-2.4,Good,Fair,water temperature fit -1.3; ENSO/SST anomaly boost -1.1,"{""anomaly"": -1.1, ""sst"": -1.3}",SST 69.1→69.4°F; SST anomaly 1.5→1.8°F,
2026-10-08T1351PT_v1,2026-10-07T1427PT_v1,2026-10-24,pt_loma_kelp,rockfish,16,17,3,3,78.6,76.5,-2.1,Very Good,Very Good,ENSO/SST anomaly boost -2.1,"{""anomaly"": -2.1}",SST 69.1→69.4°F; SST anomaly 1.5→1.8°F,
2026-10-08T1351PT_v1,2026-10-07T1427PT_v1,2026-10-24,pt_loma_kelp,sand_bass,16,17,3,3,78.9,80.2,1.3,Very Good,Very Good,ENSO/SST anomaly boost +1.3,"{""anomaly"": 1.3}",SST 69.1→69.4°F; SST anomaly 1.5→1.8°F,
2026-10-08T1351PT_v1,2026-10-07T1427PT_v1,2026-10-24,pt_loma_kelp,sheephead,16,17,3,3,80.5,80.5,0.0,Very Good,Very Good,no material driver change,{},SST 69.1→69.4°F; SST anomaly 1.5→1.8°F,
2026-10-08T1351PT_v1,2026-10-07T1427PT_v1,2026-10-24,pt_loma_kelp,white_seabass,16,17,3,3,51.5,49.9,-1.6,Fair,Fair,water temperature fit -1.0,"{""anomaly"": -0.6, ""sst"": -1.0}",SST 69.1→69.4°F; SST anomaly 1.5→1.8°F,
2026-10-08T1351PT_v1,2026-10-07T1427PT_v1,2026-10-24,pt_loma_kelp,yellowtail,16,17,3,3,93.7,95.0,1.3,Excellent,Excellent,ENSO/SST anomaly boost +1.3,"{""anomaly"": 1.3}",SST 69.1→69.4°F; SST anomaly 1.5→1.8°F,
2026-10-08T1351PT_v1,2026-10-07T1427PT_v1,2026-10-24,sd_bay,california_halibut,16,17,3,3,41.5,40.2,-1.3,Fair,Fair,small changes across several drivers,"{""anomaly"": -0.5, ""sst"": -0.8}",,
2026-10-08T1351PT_v1,2026-10-07T1427PT_v1,2026-10-24,sd_bay,sand_bass,16,17,3,3,63.0,63.6,0.6,Good,Good,no material driver change,"{""anomaly"": 0.6}",,
2026-10-08T1351PT_v1,2026-10-07T1427PT_v1,2026-10-24,sd_bay,spotted_bay_bass,16,17,3,3,67.0,67.6,0.6,Good,Good,no material driver change,"{""anomaly"": 0.6}",,
2026-10-08T1351PT_v1,2026-10-07T1427PT_v1,2026-10-24,surf_zone,barred_surfperch,16,17,3,3,56.9,57.1,0.2,Fair,Fair,no material driver change,"{""anomaly"": 0.1}",,
2026-10-08T1351PT_v1,2026-10-07T1427PT_v1,2026-10-24,surf_zone,calico_bass,16,17,3,3,84.9,84.9,0.0,Very Good,Very Good,no material driver change,{},,
2026-10-08T1351PT_v1,2026-10-07T1427PT_v1,2026-10-24,surf_zone,california_halibut,16,17,3,3,64.7,64.8,0.1,Good,Good,no material driver change,{},,
2026-10-08T1351PT_v1,2026-10-07T1427PT_v1,2026-10-24,surf_zone,corbina,16,17,3,3,87.8,87.7,-0.1,Very Good,Very Good,no material driver change,{},,
2026-10-08T1351PT_v1,2026-10-07T1427PT_v1,2026-10-24,surf_zone,sand_bass,16,17,3,3,79.8,79.8,0.0,Very Good,Very Good,no material driver change,{},,
2026-10-08T1351PT_v1,2026-10-07T1427PT_v1,2026-10-25,coronados,barracuda,17,18,3,3,77.8,78.6,0.8,Very Good,Very Good,no material driver change,"{""anomaly"": 0.8}",,
2026-10-08T1351PT_v1,2026-10-07T1427PT_v1,2026-10-25,coronados,bluefin_tuna,17,18,3,3,92.8,93.7,0.9,Excellent,Excellent,no material driver change,"{""anomaly"": 0.9}",,
2026-10-08T1351PT_v1,2026-10-07T1427PT_v1,2026-10-25,coronados,bonito,17,18,3,3,92.9,94.0,1.1,Excellent,Excellent,ENSO/SST anomaly boost +1.1,"{""anomaly"": 1.1}",,
2026-10-08T1351PT_v1,2026-10-07T1427PT_v1,2026-10-25,coronados,calico_bass,17,18,3,3,77.2,77.8,0.6,Very Good,Very Good,no material driver change,"{""anomaly"": 0.6}",,
2026-10-08T1351PT_v1,2026-10-07T1427PT_v1,2026-10-25,coronados,dorado,17,18,3,3,59.7,66.1,6.4,Fair,Good,water temperature fit +5.3; ENSO/SST anomaly boost +1.1,"{""anomaly"": 1.1, ""sst"": 5.3}",,
2026-10-08T1351PT_v1,2026-10-07T1427PT_v1,2026-10-25,coronados,rockfish,17,18,3,3,70.1,68.9,-1.2,Good,Good,ENSO/SST anomaly boost -1.2,"{""anomaly"": -1.2}",,
2026-10-08T1351PT_v1,2026-10-07T1427PT_v1,2026-10-25,coronados,sheephead,17,18,3,3,73.9,73.9,0.0,Good,Good,no material driver change,{},,
2026-10-08T1351PT_v1,2026-10-07T1427PT_v1,2026-10-25,coronados,white_seabass,17,18,3,3,46.5,45.5,-1.0,Fair,Fair,small changes across several drivers,"{""anomaly"": -0.4, ""sst"": -0.6}",,
2026-10-08T1351PT_v1,2026-10-07T1427PT_v1,2026-10-25,coronados,yellowfin_tuna,17,18,3,3,94.3,96.8,2.5,Excellent,Excellent,water temperature fit +1.3; ENSO/SST anomaly boost +1.2,"{""anomaly"": 1.2, ""sst"": 1.3}",,
2026-10-08T1351PT_v1,2026-10-07T1427PT_v1,2026-10-25,coronados,yellowtail,17,18,3,3,87.5,89.0,1.5,Very Good,Very Good,ENSO/SST anomaly boost +1.5,"{""anomaly"": 1.5}",,
2026-10-08T1351PT_v1,2026-10-07T1427PT_v1,2026-10-25,cortez_tanner,bluefin_tuna,17,18,3,3,68.4,69.0,0.6,Good,Good,no material driver change,"{""anomaly"": 0.6}",,
2026-10-08T1351PT_v1,2026-10-07T1427PT_v1,2026-10-25,cortez_tanner,dorado,17,18,3,3,10.6,10.8,0.2,Poor,Poor,no material driver change,"{""anomaly"": 0.2}",,
2026-10-08T1351PT_v1,2026-10-07T1427PT_v1,2026-10-25,cortez_tanner,rockfish,17,18,3,3,52.3,51.8,-0.5,Fair,Fair,no material driver change,"{""anomaly"": -0.5}",,
2026-10-08T1351PT_v1,2026-10-07T1427PT_v1,2026-10-25,cortez_tanner,yellowfin_tuna,17,18,3,3,48.3,51.1,2.8,Fair,Fair,water temperature fit +1.9,"{""anomaly"": 0.9, ""sst"": 1.9}",,
2026-10-08T1351PT_v1,2026-10-07T1427PT_v1,2026-10-25,cortez_tanner,yellowtail,17,18,3,3,65.4,66.1,0.7,Good,Good,no material driver change,"{""anomaly"": 0.7}",,
2026-10-08T1351PT_v1,2026-10-07T1427PT_v1,2026-10-25,la_jolla,barracuda,17,18,3,3,85.4,86.5,1.1,Very Good,Very Good,ENSO/SST anomaly boost +1.1,"{""anomaly"": 1.1}",,
2026-10-08T1351PT_v1,2026-10-07T1427PT_v1,2026-10-25,la_jolla,bonito,17,18,3,3,97.1,97.6,0.5,Excellent,Excellent,no material driver change,"{""anomaly"": 0.5}",,
2026-10-08T1351PT_v1,2026-10-07T1427PT_v1,2026-10-25,la_jolla,calico_bass,17,18,3,3,85.1,85.8,0.7,Very Good,Very Good,no material driver change,"{""anomaly"": 0.7}",,
2026-10-08T1351PT_v1,2026-10-07T1427PT_v1,2026-10-25,la_jolla,california_halibut,17,18,3,3,63.1,61.3,-1.8,Good,Good,small changes across several drivers,"{""anomaly"": -0.9, ""sst"": -0.9}",,
2026-10-08T1351PT_v1,2026-10-07T1427PT_v1,2026-10-25,la_jolla,rockfish,17,18,3,3,80.5,78.9,-1.6,Very Good,Very Good,ENSO/SST anomaly boost -1.6,"{""anomaly"": -1.6}",,
2026-10-08T1351PT_v1,2026-10-07T1427PT_v1,2026-10-25,la_jolla,sheephead,17,18,3,3,82.9,82.9,0.0,Very Good,Very Good,no material driver change,{},,
2026-10-08T1351PT_v1,2026-10-07T1427PT_v1,2026-10-25,la_jolla,white_seabass,17,18,3,3,52.1,50.8,-1.3,Fair,Fair,small changes across several drivers,"{""anomaly"": -0.5, ""sst"": -0.8}",,
2026-10-08T1351PT_v1,2026-10-07T1427PT_v1,2026-10-25,la_jolla,yellowtail,17,18,3,3,94.3,95.2,0.9,Excellent,Excellent,no material driver change,"{""anomaly"": 0.9}",,
2026-10-08T1351PT_v1,2026-10-07T1427PT_v1,2026-10-25,mission_bay,california_halibut,17,18,3,3,43.3,42.2,-1.1,Fair,Fair,small changes across several drivers,"{""anomaly"": -0.4, ""sst"": -0.7}",,
2026-10-08T1351PT_v1,2026-10-07T1427PT_v1,2026-10-25,mission_bay,sand_bass,17,18,3,3,62.9,63.4,0.5,Good,Good,no material driver change,"{""anomaly"": 0.5}",,
2026-10-08T1351PT_v1,2026-10-07T1427PT_v1,2026-10-25,mission_bay,spotted_bay_bass,17,18,3,3,67.6,68.1,0.5,Good,Good,no material driver change,"{""anomaly"": 0.5}",,
2026-10-08T1351PT_v1,2026-10-07T1427PT_v1,2026-10-25,nine_mile,barracuda,17,18,3,3,84.3,85.4,1.1,Very Good,Very Good,ENSO/SST anomaly boost +1.1,"{""anomaly"": 1.1}",,
2026-10-08T1351PT_v1,2026-10-07T1427PT_v1,2026-10-25,nine_mile,bluefin_tuna,17,18,3,3,96.6,97.1,0.5,Excellent,Excellent,no material driver change,"{""anomaly"": 0.5}",,
2026-10-08T1351PT_v1,2026-10-07T1427PT_v1,2026-10-25,nine_mile,bonito,17,18,3,3,96.6,97.2,0.6,Excellent,Excellent,no material driver change,"{""anomaly"": 0.6}",,
2026-10-08T1351PT_v1,2026-10-07T1427PT_v1,2026-10-25,nine_mile,dorado,17,18,3,3,76.9,85.9,9.0,Very Good,Very Good,water temperature fit +5.8; ENSO/SST anomaly boost +3.2,"{""anomaly"": 3.2, ""sst"": 5.8}",,
2026-10-08T1351PT_v1,2026-10-07T1427PT_v1,2026-10-25,nine_mile,rockfish,17,18,3,3,78.2,76.6,-1.6,Very Good,Very Good,ENSO/SST anomaly boost -1.6,"{""anomaly"": -1.6}",,
2026-10-08T1351PT_v1,2026-10-07T1427PT_v1,2026-10-25,nine_mile,yellowfin_tuna,17,18,3,3,98.6,99.3,0.7,Excellent,Excellent,no material driver change,"{""anomaly"": 0.4, ""sst"": 0.3}",,
2026-10-08T1351PT_v1,2026-10-07T1427PT_v1,2026-10-25,nine_mile,yellowtail,17,18,3,3,93.5,94.6,1.1,Excellent,Excellent,ENSO/SST anomaly boost +1.1,"{""anomaly"": 1.1}",,
2026-10-08T1351PT_v1,2026-10-07T1427PT_v1,2026-10-25,outer_banks,bluefin_tuna,17,18,3,3,91.8,92.8,1.0,Excellent,Excellent,ENSO/SST anomaly boost +1.0,"{""anomaly"": 1.0}",,
2026-10-08T1351PT_v1,2026-10-07T1427PT_v1,2026-10-25,outer_banks,bonito,17,18,3,3,91.8,92.9,1.1,Excellent,Excellent,ENSO/SST anomaly boost +1.1,"{""anomaly"": 1.1}",,
2026-10-08T1351PT_v1,2026-10-07T1427PT_v1,2026-10-25,outer_banks,dorado,17,18,3,3,72.9,79.3,6.4,Good,Very Good,water temperature fit +4.0; ENSO/SST anomaly boost +2.4,"{""anomaly"": 2.4, ""sst"": 4.0}",,
2026-10-08T1351PT_v1,2026-10-07T1427PT_v1,2026-10-25,outer_banks,rockfish,17,18,3,3,71.3,70.1,-1.2,Good,Good,ENSO/SST anomaly boost -1.2,"{""anomaly"": -1.2}",,
2026-10-08T1351PT_v1,2026-10-07T1427PT_v1,2026-10-25,outer_banks,sheephead,17,18,3,3,69.5,70.5,1.0,Good,Good,water temperature fit +1.0,"{""sst"": 1.0}",,
2026-10-08T1351PT_v1,2026-10-07T1427PT_v1,2026-10-25,outer_banks,white_seabass,17,18,3,3,44.7,43.6,-1.1,Fair,Fair,small changes across several drivers,"{""anomaly"": -0.3, ""sst"": -0.8}",,
2026-10-08T1351PT_v1,2026-10-07T1427PT_v1,2026-10-25,outer_banks,yellowfin_tuna,17,18,3,3,96.9,98.1,1.2,Excellent,Excellent,small changes across several drivers,"{""anomaly"": 0.7, ""sst"": 0.5}",,
2026-10-08T1351PT_v1,2026-10-07T1427PT_v1,2026-10-25,outer_banks,yellowtail,17,18,3,3,86.0,87.5,1.5,Very Good,Very Good,ENSO/SST anomaly boost +1.5,"{""anomaly"": 1.5}",,
2026-10-08T1351PT_v1,2026-10-07T1427PT_v1,2026-10-25,pt_loma_kelp,barracuda,17,18,3,3,84.1,85.3,1.2,Very Good,Very Good,ENSO/SST anomaly boost +1.2,"{""anomaly"": 1.2}",,
2026-10-08T1351PT_v1,2026-10-07T1427PT_v1,2026-10-25,pt_loma_kelp,bonito,17,18,3,3,96.5,97.2,0.7,Excellent,Excellent,no material driver change,"{""anomaly"": 0.7}",,
2026-10-08T1351PT_v1,2026-10-07T1427PT_v1,2026-10-25,pt_loma_kelp,calico_bass,17,18,3,3,83.9,84.7,0.8,Very Good,Very Good,no material driver change,"{""anomaly"": 0.8}",,
2026-10-08T1351PT_v1,2026-10-07T1427PT_v1,2026-10-25,pt_loma_kelp,california_halibut,17,18,3,3,64.1,62.0,-2.1,Good,Good,water temperature fit -1.1; ENSO/SST anomaly boost -1.0,"{""anomaly"": -1.0, ""sst"": -1.1}",,
2026-10-08T1351PT_v1,2026-10-07T1427PT_v1,2026-10-25,pt_loma_kelp,rockfish,17,18,3,3,78.5,76.7,-1.8,Very Good,Very Good,ENSO/SST anomaly boost -1.8,"{""anomaly"": -1.8}",,
2026-10-08T1351PT_v1,2026-10-07T1427PT_v1,2026-10-25,pt_loma_kelp,sand_bass,17,18,3,3,78.7,79.8,1.1,Very Good,Very Good,ENSO/SST anomaly boost +1.1,"{""anomaly"": 1.1}",,
2026-10-08T1351PT_v1,2026-10-07T1427PT_v1,2026-10-25,pt_loma_kelp,sheephead,17,18,3,3,81.0,81.0,0.0,Very Good,Very Good,no material driver change,{},,
2026-10-08T1351PT_v1,2026-10-07T1427PT_v1,2026-10-25,pt_loma_kelp,white_seabass,17,18,3,3,52.7,51.2,-1.5,Fair,Fair,small changes across several drivers,"{""anomaly"": -0.6, ""sst"": -0.9}",,
2026-10-08T1351PT_v1,2026-10-07T1427PT_v1,2026-10-25,pt_loma_kelp,yellowtail,17,18,3,3,93.2,94.5,1.3,Excellent,Excellent,ENSO/SST anomaly boost +1.3,"{""anomaly"": 1.3}",,
2026-10-08T1351PT_v1,2026-10-07T1427PT_v1,2026-10-25,sd_bay,california_halibut,17,18,3,3,43.6,42.5,-1.1,Fair,Fair,small changes across several drivers,"{""anomaly"": -0.4, ""sst"": -0.7}",,
2026-10-08T1351PT_v1,2026-10-07T1427PT_v1,2026-10-25,sd_bay,sand_bass,17,18,3,3,62.8,63.2,0.4,Good,Good,no material driver change,"{""anomaly"": 0.4}",,
2026-10-08T1351PT_v1,2026-10-07T1427PT_v1,2026-10-25,sd_bay,spotted_bay_bass,17,18,3,3,67.4,67.9,0.5,Good,Good,no material driver change,"{""anomaly"": 0.5}",,
2026-10-08T1351PT_v1,2026-10-07T1427PT_v1,2026-10-25,surf_zone,barred_surfperch,17,18,3,3,59.2,59.3,0.1,Fair,Fair,no material driver change,{},,
2026-10-08T1351PT_v1,2026-10-07T1427PT_v1,2026-10-25,surf_zone,calico_bass,17,18,3,3,85.4,85.3,-0.1,Very Good,Very Good,no material driver change,"{""anomaly"": -0.1}",,
2026-10-08T1351PT_v1,2026-10-07T1427PT_v1,2026-10-25,surf_zone,california_halibut,17,18,3,3,66.6,66.7,0.1,Good,Good,no material driver change,"{""anomaly"": 0.1}",,
2026-10-08T1351PT_v1,2026-10-07T1427PT_v1,2026-10-25,surf_zone,corbina,17,18,3,3,88.3,88.2,-0.1,Very Good,Very Good,no material driver change,{},,
2026-10-08T1351PT_v1,2026-10-07T1427PT_v1,2026-10-25,surf_zone,sand_bass,17,18,3,3,80.0,80.0,0.0,Very Good,Very Good,no material driver change,{},,
2026-10-08T1351PT_v1,2026-10-07T1427PT_v1,2026-10-26,coronados,barracuda,18,19,3,3,77.5,78.2,0.7,Very Good,Very Good,no material driver change,"{""anomaly"": 0.7}",,
2026-10-08T1351PT_v1,2026-10-07T1427PT_v1,2026-10-26,coronados,bluefin_tuna,18,19,3,3,92.4,93.2,0.8,Excellent,Excellent,no material driver change,"{""anomaly"": 0.8}",,
2026-10-08T1351PT_v1,2026-10-07T1427PT_v1,2026-10-26,coronados,bonito,18,19,3,3,92.5,93.4,0.9,Excellent,Excellent,no material driver change,"{""anomaly"": 0.9}",,
2026-10-08T1351PT_v1,2026-10-07T1427PT_v1,2026-10-26,coronados,calico_bass,18,19,3,3,77.0,77.5,0.5,Very Good,Very Good,no material driver change,"{""anomaly"": 0.5}",,
2026-10-08T1351PT_v1,2026-10-07T1427PT_v1,2026-10-26,coronados,dorado,18,19,3,3,52.5,59.2,6.7,Fair,Fair,water temperature fit +5.1; ENSO/SST anomaly boost +1.6,"{""anomaly"": 1.6, ""sst"": 5.1}",,
2026-10-08T1351PT_v1,2026-10-07T1427PT_v1,2026-10-26,coronados,rockfish,18,19,3,3,70.5,69.4,-1.1,Good,Good,ENSO/SST anomaly boost -1.1,"{""anomaly"": -1.1}",,
2026-10-08T1351PT_v1,2026-10-07T1427PT_v1,2026-10-26,coronados,sheephead,18,19,3,3,74.1,74.1,0.0,Good,Good,no material driver change,{},,
2026-10-08T1351PT_v1,2026-10-07T1427PT_v1,2026-10-26,coronados,white_seabass,18,19,3,3,47.5,46.6,-0.9,Fair,Fair,no material driver change,"{""anomaly"": -0.3, ""sst"": -0.6}",,
2026-10-08T1351PT_v1,2026-10-07T1427PT_v1,2026-10-26,coronados,yellowfin_tuna,18,19,3,3,91.0,94.5,3.5,Excellent,Excellent,water temperature fit +1.9; ENSO/SST anomaly boost +1.6,"{""anomaly"": 1.6, ""sst"": 1.9}",,
2026-10-08T1351PT_v1,2026-10-07T1427PT_v1,2026-10-26,coronados,yellowtail,18,19,3,3,86.9,88.2,1.3,Very Good,Very Good,ENSO/SST anomaly boost +1.3,"{""anomaly"": 1.3}",,
2026-10-08T1351PT_v1,2026-10-07T1427PT_v1,2026-10-26,cortez_tanner,bluefin_tuna,18,19,3,3,68.1,68.6,0.5,Good,Good,no material driver change,"{""anomaly"": 0.5}",,
2026-10-08T1351PT_v1,2026-10-07T1427PT_v1,2026-10-26,cortez_tanner,dorado,18,19,3,3,10.4,10.6,0.2,Poor,Poor,no material driver change,"{""anomaly"": 0.2}",,
2026-10-08T1351PT_v1,2026-10-07T1427PT_v1,2026-10-26,cortez_tanner,rockfish,18,19,3,3,52.7,52.2,-0.5,Fair,Fair,no material driver change,"{""anomaly"": -0.5}",,
2026-10-08T1351PT_v1,2026-10-07T1427PT_v1,2026-10-26,cortez_tanner,yellowfin_tuna,18,19,3,3,44.5,47.1,2.6,Fair,Fair,water temperature fit +1.8,"{""anomaly"": 0.8, ""sst"": 1.8}",,
2026-10-08T1351PT_v1,2026-10-07T1427PT_v1,2026-10-26,cortez_tanner,yellowtail,18,19,3,3,65.0,65.6,0.6,Good,Good,no material driver change,"{""anomaly"": 0.6}",,
2026-10-08T1351PT_v1,2026-10-07T1427PT_v1,2026-10-26,la_jolla,barracuda,18,19,3,3,85.0,85.9,0.9,Very Good,Very Good,no material driver change,"{""anomaly"": 0.9}",,
2026-10-08T1351PT_v1,2026-10-07T1427PT_v1,2026-10-26,la_jolla,bonito,18,19,3,3,96.9,97.4,0.5,Excellent,Excellent,no material driver change,"{""anomaly"": 0.5}",,
2026-10-08T1351PT_v1,2026-10-07T1427PT_v1,2026-10-26,la_jolla,calico_bass,18,19,3,3,84.8,85.4,0.6,Very Good,Very Good,no material driver change,"{""anomaly"": 0.6}",,
2026-10-08T1351PT_v1,2026-10-07T1427PT_v1,2026-10-26,la_jolla,california_halibut,18,19,3,3,64.7,63.0,-1.7,Good,Good,small changes across several drivers,"{""anomaly"": -0.8, ""sst"": -0.9}",,
2026-10-08T1351PT_v1,2026-10-07T1427PT_v1,2026-10-26,la_jolla,rockfish,18,19,3,3,81.0,79.6,-1.4,Very Good,Very Good,ENSO/SST anomaly boost -1.4,"{""anomaly"": -1.4}",,
2026-10-08T1351PT_v1,2026-10-07T1427PT_v1,2026-10-26,la_jolla,sheephead,18,19,3,3,83.0,83.0,0.0,Very Good,Very Good,no material driver change,{},,
2026-10-08T1351PT_v1,2026-10-07T1427PT_v1,2026-10-26,la_jolla,white_seabass,18,19,3,3,53.1,52.0,-1.1,Fair,Fair,small changes across several drivers,"{""anomaly"": -0.4, ""sst"": -0.7}",,
2026-10-08T1351PT_v1,2026-10-07T1427PT_v1,2026-10-26,la_jolla,yellowtail,18,19,3,3,93.8,94.7,0.9,Excellent,Excellent,no material driver change,"{""anomaly"": 0.9}",,
2026-10-08T1351PT_v1,2026-10-07T1427PT_v1,2026-10-26,mission_bay,california_halibut,18,19,3,3,44.9,43.9,-1.0,Fair,Fair,small changes across several drivers,"{""anomaly"": -0.4, ""sst"": -0.6}",,
2026-10-08T1351PT_v1,2026-10-07T1427PT_v1,2026-10-26,mission_bay,sand_bass,18,19,3,3,62.6,63.0,0.4,Good,Good,no material driver change,"{""anomaly"": 0.4}",,
2026-10-08T1351PT_v1,2026-10-07T1427PT_v1,2026-10-26,mission_bay,spotted_bay_bass,18,19,3,3,67.4,67.9,0.5,Good,Good,no material driver change,"{""anomaly"": 0.5}",,
2026-10-08T1351PT_v1,2026-10-07T1427PT_v1,2026-10-26,nine_mile,barracuda,18,19,3,3,84.1,85.0,0.9,Very Good,Very Good,no material driver change,"{""anomaly"": 0.9}",,
2026-10-08T1351PT_v1,2026-10-07T1427PT_v1,2026-10-26,nine_mile,bluefin_tuna,18,19,3,3,96.4,96.9,0.5,Excellent,Excellent,no material driver change,"{""anomaly"": 0.5}",,
2026-10-08T1351PT_v1,2026-10-07T1427PT_v1,2026-10-26,nine_mile,bonito,18,19,3,3,96.4,97.0,0.6,Excellent,Excellent,no material driver change,"{""anomaly"": 0.6}",,
2026-10-08T1351PT_v1,2026-10-07T1427PT_v1,2026-10-26,nine_mile,dorado,18,19,3,3,71.3,79.3,8.0,Good,Very Good,water temperature fit +5.3; ENSO/SST anomaly boost +2.7,"{""anomaly"": 2.7, ""sst"": 5.3}",,
2026-10-08T1351PT_v1,2026-10-07T1427PT_v1,2026-10-26,nine_mile,rockfish,18,19,3,3,78.5,77.0,-1.5,Very Good,Very Good,ENSO/SST anomaly boost -1.5,"{""anomaly"": -1.5}",,
2026-10-08T1351PT_v1,2026-10-07T1427PT_v1,2026-10-26,nine_mile,yellowfin_tuna,18,19,3,3,97.9,98.9,1.0,Excellent,Excellent,small changes across several drivers,"{""anomaly"": 0.5, ""sst"": 0.5}",,
2026-10-08T1351PT_v1,2026-10-07T1427PT_v1,2026-10-26,nine_mile,yellowtail,18,19,3,3,93.1,94.2,1.1,Excellent,Excellent,ENSO/SST anomaly boost +1.1,"{""anomaly"": 1.1}",,
2026-10-08T1351PT_v1,2026-10-07T1427PT_v1,2026-10-26,outer_banks,bluefin_tuna,18,19,3,3,91.5,92.4,0.9,Excellent,Excellent,no material driver change,"{""anomaly"": 0.9}",,
2026-10-08T1351PT_v1,2026-10-07T1427PT_v1,2026-10-26,outer_banks,bonito,18,19,3,3,91.4,92.5,1.1,Excellent,Excellent,ENSO/SST anomaly boost +1.1,"{""anomaly"": 1.1}",,
2026-10-08T1351PT_v1,2026-10-07T1427PT_v1,2026-10-26,outer_banks,dorado,18,19,3,3,68.2,73.8,5.6,Good,Good,water temperature fit +3.6; ENSO/SST anomaly boost +2.0,"{""anomaly"": 2.0, ""sst"": 3.6}",,
2026-10-08T1351PT_v1,2026-10-07T1427PT_v1,2026-10-26,outer_banks,rockfish,18,19,3,3,71.6,70.5,-1.1,Good,Good,ENSO/SST anomaly boost -1.1,"{""anomaly"": -1.1}",,
2026-10-08T1351PT_v1,2026-10-07T1427PT_v1,2026-10-26,outer_banks,sheephead,18,19,3,3,68.7,69.6,0.9,Good,Good,no material driver change,"{""sst"": 0.9}",,
2026-10-08T1351PT_v1,2026-10-07T1427PT_v1,2026-10-26,outer_banks,white_seabass,18,19,3,3,45.5,44.6,-0.9,Fair,Fair,no material driver change,"{""anomaly"": -0.3, ""sst"": -0.6}",,
2026-10-08T1351PT_v1,2026-10-07T1427PT_v1,2026-10-26,outer_banks,yellowfin_tuna,18,19,3,3,95.7,97.3,1.6,Excellent,Excellent,small changes across several drivers,"{""anomaly"": 0.8, ""sst"": 0.8}",,
2026-10-08T1351PT_v1,2026-10-07T1427PT_v1,2026-10-26,outer_banks,yellowtail,18,19,3,3,85.6,86.9,1.3,Very Good,Very Good,ENSO/SST anomaly boost +1.3,"{""anomaly"": 1.3}",,
2026-10-08T1351PT_v1,2026-10-07T1427PT_v1,2026-10-26,pt_loma_kelp,barracuda,18,19,3,3,83.7,84.7,1.0,Very Good,Very Good,ENSO/SST anomaly boost +1.0,"{""anomaly"": 1.0}",,
2026-10-08T1351PT_v1,2026-10-07T1427PT_v1,2026-10-26,pt_loma_kelp,bonito,18,19,3,3,96.1,96.8,0.7,Excellent,Excellent,no material driver change,"{""anomaly"": 0.7}",,
2026-10-08T1351PT_v1,2026-10-07T1427PT_v1,2026-10-26,pt_loma_kelp,calico_bass,18,19,3,3,83.6,84.3,0.7,Very Good,Very Good,no material driver change,"{""anomaly"": 0.7}",,
2026-10-08T1351PT_v1,2026-10-07T1427PT_v1,2026-10-26,pt_loma_kelp,california_halibut,18,19,3,3,65.7,63.9,-1.8,Good,Good,small changes across several drivers,"{""anomaly"": -0.9, ""sst"": -0.9}",,
2026-10-08T1351PT_v1,2026-10-07T1427PT_v1,2026-10-26,pt_loma_kelp,rockfish,18,19,3,3,79.0,77.5,-1.5,Very Good,Very Good,ENSO/SST anomaly boost -1.5,"{""anomaly"": -1.5}",,
2026-10-08T1351PT_v1,2026-10-07T1427PT_v1,2026-10-26,pt_loma_kelp,sand_bass,18,19,3,3,78.3,79.3,1.0,Very Good,Very Good,ENSO/SST anomaly boost +1.0,"{""anomaly"": 1.0}",,
2026-10-08T1351PT_v1,2026-10-07T1427PT_v1,2026-10-26,pt_loma_kelp,sheephead,18,19,3,3,81.2,81.2,0.0,Very Good,Very Good,no material driver change,{},,
2026-10-08T1351PT_v1,2026-10-07T1427PT_v1,2026-10-26,pt_loma_kelp,white_seabass,18,19,3,3,53.7,52.5,-1.2,Fair,Fair,small changes across several drivers,"{""anomaly"": -0.5, ""sst"": -0.7}",,
2026-10-08T1351PT_v1,2026-10-07T1427PT_v1,2026-10-26,pt_loma_kelp,yellowtail,18,19,3,3,92.7,93.9,1.2,Excellent,Excellent,ENSO/SST anomaly boost +1.2,"{""anomaly"": 1.2}",,
2026-10-08T1351PT_v1,2026-10-07T1427PT_v1,2026-10-26,sd_bay,california_halibut,18,19,3,3,45.2,44.3,-0.9,Fair,Fair,no material driver change,"{""anomaly"": -0.3, ""sst"": -0.6}",,
2026-10-08T1351PT_v1,2026-10-07T1427PT_v1,2026-10-26,sd_bay,sand_bass,18,19,3,3,62.4,62.8,0.4,Good,Good,no material driver change,"{""anomaly"": 0.4}",,
2026-10-08T1351PT_v1,2026-10-07T1427PT_v1,2026-10-26,sd_bay,spotted_bay_bass,18,19,3,3,67.3,67.7,0.4,Good,Good,no material driver change,"{""anomaly"": 0.4}",,
2026-10-08T1351PT_v1,2026-10-07T1427PT_v1,2026-10-26,surf_zone,barred_surfperch,18,19,3,3,60.7,60.9,0.2,Good,Good,no material driver change,"{""anomaly"": 0.1}",,
2026-10-08T1351PT_v1,2026-10-07T1427PT_v1,2026-10-26,surf_zone,calico_bass,18,19,3,3,85.0,85.0,0.0,Very Good,Very Good,no material driver change,{},,
2026-10-08T1351PT_v1,2026-10-07T1427PT_v1,2026-10-26,surf_zone,california_halibut,18,19,3,3,67.3,67.3,0.0,Good,Good,no material driver change,{},,
2026-10-08T1351PT_v1,2026-10-07T1427PT_v1,2026-10-26,surf_zone,corbina,18,19,3,3,86.8,86.7,-0.1,Very Good,Very Good,no material driver change,{},,
2026-10-08T1351PT_v1,2026-10-07T1427PT_v1,2026-10-26,surf_zone,sand_bass,18,19,3,3,79.5,79.5,0.0,Very Good,Very Good,no material driver change,{},,
2026-10-08T1351PT_v1,2026-10-07T1427PT_v1,2026-10-27,coronados,barracuda,19,20,3,3,77.6,78.2,0.6,Very Good,Very Good,no material driver change,"{""anomaly"": 0.6}",,
2026-10-08T1351PT_v1,2026-10-07T1427PT_v1,2026-10-27,coronados,bluefin_tuna,19,20,3,3,91.7,92.5,0.8,Excellent,Excellent,no material driver change,"{""anomaly"": 0.8}",,
2026-10-08T1351PT_v1,2026-10-07T1427PT_v1,2026-10-27,coronados,bonito,19,20,3,3,91.9,92.9,1.0,Excellent,Excellent,ENSO/SST anomaly boost +1.0,"{""anomaly"": 1.0}",,
2026-10-08T1351PT_v1,2026-10-07T1427PT_v1,2026-10-27,coronados,calico_bass,19,20,3,3,77.3,77.8,0.5,Very Good,Very Good,no material driver change,"{""anomaly"": 0.5}",,
2026-10-08T1351PT_v1,2026-10-07T1427PT_v1,2026-10-27,coronados,dorado,19,20,3,3,45.1,51.4,6.3,Fair,Fair,water temperature fit +5.0; ENSO/SST anomaly boost +1.3,"{""anomaly"": 1.3, ""sst"": 5.0}",,
2026-10-08T1351PT_v1,2026-10-07T1427PT_v1,2026-10-27,coronados,rockfish,19,20,3,3,71.2,70.2,-1.0,Good,Good,ENSO/SST anomaly boost -1.0,"{""anomaly"": -1.0}",,
2026-10-08T1351PT_v1,2026-10-07T1427PT_v1,2026-10-27,coronados,sheephead,19,20,3,3,74.7,74.7,0.0,Good,Good,no material driver change,{},,
2026-10-08T1351PT_v1,2026-10-07T1427PT_v1,2026-10-27,coronados,white_seabass,19,20,3,3,48.9,48.1,-0.8,Fair,Fair,no material driver change,"{""anomaly"": -0.3, ""sst"": -0.5}",,
2026-10-08T1351PT_v1,2026-10-07T1427PT_v1,2026-10-27,coronados,yellowfin_tuna,19,20,3,3,86.7,91.1,4.4,Very Good,Excellent,water temperature fit +2.4; ENSO/SST anomaly boost +2.0,"{""anomaly"": 2.0, ""sst"": 2.4}",,
2026-10-08T1351PT_v1,2026-10-07T1427PT_v1,2026-10-27,coronados,yellowtail,19,20,3,3,86.8,87.9,1.1,Very Good,Very Good,ENSO/SST anomaly boost +1.1,"{""anomaly"": 1.1}",,
2026-10-08T1351PT_v1,2026-10-07T1427PT_v1,2026-10-27,cortez_tanner,bluefin_tuna,19,20,3,3,67.5,68.0,0.5,Good,Good,no material driver change,"{""anomaly"": 0.5}",,
2026-10-08T1351PT_v1,2026-10-07T1427PT_v1,2026-10-27,cortez_tanner,dorado,19,20,3,3,10.3,10.5,0.2,Poor,Poor,no material driver change,"{""anomaly"": 0.2}",,
2026-10-08T1351PT_v1,2026-10-07T1427PT_v1,2026-10-27,cortez_tanner,rockfish,19,20,3,3,53.2,52.8,-0.4,Fair,Fair,no material driver change,"{""anomaly"": -0.4}",,
2026-10-08T1351PT_v1,2026-10-07T1427PT_v1,2026-10-27,cortez_tanner,yellowfin_tuna,19,20,3,3,40.4,42.8,2.4,Fair,Fair,water temperature fit +1.8,"{""anomaly"": 0.6, ""sst"": 1.8}",,
2026-10-08T1351PT_v1,2026-10-07T1427PT_v1,2026-10-27,cortez_tanner,yellowtail,19,20,3,3,64.9,65.5,0.6,Good,Good,no material driver change,"{""anomaly"": 0.6}",,
2026-10-08T1351PT_v1,2026-10-07T1427PT_v1,2026-10-27,la_jolla,barracuda,19,20,3,3,85.1,85.8,0.7,Very Good,Very Good,no material driver change,"{""anomaly"": 0.7}",,
2026-10-08T1351PT_v1,2026-10-07T1427PT_v1,2026-10-27,la_jolla,bonito,19,20,3,3,96.6,97.1,0.5,Excellent,Excellent,no material driver change,"{""anomaly"": 0.5}",,
2026-10-08T1351PT_v1,2026-10-07T1427PT_v1,2026-10-27,la_jolla,calico_bass,19,20,3,3,85.1,85.6,0.5,Very Good,Very Good,no material driver change,"{""anomaly"": 0.5}",,
2026-10-08T1351PT_v1,2026-10-07T1427PT_v1,2026-10-27,la_jolla,california_halibut,19,20,3,3,66.5,65.1,-1.4,Good,Good,small changes across several drivers,"{""anomaly"": -0.7, ""sst"": -0.7}",,
2026-10-08T1351PT_v1,2026-10-07T1427PT_v1,2026-10-27,la_jolla,rockfish,19,20,3,3,81.7,80.5,-1.2,Very Good,Very Good,ENSO/SST anomaly boost -1.2,"{""anomaly"": -1.2}",,
2026-10-08T1351PT_v1,2026-10-07T1427PT_v1,2026-10-27,la_jolla,sheephead,19,20,3,3,83.7,83.7,0.0,Very Good,Very Good,no material driver change,{},,
2026-10-08T1351PT_v1,2026-10-07T1427PT_v1,2026-10-27,la_jolla,white_seabass,19,20,3,3,54.6,53.6,-1.0,Fair,Fair,small changes across several drivers,"{""anomaly"": -0.4, ""sst"": -0.6}",,
2026-10-08T1351PT_v1,2026-10-07T1427PT_v1,2026-10-27,la_jolla,yellowtail,19,20,3,3,93.6,94.4,0.8,Excellent,Excellent,no material driver change,"{""anomaly"": 0.8}",,
2026-10-08T1351PT_v1,2026-10-07T1427PT_v1,2026-10-27,mission_bay,california_halibut,19,20,3,3,46.6,45.8,-0.8,Fair,Fair,no material driver change,"{""anomaly"": -0.3, ""sst"": -0.5}",,
2026-10-08T1351PT_v1,2026-10-07T1427PT_v1,2026-10-27,mission_bay,sand_bass,19,20,3,3,62.6,63.0,0.4,Good,Good,no material driver change,"{""anomaly"": 0.4}",,
2026-10-08T1351PT_v1,2026-10-07T1427PT_v1,2026-10-27,mission_bay,spotted_bay_bass,19,20,3,3,67.8,68.2,0.4,Good,Good,no material driver change,"{""anomaly"": 0.4}",,
2026-10-08T1351PT_v1,2026-10-07T1427PT_v1,2026-10-27,nine_mile,barracuda,19,20,3,3,84.2,85.1,0.9,Very Good,Very Good,no material driver change,"{""anomaly"": 0.9}",,
2026-10-08T1351PT_v1,2026-10-07T1427PT_v1,2026-10-27,nine_mile,bluefin_tuna,19,20,3,3,96.1,96.6,0.5,Excellent,Excellent,no material driver change,"{""anomaly"": 0.5}",,
2026-10-08T1351PT_v1,2026-10-07T1427PT_v1,2026-10-27,nine_mile,bonito,19,20,3,3,96.2,96.7,0.5,Excellent,Excellent,no material driver change,"{""anomaly"": 0.5}",,
2026-10-08T1351PT_v1,2026-10-07T1427PT_v1,2026-10-27,nine_mile,dorado,19,20,3,3,65.7,73.0,7.3,Good,Good,water temperature fit +5.0; ENSO/SST anomaly boost +2.3,"{""anomaly"": 2.3, ""sst"": 5.0}",,
2026-10-08T1351PT_v1,2026-10-07T1427PT_v1,2026-10-27,nine_mile,rockfish,19,20,3,3,79.0,77.7,-1.3,Very Good,Very Good,ENSO/SST anomaly boost -1.3,"{""anomaly"": -1.3}",,
2026-10-08T1351PT_v1,2026-10-07T1427PT_v1,2026-10-27,nine_mile,yellowfin_tuna,19,20,3,3,97.0,98.3,1.3,Excellent,Excellent,small changes across several drivers,"{""anomaly"": 0.7, ""sst"": 0.6}",,
2026-10-08T1351PT_v1,2026-10-07T1427PT_v1,2026-10-27,nine_mile,yellowtail,19,20,3,3,93.1,94.1,1.0,Excellent,Excellent,ENSO/SST anomaly boost +1.0,"{""anomaly"": 1.0}",,
2026-10-08T1351PT_v1,2026-10-07T1427PT_v1,2026-10-27,outer_banks,bluefin_tuna,19,20,3,3,90.9,91.7,0.8,Excellent,Excellent,no material driver change,"{""anomaly"": 0.8}",,
2026-10-08T1351PT_v1,2026-10-07T1427PT_v1,2026-10-27,outer_banks,bonito,19,20,3,3,90.9,91.9,1.0,Excellent,Excellent,ENSO/SST anomaly boost +1.0,"{""anomaly"": 1.0}",,
2026-10-08T1351PT_v1,2026-10-07T1427PT_v1,2026-10-27,outer_banks,dorado,19,20,3,3,63.7,68.8,5.1,Good,Good,water temperature fit +3.4; ENSO/SST anomaly boost +1.7,"{""anomaly"": 1.7, ""sst"": 3.4}",,
2026-10-08T1351PT_v1,2026-10-07T1427PT_v1,2026-10-27,outer_banks,rockfish,19,20,3,3,72.1,71.2,-0.9,Good,Good,no material driver change,"{""anomaly"": -0.9}",,
2026-10-08T1351PT_v1,2026-10-07T1427PT_v1,2026-10-27,outer_banks,sheephead,19,20,3,3,68.3,69.2,0.9,Good,Good,no material driver change,"{""sst"": 0.9}",,
2026-10-08T1351PT_v1,2026-10-07T1427PT_v1,2026-10-27,outer_banks,white_seabass,19,20,3,3,46.7,45.9,-0.8,Fair,Fair,no material driver change,"{""anomaly"": -0.3, ""sst"": -0.5}",,
2026-10-08T1351PT_v1,2026-10-07T1427PT_v1,2026-10-27,outer_banks,yellowfin_tuna,19,20,3,3,94.2,96.1,1.9,Excellent,Excellent,small changes across several drivers,"{""anomaly"": 1.0, ""sst"": 0.9}",,
2026-10-08T1351PT_v1,2026-10-07T1427PT_v1,2026-10-27,outer_banks,yellowtail,19,20,3,3,85.7,86.8,1.1,Very Good,Very Good,ENSO/SST anomaly boost +1.1,"{""anomaly"": 1.1}",,
2026-10-08T1351PT_v1,2026-10-07T1427PT_v1,2026-10-27,pt_loma_kelp,barracuda,19,20,3,3,83.7,84.7,1.0,Very Good,Very Good,ENSO/SST anomaly boost +1.0,"{""anomaly"": 1.0}",,
2026-10-08T1351PT_v1,2026-10-07T1427PT_v1,2026-10-27,pt_loma_kelp,bonito,19,20,3,3,95.8,96.5,0.7,Excellent,Excellent,no material driver change,"{""anomaly"": 0.7}",,
2026-10-08T1351PT_v1,2026-10-07T1427PT_v1,2026-10-27,pt_loma_kelp,calico_bass,19,20,3,3,83.9,84.5,0.6,Very Good,Very Good,no material driver change,"{""anomaly"": 0.6}",,
2026-10-08T1351PT_v1,2026-10-07T1427PT_v1,2026-10-27,pt_loma_kelp,california_halibut,19,20,3,3,67.6,65.9,-1.7,Good,Good,small changes across several drivers,"{""anomaly"": -0.9, ""sst"": -0.8}",,
2026-10-08T1351PT_v1,2026-10-07T1427PT_v1,2026-10-27,pt_loma_kelp,rockfish,19,20,3,3,79.7,78.3,-1.4,Very Good,Very Good,ENSO/SST anomaly boost -1.4,"{""anomaly"": -1.4}",,
2026-10-08T1351PT_v1,2026-10-07T1427PT_v1,2026-10-27,pt_loma_kelp,sand_bass,19,20,3,3,78.4,79.2,0.8,Very Good,Very Good,no material driver change,"{""anomaly"": 0.8}",,
2026-10-08T1351PT_v1,2026-10-07T1427PT_v1,2026-10-27,pt_loma_kelp,sheephead,19,20,3,3,81.8,81.8,0.0,Very Good,Very Good,no material driver change,{},,
2026-10-08T1351PT_v1,2026-10-07T1427PT_v1,2026-10-27,pt_loma_kelp,white_seabass,19,20,3,3,55.3,54.2,-1.1,Fair,Fair,small changes across several drivers,"{""anomaly"": -0.5, ""sst"": -0.6}",,
2026-10-08T1351PT_v1,2026-10-07T1427PT_v1,2026-10-27,pt_loma_kelp,yellowtail,19,20,3,3,92.5,93.7,1.2,Excellent,Excellent,ENSO/SST anomaly boost +1.2,"{""anomaly"": 1.2}",,
2026-10-08T1351PT_v1,2026-10-07T1427PT_v1,2026-10-27,sd_bay,california_halibut,19,20,3,3,46.9,46.1,-0.8,Fair,Fair,no material driver change,"{""anomaly"": -0.3, ""sst"": -0.5}",,
2026-10-08T1351PT_v1,2026-10-07T1427PT_v1,2026-10-27,sd_bay,sand_bass,19,20,3,3,62.5,62.8,0.3,Good,Good,no material driver change,"{""anomaly"": 0.3}",,
2026-10-08T1351PT_v1,2026-10-07T1427PT_v1,2026-10-27,sd_bay,spotted_bay_bass,19,20,3,3,67.6,68.0,0.4,Good,Good,no material driver change,"{""anomaly"": 0.4}",,
2026-10-08T1351PT_v1,2026-10-07T1427PT_v1,2026-10-27,surf_zone,barred_surfperch,19,20,3,3,62.5,62.6,0.1,Good,Good,no material driver change,{},,
2026-10-08T1351PT_v1,2026-10-07T1427PT_v1,2026-10-27,surf_zone,calico_bass,19,20,3,3,85.3,85.2,-0.1,Very Good,Very Good,no material driver change,{},,
2026-10-08T1351PT_v1,2026-10-07T1427PT_v1,2026-10-27,surf_zone,california_halibut,19,20,3,3,68.3,68.3,0.0,Good,Good,no material driver change,{},,
2026-10-08T1351PT_v1,2026-10-07T1427PT_v1,2026-10-27,surf_zone,corbina,19,20,3,3,86.2,86.1,-0.1,Very Good,Very Good,no material driver change,"{""anomaly"": -0.1}",,
2026-10-08T1351PT_v1,2026-10-07T1427PT_v1,2026-10-27,surf_zone,sand_bass,19,20,3,3,79.6,79.6,0.0,Very Good,Very Good,no material driver change,{},,
2026-10-08T1351PT_v1,2026-10-07T1427PT_v1,2026-10-28,coronados,barracuda,20,21,3,3,77.9,78.5,0.6,Very Good,Very Good,no material driver change,"{""anomaly"": 0.6}",,
2026-10-08T1351PT_v1,2026-10-07T1427PT_v1,2026-10-28,coronados,bluefin_tuna,20,21,3,3,90.7,91.5,0.8,Excellent,Excellent,no material driver change,"{""anomaly"": 0.8}",,
2026-10-08T1351PT_v1,2026-10-07T1427PT_v1,2026-10-28,coronados,bonito,20,21,3,3,91.5,92.4,0.9,Excellent,Excellent,no material driver change,"{""anomaly"": 0.9}",,
2026-10-08T1351PT_v1,2026-10-07T1427PT_v1,2026-10-28,coronados,calico_bass,20,21,3,3,77.9,78.3,0.4,Very Good,Very Good,no material driver change,"{""anomaly"": 0.4}",,
2026-10-08T1351PT_v1,2026-10-07T1427PT_v1,2026-10-28,coronados,dorado,20,21,3,3,36.8,43.0,6.2,Poor,Fair,water temperature fit +5.3,"{""anomaly"": 0.9, ""sst"": 5.3}",,
2026-10-08T1351PT_v1,2026-10-07T1427PT_v1,2026-10-28,coronados,rockfish,20,21,3,3,72.3,71.4,-0.9,Good,Good,no material driver change,"{""anomaly"": -0.9}",,
2026-10-08T1351PT_v1,2026-10-07T1427PT_v1,2026-10-28,coronados,sheephead,20,21,3,3,75.6,75.6,0.0,Very Good,Very Good,no material driver change,{},,
2026-10-08T1351PT_v1,2026-10-07T1427PT_v1,2026-10-28,coronados,white_seabass,20,21,3,3,50.5,49.8,-0.7,Fair,Fair,no material driver change,"{""anomaly"": -0.3, ""sst"": -0.4}",,
2026-10-08T1351PT_v1,2026-10-07T1427PT_v1,2026-10-28,coronados,yellowfin_tuna,20,21,3,3,82.6,86.5,3.9,Very Good,Very Good,water temperature fit +2.3; ENSO/SST anomaly boost +1.6,"{""anomaly"": 1.6, ""sst"": 2.3}",,
2026-10-08T1351PT_v1,2026-10-07T1427PT_v1,2026-10-28,coronados,yellowtail,20,21,3,3,87.0,88.0,1.0,Very Good,Very Good,ENSO/SST anomaly boost +1.0,"{""anomaly"": 1.0}",,
2026-10-08T1351PT_v1,2026-10-07T1427PT_v1,2026-10-28,cortez_tanner,bluefin_tuna,20,21,3,3,66.5,66.9,0.4,Good,Good,no material driver change,"{""anomaly"": 0.4}",,
2026-10-08T1351PT_v1,2026-10-07T1427PT_v1,2026-10-28,cortez_tanner,dorado,20,21,3,3,10.1,10.3,0.2,Poor,Poor,no material driver change,"{""anomaly"": 0.2}",,
2026-10-08T1351PT_v1,2026-10-07T1427PT_v1,2026-10-28,cortez_tanner,rockfish,20,21,3,3,53.7,53.4,-0.3,Fair,Fair,no material driver change,"{""anomaly"": -0.3}",,
2026-10-08T1351PT_v1,2026-10-07T1427PT_v1,2026-10-28,cortez_tanner,yellowfin_tuna,20,21,3,3,36.2,38.4,2.2,Poor,Poor,water temperature fit +1.7,"{""anomaly"": 0.5, ""sst"": 1.7}",,
2026-10-08T1351PT_v1,2026-10-07T1427PT_v1,2026-10-28,cortez_tanner,yellowtail,20,21,3,3,64.9,65.4,0.5,Good,Good,no material driver change,"{""anomaly"": 0.5}",,
2026-10-08T1351PT_v1,2026-10-07T1427PT_v1,2026-10-28,la_jolla,barracuda,20,21,3,3,85.3,86.0,0.7,Very Good,Very Good,no material driver change,"{""anomaly"": 0.7}",,
2026-10-08T1351PT_v1,2026-10-07T1427PT_v1,2026-10-28,la_jolla,bonito,20,21,3,3,96.3,96.8,0.5,Excellent,Excellent,no material driver change,"{""anomaly"": 0.5}",,
2026-10-08T1351PT_v1,2026-10-07T1427PT_v1,2026-10-28,la_jolla,calico_bass,20,21,3,3,85.5,86.0,0.5,Very Good,Very Good,no material driver change,"{""anomaly"": 0.5}",,
2026-10-08T1351PT_v1,2026-10-07T1427PT_v1,2026-10-28,la_jolla,california_halibut,20,21,3,3,68.2,66.9,-1.3,Good,Good,small changes across several drivers,"{""anomaly"": -0.7, ""sst"": -0.6}",,
2026-10-08T1351PT_v1,2026-10-07T1427PT_v1,2026-10-28,la_jolla,rockfish,20,21,3,3,82.7,81.6,-1.1,Very Good,Very Good,ENSO/SST anomaly boost -1.1,"{""anomaly"": -1.1}",,
2026-10-08T1351PT_v1,2026-10-07T1427PT_v1,2026-10-28,la_jolla,sheephead,20,21,3,3,84.5,84.5,0.0,Very Good,Very Good,no material driver change,{},,
2026-10-08T1351PT_v1,2026-10-07T1427PT_v1,2026-10-28,la_jolla,white_seabass,20,21,3,3,56.3,55.4,-0.9,Fair,Fair,no material driver change,"{""anomaly"": -0.4, ""sst"": -0.5}",,
2026-10-08T1351PT_v1,2026-10-07T1427PT_v1,2026-10-28,la_jolla,yellowtail,20,21,3,3,93.6,94.4,0.8,Excellent,Excellent,no material driver change,"{""anomaly"": 0.8}",,
2026-10-08T1351PT_v1,2026-10-07T1427PT_v1,2026-10-28,mission_bay,california_halibut,20,21,3,3,48.2,47.5,-0.7,Fair,Fair,no material driver change,"{""anomaly"": -0.3, ""sst"": -0.4}",,
2026-10-08T1351PT_v1,2026-10-07T1427PT_v1,2026-10-28,mission_bay,sand_bass,20,21,3,3,62.8,63.1,0.3,Good,Good,no material driver change,"{""anomaly"": 0.3}",,
2026-10-08T1351PT_v1,2026-10-07T1427PT_v1,2026-10-28,mission_bay,spotted_bay_bass,20,21,3,3,68.2,68.5,0.3,Good,Good,no material driver change,"{""anomaly"": 0.3}",,
2026-10-08T1351PT_v1,2026-10-07T1427PT_v1,2026-10-28,nine_mile,barracuda,20,21,3,3,84.6,85.3,0.7,Very Good,Very Good,no material driver change,"{""anomaly"": 0.7}",,
2026-10-08T1351PT_v1,2026-10-07T1427PT_v1,2026-10-28,nine_mile,bluefin_tuna,20,21,3,3,95.6,96.1,0.5,Excellent,Excellent,no material driver change,"{""anomaly"": 0.5}",,
2026-10-08T1351PT_v1,2026-10-07T1427PT_v1,2026-10-28,nine_mile,bonito,20,21,3,3,95.9,96.5,0.6,Excellent,Excellent,no material driver change,"{""anomaly"": 0.6}",,
2026-10-08T1351PT_v1,2026-10-07T1427PT_v1,2026-10-28,nine_mile,dorado,20,21,3,3,59.2,65.7,6.5,Fair,Good,water temperature fit +4.8; ENSO/SST anomaly boost +1.7,"{""anomaly"": 1.7, ""sst"": 4.8}",,
2026-10-08T1351PT_v1,2026-10-07T1427PT_v1,2026-10-28,nine_mile,rockfish,20,21,3,3,79.9,78.8,-1.1,Very Good,Very Good,ENSO/SST anomaly boost -1.1,"{""anomaly"": -1.1}",,
2026-10-08T1351PT_v1,2026-10-07T1427PT_v1,2026-10-28,nine_mile,yellowfin_tuna,20,21,3,3,95.5,97.3,1.8,Excellent,Excellent,small changes across several drivers,"{""anomaly"": 0.9, ""sst"": 0.9}",,
2026-10-08T1351PT_v1,2026-10-07T1427PT_v1,2026-10-28,nine_mile,yellowtail,20,21,3,3,93.3,94.1,0.8,Excellent,Excellent,no material driver change,"{""anomaly"": 0.8}",,
2026-10-08T1351PT_v1,2026-10-07T1427PT_v1,2026-10-28,outer_banks,bluefin_tuna,20,21,3,3,90.0,90.8,0.8,Excellent,Excellent,no material driver change,"{""anomaly"": 0.8}",,
2026-10-08T1351PT_v1,2026-10-07T1427PT_v1,2026-10-28,outer_banks,bonito,20,21,3,3,90.7,91.6,0.9,Excellent,Excellent,no material driver change,"{""anomaly"": 0.9}",,
2026-10-08T1351PT_v1,2026-10-07T1427PT_v1,2026-10-28,outer_banks,dorado,20,21,3,3,59.2,63.7,4.5,Fair,Good,water temperature fit +3.2; ENSO/SST anomaly boost +1.3,"{""anomaly"": 1.3, ""sst"": 3.2}",,
2026-10-08T1351PT_v1,2026-10-07T1427PT_v1,2026-10-28,outer_banks,rockfish,20,21,3,3,73.0,72.2,-0.8,Good,Good,no material driver change,"{""anomaly"": -0.8}",,
2026-10-08T1351PT_v1,2026-10-07T1427PT_v1,2026-10-28,outer_banks,sheephead,20,21,3,3,68.1,68.9,0.8,Good,Good,no material driver change,"{""sst"": 0.8}",,
2026-10-08T1351PT_v1,2026-10-07T1427PT_v1,2026-10-28,outer_banks,white_seabass,20,21,3,3,48.2,47.5,-0.7,Fair,Fair,no material driver change,"{""anomaly"": -0.2, ""sst"": -0.5}",,
2026-10-08T1351PT_v1,2026-10-07T1427PT_v1,2026-10-28,outer_banks,yellowfin_tuna,20,21,3,3,92.3,94.6,2.3,Excellent,Excellent,water temperature fit +1.2; ENSO/SST anomaly boost +1.1,"{""anomaly"": 1.1, ""sst"": 1.2}",,
2026-10-08T1351PT_v1,2026-10-07T1427PT_v1,2026-10-28,outer_banks,yellowtail,20,21,3,3,86.1,87.0,0.9,Very Good,Very Good,no material driver change,"{""anomaly"": 0.9}",,
2026-10-08T1351PT_v1,2026-10-07T1427PT_v1,2026-10-28,pt_loma_kelp,barracuda,20,21,3,3,84.0,84.8,0.8,Very Good,Very Good,no material driver change,"{""anomaly"": 0.8}",,
2026-10-08T1351PT_v1,2026-10-07T1427PT_v1,2026-10-28,pt_loma_kelp,bonito,20,21,3,3,95.5,96.1,0.6,Excellent,Excellent,no material driver change,"{""anomaly"": 0.6}",,
2026-10-08T1351PT_v1,2026-10-07T1427PT_v1,2026-10-28,pt_loma_kelp,calico_bass,20,21,3,3,84.3,84.9,0.6,Very Good,Very Good,no material driver change,"{""anomaly"": 0.6}",,
2026-10-08T1351PT_v1,2026-10-07T1427PT_v1,2026-10-28,pt_loma_kelp,california_halibut,20,21,3,3,69.3,67.8,-1.5,Good,Good,small changes across several drivers,"{""anomaly"": -0.8, ""sst"": -0.7}",,
2026-10-08T1351PT_v1,2026-10-07T1427PT_v1,2026-10-28,pt_loma_kelp,rockfish,20,21,3,3,80.8,79.6,-1.2,Very Good,Very Good,ENSO/SST anomaly boost -1.2,"{""anomaly"": -1.2}",,
2026-10-08T1351PT_v1,2026-10-07T1427PT_v1,2026-10-28,pt_loma_kelp,sand_bass,20,21,3,3,78.6,79.4,0.8,Very Good,Very Good,no material driver change,"{""anomaly"": 0.8}",,
2026-10-08T1351PT_v1,2026-10-07T1427PT_v1,2026-10-28,pt_loma_kelp,sheephead,20,21,3,3,82.6,82.6,0.0,Very Good,Very Good,no material driver change,{},,
2026-10-08T1351PT_v1,2026-10-07T1427PT_v1,2026-10-28,pt_loma_kelp,white_seabass,20,21,3,3,56.9,56.0,-0.9,Fair,Fair,no material driver change,"{""anomaly"": -0.4, ""sst"": -0.5}",,
2026-10-08T1351PT_v1,2026-10-07T1427PT_v1,2026-10-28,pt_loma_kelp,yellowtail,20,21,3,3,92.5,93.6,1.1,Excellent,Excellent,ENSO/SST anomaly boost +1.1,"{""anomaly"": 1.1}",,
2026-10-08T1351PT_v1,2026-10-07T1427PT_v1,2026-10-28,sd_bay,california_halibut,20,21,3,3,48.6,47.8,-0.8,Fair,Fair,no material driver change,"{""anomaly"": -0.3, ""sst"": -0.5}",,
2026-10-08T1351PT_v1,2026-10-07T1427PT_v1,2026-10-28,sd_bay,sand_bass,20,21,3,3,62.7,63.0,0.3,Good,Good,no material driver change,"{""anomaly"": 0.3}",,
2026-10-08T1351PT_v1,2026-10-07T1427PT_v1,2026-10-28,sd_bay,spotted_bay_bass,20,21,3,3,68.0,68.4,0.4,Good,Good,no material driver change,"{""anomaly"": 0.4}",,
2026-10-08T1351PT_v1,2026-10-07T1427PT_v1,2026-10-28,surf_zone,barred_surfperch,20,21,3,3,64.4,64.5,0.1,Good,Good,no material driver change,{},,
2026-10-08T1351PT_v1,2026-10-07T1427PT_v1,2026-10-28,surf_zone,calico_bass,20,21,3,3,85.7,85.7,0.0,Very Good,Very Good,no material driver change,{},,
2026-10-08T1351PT_v1,2026-10-07T1427PT_v1,2026-10-28,surf_zone,california_halibut,20,21,3,3,69.2,69.3,0.1,Good,Good,no material driver change,{},,
2026-10-08T1351PT_v1,2026-10-07T1427PT_v1,2026-10-28,surf_zone,corbina,20,21,3,3,83.9,83.9,0.0,Very Good,Very Good,no material driver change,{},,
2026-10-08T1351PT_v1,2026-10-07T1427PT_v1,2026-10-28,surf_zone,sand_bass,20,21,3,3,79.8,79.8,0.0,Very Good,Very Good,no material driver change,{},,
2026-10-08T1351PT_v1,2026-10-07T1427PT_v1,2026-10-29,coronados,barracuda,21,22,3,3,78.5,79.1,0.6,Very Good,Very Good,no material driver change,"{""anomaly"": 0.6}",,
2026-10-08T1351PT_v1,2026-10-07T1427PT_v1,2026-10-29,coronados,bluefin_tuna,21,22,3,3,89.2,90.1,0.9,Very Good,Excellent,no material driver change,"{""anomaly"": 0.9}",,
2026-10-08T1351PT_v1,2026-10-07T1427PT_v1,2026-10-29,coronados,bonito,21,22,3,3,91.0,91.9,0.9,Excellent,Excellent,no material driver change,"{""anomaly"": 0.9}",,
2026-10-08T1351PT_v1,2026-10-07T1427PT_v1,2026-10-29,coronados,calico_bass,21,22,3,3,78.7,79.1,0.4,Very Good,Very Good,no material driver change,"{""anomaly"": 0.4}",,
2026-10-08T1351PT_v1,2026-10-07T1427PT_v1,2026-10-29,coronados,dorado,21,22,3,3,27.3,33.8,6.5,Poor,Poor,water temperature fit +5.8,"{""anomaly"": 0.7, ""sst"": 5.8}",,
2026-10-08T1351PT_v1,2026-10-07T1427PT_v1,2026-10-29,coronados,rockfish,21,22,3,3,73.5,72.7,-0.8,Good,Good,no material driver change,"{""anomaly"": -0.8}",,
2026-10-08T1351PT_v1,2026-10-07T1427PT_v1,2026-10-29,coronados,sheephead,21,22,3,3,76.7,76.7,0.0,Very Good,Very Good,no material driver change,{},,
2026-10-08T1351PT_v1,2026-10-07T1427PT_v1,2026-10-29,coronados,white_seabass,21,22,3,3,52.3,51.7,-0.6,Fair,Fair,no material driver change,"{""anomaly"": -0.3, ""sst"": -0.3}",,
2026-10-08T1351PT_v1,2026-10-07T1427PT_v1,2026-10-29,coronados,yellowfin_tuna,21,22,3,3,78.6,82.2,3.6,Very Good,Very Good,water temperature fit +2.1; ENSO/SST anomaly boost +1.5,"{""anomaly"": 1.5, ""sst"": 2.1}",,
2026-10-08T1351PT_v1,2026-10-07T1427PT_v1,2026-10-29,coronados,yellowtail,21,22,3,3,87.5,88.5,1.0,Very Good,Very Good,ENSO/SST anomaly boost +1.0,"{""anomaly"": 1.0}",,
2026-10-08T1351PT_v1,2026-10-07T1427PT_v1,2026-10-29,cortez_tanner,bluefin_tuna,21,22,3,3,65.1,65.5,0.4,Good,Good,no material driver change,"{""anomaly"": 0.4}",,
2026-10-08T1351PT_v1,2026-10-07T1427PT_v1,2026-10-29,cortez_tanner,dorado,21,22,3,3,10.0,10.1,0.1,Poor,Poor,no material driver change,{},,
2026-10-08T1351PT_v1,2026-10-07T1427PT_v1,2026-10-29,cortez_tanner,rockfish,21,22,3,3,54.3,53.9,-0.4,Fair,Fair,no material driver change,"{""anomaly"": -0.4}",,
2026-10-08T1351PT_v1,2026-10-07T1427PT_v1,2026-10-29,cortez_tanner,yellowfin_tuna,21,22,3,3,31.9,34.0,2.1,Poor,Poor,water temperature fit +1.7,"{""anomaly"": 0.4, ""sst"": 1.7}",,
2026-10-08T1351PT_v1,2026-10-07T1427PT_v1,2026-10-29,cortez_tanner,yellowtail,21,22,3,3,65.0,65.5,0.5,Good,Good,no material driver change,"{""anomaly"": 0.5}",,
2026-10-08T1351PT_v1,2026-10-07T1427PT_v1,2026-10-29,la_jolla,barracuda,21,22,3,3,85.9,86.5,0.6,Very Good,Very Good,no material driver change,"{""anomaly"": 0.6}",,
2026-10-08T1351PT_v1,2026-10-07T1427PT_v1,2026-10-29,la_jolla,bonito,21,22,3,3,96.0,96.5,0.5,Excellent,Excellent,no material driver change,"{""anomaly"": 0.5}",,
2026-10-08T1351PT_v1,2026-10-07T1427PT_v1,2026-10-29,la_jolla,calico_bass,21,22,3,3,86.4,86.8,0.4,Very Good,Very Good,no material driver change,"{""anomaly"": 0.4}",,
2026-10-08T1351PT_v1,2026-10-07T1427PT_v1,2026-10-29,la_jolla,california_halibut,21,22,3,3,69.9,68.8,-1.1,Good,Good,small changes across several drivers,"{""anomaly"": -0.6, ""sst"": -0.5}",,
2026-10-08T1351PT_v1,2026-10-07T1427PT_v1,2026-10-29,la_jolla,rockfish,21,22,3,3,83.8,82.9,-0.9,Very Good,Very Good,no material driver change,"{""anomaly"": -0.9}",,
2026-10-08T1351PT_v1,2026-10-07T1427PT_v1,2026-10-29,la_jolla,sheephead,21,22,3,3,85.8,85.8,0.0,Very Good,Very Good,no material driver change,{},,
2026-10-08T1351PT_v1,2026-10-07T1427PT_v1,2026-10-29,la_jolla,white_seabass,21,22,3,3,58.2,57.5,-0.7,Fair,Fair,no material driver change,"{""anomaly"": -0.3, ""sst"": -0.4}",,
2026-10-08T1351PT_v1,2026-10-07T1427PT_v1,2026-10-29,la_jolla,yellowtail,21,22,3,3,93.9,94.6,0.7,Excellent,Excellent,no material driver change,"{""anomaly"": 0.7}",,
2026-10-08T1351PT_v1,2026-10-07T1427PT_v1,2026-10-29,mission_bay,california_halibut,21,22,3,3,49.9,49.2,-0.7,Fair,Fair,no material driver change,"{""anomaly"": -0.3, ""sst"": -0.4}",,
2026-10-08T1351PT_v1,2026-10-07T1427PT_v1,2026-10-29,mission_bay,sand_bass,21,22,3,3,63.3,63.5,0.2,Good,Good,no material driver change,"{""anomaly"": 0.2}",,
2026-10-08T1351PT_v1,2026-10-07T1427PT_v1,2026-10-29,mission_bay,spotted_bay_bass,21,22,3,3,68.8,69.1,0.3,Good,Good,no material driver change,"{""anomaly"": 0.3}",,
2026-10-08T1351PT_v1,2026-10-07T1427PT_v1,2026-10-29,nine_mile,barracuda,21,22,3,3,85.2,85.9,0.7,Very Good,Very Good,no material driver change,"{""anomaly"": 0.7}",,
2026-10-08T1351PT_v1,2026-10-07T1427PT_v1,2026-10-29,nine_mile,bluefin_tuna,21,22,3,3,94.8,95.3,0.5,Excellent,Excellent,no material driver change,"{""anomaly"": 0.5}",,
2026-10-08T1351PT_v1,2026-10-07T1427PT_v1,2026-10-29,nine_mile,bonito,21,22,3,3,95.7,96.2,0.5,Excellent,Excellent,no material driver change,"{""anomaly"": 0.5}",,
2026-10-08T1351PT_v1,2026-10-07T1427PT_v1,2026-10-29,nine_mile,dorado,21,22,3,3,52.5,58.6,6.1,Fair,Fair,water temperature fit +4.7; ENSO/SST anomaly boost +1.4,"{""anomaly"": 1.4, ""sst"": 4.7}",,
2026-10-08T1351PT_v1,2026-10-07T1427PT_v1,2026-10-29,nine_mile,rockfish,21,22,3,3,81.0,80.0,-1.0,Very Good,Very Good,ENSO/SST anomaly boost -1.0,"{""anomaly"": -1.0}",,
2026-10-08T1351PT_v1,2026-10-07T1427PT_v1,2026-10-29,nine_mile,yellowfin_tuna,21,22,3,3,93.4,95.8,2.4,Excellent,Excellent,water temperature fit +1.3; ENSO/SST anomaly boost +1.1,"{""anomaly"": 1.1, ""sst"": 1.3}",,
2026-10-08T1351PT_v1,2026-10-07T1427PT_v1,2026-10-29,nine_mile,yellowtail,21,22,3,3,93.6,94.4,0.8,Excellent,Excellent,no material driver change,"{""anomaly"": 0.8}",,
2026-10-08T1351PT_v1,2026-10-07T1427PT_v1,2026-10-29,outer_banks,bluefin_tuna,21,22,3,3,88.6,89.3,0.7,Very Good,Very Good,no material driver change,"{""anomaly"": 0.7}",,
2026-10-08T1351PT_v1,2026-10-07T1427PT_v1,2026-10-29,outer_banks,bonito,21,22,3,3,90.3,91.1,0.8,Excellent,Excellent,no material driver change,"{""anomaly"": 0.8}",,
2026-10-08T1351PT_v1,2026-10-07T1427PT_v1,2026-10-29,outer_banks,dorado,21,22,3,3,54.4,58.5,4.1,Fair,Fair,water temperature fit +3.0; ENSO/SST anomaly boost +1.1,"{""anomaly"": 1.1, ""sst"": 3.0}",,
2026-10-08T1351PT_v1,2026-10-07T1427PT_v1,2026-10-29,outer_banks,rockfish,21,22,3,3,74.1,73.4,-0.7,Good,Good,no material driver change,"{""anomaly"": -0.7}",,
2026-10-08T1351PT_v1,2026-10-07T1427PT_v1,2026-10-29,outer_banks,sheephead,21,22,3,3,68.0,68.7,0.7,Good,Good,no material driver change,"{""sst"": 0.7}",,
2026-10-08T1351PT_v1,2026-10-07T1427PT_v1,2026-10-29,outer_banks,white_seabass,21,22,3,3,50.0,49.4,-0.6,Fair,Fair,no material driver change,"{""anomaly"": -0.2, ""sst"": -0.4}",,
2026-10-08T1351PT_v1,2026-10-07T1427PT_v1,2026-10-29,outer_banks,yellowfin_tuna,21,22,3,3,89.7,92.5,2.8,Very Good,Excellent,water temperature fit +1.5; ENSO/SST anomaly boost +1.3,"{""anomaly"": 1.3, ""sst"": 1.5}",,
2026-10-08T1351PT_v1,2026-10-07T1427PT_v1,2026-10-29,outer_banks,yellowtail,21,22,3,3,86.7,87.6,0.9,Very Good,Very Good,no material driver change,"{""anomaly"": 0.9}",,
2026-10-08T1351PT_v1,2026-10-07T1427PT_v1,2026-10-29,pt_loma_kelp,barracuda,21,22,3,3,84.5,85.2,0.7,Very Good,Very Good,no material driver change,"{""anomaly"": 0.7}",,
2026-10-08T1351PT_v1,2026-10-07T1427PT_v1,2026-10-29,pt_loma_kelp,bonito,21,22,3,3,95.1,95.7,0.6,Excellent,Excellent,no material driver change,"{""anomaly"": 0.6}",,
2026-10-08T1351PT_v1,2026-10-07T1427PT_v1,2026-10-29,pt_loma_kelp,calico_bass,21,22,3,3,85.0,85.5,0.5,Very Good,Very Good,no material driver change,"{""anomaly"": 0.5}",,
2026-10-08T1351PT_v1,2026-10-07T1427PT_v1,2026-10-29,pt_loma_kelp,california_halibut,21,22,3,3,70.3,69.6,-0.7,Good,Good,no material driver change,"{""anomaly"": -0.7}",,
2026-10-08T1351PT_v1,2026-10-07T1427PT_v1,2026-10-29,pt_loma_kelp,rockfish,21,22,3,3,82.0,81.0,-1.0,Very Good,Very Good,ENSO/SST anomaly boost -1.0,"{""anomaly"": -1.0}",,
2026-10-08T1351PT_v1,2026-10-07T1427PT_v1,2026-10-29,pt_loma_kelp,sand_bass,21,22,3,3,79.2,79.9,0.7,Very Good,Very Good,no material driver change,"{""anomaly"": 0.7}",,
2026-10-08T1351PT_v1,2026-10-07T1427PT_v1,2026-10-29,pt_loma_kelp,sheephead,21,22,3,3,83.8,83.8,0.0,Very Good,Very Good,no material driver change,{},,
2026-10-08T1351PT_v1,2026-10-07T1427PT_v1,2026-10-29,pt_loma_kelp,white_seabass,21,22,3,3,58.9,58.1,-0.8,Fair,Fair,no material driver change,"{""anomaly"": -0.3, ""sst"": -0.5}",,
2026-10-08T1351PT_v1,2026-10-07T1427PT_v1,2026-10-29,pt_loma_kelp,yellowtail,21,22,3,3,92.8,93.7,0.9,Excellent,Excellent,no material driver change,"{""anomaly"": 0.9}",,
2026-10-08T1351PT_v1,2026-10-07T1427PT_v1,2026-10-29,sd_bay,california_halibut,21,22,3,3,50.2,49.6,-0.6,Fair,Fair,no material driver change,"{""anomaly"": -0.2, ""sst"": -0.4}",,
2026-10-08T1351PT_v1,2026-10-07T1427PT_v1,2026-10-29,sd_bay,sand_bass,21,22,3,3,63.1,63.4,0.3,Good,Good,no material driver change,"{""anomaly"": 0.3}",,
2026-10-08T1351PT_v1,2026-10-07T1427PT_v1,2026-10-29,sd_bay,spotted_bay_bass,21,22,3,3,68.6,68.9,0.3,Good,Good,no material driver change,"{""anomaly"": 0.3}",,
2026-10-08T1351PT_v1,2026-10-07T1427PT_v1,2026-10-29,surf_zone,barred_surfperch,21,22,3,3,66.4,66.5,0.1,Good,Good,no material driver change,{},,
2026-10-08T1351PT_v1,2026-10-07T1427PT_v1,2026-10-29,surf_zone,calico_bass,21,22,3,3,86.5,86.5,0.0,Very Good,Very Good,no material driver change,{},,
2026-10-08T1351PT_v1,2026-10-07T1427PT_v1,2026-10-29,surf_zone,california_halibut,21,22,3,3,70.2,70.3,0.1,Good,Good,no material driver change,{},,
2026-10-08T1351PT_v1,2026-10-07T1427PT_v1,2026-10-29,surf_zone,corbina,21,22,3,3,76.9,76.8,-0.1,Very Good,Very Good,no material driver change,"{""anomaly"": -0.1}",,
2026-10-08T1351PT_v1,2026-10-07T1427PT_v1,2026-10-29,surf_zone,sand_bass,21,22,3,3,80.4,80.4,0.0,Very Good,Very Good,no material driver change,{},,
2026-10-08T1351PT_v1,2026-10-07T1427PT_v1,2026-10-30,coronados,barracuda,22,23,3,3,79.3,79.8,0.5,Very Good,Very Good,no material driver change,"{""anomaly"": 0.5}",,
2026-10-08T1351PT_v1,2026-10-07T1427PT_v1,2026-10-30,coronados,bluefin_tuna,22,23,3,3,87.3,87.9,0.6,Very Good,Very Good,no material driver change,"{""anomaly"": 0.6}",,
2026-10-08T1351PT_v1,2026-10-07T1427PT_v1,2026-10-30,coronados,bonito,22,23,3,3,90.5,91.2,0.7,Excellent,Excellent,no material driver change,"{""anomaly"": 0.7}",,
2026-10-08T1351PT_v1,2026-10-07T1427PT_v1,2026-10-30,coronados,calico_bass,22,23,3,3,79.7,80.0,0.3,Very Good,Very Good,no material driver change,"{""anomaly"": 0.3}",,
2026-10-08T1351PT_v1,2026-10-07T1427PT_v1,2026-10-30,coronados,dorado,22,23,3,3,15.0,23.2,8.2,Poor,Poor,water temperature fit +7.9,"{""anomaly"": 0.3, ""sst"": 7.9}",,
2026-10-08T1351PT_v1,2026-10-07T1427PT_v1,2026-10-30,coronados,rockfish,22,23,3,3,74.6,74.0,-0.6,Good,Good,no material driver change,"{""anomaly"": -0.6}",,
2026-10-08T1351PT_v1,2026-10-07T1427PT_v1,2026-10-30,coronados,sheephead,22,23,3,3,78.0,78.0,0.0,Very Good,Very Good,no material driver change,{},,
2026-10-08T1351PT_v1,2026-10-07T1427PT_v1,2026-10-30,coronados,white_seabass,22,23,3,3,54.3,53.7,-0.6,Fair,Fair,no material driver change,"{""anomaly"": -0.2, ""sst"": -0.4}",,
2026-10-08T1351PT_v1,2026-10-07T1427PT_v1,2026-10-30,coronados,yellowfin_tuna,22,23,3,3,74.9,78.0,3.1,Good,Very Good,water temperature fit +1.9; ENSO/SST anomaly boost +1.2,"{""anomaly"": 1.2, ""sst"": 1.9}",,
2026-10-08T1351PT_v1,2026-10-07T1427PT_v1,2026-10-30,coronados,yellowtail,22,23,3,3,88.3,89.1,0.8,Very Good,Very Good,no material driver change,"{""anomaly"": 0.8}",,
2026-10-08T1351PT_v1,2026-10-07T1427PT_v1,2026-10-30,cortez_tanner,bluefin_tuna,22,23,3,3,63.7,64.0,0.3,Good,Good,no material driver change,"{""anomaly"": 0.3}",,
2026-10-08T1351PT_v1,2026-10-07T1427PT_v1,2026-10-30,cortez_tanner,dorado,22,23,3,3,9.9,10.0,0.1,Poor,Poor,no material driver change,{},,
2026-10-08T1351PT_v1,2026-10-07T1427PT_v1,2026-10-30,cortez_tanner,rockfish,22,23,3,3,55.2,54.9,-0.3,Fair,Fair,no material driver change,"{""anomaly"": -0.3}",,
2026-10-08T1351PT_v1,2026-10-07T1427PT_v1,2026-10-30,cortez_tanner,yellowfin_tuna,22,23,3,3,28.0,30.0,2.0,Poor,Poor,water temperature fit +1.7,"{""anomaly"": 0.3, ""sst"": 1.7}",,
2026-10-08T1351PT_v1,2026-10-07T1427PT_v1,2026-10-30,cortez_tanner,yellowtail,22,23,3,3,65.6,66.0,0.4,Good,Good,no material driver change,"{""anomaly"": 0.4}",,
2026-10-08T1351PT_v1,2026-10-07T1427PT_v1,2026-10-30,la_jolla,barracuda,22,23,3,3,86.5,87.1,0.6,Very Good,Very Good,no material driver change,"{""anomaly"": 0.6}",,
2026-10-08T1351PT_v1,2026-10-07T1427PT_v1,2026-10-30,la_jolla,bonito,22,23,3,3,95.7,96.1,0.4,Excellent,Excellent,no material driver change,"{""anomaly"": 0.4}",,
2026-10-08T1351PT_v1,2026-10-07T1427PT_v1,2026-10-30,la_jolla,calico_bass,22,23,3,3,87.2,87.6,0.4,Very Good,Very Good,no material driver change,"{""anomaly"": 0.4}",,
2026-10-08T1351PT_v1,2026-10-07T1427PT_v1,2026-10-30,la_jolla,california_halibut,22,23,3,3,71.2,70.5,-0.7,Good,Good,no material driver change,"{""anomaly"": -0.5, ""sst"": -0.2}",,
2026-10-08T1351PT_v1,2026-10-07T1427PT_v1,2026-10-30,la_jolla,rockfish,22,23,3,3,85.5,84.6,-0.9,Very Good,Very Good,no material driver change,"{""anomaly"": -0.9}",,
2026-10-08T1351PT_v1,2026-10-07T1427PT_v1,2026-10-30,la_jolla,sheephead,22,23,3,3,87.0,87.0,0.0,Very Good,Very Good,no material driver change,{},,
2026-10-08T1351PT_v1,2026-10-07T1427PT_v1,2026-10-30,la_jolla,white_seabass,22,23,3,3,60.3,59.7,-0.6,Good,Fair,no material driver change,"{""anomaly"": -0.3, ""sst"": -0.3}",,
2026-10-08T1351PT_v1,2026-10-07T1427PT_v1,2026-10-30,la_jolla,yellowtail,22,23,3,3,94.3,94.8,0.5,Excellent,Excellent,no material driver change,"{""anomaly"": 0.5}",,
2026-10-08T1351PT_v1,2026-10-07T1427PT_v1,2026-10-30,mission_bay,california_halibut,22,23,3,3,51.5,50.9,-0.6,Fair,Fair,no material driver change,"{""anomaly"": -0.3, ""sst"": -0.3}",,
2026-10-08T1351PT_v1,2026-10-07T1427PT_v1,2026-10-30,mission_bay,sand_bass,22,23,3,3,63.9,64.2,0.3,Good,Good,no material driver change,"{""anomaly"": 0.3}",,
2026-10-08T1351PT_v1,2026-10-07T1427PT_v1,2026-10-30,mission_bay,spotted_bay_bass,22,23,3,3,69.6,69.9,0.3,Good,Good,no material driver change,"{""anomaly"": 0.3}",,
2026-10-08T1351PT_v1,2026-10-07T1427PT_v1,2026-10-30,nine_mile,barracuda,22,23,3,3,86.0,86.6,0.6,Very Good,Very Good,no material driver change,"{""anomaly"": 0.6}",,
2026-10-08T1351PT_v1,2026-10-07T1427PT_v1,2026-10-30,nine_mile,bluefin_tuna,22,23,3,3,93.6,94.1,0.5,Excellent,Excellent,no material driver change,"{""anomaly"": 0.5}",,
2026-10-08T1351PT_v1,2026-10-07T1427PT_v1,2026-10-30,nine_mile,bonito,22,23,3,3,95.4,95.9,0.5,Excellent,Excellent,no material driver change,"{""anomaly"": 0.5}",,
2026-10-08T1351PT_v1,2026-10-07T1427PT_v1,2026-10-30,nine_mile,dorado,22,23,3,3,46.0,51.6,5.6,Fair,Fair,water temperature fit +4.5; ENSO/SST anomaly boost +1.1,"{""anomaly"": 1.1, ""sst"": 4.5}",,
2026-10-08T1351PT_v1,2026-10-07T1427PT_v1,2026-10-30,nine_mile,rockfish,22,23,3,3,82.2,81.3,-0.9,Very Good,Very Good,no material driver change,"{""anomaly"": -0.9}",,
2026-10-08T1351PT_v1,2026-10-07T1427PT_v1,2026-10-30,nine_mile,yellowfin_tuna,22,23,3,3,90.7,93.7,3.0,Excellent,Excellent,water temperature fit +1.7; ENSO/SST anomaly boost +1.3,"{""anomaly"": 1.3, ""sst"": 1.7}",,
2026-10-08T1351PT_v1,2026-10-07T1427PT_v1,2026-10-30,nine_mile,yellowtail,22,23,3,3,94.2,94.8,0.6,Excellent,Excellent,no material driver change,"{""anomaly"": 0.6}",,
2026-10-08T1351PT_v1,2026-10-07T1427PT_v1,2026-10-30,outer_banks,bluefin_tuna,22,23,3,3,86.7,87.3,0.6,Very Good,Very Good,no material driver change,"{""anomaly"": 0.6}",,
2026-10-08T1351PT_v1,2026-10-07T1427PT_v1,2026-10-30,outer_banks,bonito,22,23,3,3,89.8,90.6,0.8,Very Good,Excellent,no material driver change,"{""anomaly"": 0.8}",,
2026-10-08T1351PT_v1,2026-10-07T1427PT_v1,2026-10-30,outer_banks,dorado,22,23,3,3,49.6,53.4,3.8,Fair,Fair,water temperature fit +2.9,"{""anomaly"": 0.9, ""sst"": 2.9}",,
2026-10-08T1351PT_v1,2026-10-07T1427PT_v1,2026-10-30,outer_banks,rockfish,22,23,3,3,75.2,74.6,-0.6,Very Good,Good,no material driver change,"{""anomaly"": -0.6}",,
2026-10-08T1351PT_v1,2026-10-07T1427PT_v1,2026-10-30,outer_banks,sheephead,22,23,3,3,67.9,68.6,0.7,Good,Good,no material driver change,"{""sst"": 0.7}",,
2026-10-08T1351PT_v1,2026-10-07T1427PT_v1,2026-10-30,outer_banks,white_seabass,22,23,3,3,51.8,51.3,-0.5,Fair,Fair,no material driver change,"{""anomaly"": -0.2, ""sst"": -0.3}",,
2026-10-08T1351PT_v1,2026-10-07T1427PT_v1,2026-10-30,outer_banks,yellowfin_tuna,22,23,3,3,87.0,89.8,2.8,Very Good,Very Good,water temperature fit +1.5; ENSO/SST anomaly boost +1.3,"{""anomaly"": 1.3, ""sst"": 1.5}",,
2026-10-08T1351PT_v1,2026-10-07T1427PT_v1,2026-10-30,outer_banks,yellowtail,22,23,3,3,87.6,88.4,0.8,Very Good,Very Good,no material driver change,"{""anomaly"": 0.8}",,
2026-10-08T1351PT_v1,2026-10-07T1427PT_v1,2026-10-30,pt_loma_kelp,barracuda,22,23,3,3,85.2,85.9,0.7,Very Good,Very Good,no material driver change,"{""anomaly"": 0.7}",,
2026-10-08T1351PT_v1,2026-10-07T1427PT_v1,2026-10-30,pt_loma_kelp,bonito,22,23,3,3,94.7,95.3,0.6,Excellent,Excellent,no material driver change,"{""anomaly"": 0.6}",,
2026-10-08T1351PT_v1,2026-10-07T1427PT_v1,2026-10-30,pt_loma_kelp,calico_bass,22,23,3,3,86.0,86.5,0.5,Very Good,Very Good,no material driver change,"{""anomaly"": 0.5}",,
2026-10-08T1351PT_v1,2026-10-07T1427PT_v1,2026-10-30,pt_loma_kelp,california_halibut,22,23,3,3,71.2,70.6,-0.6,Good,Good,no material driver change,"{""anomaly"": -0.6}",,
2026-10-08T1351PT_v1,2026-10-07T1427PT_v1,2026-10-30,pt_loma_kelp,rockfish,22,23,3,3,83.3,82.4,-0.9,Very Good,Very Good,no material driver change,"{""anomaly"": -0.9}",,
2026-10-08T1351PT_v1,2026-10-07T1427PT_v1,2026-10-30,pt_loma_kelp,sand_bass,22,23,3,3,79.9,80.6,0.7,Very Good,Very Good,no material driver change,"{""anomaly"": 0.7}",,
2026-10-08T1351PT_v1,2026-10-07T1427PT_v1,2026-10-30,pt_loma_kelp,sheephead,22,23,3,3,85.1,85.1,0.0,Very Good,Very Good,no material driver change,{},,
2026-10-08T1351PT_v1,2026-10-07T1427PT_v1,2026-10-30,pt_loma_kelp,white_seabass,22,23,3,3,61.1,60.3,-0.8,Good,Good,no material driver change,"{""anomaly"": -0.3, ""sst"": -0.5}",,
2026-10-08T1351PT_v1,2026-10-07T1427PT_v1,2026-10-30,pt_loma_kelp,yellowtail,22,23,3,3,93.3,94.0,0.7,Excellent,Excellent,no material driver change,"{""anomaly"": 0.7}",,
2026-10-08T1351PT_v1,2026-10-07T1427PT_v1,2026-10-30,sd_bay,california_halibut,22,23,3,3,51.9,51.3,-0.6,Fair,Fair,no material driver change,"{""anomaly"": -0.3, ""sst"": -0.3}",,
2026-10-08T1351PT_v1,2026-10-07T1427PT_v1,2026-10-30,sd_bay,sand_bass,22,23,3,3,63.8,64.1,0.3,Good,Good,no material driver change,"{""anomaly"": 0.3}",,
2026-10-08T1351PT_v1,2026-10-07T1427PT_v1,2026-10-30,sd_bay,spotted_bay_bass,22,23,3,3,69.4,69.7,0.3,Good,Good,no material driver change,"{""anomaly"": 0.3}",,
2026-10-08T1351PT_v1,2026-10-07T1427PT_v1,2026-10-30,surf_zone,barred_surfperch,22,23,3,3,68.5,68.6,0.1,Good,Good,no material driver change,{},,
2026-10-08T1351PT_v1,2026-10-07T1427PT_v1,2026-10-30,surf_zone,calico_bass,22,23,3,3,87.3,87.3,0.0,Very Good,Very Good,no material driver change,{},,
2026-10-08T1351PT_v1,2026-10-07T1427PT_v1,2026-10-30,surf_zone,california_halibut,22,23,3,3,71.1,71.1,0.0,Good,Good,no material driver change,{},,
2026-10-08T1351PT_v1,2026-10-07T1427PT_v1,2026-10-30,surf_zone,corbina,22,23,3,3,76.8,76.8,0.0,Very Good,Very Good,no material driver change,{},,
2026-10-08T1351PT_v1,2026-10-07T1427PT_v1,2026-10-30,surf_zone,sand_bass,22,23,3,3,81.0,81.0,0.0,Very Good,Very Good,no material driver change,{},,
2026-10-08T1351PT_v1,2026-10-07T1427PT_v1,2026-10-31,coronados,barracuda,23,24,3,3,79.5,79.9,0.4,Very Good,Very Good,no material driver change,"{""anomaly"": 0.4}",,
2026-10-08T1351PT_v1,2026-10-07T1427PT_v1,2026-10-31,coronados,bluefin_tuna,23,24,3,3,84.7,85.2,0.5,Very Good,Very Good,no material driver change,"{""anomaly"": 0.5}",,
2026-10-08T1351PT_v1,2026-10-07T1427PT_v1,2026-10-31,coronados,bonito,23,24,3,3,89.6,90.3,0.7,Very Good,Excellent,no material driver change,"{""anomaly"": 0.7}",,
2026-10-08T1351PT_v1,2026-10-07T1427PT_v1,2026-10-31,coronados,calico_bass,23,24,3,3,80.0,80.3,0.3,Very Good,Very Good,no material driver change,"{""anomaly"": 0.3}",,
2026-10-08T1351PT_v1,2026-10-07T1427PT_v1,2026-10-31,coronados,dorado,23,24,3,3,13.9,14.1,0.2,Poor,Poor,no material driver change,"{""anomaly"": 0.2}",,
2026-10-08T1351PT_v1,2026-10-07T1427PT_v1,2026-10-31,coronados,rockfish,23,24,3,3,75.9,75.3,-0.6,Very Good,Very Good,no material driver change,"{""anomaly"": -0.6}",,
2026-10-08T1351PT_v1,2026-10-07T1427PT_v1,2026-10-31,coronados,sheephead,23,24,3,3,78.4,78.4,0.0,Very Good,Very Good,no material driver change,{},,
2026-10-08T1351PT_v1,2026-10-07T1427PT_v1,2026-10-31,coronados,white_seabass,23,24,3,3,55.6,55.1,-0.5,Fair,Fair,no material driver change,"{""anomaly"": -0.2, ""sst"": -0.3}",,
2026-10-08T1351PT_v1,2026-10-07T1427PT_v1,2026-10-31,coronados,yellowfin_tuna,23,24,3,3,71.5,74.2,2.7,Good,Good,water temperature fit +1.7; ENSO/SST anomaly boost +1.0,"{""anomaly"": 1.0, ""sst"": 1.7}",,
2026-10-08T1351PT_v1,2026-10-07T1427PT_v1,2026-10-31,coronados,yellowtail,23,24,3,3,88.4,89.1,0.7,Very Good,Very Good,no material driver change,"{""anomaly"": 0.7}",,
2026-10-08T1351PT_v1,2026-10-07T1427PT_v1,2026-10-31,cortez_tanner,bluefin_tuna,23,24,3,3,61.6,61.8,0.2,Good,Good,no material driver change,"{""anomaly"": 0.2}",,
2026-10-08T1351PT_v1,2026-10-07T1427PT_v1,2026-10-31,cortez_tanner,dorado,23,24,3,3,9.8,9.9,0.1,Poor,Poor,no material driver change,{},,
2026-10-08T1351PT_v1,2026-10-07T1427PT_v1,2026-10-31,cortez_tanner,rockfish,23,24,3,3,55.9,55.6,-0.3,Fair,Fair,no material driver change,"{""anomaly"": -0.3}",,
2026-10-08T1351PT_v1,2026-10-07T1427PT_v1,2026-10-31,cortez_tanner,yellowfin_tuna,23,24,3,3,23.5,25.5,2.0,Poor,Poor,water temperature fit +1.8,"{""anomaly"": 0.2, ""sst"": 1.8}",,
2026-10-08T1351PT_v1,2026-10-07T1427PT_v1,2026-10-31,cortez_tanner,yellowtail,23,24,3,3,65.5,65.8,0.3,Good,Good,no material driver change,"{""anomaly"": 0.3}",,
2026-10-08T1351PT_v1,2026-10-07T1427PT_v1,2026-10-31,la_jolla,barracuda,23,24,3,3,86.8,87.3,0.5,Very Good,Very Good,no material driver change,"{""anomaly"": 0.5}",,
2026-10-08T1351PT_v1,2026-10-07T1427PT_v1,2026-10-31,la_jolla,bonito,23,24,3,3,95.3,95.7,0.4,Excellent,Excellent,no material driver change,"{""anomaly"": 0.4}",,
2026-10-08T1351PT_v1,2026-10-07T1427PT_v1,2026-10-31,la_jolla,calico_bass,23,24,3,3,87.7,88.0,0.3,Very Good,Very Good,no material driver change,"{""anomaly"": 0.3}",,
2026-10-08T1351PT_v1,2026-10-07T1427PT_v1,2026-10-31,la_jolla,california_halibut,23,24,3,3,71.1,70.7,-0.4,Good,Good,no material driver change,"{""anomaly"": -0.4}",,
2026-10-08T1351PT_v1,2026-10-07T1427PT_v1,2026-10-31,la_jolla,rockfish,23,24,3,3,86.3,85.6,-0.7,Very Good,Very Good,no material driver change,"{""anomaly"": -0.7}",,
2026-10-08T1351PT_v1,2026-10-07T1427PT_v1,2026-10-31,la_jolla,sheephead,23,24,3,3,87.7,87.7,0.0,Very Good,Very Good,no material driver change,{},,
2026-10-08T1351PT_v1,2026-10-07T1427PT_v1,2026-10-31,la_jolla,white_seabass,23,24,3,3,62.0,61.4,-0.6,Good,Good,no material driver change,"{""anomaly"": -0.3, ""sst"": -0.3}",,
2026-10-08T1351PT_v1,2026-10-07T1427PT_v1,2026-10-31,la_jolla,yellowtail,23,24,3,3,94.4,94.8,0.4,Excellent,Excellent,no material driver change,"{""anomaly"": 0.4}",,
2026-10-08T1351PT_v1,2026-10-07T1427PT_v1,2026-10-31,mission_bay,california_halibut,23,24,3,3,52.3,51.8,-0.5,Fair,Fair,no material driver change,"{""anomaly"": -0.2, ""sst"": -0.3}",,
2026-10-08T1351PT_v1,2026-10-07T1427PT_v1,2026-10-31,mission_bay,sand_bass,23,24,3,3,64.1,64.4,0.3,Good,Good,no material driver change,"{""anomaly"": 0.3}",,
2026-10-08T1351PT_v1,2026-10-07T1427PT_v1,2026-10-31,mission_bay,spotted_bay_bass,23,24,3,3,68.8,69.1,0.3,Good,Good,no material driver change,"{""anomaly"": 0.3}",,
2026-10-08T1351PT_v1,2026-10-07T1427PT_v1,2026-10-31,nine_mile,barracuda,23,24,3,3,86.2,86.8,0.6,Very Good,Very Good,no material driver change,"{""anomaly"": 0.6}",,
2026-10-08T1351PT_v1,2026-10-07T1427PT_v1,2026-10-31,nine_mile,bluefin_tuna,23,24,3,3,91.6,92.2,0.6,Excellent,Excellent,no material driver change,"{""anomaly"": 0.6}",,
2026-10-08T1351PT_v1,2026-10-07T1427PT_v1,2026-10-31,nine_mile,bonito,23,24,3,3,95.0,95.4,0.4,Excellent,Excellent,no material driver change,"{""anomaly"": 0.4}",,
2026-10-08T1351PT_v1,2026-10-07T1427PT_v1,2026-10-31,nine_mile,dorado,23,24,3,3,39.4,44.7,5.3,Poor,Fair,water temperature fit +4.5,"{""anomaly"": 0.8, ""sst"": 4.5}",,
2026-10-08T1351PT_v1,2026-10-07T1427PT_v1,2026-10-31,nine_mile,rockfish,23,24,3,3,83.5,82.7,-0.8,Very Good,Very Good,no material driver change,"{""anomaly"": -0.8}",,
2026-10-08T1351PT_v1,2026-10-07T1427PT_v1,2026-10-31,nine_mile,yellowfin_tuna,23,24,3,3,87.4,90.8,3.4,Very Good,Excellent,water temperature fit +1.9; ENSO/SST anomaly boost +1.5,"{""anomaly"": 1.5, ""sst"": 1.9}",,
2026-10-08T1351PT_v1,2026-10-07T1427PT_v1,2026-10-31,nine_mile,yellowtail,23,24,3,3,94.3,94.8,0.5,Excellent,Excellent,no material driver change,"{""anomaly"": 0.5}",,
2026-10-08T1351PT_v1,2026-10-07T1427PT_v1,2026-10-31,outer_banks,bluefin_tuna,23,24,3,3,84.2,84.7,0.5,Very Good,Very Good,no material driver change,"{""anomaly"": 0.5}",,
2026-10-08T1351PT_v1,2026-10-07T1427PT_v1,2026-10-31,outer_banks,bonito,23,24,3,3,89.0,89.7,0.7,Very Good,Very Good,no material driver change,"{""anomaly"": 0.7}",,
2026-10-08T1351PT_v1,2026-10-07T1427PT_v1,2026-10-31,outer_banks,dorado,23,24,3,3,44.6,48.1,3.5,Fair,Fair,water temperature fit +2.7,"{""anomaly"": 0.8, ""sst"": 2.7}",,
2026-10-08T1351PT_v1,2026-10-07T1427PT_v1,2026-10-31,outer_banks,rockfish,23,24,3,3,76.4,75.8,-0.6,Very Good,Very Good,no material driver change,"{""anomaly"": -0.6}",,
2026-10-08T1351PT_v1,2026-10-07T1427PT_v1,2026-10-31,outer_banks,sheephead,23,24,3,3,67.1,67.8,0.7,Good,Good,no material driver change,"{""sst"": 0.7}",,
2026-10-08T1351PT_v1,2026-10-07T1427PT_v1,2026-10-31,outer_banks,white_seabass,23,24,3,3,53.2,52.7,-0.5,Fair,Fair,no material driver change,"{""anomaly"": -0.2, ""sst"": -0.3}",,
2026-10-08T1351PT_v1,2026-10-07T1427PT_v1,2026-10-31,outer_banks,yellowfin_tuna,23,24,3,3,84.2,86.7,2.5,Very Good,Very Good,water temperature fit +1.3; ENSO/SST anomaly boost +1.2,"{""anomaly"": 1.2, ""sst"": 1.3}",,
2026-10-08T1351PT_v1,2026-10-07T1427PT_v1,2026-10-31,outer_banks,yellowtail,23,24,3,3,87.7,88.5,0.8,Very Good,Very Good,no material driver change,"{""anomaly"": 0.8}",,
2026-10-08T1351PT_v1,2026-10-07T1427PT_v1,2026-10-31,pt_loma_kelp,barracuda,23,24,3,3,85.4,86.0,0.6,Very Good,Very Good,no material driver change,"{""anomaly"": 0.6}",,
2026-10-08T1351PT_v1,2026-10-07T1427PT_v1,2026-10-31,pt_loma_kelp,bonito,23,24,3,3,94.2,94.7,0.5,Excellent,Excellent,no material driver change,"{""anomaly"": 0.5}",,
2026-10-08T1351PT_v1,2026-10-07T1427PT_v1,2026-10-31,pt_loma_kelp,calico_bass,23,24,3,3,86.3,86.7,0.4,Very Good,Very Good,no material driver change,"{""anomaly"": 0.4}",,
2026-10-08T1351PT_v1,2026-10-07T1427PT_v1,2026-10-31,pt_loma_kelp,california_halibut,23,24,3,3,71.0,70.5,-0.5,Good,Good,no material driver change,"{""anomaly"": -0.5}",,
2026-10-08T1351PT_v1,2026-10-07T1427PT_v1,2026-10-31,pt_loma_kelp,rockfish,23,24,3,3,84.7,83.9,-0.8,Very Good,Very Good,no material driver change,"{""anomaly"": -0.8}",,
2026-10-08T1351PT_v1,2026-10-07T1427PT_v1,2026-10-31,pt_loma_kelp,sand_bass,23,24,3,3,80.2,80.7,0.5,Very Good,Very Good,no material driver change,"{""anomaly"": 0.5}",,
2026-10-08T1351PT_v1,2026-10-07T1427PT_v1,2026-10-31,pt_loma_kelp,sheephead,23,24,3,3,85.6,85.6,0.0,Very Good,Very Good,no material driver change,{},,
2026-10-08T1351PT_v1,2026-10-07T1427PT_v1,2026-10-31,pt_loma_kelp,white_seabass,23,24,3,3,62.7,62.0,-0.7,Good,Good,no material driver change,"{""anomaly"": -0.3, ""sst"": -0.4}",,
2026-10-08T1351PT_v1,2026-10-07T1427PT_v1,2026-10-31,pt_loma_kelp,yellowtail,23,24,3,3,93.3,94.0,0.7,Excellent,Excellent,no material driver change,"{""anomaly"": 0.7}",,
2026-10-08T1351PT_v1,2026-10-07T1427PT_v1,2026-10-31,sd_bay,california_halibut,23,24,3,3,52.6,52.1,-0.5,Fair,Fair,no material driver change,"{""anomaly"": -0.2, ""sst"": -0.3}",,
2026-10-08T1351PT_v1,2026-10-07T1427PT_v1,2026-10-31,sd_bay,sand_bass,23,24,3,3,64.0,64.2,0.2,Good,Good,no material driver change,"{""anomaly"": 0.2}",,
2026-10-08T1351PT_v1,2026-10-07T1427PT_v1,2026-10-31,sd_bay,spotted_bay_bass,23,24,3,3,68.7,68.9,0.2,Good,Good,no material driver change,"{""anomaly"": 0.2}",,
2026-10-08T1351PT_v1,2026-10-07T1427PT_v1,2026-10-31,surf_zone,barred_surfperch,23,24,3,3,70.0,70.1,0.1,Good,Good,no material driver change,{},,
2026-10-08T1351PT_v1,2026-10-07T1427PT_v1,2026-10-31,surf_zone,calico_bass,23,24,3,3,87.7,87.7,0.0,Very Good,Very Good,no material driver change,{},,
2026-10-08T1351PT_v1,2026-10-07T1427PT_v1,2026-10-31,surf_zone,california_halibut,23,24,3,3,71.1,71.1,0.0,Good,Good,no material driver change,{},,
2026-10-08T1351PT_v1,2026-10-07T1427PT_v1,2026-10-31,surf_zone,corbina,23,24,3,3,78.8,78.8,0.0,Very Good,Very Good,no material driver change,{},,
2026-10-08T1351PT_v1,2026-10-07T1427PT_v1,2026-10-31,surf_zone,sand_bass,23,24,3,3,81.3,81.3,0.0,Very Good,Very Good,no material driver change,{},,
2026-10-08T1351PT_v1,2026-10-07T1427PT_v1,2026-11-01,coronados,barracuda,24,25,3,3,72.6,72.9,0.3,Good,Good,no material driver change,"{""anomaly"": 0.3}",,
2026-10-08T1351PT_v1,2026-10-07T1427PT_v1,2026-11-01,coronados,bluefin_tuna,24,25,3,3,78.8,79.3,0.5,Very Good,Very Good,no material driver change,"{""anomaly"": 0.5}",,
2026-10-08T1351PT_v1,2026-10-07T1427PT_v1,2026-11-01,coronados,bonito,24,25,3,3,81.2,81.7,0.5,Very Good,Very Good,no material driver change,"{""anomaly"": 0.5}",,
2026-10-08T1351PT_v1,2026-10-07T1427PT_v1,2026-11-01,coronados,calico_bass,24,25,3,3,73.6,73.8,0.2,Good,Good,no material driver change,"{""anomaly"": 0.2}",,
2026-10-08T1351PT_v1,2026-10-07T1427PT_v1,2026-11-01,coronados,dorado,24,25,3,3,19.1,23.3,4.2,Poor,Poor,water temperature fit +3.9,"{""anomaly"": 0.3, ""sst"": 3.9}",,
2026-10-08T1351PT_v1,2026-10-07T1427PT_v1,2026-11-01,coronados,rockfish,24,25,3,3,69.9,69.5,-0.4,Good,Good,no material driver change,"{""anomaly"": -0.4}",,
2026-10-08T1351PT_v1,2026-10-07T1427PT_v1,2026-11-01,coronados,sheephead,24,25,3,3,74.6,74.6,0.0,Good,Good,no material driver change,{},,
2026-10-08T1351PT_v1,2026-10-07T1427PT_v1,2026-11-01,coronados,white_seabass,24,25,3,3,53.5,53.1,-0.4,Fair,Fair,no material driver change,"{""anomaly"": -0.2, ""sst"": -0.2}",,
2026-10-08T1351PT_v1,2026-10-07T1427PT_v1,2026-11-01,coronados,yellowfin_tuna,24,25,3,3,70.9,72.9,2.0,Good,Good,water temperature fit +1.3,"{""anomaly"": 0.7, ""sst"": 1.3}",,
2026-10-08T1351PT_v1,2026-10-07T1427PT_v1,2026-11-01,coronados,yellowtail,24,25,3,3,82.4,82.9,0.5,Very Good,Very Good,no material driver change,"{""anomaly"": 0.5}",,
2026-10-08T1351PT_v1,2026-10-07T1427PT_v1,2026-11-01,cortez_tanner,bluefin_tuna,24,25,3,3,57.0,57.2,0.2,Fair,Fair,no material driver change,"{""anomaly"": 0.2}",,
2026-10-08T1351PT_v1,2026-10-07T1427PT_v1,2026-11-01,cortez_tanner,dorado,24,25,3,3,8.6,8.6,0.0,Poor,Poor,no material driver change,{},,
2026-10-08T1351PT_v1,2026-10-07T1427PT_v1,2026-11-01,cortez_tanner,rockfish,24,25,3,3,51.4,51.2,-0.2,Fair,Fair,no material driver change,"{""anomaly"": -0.2}",,
2026-10-08T1351PT_v1,2026-10-07T1427PT_v1,2026-11-01,cortez_tanner,yellowfin_tuna,24,25,3,3,28.0,29.2,1.2,Poor,Poor,water temperature fit +1.0,"{""anomaly"": 0.2, ""sst"": 1.0}",,
2026-10-08T1351PT_v1,2026-10-07T1427PT_v1,2026-11-01,cortez_tanner,yellowtail,24,25,3,3,60.8,61.0,0.2,Good,Good,no material driver change,"{""anomaly"": 0.2}",,
2026-10-08T1351PT_v1,2026-10-07T1427PT_v1,2026-11-01,la_jolla,barracuda,24,25,3,3,79.0,79.3,0.3,Very Good,Very Good,no material driver change,"{""anomaly"": 0.3}",,
2026-10-08T1351PT_v1,2026-10-07T1427PT_v1,2026-11-01,la_jolla,bonito,24,25,3,3,87.5,88.1,0.6,Very Good,Very Good,no material driver change,"{""anomaly"": 0.6}",,
2026-10-08T1351PT_v1,2026-10-07T1427PT_v1,2026-11-01,la_jolla,calico_bass,24,25,3,3,80.5,80.8,0.3,Very Good,Very Good,no material driver change,"{""anomaly"": 0.3}",,
2026-10-08T1351PT_v1,2026-10-07T1427PT_v1,2026-11-01,la_jolla,california_halibut,24,25,3,3,65.0,64.7,-0.3,Good,Good,no material driver change,"{""anomaly"": -0.3}",,
2026-10-08T1351PT_v1,2026-10-07T1427PT_v1,2026-11-01,la_jolla,rockfish,24,25,3,3,80.7,80.1,-0.6,Very Good,Very Good,no material driver change,"{""anomaly"": -0.6}",,
2026-10-08T1351PT_v1,2026-10-07T1427PT_v1,2026-11-01,la_jolla,sheephead,24,25,3,3,83.8,83.8,0.0,Very Good,Very Good,no material driver change,{},,
2026-10-08T1351PT_v1,2026-10-07T1427PT_v1,2026-11-01,la_jolla,white_seabass,24,25,3,3,60.9,60.4,-0.5,Good,Good,no material driver change,"{""anomaly"": -0.2, ""sst"": -0.3}",,
2026-10-08T1351PT_v1,2026-10-07T1427PT_v1,2026-11-01,la_jolla,yellowtail,24,25,3,3,88.5,89.2,0.7,Very Good,Very Good,no material driver change,"{""anomaly"": 0.7}",,
2026-10-08T1351PT_v1,2026-10-07T1427PT_v1,2026-11-01,mission_bay,california_halibut,24,25,3,3,46.0,45.7,-0.3,Fair,Fair,no material driver change,"{""anomaly"": -0.1, ""sst"": -0.2}",,
2026-10-08T1351PT_v1,2026-10-07T1427PT_v1,2026-11-01,mission_bay,sand_bass,24,25,3,3,55.3,55.4,0.1,Fair,Fair,no material driver change,"{""anomaly"": 0.1}",,
2026-10-08T1351PT_v1,2026-10-07T1427PT_v1,2026-11-01,mission_bay,spotted_bay_bass,24,25,3,3,63.9,64.1,0.2,Good,Good,no material driver change,"{""anomaly"": 0.2}",,
2026-10-08T1351PT_v1,2026-10-07T1427PT_v1,2026-11-01,nine_mile,barracuda,24,25,3,3,78.8,79.1,0.3,Very Good,Very Good,no material driver change,"{""anomaly"": 0.3}",,
2026-10-08T1351PT_v1,2026-10-07T1427PT_v1,2026-11-01,nine_mile,bluefin_tuna,24,25,3,3,85.3,85.9,0.6,Very Good,Very Good,no material driver change,"{""anomaly"": 0.6}",,
2026-10-08T1351PT_v1,2026-10-07T1427PT_v1,2026-11-01,nine_mile,bonito,24,25,3,3,87.7,88.4,0.7,Very Good,Very Good,no material driver change,"{""anomaly"": 0.7}",,
2026-10-08T1351PT_v1,2026-10-07T1427PT_v1,2026-11-01,nine_mile,dorado,24,25,3,3,40.5,44.1,3.6,Fair,Fair,water temperature fit +2.9,"{""anomaly"": 0.7, ""sst"": 2.9}",,
2026-10-08T1351PT_v1,2026-10-07T1427PT_v1,2026-11-01,nine_mile,rockfish,24,25,3,3,77.5,76.8,-0.7,Very Good,Very Good,no material driver change,"{""anomaly"": -0.7}",,
2026-10-08T1351PT_v1,2026-10-07T1427PT_v1,2026-11-01,nine_mile,yellowfin_tuna,24,25,3,3,84.0,86.6,2.6,Very Good,Very Good,water temperature fit +1.5; ENSO/SST anomaly boost +1.1,"{""anomaly"": 1.1, ""sst"": 1.5}",,
2026-10-08T1351PT_v1,2026-10-07T1427PT_v1,2026-11-01,nine_mile,yellowtail,24,25,3,3,88.9,89.7,0.8,Very Good,Very Good,no material driver change,"{""anomaly"": 0.8}",,
2026-10-08T1351PT_v1,2026-10-07T1427PT_v1,2026-11-01,outer_banks,bluefin_tuna,24,25,3,3,77.7,78.2,0.5,Very Good,Very Good,no material driver change,"{""anomaly"": 0.5}",,
2026-10-08T1351PT_v1,2026-10-07T1427PT_v1,2026-11-01,outer_banks,bonito,24,25,3,3,79.8,80.4,0.6,Very Good,Very Good,no material driver change,"{""anomaly"": 0.6}",,
2026-10-08T1351PT_v1,2026-10-07T1427PT_v1,2026-11-01,outer_banks,dorado,24,25,3,3,41.6,44.1,2.5,Fair,Fair,water temperature fit +1.9,"{""anomaly"": 0.6, ""sst"": 1.9}",,
2026-10-08T1351PT_v1,2026-10-07T1427PT_v1,2026-11-01,outer_banks,rockfish,24,25,3,3,71.2,70.7,-0.5,Good,Good,no material driver change,"{""anomaly"": -0.5}",,
2026-10-08T1351PT_v1,2026-10-07T1427PT_v1,2026-11-01,outer_banks,sheephead,24,25,3,3,64.7,65.3,0.6,Good,Good,no material driver change,"{""sst"": 0.6}",,
2026-10-08T1351PT_v1,2026-10-07T1427PT_v1,2026-11-01,outer_banks,white_seabass,24,25,3,3,51.8,51.3,-0.5,Fair,Fair,no material driver change,"{""anomaly"": -0.2, ""sst"": -0.3}",,
2026-10-08T1351PT_v1,2026-10-07T1427PT_v1,2026-11-01,outer_banks,yellowfin_tuna,24,25,3,3,78.8,80.8,2.0,Very Good,Very Good,water temperature fit +1.0,"{""anomaly"": 1.0, ""sst"": 1.0}",,
2026-10-08T1351PT_v1,2026-10-07T1427PT_v1,2026-11-01,outer_banks,yellowtail,24,25,3,3,81.0,81.6,0.6,Very Good,Very Good,no material driver change,"{""anomaly"": 0.6}",,
2026-10-08T1351PT_v1,2026-10-07T1427PT_v1,2026-11-01,pt_loma_kelp,barracuda,24,25,3,3,78.5,79.0,0.5,Very Good,Very Good,no material driver change,"{""anomaly"": 0.5}",,
2026-10-08T1351PT_v1,2026-10-07T1427PT_v1,2026-11-01,pt_loma_kelp,bonito,24,25,3,3,87.3,88.0,0.7,Very Good,Very Good,no material driver change,"{""anomaly"": 0.7}",,
2026-10-08T1351PT_v1,2026-10-07T1427PT_v1,2026-11-01,pt_loma_kelp,calico_bass,24,25,3,3,79.8,80.1,0.3,Very Good,Very Good,no material driver change,"{""anomaly"": 0.3}",,
2026-10-08T1351PT_v1,2026-10-07T1427PT_v1,2026-11-01,pt_loma_kelp,california_halibut,24,25,3,3,64.0,63.6,-0.4,Good,Good,no material driver change,"{""anomaly"": -0.4}",,
2026-10-08T1351PT_v1,2026-10-07T1427PT_v1,2026-11-01,pt_loma_kelp,rockfish,24,25,3,3,77.8,77.1,-0.7,Very Good,Very Good,no material driver change,"{""anomaly"": -0.7}",,
2026-10-08T1351PT_v1,2026-10-07T1427PT_v1,2026-11-01,pt_loma_kelp,sand_bass,24,25,3,3,70.8,71.2,0.4,Good,Good,no material driver change,"{""anomaly"": 0.4}",,
2026-10-08T1351PT_v1,2026-10-07T1427PT_v1,2026-11-01,pt_loma_kelp,sheephead,24,25,3,3,81.6,81.6,0.0,Very Good,Very Good,no material driver change,{},,
2026-10-08T1351PT_v1,2026-10-07T1427PT_v1,2026-11-01,pt_loma_kelp,white_seabass,24,25,3,3,60.2,59.6,-0.6,Good,Fair,no material driver change,"{""anomaly"": -0.2, ""sst"": -0.4}",,
2026-10-08T1351PT_v1,2026-10-07T1427PT_v1,2026-11-01,pt_loma_kelp,yellowtail,24,25,3,3,88.5,89.3,0.8,Very Good,Very Good,no material driver change,"{""anomaly"": 0.8}",,
2026-10-08T1351PT_v1,2026-10-07T1427PT_v1,2026-11-01,sd_bay,california_halibut,24,25,3,3,45.7,45.3,-0.4,Fair,Fair,no material driver change,"{""anomaly"": -0.2, ""sst"": -0.2}",,
2026-10-08T1351PT_v1,2026-10-07T1427PT_v1,2026-11-01,sd_bay,sand_bass,24,25,3,3,55.4,55.6,0.2,Fair,Fair,no material driver change,"{""anomaly"": 0.2}",,
2026-10-08T1351PT_v1,2026-10-07T1427PT_v1,2026-11-01,sd_bay,spotted_bay_bass,24,25,3,3,64.1,64.3,0.2,Good,Good,no material driver change,"{""anomaly"": 0.2}",,
2026-10-08T1351PT_v1,2026-10-07T1427PT_v1,2026-11-01,surf_zone,barred_surfperch,24,25,3,3,72.5,72.6,0.1,Good,Good,no material driver change,{},,
2026-10-08T1351PT_v1,2026-10-07T1427PT_v1,2026-11-01,surf_zone,calico_bass,24,25,3,3,80.7,80.6,-0.1,Very Good,Very Good,no material driver change,{},,
2026-10-08T1351PT_v1,2026-10-07T1427PT_v1,2026-11-01,surf_zone,california_halibut,24,25,3,3,64.8,64.9,0.1,Good,Good,no material driver change,{},,
2026-10-08T1351PT_v1,2026-10-07T1427PT_v1,2026-11-01,surf_zone,corbina,24,25,3,3,69.9,69.8,-0.1,Good,Good,no material driver change,"{""anomaly"": -0.1}",,
2026-10-08T1351PT_v1,2026-10-07T1427PT_v1,2026-11-01,surf_zone,sand_bass,24,25,3,3,71.1,71.1,0.0,Good,Good,no material driver change,{},,
2026-10-08T1351PT_v1,2026-10-07T1427PT_v1,2026-11-02,coronados,barracuda,25,26,3,3,71.0,71.3,0.3,Good,Good,no material driver change,"{""anomaly"": 0.3}",,
2026-10-08T1351PT_v1,2026-10-07T1427PT_v1,2026-11-02,coronados,bluefin_tuna,25,26,3,3,79.1,79.4,0.3,Very Good,Very Good,no material driver change,"{""anomaly"": 0.3}",,
2026-10-08T1351PT_v1,2026-10-07T1427PT_v1,2026-11-02,coronados,bonito,25,26,3,3,80.7,81.2,0.5,Very Good,Very Good,no material driver change,"{""anomaly"": 0.5}",,
2026-10-08T1351PT_v1,2026-10-07T1427PT_v1,2026-11-02,coronados,calico_bass,25,26,3,3,71.9,72.0,0.1,Good,Good,no material driver change,{},,
2026-10-08T1351PT_v1,2026-10-07T1427PT_v1,2026-11-02,coronados,dorado,25,26,3,3,12.1,14.2,2.1,Poor,Poor,water temperature fit +2.0,"{""anomaly"": 0.1, ""sst"": 2.0}",,
2026-10-08T1351PT_v1,2026-10-07T1427PT_v1,2026-11-02,coronados,rockfish,25,26,3,3,69.8,69.4,-0.4,Good,Good,no material driver change,"{""anomaly"": -0.4}",,
2026-10-08T1351PT_v1,2026-10-07T1427PT_v1,2026-11-02,coronados,sheephead,25,26,3,3,72.6,72.6,0.0,Good,Good,no material driver change,{},,
2026-10-08T1351PT_v1,2026-10-07T1427PT_v1,2026-11-02,coronados,white_seabass,25,26,3,3,52.6,52.2,-0.4,Fair,Fair,no material driver change,"{""anomaly"": -0.2, ""sst"": -0.2}",,
2026-10-08T1351PT_v1,2026-10-07T1427PT_v1,2026-11-02,coronados,yellowfin_tuna,25,26,3,3,67.9,69.7,1.8,Good,Good,water temperature fit +1.2,"{""anomaly"": 0.6, ""sst"": 1.2}",,
2026-10-08T1351PT_v1,2026-10-07T1427PT_v1,2026-11-02,coronados,yellowtail,25,26,3,3,80.4,80.9,0.5,Very Good,Very Good,no material driver change,"{""anomaly"": 0.5}",,
2026-10-08T1351PT_v1,2026-10-07T1427PT_v1,2026-11-02,cortez_tanner,bluefin_tuna,25,26,3,3,57.3,57.5,0.2,Fair,Fair,no material driver change,"{""anomaly"": 0.2}",,
2026-10-08T1351PT_v1,2026-10-07T1427PT_v1,2026-11-02,cortez_tanner,dorado,25,26,3,3,8.5,8.6,0.1,Poor,Poor,no material driver change,{},,
2026-10-08T1351PT_v1,2026-10-07T1427PT_v1,2026-11-02,cortez_tanner,rockfish,25,26,3,3,51.5,51.3,-0.2,Fair,Fair,no material driver change,"{""anomaly"": -0.2}",,
2026-10-08T1351PT_v1,2026-10-07T1427PT_v1,2026-11-02,cortez_tanner,yellowfin_tuna,25,26,3,3,24.6,25.9,1.3,Poor,Poor,water temperature fit +1.1,"{""anomaly"": 0.2, ""sst"": 1.1}",,
2026-10-08T1351PT_v1,2026-10-07T1427PT_v1,2026-11-02,cortez_tanner,yellowtail,25,26,3,3,59.5,59.7,0.2,Fair,Fair,no material driver change,"{""anomaly"": 0.2}",,
2026-10-08T1351PT_v1,2026-10-07T1427PT_v1,2026-11-02,la_jolla,barracuda,25,26,3,3,77.3,77.6,0.3,Very Good,Very Good,no material driver change,"{""anomaly"": 0.3}",,
2026-10-08T1351PT_v1,2026-10-07T1427PT_v1,2026-11-02,la_jolla,bonito,25,26,3,3,87.0,87.5,0.5,Very Good,Very Good,no material driver change,"{""anomaly"": 0.5}",,
2026-10-08T1351PT_v1,2026-10-07T1427PT_v1,2026-11-02,la_jolla,calico_bass,25,26,3,3,78.7,78.9,0.2,Very Good,Very Good,no material driver change,"{""anomaly"": 0.2}",,
2026-10-08T1351PT_v1,2026-10-07T1427PT_v1,2026-11-02,la_jolla,california_halibut,25,26,3,3,63.4,63.2,-0.2,Good,Good,no material driver change,"{""anomaly"": -0.2}",,
2026-10-08T1351PT_v1,2026-10-07T1427PT_v1,2026-11-02,la_jolla,rockfish,25,26,3,3,80.6,80.1,-0.5,Very Good,Very Good,no material driver change,"{""anomaly"": -0.5}",,
2026-10-08T1351PT_v1,2026-10-07T1427PT_v1,2026-11-02,la_jolla,sheephead,25,26,3,3,81.6,81.6,0.0,Very Good,Very Good,no material driver change,{},,
2026-10-08T1351PT_v1,2026-10-07T1427PT_v1,2026-11-02,la_jolla,white_seabass,25,26,3,3,60.1,59.7,-0.4,Good,Fair,no material driver change,"{""anomaly"": -0.2, ""sst"": -0.2}",,
2026-10-08T1351PT_v1,2026-10-07T1427PT_v1,2026-11-02,la_jolla,yellowtail,25,26,3,3,86.4,87.0,0.6,Very Good,Very Good,no material driver change,"{""anomaly"": 0.6}",,
2026-10-08T1351PT_v1,2026-10-07T1427PT_v1,2026-11-02,mission_bay,california_halibut,25,26,3,3,45.6,45.3,-0.3,Fair,Fair,no material driver change,"{""anomaly"": -0.1, ""sst"": -0.2}",,
2026-10-08T1351PT_v1,2026-10-07T1427PT_v1,2026-11-02,mission_bay,sand_bass,25,26,3,3,53.9,54.1,0.2,Fair,Fair,no material driver change,"{""anomaly"": 0.2}",,
2026-10-08T1351PT_v1,2026-10-07T1427PT_v1,2026-11-02,mission_bay,spotted_bay_bass,25,26,3,3,61.0,61.1,0.1,Good,Good,no material driver change,"{""anomaly"": 0.1}",,
2026-10-08T1351PT_v1,2026-10-07T1427PT_v1,2026-11-02,nine_mile,barracuda,25,26,3,3,77.1,77.5,0.4,Very Good,Very Good,no material driver change,"{""anomaly"": 0.4}",,
2026-10-08T1351PT_v1,2026-10-07T1427PT_v1,2026-11-02,nine_mile,bluefin_tuna,25,26,3,3,85.6,86.2,0.6,Very Good,Very Good,no material driver change,"{""anomaly"": 0.6}",,
2026-10-08T1351PT_v1,2026-10-07T1427PT_v1,2026-11-02,nine_mile,bonito,25,26,3,3,87.3,88.0,0.7,Very Good,Very Good,no material driver change,"{""anomaly"": 0.7}",,
2026-10-08T1351PT_v1,2026-10-07T1427PT_v1,2026-11-02,nine_mile,dorado,25,26,3,3,34.9,38.4,3.5,Poor,Poor,water temperature fit +2.9,"{""anomaly"": 0.6, ""sst"": 2.9}",,
2026-10-08T1351PT_v1,2026-10-07T1427PT_v1,2026-11-02,nine_mile,rockfish,25,26,3,3,77.4,76.8,-0.6,Very Good,Very Good,no material driver change,"{""anomaly"": -0.6}",,
2026-10-08T1351PT_v1,2026-10-07T1427PT_v1,2026-11-02,nine_mile,yellowfin_tuna,25,26,3,3,81.0,83.4,2.4,Very Good,Very Good,water temperature fit +1.3; ENSO/SST anomaly boost +1.1,"{""anomaly"": 1.1, ""sst"": 1.3}",,
2026-10-08T1351PT_v1,2026-10-07T1427PT_v1,2026-11-02,nine_mile,yellowtail,25,26,3,3,86.9,87.6,0.7,Very Good,Very Good,no material driver change,"{""anomaly"": 0.7}",,
2026-10-08T1351PT_v1,2026-10-07T1427PT_v1,2026-11-02,outer_banks,bluefin_tuna,25,26,3,3,78.0,78.3,0.3,Very Good,Very Good,no material driver change,"{""anomaly"": 0.3}",,
2026-10-08T1351PT_v1,2026-10-07T1427PT_v1,2026-11-02,outer_banks,bonito,25,26,3,3,79.4,79.8,0.4,Very Good,Very Good,no material driver change,"{""anomaly"": 0.4}",,
2026-10-08T1351PT_v1,2026-10-07T1427PT_v1,2026-11-02,outer_banks,dorado,25,26,3,3,37.6,39.7,2.1,Poor,Poor,water temperature fit +1.7,"{""anomaly"": 0.4, ""sst"": 1.7}",,
2026-10-08T1351PT_v1,2026-10-07T1427PT_v1,2026-11-02,outer_banks,rockfish,25,26,3,3,71.0,70.6,-0.4,Good,Good,no material driver change,"{""anomaly"": -0.4}",,
2026-10-08T1351PT_v1,2026-10-07T1427PT_v1,2026-11-02,outer_banks,sheephead,25,26,3,3,61.9,62.4,0.5,Good,Good,no material driver change,"{""sst"": 0.5}",,
2026-10-08T1351PT_v1,2026-10-07T1427PT_v1,2026-11-02,outer_banks,white_seabass,25,26,3,3,50.9,50.5,-0.4,Fair,Fair,no material driver change,"{""anomaly"": -0.2, ""sst"": -0.2}",,
2026-10-08T1351PT_v1,2026-10-07T1427PT_v1,2026-11-02,outer_banks,yellowfin_tuna,25,26,3,3,76.3,78.0,1.7,Very Good,Very Good,small changes across several drivers,"{""anomaly"": 0.7, ""sst"": 1.0}",,
2026-10-08T1351PT_v1,2026-10-07T1427PT_v1,2026-11-02,outer_banks,yellowtail,25,26,3,3,79.1,79.6,0.5,Very Good,Very Good,no material driver change,"{""anomaly"": 0.5}",,
2026-10-08T1351PT_v1,2026-10-07T1427PT_v1,2026-11-02,pt_loma_kelp,barracuda,25,26,3,3,76.9,77.3,0.4,Very Good,Very Good,no material driver change,"{""anomaly"": 0.4}",,
2026-10-08T1351PT_v1,2026-10-07T1427PT_v1,2026-11-02,pt_loma_kelp,bonito,25,26,3,3,86.8,87.5,0.7,Very Good,Very Good,no material driver change,"{""anomaly"": 0.7}",,
2026-10-08T1351PT_v1,2026-10-07T1427PT_v1,2026-11-02,pt_loma_kelp,calico_bass,25,26,3,3,78.1,78.4,0.3,Very Good,Very Good,no material driver change,"{""anomaly"": 0.3}",,
2026-10-08T1351PT_v1,2026-10-07T1427PT_v1,2026-11-02,pt_loma_kelp,california_halibut,25,26,3,3,62.5,62.1,-0.4,Good,Good,no material driver change,"{""anomaly"": -0.4}",,
2026-10-08T1351PT_v1,2026-10-07T1427PT_v1,2026-11-02,pt_loma_kelp,rockfish,25,26,3,3,77.8,77.1,-0.7,Very Good,Very Good,no material driver change,"{""anomaly"": -0.7}",,
2026-10-08T1351PT_v1,2026-10-07T1427PT_v1,2026-11-02,pt_loma_kelp,sand_bass,25,26,3,3,69.2,69.6,0.4,Good,Good,no material driver change,"{""anomaly"": 0.4}",,
2026-10-08T1351PT_v1,2026-10-07T1427PT_v1,2026-11-02,pt_loma_kelp,sheephead,25,26,3,3,79.5,79.5,0.0,Very Good,Very Good,no material driver change,{},,
2026-10-08T1351PT_v1,2026-10-07T1427PT_v1,2026-11-02,pt_loma_kelp,white_seabass,25,26,3,3,59.3,58.8,-0.5,Fair,Fair,no material driver change,"{""anomaly"": -0.2, ""sst"": -0.3}",,
2026-10-08T1351PT_v1,2026-10-07T1427PT_v1,2026-11-02,pt_loma_kelp,yellowtail,25,26,3,3,86.5,87.2,0.7,Very Good,Very Good,no material driver change,"{""anomaly"": 0.7}",,
2026-10-08T1351PT_v1,2026-10-07T1427PT_v1,2026-11-02,sd_bay,california_halibut,25,26,3,3,45.2,44.9,-0.3,Fair,Fair,no material driver change,"{""anomaly"": -0.1, ""sst"": -0.2}",,
2026-10-08T1351PT_v1,2026-10-07T1427PT_v1,2026-11-02,sd_bay,sand_bass,25,26,3,3,54.1,54.2,0.1,Fair,Fair,no material driver change,"{""anomaly"": 0.1}",,
2026-10-08T1351PT_v1,2026-10-07T1427PT_v1,2026-11-02,sd_bay,spotted_bay_bass,25,26,3,3,61.2,61.3,0.1,Good,Good,no material driver change,{},,
2026-10-08T1351PT_v1,2026-10-07T1427PT_v1,2026-11-02,surf_zone,barred_surfperch,25,26,3,3,71.7,71.8,0.1,Good,Good,no material driver change,{},,
2026-10-08T1351PT_v1,2026-10-07T1427PT_v1,2026-11-02,surf_zone,calico_bass,25,26,3,3,78.8,78.8,0.0,Very Good,Very Good,no material driver change,{},,
2026-10-08T1351PT_v1,2026-10-07T1427PT_v1,2026-11-02,surf_zone,california_halibut,25,26,3,3,63.3,63.3,0.0,Good,Good,no material driver change,{},,
2026-10-08T1351PT_v1,2026-10-07T1427PT_v1,2026-11-02,surf_zone,corbina,25,26,3,3,71.0,71.0,0.0,Good,Good,no material driver change,{},,
2026-10-08T1351PT_v1,2026-10-07T1427PT_v1,2026-11-02,surf_zone,sand_bass,25,26,3,3,69.5,69.5,0.0,Good,Good,no material driver change,{},,
2026-10-08T1351PT_v1,2026-10-07T1427PT_v1,2026-11-03,coronados,barracuda,26,27,3,3,68.2,68.5,0.3,Good,Good,no material driver change,"{""anomaly"": 0.3}",,
2026-10-08T1351PT_v1,2026-10-07T1427PT_v1,2026-11-03,coronados,bluefin_tuna,26,27,3,3,81.0,81.4,0.4,Very Good,Very Good,no material driver change,"{""anomaly"": 0.4}",,
2026-10-08T1351PT_v1,2026-10-07T1427PT_v1,2026-11-03,coronados,bonito,26,27,3,3,80.4,80.8,0.4,Very Good,Very Good,no material driver change,"{""anomaly"": 0.4}",,
2026-10-08T1351PT_v1,2026-10-07T1427PT_v1,2026-11-03,coronados,calico_bass,26,27,3,3,68.8,69.0,0.2,Good,Good,no material driver change,"{""anomaly"": 0.2}",,
2026-10-08T1351PT_v1,2026-10-07T1427PT_v1,2026-11-03,coronados,dorado,26,27,3,3,12.0,12.1,0.1,Poor,Poor,no material driver change,{},,
2026-10-08T1351PT_v1,2026-10-07T1427PT_v1,2026-11-03,coronados,rockfish,26,27,3,3,69.9,69.5,-0.4,Good,Good,no material driver change,"{""anomaly"": -0.4}",,
2026-10-08T1351PT_v1,2026-10-07T1427PT_v1,2026-11-03,coronados,sheephead,26,27,3,3,69.1,69.1,0.0,Good,Good,no material driver change,{},,
2026-10-08T1351PT_v1,2026-10-07T1427PT_v1,2026-11-03,coronados,white_seabass,26,27,3,3,50.1,49.8,-0.3,Fair,Fair,no material driver change,"{""anomaly"": -0.1, ""sst"": -0.2}",,
2026-10-08T1351PT_v1,2026-10-07T1427PT_v1,2026-11-03,coronados,yellowfin_tuna,26,27,3,3,64.6,66.3,1.7,Good,Good,water temperature fit +1.1,"{""anomaly"": 0.6, ""sst"": 1.1}",,
2026-10-08T1351PT_v1,2026-10-07T1427PT_v1,2026-11-03,coronados,yellowtail,26,27,3,3,77.1,77.5,0.4,Very Good,Very Good,no material driver change,"{""anomaly"": 0.4}",,
2026-10-08T1351PT_v1,2026-10-07T1427PT_v1,2026-11-03,cortez_tanner,bluefin_tuna,26,27,3,3,58.6,58.8,0.2,Fair,Fair,no material driver change,"{""anomaly"": 0.2}",,
2026-10-08T1351PT_v1,2026-10-07T1427PT_v1,2026-11-03,cortez_tanner,dorado,26,27,3,3,8.4,8.5,0.1,Poor,Poor,no material driver change,{},,
2026-10-08T1351PT_v1,2026-10-07T1427PT_v1,2026-11-03,cortez_tanner,rockfish,26,27,3,3,51.4,51.3,-0.1,Fair,Fair,no material driver change,"{""anomaly"": -0.1}",,
2026-10-08T1351PT_v1,2026-10-07T1427PT_v1,2026-11-03,cortez_tanner,yellowfin_tuna,26,27,3,3,21.0,22.2,1.2,Poor,Poor,water temperature fit +1.1,"{""anomaly"": 0.1, ""sst"": 1.1}",,
2026-10-08T1351PT_v1,2026-10-07T1427PT_v1,2026-11-03,cortez_tanner,yellowtail,26,27,3,3,56.9,57.1,0.2,Fair,Fair,no material driver change,"{""anomaly"": 0.2}",,
2026-10-08T1351PT_v1,2026-10-07T1427PT_v1,2026-11-03,la_jolla,barracuda,26,27,3,3,73.8,74.1,0.3,Good,Good,no material driver change,"{""anomaly"": 0.3}",,
2026-10-08T1351PT_v1,2026-10-07T1427PT_v1,2026-11-03,la_jolla,bonito,26,27,3,3,86.5,87.0,0.5,Very Good,Very Good,no material driver change,"{""anomaly"": 0.5}",,
2026-10-08T1351PT_v1,2026-10-07T1427PT_v1,2026-11-03,la_jolla,calico_bass,26,27,3,3,74.9,75.1,0.2,Good,Very Good,no material driver change,"{""anomaly"": 0.2}",,
2026-10-08T1351PT_v1,2026-10-07T1427PT_v1,2026-11-03,la_jolla,california_halibut,26,27,3,3,60.1,59.9,-0.2,Good,Fair,no material driver change,"{""anomaly"": -0.2}",,
2026-10-08T1351PT_v1,2026-10-07T1427PT_v1,2026-11-03,la_jolla,rockfish,26,27,3,3,80.5,80.1,-0.4,Very Good,Very Good,no material driver change,"{""anomaly"": -0.4}",,
2026-10-08T1351PT_v1,2026-10-07T1427PT_v1,2026-11-03,la_jolla,sheephead,26,27,3,3,77.0,77.0,0.0,Very Good,Very Good,no material driver change,{},,
2026-10-08T1351PT_v1,2026-10-07T1427PT_v1,2026-11-03,la_jolla,white_seabass,26,27,3,3,56.9,56.6,-0.3,Fair,Fair,no material driver change,"{""anomaly"": -0.1, ""sst"": -0.2}",,
2026-10-08T1351PT_v1,2026-10-07T1427PT_v1,2026-11-03,la_jolla,yellowtail,26,27,3,3,82.3,82.8,0.5,Very Good,Very Good,no material driver change,"{""anomaly"": 0.5}",,
2026-10-08T1351PT_v1,2026-10-07T1427PT_v1,2026-11-03,mission_bay,california_halibut,26,27,3,3,44.0,43.8,-0.2,Fair,Fair,no material driver change,"{""sst"": -0.1}",,
2026-10-08T1351PT_v1,2026-10-07T1427PT_v1,2026-11-03,mission_bay,sand_bass,26,27,3,3,51.4,51.5,0.1,Fair,Fair,no material driver change,"{""anomaly"": 0.1}",,
2026-10-08T1351PT_v1,2026-10-07T1427PT_v1,2026-11-03,mission_bay,spotted_bay_bass,26,27,3,3,56.1,56.3,0.2,Fair,Fair,no material driver change,"{""anomaly"": 0.2}",,
2026-10-08T1351PT_v1,2026-10-07T1427PT_v1,2026-11-03,nine_mile,barracuda,26,27,3,3,74.2,74.5,0.3,Good,Good,no material driver change,"{""anomaly"": 0.3}",,
2026-10-08T1351PT_v1,2026-10-07T1427PT_v1,2026-11-03,nine_mile,bluefin_tuna,26,27,3,3,87.9,88.3,0.4,Very Good,Very Good,no material driver change,"{""anomaly"": 0.4}",,
2026-10-08T1351PT_v1,2026-10-07T1427PT_v1,2026-11-03,nine_mile,bonito,26,27,3,3,87.0,87.6,0.6,Very Good,Very Good,no material driver change,"{""anomaly"": 0.6}",,
2026-10-08T1351PT_v1,2026-10-07T1427PT_v1,2026-11-03,nine_mile,dorado,26,27,3,3,28.3,31.7,3.4,Poor,Poor,water temperature fit +3.0,"{""anomaly"": 0.4, ""sst"": 3.0}",,
2026-10-08T1351PT_v1,2026-10-07T1427PT_v1,2026-11-03,nine_mile,rockfish,26,27,3,3,77.4,76.9,-0.5,Very Good,Very Good,no material driver change,"{""anomaly"": -0.5}",,
2026-10-08T1351PT_v1,2026-10-07T1427PT_v1,2026-11-03,nine_mile,yellowfin_tuna,26,27,3,3,77.8,79.9,2.1,Very Good,Very Good,water temperature fit +1.2,"{""anomaly"": 0.9, ""sst"": 1.2}",,
2026-10-08T1351PT_v1,2026-10-07T1427PT_v1,2026-11-03,nine_mile,yellowtail,26,27,3,3,83.4,84.0,0.6,Very Good,Very Good,no material driver change,"{""anomaly"": 0.6}",,
2026-10-08T1351PT_v1,2026-10-07T1427PT_v1,2026-11-03,outer_banks,bluefin_tuna,26,27,3,3,79.9,80.3,0.4,Very Good,Very Good,no material driver change,"{""anomaly"": 0.4}",,
2026-10-08T1351PT_v1,2026-10-07T1427PT_v1,2026-11-03,outer_banks,bonito,26,27,3,3,79.1,79.5,0.4,Very Good,Very Good,no material driver change,"{""anomaly"": 0.4}",,
2026-10-08T1351PT_v1,2026-10-07T1427PT_v1,2026-11-03,outer_banks,dorado,26,27,3,3,33.0,35.1,2.1,Poor,Poor,water temperature fit +1.7,"{""anomaly"": 0.4, ""sst"": 1.7}",,
2026-10-08T1351PT_v1,2026-10-07T1427PT_v1,2026-11-03,outer_banks,rockfish,26,27,3,3,71.0,70.6,-0.4,Good,Good,no material driver change,"{""anomaly"": -0.4}",,
2026-10-08T1351PT_v1,2026-10-07T1427PT_v1,2026-11-03,outer_banks,sheephead,26,27,3,3,57.7,58.2,0.5,Fair,Fair,no material driver change,"{""sst"": 0.5}",,
2026-10-08T1351PT_v1,2026-10-07T1427PT_v1,2026-11-03,outer_banks,white_seabass,26,27,3,3,48.5,48.2,-0.3,Fair,Fair,no material driver change,"{""anomaly"": -0.1, ""sst"": -0.2}",,
2026-10-08T1351PT_v1,2026-10-07T1427PT_v1,2026-11-03,outer_banks,yellowfin_tuna,26,27,3,3,73.7,75.2,1.5,Good,Very Good,small changes across several drivers,"{""anomaly"": 0.7, ""sst"": 0.8}",,
2026-10-08T1351PT_v1,2026-10-07T1427PT_v1,2026-11-03,outer_banks,yellowtail,26,27,3,3,75.8,76.3,0.5,Very Good,Very Good,no material driver change,"{""anomaly"": 0.5}",,
2026-10-08T1351PT_v1,2026-10-07T1427PT_v1,2026-11-03,pt_loma_kelp,barracuda,26,27,3,3,73.9,74.2,0.3,Good,Good,no material driver change,"{""anomaly"": 0.3}",,
2026-10-08T1351PT_v1,2026-10-07T1427PT_v1,2026-11-03,pt_loma_kelp,bonito,26,27,3,3,86.5,87.1,0.6,Very Good,Very Good,no material driver change,"{""anomaly"": 0.6}",,
2026-10-08T1351PT_v1,2026-10-07T1427PT_v1,2026-11-03,pt_loma_kelp,calico_bass,26,27,3,3,74.8,75.0,0.2,Good,Very Good,no material driver change,"{""anomaly"": 0.2}",,
2026-10-08T1351PT_v1,2026-10-07T1427PT_v1,2026-11-03,pt_loma_kelp,california_halibut,26,27,3,3,59.8,59.4,-0.4,Fair,Fair,no material driver change,"{""anomaly"": -0.4}",,
2026-10-08T1351PT_v1,2026-10-07T1427PT_v1,2026-11-03,pt_loma_kelp,rockfish,26,27,3,3,77.9,77.3,-0.6,Very Good,Very Good,no material driver change,"{""anomaly"": -0.6}",,
2026-10-08T1351PT_v1,2026-10-07T1427PT_v1,2026-11-03,pt_loma_kelp,sand_bass,26,27,3,3,66.3,66.6,0.3,Good,Good,no material driver change,"{""anomaly"": 0.3}",,
2026-10-08T1351PT_v1,2026-10-07T1427PT_v1,2026-11-03,pt_loma_kelp,sheephead,26,27,3,3,75.6,75.6,0.0,Very Good,Very Good,no material driver change,{},,
2026-10-08T1351PT_v1,2026-10-07T1427PT_v1,2026-11-03,pt_loma_kelp,white_seabass,26,27,3,3,56.6,56.2,-0.4,Fair,Fair,no material driver change,"{""anomaly"": -0.2, ""sst"": -0.2}",,
2026-10-08T1351PT_v1,2026-10-07T1427PT_v1,2026-11-03,pt_loma_kelp,yellowtail,26,27,3,3,82.9,83.5,0.6,Very Good,Very Good,no material driver change,"{""anomaly"": 0.6}",,
2026-10-08T1351PT_v1,2026-10-07T1427PT_v1,2026-11-03,sd_bay,california_halibut,26,27,3,3,43.7,43.4,-0.3,Fair,Fair,no material driver change,"{""anomaly"": -0.1, ""sst"": -0.2}",,
2026-10-08T1351PT_v1,2026-10-07T1427PT_v1,2026-11-03,sd_bay,sand_bass,26,27,3,3,51.5,51.7,0.2,Fair,Fair,no material driver change,"{""anomaly"": 0.2}",,
2026-10-08T1351PT_v1,2026-10-07T1427PT_v1,2026-11-03,sd_bay,spotted_bay_bass,26,27,3,3,56.3,56.4,0.1,Fair,Fair,no material driver change,"{""anomaly"": 0.1}",,
2026-10-08T1351PT_v1,2026-10-07T1427PT_v1,2026-11-03,surf_zone,barred_surfperch,26,27,3,3,68.8,68.9,0.1,Good,Good,no material driver change,"{""sst"": 0.1}",,
2026-10-08T1351PT_v1,2026-10-07T1427PT_v1,2026-11-03,surf_zone,calico_bass,26,27,3,3,75.0,75.0,0.0,Very Good,Very Good,no material driver change,{},,
2026-10-08T1351PT_v1,2026-10-07T1427PT_v1,2026-11-03,surf_zone,california_halibut,26,27,3,3,60.0,60.0,0.0,Good,Good,no material driver change,{},,
2026-10-08T1351PT_v1,2026-10-07T1427PT_v1,2026-11-03,surf_zone,corbina,26,27,3,3,72.0,72.0,0.0,Good,Good,no material driver change,{},,
2026-10-08T1351PT_v1,2026-10-07T1427PT_v1,2026-11-03,surf_zone,sand_bass,26,27,3,3,66.2,66.1,-0.1,Good,Good,no material driver change,"{""anomaly"": -0.1}",,
2026-10-08T1351PT_v1,2026-10-07T1427PT_v1,2026-11-04,coronados,barracuda,27,28,3,3,69.1,69.3,0.2,Good,Good,no material driver change,"{""anomaly"": 0.2}",,
2026-10-08T1351PT_v1,2026-10-07T1427PT_v1,2026-11-04,coronados,bluefin_tuna,27,28,3,3,82.6,82.9,0.3,Very Good,Very Good,no material driver change,"{""anomaly"": 0.3}",,
2026-10-08T1351PT_v1,2026-10-07T1427PT_v1,2026-11-04,coronados,bonito,27,28,3,3,80.3,80.7,0.4,Very Good,Very Good,no material driver change,"{""anomaly"": 0.4}",,
2026-10-08T1351PT_v1,2026-10-07T1427PT_v1,2026-11-04,coronados,calico_bass,27,28,3,3,69.8,70.0,0.2,Good,Good,no material driver change,"{""anomaly"": 0.2}",,
2026-10-08T1351PT_v1,2026-10-07T1427PT_v1,2026-11-04,coronados,dorado,27,28,3,3,11.9,12.0,0.1,Poor,Poor,no material driver change,{},,
2026-10-08T1351PT_v1,2026-10-07T1427PT_v1,2026-11-04,coronados,rockfish,27,28,3,3,70.5,70.2,-0.3,Good,Good,no material driver change,"{""anomaly"": -0.3}",,
2026-10-08T1351PT_v1,2026-10-07T1427PT_v1,2026-11-04,coronados,sheephead,27,28,3,3,70.5,70.5,0.0,Good,Good,no material driver change,{},,
2026-10-08T1351PT_v1,2026-10-07T1427PT_v1,2026-11-04,coronados,white_seabass,27,28,3,3,52.1,51.8,-0.3,Fair,Fair,no material driver change,"{""anomaly"": -0.2, ""sst"": -0.1}",,
2026-10-08T1351PT_v1,2026-10-07T1427PT_v1,2026-11-04,coronados,yellowfin_tuna,27,28,3,3,61.6,63.0,1.4,Good,Good,small changes across several drivers,"{""anomaly"": 0.5, ""sst"": 0.9}",,
2026-10-08T1351PT_v1,2026-10-07T1427PT_v1,2026-11-04,coronados,yellowtail,27,28,3,3,78.0,78.4,0.4,Very Good,Very Good,no material driver change,"{""anomaly"": 0.4}",,
2026-10-08T1351PT_v1,2026-10-07T1427PT_v1,2026-11-04,cortez_tanner,bluefin_tuna,27,28,3,3,59.0,59.1,0.1,Fair,Fair,no material driver change,"{""anomaly"": 0.1}",,
2026-10-08T1351PT_v1,2026-10-07T1427PT_v1,2026-11-04,cortez_tanner,dorado,27,28,3,3,8.3,8.3,0.0,Poor,Poor,no material driver change,{},,
2026-10-08T1351PT_v1,2026-10-07T1427PT_v1,2026-11-04,cortez_tanner,rockfish,27,28,3,3,51.0,50.9,-0.1,Fair,Fair,no material driver change,"{""anomaly"": -0.1}",,
2026-10-08T1351PT_v1,2026-10-07T1427PT_v1,2026-11-04,cortez_tanner,yellowfin_tuna,27,28,3,3,16.1,17.4,1.3,Poor,Poor,water temperature fit +1.2,"{""sst"": 1.2}",,
2026-10-08T1351PT_v1,2026-10-07T1427PT_v1,2026-11-04,cortez_tanner,yellowtail,27,28,3,3,56.9,57.1,0.2,Fair,Fair,no material driver change,"{""anomaly"": 0.2}",,
2026-10-08T1351PT_v1,2026-10-07T1427PT_v1,2026-11-04,la_jolla,barracuda,27,28,3,3,74.7,75.0,0.3,Good,Very Good,no material driver change,"{""anomaly"": 0.3}",,
2026-10-08T1351PT_v1,2026-10-07T1427PT_v1,2026-11-04,la_jolla,bonito,27,28,3,3,86.4,86.9,0.5,Very Good,Very Good,no material driver change,"{""anomaly"": 0.5}",,
2026-10-08T1351PT_v1,2026-10-07T1427PT_v1,2026-11-04,la_jolla,calico_bass,27,28,3,3,76.0,76.2,0.2,Very Good,Very Good,no material driver change,"{""anomaly"": 0.2}",,
2026-10-08T1351PT_v1,2026-10-07T1427PT_v1,2026-11-04,la_jolla,california_halibut,27,28,3,3,62.4,62.1,-0.3,Good,Good,no material driver change,"{""anomaly"": -0.3}",,
2026-10-08T1351PT_v1,2026-10-07T1427PT_v1,2026-11-04,la_jolla,rockfish,27,28,3,3,81.3,80.9,-0.4,Very Good,Very Good,no material driver change,"{""anomaly"": -0.4}",,
2026-10-08T1351PT_v1,2026-10-07T1427PT_v1,2026-11-04,la_jolla,sheephead,27,28,3,3,78.7,78.7,0.0,Very Good,Very Good,no material driver change,{},,
2026-10-08T1351PT_v1,2026-10-07T1427PT_v1,2026-11-04,la_jolla,white_seabass,27,28,3,3,59.3,59.0,-0.3,Fair,Fair,no material driver change,"{""anomaly"": -0.1, ""sst"": -0.2}",,
2026-10-08T1351PT_v1,2026-10-07T1427PT_v1,2026-11-04,la_jolla,yellowtail,27,28,3,3,83.2,83.7,0.5,Very Good,Very Good,no material driver change,"{""anomaly"": 0.5}",,
2026-10-08T1351PT_v1,2026-10-07T1427PT_v1,2026-11-04,mission_bay,california_halibut,27,28,3,3,46.7,46.4,-0.3,Fair,Fair,no material driver change,"{""anomaly"": -0.1, ""sst"": -0.2}",,
2026-10-08T1351PT_v1,2026-10-07T1427PT_v1,2026-11-04,mission_bay,sand_bass,27,28,3,3,52.2,52.3,0.1,Fair,Fair,no material driver change,{},,
2026-10-08T1351PT_v1,2026-10-07T1427PT_v1,2026-11-04,mission_bay,spotted_bay_bass,27,28,3,3,59.4,59.5,0.1,Fair,Fair,no material driver change,"{""anomaly"": 0.1}",,
2026-10-08T1351PT_v1,2026-10-07T1427PT_v1,2026-11-04,nine_mile,barracuda,27,28,3,3,75.2,75.5,0.3,Very Good,Very Good,no material driver change,"{""anomaly"": 0.3}",,
2026-10-08T1351PT_v1,2026-10-07T1427PT_v1,2026-11-04,nine_mile,bluefin_tuna,27,28,3,3,89.6,90.0,0.4,Very Good,Excellent,no material driver change,"{""anomaly"": 0.4}",,
2026-10-08T1351PT_v1,2026-10-07T1427PT_v1,2026-11-04,nine_mile,bonito,27,28,3,3,87.0,87.5,0.5,Very Good,Very Good,no material driver change,"{""anomaly"": 0.5}",,
2026-10-08T1351PT_v1,2026-10-07T1427PT_v1,2026-11-04,nine_mile,dorado,27,28,3,3,19.1,23.0,3.9,Poor,Poor,water temperature fit +3.7,"{""anomaly"": 0.2, ""sst"": 3.7}",,
2026-10-08T1351PT_v1,2026-10-07T1427PT_v1,2026-11-04,nine_mile,rockfish,27,28,3,3,78.1,77.7,-0.4,Very Good,Very Good,no material driver change,"{""anomaly"": -0.4}",,
2026-10-08T1351PT_v1,2026-10-07T1427PT_v1,2026-11-04,nine_mile,yellowfin_tuna,27,28,3,3,74.3,76.1,1.8,Good,Very Good,water temperature fit +1.1,"{""anomaly"": 0.7, ""sst"": 1.1}",,
2026-10-08T1351PT_v1,2026-10-07T1427PT_v1,2026-11-04,nine_mile,yellowtail,27,28,3,3,84.5,85.0,0.5,Very Good,Very Good,no material driver change,"{""anomaly"": 0.5}",,
2026-10-08T1351PT_v1,2026-10-07T1427PT_v1,2026-11-04,outer_banks,bluefin_tuna,27,28,3,3,81.5,81.9,0.4,Very Good,Very Good,no material driver change,"{""anomaly"": 0.4}",,
2026-10-08T1351PT_v1,2026-10-07T1427PT_v1,2026-11-04,outer_banks,bonito,27,28,3,3,79.1,79.5,0.4,Very Good,Very Good,no material driver change,"{""anomaly"": 0.4}",,
2026-10-08T1351PT_v1,2026-10-07T1427PT_v1,2026-11-04,outer_banks,dorado,27,28,3,3,28.3,30.3,2.0,Poor,Poor,water temperature fit +1.7,"{""anomaly"": 0.3, ""sst"": 1.7}",,
2026-10-08T1351PT_v1,2026-10-07T1427PT_v1,2026-11-04,outer_banks,rockfish,27,28,3,3,71.6,71.3,-0.3,Good,Good,no material driver change,"{""anomaly"": -0.3}",,
2026-10-08T1351PT_v1,2026-10-07T1427PT_v1,2026-11-04,outer_banks,sheephead,27,28,3,3,57.8,58.3,0.5,Fair,Fair,no material driver change,"{""sst"": 0.5}",,
2026-10-08T1351PT_v1,2026-10-07T1427PT_v1,2026-11-04,outer_banks,white_seabass,27,28,3,3,50.5,50.2,-0.3,Fair,Fair,no material driver change,"{""anomaly"": -0.1, ""sst"": -0.2}",,
2026-10-08T1351PT_v1,2026-10-07T1427PT_v1,2026-11-04,outer_banks,yellowfin_tuna,27,28,3,3,71.3,72.6,1.3,Good,Good,small changes across several drivers,"{""anomaly"": 0.6, ""sst"": 0.7}",,
2026-10-08T1351PT_v1,2026-10-07T1427PT_v1,2026-11-04,outer_banks,yellowtail,27,28,3,3,76.8,77.2,0.4,Very Good,Very Good,no material driver change,"{""anomaly"": 0.4}",,
2026-10-08T1351PT_v1,2026-10-07T1427PT_v1,2026-11-04,pt_loma_kelp,barracuda,27,28,3,3,74.9,75.2,0.3,Good,Very Good,no material driver change,"{""anomaly"": 0.3}",,
2026-10-08T1351PT_v1,2026-10-07T1427PT_v1,2026-11-04,pt_loma_kelp,bonito,27,28,3,3,86.4,86.9,0.5,Very Good,Very Good,no material driver change,"{""anomaly"": 0.5}",,
2026-10-08T1351PT_v1,2026-10-07T1427PT_v1,2026-11-04,pt_loma_kelp,calico_bass,27,28,3,3,75.9,76.1,0.2,Very Good,Very Good,no material driver change,"{""anomaly"": 0.2}",,
2026-10-08T1351PT_v1,2026-10-07T1427PT_v1,2026-11-04,pt_loma_kelp,california_halibut,27,28,3,3,62.1,61.8,-0.3,Good,Good,no material driver change,"{""anomaly"": -0.3}",,
2026-10-08T1351PT_v1,2026-10-07T1427PT_v1,2026-11-04,pt_loma_kelp,rockfish,27,28,3,3,78.6,78.2,-0.4,Very Good,Very Good,no material driver change,"{""anomaly"": -0.4}",,
2026-10-08T1351PT_v1,2026-10-07T1427PT_v1,2026-11-04,pt_loma_kelp,sand_bass,27,28,3,3,67.3,67.5,0.2,Good,Good,no material driver change,"{""anomaly"": 0.2}",,
2026-10-08T1351PT_v1,2026-10-07T1427PT_v1,2026-11-04,pt_loma_kelp,sheephead,27,28,3,3,77.3,77.3,0.0,Very Good,Very Good,no material driver change,{},,
2026-10-08T1351PT_v1,2026-10-07T1427PT_v1,2026-11-04,pt_loma_kelp,white_seabass,27,28,3,3,59.0,58.6,-0.4,Fair,Fair,no material driver change,"{""anomaly"": -0.2, ""sst"": -0.2}",,
2026-10-08T1351PT_v1,2026-10-07T1427PT_v1,2026-11-04,pt_loma_kelp,yellowtail,27,28,3,3,83.9,84.4,0.5,Very Good,Very Good,no material driver change,"{""anomaly"": 0.5}",,
2026-10-08T1351PT_v1,2026-10-07T1427PT_v1,2026-11-04,sd_bay,california_halibut,27,28,3,3,46.3,46.1,-0.2,Fair,Fair,no material driver change,"{""sst"": -0.1}",,
2026-10-08T1351PT_v1,2026-10-07T1427PT_v1,2026-11-04,sd_bay,sand_bass,27,28,3,3,52.4,52.5,0.1,Fair,Fair,no material driver change,"{""anomaly"": 0.1}",,
2026-10-08T1351PT_v1,2026-10-07T1427PT_v1,2026-11-04,sd_bay,spotted_bay_bass,27,28,3,3,59.6,59.7,0.1,Fair,Fair,no material driver change,"{""anomaly"": 0.1}",,
2026-10-08T1351PT_v1,2026-10-07T1427PT_v1,2026-11-04,surf_zone,barred_surfperch,27,28,3,3,71.0,71.1,0.1,Good,Good,no material driver change,{},,
2026-10-08T1351PT_v1,2026-10-07T1427PT_v1,2026-11-04,surf_zone,calico_bass,27,28,3,3,76.1,76.1,0.0,Very Good,Very Good,no material driver change,{},,
2026-10-08T1351PT_v1,2026-10-07T1427PT_v1,2026-11-04,surf_zone,california_halibut,27,28,3,3,62.2,62.3,0.1,Good,Good,no material driver change,{},,
2026-10-08T1351PT_v1,2026-10-07T1427PT_v1,2026-11-04,surf_zone,corbina,27,28,3,3,72.2,72.2,0.0,Good,Good,no material driver change,{},,
2026-10-08T1351PT_v1,2026-10-07T1427PT_v1,2026-11-04,surf_zone,sand_bass,27,28,3,3,67.0,67.0,0.0,Good,Good,no material driver change,{},,
2026-10-08T1351PT_v1,2026-10-07T1427PT_v1,2026-11-05,coronados,barracuda,28,29,3,3,69.5,70.2,0.7,Good,Good,no material driver change,"{""anomaly"": 0.7}",,
2026-10-08T1351PT_v1,2026-10-07T1427PT_v1,2026-11-05,coronados,bluefin_tuna,28,29,3,3,83.1,84.1,1.0,Very Good,Very Good,ENSO/SST anomaly boost +1.0,"{""anomaly"": 1.0}",,
2026-10-08T1351PT_v1,2026-10-07T1427PT_v1,2026-11-05,coronados,bonito,28,29,3,3,79.4,80.6,1.2,Very Good,Very Good,ENSO/SST anomaly boost +1.2,"{""anomaly"": 1.2}",,
2026-10-08T1351PT_v1,2026-10-07T1427PT_v1,2026-11-05,coronados,calico_bass,28,29,3,3,70.5,70.9,0.4,Good,Good,no material driver change,"{""anomaly"": 0.4}",,
2026-10-08T1351PT_v1,2026-10-07T1427PT_v1,2026-11-05,coronados,dorado,28,29,3,3,11.6,11.9,0.3,Poor,Poor,no material driver change,"{""anomaly"": 0.3}",,
2026-10-08T1351PT_v1,2026-10-07T1427PT_v1,2026-11-05,coronados,rockfish,28,29,3,3,72.0,70.9,-1.1,Good,Good,ENSO/SST anomaly boost -1.1,"{""anomaly"": -1.1}",,
2026-10-08T1351PT_v1,2026-10-07T1427PT_v1,2026-11-05,coronados,sheephead,28,29,3,3,72.0,72.0,0.0,Good,Good,no material driver change,{},,
2026-10-08T1351PT_v1,2026-10-07T1427PT_v1,2026-11-05,coronados,white_seabass,28,29,3,3,55.0,54.2,-0.8,Fair,Fair,no material driver change,"{""anomaly"": -0.4, ""sst"": -0.4}",,
2026-10-08T1351PT_v1,2026-10-07T1427PT_v1,2026-11-05,coronados,yellowfin_tuna,28,29,3,3,54.9,59.8,4.9,Fair,Fair,water temperature fit +3.4; ENSO/SST anomaly boost +1.5,"{""anomaly"": 1.5, ""sst"": 3.4}",,
2026-10-08T1351PT_v1,2026-10-07T1427PT_v1,2026-11-05,coronados,yellowtail,28,29,3,3,78.0,79.2,1.2,Very Good,Very Good,ENSO/SST anomaly boost +1.2,"{""anomaly"": 1.2}",,
2026-10-08T1351PT_v1,2026-10-07T1427PT_v1,2026-11-05,cortez_tanner,bluefin_tuna,28,29,3,3,58.2,58.9,0.7,Fair,Fair,no material driver change,"{""anomaly"": 0.7}",,
2026-10-08T1351PT_v1,2026-10-07T1427PT_v1,2026-11-05,cortez_tanner,dorado,28,29,3,3,7.9,8.1,0.2,Poor,Poor,no material driver change,"{""anomaly"": 0.2}",,
2026-10-08T1351PT_v1,2026-10-07T1427PT_v1,2026-11-05,cortez_tanner,rockfish,28,29,3,3,50.7,50.1,-0.6,Fair,Fair,no material driver change,"{""anomaly"": -0.6}",,
2026-10-08T1351PT_v1,2026-10-07T1427PT_v1,2026-11-05,cortez_tanner,yellowfin_tuna,28,29,3,3,10.3,11.4,1.1,Poor,Poor,small changes across several drivers,"{""anomaly"": 0.3, ""sst"": 0.8}",,
2026-10-08T1351PT_v1,2026-10-07T1427PT_v1,2026-11-05,cortez_tanner,yellowtail,28,29,3,3,56.0,56.8,0.8,Fair,Fair,no material driver change,"{""anomaly"": 0.8}",,
2026-10-08T1351PT_v1,2026-10-07T1427PT_v1,2026-11-05,la_jolla,barracuda,28,29,3,3,75.2,75.9,0.7,Very Good,Very Good,no material driver change,"{""anomaly"": 0.7}",,
2026-10-08T1351PT_v1,2026-10-07T1427PT_v1,2026-11-05,la_jolla,bonito,28,29,3,3,85.4,86.7,1.3,Very Good,Very Good,ENSO/SST anomaly boost +1.3,"{""anomaly"": 1.3}",,
2026-10-08T1351PT_v1,2026-10-07T1427PT_v1,2026-11-05,la_jolla,calico_bass,28,29,3,3,76.7,77.2,0.5,Very Good,Very Good,no material driver change,"{""anomaly"": 0.5}",,
2026-10-08T1351PT_v1,2026-10-07T1427PT_v1,2026-11-05,la_jolla,california_halibut,28,29,3,3,65.1,64.4,-0.7,Good,Good,no material driver change,"{""anomaly"": -0.7}",,
2026-10-08T1351PT_v1,2026-10-07T1427PT_v1,2026-11-05,la_jolla,rockfish,28,29,3,3,83.0,81.7,-1.3,Very Good,Very Good,ENSO/SST anomaly boost -1.3,"{""anomaly"": -1.3}",,
2026-10-08T1351PT_v1,2026-10-07T1427PT_v1,2026-11-05,la_jolla,sheephead,28,29,3,3,80.3,80.3,0.0,Very Good,Very Good,no material driver change,{},,
2026-10-08T1351PT_v1,2026-10-07T1427PT_v1,2026-11-05,la_jolla,white_seabass,28,29,3,3,62.2,61.7,-0.5,Good,Good,no material driver change,"{""anomaly"": -0.5}",,
2026-10-08T1351PT_v1,2026-10-07T1427PT_v1,2026-11-05,la_jolla,yellowtail,28,29,3,3,83.2,84.5,1.3,Very Good,Very Good,ENSO/SST anomaly boost +1.3,"{""anomaly"": 1.3}",,
2026-10-08T1351PT_v1,2026-10-07T1427PT_v1,2026-11-05,mission_bay,california_halibut,28,29,3,3,50.0,48.9,-1.1,Fair,Fair,small changes across several drivers,"{""anomaly"": -0.5, ""sst"": -0.6}",,
2026-10-08T1351PT_v1,2026-10-07T1427PT_v1,2026-11-05,mission_bay,sand_bass,28,29,3,3,52.6,53.0,0.4,Fair,Fair,no material driver change,"{""anomaly"": 0.4}",,
2026-10-08T1351PT_v1,2026-10-07T1427PT_v1,2026-11-05,mission_bay,spotted_bay_bass,28,29,3,3,61.9,62.5,0.6,Good,Good,no material driver change,"{""anomaly"": 0.6}",,
2026-10-08T1351PT_v1,2026-10-07T1427PT_v1,2026-11-05,nine_mile,barracuda,28,29,3,3,75.6,76.4,0.8,Very Good,Very Good,no material driver change,"{""anomaly"": 0.8}",,
2026-10-08T1351PT_v1,2026-10-07T1427PT_v1,2026-11-05,nine_mile,bluefin_tuna,28,29,3,3,90.2,91.3,1.1,Excellent,Excellent,ENSO/SST anomaly boost +1.1,"{""anomaly"": 1.1}",,
2026-10-08T1351PT_v1,2026-10-07T1427PT_v1,2026-11-05,nine_mile,bonito,28,29,3,3,86.1,87.5,1.4,Very Good,Very Good,ENSO/SST anomaly boost +1.4,"{""anomaly"": 1.4}",,
2026-10-08T1351PT_v1,2026-10-07T1427PT_v1,2026-11-05,nine_mile,dorado,28,29,3,3,12.4,12.8,0.4,Poor,Poor,no material driver change,"{""anomaly"": 0.4}",,
2026-10-08T1351PT_v1,2026-10-07T1427PT_v1,2026-11-05,nine_mile,rockfish,28,29,3,3,79.6,78.4,-1.2,Very Good,Very Good,ENSO/SST anomaly boost -1.2,"{""anomaly"": -1.2}",,
2026-10-08T1351PT_v1,2026-10-07T1427PT_v1,2026-11-05,nine_mile,yellowfin_tuna,28,29,3,3,67.1,72.4,5.3,Good,Good,water temperature fit +3.4; ENSO/SST anomaly boost +1.9,"{""anomaly"": 1.9, ""sst"": 3.4}",,
2026-10-08T1351PT_v1,2026-10-07T1427PT_v1,2026-11-05,nine_mile,yellowtail,28,29,3,3,84.5,85.9,1.4,Very Good,Very Good,ENSO/SST anomaly boost +1.4,"{""anomaly"": 1.4}",,
2026-10-08T1351PT_v1,2026-10-07T1427PT_v1,2026-11-05,outer_banks,bluefin_tuna,28,29,3,3,82.1,83.1,1.0,Very Good,Very Good,ENSO/SST anomaly boost +1.0,"{""anomaly"": 1.0}",,
2026-10-08T1351PT_v1,2026-10-07T1427PT_v1,2026-11-05,outer_banks,bonito,28,29,3,3,78.2,79.5,1.3,Very Good,Very Good,ENSO/SST anomaly boost +1.3,"{""anomaly"": 1.3}",,
2026-10-08T1351PT_v1,2026-10-07T1427PT_v1,2026-11-05,outer_banks,dorado,28,29,3,3,16.6,25.0,8.4,Poor,Poor,water temperature fit +7.8,"{""anomaly"": 0.6, ""sst"": 7.8}",,
2026-10-08T1351PT_v1,2026-10-07T1427PT_v1,2026-11-05,outer_banks,rockfish,28,29,3,3,73.0,71.9,-1.1,Good,Good,ENSO/SST anomaly boost -1.1,"{""anomaly"": -1.1}",,
2026-10-08T1351PT_v1,2026-10-07T1427PT_v1,2026-11-05,outer_banks,sheephead,28,29,3,3,56.5,58.2,1.7,Fair,Fair,water temperature fit +1.7,"{""sst"": 1.7}",,
2026-10-08T1351PT_v1,2026-10-07T1427PT_v1,2026-11-05,outer_banks,white_seabass,28,29,3,3,53.4,52.5,-0.9,Fair,Fair,no material driver change,"{""anomaly"": -0.4, ""sst"": -0.5}",,
2026-10-08T1351PT_v1,2026-10-07T1427PT_v1,2026-11-05,outer_banks,yellowfin_tuna,28,29,3,3,65.8,70.1,4.3,Good,Good,water temperature fit +2.5; ENSO/SST anomaly boost +1.8,"{""anomaly"": 1.8, ""sst"": 2.5}",,
2026-10-08T1351PT_v1,2026-10-07T1427PT_v1,2026-11-05,outer_banks,yellowtail,28,29,3,3,76.9,78.1,1.2,Very Good,Very Good,ENSO/SST anomaly boost +1.2,"{""anomaly"": 1.2}",,
2026-10-08T1351PT_v1,2026-10-07T1427PT_v1,2026-11-05,pt_loma_kelp,barracuda,28,29,3,3,75.3,76.1,0.8,Very Good,Very Good,no material driver change,"{""anomaly"": 0.8}",,
2026-10-08T1351PT_v1,2026-10-07T1427PT_v1,2026-11-05,pt_loma_kelp,bonito,28,29,3,3,85.4,86.8,1.4,Very Good,Very Good,ENSO/SST anomaly boost +1.4,"{""anomaly"": 1.4}",,
2026-10-08T1351PT_v1,2026-10-07T1427PT_v1,2026-11-05,pt_loma_kelp,calico_bass,28,29,3,3,76.6,77.1,0.5,Very Good,Very Good,no material driver change,"{""anomaly"": 0.5}",,
2026-10-08T1351PT_v1,2026-10-07T1427PT_v1,2026-11-05,pt_loma_kelp,california_halibut,28,29,3,3,64.7,64.0,-0.7,Good,Good,no material driver change,"{""anomaly"": -0.7}",,
2026-10-08T1351PT_v1,2026-10-07T1427PT_v1,2026-11-05,pt_loma_kelp,rockfish,28,29,3,3,80.2,78.9,-1.3,Very Good,Very Good,ENSO/SST anomaly boost -1.3,"{""anomaly"": -1.3}",,
2026-10-08T1351PT_v1,2026-10-07T1427PT_v1,2026-11-05,pt_loma_kelp,sand_bass,28,29,3,3,67.7,68.3,0.6,Good,Good,no material driver change,"{""anomaly"": 0.6}",,
2026-10-08T1351PT_v1,2026-10-07T1427PT_v1,2026-11-05,pt_loma_kelp,sheephead,28,29,3,3,78.8,78.8,0.0,Very Good,Very Good,no material driver change,{},,
2026-10-08T1351PT_v1,2026-10-07T1427PT_v1,2026-11-05,pt_loma_kelp,white_seabass,28,29,3,3,61.6,61.1,-0.5,Good,Good,no material driver change,"{""anomaly"": -0.5}",,
2026-10-08T1351PT_v1,2026-10-07T1427PT_v1,2026-11-05,pt_loma_kelp,yellowtail,28,29,3,3,83.9,85.3,1.4,Very Good,Very Good,ENSO/SST anomaly boost +1.4,"{""anomaly"": 1.4}",,
2026-10-08T1351PT_v1,2026-10-07T1427PT_v1,2026-11-05,sd_bay,california_halibut,28,29,3,3,49.6,48.5,-1.1,Fair,Fair,small changes across several drivers,"{""anomaly"": -0.5, ""sst"": -0.6}",,
2026-10-08T1351PT_v1,2026-10-07T1427PT_v1,2026-11-05,sd_bay,sand_bass,28,29,3,3,52.7,53.2,0.5,Fair,Fair,no material driver change,"{""anomaly"": 0.5}",,
2026-10-08T1351PT_v1,2026-10-07T1427PT_v1,2026-11-05,sd_bay,spotted_bay_bass,28,29,3,3,62.1,62.7,0.6,Good,Good,no material driver change,"{""anomaly"": 0.6}",,
2026-10-08T1351PT_v1,2026-10-07T1427PT_v1,2026-11-05,surf_zone,barred_surfperch,28,29,3,3,74.2,73.2,-1.0,Good,Good,small changes across several drivers,"{""anomaly"": -1.0}",,
2026-10-08T1351PT_v1,2026-10-07T1427PT_v1,2026-11-05,surf_zone,calico_bass,28,29,3,3,76.8,77.2,0.4,Very Good,Very Good,no material driver change,"{""anomaly"": 0.4}",,
2026-10-08T1351PT_v1,2026-10-07T1427PT_v1,2026-11-05,surf_zone,california_halibut,28,29,3,3,65.0,64.4,-0.6,Good,Good,no material driver change,"{""anomaly"": -0.6}",,
2026-10-08T1351PT_v1,2026-10-07T1427PT_v1,2026-11-05,surf_zone,corbina,28,29,3,3,72.3,73.4,1.1,Good,Good,small changes across several drivers,"{""anomaly"": 0.6, ""sst"": 0.5}",,
2026-10-08T1351PT_v1,2026-10-07T1427PT_v1,2026-11-05,surf_zone,sand_bass,28,29,3,3,67.4,67.9,0.5,Good,Good,no material driver change,"{""anomaly"": 0.5}",,
2026-10-08T1351PT_v1,2026-10-07T1427PT_v1,2026-11-06,coronados,barracuda,29,30,3,3,69.1,69.2,0.1,Good,Good,no material driver change,"{""anomaly"": 0.1}",,
2026-10-08T1351PT_v1,2026-10-07T1427PT_v1,2026-11-06,coronados,bluefin_tuna,29,30,3,3,84.0,84.3,0.3,Very Good,Very Good,no material driver change,"{""anomaly"": 0.3}",,
2026-10-08T1351PT_v1,2026-10-07T1427PT_v1,2026-11-06,coronados,bonito,29,30,3,3,79.6,79.9,0.3,Very Good,Very Good,no material driver change,"{""anomaly"": 0.3}",,
2026-10-08T1351PT_v1,2026-10-07T1427PT_v1,2026-11-06,coronados,calico_bass,29,30,3,3,70.0,70.1,0.1,Good,Good,no material driver change,{},,
2026-10-08T1351PT_v1,2026-10-07T1427PT_v1,2026-11-06,coronados,dorado,29,30,3,3,11.5,11.6,0.1,Poor,Poor,no material driver change,{},,
2026-10-08T1351PT_v1,2026-10-07T1427PT_v1,2026-11-06,coronados,rockfish,29,30,3,3,70.8,70.5,-0.3,Good,Good,no material driver change,"{""anomaly"": -0.3}",,
2026-10-08T1351PT_v1,2026-10-07T1427PT_v1,2026-11-06,coronados,sheephead,29,30,3,3,71.5,71.5,0.0,Good,Good,no material driver change,{},,
2026-10-08T1351PT_v1,2026-10-07T1427PT_v1,2026-11-06,coronados,white_seabass,29,30,3,3,55.8,55.6,-0.2,Fair,Fair,no material driver change,"{""sst"": -0.1}",,
2026-10-08T1351PT_v1,2026-10-07T1427PT_v1,2026-11-06,coronados,yellowfin_tuna,29,30,3,3,51.7,52.9,1.2,Fair,Fair,small changes across several drivers,"{""anomaly"": 0.3, ""sst"": 0.9}",,
2026-10-08T1351PT_v1,2026-10-07T1427PT_v1,2026-11-06,coronados,yellowtail,29,30,3,3,77.4,77.7,0.3,Very Good,Very Good,no material driver change,"{""anomaly"": 0.3}",,
2026-10-08T1351PT_v1,2026-10-07T1427PT_v1,2026-11-06,cortez_tanner,bluefin_tuna,29,30,3,3,58.7,58.8,0.1,Fair,Fair,no material driver change,{},,
2026-10-08T1351PT_v1,2026-10-07T1427PT_v1,2026-11-06,cortez_tanner,dorado,29,30,3,3,7.8,7.9,0.1,Poor,Poor,no material driver change,"{""anomaly"": 0.1}",,
2026-10-08T1351PT_v1,2026-10-07T1427PT_v1,2026-11-06,cortez_tanner,rockfish,29,30,3,3,49.7,49.6,-0.1,Fair,Fair,no material driver change,"{""anomaly"": -0.1}",,
2026-10-08T1351PT_v1,2026-10-07T1427PT_v1,2026-11-06,cortez_tanner,yellowfin_tuna,29,30,3,3,10.2,10.3,0.1,Poor,Poor,no material driver change,"{""anomaly"": 0.1}",,
2026-10-08T1351PT_v1,2026-10-07T1427PT_v1,2026-11-06,cortez_tanner,yellowtail,29,30,3,3,55.4,55.5,0.1,Fair,Fair,no material driver change,"{""anomaly"": 0.1}",,
2026-10-08T1351PT_v1,2026-10-07T1427PT_v1,2026-11-06,la_jolla,barracuda,29,30,3,3,74.8,75.0,0.2,Good,Very Good,no material driver change,"{""anomaly"": 0.2}",,
2026-10-08T1351PT_v1,2026-10-07T1427PT_v1,2026-11-06,la_jolla,bonito,29,30,3,3,85.6,86.0,0.4,Very Good,Very Good,no material driver change,"{""anomaly"": 0.4}",,
2026-10-08T1351PT_v1,2026-10-07T1427PT_v1,2026-11-06,la_jolla,calico_bass,29,30,3,3,76.3,76.4,0.1,Very Good,Very Good,no material driver change,"{""anomaly"": 0.1}",,
2026-10-08T1351PT_v1,2026-10-07T1427PT_v1,2026-11-06,la_jolla,california_halibut,29,30,3,3,65.4,65.2,-0.2,Good,Good,no material driver change,"{""anomaly"": -0.2}",,
2026-10-08T1351PT_v1,2026-10-07T1427PT_v1,2026-11-06,la_jolla,rockfish,29,30,3,3,83.5,83.2,-0.3,Very Good,Very Good,no material driver change,"{""anomaly"": -0.3}",,
2026-10-08T1351PT_v1,2026-10-07T1427PT_v1,2026-11-06,la_jolla,sheephead,29,30,3,3,80.0,80.0,0.0,Very Good,Very Good,no material driver change,{},,
2026-10-08T1351PT_v1,2026-10-07T1427PT_v1,2026-11-06,la_jolla,white_seabass,29,30,3,3,62.7,62.6,-0.1,Good,Good,no material driver change,"{""anomaly"": -0.1}",,
2026-10-08T1351PT_v1,2026-10-07T1427PT_v1,2026-11-06,la_jolla,yellowtail,29,30,3,3,82.7,83.0,0.3,Very Good,Very Good,no material driver change,"{""anomaly"": 0.3}",,
2026-10-08T1351PT_v1,2026-10-07T1427PT_v1,2026-11-06,mission_bay,california_halibut,29,30,3,3,50.8,50.6,-0.2,Fair,Fair,no material driver change,"{""anomaly"": -0.1}",,
2026-10-08T1351PT_v1,2026-10-07T1427PT_v1,2026-11-06,mission_bay,sand_bass,29,30,3,3,52.2,52.3,0.1,Fair,Fair,no material driver change,{},,
2026-10-08T1351PT_v1,2026-10-07T1427PT_v1,2026-11-06,mission_bay,spotted_bay_bass,29,30,3,3,61.9,62.0,0.1,Good,Good,no material driver change,"{""anomaly"": 0.1}",,
2026-10-08T1351PT_v1,2026-10-07T1427PT_v1,2026-11-06,nine_mile,barracuda,29,30,3,3,75.2,75.4,0.2,Very Good,Very Good,no material driver change,"{""anomaly"": 0.2}",,
2026-10-08T1351PT_v1,2026-10-07T1427PT_v1,2026-11-06,nine_mile,bluefin_tuna,29,30,3,3,91.3,91.5,0.2,Excellent,Excellent,no material driver change,"{""anomaly"": 0.2}",,
2026-10-08T1351PT_v1,2026-10-07T1427PT_v1,2026-11-06,nine_mile,bonito,29,30,3,3,86.4,86.7,0.3,Very Good,Very Good,no material driver change,"{""anomaly"": 0.3}",,
2026-10-08T1351PT_v1,2026-10-07T1427PT_v1,2026-11-06,nine_mile,dorado,29,30,3,3,12.4,12.5,0.1,Poor,Poor,no material driver change,{},,
2026-10-08T1351PT_v1,2026-10-07T1427PT_v1,2026-11-06,nine_mile,rockfish,29,30,3,3,78.3,78.0,-0.3,Very Good,Very Good,no material driver change,"{""anomaly"": -0.3}",,
2026-10-08T1351PT_v1,2026-10-07T1427PT_v1,2026-11-06,nine_mile,yellowfin_tuna,29,30,3,3,63.6,65.0,1.4,Good,Good,small changes across several drivers,"{""anomaly"": 0.4, ""sst"": 1.0}",,
2026-10-08T1351PT_v1,2026-10-07T1427PT_v1,2026-11-06,nine_mile,yellowtail,29,30,3,3,84.0,84.3,0.3,Very Good,Very Good,no material driver change,"{""anomaly"": 0.3}",,
2026-10-08T1351PT_v1,2026-10-07T1427PT_v1,2026-11-06,outer_banks,bluefin_tuna,29,30,3,3,83.1,83.3,0.2,Very Good,Very Good,no material driver change,"{""anomaly"": 0.2}",,
2026-10-08T1351PT_v1,2026-10-07T1427PT_v1,2026-11-06,outer_banks,bonito,29,30,3,3,78.5,78.7,0.2,Very Good,Very Good,no material driver change,"{""anomaly"": 0.2}",,
2026-10-08T1351PT_v1,2026-10-07T1427PT_v1,2026-11-06,outer_banks,dorado,29,30,3,3,11.2,11.3,0.1,Poor,Poor,no material driver change,"{""anomaly"": 0.1}",,
2026-10-08T1351PT_v1,2026-10-07T1427PT_v1,2026-11-06,outer_banks,rockfish,29,30,3,3,71.8,71.5,-0.3,Good,Good,no material driver change,"{""anomaly"": -0.3}",,
2026-10-08T1351PT_v1,2026-10-07T1427PT_v1,2026-11-06,outer_banks,sheephead,29,30,3,3,54.8,55.2,0.4,Fair,Fair,no material driver change,"{""sst"": 0.4}",,
2026-10-08T1351PT_v1,2026-10-07T1427PT_v1,2026-11-06,outer_banks,white_seabass,29,30,3,3,54.1,53.9,-0.2,Fair,Fair,no material driver change,"{""sst"": -0.1}",,
2026-10-08T1351PT_v1,2026-10-07T1427PT_v1,2026-11-06,outer_banks,yellowfin_tuna,29,30,3,3,63.4,64.4,1.0,Good,Good,small changes across several drivers,"{""anomaly"": 0.3, ""sst"": 0.7}",,
2026-10-08T1351PT_v1,2026-10-07T1427PT_v1,2026-11-06,outer_banks,yellowtail,29,30,3,3,76.3,76.6,0.3,Very Good,Very Good,no material driver change,"{""anomaly"": 0.3}",,
2026-10-08T1351PT_v1,2026-10-07T1427PT_v1,2026-11-06,pt_loma_kelp,barracuda,29,30,3,3,74.8,75.1,0.3,Good,Very Good,no material driver change,"{""anomaly"": 0.3}",,
2026-10-08T1351PT_v1,2026-10-07T1427PT_v1,2026-11-06,pt_loma_kelp,bonito,29,30,3,3,85.6,86.1,0.5,Very Good,Very Good,no material driver change,"{""anomaly"": 0.5}",,
2026-10-08T1351PT_v1,2026-10-07T1427PT_v1,2026-11-06,pt_loma_kelp,calico_bass,29,30,3,3,76.1,76.3,0.2,Very Good,Very Good,no material driver change,"{""anomaly"": 0.2}",,
2026-10-08T1351PT_v1,2026-10-07T1427PT_v1,2026-11-06,pt_loma_kelp,california_halibut,29,30,3,3,64.9,64.7,-0.2,Good,Good,no material driver change,"{""anomaly"": -0.2}",,
2026-10-08T1351PT_v1,2026-10-07T1427PT_v1,2026-11-06,pt_loma_kelp,rockfish,29,30,3,3,79.0,78.6,-0.4,Very Good,Very Good,no material driver change,"{""anomaly"": -0.4}",,
2026-10-08T1351PT_v1,2026-10-07T1427PT_v1,2026-11-06,pt_loma_kelp,sand_bass,29,30,3,3,67.2,67.4,0.2,Good,Good,no material driver change,"{""anomaly"": 0.2}",,
2026-10-08T1351PT_v1,2026-10-07T1427PT_v1,2026-11-06,pt_loma_kelp,sheephead,29,30,3,3,78.4,78.4,0.0,Very Good,Very Good,no material driver change,{},,
2026-10-08T1351PT_v1,2026-10-07T1427PT_v1,2026-11-06,pt_loma_kelp,white_seabass,29,30,3,3,62.0,61.9,-0.1,Good,Good,no material driver change,"{""anomaly"": -0.1}",,
2026-10-08T1351PT_v1,2026-10-07T1427PT_v1,2026-11-06,pt_loma_kelp,yellowtail,29,30,3,3,83.3,83.7,0.4,Very Good,Very Good,no material driver change,"{""anomaly"": 0.4}",,
2026-10-08T1351PT_v1,2026-10-07T1427PT_v1,2026-11-06,sd_bay,california_halibut,29,30,3,3,50.4,50.2,-0.2,Fair,Fair,no material driver change,"{""anomaly"": -0.1}",,
2026-10-08T1351PT_v1,2026-10-07T1427PT_v1,2026-11-06,sd_bay,sand_bass,29,30,3,3,52.4,52.5,0.1,Fair,Fair,no material driver change,"{""anomaly"": 0.1}",,
2026-10-08T1351PT_v1,2026-10-07T1427PT_v1,2026-11-06,sd_bay,spotted_bay_bass,29,30,3,3,62.2,62.2,0.0,Good,Good,no material driver change,{},,
2026-10-08T1351PT_v1,2026-10-07T1427PT_v1,2026-11-06,surf_zone,barred_surfperch,29,30,3,3,74.1,74.2,0.1,Good,Good,no material driver change,"{""anomaly"": 0.1}",,
2026-10-08T1351PT_v1,2026-10-07T1427PT_v1,2026-11-06,surf_zone,calico_bass,29,30,3,3,76.4,76.4,0.0,Very Good,Very Good,no material driver change,{},,
2026-10-08T1351PT_v1,2026-10-07T1427PT_v1,2026-11-06,surf_zone,california_halibut,29,30,3,3,65.3,65.3,0.0,Good,Good,no material driver change,{},,
2026-10-08T1351PT_v1,2026-10-07T1427PT_v1,2026-11-06,surf_zone,corbina,29,30,3,3,72.3,72.2,-0.1,Good,Good,no material driver change,{},,
2026-10-08T1351PT_v1,2026-10-07T1427PT_v1,2026-11-06,surf_zone,sand_bass,29,30,3,3,67.0,67.0,0.0,Good,Good,no material driver change,{},,
