label_id,label_version,fishing_date,region_id,species_id,n_trips,anglers,angler_days,fish_kept,fish_released,fish_total,catch_index,reference_index,index_ratio,observed_score,observed_class,observed_good_or_better,effort_sufficient,label_status,reporting_lag_days,available_at_utc,publication_lag_days,report_dates,source,n_raw_records,dq_flags
L1|2026-08-14|extended_offshore|bluefin_tuna,L1,2026-08-14,extended_offshore,bluefin_tuna,3,26.5,63.2,0.5,0.0,0.5,0.0079,0.0233,0.339,45.1,Fair,0.0,True,final,1,2026-10-04T06:17:27Z,50,2026-08-15,San Diego Fish Reports dock totals,3,backfilled;multi_day_split;low_effort
L1|2026-08-14|extended_offshore|bonito,L1,2026-08-14,extended_offshore,bonito,3,26.5,63.2,4.5,0.0,4.5,0.0711,0.0623,,,,,True,no_reference,1,2026-10-04T06:17:27Z,50,2026-08-15,San Diego Fish Reports dock totals,3,backfilled;multi_day_split;reference_species_fallback;low_effort
L1|2026-08-14|extended_offshore|dorado,L1,2026-08-14,extended_offshore,dorado,3,26.5,63.2,2.5,0.0,2.5,0.0395,0.1053,0.375,47.2,Fair,0.0,True,final,1,2026-10-04T06:17:27Z,50,2026-08-15,San Diego Fish Reports dock totals,3,backfilled;multi_day_split;low_effort
L1|2026-08-14|extended_offshore|rockfish,L1,2026-08-14,extended_offshore,rockfish,3,26.5,63.2,0.0,0.0,0.0,0.0,0.0499,0.0,0.0,Poor,0.0,True,final,1,2026-10-04T06:17:27Z,50,2026-08-15,San Diego Fish Reports dock totals,3,backfilled;multi_day_split;low_effort;effort_adjusted_zero
L1|2026-08-14|extended_offshore|sheephead,L1,2026-08-14,extended_offshore,sheephead,3,26.5,63.2,0.0,0.0,0.0,0.0,0.5,,,,,True,no_reference,1,2026-10-04T06:17:27Z,50,2026-08-15,San Diego Fish Reports dock totals,3,backfilled;multi_day_split;reference_default;low_effort
L1|2026-08-14|extended_offshore|white_seabass,L1,2026-08-14,extended_offshore,white_seabass,3,26.5,63.2,0.0,0.0,0.0,0.0,0.5,,,,,True,no_reference,1,2026-10-04T06:17:27Z,50,2026-08-15,San Diego Fish Reports dock totals,3,backfilled;multi_day_split;reference_default;sparse_species;low_effort
L1|2026-08-14|extended_offshore|yellowfin_tuna,L1,2026-08-14,extended_offshore,yellowfin_tuna,3,26.5,63.2,5.0,0.0,5.0,0.0791,0.1359,0.582,59.0,Fair,0.0,True,final,1,2026-10-04T06:17:27Z,50,2026-08-15,San Diego Fish Reports dock totals,3,backfilled;multi_day_split;low_effort
L1|2026-08-14|extended_offshore|yellowtail,L1,2026-08-14,extended_offshore,yellowtail,3,26.5,63.2,79.5,0.0,79.5,1.2569,0.9301,1.351,77.8,Very Good,1.0,True,final,1,2026-10-04T06:17:27Z,50,2026-08-15,San Diego Fish Reports dock totals,3,backfilled;multi_day_split;low_effort
L1|2026-08-15|extended_offshore|bluefin_tuna,L1,2026-08-15,extended_offshore,bluefin_tuna,9,89.0,191.2,0.5,0.0,0.5,0.0026,0.0233,0.112,18.0,Poor,0.0,True,final,1,2026-10-04T06:17:29Z,49,2026-08-15;2026-08-16,San Diego Fish Reports dock totals,9,backfilled;multi_day_split;in_reference_window
L1|2026-08-15|extended_offshore|bonito,L1,2026-08-15,extended_offshore,bonito,9,89.0,191.2,7.0,0.0,7.0,0.0366,0.0623,,,,,True,no_reference,1,2026-10-04T06:17:29Z,49,2026-08-15;2026-08-16,San Diego Fish Reports dock totals,9,backfilled;multi_day_split;reference_species_fallback;in_reference_window
L1|2026-08-15|extended_offshore|dorado,L1,2026-08-15,extended_offshore,dorado,9,89.0,191.2,48.0,0.0,48.0,0.251,0.1053,2.383,91.9,Excellent,1.0,True,final,1,2026-10-04T06:17:29Z,49,2026-08-15;2026-08-16,San Diego Fish Reports dock totals,9,backfilled;multi_day_split;in_reference_window
L1|2026-08-15|extended_offshore|rockfish,L1,2026-08-15,extended_offshore,rockfish,9,89.0,191.2,35.0,0.0,35.0,0.183,0.0499,3.667,98.3,Excellent,1.0,True,final,1,2026-10-04T06:17:29Z,49,2026-08-15;2026-08-16,San Diego Fish Reports dock totals,9,backfilled;multi_day_split;in_reference_window
L1|2026-08-15|extended_offshore|sheephead,L1,2026-08-15,extended_offshore,sheephead,9,89.0,191.2,0.0,0.0,0.0,0.0,0.5,,,,,True,no_reference,1,2026-10-04T06:17:29Z,49,2026-08-15;2026-08-16,San Diego Fish Reports dock totals,9,backfilled;multi_day_split;reference_default;in_reference_window
L1|2026-08-15|extended_offshore|white_seabass,L1,2026-08-15,extended_offshore,white_seabass,9,89.0,191.2,0.5,0.0,0.5,0.0026,0.5,,,,,True,no_reference,1,2026-10-04T06:17:29Z,49,2026-08-15;2026-08-16,San Diego Fish Reports dock totals,9,backfilled;multi_day_split;reference_default;sparse_species;in_reference_window
L1|2026-08-15|extended_offshore|yellowfin_tuna,L1,2026-08-15,extended_offshore,yellowfin_tuna,9,89.0,191.2,22.5,0.0,22.5,0.1176,0.1359,0.866,66.6,Good,1.0,True,final,1,2026-10-04T06:17:29Z,49,2026-08-15;2026-08-16,San Diego Fish Reports dock totals,9,backfilled;multi_day_split;in_reference_window
L1|2026-08-15|extended_offshore|yellowtail,L1,2026-08-15,extended_offshore,yellowtail,9,89.0,191.2,181.5,0.0,181.5,0.949,0.9301,1.02,70.5,Good,1.0,True,final,1,2026-10-04T06:17:29Z,49,2026-08-15;2026-08-16,San Diego Fish Reports dock totals,9,backfilled;multi_day_split;in_reference_window
L1|2026-08-15|kelp_nearshore|barracuda,L1,2026-08-15,kelp_nearshore,barracuda,9,378.0,185.2,0.0,75.0,75.0,0.405,0.0421,9.619,100.0,Excellent,1.0,True,final,0,2026-10-04T06:17:27Z,49,2026-08-15,San Diego Fish Reports dock totals,9,backfilled;in_reference_window
L1|2026-08-15|kelp_nearshore|bonito,L1,2026-08-15,kelp_nearshore,bonito,9,378.0,185.2,45.0,0.0,45.0,0.243,0.7162,0.339,45.1,Fair,0.0,True,final,0,2026-10-04T06:17:27Z,49,2026-08-15,San Diego Fish Reports dock totals,9,backfilled;in_reference_window
L1|2026-08-15|kelp_nearshore|calico_bass,L1,2026-08-15,kelp_nearshore,calico_bass,9,378.0,185.2,113.0,335.0,448.0,2.419,1.7014,1.422,79.2,Very Good,1.0,True,final,0,2026-10-04T06:17:27Z,49,2026-08-15,San Diego Fish Reports dock totals,9,backfilled;in_reference_window
L1|2026-08-15|kelp_nearshore|california_halibut,L1,2026-08-15,kelp_nearshore,california_halibut,9,378.0,185.2,0.0,0.0,0.0,0.0,0.5,,,,,True,no_reference,0,2026-10-04T06:17:27Z,49,2026-08-15,San Diego Fish Reports dock totals,9,backfilled;reference_default;sparse_species;in_reference_window
L1|2026-08-15|kelp_nearshore|rockfish,L1,2026-08-15,kelp_nearshore,rockfish,9,378.0,185.2,66.0,0.0,66.0,0.3564,0.9295,0.383,47.6,Fair,0.0,True,final,0,2026-10-04T06:17:27Z,49,2026-08-15,San Diego Fish Reports dock totals,9,backfilled;in_reference_window
L1|2026-08-15|kelp_nearshore|sand_bass,L1,2026-08-15,kelp_nearshore,sand_bass,9,378.0,185.2,29.0,0.0,29.0,0.1566,0.3533,0.443,51.0,Fair,0.0,True,final,0,2026-10-04T06:17:27Z,49,2026-08-15,San Diego Fish Reports dock totals,9,backfilled;in_reference_window
L1|2026-08-15|kelp_nearshore|sheephead,L1,2026-08-15,kelp_nearshore,sheephead,9,378.0,185.2,24.0,0.0,24.0,0.1296,0.14,0.926,68.1,Good,1.0,True,final,0,2026-10-04T06:17:27Z,49,2026-08-15,San Diego Fish Reports dock totals,9,backfilled;in_reference_window
L1|2026-08-15|kelp_nearshore|white_seabass,L1,2026-08-15,kelp_nearshore,white_seabass,9,378.0,185.2,1.0,0.0,1.0,0.0054,0.5,,,,,True,no_reference,0,2026-10-04T06:17:27Z,49,2026-08-15,San Diego Fish Reports dock totals,9,backfilled;reference_default;sparse_species;in_reference_window
L1|2026-08-15|kelp_nearshore|yellowtail,L1,2026-08-15,kelp_nearshore,yellowtail,9,378.0,185.2,4.0,0.0,4.0,0.0216,0.1053,0.205,32.8,Poor,0.0,True,final,0,2026-10-04T06:17:27Z,49,2026-08-15,San Diego Fish Reports dock totals,9,backfilled;in_reference_window
L1|2026-08-15|offshore_banks|barracuda,L1,2026-08-15,offshore_banks,barracuda,13,284.0,313.5,0.0,0.0,0.0,0.0,0.5,,,,,True,no_reference,0,2026-10-04T06:17:27Z,49,2026-08-15,San Diego Fish Reports dock totals,13,overnight_destination_uncertain;backfilled;reference_default;in_reference_window
L1|2026-08-15|offshore_banks|bluefin_tuna,L1,2026-08-15,offshore_banks,bluefin_tuna,13,284.0,313.5,0.0,0.0,0.0,0.0,0.0042,,,,,True,no_reference,0,2026-10-04T06:17:27Z,49,2026-08-15,San Diego Fish Reports dock totals,13,overnight_destination_uncertain;backfilled;reference_species_fallback;in_reference_window
L1|2026-08-15|offshore_banks|bonito,L1,2026-08-15,offshore_banks,bonito,13,284.0,313.5,27.0,0.0,27.0,0.0861,0.0297,2.9,94.5,Excellent,1.0,True,final,0,2026-10-04T06:17:27Z,49,2026-08-15,San Diego Fish Reports dock totals,13,overnight_destination_uncertain;backfilled;in_reference_window
L1|2026-08-15|offshore_banks|dorado,L1,2026-08-15,offshore_banks,dorado,13,284.0,313.5,14.0,0.0,14.0,0.0447,0.068,0.657,61.4,Good,1.0,True,final,0,2026-10-04T06:17:27Z,49,2026-08-15,San Diego Fish Reports dock totals,13,overnight_destination_uncertain;backfilled;in_reference_window
L1|2026-08-15|offshore_banks|rockfish,L1,2026-08-15,offshore_banks,rockfish,13,284.0,313.5,100.0,0.0,100.0,0.319,0.0499,,,,,True,no_reference,0,2026-10-04T06:17:27Z,49,2026-08-15,San Diego Fish Reports dock totals,13,overnight_destination_uncertain;backfilled;reference_species_fallback;in_reference_window
L1|2026-08-15|offshore_banks|sheephead,L1,2026-08-15,offshore_banks,sheephead,13,284.0,313.5,0.0,0.0,0.0,0.0,0.5,,,,,True,no_reference,0,2026-10-04T06:17:27Z,49,2026-08-15,San Diego Fish Reports dock totals,13,overnight_destination_uncertain;backfilled;reference_default;in_reference_window
L1|2026-08-15|offshore_banks|white_seabass,L1,2026-08-15,offshore_banks,white_seabass,13,284.0,313.5,0.0,0.0,0.0,0.0,0.5,,,,,True,no_reference,0,2026-10-04T06:17:27Z,49,2026-08-15,San Diego Fish Reports dock totals,13,overnight_destination_uncertain;backfilled;reference_default;sparse_species;in_reference_window
L1|2026-08-15|offshore_banks|yellowfin_tuna,L1,2026-08-15,offshore_banks,yellowfin_tuna,13,284.0,313.5,330.0,0.0,330.0,1.0526,1.0526,1.0,70.0,Good,1.0,True,final,0,2026-10-04T06:17:27Z,49,2026-08-15,San Diego Fish Reports dock totals,13,overnight_destination_uncertain;backfilled;in_reference_window
L1|2026-08-15|offshore_banks|yellowtail,L1,2026-08-15,offshore_banks,yellowtail,13,284.0,313.5,161.0,0.0,161.0,0.5136,0.3983,1.289,76.7,Very Good,1.0,True,final,0,2026-10-04T06:17:27Z,49,2026-08-15,San Diego Fish Reports dock totals,13,overnight_destination_uncertain;backfilled;in_reference_window
L1|2026-08-16|coronados|barracuda,L1,2026-08-16,coronados,barracuda,1,30.0,30.0,0.0,0.0,0.0,0.0,0.5,,,,,False,insufficient_effort,0,2026-10-04T06:17:29Z,48,2026-08-16,San Diego Fish Reports dock totals,1,backfilled;reference_default;in_reference_window
L1|2026-08-16|coronados|bluefin_tuna,L1,2026-08-16,coronados,bluefin_tuna,1,30.0,30.0,0.0,0.0,0.0,0.0,0.0042,,,,,False,insufficient_effort,0,2026-10-04T06:17:29Z,48,2026-08-16,San Diego Fish Reports dock totals,1,backfilled;reference_species_fallback;in_reference_window
L1|2026-08-16|coronados|bonito,L1,2026-08-16,coronados,bonito,1,30.0,30.0,0.0,0.0,0.0,0.0,0.676,,,,,False,insufficient_effort,0,2026-10-04T06:17:29Z,48,2026-08-16,San Diego Fish Reports dock totals,1,backfilled;in_reference_window
L1|2026-08-16|coronados|calico_bass,L1,2026-08-16,coronados,calico_bass,1,30.0,30.0,2.0,0.0,2.0,0.0667,1.3322,,,,,False,insufficient_effort,0,2026-10-04T06:17:29Z,48,2026-08-16,San Diego Fish Reports dock totals,1,backfilled;reference_species_fallback;in_reference_window
L1|2026-08-16|coronados|dorado,L1,2026-08-16,coronados,dorado,1,30.0,30.0,0.0,0.0,0.0,0.0,0.0524,,,,,False,insufficient_effort,0,2026-10-04T06:17:29Z,48,2026-08-16,San Diego Fish Reports dock totals,1,backfilled;reference_species_fallback;in_reference_window
L1|2026-08-16|coronados|rockfish,L1,2026-08-16,coronados,rockfish,1,30.0,30.0,0.0,0.0,0.0,0.0,0.0499,,,,,False,insufficient_effort,0,2026-10-04T06:17:29Z,48,2026-08-16,San Diego Fish Reports dock totals,1,backfilled;reference_species_fallback;in_reference_window
L1|2026-08-16|coronados|sheephead,L1,2026-08-16,coronados,sheephead,1,30.0,30.0,0.0,0.0,0.0,0.0,0.5,,,,,False,insufficient_effort,0,2026-10-04T06:17:29Z,48,2026-08-16,San Diego Fish Reports dock totals,1,backfilled;reference_default;in_reference_window
L1|2026-08-16|coronados|white_seabass,L1,2026-08-16,coronados,white_seabass,1,30.0,30.0,0.0,0.0,0.0,0.0,0.5,,,,,False,insufficient_effort,0,2026-10-04T06:17:29Z,48,2026-08-16,San Diego Fish Reports dock totals,1,backfilled;reference_default;sparse_species;in_reference_window
L1|2026-08-16|coronados|yellowfin_tuna,L1,2026-08-16,coronados,yellowfin_tuna,1,30.0,30.0,0.0,0.0,0.0,0.0,0.2614,,,,,False,insufficient_effort,0,2026-10-04T06:17:29Z,48,2026-08-16,San Diego Fish Reports dock totals,1,backfilled;reference_species_fallback;in_reference_window
L1|2026-08-16|coronados|yellowtail,L1,2026-08-16,coronados,yellowtail,1,30.0,30.0,30.0,0.0,30.0,1.0,2.8371,,,,,False,insufficient_effort,0,2026-10-04T06:17:29Z,48,2026-08-16,San Diego Fish Reports dock totals,1,backfilled;in_reference_window
L1|2026-08-16|extended_offshore|bluefin_tuna,L1,2026-08-16,extended_offshore,bluefin_tuna,10,108.0,231.5,0.5,0.0,0.5,0.0022,0.0233,0.093,14.8,Poor,0.0,True,final,1,2026-10-04T06:17:31Z,48,2026-08-16;2026-08-17,San Diego Fish Reports dock totals,10,backfilled;multi_day_split;in_reference_window
L1|2026-08-16|extended_offshore|bonito,L1,2026-08-16,extended_offshore,bonito,10,108.0,231.5,2.5,0.0,2.5,0.0108,0.0623,,,,,True,no_reference,1,2026-10-04T06:17:31Z,48,2026-08-16;2026-08-17,San Diego Fish Reports dock totals,10,backfilled;multi_day_split;reference_species_fallback;in_reference_window
L1|2026-08-16|extended_offshore|dorado,L1,2026-08-16,extended_offshore,dorado,10,108.0,231.5,52.0,0.0,52.0,0.2246,0.1053,2.133,90.7,Excellent,1.0,True,final,1,2026-10-04T06:17:31Z,48,2026-08-16;2026-08-17,San Diego Fish Reports dock totals,10,backfilled;multi_day_split;in_reference_window
L1|2026-08-16|extended_offshore|rockfish,L1,2026-08-16,extended_offshore,rockfish,10,108.0,231.5,35.0,0.0,35.0,0.1512,0.0499,3.03,95.1,Excellent,1.0,True,final,1,2026-10-04T06:17:31Z,48,2026-08-16;2026-08-17,San Diego Fish Reports dock totals,10,backfilled;multi_day_split;in_reference_window
L1|2026-08-16|extended_offshore|sheephead,L1,2026-08-16,extended_offshore,sheephead,10,108.0,231.5,0.0,0.0,0.0,0.0,0.5,,,,,True,no_reference,1,2026-10-04T06:17:31Z,48,2026-08-16;2026-08-17,San Diego Fish Reports dock totals,10,backfilled;multi_day_split;reference_default;in_reference_window
L1|2026-08-16|extended_offshore|white_seabass,L1,2026-08-16,extended_offshore,white_seabass,10,108.0,231.5,0.5,0.0,0.5,0.0022,0.5,,,,,True,no_reference,1,2026-10-04T06:17:31Z,48,2026-08-16;2026-08-17,San Diego Fish Reports dock totals,10,backfilled;multi_day_split;reference_default;sparse_species;in_reference_window
L1|2026-08-16|extended_offshore|yellowfin_tuna,L1,2026-08-16,extended_offshore,yellowfin_tuna,10,108.0,231.5,29.5,0.0,29.5,0.1274,0.1359,0.938,68.4,Good,1.0,True,final,1,2026-10-04T06:17:31Z,48,2026-08-16;2026-08-17,San Diego Fish Reports dock totals,10,backfilled;multi_day_split;in_reference_window
L1|2026-08-16|extended_offshore|yellowtail,L1,2026-08-16,extended_offshore,yellowtail,10,108.0,231.5,241.5,0.0,241.5,1.0432,0.9301,1.122,73.0,Good,1.0,True,final,1,2026-10-04T06:17:31Z,48,2026-08-16;2026-08-17,San Diego Fish Reports dock totals,10,backfilled;multi_day_split;in_reference_window
L1|2026-08-16|kelp_nearshore|barracuda,L1,2026-08-16,kelp_nearshore,barracuda,12,503.0,265.5,1.0,5.0,6.0,0.0226,0.0421,0.537,56.4,Fair,0.0,True,final,0,2026-10-04T06:17:29Z,48,2026-08-16,San Diego Fish Reports dock totals,12,backfilled;in_reference_window
L1|2026-08-16|kelp_nearshore|bonito,L1,2026-08-16,kelp_nearshore,bonito,12,503.0,265.5,69.0,0.0,69.0,0.2599,0.7162,0.363,46.4,Fair,0.0,True,final,0,2026-10-04T06:17:29Z,48,2026-08-16,San Diego Fish Reports dock totals,12,backfilled;in_reference_window
L1|2026-08-16|kelp_nearshore|calico_bass,L1,2026-08-16,kelp_nearshore,calico_bass,12,503.0,265.5,82.0,355.0,437.0,1.646,1.7014,0.967,69.2,Good,1.0,True,final,0,2026-10-04T06:17:29Z,48,2026-08-16,San Diego Fish Reports dock totals,12,backfilled;in_reference_window
L1|2026-08-16|kelp_nearshore|california_halibut,L1,2026-08-16,kelp_nearshore,california_halibut,12,503.0,265.5,0.0,0.0,0.0,0.0,0.5,,,,,True,no_reference,0,2026-10-04T06:17:29Z,48,2026-08-16,San Diego Fish Reports dock totals,12,backfilled;reference_default;sparse_species;in_reference_window
L1|2026-08-16|kelp_nearshore|rockfish,L1,2026-08-16,kelp_nearshore,rockfish,12,503.0,265.5,466.0,0.0,466.0,1.7552,0.9295,1.888,87.9,Very Good,1.0,True,final,0,2026-10-04T06:17:29Z,48,2026-08-16,San Diego Fish Reports dock totals,12,backfilled;in_reference_window
L1|2026-08-16|kelp_nearshore|sand_bass,L1,2026-08-16,kelp_nearshore,sand_bass,12,503.0,265.5,38.0,20.0,58.0,0.2185,0.3533,0.618,60.5,Good,1.0,True,final,0,2026-10-04T06:17:29Z,48,2026-08-16,San Diego Fish Reports dock totals,12,backfilled;in_reference_window
L1|2026-08-16|kelp_nearshore|sheephead,L1,2026-08-16,kelp_nearshore,sheephead,12,503.0,265.5,36.0,0.0,36.0,0.1356,0.14,0.969,69.2,Good,1.0,True,final,0,2026-10-04T06:17:29Z,48,2026-08-16,San Diego Fish Reports dock totals,12,backfilled;in_reference_window
L1|2026-08-16|kelp_nearshore|white_seabass,L1,2026-08-16,kelp_nearshore,white_seabass,12,503.0,265.5,0.0,0.0,0.0,0.0,0.5,,,,,True,no_reference,0,2026-10-04T06:17:29Z,48,2026-08-16,San Diego Fish Reports dock totals,12,backfilled;reference_default;sparse_species;in_reference_window
L1|2026-08-16|kelp_nearshore|yellowtail,L1,2026-08-16,kelp_nearshore,yellowtail,12,503.0,265.5,6.0,0.0,6.0,0.0226,0.1053,0.215,34.3,Poor,0.0,True,final,0,2026-10-04T06:17:29Z,48,2026-08-16,San Diego Fish Reports dock totals,12,backfilled;in_reference_window
L1|2026-08-16|offshore_banks|barracuda,L1,2026-08-16,offshore_banks,barracuda,9,219.0,236.0,0.0,0.0,0.0,0.0,0.5,,,,,True,no_reference,0,2026-10-04T06:17:29Z,48,2026-08-16,San Diego Fish Reports dock totals,9,overnight_destination_uncertain;backfilled;reference_default;in_reference_window
L1|2026-08-16|offshore_banks|bluefin_tuna,L1,2026-08-16,offshore_banks,bluefin_tuna,9,219.0,236.0,0.0,0.0,0.0,0.0,0.0042,,,,,True,no_reference,0,2026-10-04T06:17:29Z,48,2026-08-16,San Diego Fish Reports dock totals,9,overnight_destination_uncertain;backfilled;reference_species_fallback;in_reference_window
L1|2026-08-16|offshore_banks|bonito,L1,2026-08-16,offshore_banks,bonito,9,219.0,236.0,0.0,0.0,0.0,0.0,0.0297,0.0,0.0,Poor,0.0,True,final,0,2026-10-04T06:17:29Z,48,2026-08-16,San Diego Fish Reports dock totals,9,overnight_destination_uncertain;backfilled;in_reference_window;effort_adjusted_zero
L1|2026-08-16|offshore_banks|dorado,L1,2026-08-16,offshore_banks,dorado,9,219.0,236.0,7.0,0.0,7.0,0.0297,0.068,0.436,50.6,Fair,0.0,True,final,0,2026-10-04T06:17:29Z,48,2026-08-16,San Diego Fish Reports dock totals,9,overnight_destination_uncertain;backfilled;in_reference_window
L1|2026-08-16|offshore_banks|rockfish,L1,2026-08-16,offshore_banks,rockfish,9,219.0,236.0,0.0,0.0,0.0,0.0,0.0499,,,,,True,no_reference,0,2026-10-04T06:17:29Z,48,2026-08-16,San Diego Fish Reports dock totals,9,overnight_destination_uncertain;backfilled;reference_species_fallback;in_reference_window
L1|2026-08-16|offshore_banks|sheephead,L1,2026-08-16,offshore_banks,sheephead,9,219.0,236.0,0.0,0.0,0.0,0.0,0.5,,,,,True,no_reference,0,2026-10-04T06:17:29Z,48,2026-08-16,San Diego Fish Reports dock totals,9,overnight_destination_uncertain;backfilled;reference_default;in_reference_window
L1|2026-08-16|offshore_banks|white_seabass,L1,2026-08-16,offshore_banks,white_seabass,9,219.0,236.0,0.0,0.0,0.0,0.0,0.5,,,,,True,no_reference,0,2026-10-04T06:17:29Z,48,2026-08-16,San Diego Fish Reports dock totals,9,overnight_destination_uncertain;backfilled;reference_default;sparse_species;in_reference_window
L1|2026-08-16|offshore_banks|yellowfin_tuna,L1,2026-08-16,offshore_banks,yellowfin_tuna,9,219.0,236.0,110.0,0.0,110.0,0.4661,1.0526,0.443,51.0,Fair,0.0,True,final,0,2026-10-04T06:17:29Z,48,2026-08-16,San Diego Fish Reports dock totals,9,overnight_destination_uncertain;backfilled;in_reference_window
L1|2026-08-16|offshore_banks|yellowtail,L1,2026-08-16,offshore_banks,yellowtail,9,219.0,236.0,94.0,0.0,94.0,0.3983,0.3983,1.0,70.0,Good,1.0,True,final,0,2026-10-04T06:17:29Z,48,2026-08-16,San Diego Fish Reports dock totals,9,overnight_destination_uncertain;backfilled;in_reference_window
L1|2026-08-17|coronados|barracuda,L1,2026-08-17,coronados,barracuda,2,24.0,24.0,2.0,0.0,2.0,0.0833,0.5,,,,,False,insufficient_effort,0,2026-10-04T06:17:31Z,47,2026-08-17,San Diego Fish Reports dock totals,2,backfilled;reference_default;in_reference_window
L1|2026-08-17|coronados|bluefin_tuna,L1,2026-08-17,coronados,bluefin_tuna,2,24.0,24.0,0.0,0.0,0.0,0.0,0.0042,,,,,False,insufficient_effort,0,2026-10-04T06:17:31Z,47,2026-08-17,San Diego Fish Reports dock totals,2,backfilled;reference_species_fallback;in_reference_window
L1|2026-08-17|coronados|bonito,L1,2026-08-17,coronados,bonito,2,24.0,24.0,0.0,0.0,0.0,0.0,0.676,,,,,False,insufficient_effort,0,2026-10-04T06:17:31Z,47,2026-08-17,San Diego Fish Reports dock totals,2,backfilled;in_reference_window
L1|2026-08-17|coronados|calico_bass,L1,2026-08-17,coronados,calico_bass,2,24.0,24.0,4.0,0.0,4.0,0.1667,1.3322,,,,,False,insufficient_effort,0,2026-10-04T06:17:31Z,47,2026-08-17,San Diego Fish Reports dock totals,2,backfilled;reference_species_fallback;in_reference_window
L1|2026-08-17|coronados|dorado,L1,2026-08-17,coronados,dorado,2,24.0,24.0,0.0,0.0,0.0,0.0,0.0524,,,,,False,insufficient_effort,0,2026-10-04T06:17:31Z,47,2026-08-17,San Diego Fish Reports dock totals,2,backfilled;reference_species_fallback;in_reference_window
L1|2026-08-17|coronados|rockfish,L1,2026-08-17,coronados,rockfish,2,24.0,24.0,6.0,0.0,6.0,0.25,0.0499,,,,,False,insufficient_effort,0,2026-10-04T06:17:31Z,47,2026-08-17,San Diego Fish Reports dock totals,2,backfilled;reference_species_fallback;in_reference_window
L1|2026-08-17|coronados|sheephead,L1,2026-08-17,coronados,sheephead,2,24.0,24.0,0.0,0.0,0.0,0.0,0.5,,,,,False,insufficient_effort,0,2026-10-04T06:17:31Z,47,2026-08-17,San Diego Fish Reports dock totals,2,backfilled;reference_default;in_reference_window
L1|2026-08-17|coronados|white_seabass,L1,2026-08-17,coronados,white_seabass,2,24.0,24.0,0.0,0.0,0.0,0.0,0.5,,,,,False,insufficient_effort,0,2026-10-04T06:17:31Z,47,2026-08-17,San Diego Fish Reports dock totals,2,backfilled;reference_default;sparse_species;in_reference_window
L1|2026-08-17|coronados|yellowfin_tuna,L1,2026-08-17,coronados,yellowfin_tuna,2,24.0,24.0,0.0,0.0,0.0,0.0,0.2614,,,,,False,insufficient_effort,0,2026-10-04T06:17:31Z,47,2026-08-17,San Diego Fish Reports dock totals,2,backfilled;reference_species_fallback;in_reference_window
L1|2026-08-17|coronados|yellowtail,L1,2026-08-17,coronados,yellowtail,2,24.0,24.0,83.0,0.0,83.0,3.4583,2.8371,,,,,False,insufficient_effort,0,2026-10-04T06:17:31Z,47,2026-08-17,San Diego Fish Reports dock totals,2,backfilled;in_reference_window
L1|2026-08-17|extended_offshore|bluefin_tuna,L1,2026-08-17,extended_offshore,bluefin_tuna,8,93.5,199.5,1.0,0.0,1.0,0.005,0.0233,0.215,34.4,Poor,0.0,True,final,1,2026-10-04T06:17:33Z,47,2026-08-17;2026-08-18,San Diego Fish Reports dock totals,8,backfilled;multi_day_split;in_reference_window
L1|2026-08-17|extended_offshore|bonito,L1,2026-08-17,extended_offshore,bonito,8,93.5,199.5,0.0,0.0,0.0,0.0,0.0623,,,,,True,no_reference,1,2026-10-04T06:17:33Z,47,2026-08-17;2026-08-18,San Diego Fish Reports dock totals,8,backfilled;multi_day_split;reference_species_fallback;in_reference_window
L1|2026-08-17|extended_offshore|dorado,L1,2026-08-17,extended_offshore,dorado,8,93.5,199.5,13.0,0.0,13.0,0.0652,0.1053,0.619,60.5,Good,1.0,True,final,1,2026-10-04T06:17:33Z,47,2026-08-17;2026-08-18,San Diego Fish Reports dock totals,8,backfilled;multi_day_split;in_reference_window
L1|2026-08-17|extended_offshore|rockfish,L1,2026-08-17,extended_offshore,rockfish,8,93.5,199.5,0.0,0.0,0.0,0.0,0.0499,0.0,0.0,Poor,0.0,True,final,1,2026-10-04T06:17:33Z,47,2026-08-17;2026-08-18,San Diego Fish Reports dock totals,8,backfilled;multi_day_split;in_reference_window;effort_adjusted_zero
L1|2026-08-17|extended_offshore|sheephead,L1,2026-08-17,extended_offshore,sheephead,8,93.5,199.5,1.5,0.0,1.5,0.0075,0.5,,,,,True,no_reference,1,2026-10-04T06:17:33Z,47,2026-08-17;2026-08-18,San Diego Fish Reports dock totals,8,backfilled;multi_day_split;reference_default;in_reference_window
L1|2026-08-17|extended_offshore|white_seabass,L1,2026-08-17,extended_offshore,white_seabass,8,93.5,199.5,0.0,0.0,0.0,0.0,0.5,,,,,True,no_reference,1,2026-10-04T06:17:33Z,47,2026-08-17;2026-08-18,San Diego Fish Reports dock totals,8,backfilled;multi_day_split;reference_default;sparse_species;in_reference_window
L1|2026-08-17|extended_offshore|yellowfin_tuna,L1,2026-08-17,extended_offshore,yellowfin_tuna,8,93.5,199.5,15.0,0.0,15.0,0.0752,0.1359,0.553,57.3,Fair,0.0,True,final,1,2026-10-04T06:17:33Z,47,2026-08-17;2026-08-18,San Diego Fish Reports dock totals,8,backfilled;multi_day_split;in_reference_window
L1|2026-08-17|extended_offshore|yellowtail,L1,2026-08-17,extended_offshore,yellowtail,8,93.5,199.5,276.0,0.0,276.0,1.3835,0.9301,1.487,80.4,Very Good,1.0,True,final,1,2026-10-04T06:17:33Z,47,2026-08-17;2026-08-18,San Diego Fish Reports dock totals,8,backfilled;multi_day_split;in_reference_window
L1|2026-08-17|kelp_nearshore|barracuda,L1,2026-08-17,kelp_nearshore,barracuda,10,258.0,134.2,1.0,0.0,1.0,0.0075,0.0421,0.177,28.3,Poor,0.0,True,final,0,2026-10-04T06:17:31Z,47,2026-08-17,San Diego Fish Reports dock totals,10,backfilled;in_reference_window
L1|2026-08-17|kelp_nearshore|bonito,L1,2026-08-17,kelp_nearshore,bonito,10,258.0,134.2,71.0,0.0,71.0,0.5293,0.7162,0.739,63.5,Good,1.0,True,final,0,2026-10-04T06:17:31Z,47,2026-08-17,San Diego Fish Reports dock totals,10,backfilled;in_reference_window
L1|2026-08-17|kelp_nearshore|calico_bass,L1,2026-08-17,kelp_nearshore,calico_bass,10,258.0,134.2,61.0,186.0,247.0,1.8412,1.7014,1.082,72.1,Good,1.0,True,final,0,2026-10-04T06:17:31Z,47,2026-08-17,San Diego Fish Reports dock totals,10,backfilled;in_reference_window
L1|2026-08-17|kelp_nearshore|california_halibut,L1,2026-08-17,kelp_nearshore,california_halibut,10,258.0,134.2,0.0,1.0,1.0,0.0075,0.5,,,,,True,no_reference,0,2026-10-04T06:17:31Z,47,2026-08-17,San Diego Fish Reports dock totals,10,backfilled;reference_default;sparse_species;in_reference_window
L1|2026-08-17|kelp_nearshore|rockfish,L1,2026-08-17,kelp_nearshore,rockfish,10,258.0,134.2,233.0,65.0,298.0,2.2214,0.9295,2.39,91.9,Excellent,1.0,True,final,0,2026-10-04T06:17:31Z,47,2026-08-17,San Diego Fish Reports dock totals,10,backfilled;in_reference_window
L1|2026-08-17|kelp_nearshore|sand_bass,L1,2026-08-17,kelp_nearshore,sand_bass,10,258.0,134.2,20.0,19.0,39.0,0.2907,0.3533,0.823,65.6,Good,1.0,True,final,0,2026-10-04T06:17:31Z,47,2026-08-17,San Diego Fish Reports dock totals,10,backfilled;in_reference_window
L1|2026-08-17|kelp_nearshore|sheephead,L1,2026-08-17,kelp_nearshore,sheephead,10,258.0,134.2,55.0,0.0,55.0,0.41,0.14,2.928,94.6,Excellent,1.0,True,final,0,2026-10-04T06:17:31Z,47,2026-08-17,San Diego Fish Reports dock totals,10,backfilled;in_reference_window
L1|2026-08-17|kelp_nearshore|white_seabass,L1,2026-08-17,kelp_nearshore,white_seabass,10,258.0,134.2,0.0,0.0,0.0,0.0,0.5,,,,,True,no_reference,0,2026-10-04T06:17:31Z,47,2026-08-17,San Diego Fish Reports dock totals,10,backfilled;reference_default;sparse_species;in_reference_window
L1|2026-08-17|kelp_nearshore|yellowtail,L1,2026-08-17,kelp_nearshore,yellowtail,10,258.0,134.2,4.0,0.0,4.0,0.0298,0.1053,0.283,41.9,Fair,0.0,True,final,0,2026-10-04T06:17:31Z,47,2026-08-17,San Diego Fish Reports dock totals,10,backfilled;in_reference_window
L1|2026-08-17|offshore_banks|barracuda,L1,2026-08-17,offshore_banks,barracuda,5,157.0,167.0,0.0,0.0,0.0,0.0,0.5,,,,,True,no_reference,0,2026-10-04T06:17:31Z,47,2026-08-17,San Diego Fish Reports dock totals,5,overnight_destination_uncertain;backfilled;reference_default;in_reference_window
L1|2026-08-17|offshore_banks|bluefin_tuna,L1,2026-08-17,offshore_banks,bluefin_tuna,5,157.0,167.0,0.0,0.0,0.0,0.0,0.0042,,,,,True,no_reference,0,2026-10-04T06:17:31Z,47,2026-08-17,San Diego Fish Reports dock totals,5,overnight_destination_uncertain;backfilled;reference_species_fallback;in_reference_window
L1|2026-08-17|offshore_banks|bonito,L1,2026-08-17,offshore_banks,bonito,5,157.0,167.0,0.0,0.0,0.0,0.0,0.0297,0.0,0.0,Poor,0.0,True,final,0,2026-10-04T06:17:31Z,47,2026-08-17,San Diego Fish Reports dock totals,5,overnight_destination_uncertain;backfilled;in_reference_window;effort_adjusted_zero
L1|2026-08-17|offshore_banks|dorado,L1,2026-08-17,offshore_banks,dorado,5,157.0,167.0,3.0,0.0,3.0,0.018,0.068,0.264,40.8,Fair,0.0,True,final,0,2026-10-04T06:17:31Z,47,2026-08-17,San Diego Fish Reports dock totals,5,overnight_destination_uncertain;backfilled;in_reference_window
L1|2026-08-17|offshore_banks|rockfish,L1,2026-08-17,offshore_banks,rockfish,5,157.0,167.0,0.0,0.0,0.0,0.0,0.0499,,,,,True,no_reference,0,2026-10-04T06:17:31Z,47,2026-08-17,San Diego Fish Reports dock totals,5,overnight_destination_uncertain;backfilled;reference_species_fallback;in_reference_window
L1|2026-08-17|offshore_banks|sheephead,L1,2026-08-17,offshore_banks,sheephead,5,157.0,167.0,0.0,0.0,0.0,0.0,0.5,,,,,True,no_reference,0,2026-10-04T06:17:31Z,47,2026-08-17,San Diego Fish Reports dock totals,5,overnight_destination_uncertain;backfilled;reference_default;in_reference_window
L1|2026-08-17|offshore_banks|white_seabass,L1,2026-08-17,offshore_banks,white_seabass,5,157.0,167.0,0.0,0.0,0.0,0.0,0.5,,,,,True,no_reference,0,2026-10-04T06:17:31Z,47,2026-08-17,San Diego Fish Reports dock totals,5,overnight_destination_uncertain;backfilled;reference_default;sparse_species;in_reference_window
L1|2026-08-17|offshore_banks|yellowfin_tuna,L1,2026-08-17,offshore_banks,yellowfin_tuna,5,157.0,167.0,63.0,0.0,63.0,0.3772,1.0526,0.358,46.2,Fair,0.0,True,final,0,2026-10-04T06:17:31Z,47,2026-08-17,San Diego Fish Reports dock totals,5,overnight_destination_uncertain;backfilled;in_reference_window
L1|2026-08-17|offshore_banks|yellowtail,L1,2026-08-17,offshore_banks,yellowtail,5,157.0,167.0,149.0,0.0,149.0,0.8922,0.3983,2.24,91.2,Excellent,1.0,True,final,0,2026-10-04T06:17:31Z,47,2026-08-17,San Diego Fish Reports dock totals,5,overnight_destination_uncertain;backfilled;in_reference_window
L1|2026-08-18|coronados|barracuda,L1,2026-08-18,coronados,barracuda,1,31.0,31.0,0.0,0.0,0.0,0.0,0.5,,,,,False,insufficient_effort,0,2026-10-04T06:17:33Z,46,2026-08-18,San Diego Fish Reports dock totals,1,backfilled;reference_default;in_reference_window
L1|2026-08-18|coronados|bluefin_tuna,L1,2026-08-18,coronados,bluefin_tuna,1,31.0,31.0,0.0,0.0,0.0,0.0,0.0042,,,,,False,insufficient_effort,0,2026-10-04T06:17:33Z,46,2026-08-18,San Diego Fish Reports dock totals,1,backfilled;reference_species_fallback;in_reference_window
L1|2026-08-18|coronados|bonito,L1,2026-08-18,coronados,bonito,1,31.0,31.0,0.0,0.0,0.0,0.0,0.676,,,,,False,insufficient_effort,0,2026-10-04T06:17:33Z,46,2026-08-18,San Diego Fish Reports dock totals,1,backfilled;in_reference_window
L1|2026-08-18|coronados|calico_bass,L1,2026-08-18,coronados,calico_bass,1,31.0,31.0,0.0,0.0,0.0,0.0,1.3322,,,,,False,insufficient_effort,0,2026-10-04T06:17:33Z,46,2026-08-18,San Diego Fish Reports dock totals,1,backfilled;reference_species_fallback;in_reference_window
L1|2026-08-18|coronados|dorado,L1,2026-08-18,coronados,dorado,1,31.0,31.0,0.0,0.0,0.0,0.0,0.0524,,,,,False,insufficient_effort,0,2026-10-04T06:17:33Z,46,2026-08-18,San Diego Fish Reports dock totals,1,backfilled;reference_species_fallback;in_reference_window
L1|2026-08-18|coronados|rockfish,L1,2026-08-18,coronados,rockfish,1,31.0,31.0,0.0,0.0,0.0,0.0,0.0499,,,,,False,insufficient_effort,0,2026-10-04T06:17:33Z,46,2026-08-18,San Diego Fish Reports dock totals,1,backfilled;reference_species_fallback;in_reference_window
L1|2026-08-18|coronados|sheephead,L1,2026-08-18,coronados,sheephead,1,31.0,31.0,0.0,0.0,0.0,0.0,0.5,,,,,False,insufficient_effort,0,2026-10-04T06:17:33Z,46,2026-08-18,San Diego Fish Reports dock totals,1,backfilled;reference_default;in_reference_window
L1|2026-08-18|coronados|white_seabass,L1,2026-08-18,coronados,white_seabass,1,31.0,31.0,0.0,0.0,0.0,0.0,0.5,,,,,False,insufficient_effort,0,2026-10-04T06:17:33Z,46,2026-08-18,San Diego Fish Reports dock totals,1,backfilled;reference_default;sparse_species;in_reference_window
L1|2026-08-18|coronados|yellowfin_tuna,L1,2026-08-18,coronados,yellowfin_tuna,1,31.0,31.0,0.0,0.0,0.0,0.0,0.2614,,,,,False,insufficient_effort,0,2026-10-04T06:17:33Z,46,2026-08-18,San Diego Fish Reports dock totals,1,backfilled;reference_species_fallback;in_reference_window
L1|2026-08-18|coronados|yellowtail,L1,2026-08-18,coronados,yellowtail,1,31.0,31.0,64.0,0.0,64.0,2.0645,2.8371,,,,,False,insufficient_effort,0,2026-10-04T06:17:33Z,46,2026-08-18,San Diego Fish Reports dock totals,1,backfilled;in_reference_window
L1|2026-08-18|extended_offshore|bluefin_tuna,L1,2026-08-18,extended_offshore,bluefin_tuna,6,73.0,146.0,0.5,0.0,0.5,0.0034,0.0233,0.147,23.5,Poor,0.0,True,final,1,2026-10-04T06:17:35Z,46,2026-08-18;2026-08-19,San Diego Fish Reports dock totals,6,backfilled;multi_day_split;in_reference_window
L1|2026-08-18|extended_offshore|bonito,L1,2026-08-18,extended_offshore,bonito,6,73.0,146.0,0.0,0.0,0.0,0.0,0.0623,,,,,True,no_reference,1,2026-10-04T06:17:35Z,46,2026-08-18;2026-08-19,San Diego Fish Reports dock totals,6,backfilled;multi_day_split;reference_species_fallback;in_reference_window
L1|2026-08-18|extended_offshore|dorado,L1,2026-08-18,extended_offshore,dorado,6,73.0,146.0,6.5,0.0,6.5,0.0445,0.1053,0.423,49.9,Fair,0.0,True,final,1,2026-10-04T06:17:35Z,46,2026-08-18;2026-08-19,San Diego Fish Reports dock totals,6,backfilled;multi_day_split;in_reference_window
L1|2026-08-18|extended_offshore|rockfish,L1,2026-08-18,extended_offshore,rockfish,6,73.0,146.0,0.0,0.0,0.0,0.0,0.0499,0.0,0.0,Poor,0.0,True,final,1,2026-10-04T06:17:35Z,46,2026-08-18;2026-08-19,San Diego Fish Reports dock totals,6,backfilled;multi_day_split;in_reference_window;effort_adjusted_zero
L1|2026-08-18|extended_offshore|sheephead,L1,2026-08-18,extended_offshore,sheephead,6,73.0,146.0,1.5,0.0,1.5,0.0103,0.5,,,,,True,no_reference,1,2026-10-04T06:17:35Z,46,2026-08-18;2026-08-19,San Diego Fish Reports dock totals,6,backfilled;multi_day_split;reference_default;in_reference_window
L1|2026-08-18|extended_offshore|white_seabass,L1,2026-08-18,extended_offshore,white_seabass,6,73.0,146.0,0.0,0.0,0.0,0.0,0.5,,,,,True,no_reference,1,2026-10-04T06:17:35Z,46,2026-08-18;2026-08-19,San Diego Fish Reports dock totals,6,backfilled;multi_day_split;reference_default;sparse_species;in_reference_window
L1|2026-08-18|extended_offshore|yellowfin_tuna,L1,2026-08-18,extended_offshore,yellowfin_tuna,6,73.0,146.0,3.0,0.0,3.0,0.0205,0.1359,0.151,24.2,Poor,0.0,True,final,1,2026-10-04T06:17:35Z,46,2026-08-18;2026-08-19,San Diego Fish Reports dock totals,6,backfilled;multi_day_split;in_reference_window
L1|2026-08-18|extended_offshore|yellowtail,L1,2026-08-18,extended_offshore,yellowtail,6,73.0,146.0,238.0,0.0,238.0,1.6301,0.9301,1.753,85.4,Very Good,1.0,True,final,1,2026-10-04T06:17:35Z,46,2026-08-18;2026-08-19,San Diego Fish Reports dock totals,6,backfilled;multi_day_split;in_reference_window
L1|2026-08-18|kelp_nearshore|barracuda,L1,2026-08-18,kelp_nearshore,barracuda,10,183.0,95.0,4.0,0.0,4.0,0.0421,0.0421,1.001,70.0,Good,1.0,True,final,0,2026-10-04T06:17:33Z,46,2026-08-18,San Diego Fish Reports dock totals,10,backfilled;low_effort;in_reference_window
L1|2026-08-18|kelp_nearshore|bonito,L1,2026-08-18,kelp_nearshore,bonito,10,183.0,95.0,68.0,0.0,68.0,0.7162,0.7162,1.0,70.0,Good,1.0,True,final,0,2026-10-04T06:17:33Z,46,2026-08-18,San Diego Fish Reports dock totals,10,backfilled;low_effort;in_reference_window
L1|2026-08-18|kelp_nearshore|calico_bass,L1,2026-08-18,kelp_nearshore,calico_bass,10,183.0,95.0,43.0,85.0,128.0,1.3481,1.7014,0.792,64.8,Good,1.0,True,final,0,2026-10-04T06:17:33Z,46,2026-08-18,San Diego Fish Reports dock totals,10,backfilled;low_effort;in_reference_window
L1|2026-08-18|kelp_nearshore|california_halibut,L1,2026-08-18,kelp_nearshore,california_halibut,10,183.0,95.0,2.0,0.0,2.0,0.0211,0.5,,,,,True,no_reference,0,2026-10-04T06:17:33Z,46,2026-08-18,San Diego Fish Reports dock totals,10,backfilled;reference_default;sparse_species;low_effort;in_reference_window
L1|2026-08-18|kelp_nearshore|rockfish,L1,2026-08-18,kelp_nearshore,rockfish,10,183.0,95.0,179.0,0.0,179.0,1.8852,0.9295,2.028,90.1,Excellent,1.0,True,final,0,2026-10-04T06:17:33Z,46,2026-08-18,San Diego Fish Reports dock totals,10,backfilled;low_effort;in_reference_window
L1|2026-08-18|kelp_nearshore|sand_bass,L1,2026-08-18,kelp_nearshore,sand_bass,10,183.0,95.0,53.0,0.0,53.0,0.5582,0.3533,1.58,82.1,Very Good,1.0,True,final,0,2026-10-04T06:17:33Z,46,2026-08-18,San Diego Fish Reports dock totals,10,backfilled;low_effort;in_reference_window
L1|2026-08-18|kelp_nearshore|sheephead,L1,2026-08-18,kelp_nearshore,sheephead,10,183.0,95.0,22.0,0.0,22.0,0.2317,0.14,1.655,83.5,Very Good,1.0,True,final,0,2026-10-04T06:17:33Z,46,2026-08-18,San Diego Fish Reports dock totals,10,backfilled;low_effort;in_reference_window
L1|2026-08-18|kelp_nearshore|white_seabass,L1,2026-08-18,kelp_nearshore,white_seabass,10,183.0,95.0,0.0,0.0,0.0,0.0,0.5,,,,,True,no_reference,0,2026-10-04T06:17:33Z,46,2026-08-18,San Diego Fish Reports dock totals,10,backfilled;reference_default;sparse_species;low_effort;in_reference_window
L1|2026-08-18|kelp_nearshore|yellowtail,L1,2026-08-18,kelp_nearshore,yellowtail,10,183.0,95.0,10.0,0.0,10.0,0.1053,0.1053,1.0,70.0,Good,1.0,True,final,0,2026-10-04T06:17:33Z,46,2026-08-18,San Diego Fish Reports dock totals,10,backfilled;low_effort;in_reference_window
L1|2026-08-18|offshore_banks|barracuda,L1,2026-08-18,offshore_banks,barracuda,7,191.0,229.0,0.0,0.0,0.0,0.0,0.5,,,,,True,no_reference,0,2026-10-04T06:17:33Z,46,2026-08-18,San Diego Fish Reports dock totals,7,overnight_destination_uncertain;backfilled;reference_default;in_reference_window
L1|2026-08-18|offshore_banks|bluefin_tuna,L1,2026-08-18,offshore_banks,bluefin_tuna,7,191.0,229.0,6.0,0.0,6.0,0.0262,0.0042,,,,,True,no_reference,0,2026-10-04T06:17:33Z,46,2026-08-18,San Diego Fish Reports dock totals,7,overnight_destination_uncertain;backfilled;reference_species_fallback;in_reference_window
L1|2026-08-18|offshore_banks|bonito,L1,2026-08-18,offshore_banks,bonito,7,191.0,229.0,6.0,0.0,6.0,0.0262,0.0297,0.882,67.1,Good,1.0,True,final,0,2026-10-04T06:17:33Z,46,2026-08-18,San Diego Fish Reports dock totals,7,overnight_destination_uncertain;backfilled;in_reference_window
L1|2026-08-18|offshore_banks|dorado,L1,2026-08-18,offshore_banks,dorado,7,191.0,229.0,9.0,0.0,9.0,0.0393,0.068,0.578,58.7,Fair,0.0,True,final,0,2026-10-04T06:17:33Z,46,2026-08-18,San Diego Fish Reports dock totals,7,overnight_destination_uncertain;backfilled;in_reference_window
L1|2026-08-18|offshore_banks|rockfish,L1,2026-08-18,offshore_banks,rockfish,7,191.0,229.0,15.0,0.0,15.0,0.0655,0.0499,,,,,True,no_reference,0,2026-10-04T06:17:33Z,46,2026-08-18,San Diego Fish Reports dock totals,7,overnight_destination_uncertain;backfilled;reference_species_fallback;in_reference_window
L1|2026-08-18|offshore_banks|sheephead,L1,2026-08-18,offshore_banks,sheephead,7,191.0,229.0,0.0,0.0,0.0,0.0,0.5,,,,,True,no_reference,0,2026-10-04T06:17:33Z,46,2026-08-18,San Diego Fish Reports dock totals,7,overnight_destination_uncertain;backfilled;reference_default;in_reference_window
L1|2026-08-18|offshore_banks|white_seabass,L1,2026-08-18,offshore_banks,white_seabass,7,191.0,229.0,0.0,0.0,0.0,0.0,0.5,,,,,True,no_reference,0,2026-10-04T06:17:33Z,46,2026-08-18,San Diego Fish Reports dock totals,7,overnight_destination_uncertain;backfilled;reference_default;sparse_species;in_reference_window
L1|2026-08-18|offshore_banks|yellowfin_tuna,L1,2026-08-18,offshore_banks,yellowfin_tuna,7,191.0,229.0,159.0,0.0,159.0,0.6943,1.0526,0.66,61.5,Good,1.0,True,final,0,2026-10-04T06:17:33Z,46,2026-08-18,San Diego Fish Reports dock totals,7,overnight_destination_uncertain;backfilled;in_reference_window
L1|2026-08-18|offshore_banks|yellowtail,L1,2026-08-18,offshore_banks,yellowtail,7,191.0,229.0,176.0,0.0,176.0,0.7686,0.3983,1.93,88.7,Very Good,1.0,True,final,0,2026-10-04T06:17:33Z,46,2026-08-18,San Diego Fish Reports dock totals,7,overnight_destination_uncertain;backfilled;in_reference_window
L1|2026-08-19|coronados|barracuda,L1,2026-08-19,coronados,barracuda,1,30.0,30.0,0.0,0.0,0.0,0.0,0.5,,,,,False,insufficient_effort,0,2026-10-04T06:17:35Z,45,2026-08-19,San Diego Fish Reports dock totals,1,backfilled;reference_default;in_reference_window
L1|2026-08-19|coronados|bluefin_tuna,L1,2026-08-19,coronados,bluefin_tuna,1,30.0,30.0,0.0,0.0,0.0,0.0,0.0042,,,,,False,insufficient_effort,0,2026-10-04T06:17:35Z,45,2026-08-19,San Diego Fish Reports dock totals,1,backfilled;reference_species_fallback;in_reference_window
L1|2026-08-19|coronados|bonito,L1,2026-08-19,coronados,bonito,1,30.0,30.0,0.0,0.0,0.0,0.0,0.676,,,,,False,insufficient_effort,0,2026-10-04T06:17:35Z,45,2026-08-19,San Diego Fish Reports dock totals,1,backfilled;in_reference_window
L1|2026-08-19|coronados|calico_bass,L1,2026-08-19,coronados,calico_bass,1,30.0,30.0,0.0,0.0,0.0,0.0,1.3322,,,,,False,insufficient_effort,0,2026-10-04T06:17:35Z,45,2026-08-19,San Diego Fish Reports dock totals,1,backfilled;reference_species_fallback;in_reference_window
L1|2026-08-19|coronados|dorado,L1,2026-08-19,coronados,dorado,1,30.0,30.0,0.0,0.0,0.0,0.0,0.0524,,,,,False,insufficient_effort,0,2026-10-04T06:17:35Z,45,2026-08-19,San Diego Fish Reports dock totals,1,backfilled;reference_species_fallback;in_reference_window
L1|2026-08-19|coronados|rockfish,L1,2026-08-19,coronados,rockfish,1,30.0,30.0,0.0,0.0,0.0,0.0,0.0499,,,,,False,insufficient_effort,0,2026-10-04T06:17:35Z,45,2026-08-19,San Diego Fish Reports dock totals,1,backfilled;reference_species_fallback;in_reference_window
L1|2026-08-19|coronados|sheephead,L1,2026-08-19,coronados,sheephead,1,30.0,30.0,0.0,0.0,0.0,0.0,0.5,,,,,False,insufficient_effort,0,2026-10-04T06:17:35Z,45,2026-08-19,San Diego Fish Reports dock totals,1,backfilled;reference_default;in_reference_window
L1|2026-08-19|coronados|white_seabass,L1,2026-08-19,coronados,white_seabass,1,30.0,30.0,0.0,0.0,0.0,0.0,0.5,,,,,False,insufficient_effort,0,2026-10-04T06:17:35Z,45,2026-08-19,San Diego Fish Reports dock totals,1,backfilled;reference_default;sparse_species;in_reference_window
L1|2026-08-19|coronados|yellowfin_tuna,L1,2026-08-19,coronados,yellowfin_tuna,1,30.0,30.0,0.0,0.0,0.0,0.0,0.2614,,,,,False,insufficient_effort,0,2026-10-04T06:17:35Z,45,2026-08-19,San Diego Fish Reports dock totals,1,backfilled;reference_species_fallback;in_reference_window
L1|2026-08-19|coronados|yellowtail,L1,2026-08-19,coronados,yellowtail,1,30.0,30.0,120.0,0.0,120.0,4.0,2.8371,,,,,False,insufficient_effort,0,2026-10-04T06:17:35Z,45,2026-08-19,San Diego Fish Reports dock totals,1,backfilled;in_reference_window
L1|2026-08-19|extended_offshore|bluefin_tuna,L1,2026-08-19,extended_offshore,bluefin_tuna,6,62.5,128.8,1.0,0.0,1.0,0.0078,0.0233,0.333,44.8,Fair,0.0,True,final,1,2026-10-04T06:17:37Z,45,2026-08-19;2026-08-20,San Diego Fish Reports dock totals,6,backfilled;multi_day_split;in_reference_window
L1|2026-08-19|extended_offshore|bonito,L1,2026-08-19,extended_offshore,bonito,6,62.5,128.8,0.0,0.0,0.0,0.0,0.0623,,,,,True,no_reference,1,2026-10-04T06:17:37Z,45,2026-08-19;2026-08-20,San Diego Fish Reports dock totals,6,backfilled;multi_day_split;reference_species_fallback;in_reference_window
L1|2026-08-19|extended_offshore|dorado,L1,2026-08-19,extended_offshore,dorado,6,62.5,128.8,2.0,0.0,2.0,0.0155,0.1053,0.148,23.6,Poor,0.0,True,final,1,2026-10-04T06:17:37Z,45,2026-08-19;2026-08-20,San Diego Fish Reports dock totals,6,backfilled;multi_day_split;in_reference_window
L1|2026-08-19|extended_offshore|rockfish,L1,2026-08-19,extended_offshore,rockfish,6,62.5,128.8,15.0,0.0,15.0,0.1165,0.0499,2.335,91.7,Excellent,1.0,True,final,1,2026-10-04T06:17:37Z,45,2026-08-19;2026-08-20,San Diego Fish Reports dock totals,6,backfilled;multi_day_split;in_reference_window
L1|2026-08-19|extended_offshore|sheephead,L1,2026-08-19,extended_offshore,sheephead,6,62.5,128.8,0.0,0.0,0.0,0.0,0.5,,,,,True,no_reference,1,2026-10-04T06:17:37Z,45,2026-08-19;2026-08-20,San Diego Fish Reports dock totals,6,backfilled;multi_day_split;reference_default;in_reference_window
L1|2026-08-19|extended_offshore|white_seabass,L1,2026-08-19,extended_offshore,white_seabass,6,62.5,128.8,0.0,0.0,0.0,0.0,0.5,,,,,True,no_reference,1,2026-10-04T06:17:37Z,45,2026-08-19;2026-08-20,San Diego Fish Reports dock totals,6,backfilled;multi_day_split;reference_default;sparse_species;in_reference_window
L1|2026-08-19|extended_offshore|yellowfin_tuna,L1,2026-08-19,extended_offshore,yellowfin_tuna,6,62.5,128.8,17.5,0.0,17.5,0.1359,0.1359,1.0,70.0,Good,1.0,True,final,1,2026-10-04T06:17:37Z,45,2026-08-19;2026-08-20,San Diego Fish Reports dock totals,6,backfilled;multi_day_split;in_reference_window
L1|2026-08-19|extended_offshore|yellowtail,L1,2026-08-19,extended_offshore,yellowtail,6,62.5,128.8,165.0,0.0,165.0,1.2816,0.9301,1.378,78.3,Very Good,1.0,True,final,1,2026-10-04T06:17:37Z,45,2026-08-19;2026-08-20,San Diego Fish Reports dock totals,6,backfilled;multi_day_split;in_reference_window
L1|2026-08-19|kelp_nearshore|barracuda,L1,2026-08-19,kelp_nearshore,barracuda,11,219.0,114.1,7.0,0.0,7.0,0.0613,0.0421,1.457,79.8,Very Good,1.0,True,final,0,2026-10-04T06:17:35Z,45,2026-08-19,San Diego Fish Reports dock totals,11,backfilled;in_reference_window
L1|2026-08-19|kelp_nearshore|bonito,L1,2026-08-19,kelp_nearshore,bonito,11,219.0,114.1,24.0,0.0,24.0,0.2103,0.7162,0.294,42.5,Fair,0.0,True,final,0,2026-10-04T06:17:35Z,45,2026-08-19,San Diego Fish Reports dock totals,11,backfilled;in_reference_window
L1|2026-08-19|kelp_nearshore|calico_bass,L1,2026-08-19,kelp_nearshore,calico_bass,11,219.0,114.1,29.0,53.0,82.0,0.7187,1.7014,0.422,49.9,Fair,0.0,True,final,0,2026-10-04T06:17:35Z,45,2026-08-19,San Diego Fish Reports dock totals,11,backfilled;in_reference_window
L1|2026-08-19|kelp_nearshore|california_halibut,L1,2026-08-19,kelp_nearshore,california_halibut,11,219.0,114.1,3.0,0.0,3.0,0.0263,0.5,,,,,True,no_reference,0,2026-10-04T06:17:35Z,45,2026-08-19,San Diego Fish Reports dock totals,11,backfilled;reference_default;sparse_species;in_reference_window
L1|2026-08-19|kelp_nearshore|rockfish,L1,2026-08-19,kelp_nearshore,rockfish,11,219.0,114.1,191.0,0.0,191.0,1.674,0.9295,1.801,86.3,Very Good,1.0,True,final,0,2026-10-04T06:17:35Z,45,2026-08-19,San Diego Fish Reports dock totals,11,backfilled;in_reference_window
L1|2026-08-19|kelp_nearshore|sand_bass,L1,2026-08-19,kelp_nearshore,sand_bass,11,219.0,114.1,50.0,0.0,50.0,0.4382,0.3533,1.24,75.8,Very Good,1.0,True,final,0,2026-10-04T06:17:35Z,45,2026-08-19,San Diego Fish Reports dock totals,11,backfilled;in_reference_window
L1|2026-08-19|kelp_nearshore|sheephead,L1,2026-08-19,kelp_nearshore,sheephead,11,219.0,114.1,22.0,0.0,22.0,0.1928,0.14,1.377,78.3,Very Good,1.0,True,final,0,2026-10-04T06:17:35Z,45,2026-08-19,San Diego Fish Reports dock totals,11,backfilled;in_reference_window
L1|2026-08-19|kelp_nearshore|white_seabass,L1,2026-08-19,kelp_nearshore,white_seabass,11,219.0,114.1,0.0,0.0,0.0,0.0,0.5,,,,,True,no_reference,0,2026-10-04T06:17:35Z,45,2026-08-19,San Diego Fish Reports dock totals,11,backfilled;reference_default;sparse_species;in_reference_window
L1|2026-08-19|kelp_nearshore|yellowtail,L1,2026-08-19,kelp_nearshore,yellowtail,11,219.0,114.1,15.0,0.0,15.0,0.1315,0.1053,1.248,75.9,Very Good,1.0,True,final,0,2026-10-04T06:17:35Z,45,2026-08-19,San Diego Fish Reports dock totals,11,backfilled;in_reference_window
L1|2026-08-19|offshore_banks|barracuda,L1,2026-08-19,offshore_banks,barracuda,6,152.0,174.5,0.0,0.0,0.0,0.0,0.5,,,,,True,no_reference,0,2026-10-04T06:17:35Z,45,2026-08-19,San Diego Fish Reports dock totals,6,overnight_destination_uncertain;backfilled;reference_default;in_reference_window
L1|2026-08-19|offshore_banks|bluefin_tuna,L1,2026-08-19,offshore_banks,bluefin_tuna,6,152.0,174.5,0.0,0.0,0.0,0.0,0.0042,,,,,True,no_reference,0,2026-10-04T06:17:35Z,45,2026-08-19,San Diego Fish Reports dock totals,6,overnight_destination_uncertain;backfilled;reference_species_fallback;in_reference_window
L1|2026-08-19|offshore_banks|bonito,L1,2026-08-19,offshore_banks,bonito,6,152.0,174.5,8.0,0.0,8.0,0.0458,0.0297,1.544,81.4,Very Good,1.0,True,final,0,2026-10-04T06:17:35Z,45,2026-08-19,San Diego Fish Reports dock totals,6,overnight_destination_uncertain;backfilled;in_reference_window
L1|2026-08-19|offshore_banks|dorado,L1,2026-08-19,offshore_banks,dorado,6,152.0,174.5,45.0,0.0,45.0,0.2579,0.068,3.792,99.0,Excellent,1.0,True,final,0,2026-10-04T06:17:35Z,45,2026-08-19,San Diego Fish Reports dock totals,6,overnight_destination_uncertain;backfilled;in_reference_window
L1|2026-08-19|offshore_banks|rockfish,L1,2026-08-19,offshore_banks,rockfish,6,152.0,174.5,0.0,0.0,0.0,0.0,0.0499,,,,,True,no_reference,0,2026-10-04T06:17:35Z,45,2026-08-19,San Diego Fish Reports dock totals,6,overnight_destination_uncertain;backfilled;reference_species_fallback;in_reference_window
L1|2026-08-19|offshore_banks|sheephead,L1,2026-08-19,offshore_banks,sheephead,6,152.0,174.5,0.0,0.0,0.0,0.0,0.5,,,,,True,no_reference,0,2026-10-04T06:17:35Z,45,2026-08-19,San Diego Fish Reports dock totals,6,overnight_destination_uncertain;backfilled;reference_default;in_reference_window
L1|2026-08-19|offshore_banks|white_seabass,L1,2026-08-19,offshore_banks,white_seabass,6,152.0,174.5,0.0,0.0,0.0,0.0,0.5,,,,,True,no_reference,0,2026-10-04T06:17:35Z,45,2026-08-19,San Diego Fish Reports dock totals,6,overnight_destination_uncertain;backfilled;reference_default;sparse_species;in_reference_window
L1|2026-08-19|offshore_banks|yellowfin_tuna,L1,2026-08-19,offshore_banks,yellowfin_tuna,6,152.0,174.5,138.0,0.0,138.0,0.7908,1.0526,0.751,63.8,Good,1.0,True,final,0,2026-10-04T06:17:35Z,45,2026-08-19,San Diego Fish Reports dock totals,6,overnight_destination_uncertain;backfilled;in_reference_window
L1|2026-08-19|offshore_banks|yellowtail,L1,2026-08-19,offshore_banks,yellowtail,6,152.0,174.5,24.0,0.0,24.0,0.1375,0.3983,0.345,45.4,Fair,0.0,True,final,0,2026-10-04T06:17:35Z,45,2026-08-19,San Diego Fish Reports dock totals,6,overnight_destination_uncertain;backfilled;in_reference_window
L1|2026-08-20|coronados|barracuda,L1,2026-08-20,coronados,barracuda,1,29.0,29.0,0.0,0.0,0.0,0.0,0.5,,,,,False,insufficient_effort,0,2026-10-04T06:17:37Z,44,2026-08-20,San Diego Fish Reports dock totals,1,backfilled;reference_default;in_reference_window
L1|2026-08-20|coronados|bluefin_tuna,L1,2026-08-20,coronados,bluefin_tuna,1,29.0,29.0,0.0,0.0,0.0,0.0,0.0042,,,,,False,insufficient_effort,0,2026-10-04T06:17:37Z,44,2026-08-20,San Diego Fish Reports dock totals,1,backfilled;reference_species_fallback;in_reference_window
L1|2026-08-20|coronados|bonito,L1,2026-08-20,coronados,bonito,1,29.0,29.0,10.0,0.0,10.0,0.3448,0.676,,,,,False,insufficient_effort,0,2026-10-04T06:17:37Z,44,2026-08-20,San Diego Fish Reports dock totals,1,backfilled;in_reference_window
L1|2026-08-20|coronados|calico_bass,L1,2026-08-20,coronados,calico_bass,1,29.0,29.0,0.0,0.0,0.0,0.0,1.3322,,,,,False,insufficient_effort,0,2026-10-04T06:17:37Z,44,2026-08-20,San Diego Fish Reports dock totals,1,backfilled;reference_species_fallback;in_reference_window
L1|2026-08-20|coronados|dorado,L1,2026-08-20,coronados,dorado,1,29.0,29.0,0.0,0.0,0.0,0.0,0.0524,,,,,False,insufficient_effort,0,2026-10-04T06:17:37Z,44,2026-08-20,San Diego Fish Reports dock totals,1,backfilled;reference_species_fallback;in_reference_window
L1|2026-08-20|coronados|rockfish,L1,2026-08-20,coronados,rockfish,1,29.0,29.0,0.0,0.0,0.0,0.0,0.0499,,,,,False,insufficient_effort,0,2026-10-04T06:17:37Z,44,2026-08-20,San Diego Fish Reports dock totals,1,backfilled;reference_species_fallback;in_reference_window
L1|2026-08-20|coronados|sheephead,L1,2026-08-20,coronados,sheephead,1,29.0,29.0,0.0,0.0,0.0,0.0,0.5,,,,,False,insufficient_effort,0,2026-10-04T06:17:37Z,44,2026-08-20,San Diego Fish Reports dock totals,1,backfilled;reference_default;in_reference_window
L1|2026-08-20|coronados|white_seabass,L1,2026-08-20,coronados,white_seabass,1,29.0,29.0,0.0,0.0,0.0,0.0,0.5,,,,,False,insufficient_effort,0,2026-10-04T06:17:37Z,44,2026-08-20,San Diego Fish Reports dock totals,1,backfilled;reference_default;sparse_species;in_reference_window
L1|2026-08-20|coronados|yellowfin_tuna,L1,2026-08-20,coronados,yellowfin_tuna,1,29.0,29.0,0.0,0.0,0.0,0.0,0.2614,,,,,False,insufficient_effort,0,2026-10-04T06:17:37Z,44,2026-08-20,San Diego Fish Reports dock totals,1,backfilled;reference_species_fallback;in_reference_window
L1|2026-08-20|coronados|yellowtail,L1,2026-08-20,coronados,yellowtail,1,29.0,29.0,79.0,0.0,79.0,2.7241,2.8371,,,,,False,insufficient_effort,0,2026-10-04T06:17:37Z,44,2026-08-20,San Diego Fish Reports dock totals,1,backfilled;in_reference_window
L1|2026-08-20|extended_offshore|bluefin_tuna,L1,2026-08-20,extended_offshore,bluefin_tuna,8,79.0,164.5,3.0,0.0,3.0,0.0182,0.0233,0.783,64.6,Good,1.0,True,final,1,2026-10-04T06:17:39Z,44,2026-08-20;2026-08-21,San Diego Fish Reports dock totals,8,backfilled;multi_day_split;in_reference_window
L1|2026-08-20|extended_offshore|bonito,L1,2026-08-20,extended_offshore,bonito,8,79.0,164.5,0.0,0.0,0.0,0.0,0.0623,,,,,True,no_reference,1,2026-10-04T06:17:39Z,44,2026-08-20;2026-08-21,San Diego Fish Reports dock totals,8,backfilled;multi_day_split;reference_species_fallback;in_reference_window
L1|2026-08-20|extended_offshore|dorado,L1,2026-08-20,extended_offshore,dorado,8,79.0,164.5,2.5,0.0,2.5,0.0152,0.1053,0.144,23.1,Poor,0.0,True,final,1,2026-10-04T06:17:39Z,44,2026-08-20;2026-08-21,San Diego Fish Reports dock totals,8,backfilled;multi_day_split;in_reference_window
L1|2026-08-20|extended_offshore|rockfish,L1,2026-08-20,extended_offshore,rockfish,8,79.0,164.5,15.0,0.0,15.0,0.0912,0.0499,1.827,86.8,Very Good,1.0,True,final,1,2026-10-04T06:17:39Z,44,2026-08-20;2026-08-21,San Diego Fish Reports dock totals,8,backfilled;multi_day_split;in_reference_window
L1|2026-08-20|extended_offshore|sheephead,L1,2026-08-20,extended_offshore,sheephead,8,79.0,164.5,0.0,0.0,0.0,0.0,0.5,,,,,True,no_reference,1,2026-10-04T06:17:39Z,44,2026-08-20;2026-08-21,San Diego Fish Reports dock totals,8,backfilled;multi_day_split;reference_default;in_reference_window
L1|2026-08-20|extended_offshore|white_seabass,L1,2026-08-20,extended_offshore,white_seabass,8,79.0,164.5,0.0,0.0,0.0,0.0,0.5,,,,,True,no_reference,1,2026-10-04T06:17:39Z,44,2026-08-20;2026-08-21,San Diego Fish Reports dock totals,8,backfilled;multi_day_split;reference_default;sparse_species;in_reference_window
L1|2026-08-20|extended_offshore|yellowfin_tuna,L1,2026-08-20,extended_offshore,yellowfin_tuna,8,79.0,164.5,18.5,0.0,18.5,0.1125,0.1359,0.828,65.7,Good,1.0,True,final,1,2026-10-04T06:17:39Z,44,2026-08-20;2026-08-21,San Diego Fish Reports dock totals,8,backfilled;multi_day_split;in_reference_window
L1|2026-08-20|extended_offshore|yellowtail,L1,2026-08-20,extended_offshore,yellowtail,8,79.0,164.5,153.0,0.0,153.0,0.9301,0.9301,1.0,70.0,Good,1.0,True,final,1,2026-10-04T06:17:39Z,44,2026-08-20;2026-08-21,San Diego Fish Reports dock totals,8,backfilled;multi_day_split;in_reference_window
L1|2026-08-20|kelp_nearshore|barracuda,L1,2026-08-20,kelp_nearshore,barracuda,14,294.0,160.2,118.0,0.0,118.0,0.7366,0.0421,17.496,100.0,Excellent,1.0,True,final,0,2026-10-04T06:17:37Z,44,2026-08-20,San Diego Fish Reports dock totals,14,backfilled;in_reference_window
L1|2026-08-20|kelp_nearshore|bonito,L1,2026-08-20,kelp_nearshore,bonito,14,294.0,160.2,516.0,0.0,516.0,3.221,0.7162,4.497,100.0,Excellent,1.0,True,final,0,2026-10-04T06:17:37Z,44,2026-08-20,San Diego Fish Reports dock totals,14,backfilled;in_reference_window
L1|2026-08-20|kelp_nearshore|calico_bass,L1,2026-08-20,kelp_nearshore,calico_bass,14,294.0,160.2,137.0,327.0,464.0,2.8964,1.7014,1.702,84.4,Very Good,1.0,True,final,0,2026-10-04T06:17:37Z,44,2026-08-20,San Diego Fish Reports dock totals,14,backfilled;in_reference_window
L1|2026-08-20|kelp_nearshore|california_halibut,L1,2026-08-20,kelp_nearshore,california_halibut,14,294.0,160.2,0.0,0.0,0.0,0.0,0.5,,,,,True,no_reference,0,2026-10-04T06:17:37Z,44,2026-08-20,San Diego Fish Reports dock totals,14,backfilled;reference_default;sparse_species;in_reference_window
L1|2026-08-20|kelp_nearshore|rockfish,L1,2026-08-20,kelp_nearshore,rockfish,14,294.0,160.2,244.0,0.0,244.0,1.5231,0.9295,1.639,83.2,Very Good,1.0,True,final,0,2026-10-04T06:17:37Z,44,2026-08-20,San Diego Fish Reports dock totals,14,backfilled;in_reference_window
L1|2026-08-20|kelp_nearshore|sand_bass,L1,2026-08-20,kelp_nearshore,sand_bass,14,294.0,160.2,24.0,20.0,44.0,0.2747,0.3533,0.777,64.4,Good,1.0,True,final,0,2026-10-04T06:17:37Z,44,2026-08-20,San Diego Fish Reports dock totals,14,backfilled;in_reference_window
L1|2026-08-20|kelp_nearshore|sheephead,L1,2026-08-20,kelp_nearshore,sheephead,14,294.0,160.2,25.0,0.0,25.0,0.1561,0.14,1.115,72.9,Good,1.0,True,final,0,2026-10-04T06:17:37Z,44,2026-08-20,San Diego Fish Reports dock totals,14,backfilled;in_reference_window
L1|2026-08-20|kelp_nearshore|white_seabass,L1,2026-08-20,kelp_nearshore,white_seabass,14,294.0,160.2,0.0,0.0,0.0,0.0,0.5,,,,,True,no_reference,0,2026-10-04T06:17:37Z,44,2026-08-20,San Diego Fish Reports dock totals,14,backfilled;reference_default;sparse_species;in_reference_window
L1|2026-08-20|kelp_nearshore|yellowtail,L1,2026-08-20,kelp_nearshore,yellowtail,14,294.0,160.2,9.0,0.0,9.0,0.0562,0.1053,0.534,56.2,Fair,0.0,True,final,0,2026-10-04T06:17:37Z,44,2026-08-20,San Diego Fish Reports dock totals,14,backfilled;in_reference_window
L1|2026-08-20|offshore_banks|barracuda,L1,2026-08-20,offshore_banks,barracuda,6,156.0,168.5,0.0,0.0,0.0,0.0,0.5,,,,,True,no_reference,0,2026-10-04T06:17:37Z,44,2026-08-20,San Diego Fish Reports dock totals,6,overnight_destination_uncertain;backfilled;reference_default;in_reference_window
L1|2026-08-20|offshore_banks|bluefin_tuna,L1,2026-08-20,offshore_banks,bluefin_tuna,6,156.0,168.5,0.0,0.0,0.0,0.0,0.0042,,,,,True,no_reference,0,2026-10-04T06:17:37Z,44,2026-08-20,San Diego Fish Reports dock totals,6,overnight_destination_uncertain;backfilled;reference_species_fallback;in_reference_window
L1|2026-08-20|offshore_banks|bonito,L1,2026-08-20,offshore_banks,bonito,6,156.0,168.5,2.0,0.0,2.0,0.0119,0.0297,0.4,48.6,Fair,0.0,True,final,0,2026-10-04T06:17:37Z,44,2026-08-20,San Diego Fish Reports dock totals,6,overnight_destination_uncertain;backfilled;in_reference_window
L1|2026-08-20|offshore_banks|dorado,L1,2026-08-20,offshore_banks,dorado,6,156.0,168.5,5.0,0.0,5.0,0.0297,0.068,0.436,50.7,Fair,0.0,True,final,0,2026-10-04T06:17:37Z,44,2026-08-20,San Diego Fish Reports dock totals,6,overnight_destination_uncertain;backfilled;in_reference_window
L1|2026-08-20|offshore_banks|rockfish,L1,2026-08-20,offshore_banks,rockfish,6,156.0,168.5,0.0,0.0,0.0,0.0,0.0499,,,,,True,no_reference,0,2026-10-04T06:17:37Z,44,2026-08-20,San Diego Fish Reports dock totals,6,overnight_destination_uncertain;backfilled;reference_species_fallback;in_reference_window
L1|2026-08-20|offshore_banks|sheephead,L1,2026-08-20,offshore_banks,sheephead,6,156.0,168.5,0.0,0.0,0.0,0.0,0.5,,,,,True,no_reference,0,2026-10-04T06:17:37Z,44,2026-08-20,San Diego Fish Reports dock totals,6,overnight_destination_uncertain;backfilled;reference_default;in_reference_window
L1|2026-08-20|offshore_banks|white_seabass,L1,2026-08-20,offshore_banks,white_seabass,6,156.0,168.5,0.0,0.0,0.0,0.0,0.5,,,,,True,no_reference,0,2026-10-04T06:17:37Z,44,2026-08-20,San Diego Fish Reports dock totals,6,overnight_destination_uncertain;backfilled;reference_default;sparse_species;in_reference_window
L1|2026-08-20|offshore_banks|yellowfin_tuna,L1,2026-08-20,offshore_banks,yellowfin_tuna,6,156.0,168.5,46.0,0.0,46.0,0.273,1.0526,0.259,40.5,Fair,0.0,True,final,0,2026-10-04T06:17:37Z,44,2026-08-20,San Diego Fish Reports dock totals,6,overnight_destination_uncertain;backfilled;in_reference_window
L1|2026-08-20|offshore_banks|yellowtail,L1,2026-08-20,offshore_banks,yellowtail,6,156.0,168.5,60.0,0.0,60.0,0.3561,0.3983,0.894,67.4,Good,1.0,True,final,0,2026-10-04T06:17:37Z,44,2026-08-20,San Diego Fish Reports dock totals,6,overnight_destination_uncertain;backfilled;in_reference_window
L1|2026-08-21|coronados|barracuda,L1,2026-08-21,coronados,barracuda,2,34.0,34.0,0.0,0.0,0.0,0.0,0.5,,,,,True,no_reference,0,2026-10-04T06:17:39Z,43,2026-08-21,San Diego Fish Reports dock totals,2,backfilled;reference_default;low_effort;in_reference_window
L1|2026-08-21|coronados|bluefin_tuna,L1,2026-08-21,coronados,bluefin_tuna,2,34.0,34.0,0.0,0.0,0.0,0.0,0.0042,,,,,True,no_reference,0,2026-10-04T06:17:39Z,43,2026-08-21,San Diego Fish Reports dock totals,2,backfilled;reference_species_fallback;low_effort;in_reference_window
L1|2026-08-21|coronados|bonito,L1,2026-08-21,coronados,bonito,2,34.0,34.0,18.0,0.0,18.0,0.5294,0.676,0.783,64.6,Good,1.0,True,final,0,2026-10-04T06:17:39Z,43,2026-08-21,San Diego Fish Reports dock totals,2,backfilled;low_effort;in_reference_window
L1|2026-08-21|coronados|calico_bass,L1,2026-08-21,coronados,calico_bass,2,34.0,34.0,0.0,0.0,0.0,0.0,1.3322,,,,,True,no_reference,0,2026-10-04T06:17:39Z,43,2026-08-21,San Diego Fish Reports dock totals,2,backfilled;reference_species_fallback;low_effort;in_reference_window
L1|2026-08-21|coronados|dorado,L1,2026-08-21,coronados,dorado,2,34.0,34.0,0.0,0.0,0.0,0.0,0.0524,,,,,True,no_reference,0,2026-10-04T06:17:39Z,43,2026-08-21,San Diego Fish Reports dock totals,2,backfilled;reference_species_fallback;low_effort;in_reference_window
L1|2026-08-21|coronados|rockfish,L1,2026-08-21,coronados,rockfish,2,34.0,34.0,0.0,0.0,0.0,0.0,0.0499,,,,,True,no_reference,0,2026-10-04T06:17:39Z,43,2026-08-21,San Diego Fish Reports dock totals,2,backfilled;reference_species_fallback;low_effort;in_reference_window
L1|2026-08-21|coronados|sheephead,L1,2026-08-21,coronados,sheephead,2,34.0,34.0,0.0,0.0,0.0,0.0,0.5,,,,,True,no_reference,0,2026-10-04T06:17:39Z,43,2026-08-21,San Diego Fish Reports dock totals,2,backfilled;reference_default;low_effort;in_reference_window
L1|2026-08-21|coronados|white_seabass,L1,2026-08-21,coronados,white_seabass,2,34.0,34.0,0.0,0.0,0.0,0.0,0.5,,,,,True,no_reference,0,2026-10-04T06:17:39Z,43,2026-08-21,San Diego Fish Reports dock totals,2,backfilled;reference_default;sparse_species;low_effort;in_reference_window
L1|2026-08-21|coronados|yellowfin_tuna,L1,2026-08-21,coronados,yellowfin_tuna,2,34.0,34.0,0.0,0.0,0.0,0.0,0.2614,,,,,True,no_reference,0,2026-10-04T06:17:39Z,43,2026-08-21,San Diego Fish Reports dock totals,2,backfilled;reference_species_fallback;low_effort;in_reference_window
L1|2026-08-21|coronados|yellowtail,L1,2026-08-21,coronados,yellowtail,2,34.0,34.0,96.0,0.0,96.0,2.8235,2.8371,0.995,69.9,Good,1.0,True,final,0,2026-10-04T06:17:39Z,43,2026-08-21,San Diego Fish Reports dock totals,2,backfilled;low_effort;in_reference_window
L1|2026-08-21|extended_offshore|bluefin_tuna,L1,2026-08-21,extended_offshore,bluefin_tuna,4,41.5,85.8,2.0,0.0,2.0,0.0233,0.0233,1.001,70.0,Good,1.0,True,final,0,2026-10-04T06:17:39Z,43,2026-08-21,San Diego Fish Reports dock totals,4,backfilled;multi_day_split;low_effort;in_reference_window
L1|2026-08-21|extended_offshore|bonito,L1,2026-08-21,extended_offshore,bonito,4,41.5,85.8,0.0,0.0,0.0,0.0,0.0623,,,,,True,no_reference,0,2026-10-04T06:17:39Z,43,2026-08-21,San Diego Fish Reports dock totals,4,backfilled;multi_day_split;reference_species_fallback;low_effort;in_reference_window
L1|2026-08-21|extended_offshore|dorado,L1,2026-08-21,extended_offshore,dorado,4,41.5,85.8,0.5,0.0,0.5,0.0058,0.1053,0.055,8.9,Poor,0.0,True,final,0,2026-10-04T06:17:39Z,43,2026-08-21,San Diego Fish Reports dock totals,4,backfilled;multi_day_split;low_effort;in_reference_window
L1|2026-08-21|extended_offshore|rockfish,L1,2026-08-21,extended_offshore,rockfish,4,41.5,85.8,0.0,0.0,0.0,0.0,0.0499,0.0,0.0,Poor,0.0,True,final,0,2026-10-04T06:17:39Z,43,2026-08-21,San Diego Fish Reports dock totals,4,backfilled;multi_day_split;low_effort;in_reference_window;effort_adjusted_zero
L1|2026-08-21|extended_offshore|sheephead,L1,2026-08-21,extended_offshore,sheephead,4,41.5,85.8,0.0,0.0,0.0,0.0,0.5,,,,,True,no_reference,0,2026-10-04T06:17:39Z,43,2026-08-21,San Diego Fish Reports dock totals,4,backfilled;multi_day_split;reference_default;low_effort;in_reference_window
L1|2026-08-21|extended_offshore|white_seabass,L1,2026-08-21,extended_offshore,white_seabass,4,41.5,85.8,0.0,0.0,0.0,0.0,0.5,,,,,True,no_reference,0,2026-10-04T06:17:39Z,43,2026-08-21,San Diego Fish Reports dock totals,4,backfilled;multi_day_split;reference_default;sparse_species;low_effort;in_reference_window
L1|2026-08-21|extended_offshore|yellowfin_tuna,L1,2026-08-21,extended_offshore,yellowfin_tuna,4,41.5,85.8,1.0,0.0,1.0,0.0117,0.1359,0.086,13.7,Poor,0.0,True,final,0,2026-10-04T06:17:39Z,43,2026-08-21,San Diego Fish Reports dock totals,4,backfilled;multi_day_split;low_effort;in_reference_window
L1|2026-08-21|extended_offshore|yellowtail,L1,2026-08-21,extended_offshore,yellowtail,4,41.5,85.8,89.5,0.0,89.5,1.0437,0.9301,1.122,73.1,Good,1.0,True,final,0,2026-10-04T06:17:39Z,43,2026-08-21,San Diego Fish Reports dock totals,4,backfilled;multi_day_split;low_effort;in_reference_window
L1|2026-08-21|kelp_nearshore|barracuda,L1,2026-08-21,kelp_nearshore,barracuda,14,354.0,184.6,1.0,0.0,1.0,0.0054,0.0421,0.129,20.6,Poor,0.0,True,final,0,2026-10-04T06:17:39Z,43,2026-08-21,San Diego Fish Reports dock totals,14,backfilled;in_reference_window
L1|2026-08-21|kelp_nearshore|bonito,L1,2026-08-21,kelp_nearshore,bonito,14,354.0,184.6,215.0,0.0,215.0,1.165,0.7162,1.627,83.0,Very Good,1.0,True,final,0,2026-10-04T06:17:39Z,43,2026-08-21,San Diego Fish Reports dock totals,14,backfilled;in_reference_window
L1|2026-08-21|kelp_nearshore|calico_bass,L1,2026-08-21,kelp_nearshore,calico_bass,14,354.0,184.6,164.0,150.0,314.0,1.7014,1.7014,1.0,70.0,Good,1.0,True,final,0,2026-10-04T06:17:39Z,43,2026-08-21,San Diego Fish Reports dock totals,14,backfilled;in_reference_window
L1|2026-08-21|kelp_nearshore|california_halibut,L1,2026-08-21,kelp_nearshore,california_halibut,14,354.0,184.6,0.0,0.0,0.0,0.0,0.5,,,,,True,no_reference,0,2026-10-04T06:17:39Z,43,2026-08-21,San Diego Fish Reports dock totals,14,backfilled;reference_default;sparse_species;in_reference_window
L1|2026-08-21|kelp_nearshore|rockfish,L1,2026-08-21,kelp_nearshore,rockfish,14,354.0,184.6,322.0,0.0,322.0,1.7448,0.9295,1.877,87.7,Very Good,1.0,True,final,0,2026-10-04T06:17:39Z,43,2026-08-21,San Diego Fish Reports dock totals,14,backfilled;in_reference_window
L1|2026-08-21|kelp_nearshore|sand_bass,L1,2026-08-21,kelp_nearshore,sand_bass,14,354.0,184.6,70.0,20.0,90.0,0.4877,0.3533,1.38,78.4,Very Good,1.0,True,final,0,2026-10-04T06:17:39Z,43,2026-08-21,San Diego Fish Reports dock totals,14,backfilled;in_reference_window
L1|2026-08-21|kelp_nearshore|sheephead,L1,2026-08-21,kelp_nearshore,sheephead,14,354.0,184.6,30.0,0.0,30.0,0.1626,0.14,1.161,74.0,Good,1.0,True,final,0,2026-10-04T06:17:39Z,43,2026-08-21,San Diego Fish Reports dock totals,14,backfilled;in_reference_window
L1|2026-08-21|kelp_nearshore|white_seabass,L1,2026-08-21,kelp_nearshore,white_seabass,14,354.0,184.6,0.0,0.0,0.0,0.0,0.5,,,,,True,no_reference,0,2026-10-04T06:17:39Z,43,2026-08-21,San Diego Fish Reports dock totals,14,backfilled;reference_default;sparse_species;in_reference_window
L1|2026-08-21|kelp_nearshore|yellowtail,L1,2026-08-21,kelp_nearshore,yellowtail,14,354.0,184.6,25.0,0.0,25.0,0.1355,0.1053,1.286,76.6,Very Good,1.0,True,final,0,2026-10-04T06:17:39Z,43,2026-08-21,San Diego Fish Reports dock totals,14,backfilled;in_reference_window
L1|2026-08-21|offshore_banks|barracuda,L1,2026-08-21,offshore_banks,barracuda,13,257.0,302.0,0.0,0.0,0.0,0.0,0.5,,,,,True,no_reference,0,2026-10-04T06:17:39Z,43,2026-08-21,San Diego Fish Reports dock totals,13,overnight_destination_uncertain;backfilled;reference_default;in_reference_window
L1|2026-08-21|offshore_banks|bluefin_tuna,L1,2026-08-21,offshore_banks,bluefin_tuna,13,257.0,302.0,18.0,0.0,18.0,0.0596,0.0042,,,,,True,no_reference,0,2026-10-04T06:17:39Z,43,2026-08-21,San Diego Fish Reports dock totals,13,overnight_destination_uncertain;backfilled;reference_species_fallback;in_reference_window
L1|2026-08-21|offshore_banks|bonito,L1,2026-08-21,offshore_banks,bonito,13,257.0,302.0,21.0,0.0,21.0,0.0695,0.0297,2.341,91.7,Excellent,1.0,True,final,0,2026-10-04T06:17:39Z,43,2026-08-21,San Diego Fish Reports dock totals,13,overnight_destination_uncertain;backfilled;in_reference_window
L1|2026-08-21|offshore_banks|dorado,L1,2026-08-21,offshore_banks,dorado,13,257.0,302.0,151.0,0.0,151.0,0.5,0.068,7.353,100.0,Excellent,1.0,True,final,0,2026-10-04T06:17:39Z,43,2026-08-21,San Diego Fish Reports dock totals,13,overnight_destination_uncertain;backfilled;in_reference_window
L1|2026-08-21|offshore_banks|rockfish,L1,2026-08-21,offshore_banks,rockfish,13,257.0,302.0,0.0,0.0,0.0,0.0,0.0499,,,,,True,no_reference,0,2026-10-04T06:17:39Z,43,2026-08-21,San Diego Fish Reports dock totals,13,overnight_destination_uncertain;backfilled;reference_species_fallback;in_reference_window
L1|2026-08-21|offshore_banks|sheephead,L1,2026-08-21,offshore_banks,sheephead,13,257.0,302.0,2.0,0.0,2.0,0.0066,0.5,,,,,True,no_reference,0,2026-10-04T06:17:39Z,43,2026-08-21,San Diego Fish Reports dock totals,13,overnight_destination_uncertain;backfilled;reference_default;in_reference_window
L1|2026-08-21|offshore_banks|white_seabass,L1,2026-08-21,offshore_banks,white_seabass,13,257.0,302.0,1.0,0.0,1.0,0.0033,0.5,,,,,True,no_reference,0,2026-10-04T06:17:39Z,43,2026-08-21,San Diego Fish Reports dock totals,13,overnight_destination_uncertain;backfilled;reference_default;sparse_species;in_reference_window
L1|2026-08-21|offshore_banks|yellowfin_tuna,L1,2026-08-21,offshore_banks,yellowfin_tuna,13,257.0,302.0,141.0,0.0,141.0,0.4669,1.0526,0.444,51.1,Fair,0.0,True,final,0,2026-10-04T06:17:39Z,43,2026-08-21,San Diego Fish Reports dock totals,13,overnight_destination_uncertain;backfilled;in_reference_window
L1|2026-08-21|offshore_banks|yellowtail,L1,2026-08-21,offshore_banks,yellowtail,13,257.0,302.0,272.0,0.0,272.0,0.9007,0.3983,2.261,91.3,Excellent,1.0,True,final,0,2026-10-04T06:17:39Z,43,2026-08-21,San Diego Fish Reports dock totals,13,overnight_destination_uncertain;backfilled;in_reference_window
L1|2026-08-22|coronados|barracuda,L1,2026-08-22,coronados,barracuda,1,30.0,30.0,0.0,0.0,0.0,0.0,0.5,,,,,False,insufficient_effort,0,2026-10-04T06:17:41Z,42,2026-08-22,San Diego Fish Reports dock totals,1,backfilled;reference_default;in_reference_window
L1|2026-08-22|coronados|bluefin_tuna,L1,2026-08-22,coronados,bluefin_tuna,1,30.0,30.0,0.0,0.0,0.0,0.0,0.0042,,,,,False,insufficient_effort,0,2026-10-04T06:17:41Z,42,2026-08-22,San Diego Fish Reports dock totals,1,backfilled;reference_species_fallback;in_reference_window
L1|2026-08-22|coronados|bonito,L1,2026-08-22,coronados,bonito,1,30.0,30.0,3.0,0.0,3.0,0.1,0.676,,,,,False,insufficient_effort,0,2026-10-04T06:17:41Z,42,2026-08-22,San Diego Fish Reports dock totals,1,backfilled;in_reference_window
L1|2026-08-22|coronados|calico_bass,L1,2026-08-22,coronados,calico_bass,1,30.0,30.0,0.0,0.0,0.0,0.0,1.3322,,,,,False,insufficient_effort,0,2026-10-04T06:17:41Z,42,2026-08-22,San Diego Fish Reports dock totals,1,backfilled;reference_species_fallback;in_reference_window
L1|2026-08-22|coronados|dorado,L1,2026-08-22,coronados,dorado,1,30.0,30.0,0.0,0.0,0.0,0.0,0.0524,,,,,False,insufficient_effort,0,2026-10-04T06:17:41Z,42,2026-08-22,San Diego Fish Reports dock totals,1,backfilled;reference_species_fallback;in_reference_window
L1|2026-08-22|coronados|rockfish,L1,2026-08-22,coronados,rockfish,1,30.0,30.0,0.0,0.0,0.0,0.0,0.0499,,,,,False,insufficient_effort,0,2026-10-04T06:17:41Z,42,2026-08-22,San Diego Fish Reports dock totals,1,backfilled;reference_species_fallback;in_reference_window
L1|2026-08-22|coronados|sheephead,L1,2026-08-22,coronados,sheephead,1,30.0,30.0,0.0,0.0,0.0,0.0,0.5,,,,,False,insufficient_effort,0,2026-10-04T06:17:41Z,42,2026-08-22,San Diego Fish Reports dock totals,1,backfilled;reference_default;in_reference_window
L1|2026-08-22|coronados|white_seabass,L1,2026-08-22,coronados,white_seabass,1,30.0,30.0,0.0,0.0,0.0,0.0,0.5,,,,,False,insufficient_effort,0,2026-10-04T06:17:41Z,42,2026-08-22,San Diego Fish Reports dock totals,1,backfilled;reference_default;sparse_species;in_reference_window
L1|2026-08-22|coronados|yellowfin_tuna,L1,2026-08-22,coronados,yellowfin_tuna,1,30.0,30.0,0.0,0.0,0.0,0.0,0.2614,,,,,False,insufficient_effort,0,2026-10-04T06:17:41Z,42,2026-08-22,San Diego Fish Reports dock totals,1,backfilled;reference_species_fallback;in_reference_window
L1|2026-08-22|coronados|yellowtail,L1,2026-08-22,coronados,yellowtail,1,30.0,30.0,77.0,0.0,77.0,2.5667,2.8371,,,,,False,insufficient_effort,0,2026-10-04T06:17:41Z,42,2026-08-22,San Diego Fish Reports dock totals,1,backfilled;in_reference_window
L1|2026-08-22|extended_offshore|bluefin_tuna,L1,2026-08-22,extended_offshore,bluefin_tuna,10,92.5,200.5,56.0,0.0,56.0,0.2793,0.0233,11.987,100.0,Excellent,1.0,True,final,1,2026-10-04T06:17:43Z,42,2026-08-23,San Diego Fish Reports dock totals,10,backfilled;multi_day_split;in_reference_window
L1|2026-08-22|extended_offshore|bonito,L1,2026-08-22,extended_offshore,bonito,10,92.5,200.5,12.5,0.0,12.5,0.0623,0.0623,,,,,True,no_reference,1,2026-10-04T06:17:43Z,42,2026-08-23,San Diego Fish Reports dock totals,10,backfilled;multi_day_split;reference_species_fallback;in_reference_window
L1|2026-08-22|extended_offshore|dorado,L1,2026-08-22,extended_offshore,dorado,10,92.5,200.5,33.0,0.0,33.0,0.1646,0.1053,1.563,81.8,Very Good,1.0,True,final,1,2026-10-04T06:17:43Z,42,2026-08-23,San Diego Fish Reports dock totals,10,backfilled;multi_day_split;in_reference_window
L1|2026-08-22|extended_offshore|rockfish,L1,2026-08-22,extended_offshore,rockfish,10,92.5,200.5,10.0,0.0,10.0,0.0499,0.0499,1.0,70.0,Good,1.0,True,final,1,2026-10-04T06:17:43Z,42,2026-08-23,San Diego Fish Reports dock totals,10,backfilled;multi_day_split;in_reference_window
L1|2026-08-22|extended_offshore|sheephead,L1,2026-08-22,extended_offshore,sheephead,10,92.5,200.5,0.0,0.0,0.0,0.0,0.5,,,,,True,no_reference,1,2026-10-04T06:17:43Z,42,2026-08-23,San Diego Fish Reports dock totals,10,backfilled;multi_day_split;reference_default;in_reference_window
L1|2026-08-22|extended_offshore|white_seabass,L1,2026-08-22,extended_offshore,white_seabass,10,92.5,200.5,0.0,0.0,0.0,0.0,0.5,,,,,True,no_reference,1,2026-10-04T06:17:43Z,42,2026-08-23,San Diego Fish Reports dock totals,10,backfilled;multi_day_split;reference_default;sparse_species;in_reference_window
L1|2026-08-22|extended_offshore|yellowfin_tuna,L1,2026-08-22,extended_offshore,yellowfin_tuna,10,92.5,200.5,54.0,0.0,54.0,0.2693,0.1359,1.982,89.7,Very Good,1.0,True,final,1,2026-10-04T06:17:43Z,42,2026-08-23,San Diego Fish Reports dock totals,10,backfilled;multi_day_split;in_reference_window
L1|2026-08-22|extended_offshore|yellowtail,L1,2026-08-22,extended_offshore,yellowtail,10,92.5,200.5,146.5,0.0,146.5,0.7307,0.9301,0.786,64.6,Good,1.0,True,final,1,2026-10-04T06:17:43Z,42,2026-08-23,San Diego Fish Reports dock totals,10,backfilled;multi_day_split;in_reference_window
L1|2026-08-22|kelp_nearshore|barracuda,L1,2026-08-22,kelp_nearshore,barracuda,11,449.0,230.6,2.0,8.0,10.0,0.0434,0.0421,1.03,70.8,Good,1.0,True,final,0,2026-10-04T06:17:41Z,42,2026-08-22,San Diego Fish Reports dock totals,11,backfilled;in_reference_window
L1|2026-08-22|kelp_nearshore|bonito,L1,2026-08-22,kelp_nearshore,bonito,11,449.0,230.6,186.0,0.0,186.0,0.8066,0.7162,1.126,73.2,Good,1.0,True,final,0,2026-10-04T06:17:41Z,42,2026-08-22,San Diego Fish Reports dock totals,11,backfilled;in_reference_window
L1|2026-08-22|kelp_nearshore|calico_bass,L1,2026-08-22,kelp_nearshore,calico_bass,11,449.0,230.6,105.0,400.0,505.0,2.1899,1.7014,1.287,76.6,Very Good,1.0,True,final,0,2026-10-04T06:17:41Z,42,2026-08-22,San Diego Fish Reports dock totals,11,backfilled;in_reference_window
L1|2026-08-22|kelp_nearshore|california_halibut,L1,2026-08-22,kelp_nearshore,california_halibut,11,449.0,230.6,4.0,0.0,4.0,0.0173,0.5,,,,,True,no_reference,0,2026-10-04T06:17:41Z,42,2026-08-22,San Diego Fish Reports dock totals,11,backfilled;reference_default;sparse_species;in_reference_window
L1|2026-08-22|kelp_nearshore|rockfish,L1,2026-08-22,kelp_nearshore,rockfish,11,449.0,230.6,136.0,0.0,136.0,0.5898,0.9295,0.634,60.9,Good,1.0,True,final,0,2026-10-04T06:17:41Z,42,2026-08-22,San Diego Fish Reports dock totals,11,backfilled;in_reference_window
L1|2026-08-22|kelp_nearshore|sand_bass,L1,2026-08-22,kelp_nearshore,sand_bass,11,449.0,230.6,90.0,0.0,90.0,0.3903,0.3533,1.105,72.6,Good,1.0,True,final,0,2026-10-04T06:17:41Z,42,2026-08-22,San Diego Fish Reports dock totals,11,backfilled;in_reference_window
L1|2026-08-22|kelp_nearshore|sheephead,L1,2026-08-22,kelp_nearshore,sheephead,11,449.0,230.6,22.0,0.0,22.0,0.0954,0.14,0.681,62.0,Good,1.0,True,final,0,2026-10-04T06:17:41Z,42,2026-08-22,San Diego Fish Reports dock totals,11,backfilled;in_reference_window
L1|2026-08-22|kelp_nearshore|white_seabass,L1,2026-08-22,kelp_nearshore,white_seabass,11,449.0,230.6,1.0,0.0,1.0,0.0043,0.5,,,,,True,no_reference,0,2026-10-04T06:17:41Z,42,2026-08-22,San Diego Fish Reports dock totals,11,backfilled;reference_default;sparse_species;in_reference_window
L1|2026-08-22|kelp_nearshore|yellowtail,L1,2026-08-22,kelp_nearshore,yellowtail,11,449.0,230.6,7.0,0.0,7.0,0.0304,0.1053,0.288,42.2,Fair,0.0,True,final,0,2026-10-04T06:17:41Z,42,2026-08-22,San Diego Fish Reports dock totals,11,backfilled;in_reference_window
L1|2026-08-22|offshore_banks|barracuda,L1,2026-08-22,offshore_banks,barracuda,9,202.0,214.0,0.0,0.0,0.0,0.0,0.5,,,,,True,no_reference,0,2026-10-04T06:17:41Z,42,2026-08-22,San Diego Fish Reports dock totals,9,overnight_destination_uncertain;backfilled;reference_default;in_reference_window
L1|2026-08-22|offshore_banks|bluefin_tuna,L1,2026-08-22,offshore_banks,bluefin_tuna,9,202.0,214.0,9.0,0.0,9.0,0.0421,0.0042,,,,,True,no_reference,0,2026-10-04T06:17:41Z,42,2026-08-22,San Diego Fish Reports dock totals,9,overnight_destination_uncertain;backfilled;reference_species_fallback;in_reference_window
L1|2026-08-22|offshore_banks|bonito,L1,2026-08-22,offshore_banks,bonito,9,202.0,214.0,21.0,0.0,21.0,0.0981,0.0297,3.304,96.5,Excellent,1.0,True,final,0,2026-10-04T06:17:41Z,42,2026-08-22,San Diego Fish Reports dock totals,9,overnight_destination_uncertain;backfilled;in_reference_window
L1|2026-08-22|offshore_banks|dorado,L1,2026-08-22,offshore_banks,dorado,9,202.0,214.0,38.0,0.0,38.0,0.1776,0.068,2.611,93.1,Excellent,1.0,True,final,0,2026-10-04T06:17:41Z,42,2026-08-22,San Diego Fish Reports dock totals,9,overnight_destination_uncertain;backfilled;in_reference_window
L1|2026-08-22|offshore_banks|rockfish,L1,2026-08-22,offshore_banks,rockfish,9,202.0,214.0,0.0,0.0,0.0,0.0,0.0499,,,,,True,no_reference,0,2026-10-04T06:17:41Z,42,2026-08-22,San Diego Fish Reports dock totals,9,overnight_destination_uncertain;backfilled;reference_species_fallback;in_reference_window
L1|2026-08-22|offshore_banks|sheephead,L1,2026-08-22,offshore_banks,sheephead,9,202.0,214.0,0.0,0.0,0.0,0.0,0.5,,,,,True,no_reference,0,2026-10-04T06:17:41Z,42,2026-08-22,San Diego Fish Reports dock totals,9,overnight_destination_uncertain;backfilled;reference_default;in_reference_window
L1|2026-08-22|offshore_banks|white_seabass,L1,2026-08-22,offshore_banks,white_seabass,9,202.0,214.0,1.0,0.0,1.0,0.0047,0.5,,,,,True,no_reference,0,2026-10-04T06:17:41Z,42,2026-08-22,San Diego Fish Reports dock totals,9,overnight_destination_uncertain;backfilled;reference_default;sparse_species;in_reference_window
L1|2026-08-22|offshore_banks|yellowfin_tuna,L1,2026-08-22,offshore_banks,yellowfin_tuna,9,202.0,214.0,536.0,0.0,536.0,2.5047,1.0526,2.38,91.9,Excellent,1.0,True,final,0,2026-10-04T06:17:41Z,42,2026-08-22,San Diego Fish Reports dock totals,9,overnight_destination_uncertain;backfilled;in_reference_window
L1|2026-08-22|offshore_banks|yellowtail,L1,2026-08-22,offshore_banks,yellowtail,9,202.0,214.0,205.0,0.0,205.0,0.9579,0.3983,2.405,92.0,Excellent,1.0,True,final,0,2026-10-04T06:17:41Z,42,2026-08-22,San Diego Fish Reports dock totals,9,overnight_destination_uncertain;backfilled;in_reference_window
L1|2026-08-23|coronados|barracuda,L1,2026-08-23,coronados,barracuda,3,86.0,86.0,0.0,0.0,0.0,0.0,0.5,,,,,True,no_reference,0,2026-10-04T06:17:43Z,41,2026-08-23,San Diego Fish Reports dock totals,3,backfilled;reference_default;low_effort;in_reference_window
L1|2026-08-23|coronados|bluefin_tuna,L1,2026-08-23,coronados,bluefin_tuna,3,86.0,86.0,0.0,0.0,0.0,0.0,0.0042,,,,,True,no_reference,0,2026-10-04T06:17:43Z,41,2026-08-23,San Diego Fish Reports dock totals,3,backfilled;reference_species_fallback;low_effort;in_reference_window
L1|2026-08-23|coronados|bonito,L1,2026-08-23,coronados,bonito,3,86.0,86.0,0.0,0.0,0.0,0.0,0.676,0.0,0.0,Poor,0.0,True,final,0,2026-10-04T06:17:43Z,41,2026-08-23,San Diego Fish Reports dock totals,3,backfilled;low_effort;in_reference_window;effort_adjusted_zero
L1|2026-08-23|coronados|calico_bass,L1,2026-08-23,coronados,calico_bass,3,86.0,86.0,0.0,0.0,0.0,0.0,1.3322,,,,,True,no_reference,0,2026-10-04T06:17:43Z,41,2026-08-23,San Diego Fish Reports dock totals,3,backfilled;reference_species_fallback;low_effort;in_reference_window
L1|2026-08-23|coronados|dorado,L1,2026-08-23,coronados,dorado,3,86.0,86.0,0.0,0.0,0.0,0.0,0.0524,,,,,True,no_reference,0,2026-10-04T06:17:43Z,41,2026-08-23,San Diego Fish Reports dock totals,3,backfilled;reference_species_fallback;low_effort;in_reference_window
L1|2026-08-23|coronados|rockfish,L1,2026-08-23,coronados,rockfish,3,86.0,86.0,0.0,0.0,0.0,0.0,0.0499,,,,,True,no_reference,0,2026-10-04T06:17:43Z,41,2026-08-23,San Diego Fish Reports dock totals,3,backfilled;reference_species_fallback;low_effort;in_reference_window
L1|2026-08-23|coronados|sheephead,L1,2026-08-23,coronados,sheephead,3,86.0,86.0,0.0,0.0,0.0,0.0,0.5,,,,,True,no_reference,0,2026-10-04T06:17:43Z,41,2026-08-23,San Diego Fish Reports dock totals,3,backfilled;reference_default;low_effort;in_reference_window
L1|2026-08-23|coronados|white_seabass,L1,2026-08-23,coronados,white_seabass,3,86.0,86.0,0.0,0.0,0.0,0.0,0.5,,,,,True,no_reference,0,2026-10-04T06:17:43Z,41,2026-08-23,San Diego Fish Reports dock totals,3,backfilled;reference_default;sparse_species;low_effort;in_reference_window
L1|2026-08-23|coronados|yellowfin_tuna,L1,2026-08-23,coronados,yellowfin_tuna,3,86.0,86.0,0.0,0.0,0.0,0.0,0.2614,,,,,True,no_reference,0,2026-10-04T06:17:43Z,41,2026-08-23,San Diego Fish Reports dock totals,3,backfilled;reference_species_fallback;low_effort;in_reference_window
L1|2026-08-23|coronados|yellowtail,L1,2026-08-23,coronados,yellowtail,3,86.0,86.0,264.0,0.0,264.0,3.0698,2.8371,1.082,72.1,Good,1.0,True,final,0,2026-10-04T06:17:43Z,41,2026-08-23,San Diego Fish Reports dock totals,3,backfilled;low_effort;in_reference_window
L1|2026-08-23|extended_offshore|bluefin_tuna,L1,2026-08-23,extended_offshore,bluefin_tuna,10,92.5,200.5,56.0,0.0,56.0,0.2793,0.0233,11.987,100.0,Excellent,1.0,True,final,0,2026-10-04T06:17:43Z,41,2026-08-23,San Diego Fish Reports dock totals,10,backfilled;multi_day_split;in_reference_window
L1|2026-08-23|extended_offshore|bonito,L1,2026-08-23,extended_offshore,bonito,10,92.5,200.5,12.5,0.0,12.5,0.0623,0.0623,,,,,True,no_reference,0,2026-10-04T06:17:43Z,41,2026-08-23,San Diego Fish Reports dock totals,10,backfilled;multi_day_split;reference_species_fallback;in_reference_window
L1|2026-08-23|extended_offshore|dorado,L1,2026-08-23,extended_offshore,dorado,10,92.5,200.5,33.0,0.0,33.0,0.1646,0.1053,1.563,81.8,Very Good,1.0,True,final,0,2026-10-04T06:17:43Z,41,2026-08-23,San Diego Fish Reports dock totals,10,backfilled;multi_day_split;in_reference_window
L1|2026-08-23|extended_offshore|rockfish,L1,2026-08-23,extended_offshore,rockfish,10,92.5,200.5,10.0,0.0,10.0,0.0499,0.0499,1.0,70.0,Good,1.0,True,final,0,2026-10-04T06:17:43Z,41,2026-08-23,San Diego Fish Reports dock totals,10,backfilled;multi_day_split;in_reference_window
L1|2026-08-23|extended_offshore|sheephead,L1,2026-08-23,extended_offshore,sheephead,10,92.5,200.5,0.0,0.0,0.0,0.0,0.5,,,,,True,no_reference,0,2026-10-04T06:17:43Z,41,2026-08-23,San Diego Fish Reports dock totals,10,backfilled;multi_day_split;reference_default;in_reference_window
L1|2026-08-23|extended_offshore|white_seabass,L1,2026-08-23,extended_offshore,white_seabass,10,92.5,200.5,0.0,0.0,0.0,0.0,0.5,,,,,True,no_reference,0,2026-10-04T06:17:43Z,41,2026-08-23,San Diego Fish Reports dock totals,10,backfilled;multi_day_split;reference_default;sparse_species;in_reference_window
L1|2026-08-23|extended_offshore|yellowfin_tuna,L1,2026-08-23,extended_offshore,yellowfin_tuna,10,92.5,200.5,54.0,0.0,54.0,0.2693,0.1359,1.982,89.7,Very Good,1.0,True,final,0,2026-10-04T06:17:43Z,41,2026-08-23,San Diego Fish Reports dock totals,10,backfilled;multi_day_split;in_reference_window
L1|2026-08-23|extended_offshore|yellowtail,L1,2026-08-23,extended_offshore,yellowtail,10,92.5,200.5,146.5,0.0,146.5,0.7307,0.9301,0.786,64.6,Good,1.0,True,final,0,2026-10-04T06:17:43Z,41,2026-08-23,San Diego Fish Reports dock totals,10,backfilled;multi_day_split;in_reference_window
L1|2026-08-23|kelp_nearshore|barracuda,L1,2026-08-23,kelp_nearshore,barracuda,11,448.0,234.9,0.0,0.0,0.0,0.0,0.0421,0.0,0.0,Poor,0.0,True,final,0,2026-10-04T06:17:43Z,41,2026-08-23,San Diego Fish Reports dock totals,11,backfilled;in_reference_window;effort_adjusted_zero
L1|2026-08-23|kelp_nearshore|bonito,L1,2026-08-23,kelp_nearshore,bonito,11,448.0,234.9,86.0,0.0,86.0,0.366,0.7162,0.511,54.9,Fair,0.0,True,final,0,2026-10-04T06:17:43Z,41,2026-08-23,San Diego Fish Reports dock totals,11,backfilled;in_reference_window
L1|2026-08-23|kelp_nearshore|calico_bass,L1,2026-08-23,kelp_nearshore,calico_bass,11,448.0,234.9,55.0,258.0,313.0,1.3322,1.7014,0.783,64.6,Good,1.0,True,final,0,2026-10-04T06:17:43Z,41,2026-08-23,San Diego Fish Reports dock totals,11,backfilled;in_reference_window
L1|2026-08-23|kelp_nearshore|california_halibut,L1,2026-08-23,kelp_nearshore,california_halibut,11,448.0,234.9,3.0,0.0,3.0,0.0128,0.5,,,,,True,no_reference,0,2026-10-04T06:17:43Z,41,2026-08-23,San Diego Fish Reports dock totals,11,backfilled;reference_default;sparse_species;in_reference_window
L1|2026-08-23|kelp_nearshore|rockfish,L1,2026-08-23,kelp_nearshore,rockfish,11,448.0,234.9,159.0,5.0,164.0,0.698,0.9295,0.751,63.8,Good,1.0,True,final,0,2026-10-04T06:17:43Z,41,2026-08-23,San Diego Fish Reports dock totals,11,backfilled;in_reference_window
L1|2026-08-23|kelp_nearshore|sand_bass,L1,2026-08-23,kelp_nearshore,sand_bass,11,448.0,234.9,83.0,0.0,83.0,0.3533,0.3533,1.0,70.0,Good,1.0,True,final,0,2026-10-04T06:17:43Z,41,2026-08-23,San Diego Fish Reports dock totals,11,backfilled;in_reference_window
L1|2026-08-23|kelp_nearshore|sheephead,L1,2026-08-23,kelp_nearshore,sheephead,11,448.0,234.9,18.0,0.0,18.0,0.0766,0.14,0.547,57.0,Fair,0.0,True,final,0,2026-10-04T06:17:43Z,41,2026-08-23,San Diego Fish Reports dock totals,11,backfilled;in_reference_window
L1|2026-08-23|kelp_nearshore|white_seabass,L1,2026-08-23,kelp_nearshore,white_seabass,11,448.0,234.9,0.0,0.0,0.0,0.0,0.5,,,,,True,no_reference,0,2026-10-04T06:17:43Z,41,2026-08-23,San Diego Fish Reports dock totals,11,backfilled;reference_default;sparse_species;in_reference_window
L1|2026-08-23|kelp_nearshore|yellowtail,L1,2026-08-23,kelp_nearshore,yellowtail,11,448.0,234.9,10.0,0.0,10.0,0.0426,0.1053,0.404,48.8,Fair,0.0,True,final,0,2026-10-04T06:17:43Z,41,2026-08-23,San Diego Fish Reports dock totals,11,backfilled;in_reference_window
L1|2026-08-23|offshore_banks|barracuda,L1,2026-08-23,offshore_banks,barracuda,9,222.0,273.5,0.0,0.0,0.0,0.0,0.5,,,,,True,no_reference,0,2026-10-04T06:17:43Z,41,2026-08-23,San Diego Fish Reports dock totals,9,overnight_destination_uncertain;backfilled;reference_default;in_reference_window
L1|2026-08-23|offshore_banks|bluefin_tuna,L1,2026-08-23,offshore_banks,bluefin_tuna,9,222.0,273.5,72.0,0.0,72.0,0.2633,0.0042,,,,,True,no_reference,0,2026-10-04T06:17:43Z,41,2026-08-23,San Diego Fish Reports dock totals,9,overnight_destination_uncertain;backfilled;reference_species_fallback;in_reference_window
L1|2026-08-23|offshore_banks|bonito,L1,2026-08-23,offshore_banks,bonito,9,222.0,273.5,0.0,0.0,0.0,0.0,0.0297,0.0,0.0,Poor,0.0,True,final,0,2026-10-04T06:17:43Z,41,2026-08-23,San Diego Fish Reports dock totals,9,overnight_destination_uncertain;backfilled;in_reference_window;effort_adjusted_zero
L1|2026-08-23|offshore_banks|dorado,L1,2026-08-23,offshore_banks,dorado,9,222.0,273.5,29.0,0.0,29.0,0.106,0.068,1.559,81.7,Very Good,1.0,True,final,0,2026-10-04T06:17:43Z,41,2026-08-23,San Diego Fish Reports dock totals,9,overnight_destination_uncertain;backfilled;in_reference_window
L1|2026-08-23|offshore_banks|rockfish,L1,2026-08-23,offshore_banks,rockfish,9,222.0,273.5,0.0,0.0,0.0,0.0,0.0499,,,,,True,no_reference,0,2026-10-04T06:17:43Z,41,2026-08-23,San Diego Fish Reports dock totals,9,overnight_destination_uncertain;backfilled;reference_species_fallback;in_reference_window
L1|2026-08-23|offshore_banks|sheephead,L1,2026-08-23,offshore_banks,sheephead,9,222.0,273.5,0.0,0.0,0.0,0.0,0.5,,,,,True,no_reference,0,2026-10-04T06:17:43Z,41,2026-08-23,San Diego Fish Reports dock totals,9,overnight_destination_uncertain;backfilled;reference_default;in_reference_window
L1|2026-08-23|offshore_banks|white_seabass,L1,2026-08-23,offshore_banks,white_seabass,9,222.0,273.5,0.0,0.0,0.0,0.0,0.5,,,,,True,no_reference,0,2026-10-04T06:17:43Z,41,2026-08-23,San Diego Fish Reports dock totals,9,overnight_destination_uncertain;backfilled;reference_default;sparse_species;in_reference_window
L1|2026-08-23|offshore_banks|yellowfin_tuna,L1,2026-08-23,offshore_banks,yellowfin_tuna,9,222.0,273.5,335.0,0.0,335.0,1.2249,1.0526,1.164,74.1,Good,1.0,True,final,0,2026-10-04T06:17:43Z,41,2026-08-23,San Diego Fish Reports dock totals,9,overnight_destination_uncertain;backfilled;in_reference_window
L1|2026-08-23|offshore_banks|yellowtail,L1,2026-08-23,offshore_banks,yellowtail,9,222.0,273.5,70.0,0.0,70.0,0.2559,0.3983,0.643,61.1,Good,1.0,True,final,0,2026-10-04T06:17:43Z,41,2026-08-23,San Diego Fish Reports dock totals,9,overnight_destination_uncertain;backfilled;in_reference_window
L1|2026-08-24|coronados|barracuda,L1,2026-08-24,coronados,barracuda,3,81.0,81.0,0.0,0.0,0.0,0.0,0.5,,,,,True,no_reference,0,2026-10-04T06:17:45Z,40,2026-08-24,San Diego Fish Reports dock totals,3,backfilled;reference_default;low_effort;in_reference_window
L1|2026-08-24|coronados|bluefin_tuna,L1,2026-08-24,coronados,bluefin_tuna,3,81.0,81.0,0.0,0.0,0.0,0.0,0.0042,,,,,True,no_reference,0,2026-10-04T06:17:45Z,40,2026-08-24,San Diego Fish Reports dock totals,3,backfilled;reference_species_fallback;low_effort;in_reference_window
L1|2026-08-24|coronados|bonito,L1,2026-08-24,coronados,bonito,3,81.0,81.0,0.0,0.0,0.0,0.0,0.676,0.0,0.0,Poor,0.0,True,final,0,2026-10-04T06:17:45Z,40,2026-08-24,San Diego Fish Reports dock totals,3,backfilled;low_effort;in_reference_window;effort_adjusted_zero
L1|2026-08-24|coronados|calico_bass,L1,2026-08-24,coronados,calico_bass,3,81.0,81.0,0.0,0.0,0.0,0.0,1.3322,,,,,True,no_reference,0,2026-10-04T06:17:45Z,40,2026-08-24,San Diego Fish Reports dock totals,3,backfilled;reference_species_fallback;low_effort;in_reference_window
L1|2026-08-24|coronados|dorado,L1,2026-08-24,coronados,dorado,3,81.0,81.0,0.0,0.0,0.0,0.0,0.0524,,,,,True,no_reference,0,2026-10-04T06:17:45Z,40,2026-08-24,San Diego Fish Reports dock totals,3,backfilled;reference_species_fallback;low_effort;in_reference_window
L1|2026-08-24|coronados|rockfish,L1,2026-08-24,coronados,rockfish,3,81.0,81.0,0.0,0.0,0.0,0.0,0.0499,,,,,True,no_reference,0,2026-10-04T06:17:45Z,40,2026-08-24,San Diego Fish Reports dock totals,3,backfilled;reference_species_fallback;low_effort;in_reference_window
L1|2026-08-24|coronados|sheephead,L1,2026-08-24,coronados,sheephead,3,81.0,81.0,0.0,0.0,0.0,0.0,0.5,,,,,True,no_reference,0,2026-10-04T06:17:45Z,40,2026-08-24,San Diego Fish Reports dock totals,3,backfilled;reference_default;low_effort;in_reference_window
L1|2026-08-24|coronados|white_seabass,L1,2026-08-24,coronados,white_seabass,3,81.0,81.0,0.0,0.0,0.0,0.0,0.5,,,,,True,no_reference,0,2026-10-04T06:17:45Z,40,2026-08-24,San Diego Fish Reports dock totals,3,backfilled;reference_default;sparse_species;low_effort;in_reference_window
L1|2026-08-24|coronados|yellowfin_tuna,L1,2026-08-24,coronados,yellowfin_tuna,3,81.0,81.0,0.0,0.0,0.0,0.0,0.2614,,,,,True,no_reference,0,2026-10-04T06:17:45Z,40,2026-08-24,San Diego Fish Reports dock totals,3,backfilled;reference_species_fallback;low_effort;in_reference_window
L1|2026-08-24|coronados|yellowtail,L1,2026-08-24,coronados,yellowtail,3,81.0,81.0,244.0,0.0,244.0,3.0123,2.8371,1.062,71.5,Good,1.0,True,final,0,2026-10-04T06:17:45Z,40,2026-08-24,San Diego Fish Reports dock totals,3,backfilled;low_effort;in_reference_window
L1|2026-08-24|extended_offshore|bluefin_tuna,L1,2026-08-24,extended_offshore,bluefin_tuna,7,68.5,141.2,74.5,0.0,74.5,0.5274,0.0233,22.637,100.0,Excellent,1.0,True,final,1,2026-10-04T06:17:47Z,40,2026-08-25,San Diego Fish Reports dock totals,7,backfilled;multi_day_split;in_reference_window
L1|2026-08-24|extended_offshore|bonito,L1,2026-08-24,extended_offshore,bonito,7,68.5,141.2,0.0,0.0,0.0,0.0,0.0623,,,,,True,no_reference,1,2026-10-04T06:17:47Z,40,2026-08-25,San Diego Fish Reports dock totals,7,backfilled;multi_day_split;reference_species_fallback;in_reference_window
L1|2026-08-24|extended_offshore|dorado,L1,2026-08-24,extended_offshore,dorado,7,68.5,141.2,3.5,0.0,3.5,0.0248,0.1053,0.235,37.7,Poor,0.0,True,final,1,2026-10-04T06:17:47Z,40,2026-08-25,San Diego Fish Reports dock totals,7,backfilled;multi_day_split;in_reference_window
L1|2026-08-24|extended_offshore|rockfish,L1,2026-08-24,extended_offshore,rockfish,7,68.5,141.2,0.0,0.0,0.0,0.0,0.0499,0.0,0.0,Poor,0.0,True,final,1,2026-10-04T06:17:47Z,40,2026-08-25,San Diego Fish Reports dock totals,7,backfilled;multi_day_split;in_reference_window;effort_adjusted_zero
L1|2026-08-24|extended_offshore|sheephead,L1,2026-08-24,extended_offshore,sheephead,7,68.5,141.2,0.0,0.0,0.0,0.0,0.5,,,,,True,no_reference,1,2026-10-04T06:17:47Z,40,2026-08-25,San Diego Fish Reports dock totals,7,backfilled;multi_day_split;reference_default;in_reference_window
L1|2026-08-24|extended_offshore|white_seabass,L1,2026-08-24,extended_offshore,white_seabass,7,68.5,141.2,0.0,0.0,0.0,0.0,0.5,,,,,True,no_reference,1,2026-10-04T06:17:47Z,40,2026-08-25,San Diego Fish Reports dock totals,7,backfilled;multi_day_split;reference_default;sparse_species;in_reference_window
L1|2026-08-24|extended_offshore|yellowfin_tuna,L1,2026-08-24,extended_offshore,yellowfin_tuna,7,68.5,141.2,26.5,0.0,26.5,0.1876,0.1359,1.381,78.4,Very Good,1.0,True,final,1,2026-10-04T06:17:47Z,40,2026-08-25,San Diego Fish Reports dock totals,7,backfilled;multi_day_split;in_reference_window
L1|2026-08-24|extended_offshore|yellowtail,L1,2026-08-24,extended_offshore,yellowtail,7,68.5,141.2,93.0,0.0,93.0,0.6584,0.9301,0.708,62.7,Good,1.0,True,final,1,2026-10-04T06:17:47Z,40,2026-08-25,San Diego Fish Reports dock totals,7,backfilled;multi_day_split;in_reference_window
L1|2026-08-24|kelp_nearshore|barracuda,L1,2026-08-24,kelp_nearshore,barracuda,10,163.0,85.7,5.0,0.0,5.0,0.0583,0.0421,1.386,78.5,Very Good,1.0,True,final,0,2026-10-04T06:17:45Z,40,2026-08-24,San Diego Fish Reports dock totals,10,backfilled;low_effort;in_reference_window
L1|2026-08-24|kelp_nearshore|bonito,L1,2026-08-24,kelp_nearshore,bonito,10,163.0,85.7,31.0,0.0,31.0,0.3617,0.7162,0.505,54.6,Fair,0.0,True,final,0,2026-10-04T06:17:45Z,40,2026-08-24,San Diego Fish Reports dock totals,10,backfilled;low_effort;in_reference_window
L1|2026-08-24|kelp_nearshore|calico_bass,L1,2026-08-24,kelp_nearshore,calico_bass,10,163.0,85.7,68.0,110.0,178.0,2.077,1.7014,1.221,75.4,Very Good,1.0,True,final,0,2026-10-04T06:17:45Z,40,2026-08-24,San Diego Fish Reports dock totals,10,backfilled;low_effort;in_reference_window
L1|2026-08-24|kelp_nearshore|california_halibut,L1,2026-08-24,kelp_nearshore,california_halibut,10,163.0,85.7,0.0,0.0,0.0,0.0,0.5,,,,,True,no_reference,0,2026-10-04T06:17:45Z,40,2026-08-24,San Diego Fish Reports dock totals,10,backfilled;reference_default;sparse_species;low_effort;in_reference_window
L1|2026-08-24|kelp_nearshore|rockfish,L1,2026-08-24,kelp_nearshore,rockfish,10,163.0,85.7,49.0,0.0,49.0,0.5718,0.9295,0.615,60.4,Good,1.0,True,final,0,2026-10-04T06:17:45Z,40,2026-08-24,San Diego Fish Reports dock totals,10,backfilled;low_effort;in_reference_window
L1|2026-08-24|kelp_nearshore|sand_bass,L1,2026-08-24,kelp_nearshore,sand_bass,10,163.0,85.7,29.0,0.0,29.0,0.3384,0.3533,0.958,68.9,Good,1.0,True,final,0,2026-10-04T06:17:45Z,40,2026-08-24,San Diego Fish Reports dock totals,10,backfilled;low_effort;in_reference_window
L1|2026-08-24|kelp_nearshore|sheephead,L1,2026-08-24,kelp_nearshore,sheephead,10,163.0,85.7,12.0,0.0,12.0,0.14,0.14,1.0,70.0,Good,1.0,True,final,0,2026-10-04T06:17:45Z,40,2026-08-24,San Diego Fish Reports dock totals,10,backfilled;low_effort;in_reference_window
L1|2026-08-24|kelp_nearshore|white_seabass,L1,2026-08-24,kelp_nearshore,white_seabass,10,163.0,85.7,1.0,0.0,1.0,0.0117,0.5,,,,,True,no_reference,0,2026-10-04T06:17:45Z,40,2026-08-24,San Diego Fish Reports dock totals,10,backfilled;reference_default;sparse_species;low_effort;in_reference_window
L1|2026-08-24|kelp_nearshore|yellowtail,L1,2026-08-24,kelp_nearshore,yellowtail,10,163.0,85.7,15.0,0.0,15.0,0.175,0.1053,1.662,83.7,Very Good,1.0,True,final,0,2026-10-04T06:17:45Z,40,2026-08-24,San Diego Fish Reports dock totals,10,backfilled;low_effort;in_reference_window
L1|2026-08-24|offshore_banks|barracuda,L1,2026-08-24,offshore_banks,barracuda,8,191.0,202.0,0.0,0.0,0.0,0.0,0.5,,,,,True,no_reference,0,2026-10-04T06:17:45Z,40,2026-08-24,San Diego Fish Reports dock totals,8,overnight_destination_uncertain;backfilled;reference_default;in_reference_window
L1|2026-08-24|offshore_banks|bluefin_tuna,L1,2026-08-24,offshore_banks,bluefin_tuna,8,191.0,202.0,0.0,0.0,0.0,0.0,0.0042,,,,,True,no_reference,0,2026-10-04T06:17:45Z,40,2026-08-24,San Diego Fish Reports dock totals,8,overnight_destination_uncertain;backfilled;reference_species_fallback;in_reference_window
L1|2026-08-24|offshore_banks|bonito,L1,2026-08-24,offshore_banks,bonito,8,191.0,202.0,6.0,0.0,6.0,0.0297,0.0297,1.0,70.0,Good,1.0,True,final,0,2026-10-04T06:17:45Z,40,2026-08-24,San Diego Fish Reports dock totals,8,overnight_destination_uncertain;backfilled;in_reference_window
L1|2026-08-24|offshore_banks|dorado,L1,2026-08-24,offshore_banks,dorado,8,191.0,202.0,23.0,0.0,23.0,0.1139,0.068,1.674,83.9,Very Good,1.0,True,final,0,2026-10-04T06:17:45Z,40,2026-08-24,San Diego Fish Reports dock totals,8,overnight_destination_uncertain;backfilled;in_reference_window
L1|2026-08-24|offshore_banks|rockfish,L1,2026-08-24,offshore_banks,rockfish,8,191.0,202.0,0.0,0.0,0.0,0.0,0.0499,,,,,True,no_reference,0,2026-10-04T06:17:45Z,40,2026-08-24,San Diego Fish Reports dock totals,8,overnight_destination_uncertain;backfilled;reference_species_fallback;in_reference_window
L1|2026-08-24|offshore_banks|sheephead,L1,2026-08-24,offshore_banks,sheephead,8,191.0,202.0,0.0,0.0,0.0,0.0,0.5,,,,,True,no_reference,0,2026-10-04T06:17:45Z,40,2026-08-24,San Diego Fish Reports dock totals,8,overnight_destination_uncertain;backfilled;reference_default;in_reference_window
L1|2026-08-24|offshore_banks|white_seabass,L1,2026-08-24,offshore_banks,white_seabass,8,191.0,202.0,0.0,0.0,0.0,0.0,0.5,,,,,True,no_reference,0,2026-10-04T06:17:45Z,40,2026-08-24,San Diego Fish Reports dock totals,8,overnight_destination_uncertain;backfilled;reference_default;sparse_species;in_reference_window
L1|2026-08-24|offshore_banks|yellowfin_tuna,L1,2026-08-24,offshore_banks,yellowfin_tuna,8,191.0,202.0,514.0,0.0,514.0,2.5446,1.0526,2.417,92.1,Excellent,1.0,True,final,0,2026-10-04T06:17:45Z,40,2026-08-24,San Diego Fish Reports dock totals,8,overnight_destination_uncertain;backfilled;in_reference_window
L1|2026-08-24|offshore_banks|yellowtail,L1,2026-08-24,offshore_banks,yellowtail,8,191.0,202.0,70.0,0.0,70.0,0.3465,0.3983,0.87,66.8,Good,1.0,True,final,0,2026-10-04T06:17:45Z,40,2026-08-24,San Diego Fish Reports dock totals,8,overnight_destination_uncertain;backfilled;in_reference_window
L1|2026-08-25|coronados|barracuda,L1,2026-08-25,coronados,barracuda,4,124.0,124.0,0.0,0.0,0.0,0.0,0.5,,,,,True,no_reference,0,2026-10-04T06:17:47Z,39,2026-08-25,San Diego Fish Reports dock totals,4,backfilled;reference_default;in_reference_window
L1|2026-08-25|coronados|bluefin_tuna,L1,2026-08-25,coronados,bluefin_tuna,4,124.0,124.0,0.0,0.0,0.0,0.0,0.0042,,,,,True,no_reference,0,2026-10-04T06:17:47Z,39,2026-08-25,San Diego Fish Reports dock totals,4,backfilled;reference_species_fallback;in_reference_window
L1|2026-08-25|coronados|bonito,L1,2026-08-25,coronados,bonito,4,124.0,124.0,102.0,0.0,102.0,0.8226,0.676,1.217,75.3,Very Good,1.0,True,final,0,2026-10-04T06:17:47Z,39,2026-08-25,San Diego Fish Reports dock totals,4,backfilled;in_reference_window
L1|2026-08-25|coronados|calico_bass,L1,2026-08-25,coronados,calico_bass,4,124.0,124.0,0.0,0.0,0.0,0.0,1.3322,,,,,True,no_reference,0,2026-10-04T06:17:47Z,39,2026-08-25,San Diego Fish Reports dock totals,4,backfilled;reference_species_fallback;in_reference_window
L1|2026-08-25|coronados|dorado,L1,2026-08-25,coronados,dorado,4,124.0,124.0,0.0,0.0,0.0,0.0,0.0524,,,,,True,no_reference,0,2026-10-04T06:17:47Z,39,2026-08-25,San Diego Fish Reports dock totals,4,backfilled;reference_species_fallback;in_reference_window
L1|2026-08-25|coronados|rockfish,L1,2026-08-25,coronados,rockfish,4,124.0,124.0,0.0,0.0,0.0,0.0,0.0499,,,,,True,no_reference,0,2026-10-04T06:17:47Z,39,2026-08-25,San Diego Fish Reports dock totals,4,backfilled;reference_species_fallback;in_reference_window
L1|2026-08-25|coronados|sheephead,L1,2026-08-25,coronados,sheephead,4,124.0,124.0,0.0,0.0,0.0,0.0,0.5,,,,,True,no_reference,0,2026-10-04T06:17:47Z,39,2026-08-25,San Diego Fish Reports dock totals,4,backfilled;reference_default;in_reference_window
L1|2026-08-25|coronados|white_seabass,L1,2026-08-25,coronados,white_seabass,4,124.0,124.0,0.0,0.0,0.0,0.0,0.5,,,,,True,no_reference,0,2026-10-04T06:17:47Z,39,2026-08-25,San Diego Fish Reports dock totals,4,backfilled;reference_default;sparse_species;in_reference_window
L1|2026-08-25|coronados|yellowfin_tuna,L1,2026-08-25,coronados,yellowfin_tuna,4,124.0,124.0,0.0,0.0,0.0,0.0,0.2614,,,,,True,no_reference,0,2026-10-04T06:17:47Z,39,2026-08-25,San Diego Fish Reports dock totals,4,backfilled;reference_species_fallback;in_reference_window
L1|2026-08-25|coronados|yellowtail,L1,2026-08-25,coronados,yellowtail,4,124.0,124.0,294.0,0.0,294.0,2.371,2.8371,0.836,65.9,Good,1.0,True,final,0,2026-10-04T06:17:47Z,39,2026-08-25,San Diego Fish Reports dock totals,4,backfilled;in_reference_window
L1|2026-08-25|extended_offshore|bluefin_tuna,L1,2026-08-25,extended_offshore,bluefin_tuna,10,101.5,218.5,168.0,0.0,168.0,0.7689,0.0233,32.999,100.0,Excellent,1.0,True,final,1,2026-10-04T06:17:49Z,39,2026-08-25;2026-08-26,San Diego Fish Reports dock totals,10,backfilled;multi_day_split;in_reference_window
L1|2026-08-25|extended_offshore|bonito,L1,2026-08-25,extended_offshore,bonito,10,101.5,218.5,0.0,0.0,0.0,0.0,0.0623,,,,,True,no_reference,1,2026-10-04T06:17:49Z,39,2026-08-25;2026-08-26,San Diego Fish Reports dock totals,10,backfilled;multi_day_split;reference_species_fallback;in_reference_window
L1|2026-08-25|extended_offshore|dorado,L1,2026-08-25,extended_offshore,dorado,10,101.5,218.5,23.0,0.0,23.0,0.1053,0.1053,1.0,70.0,Good,1.0,True,final,1,2026-10-04T06:17:49Z,39,2026-08-25;2026-08-26,San Diego Fish Reports dock totals,10,backfilled;multi_day_split;in_reference_window
L1|2026-08-25|extended_offshore|rockfish,L1,2026-08-25,extended_offshore,rockfish,10,101.5,218.5,15.0,0.0,15.0,0.0686,0.0499,1.376,78.3,Very Good,1.0,True,final,1,2026-10-04T06:17:49Z,39,2026-08-25;2026-08-26,San Diego Fish Reports dock totals,10,backfilled;multi_day_split;in_reference_window
L1|2026-08-25|extended_offshore|sheephead,L1,2026-08-25,extended_offshore,sheephead,10,101.5,218.5,0.0,0.0,0.0,0.0,0.5,,,,,True,no_reference,1,2026-10-04T06:17:49Z,39,2026-08-25;2026-08-26,San Diego Fish Reports dock totals,10,backfilled;multi_day_split;reference_default;in_reference_window
L1|2026-08-25|extended_offshore|white_seabass,L1,2026-08-25,extended_offshore,white_seabass,10,101.5,218.5,0.0,0.0,0.0,0.0,0.5,,,,,True,no_reference,1,2026-10-04T06:17:49Z,39,2026-08-25;2026-08-26,San Diego Fish Reports dock totals,10,backfilled;multi_day_split;reference_default;sparse_species;in_reference_window
L1|2026-08-25|extended_offshore|yellowfin_tuna,L1,2026-08-25,extended_offshore,yellowfin_tuna,10,101.5,218.5,51.5,6.5,58.0,0.2654,0.1359,1.953,89.1,Very Good,1.0,True,final,1,2026-10-04T06:17:49Z,39,2026-08-25;2026-08-26,San Diego Fish Reports dock totals,10,backfilled;multi_day_split;in_reference_window
L1|2026-08-25|extended_offshore|yellowtail,L1,2026-08-25,extended_offshore,yellowtail,10,101.5,218.5,111.0,0.0,111.0,0.508,0.9301,0.546,56.9,Fair,0.0,True,final,1,2026-10-04T06:17:49Z,39,2026-08-25;2026-08-26,San Diego Fish Reports dock totals,10,backfilled;multi_day_split;in_reference_window
L1|2026-08-25|kelp_nearshore|barracuda,L1,2026-08-25,kelp_nearshore,barracuda,8,124.0,64.2,0.0,0.0,0.0,0.0,0.0421,0.0,0.0,Poor,0.0,True,final,0,2026-10-04T06:17:47Z,39,2026-08-25,San Diego Fish Reports dock totals,8,backfilled;low_effort;in_reference_window;effort_adjusted_zero
L1|2026-08-25|kelp_nearshore|bonito,L1,2026-08-25,kelp_nearshore,bonito,8,124.0,64.2,75.0,0.0,75.0,1.1691,0.7162,1.632,83.1,Very Good,1.0,True,final,0,2026-10-04T06:17:47Z,39,2026-08-25,San Diego Fish Reports dock totals,8,backfilled;low_effort;in_reference_window
L1|2026-08-25|kelp_nearshore|calico_bass,L1,2026-08-25,kelp_nearshore,calico_bass,8,124.0,64.2,50.0,100.0,150.0,2.3383,1.7014,1.374,78.3,Very Good,1.0,True,final,0,2026-10-04T06:17:47Z,39,2026-08-25,San Diego Fish Reports dock totals,8,backfilled;low_effort;in_reference_window
L1|2026-08-25|kelp_nearshore|california_halibut,L1,2026-08-25,kelp_nearshore,california_halibut,8,124.0,64.2,0.0,0.0,0.0,0.0,0.5,,,,,True,no_reference,0,2026-10-04T06:17:47Z,39,2026-08-25,San Diego Fish Reports dock totals,8,backfilled;reference_default;sparse_species;low_effort;in_reference_window
L1|2026-08-25|kelp_nearshore|rockfish,L1,2026-08-25,kelp_nearshore,rockfish,8,124.0,64.2,17.0,0.0,17.0,0.265,0.9295,0.285,42.0,Fair,0.0,True,final,0,2026-10-04T06:17:47Z,39,2026-08-25,San Diego Fish Reports dock totals,8,backfilled;low_effort;in_reference_window
L1|2026-08-25|kelp_nearshore|sand_bass,L1,2026-08-25,kelp_nearshore,sand_bass,8,124.0,64.2,28.0,10.0,38.0,0.5924,0.3533,1.677,83.9,Very Good,1.0,True,final,0,2026-10-04T06:17:47Z,39,2026-08-25,San Diego Fish Reports dock totals,8,backfilled;low_effort;in_reference_window
L1|2026-08-25|kelp_nearshore|sheephead,L1,2026-08-25,kelp_nearshore,sheephead,8,124.0,64.2,12.0,0.0,12.0,0.1871,0.14,1.336,77.6,Very Good,1.0,True,final,0,2026-10-04T06:17:47Z,39,2026-08-25,San Diego Fish Reports dock totals,8,backfilled;low_effort;in_reference_window
L1|2026-08-25|kelp_nearshore|white_seabass,L1,2026-08-25,kelp_nearshore,white_seabass,8,124.0,64.2,0.0,0.0,0.0,0.0,0.5,,,,,True,no_reference,0,2026-10-04T06:17:47Z,39,2026-08-25,San Diego Fish Reports dock totals,8,backfilled;reference_default;sparse_species;low_effort;in_reference_window
L1|2026-08-25|kelp_nearshore|yellowtail,L1,2026-08-25,kelp_nearshore,yellowtail,8,124.0,64.2,29.0,0.0,29.0,0.4521,0.1053,4.293,100.0,Excellent,1.0,True,final,0,2026-10-04T06:17:47Z,39,2026-08-25,San Diego Fish Reports dock totals,8,backfilled;low_effort;in_reference_window
L1|2026-08-25|offshore_banks|barracuda,L1,2026-08-25,offshore_banks,barracuda,8,187.0,232.5,0.0,0.0,0.0,0.0,0.5,,,,,True,no_reference,0,2026-10-04T06:17:47Z,39,2026-08-25,San Diego Fish Reports dock totals,8,overnight_destination_uncertain;backfilled;reference_default;in_reference_window
L1|2026-08-25|offshore_banks|bluefin_tuna,L1,2026-08-25,offshore_banks,bluefin_tuna,8,187.0,232.5,36.0,0.0,36.0,0.1548,0.0042,,,,,True,no_reference,0,2026-10-04T06:17:47Z,39,2026-08-25,San Diego Fish Reports dock totals,8,overnight_destination_uncertain;backfilled;reference_species_fallback;in_reference_window
L1|2026-08-25|offshore_banks|bonito,L1,2026-08-25,offshore_banks,bonito,8,187.0,232.5,9.0,0.0,9.0,0.0387,0.0297,1.303,76.9,Very Good,1.0,True,final,0,2026-10-04T06:17:47Z,39,2026-08-25,San Diego Fish Reports dock totals,8,overnight_destination_uncertain;backfilled;in_reference_window
L1|2026-08-25|offshore_banks|dorado,L1,2026-08-25,offshore_banks,dorado,8,187.0,232.5,14.0,0.0,14.0,0.0602,0.068,0.886,67.1,Good,1.0,True,final,0,2026-10-04T06:17:47Z,39,2026-08-25,San Diego Fish Reports dock totals,8,overnight_destination_uncertain;backfilled;in_reference_window
L1|2026-08-25|offshore_banks|rockfish,L1,2026-08-25,offshore_banks,rockfish,8,187.0,232.5,123.0,0.0,123.0,0.529,0.0499,,,,,True,no_reference,0,2026-10-04T06:17:47Z,39,2026-08-25,San Diego Fish Reports dock totals,8,overnight_destination_uncertain;backfilled;reference_species_fallback;in_reference_window
L1|2026-08-25|offshore_banks|sheephead,L1,2026-08-25,offshore_banks,sheephead,8,187.0,232.5,11.0,0.0,11.0,0.0473,0.5,,,,,True,no_reference,0,2026-10-04T06:17:47Z,39,2026-08-25,San Diego Fish Reports dock totals,8,overnight_destination_uncertain;backfilled;reference_default;in_reference_window
L1|2026-08-25|offshore_banks|white_seabass,L1,2026-08-25,offshore_banks,white_seabass,8,187.0,232.5,0.0,0.0,0.0,0.0,0.5,,,,,True,no_reference,0,2026-10-04T06:17:47Z,39,2026-08-25,San Diego Fish Reports dock totals,8,overnight_destination_uncertain;backfilled;reference_default;sparse_species;in_reference_window
L1|2026-08-25|offshore_banks|yellowfin_tuna,L1,2026-08-25,offshore_banks,yellowfin_tuna,8,187.0,232.5,318.0,0.0,318.0,1.3677,1.0526,1.299,76.9,Very Good,1.0,True,final,0,2026-10-04T06:17:47Z,39,2026-08-25,San Diego Fish Reports dock totals,8,overnight_destination_uncertain;backfilled;in_reference_window
L1|2026-08-25|offshore_banks|yellowtail,L1,2026-08-25,offshore_banks,yellowtail,8,187.0,232.5,126.0,0.0,126.0,0.5419,0.3983,1.361,78.0,Very Good,1.0,True,final,0,2026-10-04T06:17:47Z,39,2026-08-25,San Diego Fish Reports dock totals,8,overnight_destination_uncertain;backfilled;in_reference_window
L1|2026-08-26|coronados|barracuda,L1,2026-08-26,coronados,barracuda,3,82.0,82.0,0.0,0.0,0.0,0.0,0.5,,,,,True,no_reference,0,2026-10-04T06:17:49Z,38,2026-08-26,San Diego Fish Reports dock totals,3,backfilled;reference_default;low_effort;in_reference_window
L1|2026-08-26|coronados|bluefin_tuna,L1,2026-08-26,coronados,bluefin_tuna,3,82.0,82.0,0.0,0.0,0.0,0.0,0.0042,,,,,True,no_reference,0,2026-10-04T06:17:49Z,38,2026-08-26,San Diego Fish Reports dock totals,3,backfilled;reference_species_fallback;low_effort;in_reference_window
L1|2026-08-26|coronados|bonito,L1,2026-08-26,coronados,bonito,3,82.0,82.0,79.0,0.0,79.0,0.9634,0.676,1.425,79.2,Very Good,1.0,True,final,0,2026-10-04T06:17:49Z,38,2026-08-26,San Diego Fish Reports dock totals,3,backfilled;low_effort;in_reference_window
L1|2026-08-26|coronados|calico_bass,L1,2026-08-26,coronados,calico_bass,3,82.0,82.0,0.0,0.0,0.0,0.0,1.3322,,,,,True,no_reference,0,2026-10-04T06:17:49Z,38,2026-08-26,San Diego Fish Reports dock totals,3,backfilled;reference_species_fallback;low_effort;in_reference_window
L1|2026-08-26|coronados|dorado,L1,2026-08-26,coronados,dorado,3,82.0,82.0,0.0,0.0,0.0,0.0,0.0524,,,,,True,no_reference,0,2026-10-04T06:17:49Z,38,2026-08-26,San Diego Fish Reports dock totals,3,backfilled;reference_species_fallback;low_effort;in_reference_window
L1|2026-08-26|coronados|rockfish,L1,2026-08-26,coronados,rockfish,3,82.0,82.0,0.0,0.0,0.0,0.0,0.0499,,,,,True,no_reference,0,2026-10-04T06:17:49Z,38,2026-08-26,San Diego Fish Reports dock totals,3,backfilled;reference_species_fallback;low_effort;in_reference_window
L1|2026-08-26|coronados|sheephead,L1,2026-08-26,coronados,sheephead,3,82.0,82.0,0.0,0.0,0.0,0.0,0.5,,,,,True,no_reference,0,2026-10-04T06:17:49Z,38,2026-08-26,San Diego Fish Reports dock totals,3,backfilled;reference_default;low_effort;in_reference_window
L1|2026-08-26|coronados|white_seabass,L1,2026-08-26,coronados,white_seabass,3,82.0,82.0,0.0,0.0,0.0,0.0,0.5,,,,,True,no_reference,0,2026-10-04T06:17:49Z,38,2026-08-26,San Diego Fish Reports dock totals,3,backfilled;reference_default;sparse_species;low_effort;in_reference_window
L1|2026-08-26|coronados|yellowfin_tuna,L1,2026-08-26,coronados,yellowfin_tuna,3,82.0,82.0,0.0,0.0,0.0,0.0,0.2614,,,,,True,no_reference,0,2026-10-04T06:17:49Z,38,2026-08-26,San Diego Fish Reports dock totals,3,backfilled;reference_species_fallback;low_effort;in_reference_window
L1|2026-08-26|coronados|yellowtail,L1,2026-08-26,coronados,yellowtail,3,82.0,82.0,138.0,0.0,138.0,1.6829,2.8371,0.593,59.6,Fair,0.0,True,final,0,2026-10-04T06:17:49Z,38,2026-08-26,San Diego Fish Reports dock totals,3,backfilled;low_effort;in_reference_window
L1|2026-08-26|extended_offshore|bluefin_tuna,L1,2026-08-26,extended_offshore,bluefin_tuna,8,77.5,169.2,221.0,0.0,221.0,1.3058,0.0233,56.041,100.0,Excellent,1.0,True,final,1,2026-10-04T06:17:51Z,38,2026-08-26;2026-08-27,San Diego Fish Reports dock totals,8,backfilled;multi_day_split;in_reference_window
L1|2026-08-26|extended_offshore|bonito,L1,2026-08-26,extended_offshore,bonito,8,77.5,169.2,0.0,0.0,0.0,0.0,0.0623,,,,,True,no_reference,1,2026-10-04T06:17:51Z,38,2026-08-26;2026-08-27,San Diego Fish Reports dock totals,8,backfilled;multi_day_split;reference_species_fallback;in_reference_window
L1|2026-08-26|extended_offshore|dorado,L1,2026-08-26,extended_offshore,dorado,8,77.5,169.2,28.5,0.0,28.5,0.1684,0.1053,1.599,82.5,Very Good,1.0,True,final,1,2026-10-04T06:17:51Z,38,2026-08-26;2026-08-27,San Diego Fish Reports dock totals,8,backfilled;multi_day_split;in_reference_window
L1|2026-08-26|extended_offshore|rockfish,L1,2026-08-26,extended_offshore,rockfish,8,77.5,169.2,15.0,0.0,15.0,0.0886,0.0499,1.776,85.8,Very Good,1.0,True,final,1,2026-10-04T06:17:51Z,38,2026-08-26;2026-08-27,San Diego Fish Reports dock totals,8,backfilled;multi_day_split;in_reference_window
L1|2026-08-26|extended_offshore|sheephead,L1,2026-08-26,extended_offshore,sheephead,8,77.5,169.2,0.0,0.0,0.0,0.0,0.5,,,,,True,no_reference,1,2026-10-04T06:17:51Z,38,2026-08-26;2026-08-27,San Diego Fish Reports dock totals,8,backfilled;multi_day_split;reference_default;in_reference_window
L1|2026-08-26|extended_offshore|white_seabass,L1,2026-08-26,extended_offshore,white_seabass,8,77.5,169.2,0.0,0.0,0.0,0.0,0.5,,,,,True,no_reference,1,2026-10-04T06:17:51Z,38,2026-08-26;2026-08-27,San Diego Fish Reports dock totals,8,backfilled;multi_day_split;reference_default;sparse_species;in_reference_window
L1|2026-08-26|extended_offshore|yellowfin_tuna,L1,2026-08-26,extended_offshore,yellowfin_tuna,8,77.5,169.2,25.5,6.5,32.0,0.1891,0.1359,1.391,78.6,Very Good,1.0,True,final,1,2026-10-04T06:17:51Z,38,2026-08-26;2026-08-27,San Diego Fish Reports dock totals,8,backfilled;multi_day_split;in_reference_window
L1|2026-08-26|extended_offshore|yellowtail,L1,2026-08-26,extended_offshore,yellowtail,8,77.5,169.2,82.5,0.0,82.5,0.4874,0.9301,0.524,55.7,Fair,0.0,True,final,1,2026-10-04T06:17:51Z,38,2026-08-26;2026-08-27,San Diego Fish Reports dock totals,8,backfilled;multi_day_split;in_reference_window
L1|2026-08-26|kelp_nearshore|barracuda,L1,2026-08-26,kelp_nearshore,barracuda,10,174.0,95.8,11.0,0.0,11.0,0.1149,0.0421,2.729,93.6,Excellent,1.0,True,final,0,2026-10-04T06:17:49Z,38,2026-08-26,San Diego Fish Reports dock totals,10,backfilled;low_effort;in_reference_window
L1|2026-08-26|kelp_nearshore|bonito,L1,2026-08-26,kelp_nearshore,bonito,10,174.0,95.8,432.0,0.0,432.0,4.5117,0.7162,6.3,100.0,Excellent,1.0,True,final,0,2026-10-04T06:17:49Z,38,2026-08-26,San Diego Fish Reports dock totals,10,backfilled;low_effort;in_reference_window
L1|2026-08-26|kelp_nearshore|calico_bass,L1,2026-08-26,kelp_nearshore,calico_bass,10,174.0,95.8,44.0,30.0,74.0,0.7728,1.7014,0.454,51.7,Fair,0.0,True,final,0,2026-10-04T06:17:49Z,38,2026-08-26,San Diego Fish Reports dock totals,10,backfilled;low_effort;in_reference_window
L1|2026-08-26|kelp_nearshore|california_halibut,L1,2026-08-26,kelp_nearshore,california_halibut,10,174.0,95.8,0.0,0.0,0.0,0.0,0.5,,,,,True,no_reference,0,2026-10-04T06:17:49Z,38,2026-08-26,San Diego Fish Reports dock totals,10,backfilled;reference_default;sparse_species;low_effort;in_reference_window
L1|2026-08-26|kelp_nearshore|rockfish,L1,2026-08-26,kelp_nearshore,rockfish,10,174.0,95.8,89.0,0.0,89.0,0.9295,0.9295,1.0,70.0,Good,1.0,True,final,0,2026-10-04T06:17:49Z,38,2026-08-26,San Diego Fish Reports dock totals,10,backfilled;low_effort;in_reference_window
L1|2026-08-26|kelp_nearshore|sand_bass,L1,2026-08-26,kelp_nearshore,sand_bass,10,174.0,95.8,14.0,0.0,14.0,0.1462,0.3533,0.414,49.4,Fair,0.0,True,final,0,2026-10-04T06:17:49Z,38,2026-08-26,San Diego Fish Reports dock totals,10,backfilled;low_effort;in_reference_window
L1|2026-08-26|kelp_nearshore|sheephead,L1,2026-08-26,kelp_nearshore,sheephead,10,174.0,95.8,1.0,0.0,1.0,0.0104,0.14,0.075,11.9,Poor,0.0,True,final,0,2026-10-04T06:17:49Z,38,2026-08-26,San Diego Fish Reports dock totals,10,backfilled;low_effort;in_reference_window
L1|2026-08-26|kelp_nearshore|white_seabass,L1,2026-08-26,kelp_nearshore,white_seabass,10,174.0,95.8,0.0,0.0,0.0,0.0,0.5,,,,,True,no_reference,0,2026-10-04T06:17:49Z,38,2026-08-26,San Diego Fish Reports dock totals,10,backfilled;reference_default;sparse_species;low_effort;in_reference_window
L1|2026-08-26|kelp_nearshore|yellowtail,L1,2026-08-26,kelp_nearshore,yellowtail,10,174.0,95.8,53.0,0.0,53.0,0.5535,0.1053,5.257,100.0,Excellent,1.0,True,final,0,2026-10-04T06:17:49Z,38,2026-08-26,San Diego Fish Reports dock totals,10,backfilled;low_effort;in_reference_window
L1|2026-08-26|offshore_banks|barracuda,L1,2026-08-26,offshore_banks,barracuda,5,103.0,103.0,0.0,0.0,0.0,0.0,0.5,,,,,True,no_reference,0,2026-10-04T06:17:49Z,38,2026-08-26,San Diego Fish Reports dock totals,5,overnight_destination_uncertain;backfilled;reference_default;in_reference_window
L1|2026-08-26|offshore_banks|bluefin_tuna,L1,2026-08-26,offshore_banks,bluefin_tuna,5,103.0,103.0,0.0,0.0,0.0,0.0,0.0042,,,,,True,no_reference,0,2026-10-04T06:17:49Z,38,2026-08-26,San Diego Fish Reports dock totals,5,overnight_destination_uncertain;backfilled;reference_species_fallback;in_reference_window
L1|2026-08-26|offshore_banks|bonito,L1,2026-08-26,offshore_banks,bonito,5,103.0,103.0,0.0,0.0,0.0,0.0,0.0297,0.0,0.0,Poor,0.0,True,final,0,2026-10-04T06:17:49Z,38,2026-08-26,San Diego Fish Reports dock totals,5,overnight_destination_uncertain;backfilled;in_reference_window;effort_adjusted_zero
L1|2026-08-26|offshore_banks|dorado,L1,2026-08-26,offshore_banks,dorado,5,103.0,103.0,7.0,0.0,7.0,0.068,0.068,0.999,70.0,Good,1.0,True,final,0,2026-10-04T06:17:49Z,38,2026-08-26,San Diego Fish Reports dock totals,5,overnight_destination_uncertain;backfilled;in_reference_window
L1|2026-08-26|offshore_banks|rockfish,L1,2026-08-26,offshore_banks,rockfish,5,103.0,103.0,0.0,0.0,0.0,0.0,0.0499,,,,,True,no_reference,0,2026-10-04T06:17:49Z,38,2026-08-26,San Diego Fish Reports dock totals,5,overnight_destination_uncertain;backfilled;reference_species_fallback;in_reference_window
L1|2026-08-26|offshore_banks|sheephead,L1,2026-08-26,offshore_banks,sheephead,5,103.0,103.0,0.0,0.0,0.0,0.0,0.5,,,,,True,no_reference,0,2026-10-04T06:17:49Z,38,2026-08-26,San Diego Fish Reports dock totals,5,overnight_destination_uncertain;backfilled;reference_default;in_reference_window
L1|2026-08-26|offshore_banks|white_seabass,L1,2026-08-26,offshore_banks,white_seabass,5,103.0,103.0,0.0,0.0,0.0,0.0,0.5,,,,,True,no_reference,0,2026-10-04T06:17:49Z,38,2026-08-26,San Diego Fish Reports dock totals,5,overnight_destination_uncertain;backfilled;reference_default;sparse_species;in_reference_window
L1|2026-08-26|offshore_banks|yellowfin_tuna,L1,2026-08-26,offshore_banks,yellowfin_tuna,5,103.0,103.0,304.0,0.0,304.0,2.9515,1.0526,2.804,94.0,Excellent,1.0,True,final,0,2026-10-04T06:17:49Z,38,2026-08-26,San Diego Fish Reports dock totals,5,overnight_destination_uncertain;backfilled;in_reference_window
L1|2026-08-26|offshore_banks|yellowtail,L1,2026-08-26,offshore_banks,yellowtail,5,103.0,103.0,33.0,0.0,33.0,0.3204,0.3983,0.804,65.1,Good,1.0,True,final,0,2026-10-04T06:17:49Z,38,2026-08-26,San Diego Fish Reports dock totals,5,overnight_destination_uncertain;backfilled;in_reference_window
L1|2026-08-27|coronados|barracuda,L1,2026-08-27,coronados,barracuda,3,67.0,67.0,0.0,0.0,0.0,0.0,0.5,,,,,True,no_reference,0,2026-10-04T06:17:51Z,37,2026-08-27,San Diego Fish Reports dock totals,3,backfilled;reference_default;low_effort;in_reference_window
L1|2026-08-27|coronados|bluefin_tuna,L1,2026-08-27,coronados,bluefin_tuna,3,67.0,67.0,0.0,0.0,0.0,0.0,0.0042,,,,,True,no_reference,0,2026-10-04T06:17:51Z,37,2026-08-27,San Diego Fish Reports dock totals,3,backfilled;reference_species_fallback;low_effort;in_reference_window
L1|2026-08-27|coronados|bonito,L1,2026-08-27,coronados,bonito,3,67.0,67.0,116.0,0.0,116.0,1.7313,0.676,2.561,92.8,Excellent,1.0,True,final,0,2026-10-04T06:17:51Z,37,2026-08-27,San Diego Fish Reports dock totals,3,backfilled;low_effort;in_reference_window
L1|2026-08-27|coronados|calico_bass,L1,2026-08-27,coronados,calico_bass,3,67.0,67.0,6.0,0.0,6.0,0.0896,1.3322,,,,,True,no_reference,0,2026-10-04T06:17:51Z,37,2026-08-27,San Diego Fish Reports dock totals,3,backfilled;reference_species_fallback;low_effort;in_reference_window
L1|2026-08-27|coronados|dorado,L1,2026-08-27,coronados,dorado,3,67.0,67.0,0.0,0.0,0.0,0.0,0.0524,,,,,True,no_reference,0,2026-10-04T06:17:51Z,37,2026-08-27,San Diego Fish Reports dock totals,3,backfilled;reference_species_fallback;low_effort;in_reference_window
L1|2026-08-27|coronados|rockfish,L1,2026-08-27,coronados,rockfish,3,67.0,67.0,0.0,0.0,0.0,0.0,0.0499,,,,,True,no_reference,0,2026-10-04T06:17:51Z,37,2026-08-27,San Diego Fish Reports dock totals,3,backfilled;reference_species_fallback;low_effort;in_reference_window
L1|2026-08-27|coronados|sheephead,L1,2026-08-27,coronados,sheephead,3,67.0,67.0,0.0,0.0,0.0,0.0,0.5,,,,,True,no_reference,0,2026-10-04T06:17:51Z,37,2026-08-27,San Diego Fish Reports dock totals,3,backfilled;reference_default;low_effort;in_reference_window
L1|2026-08-27|coronados|white_seabass,L1,2026-08-27,coronados,white_seabass,3,67.0,67.0,0.0,0.0,0.0,0.0,0.5,,,,,True,no_reference,0,2026-10-04T06:17:51Z,37,2026-08-27,San Diego Fish Reports dock totals,3,backfilled;reference_default;sparse_species;low_effort;in_reference_window
L1|2026-08-27|coronados|yellowfin_tuna,L1,2026-08-27,coronados,yellowfin_tuna,3,67.0,67.0,0.0,0.0,0.0,0.0,0.2614,,,,,True,no_reference,0,2026-10-04T06:17:51Z,37,2026-08-27,San Diego Fish Reports dock totals,3,backfilled;reference_species_fallback;low_effort;in_reference_window
L1|2026-08-27|coronados|yellowtail,L1,2026-08-27,coronados,yellowtail,3,67.0,67.0,191.0,0.0,191.0,2.8507,2.8371,1.005,70.1,Good,1.0,True,final,0,2026-10-04T06:17:51Z,37,2026-08-27,San Diego Fish Reports dock totals,3,backfilled;low_effort;in_reference_window
L1|2026-08-27|extended_offshore|bluefin_tuna,L1,2026-08-27,extended_offshore,bluefin_tuna,12,96.0,204.0,280.5,0.0,280.5,1.375,0.0233,59.013,100.0,Excellent,1.0,True,final,1,2026-10-04T06:17:53Z,37,2026-08-27;2026-08-28,San Diego Fish Reports dock totals,12,backfilled;multi_day_split;in_reference_window
L1|2026-08-27|extended_offshore|bonito,L1,2026-08-27,extended_offshore,bonito,12,96.0,204.0,0.0,0.0,0.0,0.0,0.0623,,,,,True,no_reference,1,2026-10-04T06:17:53Z,37,2026-08-27;2026-08-28,San Diego Fish Reports dock totals,12,backfilled;multi_day_split;reference_species_fallback;in_reference_window
L1|2026-08-27|extended_offshore|dorado,L1,2026-08-27,extended_offshore,dorado,12,96.0,204.0,49.5,0.0,49.5,0.2426,0.1053,2.304,91.5,Excellent,1.0,True,final,1,2026-10-04T06:17:53Z,37,2026-08-27;2026-08-28,San Diego Fish Reports dock totals,12,backfilled;multi_day_split;in_reference_window
L1|2026-08-27|extended_offshore|rockfish,L1,2026-08-27,extended_offshore,rockfish,12,96.0,204.0,0.0,0.0,0.0,0.0,0.0499,0.0,0.0,Poor,0.0,True,final,1,2026-10-04T06:17:53Z,37,2026-08-27;2026-08-28,San Diego Fish Reports dock totals,12,backfilled;multi_day_split;in_reference_window;effort_adjusted_zero
L1|2026-08-27|extended_offshore|sheephead,L1,2026-08-27,extended_offshore,sheephead,12,96.0,204.0,0.0,0.0,0.0,0.0,0.5,,,,,True,no_reference,1,2026-10-04T06:17:53Z,37,2026-08-27;2026-08-28,San Diego Fish Reports dock totals,12,backfilled;multi_day_split;reference_default;in_reference_window
L1|2026-08-27|extended_offshore|white_seabass,L1,2026-08-27,extended_offshore,white_seabass,12,96.0,204.0,0.0,0.0,0.0,0.0,0.5,,,,,True,no_reference,1,2026-10-04T06:17:53Z,37,2026-08-27;2026-08-28,San Diego Fish Reports dock totals,12,backfilled;multi_day_split;reference_default;sparse_species;in_reference_window
L1|2026-08-27|extended_offshore|yellowfin_tuna,L1,2026-08-27,extended_offshore,yellowfin_tuna,12,96.0,204.0,52.5,0.0,52.5,0.2574,0.1359,1.894,88.0,Very Good,1.0,True,final,1,2026-10-04T06:17:53Z,37,2026-08-27;2026-08-28,San Diego Fish Reports dock totals,12,backfilled;multi_day_split;in_reference_window
L1|2026-08-27|extended_offshore|yellowtail,L1,2026-08-27,extended_offshore,yellowtail,12,96.0,204.0,98.0,0.0,98.0,0.4804,0.9301,0.516,55.2,Fair,0.0,True,final,1,2026-10-04T06:17:53Z,37,2026-08-27;2026-08-28,San Diego Fish Reports dock totals,12,backfilled;multi_day_split;in_reference_window
L1|2026-08-27|kelp_nearshore|barracuda,L1,2026-08-27,kelp_nearshore,barracuda,11,253.0,156.2,4.0,0.0,4.0,0.0256,0.0421,0.608,60.2,Good,1.0,True,final,0,2026-10-04T06:17:51Z,37,2026-08-27,San Diego Fish Reports dock totals,11,backfilled;in_reference_window
L1|2026-08-27|kelp_nearshore|bonito,L1,2026-08-27,kelp_nearshore,bonito,11,253.0,156.2,575.0,0.0,575.0,3.68,0.7162,5.138,100.0,Excellent,1.0,True,final,0,2026-10-04T06:17:51Z,37,2026-08-27,San Diego Fish Reports dock totals,11,backfilled;in_reference_window
L1|2026-08-27|kelp_nearshore|calico_bass,L1,2026-08-27,kelp_nearshore,calico_bass,11,253.0,156.2,90.0,60.0,150.0,0.96,1.7014,0.564,58.0,Fair,0.0,True,final,0,2026-10-04T06:17:51Z,37,2026-08-27,San Diego Fish Reports dock totals,11,backfilled;in_reference_window
L1|2026-08-27|kelp_nearshore|california_halibut,L1,2026-08-27,kelp_nearshore,california_halibut,11,253.0,156.2,0.0,0.0,0.0,0.0,0.5,,,,,True,no_reference,0,2026-10-04T06:17:51Z,37,2026-08-27,San Diego Fish Reports dock totals,11,backfilled;reference_default;sparse_species;in_reference_window
L1|2026-08-27|kelp_nearshore|rockfish,L1,2026-08-27,kelp_nearshore,rockfish,11,253.0,156.2,101.0,0.0,101.0,0.6464,0.9295,0.695,62.4,Good,1.0,True,final,0,2026-10-04T06:17:51Z,37,2026-08-27,San Diego Fish Reports dock totals,11,backfilled;in_reference_window
L1|2026-08-27|kelp_nearshore|sand_bass,L1,2026-08-27,kelp_nearshore,sand_bass,11,253.0,156.2,35.0,30.0,65.0,0.416,0.3533,1.177,74.4,Good,1.0,True,final,0,2026-10-04T06:17:51Z,37,2026-08-27,San Diego Fish Reports dock totals,11,backfilled;in_reference_window
L1|2026-08-27|kelp_nearshore|sheephead,L1,2026-08-27,kelp_nearshore,sheephead,11,253.0,156.2,0.0,0.0,0.0,0.0,0.14,0.0,0.0,Poor,0.0,True,final,0,2026-10-04T06:17:51Z,37,2026-08-27,San Diego Fish Reports dock totals,11,backfilled;in_reference_window;effort_adjusted_zero
L1|2026-08-27|kelp_nearshore|white_seabass,L1,2026-08-27,kelp_nearshore,white_seabass,11,253.0,156.2,0.0,0.0,0.0,0.0,0.5,,,,,True,no_reference,0,2026-10-04T06:17:51Z,37,2026-08-27,San Diego Fish Reports dock totals,11,backfilled;reference_default;sparse_species;in_reference_window
L1|2026-08-27|kelp_nearshore|yellowtail,L1,2026-08-27,kelp_nearshore,yellowtail,11,253.0,156.2,51.0,0.0,51.0,0.3264,0.1053,3.1,95.5,Excellent,1.0,True,final,0,2026-10-04T06:17:51Z,37,2026-08-27,San Diego Fish Reports dock totals,11,backfilled;in_reference_window
L1|2026-08-27|offshore_banks|barracuda,L1,2026-08-27,offshore_banks,barracuda,7,132.0,153.0,0.0,0.0,0.0,0.0,0.5,,,,,True,no_reference,0,2026-10-04T06:17:51Z,37,2026-08-27,San Diego Fish Reports dock totals,7,overnight_destination_uncertain;backfilled;reference_default;in_reference_window
L1|2026-08-27|offshore_banks|bluefin_tuna,L1,2026-08-27,offshore_banks,bluefin_tuna,7,132.0,153.0,50.0,0.0,50.0,0.3268,0.0042,,,,,True,no_reference,0,2026-10-04T06:17:51Z,37,2026-08-27,San Diego Fish Reports dock totals,7,overnight_destination_uncertain;backfilled;reference_species_fallback;in_reference_window
L1|2026-08-27|offshore_banks|bonito,L1,2026-08-27,offshore_banks,bonito,7,132.0,153.0,15.0,0.0,15.0,0.098,0.0297,3.301,96.5,Excellent,1.0,True,final,0,2026-10-04T06:17:51Z,37,2026-08-27,San Diego Fish Reports dock totals,7,overnight_destination_uncertain;backfilled;in_reference_window
L1|2026-08-27|offshore_banks|dorado,L1,2026-08-27,offshore_banks,dorado,7,132.0,153.0,69.0,0.0,69.0,0.451,0.068,6.632,100.0,Excellent,1.0,True,final,0,2026-10-04T06:17:51Z,37,2026-08-27,San Diego Fish Reports dock totals,7,overnight_destination_uncertain;backfilled;in_reference_window
L1|2026-08-27|offshore_banks|rockfish,L1,2026-08-27,offshore_banks,rockfish,7,132.0,153.0,0.0,0.0,0.0,0.0,0.0499,,,,,True,no_reference,0,2026-10-04T06:17:51Z,37,2026-08-27,San Diego Fish Reports dock totals,7,overnight_destination_uncertain;backfilled;reference_species_fallback;in_reference_window
L1|2026-08-27|offshore_banks|sheephead,L1,2026-08-27,offshore_banks,sheephead,7,132.0,153.0,0.0,0.0,0.0,0.0,0.5,,,,,True,no_reference,0,2026-10-04T06:17:51Z,37,2026-08-27,San Diego Fish Reports dock totals,7,overnight_destination_uncertain;backfilled;reference_default;in_reference_window
L1|2026-08-27|offshore_banks|white_seabass,L1,2026-08-27,offshore_banks,white_seabass,7,132.0,153.0,0.0,0.0,0.0,0.0,0.5,,,,,True,no_reference,0,2026-10-04T06:17:51Z,37,2026-08-27,San Diego Fish Reports dock totals,7,overnight_destination_uncertain;backfilled;reference_default;sparse_species;in_reference_window
L1|2026-08-27|offshore_banks|yellowfin_tuna,L1,2026-08-27,offshore_banks,yellowfin_tuna,7,132.0,153.0,182.0,0.0,182.0,1.1895,1.0526,1.13,73.3,Good,1.0,True,final,0,2026-10-04T06:17:51Z,37,2026-08-27,San Diego Fish Reports dock totals,7,overnight_destination_uncertain;backfilled;in_reference_window
L1|2026-08-27|offshore_banks|yellowtail,L1,2026-08-27,offshore_banks,yellowtail,7,132.0,153.0,44.0,0.0,44.0,0.2876,0.3983,0.722,63.1,Good,1.0,True,final,0,2026-10-04T06:17:51Z,37,2026-08-27,San Diego Fish Reports dock totals,7,overnight_destination_uncertain;backfilled;in_reference_window
L1|2026-08-28|coronados|barracuda,L1,2026-08-28,coronados,barracuda,4,100.0,100.0,33.0,0.0,33.0,0.33,0.5,,,,,True,no_reference,0,2026-10-04T06:17:53Z,36,2026-08-28,San Diego Fish Reports dock totals,4,backfilled;reference_default
L1|2026-08-28|coronados|bluefin_tuna,L1,2026-08-28,coronados,bluefin_tuna,4,100.0,100.0,0.0,0.0,0.0,0.0,0.0042,,,,,True,no_reference,0,2026-10-04T06:17:53Z,36,2026-08-28,San Diego Fish Reports dock totals,4,backfilled;reference_species_fallback
L1|2026-08-28|coronados|bonito,L1,2026-08-28,coronados,bonito,4,100.0,100.0,322.0,0.0,322.0,3.22,0.676,4.763,100.0,Excellent,1.0,True,final,0,2026-10-04T06:17:53Z,36,2026-08-28,San Diego Fish Reports dock totals,4,backfilled
L1|2026-08-28|coronados|calico_bass,L1,2026-08-28,coronados,calico_bass,4,100.0,100.0,16.0,0.0,16.0,0.16,1.3322,,,,,True,no_reference,0,2026-10-04T06:17:53Z,36,2026-08-28,San Diego Fish Reports dock totals,4,backfilled;reference_species_fallback
L1|2026-08-28|coronados|dorado,L1,2026-08-28,coronados,dorado,4,100.0,100.0,0.0,0.0,0.0,0.0,0.0524,,,,,True,no_reference,0,2026-10-04T06:17:53Z,36,2026-08-28,San Diego Fish Reports dock totals,4,backfilled;reference_species_fallback
L1|2026-08-28|coronados|rockfish,L1,2026-08-28,coronados,rockfish,4,100.0,100.0,1.0,0.0,1.0,0.01,0.0499,,,,,True,no_reference,0,2026-10-04T06:17:53Z,36,2026-08-28,San Diego Fish Reports dock totals,4,backfilled;reference_species_fallback
L1|2026-08-28|coronados|sheephead,L1,2026-08-28,coronados,sheephead,4,100.0,100.0,0.0,0.0,0.0,0.0,0.5,,,,,True,no_reference,0,2026-10-04T06:17:53Z,36,2026-08-28,San Diego Fish Reports dock totals,4,backfilled;reference_default
L1|2026-08-28|coronados|white_seabass,L1,2026-08-28,coronados,white_seabass,4,100.0,100.0,0.0,0.0,0.0,0.0,0.5,,,,,True,no_reference,0,2026-10-04T06:17:53Z,36,2026-08-28,San Diego Fish Reports dock totals,4,backfilled;reference_default;sparse_species
L1|2026-08-28|coronados|yellowfin_tuna,L1,2026-08-28,coronados,yellowfin_tuna,4,100.0,100.0,0.0,0.0,0.0,0.0,0.2614,,,,,True,no_reference,0,2026-10-04T06:17:53Z,36,2026-08-28,San Diego Fish Reports dock totals,4,backfilled;reference_species_fallback
L1|2026-08-28|coronados|yellowtail,L1,2026-08-28,coronados,yellowtail,4,100.0,100.0,90.0,0.0,90.0,0.9,2.8371,0.317,43.8,Fair,0.0,True,final,0,2026-10-04T06:17:53Z,36,2026-08-28,San Diego Fish Reports dock totals,4,backfilled
L1|2026-08-28|extended_offshore|bluefin_tuna,L1,2026-08-28,extended_offshore,bluefin_tuna,8,60.5,130.0,189.0,0.0,189.0,1.4538,0.0233,62.397,100.0,Excellent,1.0,True,final,1,2026-10-04T06:17:55Z,36,2026-08-28;2026-08-29,San Diego Fish Reports dock totals,8,backfilled;multi_day_split
L1|2026-08-28|extended_offshore|bonito,L1,2026-08-28,extended_offshore,bonito,8,60.5,130.0,0.0,0.0,0.0,0.0,0.0623,,,,,True,no_reference,1,2026-10-04T06:17:55Z,36,2026-08-28;2026-08-29,San Diego Fish Reports dock totals,8,backfilled;multi_day_split;reference_species_fallback
L1|2026-08-28|extended_offshore|dorado,L1,2026-08-28,extended_offshore,dorado,8,60.5,130.0,42.0,0.0,42.0,0.3231,0.1053,3.068,95.3,Excellent,1.0,True,final,1,2026-10-04T06:17:55Z,36,2026-08-28;2026-08-29,San Diego Fish Reports dock totals,8,backfilled;multi_day_split
L1|2026-08-28|extended_offshore|rockfish,L1,2026-08-28,extended_offshore,rockfish,8,60.5,130.0,0.0,0.0,0.0,0.0,0.0499,0.0,0.0,Poor,0.0,True,final,1,2026-10-04T06:17:55Z,36,2026-08-28;2026-08-29,San Diego Fish Reports dock totals,8,backfilled;multi_day_split;effort_adjusted_zero
L1|2026-08-28|extended_offshore|sheephead,L1,2026-08-28,extended_offshore,sheephead,8,60.5,130.0,0.0,0.0,0.0,0.0,0.5,,,,,True,no_reference,1,2026-10-04T06:17:55Z,36,2026-08-28;2026-08-29,San Diego Fish Reports dock totals,8,backfilled;multi_day_split;reference_default
L1|2026-08-28|extended_offshore|white_seabass,L1,2026-08-28,extended_offshore,white_seabass,8,60.5,130.0,0.0,0.0,0.0,0.0,0.5,,,,,True,no_reference,1,2026-10-04T06:17:55Z,36,2026-08-28;2026-08-29,San Diego Fish Reports dock totals,8,backfilled;multi_day_split;reference_default;sparse_species
L1|2026-08-28|extended_offshore|yellowfin_tuna,L1,2026-08-28,extended_offshore,yellowfin_tuna,8,60.5,130.0,52.0,0.0,52.0,0.4,0.1359,2.943,94.7,Excellent,1.0,True,final,1,2026-10-04T06:17:55Z,36,2026-08-28;2026-08-29,San Diego Fish Reports dock totals,8,backfilled;multi_day_split
L1|2026-08-28|extended_offshore|yellowtail,L1,2026-08-28,extended_offshore,yellowtail,8,60.5,130.0,33.5,0.0,33.5,0.2577,0.9301,0.277,41.5,Fair,0.0,True,final,1,2026-10-04T06:17:55Z,36,2026-08-28;2026-08-29,San Diego Fish Reports dock totals,8,backfilled;multi_day_split
L1|2026-08-28|kelp_nearshore|barracuda,L1,2026-08-28,kelp_nearshore,barracuda,9,269.0,150.4,14.0,0.0,14.0,0.0931,0.0421,2.211,91.1,Excellent,1.0,True,final,0,2026-10-04T06:17:53Z,36,2026-08-28,San Diego Fish Reports dock totals,9,backfilled
L1|2026-08-28|kelp_nearshore|bonito,L1,2026-08-28,kelp_nearshore,bonito,9,269.0,150.4,693.0,0.0,693.0,4.6077,0.7162,6.434,100.0,Excellent,1.0,True,final,0,2026-10-04T06:17:53Z,36,2026-08-28,San Diego Fish Reports dock totals,9,backfilled
L1|2026-08-28|kelp_nearshore|calico_bass,L1,2026-08-28,kelp_nearshore,calico_bass,9,269.0,150.4,75.0,60.0,135.0,0.8976,1.7014,0.528,55.9,Fair,0.0,True,final,0,2026-10-04T06:17:53Z,36,2026-08-28,San Diego Fish Reports dock totals,9,backfilled
L1|2026-08-28|kelp_nearshore|california_halibut,L1,2026-08-28,kelp_nearshore,california_halibut,9,269.0,150.4,2.0,0.0,2.0,0.0133,0.5,,,,,True,no_reference,0,2026-10-04T06:17:53Z,36,2026-08-28,San Diego Fish Reports dock totals,9,backfilled;reference_default;sparse_species
L1|2026-08-28|kelp_nearshore|rockfish,L1,2026-08-28,kelp_nearshore,rockfish,9,269.0,150.4,0.0,0.0,0.0,0.0,0.9295,0.0,0.0,Poor,0.0,True,final,0,2026-10-04T06:17:53Z,36,2026-08-28,San Diego Fish Reports dock totals,9,backfilled;effort_adjusted_zero
L1|2026-08-28|kelp_nearshore|sand_bass,L1,2026-08-28,kelp_nearshore,sand_bass,9,269.0,150.4,38.0,10.0,48.0,0.3191,0.3533,0.903,67.6,Good,1.0,True,final,0,2026-10-04T06:17:53Z,36,2026-08-28,San Diego Fish Reports dock totals,9,backfilled
L1|2026-08-28|kelp_nearshore|sheephead,L1,2026-08-28,kelp_nearshore,sheephead,9,269.0,150.4,1.0,0.0,1.0,0.0066,0.14,0.047,7.6,Poor,0.0,True,final,0,2026-10-04T06:17:53Z,36,2026-08-28,San Diego Fish Reports dock totals,9,backfilled
L1|2026-08-28|kelp_nearshore|white_seabass,L1,2026-08-28,kelp_nearshore,white_seabass,9,269.0,150.4,3.0,0.0,3.0,0.0199,0.5,,,,,True,no_reference,0,2026-10-04T06:17:53Z,36,2026-08-28,San Diego Fish Reports dock totals,9,backfilled;reference_default;sparse_species
L1|2026-08-28|kelp_nearshore|yellowtail,L1,2026-08-28,kelp_nearshore,yellowtail,9,269.0,150.4,51.0,0.0,51.0,0.3391,0.1053,3.22,96.1,Excellent,1.0,True,final,0,2026-10-04T06:17:53Z,36,2026-08-28,San Diego Fish Reports dock totals,9,backfilled
L1|2026-08-28|offshore_banks|barracuda,L1,2026-08-28,offshore_banks,barracuda,11,234.0,265.0,17.0,0.0,17.0,0.0642,0.5,,,,,True,no_reference,0,2026-10-04T06:17:53Z,36,2026-08-28,San Diego Fish Reports dock totals,11,overnight_destination_uncertain;backfilled;reference_default
L1|2026-08-28|offshore_banks|bluefin_tuna,L1,2026-08-28,offshore_banks,bluefin_tuna,11,234.0,265.0,105.0,0.0,105.0,0.3962,0.0042,,,,,True,no_reference,0,2026-10-04T06:17:53Z,36,2026-08-28,San Diego Fish Reports dock totals,11,overnight_destination_uncertain;backfilled;reference_species_fallback
L1|2026-08-28|offshore_banks|bonito,L1,2026-08-28,offshore_banks,bonito,11,234.0,265.0,212.0,0.0,212.0,0.8,0.0297,26.936,100.0,Excellent,1.0,True,final,0,2026-10-04T06:17:53Z,36,2026-08-28,San Diego Fish Reports dock totals,11,overnight_destination_uncertain;backfilled
L1|2026-08-28|offshore_banks|dorado,L1,2026-08-28,offshore_banks,dorado,11,234.0,265.0,13.0,0.0,13.0,0.0491,0.068,0.721,63.0,Good,1.0,True,final,0,2026-10-04T06:17:53Z,36,2026-08-28,San Diego Fish Reports dock totals,11,overnight_destination_uncertain;backfilled
L1|2026-08-28|offshore_banks|rockfish,L1,2026-08-28,offshore_banks,rockfish,11,234.0,265.0,0.0,0.0,0.0,0.0,0.0499,,,,,True,no_reference,0,2026-10-04T06:17:53Z,36,2026-08-28,San Diego Fish Reports dock totals,11,overnight_destination_uncertain;backfilled;reference_species_fallback
L1|2026-08-28|offshore_banks|sheephead,L1,2026-08-28,offshore_banks,sheephead,11,234.0,265.0,0.0,0.0,0.0,0.0,0.5,,,,,True,no_reference,0,2026-10-04T06:17:53Z,36,2026-08-28,San Diego Fish Reports dock totals,11,overnight_destination_uncertain;backfilled;reference_default
L1|2026-08-28|offshore_banks|white_seabass,L1,2026-08-28,offshore_banks,white_seabass,11,234.0,265.0,0.0,0.0,0.0,0.0,0.5,,,,,True,no_reference,0,2026-10-04T06:17:53Z,36,2026-08-28,San Diego Fish Reports dock totals,11,overnight_destination_uncertain;backfilled;reference_default;sparse_species
L1|2026-08-28|offshore_banks|yellowfin_tuna,L1,2026-08-28,offshore_banks,yellowfin_tuna,11,234.0,265.0,295.0,0.0,295.0,1.1132,1.0526,1.058,71.4,Good,1.0,True,final,0,2026-10-04T06:17:53Z,36,2026-08-28,San Diego Fish Reports dock totals,11,overnight_destination_uncertain;backfilled
L1|2026-08-28|offshore_banks|yellowtail,L1,2026-08-28,offshore_banks,yellowtail,11,234.0,265.0,40.0,0.0,40.0,0.1509,0.3983,0.379,47.4,Fair,0.0,True,final,0,2026-10-04T06:17:53Z,36,2026-08-28,San Diego Fish Reports dock totals,11,overnight_destination_uncertain;backfilled
L1|2026-08-29|extended_offshore|bluefin_tuna,L1,2026-08-29,extended_offshore,bluefin_tuna,13,134.5,296.8,212.5,0.0,212.5,0.7161,0.0233,30.734,100.0,Excellent,1.0,True,final,1,2026-10-04T06:17:57Z,35,2026-08-29;2026-08-30,San Diego Fish Reports dock totals,13,backfilled;multi_day_split
L1|2026-08-29|extended_offshore|bonito,L1,2026-08-29,extended_offshore,bonito,13,134.5,296.8,107.5,0.0,107.5,0.3623,0.0623,,,,,True,no_reference,1,2026-10-04T06:17:57Z,35,2026-08-29;2026-08-30,San Diego Fish Reports dock totals,13,backfilled;multi_day_split;reference_species_fallback
L1|2026-08-29|extended_offshore|dorado,L1,2026-08-29,extended_offshore,dorado,13,134.5,296.8,92.0,0.0,92.0,0.31,0.1053,2.944,94.7,Excellent,1.0,True,final,1,2026-10-04T06:17:57Z,35,2026-08-29;2026-08-30,San Diego Fish Reports dock totals,13,backfilled;multi_day_split
L1|2026-08-29|extended_offshore|rockfish,L1,2026-08-29,extended_offshore,rockfish,13,134.5,296.8,7.5,0.0,7.5,0.0253,0.0499,0.506,54.7,Fair,0.0,True,final,1,2026-10-04T06:17:57Z,35,2026-08-29;2026-08-30,San Diego Fish Reports dock totals,13,backfilled;multi_day_split
L1|2026-08-29|extended_offshore|sheephead,L1,2026-08-29,extended_offshore,sheephead,13,134.5,296.8,2.0,0.0,2.0,0.0067,0.5,,,,,True,no_reference,1,2026-10-04T06:17:57Z,35,2026-08-29;2026-08-30,San Diego Fish Reports dock totals,13,backfilled;multi_day_split;reference_default
L1|2026-08-29|extended_offshore|white_seabass,L1,2026-08-29,extended_offshore,white_seabass,13,134.5,296.8,0.0,0.0,0.0,0.0,0.5,,,,,True,no_reference,1,2026-10-04T06:17:57Z,35,2026-08-29;2026-08-30,San Diego Fish Reports dock totals,13,backfilled;multi_day_split;reference_default;sparse_species
L1|2026-08-29|extended_offshore|yellowfin_tuna,L1,2026-08-29,extended_offshore,yellowfin_tuna,13,134.5,296.8,217.5,0.0,217.5,0.7329,0.1359,5.393,100.0,Excellent,1.0,True,final,1,2026-10-04T06:17:57Z,35,2026-08-29;2026-08-30,San Diego Fish Reports dock totals,13,backfilled;multi_day_split
L1|2026-08-29|extended_offshore|yellowtail,L1,2026-08-29,extended_offshore,yellowtail,13,134.5,296.8,38.0,0.0,38.0,0.1281,0.9301,0.138,22.0,Poor,0.0,True,final,1,2026-10-04T06:17:57Z,35,2026-08-29;2026-08-30,San Diego Fish Reports dock totals,13,backfilled;multi_day_split
L1|2026-08-29|kelp_nearshore|barracuda,L1,2026-08-29,kelp_nearshore,barracuda,15,551.0,289.4,68.0,50.0,118.0,0.4077,0.0421,9.685,100.0,Excellent,1.0,True,final,0,2026-10-04T06:17:55Z,35,2026-08-29,San Diego Fish Reports dock totals,15,backfilled
L1|2026-08-29|kelp_nearshore|bonito,L1,2026-08-29,kelp_nearshore,bonito,15,551.0,289.4,589.0,0.0,589.0,2.0352,0.7162,2.842,94.2,Excellent,1.0,True,final,0,2026-10-04T06:17:55Z,35,2026-08-29,San Diego Fish Reports dock totals,15,backfilled
L1|2026-08-29|kelp_nearshore|calico_bass,L1,2026-08-29,kelp_nearshore,calico_bass,15,551.0,289.4,72.0,6.0,78.0,0.2695,1.7014,0.158,25.3,Poor,0.0,True,final,0,2026-10-04T06:17:55Z,35,2026-08-29,San Diego Fish Reports dock totals,15,backfilled
L1|2026-08-29|kelp_nearshore|california_halibut,L1,2026-08-29,kelp_nearshore,california_halibut,15,551.0,289.4,1.0,0.0,1.0,0.0035,0.5,,,,,True,no_reference,0,2026-10-04T06:17:55Z,35,2026-08-29,San Diego Fish Reports dock totals,15,backfilled;reference_default;sparse_species
L1|2026-08-29|kelp_nearshore|rockfish,L1,2026-08-29,kelp_nearshore,rockfish,15,551.0,289.4,61.0,0.0,61.0,0.2108,0.9295,0.227,36.3,Poor,0.0,True,final,0,2026-10-04T06:17:55Z,35,2026-08-29,San Diego Fish Reports dock totals,15,backfilled
L1|2026-08-29|kelp_nearshore|sand_bass,L1,2026-08-29,kelp_nearshore,sand_bass,15,551.0,289.4,45.0,0.0,45.0,0.1555,0.3533,0.44,50.9,Fair,0.0,True,final,0,2026-10-04T06:17:55Z,35,2026-08-29,San Diego Fish Reports dock totals,15,backfilled
L1|2026-08-29|kelp_nearshore|sheephead,L1,2026-08-29,kelp_nearshore,sheephead,15,551.0,289.4,4.0,0.0,4.0,0.0138,0.14,0.099,15.8,Poor,0.0,True,final,0,2026-10-04T06:17:55Z,35,2026-08-29,San Diego Fish Reports dock totals,15,backfilled
L1|2026-08-29|kelp_nearshore|white_seabass,L1,2026-08-29,kelp_nearshore,white_seabass,15,551.0,289.4,1.0,0.0,1.0,0.0035,0.5,,,,,True,no_reference,0,2026-10-04T06:17:55Z,35,2026-08-29,San Diego Fish Reports dock totals,15,backfilled;reference_default;sparse_species
L1|2026-08-29|kelp_nearshore|yellowtail,L1,2026-08-29,kelp_nearshore,yellowtail,15,551.0,289.4,108.0,0.0,108.0,0.3732,0.1053,3.544,97.7,Excellent,1.0,True,final,0,2026-10-04T06:17:55Z,35,2026-08-29,San Diego Fish Reports dock totals,15,backfilled
L1|2026-08-29|offshore_banks|barracuda,L1,2026-08-29,offshore_banks,barracuda,5,113.0,113.0,0.0,0.0,0.0,0.0,0.5,,,,,True,no_reference,0,2026-10-04T06:17:55Z,35,2026-08-29,San Diego Fish Reports dock totals,5,overnight_destination_uncertain;backfilled;reference_default
L1|2026-08-29|offshore_banks|bluefin_tuna,L1,2026-08-29,offshore_banks,bluefin_tuna,5,113.0,113.0,0.0,0.0,0.0,0.0,0.0042,,,,,True,no_reference,0,2026-10-04T06:17:55Z,35,2026-08-29,San Diego Fish Reports dock totals,5,overnight_destination_uncertain;backfilled;reference_species_fallback
L1|2026-08-29|offshore_banks|bonito,L1,2026-08-29,offshore_banks,bonito,5,113.0,113.0,14.0,0.0,14.0,0.1239,0.0297,4.172,100.0,Excellent,1.0,True,final,0,2026-10-04T06:17:55Z,35,2026-08-29,San Diego Fish Reports dock totals,5,overnight_destination_uncertain;backfilled
L1|2026-08-29|offshore_banks|dorado,L1,2026-08-29,offshore_banks,dorado,5,113.0,113.0,20.0,0.0,20.0,0.177,0.068,2.603,93.0,Excellent,1.0,True,final,0,2026-10-04T06:17:55Z,35,2026-08-29,San Diego Fish Reports dock totals,5,overnight_destination_uncertain;backfilled
L1|2026-08-29|offshore_banks|rockfish,L1,2026-08-29,offshore_banks,rockfish,5,113.0,113.0,0.0,0.0,0.0,0.0,0.0499,,,,,True,no_reference,0,2026-10-04T06:17:55Z,35,2026-08-29,San Diego Fish Reports dock totals,5,overnight_destination_uncertain;backfilled;reference_species_fallback
L1|2026-08-29|offshore_banks|sheephead,L1,2026-08-29,offshore_banks,sheephead,5,113.0,113.0,0.0,0.0,0.0,0.0,0.5,,,,,True,no_reference,0,2026-10-04T06:17:55Z,35,2026-08-29,San Diego Fish Reports dock totals,5,overnight_destination_uncertain;backfilled;reference_default
L1|2026-08-29|offshore_banks|white_seabass,L1,2026-08-29,offshore_banks,white_seabass,5,113.0,113.0,0.0,0.0,0.0,0.0,0.5,,,,,True,no_reference,0,2026-10-04T06:17:55Z,35,2026-08-29,San Diego Fish Reports dock totals,5,overnight_destination_uncertain;backfilled;reference_default;sparse_species
L1|2026-08-29|offshore_banks|yellowfin_tuna,L1,2026-08-29,offshore_banks,yellowfin_tuna,5,113.0,113.0,153.0,0.0,153.0,1.354,1.0526,1.286,76.6,Very Good,1.0,True,final,0,2026-10-04T06:17:55Z,35,2026-08-29,San Diego Fish Reports dock totals,5,overnight_destination_uncertain;backfilled
L1|2026-08-29|offshore_banks|yellowtail,L1,2026-08-29,offshore_banks,yellowtail,5,113.0,113.0,3.0,0.0,3.0,0.0265,0.3983,0.067,10.7,Poor,0.0,True,final,0,2026-10-04T06:17:55Z,35,2026-08-29,San Diego Fish Reports dock totals,5,overnight_destination_uncertain;backfilled
L1|2026-08-30|coronados|barracuda,L1,2026-08-30,coronados,barracuda,3,79.0,79.0,4.0,0.0,4.0,0.0506,0.5,,,,,True,no_reference,0,2026-10-04T06:17:57Z,34,2026-08-30,San Diego Fish Reports dock totals,3,backfilled;reference_default;low_effort
L1|2026-08-30|coronados|bluefin_tuna,L1,2026-08-30,coronados,bluefin_tuna,3,79.0,79.0,0.0,0.0,0.0,0.0,0.0042,,,,,True,no_reference,0,2026-10-04T06:17:57Z,34,2026-08-30,San Diego Fish Reports dock totals,3,backfilled;reference_species_fallback;low_effort
L1|2026-08-30|coronados|bonito,L1,2026-08-30,coronados,bonito,3,79.0,79.0,205.0,0.0,205.0,2.5949,0.676,3.839,99.2,Excellent,1.0,True,final,0,2026-10-04T06:17:57Z,34,2026-08-30,San Diego Fish Reports dock totals,3,backfilled;low_effort
L1|2026-08-30|coronados|calico_bass,L1,2026-08-30,coronados,calico_bass,3,79.0,79.0,5.0,0.0,5.0,0.0633,1.3322,,,,,True,no_reference,0,2026-10-04T06:17:57Z,34,2026-08-30,San Diego Fish Reports dock totals,3,backfilled;reference_species_fallback;low_effort
L1|2026-08-30|coronados|dorado,L1,2026-08-30,coronados,dorado,3,79.0,79.0,0.0,0.0,0.0,0.0,0.0524,,,,,True,no_reference,0,2026-10-04T06:17:57Z,34,2026-08-30,San Diego Fish Reports dock totals,3,backfilled;reference_species_fallback;low_effort
L1|2026-08-30|coronados|rockfish,L1,2026-08-30,coronados,rockfish,3,79.0,79.0,1.0,0.0,1.0,0.0127,0.0499,,,,,True,no_reference,0,2026-10-04T06:17:57Z,34,2026-08-30,San Diego Fish Reports dock totals,3,backfilled;reference_species_fallback;low_effort
L1|2026-08-30|coronados|sheephead,L1,2026-08-30,coronados,sheephead,3,79.0,79.0,0.0,0.0,0.0,0.0,0.5,,,,,True,no_reference,0,2026-10-04T06:17:57Z,34,2026-08-30,San Diego Fish Reports dock totals,3,backfilled;reference_default;low_effort
L1|2026-08-30|coronados|white_seabass,L1,2026-08-30,coronados,white_seabass,3,79.0,79.0,0.0,0.0,0.0,0.0,0.5,,,,,True,no_reference,0,2026-10-04T06:17:57Z,34,2026-08-30,San Diego Fish Reports dock totals,3,backfilled;reference_default;sparse_species;low_effort
L1|2026-08-30|coronados|yellowfin_tuna,L1,2026-08-30,coronados,yellowfin_tuna,3,79.0,79.0,0.0,0.0,0.0,0.0,0.2614,,,,,True,no_reference,0,2026-10-04T06:17:57Z,34,2026-08-30,San Diego Fish Reports dock totals,3,backfilled;reference_species_fallback;low_effort
L1|2026-08-30|coronados|yellowtail,L1,2026-08-30,coronados,yellowtail,3,79.0,79.0,59.0,0.0,59.0,0.7468,2.8371,0.263,40.8,Fair,0.0,True,final,0,2026-10-04T06:17:57Z,34,2026-08-30,San Diego Fish Reports dock totals,3,backfilled;low_effort
L1|2026-08-30|extended_offshore|bluefin_tuna,L1,2026-08-30,extended_offshore,bluefin_tuna,16,164.5,376.2,203.0,0.0,203.0,0.5395,0.0233,23.156,100.0,Excellent,1.0,True,final,1,2026-10-04T06:17:59Z,34,2026-08-30;2026-08-31,San Diego Fish Reports dock totals,16,backfilled;multi_day_split
L1|2026-08-30|extended_offshore|bonito,L1,2026-08-30,extended_offshore,bonito,16,164.5,376.2,125.0,0.0,125.0,0.3322,0.0623,,,,,True,no_reference,1,2026-10-04T06:17:59Z,34,2026-08-30;2026-08-31,San Diego Fish Reports dock totals,16,backfilled;multi_day_split;reference_species_fallback
L1|2026-08-30|extended_offshore|dorado,L1,2026-08-30,extended_offshore,dorado,16,164.5,376.2,106.0,0.0,106.0,0.2817,0.1053,2.675,93.4,Excellent,1.0,True,final,1,2026-10-04T06:17:59Z,34,2026-08-30;2026-08-31,San Diego Fish Reports dock totals,16,backfilled;multi_day_split
L1|2026-08-30|extended_offshore|rockfish,L1,2026-08-30,extended_offshore,rockfish,16,164.5,376.2,8.0,0.0,8.0,0.0213,0.0499,0.426,50.1,Fair,0.0,True,final,1,2026-10-04T06:17:59Z,34,2026-08-30;2026-08-31,San Diego Fish Reports dock totals,16,backfilled;multi_day_split
L1|2026-08-30|extended_offshore|sheephead,L1,2026-08-30,extended_offshore,sheephead,16,164.5,376.2,2.0,0.0,2.0,0.0053,0.5,,,,,True,no_reference,1,2026-10-04T06:17:59Z,34,2026-08-30;2026-08-31,San Diego Fish Reports dock totals,16,backfilled;multi_day_split;reference_default
L1|2026-08-30|extended_offshore|white_seabass,L1,2026-08-30,extended_offshore,white_seabass,16,164.5,376.2,0.0,0.0,0.0,0.0,0.5,,,,,True,no_reference,1,2026-10-04T06:17:59Z,34,2026-08-30;2026-08-31,San Diego Fish Reports dock totals,16,backfilled;multi_day_split;reference_default;sparse_species
L1|2026-08-30|extended_offshore|yellowfin_tuna,L1,2026-08-30,extended_offshore,yellowfin_tuna,16,164.5,376.2,260.5,0.0,260.5,0.6924,0.1359,5.095,100.0,Excellent,1.0,True,final,1,2026-10-04T06:17:59Z,34,2026-08-30;2026-08-31,San Diego Fish Reports dock totals,16,backfilled;multi_day_split
L1|2026-08-30|extended_offshore|yellowtail,L1,2026-08-30,extended_offshore,yellowtail,16,164.5,376.2,41.5,0.0,41.5,0.1103,0.9301,0.119,19.0,Poor,0.0,True,final,1,2026-10-04T06:17:59Z,34,2026-08-30;2026-08-31,San Diego Fish Reports dock totals,16,backfilled;multi_day_split
L1|2026-08-30|kelp_nearshore|barracuda,L1,2026-08-30,kelp_nearshore,barracuda,15,594.0,318.7,85.0,0.0,85.0,0.2667,0.0421,6.335,100.0,Excellent,1.0,True,final,0,2026-10-04T06:17:57Z,34,2026-08-30,San Diego Fish Reports dock totals,15,backfilled
L1|2026-08-30|kelp_nearshore|bonito,L1,2026-08-30,kelp_nearshore,bonito,15,594.0,318.7,914.0,0.0,914.0,2.8679,0.7162,4.004,100.0,Excellent,1.0,True,final,0,2026-10-04T06:17:57Z,34,2026-08-30,San Diego Fish Reports dock totals,15,backfilled
L1|2026-08-30|kelp_nearshore|calico_bass,L1,2026-08-30,kelp_nearshore,calico_bass,15,594.0,318.7,73.0,75.0,148.0,0.4644,1.7014,0.273,41.3,Fair,0.0,True,final,0,2026-10-04T06:17:57Z,34,2026-08-30,San Diego Fish Reports dock totals,15,backfilled
L1|2026-08-30|kelp_nearshore|california_halibut,L1,2026-08-30,kelp_nearshore,california_halibut,15,594.0,318.7,1.0,0.0,1.0,0.0031,0.5,,,,,True,no_reference,0,2026-10-04T06:17:57Z,34,2026-08-30,San Diego Fish Reports dock totals,15,backfilled;reference_default;sparse_species
L1|2026-08-30|kelp_nearshore|rockfish,L1,2026-08-30,kelp_nearshore,rockfish,15,594.0,318.7,10.0,0.0,10.0,0.0314,0.9295,0.034,5.4,Poor,0.0,True,final,0,2026-10-04T06:17:57Z,34,2026-08-30,San Diego Fish Reports dock totals,15,backfilled
L1|2026-08-30|kelp_nearshore|sand_bass,L1,2026-08-30,kelp_nearshore,sand_bass,15,594.0,318.7,107.0,39.0,146.0,0.4581,0.3533,1.297,76.8,Very Good,1.0,True,final,0,2026-10-04T06:17:57Z,34,2026-08-30,San Diego Fish Reports dock totals,15,backfilled
L1|2026-08-30|kelp_nearshore|sheephead,L1,2026-08-30,kelp_nearshore,sheephead,15,594.0,318.7,1.0,0.0,1.0,0.0031,0.14,0.022,3.6,Poor,0.0,True,final,0,2026-10-04T06:17:57Z,34,2026-08-30,San Diego Fish Reports dock totals,15,backfilled
L1|2026-08-30|kelp_nearshore|white_seabass,L1,2026-08-30,kelp_nearshore,white_seabass,15,594.0,318.7,0.0,0.0,0.0,0.0,0.5,,,,,True,no_reference,0,2026-10-04T06:17:57Z,34,2026-08-30,San Diego Fish Reports dock totals,15,backfilled;reference_default;sparse_species
L1|2026-08-30|kelp_nearshore|yellowtail,L1,2026-08-30,kelp_nearshore,yellowtail,15,594.0,318.7,149.0,0.0,149.0,0.4675,0.1053,4.44,100.0,Excellent,1.0,True,final,0,2026-10-04T06:17:57Z,34,2026-08-30,San Diego Fish Reports dock totals,15,backfilled
L1|2026-08-30|offshore_banks|barracuda,L1,2026-08-30,offshore_banks,barracuda,8,200.0,218.0,0.0,0.0,0.0,0.0,0.5,,,,,True,no_reference,0,2026-10-04T06:17:57Z,34,2026-08-30,San Diego Fish Reports dock totals,8,overnight_destination_uncertain;backfilled;reference_default
L1|2026-08-30|offshore_banks|bluefin_tuna,L1,2026-08-30,offshore_banks,bluefin_tuna,8,200.0,218.0,25.0,0.0,25.0,0.1147,0.0042,,,,,True,no_reference,0,2026-10-04T06:17:57Z,34,2026-08-30,San Diego Fish Reports dock totals,8,overnight_destination_uncertain;backfilled;reference_species_fallback
L1|2026-08-30|offshore_banks|bonito,L1,2026-08-30,offshore_banks,bonito,8,200.0,218.0,0.0,0.0,0.0,0.0,0.0297,0.0,0.0,Poor,0.0,True,final,0,2026-10-04T06:17:57Z,34,2026-08-30,San Diego Fish Reports dock totals,8,overnight_destination_uncertain;backfilled;effort_adjusted_zero
L1|2026-08-30|offshore_banks|dorado,L1,2026-08-30,offshore_banks,dorado,8,200.0,218.0,53.0,0.0,53.0,0.2431,0.068,3.575,97.9,Excellent,1.0,True,final,0,2026-10-04T06:17:57Z,34,2026-08-30,San Diego Fish Reports dock totals,8,overnight_destination_uncertain;backfilled
L1|2026-08-30|offshore_banks|rockfish,L1,2026-08-30,offshore_banks,rockfish,8,200.0,218.0,0.0,0.0,0.0,0.0,0.0499,,,,,True,no_reference,0,2026-10-04T06:17:57Z,34,2026-08-30,San Diego Fish Reports dock totals,8,overnight_destination_uncertain;backfilled;reference_species_fallback
L1|2026-08-30|offshore_banks|sheephead,L1,2026-08-30,offshore_banks,sheephead,8,200.0,218.0,0.0,0.0,0.0,0.0,0.5,,,,,True,no_reference,0,2026-10-04T06:17:57Z,34,2026-08-30,San Diego Fish Reports dock totals,8,overnight_destination_uncertain;backfilled;reference_default
L1|2026-08-30|offshore_banks|white_seabass,L1,2026-08-30,offshore_banks,white_seabass,8,200.0,218.0,0.0,0.0,0.0,0.0,0.5,,,,,True,no_reference,0,2026-10-04T06:17:57Z,34,2026-08-30,San Diego Fish Reports dock totals,8,overnight_destination_uncertain;backfilled;reference_default;sparse_species
L1|2026-08-30|offshore_banks|yellowfin_tuna,L1,2026-08-30,offshore_banks,yellowfin_tuna,8,200.0,218.0,371.0,0.0,371.0,1.7018,1.0526,1.617,82.8,Very Good,1.0,True,final,0,2026-10-04T06:17:57Z,34,2026-08-30,San Diego Fish Reports dock totals,8,overnight_destination_uncertain;backfilled
L1|2026-08-30|offshore_banks|yellowtail,L1,2026-08-30,offshore_banks,yellowtail,8,200.0,218.0,5.0,0.0,5.0,0.0229,0.3983,0.058,9.2,Poor,0.0,True,final,0,2026-10-04T06:17:57Z,34,2026-08-30,San Diego Fish Reports dock totals,8,overnight_destination_uncertain;backfilled
L1|2026-08-31|coronados|barracuda,L1,2026-08-31,coronados,barracuda,2,58.0,58.0,15.0,0.0,15.0,0.2586,0.5,,,,,True,no_reference,0,2026-10-04T06:17:59Z,33,2026-08-31,San Diego Fish Reports dock totals,2,backfilled;reference_default;low_effort
L1|2026-08-31|coronados|bluefin_tuna,L1,2026-08-31,coronados,bluefin_tuna,2,58.0,58.0,0.0,0.0,0.0,0.0,0.0042,,,,,True,no_reference,0,2026-10-04T06:17:59Z,33,2026-08-31,San Diego Fish Reports dock totals,2,backfilled;reference_species_fallback;low_effort
L1|2026-08-31|coronados|bonito,L1,2026-08-31,coronados,bonito,2,58.0,58.0,89.0,0.0,89.0,1.5345,0.676,2.27,91.3,Excellent,1.0,True,final,0,2026-10-04T06:17:59Z,33,2026-08-31,San Diego Fish Reports dock totals,2,backfilled;low_effort
L1|2026-08-31|coronados|calico_bass,L1,2026-08-31,coronados,calico_bass,2,58.0,58.0,6.0,0.0,6.0,0.1034,1.3322,,,,,True,no_reference,0,2026-10-04T06:17:59Z,33,2026-08-31,San Diego Fish Reports dock totals,2,backfilled;reference_species_fallback;low_effort
L1|2026-08-31|coronados|dorado,L1,2026-08-31,coronados,dorado,2,58.0,58.0,0.0,0.0,0.0,0.0,0.0524,,,,,True,no_reference,0,2026-10-04T06:17:59Z,33,2026-08-31,San Diego Fish Reports dock totals,2,backfilled;reference_species_fallback;low_effort
L1|2026-08-31|coronados|rockfish,L1,2026-08-31,coronados,rockfish,2,58.0,58.0,41.0,0.0,41.0,0.7069,0.0499,,,,,True,no_reference,0,2026-10-04T06:17:59Z,33,2026-08-31,San Diego Fish Reports dock totals,2,backfilled;reference_species_fallback;low_effort
L1|2026-08-31|coronados|sheephead,L1,2026-08-31,coronados,sheephead,2,58.0,58.0,0.0,0.0,0.0,0.0,0.5,,,,,True,no_reference,0,2026-10-04T06:17:59Z,33,2026-08-31,San Diego Fish Reports dock totals,2,backfilled;reference_default;low_effort
L1|2026-08-31|coronados|white_seabass,L1,2026-08-31,coronados,white_seabass,2,58.0,58.0,0.0,0.0,0.0,0.0,0.5,,,,,True,no_reference,0,2026-10-04T06:17:59Z,33,2026-08-31,San Diego Fish Reports dock totals,2,backfilled;reference_default;sparse_species;low_effort
L1|2026-08-31|coronados|yellowfin_tuna,L1,2026-08-31,coronados,yellowfin_tuna,2,58.0,58.0,0.0,0.0,0.0,0.0,0.2614,,,,,True,no_reference,0,2026-10-04T06:17:59Z,33,2026-08-31,San Diego Fish Reports dock totals,2,backfilled;reference_species_fallback;low_effort
L1|2026-08-31|coronados|yellowtail,L1,2026-08-31,coronados,yellowtail,2,58.0,58.0,72.0,0.0,72.0,1.2414,2.8371,0.438,50.7,Fair,0.0,True,final,0,2026-10-04T06:17:59Z,33,2026-08-31,San Diego Fish Reports dock totals,2,backfilled;low_effort
L1|2026-08-31|extended_offshore|bluefin_tuna,L1,2026-08-31,extended_offshore,bluefin_tuna,6,61.5,142.5,97.0,0.0,97.0,0.6807,0.0233,29.215,100.0,Excellent,1.0,True,final,1,2026-10-04T06:18:01Z,33,2026-08-31;2026-09-01,San Diego Fish Reports dock totals,6,backfilled;multi_day_split
L1|2026-08-31|extended_offshore|bonito,L1,2026-08-31,extended_offshore,bonito,6,61.5,142.5,17.5,0.0,17.5,0.1228,0.0623,,,,,True,no_reference,1,2026-10-04T06:18:01Z,33,2026-08-31;2026-09-01,San Diego Fish Reports dock totals,6,backfilled;multi_day_split;reference_species_fallback
L1|2026-08-31|extended_offshore|dorado,L1,2026-08-31,extended_offshore,dorado,6,61.5,142.5,19.0,0.0,19.0,0.1333,0.1053,1.266,76.2,Very Good,1.0,True,final,1,2026-10-04T06:18:01Z,33,2026-08-31;2026-09-01,San Diego Fish Reports dock totals,6,backfilled;multi_day_split
L1|2026-08-31|extended_offshore|rockfish,L1,2026-08-31,extended_offshore,rockfish,6,61.5,142.5,0.5,0.0,0.5,0.0035,0.0499,0.07,11.3,Poor,0.0,True,final,1,2026-10-04T06:18:01Z,33,2026-08-31;2026-09-01,San Diego Fish Reports dock totals,6,backfilled;multi_day_split
L1|2026-08-31|extended_offshore|sheephead,L1,2026-08-31,extended_offshore,sheephead,6,61.5,142.5,0.0,0.0,0.0,0.0,0.5,,,,,True,no_reference,1,2026-10-04T06:18:01Z,33,2026-08-31;2026-09-01,San Diego Fish Reports dock totals,6,backfilled;multi_day_split;reference_default
L1|2026-08-31|extended_offshore|white_seabass,L1,2026-08-31,extended_offshore,white_seabass,6,61.5,142.5,0.0,0.0,0.0,0.0,0.5,,,,,True,no_reference,1,2026-10-04T06:18:01Z,33,2026-08-31;2026-09-01,San Diego Fish Reports dock totals,6,backfilled;multi_day_split;reference_default;sparse_species
L1|2026-08-31|extended_offshore|yellowfin_tuna,L1,2026-08-31,extended_offshore,yellowfin_tuna,6,61.5,142.5,43.0,0.0,43.0,0.3018,0.1359,2.22,91.1,Excellent,1.0,True,final,1,2026-10-04T06:18:01Z,33,2026-08-31;2026-09-01,San Diego Fish Reports dock totals,6,backfilled;multi_day_split
L1|2026-08-31|extended_offshore|yellowtail,L1,2026-08-31,extended_offshore,yellowtail,6,61.5,142.5,3.5,0.0,3.5,0.0246,0.9301,0.026,4.2,Poor,0.0,True,final,1,2026-10-04T06:18:01Z,33,2026-08-31;2026-09-01,San Diego Fish Reports dock totals,6,backfilled;multi_day_split
L1|2026-08-31|kelp_nearshore|barracuda,L1,2026-08-31,kelp_nearshore,barracuda,8,222.0,115.2,10.0,0.0,10.0,0.0868,0.0421,2.061,90.3,Excellent,1.0,True,final,0,2026-10-04T06:17:59Z,33,2026-08-31,San Diego Fish Reports dock totals,8,backfilled
L1|2026-08-31|kelp_nearshore|bonito,L1,2026-08-31,kelp_nearshore,bonito,8,222.0,115.2,431.0,0.0,431.0,3.7397,0.7162,5.222,100.0,Excellent,1.0,True,final,0,2026-10-04T06:17:59Z,33,2026-08-31,San Diego Fish Reports dock totals,8,backfilled
L1|2026-08-31|kelp_nearshore|calico_bass,L1,2026-08-31,kelp_nearshore,calico_bass,8,222.0,115.2,49.0,130.0,179.0,1.5531,1.7014,0.913,67.8,Good,1.0,True,final,0,2026-10-04T06:17:59Z,33,2026-08-31,San Diego Fish Reports dock totals,8,backfilled
L1|2026-08-31|kelp_nearshore|california_halibut,L1,2026-08-31,kelp_nearshore,california_halibut,8,222.0,115.2,1.0,0.0,1.0,0.0087,0.5,,,,,True,no_reference,0,2026-10-04T06:17:59Z,33,2026-08-31,San Diego Fish Reports dock totals,8,backfilled;reference_default;sparse_species
L1|2026-08-31|kelp_nearshore|rockfish,L1,2026-08-31,kelp_nearshore,rockfish,8,222.0,115.2,6.0,0.0,6.0,0.0521,0.9295,0.056,9.0,Poor,0.0,True,final,0,2026-10-04T06:17:59Z,33,2026-08-31,San Diego Fish Reports dock totals,8,backfilled
L1|2026-08-31|kelp_nearshore|sand_bass,L1,2026-08-31,kelp_nearshore,sand_bass,8,222.0,115.2,46.0,20.0,66.0,0.5727,0.3533,1.621,82.9,Very Good,1.0,True,final,0,2026-10-04T06:17:59Z,33,2026-08-31,San Diego Fish Reports dock totals,8,backfilled
L1|2026-08-31|kelp_nearshore|sheephead,L1,2026-08-31,kelp_nearshore,sheephead,8,222.0,115.2,0.0,0.0,0.0,0.0,0.14,0.0,0.0,Poor,0.0,True,final,0,2026-10-04T06:17:59Z,33,2026-08-31,San Diego Fish Reports dock totals,8,backfilled;effort_adjusted_zero
L1|2026-08-31|kelp_nearshore|white_seabass,L1,2026-08-31,kelp_nearshore,white_seabass,8,222.0,115.2,1.0,0.0,1.0,0.0087,0.5,,,,,True,no_reference,0,2026-10-04T06:17:59Z,33,2026-08-31,San Diego Fish Reports dock totals,8,backfilled;reference_default;sparse_species
L1|2026-08-31|kelp_nearshore|yellowtail,L1,2026-08-31,kelp_nearshore,yellowtail,8,222.0,115.2,26.0,0.0,26.0,0.2256,0.1053,2.142,90.7,Excellent,1.0,True,final,0,2026-10-04T06:17:59Z,33,2026-08-31,San Diego Fish Reports dock totals,8,backfilled
L1|2026-08-31|offshore_banks|barracuda,L1,2026-08-31,offshore_banks,barracuda,8,190.0,211.5,45.0,0.0,45.0,0.2128,0.5,,,,,True,no_reference,0,2026-10-04T06:17:59Z,33,2026-08-31,San Diego Fish Reports dock totals,8,overnight_destination_uncertain;backfilled;reference_default
L1|2026-08-31|offshore_banks|bluefin_tuna,L1,2026-08-31,offshore_banks,bluefin_tuna,8,190.0,211.5,66.0,0.0,66.0,0.3121,0.0042,,,,,True,no_reference,0,2026-10-04T06:17:59Z,33,2026-08-31,San Diego Fish Reports dock totals,8,overnight_destination_uncertain;backfilled;reference_species_fallback
L1|2026-08-31|offshore_banks|bonito,L1,2026-08-31,offshore_banks,bonito,8,190.0,211.5,216.0,0.0,216.0,1.0213,0.0297,34.386,100.0,Excellent,1.0,True,final,0,2026-10-04T06:17:59Z,33,2026-08-31,San Diego Fish Reports dock totals,8,overnight_destination_uncertain;backfilled
L1|2026-08-31|offshore_banks|dorado,L1,2026-08-31,offshore_banks,dorado,8,190.0,211.5,105.0,0.0,105.0,0.4965,0.068,7.301,100.0,Excellent,1.0,True,final,0,2026-10-04T06:17:59Z,33,2026-08-31,San Diego Fish Reports dock totals,8,overnight_destination_uncertain;backfilled
L1|2026-08-31|offshore_banks|rockfish,L1,2026-08-31,offshore_banks,rockfish,8,190.0,211.5,0.0,0.0,0.0,0.0,0.0499,,,,,True,no_reference,0,2026-10-04T06:17:59Z,33,2026-08-31,San Diego Fish Reports dock totals,8,overnight_destination_uncertain;backfilled;reference_species_fallback
L1|2026-08-31|offshore_banks|sheephead,L1,2026-08-31,offshore_banks,sheephead,8,190.0,211.5,0.0,0.0,0.0,0.0,0.5,,,,,True,no_reference,0,2026-10-04T06:17:59Z,33,2026-08-31,San Diego Fish Reports dock totals,8,overnight_destination_uncertain;backfilled;reference_default
L1|2026-08-31|offshore_banks|white_seabass,L1,2026-08-31,offshore_banks,white_seabass,8,190.0,211.5,0.0,0.0,0.0,0.0,0.5,,,,,True,no_reference,0,2026-10-04T06:17:59Z,33,2026-08-31,San Diego Fish Reports dock totals,8,overnight_destination_uncertain;backfilled;reference_default;sparse_species
L1|2026-08-31|offshore_banks|yellowfin_tuna,L1,2026-08-31,offshore_banks,yellowfin_tuna,8,190.0,211.5,235.0,0.0,235.0,1.1111,1.0526,1.056,71.4,Good,1.0,True,final,0,2026-10-04T06:17:59Z,33,2026-08-31,San Diego Fish Reports dock totals,8,overnight_destination_uncertain;backfilled
L1|2026-08-31|offshore_banks|yellowtail,L1,2026-08-31,offshore_banks,yellowtail,8,190.0,211.5,68.0,0.0,68.0,0.3215,0.3983,0.807,65.2,Good,1.0,True,final,0,2026-10-04T06:17:59Z,33,2026-08-31,San Diego Fish Reports dock totals,8,overnight_destination_uncertain;backfilled
L1|2026-09-01|coronados|barracuda,L1,2026-09-01,coronados,barracuda,1,30.0,30.0,0.0,0.0,0.0,0.0,0.5,,,,,False,insufficient_effort,0,2026-10-04T06:18:01Z,32,2026-09-01,San Diego Fish Reports dock totals,1,backfilled;reference_default
L1|2026-09-01|coronados|bluefin_tuna,L1,2026-09-01,coronados,bluefin_tuna,1,30.0,30.0,0.0,0.0,0.0,0.0,0.0042,,,,,False,insufficient_effort,0,2026-10-04T06:18:01Z,32,2026-09-01,San Diego Fish Reports dock totals,1,backfilled;reference_species_fallback
L1|2026-09-01|coronados|bonito,L1,2026-09-01,coronados,bonito,1,30.0,30.0,18.0,0.0,18.0,0.6,0.676,,,,,False,insufficient_effort,0,2026-10-04T06:18:01Z,32,2026-09-01,San Diego Fish Reports dock totals,1,backfilled
L1|2026-09-01|coronados|calico_bass,L1,2026-09-01,coronados,calico_bass,1,30.0,30.0,16.0,0.0,16.0,0.5333,1.3322,,,,,False,insufficient_effort,0,2026-10-04T06:18:01Z,32,2026-09-01,San Diego Fish Reports dock totals,1,backfilled;reference_species_fallback
L1|2026-09-01|coronados|dorado,L1,2026-09-01,coronados,dorado,1,30.0,30.0,0.0,0.0,0.0,0.0,0.0524,,,,,False,insufficient_effort,0,2026-10-04T06:18:01Z,32,2026-09-01,San Diego Fish Reports dock totals,1,backfilled;reference_species_fallback
L1|2026-09-01|coronados|rockfish,L1,2026-09-01,coronados,rockfish,1,30.0,30.0,0.0,0.0,0.0,0.0,0.0499,,,,,False,insufficient_effort,0,2026-10-04T06:18:01Z,32,2026-09-01,San Diego Fish Reports dock totals,1,backfilled;reference_species_fallback
L1|2026-09-01|coronados|sheephead,L1,2026-09-01,coronados,sheephead,1,30.0,30.0,0.0,0.0,0.0,0.0,0.5,,,,,False,insufficient_effort,0,2026-10-04T06:18:01Z,32,2026-09-01,San Diego Fish Reports dock totals,1,backfilled;reference_default
L1|2026-09-01|coronados|white_seabass,L1,2026-09-01,coronados,white_seabass,1,30.0,30.0,1.0,0.0,1.0,0.0333,0.5,,,,,False,insufficient_effort,0,2026-10-04T06:18:01Z,32,2026-09-01,San Diego Fish Reports dock totals,1,backfilled;reference_default;sparse_species
L1|2026-09-01|coronados|yellowfin_tuna,L1,2026-09-01,coronados,yellowfin_tuna,1,30.0,30.0,0.0,0.0,0.0,0.0,0.2614,,,,,False,insufficient_effort,0,2026-10-04T06:18:01Z,32,2026-09-01,San Diego Fish Reports dock totals,1,backfilled;reference_species_fallback
L1|2026-09-01|coronados|yellowtail,L1,2026-09-01,coronados,yellowtail,1,30.0,30.0,76.0,0.0,76.0,2.5333,2.8371,,,,,False,insufficient_effort,0,2026-10-04T06:18:01Z,32,2026-09-01,San Diego Fish Reports dock totals,1,backfilled
L1|2026-09-01|extended_offshore|bluefin_tuna,L1,2026-09-01,extended_offshore,bluefin_tuna,6,61.5,124.2,115.5,0.0,115.5,0.9296,0.0233,39.896,100.0,Excellent,1.0,True,final,1,2026-10-04T06:18:03Z,32,2026-09-01;2026-09-02,San Diego Fish Reports dock totals,6,backfilled;multi_day_split
L1|2026-09-01|extended_offshore|bonito,L1,2026-09-01,extended_offshore,bonito,6,61.5,124.2,7.5,0.0,7.5,0.0604,0.0623,,,,,True,no_reference,1,2026-10-04T06:18:03Z,32,2026-09-01;2026-09-02,San Diego Fish Reports dock totals,6,backfilled;multi_day_split;reference_species_fallback
L1|2026-09-01|extended_offshore|dorado,L1,2026-09-01,extended_offshore,dorado,6,61.5,124.2,7.5,0.0,7.5,0.0604,0.1053,0.573,58.5,Fair,0.0,True,final,1,2026-10-04T06:18:03Z,32,2026-09-01;2026-09-02,San Diego Fish Reports dock totals,6,backfilled;multi_day_split
L1|2026-09-01|extended_offshore|rockfish,L1,2026-09-01,extended_offshore,rockfish,6,61.5,124.2,10.0,0.0,10.0,0.0805,0.0499,1.613,82.7,Very Good,1.0,True,final,1,2026-10-04T06:18:03Z,32,2026-09-01;2026-09-02,San Diego Fish Reports dock totals,6,backfilled;multi_day_split
L1|2026-09-01|extended_offshore|sheephead,L1,2026-09-01,extended_offshore,sheephead,6,61.5,124.2,0.0,0.0,0.0,0.0,0.5,,,,,True,no_reference,1,2026-10-04T06:18:03Z,32,2026-09-01;2026-09-02,San Diego Fish Reports dock totals,6,backfilled;multi_day_split;reference_default
L1|2026-09-01|extended_offshore|white_seabass,L1,2026-09-01,extended_offshore,white_seabass,6,61.5,124.2,0.5,0.0,0.5,0.004,0.5,,,,,True,no_reference,1,2026-10-04T06:18:03Z,32,2026-09-01;2026-09-02,San Diego Fish Reports dock totals,6,backfilled;multi_day_split;reference_default;sparse_species
L1|2026-09-01|extended_offshore|yellowfin_tuna,L1,2026-09-01,extended_offshore,yellowfin_tuna,6,61.5,124.2,16.5,0.0,16.5,0.1328,0.1359,0.977,69.4,Good,1.0,True,final,1,2026-10-04T06:18:03Z,32,2026-09-01;2026-09-02,San Diego Fish Reports dock totals,6,backfilled;multi_day_split
L1|2026-09-01|extended_offshore|yellowtail,L1,2026-09-01,extended_offshore,yellowtail,6,61.5,124.2,3.5,0.0,3.5,0.0282,0.9301,0.03,4.8,Poor,0.0,True,final,1,2026-10-04T06:18:03Z,32,2026-09-01;2026-09-02,San Diego Fish Reports dock totals,6,backfilled;multi_day_split
L1|2026-09-01|kelp_nearshore|barracuda,L1,2026-09-01,kelp_nearshore,barracuda,7,204.0,101.8,10.0,0.0,10.0,0.0982,0.0421,2.332,91.7,Excellent,1.0,True,final,0,2026-10-04T06:18:01Z,32,2026-09-01,San Diego Fish Reports dock totals,7,backfilled
L1|2026-09-01|kelp_nearshore|bonito,L1,2026-09-01,kelp_nearshore,bonito,7,204.0,101.8,223.0,0.0,223.0,2.1895,0.7162,3.057,95.3,Excellent,1.0,True,final,0,2026-10-04T06:18:01Z,32,2026-09-01,San Diego Fish Reports dock totals,7,backfilled
L1|2026-09-01|kelp_nearshore|calico_bass,L1,2026-09-01,kelp_nearshore,calico_bass,7,204.0,101.8,57.0,20.0,77.0,0.756,1.7014,0.444,51.1,Fair,0.0,True,final,0,2026-10-04T06:18:01Z,32,2026-09-01,San Diego Fish Reports dock totals,7,backfilled
L1|2026-09-01|kelp_nearshore|california_halibut,L1,2026-09-01,kelp_nearshore,california_halibut,7,204.0,101.8,0.0,0.0,0.0,0.0,0.5,,,,,True,no_reference,0,2026-10-04T06:18:01Z,32,2026-09-01,San Diego Fish Reports dock totals,7,backfilled;reference_default;sparse_species
L1|2026-09-01|kelp_nearshore|rockfish,L1,2026-09-01,kelp_nearshore,rockfish,7,204.0,101.8,4.0,0.0,4.0,0.0393,0.9295,0.042,6.8,Poor,0.0,True,final,0,2026-10-04T06:18:01Z,32,2026-09-01,San Diego Fish Reports dock totals,7,backfilled
L1|2026-09-01|kelp_nearshore|sand_bass,L1,2026-09-01,kelp_nearshore,sand_bass,7,204.0,101.8,87.0,10.0,97.0,0.9524,0.3533,2.696,93.5,Excellent,1.0,True,final,0,2026-10-04T06:18:01Z,32,2026-09-01,San Diego Fish Reports dock totals,7,backfilled
L1|2026-09-01|kelp_nearshore|sheephead,L1,2026-09-01,kelp_nearshore,sheephead,7,204.0,101.8,1.0,0.0,1.0,0.0098,0.14,0.07,11.2,Poor,0.0,True,final,0,2026-10-04T06:18:01Z,32,2026-09-01,San Diego Fish Reports dock totals,7,backfilled
L1|2026-09-01|kelp_nearshore|white_seabass,L1,2026-09-01,kelp_nearshore,white_seabass,7,204.0,101.8,0.0,0.0,0.0,0.0,0.5,,,,,True,no_reference,0,2026-10-04T06:18:01Z,32,2026-09-01,San Diego Fish Reports dock totals,7,backfilled;reference_default;sparse_species
L1|2026-09-01|kelp_nearshore|yellowtail,L1,2026-09-01,kelp_nearshore,yellowtail,7,204.0,101.8,36.0,0.0,36.0,0.3535,0.1053,3.357,96.8,Excellent,1.0,True,final,0,2026-10-04T06:18:01Z,32,2026-09-01,San Diego Fish Reports dock totals,7,backfilled
L1|2026-09-01|offshore_banks|barracuda,L1,2026-09-01,offshore_banks,barracuda,7,174.0,209.5,0.0,0.0,0.0,0.0,0.5,,,,,True,no_reference,0,2026-10-04T06:18:01Z,32,2026-09-01,San Diego Fish Reports dock totals,7,overnight_destination_uncertain;backfilled;reference_default
L1|2026-09-01|offshore_banks|bluefin_tuna,L1,2026-09-01,offshore_banks,bluefin_tuna,7,174.0,209.5,16.0,0.0,16.0,0.0764,0.0042,,,,,True,no_reference,0,2026-10-04T06:18:01Z,32,2026-09-01,San Diego Fish Reports dock totals,7,overnight_destination_uncertain;backfilled;reference_species_fallback
L1|2026-09-01|offshore_banks|bonito,L1,2026-09-01,offshore_banks,bonito,7,174.0,209.5,0.0,0.0,0.0,0.0,0.0297,0.0,0.0,Poor,0.0,True,final,0,2026-10-04T06:18:01Z,32,2026-09-01,San Diego Fish Reports dock totals,7,overnight_destination_uncertain;backfilled;effort_adjusted_zero
L1|2026-09-01|offshore_banks|dorado,L1,2026-09-01,offshore_banks,dorado,7,174.0,209.5,148.0,0.0,148.0,0.7064,0.068,10.389,100.0,Excellent,1.0,True,final,0,2026-10-04T06:18:01Z,32,2026-09-01,San Diego Fish Reports dock totals,7,overnight_destination_uncertain;backfilled
L1|2026-09-01|offshore_banks|rockfish,L1,2026-09-01,offshore_banks,rockfish,7,174.0,209.5,0.0,0.0,0.0,0.0,0.0499,,,,,True,no_reference,0,2026-10-04T06:18:01Z,32,2026-09-01,San Diego Fish Reports dock totals,7,overnight_destination_uncertain;backfilled;reference_species_fallback
L1|2026-09-01|offshore_banks|sheephead,L1,2026-09-01,offshore_banks,sheephead,7,174.0,209.5,0.0,0.0,0.0,0.0,0.5,,,,,True,no_reference,0,2026-10-04T06:18:01Z,32,2026-09-01,San Diego Fish Reports dock totals,7,overnight_destination_uncertain;backfilled;reference_default
L1|2026-09-01|offshore_banks|white_seabass,L1,2026-09-01,offshore_banks,white_seabass,7,174.0,209.5,0.0,0.0,0.0,0.0,0.5,,,,,True,no_reference,0,2026-10-04T06:18:01Z,32,2026-09-01,San Diego Fish Reports dock totals,7,overnight_destination_uncertain;backfilled;reference_default;sparse_species
L1|2026-09-01|offshore_banks|yellowfin_tuna,L1,2026-09-01,offshore_banks,yellowfin_tuna,7,174.0,209.5,359.0,0.0,359.0,1.7136,1.0526,1.628,83.0,Very Good,1.0,True,final,0,2026-10-04T06:18:01Z,32,2026-09-01,San Diego Fish Reports dock totals,7,overnight_destination_uncertain;backfilled
L1|2026-09-01|offshore_banks|yellowtail,L1,2026-09-01,offshore_banks,yellowtail,7,174.0,209.5,4.0,0.0,4.0,0.0191,0.3983,0.048,7.7,Poor,0.0,True,final,0,2026-10-04T06:18:01Z,32,2026-09-01,San Diego Fish Reports dock totals,7,overnight_destination_uncertain;backfilled
L1|2026-09-02|coronados|barracuda,L1,2026-09-02,coronados,barracuda,2,66.0,66.0,97.0,0.0,97.0,1.4697,0.5,,,,,True,no_reference,0,2026-10-04T06:18:03Z,31,2026-09-02,San Diego Fish Reports dock totals,2,backfilled;reference_default;low_effort
L1|2026-09-02|coronados|bluefin_tuna,L1,2026-09-02,coronados,bluefin_tuna,2,66.0,66.0,0.0,0.0,0.0,0.0,0.0042,,,,,True,no_reference,0,2026-10-04T06:18:03Z,31,2026-09-02,San Diego Fish Reports dock totals,2,backfilled;reference_species_fallback;low_effort
L1|2026-09-02|coronados|bonito,L1,2026-09-02,coronados,bonito,2,66.0,66.0,78.0,0.0,78.0,1.1818,0.676,1.748,85.3,Very Good,1.0,True,final,0,2026-10-04T06:18:03Z,31,2026-09-02,San Diego Fish Reports dock totals,2,backfilled;low_effort
L1|2026-09-02|coronados|calico_bass,L1,2026-09-02,coronados,calico_bass,2,66.0,66.0,19.0,0.0,19.0,0.2879,1.3322,,,,,True,no_reference,0,2026-10-04T06:18:03Z,31,2026-09-02,San Diego Fish Reports dock totals,2,backfilled;reference_species_fallback;low_effort
L1|2026-09-02|coronados|dorado,L1,2026-09-02,coronados,dorado,2,66.0,66.0,0.0,0.0,0.0,0.0,0.0524,,,,,True,no_reference,0,2026-10-04T06:18:03Z,31,2026-09-02,San Diego Fish Reports dock totals,2,backfilled;reference_species_fallback;low_effort
L1|2026-09-02|coronados|rockfish,L1,2026-09-02,coronados,rockfish,2,66.0,66.0,0.0,0.0,0.0,0.0,0.0499,,,,,True,no_reference,0,2026-10-04T06:18:03Z,31,2026-09-02,San Diego Fish Reports dock totals,2,backfilled;reference_species_fallback;low_effort
L1|2026-09-02|coronados|sheephead,L1,2026-09-02,coronados,sheephead,2,66.0,66.0,0.0,0.0,0.0,0.0,0.5,,,,,True,no_reference,0,2026-10-04T06:18:03Z,31,2026-09-02,San Diego Fish Reports dock totals,2,backfilled;reference_default;low_effort
L1|2026-09-02|coronados|white_seabass,L1,2026-09-02,coronados,white_seabass,2,66.0,66.0,0.0,0.0,0.0,0.0,0.5,,,,,True,no_reference,0,2026-10-04T06:18:03Z,31,2026-09-02,San Diego Fish Reports dock totals,2,backfilled;reference_default;sparse_species;low_effort
L1|2026-09-02|coronados|yellowfin_tuna,L1,2026-09-02,coronados,yellowfin_tuna,2,66.0,66.0,0.0,0.0,0.0,0.0,0.2614,,,,,True,no_reference,0,2026-10-04T06:18:03Z,31,2026-09-02,San Diego Fish Reports dock totals,2,backfilled;reference_species_fallback;low_effort
L1|2026-09-02|coronados|yellowtail,L1,2026-09-02,coronados,yellowtail,2,66.0,66.0,70.0,0.0,70.0,1.0606,2.8371,0.374,47.1,Fair,0.0,True,final,0,2026-10-04T06:18:03Z,31,2026-09-02,San Diego Fish Reports dock totals,2,backfilled;low_effort
L1|2026-09-02|extended_offshore|bluefin_tuna,L1,2026-09-02,extended_offshore,bluefin_tuna,6,49.5,100.2,61.0,0.0,61.0,0.6085,0.0233,26.115,100.0,Excellent,1.0,True,final,1,2026-10-04T06:18:05Z,31,2026-09-02;2026-09-03,San Diego Fish Reports dock totals,6,backfilled;multi_day_split
L1|2026-09-02|extended_offshore|bonito,L1,2026-09-02,extended_offshore,bonito,6,49.5,100.2,51.0,0.0,51.0,0.5087,0.0623,,,,,True,no_reference,1,2026-10-04T06:18:05Z,31,2026-09-02;2026-09-03,San Diego Fish Reports dock totals,6,backfilled;multi_day_split;reference_species_fallback
L1|2026-09-02|extended_offshore|dorado,L1,2026-09-02,extended_offshore,dorado,6,49.5,100.2,9.0,0.0,9.0,0.0898,0.1053,0.853,66.3,Good,1.0,True,final,1,2026-10-04T06:18:05Z,31,2026-09-02;2026-09-03,San Diego Fish Reports dock totals,6,backfilled;multi_day_split
L1|2026-09-02|extended_offshore|rockfish,L1,2026-09-02,extended_offshore,rockfish,6,49.5,100.2,10.0,0.0,10.0,0.0998,0.0499,1.999,90.0,Excellent,1.0,True,final,1,2026-10-04T06:18:05Z,31,2026-09-02;2026-09-03,San Diego Fish Reports dock totals,6,backfilled;multi_day_split
L1|2026-09-02|extended_offshore|sheephead,L1,2026-09-02,extended_offshore,sheephead,6,49.5,100.2,0.0,0.0,0.0,0.0,0.5,,,,,True,no_reference,1,2026-10-04T06:18:05Z,31,2026-09-02;2026-09-03,San Diego Fish Reports dock totals,6,backfilled;multi_day_split;reference_default
L1|2026-09-02|extended_offshore|white_seabass,L1,2026-09-02,extended_offshore,white_seabass,6,49.5,100.2,0.5,0.0,0.5,0.005,0.5,,,,,True,no_reference,1,2026-10-04T06:18:05Z,31,2026-09-02;2026-09-03,San Diego Fish Reports dock totals,6,backfilled;multi_day_split;reference_default;sparse_species
L1|2026-09-02|extended_offshore|yellowfin_tuna,L1,2026-09-02,extended_offshore,yellowfin_tuna,6,49.5,100.2,21.0,0.0,21.0,0.2095,0.1359,1.541,81.4,Very Good,1.0,True,final,1,2026-10-04T06:18:05Z,31,2026-09-02;2026-09-03,San Diego Fish Reports dock totals,6,backfilled;multi_day_split
L1|2026-09-02|extended_offshore|yellowtail,L1,2026-09-02,extended_offshore,yellowtail,6,49.5,100.2,36.0,0.0,36.0,0.3591,0.9301,0.386,47.8,Fair,0.0,True,final,1,2026-10-04T06:18:05Z,31,2026-09-02;2026-09-03,San Diego Fish Reports dock totals,6,backfilled;multi_day_split
L1|2026-09-02|kelp_nearshore|barracuda,L1,2026-09-02,kelp_nearshore,barracuda,6,143.0,76.1,47.0,0.0,47.0,0.6176,0.0421,14.67,100.0,Excellent,1.0,True,final,0,2026-10-04T06:18:03Z,31,2026-09-02,San Diego Fish Reports dock totals,6,backfilled;low_effort
L1|2026-09-02|kelp_nearshore|bonito,L1,2026-09-02,kelp_nearshore,bonito,6,143.0,76.1,174.0,0.0,174.0,2.2865,0.7162,3.192,96.0,Excellent,1.0,True,final,0,2026-10-04T06:18:03Z,31,2026-09-02,San Diego Fish Reports dock totals,6,backfilled;low_effort
L1|2026-09-02|kelp_nearshore|calico_bass,L1,2026-09-02,kelp_nearshore,calico_bass,6,143.0,76.1,31.0,8.0,39.0,0.5125,1.7014,0.301,42.9,Fair,0.0,True,final,0,2026-10-04T06:18:03Z,31,2026-09-02,San Diego Fish Reports dock totals,6,backfilled;low_effort
L1|2026-09-02|kelp_nearshore|california_halibut,L1,2026-09-02,kelp_nearshore,california_halibut,6,143.0,76.1,2.0,0.0,2.0,0.0263,0.5,,,,,True,no_reference,0,2026-10-04T06:18:03Z,31,2026-09-02,San Diego Fish Reports dock totals,6,backfilled;reference_default;sparse_species;low_effort
L1|2026-09-02|kelp_nearshore|rockfish,L1,2026-09-02,kelp_nearshore,rockfish,6,143.0,76.1,7.0,0.0,7.0,0.092,0.9295,0.099,15.8,Poor,0.0,True,final,0,2026-10-04T06:18:03Z,31,2026-09-02,San Diego Fish Reports dock totals,6,backfilled;low_effort
L1|2026-09-02|kelp_nearshore|sand_bass,L1,2026-09-02,kelp_nearshore,sand_bass,6,143.0,76.1,22.0,6.0,28.0,0.3679,0.3533,1.041,71.0,Good,1.0,True,final,0,2026-10-04T06:18:03Z,31,2026-09-02,San Diego Fish Reports dock totals,6,backfilled;low_effort
L1|2026-09-02|kelp_nearshore|sheephead,L1,2026-09-02,kelp_nearshore,sheephead,6,143.0,76.1,0.0,0.0,0.0,0.0,0.14,0.0,0.0,Poor,0.0,True,final,0,2026-10-04T06:18:03Z,31,2026-09-02,San Diego Fish Reports dock totals,6,backfilled;low_effort;effort_adjusted_zero
L1|2026-09-02|kelp_nearshore|white_seabass,L1,2026-09-02,kelp_nearshore,white_seabass,6,143.0,76.1,0.0,0.0,0.0,0.0,0.5,,,,,True,no_reference,0,2026-10-04T06:18:03Z,31,2026-09-02,San Diego Fish Reports dock totals,6,backfilled;reference_default;sparse_species;low_effort
L1|2026-09-02|kelp_nearshore|yellowtail,L1,2026-09-02,kelp_nearshore,yellowtail,6,143.0,76.1,31.0,0.0,31.0,0.4074,0.1053,3.869,99.3,Excellent,1.0,True,final,0,2026-10-04T06:18:03Z,31,2026-09-02,San Diego Fish Reports dock totals,6,backfilled;low_effort
L1|2026-09-02|offshore_banks|barracuda,L1,2026-09-02,offshore_banks,barracuda,4,83.0,83.0,0.0,0.0,0.0,0.0,0.5,,,,,True,no_reference,0,2026-10-04T06:18:03Z,31,2026-09-02,San Diego Fish Reports dock totals,4,overnight_destination_uncertain;backfilled;reference_default;low_effort
L1|2026-09-02|offshore_banks|bluefin_tuna,L1,2026-09-02,offshore_banks,bluefin_tuna,4,83.0,83.0,0.0,0.0,0.0,0.0,0.0042,,,,,True,no_reference,0,2026-10-04T06:18:03Z,31,2026-09-02,San Diego Fish Reports dock totals,4,overnight_destination_uncertain;backfilled;reference_species_fallback;low_effort
L1|2026-09-02|offshore_banks|bonito,L1,2026-09-02,offshore_banks,bonito,4,83.0,83.0,1.0,0.0,1.0,0.012,0.0297,0.406,48.9,Fair,0.0,True,final,0,2026-10-04T06:18:03Z,31,2026-09-02,San Diego Fish Reports dock totals,4,overnight_destination_uncertain;backfilled;low_effort
L1|2026-09-02|offshore_banks|dorado,L1,2026-09-02,offshore_banks,dorado,4,83.0,83.0,3.0,0.0,3.0,0.0361,0.068,0.532,56.1,Fair,0.0,True,final,0,2026-10-04T06:18:03Z,31,2026-09-02,San Diego Fish Reports dock totals,4,overnight_destination_uncertain;backfilled;low_effort
L1|2026-09-02|offshore_banks|rockfish,L1,2026-09-02,offshore_banks,rockfish,4,83.0,83.0,0.0,0.0,0.0,0.0,0.0499,,,,,True,no_reference,0,2026-10-04T06:18:03Z,31,2026-09-02,San Diego Fish Reports dock totals,4,overnight_destination_uncertain;backfilled;reference_species_fallback;low_effort
L1|2026-09-02|offshore_banks|sheephead,L1,2026-09-02,offshore_banks,sheephead,4,83.0,83.0,0.0,0.0,0.0,0.0,0.5,,,,,True,no_reference,0,2026-10-04T06:18:03Z,31,2026-09-02,San Diego Fish Reports dock totals,4,overnight_destination_uncertain;backfilled;reference_default;low_effort
L1|2026-09-02|offshore_banks|white_seabass,L1,2026-09-02,offshore_banks,white_seabass,4,83.0,83.0,0.0,0.0,0.0,0.0,0.5,,,,,True,no_reference,0,2026-10-04T06:18:03Z,31,2026-09-02,San Diego Fish Reports dock totals,4,overnight_destination_uncertain;backfilled;reference_default;sparse_species;low_effort
L1|2026-09-02|offshore_banks|yellowfin_tuna,L1,2026-09-02,offshore_banks,yellowfin_tuna,4,83.0,83.0,166.0,0.0,166.0,2.0,1.0526,1.9,88.1,Very Good,1.0,True,final,0,2026-10-04T06:18:03Z,31,2026-09-02,San Diego Fish Reports dock totals,4,overnight_destination_uncertain;backfilled;low_effort
L1|2026-09-02|offshore_banks|yellowtail,L1,2026-09-02,offshore_banks,yellowtail,4,83.0,83.0,1.0,0.0,1.0,0.012,0.3983,0.03,4.8,Poor,0.0,True,final,0,2026-10-04T06:18:03Z,31,2026-09-02,San Diego Fish Reports dock totals,4,overnight_destination_uncertain;backfilled;low_effort
L1|2026-09-03|coronados|barracuda,L1,2026-09-03,coronados,barracuda,1,29.0,29.0,0.0,0.0,0.0,0.0,0.5,,,,,False,insufficient_effort,0,2026-10-04T06:18:05Z,30,2026-09-03,San Diego Fish Reports dock totals,1,backfilled;reference_default
L1|2026-09-03|coronados|bluefin_tuna,L1,2026-09-03,coronados,bluefin_tuna,1,29.0,29.0,0.0,0.0,0.0,0.0,0.0042,,,,,False,insufficient_effort,0,2026-10-04T06:18:05Z,30,2026-09-03,San Diego Fish Reports dock totals,1,backfilled;reference_species_fallback
L1|2026-09-03|coronados|bonito,L1,2026-09-03,coronados,bonito,1,29.0,29.0,19.0,0.0,19.0,0.6552,0.676,,,,,False,insufficient_effort,0,2026-10-04T06:18:05Z,30,2026-09-03,San Diego Fish Reports dock totals,1,backfilled
L1|2026-09-03|coronados|calico_bass,L1,2026-09-03,coronados,calico_bass,1,29.0,29.0,18.0,0.0,18.0,0.6207,1.3322,,,,,False,insufficient_effort,0,2026-10-04T06:18:05Z,30,2026-09-03,San Diego Fish Reports dock totals,1,backfilled;reference_species_fallback
L1|2026-09-03|coronados|dorado,L1,2026-09-03,coronados,dorado,1,29.0,29.0,0.0,0.0,0.0,0.0,0.0524,,,,,False,insufficient_effort,0,2026-10-04T06:18:05Z,30,2026-09-03,San Diego Fish Reports dock totals,1,backfilled;reference_species_fallback
L1|2026-09-03|coronados|rockfish,L1,2026-09-03,coronados,rockfish,1,29.0,29.0,0.0,0.0,0.0,0.0,0.0499,,,,,False,insufficient_effort,0,2026-10-04T06:18:05Z,30,2026-09-03,San Diego Fish Reports dock totals,1,backfilled;reference_species_fallback
L1|2026-09-03|coronados|sheephead,L1,2026-09-03,coronados,sheephead,1,29.0,29.0,0.0,0.0,0.0,0.0,0.5,,,,,False,insufficient_effort,0,2026-10-04T06:18:05Z,30,2026-09-03,San Diego Fish Reports dock totals,1,backfilled;reference_default
L1|2026-09-03|coronados|white_seabass,L1,2026-09-03,coronados,white_seabass,1,29.0,29.0,0.0,0.0,0.0,0.0,0.5,,,,,False,insufficient_effort,0,2026-10-04T06:18:05Z,30,2026-09-03,San Diego Fish Reports dock totals,1,backfilled;reference_default;sparse_species
L1|2026-09-03|coronados|yellowfin_tuna,L1,2026-09-03,coronados,yellowfin_tuna,1,29.0,29.0,0.0,0.0,0.0,0.0,0.2614,,,,,False,insufficient_effort,0,2026-10-04T06:18:05Z,30,2026-09-03,San Diego Fish Reports dock totals,1,backfilled;reference_species_fallback
L1|2026-09-03|coronados|yellowtail,L1,2026-09-03,coronados,yellowtail,1,29.0,29.0,26.0,0.0,26.0,0.8966,2.8371,,,,,False,insufficient_effort,0,2026-10-04T06:18:05Z,30,2026-09-03,San Diego Fish Reports dock totals,1,backfilled
L1|2026-09-03|extended_offshore|bluefin_tuna,L1,2026-09-03,extended_offshore,bluefin_tuna,5,39.0,85.2,55.0,0.0,55.0,0.6452,0.0233,27.689,100.0,Excellent,1.0,True,final,1,2026-10-04T06:18:07Z,30,2026-09-03;2026-09-04,San Diego Fish Reports dock totals,5,backfilled;multi_day_split;low_effort
L1|2026-09-03|extended_offshore|bonito,L1,2026-09-03,extended_offshore,bonito,5,39.0,85.2,43.5,0.0,43.5,0.5103,0.0623,,,,,True,no_reference,1,2026-10-04T06:18:07Z,30,2026-09-03;2026-09-04,San Diego Fish Reports dock totals,5,backfilled;multi_day_split;reference_species_fallback;low_effort
L1|2026-09-03|extended_offshore|dorado,L1,2026-09-03,extended_offshore,dorado,5,39.0,85.2,7.0,0.0,7.0,0.0821,0.1053,0.78,64.5,Good,1.0,True,final,1,2026-10-04T06:18:07Z,30,2026-09-03;2026-09-04,San Diego Fish Reports dock totals,5,backfilled;multi_day_split;low_effort
L1|2026-09-03|extended_offshore|rockfish,L1,2026-09-03,extended_offshore,rockfish,5,39.0,85.2,0.0,0.0,0.0,0.0,0.0499,0.0,0.0,Poor,0.0,True,final,1,2026-10-04T06:18:07Z,30,2026-09-03;2026-09-04,San Diego Fish Reports dock totals,5,backfilled;multi_day_split;low_effort;effort_adjusted_zero
L1|2026-09-03|extended_offshore|sheephead,L1,2026-09-03,extended_offshore,sheephead,5,39.0,85.2,0.0,0.0,0.0,0.0,0.5,,,,,True,no_reference,1,2026-10-04T06:18:07Z,30,2026-09-03;2026-09-04,San Diego Fish Reports dock totals,5,backfilled;multi_day_split;reference_default;low_effort
L1|2026-09-03|extended_offshore|white_seabass,L1,2026-09-03,extended_offshore,white_seabass,5,39.0,85.2,0.0,0.0,0.0,0.0,0.5,,,,,True,no_reference,1,2026-10-04T06:18:07Z,30,2026-09-03;2026-09-04,San Diego Fish Reports dock totals,5,backfilled;multi_day_split;reference_default;sparse_species;low_effort
L1|2026-09-03|extended_offshore|yellowfin_tuna,L1,2026-09-03,extended_offshore,yellowfin_tuna,5,39.0,85.2,4.5,0.0,4.5,0.0528,0.1359,0.388,47.9,Fair,0.0,True,final,1,2026-10-04T06:18:07Z,30,2026-09-03;2026-09-04,San Diego Fish Reports dock totals,5,backfilled;multi_day_split;low_effort
L1|2026-09-03|extended_offshore|yellowtail,L1,2026-09-03,extended_offshore,yellowtail,5,39.0,85.2,33.0,0.0,33.0,0.3871,0.9301,0.416,49.5,Fair,0.0,True,final,1,2026-10-04T06:18:07Z,30,2026-09-03;2026-09-04,San Diego Fish Reports dock totals,5,backfilled;multi_day_split;low_effort
L1|2026-09-03|kelp_nearshore|barracuda,L1,2026-09-03,kelp_nearshore,barracuda,9,197.0,97.2,23.0,0.0,23.0,0.2366,0.0421,5.621,100.0,Excellent,1.0,True,final,0,2026-10-04T06:18:05Z,30,2026-09-03,San Diego Fish Reports dock totals,9,backfilled;low_effort
L1|2026-09-03|kelp_nearshore|bonito,L1,2026-09-03,kelp_nearshore,bonito,9,197.0,97.2,301.0,0.0,301.0,3.0967,0.7162,4.324,100.0,Excellent,1.0,True,final,0,2026-10-04T06:18:05Z,30,2026-09-03,San Diego Fish Reports dock totals,9,backfilled;low_effort
L1|2026-09-03|kelp_nearshore|calico_bass,L1,2026-09-03,kelp_nearshore,calico_bass,9,197.0,97.2,118.0,47.0,165.0,1.6975,1.7014,0.998,69.9,Good,1.0,True,final,0,2026-10-04T06:18:05Z,30,2026-09-03,San Diego Fish Reports dock totals,9,backfilled;low_effort
L1|2026-09-03|kelp_nearshore|california_halibut,L1,2026-09-03,kelp_nearshore,california_halibut,9,197.0,97.2,1.0,0.0,1.0,0.0103,0.5,,,,,True,no_reference,0,2026-10-04T06:18:05Z,30,2026-09-03,San Diego Fish Reports dock totals,9,backfilled;reference_default;sparse_species;low_effort
L1|2026-09-03|kelp_nearshore|rockfish,L1,2026-09-03,kelp_nearshore,rockfish,9,197.0,97.2,20.0,0.0,20.0,0.2058,0.9295,0.221,35.4,Poor,0.0,True,final,0,2026-10-04T06:18:05Z,30,2026-09-03,San Diego Fish Reports dock totals,9,backfilled;low_effort
L1|2026-09-03|kelp_nearshore|sand_bass,L1,2026-09-03,kelp_nearshore,sand_bass,9,197.0,97.2,39.0,20.0,59.0,0.607,0.3533,1.718,84.7,Very Good,1.0,True,final,0,2026-10-04T06:18:05Z,30,2026-09-03,San Diego Fish Reports dock totals,9,backfilled;low_effort
L1|2026-09-03|kelp_nearshore|sheephead,L1,2026-09-03,kelp_nearshore,sheephead,9,197.0,97.2,6.0,0.0,6.0,0.0617,0.14,0.441,50.9,Fair,0.0,True,final,0,2026-10-04T06:18:05Z,30,2026-09-03,San Diego Fish Reports dock totals,9,backfilled;low_effort
L1|2026-09-03|kelp_nearshore|white_seabass,L1,2026-09-03,kelp_nearshore,white_seabass,9,197.0,97.2,0.0,0.0,0.0,0.0,0.5,,,,,True,no_reference,0,2026-10-04T06:18:05Z,30,2026-09-03,San Diego Fish Reports dock totals,9,backfilled;reference_default;sparse_species;low_effort
L1|2026-09-03|kelp_nearshore|yellowtail,L1,2026-09-03,kelp_nearshore,yellowtail,9,197.0,97.2,45.0,0.0,45.0,0.463,0.1053,4.397,100.0,Excellent,1.0,True,final,0,2026-10-04T06:18:05Z,30,2026-09-03,San Diego Fish Reports dock totals,9,backfilled;low_effort
L1|2026-09-03|offshore_banks|barracuda,L1,2026-09-03,offshore_banks,barracuda,3,90.0,100.0,0.0,0.0,0.0,0.0,0.5,,,,,True,no_reference,0,2026-10-04T06:18:05Z,30,2026-09-03,San Diego Fish Reports dock totals,3,overnight_destination_uncertain;backfilled;reference_default
L1|2026-09-03|offshore_banks|bluefin_tuna,L1,2026-09-03,offshore_banks,bluefin_tuna,3,90.0,100.0,0.0,0.0,0.0,0.0,0.0042,,,,,True,no_reference,0,2026-10-04T06:18:05Z,30,2026-09-03,San Diego Fish Reports dock totals,3,overnight_destination_uncertain;backfilled;reference_species_fallback
L1|2026-09-03|offshore_banks|bonito,L1,2026-09-03,offshore_banks,bonito,3,90.0,100.0,2.0,0.0,2.0,0.02,0.0297,0.673,61.8,Good,1.0,True,final,0,2026-10-04T06:18:05Z,30,2026-09-03,San Diego Fish Reports dock totals,3,overnight_destination_uncertain;backfilled
L1|2026-09-03|offshore_banks|dorado,L1,2026-09-03,offshore_banks,dorado,3,90.0,100.0,0.0,0.0,0.0,0.0,0.068,0.0,0.0,Poor,0.0,True,final,0,2026-10-04T06:18:05Z,30,2026-09-03,San Diego Fish Reports dock totals,3,overnight_destination_uncertain;backfilled;effort_adjusted_zero
L1|2026-09-03|offshore_banks|rockfish,L1,2026-09-03,offshore_banks,rockfish,3,90.0,100.0,0.0,0.0,0.0,0.0,0.0499,,,,,True,no_reference,0,2026-10-04T06:18:05Z,30,2026-09-03,San Diego Fish Reports dock totals,3,overnight_destination_uncertain;backfilled;reference_species_fallback
L1|2026-09-03|offshore_banks|sheephead,L1,2026-09-03,offshore_banks,sheephead,3,90.0,100.0,0.0,0.0,0.0,0.0,0.5,,,,,True,no_reference,0,2026-10-04T06:18:05Z,30,2026-09-03,San Diego Fish Reports dock totals,3,overnight_destination_uncertain;backfilled;reference_default
L1|2026-09-03|offshore_banks|white_seabass,L1,2026-09-03,offshore_banks,white_seabass,3,90.0,100.0,0.0,0.0,0.0,0.0,0.5,,,,,True,no_reference,0,2026-10-04T06:18:05Z,30,2026-09-03,San Diego Fish Reports dock totals,3,overnight_destination_uncertain;backfilled;reference_default;sparse_species
L1|2026-09-03|offshore_banks|yellowfin_tuna,L1,2026-09-03,offshore_banks,yellowfin_tuna,3,90.0,100.0,65.0,0.0,65.0,0.65,1.0526,0.618,60.4,Good,1.0,True,final,0,2026-10-04T06:18:05Z,30,2026-09-03,San Diego Fish Reports dock totals,3,overnight_destination_uncertain;backfilled
L1|2026-09-03|offshore_banks|yellowtail,L1,2026-09-03,offshore_banks,yellowtail,3,90.0,100.0,0.0,0.0,0.0,0.0,0.3983,0.0,0.0,Poor,0.0,True,final,0,2026-10-04T06:18:05Z,30,2026-09-03,San Diego Fish Reports dock totals,3,overnight_destination_uncertain;backfilled;effort_adjusted_zero
L1|2026-09-04|coronados|barracuda,L1,2026-09-04,coronados,barracuda,2,61.0,61.0,16.0,0.0,16.0,0.2623,0.5,,,,,True,no_reference,0,2026-10-04T06:18:07Z,29,2026-09-04,San Diego Fish Reports dock totals,2,backfilled;reference_default;low_effort
L1|2026-09-04|coronados|bluefin_tuna,L1,2026-09-04,coronados,bluefin_tuna,2,61.0,61.0,0.0,0.0,0.0,0.0,0.0042,,,,,True,no_reference,0,2026-10-04T06:18:07Z,29,2026-09-04,San Diego Fish Reports dock totals,2,backfilled;reference_species_fallback;low_effort
L1|2026-09-04|coronados|bonito,L1,2026-09-04,coronados,bonito,2,61.0,61.0,96.0,0.0,96.0,1.5738,0.676,2.328,91.6,Excellent,1.0,True,final,0,2026-10-04T06:18:07Z,29,2026-09-04,San Diego Fish Reports dock totals,2,backfilled;low_effort
L1|2026-09-04|coronados|calico_bass,L1,2026-09-04,coronados,calico_bass,2,61.0,61.0,0.0,0.0,0.0,0.0,1.3322,,,,,True,no_reference,0,2026-10-04T06:18:07Z,29,2026-09-04,San Diego Fish Reports dock totals,2,backfilled;reference_species_fallback;low_effort
L1|2026-09-04|coronados|dorado,L1,2026-09-04,coronados,dorado,2,61.0,61.0,0.0,0.0,0.0,0.0,0.0524,,,,,True,no_reference,0,2026-10-04T06:18:07Z,29,2026-09-04,San Diego Fish Reports dock totals,2,backfilled;reference_species_fallback;low_effort
L1|2026-09-04|coronados|rockfish,L1,2026-09-04,coronados,rockfish,2,61.0,61.0,0.0,0.0,0.0,0.0,0.0499,,,,,True,no_reference,0,2026-10-04T06:18:07Z,29,2026-09-04,San Diego Fish Reports dock totals,2,backfilled;reference_species_fallback;low_effort
L1|2026-09-04|coronados|sheephead,L1,2026-09-04,coronados,sheephead,2,61.0,61.0,0.0,0.0,0.0,0.0,0.5,,,,,True,no_reference,0,2026-10-04T06:18:07Z,29,2026-09-04,San Diego Fish Reports dock totals,2,backfilled;reference_default;low_effort
L1|2026-09-04|coronados|white_seabass,L1,2026-09-04,coronados,white_seabass,2,61.0,61.0,0.0,0.0,0.0,0.0,0.5,,,,,True,no_reference,0,2026-10-04T06:18:07Z,29,2026-09-04,San Diego Fish Reports dock totals,2,backfilled;reference_default;sparse_species;low_effort
L1|2026-09-04|coronados|yellowfin_tuna,L1,2026-09-04,coronados,yellowfin_tuna,2,61.0,61.0,0.0,0.0,0.0,0.0,0.2614,,,,,True,no_reference,0,2026-10-04T06:18:07Z,29,2026-09-04,San Diego Fish Reports dock totals,2,backfilled;reference_species_fallback;low_effort
L1|2026-09-04|coronados|yellowtail,L1,2026-09-04,coronados,yellowtail,2,61.0,61.0,85.0,0.0,85.0,1.3934,2.8371,0.491,53.8,Fair,0.0,True,final,0,2026-10-04T06:18:07Z,29,2026-09-04,San Diego Fish Reports dock totals,2,backfilled;low_effort
L1|2026-09-04|extended_offshore|bluefin_tuna,L1,2026-09-04,extended_offshore,bluefin_tuna,4,34.0,75.2,61.0,0.0,61.0,0.8106,0.0233,34.791,100.0,Excellent,1.0,True,final,1,2026-10-04T06:18:09Z,29,2026-09-04;2026-09-05,San Diego Fish Reports dock totals,4,backfilled;multi_day_split;low_effort
L1|2026-09-04|extended_offshore|bonito,L1,2026-09-04,extended_offshore,bonito,4,34.0,75.2,0.0,0.0,0.0,0.0,0.0623,,,,,True,no_reference,1,2026-10-04T06:18:09Z,29,2026-09-04;2026-09-05,San Diego Fish Reports dock totals,4,backfilled;multi_day_split;reference_species_fallback;low_effort
L1|2026-09-04|extended_offshore|dorado,L1,2026-09-04,extended_offshore,dorado,4,34.0,75.2,2.0,0.0,2.0,0.0266,0.1053,0.252,40.1,Fair,0.0,True,final,1,2026-10-04T06:18:09Z,29,2026-09-04;2026-09-05,San Diego Fish Reports dock totals,4,backfilled;multi_day_split;low_effort
L1|2026-09-04|extended_offshore|rockfish,L1,2026-09-04,extended_offshore,rockfish,4,34.0,75.2,0.0,0.0,0.0,0.0,0.0499,0.0,0.0,Poor,0.0,True,final,1,2026-10-04T06:18:09Z,29,2026-09-04;2026-09-05,San Diego Fish Reports dock totals,4,backfilled;multi_day_split;low_effort;effort_adjusted_zero
L1|2026-09-04|extended_offshore|sheephead,L1,2026-09-04,extended_offshore,sheephead,4,34.0,75.2,0.0,0.0,0.0,0.0,0.5,,,,,True,no_reference,1,2026-10-04T06:18:09Z,29,2026-09-04;2026-09-05,San Diego Fish Reports dock totals,4,backfilled;multi_day_split;reference_default;low_effort
L1|2026-09-04|extended_offshore|white_seabass,L1,2026-09-04,extended_offshore,white_seabass,4,34.0,75.2,0.0,0.0,0.0,0.0,0.5,,,,,True,no_reference,1,2026-10-04T06:18:09Z,29,2026-09-04;2026-09-05,San Diego Fish Reports dock totals,4,backfilled;multi_day_split;reference_default;sparse_species;low_effort
L1|2026-09-04|extended_offshore|yellowfin_tuna,L1,2026-09-04,extended_offshore,yellowfin_tuna,4,34.0,75.2,0.0,0.0,0.0,0.0,0.1359,0.0,0.0,Poor,0.0,True,final,1,2026-10-04T06:18:09Z,29,2026-09-04;2026-09-05,San Diego Fish Reports dock totals,4,backfilled;multi_day_split;low_effort;effort_adjusted_zero
L1|2026-09-04|extended_offshore|yellowtail,L1,2026-09-04,extended_offshore,yellowtail,4,34.0,75.2,1.0,0.0,1.0,0.0133,0.9301,0.014,2.3,Poor,0.0,True,final,1,2026-10-04T06:18:09Z,29,2026-09-04;2026-09-05,San Diego Fish Reports dock totals,4,backfilled;multi_day_split;low_effort
L1|2026-09-04|kelp_nearshore|barracuda,L1,2026-09-04,kelp_nearshore,barracuda,13,369.0,196.1,40.0,0.0,40.0,0.204,0.0421,4.846,100.0,Excellent,1.0,True,final,0,2026-10-04T06:18:07Z,29,2026-09-04,San Diego Fish Reports dock totals,13,backfilled
L1|2026-09-04|kelp_nearshore|bonito,L1,2026-09-04,kelp_nearshore,bonito,13,369.0,196.1,1046.0,0.0,1046.0,5.3354,0.7162,7.45,100.0,Excellent,1.0,True,final,0,2026-10-04T06:18:07Z,29,2026-09-04,San Diego Fish Reports dock totals,13,backfilled
L1|2026-09-04|kelp_nearshore|calico_bass,L1,2026-09-04,kelp_nearshore,calico_bass,13,369.0,196.1,103.0,78.0,181.0,0.9232,1.7014,0.543,56.7,Fair,0.0,True,final,0,2026-10-04T06:18:07Z,29,2026-09-04,San Diego Fish Reports dock totals,13,backfilled
L1|2026-09-04|kelp_nearshore|california_halibut,L1,2026-09-04,kelp_nearshore,california_halibut,13,369.0,196.1,2.0,0.0,2.0,0.0102,0.5,,,,,True,no_reference,0,2026-10-04T06:18:07Z,29,2026-09-04,San Diego Fish Reports dock totals,13,backfilled;reference_default;sparse_species
L1|2026-09-04|kelp_nearshore|rockfish,L1,2026-09-04,kelp_nearshore,rockfish,13,369.0,196.1,52.0,0.0,52.0,0.2652,0.9295,0.285,42.0,Fair,0.0,True,final,0,2026-10-04T06:18:07Z,29,2026-09-04,San Diego Fish Reports dock totals,13,backfilled
L1|2026-09-04|kelp_nearshore|sand_bass,L1,2026-09-04,kelp_nearshore,sand_bass,13,369.0,196.1,185.0,72.0,257.0,1.3109,0.3533,3.71,98.6,Excellent,1.0,True,final,0,2026-10-04T06:18:07Z,29,2026-09-04,San Diego Fish Reports dock totals,13,backfilled
L1|2026-09-04|kelp_nearshore|sheephead,L1,2026-09-04,kelp_nearshore,sheephead,13,369.0,196.1,5.0,0.0,5.0,0.0255,0.14,0.182,29.1,Poor,0.0,True,final,0,2026-10-04T06:18:07Z,29,2026-09-04,San Diego Fish Reports dock totals,13,backfilled
L1|2026-09-04|kelp_nearshore|white_seabass,L1,2026-09-04,kelp_nearshore,white_seabass,13,369.0,196.1,3.0,0.0,3.0,0.0153,0.5,,,,,True,no_reference,0,2026-10-04T06:18:07Z,29,2026-09-04,San Diego Fish Reports dock totals,13,backfilled;reference_default;sparse_species
L1|2026-09-04|kelp_nearshore|yellowtail,L1,2026-09-04,kelp_nearshore,yellowtail,13,369.0,196.1,41.0,0.0,41.0,0.2091,0.1053,1.986,89.7,Very Good,1.0,True,final,0,2026-10-04T06:18:07Z,29,2026-09-04,San Diego Fish Reports dock totals,13,backfilled
L1|2026-09-04|offshore_banks|barracuda,L1,2026-09-04,offshore_banks,barracuda,6,126.0,150.0,0.0,0.0,0.0,0.0,0.5,,,,,True,no_reference,0,2026-10-04T06:18:07Z,29,2026-09-04,San Diego Fish Reports dock totals,6,overnight_destination_uncertain;backfilled;reference_default
L1|2026-09-04|offshore_banks|bluefin_tuna,L1,2026-09-04,offshore_banks,bluefin_tuna,6,126.0,150.0,0.0,0.0,0.0,0.0,0.0042,,,,,True,no_reference,0,2026-10-04T06:18:07Z,29,2026-09-04,San Diego Fish Reports dock totals,6,overnight_destination_uncertain;backfilled;reference_species_fallback
L1|2026-09-04|offshore_banks|bonito,L1,2026-09-04,offshore_banks,bonito,6,126.0,150.0,52.0,0.0,52.0,0.3467,0.0297,11.672,100.0,Excellent,1.0,True,final,0,2026-10-04T06:18:07Z,29,2026-09-04,San Diego Fish Reports dock totals,6,overnight_destination_uncertain;backfilled
L1|2026-09-04|offshore_banks|dorado,L1,2026-09-04,offshore_banks,dorado,6,126.0,150.0,6.0,0.0,6.0,0.04,0.068,0.588,59.3,Fair,0.0,True,final,0,2026-10-04T06:18:07Z,29,2026-09-04,San Diego Fish Reports dock totals,6,overnight_destination_uncertain;backfilled
L1|2026-09-04|offshore_banks|rockfish,L1,2026-09-04,offshore_banks,rockfish,6,126.0,150.0,0.0,0.0,0.0,0.0,0.0499,,,,,True,no_reference,0,2026-10-04T06:18:07Z,29,2026-09-04,San Diego Fish Reports dock totals,6,overnight_destination_uncertain;backfilled;reference_species_fallback
L1|2026-09-04|offshore_banks|sheephead,L1,2026-09-04,offshore_banks,sheephead,6,126.0,150.0,0.0,0.0,0.0,0.0,0.5,,,,,True,no_reference,0,2026-10-04T06:18:07Z,29,2026-09-04,San Diego Fish Reports dock totals,6,overnight_destination_uncertain;backfilled;reference_default
L1|2026-09-04|offshore_banks|white_seabass,L1,2026-09-04,offshore_banks,white_seabass,6,126.0,150.0,0.0,0.0,0.0,0.0,0.5,,,,,True,no_reference,0,2026-10-04T06:18:07Z,29,2026-09-04,San Diego Fish Reports dock totals,6,overnight_destination_uncertain;backfilled;reference_default;sparse_species
L1|2026-09-04|offshore_banks|yellowfin_tuna,L1,2026-09-04,offshore_banks,yellowfin_tuna,6,126.0,150.0,208.0,0.0,208.0,1.3867,1.0526,1.317,77.2,Very Good,1.0,True,final,0,2026-10-04T06:18:07Z,29,2026-09-04,San Diego Fish Reports dock totals,6,overnight_destination_uncertain;backfilled
L1|2026-09-04|offshore_banks|yellowtail,L1,2026-09-04,offshore_banks,yellowtail,6,126.0,150.0,23.0,0.0,23.0,0.1533,0.3983,0.385,47.7,Fair,0.0,True,final,0,2026-10-04T06:18:07Z,29,2026-09-04,San Diego Fish Reports dock totals,6,overnight_destination_uncertain;backfilled
L1|2026-09-05|coronados|barracuda,L1,2026-09-05,coronados,barracuda,3,83.0,83.0,0.0,0.0,0.0,0.0,0.5,,,,,True,no_reference,0,2026-10-04T06:18:09Z,28,2026-09-05,San Diego Fish Reports dock totals,3,backfilled;reference_default;low_effort
L1|2026-09-05|coronados|bluefin_tuna,L1,2026-09-05,coronados,bluefin_tuna,3,83.0,83.0,0.0,0.0,0.0,0.0,0.0042,,,,,True,no_reference,0,2026-10-04T06:18:09Z,28,2026-09-05,San Diego Fish Reports dock totals,3,backfilled;reference_species_fallback;low_effort
L1|2026-09-05|coronados|bonito,L1,2026-09-05,coronados,bonito,3,83.0,83.0,71.0,0.0,71.0,0.8554,0.676,1.265,76.2,Very Good,1.0,True,final,0,2026-10-04T06:18:09Z,28,2026-09-05,San Diego Fish Reports dock totals,3,backfilled;low_effort
L1|2026-09-05|coronados|calico_bass,L1,2026-09-05,coronados,calico_bass,3,83.0,83.0,1.0,0.0,1.0,0.012,1.3322,,,,,True,no_reference,0,2026-10-04T06:18:09Z,28,2026-09-05,San Diego Fish Reports dock totals,3,backfilled;reference_species_fallback;low_effort
L1|2026-09-05|coronados|dorado,L1,2026-09-05,coronados,dorado,3,83.0,83.0,0.0,0.0,0.0,0.0,0.0524,,,,,True,no_reference,0,2026-10-04T06:18:09Z,28,2026-09-05,San Diego Fish Reports dock totals,3,backfilled;reference_species_fallback;low_effort
L1|2026-09-05|coronados|rockfish,L1,2026-09-05,coronados,rockfish,3,83.0,83.0,0.0,0.0,0.0,0.0,0.0499,,,,,True,no_reference,0,2026-10-04T06:18:09Z,28,2026-09-05,San Diego Fish Reports dock totals,3,backfilled;reference_species_fallback;low_effort
L1|2026-09-05|coronados|sheephead,L1,2026-09-05,coronados,sheephead,3,83.0,83.0,0.0,0.0,0.0,0.0,0.5,,,,,True,no_reference,0,2026-10-04T06:18:09Z,28,2026-09-05,San Diego Fish Reports dock totals,3,backfilled;reference_default;low_effort
L1|2026-09-05|coronados|white_seabass,L1,2026-09-05,coronados,white_seabass,3,83.0,83.0,0.0,0.0,0.0,0.0,0.5,,,,,True,no_reference,0,2026-10-04T06:18:09Z,28,2026-09-05,San Diego Fish Reports dock totals,3,backfilled;reference_default;sparse_species;low_effort
L1|2026-09-05|coronados|yellowfin_tuna,L1,2026-09-05,coronados,yellowfin_tuna,3,83.0,83.0,0.0,0.0,0.0,0.0,0.2614,,,,,True,no_reference,0,2026-10-04T06:18:09Z,28,2026-09-05,San Diego Fish Reports dock totals,3,backfilled;reference_species_fallback;low_effort
L1|2026-09-05|coronados|yellowtail,L1,2026-09-05,coronados,yellowtail,3,83.0,83.0,149.0,0.0,149.0,1.7952,2.8371,0.633,60.8,Good,1.0,True,final,0,2026-10-04T06:18:09Z,28,2026-09-05,San Diego Fish Reports dock totals,3,backfilled;low_effort
L1|2026-09-05|extended_offshore|bluefin_tuna,L1,2026-09-05,extended_offshore,bluefin_tuna,9,82.5,173.2,250.5,0.0,250.5,1.4459,0.0233,62.055,100.0,Excellent,1.0,True,final,1,2026-10-04T06:18:11Z,28,2026-09-05;2026-09-06,San Diego Fish Reports dock totals,9,backfilled;multi_day_split
L1|2026-09-05|extended_offshore|bonito,L1,2026-09-05,extended_offshore,bonito,9,82.5,173.2,51.5,0.0,51.5,0.2973,0.0623,,,,,True,no_reference,1,2026-10-04T06:18:11Z,28,2026-09-05;2026-09-06,San Diego Fish Reports dock totals,9,backfilled;multi_day_split;reference_species_fallback
L1|2026-09-05|extended_offshore|dorado,L1,2026-09-05,extended_offshore,dorado,9,82.5,173.2,19.0,0.0,19.0,0.1097,0.1053,1.041,71.0,Good,1.0,True,final,1,2026-10-04T06:18:11Z,28,2026-09-05;2026-09-06,San Diego Fish Reports dock totals,9,backfilled;multi_day_split
L1|2026-09-05|extended_offshore|rockfish,L1,2026-09-05,extended_offshore,rockfish,9,82.5,173.2,75.0,0.0,75.0,0.4329,0.0499,8.675,100.0,Excellent,1.0,True,final,1,2026-10-04T06:18:11Z,28,2026-09-05;2026-09-06,San Diego Fish Reports dock totals,9,backfilled;multi_day_split
L1|2026-09-05|extended_offshore|sheephead,L1,2026-09-05,extended_offshore,sheephead,9,82.5,173.2,0.0,0.0,0.0,0.0,0.5,,,,,True,no_reference,1,2026-10-04T06:18:11Z,28,2026-09-05;2026-09-06,San Diego Fish Reports dock totals,9,backfilled;multi_day_split;reference_default
L1|2026-09-05|extended_offshore|white_seabass,L1,2026-09-05,extended_offshore,white_seabass,9,82.5,173.2,0.0,0.0,0.0,0.0,0.5,,,,,True,no_reference,1,2026-10-04T06:18:11Z,28,2026-09-05;2026-09-06,San Diego Fish Reports dock totals,9,backfilled;multi_day_split;reference_default;sparse_species
L1|2026-09-05|extended_offshore|yellowfin_tuna,L1,2026-09-05,extended_offshore,yellowfin_tuna,9,82.5,173.2,21.5,0.0,21.5,0.1241,0.1359,0.913,67.8,Good,1.0,True,final,1,2026-10-04T06:18:11Z,28,2026-09-05;2026-09-06,San Diego Fish Reports dock totals,9,backfilled;multi_day_split
L1|2026-09-05|extended_offshore|yellowtail,L1,2026-09-05,extended_offshore,yellowtail,9,82.5,173.2,19.0,0.0,19.0,0.1097,0.9301,0.118,18.9,Poor,0.0,True,final,1,2026-10-04T06:18:11Z,28,2026-09-05;2026-09-06,San Diego Fish Reports dock totals,9,backfilled;multi_day_split
L1|2026-09-05|kelp_nearshore|barracuda,L1,2026-09-05,kelp_nearshore,barracuda,13,455.0,231.8,165.0,15.0,180.0,0.7765,0.0421,18.445,100.0,Excellent,1.0,True,final,0,2026-10-04T06:18:09Z,28,2026-09-05,San Diego Fish Reports dock totals,13,backfilled
L1|2026-09-05|kelp_nearshore|bonito,L1,2026-09-05,kelp_nearshore,bonito,13,455.0,231.8,1486.0,0.0,1486.0,6.4107,0.7162,8.951,100.0,Excellent,1.0,True,final,0,2026-10-04T06:18:09Z,28,2026-09-05,San Diego Fish Reports dock totals,13,backfilled
L1|2026-09-05|kelp_nearshore|calico_bass,L1,2026-09-05,kelp_nearshore,calico_bass,13,455.0,231.8,165.0,217.0,382.0,1.648,1.7014,0.969,69.2,Good,1.0,True,final,0,2026-10-04T06:18:09Z,28,2026-09-05,San Diego Fish Reports dock totals,13,backfilled
L1|2026-09-05|kelp_nearshore|california_halibut,L1,2026-09-05,kelp_nearshore,california_halibut,13,455.0,231.8,3.0,0.0,3.0,0.0129,0.5,,,,,True,no_reference,0,2026-10-04T06:18:09Z,28,2026-09-05,San Diego Fish Reports dock totals,13,backfilled;reference_default;sparse_species
L1|2026-09-05|kelp_nearshore|rockfish,L1,2026-09-05,kelp_nearshore,rockfish,13,455.0,231.8,25.0,0.0,25.0,0.1079,0.9295,0.116,18.6,Poor,0.0,True,final,0,2026-10-04T06:18:09Z,28,2026-09-05,San Diego Fish Reports dock totals,13,backfilled
L1|2026-09-05|kelp_nearshore|sand_bass,L1,2026-09-05,kelp_nearshore,sand_bass,13,455.0,231.8,82.0,0.0,82.0,0.3538,0.3533,1.001,70.0,Good,1.0,True,final,0,2026-10-04T06:18:09Z,28,2026-09-05,San Diego Fish Reports dock totals,13,backfilled
L1|2026-09-05|kelp_nearshore|sheephead,L1,2026-09-05,kelp_nearshore,sheephead,13,455.0,231.8,4.0,0.0,4.0,0.0173,0.14,0.123,19.7,Poor,0.0,True,final,0,2026-10-04T06:18:09Z,28,2026-09-05,San Diego Fish Reports dock totals,13,backfilled
L1|2026-09-05|kelp_nearshore|white_seabass,L1,2026-09-05,kelp_nearshore,white_seabass,13,455.0,231.8,4.0,0.0,4.0,0.0173,0.5,,,,,True,no_reference,0,2026-10-04T06:18:09Z,28,2026-09-05,San Diego Fish Reports dock totals,13,backfilled;reference_default;sparse_species
L1|2026-09-05|kelp_nearshore|yellowtail,L1,2026-09-05,kelp_nearshore,yellowtail,13,455.0,231.8,47.0,0.0,47.0,0.2028,0.1053,1.926,88.6,Very Good,1.0,True,final,0,2026-10-04T06:18:09Z,28,2026-09-05,San Diego Fish Reports dock totals,13,backfilled
L1|2026-09-05|offshore_banks|barracuda,L1,2026-09-05,offshore_banks,barracuda,3,58.0,58.0,0.0,0.0,0.0,0.0,0.5,,,,,True,no_reference,0,2026-10-04T06:18:09Z,28,2026-09-05,San Diego Fish Reports dock totals,3,overnight_destination_uncertain;backfilled;reference_default;low_effort
L1|2026-09-05|offshore_banks|bluefin_tuna,L1,2026-09-05,offshore_banks,bluefin_tuna,3,58.0,58.0,0.0,0.0,0.0,0.0,0.0042,,,,,True,no_reference,0,2026-10-04T06:18:09Z,28,2026-09-05,San Diego Fish Reports dock totals,3,overnight_destination_uncertain;backfilled;reference_species_fallback;low_effort
L1|2026-09-05|offshore_banks|bonito,L1,2026-09-05,offshore_banks,bonito,3,58.0,58.0,0.0,0.0,0.0,0.0,0.0297,0.0,0.0,Poor,0.0,True,final,0,2026-10-04T06:18:09Z,28,2026-09-05,San Diego Fish Reports dock totals,3,overnight_destination_uncertain;backfilled;low_effort;effort_adjusted_zero
L1|2026-09-05|offshore_banks|dorado,L1,2026-09-05,offshore_banks,dorado,3,58.0,58.0,7.0,0.0,7.0,0.1207,0.068,1.775,85.8,Very Good,1.0,True,final,0,2026-10-04T06:18:09Z,28,2026-09-05,San Diego Fish Reports dock totals,3,overnight_destination_uncertain;backfilled;low_effort
L1|2026-09-05|offshore_banks|rockfish,L1,2026-09-05,offshore_banks,rockfish,3,58.0,58.0,0.0,0.0,0.0,0.0,0.0499,,,,,True,no_reference,0,2026-10-04T06:18:09Z,28,2026-09-05,San Diego Fish Reports dock totals,3,overnight_destination_uncertain;backfilled;reference_species_fallback;low_effort
L1|2026-09-05|offshore_banks|sheephead,L1,2026-09-05,offshore_banks,sheephead,3,58.0,58.0,0.0,0.0,0.0,0.0,0.5,,,,,True,no_reference,0,2026-10-04T06:18:09Z,28,2026-09-05,San Diego Fish Reports dock totals,3,overnight_destination_uncertain;backfilled;reference_default;low_effort
L1|2026-09-05|offshore_banks|white_seabass,L1,2026-09-05,offshore_banks,white_seabass,3,58.0,58.0,0.0,0.0,0.0,0.0,0.5,,,,,True,no_reference,0,2026-10-04T06:18:09Z,28,2026-09-05,San Diego Fish Reports dock totals,3,overnight_destination_uncertain;backfilled;reference_default;sparse_species;low_effort
L1|2026-09-05|offshore_banks|yellowfin_tuna,L1,2026-09-05,offshore_banks,yellowfin_tuna,3,58.0,58.0,150.0,0.0,150.0,2.5862,1.0526,2.457,92.3,Excellent,1.0,True,final,0,2026-10-04T06:18:09Z,28,2026-09-05,San Diego Fish Reports dock totals,3,overnight_destination_uncertain;backfilled;low_effort
L1|2026-09-05|offshore_banks|yellowtail,L1,2026-09-05,offshore_banks,yellowtail,3,58.0,58.0,0.0,0.0,0.0,0.0,0.3983,0.0,0.0,Poor,0.0,True,final,0,2026-10-04T06:18:09Z,28,2026-09-05,San Diego Fish Reports dock totals,3,overnight_destination_uncertain;backfilled;low_effort;effort_adjusted_zero
L1|2026-09-06|coronados|barracuda,L1,2026-09-06,coronados,barracuda,3,85.0,85.0,0.0,0.0,0.0,0.0,0.5,,,,,True,no_reference,0,2026-10-04T06:18:11Z,27,2026-09-06,San Diego Fish Reports dock totals,3,backfilled;reference_default;low_effort
L1|2026-09-06|coronados|bluefin_tuna,L1,2026-09-06,coronados,bluefin_tuna,3,85.0,85.0,0.0,0.0,0.0,0.0,0.0042,,,,,True,no_reference,0,2026-10-04T06:18:11Z,27,2026-09-06,San Diego Fish Reports dock totals,3,backfilled;reference_species_fallback;low_effort
L1|2026-09-06|coronados|bonito,L1,2026-09-06,coronados,bonito,3,85.0,85.0,105.0,0.0,105.0,1.2353,0.676,1.827,86.8,Very Good,1.0,True,final,0,2026-10-04T06:18:11Z,27,2026-09-06,San Diego Fish Reports dock totals,3,backfilled;low_effort
L1|2026-09-06|coronados|calico_bass,L1,2026-09-06,coronados,calico_bass,3,85.0,85.0,5.0,0.0,5.0,0.0588,1.3322,,,,,True,no_reference,0,2026-10-04T06:18:11Z,27,2026-09-06,San Diego Fish Reports dock totals,3,backfilled;reference_species_fallback;low_effort
L1|2026-09-06|coronados|dorado,L1,2026-09-06,coronados,dorado,3,85.0,85.0,0.0,0.0,0.0,0.0,0.0524,,,,,True,no_reference,0,2026-10-04T06:18:11Z,27,2026-09-06,San Diego Fish Reports dock totals,3,backfilled;reference_species_fallback;low_effort
L1|2026-09-06|coronados|rockfish,L1,2026-09-06,coronados,rockfish,3,85.0,85.0,7.0,0.0,7.0,0.0824,0.0499,,,,,True,no_reference,0,2026-10-04T06:18:11Z,27,2026-09-06,San Diego Fish Reports dock totals,3,backfilled;reference_species_fallback;low_effort
L1|2026-09-06|coronados|sheephead,L1,2026-09-06,coronados,sheephead,3,85.0,85.0,0.0,0.0,0.0,0.0,0.5,,,,,True,no_reference,0,2026-10-04T06:18:11Z,27,2026-09-06,San Diego Fish Reports dock totals,3,backfilled;reference_default;low_effort
L1|2026-09-06|coronados|white_seabass,L1,2026-09-06,coronados,white_seabass,3,85.0,85.0,0.0,0.0,0.0,0.0,0.5,,,,,True,no_reference,0,2026-10-04T06:18:11Z,27,2026-09-06,San Diego Fish Reports dock totals,3,backfilled;reference_default;sparse_species;low_effort
L1|2026-09-06|coronados|yellowfin_tuna,L1,2026-09-06,coronados,yellowfin_tuna,3,85.0,85.0,0.0,0.0,0.0,0.0,0.2614,,,,,True,no_reference,0,2026-10-04T06:18:11Z,27,2026-09-06,San Diego Fish Reports dock totals,3,backfilled;reference_species_fallback;low_effort
L1|2026-09-06|coronados|yellowtail,L1,2026-09-06,coronados,yellowtail,3,85.0,85.0,162.0,0.0,162.0,1.9059,2.8371,0.672,61.8,Good,1.0,True,final,0,2026-10-04T06:18:11Z,27,2026-09-06,San Diego Fish Reports dock totals,3,backfilled;low_effort
L1|2026-09-06|extended_offshore|bluefin_tuna,L1,2026-09-06,extended_offshore,bluefin_tuna,13,116.5,256.5,359.5,0.0,359.5,1.4016,0.0233,60.153,100.0,Excellent,1.0,True,final,1,2026-10-04T06:18:13Z,27,2026-09-06;2026-09-07,San Diego Fish Reports dock totals,13,backfilled;multi_day_split
L1|2026-09-06|extended_offshore|bonito,L1,2026-09-06,extended_offshore,bonito,13,116.5,256.5,51.5,0.0,51.5,0.2008,0.0623,,,,,True,no_reference,1,2026-10-04T06:18:13Z,27,2026-09-06;2026-09-07,San Diego Fish Reports dock totals,13,backfilled;multi_day_split;reference_species_fallback
L1|2026-09-06|extended_offshore|dorado,L1,2026-09-06,extended_offshore,dorado,13,116.5,256.5,20.5,0.0,20.5,0.0799,0.1053,0.759,64.0,Good,1.0,True,final,1,2026-10-04T06:18:13Z,27,2026-09-06;2026-09-07,San Diego Fish Reports dock totals,13,backfilled;multi_day_split
L1|2026-09-06|extended_offshore|rockfish,L1,2026-09-06,extended_offshore,rockfish,13,116.5,256.5,75.0,0.0,75.0,0.2924,0.0499,5.86,100.0,Excellent,1.0,True,final,1,2026-10-04T06:18:13Z,27,2026-09-06;2026-09-07,San Diego Fish Reports dock totals,13,backfilled;multi_day_split
L1|2026-09-06|extended_offshore|sheephead,L1,2026-09-06,extended_offshore,sheephead,13,116.5,256.5,0.0,0.0,0.0,0.0,0.5,,,,,True,no_reference,1,2026-10-04T06:18:13Z,27,2026-09-06;2026-09-07,San Diego Fish Reports dock totals,13,backfilled;multi_day_split;reference_default
L1|2026-09-06|extended_offshore|white_seabass,L1,2026-09-06,extended_offshore,white_seabass,13,116.5,256.5,0.0,0.0,0.0,0.0,0.5,,,,,True,no_reference,1,2026-10-04T06:18:13Z,27,2026-09-06;2026-09-07,San Diego Fish Reports dock totals,13,backfilled;multi_day_split;reference_default;sparse_species
L1|2026-09-06|extended_offshore|yellowfin_tuna,L1,2026-09-06,extended_offshore,yellowfin_tuna,13,116.5,256.5,21.5,0.0,21.5,0.0838,0.1359,0.617,60.4,Good,1.0,True,final,1,2026-10-04T06:18:13Z,27,2026-09-06;2026-09-07,San Diego Fish Reports dock totals,13,backfilled;multi_day_split
L1|2026-09-06|extended_offshore|yellowtail,L1,2026-09-06,extended_offshore,yellowtail,13,116.5,256.5,18.5,0.0,18.5,0.0721,0.9301,0.078,12.4,Poor,0.0,True,final,1,2026-10-04T06:18:13Z,27,2026-09-06;2026-09-07,San Diego Fish Reports dock totals,13,backfilled;multi_day_split
L1|2026-09-06|kelp_nearshore|barracuda,L1,2026-09-06,kelp_nearshore,barracuda,12,494.0,249.3,90.0,0.0,90.0,0.361,0.0421,8.575,100.0,Excellent,1.0,True,final,0,2026-10-04T06:18:11Z,27,2026-09-06,San Diego Fish Reports dock totals,12,backfilled
L1|2026-09-06|kelp_nearshore|bonito,L1,2026-09-06,kelp_nearshore,bonito,12,494.0,249.3,2198.0,0.0,2198.0,8.8167,0.7162,12.31,100.0,Excellent,1.0,True,final,0,2026-10-04T06:18:11Z,27,2026-09-06,San Diego Fish Reports dock totals,12,backfilled
L1|2026-09-06|kelp_nearshore|calico_bass,L1,2026-09-06,kelp_nearshore,calico_bass,12,494.0,249.3,150.0,168.0,318.0,1.2756,1.7014,0.75,63.7,Good,1.0,True,final,0,2026-10-04T06:18:11Z,27,2026-09-06,San Diego Fish Reports dock totals,12,backfilled
L1|2026-09-06|kelp_nearshore|california_halibut,L1,2026-09-06,kelp_nearshore,california_halibut,12,494.0,249.3,0.0,0.0,0.0,0.0,0.5,,,,,True,no_reference,0,2026-10-04T06:18:11Z,27,2026-09-06,San Diego Fish Reports dock totals,12,backfilled;reference_default;sparse_species
L1|2026-09-06|kelp_nearshore|rockfish,L1,2026-09-06,kelp_nearshore,rockfish,12,494.0,249.3,25.0,0.0,25.0,0.1003,0.9295,0.108,17.3,Poor,0.0,True,final,0,2026-10-04T06:18:11Z,27,2026-09-06,San Diego Fish Reports dock totals,12,backfilled
L1|2026-09-06|kelp_nearshore|sand_bass,L1,2026-09-06,kelp_nearshore,sand_bass,12,494.0,249.3,42.0,0.0,42.0,0.1685,0.3533,0.477,53.0,Fair,0.0,True,final,0,2026-10-04T06:18:11Z,27,2026-09-06,San Diego Fish Reports dock totals,12,backfilled
L1|2026-09-06|kelp_nearshore|sheephead,L1,2026-09-06,kelp_nearshore,sheephead,12,494.0,249.3,8.0,0.0,8.0,0.0321,0.14,0.229,36.7,Poor,0.0,True,final,0,2026-10-04T06:18:11Z,27,2026-09-06,San Diego Fish Reports dock totals,12,backfilled
L1|2026-09-06|kelp_nearshore|white_seabass,L1,2026-09-06,kelp_nearshore,white_seabass,12,494.0,249.3,3.0,0.0,3.0,0.012,0.5,,,,,True,no_reference,0,2026-10-04T06:18:11Z,27,2026-09-06,San Diego Fish Reports dock totals,12,backfilled;reference_default;sparse_species
L1|2026-09-06|kelp_nearshore|yellowtail,L1,2026-09-06,kelp_nearshore,yellowtail,12,494.0,249.3,32.0,0.0,32.0,0.1284,0.1053,1.219,75.4,Very Good,1.0,True,final,0,2026-10-04T06:18:11Z,27,2026-09-06,San Diego Fish Reports dock totals,12,backfilled
L1|2026-09-06|offshore_banks|barracuda,L1,2026-09-06,offshore_banks,barracuda,6,136.0,169.5,0.0,0.0,0.0,0.0,0.5,,,,,True,no_reference,0,2026-10-04T06:18:11Z,27,2026-09-06,San Diego Fish Reports dock totals,6,overnight_destination_uncertain;backfilled;reference_default
L1|2026-09-06|offshore_banks|bluefin_tuna,L1,2026-09-06,offshore_banks,bluefin_tuna,6,136.0,169.5,58.0,0.0,58.0,0.3422,0.0042,,,,,True,no_reference,0,2026-10-04T06:18:11Z,27,2026-09-06,San Diego Fish Reports dock totals,6,overnight_destination_uncertain;backfilled;reference_species_fallback
L1|2026-09-06|offshore_banks|bonito,L1,2026-09-06,offshore_banks,bonito,6,136.0,169.5,0.0,0.0,0.0,0.0,0.0297,0.0,0.0,Poor,0.0,True,final,0,2026-10-04T06:18:11Z,27,2026-09-06,San Diego Fish Reports dock totals,6,overnight_destination_uncertain;backfilled;effort_adjusted_zero
L1|2026-09-06|offshore_banks|dorado,L1,2026-09-06,offshore_banks,dorado,6,136.0,169.5,5.0,0.0,5.0,0.0295,0.068,0.434,50.5,Fair,0.0,True,final,0,2026-10-04T06:18:11Z,27,2026-09-06,San Diego Fish Reports dock totals,6,overnight_destination_uncertain;backfilled
L1|2026-09-06|offshore_banks|rockfish,L1,2026-09-06,offshore_banks,rockfish,6,136.0,169.5,0.0,0.0,0.0,0.0,0.0499,,,,,True,no_reference,0,2026-10-04T06:18:11Z,27,2026-09-06,San Diego Fish Reports dock totals,6,overnight_destination_uncertain;backfilled;reference_species_fallback
L1|2026-09-06|offshore_banks|sheephead,L1,2026-09-06,offshore_banks,sheephead,6,136.0,169.5,0.0,0.0,0.0,0.0,0.5,,,,,True,no_reference,0,2026-10-04T06:18:11Z,27,2026-09-06,San Diego Fish Reports dock totals,6,overnight_destination_uncertain;backfilled;reference_default
L1|2026-09-06|offshore_banks|white_seabass,L1,2026-09-06,offshore_banks,white_seabass,6,136.0,169.5,0.0,0.0,0.0,0.0,0.5,,,,,True,no_reference,0,2026-10-04T06:18:11Z,27,2026-09-06,San Diego Fish Reports dock totals,6,overnight_destination_uncertain;backfilled;reference_default;sparse_species
L1|2026-09-06|offshore_banks|yellowfin_tuna,L1,2026-09-06,offshore_banks,yellowfin_tuna,6,136.0,169.5,281.0,0.0,281.0,1.6578,1.0526,1.575,82.0,Very Good,1.0,True,final,0,2026-10-04T06:18:11Z,27,2026-09-06,San Diego Fish Reports dock totals,6,overnight_destination_uncertain;backfilled
L1|2026-09-06|offshore_banks|yellowtail,L1,2026-09-06,offshore_banks,yellowtail,6,136.0,169.5,0.0,0.0,0.0,0.0,0.3983,0.0,0.0,Poor,0.0,True,final,0,2026-10-04T06:18:11Z,27,2026-09-06,San Diego Fish Reports dock totals,6,overnight_destination_uncertain;backfilled;effort_adjusted_zero
L1|2026-09-07|coronados|barracuda,L1,2026-09-07,coronados,barracuda,2,63.0,63.0,0.0,0.0,0.0,0.0,0.5,,,,,True,no_reference,0,2026-10-04T06:18:13Z,26,2026-09-07,San Diego Fish Reports dock totals,2,backfilled;reference_default;low_effort
L1|2026-09-07|coronados|bluefin_tuna,L1,2026-09-07,coronados,bluefin_tuna,2,63.0,63.0,0.0,0.0,0.0,0.0,0.0042,,,,,True,no_reference,0,2026-10-04T06:18:13Z,26,2026-09-07,San Diego Fish Reports dock totals,2,backfilled;reference_species_fallback;low_effort
L1|2026-09-07|coronados|bonito,L1,2026-09-07,coronados,bonito,2,63.0,63.0,119.0,0.0,119.0,1.8889,0.676,2.794,94.0,Excellent,1.0,True,final,0,2026-10-04T06:18:13Z,26,2026-09-07,San Diego Fish Reports dock totals,2,backfilled;low_effort
L1|2026-09-07|coronados|calico_bass,L1,2026-09-07,coronados,calico_bass,2,63.0,63.0,0.0,0.0,0.0,0.0,1.3322,,,,,True,no_reference,0,2026-10-04T06:18:13Z,26,2026-09-07,San Diego Fish Reports dock totals,2,backfilled;reference_species_fallback;low_effort
L1|2026-09-07|coronados|dorado,L1,2026-09-07,coronados,dorado,2,63.0,63.0,0.0,0.0,0.0,0.0,0.0524,,,,,True,no_reference,0,2026-10-04T06:18:13Z,26,2026-09-07,San Diego Fish Reports dock totals,2,backfilled;reference_species_fallback;low_effort
L1|2026-09-07|coronados|rockfish,L1,2026-09-07,coronados,rockfish,2,63.0,63.0,0.0,0.0,0.0,0.0,0.0499,,,,,True,no_reference,0,2026-10-04T06:18:13Z,26,2026-09-07,San Diego Fish Reports dock totals,2,backfilled;reference_species_fallback;low_effort
L1|2026-09-07|coronados|sheephead,L1,2026-09-07,coronados,sheephead,2,63.0,63.0,0.0,0.0,0.0,0.0,0.5,,,,,True,no_reference,0,2026-10-04T06:18:13Z,26,2026-09-07,San Diego Fish Reports dock totals,2,backfilled;reference_default;low_effort
L1|2026-09-07|coronados|white_seabass,L1,2026-09-07,coronados,white_seabass,2,63.0,63.0,0.0,0.0,0.0,0.0,0.5,,,,,True,no_reference,0,2026-10-04T06:18:13Z,26,2026-09-07,San Diego Fish Reports dock totals,2,backfilled;reference_default;sparse_species;low_effort
L1|2026-09-07|coronados|yellowfin_tuna,L1,2026-09-07,coronados,yellowfin_tuna,2,63.0,63.0,0.0,0.0,0.0,0.0,0.2614,,,,,True,no_reference,0,2026-10-04T06:18:13Z,26,2026-09-07,San Diego Fish Reports dock totals,2,backfilled;reference_species_fallback;low_effort
L1|2026-09-07|coronados|yellowtail,L1,2026-09-07,coronados,yellowtail,2,63.0,63.0,58.0,0.0,58.0,0.9206,2.8371,0.324,44.3,Fair,0.0,True,final,0,2026-10-04T06:18:13Z,26,2026-09-07,San Diego Fish Reports dock totals,2,backfilled;low_effort
L1|2026-09-07|extended_offshore|bluefin_tuna,L1,2026-09-07,extended_offshore,bluefin_tuna,12,112.0,239.2,219.0,0.0,219.0,0.9154,0.0233,39.286,100.0,Excellent,1.0,True,final,1,2026-10-04T06:18:15Z,26,2026-09-07;2026-09-08,San Diego Fish Reports dock totals,12,backfilled;multi_day_split
L1|2026-09-07|extended_offshore|bonito,L1,2026-09-07,extended_offshore,bonito,12,112.0,239.2,30.5,0.0,30.5,0.1275,0.0623,,,,,True,no_reference,1,2026-10-04T06:18:15Z,26,2026-09-07;2026-09-08,San Diego Fish Reports dock totals,12,backfilled;multi_day_split;reference_species_fallback
L1|2026-09-07|extended_offshore|dorado,L1,2026-09-07,extended_offshore,dorado,12,112.0,239.2,2.5,0.0,2.5,0.0104,0.1053,0.099,15.9,Poor,0.0,True,final,1,2026-10-04T06:18:15Z,26,2026-09-07;2026-09-08,San Diego Fish Reports dock totals,12,backfilled;multi_day_split
L1|2026-09-07|extended_offshore|rockfish,L1,2026-09-07,extended_offshore,rockfish,12,112.0,239.2,0.0,0.0,0.0,0.0,0.0499,0.0,0.0,Poor,0.0,True,final,1,2026-10-04T06:18:15Z,26,2026-09-07;2026-09-08,San Diego Fish Reports dock totals,12,backfilled;multi_day_split;effort_adjusted_zero
L1|2026-09-07|extended_offshore|sheephead,L1,2026-09-07,extended_offshore,sheephead,12,112.0,239.2,0.0,0.0,0.0,0.0,0.5,,,,,True,no_reference,1,2026-10-04T06:18:15Z,26,2026-09-07;2026-09-08,San Diego Fish Reports dock totals,12,backfilled;multi_day_split;reference_default
L1|2026-09-07|extended_offshore|white_seabass,L1,2026-09-07,extended_offshore,white_seabass,12,112.0,239.2,0.0,0.0,0.0,0.0,0.5,,,,,True,no_reference,1,2026-10-04T06:18:15Z,26,2026-09-07;2026-09-08,San Diego Fish Reports dock totals,12,backfilled;multi_day_split;reference_default;sparse_species
L1|2026-09-07|extended_offshore|yellowfin_tuna,L1,2026-09-07,extended_offshore,yellowfin_tuna,12,112.0,239.2,108.5,0.0,108.5,0.4535,0.1359,3.337,96.7,Excellent,1.0,True,final,1,2026-10-04T06:18:15Z,26,2026-09-07;2026-09-08,San Diego Fish Reports dock totals,12,backfilled;multi_day_split
L1|2026-09-07|extended_offshore|yellowtail,L1,2026-09-07,extended_offshore,yellowtail,12,112.0,239.2,21.5,0.0,21.5,0.0899,0.9301,0.097,15.5,Poor,0.0,True,final,1,2026-10-04T06:18:15Z,26,2026-09-07;2026-09-08,San Diego Fish Reports dock totals,12,backfilled;multi_day_split
L1|2026-09-07|kelp_nearshore|barracuda,L1,2026-09-07,kelp_nearshore,barracuda,11,488.0,255.3,170.0,0.0,170.0,0.6658,0.0421,15.814,100.0,Excellent,1.0,True,final,0,2026-10-04T06:18:13Z,26,2026-09-07,San Diego Fish Reports dock totals,11,backfilled
L1|2026-09-07|kelp_nearshore|bonito,L1,2026-09-07,kelp_nearshore,bonito,11,488.0,255.3,1531.0,0.0,1531.0,5.9957,0.7162,8.372,100.0,Excellent,1.0,True,final,0,2026-10-04T06:18:13Z,26,2026-09-07,San Diego Fish Reports dock totals,11,backfilled
L1|2026-09-07|kelp_nearshore|calico_bass,L1,2026-09-07,kelp_nearshore,calico_bass,11,488.0,255.3,228.0,180.0,408.0,1.5978,1.7014,0.939,68.5,Good,1.0,True,final,0,2026-10-04T06:18:13Z,26,2026-09-07,San Diego Fish Reports dock totals,11,backfilled
L1|2026-09-07|kelp_nearshore|california_halibut,L1,2026-09-07,kelp_nearshore,california_halibut,11,488.0,255.3,0.0,0.0,0.0,0.0,0.5,,,,,True,no_reference,0,2026-10-04T06:18:13Z,26,2026-09-07,San Diego Fish Reports dock totals,11,backfilled;reference_default;sparse_species
L1|2026-09-07|kelp_nearshore|rockfish,L1,2026-09-07,kelp_nearshore,rockfish,11,488.0,255.3,82.0,0.0,82.0,0.3211,0.9295,0.345,45.5,Fair,0.0,True,final,0,2026-10-04T06:18:13Z,26,2026-09-07,San Diego Fish Reports dock totals,11,backfilled
L1|2026-09-07|kelp_nearshore|sand_bass,L1,2026-09-07,kelp_nearshore,sand_bass,11,488.0,255.3,53.0,20.0,73.0,0.2859,0.3533,0.809,65.2,Good,1.0,True,final,0,2026-10-04T06:18:13Z,26,2026-09-07,San Diego Fish Reports dock totals,11,backfilled
L1|2026-09-07|kelp_nearshore|sheephead,L1,2026-09-07,kelp_nearshore,sheephead,11,488.0,255.3,17.0,0.0,17.0,0.0666,0.14,0.476,52.9,Fair,0.0,True,final,0,2026-10-04T06:18:13Z,26,2026-09-07,San Diego Fish Reports dock totals,11,backfilled
L1|2026-09-07|kelp_nearshore|white_seabass,L1,2026-09-07,kelp_nearshore,white_seabass,11,488.0,255.3,2.0,0.0,2.0,0.0078,0.5,,,,,True,no_reference,0,2026-10-04T06:18:13Z,26,2026-09-07,San Diego Fish Reports dock totals,11,backfilled;reference_default;sparse_species
L1|2026-09-07|kelp_nearshore|yellowtail,L1,2026-09-07,kelp_nearshore,yellowtail,11,488.0,255.3,11.0,0.0,11.0,0.0431,0.1053,0.409,49.1,Fair,0.0,True,final,0,2026-10-04T06:18:13Z,26,2026-09-07,San Diego Fish Reports dock totals,11,backfilled
L1|2026-09-07|offshore_banks|barracuda,L1,2026-09-07,offshore_banks,barracuda,5,159.0,173.0,0.0,0.0,0.0,0.0,0.5,,,,,True,no_reference,0,2026-10-04T06:18:13Z,26,2026-09-07,San Diego Fish Reports dock totals,5,overnight_destination_uncertain;backfilled;reference_default
L1|2026-09-07|offshore_banks|bluefin_tuna,L1,2026-09-07,offshore_banks,bluefin_tuna,5,159.0,173.0,25.0,0.0,25.0,0.1445,0.0042,,,,,True,no_reference,0,2026-10-04T06:18:13Z,26,2026-09-07,San Diego Fish Reports dock totals,5,overnight_destination_uncertain;backfilled;reference_species_fallback
L1|2026-09-07|offshore_banks|bonito,L1,2026-09-07,offshore_banks,bonito,5,159.0,173.0,0.0,0.0,0.0,0.0,0.0297,0.0,0.0,Poor,0.0,True,final,0,2026-10-04T06:18:13Z,26,2026-09-07,San Diego Fish Reports dock totals,5,overnight_destination_uncertain;backfilled;effort_adjusted_zero
L1|2026-09-07|offshore_banks|dorado,L1,2026-09-07,offshore_banks,dorado,5,159.0,173.0,1.0,0.0,1.0,0.0058,0.068,0.085,13.6,Poor,0.0,True,final,0,2026-10-04T06:18:13Z,26,2026-09-07,San Diego Fish Reports dock totals,5,overnight_destination_uncertain;backfilled
L1|2026-09-07|offshore_banks|rockfish,L1,2026-09-07,offshore_banks,rockfish,5,159.0,173.0,0.0,0.0,0.0,0.0,0.0499,,,,,True,no_reference,0,2026-10-04T06:18:13Z,26,2026-09-07,San Diego Fish Reports dock totals,5,overnight_destination_uncertain;backfilled;reference_species_fallback
L1|2026-09-07|offshore_banks|sheephead,L1,2026-09-07,offshore_banks,sheephead,5,159.0,173.0,0.0,0.0,0.0,0.0,0.5,,,,,True,no_reference,0,2026-10-04T06:18:13Z,26,2026-09-07,San Diego Fish Reports dock totals,5,overnight_destination_uncertain;backfilled;reference_default
L1|2026-09-07|offshore_banks|white_seabass,L1,2026-09-07,offshore_banks,white_seabass,5,159.0,173.0,0.0,0.0,0.0,0.0,0.5,,,,,True,no_reference,0,2026-10-04T06:18:13Z,26,2026-09-07,San Diego Fish Reports dock totals,5,overnight_destination_uncertain;backfilled;reference_default;sparse_species
L1|2026-09-07|offshore_banks|yellowfin_tuna,L1,2026-09-07,offshore_banks,yellowfin_tuna,5,159.0,173.0,335.0,0.0,335.0,1.9364,1.0526,1.84,87.0,Very Good,1.0,True,final,0,2026-10-04T06:18:13Z,26,2026-09-07,San Diego Fish Reports dock totals,5,overnight_destination_uncertain;backfilled
L1|2026-09-07|offshore_banks|yellowtail,L1,2026-09-07,offshore_banks,yellowtail,5,159.0,173.0,2.0,0.0,2.0,0.0116,0.3983,0.029,4.6,Poor,0.0,True,final,0,2026-10-04T06:18:13Z,26,2026-09-07,San Diego Fish Reports dock totals,5,overnight_destination_uncertain;backfilled
L1|2026-09-08|extended_offshore|bluefin_tuna,L1,2026-09-08,extended_offshore,bluefin_tuna,11,103.0,210.0,132.5,0.0,132.5,0.631,0.0233,27.08,100.0,Excellent,1.0,True,final,1,2026-10-04T06:18:17Z,25,2026-09-08;2026-09-09,San Diego Fish Reports dock totals,11,backfilled;multi_day_split
L1|2026-09-08|extended_offshore|bonito,L1,2026-09-08,extended_offshore,bonito,11,103.0,210.0,30.5,0.0,30.5,0.1452,0.0623,,,,,True,no_reference,1,2026-10-04T06:18:17Z,25,2026-09-08;2026-09-09,San Diego Fish Reports dock totals,11,backfilled;multi_day_split;reference_species_fallback
L1|2026-09-08|extended_offshore|dorado,L1,2026-09-08,extended_offshore,dorado,11,103.0,210.0,2.0,0.0,2.0,0.0095,0.1053,0.09,14.5,Poor,0.0,True,final,1,2026-10-04T06:18:17Z,25,2026-09-08;2026-09-09,San Diego Fish Reports dock totals,11,backfilled;multi_day_split
L1|2026-09-08|extended_offshore|rockfish,L1,2026-09-08,extended_offshore,rockfish,11,103.0,210.0,0.0,0.0,0.0,0.0,0.0499,0.0,0.0,Poor,0.0,True,final,1,2026-10-04T06:18:17Z,25,2026-09-08;2026-09-09,San Diego Fish Reports dock totals,11,backfilled;multi_day_split;effort_adjusted_zero
L1|2026-09-08|extended_offshore|sheephead,L1,2026-09-08,extended_offshore,sheephead,11,103.0,210.0,0.0,0.0,0.0,0.0,0.5,,,,,True,no_reference,1,2026-10-04T06:18:17Z,25,2026-09-08;2026-09-09,San Diego Fish Reports dock totals,11,backfilled;multi_day_split;reference_default
L1|2026-09-08|extended_offshore|white_seabass,L1,2026-09-08,extended_offshore,white_seabass,11,103.0,210.0,0.0,0.0,0.0,0.0,0.5,,,,,True,no_reference,1,2026-10-04T06:18:17Z,25,2026-09-08;2026-09-09,San Diego Fish Reports dock totals,11,backfilled;multi_day_split;reference_default;sparse_species
L1|2026-09-08|extended_offshore|yellowfin_tuna,L1,2026-09-08,extended_offshore,yellowfin_tuna,11,103.0,210.0,109.0,0.0,109.0,0.519,0.1359,3.819,99.1,Excellent,1.0,True,final,1,2026-10-04T06:18:17Z,25,2026-09-08;2026-09-09,San Diego Fish Reports dock totals,11,backfilled;multi_day_split
L1|2026-09-08|extended_offshore|yellowtail,L1,2026-09-08,extended_offshore,yellowtail,11,103.0,210.0,30.5,0.0,30.5,0.1452,0.9301,0.156,25.0,Poor,0.0,True,final,1,2026-10-04T06:18:17Z,25,2026-09-08;2026-09-09,San Diego Fish Reports dock totals,11,backfilled;multi_day_split
L1|2026-09-08|kelp_nearshore|barracuda,L1,2026-09-08,kelp_nearshore,barracuda,5,165.0,81.2,35.0,0.0,35.0,0.4308,0.0421,10.232,100.0,Excellent,1.0,True,final,0,2026-10-04T06:18:15Z,25,2026-09-08,San Diego Fish Reports dock totals,5,backfilled;low_effort
L1|2026-09-08|kelp_nearshore|bonito,L1,2026-09-08,kelp_nearshore,bonito,5,165.0,81.2,602.0,0.0,602.0,7.4092,0.7162,10.345,100.0,Excellent,1.0,True,final,0,2026-10-04T06:18:15Z,25,2026-09-08,San Diego Fish Reports dock totals,5,backfilled;low_effort
L1|2026-09-08|kelp_nearshore|calico_bass,L1,2026-09-08,kelp_nearshore,calico_bass,5,165.0,81.2,75.0,0.0,75.0,0.9231,1.7014,0.543,56.7,Fair,0.0,True,final,0,2026-10-04T06:18:15Z,25,2026-09-08,San Diego Fish Reports dock totals,5,backfilled;low_effort
L1|2026-09-08|kelp_nearshore|california_halibut,L1,2026-09-08,kelp_nearshore,california_halibut,5,165.0,81.2,0.0,0.0,0.0,0.0,0.5,,,,,True,no_reference,0,2026-10-04T06:18:15Z,25,2026-09-08,San Diego Fish Reports dock totals,5,backfilled;reference_default;sparse_species;low_effort
L1|2026-09-08|kelp_nearshore|rockfish,L1,2026-09-08,kelp_nearshore,rockfish,5,165.0,81.2,22.0,0.0,22.0,0.2708,0.9295,0.291,42.4,Fair,0.0,True,final,0,2026-10-04T06:18:15Z,25,2026-09-08,San Diego Fish Reports dock totals,5,backfilled;low_effort
L1|2026-09-08|kelp_nearshore|sand_bass,L1,2026-09-08,kelp_nearshore,sand_bass,5,165.0,81.2,7.0,0.0,7.0,0.0862,0.3533,0.244,39.0,Poor,0.0,True,final,0,2026-10-04T06:18:15Z,25,2026-09-08,San Diego Fish Reports dock totals,5,backfilled;low_effort
L1|2026-09-08|kelp_nearshore|sheephead,L1,2026-09-08,kelp_nearshore,sheephead,5,165.0,81.2,6.0,0.0,6.0,0.0738,0.14,0.527,55.9,Fair,0.0,True,final,0,2026-10-04T06:18:15Z,25,2026-09-08,San Diego Fish Reports dock totals,5,backfilled;low_effort
L1|2026-09-08|kelp_nearshore|white_seabass,L1,2026-09-08,kelp_nearshore,white_seabass,5,165.0,81.2,0.0,0.0,0.0,0.0,0.5,,,,,True,no_reference,0,2026-10-04T06:18:15Z,25,2026-09-08,San Diego Fish Reports dock totals,5,backfilled;reference_default;sparse_species;low_effort
L1|2026-09-08|kelp_nearshore|yellowtail,L1,2026-09-08,kelp_nearshore,yellowtail,5,165.0,81.2,5.0,0.0,5.0,0.0615,0.1053,0.584,59.1,Fair,0.0,True,final,0,2026-10-04T06:18:15Z,25,2026-09-08,San Diego Fish Reports dock totals,5,backfilled;low_effort
L1|2026-09-08|offshore_banks|barracuda,L1,2026-09-08,offshore_banks,barracuda,5,83.0,97.0,0.0,0.0,0.0,0.0,0.5,,,,,True,no_reference,0,2026-10-04T06:18:15Z,25,2026-09-08,San Diego Fish Reports dock totals,5,overnight_destination_uncertain;backfilled;reference_default;low_effort
L1|2026-09-08|offshore_banks|bluefin_tuna,L1,2026-09-08,offshore_banks,bluefin_tuna,5,83.0,97.0,7.0,0.0,7.0,0.0722,0.0042,,,,,True,no_reference,0,2026-10-04T06:18:15Z,25,2026-09-08,San Diego Fish Reports dock totals,5,overnight_destination_uncertain;backfilled;reference_species_fallback;low_effort
L1|2026-09-08|offshore_banks|bonito,L1,2026-09-08,offshore_banks,bonito,5,83.0,97.0,0.0,0.0,0.0,0.0,0.0297,0.0,0.0,Poor,0.0,True,final,0,2026-10-04T06:18:15Z,25,2026-09-08,San Diego Fish Reports dock totals,5,overnight_destination_uncertain;backfilled;low_effort;effort_adjusted_zero
L1|2026-09-08|offshore_banks|dorado,L1,2026-09-08,offshore_banks,dorado,5,83.0,97.0,1.0,0.0,1.0,0.0103,0.068,0.152,24.3,Poor,0.0,True,final,0,2026-10-04T06:18:15Z,25,2026-09-08,San Diego Fish Reports dock totals,5,overnight_destination_uncertain;backfilled;low_effort
L1|2026-09-08|offshore_banks|rockfish,L1,2026-09-08,offshore_banks,rockfish,5,83.0,97.0,0.0,0.0,0.0,0.0,0.0499,,,,,True,no_reference,0,2026-10-04T06:18:15Z,25,2026-09-08,San Diego Fish Reports dock totals,5,overnight_destination_uncertain;backfilled;reference_species_fallback;low_effort
L1|2026-09-08|offshore_banks|sheephead,L1,2026-09-08,offshore_banks,sheephead,5,83.0,97.0,0.0,0.0,0.0,0.0,0.5,,,,,True,no_reference,0,2026-10-04T06:18:15Z,25,2026-09-08,San Diego Fish Reports dock totals,5,overnight_destination_uncertain;backfilled;reference_default;low_effort
L1|2026-09-08|offshore_banks|white_seabass,L1,2026-09-08,offshore_banks,white_seabass,5,83.0,97.0,0.0,0.0,0.0,0.0,0.5,,,,,True,no_reference,0,2026-10-04T06:18:15Z,25,2026-09-08,San Diego Fish Reports dock totals,5,overnight_destination_uncertain;backfilled;reference_default;sparse_species;low_effort
L1|2026-09-08|offshore_banks|yellowfin_tuna,L1,2026-09-08,offshore_banks,yellowfin_tuna,5,83.0,97.0,215.0,0.0,215.0,2.2165,1.0526,2.106,90.5,Excellent,1.0,True,final,0,2026-10-04T06:18:15Z,25,2026-09-08,San Diego Fish Reports dock totals,5,overnight_destination_uncertain;backfilled;low_effort
L1|2026-09-08|offshore_banks|yellowtail,L1,2026-09-08,offshore_banks,yellowtail,5,83.0,97.0,15.0,0.0,15.0,0.1546,0.3983,0.388,47.9,Fair,0.0,True,final,0,2026-10-04T06:18:15Z,25,2026-09-08,San Diego Fish Reports dock totals,5,overnight_destination_uncertain;backfilled;low_effort
L1|2026-09-09|extended_offshore|bluefin_tuna,L1,2026-09-09,extended_offshore,bluefin_tuna,9,75.5,160.2,165.0,0.0,165.0,1.0296,0.0233,44.191,100.0,Excellent,1.0,True,final,1,2026-10-04T06:18:19Z,24,2026-09-09;2026-09-10,San Diego Fish Reports dock totals,9,backfilled;multi_day_split
L1|2026-09-09|extended_offshore|bonito,L1,2026-09-09,extended_offshore,bonito,9,75.5,160.2,0.0,0.0,0.0,0.0,0.0623,,,,,True,no_reference,1,2026-10-04T06:18:19Z,24,2026-09-09;2026-09-10,San Diego Fish Reports dock totals,9,backfilled;multi_day_split;reference_species_fallback
L1|2026-09-09|extended_offshore|dorado,L1,2026-09-09,extended_offshore,dorado,9,75.5,160.2,11.0,0.0,11.0,0.0686,0.1053,0.652,61.3,Good,1.0,True,final,1,2026-10-04T06:18:19Z,24,2026-09-09;2026-09-10,San Diego Fish Reports dock totals,9,backfilled;multi_day_split
L1|2026-09-09|extended_offshore|rockfish,L1,2026-09-09,extended_offshore,rockfish,9,75.5,160.2,0.0,0.0,0.0,0.0,0.0499,0.0,0.0,Poor,0.0,True,final,1,2026-10-04T06:18:19Z,24,2026-09-09;2026-09-10,San Diego Fish Reports dock totals,9,backfilled;multi_day_split;effort_adjusted_zero
L1|2026-09-09|extended_offshore|sheephead,L1,2026-09-09,extended_offshore,sheephead,9,75.5,160.2,0.0,0.0,0.0,0.0,0.5,,,,,True,no_reference,1,2026-10-04T06:18:19Z,24,2026-09-09;2026-09-10,San Diego Fish Reports dock totals,9,backfilled;multi_day_split;reference_default
L1|2026-09-09|extended_offshore|white_seabass,L1,2026-09-09,extended_offshore,white_seabass,9,75.5,160.2,0.0,0.0,0.0,0.0,0.5,,,,,True,no_reference,1,2026-10-04T06:18:19Z,24,2026-09-09;2026-09-10,San Diego Fish Reports dock totals,9,backfilled;multi_day_split;reference_default;sparse_species
L1|2026-09-09|extended_offshore|yellowfin_tuna,L1,2026-09-09,extended_offshore,yellowfin_tuna,9,75.5,160.2,51.5,0.0,51.5,0.3214,0.1359,2.365,91.8,Excellent,1.0,True,final,1,2026-10-04T06:18:19Z,24,2026-09-09;2026-09-10,San Diego Fish Reports dock totals,9,backfilled;multi_day_split
L1|2026-09-09|extended_offshore|yellowtail,L1,2026-09-09,extended_offshore,yellowtail,9,75.5,160.2,20.5,0.0,20.5,0.1279,0.9301,0.138,22.0,Poor,0.0,True,final,1,2026-10-04T06:18:19Z,24,2026-09-09;2026-09-10,San Diego Fish Reports dock totals,9,backfilled;multi_day_split
L1|2026-09-09|kelp_nearshore|barracuda,L1,2026-09-09,kelp_nearshore,barracuda,6,157.0,81.2,45.0,0.0,45.0,0.5538,0.0421,13.155,100.0,Excellent,1.0,True,final,0,2026-10-04T06:18:17Z,24,2026-09-09,San Diego Fish Reports dock totals,6,backfilled;low_effort
L1|2026-09-09|kelp_nearshore|bonito,L1,2026-09-09,kelp_nearshore,bonito,6,157.0,81.2,243.0,0.0,243.0,2.9908,0.7162,4.176,100.0,Excellent,1.0,True,final,0,2026-10-04T06:18:17Z,24,2026-09-09,San Diego Fish Reports dock totals,6,backfilled;low_effort
L1|2026-09-09|kelp_nearshore|calico_bass,L1,2026-09-09,kelp_nearshore,calico_bass,6,157.0,81.2,167.0,150.0,317.0,3.9015,1.7014,2.293,91.5,Excellent,1.0,True,final,0,2026-10-04T06:18:17Z,24,2026-09-09,San Diego Fish Reports dock totals,6,backfilled;low_effort
L1|2026-09-09|kelp_nearshore|california_halibut,L1,2026-09-09,kelp_nearshore,california_halibut,6,157.0,81.2,1.0,0.0,1.0,0.0123,0.5,,,,,True,no_reference,0,2026-10-04T06:18:17Z,24,2026-09-09,San Diego Fish Reports dock totals,6,backfilled;reference_default;sparse_species;low_effort
L1|2026-09-09|kelp_nearshore|rockfish,L1,2026-09-09,kelp_nearshore,rockfish,6,157.0,81.2,87.0,0.0,87.0,1.0708,0.9295,1.152,73.8,Good,1.0,True,final,0,2026-10-04T06:18:17Z,24,2026-09-09,San Diego Fish Reports dock totals,6,backfilled;low_effort
L1|2026-09-09|kelp_nearshore|sand_bass,L1,2026-09-09,kelp_nearshore,sand_bass,6,157.0,81.2,47.0,0.0,47.0,0.5785,0.3533,1.637,83.2,Very Good,1.0,True,final,0,2026-10-04T06:18:17Z,24,2026-09-09,San Diego Fish Reports dock totals,6,backfilled;low_effort
L1|2026-09-09|kelp_nearshore|sheephead,L1,2026-09-09,kelp_nearshore,sheephead,6,157.0,81.2,25.0,0.0,25.0,0.3077,0.14,2.198,91.0,Excellent,1.0,True,final,0,2026-10-04T06:18:17Z,24,2026-09-09,San Diego Fish Reports dock totals,6,backfilled;low_effort
L1|2026-09-09|kelp_nearshore|white_seabass,L1,2026-09-09,kelp_nearshore,white_seabass,6,157.0,81.2,3.0,0.0,3.0,0.0369,0.5,,,,,True,no_reference,0,2026-10-04T06:18:17Z,24,2026-09-09,San Diego Fish Reports dock totals,6,backfilled;reference_default;sparse_species;low_effort
L1|2026-09-09|kelp_nearshore|yellowtail,L1,2026-09-09,kelp_nearshore,yellowtail,6,157.0,81.2,27.0,0.0,27.0,0.3323,0.1053,3.156,95.8,Excellent,1.0,True,final,0,2026-10-04T06:18:17Z,24,2026-09-09,San Diego Fish Reports dock totals,6,backfilled;low_effort
L1|2026-09-09|offshore_banks|barracuda,L1,2026-09-09,offshore_banks,barracuda,5,104.0,120.0,0.0,0.0,0.0,0.0,0.5,,,,,True,no_reference,0,2026-10-04T06:18:17Z,24,2026-09-09,San Diego Fish Reports dock totals,5,overnight_destination_uncertain;backfilled;reference_default
L1|2026-09-09|offshore_banks|bluefin_tuna,L1,2026-09-09,offshore_banks,bluefin_tuna,5,104.0,120.0,82.0,0.0,82.0,0.6833,0.0042,,,,,True,no_reference,0,2026-10-04T06:18:17Z,24,2026-09-09,San Diego Fish Reports dock totals,5,overnight_destination_uncertain;backfilled;reference_species_fallback
L1|2026-09-09|offshore_banks|bonito,L1,2026-09-09,offshore_banks,bonito,5,104.0,120.0,0.0,0.0,0.0,0.0,0.0297,0.0,0.0,Poor,0.0,True,final,0,2026-10-04T06:18:17Z,24,2026-09-09,San Diego Fish Reports dock totals,5,overnight_destination_uncertain;backfilled;effort_adjusted_zero
L1|2026-09-09|offshore_banks|dorado,L1,2026-09-09,offshore_banks,dorado,5,104.0,120.0,4.0,0.0,4.0,0.0333,0.068,0.49,53.7,Fair,0.0,True,final,0,2026-10-04T06:18:17Z,24,2026-09-09,San Diego Fish Reports dock totals,5,overnight_destination_uncertain;backfilled
L1|2026-09-09|offshore_banks|rockfish,L1,2026-09-09,offshore_banks,rockfish,5,104.0,120.0,30.0,0.0,30.0,0.25,0.0499,,,,,True,no_reference,0,2026-10-04T06:18:17Z,24,2026-09-09,San Diego Fish Reports dock totals,5,overnight_destination_uncertain;backfilled;reference_species_fallback
L1|2026-09-09|offshore_banks|sheephead,L1,2026-09-09,offshore_banks,sheephead,5,104.0,120.0,0.0,0.0,0.0,0.0,0.5,,,,,True,no_reference,0,2026-10-04T06:18:17Z,24,2026-09-09,San Diego Fish Reports dock totals,5,overnight_destination_uncertain;backfilled;reference_default
L1|2026-09-09|offshore_banks|white_seabass,L1,2026-09-09,offshore_banks,white_seabass,5,104.0,120.0,0.0,0.0,0.0,0.0,0.5,,,,,True,no_reference,0,2026-10-04T06:18:17Z,24,2026-09-09,San Diego Fish Reports dock totals,5,overnight_destination_uncertain;backfilled;reference_default;sparse_species
L1|2026-09-09|offshore_banks|yellowfin_tuna,L1,2026-09-09,offshore_banks,yellowfin_tuna,5,104.0,120.0,104.0,0.0,104.0,0.8667,1.0526,0.823,65.6,Good,1.0,True,final,0,2026-10-04T06:18:17Z,24,2026-09-09,San Diego Fish Reports dock totals,5,overnight_destination_uncertain;backfilled
L1|2026-09-09|offshore_banks|yellowtail,L1,2026-09-09,offshore_banks,yellowtail,5,104.0,120.0,5.0,0.0,5.0,0.0417,0.3983,0.105,16.7,Poor,0.0,True,final,0,2026-10-04T06:18:17Z,24,2026-09-09,San Diego Fish Reports dock totals,5,overnight_destination_uncertain;backfilled
L1|2026-09-10|extended_offshore|bluefin_tuna,L1,2026-09-10,extended_offshore,bluefin_tuna,10,85.0,186.0,136.5,0.0,136.5,0.7339,0.0233,31.497,100.0,Excellent,1.0,True,final,1,2026-10-04T06:18:21Z,23,2026-09-10;2026-09-11,San Diego Fish Reports dock totals,10,backfilled;multi_day_split
L1|2026-09-10|extended_offshore|bonito,L1,2026-09-10,extended_offshore,bonito,10,85.0,186.0,4.0,0.0,4.0,0.0215,0.0623,,,,,True,no_reference,1,2026-10-04T06:18:21Z,23,2026-09-10;2026-09-11,San Diego Fish Reports dock totals,10,backfilled;multi_day_split;reference_species_fallback
L1|2026-09-10|extended_offshore|dorado,L1,2026-09-10,extended_offshore,dorado,10,85.0,186.0,28.5,0.0,28.5,0.1532,0.1053,1.455,79.8,Very Good,1.0,True,final,1,2026-10-04T06:18:21Z,23,2026-09-10;2026-09-11,San Diego Fish Reports dock totals,10,backfilled;multi_day_split
L1|2026-09-10|extended_offshore|rockfish,L1,2026-09-10,extended_offshore,rockfish,10,85.0,186.0,0.0,0.0,0.0,0.0,0.0499,0.0,0.0,Poor,0.0,True,final,1,2026-10-04T06:18:21Z,23,2026-09-10;2026-09-11,San Diego Fish Reports dock totals,10,backfilled;multi_day_split;effort_adjusted_zero
L1|2026-09-10|extended_offshore|sheephead,L1,2026-09-10,extended_offshore,sheephead,10,85.0,186.0,2.0,0.0,2.0,0.0108,0.5,,,,,True,no_reference,1,2026-10-04T06:18:21Z,23,2026-09-10;2026-09-11,San Diego Fish Reports dock totals,10,backfilled;multi_day_split;reference_default
L1|2026-09-10|extended_offshore|white_seabass,L1,2026-09-10,extended_offshore,white_seabass,10,85.0,186.0,0.0,0.0,0.0,0.0,0.5,,,,,True,no_reference,1,2026-10-04T06:18:21Z,23,2026-09-10;2026-09-11,San Diego Fish Reports dock totals,10,backfilled;multi_day_split;reference_default;sparse_species
L1|2026-09-10|extended_offshore|yellowfin_tuna,L1,2026-09-10,extended_offshore,yellowfin_tuna,10,85.0,186.0,182.5,0.0,182.5,0.9812,0.1359,7.22,100.0,Excellent,1.0,True,final,1,2026-10-04T06:18:21Z,23,2026-09-10;2026-09-11,San Diego Fish Reports dock totals,10,backfilled;multi_day_split
L1|2026-09-10|extended_offshore|yellowtail,L1,2026-09-10,extended_offshore,yellowtail,10,85.0,186.0,25.5,0.0,25.5,0.1371,0.9301,0.147,23.6,Poor,0.0,True,final,1,2026-10-04T06:18:21Z,23,2026-09-10;2026-09-11,San Diego Fish Reports dock totals,10,backfilled;multi_day_split
L1|2026-09-10|kelp_nearshore|barracuda,L1,2026-09-10,kelp_nearshore,barracuda,5,149.0,80.8,11.0,0.0,11.0,0.1362,0.0421,3.236,96.2,Excellent,1.0,True,final,0,2026-10-04T06:18:19Z,23,2026-09-10,San Diego Fish Reports dock totals,5,backfilled;low_effort
L1|2026-09-10|kelp_nearshore|bonito,L1,2026-09-10,kelp_nearshore,bonito,5,149.0,80.8,182.0,0.0,182.0,2.2539,0.7162,3.147,95.7,Excellent,1.0,True,final,0,2026-10-04T06:18:19Z,23,2026-09-10,San Diego Fish Reports dock totals,5,backfilled;low_effort
L1|2026-09-10|kelp_nearshore|calico_bass,L1,2026-09-10,kelp_nearshore,calico_bass,5,149.0,80.8,152.0,130.0,282.0,3.4923,1.7014,2.053,90.3,Excellent,1.0,True,final,0,2026-10-04T06:18:19Z,23,2026-09-10,San Diego Fish Reports dock totals,5,backfilled;low_effort
L1|2026-09-10|kelp_nearshore|california_halibut,L1,2026-09-10,kelp_nearshore,california_halibut,5,149.0,80.8,0.0,0.0,0.0,0.0,0.5,,,,,True,no_reference,0,2026-10-04T06:18:19Z,23,2026-09-10,San Diego Fish Reports dock totals,5,backfilled;reference_default;sparse_species;low_effort
L1|2026-09-10|kelp_nearshore|rockfish,L1,2026-09-10,kelp_nearshore,rockfish,5,149.0,80.8,20.0,0.0,20.0,0.2477,0.9295,0.266,40.9,Fair,0.0,True,final,0,2026-10-04T06:18:19Z,23,2026-09-10,San Diego Fish Reports dock totals,5,backfilled;low_effort
L1|2026-09-10|kelp_nearshore|sand_bass,L1,2026-09-10,kelp_nearshore,sand_bass,5,149.0,80.8,73.0,5.0,78.0,0.9659,0.3533,2.734,93.7,Excellent,1.0,True,final,0,2026-10-04T06:18:19Z,23,2026-09-10,San Diego Fish Reports dock totals,5,backfilled;low_effort
L1|2026-09-10|kelp_nearshore|sheephead,L1,2026-09-10,kelp_nearshore,sheephead,5,149.0,80.8,22.0,0.0,22.0,0.2724,0.14,1.946,89.0,Very Good,1.0,True,final,0,2026-10-04T06:18:19Z,23,2026-09-10,San Diego Fish Reports dock totals,5,backfilled;low_effort
L1|2026-09-10|kelp_nearshore|white_seabass,L1,2026-09-10,kelp_nearshore,white_seabass,5,149.0,80.8,0.0,0.0,0.0,0.0,0.5,,,,,True,no_reference,0,2026-10-04T06:18:19Z,23,2026-09-10,San Diego Fish Reports dock totals,5,backfilled;reference_default;sparse_species;low_effort
L1|2026-09-10|kelp_nearshore|yellowtail,L1,2026-09-10,kelp_nearshore,yellowtail,5,149.0,80.8,11.0,0.0,11.0,0.1362,0.1053,1.294,76.8,Very Good,1.0,True,final,0,2026-10-04T06:18:19Z,23,2026-09-10,San Diego Fish Reports dock totals,5,backfilled;low_effort
L1|2026-09-10|offshore_banks|barracuda,L1,2026-09-10,offshore_banks,barracuda,6,127.0,144.0,0.0,0.0,0.0,0.0,0.5,,,,,True,no_reference,0,2026-10-04T06:18:19Z,23,2026-09-10,San Diego Fish Reports dock totals,6,overnight_destination_uncertain;backfilled;reference_default
L1|2026-09-10|offshore_banks|bluefin_tuna,L1,2026-09-10,offshore_banks,bluefin_tuna,6,127.0,144.0,30.0,0.0,30.0,0.2083,0.0042,,,,,True,no_reference,0,2026-10-04T06:18:19Z,23,2026-09-10,San Diego Fish Reports dock totals,6,overnight_destination_uncertain;backfilled;reference_species_fallback
L1|2026-09-10|offshore_banks|bonito,L1,2026-09-10,offshore_banks,bonito,6,127.0,144.0,0.0,0.0,0.0,0.0,0.0297,0.0,0.0,Poor,0.0,True,final,0,2026-10-04T06:18:19Z,23,2026-09-10,San Diego Fish Reports dock totals,6,overnight_destination_uncertain;backfilled;effort_adjusted_zero
L1|2026-09-10|offshore_banks|dorado,L1,2026-09-10,offshore_banks,dorado,6,127.0,144.0,13.0,0.0,13.0,0.0903,0.068,1.328,77.4,Very Good,1.0,True,final,0,2026-10-04T06:18:19Z,23,2026-09-10,San Diego Fish Reports dock totals,6,overnight_destination_uncertain;backfilled
L1|2026-09-10|offshore_banks|rockfish,L1,2026-09-10,offshore_banks,rockfish,6,127.0,144.0,0.0,0.0,0.0,0.0,0.0499,,,,,True,no_reference,0,2026-10-04T06:18:19Z,23,2026-09-10,San Diego Fish Reports dock totals,6,overnight_destination_uncertain;backfilled;reference_species_fallback
L1|2026-09-10|offshore_banks|sheephead,L1,2026-09-10,offshore_banks,sheephead,6,127.0,144.0,0.0,0.0,0.0,0.0,0.5,,,,,True,no_reference,0,2026-10-04T06:18:19Z,23,2026-09-10,San Diego Fish Reports dock totals,6,overnight_destination_uncertain;backfilled;reference_default
L1|2026-09-10|offshore_banks|white_seabass,L1,2026-09-10,offshore_banks,white_seabass,6,127.0,144.0,0.0,0.0,0.0,0.0,0.5,,,,,True,no_reference,0,2026-10-04T06:18:19Z,23,2026-09-10,San Diego Fish Reports dock totals,6,overnight_destination_uncertain;backfilled;reference_default;sparse_species
L1|2026-09-10|offshore_banks|yellowfin_tuna,L1,2026-09-10,offshore_banks,yellowfin_tuna,6,127.0,144.0,217.0,0.0,217.0,1.5069,1.0526,1.432,79.3,Very Good,1.0,True,final,0,2026-10-04T06:18:19Z,23,2026-09-10,San Diego Fish Reports dock totals,6,overnight_destination_uncertain;backfilled
L1|2026-09-10|offshore_banks|yellowtail,L1,2026-09-10,offshore_banks,yellowtail,6,127.0,144.0,16.0,0.0,16.0,0.1111,0.3983,0.279,41.7,Fair,0.0,True,final,0,2026-10-04T06:18:19Z,23,2026-09-10,San Diego Fish Reports dock totals,6,overnight_destination_uncertain;backfilled
L1|2026-09-11|extended_offshore|bluefin_tuna,L1,2026-09-11,extended_offshore,bluefin_tuna,5,40.0,90.8,16.0,0.0,16.0,0.1763,0.0233,7.567,100.0,Excellent,1.0,True,final,0,2026-10-04T06:18:21Z,22,2026-09-11,San Diego Fish Reports dock totals,5,backfilled;multi_day_split;low_effort
L1|2026-09-11|extended_offshore|bonito,L1,2026-09-11,extended_offshore,bonito,5,40.0,90.8,4.0,0.0,4.0,0.0441,0.0623,,,,,True,no_reference,0,2026-10-04T06:18:21Z,22,2026-09-11,San Diego Fish Reports dock totals,5,backfilled;multi_day_split;reference_species_fallback;low_effort
L1|2026-09-11|extended_offshore|dorado,L1,2026-09-11,extended_offshore,dorado,5,40.0,90.8,18.5,0.0,18.5,0.2039,0.1053,1.936,88.8,Very Good,1.0,True,final,0,2026-10-04T06:18:21Z,22,2026-09-11,San Diego Fish Reports dock totals,5,backfilled;multi_day_split;low_effort
L1|2026-09-11|extended_offshore|rockfish,L1,2026-09-11,extended_offshore,rockfish,5,40.0,90.8,0.0,0.0,0.0,0.0,0.0499,0.0,0.0,Poor,0.0,True,final,0,2026-10-04T06:18:21Z,22,2026-09-11,San Diego Fish Reports dock totals,5,backfilled;multi_day_split;low_effort;effort_adjusted_zero
L1|2026-09-11|extended_offshore|sheephead,L1,2026-09-11,extended_offshore,sheephead,5,40.0,90.8,2.0,0.0,2.0,0.022,0.5,,,,,True,no_reference,0,2026-10-04T06:18:21Z,22,2026-09-11,San Diego Fish Reports dock totals,5,backfilled;multi_day_split;reference_default;low_effort
L1|2026-09-11|extended_offshore|white_seabass,L1,2026-09-11,extended_offshore,white_seabass,5,40.0,90.8,0.0,0.0,0.0,0.0,0.5,,,,,True,no_reference,0,2026-10-04T06:18:21Z,22,2026-09-11,San Diego Fish Reports dock totals,5,backfilled;multi_day_split;reference_default;sparse_species;low_effort
L1|2026-09-11|extended_offshore|yellowfin_tuna,L1,2026-09-11,extended_offshore,yellowfin_tuna,5,40.0,90.8,131.5,0.0,131.5,1.449,0.1359,10.663,100.0,Excellent,1.0,True,final,0,2026-10-04T06:18:21Z,22,2026-09-11,San Diego Fish Reports dock totals,5,backfilled;multi_day_split;low_effort
L1|2026-09-11|extended_offshore|yellowtail,L1,2026-09-11,extended_offshore,yellowtail,5,40.0,90.8,14.0,0.0,14.0,0.1543,0.9301,0.166,26.5,Poor,0.0,True,final,0,2026-10-04T06:18:21Z,22,2026-09-11,San Diego Fish Reports dock totals,5,backfilled;multi_day_split;low_effort
L1|2026-09-11|kelp_nearshore|barracuda,L1,2026-09-11,kelp_nearshore,barracuda,14,394.0,203.6,92.0,0.0,92.0,0.452,0.0421,10.736,100.0,Excellent,1.0,True,final,0,2026-10-04T06:18:21Z,22,2026-09-11,San Diego Fish Reports dock totals,14,backfilled
L1|2026-09-11|kelp_nearshore|bonito,L1,2026-09-11,kelp_nearshore,bonito,14,394.0,203.6,714.0,0.0,714.0,3.5077,0.7162,4.898,100.0,Excellent,1.0,True,final,0,2026-10-04T06:18:21Z,22,2026-09-11,San Diego Fish Reports dock totals,14,backfilled
L1|2026-09-11|kelp_nearshore|calico_bass,L1,2026-09-11,kelp_nearshore,calico_bass,14,394.0,203.6,344.0,485.0,829.0,4.0727,1.7014,2.394,92.0,Excellent,1.0,True,final,0,2026-10-04T06:18:21Z,22,2026-09-11,San Diego Fish Reports dock totals,14,backfilled
L1|2026-09-11|kelp_nearshore|california_halibut,L1,2026-09-11,kelp_nearshore,california_halibut,14,394.0,203.6,0.0,0.0,0.0,0.0,0.5,,,,,True,no_reference,0,2026-10-04T06:18:21Z,22,2026-09-11,San Diego Fish Reports dock totals,14,backfilled;reference_default;sparse_species
L1|2026-09-11|kelp_nearshore|rockfish,L1,2026-09-11,kelp_nearshore,rockfish,14,394.0,203.6,52.0,15.0,67.0,0.3292,0.9295,0.354,45.9,Fair,0.0,True,final,0,2026-10-04T06:18:21Z,22,2026-09-11,San Diego Fish Reports dock totals,14,backfilled
L1|2026-09-11|kelp_nearshore|sand_bass,L1,2026-09-11,kelp_nearshore,sand_bass,14,394.0,203.6,79.0,20.0,99.0,0.4864,0.3533,1.377,78.3,Very Good,1.0,True,final,0,2026-10-04T06:18:21Z,22,2026-09-11,San Diego Fish Reports dock totals,14,backfilled
L1|2026-09-11|kelp_nearshore|sheephead,L1,2026-09-11,kelp_nearshore,sheephead,14,394.0,203.6,20.0,0.0,20.0,0.0983,0.14,0.702,62.5,Good,1.0,True,final,0,2026-10-04T06:18:21Z,22,2026-09-11,San Diego Fish Reports dock totals,14,backfilled
L1|2026-09-11|kelp_nearshore|white_seabass,L1,2026-09-11,kelp_nearshore,white_seabass,14,394.0,203.6,2.0,0.0,2.0,0.0098,0.5,,,,,True,no_reference,0,2026-10-04T06:18:21Z,22,2026-09-11,San Diego Fish Reports dock totals,14,backfilled;reference_default;sparse_species
L1|2026-09-11|kelp_nearshore|yellowtail,L1,2026-09-11,kelp_nearshore,yellowtail,14,394.0,203.6,39.0,0.0,39.0,0.1916,0.1053,1.82,86.6,Very Good,1.0,True,final,0,2026-10-04T06:18:21Z,22,2026-09-11,San Diego Fish Reports dock totals,14,backfilled
L1|2026-09-11|offshore_banks|barracuda,L1,2026-09-11,offshore_banks,barracuda,10,258.0,291.5,0.0,0.0,0.0,0.0,0.5,,,,,True,no_reference,0,2026-10-04T06:18:21Z,22,2026-09-11,San Diego Fish Reports dock totals,10,overnight_destination_uncertain;backfilled;reference_default
L1|2026-09-11|offshore_banks|bluefin_tuna,L1,2026-09-11,offshore_banks,bluefin_tuna,10,258.0,291.5,3.0,0.0,3.0,0.0103,0.0042,,,,,True,no_reference,0,2026-10-04T06:18:21Z,22,2026-09-11,San Diego Fish Reports dock totals,10,overnight_destination_uncertain;backfilled;reference_species_fallback
L1|2026-09-11|offshore_banks|bonito,L1,2026-09-11,offshore_banks,bonito,10,258.0,291.5,0.0,0.0,0.0,0.0,0.0297,0.0,0.0,Poor,0.0,True,final,0,2026-10-04T06:18:21Z,22,2026-09-11,San Diego Fish Reports dock totals,10,overnight_destination_uncertain;backfilled;effort_adjusted_zero
L1|2026-09-11|offshore_banks|dorado,L1,2026-09-11,offshore_banks,dorado,10,258.0,291.5,30.0,0.0,30.0,0.1029,0.068,1.513,80.9,Very Good,1.0,True,final,0,2026-10-04T06:18:21Z,22,2026-09-11,San Diego Fish Reports dock totals,10,overnight_destination_uncertain;backfilled
L1|2026-09-11|offshore_banks|rockfish,L1,2026-09-11,offshore_banks,rockfish,10,258.0,291.5,0.0,0.0,0.0,0.0,0.0499,,,,,True,no_reference,0,2026-10-04T06:18:21Z,22,2026-09-11,San Diego Fish Reports dock totals,10,overnight_destination_uncertain;backfilled;reference_species_fallback
L1|2026-09-11|offshore_banks|sheephead,L1,2026-09-11,offshore_banks,sheephead,10,258.0,291.5,0.0,0.0,0.0,0.0,0.5,,,,,True,no_reference,0,2026-10-04T06:18:21Z,22,2026-09-11,San Diego Fish Reports dock totals,10,overnight_destination_uncertain;backfilled;reference_default
L1|2026-09-11|offshore_banks|white_seabass,L1,2026-09-11,offshore_banks,white_seabass,10,258.0,291.5,0.0,0.0,0.0,0.0,0.5,,,,,True,no_reference,0,2026-10-04T06:18:21Z,22,2026-09-11,San Diego Fish Reports dock totals,10,overnight_destination_uncertain;backfilled;reference_default;sparse_species
L1|2026-09-11|offshore_banks|yellowfin_tuna,L1,2026-09-11,offshore_banks,yellowfin_tuna,10,258.0,291.5,316.0,0.0,316.0,1.084,1.0526,1.03,70.7,Good,1.0,True,final,0,2026-10-04T06:18:21Z,22,2026-09-11,San Diego Fish Reports dock totals,10,overnight_destination_uncertain;backfilled
L1|2026-09-11|offshore_banks|yellowtail,L1,2026-09-11,offshore_banks,yellowtail,10,258.0,291.5,18.0,0.0,18.0,0.0617,0.3983,0.155,24.8,Poor,0.0,True,final,0,2026-10-04T06:18:21Z,22,2026-09-11,San Diego Fish Reports dock totals,10,overnight_destination_uncertain;backfilled
L1|2026-09-12|extended_offshore|bluefin_tuna,L1,2026-09-12,extended_offshore,bluefin_tuna,7,73.0,160.2,0.0,0.0,0.0,0.0,0.0233,0.0,0.0,Poor,0.0,True,final,1,2026-10-04T06:18:25Z,21,2026-09-13,San Diego Fish Reports dock totals,7,backfilled;multi_day_split;effort_adjusted_zero
L1|2026-09-12|extended_offshore|bonito,L1,2026-09-12,extended_offshore,bonito,7,73.0,160.2,0.0,0.0,0.0,0.0,0.0623,,,,,True,no_reference,1,2026-10-04T06:18:25Z,21,2026-09-13,San Diego Fish Reports dock totals,7,backfilled;multi_day_split;reference_species_fallback
L1|2026-09-12|extended_offshore|dorado,L1,2026-09-12,extended_offshore,dorado,7,73.0,160.2,208.0,0.0,208.0,1.298,0.1053,12.326,100.0,Excellent,1.0,True,final,1,2026-10-04T06:18:25Z,21,2026-09-13,San Diego Fish Reports dock totals,7,backfilled;multi_day_split
L1|2026-09-12|extended_offshore|rockfish,L1,2026-09-12,extended_offshore,rockfish,7,73.0,160.2,0.0,0.0,0.0,0.0,0.0499,0.0,0.0,Poor,0.0,True,final,1,2026-10-04T06:18:25Z,21,2026-09-13,San Diego Fish Reports dock totals,7,backfilled;multi_day_split;effort_adjusted_zero
L1|2026-09-12|extended_offshore|sheephead,L1,2026-09-12,extended_offshore,sheephead,7,73.0,160.2,0.0,0.0,0.0,0.0,0.5,,,,,True,no_reference,1,2026-10-04T06:18:25Z,21,2026-09-13,San Diego Fish Reports dock totals,7,backfilled;multi_day_split;reference_default
L1|2026-09-12|extended_offshore|white_seabass,L1,2026-09-12,extended_offshore,white_seabass,7,73.0,160.2,0.0,0.0,0.0,0.0,0.5,,,,,True,no_reference,1,2026-10-04T06:18:25Z,21,2026-09-13,San Diego Fish Reports dock totals,7,backfilled;multi_day_split;reference_default;sparse_species
L1|2026-09-12|extended_offshore|yellowfin_tuna,L1,2026-09-12,extended_offshore,yellowfin_tuna,7,73.0,160.2,159.5,0.0,159.5,0.9953,0.1359,7.324,100.0,Excellent,1.0,True,final,1,2026-10-04T06:18:25Z,21,2026-09-13,San Diego Fish Reports dock totals,7,backfilled;multi_day_split
L1|2026-09-12|extended_offshore|yellowtail,L1,2026-09-12,extended_offshore,yellowtail,7,73.0,160.2,54.5,0.0,54.5,0.3401,0.9301,0.366,46.6,Fair,0.0,True,final,1,2026-10-04T06:18:25Z,21,2026-09-13,San Diego Fish Reports dock totals,7,backfilled;multi_day_split
L1|2026-09-12|kelp_nearshore|barracuda,L1,2026-09-12,kelp_nearshore,barracuda,13,534.0,280.4,35.0,0.0,35.0,0.1248,0.0421,2.965,94.8,Excellent,1.0,True,final,0,2026-10-04T06:18:23Z,21,2026-09-12,San Diego Fish Reports dock totals,13,backfilled
L1|2026-09-12|kelp_nearshore|bonito,L1,2026-09-12,kelp_nearshore,bonito,13,534.0,280.4,1340.0,0.0,1340.0,4.7797,0.7162,6.674,100.0,Excellent,1.0,True,final,0,2026-10-04T06:18:23Z,21,2026-09-12,San Diego Fish Reports dock totals,13,backfilled
L1|2026-09-12|kelp_nearshore|calico_bass,L1,2026-09-12,kelp_nearshore,calico_bass,13,534.0,280.4,339.0,420.0,759.0,2.7073,1.7014,1.591,82.3,Very Good,1.0,True,final,0,2026-10-04T06:18:23Z,21,2026-09-12,San Diego Fish Reports dock totals,13,backfilled
L1|2026-09-12|kelp_nearshore|california_halibut,L1,2026-09-12,kelp_nearshore,california_halibut,13,534.0,280.4,2.0,0.0,2.0,0.0071,0.5,,,,,True,no_reference,0,2026-10-04T06:18:23Z,21,2026-09-12,San Diego Fish Reports dock totals,13,backfilled;reference_default;sparse_species
L1|2026-09-12|kelp_nearshore|rockfish,L1,2026-09-12,kelp_nearshore,rockfish,13,534.0,280.4,40.0,0.0,40.0,0.1427,0.9295,0.154,24.6,Poor,0.0,True,final,0,2026-10-04T06:18:23Z,21,2026-09-12,San Diego Fish Reports dock totals,13,backfilled
L1|2026-09-12|kelp_nearshore|sand_bass,L1,2026-09-12,kelp_nearshore,sand_bass,13,534.0,280.4,494.0,0.0,494.0,1.7621,0.3533,4.987,100.0,Excellent,1.0,True,final,0,2026-10-04T06:18:23Z,21,2026-09-12,San Diego Fish Reports dock totals,13,backfilled
L1|2026-09-12|kelp_nearshore|sheephead,L1,2026-09-12,kelp_nearshore,sheephead,13,534.0,280.4,13.0,0.0,13.0,0.0464,0.14,0.331,44.6,Fair,0.0,True,final,0,2026-10-04T06:18:23Z,21,2026-09-12,San Diego Fish Reports dock totals,13,backfilled
L1|2026-09-12|kelp_nearshore|white_seabass,L1,2026-09-12,kelp_nearshore,white_seabass,13,534.0,280.4,6.0,0.0,6.0,0.0214,0.5,,,,,True,no_reference,0,2026-10-04T06:18:23Z,21,2026-09-12,San Diego Fish Reports dock totals,13,backfilled;reference_default;sparse_species
L1|2026-09-12|kelp_nearshore|yellowtail,L1,2026-09-12,kelp_nearshore,yellowtail,13,534.0,280.4,27.0,0.0,27.0,0.0963,0.1053,0.915,67.9,Good,1.0,True,final,0,2026-10-04T06:18:23Z,21,2026-09-12,San Diego Fish Reports dock totals,13,backfilled
L1|2026-09-12|offshore_banks|barracuda,L1,2026-09-12,offshore_banks,barracuda,7,157.0,168.0,0.0,0.0,0.0,0.0,0.5,,,,,True,no_reference,0,2026-10-04T06:18:23Z,21,2026-09-12,San Diego Fish Reports dock totals,7,overnight_destination_uncertain;backfilled;reference_default
L1|2026-09-12|offshore_banks|bluefin_tuna,L1,2026-09-12,offshore_banks,bluefin_tuna,7,157.0,168.0,0.0,0.0,0.0,0.0,0.0042,,,,,True,no_reference,0,2026-10-04T06:18:23Z,21,2026-09-12,San Diego Fish Reports dock totals,7,overnight_destination_uncertain;backfilled;reference_species_fallback
L1|2026-09-12|offshore_banks|bonito,L1,2026-09-12,offshore_banks,bonito,7,157.0,168.0,1.0,0.0,1.0,0.006,0.0297,0.2,32.1,Poor,0.0,True,final,0,2026-10-04T06:18:23Z,21,2026-09-12,San Diego Fish Reports dock totals,7,overnight_destination_uncertain;backfilled
L1|2026-09-12|offshore_banks|dorado,L1,2026-09-12,offshore_banks,dorado,7,157.0,168.0,77.0,0.0,77.0,0.4583,0.068,6.74,100.0,Excellent,1.0,True,final,0,2026-10-04T06:18:23Z,21,2026-09-12,San Diego Fish Reports dock totals,7,overnight_destination_uncertain;backfilled
L1|2026-09-12|offshore_banks|rockfish,L1,2026-09-12,offshore_banks,rockfish,7,157.0,168.0,0.0,0.0,0.0,0.0,0.0499,,,,,True,no_reference,0,2026-10-04T06:18:23Z,21,2026-09-12,San Diego Fish Reports dock totals,7,overnight_destination_uncertain;backfilled;reference_species_fallback
L1|2026-09-12|offshore_banks|sheephead,L1,2026-09-12,offshore_banks,sheephead,7,157.0,168.0,0.0,0.0,0.0,0.0,0.5,,,,,True,no_reference,0,2026-10-04T06:18:23Z,21,2026-09-12,San Diego Fish Reports dock totals,7,overnight_destination_uncertain;backfilled;reference_default
L1|2026-09-12|offshore_banks|white_seabass,L1,2026-09-12,offshore_banks,white_seabass,7,157.0,168.0,0.0,0.0,0.0,0.0,0.5,,,,,True,no_reference,0,2026-10-04T06:18:23Z,21,2026-09-12,San Diego Fish Reports dock totals,7,overnight_destination_uncertain;backfilled;reference_default;sparse_species
L1|2026-09-12|offshore_banks|yellowfin_tuna,L1,2026-09-12,offshore_banks,yellowfin_tuna,7,157.0,168.0,335.0,0.0,335.0,1.994,1.0526,1.894,88.0,Very Good,1.0,True,final,0,2026-10-04T06:18:23Z,21,2026-09-12,San Diego Fish Reports dock totals,7,overnight_destination_uncertain;backfilled
L1|2026-09-12|offshore_banks|yellowtail,L1,2026-09-12,offshore_banks,yellowtail,7,157.0,168.0,0.0,0.0,0.0,0.0,0.3983,0.0,0.0,Poor,0.0,True,final,0,2026-10-04T06:18:23Z,21,2026-09-12,San Diego Fish Reports dock totals,7,overnight_destination_uncertain;backfilled;effort_adjusted_zero
L1|2026-09-13|extended_offshore|bluefin_tuna,L1,2026-09-13,extended_offshore,bluefin_tuna,13,129.0,286.2,0.0,0.0,0.0,0.0,0.0233,0.0,0.0,Poor,0.0,True,final,1,2026-10-04T06:18:27Z,20,2026-09-13;2026-09-14,San Diego Fish Reports dock totals,13,backfilled;multi_day_split;effort_adjusted_zero
L1|2026-09-13|extended_offshore|bonito,L1,2026-09-13,extended_offshore,bonito,13,129.0,286.2,9.0,0.0,9.0,0.0314,0.0623,,,,,True,no_reference,1,2026-10-04T06:18:27Z,20,2026-09-13;2026-09-14,San Diego Fish Reports dock totals,13,backfilled;multi_day_split;reference_species_fallback
L1|2026-09-13|extended_offshore|dorado,L1,2026-09-13,extended_offshore,dorado,13,129.0,286.2,357.0,0.0,357.0,1.2472,0.1053,11.844,100.0,Excellent,1.0,True,final,1,2026-10-04T06:18:27Z,20,2026-09-13;2026-09-14,San Diego Fish Reports dock totals,13,backfilled;multi_day_split
L1|2026-09-13|extended_offshore|rockfish,L1,2026-09-13,extended_offshore,rockfish,13,129.0,286.2,0.0,0.0,0.0,0.0,0.0499,0.0,0.0,Poor,0.0,True,final,1,2026-10-04T06:18:27Z,20,2026-09-13;2026-09-14,San Diego Fish Reports dock totals,13,backfilled;multi_day_split;effort_adjusted_zero
L1|2026-09-13|extended_offshore|sheephead,L1,2026-09-13,extended_offshore,sheephead,13,129.0,286.2,0.0,0.0,0.0,0.0,0.5,,,,,True,no_reference,1,2026-10-04T06:18:27Z,20,2026-09-13;2026-09-14,San Diego Fish Reports dock totals,13,backfilled;multi_day_split;reference_default
L1|2026-09-13|extended_offshore|white_seabass,L1,2026-09-13,extended_offshore,white_seabass,13,129.0,286.2,0.0,0.0,0.0,0.0,0.5,,,,,True,no_reference,1,2026-10-04T06:18:27Z,20,2026-09-13;2026-09-14,San Diego Fish Reports dock totals,13,backfilled;multi_day_split;reference_default;sparse_species
L1|2026-09-13|extended_offshore|yellowfin_tuna,L1,2026-09-13,extended_offshore,yellowfin_tuna,13,129.0,286.2,213.0,0.0,213.0,0.7441,0.1359,5.475,100.0,Excellent,1.0,True,final,1,2026-10-04T06:18:27Z,20,2026-09-13;2026-09-14,San Diego Fish Reports dock totals,13,backfilled;multi_day_split
L1|2026-09-13|extended_offshore|yellowtail,L1,2026-09-13,extended_offshore,yellowtail,13,129.0,286.2,64.0,0.0,64.0,0.2236,0.9301,0.24,38.5,Poor,0.0,True,final,1,2026-10-04T06:18:27Z,20,2026-09-13;2026-09-14,San Diego Fish Reports dock totals,13,backfilled;multi_day_split
L1|2026-09-13|kelp_nearshore|barracuda,L1,2026-09-13,kelp_nearshore,barracuda,14,568.0,292.4,25.0,0.0,25.0,0.0855,0.0421,2.031,90.2,Excellent,1.0,True,final,0,2026-10-04T06:18:25Z,20,2026-09-13,San Diego Fish Reports dock totals,14,backfilled
L1|2026-09-13|kelp_nearshore|bonito,L1,2026-09-13,kelp_nearshore,bonito,14,568.0,292.4,1389.0,0.0,1389.0,4.7512,0.7162,6.634,100.0,Excellent,1.0,True,final,0,2026-10-04T06:18:25Z,20,2026-09-13,San Diego Fish Reports dock totals,14,backfilled
L1|2026-09-13|kelp_nearshore|calico_bass,L1,2026-09-13,kelp_nearshore,calico_bass,14,568.0,292.4,323.0,280.0,603.0,2.0626,1.7014,1.212,75.2,Very Good,1.0,True,final,0,2026-10-04T06:18:25Z,20,2026-09-13,San Diego Fish Reports dock totals,14,backfilled
L1|2026-09-13|kelp_nearshore|california_halibut,L1,2026-09-13,kelp_nearshore,california_halibut,14,568.0,292.4,0.0,0.0,0.0,0.0,0.5,,,,,True,no_reference,0,2026-10-04T06:18:25Z,20,2026-09-13,San Diego Fish Reports dock totals,14,backfilled;reference_default;sparse_species
L1|2026-09-13|kelp_nearshore|rockfish,L1,2026-09-13,kelp_nearshore,rockfish,14,568.0,292.4,19.0,0.0,19.0,0.065,0.9295,0.07,11.2,Poor,0.0,True,final,0,2026-10-04T06:18:25Z,20,2026-09-13,San Diego Fish Reports dock totals,14,backfilled
L1|2026-09-13|kelp_nearshore|sand_bass,L1,2026-09-13,kelp_nearshore,sand_bass,14,568.0,292.4,288.0,0.0,288.0,0.9851,0.3533,2.788,93.9,Excellent,1.0,True,final,0,2026-10-04T06:18:25Z,20,2026-09-13,San Diego Fish Reports dock totals,14,backfilled
L1|2026-09-13|kelp_nearshore|sheephead,L1,2026-09-13,kelp_nearshore,sheephead,14,568.0,292.4,15.0,0.0,15.0,0.0513,0.14,0.366,46.7,Fair,0.0,True,final,0,2026-10-04T06:18:25Z,20,2026-09-13,San Diego Fish Reports dock totals,14,backfilled
L1|2026-09-13|kelp_nearshore|white_seabass,L1,2026-09-13,kelp_nearshore,white_seabass,14,568.0,292.4,1.0,0.0,1.0,0.0034,0.5,,,,,True,no_reference,0,2026-10-04T06:18:25Z,20,2026-09-13,San Diego Fish Reports dock totals,14,backfilled;reference_default;sparse_species
L1|2026-09-13|kelp_nearshore|yellowtail,L1,2026-09-13,kelp_nearshore,yellowtail,14,568.0,292.4,61.0,0.0,61.0,0.2087,0.1053,1.982,89.7,Very Good,1.0,True,final,0,2026-10-04T06:18:25Z,20,2026-09-13,San Diego Fish Reports dock totals,14,backfilled
L1|2026-09-13|offshore_banks|barracuda,L1,2026-09-13,offshore_banks,barracuda,11,264.0,311.0,0.0,0.0,0.0,0.0,0.5,,,,,True,no_reference,0,2026-10-04T06:18:25Z,20,2026-09-13,San Diego Fish Reports dock totals,11,overnight_destination_uncertain;backfilled;reference_default
L1|2026-09-13|offshore_banks|bluefin_tuna,L1,2026-09-13,offshore_banks,bluefin_tuna,11,264.0,311.0,0.0,0.0,0.0,0.0,0.0042,,,,,True,no_reference,0,2026-10-04T06:18:25Z,20,2026-09-13,San Diego Fish Reports dock totals,11,overnight_destination_uncertain;backfilled;reference_species_fallback
L1|2026-09-13|offshore_banks|bonito,L1,2026-09-13,offshore_banks,bonito,11,264.0,311.0,4.0,0.0,4.0,0.0129,0.0297,0.433,50.5,Fair,0.0,True,final,0,2026-10-04T06:18:25Z,20,2026-09-13,San Diego Fish Reports dock totals,11,overnight_destination_uncertain;backfilled
L1|2026-09-13|offshore_banks|dorado,L1,2026-09-13,offshore_banks,dorado,11,264.0,311.0,67.0,0.0,67.0,0.2154,0.068,3.168,95.8,Excellent,1.0,True,final,0,2026-10-04T06:18:25Z,20,2026-09-13,San Diego Fish Reports dock totals,11,overnight_destination_uncertain;backfilled
L1|2026-09-13|offshore_banks|rockfish,L1,2026-09-13,offshore_banks,rockfish,11,264.0,311.0,0.0,0.0,0.0,0.0,0.0499,,,,,True,no_reference,0,2026-10-04T06:18:25Z,20,2026-09-13,San Diego Fish Reports dock totals,11,overnight_destination_uncertain;backfilled;reference_species_fallback
L1|2026-09-13|offshore_banks|sheephead,L1,2026-09-13,offshore_banks,sheephead,11,264.0,311.0,0.0,0.0,0.0,0.0,0.5,,,,,True,no_reference,0,2026-10-04T06:18:25Z,20,2026-09-13,San Diego Fish Reports dock totals,11,overnight_destination_uncertain;backfilled;reference_default
L1|2026-09-13|offshore_banks|white_seabass,L1,2026-09-13,offshore_banks,white_seabass,11,264.0,311.0,0.0,0.0,0.0,0.0,0.5,,,,,True,no_reference,0,2026-10-04T06:18:25Z,20,2026-09-13,San Diego Fish Reports dock totals,11,overnight_destination_uncertain;backfilled;reference_default;sparse_species
L1|2026-09-13|offshore_banks|yellowfin_tuna,L1,2026-09-13,offshore_banks,yellowfin_tuna,11,264.0,311.0,529.0,0.0,529.0,1.701,1.0526,1.616,82.8,Very Good,1.0,True,final,0,2026-10-04T06:18:25Z,20,2026-09-13,San Diego Fish Reports dock totals,11,overnight_destination_uncertain;backfilled
L1|2026-09-13|offshore_banks|yellowtail,L1,2026-09-13,offshore_banks,yellowtail,11,264.0,311.0,7.0,0.0,7.0,0.0225,0.3983,0.057,9.0,Poor,0.0,True,final,0,2026-10-04T06:18:25Z,20,2026-09-13,San Diego Fish Reports dock totals,11,overnight_destination_uncertain;backfilled
L1|2026-09-14|extended_offshore|bluefin_tuna,L1,2026-09-14,extended_offshore,bluefin_tuna,11,99.0,217.0,0.0,0.0,0.0,0.0,0.0233,0.0,0.0,Poor,0.0,True,final,1,2026-10-04T06:18:29Z,19,2026-09-14;2026-09-15,San Diego Fish Reports dock totals,11,backfilled;multi_day_split;effort_adjusted_zero
L1|2026-09-14|extended_offshore|bonito,L1,2026-09-14,extended_offshore,bonito,11,99.0,217.0,9.0,0.0,9.0,0.0415,0.0623,,,,,True,no_reference,1,2026-10-04T06:18:29Z,19,2026-09-14;2026-09-15,San Diego Fish Reports dock totals,11,backfilled;multi_day_split;reference_species_fallback
L1|2026-09-14|extended_offshore|dorado,L1,2026-09-14,extended_offshore,dorado,11,99.0,217.0,266.5,0.0,266.5,1.2281,0.1053,11.663,100.0,Excellent,1.0,True,final,1,2026-10-04T06:18:29Z,19,2026-09-14;2026-09-15,San Diego Fish Reports dock totals,11,backfilled;multi_day_split
L1|2026-09-14|extended_offshore|rockfish,L1,2026-09-14,extended_offshore,rockfish,11,99.0,217.0,0.0,0.0,0.0,0.0,0.0499,0.0,0.0,Poor,0.0,True,final,1,2026-10-04T06:18:29Z,19,2026-09-14;2026-09-15,San Diego Fish Reports dock totals,11,backfilled;multi_day_split;effort_adjusted_zero
L1|2026-09-14|extended_offshore|sheephead,L1,2026-09-14,extended_offshore,sheephead,11,99.0,217.0,0.0,0.0,0.0,0.0,0.5,,,,,True,no_reference,1,2026-10-04T06:18:29Z,19,2026-09-14;2026-09-15,San Diego Fish Reports dock totals,11,backfilled;multi_day_split;reference_default
L1|2026-09-14|extended_offshore|white_seabass,L1,2026-09-14,extended_offshore,white_seabass,11,99.0,217.0,0.0,0.0,0.0,0.0,0.5,,,,,True,no_reference,1,2026-10-04T06:18:29Z,19,2026-09-14;2026-09-15,San Diego Fish Reports dock totals,11,backfilled;multi_day_split;reference_default;sparse_species
L1|2026-09-14|extended_offshore|yellowfin_tuna,L1,2026-09-14,extended_offshore,yellowfin_tuna,11,99.0,217.0,195.5,0.0,195.5,0.9009,0.1359,6.629,100.0,Excellent,1.0,True,final,1,2026-10-04T06:18:29Z,19,2026-09-14;2026-09-15,San Diego Fish Reports dock totals,11,backfilled;multi_day_split
L1|2026-09-14|extended_offshore|yellowtail,L1,2026-09-14,extended_offshore,yellowtail,11,99.0,217.0,17.5,0.0,17.5,0.0806,0.9301,0.087,13.9,Poor,0.0,True,final,1,2026-10-04T06:18:29Z,19,2026-09-14;2026-09-15,San Diego Fish Reports dock totals,11,backfilled;multi_day_split
L1|2026-09-14|kelp_nearshore|barracuda,L1,2026-09-14,kelp_nearshore,barracuda,7,216.0,121.5,5.0,0.0,5.0,0.0412,0.0421,0.977,69.4,Good,1.0,True,final,0,2026-10-04T06:18:27Z,19,2026-09-14,San Diego Fish Reports dock totals,7,backfilled
L1|2026-09-14|kelp_nearshore|bonito,L1,2026-09-14,kelp_nearshore,bonito,7,216.0,121.5,477.0,0.0,477.0,3.9259,0.7162,5.482,100.0,Excellent,1.0,True,final,0,2026-10-04T06:18:27Z,19,2026-09-14,San Diego Fish Reports dock totals,7,backfilled
L1|2026-09-14|kelp_nearshore|calico_bass,L1,2026-09-14,kelp_nearshore,calico_bass,7,216.0,121.5,116.0,200.0,316.0,2.6008,1.7014,1.529,81.2,Very Good,1.0,True,final,0,2026-10-04T06:18:27Z,19,2026-09-14,San Diego Fish Reports dock totals,7,backfilled
L1|2026-09-14|kelp_nearshore|california_halibut,L1,2026-09-14,kelp_nearshore,california_halibut,7,216.0,121.5,1.0,0.0,1.0,0.0082,0.5,,,,,True,no_reference,0,2026-10-04T06:18:27Z,19,2026-09-14,San Diego Fish Reports dock totals,7,backfilled;reference_default;sparse_species
L1|2026-09-14|kelp_nearshore|rockfish,L1,2026-09-14,kelp_nearshore,rockfish,7,216.0,121.5,108.0,0.0,108.0,0.8889,0.9295,0.956,68.9,Good,1.0,True,final,0,2026-10-04T06:18:27Z,19,2026-09-14,San Diego Fish Reports dock totals,7,backfilled
L1|2026-09-14|kelp_nearshore|sand_bass,L1,2026-09-14,kelp_nearshore,sand_bass,7,216.0,121.5,120.0,30.0,150.0,1.2346,0.3533,3.494,97.5,Excellent,1.0,True,final,0,2026-10-04T06:18:27Z,19,2026-09-14,San Diego Fish Reports dock totals,7,backfilled
L1|2026-09-14|kelp_nearshore|sheephead,L1,2026-09-14,kelp_nearshore,sheephead,7,216.0,121.5,45.0,0.0,45.0,0.3704,0.14,2.646,93.2,Excellent,1.0,True,final,0,2026-10-04T06:18:27Z,19,2026-09-14,San Diego Fish Reports dock totals,7,backfilled
L1|2026-09-14|kelp_nearshore|white_seabass,L1,2026-09-14,kelp_nearshore,white_seabass,7,216.0,121.5,0.0,0.0,0.0,0.0,0.5,,,,,True,no_reference,0,2026-10-04T06:18:27Z,19,2026-09-14,San Diego Fish Reports dock totals,7,backfilled;reference_default;sparse_species
L1|2026-09-14|kelp_nearshore|yellowtail,L1,2026-09-14,kelp_nearshore,yellowtail,7,216.0,121.5,15.0,0.0,15.0,0.1235,0.1053,1.172,74.3,Good,1.0,True,final,0,2026-10-04T06:18:27Z,19,2026-09-14,San Diego Fish Reports dock totals,7,backfilled
L1|2026-09-14|offshore_banks|barracuda,L1,2026-09-14,offshore_banks,barracuda,8,191.0,200.0,0.0,0.0,0.0,0.0,0.5,,,,,True,no_reference,0,2026-10-04T06:18:27Z,19,2026-09-14,San Diego Fish Reports dock totals,8,overnight_destination_uncertain;backfilled;reference_default
L1|2026-09-14|offshore_banks|bluefin_tuna,L1,2026-09-14,offshore_banks,bluefin_tuna,8,191.0,200.0,0.0,0.0,0.0,0.0,0.0042,,,,,True,no_reference,0,2026-10-04T06:18:27Z,19,2026-09-14,San Diego Fish Reports dock totals,8,overnight_destination_uncertain;backfilled;reference_species_fallback
L1|2026-09-14|offshore_banks|bonito,L1,2026-09-14,offshore_banks,bonito,8,191.0,200.0,0.0,0.0,0.0,0.0,0.0297,0.0,0.0,Poor,0.0,True,final,0,2026-10-04T06:18:27Z,19,2026-09-14,San Diego Fish Reports dock totals,8,overnight_destination_uncertain;backfilled;effort_adjusted_zero
L1|2026-09-14|offshore_banks|dorado,L1,2026-09-14,offshore_banks,dorado,8,191.0,200.0,28.0,0.0,28.0,0.14,0.068,2.059,90.3,Excellent,1.0,True,final,0,2026-10-04T06:18:27Z,19,2026-09-14,San Diego Fish Reports dock totals,8,overnight_destination_uncertain;backfilled
L1|2026-09-14|offshore_banks|rockfish,L1,2026-09-14,offshore_banks,rockfish,8,191.0,200.0,0.0,0.0,0.0,0.0,0.0499,,,,,True,no_reference,0,2026-10-04T06:18:27Z,19,2026-09-14,San Diego Fish Reports dock totals,8,overnight_destination_uncertain;backfilled;reference_species_fallback
L1|2026-09-14|offshore_banks|sheephead,L1,2026-09-14,offshore_banks,sheephead,8,191.0,200.0,0.0,0.0,0.0,0.0,0.5,,,,,True,no_reference,0,2026-10-04T06:18:27Z,19,2026-09-14,San Diego Fish Reports dock totals,8,overnight_destination_uncertain;backfilled;reference_default
L1|2026-09-14|offshore_banks|white_seabass,L1,2026-09-14,offshore_banks,white_seabass,8,191.0,200.0,0.0,0.0,0.0,0.0,0.5,,,,,True,no_reference,0,2026-10-04T06:18:27Z,19,2026-09-14,San Diego Fish Reports dock totals,8,overnight_destination_uncertain;backfilled;reference_default;sparse_species
L1|2026-09-14|offshore_banks|yellowfin_tuna,L1,2026-09-14,offshore_banks,yellowfin_tuna,8,191.0,200.0,571.0,0.0,571.0,2.855,1.0526,2.712,93.6,Excellent,1.0,True,final,0,2026-10-04T06:18:27Z,19,2026-09-14,San Diego Fish Reports dock totals,8,overnight_destination_uncertain;backfilled
L1|2026-09-14|offshore_banks|yellowtail,L1,2026-09-14,offshore_banks,yellowtail,8,191.0,200.0,4.0,0.0,4.0,0.02,0.3983,0.05,8.0,Poor,0.0,True,final,0,2026-10-04T06:18:27Z,19,2026-09-14,San Diego Fish Reports dock totals,8,overnight_destination_uncertain;backfilled
L1|2026-09-15|extended_offshore|bluefin_tuna,L1,2026-09-15,extended_offshore,bluefin_tuna,10,84.5,188.2,0.0,0.0,0.0,0.0,0.0233,0.0,0.0,Poor,0.0,True,final,1,2026-10-04T06:18:31Z,18,2026-09-15;2026-09-16,San Diego Fish Reports dock totals,10,backfilled;multi_day_split;effort_adjusted_zero
L1|2026-09-15|extended_offshore|bonito,L1,2026-09-15,extended_offshore,bonito,10,84.5,188.2,0.0,0.0,0.0,0.0,0.0623,,,,,True,no_reference,1,2026-10-04T06:18:31Z,18,2026-09-15;2026-09-16,San Diego Fish Reports dock totals,10,backfilled;multi_day_split;reference_species_fallback
L1|2026-09-15|extended_offshore|dorado,L1,2026-09-15,extended_offshore,dorado,10,84.5,188.2,226.0,0.0,226.0,1.2005,0.1053,11.401,100.0,Excellent,1.0,True,final,1,2026-10-04T06:18:31Z,18,2026-09-15;2026-09-16,San Diego Fish Reports dock totals,10,backfilled;multi_day_split
L1|2026-09-15|extended_offshore|rockfish,L1,2026-09-15,extended_offshore,rockfish,10,84.5,188.2,0.0,0.0,0.0,0.0,0.0499,0.0,0.0,Poor,0.0,True,final,1,2026-10-04T06:18:31Z,18,2026-09-15;2026-09-16,San Diego Fish Reports dock totals,10,backfilled;multi_day_split;effort_adjusted_zero
L1|2026-09-15|extended_offshore|sheephead,L1,2026-09-15,extended_offshore,sheephead,10,84.5,188.2,0.0,0.0,0.0,0.0,0.5,,,,,True,no_reference,1,2026-10-04T06:18:31Z,18,2026-09-15;2026-09-16,San Diego Fish Reports dock totals,10,backfilled;multi_day_split;reference_default
L1|2026-09-15|extended_offshore|white_seabass,L1,2026-09-15,extended_offshore,white_seabass,10,84.5,188.2,0.0,0.0,0.0,0.0,0.5,,,,,True,no_reference,1,2026-10-04T06:18:31Z,18,2026-09-15;2026-09-16,San Diego Fish Reports dock totals,10,backfilled;multi_day_split;reference_default;sparse_species
L1|2026-09-15|extended_offshore|yellowfin_tuna,L1,2026-09-15,extended_offshore,yellowfin_tuna,10,84.5,188.2,358.0,0.0,358.0,1.9017,0.1359,13.994,100.0,Excellent,1.0,True,final,1,2026-10-04T06:18:31Z,18,2026-09-15;2026-09-16,San Diego Fish Reports dock totals,10,backfilled;multi_day_split
L1|2026-09-15|extended_offshore|yellowtail,L1,2026-09-15,extended_offshore,yellowtail,10,84.5,188.2,16.0,0.0,16.0,0.085,0.9301,0.091,14.6,Poor,0.0,True,final,1,2026-10-04T06:18:31Z,18,2026-09-15;2026-09-16,San Diego Fish Reports dock totals,10,backfilled;multi_day_split
L1|2026-09-15|kelp_nearshore|barracuda,L1,2026-09-15,kelp_nearshore,barracuda,8,219.0,115.0,30.0,0.0,30.0,0.2609,0.0421,6.196,100.0,Excellent,1.0,True,final,0,2026-10-04T06:18:29Z,18,2026-09-15,San Diego Fish Reports dock totals,8,backfilled
L1|2026-09-15|kelp_nearshore|bonito,L1,2026-09-15,kelp_nearshore,bonito,8,219.0,115.0,395.0,0.0,395.0,3.4348,0.7162,4.796,100.0,Excellent,1.0,True,final,0,2026-10-04T06:18:29Z,18,2026-09-15,San Diego Fish Reports dock totals,8,backfilled
L1|2026-09-15|kelp_nearshore|calico_bass,L1,2026-09-15,kelp_nearshore,calico_bass,8,219.0,115.0,222.0,190.0,412.0,3.5826,1.7014,2.106,90.5,Excellent,1.0,True,final,0,2026-10-04T06:18:29Z,18,2026-09-15,San Diego Fish Reports dock totals,8,backfilled
L1|2026-09-15|kelp_nearshore|california_halibut,L1,2026-09-15,kelp_nearshore,california_halibut,8,219.0,115.0,3.0,0.0,3.0,0.0261,0.5,,,,,True,no_reference,0,2026-10-04T06:18:29Z,18,2026-09-15,San Diego Fish Reports dock totals,8,backfilled;reference_default;sparse_species
L1|2026-09-15|kelp_nearshore|rockfish,L1,2026-09-15,kelp_nearshore,rockfish,8,219.0,115.0,16.0,0.0,16.0,0.1391,0.9295,0.15,23.9,Poor,0.0,True,final,0,2026-10-04T06:18:29Z,18,2026-09-15,San Diego Fish Reports dock totals,8,backfilled
L1|2026-09-15|kelp_nearshore|sand_bass,L1,2026-09-15,kelp_nearshore,sand_bass,8,219.0,115.0,158.0,0.0,158.0,1.3739,0.3533,3.889,99.4,Excellent,1.0,True,final,0,2026-10-04T06:18:29Z,18,2026-09-15,San Diego Fish Reports dock totals,8,backfilled
L1|2026-09-15|kelp_nearshore|sheephead,L1,2026-09-15,kelp_nearshore,sheephead,8,219.0,115.0,16.0,0.0,16.0,0.1391,0.14,0.994,69.8,Good,1.0,True,final,0,2026-10-04T06:18:29Z,18,2026-09-15,San Diego Fish Reports dock totals,8,backfilled
L1|2026-09-15|kelp_nearshore|white_seabass,L1,2026-09-15,kelp_nearshore,white_seabass,8,219.0,115.0,0.0,0.0,0.0,0.0,0.5,,,,,True,no_reference,0,2026-10-04T06:18:29Z,18,2026-09-15,San Diego Fish Reports dock totals,8,backfilled;reference_default;sparse_species
L1|2026-09-15|kelp_nearshore|yellowtail,L1,2026-09-15,kelp_nearshore,yellowtail,8,219.0,115.0,30.0,0.0,30.0,0.2609,0.1053,2.477,92.4,Excellent,1.0,True,final,0,2026-10-04T06:18:29Z,18,2026-09-15,San Diego Fish Reports dock totals,8,backfilled
L1|2026-09-15|offshore_banks|barracuda,L1,2026-09-15,offshore_banks,barracuda,4,70.0,70.0,0.0,0.0,0.0,0.0,0.5,,,,,True,no_reference,0,2026-10-04T06:18:29Z,18,2026-09-15,San Diego Fish Reports dock totals,4,overnight_destination_uncertain;backfilled;reference_default;low_effort
L1|2026-09-15|offshore_banks|bluefin_tuna,L1,2026-09-15,offshore_banks,bluefin_tuna,4,70.0,70.0,0.0,0.0,0.0,0.0,0.0042,,,,,True,no_reference,0,2026-10-04T06:18:29Z,18,2026-09-15,San Diego Fish Reports dock totals,4,overnight_destination_uncertain;backfilled;reference_species_fallback;low_effort
L1|2026-09-15|offshore_banks|bonito,L1,2026-09-15,offshore_banks,bonito,4,70.0,70.0,0.0,0.0,0.0,0.0,0.0297,0.0,0.0,Poor,0.0,True,final,0,2026-10-04T06:18:29Z,18,2026-09-15,San Diego Fish Reports dock totals,4,overnight_destination_uncertain;backfilled;low_effort;effort_adjusted_zero
L1|2026-09-15|offshore_banks|dorado,L1,2026-09-15,offshore_banks,dorado,4,70.0,70.0,4.0,0.0,4.0,0.0571,0.068,0.84,66.0,Good,1.0,True,final,0,2026-10-04T06:18:29Z,18,2026-09-15,San Diego Fish Reports dock totals,4,overnight_destination_uncertain;backfilled;low_effort
L1|2026-09-15|offshore_banks|rockfish,L1,2026-09-15,offshore_banks,rockfish,4,70.0,70.0,0.0,0.0,0.0,0.0,0.0499,,,,,True,no_reference,0,2026-10-04T06:18:29Z,18,2026-09-15,San Diego Fish Reports dock totals,4,overnight_destination_uncertain;backfilled;reference_species_fallback;low_effort
L1|2026-09-15|offshore_banks|sheephead,L1,2026-09-15,offshore_banks,sheephead,4,70.0,70.0,0.0,0.0,0.0,0.0,0.5,,,,,True,no_reference,0,2026-10-04T06:18:29Z,18,2026-09-15,San Diego Fish Reports dock totals,4,overnight_destination_uncertain;backfilled;reference_default;low_effort
L1|2026-09-15|offshore_banks|white_seabass,L1,2026-09-15,offshore_banks,white_seabass,4,70.0,70.0,0.0,0.0,0.0,0.0,0.5,,,,,True,no_reference,0,2026-10-04T06:18:29Z,18,2026-09-15,San Diego Fish Reports dock totals,4,overnight_destination_uncertain;backfilled;reference_default;sparse_species;low_effort
L1|2026-09-15|offshore_banks|yellowfin_tuna,L1,2026-09-15,offshore_banks,yellowfin_tuna,4,70.0,70.0,311.0,0.0,311.0,4.4429,1.0526,4.221,100.0,Excellent,1.0,True,final,0,2026-10-04T06:18:29Z,18,2026-09-15,San Diego Fish Reports dock totals,4,overnight_destination_uncertain;backfilled;low_effort
L1|2026-09-15|offshore_banks|yellowtail,L1,2026-09-15,offshore_banks,yellowtail,4,70.0,70.0,1.0,0.0,1.0,0.0143,0.3983,0.036,5.7,Poor,0.0,True,final,0,2026-10-04T06:18:29Z,18,2026-09-15,San Diego Fish Reports dock totals,4,overnight_destination_uncertain;backfilled;low_effort
L1|2026-09-16|extended_offshore|bluefin_tuna,L1,2026-09-16,extended_offshore,bluefin_tuna,8,71.5,166.5,0.0,0.0,0.0,0.0,0.0233,0.0,0.0,Poor,0.0,True,final,1,2026-10-04T06:18:33Z,17,2026-09-16;2026-09-17,San Diego Fish Reports dock totals,8,backfilled;multi_day_split;effort_adjusted_zero
L1|2026-09-16|extended_offshore|bonito,L1,2026-09-16,extended_offshore,bonito,8,71.5,166.5,0.0,0.0,0.0,0.0,0.0623,,,,,True,no_reference,1,2026-10-04T06:18:33Z,17,2026-09-16;2026-09-17,San Diego Fish Reports dock totals,8,backfilled;multi_day_split;reference_species_fallback
L1|2026-09-16|extended_offshore|dorado,L1,2026-09-16,extended_offshore,dorado,8,71.5,166.5,191.5,0.0,191.5,1.1502,0.1053,10.923,100.0,Excellent,1.0,True,final,1,2026-10-04T06:18:33Z,17,2026-09-16;2026-09-17,San Diego Fish Reports dock totals,8,backfilled;multi_day_split
L1|2026-09-16|extended_offshore|rockfish,L1,2026-09-16,extended_offshore,rockfish,8,71.5,166.5,0.0,0.0,0.0,0.0,0.0499,0.0,0.0,Poor,0.0,True,final,1,2026-10-04T06:18:33Z,17,2026-09-16;2026-09-17,San Diego Fish Reports dock totals,8,backfilled;multi_day_split;effort_adjusted_zero
L1|2026-09-16|extended_offshore|sheephead,L1,2026-09-16,extended_offshore,sheephead,8,71.5,166.5,0.0,0.0,0.0,0.0,0.5,,,,,True,no_reference,1,2026-10-04T06:18:33Z,17,2026-09-16;2026-09-17,San Diego Fish Reports dock totals,8,backfilled;multi_day_split;reference_default
L1|2026-09-16|extended_offshore|white_seabass,L1,2026-09-16,extended_offshore,white_seabass,8,71.5,166.5,0.0,0.0,0.0,0.0,0.5,,,,,True,no_reference,1,2026-10-04T06:18:33Z,17,2026-09-16;2026-09-17,San Diego Fish Reports dock totals,8,backfilled;multi_day_split;reference_default;sparse_species
L1|2026-09-16|extended_offshore|yellowfin_tuna,L1,2026-09-16,extended_offshore,yellowfin_tuna,8,71.5,166.5,361.0,0.0,361.0,2.1682,0.1359,15.954,100.0,Excellent,1.0,True,final,1,2026-10-04T06:18:33Z,17,2026-09-16;2026-09-17,San Diego Fish Reports dock totals,8,backfilled;multi_day_split
L1|2026-09-16|extended_offshore|yellowtail,L1,2026-09-16,extended_offshore,yellowtail,8,71.5,166.5,9.5,0.0,9.5,0.0571,0.9301,0.061,9.8,Poor,0.0,True,final,1,2026-10-04T06:18:33Z,17,2026-09-16;2026-09-17,San Diego Fish Reports dock totals,8,backfilled;multi_day_split
L1|2026-09-16|kelp_nearshore|barracuda,L1,2026-09-16,kelp_nearshore,barracuda,8,211.0,114.2,57.0,40.0,97.0,0.849,0.0421,20.167,100.0,Excellent,1.0,True,final,0,2026-10-04T06:18:31Z,17,2026-09-16,San Diego Fish Reports dock totals,8,backfilled
L1|2026-09-16|kelp_nearshore|bonito,L1,2026-09-16,kelp_nearshore,bonito,8,211.0,114.2,401.0,0.0,401.0,3.5098,0.7162,4.901,100.0,Excellent,1.0,True,final,0,2026-10-04T06:18:31Z,17,2026-09-16,San Diego Fish Reports dock totals,8,backfilled
L1|2026-09-16|kelp_nearshore|calico_bass,L1,2026-09-16,kelp_nearshore,calico_bass,8,211.0,114.2,206.0,0.0,206.0,1.8031,1.7014,1.06,71.5,Good,1.0,True,final,0,2026-10-04T06:18:31Z,17,2026-09-16,San Diego Fish Reports dock totals,8,backfilled
L1|2026-09-16|kelp_nearshore|california_halibut,L1,2026-09-16,kelp_nearshore,california_halibut,8,211.0,114.2,1.0,0.0,1.0,0.0088,0.5,,,,,True,no_reference,0,2026-10-04T06:18:31Z,17,2026-09-16,San Diego Fish Reports dock totals,8,backfilled;reference_default;sparse_species
L1|2026-09-16|kelp_nearshore|rockfish,L1,2026-09-16,kelp_nearshore,rockfish,8,211.0,114.2,11.0,0.0,11.0,0.0963,0.9295,0.104,16.6,Poor,0.0,True,final,0,2026-10-04T06:18:31Z,17,2026-09-16,San Diego Fish Reports dock totals,8,backfilled
L1|2026-09-16|kelp_nearshore|sand_bass,L1,2026-09-16,kelp_nearshore,sand_bass,8,211.0,114.2,82.0,12.0,94.0,0.8228,0.3533,2.329,91.6,Excellent,1.0,True,final,0,2026-10-04T06:18:31Z,17,2026-09-16,San Diego Fish Reports dock totals,8,backfilled
L1|2026-09-16|kelp_nearshore|sheephead,L1,2026-09-16,kelp_nearshore,sheephead,8,211.0,114.2,5.0,0.0,5.0,0.0438,0.14,0.313,43.6,Fair,0.0,True,final,0,2026-10-04T06:18:31Z,17,2026-09-16,San Diego Fish Reports dock totals,8,backfilled
L1|2026-09-16|kelp_nearshore|white_seabass,L1,2026-09-16,kelp_nearshore,white_seabass,8,211.0,114.2,1.0,0.0,1.0,0.0088,0.5,,,,,True,no_reference,0,2026-10-04T06:18:31Z,17,2026-09-16,San Diego Fish Reports dock totals,8,backfilled;reference_default;sparse_species
L1|2026-09-16|kelp_nearshore|yellowtail,L1,2026-09-16,kelp_nearshore,yellowtail,8,211.0,114.2,57.0,0.0,57.0,0.4989,0.1053,4.738,100.0,Excellent,1.0,True,final,0,2026-10-04T06:18:31Z,17,2026-09-16,San Diego Fish Reports dock totals,8,backfilled
L1|2026-09-16|offshore_banks|barracuda,L1,2026-09-16,offshore_banks,barracuda,7,107.0,123.5,0.0,0.0,0.0,0.0,0.5,,,,,True,no_reference,0,2026-10-04T06:18:31Z,17,2026-09-16,San Diego Fish Reports dock totals,7,overnight_destination_uncertain;backfilled;reference_default
L1|2026-09-16|offshore_banks|bluefin_tuna,L1,2026-09-16,offshore_banks,bluefin_tuna,7,107.0,123.5,0.0,0.0,0.0,0.0,0.0042,,,,,True,no_reference,0,2026-10-04T06:18:31Z,17,2026-09-16,San Diego Fish Reports dock totals,7,overnight_destination_uncertain;backfilled;reference_species_fallback
L1|2026-09-16|offshore_banks|bonito,L1,2026-09-16,offshore_banks,bonito,7,107.0,123.5,0.0,0.0,0.0,0.0,0.0297,0.0,0.0,Poor,0.0,True,final,0,2026-10-04T06:18:31Z,17,2026-09-16,San Diego Fish Reports dock totals,7,overnight_destination_uncertain;backfilled;effort_adjusted_zero
L1|2026-09-16|offshore_banks|dorado,L1,2026-09-16,offshore_banks,dorado,7,107.0,123.5,84.0,0.0,84.0,0.6802,0.068,10.002,100.0,Excellent,1.0,True,final,0,2026-10-04T06:18:31Z,17,2026-09-16,San Diego Fish Reports dock totals,7,overnight_destination_uncertain;backfilled
L1|2026-09-16|offshore_banks|rockfish,L1,2026-09-16,offshore_banks,rockfish,7,107.0,123.5,0.0,0.0,0.0,0.0,0.0499,,,,,True,no_reference,0,2026-10-04T06:18:31Z,17,2026-09-16,San Diego Fish Reports dock totals,7,overnight_destination_uncertain;backfilled;reference_species_fallback
L1|2026-09-16|offshore_banks|sheephead,L1,2026-09-16,offshore_banks,sheephead,7,107.0,123.5,0.0,0.0,0.0,0.0,0.5,,,,,True,no_reference,0,2026-10-04T06:18:31Z,17,2026-09-16,San Diego Fish Reports dock totals,7,overnight_destination_uncertain;backfilled;reference_default
L1|2026-09-16|offshore_banks|white_seabass,L1,2026-09-16,offshore_banks,white_seabass,7,107.0,123.5,0.0,0.0,0.0,0.0,0.5,,,,,True,no_reference,0,2026-10-04T06:18:31Z,17,2026-09-16,San Diego Fish Reports dock totals,7,overnight_destination_uncertain;backfilled;reference_default;sparse_species
L1|2026-09-16|offshore_banks|yellowfin_tuna,L1,2026-09-16,offshore_banks,yellowfin_tuna,7,107.0,123.5,277.0,0.0,277.0,2.2429,1.0526,2.131,90.7,Excellent,1.0,True,final,0,2026-10-04T06:18:31Z,17,2026-09-16,San Diego Fish Reports dock totals,7,overnight_destination_uncertain;backfilled
L1|2026-09-16|offshore_banks|yellowtail,L1,2026-09-16,offshore_banks,yellowtail,7,107.0,123.5,0.0,0.0,0.0,0.0,0.3983,0.0,0.0,Poor,0.0,True,final,0,2026-10-04T06:18:31Z,17,2026-09-16,San Diego Fish Reports dock totals,7,overnight_destination_uncertain;backfilled;effort_adjusted_zero
L1|2026-09-17|extended_offshore|bluefin_tuna,L1,2026-09-17,extended_offshore,bluefin_tuna,12,113.5,256.8,5.0,0.0,5.0,0.0195,0.0233,0.836,65.9,Good,1.0,True,final,1,2026-10-04T06:18:35Z,16,2026-09-17;2026-09-18,San Diego Fish Reports dock totals,12,backfilled;multi_day_split
L1|2026-09-17|extended_offshore|bonito,L1,2026-09-17,extended_offshore,bonito,12,113.5,256.8,0.0,0.0,0.0,0.0,0.0623,,,,,True,no_reference,1,2026-10-04T06:18:35Z,16,2026-09-17;2026-09-18,San Diego Fish Reports dock totals,12,backfilled;multi_day_split;reference_species_fallback
L1|2026-09-17|extended_offshore|dorado,L1,2026-09-17,extended_offshore,dorado,12,113.5,256.8,308.0,0.0,308.0,1.1996,0.1053,11.392,100.0,Excellent,1.0,True,final,1,2026-10-04T06:18:35Z,16,2026-09-17;2026-09-18,San Diego Fish Reports dock totals,12,backfilled;multi_day_split
L1|2026-09-17|extended_offshore|rockfish,L1,2026-09-17,extended_offshore,rockfish,12,113.5,256.8,44.0,0.0,44.0,0.1714,0.0499,3.434,97.2,Excellent,1.0,True,final,1,2026-10-04T06:18:35Z,16,2026-09-17;2026-09-18,San Diego Fish Reports dock totals,12,backfilled;multi_day_split
L1|2026-09-17|extended_offshore|sheephead,L1,2026-09-17,extended_offshore,sheephead,12,113.5,256.8,0.0,0.0,0.0,0.0,0.5,,,,,True,no_reference,1,2026-10-04T06:18:35Z,16,2026-09-17;2026-09-18,San Diego Fish Reports dock totals,12,backfilled;multi_day_split;reference_default
L1|2026-09-17|extended_offshore|white_seabass,L1,2026-09-17,extended_offshore,white_seabass,12,113.5,256.8,0.0,0.0,0.0,0.0,0.5,,,,,True,no_reference,1,2026-10-04T06:18:35Z,16,2026-09-17;2026-09-18,San Diego Fish Reports dock totals,12,backfilled;multi_day_split;reference_default;sparse_species
L1|2026-09-17|extended_offshore|yellowfin_tuna,L1,2026-09-17,extended_offshore,yellowfin_tuna,12,113.5,256.8,268.5,75.0,343.5,1.3379,0.1359,9.845,100.0,Excellent,1.0,True,final,1,2026-10-04T06:18:35Z,16,2026-09-17;2026-09-18,San Diego Fish Reports dock totals,12,backfilled;multi_day_split
L1|2026-09-17|extended_offshore|yellowtail,L1,2026-09-17,extended_offshore,yellowtail,12,113.5,256.8,34.0,0.0,34.0,0.1324,0.9301,0.142,22.8,Poor,0.0,True,final,1,2026-10-04T06:18:35Z,16,2026-09-17;2026-09-18,San Diego Fish Reports dock totals,12,backfilled;multi_day_split
L1|2026-09-17|kelp_nearshore|barracuda,L1,2026-09-17,kelp_nearshore,barracuda,10,275.0,159.5,68.0,0.0,68.0,0.4263,0.0421,10.127,100.0,Excellent,1.0,True,final,0,2026-10-04T06:18:33Z,16,2026-09-17,San Diego Fish Reports dock totals,10,backfilled
L1|2026-09-17|kelp_nearshore|bonito,L1,2026-09-17,kelp_nearshore,bonito,10,275.0,159.5,559.0,0.0,559.0,3.5047,0.7162,4.893,100.0,Excellent,1.0,True,final,0,2026-10-04T06:18:33Z,16,2026-09-17,San Diego Fish Reports dock totals,10,backfilled
L1|2026-09-17|kelp_nearshore|calico_bass,L1,2026-09-17,kelp_nearshore,calico_bass,10,275.0,159.5,102.0,0.0,102.0,0.6395,1.7014,0.376,47.2,Fair,0.0,True,final,0,2026-10-04T06:18:33Z,16,2026-09-17,San Diego Fish Reports dock totals,10,backfilled
L1|2026-09-17|kelp_nearshore|california_halibut,L1,2026-09-17,kelp_nearshore,california_halibut,10,275.0,159.5,1.0,0.0,1.0,0.0063,0.5,,,,,True,no_reference,0,2026-10-04T06:18:33Z,16,2026-09-17,San Diego Fish Reports dock totals,10,backfilled;reference_default;sparse_species
L1|2026-09-17|kelp_nearshore|rockfish,L1,2026-09-17,kelp_nearshore,rockfish,10,275.0,159.5,12.0,0.0,12.0,0.0752,0.9295,0.081,13.0,Poor,0.0,True,final,0,2026-10-04T06:18:33Z,16,2026-09-17,San Diego Fish Reports dock totals,10,backfilled
L1|2026-09-17|kelp_nearshore|sand_bass,L1,2026-09-17,kelp_nearshore,sand_bass,10,275.0,159.5,88.0,0.0,88.0,0.5517,0.3533,1.562,81.8,Very Good,1.0,True,final,0,2026-10-04T06:18:33Z,16,2026-09-17,San Diego Fish Reports dock totals,10,backfilled
L1|2026-09-17|kelp_nearshore|sheephead,L1,2026-09-17,kelp_nearshore,sheephead,10,275.0,159.5,13.0,0.0,13.0,0.0815,0.14,0.582,59.0,Fair,0.0,True,final,0,2026-10-04T06:18:33Z,16,2026-09-17,San Diego Fish Reports dock totals,10,backfilled
L1|2026-09-17|kelp_nearshore|white_seabass,L1,2026-09-17,kelp_nearshore,white_seabass,10,275.0,159.5,0.0,0.0,0.0,0.0,0.5,,,,,True,no_reference,0,2026-10-04T06:18:33Z,16,2026-09-17,San Diego Fish Reports dock totals,10,backfilled;reference_default;sparse_species
L1|2026-09-17|kelp_nearshore|yellowtail,L1,2026-09-17,kelp_nearshore,yellowtail,10,275.0,159.5,53.0,0.0,53.0,0.3323,0.1053,3.156,95.8,Excellent,1.0,True,final,0,2026-10-04T06:18:33Z,16,2026-09-17,San Diego Fish Reports dock totals,10,backfilled
L1|2026-09-17|offshore_banks|barracuda,L1,2026-09-17,offshore_banks,barracuda,3,96.0,96.0,0.0,0.0,0.0,0.0,0.5,,,,,True,no_reference,0,2026-10-04T06:18:33Z,16,2026-09-17,San Diego Fish Reports dock totals,3,overnight_destination_uncertain;backfilled;reference_default;low_effort
L1|2026-09-17|offshore_banks|bluefin_tuna,L1,2026-09-17,offshore_banks,bluefin_tuna,3,96.0,96.0,0.0,0.0,0.0,0.0,0.0042,,,,,True,no_reference,0,2026-10-04T06:18:33Z,16,2026-09-17,San Diego Fish Reports dock totals,3,overnight_destination_uncertain;backfilled;reference_species_fallback;low_effort
L1|2026-09-17|offshore_banks|bonito,L1,2026-09-17,offshore_banks,bonito,3,96.0,96.0,0.0,0.0,0.0,0.0,0.0297,0.0,0.0,Poor,0.0,True,final,0,2026-10-04T06:18:33Z,16,2026-09-17,San Diego Fish Reports dock totals,3,overnight_destination_uncertain;backfilled;low_effort;effort_adjusted_zero
L1|2026-09-17|offshore_banks|dorado,L1,2026-09-17,offshore_banks,dorado,3,96.0,96.0,55.0,0.0,55.0,0.5729,0.068,8.425,100.0,Excellent,1.0,True,final,0,2026-10-04T06:18:33Z,16,2026-09-17,San Diego Fish Reports dock totals,3,overnight_destination_uncertain;backfilled;low_effort
L1|2026-09-17|offshore_banks|rockfish,L1,2026-09-17,offshore_banks,rockfish,3,96.0,96.0,0.0,0.0,0.0,0.0,0.0499,,,,,True,no_reference,0,2026-10-04T06:18:33Z,16,2026-09-17,San Diego Fish Reports dock totals,3,overnight_destination_uncertain;backfilled;reference_species_fallback;low_effort
L1|2026-09-17|offshore_banks|sheephead,L1,2026-09-17,offshore_banks,sheephead,3,96.0,96.0,0.0,0.0,0.0,0.0,0.5,,,,,True,no_reference,0,2026-10-04T06:18:33Z,16,2026-09-17,San Diego Fish Reports dock totals,3,overnight_destination_uncertain;backfilled;reference_default;low_effort
L1|2026-09-17|offshore_banks|white_seabass,L1,2026-09-17,offshore_banks,white_seabass,3,96.0,96.0,0.0,0.0,0.0,0.0,0.5,,,,,True,no_reference,0,2026-10-04T06:18:33Z,16,2026-09-17,San Diego Fish Reports dock totals,3,overnight_destination_uncertain;backfilled;reference_default;sparse_species;low_effort
L1|2026-09-17|offshore_banks|yellowfin_tuna,L1,2026-09-17,offshore_banks,yellowfin_tuna,3,96.0,96.0,419.0,0.0,419.0,4.3646,1.0526,4.146,100.0,Excellent,1.0,True,final,0,2026-10-04T06:18:33Z,16,2026-09-17,San Diego Fish Reports dock totals,3,overnight_destination_uncertain;backfilled;low_effort
L1|2026-09-17|offshore_banks|yellowtail,L1,2026-09-17,offshore_banks,yellowtail,3,96.0,96.0,16.0,0.0,16.0,0.1667,0.3983,0.418,49.6,Fair,0.0,True,final,0,2026-10-04T06:18:33Z,16,2026-09-17,San Diego Fish Reports dock totals,3,overnight_destination_uncertain;backfilled;low_effort
L1|2026-09-18|extended_offshore|bluefin_tuna,L1,2026-09-18,extended_offshore,bluefin_tuna,10,89.5,202.5,5.0,0.0,5.0,0.0247,0.0233,1.06,71.5,Good,1.0,True,final,1,2026-10-04T06:18:37Z,15,2026-09-18;2026-09-19,San Diego Fish Reports dock totals,10,backfilled;multi_day_split
L1|2026-09-18|extended_offshore|bonito,L1,2026-09-18,extended_offshore,bonito,10,89.5,202.5,0.0,0.0,0.0,0.0,0.0623,,,,,True,no_reference,1,2026-10-04T06:18:37Z,15,2026-09-18;2026-09-19,San Diego Fish Reports dock totals,10,backfilled;multi_day_split;reference_species_fallback
L1|2026-09-18|extended_offshore|dorado,L1,2026-09-18,extended_offshore,dorado,10,89.5,202.5,238.5,0.0,238.5,1.1778,0.1053,11.185,100.0,Excellent,1.0,True,final,1,2026-10-04T06:18:37Z,15,2026-09-18;2026-09-19,San Diego Fish Reports dock totals,10,backfilled;multi_day_split
L1|2026-09-18|extended_offshore|rockfish,L1,2026-09-18,extended_offshore,rockfish,10,89.5,202.5,44.0,0.0,44.0,0.2173,0.0499,4.354,100.0,Excellent,1.0,True,final,1,2026-10-04T06:18:37Z,15,2026-09-18;2026-09-19,San Diego Fish Reports dock totals,10,backfilled;multi_day_split
L1|2026-09-18|extended_offshore|sheephead,L1,2026-09-18,extended_offshore,sheephead,10,89.5,202.5,0.0,0.0,0.0,0.0,0.5,,,,,True,no_reference,1,2026-10-04T06:18:37Z,15,2026-09-18;2026-09-19,San Diego Fish Reports dock totals,10,backfilled;multi_day_split;reference_default
L1|2026-09-18|extended_offshore|white_seabass,L1,2026-09-18,extended_offshore,white_seabass,10,89.5,202.5,0.0,0.0,0.0,0.0,0.5,,,,,True,no_reference,1,2026-10-04T06:18:37Z,15,2026-09-18;2026-09-19,San Diego Fish Reports dock totals,10,backfilled;multi_day_split;reference_default;sparse_species
L1|2026-09-18|extended_offshore|yellowfin_tuna,L1,2026-09-18,extended_offshore,yellowfin_tuna,10,89.5,202.5,123.5,75.0,198.5,0.9802,0.1359,7.213,100.0,Excellent,1.0,True,final,1,2026-10-04T06:18:37Z,15,2026-09-18;2026-09-19,San Diego Fish Reports dock totals,10,backfilled;multi_day_split
L1|2026-09-18|extended_offshore|yellowtail,L1,2026-09-18,extended_offshore,yellowtail,10,89.5,202.5,32.5,0.0,32.5,0.1605,0.9301,0.173,27.6,Poor,0.0,True,final,1,2026-10-04T06:18:37Z,15,2026-09-18;2026-09-19,San Diego Fish Reports dock totals,10,backfilled;multi_day_split
L1|2026-09-18|kelp_nearshore|barracuda,L1,2026-09-18,kelp_nearshore,barracuda,13,372.0,202.6,8.0,0.0,8.0,0.0395,0.0421,0.938,68.4,Good,1.0,True,final,0,2026-10-04T06:18:35Z,15,2026-09-18,San Diego Fish Reports dock totals,13,backfilled
L1|2026-09-18|kelp_nearshore|bonito,L1,2026-09-18,kelp_nearshore,bonito,13,372.0,202.6,723.0,0.0,723.0,3.5686,0.7162,4.983,100.0,Excellent,1.0,True,final,0,2026-10-04T06:18:35Z,15,2026-09-18,San Diego Fish Reports dock totals,13,backfilled
L1|2026-09-18|kelp_nearshore|calico_bass,L1,2026-09-18,kelp_nearshore,calico_bass,13,372.0,202.6,380.0,558.0,938.0,4.6298,1.7014,2.721,93.6,Excellent,1.0,True,final,0,2026-10-04T06:18:35Z,15,2026-09-18,San Diego Fish Reports dock totals,13,backfilled
L1|2026-09-18|kelp_nearshore|california_halibut,L1,2026-09-18,kelp_nearshore,california_halibut,13,372.0,202.6,0.0,0.0,0.0,0.0,0.5,,,,,True,no_reference,0,2026-10-04T06:18:35Z,15,2026-09-18,San Diego Fish Reports dock totals,13,backfilled;reference_default;sparse_species
L1|2026-09-18|kelp_nearshore|rockfish,L1,2026-09-18,kelp_nearshore,rockfish,13,372.0,202.6,36.0,0.0,36.0,0.1777,0.9295,0.191,30.6,Poor,0.0,True,final,0,2026-10-04T06:18:35Z,15,2026-09-18,San Diego Fish Reports dock totals,13,backfilled
L1|2026-09-18|kelp_nearshore|sand_bass,L1,2026-09-18,kelp_nearshore,sand_bass,13,372.0,202.6,67.0,33.0,100.0,0.4936,0.3533,1.397,78.7,Very Good,1.0,True,final,0,2026-10-04T06:18:35Z,15,2026-09-18,San Diego Fish Reports dock totals,13,backfilled
L1|2026-09-18|kelp_nearshore|sheephead,L1,2026-09-18,kelp_nearshore,sheephead,13,372.0,202.6,32.0,0.0,32.0,0.1579,0.14,1.128,73.2,Good,1.0,True,final,0,2026-10-04T06:18:35Z,15,2026-09-18,San Diego Fish Reports dock totals,13,backfilled
L1|2026-09-18|kelp_nearshore|white_seabass,L1,2026-09-18,kelp_nearshore,white_seabass,13,372.0,202.6,0.0,0.0,0.0,0.0,0.5,,,,,True,no_reference,0,2026-10-04T06:18:35Z,15,2026-09-18,San Diego Fish Reports dock totals,13,backfilled;reference_default;sparse_species
L1|2026-09-18|kelp_nearshore|yellowtail,L1,2026-09-18,kelp_nearshore,yellowtail,13,372.0,202.6,26.0,0.0,26.0,0.1283,0.1053,1.219,75.4,Very Good,1.0,True,final,0,2026-10-04T06:18:35Z,15,2026-09-18,San Diego Fish Reports dock totals,13,backfilled
L1|2026-09-18|offshore_banks|barracuda,L1,2026-09-18,offshore_banks,barracuda,12,267.0,327.0,0.0,0.0,0.0,0.0,0.5,,,,,True,no_reference,0,2026-10-04T06:18:35Z,15,2026-09-18,San Diego Fish Reports dock totals,12,overnight_destination_uncertain;backfilled;reference_default
L1|2026-09-18|offshore_banks|bluefin_tuna,L1,2026-09-18,offshore_banks,bluefin_tuna,12,267.0,327.0,0.0,0.0,0.0,0.0,0.0042,,,,,True,no_reference,0,2026-10-04T06:18:35Z,15,2026-09-18,San Diego Fish Reports dock totals,12,overnight_destination_uncertain;backfilled;reference_species_fallback
L1|2026-09-18|offshore_banks|bonito,L1,2026-09-18,offshore_banks,bonito,12,267.0,327.0,0.0,0.0,0.0,0.0,0.0297,0.0,0.0,Poor,0.0,True,final,0,2026-10-04T06:18:35Z,15,2026-09-18,San Diego Fish Reports dock totals,12,overnight_destination_uncertain;backfilled;effort_adjusted_zero
L1|2026-09-18|offshore_banks|dorado,L1,2026-09-18,offshore_banks,dorado,12,267.0,327.0,271.0,0.0,271.0,0.8287,0.068,12.187,100.0,Excellent,1.0,True,final,0,2026-10-04T06:18:35Z,15,2026-09-18,San Diego Fish Reports dock totals,12,overnight_destination_uncertain;backfilled
L1|2026-09-18|offshore_banks|rockfish,L1,2026-09-18,offshore_banks,rockfish,12,267.0,327.0,0.0,0.0,0.0,0.0,0.0499,,,,,True,no_reference,0,2026-10-04T06:18:35Z,15,2026-09-18,San Diego Fish Reports dock totals,12,overnight_destination_uncertain;backfilled;reference_species_fallback
L1|2026-09-18|offshore_banks|sheephead,L1,2026-09-18,offshore_banks,sheephead,12,267.0,327.0,0.0,0.0,0.0,0.0,0.5,,,,,True,no_reference,0,2026-10-04T06:18:35Z,15,2026-09-18,San Diego Fish Reports dock totals,12,overnight_destination_uncertain;backfilled;reference_default
L1|2026-09-18|offshore_banks|white_seabass,L1,2026-09-18,offshore_banks,white_seabass,12,267.0,327.0,0.0,0.0,0.0,0.0,0.5,,,,,True,no_reference,0,2026-10-04T06:18:35Z,15,2026-09-18,San Diego Fish Reports dock totals,12,overnight_destination_uncertain;backfilled;reference_default;sparse_species
L1|2026-09-18|offshore_banks|yellowfin_tuna,L1,2026-09-18,offshore_banks,yellowfin_tuna,12,267.0,327.0,1032.0,100.0,1132.0,3.4618,1.0526,3.289,96.4,Excellent,1.0,True,final,0,2026-10-04T06:18:35Z,15,2026-09-18,San Diego Fish Reports dock totals,12,overnight_destination_uncertain;backfilled
L1|2026-09-18|offshore_banks|yellowtail,L1,2026-09-18,offshore_banks,yellowtail,12,267.0,327.0,63.0,0.0,63.0,0.1927,0.3983,0.484,53.4,Fair,0.0,True,final,0,2026-10-04T06:18:35Z,15,2026-09-18,San Diego Fish Reports dock totals,12,overnight_destination_uncertain;backfilled
L1|2026-09-19|extended_offshore|bluefin_tuna,L1,2026-09-19,extended_offshore,bluefin_tuna,8,77.0,165.8,0.0,0.0,0.0,0.0,0.0233,0.0,0.0,Poor,0.0,True,final,1,2026-10-04T06:18:39Z,14,2026-09-19;2026-09-20,San Diego Fish Reports dock totals,8,backfilled;multi_day_split;effort_adjusted_zero
L1|2026-09-19|extended_offshore|bonito,L1,2026-09-19,extended_offshore,bonito,8,77.0,165.8,0.0,0.0,0.0,0.0,0.0623,,,,,True,no_reference,1,2026-10-04T06:18:39Z,14,2026-09-19;2026-09-20,San Diego Fish Reports dock totals,8,backfilled;multi_day_split;reference_species_fallback
L1|2026-09-19|extended_offshore|dorado,L1,2026-09-19,extended_offshore,dorado,8,77.0,165.8,139.0,0.0,139.0,0.8386,0.1053,7.964,100.0,Excellent,1.0,True,final,1,2026-10-04T06:18:39Z,14,2026-09-19;2026-09-20,San Diego Fish Reports dock totals,8,backfilled;multi_day_split
L1|2026-09-19|extended_offshore|rockfish,L1,2026-09-19,extended_offshore,rockfish,8,77.0,165.8,0.0,0.0,0.0,0.0,0.0499,0.0,0.0,Poor,0.0,True,final,1,2026-10-04T06:18:39Z,14,2026-09-19;2026-09-20,San Diego Fish Reports dock totals,8,backfilled;multi_day_split;effort_adjusted_zero
L1|2026-09-19|extended_offshore|sheephead,L1,2026-09-19,extended_offshore,sheephead,8,77.0,165.8,0.0,0.0,0.0,0.0,0.5,,,,,True,no_reference,1,2026-10-04T06:18:39Z,14,2026-09-19;2026-09-20,San Diego Fish Reports dock totals,8,backfilled;multi_day_split;reference_default
L1|2026-09-19|extended_offshore|white_seabass,L1,2026-09-19,extended_offshore,white_seabass,8,77.0,165.8,0.0,0.0,0.0,0.0,0.5,,,,,True,no_reference,1,2026-10-04T06:18:39Z,14,2026-09-19;2026-09-20,San Diego Fish Reports dock totals,8,backfilled;multi_day_split;reference_default;sparse_species
L1|2026-09-19|extended_offshore|yellowfin_tuna,L1,2026-09-19,extended_offshore,yellowfin_tuna,8,77.0,165.8,313.5,10.0,323.5,1.9517,0.1359,14.362,100.0,Excellent,1.0,True,final,1,2026-10-04T06:18:39Z,14,2026-09-19;2026-09-20,San Diego Fish Reports dock totals,8,backfilled;multi_day_split
L1|2026-09-19|extended_offshore|yellowtail,L1,2026-09-19,extended_offshore,yellowtail,8,77.0,165.8,20.0,0.0,20.0,0.1207,0.9301,0.13,20.8,Poor,0.0,True,final,1,2026-10-04T06:18:39Z,14,2026-09-19;2026-09-20,San Diego Fish Reports dock totals,8,backfilled;multi_day_split
L1|2026-09-19|kelp_nearshore|barracuda,L1,2026-09-19,kelp_nearshore,barracuda,7,261.0,125.6,0.0,0.0,0.0,0.0,0.0421,0.0,0.0,Poor,0.0,True,final,0,2026-10-04T06:18:37Z,14,2026-09-19,San Diego Fish Reports dock totals,7,backfilled;effort_adjusted_zero
L1|2026-09-19|kelp_nearshore|bonito,L1,2026-09-19,kelp_nearshore,bonito,7,261.0,125.6,195.0,0.0,195.0,1.5525,0.7162,2.168,90.8,Excellent,1.0,True,final,0,2026-10-04T06:18:37Z,14,2026-09-19,San Diego Fish Reports dock totals,7,backfilled
L1|2026-09-19|kelp_nearshore|calico_bass,L1,2026-09-19,kelp_nearshore,calico_bass,7,261.0,125.6,207.0,220.0,427.0,3.3997,1.7014,1.998,90.0,Excellent,1.0,True,final,0,2026-10-04T06:18:37Z,14,2026-09-19,San Diego Fish Reports dock totals,7,backfilled
L1|2026-09-19|kelp_nearshore|california_halibut,L1,2026-09-19,kelp_nearshore,california_halibut,7,261.0,125.6,0.0,0.0,0.0,0.0,0.5,,,,,True,no_reference,0,2026-10-04T06:18:37Z,14,2026-09-19,San Diego Fish Reports dock totals,7,backfilled;reference_default;sparse_species
L1|2026-09-19|kelp_nearshore|rockfish,L1,2026-09-19,kelp_nearshore,rockfish,7,261.0,125.6,36.0,0.0,36.0,0.2866,0.9295,0.308,43.3,Fair,0.0,True,final,0,2026-10-04T06:18:37Z,14,2026-09-19,San Diego Fish Reports dock totals,7,backfilled
L1|2026-09-19|kelp_nearshore|sand_bass,L1,2026-09-19,kelp_nearshore,sand_bass,7,261.0,125.6,56.0,0.0,56.0,0.4459,0.3533,1.262,76.2,Very Good,1.0,True,final,0,2026-10-04T06:18:37Z,14,2026-09-19,San Diego Fish Reports dock totals,7,backfilled
L1|2026-09-19|kelp_nearshore|sheephead,L1,2026-09-19,kelp_nearshore,sheephead,7,261.0,125.6,18.0,0.0,18.0,0.1433,0.14,1.024,70.6,Good,1.0,True,final,0,2026-10-04T06:18:37Z,14,2026-09-19,San Diego Fish Reports dock totals,7,backfilled
L1|2026-09-19|kelp_nearshore|white_seabass,L1,2026-09-19,kelp_nearshore,white_seabass,7,261.0,125.6,0.0,0.0,0.0,0.0,0.5,,,,,True,no_reference,0,2026-10-04T06:18:37Z,14,2026-09-19,San Diego Fish Reports dock totals,7,backfilled;reference_default;sparse_species
L1|2026-09-19|kelp_nearshore|yellowtail,L1,2026-09-19,kelp_nearshore,yellowtail,7,261.0,125.6,17.0,0.0,17.0,0.1354,0.1053,1.285,76.6,Very Good,1.0,True,final,0,2026-10-04T06:18:37Z,14,2026-09-19,San Diego Fish Reports dock totals,7,backfilled
L1|2026-09-19|offshore_banks|barracuda,L1,2026-09-19,offshore_banks,barracuda,8,157.0,157.0,0.0,0.0,0.0,0.0,0.5,,,,,True,no_reference,0,2026-10-04T06:18:37Z,14,2026-09-19,San Diego Fish Reports dock totals,8,overnight_destination_uncertain;backfilled;reference_default
L1|2026-09-19|offshore_banks|bluefin_tuna,L1,2026-09-19,offshore_banks,bluefin_tuna,8,157.0,157.0,0.0,0.0,0.0,0.0,0.0042,,,,,True,no_reference,0,2026-10-04T06:18:37Z,14,2026-09-19,San Diego Fish Reports dock totals,8,overnight_destination_uncertain;backfilled;reference_species_fallback
L1|2026-09-19|offshore_banks|bonito,L1,2026-09-19,offshore_banks,bonito,8,157.0,157.0,0.0,0.0,0.0,0.0,0.0297,0.0,0.0,Poor,0.0,True,final,0,2026-10-04T06:18:37Z,14,2026-09-19,San Diego Fish Reports dock totals,8,overnight_destination_uncertain;backfilled;effort_adjusted_zero
L1|2026-09-19|offshore_banks|dorado,L1,2026-09-19,offshore_banks,dorado,8,157.0,157.0,51.0,0.0,51.0,0.3248,0.068,4.777,100.0,Excellent,1.0,True,final,0,2026-10-04T06:18:37Z,14,2026-09-19,San Diego Fish Reports dock totals,8,overnight_destination_uncertain;backfilled
L1|2026-09-19|offshore_banks|rockfish,L1,2026-09-19,offshore_banks,rockfish,8,157.0,157.0,0.0,0.0,0.0,0.0,0.0499,,,,,True,no_reference,0,2026-10-04T06:18:37Z,14,2026-09-19,San Diego Fish Reports dock totals,8,overnight_destination_uncertain;backfilled;reference_species_fallback
L1|2026-09-19|offshore_banks|sheephead,L1,2026-09-19,offshore_banks,sheephead,8,157.0,157.0,0.0,0.0,0.0,0.0,0.5,,,,,True,no_reference,0,2026-10-04T06:18:37Z,14,2026-09-19,San Diego Fish Reports dock totals,8,overnight_destination_uncertain;backfilled;reference_default
L1|2026-09-19|offshore_banks|white_seabass,L1,2026-09-19,offshore_banks,white_seabass,8,157.0,157.0,0.0,0.0,0.0,0.0,0.5,,,,,True,no_reference,0,2026-10-04T06:18:37Z,14,2026-09-19,San Diego Fish Reports dock totals,8,overnight_destination_uncertain;backfilled;reference_default;sparse_species
L1|2026-09-19|offshore_banks|yellowfin_tuna,L1,2026-09-19,offshore_banks,yellowfin_tuna,8,157.0,157.0,679.0,0.0,679.0,4.3248,1.0526,4.109,100.0,Excellent,1.0,True,final,0,2026-10-04T06:18:37Z,14,2026-09-19,San Diego Fish Reports dock totals,8,overnight_destination_uncertain;backfilled
L1|2026-09-19|offshore_banks|yellowtail,L1,2026-09-19,offshore_banks,yellowtail,8,157.0,157.0,77.0,0.0,77.0,0.4904,0.3983,1.231,75.6,Very Good,1.0,True,final,0,2026-10-04T06:18:37Z,14,2026-09-19,San Diego Fish Reports dock totals,8,overnight_destination_uncertain;backfilled
L1|2026-09-20|extended_offshore|bluefin_tuna,L1,2026-09-20,extended_offshore,bluefin_tuna,10,99.0,220.8,0.0,0.0,0.0,0.0,0.0233,0.0,0.0,Poor,0.0,True,final,1,2026-10-04T06:18:41Z,13,2026-09-20;2026-09-21,San Diego Fish Reports dock totals,10,backfilled;multi_day_split;effort_adjusted_zero
L1|2026-09-20|extended_offshore|bonito,L1,2026-09-20,extended_offshore,bonito,10,99.0,220.8,0.0,0.0,0.0,0.0,0.0623,,,,,True,no_reference,1,2026-10-04T06:18:41Z,13,2026-09-20;2026-09-21,San Diego Fish Reports dock totals,10,backfilled;multi_day_split;reference_species_fallback
L1|2026-09-20|extended_offshore|dorado,L1,2026-09-20,extended_offshore,dorado,10,99.0,220.8,237.5,0.0,237.5,1.0759,0.1053,10.217,100.0,Excellent,1.0,True,final,1,2026-10-04T06:18:41Z,13,2026-09-20;2026-09-21,San Diego Fish Reports dock totals,10,backfilled;multi_day_split
L1|2026-09-20|extended_offshore|rockfish,L1,2026-09-20,extended_offshore,rockfish,10,99.0,220.8,0.0,0.0,0.0,0.0,0.0499,0.0,0.0,Poor,0.0,True,final,1,2026-10-04T06:18:41Z,13,2026-09-20;2026-09-21,San Diego Fish Reports dock totals,10,backfilled;multi_day_split;effort_adjusted_zero
L1|2026-09-20|extended_offshore|sheephead,L1,2026-09-20,extended_offshore,sheephead,10,99.0,220.8,0.0,0.0,0.0,0.0,0.5,,,,,True,no_reference,1,2026-10-04T06:18:41Z,13,2026-09-20;2026-09-21,San Diego Fish Reports dock totals,10,backfilled;multi_day_split;reference_default
L1|2026-09-20|extended_offshore|white_seabass,L1,2026-09-20,extended_offshore,white_seabass,10,99.0,220.8,0.0,0.0,0.0,0.0,0.5,,,,,True,no_reference,1,2026-10-04T06:18:41Z,13,2026-09-20;2026-09-21,San Diego Fish Reports dock totals,10,backfilled;multi_day_split;reference_default;sparse_species
L1|2026-09-20|extended_offshore|yellowfin_tuna,L1,2026-09-20,extended_offshore,yellowfin_tuna,10,99.0,220.8,454.0,10.0,464.0,2.1019,0.1359,15.467,100.0,Excellent,1.0,True,final,1,2026-10-04T06:18:41Z,13,2026-09-20;2026-09-21,San Diego Fish Reports dock totals,10,backfilled;multi_day_split
L1|2026-09-20|extended_offshore|yellowtail,L1,2026-09-20,extended_offshore,yellowtail,10,99.0,220.8,28.5,0.0,28.5,0.1291,0.9301,0.139,22.2,Poor,0.0,True,final,1,2026-10-04T06:18:41Z,13,2026-09-20;2026-09-21,San Diego Fish Reports dock totals,10,backfilled;multi_day_split
L1|2026-09-20|kelp_nearshore|barracuda,L1,2026-09-20,kelp_nearshore,barracuda,13,519.0,284.0,53.0,0.0,53.0,0.1866,0.0421,4.433,100.0,Excellent,1.0,True,final,0,2026-10-04T06:18:39Z,13,2026-09-20,San Diego Fish Reports dock totals,13,backfilled
L1|2026-09-20|kelp_nearshore|bonito,L1,2026-09-20,kelp_nearshore,bonito,13,519.0,284.0,466.0,0.0,466.0,1.6408,0.7162,2.291,91.5,Excellent,1.0,True,final,0,2026-10-04T06:18:39Z,13,2026-09-20,San Diego Fish Reports dock totals,13,backfilled
L1|2026-09-20|kelp_nearshore|calico_bass,L1,2026-09-20,kelp_nearshore,calico_bass,13,519.0,284.0,255.0,268.0,523.0,1.8415,1.7014,1.082,72.1,Good,1.0,True,final,0,2026-10-04T06:18:39Z,13,2026-09-20,San Diego Fish Reports dock totals,13,backfilled
L1|2026-09-20|kelp_nearshore|california_halibut,L1,2026-09-20,kelp_nearshore,california_halibut,13,519.0,284.0,3.0,0.0,3.0,0.0106,0.5,,,,,True,no_reference,0,2026-10-04T06:18:39Z,13,2026-09-20,San Diego Fish Reports dock totals,13,backfilled;reference_default;sparse_species
L1|2026-09-20|kelp_nearshore|rockfish,L1,2026-09-20,kelp_nearshore,rockfish,13,519.0,284.0,71.0,0.0,71.0,0.25,0.9295,0.269,41.1,Fair,0.0,True,final,0,2026-10-04T06:18:39Z,13,2026-09-20,San Diego Fish Reports dock totals,13,backfilled
L1|2026-09-20|kelp_nearshore|sand_bass,L1,2026-09-20,kelp_nearshore,sand_bass,13,519.0,284.0,224.0,35.0,259.0,0.912,0.3533,2.581,92.9,Excellent,1.0,True,final,0,2026-10-04T06:18:39Z,13,2026-09-20,San Diego Fish Reports dock totals,13,backfilled
L1|2026-09-20|kelp_nearshore|sheephead,L1,2026-09-20,kelp_nearshore,sheephead,13,519.0,284.0,40.0,0.0,40.0,0.1408,0.14,1.006,70.2,Good,1.0,True,final,0,2026-10-04T06:18:39Z,13,2026-09-20,San Diego Fish Reports dock totals,13,backfilled
L1|2026-09-20|kelp_nearshore|white_seabass,L1,2026-09-20,kelp_nearshore,white_seabass,13,519.0,284.0,0.0,0.0,0.0,0.0,0.5,,,,,True,no_reference,0,2026-10-04T06:18:39Z,13,2026-09-20,San Diego Fish Reports dock totals,13,backfilled;reference_default;sparse_species
L1|2026-09-20|kelp_nearshore|yellowtail,L1,2026-09-20,kelp_nearshore,yellowtail,13,519.0,284.0,21.0,0.0,21.0,0.0739,0.1053,0.702,62.6,Good,1.0,True,final,0,2026-10-04T06:18:39Z,13,2026-09-20,San Diego Fish Reports dock totals,13,backfilled
L1|2026-09-20|offshore_banks|barracuda,L1,2026-09-20,offshore_banks,barracuda,11,263.0,308.5,0.0,0.0,0.0,0.0,0.5,,,,,True,no_reference,0,2026-10-04T06:18:39Z,13,2026-09-20,San Diego Fish Reports dock totals,11,overnight_destination_uncertain;backfilled;reference_default
L1|2026-09-20|offshore_banks|bluefin_tuna,L1,2026-09-20,offshore_banks,bluefin_tuna,11,263.0,308.5,0.0,0.0,0.0,0.0,0.0042,,,,,True,no_reference,0,2026-10-04T06:18:39Z,13,2026-09-20,San Diego Fish Reports dock totals,11,overnight_destination_uncertain;backfilled;reference_species_fallback
L1|2026-09-20|offshore_banks|bonito,L1,2026-09-20,offshore_banks,bonito,11,263.0,308.5,12.0,0.0,12.0,0.0389,0.0297,1.31,77.1,Very Good,1.0,True,final,0,2026-10-04T06:18:39Z,13,2026-09-20,San Diego Fish Reports dock totals,11,overnight_destination_uncertain;backfilled
L1|2026-09-20|offshore_banks|dorado,L1,2026-09-20,offshore_banks,dorado,11,263.0,308.5,169.0,0.0,169.0,0.5478,0.068,8.056,100.0,Excellent,1.0,True,final,0,2026-10-04T06:18:39Z,13,2026-09-20,San Diego Fish Reports dock totals,11,overnight_destination_uncertain;backfilled
L1|2026-09-20|offshore_banks|rockfish,L1,2026-09-20,offshore_banks,rockfish,11,263.0,308.5,0.0,0.0,0.0,0.0,0.0499,,,,,True,no_reference,0,2026-10-04T06:18:39Z,13,2026-09-20,San Diego Fish Reports dock totals,11,overnight_destination_uncertain;backfilled;reference_species_fallback
L1|2026-09-20|offshore_banks|sheephead,L1,2026-09-20,offshore_banks,sheephead,11,263.0,308.5,0.0,0.0,0.0,0.0,0.5,,,,,True,no_reference,0,2026-10-04T06:18:39Z,13,2026-09-20,San Diego Fish Reports dock totals,11,overnight_destination_uncertain;backfilled;reference_default
L1|2026-09-20|offshore_banks|white_seabass,L1,2026-09-20,offshore_banks,white_seabass,11,263.0,308.5,0.0,0.0,0.0,0.0,0.5,,,,,True,no_reference,0,2026-10-04T06:18:39Z,13,2026-09-20,San Diego Fish Reports dock totals,11,overnight_destination_uncertain;backfilled;reference_default;sparse_species
L1|2026-09-20|offshore_banks|yellowfin_tuna,L1,2026-09-20,offshore_banks,yellowfin_tuna,11,263.0,308.5,960.0,0.0,960.0,3.1118,1.0526,2.956,94.8,Excellent,1.0,True,final,0,2026-10-04T06:18:39Z,13,2026-09-20,San Diego Fish Reports dock totals,11,overnight_destination_uncertain;backfilled
L1|2026-09-20|offshore_banks|yellowtail,L1,2026-09-20,offshore_banks,yellowtail,11,263.0,308.5,29.0,0.0,29.0,0.094,0.3983,0.236,37.8,Poor,0.0,True,final,0,2026-10-04T06:18:39Z,13,2026-09-20,San Diego Fish Reports dock totals,11,overnight_destination_uncertain;backfilled
L1|2026-09-21|extended_offshore|bluefin_tuna,L1,2026-09-21,extended_offshore,bluefin_tuna,8,68.5,151.0,0.0,0.0,0.0,0.0,0.0233,0.0,0.0,Poor,0.0,True,final,1,2026-10-04T06:18:43Z,12,2026-09-21;2026-09-22,San Diego Fish Reports dock totals,8,backfilled;multi_day_split;effort_adjusted_zero
L1|2026-09-21|extended_offshore|bonito,L1,2026-09-21,extended_offshore,bonito,8,68.5,151.0,0.0,0.0,0.0,0.0,0.0623,,,,,True,no_reference,1,2026-10-04T06:18:43Z,12,2026-09-21;2026-09-22,San Diego Fish Reports dock totals,8,backfilled;multi_day_split;reference_species_fallback
L1|2026-09-21|extended_offshore|dorado,L1,2026-09-21,extended_offshore,dorado,8,68.5,151.0,221.0,0.0,221.0,1.4636,0.1053,13.899,100.0,Excellent,1.0,True,final,1,2026-10-04T06:18:43Z,12,2026-09-21;2026-09-22,San Diego Fish Reports dock totals,8,backfilled;multi_day_split
L1|2026-09-21|extended_offshore|rockfish,L1,2026-09-21,extended_offshore,rockfish,8,68.5,151.0,0.0,0.0,0.0,0.0,0.0499,0.0,0.0,Poor,0.0,True,final,1,2026-10-04T06:18:43Z,12,2026-09-21;2026-09-22,San Diego Fish Reports dock totals,8,backfilled;multi_day_split;effort_adjusted_zero
L1|2026-09-21|extended_offshore|sheephead,L1,2026-09-21,extended_offshore,sheephead,8,68.5,151.0,0.0,0.0,0.0,0.0,0.5,,,,,True,no_reference,1,2026-10-04T06:18:43Z,12,2026-09-21;2026-09-22,San Diego Fish Reports dock totals,8,backfilled;multi_day_split;reference_default
L1|2026-09-21|extended_offshore|white_seabass,L1,2026-09-21,extended_offshore,white_seabass,8,68.5,151.0,0.0,0.0,0.0,0.0,0.5,,,,,True,no_reference,1,2026-10-04T06:18:43Z,12,2026-09-21;2026-09-22,San Diego Fish Reports dock totals,8,backfilled;multi_day_split;reference_default;sparse_species
L1|2026-09-21|extended_offshore|yellowfin_tuna,L1,2026-09-21,extended_offshore,yellowfin_tuna,8,68.5,151.0,295.5,0.0,295.5,1.957,0.1359,14.4,100.0,Excellent,1.0,True,final,1,2026-10-04T06:18:43Z,12,2026-09-21;2026-09-22,San Diego Fish Reports dock totals,8,backfilled;multi_day_split
L1|2026-09-21|extended_offshore|yellowtail,L1,2026-09-21,extended_offshore,yellowtail,8,68.5,151.0,12.0,0.0,12.0,0.0795,0.9301,0.085,13.7,Poor,0.0,True,final,1,2026-10-04T06:18:43Z,12,2026-09-21;2026-09-22,San Diego Fish Reports dock totals,8,backfilled;multi_day_split
L1|2026-09-21|kelp_nearshore|barracuda,L1,2026-09-21,kelp_nearshore,barracuda,5,164.0,88.0,17.0,0.0,17.0,0.1932,0.0421,4.589,100.0,Excellent,1.0,True,final,0,2026-10-04T06:18:41Z,12,2026-09-21,San Diego Fish Reports dock totals,5,backfilled;low_effort
L1|2026-09-21|kelp_nearshore|bonito,L1,2026-09-21,kelp_nearshore,bonito,5,164.0,88.0,229.0,0.0,229.0,2.6023,0.7162,3.633,98.2,Excellent,1.0,True,final,0,2026-10-04T06:18:41Z,12,2026-09-21,San Diego Fish Reports dock totals,5,backfilled;low_effort
L1|2026-09-21|kelp_nearshore|calico_bass,L1,2026-09-21,kelp_nearshore,calico_bass,5,164.0,88.0,90.0,130.0,220.0,2.5,1.7014,1.469,80.1,Very Good,1.0,True,final,0,2026-10-04T06:18:41Z,12,2026-09-21,San Diego Fish Reports dock totals,5,backfilled;low_effort
L1|2026-09-21|kelp_nearshore|california_halibut,L1,2026-09-21,kelp_nearshore,california_halibut,5,164.0,88.0,0.0,0.0,0.0,0.0,0.5,,,,,True,no_reference,0,2026-10-04T06:18:41Z,12,2026-09-21,San Diego Fish Reports dock totals,5,backfilled;reference_default;sparse_species;low_effort
L1|2026-09-21|kelp_nearshore|rockfish,L1,2026-09-21,kelp_nearshore,rockfish,5,164.0,88.0,33.0,0.0,33.0,0.375,0.9295,0.403,48.8,Fair,0.0,True,final,0,2026-10-04T06:18:41Z,12,2026-09-21,San Diego Fish Reports dock totals,5,backfilled;low_effort
L1|2026-09-21|kelp_nearshore|sand_bass,L1,2026-09-21,kelp_nearshore,sand_bass,5,164.0,88.0,67.0,10.0,77.0,0.875,0.3533,2.477,92.4,Excellent,1.0,True,final,0,2026-10-04T06:18:41Z,12,2026-09-21,San Diego Fish Reports dock totals,5,backfilled;low_effort
L1|2026-09-21|kelp_nearshore|sheephead,L1,2026-09-21,kelp_nearshore,sheephead,5,164.0,88.0,30.0,0.0,30.0,0.3409,0.14,2.435,92.2,Excellent,1.0,True,final,0,2026-10-04T06:18:41Z,12,2026-09-21,San Diego Fish Reports dock totals,5,backfilled;low_effort
L1|2026-09-21|kelp_nearshore|white_seabass,L1,2026-09-21,kelp_nearshore,white_seabass,5,164.0,88.0,2.0,0.0,2.0,0.0227,0.5,,,,,True,no_reference,0,2026-10-04T06:18:41Z,12,2026-09-21,San Diego Fish Reports dock totals,5,backfilled;reference_default;sparse_species;low_effort
L1|2026-09-21|kelp_nearshore|yellowtail,L1,2026-09-21,kelp_nearshore,yellowtail,5,164.0,88.0,9.0,0.0,9.0,0.1023,0.1053,0.971,69.3,Good,1.0,True,final,0,2026-10-04T06:18:41Z,12,2026-09-21,San Diego Fish Reports dock totals,5,backfilled;low_effort
L1|2026-09-21|offshore_banks|barracuda,L1,2026-09-21,offshore_banks,barracuda,7,191.0,200.5,0.0,0.0,0.0,0.0,0.5,,,,,True,no_reference,0,2026-10-04T06:18:41Z,12,2026-09-21,San Diego Fish Reports dock totals,7,overnight_destination_uncertain;backfilled;reference_default
L1|2026-09-21|offshore_banks|bluefin_tuna,L1,2026-09-21,offshore_banks,bluefin_tuna,7,191.0,200.5,0.0,0.0,0.0,0.0,0.0042,,,,,True,no_reference,0,2026-10-04T06:18:41Z,12,2026-09-21,San Diego Fish Reports dock totals,7,overnight_destination_uncertain;backfilled;reference_species_fallback
L1|2026-09-21|offshore_banks|bonito,L1,2026-09-21,offshore_banks,bonito,7,191.0,200.5,0.0,0.0,0.0,0.0,0.0297,0.0,0.0,Poor,0.0,True,final,0,2026-10-04T06:18:41Z,12,2026-09-21,San Diego Fish Reports dock totals,7,overnight_destination_uncertain;backfilled;effort_adjusted_zero
L1|2026-09-21|offshore_banks|dorado,L1,2026-09-21,offshore_banks,dorado,7,191.0,200.5,92.0,0.0,92.0,0.4589,0.068,6.748,100.0,Excellent,1.0,True,final,0,2026-10-04T06:18:41Z,12,2026-09-21,San Diego Fish Reports dock totals,7,overnight_destination_uncertain;backfilled
L1|2026-09-21|offshore_banks|rockfish,L1,2026-09-21,offshore_banks,rockfish,7,191.0,200.5,0.0,0.0,0.0,0.0,0.0499,,,,,True,no_reference,0,2026-10-04T06:18:41Z,12,2026-09-21,San Diego Fish Reports dock totals,7,overnight_destination_uncertain;backfilled;reference_species_fallback
L1|2026-09-21|offshore_banks|sheephead,L1,2026-09-21,offshore_banks,sheephead,7,191.0,200.5,0.0,0.0,0.0,0.0,0.5,,,,,True,no_reference,0,2026-10-04T06:18:41Z,12,2026-09-21,San Diego Fish Reports dock totals,7,overnight_destination_uncertain;backfilled;reference_default
L1|2026-09-21|offshore_banks|white_seabass,L1,2026-09-21,offshore_banks,white_seabass,7,191.0,200.5,0.0,0.0,0.0,0.0,0.5,,,,,True,no_reference,0,2026-10-04T06:18:41Z,12,2026-09-21,San Diego Fish Reports dock totals,7,overnight_destination_uncertain;backfilled;reference_default;sparse_species
L1|2026-09-21|offshore_banks|yellowfin_tuna,L1,2026-09-21,offshore_banks,yellowfin_tuna,7,191.0,200.5,899.0,0.0,899.0,4.4838,1.0526,4.26,100.0,Excellent,1.0,True,final,0,2026-10-04T06:18:41Z,12,2026-09-21,San Diego Fish Reports dock totals,7,overnight_destination_uncertain;backfilled
L1|2026-09-21|offshore_banks|yellowtail,L1,2026-09-21,offshore_banks,yellowtail,7,191.0,200.5,1.0,0.0,1.0,0.005,0.3983,0.013,2.0,Poor,0.0,True,final,0,2026-10-04T06:18:41Z,12,2026-09-21,San Diego Fish Reports dock totals,7,overnight_destination_uncertain;backfilled
L1|2026-09-22|extended_offshore|bluefin_tuna,L1,2026-09-22,extended_offshore,bluefin_tuna,9,88.5,188.0,0.0,0.0,0.0,0.0,0.0233,0.0,0.0,Poor,0.0,True,final,1,2026-10-04T06:18:45Z,11,2026-09-22;2026-09-23,San Diego Fish Reports dock totals,9,backfilled;multi_day_split;effort_adjusted_zero
L1|2026-09-22|extended_offshore|bonito,L1,2026-09-22,extended_offshore,bonito,9,88.5,188.0,0.0,0.0,0.0,0.0,0.0623,,,,,True,no_reference,1,2026-10-04T06:18:45Z,11,2026-09-22;2026-09-23,San Diego Fish Reports dock totals,9,backfilled;multi_day_split;reference_species_fallback
L1|2026-09-22|extended_offshore|dorado,L1,2026-09-22,extended_offshore,dorado,9,88.5,188.0,152.0,0.0,152.0,0.8085,0.1053,7.678,100.0,Excellent,1.0,True,final,1,2026-10-04T06:18:45Z,11,2026-09-22;2026-09-23,San Diego Fish Reports dock totals,9,backfilled;multi_day_split
L1|2026-09-22|extended_offshore|rockfish,L1,2026-09-22,extended_offshore,rockfish,9,88.5,188.0,0.0,0.0,0.0,0.0,0.0499,0.0,0.0,Poor,0.0,True,final,1,2026-10-04T06:18:45Z,11,2026-09-22;2026-09-23,San Diego Fish Reports dock totals,9,backfilled;multi_day_split;effort_adjusted_zero
L1|2026-09-22|extended_offshore|sheephead,L1,2026-09-22,extended_offshore,sheephead,9,88.5,188.0,0.0,0.0,0.0,0.0,0.5,,,,,True,no_reference,1,2026-10-04T06:18:45Z,11,2026-09-22;2026-09-23,San Diego Fish Reports dock totals,9,backfilled;multi_day_split;reference_default
L1|2026-09-22|extended_offshore|white_seabass,L1,2026-09-22,extended_offshore,white_seabass,9,88.5,188.0,0.0,0.0,0.0,0.0,0.5,,,,,True,no_reference,1,2026-10-04T06:18:45Z,11,2026-09-22;2026-09-23,San Diego Fish Reports dock totals,9,backfilled;multi_day_split;reference_default;sparse_species
L1|2026-09-22|extended_offshore|yellowfin_tuna,L1,2026-09-22,extended_offshore,yellowfin_tuna,9,88.5,188.0,260.5,0.0,260.5,1.3856,0.1359,10.196,100.0,Excellent,1.0,True,final,1,2026-10-04T06:18:45Z,11,2026-09-22;2026-09-23,San Diego Fish Reports dock totals,9,backfilled;multi_day_split
L1|2026-09-22|extended_offshore|yellowtail,L1,2026-09-22,extended_offshore,yellowtail,9,88.5,188.0,8.5,0.0,8.5,0.0452,0.9301,0.049,7.8,Poor,0.0,True,final,1,2026-10-04T06:18:45Z,11,2026-09-22;2026-09-23,San Diego Fish Reports dock totals,9,backfilled;multi_day_split
L1|2026-09-22|kelp_nearshore|barracuda,L1,2026-09-22,kelp_nearshore,barracuda,7,166.0,83.0,4.0,0.0,4.0,0.0482,0.0421,1.145,73.6,Good,1.0,True,final,0,2026-10-04T06:18:43Z,11,2026-09-22,San Diego Fish Reports dock totals,7,backfilled;low_effort
L1|2026-09-22|kelp_nearshore|bonito,L1,2026-09-22,kelp_nearshore,bonito,7,166.0,83.0,187.0,0.0,187.0,2.253,0.7162,3.146,95.7,Excellent,1.0,True,final,0,2026-10-04T06:18:43Z,11,2026-09-22,San Diego Fish Reports dock totals,7,backfilled;low_effort
L1|2026-09-22|kelp_nearshore|calico_bass,L1,2026-09-22,kelp_nearshore,calico_bass,7,166.0,83.0,187.0,280.0,467.0,5.6265,1.7014,3.307,96.5,Excellent,1.0,True,final,0,2026-10-04T06:18:43Z,11,2026-09-22,San Diego Fish Reports dock totals,7,backfilled;low_effort
L1|2026-09-22|kelp_nearshore|california_halibut,L1,2026-09-22,kelp_nearshore,california_halibut,7,166.0,83.0,1.0,0.0,1.0,0.012,0.5,,,,,True,no_reference,0,2026-10-04T06:18:43Z,11,2026-09-22,San Diego Fish Reports dock totals,7,backfilled;reference_default;sparse_species;low_effort
L1|2026-09-22|kelp_nearshore|rockfish,L1,2026-09-22,kelp_nearshore,rockfish,7,166.0,83.0,20.0,0.0,20.0,0.241,0.9295,0.259,40.5,Fair,0.0,True,final,0,2026-10-04T06:18:43Z,11,2026-09-22,San Diego Fish Reports dock totals,7,backfilled;low_effort
L1|2026-09-22|kelp_nearshore|sand_bass,L1,2026-09-22,kelp_nearshore,sand_bass,7,166.0,83.0,24.0,0.0,24.0,0.2892,0.3533,0.818,65.5,Good,1.0,True,final,0,2026-10-04T06:18:43Z,11,2026-09-22,San Diego Fish Reports dock totals,7,backfilled;low_effort
L1|2026-09-22|kelp_nearshore|sheephead,L1,2026-09-22,kelp_nearshore,sheephead,7,166.0,83.0,19.0,0.0,19.0,0.2289,0.14,1.635,83.2,Very Good,1.0,True,final,0,2026-10-04T06:18:43Z,11,2026-09-22,San Diego Fish Reports dock totals,7,backfilled;low_effort
L1|2026-09-22|kelp_nearshore|white_seabass,L1,2026-09-22,kelp_nearshore,white_seabass,7,166.0,83.0,0.0,0.0,0.0,0.0,0.5,,,,,True,no_reference,0,2026-10-04T06:18:43Z,11,2026-09-22,San Diego Fish Reports dock totals,7,backfilled;reference_default;sparse_species;low_effort
L1|2026-09-22|kelp_nearshore|yellowtail,L1,2026-09-22,kelp_nearshore,yellowtail,7,166.0,83.0,10.0,0.0,10.0,0.1205,0.1053,1.144,73.6,Good,1.0,True,final,0,2026-10-04T06:18:43Z,11,2026-09-22,San Diego Fish Reports dock totals,7,backfilled;low_effort
L1|2026-09-22|offshore_banks|barracuda,L1,2026-09-22,offshore_banks,barracuda,8,208.0,214.0,0.0,0.0,0.0,0.0,0.5,,,,,True,no_reference,0,2026-10-04T06:18:43Z,11,2026-09-22,San Diego Fish Reports dock totals,8,overnight_destination_uncertain;backfilled;reference_default
L1|2026-09-22|offshore_banks|bluefin_tuna,L1,2026-09-22,offshore_banks,bluefin_tuna,8,208.0,214.0,0.0,0.0,0.0,0.0,0.0042,,,,,True,no_reference,0,2026-10-04T06:18:43Z,11,2026-09-22,San Diego Fish Reports dock totals,8,overnight_destination_uncertain;backfilled;reference_species_fallback
L1|2026-09-22|offshore_banks|bonito,L1,2026-09-22,offshore_banks,bonito,8,208.0,214.0,60.0,0.0,60.0,0.2804,0.0297,9.44,100.0,Excellent,1.0,True,final,0,2026-10-04T06:18:43Z,11,2026-09-22,San Diego Fish Reports dock totals,8,overnight_destination_uncertain;backfilled
L1|2026-09-22|offshore_banks|dorado,L1,2026-09-22,offshore_banks,dorado,8,208.0,214.0,115.0,0.0,115.0,0.5374,0.068,7.903,100.0,Excellent,1.0,True,final,0,2026-10-04T06:18:43Z,11,2026-09-22,San Diego Fish Reports dock totals,8,overnight_destination_uncertain;backfilled
L1|2026-09-22|offshore_banks|rockfish,L1,2026-09-22,offshore_banks,rockfish,8,208.0,214.0,0.0,0.0,0.0,0.0,0.0499,,,,,True,no_reference,0,2026-10-04T06:18:43Z,11,2026-09-22,San Diego Fish Reports dock totals,8,overnight_destination_uncertain;backfilled;reference_species_fallback
L1|2026-09-22|offshore_banks|sheephead,L1,2026-09-22,offshore_banks,sheephead,8,208.0,214.0,0.0,0.0,0.0,0.0,0.5,,,,,True,no_reference,0,2026-10-04T06:18:43Z,11,2026-09-22,San Diego Fish Reports dock totals,8,overnight_destination_uncertain;backfilled;reference_default
L1|2026-09-22|offshore_banks|white_seabass,L1,2026-09-22,offshore_banks,white_seabass,8,208.0,214.0,0.0,0.0,0.0,0.0,0.5,,,,,True,no_reference,0,2026-10-04T06:18:43Z,11,2026-09-22,San Diego Fish Reports dock totals,8,overnight_destination_uncertain;backfilled;reference_default;sparse_species
L1|2026-09-22|offshore_banks|yellowfin_tuna,L1,2026-09-22,offshore_banks,yellowfin_tuna,8,208.0,214.0,770.0,0.0,770.0,3.5981,1.0526,3.418,97.1,Excellent,1.0,True,final,0,2026-10-04T06:18:43Z,11,2026-09-22,San Diego Fish Reports dock totals,8,overnight_destination_uncertain;backfilled
L1|2026-09-22|offshore_banks|yellowtail,L1,2026-09-22,offshore_banks,yellowtail,8,208.0,214.0,11.0,0.0,11.0,0.0514,0.3983,0.129,20.6,Poor,0.0,True,final,0,2026-10-04T06:18:43Z,11,2026-09-22,San Diego Fish Reports dock totals,8,overnight_destination_uncertain;backfilled
L1|2026-09-23|extended_offshore|bluefin_tuna,L1,2026-09-23,extended_offshore,bluefin_tuna,6,73.0,163.2,0.0,0.0,0.0,0.0,0.0233,0.0,0.0,Poor,0.0,True,final,1,2026-10-04T06:18:47Z,10,2026-09-23;2026-09-24,San Diego Fish Reports dock totals,6,backfilled;multi_day_split;effort_adjusted_zero
L1|2026-09-23|extended_offshore|bonito,L1,2026-09-23,extended_offshore,bonito,6,73.0,163.2,0.0,0.0,0.0,0.0,0.0623,,,,,True,no_reference,1,2026-10-04T06:18:47Z,10,2026-09-23;2026-09-24,San Diego Fish Reports dock totals,6,backfilled;multi_day_split;reference_species_fallback
L1|2026-09-23|extended_offshore|dorado,L1,2026-09-23,extended_offshore,dorado,6,73.0,163.2,60.5,0.0,60.5,0.3706,0.1053,3.519,97.6,Excellent,1.0,True,final,1,2026-10-04T06:18:47Z,10,2026-09-23;2026-09-24,San Diego Fish Reports dock totals,6,backfilled;multi_day_split
L1|2026-09-23|extended_offshore|rockfish,L1,2026-09-23,extended_offshore,rockfish,6,73.0,163.2,0.0,0.0,0.0,0.0,0.0499,0.0,0.0,Poor,0.0,True,final,1,2026-10-04T06:18:47Z,10,2026-09-23;2026-09-24,San Diego Fish Reports dock totals,6,backfilled;multi_day_split;effort_adjusted_zero
L1|2026-09-23|extended_offshore|sheephead,L1,2026-09-23,extended_offshore,sheephead,6,73.0,163.2,0.0,0.0,0.0,0.0,0.5,,,,,True,no_reference,1,2026-10-04T06:18:47Z,10,2026-09-23;2026-09-24,San Diego Fish Reports dock totals,6,backfilled;multi_day_split;reference_default
L1|2026-09-23|extended_offshore|white_seabass,L1,2026-09-23,extended_offshore,white_seabass,6,73.0,163.2,0.0,0.0,0.0,0.0,0.5,,,,,True,no_reference,1,2026-10-04T06:18:47Z,10,2026-09-23;2026-09-24,San Diego Fish Reports dock totals,6,backfilled;multi_day_split;reference_default;sparse_species
L1|2026-09-23|extended_offshore|yellowfin_tuna,L1,2026-09-23,extended_offshore,yellowfin_tuna,6,73.0,163.2,296.5,0.0,296.5,1.8162,0.1359,13.364,100.0,Excellent,1.0,True,final,1,2026-10-04T06:18:47Z,10,2026-09-23;2026-09-24,San Diego Fish Reports dock totals,6,backfilled;multi_day_split
L1|2026-09-23|extended_offshore|yellowtail,L1,2026-09-23,extended_offshore,yellowtail,6,73.0,163.2,5.0,0.0,5.0,0.0306,0.9301,0.033,5.3,Poor,0.0,True,final,1,2026-10-04T06:18:47Z,10,2026-09-23;2026-09-24,San Diego Fish Reports dock totals,6,backfilled;multi_day_split
L1|2026-09-23|kelp_nearshore|barracuda,L1,2026-09-23,kelp_nearshore,barracuda,8,213.0,117.0,37.0,0.0,37.0,0.3162,0.0421,7.512,100.0,Excellent,1.0,True,final,0,2026-10-04T06:18:45Z,10,2026-09-23,San Diego Fish Reports dock totals,8,backfilled
L1|2026-09-23|kelp_nearshore|bonito,L1,2026-09-23,kelp_nearshore,bonito,8,213.0,117.0,474.0,0.0,474.0,4.0513,0.7162,5.657,100.0,Excellent,1.0,True,final,0,2026-10-04T06:18:45Z,10,2026-09-23,San Diego Fish Reports dock totals,8,backfilled
L1|2026-09-23|kelp_nearshore|calico_bass,L1,2026-09-23,kelp_nearshore,calico_bass,8,213.0,117.0,273.0,141.0,414.0,3.5385,1.7014,2.08,90.4,Excellent,1.0,True,final,0,2026-10-04T06:18:45Z,10,2026-09-23,San Diego Fish Reports dock totals,8,backfilled
L1|2026-09-23|kelp_nearshore|california_halibut,L1,2026-09-23,kelp_nearshore,california_halibut,8,213.0,117.0,0.0,0.0,0.0,0.0,0.5,,,,,True,no_reference,0,2026-10-04T06:18:45Z,10,2026-09-23,San Diego Fish Reports dock totals,8,backfilled;reference_default;sparse_species
L1|2026-09-23|kelp_nearshore|rockfish,L1,2026-09-23,kelp_nearshore,rockfish,8,213.0,117.0,32.0,0.0,32.0,0.2735,0.9295,0.294,42.5,Fair,0.0,True,final,0,2026-10-04T06:18:45Z,10,2026-09-23,San Diego Fish Reports dock totals,8,backfilled
L1|2026-09-23|kelp_nearshore|sand_bass,L1,2026-09-23,kelp_nearshore,sand_bass,8,213.0,117.0,45.0,6.0,51.0,0.4359,0.3533,1.234,75.6,Very Good,1.0,True,final,0,2026-10-04T06:18:45Z,10,2026-09-23,San Diego Fish Reports dock totals,8,backfilled
L1|2026-09-23|kelp_nearshore|sheephead,L1,2026-09-23,kelp_nearshore,sheephead,8,213.0,117.0,33.0,0.0,33.0,0.2821,0.14,2.015,90.1,Excellent,1.0,True,final,0,2026-10-04T06:18:45Z,10,2026-09-23,San Diego Fish Reports dock totals,8,backfilled
L1|2026-09-23|kelp_nearshore|white_seabass,L1,2026-09-23,kelp_nearshore,white_seabass,8,213.0,117.0,1.0,0.0,1.0,0.0085,0.5,,,,,True,no_reference,0,2026-10-04T06:18:45Z,10,2026-09-23,San Diego Fish Reports dock totals,8,backfilled;reference_default;sparse_species
L1|2026-09-23|kelp_nearshore|yellowtail,L1,2026-09-23,kelp_nearshore,yellowtail,8,213.0,117.0,28.0,0.0,28.0,0.2393,0.1053,2.273,91.4,Excellent,1.0,True,final,0,2026-10-04T06:18:45Z,10,2026-09-23,San Diego Fish Reports dock totals,8,backfilled
L1|2026-09-23|offshore_banks|barracuda,L1,2026-09-23,offshore_banks,barracuda,6,142.0,142.0,0.0,0.0,0.0,0.0,0.5,,,,,True,no_reference,0,2026-10-04T06:18:45Z,10,2026-09-23,San Diego Fish Reports dock totals,6,backfilled;reference_default
L1|2026-09-23|offshore_banks|bluefin_tuna,L1,2026-09-23,offshore_banks,bluefin_tuna,6,142.0,142.0,0.0,0.0,0.0,0.0,0.0042,,,,,True,no_reference,0,2026-10-04T06:18:45Z,10,2026-09-23,San Diego Fish Reports dock totals,6,backfilled;reference_species_fallback
L1|2026-09-23|offshore_banks|bonito,L1,2026-09-23,offshore_banks,bonito,6,142.0,142.0,0.0,0.0,0.0,0.0,0.0297,0.0,0.0,Poor,0.0,True,final,0,2026-10-04T06:18:45Z,10,2026-09-23,San Diego Fish Reports dock totals,6,backfilled;effort_adjusted_zero
L1|2026-09-23|offshore_banks|dorado,L1,2026-09-23,offshore_banks,dorado,6,142.0,142.0,101.0,0.0,101.0,0.7113,0.068,10.46,100.0,Excellent,1.0,True,final,0,2026-10-04T06:18:45Z,10,2026-09-23,San Diego Fish Reports dock totals,6,backfilled
L1|2026-09-23|offshore_banks|rockfish,L1,2026-09-23,offshore_banks,rockfish,6,142.0,142.0,0.0,0.0,0.0,0.0,0.0499,,,,,True,no_reference,0,2026-10-04T06:18:45Z,10,2026-09-23,San Diego Fish Reports dock totals,6,backfilled;reference_species_fallback
L1|2026-09-23|offshore_banks|sheephead,L1,2026-09-23,offshore_banks,sheephead,6,142.0,142.0,0.0,0.0,0.0,0.0,0.5,,,,,True,no_reference,0,2026-10-04T06:18:45Z,10,2026-09-23,San Diego Fish Reports dock totals,6,backfilled;reference_default
L1|2026-09-23|offshore_banks|white_seabass,L1,2026-09-23,offshore_banks,white_seabass,6,142.0,142.0,0.0,0.0,0.0,0.0,0.5,,,,,True,no_reference,0,2026-10-04T06:18:45Z,10,2026-09-23,San Diego Fish Reports dock totals,6,backfilled;reference_default;sparse_species
L1|2026-09-23|offshore_banks|yellowfin_tuna,L1,2026-09-23,offshore_banks,yellowfin_tuna,6,142.0,142.0,576.0,0.0,576.0,4.0563,1.0526,3.854,99.3,Excellent,1.0,True,final,0,2026-10-04T06:18:45Z,10,2026-09-23,San Diego Fish Reports dock totals,6,backfilled
L1|2026-09-23|offshore_banks|yellowtail,L1,2026-09-23,offshore_banks,yellowtail,6,142.0,142.0,18.0,0.0,18.0,0.1268,0.3983,0.318,43.9,Fair,0.0,True,final,0,2026-10-04T06:18:45Z,10,2026-09-23,San Diego Fish Reports dock totals,6,backfilled
L1|2026-09-24|extended_offshore|bluefin_tuna,L1,2026-09-24,extended_offshore,bluefin_tuna,7,68.0,149.0,0.0,0.0,0.0,0.0,0.0233,0.0,0.0,Poor,0.0,True,final,1,2026-10-04T06:18:49Z,9,2026-09-24;2026-09-25,San Diego Fish Reports dock totals,7,backfilled;multi_day_split;effort_adjusted_zero
L1|2026-09-24|extended_offshore|bonito,L1,2026-09-24,extended_offshore,bonito,7,68.0,149.0,0.0,0.0,0.0,0.0,0.0623,,,,,True,no_reference,1,2026-10-04T06:18:49Z,9,2026-09-24;2026-09-25,San Diego Fish Reports dock totals,7,backfilled;multi_day_split;reference_species_fallback
L1|2026-09-24|extended_offshore|dorado,L1,2026-09-24,extended_offshore,dorado,7,68.0,149.0,71.5,0.0,71.5,0.4799,0.1053,4.557,100.0,Excellent,1.0,True,final,1,2026-10-04T06:18:49Z,9,2026-09-24;2026-09-25,San Diego Fish Reports dock totals,7,backfilled;multi_day_split
L1|2026-09-24|extended_offshore|rockfish,L1,2026-09-24,extended_offshore,rockfish,7,68.0,149.0,0.0,0.0,0.0,0.0,0.0499,0.0,0.0,Poor,0.0,True,final,1,2026-10-04T06:18:49Z,9,2026-09-24;2026-09-25,San Diego Fish Reports dock totals,7,backfilled;multi_day_split;effort_adjusted_zero
L1|2026-09-24|extended_offshore|sheephead,L1,2026-09-24,extended_offshore,sheephead,7,68.0,149.0,0.0,0.0,0.0,0.0,0.5,,,,,True,no_reference,1,2026-10-04T06:18:49Z,9,2026-09-24;2026-09-25,San Diego Fish Reports dock totals,7,backfilled;multi_day_split;reference_default
L1|2026-09-24|extended_offshore|white_seabass,L1,2026-09-24,extended_offshore,white_seabass,7,68.0,149.0,0.0,0.0,0.0,0.0,0.5,,,,,True,no_reference,1,2026-10-04T06:18:49Z,9,2026-09-24;2026-09-25,San Diego Fish Reports dock totals,7,backfilled;multi_day_split;reference_default;sparse_species
L1|2026-09-24|extended_offshore|yellowfin_tuna,L1,2026-09-24,extended_offshore,yellowfin_tuna,7,68.0,149.0,445.0,50.0,495.0,3.3221,0.1359,24.446,100.0,Excellent,1.0,True,final,1,2026-10-04T06:18:49Z,9,2026-09-24;2026-09-25,San Diego Fish Reports dock totals,7,backfilled;multi_day_split
L1|2026-09-24|extended_offshore|yellowtail,L1,2026-09-24,extended_offshore,yellowtail,7,68.0,149.0,34.5,0.0,34.5,0.2315,0.9301,0.249,39.8,Poor,0.0,True,final,1,2026-10-04T06:18:49Z,9,2026-09-24;2026-09-25,San Diego Fish Reports dock totals,7,backfilled;multi_day_split
L1|2026-09-24|kelp_nearshore|barracuda,L1,2026-09-24,kelp_nearshore,barracuda,14,240.0,134.0,6.0,0.0,6.0,0.0448,0.0421,1.064,71.6,Good,1.0,True,final,0,2026-10-04T06:18:47Z,9,2026-09-24,San Diego Fish Reports dock totals,14,backfilled
L1|2026-09-24|kelp_nearshore|bonito,L1,2026-09-24,kelp_nearshore,bonito,14,240.0,134.0,616.0,0.0,616.0,4.597,0.7162,6.419,100.0,Excellent,1.0,True,final,0,2026-10-04T06:18:47Z,9,2026-09-24,San Diego Fish Reports dock totals,14,backfilled
L1|2026-09-24|kelp_nearshore|calico_bass,L1,2026-09-24,kelp_nearshore,calico_bass,14,240.0,134.0,212.0,30.0,242.0,1.806,1.7014,1.061,71.5,Good,1.0,True,final,0,2026-10-04T06:18:47Z,9,2026-09-24,San Diego Fish Reports dock totals,14,backfilled
L1|2026-09-24|kelp_nearshore|california_halibut,L1,2026-09-24,kelp_nearshore,california_halibut,14,240.0,134.0,1.0,0.0,1.0,0.0075,0.5,,,,,True,no_reference,0,2026-10-04T06:18:47Z,9,2026-09-24,San Diego Fish Reports dock totals,14,backfilled;reference_default;sparse_species
L1|2026-09-24|kelp_nearshore|rockfish,L1,2026-09-24,kelp_nearshore,rockfish,14,240.0,134.0,32.0,0.0,32.0,0.2388,0.9295,0.257,40.4,Fair,0.0,True,final,0,2026-10-04T06:18:47Z,9,2026-09-24,San Diego Fish Reports dock totals,14,backfilled
L1|2026-09-24|kelp_nearshore|sand_bass,L1,2026-09-24,kelp_nearshore,sand_bass,14,240.0,134.0,119.0,6.0,125.0,0.9328,0.3533,2.64,93.2,Excellent,1.0,True,final,0,2026-10-04T06:18:47Z,9,2026-09-24,San Diego Fish Reports dock totals,14,backfilled
L1|2026-09-24|kelp_nearshore|sheephead,L1,2026-09-24,kelp_nearshore,sheephead,14,240.0,134.0,34.0,0.0,34.0,0.2537,0.14,1.812,86.5,Very Good,1.0,True,final,0,2026-10-04T06:18:47Z,9,2026-09-24,San Diego Fish Reports dock totals,14,backfilled
L1|2026-09-24|kelp_nearshore|white_seabass,L1,2026-09-24,kelp_nearshore,white_seabass,14,240.0,134.0,0.0,0.0,0.0,0.0,0.5,,,,,True,no_reference,0,2026-10-04T06:18:47Z,9,2026-09-24,San Diego Fish Reports dock totals,14,backfilled;reference_default;sparse_species
L1|2026-09-24|kelp_nearshore|yellowtail,L1,2026-09-24,kelp_nearshore,yellowtail,14,240.0,134.0,11.0,0.0,11.0,0.0821,0.1053,0.78,64.5,Good,1.0,True,final,0,2026-10-04T06:18:47Z,9,2026-09-24,San Diego Fish Reports dock totals,14,backfilled
L1|2026-09-24|offshore_banks|barracuda,L1,2026-09-24,offshore_banks,barracuda,8,205.0,237.0,0.0,0.0,0.0,0.0,0.5,,,,,True,no_reference,0,2026-10-04T06:18:47Z,9,2026-09-24,San Diego Fish Reports dock totals,8,overnight_destination_uncertain;backfilled;reference_default
L1|2026-09-24|offshore_banks|bluefin_tuna,L1,2026-09-24,offshore_banks,bluefin_tuna,8,205.0,237.0,0.0,0.0,0.0,0.0,0.0042,,,,,True,no_reference,0,2026-10-04T06:18:47Z,9,2026-09-24,San Diego Fish Reports dock totals,8,overnight_destination_uncertain;backfilled;reference_species_fallback
L1|2026-09-24|offshore_banks|bonito,L1,2026-09-24,offshore_banks,bonito,8,205.0,237.0,0.0,0.0,0.0,0.0,0.0297,0.0,0.0,Poor,0.0,True,final,0,2026-10-04T06:18:47Z,9,2026-09-24,San Diego Fish Reports dock totals,8,overnight_destination_uncertain;backfilled;effort_adjusted_zero
L1|2026-09-24|offshore_banks|dorado,L1,2026-09-24,offshore_banks,dorado,8,205.0,237.0,113.0,0.0,113.0,0.4768,0.068,7.012,100.0,Excellent,1.0,True,final,0,2026-10-04T06:18:47Z,9,2026-09-24,San Diego Fish Reports dock totals,8,overnight_destination_uncertain;backfilled
L1|2026-09-24|offshore_banks|rockfish,L1,2026-09-24,offshore_banks,rockfish,8,205.0,237.0,0.0,0.0,0.0,0.0,0.0499,,,,,True,no_reference,0,2026-10-04T06:18:47Z,9,2026-09-24,San Diego Fish Reports dock totals,8,overnight_destination_uncertain;backfilled;reference_species_fallback
L1|2026-09-24|offshore_banks|sheephead,L1,2026-09-24,offshore_banks,sheephead,8,205.0,237.0,0.0,0.0,0.0,0.0,0.5,,,,,True,no_reference,0,2026-10-04T06:18:47Z,9,2026-09-24,San Diego Fish Reports dock totals,8,overnight_destination_uncertain;backfilled;reference_default
L1|2026-09-24|offshore_banks|white_seabass,L1,2026-09-24,offshore_banks,white_seabass,8,205.0,237.0,0.0,0.0,0.0,0.0,0.5,,,,,True,no_reference,0,2026-10-04T06:18:47Z,9,2026-09-24,San Diego Fish Reports dock totals,8,overnight_destination_uncertain;backfilled;reference_default;sparse_species
L1|2026-09-24|offshore_banks|yellowfin_tuna,L1,2026-09-24,offshore_banks,yellowfin_tuna,8,205.0,237.0,808.0,0.0,808.0,3.4093,1.0526,3.239,96.2,Excellent,1.0,True,final,0,2026-10-04T06:18:47Z,9,2026-09-24,San Diego Fish Reports dock totals,8,overnight_destination_uncertain;backfilled
L1|2026-09-24|offshore_banks|yellowtail,L1,2026-09-24,offshore_banks,yellowtail,8,205.0,237.0,41.0,0.0,41.0,0.173,0.3983,0.434,50.5,Fair,0.0,True,final,0,2026-10-04T06:18:47Z,9,2026-09-24,San Diego Fish Reports dock totals,8,overnight_destination_uncertain;backfilled
L1|2026-09-25|extended_offshore|bluefin_tuna,L1,2026-09-25,extended_offshore,bluefin_tuna,5,43.0,92.8,0.0,0.0,0.0,0.0,0.0233,0.0,0.0,Poor,0.0,True,final,0,2026-10-04T06:18:49Z,8,2026-09-25,San Diego Fish Reports dock totals,5,backfilled;multi_day_split;low_effort;effort_adjusted_zero
L1|2026-09-25|extended_offshore|bonito,L1,2026-09-25,extended_offshore,bonito,5,43.0,92.8,0.0,0.0,0.0,0.0,0.0623,,,,,True,no_reference,0,2026-10-04T06:18:49Z,8,2026-09-25,San Diego Fish Reports dock totals,5,backfilled;multi_day_split;reference_species_fallback;low_effort
L1|2026-09-25|extended_offshore|dorado,L1,2026-09-25,extended_offshore,dorado,5,43.0,92.8,54.0,0.0,54.0,0.5822,0.1053,5.529,100.0,Excellent,1.0,True,final,0,2026-10-04T06:18:49Z,8,2026-09-25,San Diego Fish Reports dock totals,5,backfilled;multi_day_split;low_effort
L1|2026-09-25|extended_offshore|rockfish,L1,2026-09-25,extended_offshore,rockfish,5,43.0,92.8,0.0,0.0,0.0,0.0,0.0499,0.0,0.0,Poor,0.0,True,final,0,2026-10-04T06:18:49Z,8,2026-09-25,San Diego Fish Reports dock totals,5,backfilled;multi_day_split;low_effort;effort_adjusted_zero
L1|2026-09-25|extended_offshore|sheephead,L1,2026-09-25,extended_offshore,sheephead,5,43.0,92.8,0.0,0.0,0.0,0.0,0.5,,,,,True,no_reference,0,2026-10-04T06:18:49Z,8,2026-09-25,San Diego Fish Reports dock totals,5,backfilled;multi_day_split;reference_default;low_effort
L1|2026-09-25|extended_offshore|white_seabass,L1,2026-09-25,extended_offshore,white_seabass,5,43.0,92.8,0.0,0.0,0.0,0.0,0.5,,,,,True,no_reference,0,2026-10-04T06:18:49Z,8,2026-09-25,San Diego Fish Reports dock totals,5,backfilled;multi_day_split;reference_default;sparse_species;low_effort
L1|2026-09-25|extended_offshore|yellowfin_tuna,L1,2026-09-25,extended_offshore,yellowfin_tuna,5,43.0,92.8,254.0,50.0,304.0,3.2776,0.1359,24.118,100.0,Excellent,1.0,True,final,0,2026-10-04T06:18:49Z,8,2026-09-25,San Diego Fish Reports dock totals,5,backfilled;multi_day_split;low_effort
L1|2026-09-25|extended_offshore|yellowtail,L1,2026-09-25,extended_offshore,yellowtail,5,43.0,92.8,34.5,0.0,34.5,0.372,0.9301,0.4,48.6,Fair,0.0,True,final,0,2026-10-04T06:18:49Z,8,2026-09-25,San Diego Fish Reports dock totals,5,backfilled;multi_day_split;low_effort
L1|2026-09-25|kelp_nearshore|barracuda,L1,2026-09-25,kelp_nearshore,barracuda,10,362.0,186.2,6.0,70.0,76.0,0.4082,0.0421,9.695,100.0,Excellent,1.0,True,final,0,2026-10-04T06:18:49Z,8,2026-09-25,San Diego Fish Reports dock totals,10,backfilled
L1|2026-09-25|kelp_nearshore|bonito,L1,2026-09-25,kelp_nearshore,bonito,10,362.0,186.2,594.0,0.0,594.0,3.1901,0.7162,4.454,100.0,Excellent,1.0,True,final,0,2026-10-04T06:18:49Z,8,2026-09-25,San Diego Fish Reports dock totals,10,backfilled
L1|2026-09-25|kelp_nearshore|calico_bass,L1,2026-09-25,kelp_nearshore,calico_bass,10,362.0,186.2,292.0,375.0,667.0,3.5822,1.7014,2.105,90.5,Excellent,1.0,True,final,0,2026-10-04T06:18:49Z,8,2026-09-25,San Diego Fish Reports dock totals,10,backfilled
L1|2026-09-25|kelp_nearshore|california_halibut,L1,2026-09-25,kelp_nearshore,california_halibut,10,362.0,186.2,0.0,0.0,0.0,0.0,0.5,,,,,True,no_reference,0,2026-10-04T06:18:49Z,8,2026-09-25,San Diego Fish Reports dock totals,10,backfilled;reference_default;sparse_species
L1|2026-09-25|kelp_nearshore|rockfish,L1,2026-09-25,kelp_nearshore,rockfish,10,362.0,186.2,97.0,0.0,97.0,0.5209,0.9295,0.56,57.7,Fair,0.0,True,final,0,2026-10-04T06:18:49Z,8,2026-09-25,San Diego Fish Reports dock totals,10,backfilled
L1|2026-09-25|kelp_nearshore|sand_bass,L1,2026-09-25,kelp_nearshore,sand_bass,10,362.0,186.2,18.0,0.0,18.0,0.0967,0.3533,0.274,41.3,Fair,0.0,True,final,0,2026-10-04T06:18:49Z,8,2026-09-25,San Diego Fish Reports dock totals,10,backfilled
L1|2026-09-25|kelp_nearshore|sheephead,L1,2026-09-25,kelp_nearshore,sheephead,10,362.0,186.2,40.0,0.0,40.0,0.2148,0.14,1.534,81.3,Very Good,1.0,True,final,0,2026-10-04T06:18:49Z,8,2026-09-25,San Diego Fish Reports dock totals,10,backfilled
L1|2026-09-25|kelp_nearshore|white_seabass,L1,2026-09-25,kelp_nearshore,white_seabass,10,362.0,186.2,1.0,0.0,1.0,0.0054,0.5,,,,,True,no_reference,0,2026-10-04T06:18:49Z,8,2026-09-25,San Diego Fish Reports dock totals,10,backfilled;reference_default;sparse_species
L1|2026-09-25|kelp_nearshore|yellowtail,L1,2026-09-25,kelp_nearshore,yellowtail,10,362.0,186.2,36.0,0.0,36.0,0.1933,0.1053,1.836,86.9,Very Good,1.0,True,final,0,2026-10-04T06:18:49Z,8,2026-09-25,San Diego Fish Reports dock totals,10,backfilled
L1|2026-09-25|offshore_banks|barracuda,L1,2026-09-25,offshore_banks,barracuda,12,272.0,298.5,0.0,0.0,0.0,0.0,0.5,,,,,True,no_reference,0,2026-10-04T06:18:49Z,8,2026-09-25,San Diego Fish Reports dock totals,12,overnight_destination_uncertain;backfilled;reference_default
L1|2026-09-25|offshore_banks|bluefin_tuna,L1,2026-09-25,offshore_banks,bluefin_tuna,12,272.0,298.5,0.0,0.0,0.0,0.0,0.0042,,,,,True,no_reference,0,2026-10-04T06:18:49Z,8,2026-09-25,San Diego Fish Reports dock totals,12,overnight_destination_uncertain;backfilled;reference_species_fallback
L1|2026-09-25|offshore_banks|bonito,L1,2026-09-25,offshore_banks,bonito,12,272.0,298.5,0.0,0.0,0.0,0.0,0.0297,0.0,0.0,Poor,0.0,True,final,0,2026-10-04T06:18:49Z,8,2026-09-25,San Diego Fish Reports dock totals,12,overnight_destination_uncertain;backfilled;effort_adjusted_zero
L1|2026-09-25|offshore_banks|dorado,L1,2026-09-25,offshore_banks,dorado,12,272.0,298.5,129.0,0.0,129.0,0.4322,0.068,6.355,100.0,Excellent,1.0,True,final,0,2026-10-04T06:18:49Z,8,2026-09-25,San Diego Fish Reports dock totals,12,overnight_destination_uncertain;backfilled
L1|2026-09-25|offshore_banks|rockfish,L1,2026-09-25,offshore_banks,rockfish,12,272.0,298.5,0.0,0.0,0.0,0.0,0.0499,,,,,True,no_reference,0,2026-10-04T06:18:49Z,8,2026-09-25,San Diego Fish Reports dock totals,12,overnight_destination_uncertain;backfilled;reference_species_fallback
L1|2026-09-25|offshore_banks|sheephead,L1,2026-09-25,offshore_banks,sheephead,12,272.0,298.5,0.0,0.0,0.0,0.0,0.5,,,,,True,no_reference,0,2026-10-04T06:18:49Z,8,2026-09-25,San Diego Fish Reports dock totals,12,overnight_destination_uncertain;backfilled;reference_default
L1|2026-09-25|offshore_banks|white_seabass,L1,2026-09-25,offshore_banks,white_seabass,12,272.0,298.5,0.0,0.0,0.0,0.0,0.5,,,,,True,no_reference,0,2026-10-04T06:18:49Z,8,2026-09-25,San Diego Fish Reports dock totals,12,overnight_destination_uncertain;backfilled;reference_default;sparse_species
L1|2026-09-25|offshore_banks|yellowfin_tuna,L1,2026-09-25,offshore_banks,yellowfin_tuna,12,272.0,298.5,1356.0,0.0,1356.0,4.5427,1.0526,4.316,100.0,Excellent,1.0,True,final,0,2026-10-04T06:18:49Z,8,2026-09-25,San Diego Fish Reports dock totals,12,overnight_destination_uncertain;backfilled
L1|2026-09-25|offshore_banks|yellowtail,L1,2026-09-25,offshore_banks,yellowtail,12,272.0,298.5,31.0,0.0,31.0,0.1039,0.3983,0.261,40.6,Fair,0.0,True,final,0,2026-10-04T06:18:49Z,8,2026-09-25,San Diego Fish Reports dock totals,12,overnight_destination_uncertain;backfilled
L1|2026-09-26|extended_offshore|bluefin_tuna,L1,2026-09-26,extended_offshore,bluefin_tuna,6,68.0,152.0,0.0,0.0,0.0,0.0,0.0233,0.0,0.0,Poor,0.0,True,final,1,2026-10-04T06:18:53Z,7,2026-09-27,San Diego Fish Reports dock totals,6,backfilled;multi_day_split;effort_adjusted_zero
L1|2026-09-26|extended_offshore|bonito,L1,2026-09-26,extended_offshore,bonito,6,68.0,152.0,0.0,0.0,0.0,0.0,0.0623,,,,,True,no_reference,1,2026-10-04T06:18:53Z,7,2026-09-27,San Diego Fish Reports dock totals,6,backfilled;multi_day_split;reference_species_fallback
L1|2026-09-26|extended_offshore|dorado,L1,2026-09-26,extended_offshore,dorado,6,68.0,152.0,89.5,0.0,89.5,0.5888,0.1053,5.592,100.0,Excellent,1.0,True,final,1,2026-10-04T06:18:53Z,7,2026-09-27,San Diego Fish Reports dock totals,6,backfilled;multi_day_split
L1|2026-09-26|extended_offshore|rockfish,L1,2026-09-26,extended_offshore,rockfish,6,68.0,152.0,0.0,0.0,0.0,0.0,0.0499,0.0,0.0,Poor,0.0,True,final,1,2026-10-04T06:18:53Z,7,2026-09-27,San Diego Fish Reports dock totals,6,backfilled;multi_day_split;effort_adjusted_zero
L1|2026-09-26|extended_offshore|sheephead,L1,2026-09-26,extended_offshore,sheephead,6,68.0,152.0,0.0,0.0,0.0,0.0,0.5,,,,,True,no_reference,1,2026-10-04T06:18:53Z,7,2026-09-27,San Diego Fish Reports dock totals,6,backfilled;multi_day_split;reference_default
L1|2026-09-26|extended_offshore|white_seabass,L1,2026-09-26,extended_offshore,white_seabass,6,68.0,152.0,0.0,0.0,0.0,0.0,0.5,,,,,True,no_reference,1,2026-10-04T06:18:53Z,7,2026-09-27,San Diego Fish Reports dock totals,6,backfilled;multi_day_split;reference_default;sparse_species
L1|2026-09-26|extended_offshore|yellowfin_tuna,L1,2026-09-26,extended_offshore,yellowfin_tuna,6,68.0,152.0,309.5,0.0,309.5,2.0362,0.1359,14.983,100.0,Excellent,1.0,True,final,1,2026-10-04T06:18:53Z,7,2026-09-27,San Diego Fish Reports dock totals,6,backfilled;multi_day_split
L1|2026-09-26|extended_offshore|yellowtail,L1,2026-09-26,extended_offshore,yellowtail,6,68.0,152.0,12.0,0.0,12.0,0.0789,0.9301,0.085,13.6,Poor,0.0,True,final,1,2026-10-04T06:18:53Z,7,2026-09-27,San Diego Fish Reports dock totals,6,backfilled;multi_day_split
L1|2026-09-26|kelp_nearshore|barracuda,L1,2026-09-26,kelp_nearshore,barracuda,15,531.0,270.9,366.0,0.0,366.0,1.3511,0.0421,32.091,100.0,Excellent,1.0,True,final,0,2026-10-04T06:18:51Z,7,2026-09-26,San Diego Fish Reports dock totals,15,backfilled
L1|2026-09-26|kelp_nearshore|bonito,L1,2026-09-26,kelp_nearshore,bonito,15,531.0,270.9,436.0,0.0,436.0,1.6094,0.7162,2.247,91.2,Excellent,1.0,True,final,0,2026-10-04T06:18:51Z,7,2026-09-26,San Diego Fish Reports dock totals,15,backfilled
L1|2026-09-26|kelp_nearshore|calico_bass,L1,2026-09-26,kelp_nearshore,calico_bass,15,531.0,270.9,298.0,480.0,778.0,2.8719,1.7014,1.688,84.1,Very Good,1.0,True,final,0,2026-10-04T06:18:51Z,7,2026-09-26,San Diego Fish Reports dock totals,15,backfilled
L1|2026-09-26|kelp_nearshore|california_halibut,L1,2026-09-26,kelp_nearshore,california_halibut,15,531.0,270.9,0.0,0.0,0.0,0.0,0.5,,,,,True,no_reference,0,2026-10-04T06:18:51Z,7,2026-09-26,San Diego Fish Reports dock totals,15,backfilled;reference_default;sparse_species
L1|2026-09-26|kelp_nearshore|rockfish,L1,2026-09-26,kelp_nearshore,rockfish,15,531.0,270.9,66.0,0.0,66.0,0.2436,0.9295,0.262,40.7,Fair,0.0,True,final,0,2026-10-04T06:18:51Z,7,2026-09-26,San Diego Fish Reports dock totals,15,backfilled
L1|2026-09-26|kelp_nearshore|sand_bass,L1,2026-09-26,kelp_nearshore,sand_bass,15,531.0,270.9,60.0,0.0,60.0,0.2215,0.3533,0.627,60.7,Good,1.0,True,final,0,2026-10-04T06:18:51Z,7,2026-09-26,San Diego Fish Reports dock totals,15,backfilled
L1|2026-09-26|kelp_nearshore|sheephead,L1,2026-09-26,kelp_nearshore,sheephead,15,531.0,270.9,30.0,0.0,30.0,0.1107,0.14,0.791,64.8,Good,1.0,True,final,0,2026-10-04T06:18:51Z,7,2026-09-26,San Diego Fish Reports dock totals,15,backfilled
L1|2026-09-26|kelp_nearshore|white_seabass,L1,2026-09-26,kelp_nearshore,white_seabass,15,531.0,270.9,5.0,0.0,5.0,0.0185,0.5,,,,,True,no_reference,0,2026-10-04T06:18:51Z,7,2026-09-26,San Diego Fish Reports dock totals,15,backfilled;reference_default;sparse_species
L1|2026-09-26|kelp_nearshore|yellowtail,L1,2026-09-26,kelp_nearshore,yellowtail,15,531.0,270.9,85.0,0.0,85.0,0.3138,0.1053,2.98,94.9,Excellent,1.0,True,final,0,2026-10-04T06:18:51Z,7,2026-09-26,San Diego Fish Reports dock totals,15,backfilled
L1|2026-09-26|offshore_banks|barracuda,L1,2026-09-26,offshore_banks,barracuda,10,182.0,189.0,0.0,0.0,0.0,0.0,0.5,,,,,True,no_reference,0,2026-10-04T06:18:51Z,7,2026-09-26,San Diego Fish Reports dock totals,10,overnight_destination_uncertain;backfilled;reference_default
L1|2026-09-26|offshore_banks|bluefin_tuna,L1,2026-09-26,offshore_banks,bluefin_tuna,10,182.0,189.0,0.0,0.0,0.0,0.0,0.0042,,,,,True,no_reference,0,2026-10-04T06:18:51Z,7,2026-09-26,San Diego Fish Reports dock totals,10,overnight_destination_uncertain;backfilled;reference_species_fallback
L1|2026-09-26|offshore_banks|bonito,L1,2026-09-26,offshore_banks,bonito,10,182.0,189.0,0.0,0.0,0.0,0.0,0.0297,0.0,0.0,Poor,0.0,True,final,0,2026-10-04T06:18:51Z,7,2026-09-26,San Diego Fish Reports dock totals,10,overnight_destination_uncertain;backfilled;effort_adjusted_zero
L1|2026-09-26|offshore_banks|dorado,L1,2026-09-26,offshore_banks,dorado,10,182.0,189.0,59.0,0.0,59.0,0.3122,0.068,4.591,100.0,Excellent,1.0,True,final,0,2026-10-04T06:18:51Z,7,2026-09-26,San Diego Fish Reports dock totals,10,overnight_destination_uncertain;backfilled
L1|2026-09-26|offshore_banks|rockfish,L1,2026-09-26,offshore_banks,rockfish,10,182.0,189.0,0.0,0.0,0.0,0.0,0.0499,,,,,True,no_reference,0,2026-10-04T06:18:51Z,7,2026-09-26,San Diego Fish Reports dock totals,10,overnight_destination_uncertain;backfilled;reference_species_fallback
L1|2026-09-26|offshore_banks|sheephead,L1,2026-09-26,offshore_banks,sheephead,10,182.0,189.0,0.0,0.0,0.0,0.0,0.5,,,,,True,no_reference,0,2026-10-04T06:18:51Z,7,2026-09-26,San Diego Fish Reports dock totals,10,overnight_destination_uncertain;backfilled;reference_default
L1|2026-09-26|offshore_banks|white_seabass,L1,2026-09-26,offshore_banks,white_seabass,10,182.0,189.0,0.0,0.0,0.0,0.0,0.5,,,,,True,no_reference,0,2026-10-04T06:18:51Z,7,2026-09-26,San Diego Fish Reports dock totals,10,overnight_destination_uncertain;backfilled;reference_default;sparse_species
L1|2026-09-26|offshore_banks|yellowfin_tuna,L1,2026-09-26,offshore_banks,yellowfin_tuna,10,182.0,189.0,742.0,0.0,742.0,3.9259,1.0526,3.73,98.6,Excellent,1.0,True,final,0,2026-10-04T06:18:51Z,7,2026-09-26,San Diego Fish Reports dock totals,10,overnight_destination_uncertain;backfilled
L1|2026-09-26|offshore_banks|yellowtail,L1,2026-09-26,offshore_banks,yellowtail,10,182.0,189.0,19.0,35.0,54.0,0.2857,0.3983,0.717,62.9,Good,1.0,True,final,0,2026-10-04T06:18:51Z,7,2026-09-26,San Diego Fish Reports dock totals,10,overnight_destination_uncertain;backfilled
L1|2026-09-27|extended_offshore|bluefin_tuna,L1,2026-09-27,extended_offshore,bluefin_tuna,11,109.0,244.0,3.0,0.0,3.0,0.0123,0.0233,0.528,55.9,Fair,0.0,True,final,1,2026-10-04T06:18:55Z,6,2026-09-27;2026-09-28,San Diego Fish Reports dock totals,11,backfilled;multi_day_split
L1|2026-09-27|extended_offshore|bonito,L1,2026-09-27,extended_offshore,bonito,11,109.0,244.0,3.0,0.0,3.0,0.0123,0.0623,,,,,True,no_reference,1,2026-10-04T06:18:55Z,6,2026-09-27;2026-09-28,San Diego Fish Reports dock totals,11,backfilled;multi_day_split;reference_species_fallback
L1|2026-09-27|extended_offshore|dorado,L1,2026-09-27,extended_offshore,dorado,11,109.0,244.0,92.5,0.0,92.5,0.3791,0.1053,3.6,98.0,Excellent,1.0,True,final,1,2026-10-04T06:18:55Z,6,2026-09-27;2026-09-28,San Diego Fish Reports dock totals,11,backfilled;multi_day_split
L1|2026-09-27|extended_offshore|rockfish,L1,2026-09-27,extended_offshore,rockfish,11,109.0,244.0,0.0,0.0,0.0,0.0,0.0499,0.0,0.0,Poor,0.0,True,final,1,2026-10-04T06:18:55Z,6,2026-09-27;2026-09-28,San Diego Fish Reports dock totals,11,backfilled;multi_day_split;effort_adjusted_zero
L1|2026-09-27|extended_offshore|sheephead,L1,2026-09-27,extended_offshore,sheephead,11,109.0,244.0,0.0,0.0,0.0,0.0,0.5,,,,,True,no_reference,1,2026-10-04T06:18:55Z,6,2026-09-27;2026-09-28,San Diego Fish Reports dock totals,11,backfilled;multi_day_split;reference_default
L1|2026-09-27|extended_offshore|white_seabass,L1,2026-09-27,extended_offshore,white_seabass,11,109.0,244.0,0.0,0.0,0.0,0.0,0.5,,,,,True,no_reference,1,2026-10-04T06:18:55Z,6,2026-09-27;2026-09-28,San Diego Fish Reports dock totals,11,backfilled;multi_day_split;reference_default;sparse_species
L1|2026-09-27|extended_offshore|yellowfin_tuna,L1,2026-09-27,extended_offshore,yellowfin_tuna,11,109.0,244.0,521.0,0.0,521.0,2.1352,0.1359,15.712,100.0,Excellent,1.0,True,final,1,2026-10-04T06:18:55Z,6,2026-09-27;2026-09-28,San Diego Fish Reports dock totals,11,backfilled;multi_day_split
L1|2026-09-27|extended_offshore|yellowtail,L1,2026-09-27,extended_offshore,yellowtail,11,109.0,244.0,26.0,0.0,26.0,0.1066,0.9301,0.115,18.3,Poor,0.0,True,final,1,2026-10-04T06:18:55Z,6,2026-09-27;2026-09-28,San Diego Fish Reports dock totals,11,backfilled;multi_day_split
L1|2026-09-27|kelp_nearshore|barracuda,L1,2026-09-27,kelp_nearshore,barracuda,15,556.0,293.4,271.0,0.0,271.0,0.9235,0.0421,21.936,100.0,Excellent,1.0,True,final,0,2026-10-04T06:18:53Z,6,2026-09-27,San Diego Fish Reports dock totals,15,backfilled
L1|2026-09-27|kelp_nearshore|bonito,L1,2026-09-27,kelp_nearshore,bonito,15,556.0,293.4,119.0,0.0,119.0,0.4055,0.7162,0.566,58.1,Fair,0.0,True,final,0,2026-10-04T06:18:53Z,6,2026-09-27,San Diego Fish Reports dock totals,15,backfilled
L1|2026-09-27|kelp_nearshore|calico_bass,L1,2026-09-27,kelp_nearshore,calico_bass,15,556.0,293.4,110.0,200.0,310.0,1.0564,1.7014,0.621,60.5,Good,1.0,True,final,0,2026-10-04T06:18:53Z,6,2026-09-27,San Diego Fish Reports dock totals,15,backfilled
L1|2026-09-27|kelp_nearshore|california_halibut,L1,2026-09-27,kelp_nearshore,california_halibut,15,556.0,293.4,2.0,0.0,2.0,0.0068,0.5,,,,,True,no_reference,0,2026-10-04T06:18:53Z,6,2026-09-27,San Diego Fish Reports dock totals,15,backfilled;reference_default;sparse_species
L1|2026-09-27|kelp_nearshore|rockfish,L1,2026-09-27,kelp_nearshore,rockfish,15,556.0,293.4,206.0,0.0,206.0,0.702,0.9295,0.755,63.9,Good,1.0,True,final,0,2026-10-04T06:18:53Z,6,2026-09-27,San Diego Fish Reports dock totals,15,backfilled
L1|2026-09-27|kelp_nearshore|sand_bass,L1,2026-09-27,kelp_nearshore,sand_bass,15,556.0,293.4,150.0,0.0,150.0,0.5112,0.3533,1.447,79.6,Very Good,1.0,True,final,0,2026-10-04T06:18:53Z,6,2026-09-27,San Diego Fish Reports dock totals,15,backfilled
L1|2026-09-27|kelp_nearshore|sheephead,L1,2026-09-27,kelp_nearshore,sheephead,15,556.0,293.4,28.0,0.0,28.0,0.0954,0.14,0.682,62.0,Good,1.0,True,final,0,2026-10-04T06:18:53Z,6,2026-09-27,San Diego Fish Reports dock totals,15,backfilled
L1|2026-09-27|kelp_nearshore|white_seabass,L1,2026-09-27,kelp_nearshore,white_seabass,15,556.0,293.4,41.0,0.0,41.0,0.1397,0.5,,,,,True,no_reference,0,2026-10-04T06:18:53Z,6,2026-09-27,San Diego Fish Reports dock totals,15,backfilled;reference_default;sparse_species
L1|2026-09-27|kelp_nearshore|yellowtail,L1,2026-09-27,kelp_nearshore,yellowtail,15,556.0,293.4,106.0,0.0,106.0,0.3612,0.1053,3.43,97.2,Excellent,1.0,True,final,0,2026-10-04T06:18:53Z,6,2026-09-27,San Diego Fish Reports dock totals,15,backfilled
L1|2026-09-27|offshore_banks|barracuda,L1,2026-09-27,offshore_banks,barracuda,11,238.0,289.0,0.0,0.0,0.0,0.0,0.5,,,,,True,no_reference,0,2026-10-04T06:18:53Z,6,2026-09-27,San Diego Fish Reports dock totals,11,overnight_destination_uncertain;backfilled;reference_default
L1|2026-09-27|offshore_banks|bluefin_tuna,L1,2026-09-27,offshore_banks,bluefin_tuna,11,238.0,289.0,0.0,0.0,0.0,0.0,0.0042,,,,,True,no_reference,0,2026-10-04T06:18:53Z,6,2026-09-27,San Diego Fish Reports dock totals,11,overnight_destination_uncertain;backfilled;reference_species_fallback
L1|2026-09-27|offshore_banks|bonito,L1,2026-09-27,offshore_banks,bonito,11,238.0,289.0,0.0,0.0,0.0,0.0,0.0297,0.0,0.0,Poor,0.0,True,final,0,2026-10-04T06:18:53Z,6,2026-09-27,San Diego Fish Reports dock totals,11,overnight_destination_uncertain;backfilled;effort_adjusted_zero
L1|2026-09-27|offshore_banks|dorado,L1,2026-09-27,offshore_banks,dorado,11,238.0,289.0,87.0,0.0,87.0,0.301,0.068,4.427,100.0,Excellent,1.0,True,final,0,2026-10-04T06:18:53Z,6,2026-09-27,San Diego Fish Reports dock totals,11,overnight_destination_uncertain;backfilled
L1|2026-09-27|offshore_banks|rockfish,L1,2026-09-27,offshore_banks,rockfish,11,238.0,289.0,0.0,0.0,0.0,0.0,0.0499,,,,,True,no_reference,0,2026-10-04T06:18:53Z,6,2026-09-27,San Diego Fish Reports dock totals,11,overnight_destination_uncertain;backfilled;reference_species_fallback
L1|2026-09-27|offshore_banks|sheephead,L1,2026-09-27,offshore_banks,sheephead,11,238.0,289.0,0.0,0.0,0.0,0.0,0.5,,,,,True,no_reference,0,2026-10-04T06:18:53Z,6,2026-09-27,San Diego Fish Reports dock totals,11,overnight_destination_uncertain;backfilled;reference_default
L1|2026-09-27|offshore_banks|white_seabass,L1,2026-09-27,offshore_banks,white_seabass,11,238.0,289.0,0.0,0.0,0.0,0.0,0.5,,,,,True,no_reference,0,2026-10-04T06:18:53Z,6,2026-09-27,San Diego Fish Reports dock totals,11,overnight_destination_uncertain;backfilled;reference_default;sparse_species
L1|2026-09-27|offshore_banks|yellowfin_tuna,L1,2026-09-27,offshore_banks,yellowfin_tuna,11,238.0,289.0,655.0,0.0,655.0,2.2664,1.0526,2.153,90.8,Excellent,1.0,True,final,0,2026-10-04T06:18:53Z,6,2026-09-27,San Diego Fish Reports dock totals,11,overnight_destination_uncertain;backfilled
L1|2026-09-27|offshore_banks|yellowtail,L1,2026-09-27,offshore_banks,yellowtail,11,238.0,289.0,36.0,0.0,36.0,0.1246,0.3983,0.313,43.6,Fair,0.0,True,final,0,2026-10-04T06:18:53Z,6,2026-09-27,San Diego Fish Reports dock totals,11,overnight_destination_uncertain;backfilled
L1|2026-09-28|extended_offshore|bluefin_tuna,L1,2026-09-28,extended_offshore,bluefin_tuna,8,75.0,160.0,3.0,0.0,3.0,0.0187,0.0233,0.805,65.1,Good,1.0,True,final,1,2026-10-04T06:18:57Z,5,2026-09-28;2026-09-29,San Diego Fish Reports dock totals,8,backfilled;multi_day_split
L1|2026-09-28|extended_offshore|bonito,L1,2026-09-28,extended_offshore,bonito,8,75.0,160.0,3.0,0.0,3.0,0.0187,0.0623,,,,,True,no_reference,1,2026-10-04T06:18:57Z,5,2026-09-28;2026-09-29,San Diego Fish Reports dock totals,8,backfilled;multi_day_split;reference_species_fallback
L1|2026-09-28|extended_offshore|dorado,L1,2026-09-28,extended_offshore,dorado,8,75.0,160.0,10.5,0.0,10.5,0.0656,0.1053,0.623,60.6,Good,1.0,True,final,1,2026-10-04T06:18:57Z,5,2026-09-28;2026-09-29,San Diego Fish Reports dock totals,8,backfilled;multi_day_split
L1|2026-09-28|extended_offshore|rockfish,L1,2026-09-28,extended_offshore,rockfish,8,75.0,160.0,0.0,0.0,0.0,0.0,0.0499,0.0,0.0,Poor,0.0,True,final,1,2026-10-04T06:18:57Z,5,2026-09-28;2026-09-29,San Diego Fish Reports dock totals,8,backfilled;multi_day_split;effort_adjusted_zero
L1|2026-09-28|extended_offshore|sheephead,L1,2026-09-28,extended_offshore,sheephead,8,75.0,160.0,0.0,0.0,0.0,0.0,0.5,,,,,True,no_reference,1,2026-10-04T06:18:57Z,5,2026-09-28;2026-09-29,San Diego Fish Reports dock totals,8,backfilled;multi_day_split;reference_default
L1|2026-09-28|extended_offshore|white_seabass,L1,2026-09-28,extended_offshore,white_seabass,8,75.0,160.0,0.0,0.0,0.0,0.0,0.5,,,,,True,no_reference,1,2026-10-04T06:18:57Z,5,2026-09-28;2026-09-29,San Diego Fish Reports dock totals,8,backfilled;multi_day_split;reference_default;sparse_species
L1|2026-09-28|extended_offshore|yellowfin_tuna,L1,2026-09-28,extended_offshore,yellowfin_tuna,8,75.0,160.0,517.5,0.0,517.5,3.2344,0.1359,23.8,100.0,Excellent,1.0,True,final,1,2026-10-04T06:18:57Z,5,2026-09-28;2026-09-29,San Diego Fish Reports dock totals,8,backfilled;multi_day_split
L1|2026-09-28|extended_offshore|yellowtail,L1,2026-09-28,extended_offshore,yellowtail,8,75.0,160.0,18.5,0.0,18.5,0.1156,0.9301,0.124,19.9,Poor,0.0,True,final,1,2026-10-04T06:18:57Z,5,2026-09-28;2026-09-29,San Diego Fish Reports dock totals,8,backfilled;multi_day_split
L1|2026-09-28|kelp_nearshore|barracuda,L1,2026-09-28,kelp_nearshore,barracuda,7,174.0,88.0,165.0,0.0,165.0,1.875,0.0421,44.537,100.0,Excellent,1.0,True,final,0,2026-10-04T06:18:55Z,5,2026-09-28,San Diego Fish Reports dock totals,7,backfilled;low_effort
L1|2026-09-28|kelp_nearshore|bonito,L1,2026-09-28,kelp_nearshore,bonito,7,174.0,88.0,36.0,0.0,36.0,0.4091,0.7162,0.571,58.4,Fair,0.0,True,final,0,2026-10-04T06:18:55Z,5,2026-09-28,San Diego Fish Reports dock totals,7,backfilled;low_effort
L1|2026-09-28|kelp_nearshore|calico_bass,L1,2026-09-28,kelp_nearshore,calico_bass,7,174.0,88.0,63.0,80.0,143.0,1.625,1.7014,0.955,68.9,Good,1.0,True,final,0,2026-10-04T06:18:55Z,5,2026-09-28,San Diego Fish Reports dock totals,7,backfilled;low_effort
L1|2026-09-28|kelp_nearshore|california_halibut,L1,2026-09-28,kelp_nearshore,california_halibut,7,174.0,88.0,1.0,0.0,1.0,0.0114,0.5,,,,,True,no_reference,0,2026-10-04T06:18:55Z,5,2026-09-28,San Diego Fish Reports dock totals,7,backfilled;reference_default;sparse_species;low_effort
L1|2026-09-28|kelp_nearshore|rockfish,L1,2026-09-28,kelp_nearshore,rockfish,7,174.0,88.0,41.0,0.0,41.0,0.4659,0.9295,0.501,54.4,Fair,0.0,True,final,0,2026-10-04T06:18:55Z,5,2026-09-28,San Diego Fish Reports dock totals,7,backfilled;low_effort
L1|2026-09-28|kelp_nearshore|sand_bass,L1,2026-09-28,kelp_nearshore,sand_bass,7,174.0,88.0,22.0,0.0,22.0,0.25,0.3533,0.708,62.7,Good,1.0,True,final,0,2026-10-04T06:18:55Z,5,2026-09-28,San Diego Fish Reports dock totals,7,backfilled;low_effort
L1|2026-09-28|kelp_nearshore|sheephead,L1,2026-09-28,kelp_nearshore,sheephead,7,174.0,88.0,4.0,0.0,4.0,0.0455,0.14,0.325,44.3,Fair,0.0,True,final,0,2026-10-04T06:18:55Z,5,2026-09-28,San Diego Fish Reports dock totals,7,backfilled;low_effort
L1|2026-09-28|kelp_nearshore|white_seabass,L1,2026-09-28,kelp_nearshore,white_seabass,7,174.0,88.0,37.0,0.0,37.0,0.4205,0.5,,,,,True,no_reference,0,2026-10-04T06:18:55Z,5,2026-09-28,San Diego Fish Reports dock totals,7,backfilled;reference_default;sparse_species;low_effort
L1|2026-09-28|kelp_nearshore|yellowtail,L1,2026-09-28,kelp_nearshore,yellowtail,7,174.0,88.0,163.0,0.0,163.0,1.8523,0.1053,17.59,100.0,Excellent,1.0,True,final,0,2026-10-04T06:18:55Z,5,2026-09-28,San Diego Fish Reports dock totals,7,backfilled;low_effort
L1|2026-09-28|offshore_banks|barracuda,L1,2026-09-28,offshore_banks,barracuda,7,202.0,211.0,0.0,0.0,0.0,0.0,0.5,,,,,True,no_reference,0,2026-10-04T06:18:55Z,5,2026-09-28,San Diego Fish Reports dock totals,7,overnight_destination_uncertain;backfilled;reference_default
L1|2026-09-28|offshore_banks|bluefin_tuna,L1,2026-09-28,offshore_banks,bluefin_tuna,7,202.0,211.0,0.0,0.0,0.0,0.0,0.0042,,,,,True,no_reference,0,2026-10-04T06:18:55Z,5,2026-09-28,San Diego Fish Reports dock totals,7,overnight_destination_uncertain;backfilled;reference_species_fallback
L1|2026-09-28|offshore_banks|bonito,L1,2026-09-28,offshore_banks,bonito,7,202.0,211.0,0.0,0.0,0.0,0.0,0.0297,0.0,0.0,Poor,0.0,True,final,0,2026-10-04T06:18:55Z,5,2026-09-28,San Diego Fish Reports dock totals,7,overnight_destination_uncertain;backfilled;effort_adjusted_zero
L1|2026-09-28|offshore_banks|dorado,L1,2026-09-28,offshore_banks,dorado,7,202.0,211.0,25.0,0.0,25.0,0.1185,0.068,1.742,85.2,Very Good,1.0,True,final,0,2026-10-04T06:18:55Z,5,2026-09-28,San Diego Fish Reports dock totals,7,overnight_destination_uncertain;backfilled
L1|2026-09-28|offshore_banks|rockfish,L1,2026-09-28,offshore_banks,rockfish,7,202.0,211.0,0.0,0.0,0.0,0.0,0.0499,,,,,True,no_reference,0,2026-10-04T06:18:55Z,5,2026-09-28,San Diego Fish Reports dock totals,7,overnight_destination_uncertain;backfilled;reference_species_fallback
L1|2026-09-28|offshore_banks|sheephead,L1,2026-09-28,offshore_banks,sheephead,7,202.0,211.0,0.0,0.0,0.0,0.0,0.5,,,,,True,no_reference,0,2026-10-04T06:18:55Z,5,2026-09-28,San Diego Fish Reports dock totals,7,overnight_destination_uncertain;backfilled;reference_default
L1|2026-09-28|offshore_banks|white_seabass,L1,2026-09-28,offshore_banks,white_seabass,7,202.0,211.0,0.0,0.0,0.0,0.0,0.5,,,,,True,no_reference,0,2026-10-04T06:18:55Z,5,2026-09-28,San Diego Fish Reports dock totals,7,overnight_destination_uncertain;backfilled;reference_default;sparse_species
L1|2026-09-28|offshore_banks|yellowfin_tuna,L1,2026-09-28,offshore_banks,yellowfin_tuna,7,202.0,211.0,675.0,0.0,675.0,3.1991,1.0526,3.039,95.2,Excellent,1.0,True,final,0,2026-10-04T06:18:55Z,5,2026-09-28,San Diego Fish Reports dock totals,7,overnight_destination_uncertain;backfilled
L1|2026-09-28|offshore_banks|yellowtail,L1,2026-09-28,offshore_banks,yellowtail,7,202.0,211.0,23.0,0.0,23.0,0.109,0.3983,0.274,41.4,Fair,0.0,True,final,0,2026-10-04T06:18:55Z,5,2026-09-28,San Diego Fish Reports dock totals,7,overnight_destination_uncertain;backfilled
L1|2026-09-29|extended_offshore|bluefin_tuna,L1,2026-09-29,extended_offshore,bluefin_tuna,7,74.5,149.0,0.5,0.0,0.5,0.0034,0.0233,0.144,23.0,Poor,0.0,True,final,1,2026-10-04T06:18:59Z,4,2026-09-29;2026-09-30,San Diego Fish Reports dock totals,7,backfilled;multi_day_split
L1|2026-09-29|extended_offshore|bonito,L1,2026-09-29,extended_offshore,bonito,7,74.5,149.0,0.0,0.0,0.0,0.0,0.0623,,,,,True,no_reference,1,2026-10-04T06:18:59Z,4,2026-09-29;2026-09-30,San Diego Fish Reports dock totals,7,backfilled;multi_day_split;reference_species_fallback
L1|2026-09-29|extended_offshore|dorado,L1,2026-09-29,extended_offshore,dorado,7,74.5,149.0,17.0,0.0,17.0,0.1141,0.1053,1.084,72.1,Good,1.0,True,final,1,2026-10-04T06:18:59Z,4,2026-09-29;2026-09-30,San Diego Fish Reports dock totals,7,backfilled;multi_day_split
L1|2026-09-29|extended_offshore|rockfish,L1,2026-09-29,extended_offshore,rockfish,7,74.5,149.0,0.0,0.0,0.0,0.0,0.0499,0.0,0.0,Poor,0.0,True,final,1,2026-10-04T06:18:59Z,4,2026-09-29;2026-09-30,San Diego Fish Reports dock totals,7,backfilled;multi_day_split;effort_adjusted_zero
L1|2026-09-29|extended_offshore|sheephead,L1,2026-09-29,extended_offshore,sheephead,7,74.5,149.0,0.0,0.0,0.0,0.0,0.5,,,,,True,no_reference,1,2026-10-04T06:18:59Z,4,2026-09-29;2026-09-30,San Diego Fish Reports dock totals,7,backfilled;multi_day_split;reference_default
L1|2026-09-29|extended_offshore|white_seabass,L1,2026-09-29,extended_offshore,white_seabass,7,74.5,149.0,6.0,0.0,6.0,0.0403,0.5,,,,,True,no_reference,1,2026-10-04T06:18:59Z,4,2026-09-29;2026-09-30,San Diego Fish Reports dock totals,7,backfilled;multi_day_split;reference_default;sparse_species
L1|2026-09-29|extended_offshore|yellowfin_tuna,L1,2026-09-29,extended_offshore,yellowfin_tuna,7,74.5,149.0,352.0,0.0,352.0,2.3624,0.1359,17.383,100.0,Excellent,1.0,True,final,1,2026-10-04T06:18:59Z,4,2026-09-29;2026-09-30,San Diego Fish Reports dock totals,7,backfilled;multi_day_split
L1|2026-09-29|extended_offshore|yellowtail,L1,2026-09-29,extended_offshore,yellowtail,7,74.5,149.0,35.0,0.0,35.0,0.2349,0.9301,0.253,40.1,Fair,0.0,True,final,1,2026-10-04T06:18:59Z,4,2026-09-29;2026-09-30,San Diego Fish Reports dock totals,7,backfilled;multi_day_split
L1|2026-09-29|kelp_nearshore|barracuda,L1,2026-09-29,kelp_nearshore,barracuda,7,212.0,112.0,109.0,0.0,109.0,0.9732,0.0421,23.117,100.0,Excellent,1.0,True,final,0,2026-10-04T06:18:57Z,4,2026-09-29,San Diego Fish Reports dock totals,7,backfilled
L1|2026-09-29|kelp_nearshore|bonito,L1,2026-09-29,kelp_nearshore,bonito,7,212.0,112.0,43.0,0.0,43.0,0.3839,0.7162,0.536,56.3,Fair,0.0,True,final,0,2026-10-04T06:18:57Z,4,2026-09-29,San Diego Fish Reports dock totals,7,backfilled
L1|2026-09-29|kelp_nearshore|calico_bass,L1,2026-09-29,kelp_nearshore,calico_bass,7,212.0,112.0,98.0,150.0,248.0,2.2143,1.7014,1.301,76.9,Very Good,1.0,True,final,0,2026-10-04T06:18:57Z,4,2026-09-29,San Diego Fish Reports dock totals,7,backfilled
L1|2026-09-29|kelp_nearshore|california_halibut,L1,2026-09-29,kelp_nearshore,california_halibut,7,212.0,112.0,2.0,0.0,2.0,0.0179,0.5,,,,,True,no_reference,0,2026-10-04T06:18:57Z,4,2026-09-29,San Diego Fish Reports dock totals,7,backfilled;reference_default;sparse_species
L1|2026-09-29|kelp_nearshore|rockfish,L1,2026-09-29,kelp_nearshore,rockfish,7,212.0,112.0,62.0,0.0,62.0,0.5536,0.9295,0.596,59.7,Fair,0.0,True,final,0,2026-10-04T06:18:57Z,4,2026-09-29,San Diego Fish Reports dock totals,7,backfilled
L1|2026-09-29|kelp_nearshore|sand_bass,L1,2026-09-29,kelp_nearshore,sand_bass,7,212.0,112.0,104.0,0.0,104.0,0.9286,0.3533,2.628,93.1,Excellent,1.0,True,final,0,2026-10-04T06:18:57Z,4,2026-09-29,San Diego Fish Reports dock totals,7,backfilled
L1|2026-09-29|kelp_nearshore|sheephead,L1,2026-09-29,kelp_nearshore,sheephead,7,212.0,112.0,7.0,0.0,7.0,0.0625,0.14,0.446,51.2,Fair,0.0,True,final,0,2026-10-04T06:18:57Z,4,2026-09-29,San Diego Fish Reports dock totals,7,backfilled
L1|2026-09-29|kelp_nearshore|white_seabass,L1,2026-09-29,kelp_nearshore,white_seabass,7,212.0,112.0,5.0,0.0,5.0,0.0446,0.5,,,,,True,no_reference,0,2026-10-04T06:18:57Z,4,2026-09-29,San Diego Fish Reports dock totals,7,backfilled;reference_default;sparse_species
L1|2026-09-29|kelp_nearshore|yellowtail,L1,2026-09-29,kelp_nearshore,yellowtail,7,212.0,112.0,28.0,0.0,28.0,0.25,0.1053,2.374,91.9,Excellent,1.0,True,final,0,2026-10-04T06:18:57Z,4,2026-09-29,San Diego Fish Reports dock totals,7,backfilled
L1|2026-09-29|offshore_banks|barracuda,L1,2026-09-29,offshore_banks,barracuda,7,151.0,161.0,0.0,0.0,0.0,0.0,0.5,,,,,True,no_reference,0,2026-10-04T06:18:57Z,4,2026-09-29,San Diego Fish Reports dock totals,7,overnight_destination_uncertain;backfilled;reference_default
L1|2026-09-29|offshore_banks|bluefin_tuna,L1,2026-09-29,offshore_banks,bluefin_tuna,7,151.0,161.0,0.0,0.0,0.0,0.0,0.0042,,,,,True,no_reference,0,2026-10-04T06:18:57Z,4,2026-09-29,San Diego Fish Reports dock totals,7,overnight_destination_uncertain;backfilled;reference_species_fallback
L1|2026-09-29|offshore_banks|bonito,L1,2026-09-29,offshore_banks,bonito,7,151.0,161.0,0.0,0.0,0.0,0.0,0.0297,0.0,0.0,Poor,0.0,True,final,0,2026-10-04T06:18:57Z,4,2026-09-29,San Diego Fish Reports dock totals,7,overnight_destination_uncertain;backfilled;effort_adjusted_zero
L1|2026-09-29|offshore_banks|dorado,L1,2026-09-29,offshore_banks,dorado,7,151.0,161.0,19.0,0.0,19.0,0.118,0.068,1.735,85.0,Very Good,1.0,True,final,0,2026-10-04T06:18:57Z,4,2026-09-29,San Diego Fish Reports dock totals,7,overnight_destination_uncertain;backfilled
L1|2026-09-29|offshore_banks|rockfish,L1,2026-09-29,offshore_banks,rockfish,7,151.0,161.0,0.0,0.0,0.0,0.0,0.0499,,,,,True,no_reference,0,2026-10-04T06:18:57Z,4,2026-09-29,San Diego Fish Reports dock totals,7,overnight_destination_uncertain;backfilled;reference_species_fallback
L1|2026-09-29|offshore_banks|sheephead,L1,2026-09-29,offshore_banks,sheephead,7,151.0,161.0,0.0,0.0,0.0,0.0,0.5,,,,,True,no_reference,0,2026-10-04T06:18:57Z,4,2026-09-29,San Diego Fish Reports dock totals,7,overnight_destination_uncertain;backfilled;reference_default
L1|2026-09-29|offshore_banks|white_seabass,L1,2026-09-29,offshore_banks,white_seabass,7,151.0,161.0,0.0,0.0,0.0,0.0,0.5,,,,,True,no_reference,0,2026-10-04T06:18:57Z,4,2026-09-29,San Diego Fish Reports dock totals,7,overnight_destination_uncertain;backfilled;reference_default;sparse_species
L1|2026-09-29|offshore_banks|yellowfin_tuna,L1,2026-09-29,offshore_banks,yellowfin_tuna,7,151.0,161.0,247.0,0.0,247.0,1.5342,1.0526,1.457,79.8,Very Good,1.0,True,final,0,2026-10-04T06:18:57Z,4,2026-09-29,San Diego Fish Reports dock totals,7,overnight_destination_uncertain;backfilled
L1|2026-09-29|offshore_banks|yellowtail,L1,2026-09-29,offshore_banks,yellowtail,7,151.0,161.0,14.0,0.0,14.0,0.087,0.3983,0.218,34.9,Poor,0.0,True,final,0,2026-10-04T06:18:57Z,4,2026-09-29,San Diego Fish Reports dock totals,7,overnight_destination_uncertain;backfilled
L1|2026-09-30|extended_offshore|bluefin_tuna,L1,2026-09-30,extended_offshore,bluefin_tuna,4,40.5,81.0,0.5,0.0,0.5,0.0062,0.0233,0.265,40.9,Fair,0.0,True,final,0,2026-10-04T06:18:59Z,3,2026-09-30,San Diego Fish Reports dock totals,4,backfilled;multi_day_split;low_effort
L1|2026-09-30|extended_offshore|bonito,L1,2026-09-30,extended_offshore,bonito,4,40.5,81.0,0.0,0.0,0.0,0.0,0.0623,,,,,True,no_reference,0,2026-10-04T06:18:59Z,3,2026-09-30,San Diego Fish Reports dock totals,4,backfilled;multi_day_split;reference_species_fallback;low_effort
L1|2026-09-30|extended_offshore|dorado,L1,2026-09-30,extended_offshore,dorado,4,40.5,81.0,9.5,0.0,9.5,0.1173,0.1053,1.114,72.8,Good,1.0,True,final,0,2026-10-04T06:18:59Z,3,2026-09-30,San Diego Fish Reports dock totals,4,backfilled;multi_day_split;low_effort
L1|2026-09-30|extended_offshore|rockfish,L1,2026-09-30,extended_offshore,rockfish,4,40.5,81.0,0.0,0.0,0.0,0.0,0.0499,0.0,0.0,Poor,0.0,True,final,0,2026-10-04T06:18:59Z,3,2026-09-30,San Diego Fish Reports dock totals,4,backfilled;multi_day_split;low_effort;effort_adjusted_zero
L1|2026-09-30|extended_offshore|sheephead,L1,2026-09-30,extended_offshore,sheephead,4,40.5,81.0,0.0,0.0,0.0,0.0,0.5,,,,,True,no_reference,0,2026-10-04T06:18:59Z,3,2026-09-30,San Diego Fish Reports dock totals,4,backfilled;multi_day_split;reference_default;low_effort
L1|2026-09-30|extended_offshore|white_seabass,L1,2026-09-30,extended_offshore,white_seabass,4,40.5,81.0,6.0,0.0,6.0,0.0741,0.5,,,,,True,no_reference,0,2026-10-04T06:18:59Z,3,2026-09-30,San Diego Fish Reports dock totals,4,backfilled;multi_day_split;reference_default;sparse_species;low_effort
L1|2026-09-30|extended_offshore|yellowfin_tuna,L1,2026-09-30,extended_offshore,yellowfin_tuna,4,40.5,81.0,46.0,0.0,46.0,0.5679,0.1359,4.179,100.0,Excellent,1.0,True,final,0,2026-10-04T06:18:59Z,3,2026-09-30,San Diego Fish Reports dock totals,4,backfilled;multi_day_split;low_effort
L1|2026-09-30|extended_offshore|yellowtail,L1,2026-09-30,extended_offshore,yellowtail,4,40.5,81.0,30.5,0.0,30.5,0.3765,0.9301,0.405,48.8,Fair,0.0,True,final,0,2026-10-04T06:18:59Z,3,2026-09-30,San Diego Fish Reports dock totals,4,backfilled;multi_day_split;low_effort
L1|2026-09-30|kelp_nearshore|barracuda,L1,2026-09-30,kelp_nearshore,barracuda,10,284.0,149.5,156.0,0.0,156.0,1.0435,0.0421,24.786,100.0,Excellent,1.0,True,final,0,2026-10-04T06:18:59Z,3,2026-09-30,San Diego Fish Reports dock totals,10,backfilled
L1|2026-09-30|kelp_nearshore|bonito,L1,2026-09-30,kelp_nearshore,bonito,10,284.0,149.5,309.0,0.0,309.0,2.0669,0.7162,2.886,94.4,Excellent,1.0,True,final,0,2026-10-04T06:18:59Z,3,2026-09-30,San Diego Fish Reports dock totals,10,backfilled
L1|2026-09-30|kelp_nearshore|calico_bass,L1,2026-09-30,kelp_nearshore,calico_bass,10,284.0,149.5,282.0,121.0,403.0,2.6957,1.7014,1.584,82.2,Very Good,1.0,True,final,0,2026-10-04T06:18:59Z,3,2026-09-30,San Diego Fish Reports dock totals,10,backfilled
L1|2026-09-30|kelp_nearshore|california_halibut,L1,2026-09-30,kelp_nearshore,california_halibut,10,284.0,149.5,0.0,0.0,0.0,0.0,0.5,,,,,True,no_reference,0,2026-10-04T06:18:59Z,3,2026-09-30,San Diego Fish Reports dock totals,10,backfilled;reference_default;sparse_species
L1|2026-09-30|kelp_nearshore|rockfish,L1,2026-09-30,kelp_nearshore,rockfish,10,284.0,149.5,9.0,0.0,9.0,0.0602,0.9295,0.065,10.4,Poor,0.0,True,final,0,2026-10-04T06:18:59Z,3,2026-09-30,San Diego Fish Reports dock totals,10,backfilled
L1|2026-09-30|kelp_nearshore|sand_bass,L1,2026-09-30,kelp_nearshore,sand_bass,10,284.0,149.5,45.0,6.0,51.0,0.3411,0.3533,0.966,69.1,Good,1.0,True,final,0,2026-10-04T06:18:59Z,3,2026-09-30,San Diego Fish Reports dock totals,10,backfilled
L1|2026-09-30|kelp_nearshore|sheephead,L1,2026-09-30,kelp_nearshore,sheephead,10,284.0,149.5,13.0,0.0,13.0,0.087,0.14,0.621,60.5,Good,1.0,True,final,0,2026-10-04T06:18:59Z,3,2026-09-30,San Diego Fish Reports dock totals,10,backfilled
L1|2026-09-30|kelp_nearshore|white_seabass,L1,2026-09-30,kelp_nearshore,white_seabass,10,284.0,149.5,1.0,0.0,1.0,0.0067,0.5,,,,,True,no_reference,0,2026-10-04T06:18:59Z,3,2026-09-30,San Diego Fish Reports dock totals,10,backfilled;reference_default;sparse_species
L1|2026-09-30|kelp_nearshore|yellowtail,L1,2026-09-30,kelp_nearshore,yellowtail,10,284.0,149.5,102.0,0.0,102.0,0.6823,0.1053,6.479,100.0,Excellent,1.0,True,final,0,2026-10-04T06:18:59Z,3,2026-09-30,San Diego Fish Reports dock totals,10,backfilled
L1|2026-09-30|offshore_banks|barracuda,L1,2026-09-30,offshore_banks,barracuda,8,173.0,174.0,0.0,0.0,0.0,0.0,0.5,,,,,True,no_reference,0,2026-10-04T06:18:59Z,3,2026-09-30,San Diego Fish Reports dock totals,8,overnight_destination_uncertain;backfilled;reference_default
L1|2026-09-30|offshore_banks|bluefin_tuna,L1,2026-09-30,offshore_banks,bluefin_tuna,8,173.0,174.0,0.0,0.0,0.0,0.0,0.0042,,,,,True,no_reference,0,2026-10-04T06:18:59Z,3,2026-09-30,San Diego Fish Reports dock totals,8,overnight_destination_uncertain;backfilled;reference_species_fallback
L1|2026-09-30|offshore_banks|bonito,L1,2026-09-30,offshore_banks,bonito,8,173.0,174.0,0.0,0.0,0.0,0.0,0.0297,0.0,0.0,Poor,0.0,True,final,0,2026-10-04T06:18:59Z,3,2026-09-30,San Diego Fish Reports dock totals,8,overnight_destination_uncertain;backfilled;effort_adjusted_zero
L1|2026-09-30|offshore_banks|dorado,L1,2026-09-30,offshore_banks,dorado,8,173.0,174.0,28.0,0.0,28.0,0.1609,0.068,2.366,91.8,Excellent,1.0,True,final,0,2026-10-04T06:18:59Z,3,2026-09-30,San Diego Fish Reports dock totals,8,overnight_destination_uncertain;backfilled
L1|2026-09-30|offshore_banks|rockfish,L1,2026-09-30,offshore_banks,rockfish,8,173.0,174.0,0.0,0.0,0.0,0.0,0.0499,,,,,True,no_reference,0,2026-10-04T06:18:59Z,3,2026-09-30,San Diego Fish Reports dock totals,8,overnight_destination_uncertain;backfilled;reference_species_fallback
L1|2026-09-30|offshore_banks|sheephead,L1,2026-09-30,offshore_banks,sheephead,8,173.0,174.0,0.0,0.0,0.0,0.0,0.5,,,,,True,no_reference,0,2026-10-04T06:18:59Z,3,2026-09-30,San Diego Fish Reports dock totals,8,overnight_destination_uncertain;backfilled;reference_default
L1|2026-09-30|offshore_banks|white_seabass,L1,2026-09-30,offshore_banks,white_seabass,8,173.0,174.0,0.0,0.0,0.0,0.0,0.5,,,,,True,no_reference,0,2026-10-04T06:18:59Z,3,2026-09-30,San Diego Fish Reports dock totals,8,overnight_destination_uncertain;backfilled;reference_default;sparse_species
L1|2026-09-30|offshore_banks|yellowfin_tuna,L1,2026-09-30,offshore_banks,yellowfin_tuna,8,173.0,174.0,110.0,0.0,110.0,0.6322,1.0526,0.601,60.0,Good,1.0,True,final,0,2026-10-04T06:18:59Z,3,2026-09-30,San Diego Fish Reports dock totals,8,overnight_destination_uncertain;backfilled
L1|2026-09-30|offshore_banks|yellowtail,L1,2026-09-30,offshore_banks,yellowtail,8,173.0,174.0,8.0,0.0,8.0,0.046,0.3983,0.115,18.5,Poor,0.0,True,final,0,2026-10-04T06:18:59Z,3,2026-09-30,San Diego Fish Reports dock totals,8,overnight_destination_uncertain;backfilled
L1|2026-10-01|extended_offshore|bluefin_tuna,L1,2026-10-01,extended_offshore,bluefin_tuna,3,32.5,65.0,0.0,0.0,0.0,0.0,0.0233,0.0,0.0,Poor,0.0,True,provisional,1,2026-10-04T06:19:03Z,2,2026-10-02,San Diego Fish Reports dock totals,3,backfilled;multi_day_split;low_effort;effort_adjusted_zero
L1|2026-10-01|extended_offshore|bonito,L1,2026-10-01,extended_offshore,bonito,3,32.5,65.0,0.0,0.0,0.0,0.0,0.0623,,,,,True,no_reference,1,2026-10-04T06:19:03Z,2,2026-10-02,San Diego Fish Reports dock totals,3,backfilled;multi_day_split;reference_species_fallback;low_effort
L1|2026-10-01|extended_offshore|dorado,L1,2026-10-01,extended_offshore,dorado,3,32.5,65.0,3.5,0.0,3.5,0.0538,0.1053,0.511,54.9,Fair,0.0,True,provisional,1,2026-10-04T06:19:03Z,2,2026-10-02,San Diego Fish Reports dock totals,3,backfilled;multi_day_split;low_effort
L1|2026-10-01|extended_offshore|rockfish,L1,2026-10-01,extended_offshore,rockfish,3,32.5,65.0,0.0,0.0,0.0,0.0,0.0499,0.0,0.0,Poor,0.0,True,provisional,1,2026-10-04T06:19:03Z,2,2026-10-02,San Diego Fish Reports dock totals,3,backfilled;multi_day_split;low_effort;effort_adjusted_zero
L1|2026-10-01|extended_offshore|sheephead,L1,2026-10-01,extended_offshore,sheephead,3,32.5,65.0,0.0,0.0,0.0,0.0,0.5,,,,,True,no_reference,1,2026-10-04T06:19:03Z,2,2026-10-02,San Diego Fish Reports dock totals,3,backfilled;multi_day_split;reference_default;low_effort
L1|2026-10-01|extended_offshore|white_seabass,L1,2026-10-01,extended_offshore,white_seabass,3,32.5,65.0,0.0,0.0,0.0,0.0,0.5,,,,,True,no_reference,1,2026-10-04T06:19:03Z,2,2026-10-02,San Diego Fish Reports dock totals,3,backfilled;multi_day_split;reference_default;sparse_species;low_effort
L1|2026-10-01|extended_offshore|yellowfin_tuna,L1,2026-10-01,extended_offshore,yellowfin_tuna,3,32.5,65.0,125.5,0.0,125.5,1.9308,0.1359,14.207,100.0,Excellent,1.0,True,provisional,1,2026-10-04T06:19:03Z,2,2026-10-02,San Diego Fish Reports dock totals,3,backfilled;multi_day_split;low_effort
L1|2026-10-01|extended_offshore|yellowtail,L1,2026-10-01,extended_offshore,yellowtail,3,32.5,65.0,27.0,0.0,27.0,0.4154,0.9301,0.447,51.2,Fair,0.0,True,provisional,1,2026-10-04T06:19:03Z,2,2026-10-02,San Diego Fish Reports dock totals,3,backfilled;multi_day_split;low_effort
L1|2026-10-01|kelp_nearshore|barracuda,L1,2026-10-01,kelp_nearshore,barracuda,7,210.0,127.5,95.0,0.0,95.0,0.7451,0.0421,17.698,100.0,Excellent,1.0,True,provisional,0,2026-10-04T06:19:01Z,2,2026-10-01,San Diego Fish Reports dock totals,7,backfilled
L1|2026-10-01|kelp_nearshore|bonito,L1,2026-10-01,kelp_nearshore,bonito,7,210.0,127.5,470.0,0.0,470.0,3.6863,0.7162,5.147,100.0,Excellent,1.0,True,provisional,0,2026-10-04T06:19:01Z,2,2026-10-01,San Diego Fish Reports dock totals,7,backfilled
L1|2026-10-01|kelp_nearshore|calico_bass,L1,2026-10-01,kelp_nearshore,calico_bass,7,210.0,127.5,112.0,90.0,202.0,1.5843,1.7014,0.931,68.3,Good,1.0,True,provisional,0,2026-10-04T06:19:01Z,2,2026-10-01,San Diego Fish Reports dock totals,7,backfilled
L1|2026-10-01|kelp_nearshore|california_halibut,L1,2026-10-01,kelp_nearshore,california_halibut,7,210.0,127.5,1.0,0.0,1.0,0.0078,0.5,,,,,True,no_reference,0,2026-10-04T06:19:01Z,2,2026-10-01,San Diego Fish Reports dock totals,7,backfilled;reference_default;sparse_species
L1|2026-10-01|kelp_nearshore|rockfish,L1,2026-10-01,kelp_nearshore,rockfish,7,210.0,127.5,0.0,0.0,0.0,0.0,0.9295,0.0,0.0,Poor,0.0,True,provisional,0,2026-10-04T06:19:01Z,2,2026-10-01,San Diego Fish Reports dock totals,7,backfilled;effort_adjusted_zero
L1|2026-10-01|kelp_nearshore|sand_bass,L1,2026-10-01,kelp_nearshore,sand_bass,7,210.0,127.5,37.0,4.0,41.0,0.3216,0.3533,0.91,67.8,Good,1.0,True,provisional,0,2026-10-04T06:19:01Z,2,2026-10-01,San Diego Fish Reports dock totals,7,backfilled
L1|2026-10-01|kelp_nearshore|sheephead,L1,2026-10-01,kelp_nearshore,sheephead,7,210.0,127.5,21.0,0.0,21.0,0.1647,0.14,1.176,74.4,Good,1.0,True,provisional,0,2026-10-04T06:19:01Z,2,2026-10-01,San Diego Fish Reports dock totals,7,backfilled
L1|2026-10-01|kelp_nearshore|white_seabass,L1,2026-10-01,kelp_nearshore,white_seabass,7,210.0,127.5,1.0,0.0,1.0,0.0078,0.5,,,,,True,no_reference,0,2026-10-04T06:19:01Z,2,2026-10-01,San Diego Fish Reports dock totals,7,backfilled;reference_default;sparse_species
L1|2026-10-01|kelp_nearshore|yellowtail,L1,2026-10-01,kelp_nearshore,yellowtail,7,210.0,127.5,46.0,0.0,46.0,0.3608,0.1053,3.426,97.1,Excellent,1.0,True,provisional,0,2026-10-04T06:19:01Z,2,2026-10-01,San Diego Fish Reports dock totals,7,backfilled
L1|2026-10-01|offshore_banks|barracuda,L1,2026-10-01,offshore_banks,barracuda,5,131.0,140.5,0.0,0.0,0.0,0.0,0.5,,,,,True,no_reference,0,2026-10-04T06:19:01Z,2,2026-10-01,San Diego Fish Reports dock totals,5,backfilled;reference_default
L1|2026-10-01|offshore_banks|bluefin_tuna,L1,2026-10-01,offshore_banks,bluefin_tuna,5,131.0,140.5,1.0,0.0,1.0,0.0071,0.0042,,,,,True,no_reference,0,2026-10-04T06:19:01Z,2,2026-10-01,San Diego Fish Reports dock totals,5,backfilled;reference_species_fallback
L1|2026-10-01|offshore_banks|bonito,L1,2026-10-01,offshore_banks,bonito,5,131.0,140.5,0.0,0.0,0.0,0.0,0.0297,0.0,0.0,Poor,0.0,True,provisional,0,2026-10-04T06:19:01Z,2,2026-10-01,San Diego Fish Reports dock totals,5,backfilled;effort_adjusted_zero
L1|2026-10-01|offshore_banks|dorado,L1,2026-10-01,offshore_banks,dorado,5,131.0,140.5,7.0,0.0,7.0,0.0498,0.068,0.733,63.3,Good,1.0,True,provisional,0,2026-10-04T06:19:01Z,2,2026-10-01,San Diego Fish Reports dock totals,5,backfilled
L1|2026-10-01|offshore_banks|rockfish,L1,2026-10-01,offshore_banks,rockfish,5,131.0,140.5,0.0,0.0,0.0,0.0,0.0499,,,,,True,no_reference,0,2026-10-04T06:19:01Z,2,2026-10-01,San Diego Fish Reports dock totals,5,backfilled;reference_species_fallback
L1|2026-10-01|offshore_banks|sheephead,L1,2026-10-01,offshore_banks,sheephead,5,131.0,140.5,0.0,0.0,0.0,0.0,0.5,,,,,True,no_reference,0,2026-10-04T06:19:01Z,2,2026-10-01,San Diego Fish Reports dock totals,5,backfilled;reference_default
L1|2026-10-01|offshore_banks|white_seabass,L1,2026-10-01,offshore_banks,white_seabass,5,131.0,140.5,0.0,0.0,0.0,0.0,0.5,,,,,True,no_reference,0,2026-10-04T06:19:01Z,2,2026-10-01,San Diego Fish Reports dock totals,5,backfilled;reference_default;sparse_species
L1|2026-10-01|offshore_banks|yellowfin_tuna,L1,2026-10-01,offshore_banks,yellowfin_tuna,5,131.0,140.5,238.0,0.0,238.0,1.694,1.0526,1.609,82.7,Very Good,1.0,True,provisional,0,2026-10-04T06:19:01Z,2,2026-10-01,San Diego Fish Reports dock totals,5,backfilled
L1|2026-10-01|offshore_banks|yellowtail,L1,2026-10-01,offshore_banks,yellowtail,5,131.0,140.5,0.0,0.0,0.0,0.0,0.3983,0.0,0.0,Poor,0.0,True,provisional,0,2026-10-04T06:19:01Z,2,2026-10-01,San Diego Fish Reports dock totals,5,backfilled;effort_adjusted_zero
L1|2026-10-02|extended_offshore|bluefin_tuna,L1,2026-10-02,extended_offshore,bluefin_tuna,4,36.5,75.0,2.5,0.0,2.5,0.0333,0.0233,1.431,79.3,Very Good,1.0,True,provisional,1,2026-10-04T06:19:05Z,1,2026-10-02;2026-10-03,San Diego Fish Reports dock totals,4,backfilled;multi_day_split;low_effort
L1|2026-10-02|extended_offshore|bonito,L1,2026-10-02,extended_offshore,bonito,4,36.5,75.0,0.0,0.0,0.0,0.0,0.0623,,,,,True,no_reference,1,2026-10-04T06:19:05Z,1,2026-10-02;2026-10-03,San Diego Fish Reports dock totals,4,backfilled;multi_day_split;reference_species_fallback;low_effort
L1|2026-10-02|extended_offshore|dorado,L1,2026-10-02,extended_offshore,dorado,4,36.5,75.0,3.5,0.0,3.5,0.0467,0.1053,0.443,51.0,Fair,0.0,True,provisional,1,2026-10-04T06:19:05Z,1,2026-10-02;2026-10-03,San Diego Fish Reports dock totals,4,backfilled;multi_day_split;low_effort
L1|2026-10-02|extended_offshore|rockfish,L1,2026-10-02,extended_offshore,rockfish,4,36.5,75.0,0.0,0.0,0.0,0.0,0.0499,0.0,0.0,Poor,0.0,True,provisional,1,2026-10-04T06:19:05Z,1,2026-10-02;2026-10-03,San Diego Fish Reports dock totals,4,backfilled;multi_day_split;low_effort;effort_adjusted_zero
L1|2026-10-02|extended_offshore|sheephead,L1,2026-10-02,extended_offshore,sheephead,4,36.5,75.0,0.0,0.0,0.0,0.0,0.5,,,,,True,no_reference,1,2026-10-04T06:19:05Z,1,2026-10-02;2026-10-03,San Diego Fish Reports dock totals,4,backfilled;multi_day_split;reference_default;low_effort
L1|2026-10-02|extended_offshore|white_seabass,L1,2026-10-02,extended_offshore,white_seabass,4,36.5,75.0,0.0,0.0,0.0,0.0,0.5,,,,,True,no_reference,1,2026-10-04T06:19:05Z,1,2026-10-02;2026-10-03,San Diego Fish Reports dock totals,4,backfilled;multi_day_split;reference_default;sparse_species;low_effort
L1|2026-10-02|extended_offshore|yellowfin_tuna,L1,2026-10-02,extended_offshore,yellowfin_tuna,4,36.5,75.0,130.5,0.0,130.5,1.74,0.1359,12.804,100.0,Excellent,1.0,True,provisional,1,2026-10-04T06:19:05Z,1,2026-10-02;2026-10-03,San Diego Fish Reports dock totals,4,backfilled;multi_day_split;low_effort
L1|2026-10-02|extended_offshore|yellowtail,L1,2026-10-02,extended_offshore,yellowtail,4,36.5,75.0,34.0,0.0,34.0,0.4533,0.9301,0.487,53.6,Fair,0.0,True,provisional,1,2026-10-04T06:19:05Z,1,2026-10-02;2026-10-03,San Diego Fish Reports dock totals,4,backfilled;multi_day_split;low_effort
L1|2026-10-02|kelp_nearshore|barracuda,L1,2026-10-02,kelp_nearshore,barracuda,7,204.0,123.5,18.0,0.0,18.0,0.1457,0.0421,3.462,97.3,Excellent,1.0,True,provisional,0,2026-10-04T06:19:03Z,1,2026-10-02,San Diego Fish Reports dock totals,7,backfilled
L1|2026-10-02|kelp_nearshore|bonito,L1,2026-10-02,kelp_nearshore,bonito,7,204.0,123.5,109.0,0.0,109.0,0.8826,0.7162,1.232,75.6,Very Good,1.0,True,provisional,0,2026-10-04T06:19:03Z,1,2026-10-02,San Diego Fish Reports dock totals,7,backfilled
L1|2026-10-02|kelp_nearshore|calico_bass,L1,2026-10-02,kelp_nearshore,calico_bass,7,204.0,123.5,131.0,295.0,426.0,3.4494,1.7014,2.027,90.1,Excellent,1.0,True,provisional,0,2026-10-04T06:19:03Z,1,2026-10-02,San Diego Fish Reports dock totals,7,backfilled
L1|2026-10-02|kelp_nearshore|california_halibut,L1,2026-10-02,kelp_nearshore,california_halibut,7,204.0,123.5,0.0,0.0,0.0,0.0,0.5,,,,,True,no_reference,0,2026-10-04T06:19:03Z,1,2026-10-02,San Diego Fish Reports dock totals,7,backfilled;reference_default;sparse_species
L1|2026-10-02|kelp_nearshore|rockfish,L1,2026-10-02,kelp_nearshore,rockfish,7,204.0,123.5,0.0,0.0,0.0,0.0,0.9295,0.0,0.0,Poor,0.0,True,provisional,0,2026-10-04T06:19:03Z,1,2026-10-02,San Diego Fish Reports dock totals,7,backfilled;effort_adjusted_zero
L1|2026-10-02|kelp_nearshore|sand_bass,L1,2026-10-02,kelp_nearshore,sand_bass,7,204.0,123.5,107.0,8.0,115.0,0.9312,0.3533,2.636,93.2,Excellent,1.0,True,provisional,0,2026-10-04T06:19:03Z,1,2026-10-02,San Diego Fish Reports dock totals,7,backfilled
L1|2026-10-02|kelp_nearshore|sheephead,L1,2026-10-02,kelp_nearshore,sheephead,7,204.0,123.5,28.0,0.0,28.0,0.2267,0.14,1.619,82.9,Very Good,1.0,True,provisional,0,2026-10-04T06:19:03Z,1,2026-10-02,San Diego Fish Reports dock totals,7,backfilled
L1|2026-10-02|kelp_nearshore|white_seabass,L1,2026-10-02,kelp_nearshore,white_seabass,7,204.0,123.5,0.0,0.0,0.0,0.0,0.5,,,,,True,no_reference,0,2026-10-04T06:19:03Z,1,2026-10-02,San Diego Fish Reports dock totals,7,backfilled;reference_default;sparse_species
L1|2026-10-02|kelp_nearshore|yellowtail,L1,2026-10-02,kelp_nearshore,yellowtail,7,204.0,123.5,7.0,21.0,28.0,0.2267,0.1053,2.153,90.8,Excellent,1.0,True,provisional,0,2026-10-04T06:19:03Z,1,2026-10-02,San Diego Fish Reports dock totals,7,backfilled
L1|2026-10-02|offshore_banks|barracuda,L1,2026-10-02,offshore_banks,barracuda,9,199.0,211.5,0.0,0.0,0.0,0.0,0.5,,,,,True,no_reference,0,2026-10-04T06:19:03Z,1,2026-10-02,San Diego Fish Reports dock totals,9,overnight_destination_uncertain;backfilled;reference_default
L1|2026-10-02|offshore_banks|bluefin_tuna,L1,2026-10-02,offshore_banks,bluefin_tuna,9,199.0,211.5,0.0,0.0,0.0,0.0,0.0042,,,,,True,no_reference,0,2026-10-04T06:19:03Z,1,2026-10-02,San Diego Fish Reports dock totals,9,overnight_destination_uncertain;backfilled;reference_species_fallback
L1|2026-10-02|offshore_banks|bonito,L1,2026-10-02,offshore_banks,bonito,9,199.0,211.5,0.0,0.0,0.0,0.0,0.0297,0.0,0.0,Poor,0.0,True,provisional,0,2026-10-04T06:19:03Z,1,2026-10-02,San Diego Fish Reports dock totals,9,overnight_destination_uncertain;backfilled;effort_adjusted_zero
L1|2026-10-02|offshore_banks|dorado,L1,2026-10-02,offshore_banks,dorado,9,199.0,211.5,17.0,0.0,17.0,0.0804,0.068,1.182,74.6,Good,1.0,True,provisional,0,2026-10-04T06:19:03Z,1,2026-10-02,San Diego Fish Reports dock totals,9,overnight_destination_uncertain;backfilled
L1|2026-10-02|offshore_banks|rockfish,L1,2026-10-02,offshore_banks,rockfish,9,199.0,211.5,0.0,0.0,0.0,0.0,0.0499,,,,,True,no_reference,0,2026-10-04T06:19:03Z,1,2026-10-02,San Diego Fish Reports dock totals,9,overnight_destination_uncertain;backfilled;reference_species_fallback
L1|2026-10-02|offshore_banks|sheephead,L1,2026-10-02,offshore_banks,sheephead,9,199.0,211.5,0.0,0.0,0.0,0.0,0.5,,,,,True,no_reference,0,2026-10-04T06:19:03Z,1,2026-10-02,San Diego Fish Reports dock totals,9,overnight_destination_uncertain;backfilled;reference_default
L1|2026-10-02|offshore_banks|white_seabass,L1,2026-10-02,offshore_banks,white_seabass,9,199.0,211.5,0.0,0.0,0.0,0.0,0.5,,,,,True,no_reference,0,2026-10-04T06:19:03Z,1,2026-10-02,San Diego Fish Reports dock totals,9,overnight_destination_uncertain;backfilled;reference_default;sparse_species
L1|2026-10-02|offshore_banks|yellowfin_tuna,L1,2026-10-02,offshore_banks,yellowfin_tuna,9,199.0,211.5,479.0,0.0,479.0,2.2648,1.0526,2.152,90.8,Excellent,1.0,True,provisional,0,2026-10-04T06:19:03Z,1,2026-10-02,San Diego Fish Reports dock totals,9,overnight_destination_uncertain;backfilled
L1|2026-10-02|offshore_banks|yellowtail,L1,2026-10-02,offshore_banks,yellowtail,9,199.0,211.5,77.0,0.0,77.0,0.3641,0.3983,0.914,67.9,Good,1.0,True,provisional,0,2026-10-04T06:19:03Z,1,2026-10-02,San Diego Fish Reports dock totals,9,overnight_destination_uncertain;backfilled
L1|2026-10-03|extended_offshore|bluefin_tuna,L1,2026-10-03,extended_offshore,bluefin_tuna,1,4.0,10.0,2.5,0.0,2.5,0.25,0.0233,,,,,False,insufficient_effort,0,2026-10-04T06:19:05Z,0,2026-10-03,San Diego Fish Reports dock totals,1,backfilled;multi_day_split
L1|2026-10-03|extended_offshore|bonito,L1,2026-10-03,extended_offshore,bonito,1,4.0,10.0,0.0,0.0,0.0,0.0,0.0623,,,,,False,insufficient_effort,0,2026-10-04T06:19:05Z,0,2026-10-03,San Diego Fish Reports dock totals,1,backfilled;multi_day_split;reference_species_fallback
L1|2026-10-03|extended_offshore|dorado,L1,2026-10-03,extended_offshore,dorado,1,4.0,10.0,0.0,0.0,0.0,0.0,0.1053,,,,,False,insufficient_effort,0,2026-10-04T06:19:05Z,0,2026-10-03,San Diego Fish Reports dock totals,1,backfilled;multi_day_split
L1|2026-10-03|extended_offshore|rockfish,L1,2026-10-03,extended_offshore,rockfish,1,4.0,10.0,0.0,0.0,0.0,0.0,0.0499,,,,,False,insufficient_effort,0,2026-10-04T06:19:05Z,0,2026-10-03,San Diego Fish Reports dock totals,1,backfilled;multi_day_split
L1|2026-10-03|extended_offshore|sheephead,L1,2026-10-03,extended_offshore,sheephead,1,4.0,10.0,0.0,0.0,0.0,0.0,0.5,,,,,False,insufficient_effort,0,2026-10-04T06:19:05Z,0,2026-10-03,San Diego Fish Reports dock totals,1,backfilled;multi_day_split;reference_default
L1|2026-10-03|extended_offshore|white_seabass,L1,2026-10-03,extended_offshore,white_seabass,1,4.0,10.0,0.0,0.0,0.0,0.0,0.5,,,,,False,insufficient_effort,0,2026-10-04T06:19:05Z,0,2026-10-03,San Diego Fish Reports dock totals,1,backfilled;multi_day_split;reference_default;sparse_species
L1|2026-10-03|extended_offshore|yellowfin_tuna,L1,2026-10-03,extended_offshore,yellowfin_tuna,1,4.0,10.0,5.0,0.0,5.0,0.5,0.1359,,,,,False,insufficient_effort,0,2026-10-04T06:19:05Z,0,2026-10-03,San Diego Fish Reports dock totals,1,backfilled;multi_day_split
L1|2026-10-03|extended_offshore|yellowtail,L1,2026-10-03,extended_offshore,yellowtail,1,4.0,10.0,7.0,0.0,7.0,0.7,0.9301,,,,,False,insufficient_effort,0,2026-10-04T06:19:05Z,0,2026-10-03,San Diego Fish Reports dock totals,1,backfilled;multi_day_split
L1|2026-10-03|kelp_nearshore|barracuda,L1,2026-10-03,kelp_nearshore,barracuda,12,408.0,221.8,81.0,0.0,81.0,0.3652,0.0421,8.674,100.0,Excellent,1.0,True,provisional,0,2026-10-04T06:19:05Z,0,2026-10-03,San Diego Fish Reports dock totals,12,backfilled
L1|2026-10-03|kelp_nearshore|bonito,L1,2026-10-03,kelp_nearshore,bonito,12,408.0,221.8,123.0,0.0,123.0,0.5546,0.7162,0.774,64.4,Good,1.0,True,provisional,0,2026-10-04T06:19:05Z,0,2026-10-03,San Diego Fish Reports dock totals,12,backfilled
L1|2026-10-03|kelp_nearshore|calico_bass,L1,2026-10-03,kelp_nearshore,calico_bass,12,408.0,221.8,128.0,290.0,418.0,1.8846,1.7014,1.108,72.7,Good,1.0,True,provisional,0,2026-10-04T06:19:05Z,0,2026-10-03,San Diego Fish Reports dock totals,12,backfilled
L1|2026-10-03|kelp_nearshore|california_halibut,L1,2026-10-03,kelp_nearshore,california_halibut,12,408.0,221.8,0.0,0.0,0.0,0.0,0.5,,,,,True,no_reference,0,2026-10-04T06:19:05Z,0,2026-10-03,San Diego Fish Reports dock totals,12,backfilled;reference_default;sparse_species
L1|2026-10-03|kelp_nearshore|rockfish,L1,2026-10-03,kelp_nearshore,rockfish,12,408.0,221.8,0.0,0.0,0.0,0.0,0.9295,0.0,0.0,Poor,0.0,True,provisional,0,2026-10-04T06:19:05Z,0,2026-10-03,San Diego Fish Reports dock totals,12,backfilled;effort_adjusted_zero
L1|2026-10-03|kelp_nearshore|sand_bass,L1,2026-10-03,kelp_nearshore,sand_bass,12,408.0,221.8,172.0,0.0,172.0,0.7755,0.3533,2.195,91.0,Excellent,1.0,True,provisional,0,2026-10-04T06:19:05Z,0,2026-10-03,San Diego Fish Reports dock totals,12,backfilled
L1|2026-10-03|kelp_nearshore|sheephead,L1,2026-10-03,kelp_nearshore,sheephead,12,408.0,221.8,24.0,0.0,24.0,0.1082,0.14,0.773,64.3,Good,1.0,True,provisional,0,2026-10-04T06:19:05Z,0,2026-10-03,San Diego Fish Reports dock totals,12,backfilled
L1|2026-10-03|kelp_nearshore|white_seabass,L1,2026-10-03,kelp_nearshore,white_seabass,12,408.0,221.8,2.0,0.0,2.0,0.009,0.5,,,,,True,no_reference,0,2026-10-04T06:19:05Z,0,2026-10-03,San Diego Fish Reports dock totals,12,backfilled;reference_default;sparse_species
L1|2026-10-03|kelp_nearshore|yellowtail,L1,2026-10-03,kelp_nearshore,yellowtail,12,408.0,221.8,23.0,0.0,23.0,0.1037,0.1053,0.985,69.6,Good,1.0,True,provisional,0,2026-10-04T06:19:05Z,0,2026-10-03,San Diego Fish Reports dock totals,12,backfilled
L1|2026-10-03|offshore_banks|barracuda,L1,2026-10-03,offshore_banks,barracuda,4,138.0,138.0,0.0,0.0,0.0,0.0,0.5,,,,,True,no_reference,0,2026-10-04T06:19:05Z,0,2026-10-03,San Diego Fish Reports dock totals,4,overnight_destination_uncertain;backfilled;reference_default
L1|2026-10-03|offshore_banks|bluefin_tuna,L1,2026-10-03,offshore_banks,bluefin_tuna,4,138.0,138.0,0.0,0.0,0.0,0.0,0.0042,,,,,True,no_reference,0,2026-10-04T06:19:05Z,0,2026-10-03,San Diego Fish Reports dock totals,4,overnight_destination_uncertain;backfilled;reference_species_fallback
L1|2026-10-03|offshore_banks|bonito,L1,2026-10-03,offshore_banks,bonito,4,138.0,138.0,0.0,0.0,0.0,0.0,0.0297,0.0,0.0,Poor,0.0,True,provisional,0,2026-10-04T06:19:05Z,0,2026-10-03,San Diego Fish Reports dock totals,4,overnight_destination_uncertain;backfilled;effort_adjusted_zero
L1|2026-10-03|offshore_banks|dorado,L1,2026-10-03,offshore_banks,dorado,4,138.0,138.0,31.0,0.0,31.0,0.2246,0.068,3.303,96.5,Excellent,1.0,True,provisional,0,2026-10-04T06:19:05Z,0,2026-10-03,San Diego Fish Reports dock totals,4,overnight_destination_uncertain;backfilled
L1|2026-10-03|offshore_banks|rockfish,L1,2026-10-03,offshore_banks,rockfish,4,138.0,138.0,0.0,0.0,0.0,0.0,0.0499,,,,,True,no_reference,0,2026-10-04T06:19:05Z,0,2026-10-03,San Diego Fish Reports dock totals,4,overnight_destination_uncertain;backfilled;reference_species_fallback
L1|2026-10-03|offshore_banks|sheephead,L1,2026-10-03,offshore_banks,sheephead,4,138.0,138.0,0.0,0.0,0.0,0.0,0.5,,,,,True,no_reference,0,2026-10-04T06:19:05Z,0,2026-10-03,San Diego Fish Reports dock totals,4,overnight_destination_uncertain;backfilled;reference_default
L1|2026-10-03|offshore_banks|white_seabass,L1,2026-10-03,offshore_banks,white_seabass,4,138.0,138.0,0.0,0.0,0.0,0.0,0.5,,,,,True,no_reference,0,2026-10-04T06:19:05Z,0,2026-10-03,San Diego Fish Reports dock totals,4,overnight_destination_uncertain;backfilled;reference_default;sparse_species
L1|2026-10-03|offshore_banks|yellowfin_tuna,L1,2026-10-03,offshore_banks,yellowfin_tuna,4,138.0,138.0,264.0,0.0,264.0,1.913,1.0526,1.817,86.6,Very Good,1.0,True,provisional,0,2026-10-04T06:19:05Z,0,2026-10-03,San Diego Fish Reports dock totals,4,overnight_destination_uncertain;backfilled
L1|2026-10-03|offshore_banks|yellowtail,L1,2026-10-03,offshore_banks,yellowtail,4,138.0,138.0,46.0,0.0,46.0,0.3333,0.3983,0.837,65.9,Good,1.0,True,provisional,0,2026-10-04T06:19:05Z,0,2026-10-03,San Diego Fish Reports dock totals,4,overnight_destination_uncertain;backfilled
