station,doy,wave_norm,wave_sd,wave_p10,wave_p50,wave_p90,wave_n,wave_years,wind_norm,wind_sd,wind_p10,wind_p50,wind_p90,wind_n,wind_years,buoysst_norm,buoysst_sd,buoysst_p10,buoysst_p50,buoysst_p90,buoysst_n,buoysst_years
46086,1,8.389142671009695,8.94984983653373,3.196768475,5.948573025,11.516431908333333,316.0,24.0,8.266573884707967,4.461002289853998,3.979448968115942,7.16791,14.502261300000002,310.0,24.0,60.46859730212538,1.6328518166284494,58.31,60.3575,62.8175,281,23
46086,2,8.217156865673418,8.681300760834601,3.241880025,5.836477658333333,11.387962059420289,316.0,24.0,8.147911708604385,4.3214722193929545,3.968673333333333,6.892532666666667,14.271025333333334,311.0,24.0,60.41249581616349,1.61558211325328,58.295750000000005,60.34625,62.75899999999999,282,23
46086,3,8.051775678860377,8.340926376640752,3.196768475,5.816655916666667,11.247159342753623,316.0,24.0,8.034961847504553,4.273213516169099,3.904909490909091,6.815588999999999,14.213590495652175,312.0,24.0,60.37109249929667,1.5835680878627996,58.2852,60.305,62.5985,283,23
46086,4,7.910135205381992,8.1175607275373,3.1530239416666666,5.809820833333333,11.1302497,316.0,24.0,7.957445488476485,4.249815966872038,3.925084193939394,6.665751333333334,14.183576009661838,313.0,24.0,60.33216780127405,1.5531852744700854,58.259825,60.30125,62.5535,284,23
46086,5,7.90983171599048,8.350641980929138,3.1304681666666667,5.836477658333333,10.993548033333333,316.0,24.0,7.874384108907127,4.082534480017229,3.930532836363636,6.6819500000000005,13.567463244444442,314.0,24.0,60.297407143847764,1.5130504628423704,58.209500000000006,60.267500000000005,62.435,285,23
46086,6,7.874822776171234,8.454560483372523,3.1859690433333334,5.854159721739131,10.803259313333339,315.0,24.0,7.760219930812178,3.9196327428827162,3.9819139826086962,6.633354,12.917345017391304,314.0,24.0,60.26837571745569,1.4689854839403655,58.209500000000006,60.24285714285714,62.37499999999999,285,23
46086,7,7.793810436017554,8.467252453989316,3.1222660666666666,5.816655916666667,10.768947194999994,314.0,24.0,7.7071476541300905,3.8977418672423014,3.9722652115942028,6.532350549019608,12.617141466666661,314.0,24.0,60.245967288775304,1.4335027223328847,58.209500000000006,60.24285714285714,62.198,285,23
46086,8,7.699772250117258,8.396528361156818,3.1061352700000002,5.785898041666667,10.462473945434782,330.0,24.0,7.678545431271375,3.8579885665651252,3.9844494260869565,6.434920333333333,12.243163553623202,330.0,24.0,60.24307725766987,1.433335649821717,58.181000000000004,60.24542857142857,62.1455,300,23
46086,9,7.653348126831116,8.344057294342074,3.0714130466666667,5.761975250000001,10.462473945434782,330.0,24.0,7.649929360855599,3.8041413510288207,3.979448968115942,6.422771333333333,12.239113886956535,330.0,24.0,60.23063125964615,1.418880920602198,58.181000000000004,60.255250000000004,62.078375,300,23
46086,10,7.655957845057276,8.26456043607539,3.14304472,5.740444737499999,10.51191834391305,330.0,24.0,7.661250456503394,3.8294462516366536,3.979448968115942,6.406572666666667,12.239113886956535,330.0,24.0,60.22383875964614,1.4084606656783252,58.1645,60.26500000000001,62.061375000000005,300,23
46086,11,7.703614947836275,8.406091864025385,3.14304472,5.754114904166666,10.51191834391305,330.0,24.0,7.57403023722231,3.766079535698262,3.979448968115942,6.3822746666666665,12.094487965217397,330.0,24.0,60.22100839732732,1.3960770313086748,58.304,60.267500000000005,61.97975,300,23
46086,12,7.770332983342308,8.58834482375685,3.2436571466666666,5.766076299999999,10.903051529999999,329.0,24.0,7.60588231827473,3.856735597596894,3.9678633999999997,6.3863243333333335,12.758069866666672,330.0,24.0,60.20341235695464,1.3771921783011367,58.324250000000006,60.27125,61.9295,300,23
46086,13,7.789763069731832,8.6772998136737,3.333880246666667,5.766076300000001,10.601980968043481,328.0,24.0,7.6115072141339075,3.8770423733461366,3.9678633999999997,6.3863243333333335,12.758069866666672,330.0,24.0,60.182310980143036,1.3683695146931467,58.325,60.27125,61.865750000000006,300,23
46086,14,7.817034452219266,8.81316502673829,3.4627774909090907,5.730533866666666,10.434711620000002,327.0,24.0,7.6902600655939874,4.00462401164898,3.9824422,6.406572666666667,12.895371173913047,330.0,24.0,60.162327346602666,1.3580206048184502,58.324250000000006,60.26500000000001,61.7465,300,23
46086,15,7.812177737893885,8.917947711663711,3.5785078791666667,5.712079141666667,10.439222775000001,326.0,24.0,7.716507824892858,3.895832719138315,4.022938866666666,6.5809465490196075,12.762119533333339,330.0,24.0,60.148291513269335,1.3359651563207509,58.324250000000006,60.26500000000001,61.7,300,23
46086,16,7.814896903111,8.990491593036523,3.5854113133333327,5.629374633333334,10.465950922608695,325.0,24.0,7.846974003464027,3.926304504279404,4.1209408,6.754844,12.895371173913047,330.0,24.0,60.127617419066446,1.317702629305508,58.332,60.24542857142857,61.685750000000006,300,23
46086,17,7.830460308154351,9.085097207583848,3.583770893333333,5.591781675,10.779645586304342,324.0,24.0,7.8311269735792575,3.830215284530585,4.149639437777778,6.893882555555556,12.762119533333339,330.0,24.0,60.10880136834181,1.3102964426259511,58.340775,60.2175,61.62425,300,23
46086,18,7.853984943504763,9.229821949630061,3.582130473333333,5.6922574,10.82406174086957,323.0,24.0,7.859884500355091,3.9493335485322865,4.121750733333333,6.885783222222222,12.949777565217394,330.0,24.0,60.08892654150198,1.3180524844413168,58.340775,60.14375,61.62425,300,23
46086,19,7.847595365024087,9.277539923135311,3.6007219,5.645095325,10.811883405434795,322.0,24.0,7.794709953369599,3.908415567347866,3.9921614,6.754844,12.886579288888893,330.0,24.0,60.06905911396574,1.317696462136553,58.340775,60.11625,61.56575,300,23
46086,20,7.800113460731521,9.176888552277521,3.5979878666666667,5.551454683333334,10.850011283333332,321.0,24.0,7.879395665410382,3.948828400872932,4.036707733333333,6.912781000000001,13.203533200000019,330.0,24.0,60.0467346936759,1.3176091253176243,58.32650000000001,60.064375,61.55825,300,23
46086,21,7.765875290501666,9.121962946552113,3.596074043333333,5.474218241666667,10.506860382246384,320.0,24.0,7.951651302370459,4.016472477678088,3.920077333333333,7.0558692222222215,13.957581133333335,330.0,24.0,60.033203860342546,1.3274899762382066,58.32650000000001,60.064375,61.5575,300,23
46086,22,7.75061639538875,9.029548967402839,3.5787129316666664,5.49950805,10.54498826014492,319.0,24.0,7.943133737228563,4.0629593800296435,3.915217733333333,7.011997833333334,13.957581133333335,330.0,24.0,60.016950164690385,1.3312062097851811,58.340775,59.97125,61.5575,300,23
46086,23,7.797568140426465,9.232879944738817,3.5922463966666665,5.5036091,10.546670285000005,318.0,24.0,7.952072567808483,4.032403123537161,3.8629770333333333,7.050469666666666,13.972159933333336,330.0,24.0,60.00153907773386,1.332699645392535,58.32650000000001,59.93000000000001,61.5575,300,23
46086,24,7.7672049171913855,9.093751933599664,3.5903325733333333,5.5200133,10.337926840000005,317.0,24.0,8.060701711202901,4.132520386813743,3.8706714,7.103115333333334,14.056393,330.0,24.0,59.98651237812912,1.3299767762140187,58.32650000000001,59.91250000000001,61.5305,300,23
46086,25,7.769279417287387,9.03512070705606,3.5730398125000002,5.552821700000001,10.3510502,316.0,24.0,8.151719785334894,4.219772161840561,3.8706714,7.127413333333334,14.126857200000009,330.0,24.0,59.970746363636366,1.3211266159929458,58.340775,59.91250000000001,61.487,300,23
46086,26,7.737539130792499,8.925861227893646,3.5077647666666665,5.570592916666667,10.24743033666667,315.0,24.0,8.289557348836576,4.235352929663729,4.0476418333333335,7.265102,14.440301400000001,330.0,24.0,59.95159303030302,1.3132204197613602,58.340775,59.91250000000001,61.42850000000001,300,23
46086,27,7.690731405851402,8.891976709243096,3.424103346666667,5.5623908166666665,10.085165458333341,315.0,24.0,8.33810431971171,4.286853016470016,4.1586027,7.281300666666667,14.126857200000009,330.0,24.0,59.932400530303035,1.3134806198346878,58.340775,59.901250000000005,61.41575,300,23
46086,28,7.620875904852827,8.911461970308327,3.2972442,5.526848383333333,9.453467056666671,315.0,24.0,8.416678551164035,4.2867788289779405,4.1586027,7.3258469999999996,14.126857200000009,330.0,24.0,59.916145240447946,1.3230296087506441,58.367,59.89625,61.41575,300,23
46086,29,7.485860910417145,8.716929943423729,3.2808400000000004,5.486911967857143,9.238298633333333,316.0,24.0,8.397408161050336,4.153867971961365,4.174642901449275,7.312113347826086,14.126857200000009,330.0,24.0,59.902697238489296,1.3284294704643551,58.3791,59.855,61.4045,299,23
46086,30,7.430782235547682,8.733892465303255,3.2518592466666667,5.3805776,9.106244823333334,317.0,24.0,8.36504983379429,4.173866055388527,4.163920088405797,7.265102,14.440301400000001,330.0,24.0,59.88472726277954,1.3429810207496542,58.378275,59.855,61.44050000000001,298,23
46086,31,7.389150962191601,8.724040179622744,3.2874016800000003,5.332732016666666,8.995926578333334,318.0,24.0,8.299537972780335,4.173343307499955,4.1586027,7.147661666666667,14.01022680000001,330.0,24.0,59.872037719088105,1.3554515669101361,58.3705,59.855,61.5005,297,23
46086,32,7.345681616042311,8.640968840615615,3.298337813333333,5.317694833333333,8.759569396666665,319.0,24.0,8.331551033678133,4.200951345318478,4.144293877777778,7.203007111111111,14.513870344444445,330.0,24.0,59.85972332683473,1.3636391902611067,58.35125,59.8475,61.505,296,23
46086,33,7.281937029292348,8.515420354822604,3.2939633600000002,5.2445594416666665,8.899005096666672,320.0,24.0,8.347555573466494,4.0380013242590875,4.174642901449275,7.324262347826087,13.87577786666667,330.0,24.0,59.843717612380246,1.3679716419954895,58.295,59.84,61.5095,295,23
46086,34,7.24126854143443,8.50300895781752,3.232994416666666,5.124261975,8.999070716666667,321.0,24.0,8.410942867937518,3.9876761434700496,4.237113411594203,7.427088666666667,13.858769266666668,330.0,24.0,59.82728978112985,1.3829394240205632,58.2416,59.8325,61.5485,294,23
46086,35,7.2225023061437215,8.441483437443482,3.2361385549999997,5.117426891666666,8.873168481666669,322.0,24.0,8.421884249664519,4.022694697666855,4.2116533333333335,7.39401638888889,13.858769266666668,330.0,24.0,59.81124324825641,1.4067804988946093,58.136,59.825,61.760000000000005,293,23
46086,36,7.2347249771965405,8.427063459408314,3.301618653333333,5.149551783333333,8.804134140000002,323.0,24.0,8.470599373648753,4.032703400468539,4.389697808695652,7.366343666666667,13.936522866666667,330.0,24.0,59.79345341083128,1.426002878746699,58.073,59.806250000000006,61.98725000000001,292,23
46086,37,7.281928942317583,8.569046477220104,3.344269573333334,5.159804408333333,8.620270398333332,324.0,24.0,8.57982446816932,4.062373088470629,4.4684022,7.4389994509803925,14.513870344444445,330.0,24.0,59.779132393118616,1.4496860550344817,57.95913043478261,59.8025,62.01304347826087,291,23
46086,38,7.351435162797992,8.519964766003623,3.426290573333333,5.2055994666666665,8.856354176666668,325.0,24.0,8.704837058978915,4.148666306429662,4.5364366,7.541118754385964,14.775613800000004,330.0,24.0,59.76933633540373,1.4806669193377928,57.842,59.79875,62.14325,290,23
46086,39,7.430234417961255,8.660887229102595,3.4645670399999995,5.215168583333333,8.856354176666668,325.0,24.0,8.739851977532984,4.071902737607062,4.5510154,7.632946722222222,14.775613800000004,330.0,24.0,59.751895570504416,1.5122704277416499,57.828500000000005,59.78260869565217,62.288,289,23
46086,40,7.47604102965561,8.748706049665085,3.5370189233333336,5.2411419,9.007272816666667,325.0,24.0,8.82436260978745,4.048791572267902,4.583412733333333,7.787509,14.947724633333333,330.0,24.0,59.73680768525708,1.5384062543543924,57.7955,59.79255434782608,62.31180434782609,288,23
46086,41,7.516973513694407,8.801922139675096,3.5970433824242423,5.215168583333333,9.079998103333336,325.0,24.0,8.833270240225163,4.102703720015008,4.598801466666666,7.711780233333333,14.992270966666666,330.0,24.0,59.72052565628585,1.5669954034157614,57.7235,59.76695652173913,62.31226086956522,287,23
46086,42,7.5354992708350705,8.766160062346268,3.623140973333333,5.2411419,9.079998103333336,325.0,24.0,8.803662082731801,4.037596863189672,4.600421333333333,7.632946722222222,14.992270966666666,330.0,24.0,59.70653604547627,1.5850673191401168,57.694375,59.75,62.30521739130435,286,23
46086,43,7.548665648842063,8.64535314123872,3.6395451733333335,5.264381183333334,9.237989568695655,325.0,24.0,8.819593427836528,4.062935358388534,4.598801466666666,7.788858888888889,14.992270966666666,330.0,24.0,59.68778441756565,1.5975429315634007,57.68525,59.712500000000006,62.285,285,23
46086,44,7.615850158237784,8.676895239407441,3.697150066956522,5.284202925,9.435969243333332,324.0,24.0,8.892568553287727,4.097904924975985,4.598801466666666,7.896849999999999,15.039767771428572,330.0,24.0,59.66373563800806,1.6127129928308943,57.652499999999996,59.682500000000005,62.2175,285,23
46086,45,7.614123791579359,8.453340824128743,3.712959911884058,5.366907433333334,9.261383384347829,323.0,24.0,8.976172598503425,4.080356243705563,4.615000133333333,8.027789222222221,15.039767771428572,330.0,24.0,59.65089440993788,1.6221845853252812,57.626000000000005,59.682500000000005,62.141,285,23
46086,46,7.623755698162977,8.33863665636765,3.65977702,5.3723755,9.45756810666667,323.0,24.0,9.126653872273003,4.1652372634234025,4.615000133333333,8.151978999999999,15.414111244444445,330.0,24.0,59.63910741527734,1.6286003198760342,57.6065,59.6525,62.1275,285,23
46086,47,7.670769815886673,8.475666526123453,3.681102479999999,5.4625986,9.544510366666668,323.0,24.0,9.275646302188097,4.278508265416445,4.6311988,8.263080724637682,15.71500147777778,330.0,24.0,59.624369390868466,1.6392497749064054,57.545,59.557500000000005,62.141,285,23
46086,48,7.683582281655314,8.571793235960266,3.681102479999999,5.430473708333333,9.544510366666668,323.0,24.0,9.269154797551252,4.280760990779223,4.6311988,8.284943055555555,15.71500147777778,330.0,24.0,59.61580623297374,1.6512700184856717,57.5135,59.5505,62.18149999999999,285,23
46086,49,7.703673905914224,8.672720801969126,3.66223765,5.430473708333333,9.583880446666667,323.0,24.0,9.265152581524315,4.288973060501922,4.649827266666667,8.303166555555556,15.763327500000004,330.0,24.0,59.60924658385093,1.6641949178309512,57.527,59.532500000000006,62.2385,285,23
46086,50,7.676239193411644,8.724746593392787,3.621500553333333,5.3723755,9.583880446666667,323.0,24.0,9.243997589335345,4.251946307442136,4.715161888888889,8.267130391304349,15.71500147777778,330.0,24.0,59.611207987359705,1.6678716500120887,57.527,59.532500000000006,62.2385,285,23
46086,51,7.662963494871278,8.79407511441295,3.5329773088405805,5.3723755,9.583880446666667,323.0,24.0,9.284207761317097,4.282908701781304,4.715161888888889,8.285618,15.75522816666667,330.0,24.0,59.61976327231121,1.6633412635246292,57.566750000000006,59.532500000000006,62.29126086956522,285,23
46086,52,7.672485814231015,8.720231031833562,3.59420992969697,5.4625986,9.66535464,323.0,24.0,9.297745615737451,4.293662842903431,4.7377050333333335,8.230683391304348,16.07289559047619,330.0,24.0,59.61745003813884,1.6545255344781309,57.5885,59.54,62.29126086956522,285,23
46086,53,7.652613146879877,8.742423052198022,3.5940483731818182,5.446536154166667,9.674650353333336,322.0,24.0,9.236090365079686,4.2720756215410844,4.735950177777778,8.320715111111111,15.756443066666666,329.0,24.0,59.62279435854256,1.6423838399160593,57.641,59.54125,62.2445,284,23
46086,54,7.663085834694939,8.854512590848516,3.584044296666667,5.4653326333333325,9.718394886666667,322.0,24.0,9.195758740446237,4.239832265098878,4.7498540333333334,8.249171,15.85484996666667,328.0,24.0,59.63624423874634,1.631634985179215,57.6365,59.532500000000006,62.20099999999999,283,23
46086,55,7.694256172605506,8.928412297356473,3.5337380833333336,5.55692275,9.709099173333337,322.0,24.0,9.198959607014194,4.188732171368219,4.764027866666667,8.285618,15.681436197101451,327.0,24.0,59.650097517730494,1.624249706389017,57.67400000000001,59.53625,62.191250000000004,282,23
46086,56,7.671074258958816,8.832740297294954,3.584044296666667,5.611603416666667,9.21464924500001,322.0,24.0,9.272208635884743,4.074863078908964,4.943968055555556,8.358512000000001,15.405606944444445,326.0,24.0,59.660034373989,1.6134665181518417,57.6875,59.5505,62.195,281,23
46086,57,7.652267171254457,9.039958124149372,3.464293636666667,5.574693966666667,8.963932444782609,322.0,24.0,9.309447445207933,4.032874313475753,5.005388,8.390909333333333,15.114513047619058,325.0,24.0,59.67268092532468,1.6086106650072058,57.694250000000004,59.556250000000006,62.19575,280,23
46086,58,7.657608797480374,9.273470410253683,3.360673773333333,5.574693966666667,8.607625494166667,322.0,24.0,9.245170841574598,3.95847022900461,5.0126774,8.390909333333333,14.92429441904762,324.0,24.0,59.69656687846203,1.6058703020141036,57.69950000000001,59.5975,62.221999999999994,279,23
46086,59,7.678937433734592,9.396292276974995,3.292459641666667,5.5856300999999995,8.607625494166667,322.0,24.0,9.309752502363914,4.003475357303605,5.031305866666666,8.390909333333333,15.222697000000004,323.0,24.0,59.721071889129014,1.6042054876729057,57.719,59.62,62.23175,278,23
46086,60,7.713974603648985,9.491855767805204,3.292459641666667,5.5979332500000005,8.607625494166667,322.0,24.0,9.396460061377876,4.026312826154518,5.054118988888889,8.41453238888889,15.282092111111112,322.0,24.0,59.72646588590346,1.5979130857895858,57.7415,59.60999999999999,62.241499999999995,277,23
46086,61,7.734004337644526,9.522719767846011,3.2986112166666666,5.529582416666667,8.60810395,321.0,24.0,9.347025315627205,4.034229579714613,5.037785333333333,8.390909333333333,15.283442,321.0,24.0,59.74317366242769,1.5961058095231777,57.75125,59.62,62.3075,276,23
46086,62,7.6936338788081695,9.462455902881665,3.2875383816666663,5.468750174999999,8.693132386666667,320.0,24.0,9.211688344824807,3.9701018627325624,5.0272562,8.390909333333333,14.959603655555558,320.0,24.0,59.76346131208113,1.5849291951143016,57.7625,59.656875,62.3075,276,23
46086,63,7.682167555710892,9.44307465130004,3.2909559233333336,5.469433683333333,8.694772806666666,319.0,24.0,9.191485830504833,3.9610599298708817,4.998908533333333,8.390909333333333,15.052599261835748,319.0,24.0,59.78063233230223,1.5717936329013267,57.815,59.700625,62.2475,276,23
46086,64,7.654509292763958,9.386499961997144,3.2965606916666665,5.463965616666666,8.604754759166667,318.0,24.0,9.157227935354854,3.98321881236538,4.968131066666667,8.41453238888889,14.976072300000002,318.0,24.0,59.80844140602623,1.5556400046447025,57.87222826086956,59.735,62.176249999999996,276,23
46086,65,7.670953469530605,9.329083154509458,3.2958771833333333,5.500191558333333,8.698053646666667,317.0,24.0,9.219574511750933,4.028190164994242,5.0394052,8.438155444444446,14.984306622222226,317.0,24.0,59.82574236695881,1.5425387347681323,57.916250000000005,59.72,62.176249999999996,276,23
46086,66,7.687914166836971,9.3364668457502,3.295193675,5.4574722875,8.823750829166666,316.0,24.0,9.161712138568841,3.9301566997266497,5.049259388888888,8.48806611884058,14.765084666666667,316.0,24.0,59.838251220856954,1.5484288879958488,57.931739130434785,59.707727272727276,62.026250000000005,276,23
46086,67,7.704027655983734,9.477519850004995,3.288905398333333,5.428671731818182,8.921355819166665,314.0,24.0,9.198714470153089,3.8994324064312207,5.061948344444445,8.565397144927536,14.774803866666666,314.0,24.0,59.85579760587238,1.5609301720339719,57.959486956521744,59.72,62.0525,275,23
46086,68,7.680726960466365,9.453457186915236,3.288905398333333,5.41748705,8.869626125434783,314.0,24.0,9.185208099386076,3.885025106579391,5.070047677777778,8.463803333333333,14.774803866666666,314.0,24.0,59.88073280673328,1.6144719082258414,57.96348913043478,59.75375,62.026250000000005,276,23
46086,69,7.638825365766417,9.281270992338305,3.3393483133333337,5.3805776000000005,8.915272595000001,315.0,24.0,9.165826106297859,3.910952384689969,4.9519324000000005,8.479931571014493,14.70892928888889,315.0,24.0,59.90535065798292,1.6427264019757466,58.05715,59.758125,62.3045,278,23
46086,70,7.575061608755105,9.204003768408363,3.2897256083333333,5.32726395,8.909189370833333,316.0,24.0,9.083101952763593,3.937619804115604,4.704568195652174,8.45097938888889,14.833929000000001,316.0,24.0,59.91983310175849,1.660740856602305,58.06955,59.7575,62.321586956521735,280,23
46086,71,7.536525829098175,9.272385983001486,3.2871282766666665,5.0935041,9.107748541666682,317.0,24.0,8.994490294344347,4.031080365493844,4.610140533333333,8.293717333333333,14.984306622222226,317.0,24.0,59.941806046289514,1.6852798827883748,58.010374999999996,59.758125,62.37428260869565,282,23
46086,72,7.47180101959048,9.017025139953743,3.2816720971014495,5.080517441666666,9.209727985000002,318.0,24.0,8.952732165438057,4.070776176330499,4.5850326,8.254570555555555,15.050721155555557,318.0,24.0,59.96313511702626,1.7139059319295342,58.011125,59.758125,62.476510869565224,284,23
46086,73,7.429185984365504,8.820492732750386,3.2660167844927535,5.075732883333333,9.369532233333334,319.0,24.0,8.913109413730687,4.069960352244994,4.553175222222222,8.245121333333334,14.941920111111111,319.0,24.0,59.980012136578836,1.75292059977254,57.97425,59.758125,62.52875,286,23
46086,74,7.3767612493454235,8.674037901104853,3.3258148483333336,5.080517441666666,9.364747675000002,320.0,24.0,8.823297220629204,3.990484594043486,4.491485300000002,8.212724000000001,14.669107566666668,320.0,24.0,60.005977065884004,1.7737263027403953,57.97795,59.80504347826087,62.54225,288,23
46086,75,7.328626285219274,8.465258520002378,3.333035181818182,5.075732883333333,9.492563733333332,321.0,24.0,8.814908280042006,4.031657555917128,4.493780111111112,8.180326666666668,14.643594666666669,321.0,24.0,60.03467699916276,1.7925437939664854,57.9785,59.866249999999994,62.58350000000001,290,23
46086,76,7.286502620298545,8.317175964471065,3.356982828333334,5.256327672101449,9.302821820000007,322.0,24.0,8.75501755321629,3.885441874244678,4.6198597333333336,8.212724000000001,14.455232344927536,322.0,24.0,60.056632680824244,1.798793159707606,57.988,59.91875,62.57450000000001,292,23
46086,77,7.311843546178462,8.357590777449206,3.434766076666667,5.256476260869565,9.131671333333335,323.0,24.0,8.889157012501519,3.8848598854925687,4.773477088888889,8.255920444444444,14.453154689855072,323.0,24.0,60.06878191636974,1.8063509685772516,57.9815,59.99,62.5655,293,23
46086,78,7.359391212887714,8.39050954996124,3.435579091842105,5.287620466666667,9.267826193333331,324.0,24.0,8.975528647913539,3.8841575657783576,4.774961966666667,8.296417111111111,14.459528513043479,324.0,24.0,60.084725894806795,1.8216135905775097,57.969500000000004,59.9825,62.575250000000004,294,23
46086,79,7.388139961519852,8.381784979760369,3.4850722899999997,5.354604283333334,9.11800116666667,325.0,24.0,9.13779525031344,4.001561277724208,4.814243733333334,8.29911688888889,14.726207866666671,325.0,24.0,60.096511809238564,1.8411376932243166,57.971000000000004,59.99,62.7575,295,23
46086,80,7.359367705463395,8.261465119367042,3.537155625,5.3648569083333335,9.111166083333334,326.0,24.0,9.258231369818425,3.970423668852825,4.952742333333333,8.471902666666667,15.004689944444447,326.0,24.0,60.10998388436758,1.8639194810419655,57.95125,60.005,62.836902173913046,296,23
46086,81,7.341243898497659,8.05163183522212,3.53838594,5.373742516666667,9.21533275333334,327.0,24.0,9.345869256768044,4.027633882470279,4.821263155555556,8.496200666666667,15.187059933333343,327.0,24.0,60.12725200133774,1.87673865851496,57.9525,60.0725,62.907500000000006,297,23
46086,82,7.304116735076892,7.873992599662357,3.492180776666667,5.43192987826087,9.090660833333335,329.0,24.0,9.338290266758134,4.044694195119862,4.7823863555555555,8.496200666666667,15.07285933333333,329.0,24.0,60.154867138868,1.8749613639099003,57.9635,60.095,62.8745,299,23
46086,83,7.294241660198857,7.942757564324785,3.434463894035088,5.398348816666666,9.162839313333338,330.0,24.0,9.386177223130543,4.010457026007922,4.831792288888889,8.569094666666667,15.019403733333336,330.0,24.0,60.18070598753554,1.8536292864836583,57.98675,60.07625,62.795,300,23
46086,84,7.287378136238503,7.965506032611889,3.431188059130435,5.398348816666666,9.162839313333338,330.0,24.0,9.431760443807669,4.016250597091105,4.9802800666666664,8.569094666666667,15.019403733333336,330.0,24.0,60.20820033536162,1.853463340592085,57.98675,60.07625,62.714,300,23
46086,85,7.293204272579615,7.859776324311879,3.452458150263158,5.386729175,9.323805525833334,330.0,24.0,9.531921252242968,4.04696967334546,5.196532266666667,8.701383777777778,15.014544133333336,330.0,24.0,60.231684963161364,1.8526012681569588,57.992,60.087500000000006,62.6555,300,23
46086,86,7.311989233046739,7.720180217930298,3.596210745,5.480072639130435,9.3575708375,330.0,24.0,9.576497784671604,4.04104906632932,5.268616333333333,8.727031666666667,14.92788126666667,330.0,24.0,60.25916764432078,1.8527678794513005,57.994749999999996,60.106249999999996,62.618750000000006,300,23
46086,87,7.344658375957337,7.757901487477255,3.7117236533333333,5.513861725,9.323805525833334,330.0,24.0,9.567073495462045,3.9784708133345905,5.229563460869565,8.824223666666668,14.8813101,330.0,24.0,60.30695658371472,1.8492576593598908,57.994749999999996,60.245000000000005,62.5745,300,23
46086,88,7.3769284785559925,7.941659717758948,3.7474503367391305,5.524797858333333,9.323805525833334,330.0,24.0,9.665887425200006,3.967069800828394,5.351094544444444,8.855001133333333,14.890219366666669,330.0,24.0,60.35552875762776,1.8295580864114835,58.0685,60.268750000000004,62.5745,300,23
46086,89,7.378112538650215,8.062190890500991,3.734006025,5.498378775362319,9.323805525833334,330.0,24.0,9.73976191761693,3.9623291524655704,5.465430133333333,8.921415666666668,15.014544133333336,330.0,24.0,60.39033419241037,1.8226215613775016,58.20125,60.323750000000004,62.618750000000006,300,23
46086,90,7.359175158585538,8.211998580040818,3.6738572916666663,5.398348816666666,8.859088210000001,330.0,24.0,9.652929166083545,3.8370803197246546,5.465430133333333,8.887433681159422,14.744836333333335,330.0,24.0,60.43367862258166,1.8216085306745038,58.298,60.37625,62.6825,300,23
46086,91,7.366689876769324,8.265159518475674,3.60251685231884,5.406550916666666,9.019849370000005,330.0,24.0,9.787539082033959,3.919204904604338,5.4889182000000005,9.099048772727272,14.744836333333335,330.0,24.0,60.47422028924831,1.8260421279429286,58.38275,60.38,62.714,300,23
46086,92,7.406840025931724,8.231169830079448,3.541256675,5.524797858333333,9.3575708375,330.0,24.0,9.829420620876004,3.933726911290284,5.524555266666667,9.1299735,14.790867544444447,330.0,24.0,60.522143368958474,1.830216368844269,58.60093181818182,60.38,62.780750000000005,300,23
46086,93,7.417429958394048,8.33889719571256,3.543170498333333,5.498378775362319,9.3575708375,330.0,24.0,9.764883326097324,3.960482447592257,5.353659333333333,9.016766909090908,14.754420544444448,330.0,24.0,60.57143761857707,1.8221053188493055,58.623909090909095,60.404375,62.935249999999996,300,23
46086,94,7.423452590388441,8.378306385017861,3.5740650749999996,5.444729739285714,9.405621473333339,330.0,24.0,9.710757761480137,3.8567560305959074,5.353659333333333,8.946449969696971,14.718918466666665,330.0,24.0,60.61702981060606,1.806790530324559,58.65275,60.48295454545454,63.05525,300,23
46086,95,7.498002944657649,8.454604296067203,3.60251685231884,5.497308936231884,9.739036838333334,330.0,24.0,9.707276936600776,4.002270343091018,5.339890466666666,8.933564666666667,14.718918466666665,330.0,24.0,60.66210293972331,1.7841214067743532,58.716728260869566,60.5225,63.05525,300,23
46086,96,7.499519389301915,8.498371904244962,3.6133460017391306,5.464649124999999,9.739036838333334,330.0,24.0,9.682051539932617,3.9422433136365664,5.4549009999999996,8.921415666666668,14.472698733333338,330.0,24.0,60.70314897727273,1.764728532196774,58.796749999999996,60.53195652173913,63.05525,300,23
46086,97,7.515581916386797,8.686342768072373,3.6133460017391306,5.443176311255412,9.739036838333334,330.0,24.0,9.69120872363533,3.8792137608826516,5.522125466666666,8.933564666666667,14.472698733333338,330.0,24.0,60.73659459321476,1.760921877440437,58.805375,60.6125,63.10475,300,23
46086,98,7.4997351646056165,8.425897568381588,3.6850846589855077,5.444729739285714,9.868493316666669,330.0,24.0,9.807256851096845,4.0265682994854535,5.522125466666666,9.156296333333334,14.754690522222226,330.0,24.0,60.75981890480896,1.7511482261635356,58.796749999999996,60.620000000000005,63.125750000000004,300,23
46086,99,7.524421751660653,8.442345837945156,3.6850846589855077,5.446877908333333,9.970435477727275,330.0,24.0,9.914672565803864,4.021522895705042,5.663053866666667,9.403326,14.992381412121214,330.0,24.0,60.77420372364954,1.7476714526734214,58.78360869565218,60.620000000000005,63.13325,300,23
46086,100,7.515607928269632,8.598497327837824,3.6761812199999997,5.446877908333333,9.665628043333337,330.0,24.0,9.848406376010317,3.923775060557937,5.522125466666666,9.316933111111112,14.754690522222226,330.0,24.0,60.80494774538866,1.7448845183410107,58.720353260869565,60.69125,63.14225,300,23
46086,101,7.518236355396092,8.780067623944044,3.6839910456521743,5.3997158333333335,9.218340190000001,330.0,24.0,9.866846808926836,3.8502831015992216,5.757816066666667,9.316933111111112,14.885359766666669,330.0,24.0,60.848797903491445,1.7303610263422577,58.78375,60.78999999999999,63.196250000000006,300,23
46086,102,7.506641725294912,8.819620448826225,3.7316820966666664,5.249344,9.218340190000001,330.0,24.0,9.99029011822081,3.8350225636633817,5.855818,9.545064333333332,14.992381412121214,330.0,24.0,60.88380665349143,1.7229119218244957,58.790499999999994,60.833749999999995,63.29825,300,23
46086,103,7.4554302682526705,8.735084887991325,3.691676056739131,5.2329398000000005,9.027778066666668,330.0,24.0,9.906159322331215,3.8308650647994016,5.531034733333334,9.441797833333332,14.940177527272727,330.0,24.0,60.937240638998674,1.7174428971025402,58.8757,60.863749999999996,63.30575,300,23
46086,104,7.4267926087516765,8.678827630415524,3.6652450866666664,5.165955983333333,9.027778066666668,330.0,24.0,9.851330941481308,3.886196140209884,5.502687066666667,9.316933111111112,14.940177527272727,330.0,24.0,60.999569878129115,1.7054156477318982,58.937,60.916250000000005,63.3125,300,23
46086,105,7.392582466404547,8.580487560927118,3.6652450866666664,5.1355398625,9.218340190000001,330.0,24.0,9.872060961540797,3.9424758488265916,5.457330799999999,9.403326,15.0599004,330.0,24.0,61.05204696969697,1.6852934678387659,59.044250000000005,60.931250000000006,63.43025,300,23
46086,106,7.360652656995863,8.575276299197778,3.691676056739131,5.124603729166667,9.027778066666668,330.0,24.0,9.759721803184775,3.8851098426379824,5.414404333333334,9.110400111111112,15.109306333333338,330.0,24.0,61.10020363636363,1.6594085929398956,59.08775000000001,60.985625,63.323750000000004,300,23
46086,107,7.2618111562945025,8.467298301207885,3.6839910456521743,5.094187608333334,8.959783846376812,330.0,24.0,9.635211253391184,3.8454553107380387,5.215970666666666,8.921415666666666,15.0599004,330.0,24.0,61.15076222332015,1.6297291906977238,59.19297500000001,61.0175,63.329,300,23
46086,108,7.220518457706813,8.349987234360183,3.6387011891304337,5.111275316666667,8.959783846376812,330.0,24.0,9.719081730427689,3.882795087801809,5.152795866666667,9.197467944444444,15.167621533333335,330.0,24.0,61.196505429841906,1.5963147879686452,59.26572826086956,61.08875,63.29900000000001,300,23
46086,109,7.264411540044248,8.469759961993123,3.600585198333333,5.098972166666666,9.02395042,330.0,24.0,9.803718239324107,3.99362668036016,5.210301133333333,9.423574333333335,15.294781066666665,330.0,24.0,61.22448936076604,1.5545998182896419,59.3975,61.12625,63.28325,300,23
46086,110,7.255257685770337,8.639575096969846,3.5968942533333332,5.082567966666666,8.959783846376812,330.0,24.0,9.731034423604592,3.8514995785915387,5.252417666666666,9.367055072463767,15.095537466666668,330.0,24.0,61.25383686076605,1.5120866656144805,59.463750000000005,61.18625,63.197,300,23
46086,111,7.302270719550104,8.923506420817358,3.600585198333333,5.094187608333334,9.001121241666667,330.0,24.0,9.78512078986722,3.926549873900641,5.078282000000001,9.419524666666668,15.294781066666665,330.0,24.0,61.290360194099385,1.4754895304199036,59.492,61.21,63.185750000000006,300,23
46086,112,7.3359963494134846,8.952733395399749,3.611794735,5.08940305,9.141103748333336,330.0,24.0,9.778416498296004,4.081580323080767,5.076257166666666,9.196793,15.468916733333334,330.0,24.0,61.3369190379729,1.4479341347343244,59.663,61.245875,63.185750000000006,300,23
46086,113,7.34844331533026,9.164165491225994,3.6247130425,5.066163766666667,9.012936171428574,330.0,24.0,9.62429379190288,3.958926168569501,5.042644933333333,8.909634818181818,15.439759133333332,330.0,24.0,61.39214157420477,1.4116763343721046,59.778175000000005,61.306875,63.242,300,23
46086,114,7.331943250605363,9.15962446522371,3.600585198333333,5.066163766666667,9.012936171428574,330.0,24.0,9.509055285958057,3.938268813681872,4.813838766666667,8.781991428571429,15.066379866666669,330.0,24.0,61.45412516116131,1.3693536217109588,59.893625,61.36687499999999,63.28325,300,23
46086,115,7.306277486620492,9.085443503981331,3.5718778483333335,5.049076058333333,9.012936171428574,330.0,24.0,9.424579001192336,3.9581864271029086,4.607710733333333,8.81880658008658,15.066379866666669,330.0,24.0,61.527004364059856,1.3383457041113116,59.9705,61.43429347826087,63.29899999999999,300,23
46086,116,7.291901426819062,9.028641142038445,3.49655523,5.0606957,8.58564581904763,330.0,24.0,9.357237540921645,3.9744566284021667,4.518089849275362,8.767528333333333,14.91087266666667,330.0,24.0,61.582813046536806,1.3329094494391083,60.03425,61.50125,63.35,300,23
46086,117,7.302252139364712,9.01037243700629,3.49655523,5.08940305,8.956341681428574,330.0,24.0,9.305109080798907,3.995519462458233,4.484600866666667,8.679245600000002,14.894674,330.0,24.0,61.623002811029544,1.325703748724455,60.047375,61.53157608695652,63.49175,300,23
46086,118,7.2959059826655075,8.93797893043445,3.49655523,5.08940305,8.956341681428574,330.0,24.0,9.316006145758916,3.9582669149866425,4.484600866666667,8.689185690909092,14.894674,330.0,24.0,61.64475715885563,1.314138715077496,60.1265,61.549326086956526,63.67625000000001,300,23
46086,119,7.296121649732298,8.868476272103388,3.5251258783333332,5.094187608333334,8.956341681428574,330.0,24.0,9.362481476158147,3.9604692507607004,4.484600866666667,8.714882666666668,14.91087266666667,330.0,24.0,61.66198998494261,1.2998432897158683,60.1265,61.564,63.67625000000001,300,23
46086,120,7.316179907058943,8.922997039199174,3.5643592566666666,5.1345146,8.629976216666675,330.0,24.0,9.330082264071802,3.898024130216318,4.612165366666667,8.714882666666668,14.894674,330.0,24.0,61.687490528420874,1.275247704788298,60.1625,61.58375,63.645500000000006,300,23
46086,121,7.301887318552502,8.91422810580011,3.5275865083333335,5.1755251,8.629976216666675,330.0,24.0,9.332210400739008,3.918541735618311,4.5981265222222225,8.757693428571429,14.894674,330.0,24.0,61.71511386175419,1.2714089370860717,60.1625,61.634625,63.645500000000006,300,23
46086,122,7.292446097928315,8.895277542265621,3.518974303333333,5.1345146,8.629976216666675,330.0,24.0,9.402454751066525,3.984648660053031,4.607710733333333,8.91447338095238,14.9529892,330.0,24.0,61.7352038617542,1.2839832800693718,60.1625,61.649375,63.648500000000006,300,23
46086,123,7.273079826832303,8.912496755122735,3.5356519066666667,5.066460944202898,8.540670970714286,330.0,24.0,9.36369974919972,4.012524681270933,4.583547722222222,8.714882666666668,14.969187866666667,330.0,24.0,61.76967255740635,1.3085986843101003,60.047375,61.669886363636365,63.70475,300,23
46086,124,7.1940351944210965,8.75263189478577,3.5444008133333336,5.06675812173913,8.391295106666666,329.0,24.0,9.271867518690868,3.9454732889812467,4.481631111111112,8.667636555555555,14.970807733333332,329.0,24.0,61.79999076962735,1.3496527514021814,60.035,61.73,63.74,299,23
46086,125,7.069772258508714,8.479485841888136,3.534011486666667,5.034722383333333,8.052001570000003,328.0,24.0,9.193028936858573,3.90818718691386,4.550340455555556,8.573144333333333,14.956228933333334,328.0,24.0,61.83180643021991,1.3775790627541031,60.035,61.77663043478261,63.75875,298,23
46086,126,6.922160796559119,8.092491039910032,3.521434933333333,4.944499283333333,8.094925893333347,327.0,24.0,9.07977242413773,3.8822828560422575,4.471371955555555,8.481280842105264,14.839156751515157,327.0,24.0,61.868073471872876,1.3944623139845216,60.061499999999995,61.775,63.815,297,23
46086,127,6.784576468982748,7.7542668120852065,3.5084482749999997,4.8928498275362315,7.890271611231884,326.0,24.0,9.034773631011216,3.7373510657247984,4.469482111111111,8.602166944444445,14.318271444444445,326.0,24.0,61.884877697361404,1.4146839645100564,60.108625,61.77663043478261,63.87875,296,23
46086,128,6.684542765677277,7.477809480798225,3.4817914500000002,4.882983533333333,7.848589490000001,325.0,24.0,9.0694037153846,3.719501507235313,4.580173,8.666286666666666,14.326640755555557,325.0,24.0,61.89812164534065,1.4541949639050769,60.10385,61.775,63.905,295,23
46086,129,6.609149067422281,7.278491619982893,3.47358935,4.865034010144927,7.629320016666666,324.0,24.0,9.134416468338834,3.7222325631021467,4.618644833333333,8.69647509090909,14.78303818888889,324.0,24.0,61.9229552075771,1.472089986861396,60.1625,61.810625,63.966499999999996,294,23
46086,130,6.561997277378951,7.063674826287385,3.4604659900000003,4.882983533333333,7.662948626666667,323.0,24.0,9.280140487250005,3.738314574991455,4.794805333333334,8.852571333333334,14.964328266666667,323.0,24.0,61.92604924523466,1.4638852067026153,60.1625,61.75725,63.929,293,23
46086,131,6.499013656945398,6.812597340052599,3.4108432850000003,4.909254027536232,7.7240542716666685,322.0,24.0,9.311115987884124,3.734814918754978,4.644022744444444,8.997684388888889,14.965948133333335,322.0,24.0,61.93166611281067,1.436399762150257,60.1625,61.751125,63.866,292,23
46086,132,6.415819222945615,6.500940754470803,3.40797255,4.947233316666667,7.666229466666667,321.0,24.0,9.280419060350543,3.7054926388533143,4.632818666666666,8.998359333333333,14.790732555555556,321.0,24.0,61.943711245127204,1.4074729284693543,60.17,61.76260869565217,63.830000000000005,291,23
46086,133,6.472156358096811,6.591452939359693,3.445292105,4.972523125,7.808262498333335,320.0,24.0,9.36194946717734,3.8285648632716387,4.611355433333333,9.094201444444444,15.196605576190478,320.0,24.0,61.960224904593154,1.3880361919921766,60.207499999999996,61.81999999999999,63.7865,290,23
46086,134,6.557195453311225,6.943975753712984,3.507491363333333,4.9704726,7.9043994313043475,319.0,24.0,9.39413168580749,3.874299464768274,4.5971816,9.103650666666669,15.280433676190475,319.0,24.0,61.98027876967917,1.380539479758292,60.244499999999995,61.8875,63.755,289,23
46086,135,6.6330930676500985,7.1985065029324256,3.4489830500000003,4.981408733333334,7.888387505652174,317.0,24.0,9.433496765015102,3.9941555531035258,4.554255133333333,9.079352666666669,15.295860977777776,317.0,24.0,62.0009628816933,1.3898685513640157,60.256,61.9175,63.812000000000005,287,23
46086,136,6.694680569943514,7.338969603155194,3.519013360952381,4.975940666666667,8.135389586666665,315.0,24.0,9.491334293164469,4.043568734658251,4.605280933333333,9.100950888888889,15.508603466666667,315.0,24.0,62.01276399421166,1.401922393855247,60.241499999999995,61.9175,63.8435,285,23
46086,137,6.70623369912328,7.300013830535497,3.522385901449275,4.981408733333334,8.086937761159422,313.0,24.0,9.416028455441596,3.947980138328849,4.61662,9.079352666666669,15.259645387301587,313.0,24.0,62.02811138148063,1.4039690006041383,60.229499999999994,61.93478260869565,63.865100000000005,283,23
46086,138,6.707675843914668,7.356161021241197,3.520067916666666,4.9704726,8.310094316666666,311.0,24.0,9.374176569546178,3.8426995841710196,4.765107777777778,9.079352666666669,14.773184,311.0,24.0,62.043262143286,1.394045661055473,60.32925,61.93478260869565,63.935,281,23
46086,139,6.714219545160501,7.489338794557845,3.5128218792546586,4.9533848916666665,8.438183778333338,310.0,24.0,9.383702722030144,3.7999100241002277,4.784546177777777,9.063154,14.765894600000001,310.0,24.0,62.08851866957414,1.3655708071702157,60.377,61.95875,63.9755,280,23
46086,140,6.775512510466111,7.68123129460602,3.492335308985507,4.951334366666667,8.588692313333333,309.0,24.0,9.487593213891294,3.8403414520679937,4.761328088888889,9.165745555555556,14.806661244444443,309.0,24.0,62.129039969153396,1.3480497559922742,60.413,62.0375,63.9605,279,23
46086,141,6.872095462155204,7.961611823924807,3.5193648795238093,4.9704726,8.595253993333335,307.0,24.0,9.580743458405637,3.8322680223925043,4.778066711111111,9.257538,14.909252800000003,307.0,24.0,62.16157461441236,1.345879597891913,60.4996,62.0525,63.9635,277,23
46086,142,6.9723434992097655,8.296908809141161,3.54084657,4.9704726,8.601815673333334,305.0,24.0,9.565671318026435,3.8769030223752794,4.7964252,9.208942,14.838518622222225,305.0,24.0,62.210070776897325,1.3230634367325445,60.5555,62.105,63.966499999999996,275,23
46086,143,7.038318465090437,8.412569922125222,3.5690754641666667,4.984826275,8.611658193333335,302.0,24.0,9.481100675931485,3.8833186072190675,4.748099177777778,9.148197,14.860656800000003,302.0,24.0,62.26018792581132,1.2827347394478006,60.669875,62.12375,63.971,272,23
46086,144,7.084449987451274,8.595960758616666,3.5729031108333333,4.9704726,8.617868354761907,300.0,24.0,9.346606636673375,3.868803186824363,4.612570333333333,8.971361555555555,14.46621926666667,300.0,24.0,62.29422365762892,1.2563206095915986,60.79362499999999,62.2325,63.9755,270,23
46086,145,7.131837405666994,8.829687196199233,3.609452976014492,4.9533848916666665,8.591973153333335,298.0,24.0,9.207773731615221,3.883053566190968,4.588272333333333,8.783726999999999,14.4378716,298.0,24.0,62.34464786078449,1.2621387625324603,60.827375,62.285,64.131725,268,23
46086,146,7.180683293611113,8.986986842401587,3.6301127583333335,4.845390575,8.598534833333334,296.0,24.0,9.111305231570284,3.9072179500760478,4.515378333333333,8.590223362318842,14.384416,296.0,24.0,62.40256728732847,1.2807368743123575,60.798125,62.3775,64.14353260869566,266,23
46086,147,7.2542603157686685,9.188073086086813,3.6555392683333334,4.866579333333334,8.534148348333332,294.0,24.0,9.004561103539094,3.909976266800955,4.4420793666666665,8.310590944444444,14.396564999999997,294.0,24.0,62.480076319808234,1.3213335994400996,60.805625000000006,62.4055,64.2095,264,23
46086,148,7.237744659324191,9.411087907535203,3.6179463099999998,4.820100766666667,8.395574463188408,293.0,24.0,8.751199333284795,3.8325958844990313,4.287247111111111,8.01834,13.707311733333333,293.0,24.0,62.567905507336015,1.3811385110216732,60.883250000000004,62.489,64.4285,263,23
46086,149,7.147598732029279,9.370409241558715,3.5614684184803918,4.7818243,8.081814420434789,292.0,24.0,8.500455043529964,3.6738429173742704,4.264703966666667,7.904949333333333,13.293320095238096,292.0,24.0,62.658535437347254,1.4415283369779763,60.9377,62.58826086956522,64.51025,262,23
46086,150,7.063660234113245,9.317705969341034,3.5614684184803918,4.704795882608696,7.781058866666666,292.0,24.0,8.365575617042635,3.5423477604408466,4.231361711111112,7.792086884057971,13.167086200000004,292.0,24.0,62.74904887909966,1.4866434276842377,60.962,62.698125000000005,64.568,262,23
46086,151,7.000196381739697,9.236532291770425,3.555722196818182,4.709372416666667,7.684369183478265,292.0,24.0,8.202509364512874,3.379311450366453,4.054796244444445,7.767260666666667,12.67788646666667,292.0,24.0,62.84256182300938,1.4985285239251371,61.007000000000005,62.7575,64.59275,262,23
46086,152,6.996821349588958,9.294066314751763,3.551919405,4.709372416666667,7.712024525000005,292.0,24.0,8.154813202282673,3.3386560434136245,4.0448070666666665,7.737755952380953,12.245382066666668,292.0,24.0,62.94124013366323,1.5041190792402377,61.073375,62.81,64.60175000000001,262,23
46086,153,6.9351860957306455,9.079270958879523,3.551919405,4.723042583333333,7.588993025000002,292.0,24.0,8.17402914360507,3.384913393923392,4.022398911111111,7.792086884057971,12.245382066666668,292.0,24.0,63.01664053118306,1.5222683458783113,61.296124999999996,62.896249999999995,64.76374999999999,262,23
46086,154,6.877055857939762,8.86958547949376,3.5571235716577543,4.723042583333333,7.533218744999999,292.0,24.0,8.079242663292714,3.3871851710431495,4.035762811111112,7.689159952380953,12.233638033333337,292.0,24.0,63.07754129454184,1.5282105114162337,61.33162500000001,62.95,64.82525,262,23
46086,155,6.8766640780609025,8.892208511346675,3.5571235716577543,4.7127899583333335,7.533218744999999,292.0,24.0,7.940673622821724,3.2956205029264387,4.053041388888889,7.457277090909091,12.138875833333334,292.0,24.0,63.146164386144896,1.538899270648705,61.42962500000001,63.038000000000004,64.948625,262,23
46086,156,6.797178645472497,8.734211597050184,3.555834043636364,4.686133133333333,7.28756585,293.0,24.0,7.78386142617329,3.187493287310847,4.045347022222222,7.337996,12.131181466666664,293.0,24.0,63.21825485053878,1.5378926213150568,61.51500000000001,63.11000000000001,65.08699999999999,263,23
46086,157,6.647386296132719,8.402676831151908,3.512070869166667,4.674855245833333,6.949776031666666,294.0,24.0,7.698351162589258,3.0717218363515193,4.037652655555556,7.252953,12.022650399999998,294.0,24.0,63.29734367514074,1.556314072658214,61.51817500000001,63.1895,65.13625,264,23
46086,158,6.5732167880168335,8.281269405362742,3.4984631097826084,4.6741717375,6.722304458333333,296.0,24.0,7.703327166745302,3.0726813315520376,4.0395425,7.261052333333334,12.122387904761904,296.0,24.0,63.37497945332698,1.5663221836989465,61.549375,63.264375,65.15375,266,23
46086,159,6.51766053421214,8.056910462497415,3.5000500378260866,4.686133133333333,6.6935079550724685,297.0,24.0,7.664287051261933,3.0367838684120976,4.069915,7.208406666666666,12.12030521904762,297.0,24.0,63.46050358988024,1.5673078156987839,61.57175,63.33375,65.26882608695652,267,23
46086,160,6.494681841102866,7.876246293378092,3.5022967,4.710739433333333,6.7776151413768115,298.0,24.0,7.644598556979286,2.9759008516791745,4.104742133333334,7.248903333333334,12.069857942857142,298.0,24.0,63.54167604049909,1.5852166760839268,61.6235,63.439875,65.38850000000001,268,23
46086,161,6.486022901662044,7.858122426872501,3.49228776057971,4.710739433333333,6.776265955362319,299.0,24.0,7.676260706832339,2.928850292020566,4.1646772,7.267801777777778,11.604724800000001,299.0,24.0,63.62310714288802,1.6164148984421098,61.6745,63.5375,65.5235,269,23
46086,162,6.4579411896450685,7.809288130647454,3.4899281709420285,4.660248969927536,6.789912347826088,300.0,24.0,7.7123405759074375,2.9514027525948516,4.1719666,7.261052333333334,11.62578306666667,300.0,24.0,63.68776962851016,1.658776140776982,61.6856,63.646249999999995,65.68595,270,23
46086,163,6.42021729644314,7.578587341681428,3.4794734652173918,4.652641225,6.81890498826087,300.0,24.0,7.804087052012834,2.933811705446585,4.267133766666667,7.305598666666667,11.62578306666667,300.0,24.0,63.75761632738295,1.6901366100767397,61.77965,63.725,65.85050000000001,270,23
46086,164,6.4060239352158685,7.423840540823203,3.4775536983333337,4.656742275,6.850530621666667,300.0,24.0,7.886711040766742,2.950228451092119,4.335708122222223,7.386592,11.765091600000009,300.0,24.0,63.84159140789825,1.7230490202432411,61.77965,63.79902173913044,66.00875,270,23
46086,165,6.397474427471709,7.311945580154466,3.4265639766666665,4.690234183333333,6.850530621666667,300.0,24.0,7.896897533528563,2.924833001239943,4.357036366666667,7.439237666666667,11.663040000000011,300.0,24.0,63.93330557859067,1.7601925822178581,61.77965,63.93875,66.065,270,23
46086,166,6.352257955790659,7.217332187236561,3.450486768333333,4.690234183333333,6.789912347826088,300.0,24.0,7.889937444169612,2.934480420883838,4.379687502222223,7.341165304347826,11.663040000000011,300.0,24.0,64.04658573156975,1.7972219839840768,61.77965,63.972375,66.3254847826087,270,23
46086,167,6.331632664786171,7.236709205118748,3.452537293333333,4.647856666666667,6.551017269999999,299.0,24.0,7.908673191479553,2.9376989862348797,4.440081531111111,7.305598666666667,12.108850447619046,300.0,24.0,64.156444990829,1.8301988214975058,61.895,64.06625,66.563125,270,23
46086,168,6.364582006479263,7.526928183018031,3.44570221,4.635553516666667,6.5288716,299.0,24.0,7.88803131306907,2.881459280937643,4.458683,7.261052333333334,12.108850447619046,300.0,24.0,64.29418786156535,1.8558931649047914,62.0015,64.15478260869565,66.884,270,23
46086,169,6.401269966213677,7.785413455681577,3.4250386738596497,4.64648965,6.5206695,299.0,24.0,7.927621441310617,2.8324869083764876,4.5169982,7.266451888888889,12.108850447619046,300.0,24.0,64.44936640423848,1.8938020421125437,62.18257608695652,64.315125,67.00325000000001,270,23
46086,170,6.346282471238164,7.630220460666408,3.437802292631579,4.64648965,6.469543076666666,299.0,24.0,7.959677531303563,2.844562259522376,4.494320066666667,7.439237666666667,12.115792733333334,300.0,24.0,64.6092574670404,1.9210621781218629,62.36384782608695,64.447375,67.17649999999999,270,23
46086,171,6.375538889330583,7.673863639339101,3.4484362433333335,4.657425783333333,6.396817789999999,299.0,24.0,7.979103721311139,2.870012539495823,4.494320066666667,7.3663436666666655,12.101213933333332,300.0,24.0,64.76817723354604,1.9663332908811997,62.471999999999994,64.59732608695653,67.46975,270,23
46086,172,6.426527062398908,7.789575474274304,3.45964578,4.676564016666666,6.396817789999999,299.0,24.0,7.993938100274102,2.892480234241429,4.494320066666667,7.386592,12.101213933333332,300.0,24.0,64.91774084063137,2.0097609370686396,62.66525,64.73375,67.60952717391304,270,23
46086,173,6.465485463931433,8.048862754927335,3.452537293333333,4.649223683333333,6.396817789999999,299.0,24.0,7.990200790731472,2.8703771867639123,4.487030666666667,7.41089,11.999937052173914,300.0,24.0,65.0587054139003,2.0470977518103144,62.83947826086957,64.88425000000001,67.648125,270,23
46086,174,6.4818371386781095,8.28394490651372,3.4529473983333334,4.58907495,6.312336159999998,299.0,24.0,8.030434800528065,2.8696570582323857,4.516188266666666,7.5859847982456134,12.04906126956522,300.0,24.0,65.20320376333669,2.1014984184270413,62.95375,65.01374999999999,67.97776956521739,270,23
46086,175,6.495103464069173,8.465165953437706,3.435615065964912,4.546697433333333,6.286226141666666,299.0,24.0,8.046219012085023,2.8788086130514654,4.487030666666667,7.556678,12.101213933333332,300.0,24.0,65.3470415542897,2.1439866566608528,63.01955,65.165625,68.14325000000001,270,23
46086,176,6.493134797797699,8.572022113467394,3.3658684366666667,4.505686933333333,6.286226141666666,299.0,24.0,8.016659584204074,2.878338188041075,4.5558749999999995,7.431138333333333,12.115792733333334,300.0,24.0,65.47725769287074,2.166040521626321,63.155750000000005,65.328125,68.37675,270,23
46086,177,6.5020367913616495,8.731118602564978,3.3606737733333336,4.468777483333334,6.109542209275361,299.0,24.0,7.968464565484497,2.841272644844422,4.593941866666667,7.431138333333333,12.101213933333332,300.0,24.0,65.60836191992387,2.16021276998839,63.176300000000005,65.549375,68.405375,270,23
46086,178,6.488611489708393,8.736710727472785,3.3560259166666664,4.447677878260869,6.0489120483333325,299.0,24.0,7.880101205868364,2.835019325444134,4.541296200000001,7.394691333333333,11.999937052173914,300.0,24.0,65.73145503586589,2.142524243988173,63.176300000000005,65.821875,68.405375,270,23
46086,179,6.449111497831398,8.674802103283772,3.348370623333333,4.454810139130435,5.960192666666667,299.0,24.0,7.856173419184443,2.80509049574025,4.541296200000001,7.431138333333333,11.965955066666668,300.0,24.0,65.85119710510907,2.1127915419420513,63.296124999999996,65.94125,68.48774999999999,270,23
46086,180,6.411263036261163,8.618122184817508,3.3658684366666667,4.454810139130435,5.834950165797101,299.0,24.0,7.861505372060535,2.778054785554099,4.541296200000001,7.468260277777777,11.965955066666668,300.0,24.0,65.9550200720978,2.0820094365329895,63.297375,66.09200000000001,68.50703260869565,270,23
46086,181,6.450791427708816,8.832422281618676,3.36696205,4.451244008695652,5.77263798,300.0,24.0,7.840602298217843,2.720512418803098,4.557224888888888,7.601224333333334,11.922218666666666,301.0,24.0,66.04134339767805,2.050452028197973,63.3725,66.155,68.5025,271,23
46086,182,6.45613269349462,8.889296394942058,3.3711998016666667,4.446608039130435,5.829232470000001,302.0,24.0,7.804957693649299,2.714049734548343,4.561004577777777,7.449699305555556,11.74106357777778,302.0,24.0,66.12867875488881,2.021593706309611,63.42575,66.374375,68.57790760869565,272,23
46086,183,6.420153326237779,8.765005576673754,3.4044183066666664,4.44143715,5.836519263188406,303.0,24.0,7.754768465052266,2.639014643274158,4.615540088888889,7.459485999999999,11.640901822222224,303.0,24.0,66.20576258446522,2.0177760995219525,63.5105,66.43375,68.59700000000001,273,23
46086,184,6.394999088498617,8.726543785629097,3.4044183066666664,4.4045277,5.8240378066666665,303.0,24.0,7.669198229276918,2.5516725629693653,4.6156750777777775,7.449699305555556,11.414255477777775,304.0,24.0,66.27787952520741,2.003562659918845,63.62975,66.48525,68.61888043478261,274,23
46086,185,6.409611522004518,8.924656582897654,3.378427159347826,4.302863264855073,5.751859326666666,304.0,24.0,7.600323666723307,2.493116467085139,4.623099466666667,7.402790666666667,11.199758133333335,305.0,24.0,66.35012276962168,1.9821927116318727,63.757549999999995,66.51304347826087,68.64875,275,23
46086,186,6.385297599783894,8.984781093650053,3.36696205,4.288331283333333,5.69799887,305.0,24.0,7.598665505165837,2.4544249301612324,4.659816444444445,7.41089,10.98490490909091,306.0,24.0,66.41537966426688,1.9670503455913968,63.853125000000006,66.551875,68.67125000000001,276,23
46086,187,6.3430369226209535,8.935929485439843,3.3664152433333334,4.267826033333333,5.677903725,307.0,24.0,7.675426883228615,2.4461788034395626,4.716606270000001,7.453748972222222,11.058653660869565,308.0,24.0,66.47439334892898,1.9626642742611795,63.879875000000006,66.6745,68.68535,278,23
46086,188,6.254729880713615,8.654095272045353,3.36696205,4.267826033333333,5.673119166666666,309.0,24.0,7.709065078956378,2.4392756476593997,4.717713178888889,7.478384444444444,11.032771008695653,310.0,24.0,66.5359597163124,1.9637668589629365,63.889250000000004,66.78562500000001,68.7404375,280,23
46086,189,6.193414755835841,8.429623461788356,3.3655950333333333,4.288331283333333,5.6922574,311.0,24.0,7.7016591204265135,2.422848830903395,4.725151066666667,7.466572916666666,11.022014581818185,312.0,24.0,66.61367200408672,1.9612866853188435,63.916574999999995,66.80625,68.80850000000001,282,23
46086,190,6.130797990630359,8.300234308868086,3.36696205,4.243695217391305,5.636756523333333,313.0,24.0,7.717852426415163,2.4106440678038097,4.755470744927536,7.457798638888889,11.041645060869566,314.0,24.0,66.69439493656603,1.973279251512203,63.97475,66.83375000000001,68.98100000000001,284,23
46086,191,6.109123329539468,8.301390556236404,3.3676574454347827,4.2292078125,5.622129445,314.0,24.0,7.743942999750002,2.430605121252407,4.7857904231884065,7.459486000000001,11.057456368115943,315.0,24.0,66.76609166295185,1.987771318036127,64.134,66.8375,69.197,285,23
46086,192,6.066531451508417,8.20154103933064,3.3639546133333336,4.225448516666667,5.566218463333334,315.0,24.0,7.784135829356983,2.4517273668499326,4.790755666666667,7.4682602777777785,11.175460133333335,316.0,24.0,66.83426785887038,2.0381283983904104,64.136875,66.82625,69.388125,286,23
46086,193,6.067802190350337,8.347656502511184,3.351924866666667,4.212461858333333,5.528215400000001,316.0,24.0,7.851672547986523,2.435309811106258,4.837461822222222,7.525630555555556,11.24673426666667,317.0,24.0,66.90567197782902,2.11367204094618,64.13974999999999,66.83,69.629,287,23
46086,194,6.11160472946871,8.667465404765956,3.352471673333333,4.210411333333333,5.506675972173913,317.0,24.0,7.862372714518563,2.4486917235199677,4.837596811111111,7.540209355555556,11.279131600000001,318.0,24.0,66.9589159133062,2.2069941640875763,64.12775,66.83961956521739,69.90721739130434,288,23
46086,195,6.12772156163106,8.895282591535922,3.3103675600000004,4.2076773,5.493095499090908,318.0,24.0,7.898268390710473,2.4993549153605596,4.887677688888889,7.516181333333333,11.394142133333332,319.0,24.0,67.03397606209421,2.3136668200799457,64.10875,66.84825,70.0697,289,23
46086,196,6.056407108793739,8.706063050568888,3.255003385,4.205626775,5.482146938333334,318.0,24.0,7.96639392049796,2.593436160984266,4.837731799999999,7.516181333333333,11.635502266666666,319.0,24.0,67.12249832777799,2.3994469023913982,64.1285,66.8808695652174,70.40639999999999,289,23
46086,197,6.023754622891391,8.686553137197352,3.202646646666667,4.1738436375,5.355561195000001,318.0,24.0,8.002785228058752,2.6480857142969176,4.834762044444444,7.525630555555556,11.752132666666666,319.0,24.0,67.22999898328317,2.4724316370969093,64.14699999999999,66.89750000000001,70.54610000000001,289,23
46086,198,6.002164567677241,8.647124122557262,3.119395331666667,4.157097683333333,5.4195375750000006,318.0,24.0,7.9882286125520965,2.6577200649311514,4.7964252,7.508082000000001,11.674379066666667,319.0,24.0,67.33178580440547,2.5402811251506794,64.1875,66.94250000000001,70.83999999999999,289,23
46086,199,5.927172558901485,8.415728341495564,3.0945611955555554,4.152996633333333,5.350229829999999,319.0,24.0,7.994791723725882,2.691972154639795,4.7964252,7.451386666666667,11.752132666666666,319.0,24.0,67.4487554899779,2.620478339751807,64.2215,67.08,71.15838695652174,289,23
46086,200,5.815629851954796,8.078333037708981,3.0558647179710143,4.133174891666667,5.333369957777778,319.0,24.0,8.030117337417305,2.728281862344861,4.73811,7.459486000000001,11.870382933333332,319.0,24.0,67.57018288203447,2.6982417928267557,64.2935,67.14625,71.33869999999999,289,23
46086,201,5.7343009087448,7.851576662331723,3.049868864,4.116087183333334,5.333369957777778,319.0,24.0,8.056696623810117,2.7099831326826176,4.7964252,7.516181333333333,11.773190933333332,319.0,24.0,67.6898114602037,2.761549718416313,64.3385,67.28,71.3915,289,23
46086,202,5.74397935513801,7.996155987504474,3.049212696,4.09694895,5.337015335555555,318.0,24.0,8.028913746518768,2.6848045191949668,4.73811,7.512131666666667,11.6897678,318.0,24.0,67.80250208509786,2.8101433365661066,64.39175,67.391875,71.518875,288,23
46086,203,5.800103460165549,8.297232071253157,3.042869738666667,4.040901266666666,5.337379873333333,317.0,24.0,8.044253205701034,2.7189522602564247,4.73811,7.516181333333333,11.661882952380953,317.0,24.0,67.90720752611273,2.8436605963223,64.4525,67.55825,71.61049565217391,287,23
46086,204,5.842094421382134,8.54004185296233,3.023157358333333,3.996473225,5.330681491666667,316.0,24.0,8.105940053686364,2.777942338930914,4.742159666666667,7.516181333333333,11.9388223,316.0,24.0,67.98088987297288,2.875105158011193,64.445,67.608125,71.86025000000001,286,23
46086,205,5.822970597016593,8.514545577380723,3.0101706999999998,3.996473225,5.312910275,316.0,24.0,8.163031688034364,2.8278598989530632,4.714916454545454,7.633891644444445,12.149674944444445,316.0,24.0,68.04580583201383,2.891239094004299,64.505,67.78975,71.94437500000001,286,23
46086,206,5.79387305845951,8.426908435232066,3.00360902,3.954779216666666,5.309766136666668,317.0,24.0,8.210684599986896,2.843571818630179,4.635788422222222,7.791558666666667,12.143060488888892,317.0,24.0,68.1233618978923,2.8842142826601647,64.532,67.8425,71.95649999999999,287,23
46086,207,5.74664603636347,8.276337914190448,3.0045659316666664,3.949652904166667,5.307852313333334,318.0,24.0,8.244131442487415,2.824638831312998,4.67607646969697,7.792908555555556,12.183962122222223,318.0,24.0,68.21539911194633,2.856747244618189,64.57400000000001,68.00475,72.0,288,23
46086,208,5.692356665265045,8.000563942915273,3.025051652857143,3.93290695,5.336650797777777,319.0,24.0,8.318928666845444,2.8590818225812757,4.7353120484848485,7.759161333333334,12.20353551111111,319.0,24.0,68.30579651986348,2.8260738652978254,64.7135,68.2475,71.98749999999998,289,23
46086,209,5.63365771741487,7.672515069640084,3.025051652857143,3.885061366666666,5.344852897777777,319.0,24.0,8.32860500443805,2.889555758082101,4.724881088888889,7.840154666666667,12.2850688,319.0,24.0,68.40205245726517,2.7923754226192368,64.811,68.345,71.98749999999998,289,23
46086,210,5.585064569687151,7.400825249270871,3.0141350483333333,3.899415041666667,5.398622220000001,320.0,24.0,8.32288848266364,2.8793235430033333,4.735545211111112,7.8579732,12.277779400000002,320.0,24.0,68.4855648121556,2.7441935099922303,65.00750000000001,68.380625,72.03935,290,23
46086,211,5.619266574203443,7.5884162338464884,3.01427175,3.8973645166666655,5.3805776,321.0,24.0,8.38996586496963,2.873105585892122,4.811004,8.045337777777778,12.186796888888887,321.0,24.0,68.55377679893317,2.719590666535117,65.2175,68.435,72.034,291,23
46086,212,5.624034207404922,7.665751676617184,3.0281762623809527,3.912906901811594,5.277094438333336,322.0,24.0,8.420442256748194,2.844056319768951,4.813163822222222,8.134430444444444,12.119032466666665,322.0,24.0,68.59205224318936,2.710990739599096,65.23265,68.59875,72.047275,292,23
46086,213,5.619883596681783,7.695567312076635,3.0286058961904763,3.93290695,5.21325476,323.0,24.0,8.401781608394085,2.887575425186805,4.660896355555556,8.120931555555556,12.170058266666668,323.0,24.0,68.63644136596821,2.7029962892029333,65.23819999999999,68.7275,72.0885,293,23
46086,214,5.625895204628022,7.759331203033234,3.0290355300000003,3.930678118478261,5.212981356666667,324.0,24.0,8.40532303550581,2.8955109342086525,4.632953655555555,8.150629111111112,12.244167166666667,324.0,24.0,68.67990457560778,2.686571994348023,65.255,68.80025,72.099425,294,23
46086,215,5.604597151382611,7.746362109653638,3.0134515399999997,3.8973645166666655,5.20997392,325.0,24.0,8.33888207253847,2.882048483825258,4.6797948,8.002141333333332,12.157369311111113,325.0,24.0,68.71882215807406,2.6799339888884526,65.288,68.79625,72.1211,295,23
46086,216,5.564514365579218,7.696110418688442,3.0101706999999998,3.880960316666666,5.20177182,326.0,24.0,8.315969277571847,2.8782375914300067,4.742159666666667,7.878221533333333,12.306937000000001,326.0,24.0,68.74858473677835,2.6723032076317175,65.41624999999999,68.758125,72.22975,296,23
46086,217,5.489751052929581,7.445207326503601,3.0082449895652172,3.882327333333333,5.195167346434783,327.0,24.0,8.268652892116936,2.8949674393708826,4.642537866666667,7.864452666666666,12.299647600000004,327.0,24.0,68.78570269916366,2.643940954107987,65.45299999999999,68.6975,72.2162,297,23
46086,218,5.469567563669931,7.445009310003077,2.9298079506521746,3.8795933,5.180452303550725,328.0,24.0,8.202792258122704,2.8817211382111854,4.6428078444444445,7.838804777777778,12.2923582,328.0,24.0,68.82973283043555,2.629466229964956,65.45599999999999,68.70875000000001,72.20264999999999,298,23
46086,219,5.442459884826687,7.415736758430967,2.9481913530434785,3.8303807,5.13533481,329.0,24.0,8.17776915319015,2.8631360998587465,4.635410453333334,7.821256222222222,12.208611093333333,329.0,24.0,68.88052859357089,2.615528904608403,65.45899999999999,68.81,72.1891,299,23
46086,220,5.451688947054324,7.485478659286478,2.952756,3.84268385,5.12795292,329.0,24.0,8.174940102235206,2.8313045987429235,4.635410453333334,7.880651333333333,12.076106,329.0,24.0,68.93697576738008,2.5920461761314013,65.4905,68.97500000000001,72.1891,299,23
46086,221,5.38006210393617,7.291269239542803,2.9470145299999997,3.84268385,5.088719541666666,329.0,24.0,8.131985572955358,2.8175368832726044,4.643077822222223,7.759161333333332,11.962715333333332,329.0,24.0,68.9949700599495,2.5888957521501026,65.59700000000001,69.0425,72.3164,299,23
46086,222,5.400902410532397,7.419715526354121,2.9470145299999997,3.837215783333333,5.063489168840579,329.0,24.0,8.07135293692998,2.861927110130069,4.61078848,7.759161333333332,12.060987244444442,329.0,24.0,69.05153935549328,2.590306226490485,65.684,69.1025,72.20934999999999,299,23
46086,223,5.44315072081481,7.74744567306183,2.9470145299999997,3.8303807,5.041284063333333,329.0,24.0,7.967194787790932,2.8362525255545794,4.528607244444444,7.821256222222222,11.931937866666667,329.0,24.0,69.12359379160536,2.583731161694539,65.73255,69.1925,72.38975,299,23
46086,224,5.459399904688946,7.974168469536562,2.925005561666667,3.821495091666667,4.991788295595239,330.0,24.0,7.915044213038277,2.779988104420758,4.590162177777778,7.576926333333334,11.906706682608696,330.0,24.0,69.18718575639939,2.572205646865916,65.735,69.25874999999999,72.39982499999999,300,23
46086,225,5.482719914820541,8.150901196057925,2.9188539866666665,3.8173940416666667,4.991173138095238,330.0,24.0,7.888225256743546,2.8163912820663026,4.528742233333333,7.5316086349206355,11.931127933333334,330.0,24.0,69.23808959086203,2.577222065995027,65.762,69.44375,72.40979999999999,300,23
46086,226,5.483198366231297,8.169519179769624,2.9180337766666664,3.8167105333333335,4.991212195714286,329.0,24.0,7.807786203768829,2.758375337226316,4.516188266666667,7.4570562,11.926092260869565,329.0,24.0,69.29640760633507,2.5745244086236387,65.801,69.6275,72.60315,299,23
46086,227,5.473060791818123,8.131551133190763,2.9247321583333337,3.8132929916666667,4.992208165,328.0,24.0,7.784022738921344,2.7385546668352205,4.510518733333334,7.431948266666666,11.92905027826087,328.0,24.0,69.3611736162692,2.5579963551969853,65.90675,69.65375,72.76916250000001,298,23
46086,228,5.4792020403720825,8.144781214942455,2.92404865,3.8030403666666666,5.003007596666667,327.0,24.0,7.817593499135561,2.7359910307724706,4.528337266666667,7.4570562,11.950404346666668,327.0,24.0,69.41009170925327,2.525485074306132,66.10249999999999,69.66875,72.8193,297,23
46086,229,5.519953016500218,8.314084339132256,2.9363518,3.806457908333333,4.994200103571428,326.0,24.0,7.839319939722992,2.702202872459521,4.573423555555555,7.486483777777778,11.914852968599034,326.0,24.0,69.4242426506917,2.49068660479955,66.14825,69.66875,72.75475,296,23
46086,230,5.62636188638634,8.58138092509301,2.9464677233333334,3.84268385,4.987033030476191,325.0,24.0,7.953724030766377,2.7048373875678156,4.5728836,7.864452666666666,11.951045250434785,325.0,24.0,69.4387590624372,2.44475153765257,66.18650000000001,69.68875,72.4113,295,23
46086,231,5.7725547586998065,8.940095342689265,2.949338458333333,3.867290149999999,5.059533735833333,324.0,24.0,8.035500524377628,2.745872171697295,4.5723436444444445,7.944771055555555,12.005236833333333,324.0,24.0,69.46827722096744,2.397347689338123,66.32090000000001,69.69787500000001,72.36255434782609,294,23
46086,232,5.876823719742471,9.163169781157514,2.94865495,3.89189645,5.156493850579711,323.0,24.0,8.140303125403685,2.7616313775708496,4.5871924222222225,8.107432666666666,12.072866266666667,323.0,24.0,69.50047886454695,2.371676472477938,66.4719,69.70181818181818,72.37086956521739,293,23
46086,233,5.907116473995611,9.126160716525337,2.9790027200000004,3.935640983333333,5.231485791363637,322.0,24.0,8.252876943667534,2.7634416952926713,4.6324137,8.158053500000001,12.074486133333334,322.0,24.0,69.52733923737073,2.338550864550875,66.667725,69.70590909090909,72.41000000000001,292,23
46086,234,5.93585373679836,9.068980784878741,2.97326125,3.9629813166666654,5.334099033333334,321.0,24.0,8.372944001499032,2.775081009381867,4.689514,8.342313333333333,12.095004444444443,321.0,24.0,69.54564051994622,2.298590058004872,66.74,69.69500000000001,72.41250000000001,291,23
46086,235,5.964617090161757,9.051850030832217,2.9814633500000003,3.9629813166666654,5.409932484210526,321.0,24.0,8.393629814984012,2.8028888200343705,4.705712666666667,8.26132,12.149,321.0,24.0,69.57244001195279,2.270245595129533,66.77,69.71,72.3875,291,23
46086,236,6.060373278358491,9.253381160795204,3.0169463478260865,3.958880266666666,5.529582416666667,321.0,24.0,8.352829282099473,2.8203541173457727,4.631468777777777,8.237022,12.165198666666669,321.0,24.0,69.60591801135516,2.2499465685320392,66.88625,69.77,72.3875,291,23
46086,237,6.079058018715426,9.275918140068482,3.0265749,3.972550433333333,5.734013545454546,321.0,24.0,8.34723427995915,2.776610063586126,4.681414666666667,8.245121333333334,12.076106,321.0,24.0,69.62696552368146,2.2220171585572968,66.9155,69.8,72.30434782608695,291,23
46086,238,6.034428326780141,9.037054434930367,3.0265749,3.991688666666666,5.7779237777777785,321.0,24.0,8.353057673343168,2.7757149821791094,4.669265666666667,8.195175444444445,12.076106,321.0,24.0,69.62018106870718,2.2016582784854646,66.9155,69.7925,72.15124999999999,291,23
46086,239,5.969487024854117,8.711585000067256,3.05528225,4.034066183333333,5.742837016666667,321.0,24.0,8.421018802541305,2.81034955954402,4.669265666666667,8.26132,12.278589333333334,321.0,24.0,69.62096222599304,2.1801873028948164,66.93375,69.7775,72.1475,291,23
46086,240,5.914256821291591,8.408167703041512,3.1031278333333336,4.036800216666666,5.742837016666667,321.0,24.0,8.468510626813588,2.7530110571986026,4.835302,8.399008666666667,12.165198666666669,321.0,24.0,69.63195093487866,2.1357819015817614,66.94375000000001,69.7925,72.095,291,23
46086,241,5.912575374829511,8.224368477094874,3.1091427066666664,4.070975633333333,5.774415101666668,322.0,24.0,8.504378766207743,2.7368070836048064,4.8377318,8.433025866666668,12.198000966666667,322.0,24.0,69.63081862077766,2.0984995834231315,67.06525,69.80625,71.9555,292,23
46086,242,5.917983186407846,8.090823901074756,3.1392170733333336,4.094214916666666,5.770906425555556,323.0,24.0,8.506149071817934,2.7129143258406945,4.870939066666667,8.511049444444444,12.126591844444448,323.0,24.0,69.63678401840036,2.0709037563653836,67.06675,69.845,71.84675,293,23
46086,243,5.8925312674686925,7.922909672994624,3.1805693275,4.093531408333333,5.834017028333332,324.0,24.0,8.472093755193123,2.6938328268058878,4.918725133333333,8.390909333333333,12.107288433333332,324.0,24.0,69.66196289929015,2.048356369178542,66.97275,69.89,71.846375,294,23
46086,244,5.887205504700859,7.7810522119377925,3.1944445466666664,4.095581933333333,5.87106318,325.0,24.0,8.513627884906613,2.7247439273795644,4.9276344000000005,8.382810000000001,12.281829066666669,325.0,24.0,69.70551018791451,2.0390761352149833,66.9228,69.9235,71.863925,295,23
46086,245,5.868743622196148,7.597771230046902,3.2282098583333334,4.106518066666666,5.974546341666667,326.0,24.0,8.509112175872609,2.760519584639253,4.946667833333333,8.346363,12.293438111111112,326.0,24.0,69.74490139508332,2.0497457897164573,66.900875,69.95750000000001,71.9375,296,23
46086,246,5.80922217486361,7.2682036426235115,3.2589677333333333,4.106518066666666,5.956775125,326.0,24.0,8.430923976283657,2.773763373316454,4.928444333333333,8.334214,12.281289111111112,326.0,24.0,69.77429522065232,2.0882580493240672,66.929,69.96674999999999,72.0275,296,23
46086,247,5.756840047595046,7.040263901318285,3.2904091166666665,4.132491383333334,5.9142609066666685,327.0,24.0,8.370323925982635,2.846820088415581,4.8936172000000004,8.131730666666666,12.280749155555558,327.0,24.0,69.80483018142934,2.1067371583830248,66.9317,69.96849999999999,72.0215,297,23
46086,248,5.700027902427679,6.776360076189606,3.3319664233333333,4.149103607608696,5.817066021666667,328.0,24.0,8.393409803961172,2.8798400168617255,4.899286733333334,8.318015333333333,12.289658422222223,328.0,24.0,69.82799197101602,2.11772066437876,66.92562500000001,70.02875,72.0155,298,23
46086,249,5.651715151803776,6.564750288715854,3.377077973333333,4.135225416666667,5.846730283333333,329.0,24.0,8.358776886399912,2.860313080864039,4.904956266666667,8.108782555555555,12.28776857777778,329.0,24.0,69.85302020784408,2.136475050950948,66.93350000000001,70.0025,72.07319999999999,299,23
46086,250,5.601848641334815,6.395468641911071,3.3297791966666668,4.1174542,5.794236843333332,329.0,24.0,8.355097278416281,2.8242108779727104,4.916295333333333,8.241071666666667,12.279669244444445,329.0,24.0,69.85890844035826,2.1668036137887974,66.884,69.97250000000001,72.14824999999999,299,23
46086,251,5.563154465356545,6.172287120969734,3.3274552683333334,4.1395344909420295,5.711532335000001,328.0,24.0,8.442650238191609,2.7644939754118383,5.068292822222222,8.355812222222221,12.28776857777778,329.0,24.0,69.8476743266459,2.1952184735423885,66.8225,69.965,72.2325,299,23
46086,252,5.569806403474652,6.122463979792018,3.3300526,4.161198733333333,5.688156350000001,327.0,24.0,8.540810920547075,2.7411894349139247,5.203551688888889,8.446254777777778,12.316926177777777,329.0,24.0,69.82839924303386,2.2255731001569083,66.785,69.91250000000001,72.31975,299,23
46086,253,5.585008994851389,6.1005047529821175,3.3867837916666668,4.165299783333333,5.642361291666667,326.0,24.0,8.585853717575107,2.763913939427368,5.2596076011695905,8.488101333333335,12.375241377777778,329.0,24.0,69.81215258751547,2.251462456081949,66.785,69.885,72.51659999999998,299,23
46086,254,5.63011291401633,6.2141481260645675,3.3852800733333335,4.194007133333334,5.689523366666667,325.0,24.0,8.574980060108754,2.775453686928569,5.159275333333333,8.509699555555555,12.319085999999999,329.0,24.0,69.77978583690627,2.2781503285217273,66.7295,69.83,73.0625,299,23
46086,255,5.677829882884878,6.469198597624593,3.3754375533333336,4.185701471464647,5.690206875,324.0,24.0,8.505704343563092,2.7873570852002896,5.0248264,8.431406,12.199215866666666,329.0,24.0,69.74845979725772,2.31411858535961,66.61175,69.75125,73.25450000000001,298,23
46086,256,5.632063930335853,6.404987276814283,3.362587596666667,4.15436365,5.682961686666667,323.0,24.0,8.523259329323297,2.8768310994218234,5.0248264,8.463803333333333,12.146300222222223,329.0,24.0,69.72211264096099,2.338781707734871,66.6065,69.6275,73.4465,297,23
46086,257,5.6305790597187135,6.507917916452988,3.2891788016666665,4.131807875,5.669018116666668,322.0,24.0,8.588817369127714,2.953045582879378,4.963541444444445,8.463803333333333,12.611201955555554,329.0,24.0,69.68496330793249,2.3700047899152907,66.60125,69.5675,73.55375000000001,296,23
46086,258,5.703857867836971,6.917587383342228,3.2904091166666665,4.135225416666667,5.673119166666666,321.0,24.0,8.69975467281855,2.9339168723013898,5.115538933333333,8.641988666666666,12.595003288888888,329.0,24.0,69.6377206290732,2.4064080028720745,66.557,69.5104347826087,73.6961,295,23
46086,259,5.747459316416461,7.166183983048923,3.265802816666667,4.144794533333333,5.636209716666667,320.0,24.0,8.648412466291594,2.928504450618234,4.9713708,8.585293333333334,12.146300222222223,329.0,24.0,69.58367248495439,2.431035413680696,66.50075,69.42451086956521,73.70645,294,23
46086,260,5.7924304551765236,7.560759697829027,3.1863045837878787,4.127706825,5.6001204766666675,320.0,24.0,8.596151309877255,2.8929224795384294,4.937623577777778,8.569094666666667,12.102023866666666,329.0,24.0,69.52269611893963,2.4512672640169195,66.39200000000001,69.38575,73.7435,293,23
46086,261,5.848224588392409,7.964732999913902,3.171478666666667,4.116087183333334,5.596566233333333,321.0,24.0,8.63122878009542,2.881544124779573,4.962461533333333,8.552896,12.110663155555555,330.0,24.0,69.46097058315875,2.4415370841716886,66.36043478260869,69.34249999999999,73.6616923076923,293,23
46086,262,5.9399612779847075,8.27992750596456,3.1706584566666667,4.108182260869565,5.761428443333333,319.0,24.0,8.646326389401201,2.8388392643696854,5.125258133333333,8.486751444444444,12.110663155555555,330.0,24.0,69.38770736631763,2.4363933799167072,66.27499999999999,69.32000000000001,73.634,291,23
46086,263,6.0456998697618145,8.57638501512118,3.1556212733333333,4.116087183333334,5.910250991111112,317.0,24.0,8.51819455988611,2.863488470343454,4.957601933333333,8.288992722222222,12.101213933333332,330.0,24.0,69.31410657481027,2.4345393315958765,66.248,69.23,73.5908,289,23
46086,264,6.108355075736369,8.777756001274726,3.1161546980392156,4.116087183333334,5.934783987318841,316.0,24.0,8.371524684217169,2.894333466512728,4.814108744444445,8.136358857142858,12.048568266666669,330.0,24.0,69.24656311964307,2.428579404279401,66.167,69.1575,73.54990000000001,287,23
46086,265,6.150639715389061,8.832275119414732,3.149743101666667,4.1270233166666666,5.977914173636364,315.0,24.0,8.289663448296054,2.9496744628133182,4.6360584,8.073685444444445,12.048568266666669,330.0,24.0,69.19080622086406,2.404617089036808,66.209,69.11749999999999,73.51700000000001,285,23
46086,266,6.224457519189429,9.003606058136418,3.173529191666667,4.149579091666666,5.979293617727273,314.0,24.0,8.318405794354657,2.962369413507369,4.671155511111111,8.054112055555557,12.048568266666669,330.0,24.0,69.13030946040311,2.3708846745657466,66.27971428571429,69.005,73.38915,283,23
46086,267,6.270441115222257,9.093309611104901,3.182278098333333,4.165921154545455,6.0803534316666665,314.0,24.0,8.253671816907456,2.9798252710618023,4.487030666666667,8.0122655,11.905210066666669,330.0,24.0,69.07446201884017,2.34458720997053,66.32857142857144,68.99,73.025,281,23
46086,268,6.297128363904497,9.11599907620639,3.185496801212121,4.198108183333333,6.084044376666667,313.0,24.0,8.248494397217806,2.935048982447036,4.671155511111111,8.004166166666666,11.860447751111112,330.0,24.0,69.0162411995892,2.3256292475125053,66.31635714285714,68.97500000000001,73.019,279,23
46086,269,6.338323891476309,9.197528416674341,3.22506572,4.197424675,6.133462029166668,312.0,24.0,8.289850140444464,2.9446591096757513,4.697613333333333,8.01834,11.905210066666669,330.0,24.0,68.96365055277087,2.3057752483905407,66.33242857142857,68.9425,72.6545,277,23
46086,270,6.38417085373636,9.174393927711625,3.22752635,4.221347466666667,6.234963016666666,311.0,24.0,8.336012815761535,2.9849143750272527,4.712462111111111,8.01834,12.096084355555554,330.0,24.0,68.91029508776904,2.2755288529956577,66.29803571428572,68.89937499999999,72.005,276,23
46086,271,6.401278656021615,9.116414113033494,3.22752635,4.221347466666667,6.419510266666666,311.0,24.0,8.281222626675872,3.017399639197147,4.672640388888889,8.0122655,12.150619866666672,330.0,24.0,68.85413145355353,2.2531187170297153,66.20750000000001,68.86125,71.84375,276,23
46086,272,6.378626937269315,8.9581107300722,3.22752635,4.222714483333333,6.498797233333334,311.0,24.0,8.155601073676774,3.01798417852116,4.4110319222222225,7.872552000000001,12.08501526666667,330.0,24.0,68.7958231280967,2.227210758554109,66.17375000000001,68.805,71.64875,276,23
46086,273,6.346825649259929,8.75752984771998,3.2247923166666665,4.222714483333333,6.62319575,311.0,24.0,8.058333924018285,2.976888784095371,4.358656233333333,7.729463777777777,11.813633604444446,330.0,24.0,68.7349922533555,2.201212151941732,66.09125,68.736875,71.48375,276,23
46086,274,6.3022950530957225,8.560060755959102,3.22752635,4.222714483333333,6.62319575,311.0,24.0,8.063899829199805,2.961519220478906,4.378229622222222,7.675468222222221,11.802348533333333,329.0,24.0,68.66805656494971,2.1848151954129054,66.05,68.72125,71.39,276,23
46086,275,6.319809403617757,8.51140687280643,3.227252946666667,4.241169208333334,6.6447946133333335,310.0,24.0,8.056660200823865,3.0227501032168327,4.353391666666666,7.595149833333333,11.867575164444444,328.0,24.0,68.60013491639899,2.1630972342243666,66.09125,68.66900000000001,71.225,276,23
46086,276,6.30077367108765,8.32345917454328,3.2395560966666666,4.299723088888888,6.64862226,309.0,24.0,8.010613599576281,3.0908989671258253,4.1506383555555555,7.572876666666667,11.946516666666671,327.0,24.0,68.5334096637452,2.1417567411701284,65.99000000000001,68.5625,71.04875,276,23
46086,277,6.277774498602885,8.169318850790896,3.242563533333333,4.299723088888888,6.691546583333333,311.0,24.0,8.006513390599935,3.1940093329307433,4.111545573333333,7.575576444444445,11.946516666666671,327.0,24.0,68.47912473341484,2.1257329331986217,65.98774999999999,68.51416847826087,70.96924999999999,278,23
46086,278,6.262301867870917,8.006245189279543,3.2138561833333332,4.304735483333333,6.907863300666669,313.0,24.0,7.977752363462094,3.197495896224501,4.111545573333333,7.53238,11.946516666666671,327.0,24.0,68.42240241389045,2.125537463609831,65.94200000000001,68.42750000000001,70.9355,280,23
46086,279,6.253948382404146,7.897653139591575,3.262658678333333,4.3368603750000005,6.950131455999999,314.0,24.0,7.989998786635725,3.209092325481053,4.102312333333333,7.544529,11.897920666666671,327.0,24.0,68.3650077159196,2.136721755326152,65.94800000000001,68.312875,70.9325,282,23
46086,280,6.261714263623927,7.988694389671008,3.230260383333333,4.371035791666666,6.686625323333334,315.0,24.0,7.968220461282587,3.1641465875214556,4.106362,7.525630555555555,11.818547200000001,327.0,24.0,68.29387523659746,2.162122401639413,65.86223913043479,68.17625000000001,70.9325,284,23
46086,281,6.243226507899054,7.984142407382527,3.201689735,4.368985266666667,6.740592763913048,317.0,24.0,7.876717411937912,3.164938488983218,4.088543466666667,7.441937444444444,11.818547200000001,327.0,24.0,68.22739948243456,2.193073938249353,65.84,67.896875,70.9325,286,23
46086,282,6.215230605045443,7.894584794079557,3.1470090683333334,4.299524970531401,6.934383424,318.0,24.0,7.853530451864367,3.18992253891379,4.037517666666667,7.499982666666667,11.813687600000002,327.0,24.0,68.16434069979688,2.2132630258628456,65.75825,67.732,70.9325,288,23
46086,283,6.213451160574371,7.9011991721482415,3.140037283333333,4.291065316666667,6.962926732,320.0,24.0,7.844385452706453,3.251342203323259,3.923857022222222,7.441937444444444,11.980533866666667,327.0,24.0,68.10512639362138,2.229283833647678,65.64875,67.64,70.9325,290,23
46086,284,6.207753626105894,7.910449853106185,3.1305365175,4.299297134420289,6.970800748000001,322.0,24.0,7.8294279606657184,3.2389489708532717,3.923857022222222,7.475684666666666,11.765091600000003,327.0,24.0,68.04492492487412,2.2467096546847034,65.55425,67.56125,70.923875,292,23
46086,285,6.225031954956049,7.967296165357511,3.1027177283333334,4.334126341666666,6.950131455999999,324.0,24.0,7.858216358361327,3.1816338583900823,3.9670534666666666,7.53238,11.699522214492752,327.0,24.0,67.98381473676429,2.261392732187892,65.50475000000002,67.55125,70.89125,294,23
46086,286,6.29127341372414,8.165449864682044,3.1066820766666665,4.312937583333333,7.128991916666672,325.0,24.0,7.879431139012751,3.15234511269852,4.0407574,7.525630555555555,11.699522214492752,327.0,24.0,67.92297778187178,2.2722831054786274,65.366,67.54608695652173,70.7495,295,23
46086,287,6.3100235807016185,8.143516975689812,3.1106464249999997,4.358049133333333,7.2465553499999995,326.0,24.0,7.901817607054764,3.1534369087723446,4.0529064,7.53238,11.699522214492752,327.0,24.0,67.86442108548766,2.277699248738534,65.32249999999999,67.43825000000001,70.6625,296,23
46086,288,6.333861595949949,8.173072020124131,3.0582896866666665,4.378554383333333,7.287292446666668,327.0,24.0,7.884932120953029,3.2418204816911067,3.962733822222222,7.524280666666667,11.980533866666667,327.0,24.0,67.79967640169814,2.2815359039695187,65.273,67.395,70.625,297,23
46086,289,6.363796259350419,8.157724250701076,3.0664234358333333,4.412046291666666,7.327892841666666,328.0,24.0,7.837793417992071,3.273942012776828,3.8293648,7.473254866666666,11.9971375,328.0,24.0,67.72890859352204,2.286606051322679,65.19274999999999,67.34375,70.44125,298,23
46086,290,6.312635380151874,7.836166851602117,3.1301947633333334,4.423665933333333,7.293170618333333,329.0,24.0,7.736282311185978,3.249109433733934,3.8066866666666654,7.394691333333333,11.975674266666667,329.0,24.0,67.6600745650852,2.282746037306867,65.174,67.29875,70.41499999999999,299,23
46086,291,6.332689209970506,7.809143260437312,3.1526138366666667,4.423665933333333,7.293170618333333,329.0,24.0,7.692108644375887,3.2281733653756794,3.8066866666666654,7.3460953333333325,11.744843266666672,330.0,24.0,67.59522362812912,2.282543108446815,65.07987351778655,67.267,70.63250000000001,300,23
46086,292,6.358275280683712,7.785693718109958,3.15206703,4.444171183333333,7.4142199441666685,328.0,24.0,7.655351208042366,3.116857342803862,3.835844266666667,7.400765833333334,11.744843266666672,330.0,24.0,67.51459101943347,2.2941452647834324,64.89425,67.22510869565218,70.63250000000001,300,23
46086,293,6.35436921902539,7.753920537165542,3.1859690433333334,4.423665933333333,7.481408813333338,327.0,24.0,7.717514391705081,3.1192503906520312,3.9095481999999993,7.465155533333333,11.724242788405801,330.0,24.0,67.44467598320159,2.2991256493950254,64.72925,67.204375,70.5515,300,23
46086,294,6.3089558796792415,7.63443621086714,3.1813895375000003,4.398935359090909,7.608131258333334,326.0,24.0,7.730789935341443,3.168772269467488,3.9095481999999993,7.424658866666666,11.973919411111112,330.0,24.0,67.37587764986824,2.2823926284202543,64.65425,67.154375,70.5485,300,23
46086,295,6.3412157014019375,7.669766111708703,3.176399926666667,4.393343018181818,7.863626673333341,325.0,24.0,7.798876326770602,3.2520098242514774,3.8374641333333335,7.483784,12.050998066666672,330.0,24.0,67.30485980928853,2.259731661653764,64.56275,67.13122282608697,70.53725,300,23
46086,296,6.338059953699095,7.575482068878374,3.17585312,4.431184525,7.8962983716666635,324.0,24.0,7.817510922967131,3.2910751397882305,3.9419455333333335,7.465155533333333,12.28466383333334,330.0,24.0,67.22518334552042,2.245903414625063,64.51175,67.07362499999999,70.43375,300,23
46086,297,6.3195386538992215,7.666214488186026,3.165463793333333,4.423665933333333,7.643810393333334,323.0,24.0,7.7696686198226415,3.243886949500415,4.010789866666666,7.317747666666666,12.050998066666672,330.0,24.0,67.14304044696969,2.230532907362039,64.50275,66.953125,70.34825000000001,300,23
46086,298,6.282239844150411,7.715699055637956,3.15370745,4.371035791666667,7.543949825833335,322.0,24.0,7.683113271691642,3.211232781823533,4.012895693333333,7.293449666666666,12.0044269,330.0,24.0,67.06100140349145,2.2060761696626496,64.47425000000001,66.905,70.31975,300,23
46086,299,6.266890363471752,7.660269586283206,3.136072935,4.331392308333333,7.496172593333335,322.0,24.0,7.62992481323144,3.245399529947932,3.9722370399999996,7.1807339444444445,12.050998066666672,330.0,24.0,66.97393267885374,2.178589940626343,64.465825,66.82625,70.25,300,23
46086,300,6.254268425620311,7.599378373806555,3.090961385,4.342031264130435,7.655703438333337,322.0,24.0,7.600531319903456,3.348148147396126,3.9597640666666667,6.981625333333334,12.050998066666672,330.0,24.0,66.88261494552043,2.1424024104875996,64.44065,66.734375,70.1075,300,23
46086,301,6.25915099265922,7.644777053885897,3.068952416666667,4.431184525,7.554481322233334,322.0,24.0,7.571275825553792,3.3435561313064306,3.864191933333333,6.941803611111111,12.02751,330.0,24.0,66.78624630059288,2.1063859421352267,64.436,66.62097826086958,69.88850000000001,300,23
46086,302,6.288773952125983,7.874919838054558,3.045625644266667,4.423665933333333,7.548594948466667,323.0,24.0,7.540444810989237,3.2843057584629216,3.952474666666667,6.935729111111111,12.02751,331.0,24.0,66.688160657895,2.063133829945752,64.422175,66.51842391304348,69.7085,300,23
46086,303,6.270499278441998,7.869592934279743,3.0476324247333335,4.443487675,7.542708574699999,324.0,24.0,7.5187150436440735,3.231281437916805,4.017269333333333,6.938428888888889,11.887097012121218,332.0,24.0,66.5928625553309,2.0222076648925644,64.418825,66.42125,69.13886,300,23
46086,304,6.306121966870739,8.062497762520223,2.98064314,4.448272233333333,7.722550553333335,325.0,24.0,7.505420726656682,3.24626844888838,4.0178092888888886,6.965426666666667,11.86670141818182,333.0,24.0,66.50578732344684,1.9873120705119682,64.41422,66.3275,68.83025,300,23
46086,305,6.376612079711312,8.262533240662727,2.948446925724638,4.438019608333333,7.870598458333333,326.0,24.0,7.615734880115463,3.3677088620313023,4.025233677777778,7.1375375000000005,12.16438873333333,334.0,24.0,66.4093511292682,1.9620109634922205,64.34735,66.1875,68.72825000000002,300,23
46086,306,6.363631531594767,8.224251384233096,2.8729222266666667,4.422298916666666,8.026301656666668,328.0,24.0,7.685495550941732,3.381869555937521,4.101502399999999,7.232704666666667,12.144834628571433,335.0,24.0,66.29637283216677,1.9369171389562863,64.27175,66.08937499999999,68.64425,300,23
46086,307,6.388787963424263,8.205037480809178,2.854194098333333,4.442804166666667,8.228533131363639,330.0,24.0,7.751760265437778,3.5124734688240555,4.14057102631579,7.213131277777778,11.967501303030303,336.0,24.0,66.1886820317715,1.9021940660633079,64.1895,65.99000000000001,68.57525000000001,300,23
46086,308,6.532456886358281,8.566811523546455,2.8421643516666664,4.4448546916666665,8.489583605000005,332.0,24.0,7.761572920893156,3.5188616089612976,4.141018621052631,7.239454111111112,11.955499563636367,337.0,24.0,66.08232790133674,1.8603976063229921,64.13485,65.821875,68.43725,300,23
46086,309,6.717234964349703,9.018622090991936,2.83874681,4.469460991666667,8.457595414999998,334.0,24.0,7.7747710250600175,3.4671126486747226,4.211329360000001,7.367018611111111,11.943497824242424,338.0,24.0,65.9644570680034,1.824383375821023,63.93077272727273,65.72437500000001,68.39,300,23
46086,310,6.763282050983141,9.007701432478443,2.8392936166666667,4.512029890666667,8.611521491666668,336.0,24.0,7.7436662382899835,3.4692785608890837,4.19091904,7.364993777777777,11.931496084848483,339.0,24.0,65.85824503374779,1.789555607840961,63.82625,65.6225,68.2565,300,23
46086,311,6.83889451295802,9.030473131922399,2.8729222266666667,4.607529675,8.569143975000003,338.0,24.0,7.712027337812895,3.4685495376777102,4.131896214035088,7.2748212,11.919494345454547,340.0,24.0,65.76354030186373,1.7475828882486495,63.7175,65.54,68.1725,300,23
46086,312,6.963328275702592,9.076493969986998,2.94373369,4.669045425,8.720336018333334,340.0,24.0,7.7715956331689275,3.5355946477423803,4.019969111111111,7.370393333333333,12.223051047619048,341.0,24.0,65.6639769685304,1.7003421540273524,63.66977,65.40725,67.8275,300,23
46086,313,7.130209971526919,9.209643121129508,2.9446906016666667,4.748674145833333,8.870981255000004,342.0,24.0,7.851379504981798,3.6766723663422978,4.080401505263158,7.369718388888889,12.315846266666668,342.0,24.0,65.55338517867533,1.6554715870487107,63.57075,65.2337,67.7165,300,23
46086,314,7.26841833850993,9.538874152612184,2.9448273033333336,4.721675566666667,9.065234323333334,343.0,24.0,7.774713285138732,3.6462080360594986,4.039407511111111,7.273201333333333,12.264241942857144,343.0,24.0,65.44567415693619,1.6169973747812538,63.443375,65.1425,67.63901,300,23
46086,315,7.33739789808025,9.718870444134115,2.9847441900000002,4.624617383333333,8.93782837,344.0,24.0,7.625111052725601,3.555620402355229,4.018079266666667,7.143931710526316,12.095544399999998,344.0,24.0,65.33952761490721,1.597303113702466,63.3958,65.08875,67.54165499999999,300,23
46086,316,7.4162848817300535,9.873296052943216,2.9899388533333333,4.624617383333333,9.115813940000006,345.0,24.0,7.590282923479038,3.486647103525097,4.018349244444444,7.119314,11.798136880000005,345.0,24.0,65.23528125983474,1.5848602252890989,63.22675,65.06,67.31267391304347,300,23
46086,317,7.54050278996736,10.082029818293003,3.0620222365217393,4.61368125,9.24622733,345.0,24.0,7.611007427660861,3.5401820163343234,3.9540945333333335,7.156400421052632,11.641333786666667,345.0,24.0,65.12928661267756,1.5829114872081576,63.147325,64.92434782608696,67.22525,300,23
46086,318,7.639706160991942,10.191441171626122,3.078925694782609,4.612314233333334,9.28313678,345.0,24.0,7.626108140706862,3.543136712770724,4.003770444444444,7.119314,11.69122568,345.0,24.0,65.01845268625614,1.5717480151161567,63.101,64.82,67.1465,300,23
46086,319,7.683421695221572,10.180926674955915,3.084536406666667,4.60547915,9.28313678,345.0,24.0,7.708729347701808,3.621129074331285,4.008090088888888,7.119314,11.950492703030305,345.0,24.0,64.91099063553152,1.555435745265749,63.002,64.723125,67.1165,300,23
46086,320,7.755596628056375,10.28194122610856,3.084536406666667,4.61368125,9.24622733,345.0,24.0,7.679182840666029,3.5440123712424447,3.934656133333333,7.062618666666666,11.879562177777778,345.0,24.0,64.81170088274045,1.5417194983844018,62.91425,64.58425,67.0805,300,23
46086,321,7.893705471262544,10.439392584552031,3.12910115,4.733978716666667,9.28313678,345.0,24.0,7.622487749079785,3.5153436980288846,3.934656133333333,6.956901052631578,11.799108800000003,345.0,24.0,64.7213674588274,1.5339525118230182,62.861,64.505,66.93050000000001,300,23
46086,322,7.949626290264537,10.560712350771624,3.1363463383333334,4.733978716666667,9.141650554999996,344.0,24.0,7.548701517704063,3.4056643217361913,3.9216972,6.935054166666667,11.698353093333331,344.0,24.0,64.63670153971738,1.5288623927340017,62.816,64.4375,66.7715,299,23
46086,323,7.891346578222688,10.413388777277751,3.1348426199999997,4.733978716666667,9.167487170000003,343.0,24.0,7.513637791262802,3.399603747441639,3.954094533333333,6.887954782608695,11.705480506666667,343.0,24.0,64.54008093648035,1.5323524046302974,62.732975,64.342625,66.63725000000001,298,23
46086,324,7.832113421508574,10.195261876244619,3.1347059183333332,4.7069801375,9.199475360000006,342.0,24.0,7.530977494893445,3.452495197946694,3.8682416,6.843936666666666,12.110785872727277,342.0,24.0,64.43699363030835,1.5538174374516824,62.658,64.24325,66.5735,297,23
46086,325,7.9596385154733165,10.387749636348417,3.1345692166666663,4.6916012,9.97785465,341.0,24.0,7.6200988733051,3.568447951453979,3.911978,6.852036000000001,12.32043588888889,341.0,24.0,64.31042169139248,1.602452095959164,62.59,64.09625,66.48124999999999,296,23
46086,326,8.028208836545325,10.530076245814694,3.134432515,4.684766116666667,10.018865150000009,340.0,24.0,7.725669657259859,3.6586336436485243,3.9424854888888885,6.946990026315789,12.470543533333334,340.0,24.0,64.17249600221075,1.6352321045797267,62.4525,63.98,66.404,295,23
46086,327,8.093465325094847,10.63567819849407,3.1341591116666665,4.684766116666667,10.440863195000002,338.0,24.0,7.786405203730937,3.6967006864066,4.0232088444444445,6.973526,12.583124266666664,339.0,24.0,64.03783076382727,1.6682434971261775,62.30412499999999,63.837500000000006,66.32825,294,23
46086,328,8.10745939897578,10.620254280290258,3.1252735033333328,4.68750015,9.841699790000007,337.0,24.0,7.798001733812219,3.619386273400407,4.019429155555556,6.9652135263157895,12.843922800000001,338.0,24.0,63.91629520329427,1.6970513493086385,61.94021739130435,63.71625,66.2405,293,23
46086,329,8.120615882183055,10.57650627915107,3.129784658333333,4.736101189912281,9.864392266666666,336.0,24.0,7.82533369521521,3.609092015715228,3.9368159555555553,7.119314,12.644679200000011,337.0,24.0,63.80066715678976,1.7328422747523562,61.472,63.681875000000005,66.17825,292,23
46086,330,8.152925809662207,10.566566065924354,3.149879803333333,4.800962533333333,9.887084743333338,335.0,24.0,7.947051847775596,3.6197236610070265,4.018619222222222,7.278600888888889,12.889449578947369,336.0,24.0,63.686187602719265,1.756353346850003,61.34,63.58375,66.11749999999999,291,23
46086,331,8.20565598509041,10.636390076573845,3.1481026816666664,4.835821458333333,9.909777219999997,334.0,24.0,7.981823821610194,3.623351374698422,4.0259086222222225,7.337996,12.989199263157898,335.0,24.0,63.56809773238382,1.7868314836187669,61.25525,63.470625,66.11075,290,23
46086,332,8.28529331359085,10.779148476600348,3.1353894266666664,4.833087425,10.324256673333355,332.0,24.0,7.976447924506427,3.6216150004626733,4.025098688888889,7.278600888888889,13.0091492,334.0,24.0,63.45939670151949,1.8102168896945667,61.121100000000006,63.42124999999999,66.1025,289,23
46086,333,8.318917854628285,10.827640254900615,3.142497913333333,4.813889756159421,10.72164841833341,330.0,24.0,8.017533497816403,3.637499608153201,4.065865333333334,7.279950777777778,13.177615333333334,333.0,24.0,63.34934897720411,1.836479621749371,61.06025,63.38,66.06125,288,23
46086,334,8.416725433147482,10.994320318658225,3.1422245099999997,4.8638453,11.05533718666663,329.0,24.0,8.040849708918698,3.630888637707126,4.065190388888889,7.431813277777778,13.193814000000005,332.0,24.0,63.22968358960764,1.8727850722791823,60.953450000000004,63.3575,66.0005,287,23
46086,335,8.470817412927298,10.970685788974773,3.1143076522463766,4.869836399130435,12.433016583333353,328.0,24.0,8.076543361748596,3.664350277859077,4.064515444444445,7.494583111111111,13.388198,331.0,24.0,63.10799804271816,1.9031495495955206,60.89,63.2575,65.95086956521739,286,23
46086,336,8.484584331336125,10.965673976279824,3.111199175217391,4.859744249999999,12.617563833333396,327.0,24.0,8.092116477280676,3.632932893567322,4.060330788888889,7.6133733333333335,13.286146400000002,330.0,24.0,62.98156918382914,1.9304644730521336,60.609500000000004,63.1775,65.7995,285,23
46086,337,8.506314700957521,11.03609764300342,3.082759285,4.8388972458333335,12.433016583333353,328.0,24.0,8.059653790235833,3.624082578279122,3.925476888888889,7.621472666666667,13.274807333333332,331.0,24.0,62.850898554450666,1.9551817551508168,60.428749999999994,62.974999999999994,65.7275,286,23
46086,338,8.611077189411962,11.28114889733694,3.0845364066666665,4.859744249999999,12.248469333333311,329.0,24.0,8.120398870513736,3.7100951632942913,3.8603582488888897,7.6133733333333335,13.376858933333336,332.0,24.0,62.72579959937315,1.9786476368702957,60.239,62.89739130434782,65.633,287,23
46086,339,8.727296313486077,11.484581079643181,3.0682005574999995,4.869836399130435,13.417268583333342,330.0,24.0,8.09962457989235,3.678815879316093,4.016189422222222,7.564777333333333,13.393381573333334,333.0,24.0,62.618002723441656,1.9917794275077267,59.983250000000005,62.7375,65.44625,288,23
46086,340,8.760274932293795,11.644129106774043,3.086313528333333,4.9335631499999995,12.0297466666667,330.0,24.0,8.023331472105621,3.501218059027722,4.016189422222222,7.605274,12.796676688888889,333.0,24.0,62.53800747887645,1.9995628451162963,59.83675,62.64275000000001,65.30575,288,23
46086,341,8.843572271503312,11.817384649662905,3.0682005574999995,4.910665620833333,12.061734856666702,330.0,24.0,8.038693433793615,3.589088864200816,4.016189422222222,7.564777333333333,12.833879626666668,333.0,24.0,62.46105824125568,2.019808400902406,59.762750000000004,62.583625,65.18674999999999,288,23
46086,342,8.843795642496325,11.80652176202064,3.070319433333333,4.944499283333333,11.879374833333332,331.0,24.0,8.046725929374604,3.559128975450247,4.028068444444445,7.589075333333334,12.948242213333334,333.0,24.0,62.37480242905761,2.0446524229839476,59.600750000000005,62.481875,65.161275,288,23
46086,343,8.865088738859278,11.863975683364073,3.070319433333333,4.944499283333333,11.879374833333332,331.0,24.0,8.046253436260438,3.4838153510944805,4.052636422222222,7.617184784313726,12.833879626666668,333.0,24.0,62.28755416516871,2.057574996126916,59.561,62.3425,65.141175,288,23
46086,344,8.95088392765948,11.988384240036122,3.070319433333333,4.97457365,11.879374833333332,331.0,24.0,8.125043367028255,3.5480765306292135,4.102852288888889,7.617184784313726,12.948242213333334,333.0,24.0,62.1961815428861,2.0645010215977955,59.444750000000006,62.261250000000004,65.13180000000001,288,23
46086,345,9.073176391380121,12.280921180744436,3.049130675,5.012850116666667,11.879374833333332,331.0,24.0,8.053508277849,3.5360914373002403,4.052636422222222,7.556678000000001,12.833879626666668,333.0,24.0,62.10932401722185,2.070124825837668,59.372,62.174125000000004,65.06805,288,23
46086,346,9.131959162280207,12.387246939036547,3.070319433333333,5.034722383333333,11.879374833333332,331.0,24.0,8.031913876566524,3.5863649526396553,4.049666666666666,7.507407055555555,12.910499320000005,332.0,24.0,62.029539294999644,2.070085727427406,59.3225,62.1175,65.04255,288,23
46086,347,9.115956626951046,12.28595107230805,3.0526165675,5.115034612500001,11.410351415000015,332.0,24.0,8.106445320594151,3.5398832073526023,4.064515444444445,7.564777333333333,12.9556936,331.0,24.0,61.94215576541026,2.067812421253417,59.294425000000004,61.919375,64.9835,288,23
46086,348,9.17352511153918,12.321555017891884,3.05610246,5.197397366666666,11.363736146666671,333.0,24.0,8.095077297684053,3.5312126124144325,4.049666666666667,7.507407055555555,12.964688122807019,330.0,24.0,61.86653746183884,2.0660867856231517,59.25385,61.725625,64.9835,288,23
46086,349,9.232825986918705,12.35895813976092,3.0908246833333335,5.2561790833333335,11.688812710000004,333.0,24.0,8.165802426867268,3.624971670902113,4.106901955555556,7.548578666666667,13.066114511111108,329.0,24.0,61.801765118843655,2.0536251166160415,59.25385,61.6125,64.9565,288,23
46086,350,9.309573180771395,12.512189456013154,3.154801063333333,5.324529916666667,11.610072550000002,333.0,24.0,8.201914249915133,3.59699769214526,4.314919833333334,7.560727666666667,12.874052320000002,328.0,24.0,61.727842995827785,2.026010561811141,59.210525,61.5575,64.93175,288,23
46086,351,9.416772670105845,12.745791622067564,3.186242446666667,5.362806383333333,11.636592673333334,333.0,24.0,8.237902796379329,3.651416414169405,4.312895,7.490533444444445,13.100401688888894,327.0,24.0,61.672566539004116,1.992178296524283,59.210525,61.478750000000005,64.87025,288,23
46086,352,9.555188128133137,12.865134908121695,3.2498087216666667,5.488913670833334,11.736931696666671,332.0,24.0,8.429992399935227,3.8336113951934676,4.4530134666666665,7.564777333333333,13.363360044444443,325.0,24.0,61.62019975203557,1.9585445072573402,59.201,61.435,64.7235,287,23
46086,353,9.604287286779712,12.753780384788016,3.3286855833333333,5.619805516666666,11.746774216666669,331.0,24.0,8.472359486102427,3.961109085730426,4.3927544266666665,7.564777333333333,13.501588666666667,323.0,24.0,61.56142480220448,1.9254192361149993,59.198750000000004,61.388214285714284,64.665625,286,23
46086,354,9.677933489013624,12.723134321550765,3.4079725499999998,5.711395633333334,11.701252561666669,330.0,24.0,8.609228581414571,4.0877673883808345,4.383359199999999,7.748362222222222,13.882257333333332,321.0,24.0,61.49020773673314,1.9079344280573707,59.1845,61.355,64.226,285,23
46086,355,9.687587160545297,12.505233546395175,3.5098152916666665,5.809137325,11.763588521666673,330.0,24.0,8.726466030128599,4.181411355959511,4.4449141333333335,7.820581277777778,14.102424211111114,320.0,24.0,61.413256859540155,1.8867923572822054,59.1365,61.2075,64.01750000000001,285,23
46086,356,9.616874219656522,12.24233156449784,3.575978898333333,5.826225033333333,11.701252561666669,330.0,24.0,8.656303376432467,4.1933653868916645,4.443294266666666,7.742962666666666,14.10390908888889,319.0,24.0,61.33950026152337,1.8676939130178791,59.123000000000005,61.151,63.941500000000005,285,23
46086,357,9.57915691728783,12.076923052186078,3.4790574166666666,5.863134483333333,11.746774216666669,331.0,24.0,8.64205061538411,4.288416648244062,4.3590612,7.548578666666667,14.13495653333333,319.0,24.0,61.25996689180385,1.8528247968725795,59.09375,61.089999999999996,63.86,286,23
46086,358,9.539650496664612,11.882678321954405,3.5877352416666666,5.872361845833334,11.741716255000004,332.0,24.0,8.668351771592748,4.295258063754198,4.3712102,7.548578666666667,14.231608577777775,319.0,24.0,61.17693704958123,1.8389905794604282,59.05491304347826,60.9425,63.8015,287,23
46086,359,9.508070616031631,11.65797297945808,3.565862975,5.894575866666667,11.963446358333336,316.0,24.0,8.707000756948101,4.329861336579139,4.4125168,7.5387186086956515,14.525344400000002,303.0,24.0,61.120159096079895,1.82182949163715,59.03495652173913,60.88999999999999,63.767,273,23
46086,360,9.350638963217698,11.306798966281676,3.472905841666667,5.894575866666667,11.839389595833335,316.0,24.0,8.743636520750206,4.429645652609385,4.3809294,7.5387186086956515,14.840678444444446,303.0,24.0,61.029179479200586,1.8026055357129986,59.00975,60.81625,63.692750000000004,274,23
46086,361,9.174731963577154,11.032854579391373,3.411390091666667,5.8884242916666665,11.721484408333335,316.0,24.0,8.660435453108908,4.42297712960373,4.283359431111111,7.505223411764705,14.743216466666665,304.0,24.0,60.93811155382168,1.782131524366407,58.97691304347826,60.67249999999999,63.566449999999996,275,23
46086,362,9.010589136095177,10.766204654546206,3.3129648916666667,5.871336583333334,11.672271808333333,316.0,24.0,8.591082436561786,4.517154091842293,4.1986944,7.418989333333333,14.900073555555558,305.0,24.0,60.85213403086359,1.763494245922524,58.9475,60.59375,63.366625,276,23
46086,363,8.884153483927344,10.491407428872835,3.302028758333334,5.847413791666667,11.672271808333333,316.0,24.0,8.600839822914521,4.525568175854563,4.128635166666667,7.505223411764705,14.830554277777779,306.0,24.0,60.7725376548973,1.7336418753743335,58.8845,60.5225,63.311150000000005,277,23
46086,364,8.775472330446545,10.138665875967023,3.2596512416666665,5.847413791666667,11.672271808333333,316.0,24.0,8.52509426196123,4.464467103363565,4.136329533333334,7.459485999999999,14.672752266666675,307.0,24.0,60.690012574186845,1.6946762018679318,58.833275,60.50896739130435,63.19775,278,23
46086,365,8.671851979076818,9.785278168387894,3.2480316,5.881247454166667,11.64288095,316.0,24.0,8.448917855375285,4.47403005178248,4.0431872,7.447336999999999,14.823804833333336,308.0,24.0,60.622114362418,1.6748159103303555,58.706,60.44,63.1625,279,23
46086,366,8.554824577235076,9.306795494023323,3.196768475,5.948573025,11.769329991666666,316.0,24.0,8.471804485386556,4.599789812932751,4.0151095111111115,7.418989333333333,14.963788311111111,309.0,24.0,60.541813488142296,1.6523085371792912,58.38575000000001,60.365,62.972825,280,23
46225,1,3.9881706076462526,1.6978556949621564,2.150180515,3.6636046666666666,6.553204496666668,295.0,23.0,,,,,,,,59.86278175176838,1.6896540080117273,57.700250000000004,59.67875,62.3405,295,23
46225,2,3.962682552017943,1.680725491878426,2.171164220833333,3.651985025,6.4212190375,296.0,23.0,,,,,,,,59.77905191476916,1.6575088693631777,57.58625000000001,59.64875,62.264375,296,23
46225,3,3.950456353329892,1.6825380701987647,2.1566054933333336,3.608924,6.548966745000001,297.0,23.0,,,,,,,,59.709938945359184,1.628444306397449,57.50450000000001,59.6225,62.132000000000005,297,23
46225,4,3.9422991935359986,1.6800283646163723,2.1283082483333335,3.5737233208333334,6.320811663333334,298.0,23.0,,,,,,,,59.65219587822947,1.6010143160915693,57.476375000000004,59.6225,62.054750000000006,298,23
46225,5,3.9424030943140007,1.6614437106695619,2.1072561916666666,3.644466433333333,6.269138433333333,299.0,23.0,,,,,,,,59.59430937047993,1.5628382201244557,57.436249999999994,59.64,61.925,299,23
46225,6,3.931968443666287,1.6365845526475553,2.1343231216666667,3.6164425916666665,6.207144227500001,300.0,23.0,,,,,,,,59.537028339245,1.5441554487360765,57.42012499999999,59.57375,61.787000000000006,300,23
46225,7,3.9228891746385095,1.6592326962042678,2.1343231216666667,3.583975945833333,6.228127933333334,300.0,23.0,,,,,,,,59.48799083924501,1.5430259257306411,57.4085,59.555,61.7,300,23
46225,8,3.8874673042141,1.657021586647553,2.1072561916666666,3.549458775,6.218422115000001,315.0,23.0,,,,,,,,59.48958722185914,1.5549719189364186,57.4145,59.532500000000006,61.66775,315,23
46225,9,3.873913366983827,1.6526296321334426,2.090851991666667,3.533054575,6.218422115000001,315.0,23.0,,,,,,,,59.47233411626907,1.5679357779059888,57.4145,59.44625,61.716499999999996,315,23
46225,10,3.8932160779051137,1.6498370721276177,2.090851991666667,3.533054575,6.218422115000001,315.0,23.0,,,,,,,,59.45925863548388,1.5673107476396948,57.3965,59.43875,61.6655,315,23
46225,11,3.902223859225565,1.6413857451348255,2.1072561916666666,3.5269029999999995,6.250273603333334,315.0,23.0,,,,,,,,59.45014542933185,1.5688543492489724,57.37625,59.43875,61.69475,315,23
46225,12,3.926738930439046,1.6566235392623831,2.1192859383333333,3.5050307333333333,6.305637778333333,315.0,23.0,,,,,,,,59.431696819453116,1.5726567376537401,57.35525,59.43875,61.64975,315,23
46225,13,3.929154370585123,1.6533527702597406,2.1952920650000003,3.5132328333333334,6.285542633333334,315.0,23.0,,,,,,,,59.41369526665809,1.5700417226092056,57.35492857142857,59.40875,61.6115,315,23
46225,14,3.948194613949896,1.7049852562552192,2.2466918916666665,3.5009296833333337,6.289233578333334,315.0,23.0,,,,,,,,59.39520937983959,1.5618795006698036,57.35492857142857,59.32625,61.598,315,23
46225,15,3.963188071160895,1.7356598546651298,2.261182268333333,3.5009296833333337,6.250273603333334,315.0,23.0,,,,,,,,59.38031724419745,1.5527729291564645,57.35492857142857,59.285,61.598,315,23
46225,16,3.9766495107263107,1.76729785725298,2.2770396616666666,3.475639875,6.250273603333334,315.0,23.0,,,,,,,,59.370108770939204,1.5435595622316487,57.38525,59.255,61.58975,315,23
46225,17,3.982210598678922,1.7913651788598048,2.2528434666666666,3.47358935,6.289233578333334,315.0,23.0,,,,,,,,59.36343278750236,1.5362514710667872,57.4475,59.236250000000005,61.571000000000005,315,23
46225,18,3.988969933902586,1.807811247288714,2.261182268333333,3.4804244333333334,6.218968921666668,315.0,23.0,,,,,,,,59.357050752870315,1.5365611237670929,57.43625000000001,59.225,61.54475,315,23
46225,19,3.983131180070164,1.7933979059552447,2.3030129783333333,3.4893100416666667,6.1124783233333355,315.0,23.0,,,,,,,,59.34199207603991,1.545349523122999,57.38975,59.19125,61.516999999999996,315,23
46225,20,3.9785063183653606,1.7906919973439508,2.364193187878788,3.475639875,6.1124783233333355,315.0,23.0,,,,,,,,59.332363751983,1.5564883818561213,57.43625000000001,59.18,61.47725,315,23
46225,21,3.9796107810373176,1.7900702450010288,2.3525486913636366,3.475639875,6.1749509850000015,315.0,23.0,,,,,,,,59.32985184722109,1.5592340762713783,57.43625000000001,59.18,61.47725,315,23
46225,22,3.994687021989699,1.7833908038348594,2.351952175,3.477006891666667,6.1749509850000015,315.0,23.0,,,,,,,,59.33068217848405,1.5557764107948828,57.38975,59.18,61.457,315,23
46225,23,3.99228705394392,1.777243477458739,2.35728354,3.4804244333333334,6.1124783233333355,315.0,23.0,,,,,,,,59.328686319270794,1.5591535524595534,57.3665,59.17625,61.4285,315,23
46225,24,3.9944681483757116,1.7840086556460988,2.35728354,3.4893100416666667,6.1124783233333355,315.0,23.0,,,,,,,,59.3162929445296,1.5596528111339059,57.347,59.1575,61.41875,315,23
46225,25,4.004327632796106,1.8326456644722011,2.3262522616666663,3.4940946,6.1124783233333355,315.0,23.0,,,,,,,,59.29468796617461,1.5582853443296845,57.347,59.1575,61.37257142857143,315,23
46225,26,3.98508203818143,1.823015561368376,2.272391805,3.5132328333333334,6.021161610000002,315.0,23.0,,,,,,,,59.27643885348606,1.5548831205409848,57.347,59.142500000000005,61.28375,315,23
46225,27,3.950103770456562,1.8004072416781873,2.256261008333333,3.4940946,5.869149356666667,315.0,23.0,,,,,,,,59.26436742491464,1.5526214908525973,57.3875,59.142500000000005,61.28075,315,23
46225,28,3.895841510892495,1.7590797707621804,2.2200350666666666,3.4804244333333334,5.617618290000002,315.0,23.0,,,,,,,,59.25584516818586,1.5489902535137243,57.42425000000001,59.1875,61.28075,315,23
46225,29,3.8274847654557953,1.6634241340542215,2.2200350666666666,3.467437775,5.5357339916666675,315.0,23.0,,,,,,,,59.24743233174693,1.5513149228310434,57.3875,59.18,61.271750000000004,315,23
46225,30,3.7731898313176546,1.5784842744349667,2.187910175,3.420959208333333,5.492126160000001,315.0,23.0,,,,,,,,59.23950037978301,1.5592489005287666,57.33575,59.142500000000005,61.271750000000004,315,23
46225,31,3.7319323580595736,1.5182682787792687,2.20226385,3.4202757,5.43963272,315.0,23.0,,,,,,,,59.244239902337746,1.5618408033625517,57.33575,59.18,61.271750000000004,315,23
46225,32,3.7127452240840357,1.5053189812986354,2.207731916666667,3.37516415,5.43963272,315.0,23.0,,,,,,,,59.246045137475285,1.5676886294051813,57.26225,59.1875,61.271750000000004,315,23
46225,33,3.672628889694278,1.4611959303099467,2.187910175,3.3444062750000003,5.492126160000001,315.0,23.0,,,,,,,,59.24650049853934,1.5624570032049245,57.26225,59.225,61.379,315,23
46225,34,3.6405379611746103,1.4486559467331968,2.172326185,3.3368876833333334,5.492126160000001,315.0,23.0,,,,,,,,59.25657917348759,1.5495831686161265,57.33575,59.27,61.362500000000004,315,23
46225,35,3.626847955717315,1.4393165429908847,2.172326185,3.3143319083333336,5.451389063333333,315.0,23.0,,,,,,,,59.25734209865766,1.54458423643993,57.368,59.2925,61.324250000000006,315,23
46225,36,3.6366401347860986,1.422723680642701,2.20882553,3.335520666666667,5.410378563333336,315.0,23.0,,,,,,,,59.27372774228394,1.535203534889154,57.4025,59.32267045454546,61.368125,314,23
46225,37,3.6431203461160653,1.4014855843760494,2.2565344116666664,3.338938208333333,5.391923838333335,315.0,23.0,,,,,,,,59.2815280348599,1.5256495607538367,57.46925,59.330000000000005,61.3265,313,23
46225,38,3.707074367044292,1.4545567306809544,2.3073874316666667,3.3444062750000003,5.581118945,315.0,23.0,,,,,,,,59.287675978672866,1.5244523375748962,57.524375,59.32454545454546,61.327625000000005,312,23
46225,39,3.741360129632492,1.4370281746062858,2.3349514586363638,3.349190833333333,5.704560550000001,315.0,23.0,,,,,,,,59.30077858053864,1.5411689678889324,57.5225,59.36375,61.32875000000001,311,23
46225,40,3.7566996478688237,1.3519454874963357,2.3613845899999997,3.37516415,5.704560550000001,315.0,23.0,,,,,,,,59.316756898540355,1.5622316822244422,57.518375,59.365625,61.39025,310,23
46225,41,3.787321603686426,1.3659191991948667,2.4052658250000003,3.4038715,5.7223317666666675,315.0,23.0,,,,,,,,59.33198553143196,1.5745229117446764,57.514250000000004,59.36375,61.44125,309,23
46225,42,3.81484960913658,1.3768743900420704,2.445729518333333,3.4127868260869563,5.714129666666667,315.0,23.0,,,,,,,,59.34536933923768,1.5872694885806324,57.510125,59.365625,61.4585,308,23
46225,43,3.858422328398244,1.3998174456586305,2.45160769,3.451717083333333,5.794100141666667,315.0,23.0,,,,,,,,59.35150918153822,1.5963073940655301,57.512375,59.30579545454545,61.4585,308,23
46225,44,3.8956588309248903,1.4056790093854064,2.4568023533333334,3.4920440750000004,5.8549323833333355,315.0,23.0,,,,,,,,59.35675039412998,1.6029404990299996,57.535624999999996,59.290625,61.46937500000001,308,23
46225,45,3.920905351308822,1.3988063741009211,2.466694583030303,3.53100405,5.903051370000001,315.0,23.0,,,,,,,,59.370442236973844,1.608052155059515,57.535624999999996,59.375,61.46937500000001,308,23
46225,46,3.9635058244367647,1.4618097398235248,2.4669182766666666,3.536472116666667,5.934356051666667,315.0,23.0,,,,,,,,59.366773130811794,1.614268267466692,57.535624999999996,59.33,61.46937500000001,308,23
46225,47,3.9774733287353055,1.4613986789705413,2.487423526666667,3.5542433333333334,5.9820649333333344,315.0,23.0,,,,,,,,59.365018302847545,1.619914991017429,57.543875,59.255,61.46937500000001,308,23
46225,48,3.969167169426587,1.4359496710029285,2.487423526666667,3.5761156,5.934356051666667,315.0,23.0,,,,,,,,59.363069368629596,1.6366523360366279,57.547625000000004,59.21375,61.4585,308,23
46225,49,3.974799957356193,1.4686022673290184,2.464507356363636,3.587051733333333,5.9465225,315.0,23.0,,,,,,,,59.36599938698081,1.6505256425012111,57.582875,59.133125,61.46937500000001,308,23
46225,50,3.966376719532407,1.4844775909222803,2.445729518333333,3.587051733333333,5.9465225,315.0,23.0,,,,,,,,59.374856988618305,1.6509108228733946,57.631625,59.09,61.490375,308,23
46225,51,3.9504053746949648,1.4854863415747317,2.440808258333333,3.581583666666667,5.9465225,315.0,23.0,,,,,,,,59.36545689884611,1.6535422698017048,57.615500000000004,59.07125,61.48775,309,23
46225,52,3.9822476689642623,1.504154114098717,2.445729518333333,3.60482295,5.9820649333333344,315.0,23.0,,,,,,,,59.36261137614551,1.661436677867177,57.541625,59.069375,61.511375,310,23
46225,53,3.968532123759523,1.4964044265529377,2.4540683199999997,3.60482295,5.9346294550000005,315.0,23.0,,,,,,,,59.36036021416433,1.6643780156704993,57.51125,59.0675,61.535,311,23
46225,54,3.962598521835521,1.4982863841161096,2.492481488333333,3.6020889166666663,5.9465225,315.0,23.0,,,,,,,,59.360927241449936,1.6591302393493814,57.515,59.039375,61.5335,312,23
46225,55,3.9742126665039517,1.503077496329958,2.48113525,3.60482295,5.9346294550000005,315.0,23.0,,,,,,,,59.350758943553934,1.6573609410450731,57.528499999999994,59.03,61.532,313,23
46225,56,3.981124384459756,1.4682308948555356,2.4995899749999997,3.657453091666667,5.911526873333333,315.0,23.0,,,,,,,,59.33643819570073,1.6585846504032993,57.563375,58.98125,61.530499999999996,314,23
46225,57,3.9537547793535173,1.4592392417582032,2.48113525,3.643099416666667,5.911526873333333,315.0,23.0,,,,,,,,59.33459957516603,1.6532717400378412,57.6065,58.97,61.528999999999996,315,23
46225,58,3.91729922622942,1.4290624994915597,2.456939055,3.643099416666667,5.818706441666669,315.0,23.0,,,,,,,,59.34250093571025,1.6627166666154383,57.6065,58.97,61.616,315,23
46225,59,3.9146780260177785,1.4233819251571105,2.395423305,3.64911429,5.866005218333334,315.0,23.0,,,,,,,,59.34316760237692,1.6840414051404393,57.56825,58.97,61.787000000000006,315,23
46225,60,3.9225055879800514,1.4532746624254402,2.3514053683333334,3.651985025,5.841125515000001,315.0,23.0,,,,,,,,59.338600832190586,1.7045342856939967,57.52850000000001,58.95875,61.88975,315,23
46225,61,3.901846972807453,1.433501421887672,2.3340442566666666,3.6499345,5.801071926666668,315.0,23.0,,,,,,,,59.35050716167891,1.721640136995686,57.52850000000001,58.955000000000005,61.922000000000004,315,23
46225,62,3.8794006680411495,1.4468993946589577,2.3196905816666664,3.6410488916666663,5.7461178566666655,314.0,23.0,,,,,,,,59.37046350167418,1.7359523701897055,57.512375,58.97,61.9535,314,23
46225,63,3.8783770213087254,1.448430458423649,2.3277559799999996,3.6389983666666654,5.753226343333335,313.0,23.0,,,,,,,,59.397211579259746,1.7633672796914832,57.476000000000006,58.98125,62.05025,313,23
46225,64,3.8731346909532376,1.411844863870222,2.3429982158333336,3.6253281999999993,5.633270630833337,312.0,23.0,,,,,,,,59.4316074185565,1.786851511491877,57.471125,58.998125,62.135202941176466,312,23
46225,65,3.896281062669104,1.4284055713209478,2.380659525,3.6389983666666654,5.823491,311.0,23.0,,,,,,,,59.465399459745775,1.7985317575773667,57.46625,59.03,62.1365,311,23
46225,66,3.9030080113802303,1.432101710312754,2.379292508333333,3.614050312499999,5.905853754166667,310.0,23.0,,,,,,,,59.499604496891195,1.8262300231655557,57.414125,59.03375,62.142725,310,23
46225,67,3.8775823003862038,1.4095993251999572,2.365759043333333,3.617809608333333,5.684129864545453,309.0,23.0,,,,,,,,59.533144623575076,1.8536632101744681,57.48725,59.06375,62.14895,309,23
46225,68,3.852371772700741,1.3584186549277362,2.3606327308333332,3.616442591666666,5.655888542954545,308.0,23.0,,,,,,,,59.58008734134835,1.8939361599542146,57.508250000000004,59.080625,62.31462500000001,308,23
46225,69,3.839540304906646,1.3423348724239543,2.3731295415277778,3.6072152291666653,5.605041736666667,308.0,23.0,,,,,,,,59.62737776399389,1.927674097697328,57.538625,59.14625,62.417375,308,23
46225,70,3.825551332588135,1.33779524892077,2.3546178575,3.5919254449275364,5.6512469,308.0,23.0,,,,,,,,59.68219284343026,1.959778508013904,57.538625,59.17812500000001,62.462114130434784,308,23
46225,71,3.796676328144317,1.384237985288197,2.3414944975,3.467779529166666,5.6512469,308.0,23.0,,,,,,,,59.72955591514116,1.9986535029804087,57.508250000000004,59.25288043478261,62.597375,308,23
46225,72,3.7914735309716256,1.377076875862734,2.3365732375,3.471197070833333,5.670242217954545,308.0,23.0,,,,,,,,59.77561555904004,2.039857598176505,57.484625,59.3525,62.760875,308,23
46225,73,3.797556311301713,1.3906334518451402,2.3365732375,3.471197070833333,5.685658437727272,308.0,23.0,,,,,,,,59.824572539559526,2.080205436224862,57.484625,59.470625,63.0395,308,23
46225,74,3.790265427097873,1.3846243969235508,2.3546178575,3.488626533333333,5.670242217954545,308.0,23.0,,,,,,,,59.88112639331447,2.1016554262128575,57.508250000000004,59.55125000000001,63.044,308,23
46225,75,3.7992425043611897,1.3760709034608132,2.371284069027778,3.471197070833333,5.687708962727273,308.0,23.0,,,,,,,,59.94387219370973,2.10590506933807,57.60762499999999,59.616875,63.07175,308,23
46225,76,3.8094639836116126,1.3118503008003581,2.3800443675,3.577913524094203,5.670242217954545,308.0,23.0,,,,,,,,60.00433242098245,2.1035240834989746,57.632375,59.721875,63.07175,308,23
46225,77,3.823339450379942,1.2863585449698935,2.439966463859649,3.603455933333333,5.601077388333333,309.0,23.0,,,,,,,,60.052861176951424,2.1027874882350304,57.6545,59.76875,63.0695,309,23
46225,78,3.8469641957433724,1.2783647480974878,2.4681485916666666,3.6208853958333336,5.597113040000001,310.0,23.0,,,,,,,,60.09662396698369,2.1020387713996547,57.69799999999999,59.77267045454546,63.06725,310,23
46225,79,3.8702557329933627,1.2730231157141267,2.48113525,3.6335303,5.632792175,311.0,23.0,,,,,,,,60.119612022171026,2.1073029737970193,57.70249999999999,59.76909090909091,63.03125,311,23
46225,80,3.8676344310729243,1.2612469144853802,2.4825706175,3.633872054166667,5.590209605833334,312.0,23.0,,,,,,,,60.146881416470094,2.1158232337386154,57.712624999999996,59.856875,62.828,312,23
46225,81,3.8790524491717786,1.2644215886538077,2.48441609,3.635580825,5.624863478333333,313.0,23.0,,,,,,,,60.174577030780576,2.124176866490421,57.72275,59.9375,62.81225,313,23
46225,82,3.8896009003184933,1.2665179909821027,2.477307603333333,3.6482257291666667,5.556170890833333,314.0,23.0,,,,,,,,60.20677441433219,2.1229202135041834,57.846125,59.988125,62.65925,314,23
46225,83,3.8981437970188813,1.2846978100066324,2.47785441,3.646516958333333,5.624863478333336,315.0,23.0,,,,,,,,60.22214112269749,2.1179527485025567,57.8465,60.005,62.578967391304346,315,23
46225,84,3.910066268798047,1.2943650268012805,2.4666448733333333,3.6499345,5.737642353333335,315.0,23.0,,,,,,,,60.22773120092499,2.1235602118342936,57.81725,60.005,62.569967391304345,315,23
46225,85,3.919317429801177,1.3261875578740194,2.502734113333333,3.636264333333333,5.765529493333334,315.0,23.0,,,,,,,,60.21838465453306,2.125720066461842,57.81725,59.9975,62.50175,315,23
46225,86,3.9450554743569417,1.2983887642436749,2.519138313333333,3.688894475,5.772911383333334,315.0,23.0,,,,,,,,60.23753736550304,2.1118789228565182,57.763250000000006,60.05652173913043,62.40275,315,23
46225,87,3.957088625842789,1.2707987245525947,2.590496583333333,3.721019366666667,5.737642353333335,315.0,23.0,,,,,,,,60.25940061989569,2.0882144570474512,57.81725,60.1175,62.30975,315,23
46225,88,3.9538375440287297,1.248910987621881,2.6436735316666664,3.695729558333333,5.537647815,315.0,23.0,,,,,,,,60.281349599487534,2.060480313310943,57.8465,60.2,62.29625,315,23
46225,89,3.9376160846279937,1.2425186362722949,2.630960276666667,3.695729558333333,5.537647815,315.0,23.0,,,,,,,,60.31047840753248,2.0439789692782235,57.895250000000004,60.27875,62.29625,315,23
46225,90,3.9007656927669396,1.2005143954986768,2.6216645633333333,3.6499345,5.312090065000001,315.0,23.0,,,,,,,,60.350271368195,2.0499837094457396,57.9725,60.29,62.3435,315,23
46225,91,3.8979000522389886,1.239730650736654,2.6110018333333334,3.646516958333333,5.362396278333333,315.0,23.0,,,,,,,,60.40164714459254,2.0685419324398246,58.03025,60.31478260869565,62.39225,315,23
46225,92,3.930612314956185,1.2524464389662882,2.604850258333333,3.695729558333333,5.453895260555558,315.0,23.0,,,,,,,,60.44526892879612,2.0779475252304054,58.0745,60.37625,62.59475,315,23
46225,93,3.9440193615756933,1.278676575398742,2.590496583333333,3.7182853333333337,5.596839636666667,315.0,23.0,,,,,,,,60.48116944639445,2.068320616479739,58.0745,60.395,62.7425,315,23
46225,94,3.94529620991751,1.2859412339622482,2.5754594,3.727170941666667,5.596839636666667,315.0,23.0,,,,,,,,60.53318396172004,2.048836007165394,58.0745,60.42363636363636,62.92475,315,23
46225,95,3.990038756614849,1.3255332853878516,2.589949776666667,3.76066285,5.702099920000004,315.0,23.0,,,,,,,,60.56742119429423,2.0216026233714524,58.13225,60.44375,62.92475,315,23
46225,96,4.000820263287268,1.3271477078288407,2.589949776666667,3.791420725,5.600940686666666,315.0,23.0,,,,,,,,60.58839355454268,1.976923277255635,58.13225,60.47,62.85275,315,23
46225,97,3.985979073132048,1.3159078512186666,2.6137358666666666,3.75442212173913,5.600940686666666,315.0,23.0,,,,,,,,60.606693271225694,1.9411142992213921,58.1765,60.47375,62.92856521739131,315,23
46225,98,4.0233583981248335,1.3785582919802475,2.6249454033333333,3.75442212173913,5.706200970000004,315.0,23.0,,,,,,,,60.63307422360665,1.9084911134462639,58.19675,60.5075,62.95475,315,23
46225,99,4.037209472459021,1.372926524739731,2.6532426483333333,3.759295833333333,5.706200970000004,315.0,23.0,,,,,,,,60.679343152917504,1.8720216590685557,58.322391304347825,60.53375,62.99525,315,23
46225,100,4.020031746651051,1.318298528953212,2.671150566666667,3.7661309166666666,5.596839636666667,315.0,23.0,,,,,,,,60.73671972923973,1.8230157198879922,58.433,60.65,63.02075,315,23
46225,101,3.9994960500194554,1.2897610378888549,2.6829069100000003,3.7517772416666655,5.554052015000002,315.0,23.0,,,,,,,,60.78611868399533,1.7759009539332664,58.59275,60.6575,63.044000000000004,315,23
46225,102,3.9951187296672193,1.2869199894070817,2.686461153333333,3.7476761916666654,5.554052015000002,315.0,23.0,,,,,,,,60.84806786524886,1.7474365007314965,58.655750000000005,60.7175,63.089000000000006,315,23
46225,103,3.982761952936305,1.2718716622424284,2.68126649,3.7517772416666655,5.495407,315.0,23.0,,,,,,,,60.92449983803799,1.7305277719950365,58.6865,60.77,63.15125,315,23
46225,104,3.975583027045826,1.2887034315806114,2.6932962366666664,3.694362541666667,5.495407,315.0,23.0,,,,,,,,60.99224167746151,1.7092214902725869,58.8425,60.845,63.21425,315,23
46225,105,3.973205229387671,1.3038005588038315,2.7021818449999997,3.691628508333333,5.580572138333334,315.0,23.0,,,,,,,,61.060354513900414,1.69631705445223,58.997,60.98,63.26375,315,23
46225,106,3.9569912230108604,1.268370983374555,2.7176291333333333,3.681375883333333,5.495407,315.0,23.0,,,,,,,,61.10913091141595,1.6823399355774444,59.05706818181819,61.04,63.3005,315,23
46225,107,3.909006768143135,1.233992514800682,2.717082326666667,3.591836291666666,5.456447025,315.0,23.0,,,,,,,,61.16973697202201,1.6644546353723562,59.116249999999994,61.115,63.30725,315,23
46225,108,3.882246973056555,1.2163491514633733,2.717082326666667,3.5897857666666666,5.434574758333333,315.0,23.0,,,,,,,,61.2550367555718,1.6549868396499767,59.233250000000005,61.17125000000001,63.3185,315,23
46225,109,3.9007335856779024,1.2646363502188147,2.713664785,3.58841875,5.456447025,315.0,23.0,,,,,,,,61.33893033735233,1.6483321853953434,59.273,61.2575,63.41974999999999,315,23
46225,110,3.858149931577374,1.2046298898167278,2.6942531483333334,3.5699640249999995,5.444417278333333,315.0,23.0,,,,,,,,61.43918033735233,1.6554432098436411,59.501000000000005,61.370000000000005,63.56375,315,23
46225,111,3.8386108387673903,1.1892422040477786,2.6942531483333334,3.562445433333333,5.360345753333337,315.0,23.0,,,,,,,,61.558698453294355,1.65627249497257,59.5865,61.56125,63.6545,315,23
46225,112,3.8593227922537023,1.234663896059722,2.697260585,3.5433072,5.452619378333333,315.0,23.0,,,,,,,,61.68949193155524,1.6655941337542557,59.594,61.625,63.76325,315,23
46225,113,3.815636450827536,1.136611023781437,2.695620165,3.501613191666667,5.360345753333337,315.0,23.0,,,,,,,,61.82875816532147,1.66254181466915,59.647543478260864,61.79375,63.962,315,23
46225,114,3.802682762566726,1.1146700397315683,2.695620165,3.524852475,5.146817750000001,315.0,23.0,,,,,,,,61.94779804763594,1.653870389940985,59.8405294117647,61.85375,64.16225000000001,315,23
46225,115,3.7877340786582776,1.1150768028107132,2.68044628,3.5132328333333334,5.146817750000001,315.0,23.0,,,,,,,,62.08592408144868,1.6489356444846879,60.11375,61.96625,64.25225,315,23
46225,116,3.779029699000565,1.1171563910041549,2.6675963233333335,3.5132328333333334,5.146817750000001,315.0,23.0,,,,,,,,62.23707886351961,1.6528178750861418,60.21125,62.195,64.481,315,23
46225,117,3.7907371416916935,1.12121702876868,2.663631975,3.557660875,5.146817750000001,315.0,23.0,,,,,,,,62.3865293309266,1.6591348927687655,60.3215,62.29624999999999,64.622,315,23
46225,118,3.798621025872738,1.122374587695819,2.665545798333333,3.5672299916666663,5.1961670516666665,315.0,23.0,,,,,,,,62.51336547407952,1.6476094524803337,60.482749999999996,62.423750000000005,64.8005,315,23
46225,119,3.8308254136024154,1.113080564978008,2.665545798333333,3.597304358333333,5.241688706666667,315.0,23.0,,,,,,,,62.63965010611414,1.6277734510440736,60.61175,62.525,64.92278260869566,315,23
46225,120,3.8578597955865424,1.1135025424409315,2.665545798333333,3.658820108333333,5.2530349450000005,315.0,23.0,,,,,,,,62.76741201087605,1.6089685732273524,60.7805,62.70125,64.9985,315,23
46225,121,3.8662593535495056,1.1273135430231669,2.662264958333333,3.6615541416666666,5.2530349450000005,315.0,23.0,,,,,,,,62.89492391563795,1.5854605758455533,61.07102272727273,62.78473684210527,65.03225,315,23
46225,122,3.8825290217505644,1.1389727374662362,2.665545798333333,3.673173783333333,5.274223703333334,315.0,23.0,,,,,,,,63.01205486801891,1.5720447076246609,61.27625,62.9075,65.04725,315,23
46225,123,3.881833025957122,1.1279086772676792,2.6768920366666666,3.6615541416666666,5.2530349450000005,315.0,23.0,,,,,,,,63.11919410197335,1.5513244185642119,61.412,62.963750000000005,65.0675,315,23
46225,124,3.8507768413159904,1.056596148911383,2.693022833333333,3.6615541416666666,5.222823876666667,315.0,23.0,,,,,,,,63.218590582304635,1.5315225232914744,61.5125,63.13249999999999,65.0885,315,23
46225,125,3.8236339659456196,1.0418053445004563,2.693022833333333,3.597304358333333,5.113189140000001,315.0,23.0,,,,,,,,63.31775724897129,1.5141521330467334,61.628,63.2825,65.14699999999999,315,23
46225,126,3.7984026025277453,1.0441895654178388,2.6823601033333335,3.5854894285714285,5.0787403200000005,315.0,23.0,,,,,,,,63.41247567547233,1.4882770660413833,61.78325,63.33875,65.15225,315,23
46225,127,3.76609453628827,0.9922993678605819,2.674841511666667,3.5672299916666668,5.047435638333334,315.0,23.0,,,,,,,,63.50642847050337,1.4560610874619075,61.895545454545456,63.39875,65.24075,315,23
46225,128,3.760407707502796,0.9726451074991794,2.674841511666667,3.5854894285714285,5.022145830000001,315.0,23.0,,,,,,,,63.59501937959429,1.4319534375066094,61.9475,63.44,65.2835,315,23
46225,129,3.7515000727776378,0.9645842542880714,2.6721074783333334,3.5854894285714285,4.991798060000001,315.0,23.0,,,,,,,,63.67045672295268,1.4007327549042639,62.069,63.49625,65.3015,315,23
46225,130,3.7643249430289085,0.9705873094614199,2.6641787816666667,3.597304358333333,4.991798060000001,315.0,23.0,,,,,,,,63.737102638631214,1.3646566328317753,62.168,63.56,65.3015,315,23
46225,131,3.7810481674942213,0.9737587831936415,2.6688266383333334,3.6615541416666666,4.991798060000001,315.0,23.0,,,,,,,,63.799152825504386,1.3689235868493048,62.188250000000004,63.642500000000005,65.31875000000001,315,23
46225,132,3.7744347440108226,0.963875294265135,2.674841511666667,3.64583345,4.984279468333334,315.0,23.0,,,,,,,,63.861641403834255,1.403733288403894,62.27525,63.66125,65.38325,315,23
46225,133,3.79670334173454,0.9704246846418435,2.6984909,3.700514116666667,4.9848262750000005,315.0,23.0,,,,,,,,63.93151954639563,1.4612343740081188,62.30525,63.68,65.5355,315,23
46225,134,3.796696832131365,0.9477456355215641,2.7203631666666666,3.724436908333333,4.960493378333333,315.0,23.0,,,,,,,,64.0094481178242,1.5009287935657567,62.33825,63.71,65.813,315,23
46225,135,3.807563624039578,0.9583982752548924,2.7239174100000003,3.724436908333333,4.960493378333333,315.0,23.0,,,,,,,,64.06217844908716,1.5415141216454582,62.33975,63.830000000000005,66.05502173913044,315,23
46225,136,3.832550122601805,1.002972179151738,2.7306157916666667,3.759295833333333,4.981272031666667,315.0,23.0,,,,,,,,64.11142896668548,1.5676686764465744,62.309,63.85625,66.1325,315,23
46225,137,3.8379834713848733,0.987257667651951,2.75098434,3.766814425,4.981272031666667,315.0,23.0,,,,,,,,64.15786944287596,1.5674770621953795,62.30525,63.86375,66.2345,315,23
46225,138,3.826388152820451,0.9890180245463815,2.7641077000000003,3.69504605,4.984279468333334,315.0,23.0,,,,,,,,64.20415661584792,1.5767294196551405,62.30525,63.95375000000001,66.30128260869564,315,23
46225,139,3.8047006724864634,1.0017033927217294,2.72391741,3.6554025666666665,4.972523125,315.0,23.0,,,,,,,,64.24247191496528,1.5953204208191498,62.3015,63.9875,66.53675,315,23
46225,140,3.8185978519152237,1.0512269576044688,2.700541425,3.64583345,5.070128115,315.0,23.0,,,,,,,,64.27932176439123,1.6168200449589756,62.2685,64.14125,66.57575,315,23
46225,141,3.8172973747140504,1.0547713475353142,2.700541425,3.623277675,5.08776263,315.0,23.0,,,,,,,,64.32562952836636,1.6413372103662331,62.23025,64.265,66.57875,315,23
46225,142,3.8078210663897876,1.071304667856111,2.6753883183333333,3.6335303,5.08776263,315.0,23.0,,,,,,,,64.37257306578134,1.6604269020187536,62.204,64.33624999999999,66.6845,315,23
46225,143,3.797320681947747,1.0815628948839486,2.69438985,3.609607508333333,5.08776263,315.0,23.0,,,,,,,,64.43005899651727,1.6782609660932883,62.204,64.39625,66.72500000000001,315,23
46225,144,3.7774533730588584,1.0786396194010643,2.7121610666666665,3.574748583333333,5.071358430000001,315.0,23.0,,,,,,,,64.51328518699346,1.6943930820349349,62.23025,64.4675,66.76700000000001,315,23
46225,145,3.7470464591543893,1.068148783785572,2.727471653333333,3.556977366666666,5.007792155000001,315.0,23.0,,,,,,,,64.60531892499458,1.7301311298093507,62.2685,64.565,66.89975,315,23
46225,146,3.7241267124290616,1.06450206603925,2.727471653333333,3.4790574166666666,5.007792155000001,315.0,23.0,,,,,,,,64.68577554084251,1.7515418277505461,62.33375,64.65124999999999,66.965,315,23
46225,147,3.7142041714810516,1.0573948406507125,2.7400482066666667,3.4722223333333333,4.971429511666668,315.0,23.0,,,,,,,,64.75074262158785,1.773390089541163,62.397499999999994,64.6925,66.99275000000002,315,23
46225,148,3.6730309314016867,1.040957691145465,2.717219028333333,3.4312118333333337,4.924950945000001,315.0,23.0,,,,,,,,64.8083735739688,1.7665510306826087,62.55050000000001,64.74499999999999,67.01750000000001,315,23
46225,149,3.627415877747443,1.0149255279569762,2.717219028333333,3.4277942916666664,4.794674256666668,315.0,23.0,,,,,,,,64.8459481081303,1.7513762752571225,62.65775,64.76375,66.99275000000002,315,23
46225,150,3.5887010034582767,0.9709540336054462,2.703548861666667,3.40797255,4.732201595000001,315.0,23.0,,,,,,,,64.89127730067688,1.7227474802014746,62.71775,64.7975,66.99275000000002,315,23
46225,151,3.5550346214179203,0.8972965022323827,2.7034805108333337,3.3884925624999997,4.692831514999999,314.0,23.0,,,,,,,,64.9401987390479,1.6881340206963207,62.77325,64.829375,66.996125,314,23
46225,152,3.5401132354269422,0.88412459654405,2.6660926050000002,3.3867837916666663,4.594953121666668,313.0,23.0,,,,,,,,64.9940323716355,1.668983547364544,62.85275,64.83875,67.06099999999999,313,23
46225,153,3.542370405812925,0.8788740687498335,2.6408027966666667,3.4076307958333336,4.603633677500003,312.0,23.0,,,,,,,,65.04094834077536,1.6604023806116088,62.920625,64.88,67.15775,312,23
46225,154,3.5483859759694294,0.8583490690015063,2.7047108258333337,3.4137823708333332,4.6689087233333355,312.0,23.0,,,,,,,,65.10922250575511,1.6555198510380207,63.051125,64.95124999999999,67.22969642857143,312,23
46225,155,3.533511738057914,0.8063349715207268,2.726241338333333,3.4076307958333336,4.646763053333335,312.0,23.0,,,,,,,,65.1994053500847,1.660285241000049,63.23374999999999,65.039375,67.575875,312,23
46225,156,3.5269086402376546,0.7933190048611719,2.7265830925,3.3973781708333335,4.549499817500001,312.0,23.0,,,,,,,,65.29622978108848,1.6599821121855836,63.359375,65.1425,67.75925000000001,312,23
46225,157,3.499139701636715,0.7537041468176583,2.7114775583333333,3.3737971333333334,4.5521655,311.0,23.0,,,,,,,,65.38566252603123,1.6547945458670068,63.4175,65.2175,67.8425,311,23
46225,158,3.474918495018801,0.7372412776510024,2.669373445,3.3789234458333333,4.523048045,310.0,23.0,,,,,,,,65.46777618440464,1.6609662183125506,63.4925,65.30562499999999,67.9838,310,23
46225,159,3.4711933626402205,0.7422842431210833,2.63615494,3.3867837916666663,4.506370441666666,309.0,23.0,,,,,,,,65.55145507173283,1.6589779230383574,63.6935,65.405,68.04050000000001,309,23
46225,160,3.4797270167003473,0.7458062184015539,2.5994505425,3.3953276458333335,4.508420966666667,308.0,23.0,,,,,,,,65.62683870685356,1.64754650082917,63.747875,65.440625,68.108,308,23
46225,161,3.483692817497516,0.7441499664814927,2.59924549,3.4072890416666666,4.510471491666667,307.0,23.0,,,,,,,,65.71026563186848,1.6589289110924452,63.82625,65.51375,68.18039130434784,307,23
46225,162,3.4735629463270747,0.7433881954744715,2.5908383375,3.3946441375000003,4.512522016666667,306.0,23.0,,,,,,,,65.80232727715592,1.6752909047961835,63.850625,65.55499999999999,68.238125,306,23
46225,163,3.4700244983713406,0.7531957997029645,2.563298895217391,3.4038715,4.524415061666667,305.0,23.0,,,,,,,,65.90683971869186,1.68649060806513,63.9215,65.64874999999999,68.28425,305,23
46225,164,3.466215997732828,0.7590274132419933,2.563298895217391,3.357392933333333,4.514572541666667,305.0,23.0,,,,,,,,66.06546151127917,1.7230826293677055,64.0055,65.78375,68.46725,305,23
46225,165,3.4533099596938497,0.7535143092287808,2.563298895217391,3.339621716666666,4.47752639,305.0,23.0,,,,,,,,66.2337161766067,1.7435973989641425,64.24025,65.98625,68.678,305,23
46225,166,3.4290236288180074,0.730353171804677,2.5640180648550723,3.3197999749999996,4.3932498125,306.0,23.0,,,,,,,,66.41377587395647,1.7676455272402378,64.353125,66.2495,68.7875,306,23
46225,167,3.399777053107453,0.713058991560259,2.5690403652173917,3.2883585916666664,4.335493358333334,307.0,23.0,,,,,,,,66.60878928551527,1.7940363684154832,64.41575,66.48125,68.92209090909091,307,23
46225,168,3.3730973256525525,0.6979480132705771,2.5654564041304346,3.2668280791666664,4.247457485000001,308.0,23.0,,,,,,,,66.80059521487382,1.8068000727347615,64.541,66.65,69.12950000000001,308,23
46225,169,3.3499250636741,0.6903903189851143,2.5598070591666664,3.2374372208333333,4.216075537173913,308.0,23.0,,,,,,,,66.990236222036,1.8146938445790963,64.686875,66.91250000000001,69.459875,308,23
46225,170,3.3302725588251447,0.6699052062514637,2.5569363241666667,3.24393055,4.188060610833333,308.0,23.0,,,,,,,,67.17603707607326,1.834184552562797,64.89060714285715,67.03625,69.6725,308,23
46225,171,3.3216810053833297,0.6504149721348076,2.552766923333333,3.267169833333333,4.159626664166667,308.0,23.0,,,,,,,,67.34854934077075,1.846775802461532,64.98649999999999,67.27625,69.88850000000001,308,23
46225,172,3.3189792055245224,0.643057764419077,2.5385499499999997,3.2696160736842104,4.1313977699999995,309.0,23.0,,,,,,,,67.52029459351678,1.8871966213397646,65.07125,67.52374999999999,70.07978260869565,309,23
46225,173,3.3080631533371294,0.641086502589504,2.5460685416666666,3.2200077583333333,4.143632569166667,310.0,23.0,,,,,,,,67.6722891601456,1.9137592593570862,65.11325,67.64,70.3371875,310,23
46225,174,3.2864340699243297,0.6252175132959278,2.553587133333333,3.168061125,4.090113866666667,311.0,23.0,,,,,,,,67.82099936555825,1.9421269119337052,65.19500000000001,67.71124999999999,70.4525,311,23
46225,175,3.2689875349559268,0.6242143072352074,2.5511265033333332,3.157466745833333,4.061406516666667,312.0,23.0,,,,,,,,67.99573539741333,1.9746685420307692,65.29475000000001,67.799375,70.69310326086956,312,23
46225,176,3.2473032175821688,0.6275787582472624,2.5412839833333334,3.1304681666666667,4.066327776666666,313.0,23.0,,,,,,,,68.16444238568764,1.9837491367048954,65.513,67.93625,70.78925,313,23
46225,177,3.2271268445522265,0.6223579566337523,2.512439931666666,3.1280758874999997,4.037141970833334,314.0,23.0,,,,,,,,68.31148319404909,1.9820559354891292,65.832125,68.073125,70.95275,314,23
46225,178,3.221197675647276,0.6240458846560347,2.5042378316666665,3.125683608333333,4.036800216666667,315.0,23.0,,,,,,,,68.45183493822256,2.0090753802379093,65.93075,68.26625,71.12525,315,23
46225,179,3.216968367596321,0.6327696295279037,2.4800416366666664,3.152340433333333,4.052110803333334,315.0,23.0,,,,,,,,68.57650238128674,2.0541263632714037,66.10549999999999,68.42,71.24825,315,23
46225,180,3.210089941226655,0.6197529961745177,2.476897498333333,3.152340433333333,4.051290593333334,315.0,23.0,,,,,,,,68.7170534196204,2.0975770091755166,66.20075,68.5175,71.43793478260869,315,23
46225,181,3.1990549107662756,0.6093221570065799,2.476897498333333,3.1414043,4.036800216666667,315.0,23.0,,,,,,,,68.84538166364943,2.1409176255148563,66.20075,68.81375,71.65174999999999,315,23
46225,182,3.19943795068982,0.6073745944009173,2.476897498333333,3.155757975,4.036800216666667,315.0,23.0,,,,,,,,68.97603207163873,2.1756143485600488,66.239,69.185,71.78225,315,23
46225,183,3.1989793673407116,0.6052555749602503,2.4800416366666664,3.155757975,4.051290593333334,315.0,23.0,,,,,,,,69.11522698438644,2.2060393556563787,66.29,69.31625000000001,71.8535,315,23
46225,184,3.184682540888954,0.5870146143047872,2.488107035,3.125683608333333,4.006999253333333,315.0,23.0,,,,,,,,69.24989307897071,2.227707180896066,66.3215,69.45125,71.98325000000001,315,23
46225,185,3.1623909236989385,0.5754680229087734,2.476897498333333,3.103127833333333,3.9799323233333332,315.0,23.0,,,,,,,,69.36269018042,2.232849769044899,66.34325000000001,69.56375,72.308,315,23
46225,186,3.140993858064018,0.5800297204211722,2.445182711666667,3.086040125,3.914588926666667,315.0,23.0,,,,,,,,69.46565446613428,2.2475638414341725,66.36875,69.61999999999999,72.488,315,23
46225,187,3.130909617961005,0.5772540656317613,2.4493521125,3.061433825,3.8997567958333335,316.0,23.0,,,,,,,,69.57849667015704,2.258960172826933,66.50375,69.708125,72.56562500000001,316,23
46225,188,3.1356512002762846,0.5727584725194484,2.4524279,3.0853566166666666,3.898594831666667,317.0,23.0,,,,,,,,69.70967818133725,2.2468578345493815,66.54575,69.80375,72.6455,317,23
46225,189,3.1383442634191585,0.5768626835891822,2.4555036875000003,3.106887129166666,3.8974328675,318.0,23.0,,,,,,,,69.84603481270575,2.2221948726460603,66.728375,70.00999999999999,72.715625,318,23
46225,190,3.1247786583941943,0.5706216065396567,2.454048791190476,3.0785215333333333,3.908027246666666,319.0,23.0,,,,,,,,69.95819883741719,2.1959003138948985,66.92375,70.1225,72.73325000000001,319,23
46225,191,3.1143344886804623,0.5494942649073933,2.456558243214286,3.0800749613636365,3.856695770833334,320.0,23.0,,,,,,,,70.06291540355025,2.1815662912873166,67.2125,70.19375,72.8255,320,23
46225,192,3.109763182390545,0.5463923002081226,2.45652895,3.0785215333333333,3.854987,321.0,23.0,,,,,,,,70.18535439215397,2.1636990719779643,67.40375,70.37375,72.99125,321,23
46225,193,3.1040898344379864,0.5406901514008093,2.4362287525000004,3.077154516666667,3.82463923,322.0,23.0,,,,,,,,70.30577642820317,2.1408387661325685,67.562,70.510625,73.133,322,23
46225,194,3.0937402935632066,0.5317530220449748,2.4239939533333335,3.0628008416666668,3.8243658266666665,323.0,23.0,,,,,,,,70.42018696692324,2.143258071380693,67.691,70.52374999999999,73.29275,323,23
46225,195,3.0718864528166123,0.5237701235819308,2.408888419166667,3.0433208541666668,3.7896436033333334,324.0,23.0,,,,,,,,70.51988160591421,2.1648669163917598,67.738625,70.5575,73.4525,324,23
46225,196,3.0560123507834196,0.5263994119792614,2.378198895,3.0395615583333337,3.771598983333333,325.0,23.0,,,,,,,,70.62349936150805,2.171038859777798,67.871,70.60625,73.5155,325,23
46225,197,3.039792513178767,0.5433269724784464,2.3451170916666664,3.0217903416666667,3.7883449375000002,326.0,23.0,,,,,,,,70.72460902604331,2.201460058401887,68.0525,70.655,73.746875,326,23
46225,198,3.0315603307901298,0.5583620224844981,2.3369149916666667,3.007436666666667,3.7883449375000002,326.0,23.0,,,,,,,,70.80781021302651,2.2199423961537237,68.065625,70.75999999999999,73.878125,326,23
46225,199,3.0411066006199814,0.5766374056679588,2.29986884,3.0176892916666667,3.8117892733333334,327.0,23.0,,,,,,,,70.90199261159663,2.2386361853017682,68.21975,70.80125,74.05475,327,23
46225,200,3.0491526256134716,0.5882698869623117,2.2939223175,3.0231573583333335,3.823887370833334,328.0,23.0,,,,,,,,70.98543373722646,2.26452861260888,68.26249999999999,70.8575,74.26625,328,23
46225,201,3.049582608210391,0.595108204796222,2.3012358566666666,3.0176892916666667,3.8471950049999992,329.0,23.0,,,,,,,,71.08513454653578,2.2962363009556963,68.26625,70.9775,74.39225,329,23
46225,202,3.0485692847794907,0.6088130415527565,2.308481045,3.0074366666666665,3.915545838333333,329.0,23.0,,,,,,,,71.16530991068532,2.340439390414678,68.26625,71.06750000000001,74.5085,329,23
46225,203,3.041521983393145,0.6249260469666708,2.30068905,2.971210725,3.9260718666666663,329.0,23.0,,,,,,,,71.23206789648833,2.4181636125554986,68.18825000000001,71.11625,74.669,329,23
46225,204,3.0336564437274918,0.6264048180695352,2.300278945,2.9541230166666668,3.915545838333333,329.0,23.0,,,,,,,,71.28687521303198,2.5079015880371016,68.07799999999999,71.17999999999999,74.86175,329,23
46225,205,3.0335584899855235,0.6247934695503382,2.2985018233333334,2.9602745916666664,3.8471950049999992,329.0,23.0,,,,,,,,71.32039378049598,2.616838456696213,67.9385,71.2025,74.94275,329,23
46225,206,3.0355217586025445,0.6342091386099236,2.2967247016666668,2.9377188166666666,3.8775427749999998,329.0,23.0,,,,,,,,71.33623398891976,2.7296715201991115,67.75850000000001,71.2025,74.9675,329,23
46225,207,3.0326376009332794,0.6343603786650238,2.29002632,2.9315672416666665,3.8775427749999998,329.0,23.0,,,,,,,,71.35134598839116,2.8193796727941427,67.376,71.21,75.00278260869565,329,23
46225,208,3.0249507290994386,0.6262619901948925,2.2967247016666668,2.929516716666667,3.8571742266666655,329.0,23.0,,,,,,,,71.38425252334555,2.878477330364468,67.376,71.375,75.13025,329,23
46225,209,3.0194175664010263,0.6189284839146373,2.2985018233333334,2.929516716666667,3.8471950049999992,329.0,23.0,,,,,,,,71.4222524147915,2.9238241062341843,67.31225,71.39,75.18725,329,23
46225,210,3.01508096566331,0.6236706996210747,2.300278945,2.92404865,3.847331706666666,329.0,23.0,,,,,,,,71.44979287167244,2.956239309293624,67.283,71.44625,75.35300000000001,329,23
46225,211,3.0121807296957313,0.6249517957993838,2.300278945,2.910378483333333,3.847331706666666,329.0,23.0,,,,,,,,71.4684630844384,2.973436560307172,67.283,71.52125,75.3725,329,23
46225,212,3.0093445359388484,0.6097314028756825,2.30068905,2.910378483333333,3.8134296933333327,329.0,23.0,,,,,,,,71.47961535746602,2.9699619305003684,67.283,71.52875,75.39949999999999,329,23
46225,213,3.005890144289539,0.5954905600934849,2.30068905,2.90764445,3.7665469652173913,330.0,23.0,,,,,,,,71.50015061395854,2.971359968129018,67.34,71.56625,75.399125,330,23
46225,214,2.9880826675192385,0.5779573299912678,2.3251586483333333,2.8874809541666666,3.709194672499999,330.0,23.0,,,,,,,,71.51494090321474,2.968934118588825,67.4075,71.583125,75.399125,330,23
46225,215,2.966804081332538,0.571511689898315,2.300142243333333,2.8707350000000003,3.69586626,329.0,23.0,,,,,,,,71.53737642998013,2.9693310074994,67.42699999999999,71.645,75.527,329,23
46225,216,2.9485075132483525,0.566772332126483,2.2923502483333333,2.8591153583333333,3.6843833200000002,329.0,23.0,,,,,,,,71.54157717604257,2.9706189853801783,67.454,71.74249999999999,75.563,329,23
46225,217,2.9403921451582002,0.565159072312186,2.2870872341666666,2.8717602625,3.684109916666667,328.0,23.0,,,,,,,,71.54994589803161,2.9708239023330427,67.451,71.78562500000001,75.580625,328,23
46225,218,2.931267713337213,0.554463421098626,2.273895523333333,2.8700514916666666,3.684109916666667,327.0,23.0,,,,,,,,71.56853705782387,2.941285376583578,67.448,71.81,75.55742857142857,327,23
46225,219,2.921527575638061,0.5475732831621002,2.2757409958333334,2.864583425,3.6837681625000003,326.0,23.0,,,,,,,,71.56593995033444,2.906953979553793,67.44874999999999,71.800625,75.460625,326,23
46225,220,2.91384952911717,0.5442259249110045,2.275672645,2.8591153583333333,3.6772748333333327,325.0,23.0,,,,,,,,71.55656424717158,2.8689915059949618,67.502,71.79125,75.37025,325,23
46225,221,2.903130912990084,0.5345753940804776,2.266308580833333,2.8710767541666664,3.6340771066666657,324.0,23.0,,,,,,,,71.56489940217529,2.81202247757644,67.587125,71.800625,75.17375,324,23
46225,222,2.893492975402969,0.5289489863660363,2.2715715949999997,2.8591153583333333,3.6236877799999996,323.0,23.0,,,,,,,,71.57174634360439,2.757360907500938,67.78775,71.82875,75.11675,323,23
46225,223,2.881091367344272,0.5245134710564907,2.263232793333333,2.8526220291666666,3.617262801666666,322.0,23.0,,,,,,,,71.57417555494804,2.7063811582319794,67.93775,71.82875,75.10625,322,23
46225,224,2.863700947355306,0.5231646469307666,2.253526975,2.8269904666666665,3.5932330260869567,321.0,23.0,,,,,,,,71.57215903869329,2.6486721403424807,68.12,71.79125,75.00125,321,23
46225,225,2.8549801645963067,0.5160615792837052,2.238216388333333,2.8245981875000004,3.5759818701086963,320.0,23.0,,,,,,,,71.58679695881565,2.615910639928351,68.17625,71.81,74.950625,320,23
46225,226,2.851875120579549,0.5058867600107199,2.2429736063333334,2.8263069583333333,3.555063543333333,319.0,23.0,,,,,,,,71.59120369714788,2.6207948644155725,68.138,71.885,75.023,319,23
46225,227,2.8499950477924187,0.5096078353735725,2.2506972505,2.833142041666666,3.5571824191666668,318.0,23.0,,,,,,,,71.59032469663232,2.6268150436834654,68.109875,71.885,75.111125,318,23
46225,228,2.851344562135567,0.5156710308130907,2.260362058333333,2.8160543333333337,3.531960961666668,317.0,23.0,,,,,,,,71.58471921974609,2.616660162932137,68.05175,71.8925,75.04475000000001,317,23
46225,229,2.8521826967421364,0.5230560724251176,2.2488107675,2.807168725,3.5498005291666663,316.0,23.0,,,,,,,,71.59591464317879,2.594091865196744,67.97,71.91499999999999,75.05562499999999,316,23
46225,230,2.8702471161872256,0.5233652576285811,2.2548939916666666,2.8245981875000004,3.5713310416666664,316.0,23.0,,,,,,,,71.61440414940931,2.579405047736572,68.043125,71.9375,74.98680147058823,316,23
46225,231,2.8985446564268953,0.5389383792803935,2.2730069625000002,2.8437364208333333,3.6208853958333327,316.0,23.0,,,,,,,,71.65725895190593,2.5494873656325794,68.103125,71.945,74.95867647058824,316,23
46225,232,2.925538363999586,0.5802417787697073,2.2734854183333333,2.870735,3.6387249633333334,317.0,23.0,,,,,,,,71.7034999413239,2.50546423416609,68.21825,71.9525,74.91275,317,23
46225,233,2.94779171126115,0.6184779824311429,2.288124924090909,2.8710767541666664,3.719711785507247,318.0,23.0,,,,,,,,71.73755356487437,2.4845626497625797,68.57225,71.94875,74.904125,318,23
46225,234,2.975194838292997,0.6362620752049093,2.30889115,2.887822708333333,3.759159131666667,319.0,23.0,,,,,,,,71.78911074328624,2.458811097826312,68.66300000000001,71.96,74.9015,319,23
46225,235,2.992857990401034,0.6419440554952349,2.3136829031578947,2.913796025,3.7638069883333327,319.0,23.0,,,,,,,,71.87425988949236,2.4146711931493217,68.66375000000001,71.98625,74.94447058823529,319,23
46225,236,3.007222391683609,0.653771258376726,2.3226980183333334,2.913796025,3.7703686683333335,319.0,23.0,,,,,,,,71.97151751274686,2.35156713271981,68.76575,72.05749999999999,74.99238235294118,319,23
46225,237,3.0195354963354317,0.6750350439804538,2.3226980183333334,2.913796025,3.8420003416666666,319.0,23.0,,,,,,,,72.05580091557566,2.2972862421224702,68.79875,72.155,74.99238235294118,319,23
46225,238,3.0311973040532063,0.6927080603298477,2.3198272833333333,2.922681633333333,3.850749248333333,319.0,23.0,,,,,,,,72.11744132401124,2.2692544331973203,68.79875,72.19625,74.97147058823529,319,23
46225,239,3.0451883046187884,0.6986850511917302,2.3198272833333333,2.9390858333333334,3.8712544983333324,319.0,23.0,,,,,,,,72.14105861291695,2.260585687041364,68.79875,72.19625,74.9255,319,23
46225,240,3.0620782894117813,0.7000983982545863,2.3226980183333334,2.9527560000000004,3.8567641216666666,319.0,23.0,,,,,,,,72.12957025334822,2.2562432376243913,68.82724999999999,72.19625,74.753,319,23
46225,241,3.0911713468897983,0.7067205982561996,2.334959563478261,2.9889819416666668,3.9025591800000003,319.0,23.0,,,,,,,,72.13299188963751,2.262584090669588,69.14981818181818,72.2075,74.67125,319,23
46225,242,3.117038034857869,0.7198157165117757,2.33923892,3.0088036833333334,3.9156825399999997,319.0,23.0,,,,,,,,72.13754762696955,2.2680949971413096,69.389,72.2075,74.60225,319,23
46225,243,3.1248635163206298,0.7258598647165133,2.342929865,3.007436666666667,3.9404255416666665,319.0,23.0,,,,,,,,72.17541842194397,2.2611878628970947,69.431,72.2375,74.687,319,23
46225,244,3.144435322023816,0.7359681030587226,2.3592657141666664,3.0180310458333333,3.9435013291666667,320.0,23.0,,,,,,,,72.16864005317234,2.285297600219021,69.433625,72.2375,74.75150000000001,320,23
46225,245,3.1629216741837753,0.7329595173112724,2.3793546454545456,3.034093491666667,3.947944133333333,321.0,23.0,,,,,,,,72.15327669237509,2.322631558464749,69.41000000000001,72.2375,74.75,321,23
46225,246,3.177688191707044,0.7317743353617353,2.384574163636364,3.0723699583333333,3.949994658333333,321.0,23.0,,,,,,,,72.11275481779835,2.340368551494647,69.41000000000001,72.1775,74.75,321,23
46225,247,3.1751244110602284,0.7010761664246806,2.3956967083333334,3.0956092416666667,3.947944133333333,321.0,23.0,,,,,,,,72.06226548799675,2.354802151474361,69.335,72.11749999999999,74.67125,321,23
46225,248,3.172718560701911,0.6649620917874111,2.438757733333333,3.0956092416666667,3.946577116666667,321.0,23.0,,,,,,,,72.01019236810566,2.365277161229901,68.885,72.06636363636363,74.67125,321,23
46225,249,3.1694146383141772,0.6504315875656258,2.4558454416666664,3.096976258333333,3.926309608695653,321.0,23.0,,,,,,,,71.93663784481507,2.376428591721765,68.80181818181819,72.00875,74.67125,321,23
46225,250,3.169249269320444,0.6529385459027826,2.4460029216666666,3.0932169624999997,3.945893608333334,322.0,23.0,,,,,,,,71.83853122343199,2.3935463138041517,68.80863636363637,71.97125,74.61125,322,23
46225,251,3.170447472831788,0.6456236363910339,2.4470965349999996,3.096976258333333,3.922434413623189,323.0,23.0,,,,,,,,71.72154231449369,2.432039582606213,68.67275000000001,71.765,74.609,323,23
46225,252,3.1745730099228915,0.6271087703958497,2.4634323841666665,3.0980015208333334,3.9357123059420287,324.0,23.0,,,,,,,,71.60474517393878,2.4722481209430107,68.02925,71.6825,74.6045,324,23
46225,253,3.1835395306103083,0.6077416093956013,2.486466615,3.1270506250000003,3.934369063478261,325.0,23.0,,,,,,,,71.48232288109588,2.4996806235488327,67.62875,71.465,74.60225,325,23
46225,254,3.1964768495332616,0.6044533637682333,2.490580092424242,3.1437965791666667,3.943159575,326.0,23.0,,,,,,,,71.38318952203144,2.5204343462483587,67.488125,71.429375,74.57741847826088,326,23
46225,255,3.195441131249422,0.593914939505851,2.5065617600000003,3.1441383333333337,3.9471239233333333,327.0,23.0,,,,,,,,71.30914736190918,2.5127654330113978,67.42399999999999,71.36,74.51975,327,23
46225,256,3.179480863381145,0.592372274173117,2.49835966,3.1246583458333337,3.946987221666667,328.0,23.0,,,,,,,,71.21800528292333,2.4845535515203787,67.3660625,71.241875,74.49519565217392,328,23
46225,257,3.159573750429462,0.5792257367915069,2.473616658333333,3.090824683333333,3.928859391956522,329.0,23.0,,,,,,,,71.10269944176055,2.4832488106659945,67.36925,71.10125,74.26325,329,23
46225,258,3.158884892852403,0.5750853560100603,2.466713224166667,3.0894576666666667,3.9399470858333334,330.0,23.0,,,,,,,,70.94326633050453,2.4933385727746757,67.34712499999999,70.97187500000001,74.0135,330,23
46225,259,3.151664766491292,0.5667497583879167,2.4656879616666667,3.088214924242424,3.948149185833333,330.0,23.0,,,,,,,,70.81289473959544,2.4850927079358343,67.3415,70.87625,73.86349999999999,330,23
46225,260,3.130479564464343,0.5805142819526709,2.4419018716666665,3.0628008416666668,3.9401521383333336,330.0,23.0,,,,,,,,70.69332893830189,2.4436750122683266,67.3415,70.7675,73.7735,330,23
46225,261,3.1087790631389343,0.573245755603995,2.416407010833333,3.0395615583333333,3.89353687,330.0,23.0,,,,,,,,70.59564909640464,2.4237737596509947,67.34712499999999,70.664,73.64375000000001,330,23
46225,262,3.105931856516072,0.5887403984472144,2.410460488333333,3.033068229166667,3.9101461225000005,330.0,23.0,,,,,,,,70.49645911778161,2.406932498240075,67.320875,70.60062500000001,73.59200000000001,330,23
46225,263,3.113961290636825,0.6081128832614009,2.391800710833333,3.033068229166667,3.9597551573333334,330.0,23.0,,,,,,,,70.4026143716187,2.401316055669258,67.25525,70.529375,73.5065,330,23
46225,264,3.1142715014137643,0.628389572831253,2.3704069,3.0234991124999997,3.9730972399999995,330.0,23.0,,,,,,,,70.32396325771283,2.401966310943169,67.158875,70.4525,73.295,330,23
46225,265,3.121600865488903,0.6523441337657762,2.3704069,3.021106833333333,3.9730972399999995,330.0,23.0,,,,,,,,70.23723445785656,2.402186194793498,66.938375,70.34187499999999,73.070375,330,23
46225,266,3.1334234884181953,0.6555473009626848,2.3704069,3.028967179166667,3.981641094166667,330.0,23.0,,,,,,,,70.15438445785655,2.3891812754761435,66.86675000000001,70.23125,73.021625,330,23
46225,267,3.14248965461824,0.6550817006052092,2.3704069,3.048788920833333,3.981641094166667,330.0,23.0,,,,,,,,70.08888495192772,2.3675571119822916,66.857375,70.12437499999999,72.94325,330,23
46225,268,3.137408909340462,0.6527120856205683,2.3704069,3.0395615583333333,3.981641094166667,330.0,23.0,,,,,,,,70.04255540647316,2.3540258958089804,66.857375,70.023125,72.897125,330,23
46225,269,3.130268939865714,0.6427898088610148,2.37532816,3.0460548874999995,3.981641094166667,330.0,23.0,,,,,,,,69.99814858829133,2.3474402284621485,66.83298369565217,69.96312499999999,72.721625,330,23
46225,270,3.1534939946988283,0.6866599783182803,2.370371238695652,3.0412703291666663,4.120598338333333,330.0,23.0,,,,,,,,69.92186252109765,2.382491181947085,66.751625,69.85625,72.72500000000001,330,23
46225,271,3.178437906390747,0.72271787463793,2.370371238695652,3.0515229541666664,4.163044205833333,330.0,23.0,,,,,,,,69.8313170665522,2.448081607145481,66.589625,69.794375,72.92824999999999,330,23
46225,272,3.2044576779527962,0.753974647090483,2.3688556332608695,3.0631425958333334,4.201799128333334,330.0,23.0,,,,,,,,69.75216771590284,2.5229016064309664,66.321875,69.75687500000001,72.947,330,23
46225,273,3.210592538212032,0.7635196884171228,2.355164664166667,3.0843313541666664,4.227909146666667,330.0,23.0,,,,,,,,69.68119560846485,2.5628510355884084,66.2765,69.74375,72.947,330,23
46225,274,3.2042282761042675,0.7730513690525388,2.3458005999999996,3.06348435,4.22900276,329.0,23.0,,,,,,,,69.57999711487355,2.590963701891342,66.1535,69.68374999999999,72.7475,329,23
46225,275,3.214847482433854,0.7852531208257737,2.3424514091666664,3.101760816666667,4.250259869166667,328.0,23.0,,,,,,,,69.48086600851646,2.631603799739135,66.06275,69.60875,72.69725000000001,328,23
46225,276,3.22005324134651,0.7865686351002413,2.3496282466666663,3.0894576666666667,4.252242043333335,327.0,23.0,,,,,,,,69.37506407635263,2.6434134111706604,66.04625,69.575,72.644,327,23
46225,277,3.2265101368655777,0.7952907078998883,2.3492181416666664,3.0949257333333335,4.24458675,326.0,23.0,,,,,,,,69.2808299637479,2.6572223766949223,65.93579545454546,69.539375,72.625625,326,23
46225,278,3.241938048579708,0.839831014116268,2.3488080366666666,3.1003938000000004,4.327974766666668,325.0,23.0,,,,,,,,69.16700009201324,2.652702240735696,65.7861304347826,69.5,72.6275,325,23
46225,279,3.2480475190709415,0.837989282182683,2.3562582775000003,3.103811341666667,4.3509406466666665,324.0,23.0,,,,,,,,69.05312559551786,2.6504311296384553,65.72225,69.33875,72.60612499999999,324,23
46225,280,3.2362207254443454,0.8204532830710093,2.3354112733333334,3.10449485,4.295303068333333,323.0,23.0,,,,,,,,68.94816640335527,2.6585097843330696,65.6885,69.2075,72.5615,323,23
46225,281,3.2238167902697423,0.8192939740996051,2.3152477774999993,3.101760816666667,4.297285242500001,322.0,23.0,,,,,,,,68.83674145429737,2.6734119942562184,65.426375,69.12125,72.33162499999999,322,23
46225,282,3.2175606791629328,0.8299853014463182,2.2911199333333334,3.070319433333333,4.347113,321.0,23.0,,,,,,,,68.70977258032322,2.673380308488509,65.228,68.94125,72.15124999999999,321,23
46225,283,3.224926378186359,0.8398807941132885,2.2909148808333333,3.069294170833333,4.361671727500001,320.0,23.0,,,,,,,,68.56005702588672,2.678849159415549,65.041625,68.68625,71.97200000000001,320,23
46225,284,3.228848644205182,0.8566400287926355,2.283054535,3.068268908333333,4.394685180000001,319.0,23.0,,,,,,,,68.40023567430073,2.670513006228069,64.90549999999999,68.29625,71.624,319,23
46225,285,3.2248484752404183,0.8419293382705462,2.281414115,3.0853566166666666,4.3952319866666665,318.0,23.0,,,,,,,,68.26904144686142,2.6416264267341614,64.893875,68.10875,71.614625,318,23
46225,286,3.2196578309801116,0.8406551367120397,2.2797736950000003,3.070319433333333,4.395778793333333,317.0,23.0,,,,,,,,68.15857032725015,2.6053996207834262,64.94449999999999,67.93625,71.5175,317,23
46225,287,3.222502668742111,0.8621261149851427,2.2562610083333334,3.069294170833333,4.3963256,316.0,23.0,,,,,,,,68.06129299752075,2.547629577693306,64.968125,67.775,71.47999999999999,316,23
46225,288,3.232469447385248,0.871945466878965,2.2557142016666667,3.0894576666666667,4.416967551666667,315.0,23.0,,,,,,,,67.97226138798908,2.52463082489826,64.9655,67.6025,71.453,315,23
46225,289,3.265366811961967,0.8724773883135234,2.2557142016666667,3.1154309833333333,4.437297042380953,315.0,23.0,,,,,,,,67.9154553655801,2.514699885847324,64.99175000000001,67.42625,71.40275000000001,315,23
46225,290,3.2790087703482116,0.853222395840406,2.3026028733333335,3.1325186916666667,4.413139905,315.0,23.0,,,,,,,,67.85162203224678,2.4809057259359606,65.03450000000001,67.36625,71.19500000000001,315,23
46225,291,3.291772024992834,0.8564865063230587,2.331720328333333,3.138670266666667,4.437297042380953,315.0,23.0,,,,,,,,67.77594896865897,2.453876664870875,65.03450000000001,67.3175,70.91525,315,23
46225,292,3.3074963331057083,0.8726933429352179,2.3598808716666664,3.138670266666667,4.505960336666667,315.0,23.0,,,,,,,,67.68493706389705,2.4227799377390826,65.01875,67.18625,70.82974999999999,315,23
46225,293,3.30782043095636,0.8425377007404488,2.3723207233333334,3.13730325,4.51279542,315.0,23.0,,,,,,,,67.60045428498006,2.4052105789655123,64.958,67.08125,70.71275,315,23
46225,294,3.3087727198613517,0.8692008429908501,2.3654856399999997,3.13730325,4.507600756666667,315.0,23.0,,,,,,,,67.52682954377923,2.3919704346740693,64.84325,67.05304347826088,70.71275,315,23
46225,295,3.316255291723786,0.9033270926990897,2.3641186233333333,3.1325186916666667,4.530566636666667,315.0,23.0,,,,,,,,67.44814204895522,2.3760968432205285,64.76525000000001,66.9275,70.71275,315,23
46225,296,3.3234475972808526,0.9310268336192042,2.3641186233333333,3.120215541666667,4.598370663333334,315.0,23.0,,,,,,,,67.35311438455614,2.3795651347310214,64.62125,66.815,70.71275,315,23
46225,297,3.2954912428843657,0.9391897856463889,2.3440234783333334,3.090824683333333,4.5576335666666665,314.0,23.0,,,,,,,,67.26223258323306,2.3878492894932863,64.528625,66.7475,70.518125,314,23
46225,298,3.2606514247580267,0.9457441012522705,2.3058837133333334,3.0600668083333336,4.5177166799999995,313.0,23.0,,,,,,,,67.18455225453464,2.3667795728558234,64.52825,66.71,70.4225,313,23
46225,299,3.248166311851851,0.9498593271774839,2.284694955,3.029992441666667,4.512316964166668,312.0,23.0,,,,,,,,67.10408982003577,2.3437448555614377,64.52787500000001,66.6275,70.360625,312,23
46225,300,3.2439287657464897,0.9895502428455053,2.2460083833333333,3.023157358333333,4.498168341666667,311.0,23.0,,,,,,,,67.00180213368,2.3172136060363036,64.49,66.57875,70.3025,311,23
46225,301,3.2257960861035864,0.9824519232335042,2.2097824416666665,3.015638766666666,4.466535576,311.0,23.0,,,,,,,,66.89444937069435,2.281696873095641,64.385,66.395,69.935,311,23
46225,302,3.1937661610918946,0.9539562678485682,2.1790245666666666,3.012221225,4.443569696,311.0,23.0,,,,,,,,66.79289416235335,2.2279961261455554,64.35235294117648,66.3575,69.71,311,23
46225,303,3.1745301630380243,0.9429520465901964,2.1790245666666666,3.00606965,4.374453333333333,311.0,23.0,,,,,,,,66.68706218975444,2.164350982434867,64.31782608695652,66.30125,69.425,311,23
46225,304,3.1522918187153035,0.9547554448077082,2.12844495,2.9773623,4.357365625,311.0,23.0,,,,,,,,66.56172271841008,2.128748550187843,64.265,66.245,69.33874999999999,311,23
46225,305,3.1698377914608487,1.0249771799310117,2.10383865,2.9684766916666665,4.466535576,311.0,23.0,,,,,,,,66.41514842245101,2.097408634087193,64.17320000000001,66.11749999999999,69.23,311,23
46225,306,3.176101978820141,1.071242311966299,2.089484975,2.9664261666666665,4.479092245454545,311.0,23.0,,,,,,,,66.2590578095185,2.0822969257264274,63.965,65.94500000000001,69.095,311,23
46225,307,3.1782442776176016,1.1236813198593107,2.07677172,2.951388983333333,4.48244765,311.0,23.0,,,,,,,,66.1008452985568,2.0736725192025687,63.89750000000001,65.82125,68.79125,311,23
46225,308,3.1651245539378783,1.1414792397831368,2.0641951666666665,2.9117455000000003,4.48244765,311.0,23.0,,,,,,,,65.94446284459598,2.073830367262324,63.75826086956522,65.63375,68.42,311,23
46225,309,3.1511711744855337,1.1250873801831287,2.050525,2.879682745454545,4.48244765,311.0,23.0,,,,,,,,65.77321154643934,2.065499048536275,63.361250000000005,65.49875,68.33749999999999,311,23
46225,310,3.1480477049504754,1.1037928017109577,2.0687684587878787,2.9199476000000004,4.479427785909091,310.0,23.0,,,,,,,,65.61182943399831,2.0614560986930077,63.258125,65.47437500000001,68.23325,310,23
46225,311,3.1520667477438815,1.0896563249590427,2.082021064,2.951388983333333,4.479763326363636,309.0,23.0,,,,,,,,65.46844076497308,2.036907106865867,63.14149999999999,65.27374999999999,68.135,309,23
46225,312,3.1867907406780773,1.0931041697050756,2.10383865,2.9718942333333334,4.4838146666666665,309.0,23.0,,,,,,,,65.33029756108957,2.0092397826428146,63.107,64.97,67.92998,309,23
46225,313,3.2364516816967246,1.1865393282099097,2.1049322633333336,2.9794128250000003,4.532617161666666,309.0,23.0,,,,,,,,65.19245751405344,1.981444215306038,62.919500000000006,64.8575,67.78399999999999,309,23
46225,314,3.233726325702643,1.19485088275179,2.100308180869565,2.9794128250000003,4.600568826133332,309.0,23.0,,,,,,,,65.08127320728804,1.9568182988929712,62.87225,64.7825,67.727,309,23
46225,315,3.211775098466243,1.1716445206113466,2.10383865,2.9616416083333337,4.5598207933333335,309.0,23.0,,,,,,,,64.97992793310253,1.9434338229113206,62.773250000000004,64.715,67.62124999999999,309,23
46225,316,3.195199103591909,1.167857583108802,2.104795561666667,2.9517307374999997,4.534804388333334,308.0,23.0,,,,,,,,64.87511419383557,1.9426131252944963,62.649125,64.565,67.51751923076924,308,23
46225,317,3.207367110252529,1.1839996248035187,2.13336621,2.951388983333333,4.536991615000001,307.0,23.0,,,,,,,,64.74841687242777,1.9577325401030374,62.59925,64.44500000000001,67.45625,307,23
46225,318,3.2122879005194336,1.1993651717704457,2.1233186374999997,2.9414781125000005,4.620174579166666,306.0,23.0,,,,,,,,64.61526625265878,1.9626564003084617,62.346875,64.28,67.405625,306,23
46225,319,3.2085671671995053,1.2065356595171066,2.10958012,2.938402325,4.624480681666667,305.0,23.0,,,,,,,,64.4987433010822,1.952233260954464,62.14745652173914,64.205,67.30250000000001,305,23
46225,320,3.18670476087774,1.1711030850921111,2.0771134741666666,2.9414781125000005,4.538290280833333,304.0,23.0,,,,,,,,64.3972213491647,1.9406906936291266,62.1010625,64.15812500000001,67.23649999999999,304,23
46225,321,3.190913553785536,1.141514699499405,2.0831966983333334,2.958907575,4.527285796666666,303.0,23.0,,,,,,,,64.30075016836842,1.923741112584155,62.050931818181816,64.115,67.22224999999999,303,23
46225,322,3.176333573643881,1.0679021864589129,2.133092806666667,2.980096333333333,4.475134110833334,302.0,23.0,,,,,,,,64.20956586730041,1.896563009666157,61.924625,64.05875,66.96425,302,23
46225,323,3.171574847043684,1.0641717740757526,2.132546,2.9794128250000003,4.452373283333333,301.0,23.0,,,,,,,,64.1143682984512,1.8711032086767663,61.78625,63.9425,66.84125,301,23
46225,324,3.1845233768656103,1.0751651762743792,2.1175088166666667,2.9934247458333334,4.458524858333335,300.0,23.0,,,,,,,,64.01911137911478,1.8553472693417976,61.54920108695652,63.886250000000004,66.69875,300,23
46225,325,3.2310217997945663,1.1835857216757153,2.1175088166666667,2.9855644,4.650864103333335,300.0,23.0,,,,,,,,63.92018713669054,1.8482737327192758,61.37634239130435,63.83375000000001,66.54575,300,23
46225,326,3.2441072587100512,1.2182989738728152,2.0704150925,2.9855644,4.757286350833334,300.0,23.0,,,,,,,,63.80615261151892,1.87051709671356,61.221875000000004,63.78125,66.373625,300,23
46225,327,3.260978522737828,1.271496548993301,2.0330271866666667,2.999234566666667,4.757286350833334,300.0,23.0,,,,,,,,63.68216511151891,1.8860001622040399,61.170874999999995,63.678125,66.23225000000001,300,23
46225,328,3.2715121905117566,1.23275643746321,2.0231846666666664,3.062117333333333,4.932879641666666,299.0,23.0,,,,,,,,63.563564493162794,1.9059298494406272,60.90725,63.59,66.119,299,23
46225,329,3.3049618731594625,1.2434595906832593,2.0958416025,3.0935587166666663,4.97375344,298.0,23.0,,,,,,,,63.44174457800736,1.9083825725979728,60.652625,63.428749999999994,66.00162499999999,298,23
46225,330,3.3201743311108607,1.230482614856454,2.1154582916666667,3.094242225,4.975530561666668,297.0,23.0,,,,,,,,63.32105655653086,1.9218982168500764,60.6245,63.29750000000001,65.91875,297,23
46225,331,3.33648647844763,1.22950553499679,2.114774783333333,3.1103046708333335,4.977307683333334,296.0,23.0,,,,,,,,63.19780896138233,1.938311174029647,60.605,63.18875,65.83812499999999,296,23
46225,332,3.3428790432491033,1.2462219508220314,2.1019248266666666,3.07168645,5.07723660166667,295.0,23.0,,,,,,,,63.07362428341739,1.9547484712889234,60.503,63.12875,65.711,295,23
46225,333,3.3414127528088,1.2433514742163907,2.1008312133333336,3.07168645,4.982639048333334,293.0,23.0,,,,,,,,62.95117461982298,1.9745697624994882,60.39575,63.0425,65.7155,293,23
46225,334,3.356822433012625,1.2612698558043198,2.1052056666666665,3.092875208333333,5.174841591666667,291.0,23.0,,,,,,,,62.83103328298028,1.982283491093219,60.27125,62.92625,65.5325,291,23
46225,335,3.379599329596858,1.3022405208341865,2.104112053333333,3.094242225,5.318651745,289.0,23.0,,,,,,,,62.7119739033721,1.9898695516722225,60.0665,62.8475,65.49275,289,23
46225,336,3.39667197060122,1.3150431523471087,2.0945429366666666,3.07168645,5.3621228750000025,287.0,23.0,,,,,,,,62.59657124461661,1.995673480072387,59.96225,62.7875,65.40425,287,23
46225,337,3.415352391287361,1.341828795134693,2.1019248266666666,3.0586997916666667,5.438402405,285.0,23.0,,,,,,,,62.48086697722567,2.0035773159778962,59.764250000000004,62.645,65.2955,285,23
46225,338,3.45604950677221,1.3876955936743347,2.1008312133333336,3.07168645,5.446741206666667,283.0,23.0,,,,,,,,62.37395230230669,2.0127450534163596,59.68025,62.555,65.2715,283,23
46225,339,3.501989284843172,1.4511015467736958,2.1408392344444445,3.077154516666667,5.5301975741666665,282.0,23.0,,,,,,,,62.26655236828774,2.014983561598996,59.572624999999995,62.431250000000006,65.144375,282,23
46225,340,3.4920752977104472,1.3956004262678252,2.1420467658333338,3.1021025708333334,5.486931496666666,282.0,23.0,,,,,,,,62.174528242147915,2.016424364258442,59.51675000000001,62.3525,65.111375,282,23
46225,341,3.541200641327469,1.4482498493580456,2.149291954166667,3.1103046708333335,5.553231804999999,282.0,23.0,,,,,,,,62.091323454913876,2.0108899958881596,59.4815,62.279375,64.961375,282,23
46225,342,3.554870204442079,1.4389496705402722,2.149291954166667,3.1314934291666665,5.635321155833332,282.0,23.0,,,,,,,,62.0033187139333,2.013576078589794,59.408375,62.159375,64.911125,282,23
46225,343,3.5483057212953333,1.4228136373846965,2.1424340872222225,3.1414043,5.5834428733333334,283.0,23.0,,,,,,,,61.911069892237116,2.018827050933781,59.36525,62.0375,64.808,283,23
46225,344,3.5627886057567344,1.4254127418276332,2.1540992961111116,3.1485811375,5.579956980833334,284.0,23.0,,,,,,,,61.81088566726446,2.0209577078205805,59.235125,61.81625,64.60025,284,23
46225,345,3.578647506069615,1.4437638424960535,2.1411126377777783,3.1742127,5.634705998333333,285.0,23.0,,,,,,,,61.72228549634957,2.0252772218908883,59.205499999999994,61.6175,64.5215,285,23
46225,346,3.6061003860325993,1.4445953645013465,2.134596525,3.209071625,5.634500945833333,286.0,23.0,,,,,,,,61.64106760087737,2.0270191089538607,59.185625,61.40375,64.4675,286,23
46225,347,3.6230999484713435,1.4282274308713003,2.13582684,3.323901025,5.665053768333335,287.0,23.0,,,,,,,,61.566814254333764,2.0227300582317116,59.15075,61.3025,64.40450000000001,287,23
46225,348,3.6455328541141547,1.4205550666331532,2.1467629733333333,3.3526083750000004,5.6502899883333315,289.0,23.0,,,,,,,,61.49590844859218,2.016964934452441,59.114000000000004,61.2125,64.32050000000001,289,23
46225,349,3.6757709629379325,1.4318059754827686,2.1803915833333334,3.3526083750000004,5.709345108333333,291.0,23.0,,,,,,,,61.41610186821247,2.0050466901484407,59.09,61.0625,64.28375,291,23
46225,350,3.6985590851533723,1.4168908082889913,2.2192148566666665,3.376531166666666,5.680364355000001,293.0,23.0,,,,,,,,61.33564212849771,1.993052735535306,59.02925,60.98,64.27175,293,23
46225,351,3.716239292287926,1.4208601730103623,2.2574913233333334,3.3813157250000003,5.684192001666667,295.0,23.0,,,,,,,,61.26199370728755,1.983856497540439,58.89542857142857,60.830000000000005,64.22075,295,23
46225,352,3.766049819317364,1.4895762852547845,2.263232793333333,3.3867837916666663,5.802849048333334,297.0,23.0,,,,,,,,61.1842954624427,1.9706656297045217,58.82375,60.755,64.1135,297,23
46225,353,3.7973416654825622,1.4718066288118756,2.2689742633333334,3.405922025,5.934492753333333,299.0,23.0,,,,,,,,61.10460481371907,1.9582099015828347,58.79207692307693,60.67625,64.03775,299,23
46225,354,3.8297942707503982,1.4635728606276919,2.2902313725,3.4547928708333333,5.829505873333336,300.0,23.0,,,,,,,,61.02208321434002,1.9572279149218996,58.748374999999996,60.5825,63.98225,300,23
46225,355,3.8698849638218267,1.489098123752415,2.2902313725,3.46538725,6.017265612500001,300.0,23.0,,,,,,,,60.927623392911435,1.954106730604988,58.682,60.445625,63.9095,300,23
46225,356,3.856543685282611,1.454593386279069,2.3110100258333333,3.4647037416666664,6.017265612500001,300.0,23.0,,,,,,,,60.84792412820556,1.9616595424901888,58.6505,60.276875000000004,63.905375,300,23
46225,357,3.869767860510433,1.4739680802175006,2.3036281358333333,3.501954945833333,6.042145315833334,300.0,23.0,,,,,,,,60.77346108472729,1.9630069004181367,58.598,60.1475,63.86825,300,23
46225,358,3.8772056539730353,1.4658982147731063,2.344433583333333,3.541256675,6.014873333333334,301.0,23.0,,,,,,,,60.69301552572849,1.9532616817103603,58.55,60.0575,63.78875,301,23
46225,359,3.892911404856065,1.4685539706553277,2.3315836266666667,3.5617619250000003,6.024442450000001,287.0,23.0,,,,,,,,60.621357196339865,1.944687171825251,58.547,59.99375,63.6605,287,23
46225,360,3.900317404090662,1.4961988419637442,2.3026712241666667,3.5672299916666668,5.878513420833335,288.0,23.0,,,,,,,,60.51433085794676,1.9087928158501504,58.446875,59.96,63.504875,288,23
46225,361,3.8814675461091808,1.535284877472716,2.2900263200000004,3.4872595166666667,6.0454945066666665,289.0,23.0,,,,,,,,60.416635516700765,1.8731069675709628,58.32424999999999,59.945,63.40025,289,23
46225,362,3.884008202102107,1.56971176401013,2.2094406875,3.4876012708333333,6.0923831783333355,290.0,23.0,,,,,,,,60.32011675854722,1.8426329993823778,58.22225,59.85124999999999,63.331624999999995,290,23
46225,363,3.906157965498821,1.6100661660566356,2.2097824416666665,3.5426236916666665,6.180965858333334,291.0,23.0,,,,,,,,60.23251570941974,1.8114794424280174,58.17124999999999,59.825,63.2825,291,23
46225,364,3.952796921254489,1.6481406882978666,2.205930671176471,3.5730398125000002,6.203589984166667,292.0,23.0,,,,,,,,60.14145697543068,1.7861757596249557,58.062125,59.8025,63.132875000000006,292,23
46225,365,3.9864545969160665,1.6867789860967617,2.1850394399999997,3.6595036166666666,6.4315400133333345,293.0,23.0,,,,,,,,60.05497181287913,1.7493624070751874,58.020500000000006,59.7725,62.65175,293,23
46225,366,4.010647051187704,1.7371285098790596,2.1704807125,3.6615541416666666,6.609662285,294.0,23.0,,,,,,,,59.95769299718907,1.7151434898746674,57.850625,59.718125,62.523875,294,23
46232,1,4.986552415114114,2.1273697612857534,2.5805173616666663,4.6215415958333335,7.846060509166669,264.0,21.0,,,,,,,,59.91054079782947,1.9393260121759341,57.428000000000004,59.86625,62.84225,235,20
46232,2,4.937437381102373,2.107919230036615,2.586190480833333,4.511155,7.719474765833333,262.0,21.0,,,,,,,,59.85220922975711,1.9069088928352576,57.3965,59.82125,62.68925,233,20
46232,3,4.937019097180227,2.1164667470040577,2.610318325,4.505686933333333,8.0954727,261.0,21.0,,,,,,,,59.809690641354635,1.8774249024059433,57.39575000000001,59.761250000000004,62.63825,232,20
46232,4,4.929382064805398,2.097198983236927,2.610318325,4.505686933333333,8.0954727,261.0,21.0,,,,,,,,59.778227968673114,1.853741688115442,57.39575000000001,59.748125,62.466227272727274,232,20
46232,5,4.933344531029122,2.0680377088645954,2.610318325,4.524825166666667,7.725011183333333,261.0,21.0,,,,,,,,59.74150018909699,1.8359959797851484,57.39575000000001,59.727500000000006,62.319875,232,20
46232,6,4.936054814724472,2.045946949859036,2.6367700975,4.559000583333334,7.687008119999997,260.0,21.0,,,,,,,,59.70987248428789,1.824323696233019,57.395,59.71625,62.22875,231,20
46232,7,4.941728650366209,2.0744038240609366,2.646954371666667,4.524825166666667,8.09629291,259.0,21.0,,,,,,,,59.68283837599651,1.8199366822543799,57.35112500000001,59.675000000000004,62.222,230,20
46232,8,4.898776128334471,2.053132699397898,2.656250085,4.511155,7.766295086666668,273.0,21.0,,,,,,,,59.682192033198525,1.8234138487238043,57.27275,59.67875,62.19725,243,20
46232,9,4.886539572642606,2.0458062611722774,2.6600777316666666,4.517990083333333,7.73594731666667,274.0,21.0,,,,,,,,59.67742206649731,1.826287527908831,57.26225,59.71625,62.12825,244,20
46232,10,4.9419734882481885,2.0594972134476097,2.689878695,4.524825166666667,7.976268846666665,275.0,21.0,,,,,,,,59.676284331235244,1.8399826773521182,57.227782608695655,59.73125,62.126,245,20
46232,11,4.986674381662499,2.090604894461741,2.7032754583333336,4.539178841666667,8.097523225,276.0,21.0,,,,,,,,59.67709145142452,1.848178545920165,57.181250000000006,59.791250000000005,62.12375,246,20
46232,12,5.000137863143325,2.1087120289063828,2.7422354333333336,4.522872285714286,8.12418005,277.0,21.0,,,,,,,,59.67310553411421,1.8465815166542792,57.13700000000001,59.88125,62.043499999999995,247,20
46232,13,4.9905513664185825,2.089656846664632,2.7843395466666667,4.511155,8.09711312,277.0,21.0,,,,,,,,59.691451555941356,1.828941341125715,57.1835,59.9,62.0345,247,20
46232,14,4.997047037959333,2.120658244725601,2.8071687250000004,4.511155,7.909285030000001,277.0,21.0,,,,,,,,59.70578706025397,1.7981697506904442,57.206,59.9,61.96660869565218,247,20
46232,15,4.994264989849478,2.145295257038681,2.8272328014393944,4.510813245833333,7.725694691666668,278.0,21.0,,,,,,,,59.705410369307614,1.7818971072548038,57.206,59.885,61.94586956521739,249,20
46232,16,5.013075668463802,2.181618892243366,2.8722387183333336,4.511155,7.853374048333338,279.0,21.0,,,,,,,,59.69285478238506,1.7706425909887624,57.17000000000001,59.88125,61.91,251,20
46232,17,5.026864643546669,2.21204917942188,2.828438261590909,4.5382024011904765,8.06102388,280.0,21.0,,,,,,,,59.67302490268241,1.7774602296353699,57.081500000000005,59.885,61.87625,253,20
46232,18,5.009996003943887,2.200168677557484,2.8542624491666673,4.591467229166667,7.703959126666666,280.0,21.0,,,,,,,,59.648512297248736,1.783007680104472,57.026321428571435,59.883125,61.875125,254,20
46232,19,4.998607215216942,2.1882117639961454,2.8809876250000004,4.601734713043478,7.523786330000003,279.0,21.0,,,,,,,,59.62530574494278,1.7786109395435212,56.939,59.735,61.84100000000001,254,20
46232,20,4.977357188858997,2.1825644169207754,2.9001109994565217,4.506028687500001,7.539028565833335,278.0,21.0,,,,,,,,59.60133269321703,1.7708266994929258,56.93375,59.618750000000006,61.74725000000001,254,20
46232,21,4.952325540147966,2.165962015211091,2.9001109994565217,4.468435729166666,7.466986787500001,278.0,21.0,,,,,,,,59.58153334932206,1.7679090939464785,56.94500000000001,59.5925,61.6955,255,20
46232,22,4.943855445873385,2.1442200808880556,2.8799623625,4.460233629166666,7.466986787500001,278.0,21.0,,,,,,,,59.56282618780127,1.7661758769237974,56.956250000000004,59.575625,61.66625,256,20
46232,23,4.94346142235796,2.151950622162377,2.8789371000000004,4.459208366666666,7.470746083333333,277.0,21.0,,,,,,,,59.54690788544296,1.7769882063585014,56.956250000000004,59.571875,61.62875,256,20
46232,24,4.939497855574564,2.1631962969435232,2.8664972483333333,4.444171183333333,7.470746083333333,277.0,21.0,,,,,,,,59.51841941333368,1.7835919682531216,56.81769565217392,59.517500000000005,61.6055,257,20
46232,25,4.947714944725179,2.2185358102575963,2.845855296666667,4.459208366666666,7.477581166666668,277.0,21.0,,,,,,,,59.484607981017575,1.7758694964491624,56.7725,59.448125000000005,61.548385869565216,258,20
46232,26,4.92858595316876,2.192329700979611,2.814277211666667,4.480397125,7.212516635000001,277.0,21.0,,,,,,,,59.44228102149951,1.7641042180361786,56.7545,59.401250000000005,61.51475,259,20
46232,27,4.908060503065987,2.174766823721374,2.8183782616666666,4.480397125,7.086477698333333,277.0,21.0,,,,,,,,59.4021674346753,1.761677573515518,56.7635,59.401250000000005,61.48737500000001,260,20
46232,28,4.855571377699157,2.109982193809234,2.7805802508333333,4.468435729166666,7.053327544166667,278.0,21.0,,,,,,,,59.36046112833692,1.7612289483130252,56.56999999999999,59.395625,61.476125,262,20
46232,29,4.771142325415573,1.9874995403989983,2.752077953333333,4.461258891666667,6.964813215,279.0,21.0,,,,,,,,59.3322924916598,1.7614905985061355,56.537,59.384375000000006,61.455875000000006,264,20
46232,30,4.704184100996446,1.88485533685556,2.7492072183333334,4.373769825,6.9067150066666665,279.0,21.0,,,,,,,,59.31293690112588,1.7550255484269397,56.537,59.373125,61.455875000000006,264,20
46232,31,4.6584772372867675,1.8123421565138438,2.7852964583333333,4.294482858333333,6.866388015,279.0,21.0,,,,,,,,59.30320394658043,1.7459053028222475,56.55537499999999,59.378750000000004,61.36925,264,20
46232,32,4.6239171940669355,1.7866697056053626,2.7852964583333333,4.2486878,6.8834757233333335,279.0,21.0,,,,,,,,59.297455840519824,1.7355164754623522,56.63132065217391,59.378750000000004,61.319,264,20
46232,33,4.593672468522829,1.7644267776337486,2.7522830058333327,4.220663958333333,6.919154858333333,280.0,21.0,,,,,,,,59.29424683048699,1.7246851498735276,56.76839130434782,59.3675,61.2845,265,20
46232,34,4.570557099216725,1.7528696134010369,2.7498223758333333,4.177186884782609,6.939318354166666,280.0,21.0,,,,,,,,59.299117122827944,1.7286381302570144,56.783,59.45,61.2845,265,20
46232,35,4.575938342731137,1.761951796279377,2.7492072183333334,4.1666668,6.921205383333334,279.0,21.0,,,,,,,,59.32585537938675,1.7280132530798957,56.908625,59.55125,61.33775000000001,264,20
46232,36,4.591751857593057,1.7493619111496141,2.7896709116666663,4.124289283333334,6.888807088333333,279.0,21.0,,,,,,,,59.33695449679602,1.7412350641756038,57.017375,59.575625,61.408478260869565,264,20
46232,37,4.612064489295542,1.725196080368297,2.822069206666667,4.1748689,6.888807088333333,279.0,21.0,,,,,,,,59.34417568346509,1.749831961946843,57.216125000000005,59.583125,61.408478260869565,264,20
46232,38,4.696673916287646,1.7761686736886724,2.8860455866666666,4.2322836,7.180058904492753,279.0,21.0,,,,,,,,59.347811317223616,1.757065898429963,57.216125000000005,59.586875000000006,61.403000000000006,264,20
46232,39,4.7460445171302235,1.7673473686719683,2.9409996566666665,4.327291258333333,7.346894373333334,279.0,21.0,,,,,,,,59.35729214950892,1.7614392582976128,57.216125000000005,59.586875000000006,61.435478260869566,264,20
46232,40,4.755481246558292,1.6737413089900406,3.01755259,4.352332518181818,7.346894373333334,279.0,21.0,,,,,,,,59.37104110935915,1.7780875785580939,57.052625,59.586875000000006,61.49344021739131,264,20
46232,41,4.7762051723582495,1.6881885224300734,3.0554189516666663,4.3327593250000005,7.357010296666667,279.0,21.0,,,,,,,,59.39707680599946,1.788268066553328,57.04475,59.594375,61.542875,264,20
46232,42,4.8088635988919375,1.7165027242562731,3.0554189516666663,4.3327593250000005,7.357010296666667,279.0,21.0,,,,,,,,59.414334093548874,1.7933068912860974,57.04475,59.586875000000006,61.58652173913044,264,20
46232,43,4.854679853759217,1.7553740550489216,3.0591098966666666,4.345745983333333,7.414835101666666,279.0,21.0,,,,,,,,59.409854103430284,1.8084833216355751,57.04475,59.575625,61.58652173913044,264,20
46232,44,4.918969280130455,1.8089867811002254,3.0643045599999996,4.347113,7.4388945950000025,279.0,21.0,,,,,,,,59.389722388554254,1.8275432245333871,57.04475,59.56625,61.58652173913044,264,20
46232,45,4.949862393987745,1.7929268370055131,3.0879539483333334,4.394730747222222,7.414835101666666,279.0,21.0,,,,,,,,59.37654378183489,1.8397747819530879,57.04475,59.56625,61.60240217391305,264,20
46232,46,4.979823382783317,1.8354973406521398,3.1070921816666663,4.455107316666667,7.44436266166667,279.0,21.0,,,,,,,,59.35604944600767,1.8587789081114152,57.013625,59.541875000000005,61.64609782608696,264,20
46232,47,5.003238461460772,1.8280819808266664,3.163413268333333,4.496117816666667,7.401028233333333,279.0,21.0,,,,,,,,59.3402062125366,1.8768245606893161,56.977625,59.4575,61.68669565217392,264,20
46232,48,4.988281230407699,1.7948064532827512,3.163728276521739,4.507737458333334,7.3736879,279.0,21.0,,,,,,,,59.3258100909951,1.8979269201941804,56.93214772727273,59.283125,61.79953804347826,264,20
46232,49,4.972603759592265,1.8164749838479768,3.151588574166667,4.474587304166667,7.383462069166666,280.0,21.0,,,,,,,,59.31336085983659,1.9185386965996178,56.89522727272727,59.22875,61.90025,265,20
46232,50,4.94036940759397,1.820948264876365,3.1226761716666664,4.433576804166667,7.3808647375,282.0,21.0,,,,,,,,59.280922045532186,1.943804498464648,56.866052631578945,59.184090909090905,61.928000000000004,267,20
46232,51,4.930842670338807,1.819347075928653,3.117891613333333,4.494067291666666,7.370680463333334,283.0,21.0,,,,,,,,59.27162905724949,1.9437847230760876,56.866644736842105,59.146249999999995,62.012375,268,20
46232,52,4.959405104228033,1.8658230672712381,3.118096665833333,4.489282733333333,7.3952379413095235,284.0,21.0,,,,,,,,59.263068732688794,1.9511584949693754,56.867236842105264,59.11625,62.05775,269,20
46232,53,4.919628508333463,1.8648081957863105,3.0049760366666667,4.4045277,7.355096473333333,285.0,21.0,,,,,,,,59.25887701274487,1.9532195745428218,56.860625,59.06375,62.127125,270,20
46232,54,4.9033401622071455,1.8800520097144742,2.9714841283333335,4.412046291666667,7.357967208333333,285.0,21.0,,,,,,,,59.26025334595272,1.963752388061808,56.840375,59.1125,62.158249999999995,270,20
46232,55,4.913717757632788,1.8809188916954878,2.9714841283333335,4.412046291666667,7.333907715,285.0,21.0,,,,,,,,59.25396281709434,1.9662007817458163,56.840375,59.1125,62.158249999999995,270,20
46232,56,4.913832249188851,1.8381368395041597,3.058426388333333,4.496117816666667,7.297325160289855,285.0,21.0,,,,,,,,59.23602976556455,1.9822047658162665,56.805875,59.07875,62.168,270,20
46232,57,4.852329011927219,1.7888738456014939,3.058426388333333,4.45456051,7.259405306666666,285.0,21.0,,,,,,,,59.230513461216724,1.9861547481449815,56.801,59.031875,62.205875,270,20
46232,58,4.791488011343694,1.7417446536398413,2.9714841283333335,4.412046291666667,6.979440293333333,285.0,21.0,,,,,,,,59.24326949986406,1.990947058323017,56.718125,59.031875,62.33225,270,20
46232,59,4.756951937744014,1.6952779611991646,2.9479714416666662,4.4045277,7.159066283333333,285.0,21.0,,,,,,,,59.25325106552063,2.000172578749879,56.69975,59.028125,62.5895,270,20
46232,60,4.768461884404324,1.739561365040317,2.933344363333333,4.412046291666667,7.0926292733333325,285.0,21.0,,,,,,,,59.252030654892614,2.0188926189694194,56.612375,59.026250000000005,62.59775,270,20
46232,61,4.765310971316932,1.7768184215380305,2.926099175,4.391541041666667,7.243821316666667,285.0,21.0,,,,,,,,59.26292487504445,2.0397897217691097,56.587624999999996,59.0225,62.59775,270,20
46232,62,4.709379019675743,1.7856202299648463,2.9025181375000004,4.363858954166666,7.094884850833333,284.0,21.0,,,,,,,,59.28711829789735,2.048851100997267,56.59175,59.026250000000005,62.618750000000006,269,20
46232,63,4.6849166063381915,1.793562388086075,2.8905567416666664,4.307885565217391,7.097140428333333,283.0,21.0,,,,,,,,59.31295034216271,2.043172264773368,56.69675,59.0225,62.643875,268,20
46232,64,4.666274710300038,1.7574598274446127,2.8895314791666666,4.307528952173913,6.9963913,282.0,21.0,,,,,,,,59.34510336634542,2.0332401122154202,56.75525,59.01875,62.60225,267,20
46232,65,4.700582543148524,1.7828080527237524,2.8883011641666663,4.316221395108696,7.081351385833332,280.0,21.0,,,,,,,,59.3830970243866,2.023537323803158,56.8805,59.026250000000005,62.58679347826087,265,20
46232,66,4.710837453885427,1.7924245965736814,2.8878910591666664,4.3097280659420285,7.240745529166667,278.0,21.0,,,,,,,,59.42260366101083,2.02514719153186,56.9375,59.0525,62.591521739130435,263,20
46232,67,4.681061476339723,1.7487620797106924,2.8936325291666662,4.304586894565217,7.090373695833333,276.0,21.0,,,,,,,,59.46875238184271,2.0250392999305054,56.9675,59.08625,62.59625,261,20
46232,68,4.660262857421638,1.6900886327977047,2.899032245,4.307172339130434,7.0188103733333325,275.0,21.0,,,,,,,,59.52597697891573,2.039998539250478,57.23225,59.118125,62.59775,260,20
46232,69,4.651049004353625,1.6562833217013024,2.9193651320289855,4.265092,6.9592865619047615,275.0,21.0,,,,,,,,59.57597490104573,2.054607829328566,57.346869565217396,59.10919117647059,62.726375,260,20
46232,70,4.629111185725694,1.6422904254416815,2.8926072666666665,4.23638465,6.9592865619047615,275.0,21.0,,,,,,,,59.63687548633002,2.069545315647672,57.45190217391304,59.19125,62.89259782608696,260,20
46232,71,4.596334448641373,1.685504480125072,2.8872759016666665,4.132491383333333,6.9592865619047615,275.0,21.0,,,,,,,,59.70750349636346,2.084203926904898,57.45190217391304,59.255,62.894505434782616,260,20
46232,72,4.596236789155959,1.6954703364977621,2.871281806666667,4.1386429583333335,7.008694449999999,275.0,21.0,,,,,,,,59.77124591155697,2.1055371900778073,57.45190217391304,59.386739130434776,62.90619565217391,260,20
46232,73,4.6095245153496345,1.7265219000000311,2.871281806666667,4.1386429583333335,7.011155079999999,275.0,21.0,,,,,,,,59.82669386306198,2.137346466360063,57.346869565217396,59.545625,63.005375,260,20
46232,74,4.604237111607391,1.7186513618943897,2.8901466366666666,4.180559849818841,6.962411171428572,274.0,21.0,,,,,,,,59.901738677372954,2.1550703144778383,57.33721739130436,59.67125000000001,63.066500000000005,259,20
46232,75,4.616690136138544,1.7166222405750764,2.9008093666666666,4.183754508333333,6.923002033809524,273.0,21.0,,,,,,,,59.975072449401246,2.1583514065765406,57.58295652173914,59.74250000000001,63.17978409090909,258,20
46232,76,4.6291875292138736,1.6141149060622657,2.9139565008695656,4.23638465,6.832486001666667,273.0,21.0,,,,,,,,60.03213804596343,2.165390734373602,57.58295652173914,59.776250000000005,63.24820454545455,258,20
46232,77,4.677952328321017,1.6104111253938709,2.986365968863636,4.25390326576087,6.829683617500001,274.0,21.0,,,,,,,,60.089926072863136,2.1836646251501968,57.695,59.8625,63.25775,259,20
46232,78,4.731333981556635,1.617587142680556,3.0124233057246377,4.30200145,6.836860455,275.0,21.0,,,,,,,,60.14421686723173,2.2149040260664803,57.696875,59.95567934782609,63.40858152173913,260,20
46232,79,4.785045035835514,1.617179214216273,3.103811341666667,4.406236470833333,6.844994204166667,276.0,21.0,,,,,,,,60.180021323073355,2.255566873062721,57.68000000000001,60.015,63.42956521739131,261,20
46232,80,4.786754536444805,1.6226483852184272,3.113927265,4.4099957666666665,6.878486112500001,278.0,21.0,,,,,,,,60.19982266830736,2.299076300576349,57.42121739130436,60.0275,63.399402173913046,263,20
46232,81,4.78490966089574,1.6218208090656672,3.0722213695652174,4.4099957666666665,6.8387059275,280.0,21.0,,,,,,,,60.21448042878562,2.336751745290309,57.213108695652174,60.0875,63.369239130434785,265,20
46232,82,4.791962418529175,1.6197813539428123,2.998733327222222,4.444171183333333,6.8352883858333335,282.0,21.0,,,,,,,,60.224113688232634,2.366992585650403,57.0905,60.1175,63.33232608695653,267,20
46232,83,4.799674117668038,1.6440103435995164,2.981873455,4.442804166666666,6.834126421666666,283.0,21.0,,,,,,,,60.22936512390043,2.3893971306864827,56.958124999999995,60.15875,63.257,268,20
46232,84,4.80894559185829,1.652885395426901,2.98310377,4.449639250000001,6.912661529166668,284.0,21.0,,,,,,,,60.25174682734983,2.3999797516678156,56.94425,60.267500000000005,63.24759090909091,269,20
46232,85,4.83525693014815,1.6939153539897884,2.994450008333333,4.448272233333333,7.0028816573913035,285.0,21.0,,,,,,,,60.25431161365755,2.4128138851481755,56.9345,60.3008152173913,62.94649999999999,270,20
46232,86,4.873500531744659,1.6763761499180574,3.0375110333333337,4.4568160875,7.03153254365942,286.0,21.0,,,,,,,,60.259671525880535,2.4135545501242865,56.87375,60.3575,62.87375,271,20
46232,87,4.891876503651425,1.6402821590569312,3.149743101666667,4.578822325,6.995250138260871,287.0,21.0,,,,,,,,60.27003379986929,2.4079604509500223,56.863625,60.415625000000006,62.813375,272,20
46232,88,4.886283334468197,1.6084876904719148,3.230875540833334,4.568227945833334,6.962248572862319,288.0,21.0,,,,,,,,60.29928463731431,2.401437277088821,56.86475,60.48125,62.64125,273,20
46232,89,4.8760225475886285,1.6000141056641717,3.2304654358333336,4.491333258333333,7.001027269565217,290.0,21.0,,,,,,,,60.31957908331735,2.4042178787497153,56.8955,60.5675,62.62625,275,20
46232,90,4.816345722733325,1.5392716803769617,3.2364119583333335,4.453918606521739,6.8352883858333335,292.0,21.0,,,,,,,,60.348208497621386,2.41214282929783,56.912,60.695,62.8115,277,20
46232,91,4.792080682921062,1.5706294075875484,3.1919839166666666,4.4455382,6.6799269416666665,293.0,21.0,,,,,,,,60.37770400477443,2.415066145519227,56.791250000000005,60.696875,62.850874999999995,278,20
46232,92,4.8103576976599705,1.5679000591685957,3.09055128,4.454096913043479,6.823463691666666,293.0,21.0,,,,,,,,60.408304798842735,2.410251165594355,56.73725,60.696875,62.886125,278,20
46232,93,4.803785814226474,1.5711556169153016,3.0759242016666666,4.4537403,6.891541121666668,293.0,21.0,,,,,,,,60.436871071911234,2.3896967534501794,56.90846428571428,60.695,63.06875,278,20
46232,94,4.773114286374089,1.5567361114649683,3.0759242016666666,4.4537403,6.823463691666666,293.0,21.0,,,,,,,,60.481652312136454,2.357511257256478,56.98546739130435,60.696875,63.146750000000004,278,20
46232,95,4.797536762289902,1.5478005485949484,3.1580819033333336,4.516623066666667,6.823463691666666,293.0,21.0,,,,,,,,60.53536634091343,2.305852495289857,57.07025,60.72125,63.29525,278,20
46232,96,4.804439753996154,1.5491991911389862,3.236685361666667,4.5227746416666665,6.839526137499999,294.0,21.0,,,,,,,,60.563469068127475,2.2723972955642995,57.071,60.7325,63.35225,279,20
46232,97,4.777528323025695,1.5276526659977465,3.2372321683333336,4.513889033333333,6.816418298076923,295.0,21.0,,,,,,,,60.597052876665266,2.245046331681786,57.07175,60.82078804347826,63.39274999999999,280,20
46232,98,4.810331558489425,1.6049008454486016,3.2418800250000004,4.472031577355073,6.8333745624999995,296.0,21.0,,,,,,,,60.61889997303486,2.2463593019837065,57.065,60.845,63.40625,281,20
46232,99,4.82793359049309,1.604029488994899,3.247348091666667,4.51525605,6.8579808625,296.0,21.0,,,,,,,,60.63294113591809,2.2578068429559988,56.9975,60.89375,63.40625,281,20
46232,100,4.796938517688275,1.5356949432355227,3.2528161583333333,4.5227746416666665,6.6351571458333325,296.0,21.0,,,,,,,,60.67252466507335,2.2560254718502346,57.065,60.95374999999999,63.48125,281,20
46232,101,4.752754672195928,1.4939134352920846,3.247348091666667,4.4855234375,6.467697604166666,296.0,21.0,,,,,,,,60.72284649703993,2.2566444718059198,57.0725,61.017500000000005,63.53375,281,20
46232,102,4.728094094789475,1.4873141700523098,3.2528161583333333,4.4137550625,6.467697604166666,296.0,21.0,,,,,,,,60.77914179736083,2.2607186848679843,57.125,61.0325,63.55625,281,20
46232,103,4.707793369483814,1.4611667751890007,3.2545249291666667,4.40042665,6.467697604166666,296.0,21.0,,,,,,,,60.83826673381228,2.257424278762381,57.17652173913043,61.23499999999999,63.5675,281,20
46232,104,4.696978035585365,1.471787127529993,3.2528161583333333,4.3908575333333335,6.460520766666667,296.0,21.0,,,,,,,,60.8991341489285,2.2572349367537616,57.65391304347826,61.32125,63.59375,281,20
46232,105,4.703151095718053,1.4838741447104429,3.251449141666667,4.405211208333333,6.591412612499999,296.0,21.0,,,,,,,,60.97200530009669,2.2748585793211515,57.67625,61.36625,63.59375,281,20
46232,106,4.700404886867726,1.4400865661167073,3.2528161583333333,4.427083475,6.708634291666666,296.0,21.0,,,,,,,,61.05003263752795,2.282792994919737,57.7475,61.4,63.68375,281,20
46232,107,4.655383715010267,1.402771806315918,3.259924645,4.401793666666666,6.429216085000001,297.0,21.0,,,,,,,,61.10489430451284,2.3155449550151372,57.823152173913044,61.461875000000006,63.76775000000001,282,20
46232,108,4.6404110627204425,1.401709538797049,3.248988511666667,4.387212155555556,6.425593490833334,298.0,21.0,,,,,,,,61.16305947179712,2.345774219594407,57.831304347826084,61.535,63.86975,283,20
46232,109,4.676264967364122,1.4964389318163118,3.2247923166666665,4.350040198731884,6.7968752175,298.0,21.0,,,,,,,,61.20227286863227,2.3797303217086676,57.831304347826084,61.55,63.964999999999996,283,20
46232,110,4.65783088523325,1.481387562837283,3.2122841141666663,4.335493358333333,6.7968752175,298.0,21.0,,,,,,,,61.25921633152981,2.421601016405626,57.831304347826084,61.62875,64.03075,283,20
46232,111,4.647913526252557,1.4749869931261348,3.212215763333333,4.360099658333334,6.713008745,297.0,21.0,,,,,,,,61.361781465108955,2.439243870202177,58.062125,61.724374999999995,64.12437500000001,282,20
46232,112,4.680522293225388,1.537933177830914,3.2234252999999997,4.350040198731884,6.797832129166666,296.0,21.0,,,,,,,,61.46047900861779,2.467633093246271,58.12625,61.7825,64.36625,281,20
46232,113,4.633871856464707,1.4266094413676544,3.225749228333333,4.333442833333334,6.713145446666666,295.0,21.0,,,,,,,,61.56991537845375,2.4546071565201353,58.16009782608696,61.8575,64.46900000000001,280,20
46232,114,4.615045706030422,1.386011201732447,3.2360018533333332,4.333442833333334,6.590524051666665,294.0,21.0,,,,,,,,61.68725481445925,2.4132770948613076,58.475,61.91375,64.5485,279,20
46232,115,4.601481139811315,1.3840506368199843,3.2139928849999997,4.333442833333334,6.451771860000001,293.0,21.0,,,,,,,,61.80910514473796,2.3940515392041557,58.689875,62.03,64.674875,278,20
46232,116,4.606887070652937,1.3907101269913151,3.2118740091666664,4.333442833333334,6.303860656666669,292.0,21.0,,,,,,,,61.92060697621323,2.3999136736978564,58.727,62.07875000000001,64.75925,277,20
46232,117,4.629519359701902,1.4079273924654594,3.1913004083333334,4.382199761111111,6.634815391666667,291.0,21.0,,,,,,,,62.04120485630238,2.4104108848492,58.724374999999995,62.144375,65.01124999999999,276,20
46232,118,4.63996637479033,1.4164487249580486,3.190958654166667,4.391996713888888,6.636524162500001,290.0,21.0,,,,,,,,62.151918921392486,2.420233392659307,58.7555,62.24391304347826,65.1875,275,20
46232,119,4.65830121994425,1.4028946407542562,3.2070211,4.435285575,6.638232933333333,289.0,21.0,,,,,,,,62.24563140425669,2.410092557193566,58.751,62.35625,65.19500000000001,274,20
46232,120,4.669084993901382,1.4069901935206253,3.2046288208333333,4.433576804166666,6.639941704166667,288.0,21.0,,,,,,,,62.308742094222914,2.3696020867028835,58.8095,62.45375000000001,65.2025,273,20
46232,121,4.649964639350937,1.421528473713397,3.1718887716666666,4.382199761111111,6.546232711666671,287.0,21.0,,,,,,,,62.38209984169209,2.329078011027632,58.9445,62.51375,65.21000000000001,272,20
46232,122,4.650657546002973,1.4295880050752494,3.17011165,4.350872295833334,6.560996491666666,286.0,21.0,,,,,,,,62.45470067975267,2.288511716876544,59.0525,62.611250000000005,65.2325,271,20
46232,123,4.6270996101699975,1.415186460598046,3.169154738333333,4.3061025,6.473644126666667,285.0,21.0,,,,,,,,62.52451623678017,2.253977472810859,59.35775,62.774375000000006,65.24187500000001,270,20
46232,124,4.575263964194029,1.3368140680628326,3.1623196549999997,4.294482858333333,6.2967521699999995,285.0,21.0,,,,,,,,62.593010362823215,2.2099876879628226,59.50925,62.8475,65.24187500000001,270,20
46232,125,4.507141597890726,1.3067832274049715,3.1349109708333334,4.237068158333334,6.2141160125,286.0,21.0,,,,,,,,62.6486323765654,2.177103614433375,59.7575,62.88125,65.32625,271,20
46232,126,4.447331983541665,1.2917650866062689,3.0807087600000003,4.176919425,6.180282350000001,287.0,21.0,,,,,,,,62.71042508841626,2.1570618379025936,59.8895,62.89625,65.316875,272,20
46232,127,4.388789592978875,1.2111325068662482,3.0703194333333332,4.133174891666667,6.079943326666666,287.0,21.0,,,,,,,,62.77518403561643,2.1116060886209223,60.075125,62.961875,65.336375,272,20
46232,128,4.357447369232703,1.1723993671916713,3.055307104848485,4.1256563,6.053013098333334,287.0,21.0,,,,,,,,62.83640938655225,2.0787841594902345,60.103625,62.961875,65.325875,272,20
46232,129,4.317050816184222,1.1565667389416385,3.0426373458333336,4.110960870833333,5.92273641,288.0,21.0,,,,,,,,62.886046426999215,2.0726765944955106,60.183499999999995,62.95625,65.3255,273,20
46232,130,4.304340652527302,1.1708503125224783,3.038194541666667,4.094214916666666,5.857666416666666,289.0,21.0,,,,,,,,62.91888818724804,2.057817547615547,60.295625,62.93,65.345375,274,20
46232,131,4.2981993237295075,1.1741631663594898,3.0289671791666666,4.0914808833333325,5.807656390277779,290.0,21.0,,,,,,,,62.96496829919379,2.026226284541301,60.3845,62.96,65.333,275,20
46232,132,4.2810372637783844,1.1577523925454782,3.0197398166666667,4.08874685,5.746254558333334,291.0,21.0,,,,,,,,62.99025965479194,2.002917413450129,60.42125,62.965625,65.324375,276,20
46232,133,4.298420769926603,1.1711399337490143,3.0148185566666665,4.078494225,5.801276979166667,292.0,21.0,,,,,,,,63.00925181111588,1.982712705282736,60.45125,62.97125,65.33525,277,20
46232,134,4.294617779496617,1.174961097112962,3.0207650791666665,4.08874685,5.770860858333334,292.0,21.0,,,,,,,,63.0405649880112,1.9841436773078496,60.4655,63.03125,65.4125,277,20
46232,135,4.303314118888334,1.2149156680333195,3.0158438191666663,4.095240179166666,5.770860858333334,292.0,21.0,,,,,,,,63.094575431538786,1.9872773685489173,60.559999999999995,63.09736842105263,65.4665,277,20
46232,136,4.318478993573994,1.2497971109726993,3.0296506875,4.095240179166666,5.834085379166667,292.0,21.0,,,,,,,,63.12665732606084,1.9876141911405991,60.559999999999995,63.1025,65.486,277,20
46232,137,4.311152995804874,1.2269545092744147,3.03149616,4.096265441666667,5.7637523716666665,293.0,21.0,,,,,,,,63.15401454534016,1.9589036562975222,60.713750000000005,63.118011363636356,65.46424999999999,278,20
46232,138,4.291659753799496,1.2254562412930325,3.03149616,4.073709666666667,5.7213748550000005,293.0,21.0,,,,,,,,63.19851585338463,1.9462167461814666,60.690124999999995,63.15875,65.4845,278,20
46232,139,4.260097261937488,1.2145281443718554,2.993356395,4.052520908333333,5.533820168333334,293.0,21.0,,,,,,,,63.25365586390585,1.9485087459381523,60.78275,63.28625,65.6105,278,20
46232,140,4.273419144323446,1.24733351627068,2.9864529608333332,4.078494225,5.722878573333334,292.0,21.0,,,,,,,,63.30662981452826,1.960407933209894,60.803,63.361250000000005,65.747,277,20
46232,141,4.276789334019773,1.2508368155865275,2.9882984333333336,4.083278783333333,5.804352766666667,291.0,21.0,,,,,,,,63.35826987297144,1.9741908635311436,60.863749999999996,63.389375,65.82875,276,20
46232,142,4.26075579408772,1.2456717173176997,2.9882984333333336,4.044318808333333,5.804352766666667,291.0,21.0,,,,,,,,63.41954829336833,1.9938421074938188,60.8675,63.419375,66.05937499999999,276,20
46232,143,4.246707466453127,1.2509587262753619,3.013588241666667,3.9787020083333338,5.805719783333333,291.0,21.0,,,,,,,,63.497007532498756,2.011858470731141,60.900982142857146,63.575,66.074375,276,20
46232,144,4.230200156400751,1.2485012321729583,3.027941916666667,3.936324491666667,5.805719783333333,291.0,21.0,,,,,,,,63.58215856431981,2.0285600838343307,60.941857142857145,63.681875000000005,66.15125,276,20
46232,145,4.204461563170341,1.2248116143061012,3.04708015,3.926071866666667,5.805719783333333,291.0,21.0,,,,,,,,63.68817677283624,2.0331048334345945,60.981875,63.753125,66.258125,276,20
46232,146,4.187104451183247,1.2108370315029853,3.051864708333333,3.911034683333333,5.805719783333333,291.0,21.0,,,,,,,,63.781422891871586,2.0409318101891554,60.981875,63.86562500000001,66.4175,276,20
46232,147,4.176570900771481,1.1912706395661474,3.051864708333333,3.909667666666667,5.709345108333333,291.0,21.0,,,,,,,,63.87662883412561,2.043443262900327,61.235,64.019375,66.460625,276,20
46232,148,4.124359184333118,1.1520802512885295,3.051864708333333,3.866606641666667,5.274633808333333,291.0,21.0,,,,,,,,63.974740837906346,2.0547714193000055,61.330625,64.113125,66.55250000000001,276,20
46232,149,4.0704887316288465,1.0940037188142333,3.0539835841666667,3.816368779166667,5.204505853333335,292.0,21.0,,,,,,,,64.07030016308731,2.0484891108023175,61.349,64.17125,66.64475,277,20
46232,150,4.022715793632876,1.0079636436922685,3.054735443333333,3.8057744,5.110181703333334,293.0,21.0,,,,,,,,64.14226401142155,2.039062028284378,61.306250000000006,64.233125,66.739625,278,20
46232,151,3.996104145652216,0.9367992618428077,3.0701827316666668,3.807141416666666,5.096853290833333,294.0,21.0,,,,,,,,64.22791313527028,2.0169920492566247,61.352,64.27624999999999,66.77575,279,20
46232,152,3.987335959508652,0.9306729061574033,3.0701827316666668,3.8047491375,5.099724025833334,294.0,21.0,,,,,,,,64.32669291108898,1.999787923846653,61.49525,64.37,66.78999999999999,279,20
46232,153,3.988246993524405,0.9235377686095108,3.0652614716666666,3.8146600083333335,5.087625928333335,295.0,21.0,,,,,,,,64.41271028798351,1.9832126451313696,61.66683695652174,64.46562499999999,66.82175000000001,280,20
46232,154,3.9897136863500915,0.8930238655674153,3.0792050416666665,3.8187610583333327,5.070264816666667,296.0,21.0,,,,,,,,64.500282261274,1.9638576098170726,61.95125,64.55,66.94250000000001,281,20
46232,155,3.9769512168326084,0.8511011702820873,3.094105523333333,3.8139765,5.055364335000001,297.0,21.0,,,,,,,,64.59388495221529,1.9438975019971592,62.22389130434782,64.59875,66.94925,282,20
46232,156,3.961404864047158,0.8292234885061365,3.095335838333333,3.801539620108696,5.035337540833334,298.0,21.0,,,,,,,,64.6688493439653,1.9394284053952198,62.277920948616604,64.6775,66.977,283,20
46232,157,3.932926695145166,0.8189802219438062,3.0710029416666664,3.755878291666667,4.9439524766666665,299.0,21.0,,,,,,,,64.73508083182892,1.9399915723203847,62.33825,64.69839285714286,67.106,284,20
46232,158,3.917538086089471,0.8158228793747789,3.0550771974999997,3.7463091749999995,4.925019295833334,300.0,21.0,,,,,,,,64.80559280464006,1.9376219269953856,62.431659090909086,64.7525,67.1315,285,20
46232,159,3.9155958327718388,0.8183634580702251,3.0515702324110667,3.7534860125,4.872320803333334,300.0,21.0,,,,,,,,64.89556145452565,1.9364645972272903,62.50025,64.8875,67.25075,285,20
46232,160,3.9239758713594846,0.8227390840012018,3.0515702324110667,3.7534860125,4.925019295833334,300.0,21.0,,,,,,,,64.96977786511735,1.9486664014873183,62.534,65.06,67.40975,285,20
46232,161,3.922274463925105,0.8174793548442296,3.0571277225,3.7640803916666665,4.885854268333334,300.0,21.0,,,,,,,,65.04029636244762,1.9619486691137435,62.59031521739131,65.12375,67.54849999999999,285,20
46232,162,3.9079179162089215,0.8146166996950887,3.0515702324110667,3.7640803916666665,4.876695256666666,300.0,21.0,,,,,,,,65.1140175676345,1.956805843541311,62.79330434782609,65.18375,67.58375000000001,285,20
46232,163,3.895886458520076,0.828040891327367,3.017279186666667,3.7534860125,4.885854268333334,300.0,21.0,,,,,,,,65.1927252335384,1.9406653616227618,62.83775,65.2475,67.61075000000001,285,20
46232,164,3.8930117281332004,0.8407177443532146,3.003198915,3.7463091749999995,4.9248142433333335,300.0,21.0,,,,,,,,65.2875555157657,1.941059247874584,62.92517391304347,65.40124999999999,67.77875,285,20
46232,165,3.8877608750888277,0.8291674856582899,2.9906907125,3.7463091749999995,4.906769623333334,300.0,21.0,,,,,,,,65.40724466175901,1.9505928995150152,62.9465,65.52499999999999,67.91675,285,20
46232,166,3.8672022520033207,0.8012147325777008,2.9687500950000003,3.729221466666666,4.8894768625000005,300.0,21.0,,,,,,,,65.54026617205652,1.9671827901546863,62.9765,65.705,68.1305,285,20
46232,167,3.841196741103563,0.7815207274305319,2.9710056725,3.6895036889492756,4.876695256666666,300.0,21.0,,,,,,,,65.67533348708321,1.9811122910986005,63.03125000000001,65.855,68.28425,285,20
46232,168,3.8290183400581546,0.7576280528125595,2.985974505,3.6964130666666666,4.876695256666666,300.0,21.0,,,,,,,,65.81768962693877,1.9908090539580767,63.11525,65.98625,68.489,285,20
46232,169,3.817067159485394,0.7534299438999489,2.954806525,3.7066656916666663,4.873099408478261,300.0,21.0,,,,,,,,65.94436215494069,1.980011827756876,63.2825,66.03875000000001,68.55875,285,20
46232,170,3.8075260495501726,0.739469286079038,2.954458827282609,3.6964130666666666,4.810805053333334,300.0,21.0,,,,,,,,66.06605476987727,1.9673576036950036,63.30125,66.15124999999999,68.57600000000001,285,20
46232,171,3.8224874114443166,0.7402955877841839,2.9507203338768115,3.7329807624999995,4.865351990108696,300.0,21.0,,,,,,,,66.18824318558053,1.9645044164510836,63.310315217391306,66.29409090909091,68.63749999999999,285,20
46232,172,3.8376499046387607,0.7390166297100083,2.9640338875000003,3.8026986125000004,4.851610500833333,300.0,21.0,,,,,,,,66.33028185834942,1.969585134046372,63.401,66.44375000000001,68.76424999999999,285,20
46232,173,3.83288482494212,0.7291301204755994,2.9705955675,3.754853029166666,4.851610500833333,300.0,21.0,,,,,,,,66.43816371219353,1.9854011935823728,63.3875,66.54125,68.83025,285,20
46232,174,3.81734422286241,0.7078228334919624,2.9792077724999997,3.7346895333333334,4.785515245,300.0,21.0,,,,,,,,66.53300055429877,1.9774895765469782,63.422,66.61625,68.85875,285,20
46232,175,3.8045675699880137,0.7033219724649504,2.954806525,3.738448829166666,4.701580421666668,300.0,21.0,,,,,,,,66.642011423864,1.9782166531298537,63.6575,66.71000000000001,68.95475,285,20
46232,176,3.790292123436599,0.705749026666508,2.945032355833333,3.7302467291666668,4.699256493333334,300.0,21.0,,,,,,,,66.77137853729975,1.9724122122300425,63.82475,66.8225,69.2585,285,20
46232,177,3.7739093655034033,0.6987989653216413,2.942776778333333,3.715209545833334,4.694745338333333,300.0,21.0,,,,,,,,66.91424551997385,1.976557177811696,64.17425,66.935,69.5435,285,20
46232,178,3.77904389991524,0.69123579199709,2.9390858333333334,3.7346895333333334,4.689413973333334,300.0,21.0,,,,,,,,67.05862938725072,1.9985379422727805,64.25825,67.19375,69.71225,285,20
46232,179,3.7805545367501616,0.6868783919828169,2.945032355833333,3.738790583333333,4.683945906666667,300.0,21.0,,,,,,,,67.1890390885635,2.0409988876449807,64.283,67.35125000000001,69.89407142857142,285,20
46232,180,3.7724187163461225,0.6671125300903932,2.947082880833333,3.744942158333333,4.6667898475000005,300.0,21.0,,,,,,,,67.32403979219423,2.0722217282715625,64.358,67.47500000000001,70.0985,285,20
46232,181,3.7632701851405668,0.6546536858320445,2.9479030908333335,3.7346895333333334,4.646968105833333,300.0,21.0,,,,,,,,67.46308979219424,2.113330012422051,64.76825,67.62875,70.19,285,20
46232,182,3.7679720020435084,0.6539775942731488,2.9479030908333335,3.7569035541666667,4.646968105833333,300.0,21.0,,,,,,,,67.60618858908765,2.1466004521133932,64.9415,67.7225,70.39475,285,20
46232,183,3.7617997777074303,0.647322299084691,2.945032355833333,3.773649508333333,4.634049798333333,300.0,21.0,,,,,,,,67.72170283913967,2.183159853831244,65.10605,67.92875,70.61075,285,20
46232,184,3.745785297371173,0.6336753096169464,2.945032355833333,3.726487433333333,4.615595073333334,300.0,21.0,,,,,,,,67.85896738207595,2.2341751124746247,65.045,68.06,70.7045,285,20
46232,185,3.717595756714607,0.6221015070290916,2.9364885016666666,3.7104249874999997,4.5634433875,300.0,21.0,,,,,,,,68.00416355432476,2.2564737432316067,65.054,68.13875,70.76975,285,20
46232,186,3.6852526376771677,0.6224851708436194,2.9120189033333332,3.682059391666667,4.558180373333333,300.0,21.0,,,,,,,,68.14588552228813,2.258020001139657,65.15654782608696,68.3225,70.84325,285,20
46232,187,3.6679426996820226,0.6157235301939417,2.908327958333333,3.656086075,4.521407625,301.0,21.0,,,,,,,,68.27022538645565,2.2629463371370426,65.19043478260869,68.46125,70.97187500000001,286,20
46232,188,3.6632802928517916,0.6137237416993904,2.9046370133333332,3.6526685333333333,4.476706180000001,302.0,21.0,,,,,,,,68.42709880309772,2.2469802908109298,65.4065,68.69000000000001,71.10875,287,20
46232,189,3.6596584103594356,0.6301053802321961,2.8975285266666666,3.656086075,4.516218905217392,303.0,21.0,,,,,,,,68.58755816076999,2.2437965219343683,65.54546428571429,68.90937500000001,71.16875,288,20
46232,190,3.641995732062336,0.6269929552260957,2.8792105033333337,3.627378725,4.491903839202899,303.0,21.0,,,,,,,,68.70993105121622,2.2361373569334444,65.640125,69.05000000000001,71.22612500000001,288,20
46232,191,3.6290054817670123,0.6165367766701473,2.843257965,3.6123415416666655,4.468093975,303.0,21.0,,,,,,,,68.80183626896041,2.2527801423418707,65.6825,69.22625,71.33,288,20
46232,192,3.624732184582036,0.6217541359294372,2.7967110475,3.622935920833333,4.442804166666666,304.0,21.0,,,,,,,,68.89040880186302,2.278403314904264,65.6555,69.24874999999999,71.45225,289,20
46232,193,3.6117032447905815,0.6227074473981804,2.7626039816666665,3.6184931166666665,4.4307744200000005,305.0,21.0,,,,,,,,68.97533580299601,2.3081067313085204,65.65175,69.37625,71.70776315789473,290,20
46232,194,3.597665455578521,0.6183743724837182,2.758297879166667,3.6082404916666655,4.420931899999999,306.0,21.0,,,,,,,,69.05424592318516,2.3112730337519323,65.65625,69.49249999999999,71.77625,291,20
46232,195,3.5783914493368782,0.6128062666047319,2.7292487750000003,3.5959373416666662,4.327017855,307.0,21.0,,,,,,,,69.12833824723401,2.317120534532329,65.66,69.60125,71.837,292,20
46232,196,3.565093373824961,0.6148663570748346,2.713430014746377,3.590811029166667,4.29435858409091,308.0,21.0,,,,,,,,69.19498214400114,2.3182584576280836,65.66375000000001,69.67142857142856,71.97500000000001,293,20
46232,197,3.546305518552702,0.6245011090029664,2.6768920366666666,3.5542433333333334,4.310887058333334,309.0,21.0,,,,,,,,69.2647394712788,2.3413720098543367,65.669375,69.7025,72.083375,294,20
46232,198,3.547774256868264,0.6623479443087974,2.6580955575,3.53920615,4.400084895833334,310.0,21.0,,,,,,,,69.34442403165619,2.3535104261363107,65.72525,69.73625,72.1654347826087,295,20
46232,199,3.564403451126604,0.6843488298133912,2.636291641666667,3.5419401833333333,4.466726958333333,311.0,21.0,,,,,,,,69.40525137675809,2.3382369577618443,65.81,69.741875,72.2024456521739,296,20
46232,200,3.571688727613864,0.6886336411442999,2.6585740133333333,3.541256675,4.467957273333334,312.0,21.0,,,,,,,,69.4661695692453,2.353965055352107,65.86025,69.76625,72.25152173913042,297,20
46232,201,3.5615909543175555,0.680442009072161,2.6686899366666665,3.538522641666667,4.443350973333334,313.0,21.0,,,,,,,,69.5506712251991,2.376805709651554,65.94500000000001,69.8758653846154,72.336125,298,20
46232,202,3.5497028491650537,0.6859949755243507,2.6686899366666665,3.519770739130435,4.443350973333334,313.0,21.0,,,,,,,,69.64089660548704,2.3852681677329217,65.9607885375494,69.92375,72.395,298,20
46232,203,3.536233081588554,0.7028087102454038,2.6715606716666667,3.5002461750000005,4.462215803333334,313.0,21.0,,,,,,,,69.70748947096703,2.4040762035339887,65.94881818181818,70.094375,72.522875,298,20
46232,204,3.5237172459391157,0.6961558974626382,2.6596676266666663,3.4872595166666667,4.443350973333334,313.0,21.0,,,,,,,,69.7666155899604,2.432747379826932,65.93375,70.146875,72.646625,298,20
46232,205,3.5172422349512846,0.6884378350798598,2.6688266383333334,3.4763233833333334,4.392156199166666,314.0,21.0,,,,,,,,69.83683131849247,2.4671322128503053,65.89925,70.1825,72.73925,299,20
46232,206,3.509833712875726,0.6962587802544532,2.66896334,3.4510335750000003,4.3993330366666665,315.0,21.0,,,,,,,,69.9315170383964,2.496945080482657,65.92389285714286,70.2575,72.851375,300,20
46232,207,3.495631534095062,0.6956508380614959,2.6585740133333333,3.4435149833333334,4.4222989166666675,315.0,21.0,,,,,,,,70.04258443958214,2.5341144995080542,65.94990909090909,70.304375,73.096625,300,20
46232,208,3.4896267553637528,0.6957891757537561,2.6585740133333333,3.438730425,4.39960644,315.0,21.0,,,,,,,,70.1386113961039,2.5393287606372645,66.11714130434783,70.360625,73.39325,300,20
46232,209,3.478159166887817,0.6876587293900704,2.663495273333333,3.427110783333333,4.37582035,315.0,21.0,,,,,,,,70.24031794690603,2.5430801951285233,66.26729545454545,70.443125,73.601375,300,20
46232,210,3.4660708794159683,0.6895560842306355,2.663495273333333,3.405922025,4.37582035,315.0,21.0,,,,,,,,70.3267375033936,2.5530205063936973,66.70191071428572,70.51625,73.768625,300,20
46232,211,3.4624580496540633,0.6934547404579035,2.689058485,3.3601269666666664,4.39140434,315.0,21.0,,,,,,,,70.3899500033936,2.5627263980057466,67.02213636363636,70.565,74.11325,300,20
46232,212,3.462414086247116,0.688603085191809,2.693979745,3.345089783333333,4.382928836666666,315.0,21.0,,,,,,,,70.44653152513271,2.5584248674654586,67.12778260869565,70.61937499999999,74.2325,300,20
46232,213,3.4518479368022534,0.6515209700579484,2.703822265,3.3546589,4.354718583636364,315.0,21.0,,,,,,,,70.5140652207849,2.553184552894975,67.2395,70.675625,74.2385,300,20
46232,214,3.429075571821441,0.6216150993945478,2.7446277125000003,3.338938208333333,4.3010445383333336,314.0,21.0,,,,,,,,70.59409053117722,2.558293313712147,67.345625,70.735625,74.3015,298,20
46232,215,3.412189231087959,0.6166761413119721,2.7429872924999996,3.3092055958333333,4.279160384565217,312.0,21.0,,,,,,,,70.66969161692239,2.5787560758147605,67.44425,70.7675,74.33975,295,20
46232,216,3.405073432572227,0.6209598529681873,2.7429189416666664,3.2781059666666668,4.27935652173913,311.0,21.0,,,,,,,,70.7267900104702,2.598507764708092,67.505,70.7675,74.40125,293,20
46232,217,3.406241139623115,0.6279840104369911,2.71079405,3.273321408333333,4.306786008333334,311.0,21.0,,,,,,,,70.75873955934465,2.628561396785079,67.4645,70.7675,74.4875,292,20
46232,218,3.406933875885456,0.6176646158714575,2.6957568666666667,3.287675083333333,4.306786008333334,311.0,21.0,,,,,,,,70.79972467853217,2.654984355016715,67.43375,70.79375,74.60000000000001,291,20
46232,219,3.400466828818639,0.6140377428348234,2.706693,3.274004916666667,4.287647775,311.0,21.0,,,,,,,,70.82793907601982,2.6795869505739502,67.3895,70.7975,74.652875,290,20
46232,220,3.398943865612059,0.6150434561754314,2.7032754583333336,3.287675083333333,4.27935652173913,311.0,21.0,,,,,,,,70.86088158372982,2.6856641745163703,67.3865,70.89874999999999,74.69730434782609,289,20
46232,221,3.393579208587171,0.6038771345567835,2.6957568666666667,3.294510166666667,4.265092,311.0,21.0,,,,,,,,70.87265508686279,2.6839805862060837,67.345625,70.91375,74.661125,288,20
46232,222,3.3948770604615706,0.6011766616190488,2.7032754583333336,3.287675083333333,4.265092,311.0,21.0,,,,,,,,70.87059379087424,2.6781516868045063,67.28675,70.94375000000001,74.54573913043478,287,20
46232,223,3.38737164676399,0.5925693639826916,2.706693,3.287675083333333,4.245834895652174,311.0,21.0,,,,,,,,70.88224169011659,2.691543108320562,67.25187500000001,70.986875,74.54717391304348,286,20
46232,224,3.38068544806306,0.5960124881879039,2.7032754583333336,3.292459641666667,4.200842216666667,311.0,21.0,,,,,,,,70.87908613243191,2.7144994938033467,67.205,71.0225,74.519,285,20
46232,225,3.3847204473408667,0.5976538008667175,2.6957568666666667,3.306129808333333,4.200842216666667,311.0,21.0,,,,,,,,70.88007028970497,2.7328061837736577,67.1195,71.046875,74.40095652173913,284,20
46232,226,3.383252371200786,0.5866465790268772,2.7032754583333336,3.315698925,4.148895583333333,311.0,21.0,,,,,,,,70.88061584597386,2.7700592592371267,67.052,71.1575,74.32025,283,20
46232,227,3.375781089423516,0.5874256597347607,2.699174408333333,3.2979277083333334,4.146845058333334,311.0,21.0,,,,,,,,70.87233411612058,2.827765237674274,66.9866195652174,71.24000000000001,74.303,282,20
46232,228,3.373488665110752,0.5975961659541087,2.6957568666666667,3.292459641666667,4.146845058333334,311.0,21.0,,,,,,,,70.84959937826142,2.8677030848169904,66.92782608695651,71.19125000000001,74.22875,281,20
46232,229,3.374759283459168,0.6040142103013638,2.6718527161363634,3.291092625,4.148690530833333,312.0,21.0,,,,,,,,70.81759256789084,2.8878840653773126,66.861125,71.174375,74.21401785714286,282,20
46232,230,3.389648257672898,0.6090669423845273,2.666160955833333,3.320141729166667,4.1775345825,314.0,21.0,,,,,,,,70.77210075569086,2.892466520143732,66.778625,71.15375,73.98206521739131,284,20
46232,231,3.422264449838123,0.653576040648416,2.648321388333333,3.3683290666666665,4.1882656633333335,315.0,21.0,,,,,,,,70.71638100708351,2.9195949952334432,66.73263636363637,71.15,73.9505,285,20
46232,232,3.457179112136029,0.7242092964818341,2.636838448333333,3.4038715000000006,4.219023538333334,315.0,21.0,,,,,,,,70.67630125879974,2.9579524030440227,66.71225,71.15,73.94061363636364,285,20
46232,233,3.48388215372578,0.7572155665368621,2.636838448333333,3.42437675,4.283410023333334,315.0,21.0,,,,,,,,70.64291225912666,2.996330116996198,66.64325000000001,71.15,73.93304545454545,285,20
46232,234,3.5187184280512303,0.7744893889246425,2.636838448333333,3.444882,4.409507546428571,315.0,21.0,,,,,,,,70.62020454121529,3.0545807652205275,66.437,71.18375,73.9505,285,20
46232,235,3.5451663515170924,0.7841336890120869,2.637658658333333,3.444882,4.473760880454546,315.0,21.0,,,,,,,,70.61994465236272,3.090572664831928,66.3005,71.18375,73.97075,285,20
46232,236,3.5672905201005456,0.7939838714051471,2.6671862183333332,3.444882,4.500082165,315.0,21.0,,,,,,,,70.65816622568103,3.07860550497935,66.4295,71.31125,73.9835,285,20
46232,237,3.584815425537285,0.8016851487831796,2.700392295909091,3.444882,4.502542795,315.0,21.0,,,,,,,,70.6812812365283,3.0515824798709814,66.479,71.3975,73.9835,285,20
46232,238,3.60500868414538,0.8207472608869616,2.696303673333333,3.4708553166666665,4.519903906666666,314.0,21.0,,,,,,,,70.69610265330942,3.0358279836279904,66.46175,71.45,73.91862499999999,284,20
46232,239,3.619935880896591,0.825488178966811,2.699783352121212,3.479057416666667,4.522227835,313.0,21.0,,,,,,,,70.699164590625,3.029891293745989,66.344,71.52125,73.89004347826086,283,20
46232,240,3.6392850336259226,0.8290980240877791,2.70259195,3.499562666666668,4.58907495,311.0,21.0,,,,,,,,70.71475841587602,3.007737809027946,66.3275,71.54,73.88521739130434,281,20
46232,241,3.6687385870558917,0.8281920018823561,2.7165355200000003,3.5774826166666664,4.5987807683333335,309.0,21.0,,,,,,,,70.73678303455132,2.9776367160777664,66.3935,71.54375,73.88245524296674,279,20
46232,242,3.699147245356046,0.8185209225272112,2.720226465,3.608924,4.549978273333333,307.0,21.0,,,,,,,,70.76891440857032,2.931381897603989,66.5135,71.6,73.86495588235294,277,20
46232,243,3.712685400439397,0.8093753848173042,2.7395014,3.6191766249999997,4.550456729166667,306.0,21.0,,,,,,,,70.81129145066473,2.919673329168042,66.576875,71.703125,73.88349104859334,276,20
46232,244,3.731336984303402,0.8125920856900625,2.7929933565217393,3.622594166666667,4.578275518333334,305.0,21.0,,,,,,,,70.84080829560929,2.9198697752350076,66.57575,71.76125,73.89108695652173,275,20
46232,245,3.760145486101249,0.8171633855349694,2.852211924166667,3.6547190583333333,4.661116728333333,304.0,21.0,,,,,,,,70.85836957165732,2.9209064473743287,66.458375,71.76671195652173,73.92125,274,20
46232,246,3.7774757582108087,0.8040124769821217,2.9062774333333334,3.6772748333333336,4.66125343,303.0,21.0,,,,,,,,70.85999775690149,2.9012595632231393,66.3236,71.76125,73.9385,273,20
46232,247,3.769739133725113,0.7437379253138758,2.938402325,3.6772748333333336,4.644439125,301.0,21.0,,,,,,,,70.84129898154148,2.887847164515628,66.30199999999999,71.75375,73.9325,271,20
46232,248,3.767014772802133,0.7061622615771178,2.969707006666667,3.685476933333333,4.593586105,299.0,21.0,,,,,,,,70.80416203801855,2.8818787064002898,66.209,71.6675,73.9025,269,20
46232,249,3.764248568587118,0.6932734918492185,3.0183728,3.6581366,4.601104696666667,297.0,21.0,,,,,,,,70.76055637883124,2.8362302981726506,65.882,71.54375,73.835,267,20
46232,250,3.753636938641158,0.7000452859903165,2.960821398333333,3.6475422208333326,4.588459792499999,294.0,21.0,,,,,,,,70.70978543623703,2.7936245009868417,66.191,71.515625,73.61525,264,20
46232,251,3.7510888440796113,0.6951139204409543,2.97326125,3.649934500000001,4.577455308333334,291.0,21.0,,,,,,,,70.62746496232403,2.8074126801765464,65.915,71.42375,73.50500000000001,261,20
46232,252,3.7544026143112204,0.6809365859916803,3.0008066358333334,3.6772748333333336,4.5745845733333335,287.0,21.0,,,,,,,,70.56355516486981,2.8441749414478035,65.81358695652173,71.37875,73.47575,257,20
46232,253,3.7566376795918126,0.6490837395243696,3.033068229166666,3.681034129166667,4.570620225000001,286.0,21.0,,,,,,,,70.49154559653576,2.8746891114801434,65.6,71.28125,73.44125,256,20
46232,254,3.764719071986305,0.6376441753641888,3.03723763,3.68684395,4.57103033,285.0,21.0,,,,,,,,70.43854916104782,2.8715733553246103,65.55317391304348,71.24,73.37225,255,20
46232,255,3.7506469683571835,0.6200584045916315,3.02903553,3.6902614916666665,4.521134221666666,285.0,21.0,,,,,,,,70.35933801137055,2.89255273657602,65.55317391304348,71.19125,73.30325,255,20
46232,256,3.7346598770149075,0.6357740897914065,3.0073683158333333,3.6499345,4.544646908333333,285.0,21.0,,,,,,,,70.26934781529212,2.910224608326684,65.55317391304348,71.09,73.30325,255,20
46232,257,3.7198200126141114,0.6543184431984527,2.9932196933333333,3.635580825,4.57103033,285.0,21.0,,,,,,,,70.15069990395367,2.9304745998058626,65.52578260869565,70.97375000000001,73.25075,255,20
46232,258,3.726562496481485,0.6789667179795178,2.960821398333333,3.6389983666666668,4.627146364166667,284.0,21.0,,,,,,,,70.02356342867591,2.9302133400475565,65.504,70.75437500000001,73.155625,254,20
46232,259,3.725137457654762,0.6870319964574497,2.945647513333333,3.6451499416666655,4.643892318333333,283.0,21.0,,,,,,,,69.91940988209248,2.916571508075206,65.423,70.63250000000001,73.06925,253,20
46232,260,3.6870339178295395,0.6980388386648444,2.9047281477777775,3.628973577777778,4.576498396666667,283.0,21.0,,,,,,,,69.84341310234275,2.926479847430666,65.399,70.5425,73.1015,253,20
46232,261,3.6471245848627922,0.683249491938047,2.8653501430434787,3.591152783333333,4.550388378333333,283.0,21.0,,,,,,,,69.77471783683322,2.9537635941503066,65.34049999999999,70.48625,73.1525,253,20
46232,262,3.646338098941063,0.7064823453188076,2.8578048053985508,3.571672795833333,4.5884597925,284.0,21.0,,,,,,,,69.74059589676415,2.9616836956094508,65.342,70.435625,73.1725,254,20
46232,263,3.664210703573512,0.7329408978528068,2.850503153333333,3.5679135,4.69652246,285.0,21.0,,,,,,,,69.70906770454387,2.9450613479142635,65.34349999999999,70.355,73.17125,255,20
46232,264,3.6722209589640107,0.747287934010073,2.816191035,3.5767991083333333,4.721538865,285.0,21.0,,,,,,,,69.72397106035257,2.931732834328868,65.4005,70.30624999999999,73.17125,255,20
46232,265,3.6975715884405775,0.7797065341999326,2.8293827458333336,3.5884187499999998,4.763711329166666,286.0,21.0,,,,,,,,69.71951441813313,2.9316231365967105,65.36749999999999,70.1590625,73.17,256,20
46232,266,3.7261918750007834,0.7870496182838412,2.8605953024637687,3.636264333333333,4.7636429783333325,287.0,21.0,,,,,,,,69.7052270586987,2.929891832846395,65.318,70.0625,73.16875,257,20
46232,267,3.7501526852258724,0.7947477886613316,2.866473474130435,3.6352390708333333,4.7939321619047615,290.0,21.0,,,,,,,,69.66891434263677,2.915219508449908,65.321375,70.01093750000001,73.165,260,20
46232,268,3.757710837296698,0.8000304226166312,2.864315965217392,3.607784819444445,4.800962533333333,291.0,21.0,,,,,,,,69.64100959955202,2.887408829817899,65.33749999999999,69.85625,73.1075,261,20
46232,269,3.766961796791986,0.8017439244152139,2.8643872878260876,3.6209993138888894,4.869560024021739,292.0,21.0,,,,,,,,69.6161291103498,2.879927339504798,65.327375,69.77000000000001,73.09325,262,20
46232,270,3.8014566919157513,0.8467770507027518,2.8653501430434787,3.606189966666667,4.93930462,293.0,21.0,,,,,,,,69.59749438532403,2.862101629690042,65.3135,69.7175,73.18475,263,20
46232,271,3.8247232756882794,0.8738824821848565,2.8644586104347836,3.606189966666667,4.964913398888888,293.0,21.0,,,,,,,,69.56602575414531,2.867873590144293,65.28725,69.6725,73.18475,263,20
46232,272,3.8477422573249584,0.8989776139749049,2.8581926220833336,3.6288596597222225,5.02378625,294.0,21.0,,,,,,,,69.54247762875906,2.8711067566967285,65.230625,69.65187499999999,73.182125,264,20
46232,273,3.8499744561597615,0.9121403858021673,2.8293827458333336,3.6041394416666668,5.0496352924242425,296.0,21.0,,,,,,,,69.51158277879556,2.860706740504489,65.19875,69.644375,73.180625,266,20
46232,274,3.838270798137102,0.9164863190135693,2.820018681666667,3.6012914902777777,5.049610437575757,297.0,21.0,,,,,,,,69.45876366016931,2.8615297273652764,65.16799999999999,69.6275,73.11425,267,20
46232,275,3.8540815102493684,0.9164490526453826,2.820018681666667,3.628062233333333,5.062062716666667,297.0,21.0,,,,,,,,69.39178973491285,2.8328133823138333,65.21074999999999,69.5975,72.9515,267,20
46232,276,3.871912029010246,0.9178506768277225,2.8297245,3.6499345,5.049610437575757,297.0,21.0,,,,,,,,69.34392904447155,2.79365031286111,65.26625,69.56,72.94025,267,20
46232,277,3.8838157616072233,0.9293274956244009,2.8331420416666666,3.660870633333333,5.062472821666668,297.0,21.0,,,,,,,,69.29094400168906,2.763037069942085,65.26625,69.4475,72.8645,267,20
46232,278,3.9015925442556934,0.9858294822893806,2.8297245,3.660870633333333,5.121664643333333,297.0,21.0,,,,,,,,69.22918095184411,2.751946707398729,65.26625,69.38375,72.94025,267,20
46232,279,3.910059749941571,0.9825903633554327,2.8389746461111107,3.7018811333333335,5.115171314166667,298.0,21.0,,,,,,,,69.12007638713088,2.7539864869170403,65.27,69.30875,72.947,268,20
46232,280,3.896470725374003,0.9594350257823416,2.825896853333333,3.7155513,5.0563895975,298.0,21.0,,,,,,,,69.00751194034308,2.767231079934268,65.27,69.183125,72.95975,268,20
46232,281,3.8770905449827886,0.9733050905272426,2.7923593777777778,3.6789836041666666,5.0563895975,298.0,21.0,,,,,,,,68.88940914589142,2.8000590315561817,65.219,69.0040625,72.96724999999999,268,20
46232,282,3.853295874773228,0.981155217759054,2.78215232,3.6389983666666654,5.074365866666668,297.0,21.0,,,,,,,,68.777038019097,2.8195916719232095,65.14944565217391,68.9225,72.968,267,20
46232,283,3.847474316810016,0.9922268020349074,2.7688922583333335,3.6581365999999993,5.077441654166666,296.0,21.0,,,,,,,,68.64664706199326,2.844338987620223,64.95875000000001,68.8025,72.965,266,20
46232,284,3.837768623822572,1.005155390430871,2.7598699483333333,3.6388794956521737,5.101842901666667,295.0,21.0,,,,,,,,68.51460374901964,2.8594377113284963,64.77721739130435,68.7275,72.95,265,20
46232,285,3.8389883072678552,1.0083439657966962,2.754538583333333,3.645833449999999,5.104713636666666,294.0,21.0,,,,,,,,68.40358407036804,2.872595188725086,64.74190217391305,68.41968750000001,72.645875,264,20
46232,286,3.8475993661604213,1.0270319786961106,2.754538583333333,3.6389389311594194,5.121459590833333,294.0,21.0,,,,,,,,68.31602842587255,2.870654331400274,64.52225,68.21000000000001,72.315875,264,20
46232,287,3.8639747348735534,1.0589087523231386,2.7116142599999997,3.6388794956521737,5.1880105188888885,293.0,21.0,,,,,,,,68.22626543261666,2.866314897416282,64.49149999999999,68.03,72.16850000000001,263,20
46232,288,3.881195907926229,1.0702604316032758,2.6937063416666667,3.67864185,5.19603035,291.0,21.0,,,,,,,,68.13360960320706,2.8704214274268804,64.42999999999999,67.8425,72.1025,261,20
46232,289,3.925505754328707,1.0820406074188706,2.7226187441666663,3.725803925,5.231299380000001,290.0,21.0,,,,,,,,68.03474765017592,2.8816455498872235,64.416125,67.61375,72.08037499999999,260,20
46232,290,3.9496637603073834,1.0741373475326805,2.7851369730555553,3.765447408333333,5.231299380000001,290.0,21.0,,,,,,,,67.94582593194848,2.8899105476862017,64.287875,67.52494318181817,72.08037499999999,260,20
46232,291,3.961176569076815,1.0756011075361624,2.803751183333333,3.7702319666666666,5.310449645000001,290.0,21.0,,,,,,,,67.86530941857058,2.8816067824054183,64.281125,67.46375,72.062,260,20
46232,292,3.9839208980998033,1.108074650904016,2.8076471808333334,3.7893702,5.397938711666667,290.0,21.0,,,,,,,,67.77398009164747,2.8798524383950297,64.273625,67.40562499999999,71.997125,260,20
46232,293,3.981417114530946,1.0763223219413491,2.851323363333333,3.772966,5.463418809999999,289.0,21.0,,,,,,,,67.65784681014804,2.8742752380248566,63.999500000000005,67.34750000000001,71.87599999999999,259,20
46232,294,3.9796022193055935,1.1140655592491127,2.841617545,3.772966,5.499788648157895,288.0,21.0,,,,,,,,67.54725201349038,2.8456871616598978,63.890750000000004,67.25375,71.825375,258,20
46232,295,3.9744404415558705,1.1291528740986438,2.8272638700000003,3.7322972541666664,5.543907312368422,288.0,21.0,,,,,,,,67.4465493845723,2.8036807066297977,63.86375,67.18437499999999,71.707625,258,20
46232,296,3.97818078544216,1.155172346353846,2.8272638700000003,3.750068470833333,5.647624305833334,288.0,21.0,,,,,,,,67.34163469802021,2.738503939157522,63.86375,67.13375,71.25411363636364,258,20
46232,297,3.9625803750074606,1.163957263638994,2.799650133333333,3.7702319666666666,5.610509803333334,288.0,21.0,,,,,,,,67.20356994405998,2.6996992017263532,63.83720652173913,67.05980978260871,71.1275,258,20
46232,298,3.9316562580682,1.1712110053495304,2.713391381666667,3.7193105958333335,5.543907312368422,288.0,21.0,,,,,,,,67.07330856411872,2.6639890942450957,63.82373913043479,66.995,70.87700000000001,258,20
46232,299,3.927774835462858,1.188352144113741,2.713391381666667,3.690261491666667,5.610509803333334,288.0,21.0,,,,,,,,66.94846282768462,2.6146045914020584,63.82373913043479,66.80562499999999,70.53875,258,20
46232,300,3.916738180335931,1.2148197297516004,2.6892635375,3.690261491666667,5.610509803333334,288.0,21.0,,,,,,,,66.80393958653413,2.5471836638857073,63.80301630434782,66.50165,70.16449999999999,258,20
46232,301,3.8881266628727675,1.1969237766207332,2.6328057491666668,3.7497267166666663,5.499788648157895,288.0,21.0,,,,,,,,66.67287455079467,2.4863257224285746,63.80301630434782,66.29374999999999,69.833375,258,20
46232,302,3.8611254744598167,1.186665256150772,2.6328057491666668,3.690261491666667,5.466904702500001,288.0,21.0,,,,,,,,66.54480621156313,2.426940262874687,63.69950000000001,66.22625,69.462125,258,20
46232,303,3.85155797163227,1.1721753322327861,2.6669128150000003,3.617973650333333,5.367044135000001,288.0,21.0,,,,,,,,66.40977026195073,2.3645199533212438,63.661625,66.171875,69.190625,258,20
46232,304,3.8525275100411402,1.1960040285492624,2.5925607785,3.6080627795,5.373284863260871,288.0,21.0,,,,,,,,66.30759220934372,2.3049504706192487,63.51809782608696,66.11,68.97856250000001,258,20
46232,305,3.8886965724292746,1.2812395230976115,2.570948245,3.598671375,5.613790643333335,287.0,21.0,,,,,,,,66.1880074514034,2.230802623362216,63.39864363636364,66.06125,68.83175,257,20
46232,306,3.911547607616014,1.348755656992314,2.545578198731884,3.5962790958333333,5.808084722166667,286.0,21.0,,,,,,,,66.02947294570932,2.1762644577161145,63.334999999999994,65.983625,68.59125,256,20
46232,307,3.9160068767442944,1.3904998768351453,2.4994532733333332,3.562445433333333,5.821145199399999,285.0,21.0,,,,,,,,65.8566066418306,2.109159060509682,63.1715,65.81,68.50985,255,20
46232,308,3.925703800109567,1.4305537910066868,2.4695156083333334,3.5815836666666665,5.821145199399999,285.0,21.0,,,,,,,,65.7242661778189,2.089794717876034,63.04625,65.732,68.43575,255,20
46232,309,3.9222398222805137,1.4203777706092289,2.44832685,3.562445433333333,5.821145199399999,285.0,21.0,,,,,,,,65.57552747364157,2.120472106977007,62.781963636363635,65.66720000000001,68.29952,255,20
46232,310,3.9323978715322774,1.421835640228806,2.4507191291666666,3.5820591507246378,5.879880437499999,286.0,21.0,,,,,,,,65.45699372162159,2.126337730441098,62.371249999999996,65.6209375,68.21000000000001,256,20
46232,311,3.9514271841587005,1.3974002941008206,2.4997266766666666,3.6184931166666665,5.912893890000002,287.0,21.0,,,,,,,,65.34287491764016,2.1257714200301963,62.215413043478264,65.3975,68.04125,257,20
46232,312,3.996180817072207,1.3987727648422745,2.5302193504333332,3.705298674999999,5.9600559650000005,288.0,21.0,,,,,,,,65.24514122230723,2.127895471575791,62.100125,65.298125,67.862375,258,20
46232,313,4.067169601768637,1.4998546420654895,2.55872236115942,3.772966,6.027449886666667,289.0,21.0,,,,,,,,65.14418361452786,2.1068734895200985,62.0998152173913,65.15375,67.7345,259,20
46232,314,4.072914434982,1.510992832170827,2.5493850429710143,3.762029866666667,6.056020535,289.0,21.0,,,,,,,,65.06152039898312,2.0808649008978812,62.0998152173913,65.12,67.664,259,20
46232,315,4.055437992719486,1.4845411851723864,2.588104304166667,3.705298674999999,6.055952184166667,290.0,21.0,,,,,,,,64.98180462871731,2.0647288238260666,62.067125,64.99437499999999,67.647275,260,20
46232,316,4.047630474681601,1.4800732117948874,2.5891295666666667,3.651985025,6.056567341666667,291.0,21.0,,,,,,,,64.88693787216602,2.0422138428146877,62.03428571428572,64.85000000000001,67.59124999999999,261,20
46232,317,4.057489391964001,1.4741901230373282,2.642238164166667,3.6899197374999995,6.045562857500004,292.0,21.0,,,,,,,,64.7863134660824,2.0389245182965556,61.99475,64.71125,67.539875,262,20
46232,318,4.0619525324318895,1.4794563605078461,2.6475011783333335,3.7107667416666654,6.05643064,293.0,21.0,,,,,,,,64.68569972666766,2.038099845927512,61.9745,64.61,67.46825,263,20
46232,319,4.049655210611479,1.473873769825813,2.6908356066666665,3.6772748333333327,6.024920905833333,294.0,21.0,,,,,,,,64.57513623365985,2.02241501118434,61.79,64.57526315789474,67.315625,264,20
46232,320,4.018729925313574,1.421974452647832,2.6238517900000002,3.6800088666666655,5.704013743333335,295.0,21.0,,,,,,,,64.46762256795598,2.02098619935304,61.763,64.4975,67.19,265,20
46232,321,4.025556227204914,1.3657312516420266,2.6817449458333336,3.787943747826087,5.5936687523550725,296.0,21.0,,,,,,,,64.36779038722285,2.014668059106446,61.634375000000006,64.398125,67.13,266,20
46232,322,4.007588955320698,1.2958410733255847,2.7453795716666667,3.786517295652174,5.592132344492754,297.0,21.0,,,,,,,,64.28878688188028,2.0077433086352365,61.62575,64.36625000000001,67.0265,267,20
46232,323,3.969412313190359,1.2629956472235984,2.701840090833333,3.7651056541666663,5.553163454166667,298.0,21.0,,,,,,,,64.21427635586241,1.9992227811333732,61.610489130434786,64.2825,66.90875000000001,268,20
46232,324,3.9556200218778454,1.2669195686542776,2.686461153333333,3.750410225,5.5528217,299.0,21.0,,,,,,,,64.16283286852041,1.9785678719996922,61.61163043478261,64.24249999999999,66.8945,269,20
46232,325,4.020399503764346,1.4029117232132167,2.6733377933333333,3.757245308333333,5.750082205,299.0,21.0,,,,,,,,64.0517989190369,1.9769551043645508,61.5875,64.13375,66.54575,269,20
46232,326,4.057951616097643,1.453372727426411,2.6643154833333336,3.7736495083333335,5.797592247878788,299.0,21.0,,,,,,,,63.9318550479745,1.9976901595592762,61.550000000000004,64.0625,66.42725,269,20
46232,327,4.073617936051445,1.5087500106766265,2.6643154833333336,3.7818516083333336,5.804651024848485,299.0,21.0,,,,,,,,63.81905279214481,2.0330694070168946,61.3295,63.86000000000001,66.419,269,20
46232,328,4.07839417690749,1.4595081322523482,2.6354714316666668,3.785952658333333,5.8664153233333325,299.0,21.0,,,,,,,,63.70957086523061,2.096324046070112,61.26036363636363,63.79625000000001,66.4145,269,20
46232,329,4.109566957467691,1.453984547337486,2.6733377933333333,3.852936475,5.8664153233333325,299.0,21.0,,,,,,,,63.57434175580763,2.148622977569644,61.0415,63.70249999999999,66.30275,269,20
46232,330,4.136201443784696,1.4401153086246845,2.6924760266666667,3.8970227625,5.857051259166667,298.0,21.0,,,,,,,,63.43772082952333,2.2090577378787852,60.809,63.591875,66.240875,268,20
46232,331,4.167309751030484,1.4439572786791712,2.6941164466666665,3.938375016666667,5.858213223333334,297.0,21.0,,,,,,,,63.31140036179014,2.2579383693879698,60.38313636363637,63.47375,66.20825,267,20
46232,332,4.185729400572498,1.492954263937845,2.6855042416666666,3.8990732875000003,5.868260795833333,296.0,21.0,,,,,,,,63.192101727975356,2.2905182485970963,60.07625,63.385625,66.081875,266,20
46232,333,4.189350966031125,1.5188328317003885,2.6514655266666667,3.898048025,5.883639733333334,295.0,21.0,,,,,,,,63.08446814959036,2.3153710143114727,59.95550000000001,63.18875,66.044,265,20
46232,334,4.215834422678294,1.5414120089544294,2.671970776666667,3.9158192416666666,5.984798966666667,294.0,21.0,,,,,,,,62.96451537742971,2.371037107192293,59.622875,63.096875,65.98100000000001,264,20
46232,335,4.263488092007592,1.605278963700839,2.6721074783333334,3.931539933333333,6.4698164799999995,293.0,21.0,,,,,,,,62.84571404874263,2.4020501805292285,59.363,63.01624999999999,65.90075,263,20
46232,336,4.2770922277891925,1.627534884626735,2.6780540008333333,3.8947444013888886,6.530101915,292.0,21.0,,,,,,,,62.74087870634178,2.4327301919182833,59.235125000000004,62.965624999999996,65.87075,262,20
46232,337,4.292980578385076,1.6516744631220637,2.671150566666667,3.894630483333333,6.534339666666667,291.0,21.0,,,,,,,,62.63409589902019,2.4621150256943216,59.07125,62.9075,65.87375,261,20
46232,338,4.345424826644178,1.701673062341618,2.6681431300000003,3.9158192416666666,6.700705595000002,290.0,21.0,,,,,,,,62.526816967543326,2.4872675419221433,58.943000000000005,62.791250000000005,65.84675,260,20
46232,339,4.415014142366021,1.7877440333089418,2.671150566666667,3.9629813166666654,6.852581146666666,289.0,21.0,,,,,,,,62.41936930768996,2.496205976286091,58.781,62.71625,65.72075,259,20
46232,340,4.38776104592379,1.7352686404785276,2.6749782133333335,3.9910051583333335,6.778762246666667,289.0,21.0,,,,,,,,62.341524888595536,2.501761112189294,58.619,62.5975,65.6135,259,20
46232,341,4.4126807533981305,1.7962812086190927,2.6405293933333334,3.984170075,6.790564157222222,289.0,21.0,,,,,,,,62.26077514040014,2.505650260078724,58.619,62.53625,65.46424999999999,259,20
46232,342,4.436231943828499,1.7987696260293138,2.614118631333333,3.984170075,6.818998103888888,289.0,21.0,,,,,,,,62.170948008073005,2.5055050062989244,58.64681818181818,62.405,65.3585,259,20
46232,343,4.44712704659448,1.7881082776371755,2.605462444057971,4.011510408333334,6.818998103888888,289.0,21.0,,,,,,,,62.080783476658475,2.4883220722740655,58.62977272727273,62.27,65.22275,259,20
46232,344,4.477782945509688,1.7992375819973343,2.6061816136956524,4.012877425,6.858117564166667,290.0,21.0,,,,,,,,62.00644768736698,2.4647756241208154,58.63693181818182,62.176249999999996,65.11925,260,20
46232,345,4.506027947882889,1.824775174492499,2.599709086956522,4.040901266666666,6.862423666666667,291.0,21.0,,,,,,,,61.92759396059546,2.4390971879628056,58.6475,62.02625,65.00375,261,20
46232,346,4.526193352799105,1.828569444816209,2.5932633061956523,4.048419858333333,6.871651029166667,292.0,21.0,,,,,,,,61.83550730923574,2.4331506564006706,58.64443181818182,61.8675,64.893875,262,20
46232,347,4.532388080477265,1.7939208175131947,2.5939795040579714,4.096265441666667,6.8706257666666675,293.0,21.0,,,,,,,,61.74483047536031,2.416601668503663,58.64477272727273,61.59125,64.79675,263,20
46232,348,4.547501239583165,1.7745517883530688,2.6063777508695654,4.1676920625000005,6.843148731666666,294.0,21.0,,,,,,,,61.65279743243416,2.405235203489563,58.65411363636364,61.20125,64.796375,264,20
46232,349,4.559325968174923,1.788770656370599,2.6112752366666667,4.157097683333333,6.838318606111112,295.0,21.0,,,,,,,,61.574354403062074,2.370348683202731,58.7165,60.98375000000001,64.796,265,20
46232,350,4.568055995115211,1.7828061594355302,2.669100041666667,4.1676920625000005,6.809110016666667,296.0,21.0,,,,,,,,61.506938597035514,2.3337330181544362,58.77875,60.921875,64.788125,266,20
46232,351,4.5975261839994745,1.788484261559148,2.6760718266666665,4.249940898611111,6.863653981666667,297.0,21.0,,,,,,,,61.429100956363285,2.298896899563161,58.768454545454546,60.8375,64.7735,267,20
46232,352,4.662555770827314,1.8359521692361012,2.6768920366666666,4.34080608219697,7.193298163731884,298.0,21.0,,,,,,,,61.33345477336584,2.2772286824841688,58.73429545454545,60.811875,64.75325000000001,268,20
46232,353,4.729055725779631,1.8274500566293295,2.693159535,4.43323505,7.258311693333333,299.0,21.0,,,,,,,,61.23612729885679,2.243775505046107,58.670818181818184,60.67625,64.72025,269,20
46232,354,4.773438528212661,1.799714746236187,2.7148950999999997,4.504319916666667,7.268974423333332,299.0,21.0,,,,,,,,61.13176533021286,2.2179967206954263,58.64327272727273,60.59375,64.62499999999999,269,20
46232,355,4.83342098937838,1.8290692642976318,2.7539917766666666,4.539748431944444,7.326867579166667,298.0,21.0,,,,,,,,61.00963166742813,2.1977503453053875,58.6145,60.49625,64.537625,268,20
46232,356,4.827510264038652,1.7913289853349914,2.7675252416666667,4.504319916666667,7.283191396666669,297.0,21.0,,,,,,,,60.90899358378554,2.179338250477571,58.50317391304348,60.432500000000005,64.36775,267,20
46232,357,4.841173871379463,1.8147880506036163,2.7873469833333333,4.498510095833334,7.342246516666666,296.0,21.0,,,,,,,,60.81358438331446,2.1620875208330173,58.41769021739131,60.39875000000001,64.295,266,20
46232,358,4.844050409729387,1.8198326462574048,2.7847496516666665,4.511155,7.358514015,295.0,21.0,,,,,,,,60.71831399549999,2.145811569194228,58.35575,60.365,64.1795,265,20
46232,359,4.856916365818169,1.831564972770821,2.7533082683333334,4.539748431944444,7.355779981666665,280.0,21.0,,,,,,,,60.64641480757862,2.137447797893967,58.35125,60.28625,64.1075,251,20
46232,360,4.85424819345098,1.8562431860932194,2.693731523552631,4.576430045833333,7.363571976666667,278.0,21.0,,,,,,,,60.539221175622096,2.1139050774403305,58.13225,60.21125,63.98525,249,20
46232,361,4.812378019242293,1.877546740795693,2.692339325,4.488257470833333,7.357967208333333,276.0,21.0,,,,,,,,60.44637713365907,2.0801289650990054,58.058,60.2,63.77815217391304,247,20
46232,362,4.795896925430912,1.8887370050332448,2.6750465641666668,4.4701445,7.359060821666667,274.0,21.0,,,,,,,,60.35704445163328,2.061794845831737,57.9545,60.151250000000005,63.62675,245,20
46232,363,4.833582049799294,1.9321006037773392,2.643058374166667,4.537470070833333,7.4781963241666665,272.0,21.0,,,,,,,,60.27203174972969,2.040901190091712,57.8,60.08375,63.32449999999999,243,20
46232,364,4.907799299603417,2.0080892840572577,2.6403243408333337,4.600011083333333,7.670193814999999,270.0,21.0,,,,,,,,60.17467975325927,2.017564607102394,57.74,60.00875,63.14,241,20
46232,365,4.962886433844321,2.0663797493905944,2.6007492083333332,4.6273514166666665,7.7932936658333345,268.0,21.0,,,,,,,,60.06730145939897,1.9940027870400499,57.657500000000006,59.91125,62.977250000000005,239,20
46232,366,5.010787494800733,2.1450184044066565,2.581610975,4.600011083333333,8.0882958625,266.0,21.0,,,,,,,,59.973782330939734,1.9686190390690401,57.494749999999996,59.86625,62.866625,237,20
46258,1,4.789334922199761,1.8790379676453721,2.456629465931373,4.770204658333333,6.984771658333334,135.0,11.0,,,,,,,,60.822926045407186,1.3984053963920118,59.3855,60.5,62.90075,135,11
46258,2,4.757428418726018,1.8596726605266929,2.4543544553513077,4.685905297222222,6.88294755780303,134.0,11.0,,,,,,,,60.73872943575253,1.3676614221530234,59.26175,60.44187500000001,62.66075,134,11
46258,3,4.788817545331789,1.9269795899696323,2.4252014847222223,4.655375258333334,7.010744975,133.0,11.0,,,,,,,,60.67680393204712,1.3107644924639477,59.237750000000005,60.48125000000001,62.43275,133,11
46258,4,4.77282031468007,1.9341491952576508,2.4196195,4.629629777777778,7.013479008333333,131.0,11.0,,,,,,,,60.61251808102627,1.2859812980664398,59.225,60.41,62.40875,131,11
46258,5,4.776265863414789,1.8573029607562659,2.4447384312500007,4.647812090036232,6.965975179166667,130.0,11.0,,,,,,,,60.53897975857263,1.2460009500719649,59.1995,60.393125,62.31875,130,11
46258,6,4.815022911247031,1.7952786809333,2.6095040585507245,4.7208944142857145,6.754305075757576,129.0,11.0,,,,,,,,60.45861332259257,1.2108200438162495,59.13575,60.25625,62.2295,129,11
46258,7,4.8297812887862115,1.774896334301431,2.6265174725,4.676564016666667,6.759027496969697,128.0,11.0,,,,,,,,60.36776731594163,1.218399737363185,59.117000000000004,60.22812499999999,62.16575,128,11
46258,8,4.803348161728205,1.7611560258568995,2.6338993625,4.6066183305555555,6.773816131818182,134.0,11.0,,,,,,,,60.358730160003944,1.2451868246546414,59.108000000000004,60.24312499999999,62.154500000000006,134,11
46258,9,4.78543231656153,1.7407170728185781,2.65337935,4.537128316666666,6.7677266939393945,135.0,11.0,,,,,,,,60.33431847121808,1.260825090082071,59.094500000000004,60.2525,62.15225,135,11
46258,10,4.854821716476582,1.7538627135536142,2.8269904666666665,4.6066183305555555,7.000165454710145,136.0,11.0,,,,,,,,60.3320321997376,1.2641555737757302,59.03937500000001,60.26375,62.133125,136,11
46258,11,4.889164098895488,1.7540756979466074,2.89862214,4.583606883333333,7.242727703333335,137.0,11.0,,,,,,,,60.32505783311421,1.2478228368759678,59.0495,60.275,62.06136956521739,137,11
46258,12,4.914499099275875,1.7068673280998614,2.995817025,4.634939349758454,7.221812348333334,138.0,11.0,,,,,,,,60.32004835606265,1.220828569412866,59.059625000000004,60.318125,61.9794347826087,138,11
46258,13,4.914762462090837,1.7203452635814698,3.037921138333333,4.583606883333333,7.383120315,139.0,11.0,,,,,,,,60.30339333191832,1.2046958729573105,58.961000000000006,60.29375,61.90325,139,11
46258,14,4.916366295635426,1.7902063382897646,3.04215889,4.5227746416666665,7.446549888333333,140.0,11.0,,,,,,,,60.26658337954748,1.2007095803371841,58.835,60.269375,61.884875,140,11
46258,15,4.935561858117129,1.811563458944869,3.004019125,4.5152560500000005,7.442722241666666,141.0,11.0,,,,,,,,60.23701541231663,1.1907205640836798,58.7,60.26375,61.80875,141,11
46258,16,4.973734189233844,1.855602079057216,3.0082568766666666,4.5369004805555555,7.477171061666668,142.0,11.0,,,,,,,,60.22305679183799,1.1688415854108236,58.713125000000005,60.269375,61.79975,142,11
46258,17,4.93063601658186,1.8861656470364827,2.893564178333334,4.511155,7.473343415,143.0,11.0,,,,,,,,60.223157793293666,1.1640240038370628,58.70675,60.3425,61.79075,143,11
46258,18,4.926269450810895,1.924205849755581,2.998756110833334,4.475954320833333,7.469515768333334,144.0,11.0,,,,,,,,60.19967897384168,1.1685636170331406,58.5845,60.344375,61.75025,144,11
46258,19,4.922768834746083,1.9329381144961095,3.0252078833333336,4.489282733333333,7.461860475,146.0,11.0,,,,,,,,60.17891654596892,1.1706801816564292,58.53431818181818,60.411548913043475,61.71125000000001,146,11
46258,20,4.862845422869504,1.9499413922673756,2.9442804966666674,4.448272233333333,7.458032828333334,147.0,11.0,,,,,,,,60.148192623887496,1.1761620866845601,58.534454545454544,60.42434782608696,61.690250000000006,147,11
46258,21,4.783759180710476,1.953635675725832,2.85679143,4.366934741666666,7.021701910760876,148.0,11.0,,,,,,,,60.12652409264501,1.1842435668385494,58.51717045454545,60.4325,61.636625,148,11
46258,22,4.743624634718449,1.9575808874986034,2.8130468966666666,4.364884216666667,6.834417655652174,149.0,11.0,,,,,,,,60.12962226768708,1.1617815502570323,58.47425,60.49625,61.587500000000006,149,11
46258,23,4.691486866496252,1.9699962364146966,2.7660898741666666,4.296191629166667,6.8096241338043475,150.0,11.0,,,,,,,,60.12522061923584,1.1523718177519315,58.448,60.516875,61.583000000000006,150,11
46258,24,4.636230018814447,1.9830817546643953,2.693227885833333,4.199019527777778,6.8096241338043475,150.0,11.0,,,,,,,,60.108310836627155,1.1334139536757761,58.448,60.50562500000001,61.481375,150,11
46258,25,4.612302472307203,2.1077794949950572,2.6512604741666665,4.120188233333334,6.8096241338043475,150.0,11.0,,,,,,,,60.06944561923585,1.1177152965140231,58.448,60.4325,61.393375,150,11
46258,26,4.596144995701728,2.1041115608356993,2.572588665,4.162565750000001,6.795371499166667,150.0,11.0,,,,,,,,60.02493040184454,1.115358678057219,58.341125,60.425,61.275124999999996,150,11
46258,27,4.576008840201728,2.1449761068642887,2.5581666391666666,4.0877215875,6.795371499166667,150.0,11.0,,,,,,,,59.97654706851121,1.1251287618125585,58.28075,60.404375,61.254875,150,11
46258,28,4.50921944368321,2.111535703242414,2.43356307,3.980069025,6.649647522499999,150.0,11.0,,,,,,,,59.94070540184453,1.129412645502348,58.227500000000006,60.393125,61.22675,150,11
46258,29,4.440543564164691,2.026502834078737,2.4145615383333334,3.9472606249999997,6.5925745766666655,150.0,11.0,,,,,,,,59.91036373517787,1.1278400170256087,58.1915,60.333124999999995,61.213625,150,11
46258,30,4.3834975624279755,1.9764812967031167,2.4145615383333334,3.9199202916666662,6.5925745766666655,150.0,11.0,,,,,,,,59.87742424242424,1.1265907411811795,58.1915,60.2375,61.213625,150,11
46258,31,4.312491678946493,1.918299531726336,2.471566133333333,3.8437091125,6.559902878333332,150.0,11.0,,,,,,,,59.84839924242425,1.1107414381732987,58.1915,60.063125,61.213249999999995,150,11
46258,32,4.248276830483531,1.8869571197426263,2.471566133333333,3.773649508333333,6.503991896666666,150.0,11.0,,,,,,,,59.823888372859024,1.0919161149389949,58.227500000000006,59.96000000000001,61.213249999999995,150,11
46258,33,4.1259363733180345,1.7691981963101728,2.4145615383333334,3.653693795833333,6.4396737625,150.0,11.0,,,,,,,,59.81836376811595,1.0851489596118464,58.2515,59.9075,61.220375,150,11
46258,34,4.041016355421607,1.7095712361653428,2.331720328333333,3.632163283333333,6.174199125833331,150.0,11.0,,,,,,,,59.82288550724638,1.0920237532957144,58.2785,59.864374999999995,61.22675,150,11
46258,35,4.049095423921608,1.7202759136719465,2.331720328333333,3.632163283333333,6.174199125833331,150.0,11.0,,,,,,,,59.834010507246376,1.1105846954514038,58.2785,59.848749999999995,61.25925,150,11
46258,36,4.0781278201067925,1.7178336838374488,2.4145615383333334,3.632163283333333,6.174199125833331,150.0,11.0,,,,,,,,59.83486050724636,1.114193051725561,58.2785,59.7773097826087,61.28375,150,11
46258,37,4.074962417069755,1.6854717117542781,2.4586478258333333,3.6468587124999994,6.0852063408333334,150.0,11.0,,,,,,,,59.82413550724637,1.1149463506108563,58.178,59.76980978260869,61.32425,150,11
46258,38,4.165689794329015,1.7747308491400937,2.4747558388888886,3.661895895833333,6.445551934166667,150.0,11.0,,,,,,,,59.81045217391305,1.1010078034698048,58.19225,59.759375,61.32425,150,11
46258,39,4.219014935193749,1.76893313886835,2.557004675,3.712817266666666,6.560586386666666,150.0,11.0,,,,,,,,59.794782608695655,1.1060119485882036,58.177625,59.74625,61.35125,150,11
46258,40,4.199781406930464,1.5938349868681327,2.5958279483333335,3.7401575999999994,6.456009611666666,150.0,11.0,,,,,,,,59.79055398550726,1.1392860619712315,58.177625,59.7425,61.387885869565224,150,11
46258,41,4.208957654894231,1.6428545785557485,2.6273376825,3.7196523499999996,6.456009611666666,150.0,11.0,,,,,,,,59.793176811594215,1.1692958746275073,58.177625,59.703125,61.396625,150,11
46258,42,4.246769137775875,1.6957466974120163,2.6273376825,3.7196523499999996,6.607816812499999,150.0,11.0,,,,,,,,59.801527898550724,1.1840167630285767,58.19225,59.699375,61.430375000000005,150,11
46258,43,4.326312799794393,1.7639547240415965,2.697533988333334,3.7401575999999994,6.868780294166666,150.0,11.0,,,,,,,,59.810186231884074,1.195529905285511,58.224125,59.69625,61.502874999999996,150,11
46258,44,4.3458094952758755,1.7817495740867821,2.6991060575000003,3.7401575999999994,6.868780294166666,150.0,11.0,,,,,,,,59.823277898550735,1.209640096474215,58.288250000000005,59.699375,61.51892391304348,150,11
46258,45,4.3693438428829605,1.7713730008929587,2.6846156808333337,3.7432333874999992,6.8682334874999995,150.0,11.0,,,,,,,,59.83416739130435,1.22525119048564,58.224125,59.70125,61.538440217391305,150,11
46258,46,4.460110711734812,1.8710576502729201,2.6846156808333337,3.758270570833333,6.914917106666666,150.0,11.0,,,,,,,,59.83119239130435,1.2502360679199813,58.224125,59.706875000000004,61.607,150,11
46258,47,4.5468312112533305,1.8680749583706895,2.7505118277173914,3.955804479166666,6.914917106666666,150.0,11.0,,,,,,,,59.821403260869566,1.2734731033577278,58.192625,59.706875000000004,61.6175,150,11
46258,48,4.582457052415166,1.8610324007031023,2.8050498491666667,3.9728921874999994,6.914917106666666,150.0,11.0,,,,,,,,59.811825,1.3141272462629752,58.177625,59.70125,61.6175,150,11
46258,49,4.614105421403381,1.9017952198652195,2.7505118277173914,3.955804479166666,6.9240077675,150.0,11.0,,,,,,,,59.796125,1.348748693914902,58.161125,59.675,61.6175,150,11
46258,50,4.5958663572408875,1.916294453471724,2.7505118277173914,3.8970227625,6.9240077675,150.0,11.0,,,,,,,,59.77756689723319,1.3776017146801285,58.097,59.643125,61.538440217391305,150,11
46258,51,4.574438992362099,1.9333124933865005,2.705926281956522,3.8970227625,6.9240077675,150.0,11.0,,,,,,,,59.767091897233186,1.4156889931591903,58.09625,59.6375,61.538440217391305,150,11
46258,52,4.589579461399136,1.929720975303464,2.6860510483333337,3.9728921874999994,6.9240077675,150.0,11.0,,,,,,,,59.762283563899864,1.4500643273541756,58.09625,59.6375,61.51892391304348,150,11
46258,53,4.536605716461133,1.889467758280417,2.705926281956522,3.955804479166666,6.914917106666666,150.0,11.0,,,,,,,,59.75993682476944,1.4893766080731075,58.004000000000005,59.6375,61.5766902173913,150,11
46258,54,4.509402084794466,1.8863497646668597,2.706951544456522,3.857037525,6.914917106666666,150.0,11.0,,,,,,,,59.76708682476943,1.5230254125451652,57.999500000000005,59.633750000000006,61.5766902173913,150,11
46258,55,4.54098341893553,1.9106363414977134,2.6954151125,3.9800690249999997,6.914917106666666,150.0,11.0,,,,,,,,59.763275447957845,1.5544810783607663,57.73100000000001,59.633750000000006,61.5766902173913,150,11
46258,56,4.542805275727316,1.8283270997196481,2.7788714800000003,4.088678499166667,6.789288275,150.0,11.0,,,,,,,,59.74797762187089,1.5865626570842397,57.68225,59.633750000000006,61.5766902173913,150,11
46258,57,4.489064878785287,1.7522822037556214,2.8071003741666667,4.039192495833333,6.734675959166666,150.0,11.0,,,,,,,,59.731854433465074,1.6212108796545537,57.668000000000006,59.6225,61.188125,150,11
46258,58,4.446053977729732,1.6934502314891204,2.7788714800000003,4.039192495833333,6.505427264166666,150.0,11.0,,,,,,,,59.724704433465085,1.6647817356284238,57.668000000000006,59.59812500000001,61.249625,150,11
46258,59,4.422506356192695,1.655449683331535,2.8071003741666667,4.0405595125,6.547121272499999,150.0,11.0,,,,,,,,59.70884610013175,1.7016874622039773,57.664625,59.579375,61.385749999999994,150,11
46258,60,4.416219598433436,1.703045191585921,2.7788714800000003,4.0405595125,6.547121272499999,150.0,11.0,,,,,,,,59.69672110013176,1.7223594117479772,57.610625000000006,59.54211956521739,61.39362499999999,150,11
46258,61,4.357898388076913,1.6545969023989593,2.695278410833333,3.9841700749999998,6.505427264166666,150.0,11.0,,,,,,,,59.705020013175236,1.7413936786698572,57.610625000000006,59.470625,61.43459782608695,150,11
46258,62,4.2654435643322275,1.6415660566878372,2.615239585,3.87549225,6.308371811666667,149.0,11.0,,,,,,,,59.71944259111184,1.7611007816543127,57.56,59.465,61.85710869565219,149,11
46258,63,4.269186963197672,1.6386829968410692,2.6641104308333334,3.8602470423913045,6.269753590833334,148.0,11.0,,,,,,,,59.73415019381324,1.7658911626941654,57.663875,59.44380434782609,61.94153260869566,148,11
46258,64,4.281149631674517,1.5926413565264546,2.691792518333333,3.958880266666666,6.039243512272727,147.0,11.0,,,,,,,,59.76619077484184,1.7749971024805693,57.6635,59.47625,62.195,147,11
46258,65,4.366970187441082,1.6250245261510061,2.749754025,4.012877425,6.2756317625,146.0,11.0,,,,,,,,59.79437469156811,1.7696196986377186,57.663125,59.556875,62.075,146,11
46258,66,4.421083796892199,1.6342166972507606,2.7420987316666667,4.08382559,6.632354761666665,145.0,11.0,,,,,,,,59.82441372106154,1.7594472334949296,57.66275,59.6075,62.08775,145,11
46258,67,4.456099062000387,1.6648421236348325,2.7943871191666667,4.048419858333333,6.713592833939394,144.0,11.0,,,,,,,,59.843599043619434,1.7487493698481038,57.666125,59.645,62.053965909090905,144,11
46258,68,4.4614048687529,1.620907626010274,2.734170035,4.1270233166666666,6.693423124393939,143.0,11.0,,,,,,,,59.882079758767155,1.7362450739403896,57.6785,59.75375,62.06006818181818,143,11
46258,69,4.427824963470789,1.5945498905102484,2.8271271683333334,4.082595275,6.415272515,143.0,11.0,,,,,,,,59.919627163285725,1.7309277408635964,57.7295,59.93375,62.06006818181818,143,11
46258,70,4.358171343240767,1.5603689511414847,2.6985364672222225,3.973233941666667,6.415272515,143.0,11.0,,,,,,,,59.97730231323458,1.7314836248546872,57.78575,59.96,62.125454545454545,143,11
46258,71,4.260833688333501,1.5748994642366694,2.6360360689855074,3.8450018347826087,6.415272515,143.0,11.0,,,,,,,,60.043259671094106,1.7244971372592248,57.9275,59.99375,62.12825,143,11
46258,72,4.237259959045639,1.5502889675877278,2.6186571266666667,3.822891826086957,6.415272515,143.0,11.0,,,,,,,,60.10365872855839,1.7057867052138014,57.9395,60.066875,62.157141304347824,143,11
46258,73,4.219563625576331,1.5531927867611415,2.589539671666666,3.791192888888889,6.415272515,143.0,11.0,,,,,,,,60.16744369359336,1.6902535903947207,58.0895,60.20875,62.1650537084399,143,11
46258,74,4.242163596209924,1.5780147612901627,2.589539671666666,3.8450018347826087,6.267087908333334,143.0,11.0,,,,,,,,60.258023277053354,1.6767585371825566,58.12325,60.30125,62.3315,143,11
46258,75,4.304659200813654,1.620288287912548,2.5924104066666662,3.8877954,6.644483927727271,143.0,11.0,,,,,,,,60.338818731598835,1.6618179416757406,58.13,60.361250000000005,62.48375,143,11
46258,76,4.342964055208607,1.5461917140047394,2.6360360689855074,4.082595275,6.644483927727271,143.0,11.0,,,,,,,,60.40965827249271,1.6402366159004766,58.13,60.42125000000001,62.48375,143,11
46258,77,4.435020996556939,1.5574036121118777,2.6865295041666664,4.135908925,6.619523446136367,144.0,11.0,,,,,,,,60.45348742268806,1.61996798613422,58.19019565217391,60.39125000000001,62.46875000000001,144,11
46258,78,4.4833336411259115,1.5547300818788152,2.687782602777778,4.163684218181818,6.767329016363636,145.0,11.0,,,,,,,,60.49311517059754,1.5999086410117538,58.301391304347824,60.361250000000005,62.45375,145,11
46258,79,4.4932109647820875,1.5476303275617438,2.704870311111111,4.172352346590909,6.755174995454546,146.0,11.0,,,,,,,,60.52414617151365,1.5713929625989715,58.32875,60.49250000000001,62.43875,146,11
46258,80,4.45047848951211,1.5354237308506737,2.6735101563043475,4.141376991666667,6.743020974545455,147.0,11.0,,,,,,,,60.55930943873526,1.5402731706317658,58.35609090909091,60.67625,62.52725,147,11
46258,81,4.4405098142936525,1.545317498252846,2.6758251693115938,4.132149629166667,6.730866953636364,148.0,11.0,,,,,,,,60.58833414127772,1.5168273341833998,58.40429545454546,60.666875000000005,62.576750000000004,148,11
46258,82,4.430922233319137,1.537404910966135,2.6559113026086956,4.141376991666667,6.461067573333342,149.0,11.0,,,,,,,,60.6141203367908,1.4860557607927496,58.4795,60.56375,62.64725,149,11
46258,83,4.431568624103546,1.5603819047289362,2.657765690434782,4.132149629166667,6.820934710833334,150.0,11.0,,,,,,,,60.622211985525915,1.4581077458007916,58.554500000000004,60.554375,62.646125000000005,150,11
46258,84,4.468735119972492,1.5917975334553185,2.657765690434782,4.140009975,7.036826214035088,150.0,11.0,,,,,,,,60.63739179321822,1.4441389584257265,58.69625,60.666875000000005,62.646125000000005,150,11
46258,85,4.505847019917706,1.603472302862963,2.708957492826087,4.2025509875000004,7.036826214035088,150.0,11.0,,,,,,,,60.646098150266965,1.42493337242583,58.76525,60.745625000000004,62.55725,150,11
46258,86,4.591212059673744,1.5938460559527723,2.9425717258333335,4.276711641666667,7.125095919166667,150.0,11.0,,,,,,,,60.65274380244089,1.4221588563648266,58.76525,60.775625000000005,62.55725,150,11
46258,87,4.604769827192262,1.5834312120241798,2.9425717258333335,4.323190208333333,7.125095919166667,150.0,11.0,,,,,,,,60.66430213577422,1.4389024743314058,58.75025,60.8,62.496875,150,11
46258,88,4.5696223097848545,1.5624739291831797,2.9425717258333335,4.2353593875,7.037031266535087,150.0,11.0,,,,,,,,60.69061880244089,1.449846076616863,58.75025,60.87875,62.496875,150,11
46258,89,4.51542960863268,1.5319493166422478,2.9425717258333335,4.181362229166666,6.9969956652631575,150.0,11.0,,,,,,,,60.71805793287567,1.4811193278436394,58.75025,60.91910326086956,62.527625,150,11
46258,90,4.413093156019155,1.4271669482033555,2.943163109130435,4.115403675,6.372348191666667,150.0,11.0,,,,,,,,60.758365541571315,1.5237078703116786,58.75025,60.93785326086956,62.745875,150,11
46258,91,4.3597886194635995,1.4245006662702955,2.9226727180072465,4.024838820833333,6.170849934999999,150.0,11.0,,,,,,,,60.824482932875675,1.5812501847103884,58.75025,60.95,62.778875000000006,150,11
46258,92,4.348668698333969,1.4076215092974778,2.8118849325000004,4.075076683333333,6.330517481666667,150.0,11.0,,,,,,,,60.89941626620901,1.6351002236745775,58.75025,60.991249999999994,62.778875000000006,150,11
46258,93,4.340083833667302,1.4263828744986924,2.8118849325000004,4.054229679166667,6.330517481666667,150.0,11.0,,,,,,,,60.96861626620899,1.6653833920626133,58.75025,61.078125,62.803625000000004,150,11
46258,94,4.337910673404018,1.4171713167990747,2.7946605225,4.093189654166666,6.170849934999999,150.0,11.0,,,,,,,,61.041653222730744,1.6961631130475463,58.554500000000004,61.155625,62.870374999999996,150,11
46258,95,4.394010719071659,1.450979837457469,2.900741015833333,4.115745429166667,6.360318444999998,150.0,11.0,,,,,,,,61.090215942029005,1.7302902307774655,58.497125000000004,61.20125,63.09125,150,11
46258,96,4.3892124905716585,1.4286833795821694,2.9059356791666664,4.115745429166667,6.170849934999999,150.0,11.0,,,,,,,,61.13007427536231,1.748613061716329,58.489625000000004,61.3025,63.092375000000004,150,11
46258,97,4.371514709776167,1.4006062588243153,2.9059356791666664,4.093189654166666,6.156838014166666,150.0,11.0,,,,,,,,61.18568695652173,1.7585260298924426,58.489625000000004,61.383125,63.110749999999996,150,11
46258,98,4.352730381868761,1.3525034730004044,2.9059356791666664,4.093189654166666,5.885895310833333,150.0,11.0,,,,,,,,61.25003695652175,1.7763704704182703,58.489625000000004,61.45119565217391,63.261125,150,11
46258,99,4.334924230331723,1.32192004095825,2.9059356791666664,4.077468962499999,5.801550382499999,150.0,11.0,,,,,,,,61.30315362318841,1.7791509748102845,58.55825,61.47687500000001,63.261125,150,11
46258,100,4.315412779749713,1.2611734979077132,2.921656370833333,4.077468962499999,5.801550382499999,150.0,11.0,,,,,,,,61.37286076604555,1.7659658538043177,58.568375,61.58,63.278,150,11
46258,101,4.277435576075672,1.2173581198914696,2.921656370833333,4.0672163375,5.781250184999999,150.0,11.0,,,,,,,,61.4488781573499,1.7303002231163234,58.99227173913043,61.628750000000004,63.34775,150,11
46258,102,4.26866560282366,1.1948862035072185,2.92991790634058,4.057988975,5.781250184999999,150.0,11.0,,,,,,,,61.53046583850931,1.6904820313437792,59.29625,61.698125,63.43175,150,11
46258,103,4.283711899601436,1.190934227063314,3.0146135041666664,4.057988975,5.797517683333333,150.0,11.0,,,,,,,,61.61124083850933,1.670007327091199,59.513000000000005,61.761875,63.466625,150,11
46258,104,4.296133392300309,1.1871974594987083,3.0989584325000004,4.057988975,5.8261566825,150.0,11.0,,,,,,,,61.69464047619047,1.6435991249478223,59.566625,61.900951086956525,63.54275,150,11
46258,105,4.3170049631433045,1.1940996841547082,3.1036062891666667,4.069994947463768,5.871815039166667,150.0,11.0,,,,,,,,61.79150786749483,1.6355715116613156,59.86025000000001,61.930625,63.54275,150,11
46258,106,4.328278293921082,1.1954582474937159,3.1036062891666667,4.069994947463768,5.871815039166667,150.0,11.0,,,,,,,,61.85686620082815,1.6176754478545734,59.909375000000004,61.964375000000004,63.669875000000005,150,11
46258,107,4.295662795161824,1.1819146539602114,3.1036062891666667,4.0272311,5.8261566825,150.0,11.0,,,,,,,,61.945757867494834,1.6106772416750268,59.93825,62.013124999999995,63.726875,150,11
46258,108,4.2904772452729345,1.1971215641530086,3.0872704399999997,4.055254941666666,5.871815039166667,150.0,11.0,,,,,,,,62.04315786749482,1.6234982197546521,60.20725,62.01875,63.792500000000004,150,11
46258,109,4.317412989638432,1.311433060189879,3.0872704399999997,3.998181995833333,6.156838014166666,150.0,11.0,,,,,,,,62.122599972757975,1.6334474843553133,60.217625,62.013124999999995,64.06400000000001,150,11
46258,110,4.2835626191569505,1.2514695279127623,3.0872704399999997,3.998181995833333,6.134077186666667,150.0,11.0,,,,,,,,62.220024972757976,1.6424615572260026,60.30125,62.028125,64.14874999999999,150,11
46258,111,4.3013429492680615,1.2591626814510226,3.0872704399999997,4.002966554166667,6.1042078725,150.0,11.0,,,,,,,,62.308591639424655,1.6151589848085879,60.61925,62.073125000000005,64.234625,150,11
46258,112,4.318727835137627,1.2992852284482017,3.0872704399999997,4.002966554166667,6.155197594166665,150.0,11.0,,,,,,,,62.39483729159857,1.5962534890704223,60.711875,62.12497282608696,64.704125,150,11
46258,113,4.308614949619107,1.3014149517346474,3.0872704399999997,3.9441848375,6.155197594166665,150.0,11.0,,,,,,,,62.504803958265235,1.5845489284953143,60.806000000000004,62.189375,64.74799999999999,150,11
46258,114,4.329083745841331,1.2720883303648116,3.1177549116666667,4.011510408333333,6.1042078725,150.0,11.0,,,,,,,,62.62211229159857,1.576075773202251,60.952625000000005,62.230625,65.02475,150,11
46258,115,4.335658662034452,1.2594695229558928,3.1177549116666667,4.0600395,5.970581993333332,150.0,11.0,,,,,,,,62.72322181540807,1.5922849858046193,61.061749999999996,62.316875,65.22975000000001,150,11
46258,116,4.334961445301085,1.2676394388632837,3.1075022866666666,4.0600395,5.970581993333332,150.0,11.0,,,,,,,,62.83617109077039,1.6151408997468384,61.16375,62.405625,65.34949999999999,150,11
46258,117,4.342507179182727,1.2733441691884644,3.1075022866666666,4.048078104166667,6.1042078725,150.0,11.0,,,,,,,,62.95355007627766,1.6338819176341002,61.218125,62.495000000000005,65.47287499999999,150,11
46258,118,4.3322013924234675,1.265047161544344,3.1075022866666666,4.031332149999999,6.1042078725,150.0,11.0,,,,,,,,63.06785840961098,1.6635101562080918,61.240625,62.6375,65.625125,150,11
46258,119,4.349102407224596,1.2644721359739732,3.1158410883333336,4.048078104166667,6.1042078725,150.0,11.0,,,,,,,,63.15310877192982,1.693834673228103,61.26387499999999,62.864375,65.625125,150,11
46258,120,4.360264659643274,1.2796137433213963,3.1296479566666666,4.031332149999999,6.1042078725,150.0,11.0,,,,,,,,63.21506710526315,1.7582187421427273,61.268375,62.946875,65.625125,150,11
46258,121,4.368406003346978,1.2855883677529698,3.1296479566666666,4.031332149999999,6.1042078725,150.0,11.0,,,,,,,,63.27994210526315,1.8385130761055217,61.367375,62.965625,65.65237499999999,150,11
46258,122,4.364172808402534,1.2752223080495784,3.1296479566666666,4.020396016666666,6.1042078725,150.0,11.0,,,,,,,,63.33989210526316,1.9264183645176531,61.367375,62.978750000000005,65.65237499999999,150,11
46258,123,4.317571210235866,1.2369266862338844,3.1414726508333333,3.9851953374999995,5.746322909166665,150.0,11.0,,,,,,,,63.404992105263155,1.9921669546701644,61.305875,63.01625,65.65237499999999,150,11
46258,124,4.265649306939614,1.122391371921644,3.1296479566666666,3.9875876166666666,5.6993658866666665,150.0,11.0,,,,,,,,63.46298876811595,2.038524345969774,61.26725,63.113749999999996,65.65237499999999,150,11
46258,125,4.214720341569243,1.0753727363552388,3.0771545166666665,3.9875876166666666,5.557469556666666,150.0,11.0,,,,,,,,63.51373876811594,2.0469070631290442,61.305875,63.185,65.65237499999999,150,11
46258,126,4.162186947700483,1.0310422560943582,3.0571277225,3.936780163888889,5.478319291666667,150.0,11.0,,,,,,,,63.58729130434783,2.0405310545276594,61.383874999999996,63.192499999999995,65.65237499999999,150,11
46258,127,4.121521239681965,0.9757999008049405,3.0397666108333334,3.9229960791666665,5.470185542499999,150.0,11.0,,,,,,,,63.65308297101449,2.0224192237904046,61.6385,63.231875,65.730125,150,11
46258,128,4.12687842610789,0.9757851317410464,3.0397666108333334,3.9535261180555556,5.466973053333333,150.0,11.0,,,,,,,,63.68905797101449,2.008972281630964,61.680875,63.310625,65.916875,150,11
46258,129,4.118211540441224,0.9651226311625445,3.0083252275,3.9535261180555556,5.368866823888888,150.0,11.0,,,,,,,,63.71092463768117,1.9849094918242136,61.72175,63.310625,66.09575,150,11
46258,130,4.1343976781690825,1.0000635930367616,3.0083252275,3.9535261180555556,5.368866823888888,150.0,11.0,,,,,,,,63.73555688405798,1.9504899077685556,61.853375,63.38,66.09575,150,11
46258,131,4.154947042523349,0.9964079339130789,2.9841290325,4.031332149999999,5.330430871944444,150.0,11.0,,,,,,,,63.77014565217391,1.917829236258716,62.0135,63.411874999999995,66.09575,150,11
46258,132,4.134815839982286,0.9766171517747145,2.9841290325,4.041926529166666,5.1845474099999995,150.0,11.0,,,,,,,,63.79604239130434,1.8873285331952607,62.055125,63.411874999999995,65.912375,150,11
46258,133,4.190055464574879,1.0509525990765722,2.9841290325,4.041926529166666,5.471552559166666,150.0,11.0,,,,,,,,63.78548405797102,1.8529603550692086,62.055125,63.4325,65.114,150,11
46258,134,4.235914317019324,1.1150104149974833,3.0083252275,4.133516645833334,5.491032546666666,150.0,11.0,,,,,,,,63.787150724637684,1.825592582557069,62.043125,63.445625,65.50737500000001,150,11
46258,135,4.264427192838896,1.1618408378163507,3.0083252275,4.203234495833334,5.503404047499999,150.0,11.0,,,,,,,,63.79132588932806,1.7546927121355458,62.0525,63.554375,65.51899999999999,150,11
46258,136,4.247883253357414,1.1409476699333942,3.0083252275,4.186830295833333,5.503404047499999,150.0,11.0,,,,,,,,63.78479255599473,1.6703409518439465,62.008624999999995,63.676249999999996,65.51899999999999,150,11
46258,137,4.235015069801858,1.11306329308635,3.044209415,4.163249258333334,5.491032546666666,150.0,11.0,,,,,,,,63.77014255599473,1.5652630462710364,62.008624999999995,63.709999999999994,65.51899999999999,150,11
46258,138,4.2172876372921975,1.1023981240212573,3.044209415,4.108910345833333,5.372102096666666,150.0,11.0,,,,,,,,63.76210451251648,1.4732811527827971,62.167625,63.681875000000005,65.54306818181819,150,11
46258,139,4.190543400071439,1.0955191583217214,3.0372376300000004,4.0856710624999995,5.231459855869565,150.0,11.0,,,,,,,,63.76599756258234,1.4099115036975083,62.1935,63.614374999999995,65.65366798418972,150,11
46258,140,4.173551382904772,1.0928413831279198,3.0430474508333334,4.025522329166667,5.231459855869565,150.0,11.0,,,,,,,,63.77583089591569,1.372920791754264,62.2355,63.644375,65.79398913043478,150,11
46258,141,4.135419674717977,1.0875825957519034,3.0300607925000005,3.9865623541666664,5.173902510652174,150.0,11.0,,,,,,,,63.779778359683796,1.36080818131157,62.176249999999996,63.663125,65.79398913043478,150,11
46258,142,4.100088369514272,1.0784330681923717,3.0393565058333336,3.9626395624999997,5.1621966875,150.0,11.0,,,,,,,,63.78938669301713,1.3907476686432187,62.13387499999999,63.681875000000005,65.8115,150,11
46258,143,4.078645953643902,1.0744828725887006,3.0393565058333336,3.9154774875,5.118793908333333,150.0,11.0,,,,,,,,63.81887002635046,1.4094898400138607,62.176249999999996,63.719375,65.891,150,11
46258,144,4.040657022753403,1.0740923108292184,3.0439360116666667,3.820128075,5.1017062,150.0,11.0,,,,,,,,63.86453705533598,1.4158124725244137,62.1935,63.736250000000005,65.911625,150,11
46258,145,3.9793368275794174,1.032467139142401,3.0441410641666664,3.7637386375000004,5.035747645833333,150.0,11.0,,,,,,,,63.92514268774704,1.4077740649646133,62.2355,63.805625,65.911625,150,11
46258,146,3.9381455115584836,1.0346026632824414,3.03969826,3.696754820833333,4.972659826666667,150.0,11.0,,,,,,,,63.99486696310935,1.4187564463382358,62.2355,63.91127717391305,65.924,150,11
46258,147,3.938784713422778,1.0415450719246657,3.0306075991666668,3.696754820833333,4.972659826666667,150.0,11.0,,,,,,,,64.0775134057971,1.443269595541993,62.263625000000005,63.950625,65.99825,150,11
46258,148,3.8669738090153705,0.9537080586109199,3.02329406,3.6208853958333336,4.891595738333333,150.0,11.0,,,,,,,,64.18248840579712,1.4616067420067562,62.351000000000006,64.18535326086956,66.132125,150,11
46258,149,3.7704305352931486,0.8158476222214007,3.017962695,3.571672795833333,4.709509118333333,150.0,11.0,,,,,,,,64.27360108695653,1.4607518509699218,62.378,64.26125,66.16325,150,11
46258,150,3.6796227099735765,0.631749332691812,3.0126996808333333,3.5245107208333337,4.529199619999999,150.0,11.0,,,,,,,,64.35940092226615,1.4509601136357893,62.46999999999999,64.330625,66.17675,150,11
46258,151,3.6444038039180215,0.5955756624590354,2.987956679166667,3.4917023208333333,4.510266439166666,150.0,11.0,,,,,,,,64.46355925559948,1.4289600029427407,62.532125,64.429375,66.29225000000001,150,11
46258,152,3.628467427399502,0.5992958346723422,2.9831721208333333,3.4917023208333333,4.504183215,150.0,11.0,,,,,,,,64.56890925559946,1.4033036271198855,62.561375,64.51375,66.329375,150,11
46258,153,3.639562781852804,0.6427517785671287,2.964649045,3.4917023208333333,4.5585904783333335,150.0,11.0,,,,,,,,64.66911505270092,1.3870522298316148,62.655499999999996,64.74,66.34625,150,11
46258,154,3.640197132819133,0.6591588825498009,2.9353948883333336,3.4917023208333333,4.567954542500001,150.0,11.0,,,,,,,,64.78189990118578,1.354468407450664,62.889125,64.83875,66.3515,150,11
46258,155,3.6332253478191343,0.6841626538343976,2.8971867725,3.4917023208333333,4.567954542500001,150.0,11.0,,,,,,,,64.92813323451911,1.3559659556733406,63.091625,64.92875,66.434375,150,11
46258,156,3.642133739763578,0.6999722696051236,2.8934958275000002,3.5053724875000003,4.614638161666666,150.0,11.0,,,,,,,,65.0797082345191,1.3438229801774622,63.43625,65.1275,66.48387500000001,150,11
46258,157,3.6474863694672814,0.6886163981449163,2.9029965933333335,3.5193844083333334,4.577660360833333,150.0,11.0,,,,,,,,65.24965823451909,1.3013639231705472,63.70175,65.22133152173913,66.86187500000001,150,11
46258,158,3.6511074447265415,0.6897278163119974,2.9029965933333335,3.5313458041666665,4.570893628333334,150.0,11.0,,,,,,,,65.41984156785244,1.302950233443928,63.78521195652174,65.335625,67.26575,150,11
46258,159,3.6543422552281513,0.6944796851263291,2.862122795,3.565862975,4.5585904783333335,150.0,11.0,,,,,,,,65.58400787220026,1.2935321399413462,63.82962500000001,65.51097826086956,67.377125,150,11
46258,160,3.6768704137298345,0.7079515198545839,2.862122795,3.590811029166667,4.598575715833333,150.0,11.0,,,,,,,,65.74474499341238,1.299304270268307,64.14575,65.795,67.524875,150,11
46258,161,3.7003694302298347,0.7195410234431351,2.862122795,3.611430197222222,4.598575715833333,150.0,11.0,,,,,,,,65.86890694993413,1.3148032202677145,64.244375,65.946875,67.92762499999999,150,11
46258,162,3.6998665337954906,0.7220800730329053,2.862122795,3.611430197222222,4.598575715833333,150.0,11.0,,,,,,,,65.97598876811593,1.314775063179707,64.32987499999999,65.988125,67.953125,150,11
46258,163,3.6893344298325284,0.723348560681226,2.862122795,3.6085822458333334,4.598575715833333,150.0,11.0,,,,,,,,66.08133043478261,1.3143933401828072,64.404125,66.06875,67.972625,150,11
46258,164,3.686778108665861,0.7275633246627842,2.848862733333333,3.6085822458333334,4.570278470833333,150.0,11.0,,,,,,,,66.19629275362318,1.2982477534838863,64.461125,66.17750000000001,68.0045,150,11
46258,165,3.708914665221416,0.7569658050193788,2.803751183333333,3.622366330555556,4.606436061666667,150.0,11.0,,,,,,,,66.3383927536232,1.2875214615987012,64.72025,66.3125,68.0315,150,11
46258,166,3.7260381369200704,0.7738659357647842,2.7944554699999995,3.611430197222222,4.734252119999999,150.0,11.0,,,,,,,,66.46478669301712,1.247959977529965,64.8005,66.4325,68.05025,150,11
46258,167,3.721727477697847,0.7614044716193246,2.803751183333333,3.6041394416666668,4.6708908975,150.0,11.0,,,,,,,,66.58667835968379,1.2338037429789777,64.97525,66.554375,68.14175,150,11
46258,168,3.705015401770312,0.735666344711165,2.7950706275,3.6041394416666668,4.639577300507246,150.0,11.0,,,,,,,,66.7305747364954,1.2580507956373754,65.15225000000001,66.69125,68.47824999999999,150,11
46258,169,3.6906951427332744,0.7362205209833106,2.7950706275,3.5744068291666666,4.639577300507246,150.0,11.0,,,,,,,,66.86853306982873,1.2851020204756305,65.358125,66.81125,68.61425,150,11
46258,170,3.681189129765261,0.735260059113591,2.7950706275,3.5412566749999996,4.639577300507246,150.0,11.0,,,,,,,,66.99588988801052,1.3169433161494248,65.51112499999999,66.905,68.864,150,11
46258,171,3.6695953095245204,0.7277251965388791,2.7713528883333334,3.5412566749999996,4.600899644166666,150.0,11.0,,,,,,,,67.14072322134388,1.343762392342224,65.6555,66.966875,69.00317045454545,150,11
46258,172,3.646173757302298,0.7384050998293085,2.739445476590909,3.5412566749999996,4.600899644166666,150.0,11.0,,,,,,,,67.28826488801054,1.4146380902612263,65.777,67.04375,69.226125,150,11
46258,173,3.6037734570245203,0.7344410856338063,2.7229604983333333,3.5128910791666668,4.553669218333333,150.0,11.0,,,,,,,,67.41243155467721,1.4701434834239047,65.820875,67.16375,69.51371195652173,150,11
46258,174,3.5657248264689647,0.7242307289329865,2.7229604983333333,3.4783739083333334,4.527217445833333,150.0,11.0,,,,,,,,67.54455655467721,1.540568950262548,65.871875,67.24625,69.71074999999999,150,11
46258,175,3.5266053661911867,0.7227236895372715,2.7118876633333335,3.463678479166667,4.4462900591666665,150.0,11.0,,,,,,,,67.66306488801055,1.5978976065744694,65.9315,67.28562500000001,69.90275,150,11
46258,176,3.486920872357854,0.7065590744391929,2.6806513325,3.4418062125000004,4.436925995,150.0,11.0,,,,,,,,67.78945655467722,1.6148275848483997,65.97425000000001,67.31375,70.009625,150,11
46258,177,3.464409145672669,0.6916785817369425,2.6798311225,3.432237095833333,4.419564883333333,150.0,11.0,,,,,,,,67.92421488801054,1.6400322300548429,65.982125,67.403125,70.30175,150,11
46258,178,3.4856829628208166,0.7092715335602595,2.6798311225,3.4418062125000004,4.436925995,150.0,11.0,,,,,,,,68.06977322134387,1.6687994512836029,66.044,67.6325,70.56725,150,11
46258,179,3.5188285602652605,0.733507098445556,2.6798311225,3.477006891666667,4.487413486630434,150.0,11.0,,,,,,,,68.24058952569169,1.699336742227221,66.227,67.90625,70.726625,150,11
46258,180,3.512016260543039,0.7006133497007911,2.6798311225,3.477006891666667,4.4462900591666665,150.0,11.0,,,,,,,,68.42849785902503,1.7417641885698203,66.37025000000001,68.13125,70.97824999999999,150,11
46258,181,3.4910696988999415,0.67559629794952,2.6806513325,3.463678479166667,4.355087263888889,150.0,11.0,,,,,,,,68.62677891963109,1.7810288843426507,66.604625,68.47062500000001,71.022875,150,11
46258,182,3.487483558511052,0.6702158248776803,2.6806513325,3.477006891666667,4.304803834166666,150.0,11.0,,,,,,,,68.82044558629777,1.8086997948679104,66.68975,68.70500000000001,71.31275,150,11
46258,183,3.4872390804579125,0.6591038581342652,2.6911773608333336,3.4831584666666666,4.29708019,150.0,11.0,,,,,,,,69.00301478919631,1.8338421796930853,66.784625,68.87375,71.42824999999999,150,11
46258,184,3.4798936442356907,0.6349950748268236,2.7071031050000003,3.4831584666666666,4.241169208333333,150.0,11.0,,,,,,,,69.19077312252966,1.8457184626775167,66.97025,68.99426136363635,71.53699999999999,150,11
46258,185,3.4664140314074077,0.6097116413250931,2.6913824133333337,3.4912466486111113,4.190726293333333,150.0,11.0,,,,,,,,69.36616630434784,1.8473660283726858,67.12137499999999,69.126875,71.81425,150,11
46258,186,3.462180638344605,0.6321538806548835,2.6825651558333328,3.4691465458333335,4.241169208333333,150.0,11.0,,,,,,,,69.52010869565217,1.8441859714791342,67.218125,69.305,72.074,150,11
46258,187,3.465058555338119,0.6321471415525638,2.708743525,3.431895341666667,4.296533383333333,151.0,11.0,,,,,,,,69.64656611204803,1.8469053882998099,67.24624999999999,69.38375,72.23625,151,11
46258,188,3.471762182965907,0.6258026946443455,2.716057064166667,3.440097441666667,4.290381808333334,152.0,11.0,,,,,,,,69.75833094965677,1.8182741310379629,67.344875,69.53872282608695,72.22475,152,11
46258,189,3.4774908757606102,0.6324873518961018,2.71653552,3.425743766666667,4.300907836666666,153.0,11.0,,,,,,,,69.89070296959363,1.799515446085281,67.61375,69.90875,72.39874999999999,153,11
46258,190,3.4759614802337224,0.6344876751524939,2.71079405,3.4250602583333336,4.281154445833334,154.0,11.0,,,,,,,,70.0101139892716,1.7744518420349278,67.722875,70.108125,72.40775,154,11
46258,191,3.4634328289813188,0.6268430797209271,2.7326663166666667,3.425743766666667,4.241169208333333,155.0,11.0,,,,,,,,70.11290357643759,1.8151168774995956,67.80799999999999,70.30624999999999,72.44149999999999,155,11
46258,192,3.4519440151737455,0.6510182120386269,2.699174408333333,3.4209592083333336,4.270901820833333,156.0,11.0,,,,,,,,70.23189938684504,1.8607064641327882,67.86500000000001,70.446875,72.47067934782609,156,11
46258,193,3.417453697030389,0.6562716762057478,2.5997922966666667,3.404555008333334,4.239118683333333,157.0,11.0,,,,,,,,70.35256404043203,1.9056943126223411,67.90174999999999,70.49374999999999,72.58475,157,11
46258,194,3.3828476789233046,0.6338330356391174,2.5881043041666665,3.3761894124999996,4.238093420833334,158.0,11.0,,,,,,,,70.4602380297193,1.953528609428934,67.9505,70.641875,72.706625,158,11
46258,195,3.3679754914005287,0.6381133534972278,2.5535871333333335,3.3744806416666666,4.212051753333333,159.0,11.0,,,,,,,,70.52912291495761,2.0104046126880597,67.95575,70.7075,72.9155,159,11
46258,196,3.3623052631111294,0.6490271014797997,2.5062200058333333,3.3802904624999996,4.209181018333333,160.0,11.0,,,,,,,,70.59747112771738,2.04523537861348,68.165375,70.878125,73.235375,160,11
46258,197,3.3526221423430136,0.6744379064024981,2.4852363,3.3519248666666663,4.251421833333334,161.0,11.0,,,,,,,,70.69161726978126,2.058907461567538,68.2025,70.95875,73.4975,161,11
46258,198,3.3525883038614723,0.7234507196102999,2.4732749041666664,3.342697504166667,4.365909479166667,162.0,11.0,,,,,,,,70.77974771873322,2.0663536026891567,68.220125,71.00428571428571,73.548875,162,11
46258,199,3.3569564505998817,0.7530199690980632,2.435613595,3.3218505,4.420066122777778,163.0,11.0,,,,,,,,70.85468024806616,2.0491227559486624,68.32175,71.03,73.544,163,11
46258,200,3.3489473385874153,0.7633530895723435,2.4138324627777776,3.312720781547619,4.415190430000001,164.0,11.0,,,,,,,,70.93888951484622,2.0492609717120507,68.539625,71.045,73.602875,164,11
46258,201,3.3351352219628345,0.7430170504897383,2.4358869983333333,3.310230858333333,4.364884216666667,165.0,11.0,,,,,,,,71.03528194993412,2.058086842394089,68.62625,71.04875,73.64375,165,11
46258,202,3.3281340451181967,0.7431763435939845,2.4358869983333333,3.294510166666667,4.3751368416666665,165.0,11.0,,,,,,,,71.13997783738,2.0625541042433544,68.83475,71.04875,73.74875,165,11
46258,203,3.315756767976909,0.7727389661531207,2.41387803,3.2781059666666668,4.410314737222222,165.0,11.0,,,,,,,,71.25937549407115,2.0754493671493446,68.96000000000001,71.135,73.85974999999999,165,11
46258,204,3.3004572279095687,0.7816189034988658,2.41387803,3.241880025,4.410314737222222,165.0,11.0,,,,,,,,71.33459519104083,2.119305361484249,69.005,71.1425,73.90474999999999,165,11
46258,205,3.284174151848924,0.7767715129191431,2.41387803,3.222058283333333,4.410314737222222,165.0,11.0,,,,,,,,71.4283906455863,2.18946377070378,69.14750000000001,71.2175,74.04875,165,11
46258,206,3.2908393937176106,0.7915432798086581,2.4226269366666666,3.196084966666667,4.449092443333333,165.0,11.0,,,,,,,,71.57053458498025,2.203037930716638,69.3875,71.2175,74.2385,165,11
46258,207,3.2919213000570924,0.7758833551647089,2.455161933333333,3.196084966666667,4.433508453333333,165.0,11.0,,,,,,,,71.70669696969696,2.2199238445893363,69.54725,71.255,74.52175,165,11
46258,208,3.3051689342995165,0.7684530919111421,2.455161933333333,3.196084966666667,4.449092443333333,165.0,11.0,,,,,,,,71.83109848484848,2.247718525203362,69.6035,71.255,74.591,165,11
46258,209,3.3050363751075973,0.7672978532467449,2.45898958,3.19471795,4.449092443333333,165.0,11.0,,,,,,,,71.93092424242425,2.2841237837167676,69.65668478260869,71.255,74.90825,165,11
46258,210,3.2976693139664763,0.7613242062082125,2.4668271422222223,3.1728456833333336,4.449092443333333,165.0,11.0,,,,,,,,72.04127404479578,2.3137822667454766,69.71965217391305,71.33,75.11749999999999,165,11
46258,211,3.294202783033231,0.7512175629201923,2.472523045,3.1502899083333333,4.433508453333333,165.0,11.0,,,,,,,,72.14272200263504,2.34314695976897,69.794,71.33749999999999,75.38926086956522,165,11
46258,212,3.284419758576343,0.7346102857955216,2.488927245,3.144821841666667,4.302274853333333,165.0,11.0,,,,,,,,72.18817852437417,2.4036282433330722,69.794,71.43875,75.82025,165,11
46258,213,3.2622506145527743,0.6868266636241201,2.5116197216666665,3.1502899083333333,4.184984823333333,165.0,11.0,,,,,,,,72.24931488801055,2.4527523005213707,69.794,71.56625,75.99819565217392,165,11
46258,214,3.2518129590140537,0.6503579567731785,2.534312198333333,3.1728456833333336,4.12073504,165.0,11.0,,,,,,,,72.33307246376812,2.4837722493367194,69.794,71.6375,75.99819565217392,165,11
46258,215,3.2594943260599196,0.6393396858767824,2.5539972383333334,3.1615677958333332,4.136797485833334,164.0,11.0,,,,,,,,72.40225713906983,2.5155362844563727,69.84125,71.62625,76.03597282608696,164,11
46258,216,3.269438859358074,0.6343401399358246,2.556184465,3.1615677958333332,4.1400783258333345,164.0,11.0,,,,,,,,72.45284696083344,2.527697863356598,69.84125,71.64125,76.03597282608696,164,11
46258,217,3.2730768867690747,0.6378269157368676,2.55577436,3.147555875,4.1400783258333345,164.0,11.0,,,,,,,,72.51909515928133,2.5217216697600513,69.873125,71.70125,76.03597282608696,164,11
46258,218,3.2840058322717547,0.6152084346336117,2.5580982883333334,3.1752379625,4.189290925833334,164.0,11.0,,,,,,,,72.57231986008424,2.5070641989572913,69.88625,71.894375,76.03597282608696,164,11
46258,219,3.298679395936772,0.6011522297936386,2.568487615,3.1916421625,4.145204638333333,164.0,11.0,,,,,,,,72.622472961887,2.469876054008533,69.921125,71.976875,76.03597282608696,164,11
46258,220,3.3209207788481367,0.5908518660031983,2.5884688419444446,3.215792790277778,4.142812359166667,164.0,11.0,,,,,,,,72.64430322434724,2.426180247392444,70.051625,71.99375,76.01660326086957,164,11
46258,221,3.317816827571652,0.555808517349744,2.5884688419444446,3.224792316666667,4.093121303333334,164.0,11.0,,,,,,,,72.65154567469911,2.3948896122087326,70.08425,72.046875,75.960875,164,11
46258,222,3.3169210503540234,0.5548859765233062,2.5884688419444446,3.21764519692029,4.104629098181818,164.0,11.0,,,,,,,,72.62829818120639,2.342529585950904,70.08425,72.18875,75.69200000000001,164,11
46258,223,3.3071967978941124,0.5422754096634392,2.6388206225,3.21764519692029,4.093121303333334,164.0,11.0,,,,,,,,72.57179098333366,2.2874691487385994,70.06175,72.21062500000001,75.64775,164,11
46258,224,3.2996040750070654,0.5405186334113928,2.6388206225,3.2165060163647343,4.093121303333334,164.0,11.0,,,,,,,,72.54145595747669,2.2146653398739415,70.014875,72.266875,75.49497500000001,164,11
46258,225,3.3158089658685093,0.5563439107108218,2.6736795475,3.224792316666667,4.1114206855303035,164.0,11.0,,,,,,,,72.50399117941276,2.1755660817044595,69.958625,72.321875,75.43325,164,11
46258,226,3.312541462616477,0.5588427059275513,2.663859811111111,3.21764519692029,4.1114206855303035,164.0,11.0,,,,,,,,72.45740428916886,2.131142443097809,69.90425,72.32374999999999,75.3275,164,11
46258,227,3.301912283304525,0.5531011178176687,2.663859811111111,3.2077937615942025,4.1114206855303035,164.0,11.0,,,,,,,,72.42397824576635,2.1079267787082085,69.90425,72.32374999999999,75.15517045454546,164,11
46258,228,3.3139376655776114,0.5515137180133736,2.685230838333333,3.1967684750000003,4.111837004242425,163.0,11.0,,,,,,,,72.35761661590575,2.1388406497772428,69.60095652173912,72.33874999999999,75.13454545454545,163,11
46258,229,3.3152379558520257,0.5599260253046928,2.6727909866666666,3.19993341576087,4.112253322954546,162.0,11.0,,,,,,,,72.30187178913904,2.1449037336613914,69.41149999999999,72.32374999999999,75.08411961722489,162,11
46258,230,3.3109165415994966,0.5633175889204018,2.6318260538888887,3.2063375916666668,4.111837004242425,163.0,11.0,,,,,,,,72.24182072246181,2.126294257122481,69.395,72.30875,75.06736842105263,163,11
46258,231,3.3156037236849185,0.6108904861983667,2.58858276,3.203098356521739,4.140869242619048,163.0,11.0,,,,,,,,72.20724300399932,2.135273980759614,69.28491304347826,72.2675,75.03845112781956,163,11
46258,232,3.3156612929238674,0.6189643119266233,2.58858276,3.203098356521739,4.140869242619048,163.0,11.0,,,,,,,,72.17401275472074,2.1358951131164843,69.27916304347825,72.235,74.97574117647059,163,11
46258,233,3.309724731036994,0.6182030274603576,2.574274652222222,3.203098356521739,4.104281130303031,163.0,11.0,,,,,,,,72.16185155935435,2.1293214046548803,69.27916304347825,72.23375,74.97574117647059,163,11
46258,234,3.3256371157502236,0.6337512876010475,2.547025453333333,3.242563533333333,4.140036605194806,163.0,11.0,,,,,,,,72.16203951856771,2.1009042054553255,69.372,72.23375,74.91496470588235,163,11
46258,235,3.3438571925940823,0.6626196644667507,2.547025453333333,3.250082125,4.159636428571429,163.0,11.0,,,,,,,,72.19587775421843,2.055939625545388,69.395,72.235,74.91496470588235,163,11
46258,236,3.3582380494769275,0.690568882361979,2.5609690233333335,3.242563533333333,4.220197659762847,163.0,11.0,,,,,,,,72.21789435258405,2.0029613252406917,69.428,72.2375,74.86801739130435,163,11
46258,237,3.3570746494217754,0.6904886382698823,2.585575323333333,3.253996763636364,4.220197659762847,163.0,11.0,,,,,,,,72.25508481549538,1.9637059021121497,69.56824999999999,72.30125,74.83311956521739,163,11
46258,238,3.351890657191522,0.6909848012636778,2.5609690233333335,3.242563533333333,4.147841027619048,163.0,11.0,,,,,,,,72.31525723490748,1.9228985045466274,69.61925,72.42125,74.83311956521739,163,11
46258,239,3.358265261118776,0.6864484287741893,2.5609690233333335,3.2610182583333334,4.13139777,163.0,11.0,,,,,,,,72.32502223024822,1.9044913240188939,69.61925,72.30125,74.83311956521739,163,11
46258,240,3.3553058052108513,0.678841742711087,2.5220546155555557,3.267169833333333,4.107064873333334,163.0,11.0,,,,,,,,72.31792757643576,1.8368983266087455,70.0706195652174,72.24125,74.80957142857143,163,11
46258,241,3.3872482578256227,0.6966514891641655,2.5609690233333335,3.304762791666666,4.107064873333334,163.0,11.0,,,,,,,,72.335316413459,1.7720467431043974,70.12299999999999,72.24125,74.76103571428571,163,11
46258,242,3.443560067135725,0.7425035854376054,2.585575323333333,3.34235575,4.145478041666667,163.0,11.0,,,,,,,,72.36052527868019,1.6710809180547306,70.24249999999999,72.23375,74.65775000000001,163,11
46258,243,3.4658103476116215,0.7633938559340315,2.6110701841666666,3.4018209749999997,4.17721363076087,164.0,11.0,,,,,,,,72.42272316271792,1.5536798709516377,70.4795,72.23375,74.652875,164,11
46258,244,3.500025611511687,0.7874648831811953,2.656410560869565,3.414807633333333,4.230270357272727,165.0,11.0,,,,,,,,72.44961289235061,1.4879423510373622,70.8185,72.23375,74.58274999999999,165,11
46258,245,3.5517597445266498,0.8011289188020431,2.6730643899999995,3.488626533333333,4.3204561749999995,165.0,11.0,,,,,,,,72.4542082729175,1.4269920856999012,70.9115,72.23375,74.4245,165,11
46258,246,3.598888903498715,0.799060689902738,2.702455248333333,3.599354883333333,4.372539509999999,165.0,11.0,,,,,,,,72.43568489040604,1.373026494532983,70.9115,72.23375,74.4035,165,11
46258,247,3.6350659999848816,0.7876504353841977,2.7524880583333333,3.632846791666666,4.404254296666666,165.0,11.0,,,,,,,,72.41354411306743,1.341366369506874,70.94094565217392,72.18875,74.35775,165,11
46258,248,3.6659273768177028,0.7726295447878079,2.791858138333333,3.638314858333333,4.503499706666666,165.0,11.0,,,,,,,,72.37744628698047,1.320400808453769,70.92875000000001,72.18875,74.2685,165,11
46258,249,3.673502025609707,0.7635737441040701,2.80921925,3.63763135,4.469050886666666,165.0,11.0,,,,,,,,72.32448722002636,1.3138942251560624,70.895,72.11375,74.072,165,11
46258,250,3.6677984436988993,0.7623797058010195,2.803751183333333,3.62942925,4.545603819999999,165.0,11.0,,,,,,,,72.2512969577195,1.289746397482636,70.80467391304347,72.08749999999999,73.92125,165,11
46258,251,3.658132609252259,0.7605511256564529,2.823436223333333,3.603931417391304,4.545603819999999,165.0,11.0,,,,,,,,72.15097679961673,1.3097160881907512,70.649,72.00875,73.79776086956521,165,11
46258,252,3.6587812247403275,0.762032879485353,2.840113826666667,3.599354883333333,4.5743111700000005,165.0,11.0,,,,,,,,72.0525716612768,1.3448745949620347,70.63024999999999,71.93375,73.64825,165,11
46258,253,3.66659704306348,0.7506526522786876,2.8554244133333335,3.5925198,4.5743111700000005,165.0,11.0,,,,,,,,71.96009636483411,1.3745036653308687,70.45474999999999,71.8325,73.52675,165,11
46258,254,3.6684366860809012,0.7566955620240692,2.8554244133333335,3.588874422222222,4.587571231666667,165.0,11.0,,,,,,,,71.90841415139538,1.3660929617903812,70.337,71.80624999999999,73.46300000000001,165,11
46258,255,3.6538136301505837,0.7568544723131971,2.8554244133333335,3.5426236916666665,4.5987807683333335,165.0,11.0,,,,,,,,71.88979755060487,1.3539512852079778,70.337,71.8325,73.35167391304348,165,11
46258,256,3.62939529043956,0.7431567127058437,2.8491361366666665,3.539027843478261,4.587571231666667,165.0,11.0,,,,,,,,71.85660888130315,1.349169903613428,70.31225,71.79875,73.35167391304348,165,11
46258,257,3.592087442433412,0.7102370789681065,2.8401138266666663,3.463336725,4.587571231666667,165.0,11.0,,,,,,,,71.81412963229128,1.3443560123269112,70.26875000000001,71.77624999999999,73.3145,165,11
46258,258,3.5780093047688877,0.7068875709572096,2.832048428333333,3.4503500666666667,4.5987807683333335,165.0,11.0,,,,,,,,71.73212274523894,1.2949361385380205,70.21775000000001,71.70125,73.27475,165,11
46258,259,3.553568703758787,0.7055585223927291,2.789807613333333,3.438730425,4.587571231666667,165.0,11.0,,,,,,,,71.63581351658881,1.2732543619282046,70.00325000000001,71.61125,73.25975000000001,165,11
46258,260,3.507699681238658,0.7174839039593922,2.7211833766666667,3.369696083333334,4.545603819999999,165.0,11.0,,,,,,,,71.57256252844653,1.29449173043361,69.7955,71.585,73.25975000000001,165,11
46258,261,3.4581375087649078,0.6953780719296568,2.69767069,3.3218505,4.469050886666666,165.0,11.0,,,,,,,,71.5077508144688,1.3081356241202942,69.64325000000001,71.5775,73.25450000000001,165,11
46258,262,3.4375707820382213,0.6999458666411613,2.675935125,3.316382433333333,4.356682116666666,165.0,11.0,,,,,,,,71.42010720445562,1.3124902731661958,69.551,71.57375,73.17875,165,11
46258,263,3.4470240840617503,0.7231505916939759,2.6751149150000004,3.316382433333333,4.4564743333333325,165.0,11.0,,,,,,,,71.33225482692538,1.3564174589199627,69.31527173913044,71.55125,73.133,165,11
46258,264,3.4529722575480624,0.7434341851511482,2.6729276883333335,3.3068133166666667,4.5924924916666665,165.0,11.0,,,,,,,,71.26551734339441,1.4238240509842335,69.10993478260869,71.55125,73.08125,165,11
46258,265,3.476115783675277,0.7703774069563882,2.6751149150000004,3.3068133166666667,4.708058891956521,165.0,11.0,,,,,,,,71.21346036052222,1.4571806986982752,69.04325,71.465,73.01225000000001,165,11
46258,266,3.5113984418168376,0.7671453033658789,2.675935125,3.362177491666667,4.708058891956521,165.0,11.0,,,,,,,,71.1695670798898,1.4638189367029388,69.04325,71.42136363636364,73.00775,165,11
46258,267,3.5408606227588666,0.7705917398365109,2.686597855,3.4011374666666665,4.708058891956521,165.0,11.0,,,,,,,,71.11564909570009,1.4636465124764297,69.04325,71.3225,72.983,165,11
46258,268,3.5444270783229483,0.7748238231090877,2.686597855,3.36696205,4.708058891956521,165.0,11.0,,,,,,,,71.06160157503894,1.467678970583222,69.04325,71.28875000000001,72.983,165,11
46258,269,3.530158730661818,0.7741740568648309,2.70915363,3.362177491666667,4.6981357094824014,165.0,11.0,,,,,,,,70.99995637800933,1.4930718129266158,69.00125,71.17999999999999,72.983,165,11
46258,270,3.5273426883356582,0.7771865577715331,2.70833342,3.36696205,4.635656486753246,165.0,11.0,,,,,,,,70.92082528446521,1.5418209386740884,68.90013636363636,71.03,72.99425,165,11
46258,271,3.531003807517477,0.8018206459904815,2.70833342,3.362177491666667,4.6981357094824014,165.0,11.0,,,,,,,,70.84114801173793,1.5756993198366225,68.82309090909091,70.84625,73.03025,165,11
46258,272,3.530542551959726,0.8209616687150557,2.70423237,3.362177491666667,4.708058891956521,165.0,11.0,,,,,,,,70.75548496825967,1.620409689126185,68.77563636363637,70.67,73.03025,165,11
46258,273,3.53448276083699,0.8321438967402903,2.6235783866666664,3.3662785416666665,4.779910476666665,165.0,11.0,,,,,,,,70.6755075135668,1.6793314356126163,68.74013438735177,70.57625,73.03025,165,11
46258,274,3.531315934026375,0.8349781667881838,2.6211177566666666,3.3662785416666665,4.791325065833335,164.0,11.0,,,,,,,,70.6000717223524,1.7216482923307308,68.53726086956522,70.386875,72.997625,164,11
46258,275,3.5321243506215065,0.8239101950690781,2.6124599844444445,3.3662785416666665,4.802739655000001,163.0,11.0,,,,,,,,70.51912772003936,1.7341175361216117,68.47625000000001,70.35125000000001,72.99425000000001,163,11
46258,276,3.534293507797913,0.8132516225694056,2.6179052675,3.3662785416666665,4.7093626522619045,162.0,11.0,,,,,,,,70.42554812732891,1.7423799220004286,68.1905,70.28,72.97475,162,11
46258,277,3.545704944911641,0.8266208922598327,2.655429875,3.362861,4.711422941666666,161.0,11.0,,,,,,,,70.31178127799826,1.7820240237148677,67.94375000000001,70.25750000000001,72.86,161,11
46258,278,3.5613660949249324,0.8670960545506973,2.6512604741666665,3.3030540208333337,4.826297908888888,160.0,11.0,,,,,,,,70.20426978517408,1.7755676047196347,67.833875,70.16749999999999,72.74525,160,11
46258,279,3.5502495733633195,0.8604488907241054,2.6470910733333333,3.340305225,4.735710271111113,159.0,11.0,,,,,,,,70.09642987679536,1.7476324453223746,67.76375,70.11125,72.67925000000001,159,11
46258,280,3.521334205585092,0.8392438979183019,2.6028680841666665,3.3515831125,4.641128991785716,158.0,11.0,,,,,,,,69.96884327072212,1.745433569751593,67.596125,70.03437500000001,72.5915,158,11
46258,281,3.49388624011912,0.8415964642950289,2.59924549,3.299294725,4.73804852057143,157.0,11.0,,,,,,,,69.83349539011324,1.7732747550734078,67.42625,69.82625,72.22775,157,11
46258,282,3.474796260892292,0.8589589204331841,2.5881043041666665,3.2429052875,4.7498556388095245,156.0,11.0,,,,,,,,69.68288958766473,1.8404535184786839,67.124375,69.6795108695652,72.04625,156,11
46258,283,3.4857165833322554,0.8802598990994653,2.5859854283333332,3.2247923166666665,4.815206847,155.0,11.0,,,,,,,,69.53149247726512,1.8804100671658743,66.86449999999999,69.61999999999999,71.97681578947369,155,11
46258,284,3.5187775822136365,0.8991629045445174,2.57463919,3.2999782333333334,4.849765028333334,154.0,11.0,,,,,,,,69.39756583327221,1.882785705368533,66.77039130434783,69.4725,71.91405263157895,154,11
46258,285,3.566093090944165,0.9190508425296918,2.5742290850000003,3.3054463,4.942858863333334,153.0,11.0,,,,,,,,69.2678786908975,1.8711410044465637,66.71525,69.3125,71.81824999999999,153,11
46258,286,3.6056467902350007,0.9487905589469605,2.57381898,3.341672241666666,4.970466656449275,152.0,11.0,,,,,,,,69.14032511171082,1.8498650161882682,66.604625,69.1875,71.685625,152,11
46258,287,3.656346469674922,0.9865460354558078,2.577509925,3.362861,5.021052216666667,151.0,11.0,,,,,,,,69.02904271250823,1.8252399476342254,66.59375,69.05375,71.27499999999999,151,11
46258,288,3.6834173925261657,0.9933102112131712,2.6362916416666664,3.4086560583333334,5.08612221,150.0,11.0,,,,,,,,68.90722177449553,1.7889910786208312,66.53975,68.96836956521739,71.226625,150,11
46258,289,3.7493498214854255,1.0085058606009394,2.6518072808333333,3.501954945833334,5.130711808181817,150.0,11.0,,,,,,,,68.80697510782886,1.7724251609476132,66.49024999999999,68.90375,71.18950000000001,150,11
46258,290,3.8052525576547365,0.9960738860099078,2.72391741,3.6119997875,5.130711808181817,150.0,11.0,,,,,,,,68.71091082211457,1.7455504430037907,66.46325,68.810625,71.122,150,11
46258,291,3.8304740151547367,0.9958815249398004,2.7515311466666668,3.6307962666666667,5.130711808181817,150.0,11.0,,,,,,,,68.62654415544792,1.762745607386295,66.3905,68.58125000000001,71.122,150,11
46258,292,3.8357318122046564,1.0321179399067901,2.72391741,3.639681875,5.130711808181817,150.0,11.0,,,,,,,,68.57611589457834,1.765360966379795,66.3755,68.38625,71.110625,150,11
46258,293,3.8178412528131216,0.9985456548589433,2.7459947291666666,3.639681875,5.130711808181817,150.0,11.0,,,,,,,,68.51511351362596,1.7654972024457634,66.291125,68.264375,71.105,150,11
46258,294,3.8245798164848397,0.9904448925250153,2.7459947291666666,3.639681875,5.130711808181817,150.0,11.0,,,,,,,,68.45286351362596,1.7555012912848114,66.191,68.19721590909091,71.02737499999999,150,11
46258,295,3.853418897181808,0.9975201975201833,2.7496173233333336,3.6954769574275357,5.1536714744696965,150.0,11.0,,,,,,,,68.38687260453506,1.7533900748933822,66.191,68.151875,70.88375,150,11
46258,296,3.873706527721575,1.0448303960670176,2.7496173233333336,3.7080327083333326,5.26656841,150.0,11.0,,,,,,,,68.32183734137716,1.7421928858704703,66.11,68.10125,70.8485,150,11
46258,297,3.864798535489605,1.0408637070223448,2.7454479225,3.7302467291666663,5.229522258333334,150.0,11.0,,,,,,,,68.26037111330699,1.7069927895616286,66.06039772727273,68.050625,70.61,150,11
46258,298,3.832871696140975,1.044247909362145,2.6520806841666666,3.7080327083333326,5.1536714744696965,150.0,11.0,,,,,,,,68.17706966403162,1.6820447301189407,65.9525,68.009375,70.484875,150,11
46258,299,3.817345593683455,1.0676113220337247,2.6387522716666667,3.683768162499999,5.243670880833333,150.0,11.0,,,,,,,,68.0829419025033,1.6539951005211644,65.87225000000001,67.979375,70.124,150,11
46258,300,3.7980285855486287,1.1446949158323583,2.4932333475,3.6655412736111104,5.26656841,150.0,11.0,,,,,,,,67.96299203820817,1.6249897001309932,65.76837499999999,67.9025,69.84537499999999,150,11
46258,301,3.739228564666877,1.1440556834022781,2.41305782,3.6539216319444447,5.243670880833333,150.0,11.0,,,,,,,,67.84137818972333,1.6140180999201459,65.50475,67.85823369565217,69.73325,150,11
46258,302,3.6879435806081013,1.127291595426108,2.41305782,3.60482295,5.129183234999999,150.0,11.0,,,,,,,,67.71065916073782,1.6070871801020163,65.456375,67.698125,69.6431590909091,150,11
46258,303,3.6726472771943643,1.1172758570383714,2.41305782,3.5802166499999997,4.9879676793,150.0,11.0,,,,,,,,67.58157979710145,1.5860545093446858,65.378075,67.62312499999999,69.55749999999999,150,11
46258,304,3.6587911822403476,1.1278750800188662,2.3912083369444446,3.60482295,4.952698649299999,150.0,11.0,,,,,,,,67.43327787402453,1.5978739763425296,65.29962499999999,67.52,69.460625,150,11
46258,305,3.694444799595902,1.2424968270804486,2.321946159166667,3.56381245,5.284476328333332,150.0,11.0,,,,,,,,67.26121120735787,1.6141592817396426,65.036,67.39812500000001,69.408125,150,11
46258,306,3.7167029518862558,1.3180959889321178,2.274032225,3.5856847166666665,5.446467803333334,149.0,11.0,,,,,,,,67.10324114834684,1.5969199323925065,64.92875,67.32846153846154,69.37775,149,11
46258,307,3.711291928513115,1.3158918261744494,2.263096091666667,3.5802166499999997,5.497389174166668,148.0,11.0,,,,,,,,66.93841507502486,1.5704511499426312,64.83125000000001,67.22375,69.17252,148,11
46258,308,3.7027369229436653,1.35542145224651,2.2562610083333334,3.525535983333333,5.579478525000001,147.0,11.0,,,,,,,,66.75029204832434,1.563207383197393,64.59049999999999,66.78500000000001,69.003,147,11
46258,309,3.6763996242994432,1.370480585023847,2.198504554166667,3.393618875,5.585288345833334,146.0,11.0,,,,,,,,66.58361596646355,1.5398943535144771,64.488125,66.64125,68.575625,146,11
46258,310,3.6443975419574466,1.3719618058561927,2.1790026944000003,3.3724301166666666,5.591098166666666,145.0,11.0,,,,,,,,66.43243400761158,1.5305759410340658,64.41125,66.32000000000001,68.396,145,11
46258,311,3.6482182023451912,1.345645262077689,2.1951553633333334,3.39156835,5.591098166666666,145.0,11.0,,,,,,,,66.25853583827521,1.5227487732132967,64.31657,66.13250000000001,68.11625000000001,145,11
46258,312,3.6807641979965324,1.3440208192543897,2.242590841666667,3.3956694,5.648376165,145.0,11.0,,,,,,,,66.09607032103382,1.5168525254444012,64.205,65.9975,67.93475,145,11
46258,313,3.7548360746440426,1.4071244790555666,2.3100758977777778,3.520751425,5.678860636666667,145.0,11.0,,,,,,,,65.94337204517174,1.532285291606102,64.0175,65.94875,67.80416,145,11
46258,314,3.7788831644018632,1.409027957000528,2.3436133733333335,3.520751425,5.717273804999999,145.0,11.0,,,,,,,,65.7777695114386,1.5204380841240384,63.959,65.7248,67.64075,145,11
46258,315,3.7771541376743936,1.3579091635472251,2.42290034,3.4441984916666666,5.717273804999999,145.0,11.0,,,,,,,,65.61167846196335,1.504278166479909,63.929,65.51,67.5977,145,11
46258,316,3.7850277765663476,1.3362892378857187,2.5407371766666667,3.430528325,5.678860636666667,145.0,11.0,,,,,,,,65.4492343240323,1.4788573852968914,63.843500000000006,65.38250000000001,67.562,145,11
46258,317,3.8150738601295657,1.3644105564601765,2.5237861699999997,3.520751425,5.717273804999999,145.0,11.0,,,,,,,,65.29370191023922,1.4711378469910656,63.73175,65.24,67.49900000000001,145,11
46258,318,3.8082120021249684,1.374442347161018,2.5237861699999997,3.430528325,5.717273804999999,145.0,11.0,,,,,,,,65.16073777230817,1.4540412469550417,63.68,65.13125,67.31357692307692,145,11
46258,319,3.764752514127208,1.3775334324053647,2.509295793333333,3.3724301166666666,5.717273804999999,145.0,11.0,,,,,,,,65.04719665824982,1.4476693166513501,63.48275,65.05624999999999,67.16825,145,11
46258,320,3.6898286875524953,1.2889750385871954,2.485919808333333,3.3724301166666666,5.365130311666666,145.0,11.0,,,,,,,,64.93604148583603,1.4742173456549963,63.37925,65.01125,67.0025,145,11
46258,321,3.67023930692999,1.208194488333868,2.510526108333333,3.4110483375,5.251052770833333,146.0,11.0,,,,,,,,64.81496414689195,1.4901200634419989,63.12026315789474,64.8425,66.53375,146,11
46258,322,3.6759691212819403,1.169214411225502,2.557004675,3.4332623583333333,5.158027286666667,147.0,11.0,,,,,,,,64.6905341186818,1.503812474199931,62.888,64.77499999999999,66.32225000000001,147,11
46258,323,3.6709162873543595,1.155790880998709,2.571016595833333,3.4318953416666664,5.1528326233333335,148.0,11.0,,,,,,,,64.58694098274476,1.574402321472574,62.49275,64.7075,66.262625,148,11
46258,324,3.7002386614681826,1.15357576187882,2.5928205116666665,3.4934110916666667,5.147637960000001,149.0,11.0,,,,,,,,64.47262462949027,1.5896345560024507,62.0645,64.60625,66.08075000000001,149,11
46258,325,3.771192460104692,1.2386101004488939,2.5954178433333333,3.5104987999999997,5.316327816666667,150.0,11.0,,,,,,,,64.34000713196035,1.5830139884983354,61.597625,64.52375,66.03431521739131,150,11
46258,326,3.801957088507649,1.2858366131427776,2.5717001041666667,3.5258777375,5.376681602499999,150.0,11.0,,,,,,,,64.22890036231884,1.586279564510041,61.578500000000005,64.42125,65.9555,150,11
46258,327,3.8403398786928338,1.4430021980382068,2.512371580833333,3.496828633333333,5.701211359166664,150.0,11.0,,,,,,,,64.11578369565215,1.5685144256966725,61.4945,64.330625,65.857625,150,11
46258,328,3.824247054711353,1.434332027501567,2.473411605833333,3.461969708333333,5.861152309166665,150.0,11.0,,,,,,,,64.01756702898551,1.5434753398627286,61.464125,64.259375,65.744375,150,11
46258,329,3.838087372027374,1.4323901260177347,2.512371580833333,3.4893100416666663,5.861152309166665,150.0,11.0,,,,,,,,63.92872427536233,1.5236199996881157,61.464125,64.169375,65.69825,150,11
46258,330,3.8448548639810785,1.418149510886126,2.512371580833333,3.507764766666667,5.834495484166666,150.0,11.0,,,,,,,,63.851832608695645,1.5187377853525907,61.464125,64.09812500000001,65.69825,150,11
46258,331,3.85621705084219,1.4223633226001953,2.473411605833333,3.5566356125,5.834495484166666,150.0,11.0,,,,,,,,63.764936775362315,1.5091256469664447,61.48437500000001,63.980000000000004,65.6435,150,11
46258,332,3.836980847981078,1.3783200749780153,2.4678751883333336,3.5374973791666666,5.759286783888888,150.0,11.0,,,,,,,,63.682486775362314,1.4890704068232534,61.496375,63.951875,65.495125,150,11
46258,333,3.8538938819625614,1.3850288766020311,2.4678751883333336,3.5374973791666666,5.834495484166666,150.0,11.0,,,,,,,,63.577461775362316,1.4581245552815025,61.496375,63.891875,65.276,150,11
46258,334,3.866743079175523,1.3714854914574786,2.5665737916666664,3.560167072222222,5.802347808888889,150.0,11.0,,,,,,,,63.4628617753623,1.4217979269704282,61.48437500000001,63.831875,65.070125,150,11
46258,335,3.863544260175523,1.3826194965004655,2.5404637733333333,3.507764766666667,5.834495484166666,150.0,11.0,,,,,,,,63.35112010869565,1.3776805956407199,61.464125,63.5825,64.950125,150,11
46258,336,3.845744943721819,1.3939774458204393,2.508475583333333,3.4824749583333334,5.834495484166666,150.0,11.0,,,,,,,,63.26394510869565,1.343674215165402,61.464125,63.425000000000004,64.91675000000001,150,11
46258,337,3.8254044951755235,1.410723882179193,2.433084614166667,3.466127717361111,5.834495484166666,150.0,11.0,,,,,,,,63.18802010869566,1.3207559550713754,61.464125,63.25339673913043,64.86574999999999,150,11
46258,338,3.829057467490338,1.3987170079816846,2.433084614166667,3.481848409027778,5.802347808888889,150.0,11.0,,,,,,,,63.11232427536231,1.2846288493113875,61.464125,62.993750000000006,64.67375,150,11
46258,339,3.8460004173437996,1.4030752620510738,2.4672600308333337,3.473646309027778,5.834495484166666,150.0,11.0,,,,,,,,63.01501557971014,1.2676943853646623,61.419500000000006,62.980625,64.607375,150,11
46258,340,3.794598312316022,1.3210856124457697,2.5063567075,3.466127717361111,5.671683799166666,150.0,11.0,,,,,,,,62.92411557971015,1.2801806492843788,61.2905,62.96625,64.53875000000001,150,11
46258,341,3.7772318844734296,1.3530863347640791,2.433084614166667,3.466127717361111,5.554598821666667,150.0,11.0,,,,,,,,62.834173913043486,1.289557468986825,61.25375,62.905625,64.40075,150,11
46258,342,3.764404711417874,1.2767578507989172,2.40813656,3.473646309027778,5.543936091666667,150.0,11.0,,,,,,,,62.74189057971015,1.3348845321154417,60.702875,62.82875,64.2575,150,11
46258,343,3.762982254630837,1.2573995922959385,2.3449120391666667,3.500246175,5.439837772499999,150.0,11.0,,,,,,,,62.64812391304349,1.3709683278486586,60.570125000000004,62.725624999999994,64.232375,150,11
46258,344,3.761033463407407,1.258871300680488,2.2869505325,3.500929683333333,5.439837772499999,150.0,11.0,,,,,,,,62.548629166666665,1.4010278834202214,60.387125000000005,62.633125,64.22787500000001,150,11
46258,345,3.7954397540000007,1.3485153511334675,2.278064924166667,3.496828633333333,5.543936091666667,150.0,11.0,,,,,,,,62.45297083333333,1.4316378499441673,60.375125,62.616875,64.187,150,11
46258,346,3.829125323027778,1.390307001646162,2.2572179199999995,3.500929683333333,5.66355005,150.0,11.0,,,,,,,,62.36270833333333,1.4646318742930564,60.129124999999995,62.605625,64.169,150,11
46258,347,3.8335005358148146,1.4100566239795294,2.2398568083333332,3.5132328333333334,5.800935225,150.0,11.0,,,,,,,,62.25705416666666,1.499492241970037,59.83625,62.51375,64.166375,150,11
46258,348,3.8210027289538235,1.4036242239838983,2.2398568083333332,3.5231437041666664,5.66355005,150.0,11.0,,,,,,,,62.15655741341993,1.52715251970975,59.766875,62.35187500000001,64.09775,150,11
46258,349,3.7968072934075265,1.39252163580369,2.2398568083333332,3.5231437041666664,5.565466604166667,150.0,11.0,,,,,,,,62.080107413419924,1.5481076630044368,59.741,62.283750000000005,64.0895,150,11
46258,350,3.8213581532871572,1.4114476661924813,2.2588583399999997,3.5386365597222222,5.565466604166667,150.0,11.0,,,,,,,,62.004386580086575,1.5702233427732857,59.741,62.22125,64.0895,150,11
46258,351,3.9065825290093796,1.4633892787960598,2.255987605,3.7121337583333327,5.837707973333333,150.0,11.0,,,,,,,,61.93236158008658,1.5929789023264023,59.693000000000005,62.118125000000006,64.0895,150,11
46258,352,4.04940159525938,1.6190464637631123,2.255987605,3.8067996625,6.178983684166665,150.0,11.0,,,,,,,,61.84260324675324,1.623452983188995,59.60900000000001,61.975625,63.9858125,150,11
46258,353,4.178345475362439,1.7018747147556677,2.2588583399999997,3.872758216666667,6.521341616527777,150.0,11.0,,,,,,,,61.76974255834745,1.6302264729016336,59.58350000000001,61.676875,63.92335795454546,150,11
46258,354,4.240658651751328,1.7148746120852028,2.2588583399999997,3.97391745,6.594545359027778,150.0,11.0,,,,,,,,61.69480922501412,1.6522778887159983,59.53175,61.544375,63.91635227272727,150,11
46258,355,4.327998865492069,1.7554280142173007,2.2588583399999997,4.071659141666666,6.617625157083332,150.0,11.0,,,,,,,,61.62567589168078,1.648434956520242,59.58350000000001,61.443124999999995,63.88249999999999,150,11
46258,356,4.367786645029105,1.767440919928904,2.2645314591666668,4.078949897222222,6.929270781666665,150.0,11.0,,,,,,,,61.56974255834745,1.6406833844766036,59.58350000000001,61.27312500000001,63.88249999999999,150,11
46258,357,4.383742007890217,1.7835495534718864,2.305747011666667,4.078949897222222,6.965565074166666,150.0,11.0,,,,,,,,61.52306755834744,1.6194140589689414,59.645,61.220937500000005,63.824,150,11
46258,358,4.423398401936513,1.8099694545891896,2.3717739166666667,4.078949897222222,6.996117896666667,150.0,11.0,,,,,,,,61.470167558347455,1.5856903340898632,59.652125000000005,61.09598214285714,63.752,150,11
46258,359,4.466189816211571,1.8329590909889457,2.383393558333333,4.0814560944444445,6.998988631666667,143.0,11.0,,,,,,,,61.404437124140685,1.5739193732430639,59.6495,60.9875,63.712250000000004,143,11
46258,360,4.5104576384208075,1.844183195107498,2.3810012791666666,4.130440858333333,6.996049545833333,142.0,11.0,,,,,,,,61.32225006163463,1.5435644840212275,59.615,60.899375000000006,63.62075,142,11
46258,361,4.515979500485815,1.8421251337221167,2.402531791666666,4.118137708333333,6.999808841666667,141.0,11.0,,,,,,,,61.232151814262004,1.514672137719886,59.588750000000005,60.84125,63.5675,141,11
46258,362,4.5682482746135635,1.8598529598910836,2.400412915833333,4.225790270833333,7.001175858333333,140.0,11.0,,,,,,,,61.16571263890932,1.5008313310727484,59.58350000000001,60.82843749999999,63.5495,140,11
46258,363,4.632136216617049,1.8979964249642725,2.4119642066666667,4.3635172,7.091535660000001,139.0,11.0,,,,,,,,61.10108296715337,1.4942240544315828,59.483,60.78125,63.53675,139,11
46258,364,4.761244998983838,1.9110702573011225,2.4365249394444444,4.624275629166666,7.420781624166667,138.0,11.0,,,,,,,,61.02119045242258,1.480307939226675,59.4005,60.629374999999996,63.475812499999996,138,11
46258,365,4.872938201622406,1.9309636721796386,2.446025705277778,4.742180816666667,7.426454743333333,137.0,11.0,,,,,,,,60.96314713455705,1.4648029843443386,59.39,60.59375,63.38075,137,11
46258,366,4.881777589103699,1.957238831575871,2.4589044765114383,4.7561927375,7.4321278625,136.0,11.0,,,,,,,,60.892821010546456,1.4287084399969294,59.38625,60.513125,63.230000000000004,136,11
LJAC1,191,,,,,,,,5.364049620952381,1.745825305671822,3.750315306666667,5.340006171428572,6.944476391111111,5.0,1.0,71.99004217687074,1.0990071944845505,70.84122653061225,72.08825,72.96713333333334,5,1
LJAC1,192,,,,,,,,5.177228855555556,1.6271867712835004,3.5292266476190477,5.246401019047619,6.756058899999999,6.0,1.0,72.39845351473923,1.402516444188864,70.9740637755102,72.49704166666666,73.72425510204081,6,1
LJAC1,193,,,,,,,,4.948114142857143,1.6043385505842647,3.2701868266666665,5.152795866666667,6.567641408888889,7.0,1.0,72.58075607385811,1.3681556471929188,71.10690102040816,72.90583333333333,73.9809469387755,7,1
LJAC1,194,,,,,,,,4.635855916666667,1.7280750768854172,2.7057442866666666,4.697960447619048,6.379223917777777,8.0,1.0,72.58950531462585,1.2669077092139351,71.23973826530612,72.77829166666666,73.90435306122448,8,1
LJAC1,195,,,,,,,,4.657476637037038,1.6177670219711724,2.74227228,4.8304424,6.190806426666667,9.0,1.0,72.69028647014362,1.223043262715979,71.37257551020409,72.90583333333333,73.82775918367346,9,1
LJAC1,196,,,,,,,,4.867699333333334,1.6638236913289501,2.7788002733333332,4.991619133333334,6.853547875555554,10.0,1.0,72.60908282312926,1.1813429968452833,71.50541275510204,72.77829166666666,73.75116530612245,10,1
LJAC1,197,,,,,,,,4.751584345454546,1.6247424235107992,2.8153282666666666,4.8304424,6.759703599999999,11.0,1.0,72.41813373531231,1.287280561530862,70.50864285714286,72.65075,73.67457142857143,11,1
LJAC1,198,,,,,,,,4.748470397222223,1.5491686740862547,2.8911380266666664,4.772329683333333,6.665130384444444,12.0,1.0,72.33551842403628,1.2602976082766788,70.60045357142857,72.3695,73.65676785714285,12,1
LJAC1,199,,,,,,,,4.84088697985348,1.5201844199726027,2.9669477866666667,4.8304424,6.597740074285714,13.0,1.0,72.41791444270015,1.2426769117113565,70.69226428571429,72.65075,73.63896428571428,13,1
LJAC1,200,,,,,,,,4.783734867006804,1.4761177328812958,3.0427575466666665,4.772329683333333,6.516758311428572,14.0,1.0,72.50718841107872,1.2397723743641849,70.784075,72.77829166666666,73.672525,14,1
LJAC1,201,,,,,,,,4.730085874761906,1.4375184797498772,3.1185673066666664,4.714216966666666,6.435776548571428,15.0,1.0,72.55485918367346,1.2088568259968897,70.87588571428572,72.90583333333333,73.67184285714285,15,1
LJAC1,202,,,,,,,,4.683671980864198,1.4276244114278054,3.1185673066666664,4.643797762962963,6.435776548571428,15.0,1.0,72.77335702947845,1.0612880601599963,71.51135,73.00800000000001,73.67184285714285,15,1
LJAC1,203,,,,,,,,4.69901443229277,1.4342473841642382,3.1185673066666664,4.643797762962963,6.435776548571428,15.0,1.0,72.82349274376416,1.0208268591609715,71.60735,73.00800000000001,73.67184285714285,15,1
LJAC1,204,,,,,,,,4.767396803650794,1.3605823660788927,3.5802293066666664,4.643797762962963,6.435776548571428,15.0,1.0,72.92821774376416,1.0205885613007566,71.60735,73.22225,73.67184285714285,15,1
LJAC1,205,,,,,,,,4.4699892836507935,1.144631303372092,3.37159048,4.243125028571429,5.895520160634921,15.0,1.0,72.98045663265306,1.0392443469080133,71.60735,73.40666666666667,73.68347857142858,15,1
LJAC1,206,,,,,,,,4.243189951798942,1.195230717761806,2.7648424222222228,4.0407574,5.723104638095238,15.0,1.0,73.00859710884355,1.0457380177368334,71.60735,73.43010714285714,73.68347857142858,15,1
LJAC1,207,,,,,,,,4.233856434338624,1.1957777742516789,2.7648424222222228,4.0407574,5.723104638095238,15.0,1.0,73.02849246031747,1.0772891807619784,71.60735,73.43010714285714,73.68347857142858,15,1
LJAC1,208,,,,,,,,4.203873473703704,1.2189344899738626,2.719501582857143,4.0407574,5.723104638095238,15.0,1.0,73.07228769841271,1.1180137993611559,71.60735,73.43010714285714,74.07466666666666,15,1
LJAC1,209,,,,,,,,4.333316247671958,1.1183297175115008,3.1690222965079364,4.1031222666666665,5.723104638095238,15.0,1.0,73.20118769841271,1.1759031725840605,71.60735,73.49653571428571,74.48315,15,1
LJAC1,210,,,,,,,,4.2800346333509705,1.1119739164024285,3.1690222965079364,4.0407574,5.723104638095238,15.0,1.0,73.33165198412698,1.3117284699369252,71.60735,73.58734523809524,74.67706428571428,15,1
LJAC1,211,,,,,,,,4.066809612751323,0.8862686972378236,3.1690222965079364,4.031218185185185,5.115446369523809,15.0,1.0,73.49120198412699,1.2671096477467108,71.81216428571429,73.659125,74.67706428571428,15,1
LJAC1,212,,,,,,,,4.093791963227513,0.8768404781280231,3.1690222965079364,4.031218185185185,5.115446369523809,15.0,1.0,73.55117103174604,1.1297066409214243,71.81216428571429,73.659125,74.67706428571428,15,1
LJAC1,213,,,,,,,,4.0540242365608465,0.860058615786663,3.1690222965079364,4.031218185185185,5.087278688042328,15.0,1.0,73.40417103174603,1.506507457512895,71.80102142857142,73.659125,74.67706428571428,15,1
LJAC1,214,,,,,,,,3.895389579700177,0.6875406823442335,3.1690222965079364,3.995169723809524,4.542954634920635,15.0,1.0,72.91447658730158,2.421560585803764,70.09632142857143,73.659125,74.67706428571428,15,1
LJAC1,215,,,,,,,,3.8892280868606703,0.6865583220217998,3.1690222965079364,3.978999983333333,4.542954634920635,15.0,1.0,72.58751944444445,2.6343329338832406,68.94673571428572,73.58734523809524,74.67706428571428,15,1
LJAC1,216,,,,,,,,3.8454901869841276,0.7011730173131407,3.1690222965079364,3.948335007407408,4.542954634920635,15.0,1.0,72.26041944444445,2.846001647047005,68.49480714285714,73.58734523809524,74.67706428571428,15,1
LJAC1,217,,,,,,,,3.799078007231041,0.6667529822985245,3.1690222965079364,3.947615066666667,4.2820943923809525,15.0,1.0,71.86944087301589,3.046469382868224,67.9599,73.43010714285714,74.67706428571428,15,1
LJAC1,218,,,,,,,,3.7239084802469136,0.5236343861157121,3.1690222965079364,3.947615066666667,4.200314266666667,15.0,1.0,71.66600515873016,3.110420107235554,67.9599,73.43010714285714,74.67706428571428,15,1
LJAC1,219,,,,,,,,3.7459686644444448,0.5357526421285771,3.1690222965079364,3.948335007407408,4.22202048,15.0,1.0,71.38498015873016,3.1079075521550963,67.9599,71.40817857142856,74.67706428571428,15,1
LJAC1,220,,,,,,,,3.887964119470899,0.6592532182496739,3.203381468359788,3.995169723809524,4.337169859047619,15.0,1.0,70.95325714285715,3.212939271543982,67.41720952380952,69.44375000000001,74.67706428571428,15,1
LJAC1,221,,,,,,,,4.058482083915343,0.5757107133863323,3.4182902075132273,4.031218185185185,4.7385265371428575,15.0,1.0,70.46714999999999,3.3596800526235997,66.56852857142857,69.33875,74.67706428571428,15,1
LJAC1,222,,,,,,,,4.048330919470899,0.576209581869953,3.4182902075132273,3.995169723809524,4.7385265371428575,15.0,1.0,69.81929444444445,3.413625402082062,66.09215,69.22175,74.48315,15,1
LJAC1,223,,,,,,,,4.059091462328042,0.5589574859675236,3.4182902075132273,3.995169723809524,4.7385265371428575,15.0,1.0,69.18462301587303,3.3997514792913917,65.43716428571429,68.76339285714286,74.45915,15,1
LJAC1,224,,,,,,,,3.9529207728042324,0.6370617547565735,3.300226354074074,3.9508548,4.684006453333334,15.0,1.0,68.34710158730158,3.5198426570422416,64.8953,68.31575,73.12617142857142,15,1
LJAC1,225,,,,,,,,3.7821054042680773,0.9026940787601492,2.9935136,3.948335007407408,4.684006453333334,15.0,1.0,67.71494444444446,2.9592474225856096,64.8953,67.72266666666667,70.62240714285714,15,1
LJAC1,226,,,,,,,,3.6833981004232808,1.0038433105680107,2.36808308,3.948335007407408,4.684006453333334,15.0,1.0,67.11654444444444,2.3918624927595746,64.8953,67.21357142857143,69.40175,15,1
LJAC1,227,,,,,,,,3.446673871216931,1.3000483045689337,1.7136800876190477,3.947615066666667,4.684006453333334,15.0,1.0,66.80053253968255,2.076728236558292,64.8953,66.66799999999999,69.29195,15,1
LJAC1,228,,,,,,,,3.2850111778835975,1.360033349244518,1.558496860952381,3.570366118518519,4.684006453333334,15.0,1.0,66.71703253968255,1.9960358055971839,64.8953,66.66799999999999,69.10860714285715,15,1
LJAC1,229,,,,,,,,3.2046537922045855,1.3774664534459646,1.558496860952381,3.322931485185185,4.684006453333334,15.0,1.0,66.90293253968255,2.05944298983547,64.8953,67.21357142857143,69.14315,15,1
LJAC1,230,,,,,,,,3.0693469294885363,1.3987164359067625,1.558496860952381,3.2850896,4.684006453333334,15.0,1.0,67.08016746031745,2.3278898735620346,64.8953,67.21357142857143,69.40175,15,1
LJAC1,231,,,,,,,,3.0566729726984123,1.3971149326370635,1.558496860952381,3.1328221333333333,4.684006453333334,15.0,1.0,67.41651746031746,2.8295913514867936,64.8953,67.21357142857143,70.63065,15,1
LJAC1,232,,,,,,,,3.093605932698412,1.429301150256552,1.558496860952381,3.1328221333333333,4.782494346666667,15.0,1.0,67.78470634920635,3.2064899063415258,64.8953,67.21357142857143,72.51606666666667,15,1
LJAC1,233,,,,,,,,3.0151484620634923,1.3928074686900451,1.558496860952381,3.0785276738095235,4.782494346666667,15.0,1.0,67.9837134920635,3.396814325720574,64.8953,67.21357142857143,72.87684285714286,15,1
LJAC1,234,,,,,,,,2.9124789129276896,1.3577632540129132,1.558496860952381,2.7991296,4.782494346666667,15.0,1.0,68.2963134920635,3.739270630362823,64.8953,67.21357142857143,73.3148,15,1
LJAC1,235,,,,,,,,2.890964683791887,1.3180695911166191,1.558496860952381,2.7991296,4.782494346666667,15.0,1.0,68.66939206349205,3.8992764190254126,64.8953,67.96925,73.3148,15,1
LJAC1,236,,,,,,,,2.844588501075838,1.2501936049546742,1.558496860952381,2.7991296,4.410608957037037,15.0,1.0,69.12203095238095,3.977784734589842,64.8953,68.84975,73.3148,15,1
LJAC1,237,,,,,,,,2.926229781075838,1.362534384995552,1.558496860952381,2.7991296,4.827194953015873,15.0,1.0,69.57707380952381,3.863929876763991,65.00505714285715,71.42191666666666,73.3148,15,1
LJAC1,238,,,,,,,,3.0390264966313936,1.460850935246389,1.558496860952381,2.7991296,5.01736729968254,15.0,1.0,69.86139523809524,3.6385458940874034,65.56575714285714,71.42191666666666,73.3148,15,1
LJAC1,239,,,,,,,,3.198421376631394,1.559886879835488,1.558496860952381,3.0785276738095235,5.122985177566138,15.0,1.0,70.34601666666667,2.9360312966070063,66.24988571428571,71.42191666666666,73.3148,15,1
LJAC1,240,,,,,,,,3.3546416607936513,1.4900930816082911,1.7831492266666666,3.1328221333333333,5.122985177566138,15.0,1.0,70.65331904761905,2.6750559527577513,67.18849999999999,71.42191666666666,73.3148,15,1
LJAC1,241,,,,,,,,3.4554768609171074,1.4483197204902596,1.7831492266666666,3.593246735185186,5.122985177566138,15.0,1.0,70.96993988095238,2.2415438699913457,68.32145,71.42191666666666,73.3148,15,1
LJAC1,242,,,,,,,,3.7604444014991185,1.2348693918991867,2.0972413733333335,3.8122919195767193,5.122985177566138,15.0,1.0,71.11960238095237,1.9952059326700067,68.875025,71.42191666666666,73.3148,15,1
LJAC1,243,,,,,,,,4.005693714708994,1.1577876290546611,2.471772545185185,4.274108192592593,5.18422128,15.0,1.0,71.06937738095239,2.0875204545432826,68.875025,71.42191666666666,73.3148,15,1
LJAC1,244,,,,,,,,4.02803844691358,1.1266777560132155,2.6592245443386244,4.274108192592593,5.18422128,15.0,1.0,70.98685416666667,2.20281676239869,68.13231607142858,71.42191666666666,73.3148,15,1
LJAC1,245,,,,,,,,4.02740421340388,1.1279519043424733,2.6592245443386244,4.274108192592593,5.18422128,15.0,1.0,70.76184007936509,2.3242410311577384,67.78582321428571,70.58067857142858,73.3148,15,1
LJAC1,246,,,,,,,,4.189220751216932,1.1639795049311743,2.6592245443386244,4.501609466666667,5.298921338888889,15.0,1.0,70.58436785714285,2.210449702319221,67.78582321428571,70.58067857142858,73.11853333333333,15,1
LJAC1,247,,,,,,,,4.426993822663139,1.5368978913328823,2.6592245443386244,4.977040333333334,5.4846422662433865,15.0,1.0,70.35279285714286,2.090443323838776,67.78582321428571,70.04481249999999,72.88074999999999,15,1
LJAC1,248,,,,,,,,4.5392405120634916,1.4922131937191203,2.6592245443386244,4.977040333333334,5.4846422662433865,15.0,1.0,70.33318452380952,2.071931633439493,67.78582321428571,70.04481249999999,72.88074999999999,15,1
LJAC1,249,,,,,,,,4.587043720176367,1.437219723406868,2.9596943837037037,4.977040333333334,5.4846422662433865,15.0,1.0,70.30571845238096,2.0200469668303165,67.78582321428571,70.04481249999999,72.88074999999999,15,1
LJAC1,250,,,,,,,,4.690148019241622,1.5251467313944689,2.9596943837037037,4.977040333333334,6.178517938148148,15.0,1.0,70.32291865079364,2.043849300631179,67.78582321428571,70.04481249999999,73.01188511904762,15,1
LJAC1,251,,,,,,,,4.833748770705467,1.5834671204579749,2.9596943837037037,5.018819394444445,6.525737643756614,15.0,1.0,70.32631111111111,2.048519219044366,67.78582321428571,70.04481249999999,73.03223988095239,15,1
LJAC1,252,,,,,,,,4.84857397899471,1.5879297699752717,2.9596943837037037,5.018819394444445,6.525737643756614,15.0,1.0,70.42989861111113,2.166767927220069,67.78582321428571,70.04481249999999,73.26743869047618,15,1
LJAC1,253,,,,,,,,4.914718534550265,1.6141115496680256,2.9596943837037037,5.1900528,6.525737643756614,15.0,1.0,70.73384027777777,2.280121735038554,67.78582321428571,70.58067857142858,73.54145,15,1
LJAC1,254,,,,,,,,4.86655449899471,1.6160865794896064,2.9596943837037037,5.018819394444445,6.525737643756614,15.0,1.0,71.02844027777778,2.3642737256522377,67.78582321428571,70.69891666666666,73.67999999999999,15,1
LJAC1,255,,,,,,,,4.84312471324515,1.6349009704638908,2.9596943837037037,5.018819394444445,6.525737643756614,15.0,1.0,71.24794503968253,2.470205026190387,67.78582321428571,72.02973214285714,73.71635535714286,15,1
LJAC1,256,,,,,,,,4.8749025975661375,1.6133622247780615,2.9596943837037037,5.018819394444445,6.525737643756614,15.0,1.0,71.50775992063492,2.5386275857707035,67.78582321428571,72.97897023809524,73.81225357142857,15,1
LJAC1,257,,,,,,,,4.893919532257495,1.6168571419721696,2.9596943837037037,5.304073414814815,6.525737643756614,15.0,1.0,71.85139186507936,2.5110088444052567,67.78582321428571,73.06775297619048,73.91452142857143,15,1
LJAC1,258,,,,,,,,4.949614447936508,1.6485609944617268,2.9596943837037037,5.304073414814815,6.525737643756614,15.0,1.0,72.2934240079365,2.2011896046206547,68.73677321428572,73.40056249999999,73.91452142857143,15,1
LJAC1,259,,,,,,,,5.014418542398589,1.571106815000464,3.393720944126984,5.304073414814815,6.525737643756614,15.0,1.0,72.70504722222222,1.8048283164136,70.14269166666666,73.635375,73.91452142857143,15,1
LJAC1,260,,,,,,,,5.1405384470193995,1.36666317714392,3.545402173333333,5.304073414814815,6.525737643756614,15.0,1.0,73.06270496031746,1.267278162669679,71.23124285714286,73.635375,73.91452142857143,15,1
LJAC1,261,,,,,,,,5.090808968888889,1.3638756989549263,3.545402173333333,4.814128028571429,6.525737643756614,15.0,1.0,73.18580575396825,1.0998924579395306,72.23601071428571,73.635375,73.91452142857143,15,1
LJAC1,262,,,,,,,,4.7476365729982355,1.1988243966551548,3.393720944126984,4.7622280148148155,6.339641318730158,15.0,1.0,73.31163075396825,0.7257832313222559,72.23601071428571,73.635375,73.91452142857143,15,1
LJAC1,263,,,,,,,,4.559426064850089,1.4009436163096247,3.091960353862434,4.467592266666666,6.339641318730158,15.0,1.0,73.33656686507935,0.6838061140205955,72.46043571428572,73.635375,73.91452142857143,15,1
LJAC1,264,,,,,,,,4.575307614761906,1.387527408788686,3.1367098133333333,4.467592266666666,6.339641318730158,15.0,1.0,73.27661150793651,0.6871325235660003,72.46043571428572,73.41157142857143,73.91452142857143,15,1
LJAC1,265,,,,,,,,4.3591914749911815,1.3009346044430636,3.0920014933333335,4.069915,6.1118379266666665,15.0,1.0,73.10498273809525,0.9953947791576768,71.95705952380952,73.41157142857143,73.91452142857143,15,1
LJAC1,266,,,,,,,,4.245453265502645,1.1756817699967361,3.0920014933333335,4.069915,5.74066604973545,15.0,1.0,73.0239636904762,1.0541107012743152,71.7010238095238,73.41157142857143,73.91452142857143,15,1
LJAC1,267,,,,,,,,4.198554697213404,1.139915439893374,3.0920014933333335,4.069915,5.703154565925926,15.0,1.0,72.92973333333335,1.0808774749338448,71.7010238095238,73.41157142857143,73.91452142857143,15,1
LJAC1,268,,,,,,,,3.9737172038800708,1.0975400287425943,2.7262356000000003,3.8010171333333336,5.1080952603174605,15.0,1.0,72.77840595238096,1.1326849729005286,71.48297857142857,72.82142857142857,73.91452142857143,15,1
LJAC1,269,,,,,,,,3.8723135505467368,1.118712995459874,2.7262356000000003,3.672237733333333,5.1080952603174605,15.0,1.0,72.5657130952381,1.2397862571043397,70.8578,72.54542857142857,73.91452142857143,15,1
LJAC1,270,,,,,,,,3.873177479435626,1.118377494464083,2.7262356000000003,3.672237733333333,5.1080952603174605,15.0,1.0,72.38760595238095,1.2303943046368413,70.79227142857142,72.40377380952381,73.90376428571429,15,1
LJAC1,271,,,,,,,,3.743009193756614,1.2041796215563774,2.309092935555556,3.5871947333333334,5.1080952603174605,15.0,1.0,72.21314880952382,1.1786842744303843,70.79227142857142,71.98710714285714,73.82231428571428,15,1
LJAC1,272,,,,,,,,3.5086804816578487,1.220588362716762,2.0103985214814815,3.4738040666666667,4.777295346031746,15.0,1.0,72.04513293650794,1.070110799712846,70.79227142857142,71.76368452380952,73.63637857142858,15,1
LJAC1,273,,,,,,,,3.178100406419753,1.1034881401477907,1.849113797037037,3.3490743333333337,4.710977233333333,15.0,1.0,71.93355538548754,0.9493245581929265,70.79227142857142,71.76368452380952,73.17551428571429,15,1
LJAC1,274,,,,,,,,3.1428048830687834,1.1363231028475356,1.8341210311111111,3.1478059000000003,4.713744505555555,14.0,1.0,71.8012200558795,0.8292436474057663,70.72404285714286,71.71146726190476,72.73862857142858,14,1
LJAC1,275,,,,,,,,3.092173171509972,1.1661697540684015,1.8191282651851852,2.946537466666667,4.716511777777778,13.0,1.0,71.67734687336474,0.7156974718694264,70.65581428571429,71.65925,72.51709761904762,13,1
LJAC1,276,,,,,,,,2.948676933421517,1.091587674808973,1.8041354992592593,2.9335785333333337,4.583655713333333,12.0,1.0,71.60500673185942,0.6961133311266036,70.58758571428572,71.60321428571429,72.38066581632654,12,1
LJAC1,277,,,,,,,,2.951227600096199,1.1448293056556247,1.7891427333333334,2.946537466666667,4.6943736,11.0,1.0,71.60007552566482,0.7298699644878872,70.51935714285715,71.54717857142857,72.40377380952381,11,1
LJAC1,278,,,,,,,,3.052443320846561,1.1537105816984963,1.7350507571428573,3.1478059000000003,4.697140872222222,10.0,1.0,71.51970569727891,0.7162074207619066,70.51675357142858,71.45632142857143,72.23756734693877,10,1
LJAC1,279,,,,,,,,2.993026497236919,1.2073576858889217,1.680958780952381,2.946537466666667,4.699908144444444,9.0,1.0,71.3750698223734,0.584574563049723,70.51415,71.36546428571428,72.02422448979591,9,1
LJAC1,280,,,,,,,,2.9485205177248677,1.2828029764160345,1.6268668047619048,2.771591866666667,4.702675416666667,8.0,1.0,71.48528837159864,0.5153575872841414,70.99695714285714,71.45632142857143,72.04278316326531,8,1
LJAC1,281,,,,,,,,2.6951596885109597,1.1492278992462113,1.5727748285714287,2.5966462666666668,3.9620318800000005,7.0,1.0,71.44551749271137,0.5432276413839225,70.92872857142858,71.36546428571428,72.0613418367347,7,1
LJAC1,282,,,,,,,,2.3619573699294536,0.8076322940417009,1.5186828523809526,2.3570184907407405,3.210170766666667,6.0,1.0,71.3552525510204,0.5344851195020087,70.8605,71.34532142857142,71.8599362244898,6,1
LJAC1,283,,,,,,,,2.315019590582011,0.8937638052071175,1.4645908761904762,2.117390714814815,3.262897426666667,5.0,1.0,71.35321020408163,0.597546353728067,70.79227142857142,71.32517857142857,71.92248775510204,5,1
SDBC1,191,,,,,,,,,,,,,,,71.82990714285714,0.455577207747916,71.42287142857143,71.70125,72.3107,5,1
SDBC1,192,,,,,,,,,,,,,,,72.21670153061224,1.031358261792955,71.45701785714286,71.87525,73.31783673469388,6,1
SDBC1,193,,,,,,,,,,,,,,,72.52565743440233,1.246833111078251,71.49116428571429,72.04925,74.2421612244898,7,1
SDBC1,194,,,,,,,,,,,,,,,72.83291007653061,1.4449019374830399,71.52531071428572,72.267125,74.56067857142857,8,1
SDBC1,195,,,,,,,,,,,,,,,73.13158673469387,1.6216175945668094,71.55945714285714,72.485,75.09114285714286,9,1
SDBC1,196,,,,,,,,,,,,,,,73.40427806122449,1.7552967253089031,71.59360357142857,73.31783673469388,75.55475,10,1
SDBC1,197,,,,,,,,,,,,,,,73.65963914656771,1.8682243059859085,71.62775,74.15067346938777,75.8585,11,1
SDBC1,198,,,,,,,,,,,,,,,73.8396275510204,1.8872507559002187,71.63510000000001,74.26503316326531,75.8546,12,1
SDBC1,199,,,,,,,,,,,,,,,73.96989795918367,1.866954934602001,71.64245000000001,74.37939285714286,75.8507,13,1
SDBC1,200,,,,,,,,,,,,,,,74.05701239067055,1.8230876795142084,71.6498,74.68153571428572,75.8468,14,1
SDBC1,201,,,,,,,,,,,,,,,74.17531156462584,1.8155345295304055,71.65715,74.98367857142857,75.8477,15,1
SDBC1,202,,,,,,,,,,,,,,,74.48777942176869,1.6811577910395523,71.84045,75.1895,75.92738214285714,15,1
SDBC1,203,,,,,,,,,,,,,,,74.81045799319729,1.5525895813090125,72.22355,75.521,76.11727142857143,15,1
SDBC1,204,,,,,,,,,,,,,,,75.13365799319728,1.437036618725426,73.15126938775511,75.53314285714286,76.36605714285714,15,1
SDBC1,205,,,,,,,,,,,,,,,75.44610799319727,1.3251709926209139,74.2421612244898,75.8195,76.72552142857143,15,1
SDBC1,206,,,,,,,,,,,,,,,75.83225799319729,0.945525913310405,74.62110714285714,75.8315,77.06195,15,1
SDBC1,207,,,,,,,,,,,,,,,76.0630488095238,0.9280919665928595,75.06600714285715,75.8585,77.3648,15,1
SDBC1,208,,,,,,,,,,,,,,,76.28675595238094,0.8971787490806218,75.32209999999999,75.97330357142857,77.56492142857142,15,1
SDBC1,209,,,,,,,,,,,,,,,76.41152023809526,0.8306871947427594,75.52585714285715,76.21325,77.56492142857142,15,1
SDBC1,210,,,,,,,,,,,,,,,76.48442023809524,0.7941318420775177,75.64768571428571,76.46792857142857,77.56492142857142,15,1
SDBC1,211,,,,,,,,,,,,,,,76.49012023809523,0.7896122871251328,75.64768571428571,76.46792857142857,77.56492142857142,15,1
SDBC1,212,,,,,,,,,,,,,,,76.45125595238096,0.818047662108493,75.572,76.46792857142857,77.56492142857142,15,1
SDBC1,213,,,,,,,,,,,,,,,76.35035595238097,0.9790346211809716,75.32695714285714,76.46792857142857,77.56492142857142,15,1
SDBC1,214,,,,,,,,,,,,,,,76.24189642857142,1.1510395205904134,74.65939999999999,76.46792857142857,77.56492142857142,15,1
SDBC1,215,,,,,,,,,,,,,,,76.16834642857143,1.2537548443460602,74.17415,76.46792857142857,77.56492142857142,15,1
SDBC1,216,,,,,,,,,,,,,,,76.07494642857142,1.3304781156989636,74.17415,76.46792857142857,77.56492142857142,15,1
SDBC1,217,,,,,,,,,,,,,,,75.97276507936508,1.396081359267988,74.17415,76.46792857142857,77.56492142857142,15,1
SDBC1,218,,,,,,,,,,,,,,,75.82188650793653,1.4595946000512467,74.13365,75.944,77.56492142857142,15,1
SDBC1,219,,,,,,,,,,,,,,,75.64308650793652,1.4825451614309877,74.13365,75.6302857142857,77.56492142857142,15,1
SDBC1,220,,,,,,,,,,,,,,,75.47963650793652,1.436406733863078,74.13365,74.72,77.56492142857142,15,1
SDBC1,221,,,,,,,,,,,,,,,75.31163650793651,1.3272654022253194,74.13365,74.72,77.30957857142857,15,1
SDBC1,222,,,,,,,,,,,,,,,75.12112222222223,1.1690759094910423,74.13365,74.72,76.75888571428573,15,1
SDBC1,223,,,,,,,,,,,,,,,74.95417936507936,0.9217985022503282,74.13365,74.72,76.3463,15,1
SDBC1,224,,,,,,,,,,,,,,,74.79446507936508,0.7627235530019446,74.13365,74.45942857142857,75.81851428571429,15,1
SDBC1,225,,,,,,,,,,,,,,,74.50370793650794,0.8460900340156267,73.97825,74.44058333333334,75.47051428571429,15,1
SDBC1,226,,,,,,,,,,,,,,,74.24495793650796,0.9599746209960367,72.91438571428571,74.43050000000001,75.12791428571428,15,1
SDBC1,227,,,,,,,,,,,,,,,73.99735793650794,1.051723506850185,72.13890714285714,74.306,74.88602857142857,15,1
SDBC1,228,,,,,,,,,,,,,,,73.94710793650795,1.053927955735903,72.13890714285714,74.21525,74.88602857142857,15,1
SDBC1,229,,,,,,,,,,,,,,,73.89780793650795,1.0730973092088711,72.13890714285714,74.21525,74.88602857142857,15,1
SDBC1,230,,,,,,,,,,,,,,,73.86695793650793,1.0739442751464134,72.13890714285714,74.21525,74.88602857142857,15,1
SDBC1,231,,,,,,,,,,,,,,,73.84995793650793,1.0663781101498802,72.13890714285714,74.20475,74.88602857142857,15,1
SDBC1,232,,,,,,,,,,,,,,,73.86983571428571,1.0808547515510314,72.13890714285714,74.20475,74.88602857142857,15,1
SDBC1,233,,,,,,,,,,,,,,,73.94607142857143,1.1446124258904942,72.13890714285714,74.21525,75.12791428571428,15,1
SDBC1,234,,,,,,,,,,,,,,,74.06802142857143,1.2663162211033436,72.13890714285714,74.45942857142857,75.3013142857143,15,1
SDBC1,235,,,,,,,,,,,,,,,74.19193571428572,1.41668567231149,72.13890714285714,74.45942857142857,75.76601428571429,15,1
SDBC1,236,,,,,,,,,,,,,,,74.32185793650794,1.5740985580380966,72.13890714285714,74.45942857142857,76.36502857142857,15,1
SDBC1,237,,,,,,,,,,,,,,,74.47383650793651,1.7219904403337438,72.13890714285714,74.45942857142857,76.7848857142857,15,1
SDBC1,238,,,,,,,,,,,,,,,74.58432936507936,1.8241768646468606,72.13890714285714,74.45942857142857,76.9087,15,1
SDBC1,239,,,,,,,,,,,,,,,74.73560079365078,1.905355592909678,72.13890714285714,74.73875,76.9087,15,1
SDBC1,240,,,,,,,,,,,,,,,74.98915793650794,1.801648610746067,72.50434999999999,75.34828571428572,76.9087,15,1
SDBC1,241,,,,,,,,,,,,,,,75.22306507936507,1.6123968907292816,73.32095,75.57135714285714,76.9087,15,1
SDBC1,242,,,,,,,,,,,,,,,75.41430079365078,1.3391424099330744,73.58075,75.57135714285714,76.9087,15,1
SDBC1,243,,,,,,,,,,,,,,,75.49920079365079,1.2500649196201918,73.84429999999999,75.57135714285714,76.9087,15,1
SDBC1,244,,,,,,,,,,,,,,,75.60495079365077,1.0962929492434736,74.4008,75.57135714285714,76.9087,15,1
SDBC1,245,,,,,,,,,,,,,,,75.68170079365079,0.98200752471922,74.74445,75.57135714285714,76.9087,15,1
SDBC1,246,,,,,,,,,,,,,,,75.7323007936508,0.9162035681359428,74.7617,75.57135714285714,76.9087,15,1
SDBC1,247,,,,,,,,,,,,,,,75.77000079365078,0.8834498388255075,74.77877857142857,75.57135714285714,76.9087,15,1
SDBC1,248,,,,,,,,,,,,,,,75.79516666666667,0.8759233189115656,74.77877857142857,75.7257738095238,76.9087,15,1
SDBC1,249,,,,,,,,,,,,,,,75.80071666666667,0.877877544892987,74.77877857142857,75.7257738095238,76.9087,15,1
SDBC1,250,,,,,,,,,,,,,,,75.79350238095238,0.8714484864365017,74.77877857142857,75.7257738095238,76.9087,15,1
SDBC1,251,,,,,,,,,,,,,,,75.77498015873016,0.8483894843847735,74.77877857142857,75.7257738095238,76.82435,15,1
SDBC1,252,,,,,,,,,,,,,,,75.75688015873016,0.8220872767011914,74.77877857142857,75.7257738095238,76.74919999999999,15,1
SDBC1,253,,,,,,,,,,,,,,,75.74892301587302,0.8108552411485319,74.77877857142857,75.7257738095238,76.74919999999999,15,1
SDBC1,254,,,,,,,,,,,,,,,75.75492301587302,0.818914393158732,74.77877857142857,75.7257738095238,76.76653571428571,15,1
SDBC1,255,,,,,,,,,,,,,,,75.81244444444447,0.8703010657846043,74.77877857142857,75.7257738095238,76.79865714285714,15,1
SDBC1,256,,,,,,,,,,,,,,,75.90896111111111,0.9204857028481049,74.77877857142857,76.12775,76.87899285714285,15,1
SDBC1,257,,,,,,,,,,,,,,,76.06195396825396,0.9109643933374272,74.79514999999999,76.4705,76.97919285714286,15,1
SDBC1,258,,,,,,,,,,,,,,,76.2103753968254,0.875854044029991,74.83865,76.6445,77.03888571428571,15,1
SDBC1,259,,,,,,,,,,,,,,,76.3665253968254,0.8032524051265888,75.08239999999999,76.76299999999999,77.06865714285715,15,1
SDBC1,260,,,,,,,,,,,,,,,76.51613253968254,0.6860370306444891,75.47285952380952,76.76889285714286,77.06865714285715,15,1
SDBC1,261,,,,,,,,,,,,,,,76.63076111111111,0.52843339347703,75.88656428571429,76.76889285714286,77.06865714285715,15,1
SDBC1,262,,,,,,,,,,,,,,,76.71146111111112,0.38410614407098165,76.26485000000001,76.76889285714286,77.06865714285715,15,1
SDBC1,263,,,,,,,,,,,,,,,76.75575952380952,0.2888013775763383,76.42235,76.76889285714286,77.06865714285715,15,1
SDBC1,264,,,,,,,,,,,,,,,76.76703095238094,0.2648462945605809,76.42235,76.76889285714286,77.06865714285715,15,1
SDBC1,265,,,,,,,,,,,,,,,76.73968095238095,0.3142335582496329,76.33419285714285,76.76889285714286,77.06865714285715,15,1
SDBC1,266,,,,,,,,,,,,,,,76.70065714285714,0.35992340728381184,76.15487857142857,76.76889285714286,77.06865714285715,15,1
SDBC1,267,,,,,,,,,,,,,,,76.65962142857143,0.38642175193914896,76.09513571428572,76.76889285714286,77.06865714285715,15,1
SDBC1,268,,,,,,,,,,,,,,,76.61139285714287,0.4158350986434998,76.05958571428572,76.65392857142858,77.06865714285715,15,1
SDBC1,269,,,,,,,,,,,,,,,76.56598571428573,0.42859563957973806,76.05958571428572,76.51474999999999,77.06865714285715,15,1
SDBC1,270,,,,,,,,,,,,,,,76.54477857142858,0.4175924100780708,76.05958571428572,76.51474999999999,77.06865714285715,15,1
SDBC1,271,,,,,,,,,,,,,,,76.52801547619048,0.4019454235224562,76.05958571428572,76.51474999999999,77.06865714285715,15,1
SDBC1,272,,,,,,,,,,,,,,,76.51995119047618,0.39115459967705585,76.05958571428572,76.51474999999999,77.03878571428571,15,1
SDBC1,273,,,,,,,,,,,,,,,76.5027899659864,0.371283338810085,76.05958571428572,76.51474999999999,76.99481428571428,15,1
SDBC1,274,,,,,,,,,,,,,,,76.46047139212828,0.3457252679714057,76.059475,76.45249999999999,76.90952091836735,14,1
SDBC1,275,,,,,,,,,,,,,,,76.41751864207222,0.3185983157621494,76.05936428571428,76.39025,76.78925459183674,13,1
SDBC1,276,,,,,,,,,,,,,,,76.39781781462585,0.32438914842216054,76.05925357142857,76.34353571428571,76.79195382653062,12,1
SDBC1,277,,,,,,,,,,,,,,,76.38718761595547,0.3380229825643129,76.05914285714286,76.29682142857142,76.7946530612245,11,1
SDBC1,278,,,,,,,,,,,,,,,76.38688137755102,0.35630590031617776,76.057775,76.22214285714286,76.81106275510204,10,1
SDBC1,279,,,,,,,,,,,,,,,76.39688803854875,0.3764261311353096,76.05640714285714,76.14746428571429,76.82747244897959,9,1
SDBC1,280,,,,,,,,,,,,,,,76.43896779336734,0.3791121663061287,76.05503928571429,76.37433928571429,76.84388214285714,8,1
SDBC1,281,,,,,,,,,,,,,,,76.49322849854228,0.37443417121232897,76.10062142857143,76.60121428571428,76.86029183673469,7,1
SDBC1,282,,,,,,,,,,,,,,,76.55085586734693,0.3746270995921508,76.09142857142857,76.6844375,76.87670153061225,6,1
SDBC1,283,,,,,,,,,,,,,,,76.65193418367346,0.31433363556973837,76.32292142857142,76.76766071428571,76.8931112244898,5,1
