date,landing,boat,trip_type,anglers,species_id,kept,released,zone_hint,source_url,trip_days,cpue,cpue_per_angler_day
2026-08-15,Fishermans,Constitution,2.5_day,21,bluefin_tuna,1,0,offshore,https://www.sandiegofishreports.com/dock_totals/boats.php?date=2026-08-15,2.5,0.047619047619047616,0.01904761904761905
2026-08-15,Fishermans,Constitution,2.5_day,21,yellowtail,9,0,offshore,https://www.sandiegofishreports.com/dock_totals/boats.php?date=2026-08-15,2.5,0.42857142857142855,0.17142857142857143
2026-08-15,Fishermans,Constitution,2.5_day,21,dorado,2,0,offshore,https://www.sandiegofishreports.com/dock_totals/boats.php?date=2026-08-15,2.5,0.09523809523809523,0.0380952380952381
2026-08-15,Fishermans,Dolphin,half_day,40,sand_bass,16,0,point loma kelp,https://www.sandiegofishreports.com/dock_totals/boats.php?date=2026-08-15,0.5,0.4,0.8
2026-08-15,Fishermans,Dolphin,half_day,40,rockfish,15,0,point loma kelp,https://www.sandiegofishreports.com/dock_totals/boats.php?date=2026-08-15,0.5,0.375,0.75
2026-08-15,Fishermans,Dolphin,half_day,50,sand_bass,2,0,point loma kelp,https://www.sandiegofishreports.com/dock_totals/boats.php?date=2026-08-15,0.5,0.04,0.08
2026-08-15,Fishermans,Dolphin,half_day,50,sheephead,2,0,point loma kelp,https://www.sandiegofishreports.com/dock_totals/boats.php?date=2026-08-15,0.5,0.04,0.08
2026-08-15,Fishermans,Dolphin,half_day,50,bonito,2,0,point loma kelp,https://www.sandiegofishreports.com/dock_totals/boats.php?date=2026-08-15,0.5,0.04,0.08
2026-08-15,Fishermans,Dolphin,half_day,50,rockfish,23,0,point loma kelp,https://www.sandiegofishreports.com/dock_totals/boats.php?date=2026-08-15,0.5,0.46,0.92
2026-08-15,Fishermans,Liberty,overnight,14,yellowtail,2,0,offshore,https://www.sandiegofishreports.com/dock_totals/boats.php?date=2026-08-15,1.0,0.14285714285714285,0.14285714285714285
2026-08-15,Fishermans,Liberty,overnight,14,yellowfin_tuna,70,0,offshore,https://www.sandiegofishreports.com/dock_totals/boats.php?date=2026-08-15,1.0,5.0,5.0
2026-08-15,Fishermans,Pacific Dawn,1.5_day,18,yellowtail,14,0,offshore,https://www.sandiegofishreports.com/dock_totals/boats.php?date=2026-08-15,1.5,0.7777777777777778,0.5185185185185185
2026-08-15,Fishermans,Pacific Dawn,1.5_day,18,dorado,10,0,offshore,https://www.sandiegofishreports.com/dock_totals/boats.php?date=2026-08-15,1.5,0.5555555555555556,0.37037037037037035
2026-08-15,Fishermans,Pacific Dawn,1.5_day,18,yellowfin_tuna,52,0,offshore,https://www.sandiegofishreports.com/dock_totals/boats.php?date=2026-08-15,1.5,2.888888888888889,1.9259259259259258
2026-08-15,H&M,Daiwa Pacific,full_day,19,dorado,2,0,point loma kelp,https://www.sandiegofishreports.com/dock_totals/boats.php?date=2026-08-15,1.0,0.10526315789473684,0.10526315789473684
2026-08-15,H&M,Nautilus,overnight,5,dorado,1,0,offshore,https://www.sandiegofishreports.com/dock_totals/boats.php?date=2026-08-15,1.0,0.2,0.2
2026-08-15,H&M,Old Glory,overnight,36,yellowfin_tuna,30,0,offshore,https://www.sandiegofishreports.com/dock_totals/boats.php?date=2026-08-15,1.0,0.8333333333333334,0.8333333333333334
2026-08-15,H&M,Patriot (SD),full_day,11,yellowtail,1,0,point loma kelp,https://www.sandiegofishreports.com/dock_totals/boats.php?date=2026-08-15,1.0,0.09090909090909091,0.09090909090909091
2026-08-15,H&M,Patriot (SD),full_day,11,yellowfin_tuna,1,0,point loma kelp,https://www.sandiegofishreports.com/dock_totals/boats.php?date=2026-08-15,1.0,0.09090909090909091,0.09090909090909091
2026-08-15,H&M,Premier,full_day,41,rockfish,88,0,point loma kelp,https://www.sandiegofishreports.com/dock_totals/boats.php?date=2026-08-15,1.0,2.1463414634146343,2.1463414634146343
2026-08-15,H&M,Premier,full_day,41,yellowfin_tuna,4,0,point loma kelp,https://www.sandiegofishreports.com/dock_totals/boats.php?date=2026-08-15,1.0,0.0975609756097561,0.0975609756097561
2026-08-15,H&M,Producer,overnight,26,dorado,1,0,offshore,https://www.sandiegofishreports.com/dock_totals/boats.php?date=2026-08-15,1.0,0.038461538461538464,0.038461538461538464
2026-08-15,H&M,Producer,overnight,26,yellowfin_tuna,130,0,offshore,https://www.sandiegofishreports.com/dock_totals/boats.php?date=2026-08-15,1.0,5.0,5.0
2026-08-15,H&M,Relentless,full_day,24,rockfish,69,0,point loma kelp,https://www.sandiegofishreports.com/dock_totals/boats.php?date=2026-08-15,1.0,2.875,2.875
2026-08-15,H&M,Sea Adventure 80,2.5_day,20,yellowtail,100,0,offshore,https://www.sandiegofishreports.com/dock_totals/boats.php?date=2026-08-15,2.5,5.0,2.0
2026-08-15,H&M,Sea Adventure 80,2.5_day,20,dorado,1,0,offshore,https://www.sandiegofishreports.com/dock_totals/boats.php?date=2026-08-15,2.5,0.05,0.02
2026-08-15,H&M,Tradition,full_day,40,yellowfin_tuna,10,0,offshore,https://www.sandiegofishreports.com/dock_totals/boats.php?date=2026-08-15,1.0,0.25,0.25
2026-08-15,Seaforth,El Gato Dos,full_day,6,bonito,1,0,offshore,https://www.sandiegofishreports.com/dock_totals/boats.php?date=2026-08-15,1.0,0.16666666666666666,0.16666666666666666
2026-08-15,Seaforth,El Gato Dos,full_day,6,yellowfin_tuna,3,0,offshore,https://www.sandiegofishreports.com/dock_totals/boats.php?date=2026-08-15,1.0,0.5,0.5
2026-08-15,Seaforth,Highliner,1.5_day,22,yellowtail,58,0,offshore,https://www.sandiegofishreports.com/dock_totals/boats.php?date=2026-08-15,1.5,2.6363636363636362,1.7575757575757576
2026-08-15,Seaforth,Highliner,1.5_day,22,dorado,1,0,offshore,https://www.sandiegofishreports.com/dock_totals/boats.php?date=2026-08-15,1.5,0.045454545454545456,0.030303030303030304
2026-08-15,Seaforth,Highliner,1.5_day,22,rockfish,44,0,offshore,https://www.sandiegofishreports.com/dock_totals/boats.php?date=2026-08-15,1.5,2.0,1.3333333333333333
2026-08-15,Seaforth,New Seaforth,half_day,53,sand_bass,1,0,point loma kelp,https://www.sandiegofishreports.com/dock_totals/boats.php?date=2026-08-15,0.5,0.018867924528301886,0.03773584905660377
2026-08-15,Seaforth,New Seaforth,half_day,53,sheephead,11,0,point loma kelp,https://www.sandiegofishreports.com/dock_totals/boats.php?date=2026-08-15,0.5,0.20754716981132076,0.41509433962264153
2026-08-15,Seaforth,New Seaforth,half_day,53,yellowtail,3,0,point loma kelp,https://www.sandiegofishreports.com/dock_totals/boats.php?date=2026-08-15,0.5,0.05660377358490566,0.11320754716981132
2026-08-15,Seaforth,New Seaforth,half_day,53,calico_bass,9,0,point loma kelp,https://www.sandiegofishreports.com/dock_totals/boats.php?date=2026-08-15,0.5,0.16981132075471697,0.33962264150943394
2026-08-15,Seaforth,New Seaforth,half_day,53,bonito,2,0,point loma kelp,https://www.sandiegofishreports.com/dock_totals/boats.php?date=2026-08-15,0.5,0.03773584905660377,0.07547169811320754
2026-08-15,Seaforth,New Seaforth,half_day,55,sheephead,8,0,point loma kelp,https://www.sandiegofishreports.com/dock_totals/boats.php?date=2026-08-15,0.5,0.14545454545454545,0.2909090909090909
2026-08-15,Seaforth,New Seaforth,half_day,55,calico_bass,19,0,point loma kelp,https://www.sandiegofishreports.com/dock_totals/boats.php?date=2026-08-15,0.5,0.34545454545454546,0.6909090909090909
2026-08-15,Seaforth,New Seaforth,half_day,55,bonito,14,0,point loma kelp,https://www.sandiegofishreports.com/dock_totals/boats.php?date=2026-08-15,0.5,0.2545454545454545,0.509090909090909
2026-08-15,Seaforth,New Seaforth,half_day,55,rockfish,5,0,point loma kelp,https://www.sandiegofishreports.com/dock_totals/boats.php?date=2026-08-15,0.5,0.09090909090909091,0.18181818181818182
2026-08-15,Seaforth,New Seaforth,half_day,55,white_seabass,1,0,point loma kelp,https://www.sandiegofishreports.com/dock_totals/boats.php?date=2026-08-15,0.5,0.01818181818181818,0.03636363636363636
2026-08-15,Seaforth,New Seaforth,half_day,55,sand_bass,6,0,point loma kelp,https://www.sandiegofishreports.com/dock_totals/boats.php?date=2026-08-15,0.5,0.10909090909090909,0.21818181818181817
2026-08-15,Seaforth,New Seaforth,half_day,55,calico_bass,13,50,point loma kelp,https://www.sandiegofishreports.com/dock_totals/boats.php?date=2026-08-15,0.5,0.23636363636363636,0.4727272727272727
2026-08-15,Seaforth,New Seaforth,half_day,55,bonito,1,0,point loma kelp,https://www.sandiegofishreports.com/dock_totals/boats.php?date=2026-08-15,0.5,0.01818181818181818,0.03636363636363636
2026-08-15,Seaforth,New Seaforth,half_day,55,rockfish,20,0,point loma kelp,https://www.sandiegofishreports.com/dock_totals/boats.php?date=2026-08-15,0.5,0.36363636363636365,0.7272727272727273
2026-08-15,Seaforth,San Diego,full_day,28,yellowfin_tuna,22,0,offshore,https://www.sandiegofishreports.com/dock_totals/boats.php?date=2026-08-15,1.0,0.7857142857142857,0.7857142857142857
2026-08-15,Seaforth,Sea Watch,full_day,35,yellowfin_tuna,13,0,offshore,https://www.sandiegofishreports.com/dock_totals/boats.php?date=2026-08-15,1.0,0.37142857142857144,0.37142857142857144
2026-08-15,Seaforth,Tribute,1.5_day,19,yellowtail,82,0,offshore,https://www.sandiegofishreports.com/dock_totals/boats.php?date=2026-08-15,1.5,4.315789473684211,2.8771929824561404
2026-08-15,Seaforth,Tribute,1.5_day,19,bonito,12,0,offshore,https://www.sandiegofishreports.com/dock_totals/boats.php?date=2026-08-15,1.5,0.631578947368421,0.42105263157894735
2026-08-15,Seaforth,Tribute,1.5_day,19,rockfish,56,0,offshore,https://www.sandiegofishreports.com/dock_totals/boats.php?date=2026-08-15,1.5,2.9473684210526314,1.9649122807017543
2026-08-15,Seaforth,Voyager,2_day,12,yellowtail,50,0,offshore,https://www.sandiegofishreports.com/dock_totals/boats.php?date=2026-08-15,2.0,4.166666666666667,2.0833333333333335
2026-08-15,Seaforth,Voyager,2_day,12,dorado,2,0,offshore,https://www.sandiegofishreports.com/dock_totals/boats.php?date=2026-08-15,2.0,0.16666666666666666,0.08333333333333333
2026-08-15,Seaforth,Voyager,2_day,12,bonito,9,0,offshore,https://www.sandiegofishreports.com/dock_totals/boats.php?date=2026-08-15,2.0,0.75,0.375
2026-08-15,Seaforth,Voyager,2_day,12,yellowfin_tuna,10,0,offshore,https://www.sandiegofishreports.com/dock_totals/boats.php?date=2026-08-15,2.0,0.8333333333333334,0.4166666666666667
2026-08-16,Fishermans,Dolphin,half_day,43,sand_bass,5,0,point loma kelp,https://www.sandiegofishreports.com/dock_totals/boats.php?date=2026-08-16,0.5,0.11627906976744186,0.23255813953488372
2026-08-16,Fishermans,Dolphin,half_day,43,sheephead,4,0,point loma kelp,https://www.sandiegofishreports.com/dock_totals/boats.php?date=2026-08-16,0.5,0.09302325581395349,0.18604651162790697
2026-08-16,Fishermans,Dolphin,half_day,43,calico_bass,6,0,point loma kelp,https://www.sandiegofishreports.com/dock_totals/boats.php?date=2026-08-16,0.5,0.13953488372093023,0.27906976744186046
2026-08-16,Fishermans,Dolphin,half_day,43,rockfish,145,0,point loma kelp,https://www.sandiegofishreports.com/dock_totals/boats.php?date=2026-08-16,0.5,3.372093023255814,6.744186046511628
2026-08-16,Fishermans,Dolphin,half_day,43,sheephead,13,0,point loma kelp,https://www.sandiegofishreports.com/dock_totals/boats.php?date=2026-08-16,0.5,0.3023255813953488,0.6046511627906976
2026-08-16,Fishermans,Dolphin,half_day,43,calico_bass,15,45,point loma kelp,https://www.sandiegofishreports.com/dock_totals/boats.php?date=2026-08-16,0.5,0.3488372093023256,0.6976744186046512
2026-08-16,Fishermans,Dolphin,half_day,43,bonito,42,0,point loma kelp,https://www.sandiegofishreports.com/dock_totals/boats.php?date=2026-08-16,0.5,0.9767441860465116,1.9534883720930232
2026-08-16,Fishermans,Dolphin,half_day,43,rockfish,15,0,point loma kelp,https://www.sandiegofishreports.com/dock_totals/boats.php?date=2026-08-16,0.5,0.3488372093023256,0.6976744186046512
2026-08-16,Fishermans,Fortune,1.5_day,12,yellowtail,18,0,offshore,https://www.sandiegofishreports.com/dock_totals/boats.php?date=2026-08-16,1.5,1.5,1.0
2026-08-16,Fishermans,Fortune,1.5_day,12,dorado,2,0,offshore,https://www.sandiegofishreports.com/dock_totals/boats.php?date=2026-08-16,1.5,0.16666666666666666,0.1111111111111111
2026-08-16,Fishermans,Liberty,overnight,22,dorado,1,0,offshore,https://www.sandiegofishreports.com/dock_totals/boats.php?date=2026-08-16,1.0,0.045454545454545456,0.045454545454545456
2026-08-16,Fishermans,Liberty,overnight,22,yellowfin_tuna,2,0,offshore,https://www.sandiegofishreports.com/dock_totals/boats.php?date=2026-08-16,1.0,0.09090909090909091,0.09090909090909091
2026-08-16,Fishermans,Poseidon,1.5_day,22,yellowtail,64,0,offshore,https://www.sandiegofishreports.com/dock_totals/boats.php?date=2026-08-16,1.5,2.909090909090909,1.9393939393939394
2026-08-16,Fishermans,Poseidon,1.5_day,22,dorado,1,0,offshore,https://www.sandiegofishreports.com/dock_totals/boats.php?date=2026-08-16,1.5,0.045454545454545456,0.030303030303030304
2026-08-16,Fishermans,Tomahawk,2_day,28,yellowtail,34,0,offshore,https://www.sandiegofishreports.com/dock_totals/boats.php?date=2026-08-16,2.0,1.2142857142857142,0.6071428571428571
2026-08-16,Fishermans,Tomahawk,2_day,28,dorado,5,0,offshore,https://www.sandiegofishreports.com/dock_totals/boats.php?date=2026-08-16,2.0,0.17857142857142858,0.08928571428571429
2026-08-16,Fishermans,Tomahawk,2_day,28,yellowfin_tuna,1,0,offshore,https://www.sandiegofishreports.com/dock_totals/boats.php?date=2026-08-16,2.0,0.03571428571428571,0.017857142857142856
2026-08-16,H&M,Daiwa Pacific,full_day,24,barracuda,12,0,point loma kelp,https://www.sandiegofishreports.com/dock_totals/boats.php?date=2026-08-16,1.0,0.5,0.5
2026-08-16,H&M,Daiwa Pacific,full_day,24,sheephead,2,0,point loma kelp,https://www.sandiegofishreports.com/dock_totals/boats.php?date=2026-08-16,1.0,0.08333333333333333,0.08333333333333333
2026-08-16,H&M,Daiwa Pacific,full_day,24,calico_bass,10,80,point loma kelp,https://www.sandiegofishreports.com/dock_totals/boats.php?date=2026-08-16,1.0,0.4166666666666667,0.4166666666666667
2026-08-16,H&M,Daiwa Pacific,full_day,24,rockfish,14,0,point loma kelp,https://www.sandiegofishreports.com/dock_totals/boats.php?date=2026-08-16,1.0,0.5833333333333334,0.5833333333333334
2026-08-16,H&M,Grande,overnight,24,dorado,1,0,offshore,https://www.sandiegofishreports.com/dock_totals/boats.php?date=2026-08-16,1.0,0.041666666666666664,0.041666666666666664
2026-08-16,H&M,Grande,overnight,24,yellowfin_tuna,32,0,offshore,https://www.sandiegofishreports.com/dock_totals/boats.php?date=2026-08-16,1.0,1.3333333333333333,1.3333333333333333
2026-08-16,H&M,Horizon,2_day,25,yellowtail,15,0,offshore,https://www.sandiegofishreports.com/dock_totals/boats.php?date=2026-08-16,2.0,0.6,0.3
2026-08-16,H&M,Horizon,2_day,25,dorado,2,0,offshore,https://www.sandiegofishreports.com/dock_totals/boats.php?date=2026-08-16,2.0,0.08,0.04
2026-08-16,H&M,Horizon,2_day,25,calico_bass,87,0,offshore,https://www.sandiegofishreports.com/dock_totals/boats.php?date=2026-08-16,2.0,3.48,1.74
2026-08-16,H&M,Premier,half_day,55,sand_bass,4,0,point loma kelp,https://www.sandiegofishreports.com/dock_totals/boats.php?date=2026-08-16,0.5,0.07272727272727272,0.14545454545454545
2026-08-16,H&M,Premier,half_day,55,sheephead,1,0,point loma kelp,https://www.sandiegofishreports.com/dock_totals/boats.php?date=2026-08-16,0.5,0.01818181818181818,0.03636363636363636
2026-08-16,H&M,Premier,half_day,55,calico_bass,1,0,point loma kelp,https://www.sandiegofishreports.com/dock_totals/boats.php?date=2026-08-16,0.5,0.01818181818181818,0.03636363636363636
2026-08-16,H&M,Premier,half_day,55,bonito,1,0,point loma kelp,https://www.sandiegofishreports.com/dock_totals/boats.php?date=2026-08-16,0.5,0.01818181818181818,0.03636363636363636
2026-08-16,H&M,Premier,half_day,55,rockfish,112,0,point loma kelp,https://www.sandiegofishreports.com/dock_totals/boats.php?date=2026-08-16,0.5,2.036363636363636,4.072727272727272
2026-08-16,H&M,Premier,half_day,44,sheephead,3,0,point loma kelp,https://www.sandiegofishreports.com/dock_totals/boats.php?date=2026-08-16,0.5,0.06818181818181818,0.13636363636363635
2026-08-16,H&M,Premier,half_day,44,calico_bass,5,0,point loma kelp,https://www.sandiegofishreports.com/dock_totals/boats.php?date=2026-08-16,0.5,0.11363636363636363,0.22727272727272727
2026-08-16,H&M,Premier,half_day,44,rockfish,41,0,point loma kelp,https://www.sandiegofishreports.com/dock_totals/boats.php?date=2026-08-16,0.5,0.9318181818181818,1.8636363636363635
2026-08-16,H&M,Producer,overnight,29,yellowfin_tuna,30,0,offshore,https://www.sandiegofishreports.com/dock_totals/boats.php?date=2026-08-16,1.0,1.0344827586206897,1.0344827586206897
2026-08-16,H&M,Vendetta 2,2.5_day,12,yellowtail,60,0,offshore,https://www.sandiegofishreports.com/dock_totals/boats.php?date=2026-08-16,2.5,5.0,2.0
2026-08-16,H&M,Vendetta 2,2.5_day,12,dorado,1,0,offshore,https://www.sandiegofishreports.com/dock_totals/boats.php?date=2026-08-16,2.5,0.08333333333333333,0.03333333333333333
2026-08-16,H&M,Vendetta 2,2.5_day,12,yellowfin_tuna,2,0,offshore,https://www.sandiegofishreports.com/dock_totals/boats.php?date=2026-08-16,2.5,0.16666666666666666,0.06666666666666667
2026-08-16,Point Loma,Daily Double,half_day,39,sand_bass,1,0,point loma kelp,https://www.sandiegofishreports.com/dock_totals/boats.php?date=2026-08-16,0.5,0.02564102564102564,0.05128205128205128
2026-08-16,Point Loma,Daily Double,half_day,39,rockfish,98,0,point loma kelp,https://www.sandiegofishreports.com/dock_totals/boats.php?date=2026-08-16,0.5,2.5128205128205128,5.0256410256410255
2026-08-16,Point Loma,Mission Belle,full_day,30,yellowtail,30,0,coronados,https://www.sandiegofishreports.com/dock_totals/boats.php?date=2026-08-16,1.0,1.0,1.0
2026-08-16,Point Loma,Mission Belle,full_day,30,calico_bass,2,0,coronados,https://www.sandiegofishreports.com/dock_totals/boats.php?date=2026-08-16,1.0,0.06666666666666667,0.06666666666666667
2026-08-16,Point Loma,Point Loma,full_day,17,yellowfin_tuna,2,0,point loma kelp,https://www.sandiegofishreports.com/dock_totals/boats.php?date=2026-08-16,1.0,0.11764705882352941,0.11764705882352941
2026-08-16,Seaforth,Apollo,2_day,20,yellowtail,39,0,offshore,https://www.sandiegofishreports.com/dock_totals/boats.php?date=2026-08-16,2.0,1.95,0.975
2026-08-16,Seaforth,Apollo,2_day,20,dorado,1,0,offshore,https://www.sandiegofishreports.com/dock_totals/boats.php?date=2026-08-16,2.0,0.05,0.025
2026-08-16,Seaforth,Cortez,2_day,14,yellowtail,23,0,offshore,https://www.sandiegofishreports.com/dock_totals/boats.php?date=2026-08-16,2.0,1.6428571428571428,0.8214285714285714
2026-08-16,Seaforth,Cortez,2_day,14,calico_bass,6,0,offshore,https://www.sandiegofishreports.com/dock_totals/boats.php?date=2026-08-16,2.0,0.42857142857142855,0.21428571428571427
2026-08-16,Seaforth,Cortez,2_day,14,bonito,5,0,offshore,https://www.sandiegofishreports.com/dock_totals/boats.php?date=2026-08-16,2.0,0.35714285714285715,0.17857142857142858
2026-08-16,Seaforth,Cortez,2_day,14,rockfish,70,0,offshore,https://www.sandiegofishreports.com/dock_totals/boats.php?date=2026-08-16,2.0,5.0,2.5
2026-08-16,Seaforth,New Seaforth,half_day,54,barracuda,1,0,point loma kelp,https://www.sandiegofishreports.com/dock_totals/boats.php?date=2026-08-16,0.5,0.018518518518518517,0.037037037037037035
2026-08-16,Seaforth,New Seaforth,half_day,54,yellowtail,4,0,point loma kelp,https://www.sandiegofishreports.com/dock_totals/boats.php?date=2026-08-16,0.5,0.07407407407407407,0.14814814814814814
2026-08-16,Seaforth,New Seaforth,half_day,54,calico_bass,6,0,point loma kelp,https://www.sandiegofishreports.com/dock_totals/boats.php?date=2026-08-16,0.5,0.1111111111111111,0.2222222222222222
2026-08-16,Seaforth,New Seaforth,half_day,54,rockfish,1,0,point loma kelp,https://www.sandiegofishreports.com/dock_totals/boats.php?date=2026-08-16,0.5,0.018518518518518517,0.037037037037037035
2026-08-16,Seaforth,New Seaforth,half_day,50,sheephead,5,0,point loma kelp,https://www.sandiegofishreports.com/dock_totals/boats.php?date=2026-08-16,0.5,0.1,0.2
2026-08-16,Seaforth,New Seaforth,half_day,50,yellowtail,1,0,point loma kelp,https://www.sandiegofishreports.com/dock_totals/boats.php?date=2026-08-16,0.5,0.02,0.04
2026-08-16,Seaforth,New Seaforth,half_day,50,calico_bass,6,0,point loma kelp,https://www.sandiegofishreports.com/dock_totals/boats.php?date=2026-08-16,0.5,0.12,0.24
2026-08-16,Seaforth,New Seaforth,half_day,50,bonito,10,0,point loma kelp,https://www.sandiegofishreports.com/dock_totals/boats.php?date=2026-08-16,0.5,0.2,0.4
2026-08-16,Seaforth,New Seaforth,half_day,55,sand_bass,20,20,point loma kelp,https://www.sandiegofishreports.com/dock_totals/boats.php?date=2026-08-16,0.5,0.36363636363636365,0.7272727272727273
2026-08-16,Seaforth,New Seaforth,half_day,55,calico_bass,12,50,point loma kelp,https://www.sandiegofishreports.com/dock_totals/boats.php?date=2026-08-16,0.5,0.21818181818181817,0.43636363636363634
2026-08-16,Seaforth,New Seaforth,half_day,55,bonito,2,0,point loma kelp,https://www.sandiegofishreports.com/dock_totals/boats.php?date=2026-08-16,0.5,0.03636363636363636,0.07272727272727272
2026-08-16,Seaforth,New Seaforth,half_day,55,rockfish,9,0,point loma kelp,https://www.sandiegofishreports.com/dock_totals/boats.php?date=2026-08-16,0.5,0.16363636363636364,0.32727272727272727
2026-08-16,Seaforth,Pacific Voyager,3_day,19,yellowtail,307,0,offshore,https://www.sandiegofishreports.com/dock_totals/boats.php?date=2026-08-16,3.0,16.157894736842106,5.385964912280702
2026-08-16,Seaforth,Pacific Voyager,3_day,19,dorado,2,0,offshore,https://www.sandiegofishreports.com/dock_totals/boats.php?date=2026-08-16,3.0,0.10526315789473684,0.03508771929824561
2026-08-16,Seaforth,Pacifica,2_day,26,yellowtail,33,0,offshore,https://www.sandiegofishreports.com/dock_totals/boats.php?date=2026-08-16,2.0,1.2692307692307692,0.6346153846153846
2026-08-16,Seaforth,Pacifica,2_day,26,dorado,82,0,offshore,https://www.sandiegofishreports.com/dock_totals/boats.php?date=2026-08-16,2.0,3.1538461538461537,1.5769230769230769
2026-08-16,Seaforth,Pacifica,2_day,26,white_seabass,1,0,offshore,https://www.sandiegofishreports.com/dock_totals/boats.php?date=2026-08-16,2.0,0.038461538461538464,0.019230769230769232
2026-08-16,Seaforth,Pacifica,2_day,26,yellowfin_tuna,32,0,offshore,https://www.sandiegofishreports.com/dock_totals/boats.php?date=2026-08-16,2.0,1.2307692307692308,0.6153846153846154
2026-08-16,Seaforth,San Diego,full_day,29,dorado,1,0,offshore,https://www.sandiegofishreports.com/dock_totals/boats.php?date=2026-08-16,1.0,0.034482758620689655,0.034482758620689655
2026-08-16,Seaforth,San Diego,full_day,29,yellowfin_tuna,37,0,offshore,https://www.sandiegofishreports.com/dock_totals/boats.php?date=2026-08-16,1.0,1.2758620689655173,1.2758620689655173
2026-08-16,Seaforth,Sea Watch,three_quarter_day,34,sand_bass,1,0,point loma kelp,https://www.sandiegofishreports.com/dock_totals/boats.php?date=2026-08-16,0.75,0.029411764705882353,0.0392156862745098
2026-08-16,Seaforth,Sea Watch,three_quarter_day,34,sheephead,10,0,point loma kelp,https://www.sandiegofishreports.com/dock_totals/boats.php?date=2026-08-16,0.75,0.29411764705882354,0.39215686274509803
2026-08-16,Seaforth,Sea Watch,three_quarter_day,34,yellowtail,1,0,point loma kelp,https://www.sandiegofishreports.com/dock_totals/boats.php?date=2026-08-16,0.75,0.029411764705882353,0.0392156862745098
2026-08-16,Seaforth,Sea Watch,three_quarter_day,34,calico_bass,11,50,point loma kelp,https://www.sandiegofishreports.com/dock_totals/boats.php?date=2026-08-16,0.75,0.3235294117647059,0.43137254901960786
2026-08-16,Seaforth,Sea Watch,three_quarter_day,34,bonito,2,0,point loma kelp,https://www.sandiegofishreports.com/dock_totals/boats.php?date=2026-08-16,0.75,0.058823529411764705,0.0784313725490196
2026-08-16,Seaforth,Sea Watch,three_quarter_day,34,rockfish,1,0,point loma kelp,https://www.sandiegofishreports.com/dock_totals/boats.php?date=2026-08-16,0.75,0.029411764705882353,0.0392156862745098
2026-08-16,Seaforth,Tribute,overnight,30,dorado,1,0,offshore,https://www.sandiegofishreports.com/dock_totals/boats.php?date=2026-08-16,1.0,0.03333333333333333,0.03333333333333333
2026-08-16,Seaforth,Tribute,overnight,30,yellowfin_tuna,9,0,offshore,https://www.sandiegofishreports.com/dock_totals/boats.php?date=2026-08-16,1.0,0.3,0.3
2026-08-16,Seaforth,Voyager,overnight,15,yellowtail,12,0,offshore,https://www.sandiegofishreports.com/dock_totals/boats.php?date=2026-08-16,1.0,0.8,0.8
2026-08-17,Fishermans,Dolphin,half_day,25,sheephead,6,0,point loma kelp,https://www.sandiegofishreports.com/dock_totals/boats.php?date=2026-08-17,0.5,0.24,0.48
2026-08-17,Fishermans,Dolphin,half_day,25,yellowtail,1,0,point loma kelp,https://www.sandiegofishreports.com/dock_totals/boats.php?date=2026-08-17,0.5,0.04,0.08
2026-08-17,Fishermans,Dolphin,half_day,25,calico_bass,5,0,point loma kelp,https://www.sandiegofishreports.com/dock_totals/boats.php?date=2026-08-17,0.5,0.2,0.4
2026-08-17,Fishermans,Dolphin,half_day,25,rockfish,62,0,point loma kelp,https://www.sandiegofishreports.com/dock_totals/boats.php?date=2026-08-17,0.5,2.48,4.96
2026-08-17,Fishermans,Dolphin,half_day,10,sheephead,13,0,point loma kelp,https://www.sandiegofishreports.com/dock_totals/boats.php?date=2026-08-17,0.5,1.3,2.6
2026-08-17,Fishermans,Dolphin,half_day,10,yellowtail,2,0,point loma kelp,https://www.sandiegofishreports.com/dock_totals/boats.php?date=2026-08-17,0.5,0.2,0.4
2026-08-17,Fishermans,Dolphin,half_day,10,calico_bass,12,0,point loma kelp,https://www.sandiegofishreports.com/dock_totals/boats.php?date=2026-08-17,0.5,1.2,2.4
2026-08-17,Fishermans,Dolphin,half_day,10,bonito,50,0,point loma kelp,https://www.sandiegofishreports.com/dock_totals/boats.php?date=2026-08-17,0.5,5.0,10.0
2026-08-17,Fishermans,Dolphin,half_day,10,rockfish,8,0,point loma kelp,https://www.sandiegofishreports.com/dock_totals/boats.php?date=2026-08-17,0.5,0.8,1.6
2026-08-17,Fishermans,Islander,4_day,24,yellowtail,66,0,offshore,https://www.sandiegofishreports.com/dock_totals/boats.php?date=2026-08-17,4.0,2.75,0.6875
2026-08-17,Fishermans,Islander,4_day,24,dorado,19,0,offshore,https://www.sandiegofishreports.com/dock_totals/boats.php?date=2026-08-17,4.0,0.7916666666666666,0.19791666666666666
2026-08-17,Fishermans,Pacific Dawn,2_day,17,bluefin_tuna,1,0,offshore,https://www.sandiegofishreports.com/dock_totals/boats.php?date=2026-08-17,2.0,0.058823529411764705,0.029411764705882353
2026-08-17,Fishermans,Pacific Dawn,2_day,17,yellowtail,56,0,offshore,https://www.sandiegofishreports.com/dock_totals/boats.php?date=2026-08-17,2.0,3.2941176470588234,1.6470588235294117
2026-08-17,Fishermans,Pacific Dawn,2_day,17,dorado,5,0,offshore,https://www.sandiegofishreports.com/dock_totals/boats.php?date=2026-08-17,2.0,0.29411764705882354,0.14705882352941177
2026-08-17,Fishermans,Pacific Queen,3.5_day,21,yellowtail,315,0,offshore,https://www.sandiegofishreports.com/dock_totals/boats.php?date=2026-08-17,3.5,15.0,4.285714285714286
2026-08-17,Fishermans,Pacific Queen,3.5_day,21,dorado,57,0,offshore,https://www.sandiegofishreports.com/dock_totals/boats.php?date=2026-08-17,3.5,2.7142857142857144,0.7755102040816326
2026-08-17,Fishermans,Pegasus,3_day,10,california_halibut,2,0,offshore,https://www.sandiegofishreports.com/dock_totals/boats.php?date=2026-08-17,3.0,0.2,0.06666666666666667
2026-08-17,Fishermans,Pegasus,3_day,10,yellowtail,82,0,offshore,https://www.sandiegofishreports.com/dock_totals/boats.php?date=2026-08-17,3.0,8.2,2.7333333333333334
2026-08-17,Fishermans,Pegasus,3_day,10,dorado,115,0,offshore,https://www.sandiegofishreports.com/dock_totals/boats.php?date=2026-08-17,3.0,11.5,3.8333333333333335
2026-08-17,Fishermans,Pegasus,3_day,10,yellowfin_tuna,1,0,offshore,https://www.sandiegofishreports.com/dock_totals/boats.php?date=2026-08-17,3.0,0.1,0.03333333333333333
2026-08-17,H&M,Grande,full_day,40,yellowfin_tuna,13,0,offshore,https://www.sandiegofishreports.com/dock_totals/boats.php?date=2026-08-17,1.0,0.325,0.325
2026-08-17,H&M,Legend,3_day,28,yellowtail,280,0,offshore,https://www.sandiegofishreports.com/dock_totals/boats.php?date=2026-08-17,3.0,10.0,3.3333333333333335
2026-08-17,H&M,Legend,3_day,28,dorado,6,0,offshore,https://www.sandiegofishreports.com/dock_totals/boats.php?date=2026-08-17,3.0,0.21428571428571427,0.07142857142857142
2026-08-17,H&M,Legend,3_day,28,yellowfin_tuna,3,0,offshore,https://www.sandiegofishreports.com/dock_totals/boats.php?date=2026-08-17,3.0,0.10714285714285714,0.03571428571428571
2026-08-17,H&M,Malihini,three_quarter_day,33,sand_bass,1,0,point loma kelp,https://www.sandiegofishreports.com/dock_totals/boats.php?date=2026-08-17,0.75,0.030303030303030304,0.04040404040404041
2026-08-17,H&M,Malihini,three_quarter_day,33,sheephead,5,0,point loma kelp,https://www.sandiegofishreports.com/dock_totals/boats.php?date=2026-08-17,0.75,0.15151515151515152,0.20202020202020202
2026-08-17,H&M,Malihini,three_quarter_day,33,calico_bass,11,40,point loma kelp,https://www.sandiegofishreports.com/dock_totals/boats.php?date=2026-08-17,0.75,0.3333333333333333,0.4444444444444444
2026-08-17,H&M,Malihini,three_quarter_day,33,bonito,6,0,point loma kelp,https://www.sandiegofishreports.com/dock_totals/boats.php?date=2026-08-17,0.75,0.18181818181818182,0.24242424242424243
2026-08-17,H&M,Malihini,three_quarter_day,33,rockfish,52,0,point loma kelp,https://www.sandiegofishreports.com/dock_totals/boats.php?date=2026-08-17,0.75,1.5757575757575757,2.101010101010101
2026-08-17,H&M,Premier,half_day,18,sheephead,6,0,point loma kelp,https://www.sandiegofishreports.com/dock_totals/boats.php?date=2026-08-17,0.5,0.3333333333333333,0.6666666666666666
2026-08-17,H&M,Premier,half_day,18,calico_bass,15,76,point loma kelp,https://www.sandiegofishreports.com/dock_totals/boats.php?date=2026-08-17,0.5,0.8333333333333334,1.6666666666666667
2026-08-17,H&M,Premier,half_day,18,bonito,3,0,point loma kelp,https://www.sandiegofishreports.com/dock_totals/boats.php?date=2026-08-17,0.5,0.16666666666666666,0.3333333333333333
2026-08-17,H&M,Premier,half_day,18,rockfish,16,0,point loma kelp,https://www.sandiegofishreports.com/dock_totals/boats.php?date=2026-08-17,0.5,0.8888888888888888,1.7777777777777777
2026-08-17,H&M,Producer,overnight,29,dorado,1,0,offshore,https://www.sandiegofishreports.com/dock_totals/boats.php?date=2026-08-17,1.0,0.034482758620689655,0.034482758620689655
2026-08-17,H&M,Producer,overnight,29,yellowfin_tuna,21,0,offshore,https://www.sandiegofishreports.com/dock_totals/boats.php?date=2026-08-17,1.0,0.7241379310344828,0.7241379310344828
2026-08-17,Point Loma,Daily Double,half_day,38,sand_bass,1,1,point loma kelp,https://www.sandiegofishreports.com/dock_totals/boats.php?date=2026-08-17,0.5,0.02631578947368421,0.05263157894736842
2026-08-17,Point Loma,Daily Double,half_day,38,rockfish,65,65,point loma kelp,https://www.sandiegofishreports.com/dock_totals/boats.php?date=2026-08-17,0.5,1.7105263157894737,3.4210526315789473
2026-08-17,Point Loma,Mission Belle,full_day,16,yellowtail,80,0,coronados,https://www.sandiegofishreports.com/dock_totals/boats.php?date=2026-08-17,1.0,5.0,5.0
2026-08-17,Seaforth,Aztec,2.5_day,26,yellowtail,5,0,offshore,https://www.sandiegofishreports.com/dock_totals/boats.php?date=2026-08-17,2.5,0.19230769230769232,0.07692307692307693
2026-08-17,Seaforth,Aztec,2.5_day,26,dorado,8,0,offshore,https://www.sandiegofishreports.com/dock_totals/boats.php?date=2026-08-17,2.5,0.3076923076923077,0.12307692307692308
2026-08-17,Seaforth,Aztec,2.5_day,26,yellowfin_tuna,24,0,offshore,https://www.sandiegofishreports.com/dock_totals/boats.php?date=2026-08-17,2.5,0.9230769230769231,0.36923076923076925
2026-08-17,Seaforth,Highliner,1.5_day,20,yellowtail,149,0,offshore,https://www.sandiegofishreports.com/dock_totals/boats.php?date=2026-08-17,1.5,7.45,4.966666666666667
2026-08-17,Seaforth,Highliner,1.5_day,20,dorado,2,0,offshore,https://www.sandiegofishreports.com/dock_totals/boats.php?date=2026-08-17,1.5,0.1,0.06666666666666667
2026-08-17,Seaforth,Highliner,1.5_day,20,yellowfin_tuna,2,0,offshore,https://www.sandiegofishreports.com/dock_totals/boats.php?date=2026-08-17,1.5,0.1,0.06666666666666667
2026-08-17,Seaforth,New Seaforth,half_day,32,sand_bass,2,0,point loma kelp,https://www.sandiegofishreports.com/dock_totals/boats.php?date=2026-08-17,0.5,0.0625,0.125
2026-08-17,Seaforth,New Seaforth,half_day,32,sheephead,15,0,point loma kelp,https://www.sandiegofishreports.com/dock_totals/boats.php?date=2026-08-17,0.5,0.46875,0.9375
2026-08-17,Seaforth,New Seaforth,half_day,32,calico_bass,7,0,point loma kelp,https://www.sandiegofishreports.com/dock_totals/boats.php?date=2026-08-17,0.5,0.21875,0.4375
2026-08-17,Seaforth,New Seaforth,half_day,32,bonito,7,0,point loma kelp,https://www.sandiegofishreports.com/dock_totals/boats.php?date=2026-08-17,0.5,0.21875,0.4375
2026-08-17,Seaforth,New Seaforth,half_day,32,rockfish,7,0,point loma kelp,https://www.sandiegofishreports.com/dock_totals/boats.php?date=2026-08-17,0.5,0.21875,0.4375
2026-08-17,Seaforth,New Seaforth,half_day,29,barracuda,1,0,point loma kelp,https://www.sandiegofishreports.com/dock_totals/boats.php?date=2026-08-17,0.5,0.034482758620689655,0.06896551724137931
2026-08-17,Seaforth,New Seaforth,half_day,29,sheephead,5,0,point loma kelp,https://www.sandiegofishreports.com/dock_totals/boats.php?date=2026-08-17,0.5,0.1724137931034483,0.3448275862068966
2026-08-17,Seaforth,New Seaforth,half_day,29,yellowtail,1,0,point loma kelp,https://www.sandiegofishreports.com/dock_totals/boats.php?date=2026-08-17,0.5,0.034482758620689655,0.06896551724137931
2026-08-17,Seaforth,New Seaforth,half_day,29,calico_bass,1,0,point loma kelp,https://www.sandiegofishreports.com/dock_totals/boats.php?date=2026-08-17,0.5,0.034482758620689655,0.06896551724137931
2026-08-17,Seaforth,New Seaforth,half_day,29,bonito,1,0,point loma kelp,https://www.sandiegofishreports.com/dock_totals/boats.php?date=2026-08-17,0.5,0.034482758620689655,0.06896551724137931
2026-08-17,Seaforth,New Seaforth,half_day,29,rockfish,3,0,point loma kelp,https://www.sandiegofishreports.com/dock_totals/boats.php?date=2026-08-17,0.5,0.10344827586206896,0.20689655172413793
2026-08-17,Seaforth,New Seaforth,half_day,31,calico_bass,2,20,point loma kelp,https://www.sandiegofishreports.com/dock_totals/boats.php?date=2026-08-17,0.5,0.06451612903225806,0.12903225806451613
2026-08-17,Seaforth,New Seaforth,half_day,31,bonito,4,0,point loma kelp,https://www.sandiegofishreports.com/dock_totals/boats.php?date=2026-08-17,0.5,0.12903225806451613,0.25806451612903225
2026-08-17,Seaforth,New Seaforth,half_day,31,rockfish,20,0,point loma kelp,https://www.sandiegofishreports.com/dock_totals/boats.php?date=2026-08-17,0.5,0.6451612903225806,1.2903225806451613
2026-08-17,Seaforth,Polaris Supreme,2_day,24,california_halibut,1,0,offshore,https://www.sandiegofishreports.com/dock_totals/boats.php?date=2026-08-17,2.0,0.041666666666666664,0.020833333333333332
2026-08-17,Seaforth,Polaris Supreme,2_day,24,yellowtail,218,0,offshore,https://www.sandiegofishreports.com/dock_totals/boats.php?date=2026-08-17,2.0,9.083333333333334,4.541666666666667
2026-08-17,Seaforth,San Diego,full_day,36,yellowfin_tuna,27,0,offshore,https://www.sandiegofishreports.com/dock_totals/boats.php?date=2026-08-17,1.0,0.75,0.75
2026-08-17,Seaforth,Sea Watch,full_day,8,sand_bass,1,0,coronados,https://www.sandiegofishreports.com/dock_totals/boats.php?date=2026-08-17,1.0,0.125,0.125
2026-08-17,Seaforth,Sea Watch,full_day,8,barracuda,2,0,coronados,https://www.sandiegofishreports.com/dock_totals/boats.php?date=2026-08-17,1.0,0.25,0.25
2026-08-17,Seaforth,Sea Watch,full_day,8,yellowtail,3,0,coronados,https://www.sandiegofishreports.com/dock_totals/boats.php?date=2026-08-17,1.0,0.375,0.375
2026-08-17,Seaforth,Sea Watch,full_day,8,calico_bass,4,0,coronados,https://www.sandiegofishreports.com/dock_totals/boats.php?date=2026-08-17,1.0,0.5,0.5
2026-08-17,Seaforth,Sea Watch,full_day,8,rockfish,6,0,coronados,https://www.sandiegofishreports.com/dock_totals/boats.php?date=2026-08-17,1.0,0.75,0.75
2026-08-18,Fishermans,Dolphin,half_day,13,sand_bass,1,0,point loma kelp,https://www.sandiegofishreports.com/dock_totals/boats.php?date=2026-08-18,0.5,0.07692307692307693,0.15384615384615385
2026-08-18,Fishermans,Dolphin,half_day,13,sheephead,1,0,point loma kelp,https://www.sandiegofishreports.com/dock_totals/boats.php?date=2026-08-18,0.5,0.07692307692307693,0.15384615384615385
2026-08-18,Fishermans,Dolphin,half_day,13,calico_bass,1,0,point loma kelp,https://www.sandiegofishreports.com/dock_totals/boats.php?date=2026-08-18,0.5,0.07692307692307693,0.15384615384615385
2026-08-18,Fishermans,Dolphin,half_day,13,rockfish,75,0,point loma kelp,https://www.sandiegofishreports.com/dock_totals/boats.php?date=2026-08-18,0.5,5.769230769230769,11.538461538461538
2026-08-18,Fishermans,Dolphin,half_day,19,sand_bass,6,0,point loma kelp,https://www.sandiegofishreports.com/dock_totals/boats.php?date=2026-08-18,0.5,0.3157894736842105,0.631578947368421
2026-08-18,Fishermans,Dolphin,half_day,19,sheephead,10,0,point loma kelp,https://www.sandiegofishreports.com/dock_totals/boats.php?date=2026-08-18,0.5,0.5263157894736842,1.0526315789473684
2026-08-18,Fishermans,Dolphin,half_day,19,yellowtail,8,0,point loma kelp,https://www.sandiegofishreports.com/dock_totals/boats.php?date=2026-08-18,0.5,0.42105263157894735,0.8421052631578947
2026-08-18,Fishermans,Dolphin,half_day,19,calico_bass,30,0,point loma kelp,https://www.sandiegofishreports.com/dock_totals/boats.php?date=2026-08-18,0.5,1.5789473684210527,3.1578947368421053
2026-08-18,Fishermans,Dolphin,half_day,19,bonito,31,0,point loma kelp,https://www.sandiegofishreports.com/dock_totals/boats.php?date=2026-08-18,0.5,1.631578947368421,3.263157894736842
2026-08-18,Fishermans,Dolphin,half_day,19,rockfish,10,0,point loma kelp,https://www.sandiegofishreports.com/dock_totals/boats.php?date=2026-08-18,0.5,0.5263157894736842,1.0526315789473684
2026-08-18,Fishermans,Fortune,1.5_day,18,yellowtail,120,0,offshore,https://www.sandiegofishreports.com/dock_totals/boats.php?date=2026-08-18,1.5,6.666666666666667,4.444444444444445
2026-08-18,Fishermans,Fortune,1.5_day,18,dorado,6,0,offshore,https://www.sandiegofishreports.com/dock_totals/boats.php?date=2026-08-18,1.5,0.3333333333333333,0.2222222222222222
2026-08-18,H&M,Excalibur,2_day,27,dorado,6,0,offshore,https://www.sandiegofishreports.com/dock_totals/boats.php?date=2026-08-18,2.0,0.2222222222222222,0.1111111111111111
2026-08-18,H&M,Excalibur,2_day,27,yellowfin_tuna,6,0,offshore,https://www.sandiegofishreports.com/dock_totals/boats.php?date=2026-08-18,2.0,0.2222222222222222,0.1111111111111111
2026-08-18,H&M,Grande,full_day,39,yellowfin_tuna,56,0,offshore,https://www.sandiegofishreports.com/dock_totals/boats.php?date=2026-08-18,1.0,1.435897435897436,1.435897435897436
2026-08-18,H&M,Premier,half_day,18,sand_bass,1,0,point loma kelp,https://www.sandiegofishreports.com/dock_totals/boats.php?date=2026-08-18,0.5,0.05555555555555555,0.1111111111111111
2026-08-18,H&M,Premier,half_day,18,sheephead,2,0,point loma kelp,https://www.sandiegofishreports.com/dock_totals/boats.php?date=2026-08-18,0.5,0.1111111111111111,0.2222222222222222
2026-08-18,H&M,Premier,half_day,18,bonito,3,0,point loma kelp,https://www.sandiegofishreports.com/dock_totals/boats.php?date=2026-08-18,0.5,0.16666666666666666,0.3333333333333333
2026-08-18,H&M,Premier,half_day,18,rockfish,37,0,point loma kelp,https://www.sandiegofishreports.com/dock_totals/boats.php?date=2026-08-18,0.5,2.0555555555555554,4.111111111111111
2026-08-18,H&M,Producer,overnight,25,yellowfin_tuna,77,0,offshore,https://www.sandiegofishreports.com/dock_totals/boats.php?date=2026-08-18,1.0,3.08,3.08
2026-08-18,Point Loma,Daily Double,half_day,11,sand_bass,14,0,point loma kelp,https://www.sandiegofishreports.com/dock_totals/boats.php?date=2026-08-18,0.5,1.2727272727272727,2.5454545454545454
2026-08-18,Point Loma,Daily Double,half_day,11,calico_bass,3,0,point loma kelp,https://www.sandiegofishreports.com/dock_totals/boats.php?date=2026-08-18,0.5,0.2727272727272727,0.5454545454545454
2026-08-18,Point Loma,Daily Double,half_day,11,bonito,5,0,point loma kelp,https://www.sandiegofishreports.com/dock_totals/boats.php?date=2026-08-18,0.5,0.45454545454545453,0.9090909090909091
2026-08-18,Point Loma,Mission Belle,full_day,31,sand_bass,2,0,coronados,https://www.sandiegofishreports.com/dock_totals/boats.php?date=2026-08-18,1.0,0.06451612903225806,0.06451612903225806
2026-08-18,Point Loma,Mission Belle,full_day,31,yellowtail,64,0,coronados,https://www.sandiegofishreports.com/dock_totals/boats.php?date=2026-08-18,1.0,2.064516129032258,2.064516129032258
2026-08-18,Point Loma,New Lo-An,2_day,25,sheephead,3,0,offshore,https://www.sandiegofishreports.com/dock_totals/boats.php?date=2026-08-18,2.0,0.12,0.06
2026-08-18,Point Loma,New Lo-An,2_day,25,yellowtail,205,0,offshore,https://www.sandiegofishreports.com/dock_totals/boats.php?date=2026-08-18,2.0,8.2,4.1
2026-08-18,Point Loma,New Lo-An,2_day,25,dorado,5,0,offshore,https://www.sandiegofishreports.com/dock_totals/boats.php?date=2026-08-18,2.0,0.2,0.1
2026-08-18,Point Loma,Point Loma,half_day,13,sand_bass,22,0,point loma kelp,https://www.sandiegofishreports.com/dock_totals/boats.php?date=2026-08-18,0.5,1.6923076923076923,3.3846153846153846
2026-08-18,Point Loma,Point Loma,half_day,13,california_halibut,2,0,point loma kelp,https://www.sandiegofishreports.com/dock_totals/boats.php?date=2026-08-18,0.5,0.15384615384615385,0.3076923076923077
2026-08-18,Point Loma,Point Loma,half_day,13,yellowtail,2,0,point loma kelp,https://www.sandiegofishreports.com/dock_totals/boats.php?date=2026-08-18,0.5,0.15384615384615385,0.3076923076923077
2026-08-18,Point Loma,Point Loma,half_day,13,bonito,20,0,point loma kelp,https://www.sandiegofishreports.com/dock_totals/boats.php?date=2026-08-18,0.5,1.5384615384615385,3.076923076923077
2026-08-18,Point Loma,Point Loma,half_day,13,rockfish,2,0,point loma kelp,https://www.sandiegofishreports.com/dock_totals/boats.php?date=2026-08-18,0.5,0.15384615384615385,0.3076923076923077
2026-08-18,Seaforth,Apollo,2_day,19,bluefin_tuna,1,0,offshore,https://www.sandiegofishreports.com/dock_totals/boats.php?date=2026-08-18,2.0,0.05263157894736842,0.02631578947368421
2026-08-18,Seaforth,Apollo,2_day,19,yellowtail,68,0,offshore,https://www.sandiegofishreports.com/dock_totals/boats.php?date=2026-08-18,2.0,3.5789473684210527,1.7894736842105263
2026-08-18,Seaforth,Apollo,2_day,19,dorado,2,0,offshore,https://www.sandiegofishreports.com/dock_totals/boats.php?date=2026-08-18,2.0,0.10526315789473684,0.05263157894736842
2026-08-18,Seaforth,New Seaforth,half_day,7,sand_bass,2,0,point loma kelp,https://www.sandiegofishreports.com/dock_totals/boats.php?date=2026-08-18,0.5,0.2857142857142857,0.5714285714285714
2026-08-18,Seaforth,New Seaforth,half_day,7,sheephead,3,0,point loma kelp,https://www.sandiegofishreports.com/dock_totals/boats.php?date=2026-08-18,0.5,0.42857142857142855,0.8571428571428571
2026-08-18,Seaforth,New Seaforth,half_day,7,calico_bass,3,40,point loma kelp,https://www.sandiegofishreports.com/dock_totals/boats.php?date=2026-08-18,0.5,0.42857142857142855,0.8571428571428571
2026-08-18,Seaforth,New Seaforth,half_day,7,bonito,5,0,point loma kelp,https://www.sandiegofishreports.com/dock_totals/boats.php?date=2026-08-18,0.5,0.7142857142857143,1.4285714285714286
2026-08-18,Seaforth,New Seaforth,half_day,7,rockfish,2,0,point loma kelp,https://www.sandiegofishreports.com/dock_totals/boats.php?date=2026-08-18,0.5,0.2857142857142857,0.5714285714285714
2026-08-18,Seaforth,New Seaforth,half_day,28,sand_bass,2,0,point loma kelp,https://www.sandiegofishreports.com/dock_totals/boats.php?date=2026-08-18,0.5,0.07142857142857142,0.14285714285714285
2026-08-18,Seaforth,New Seaforth,half_day,28,sheephead,2,0,point loma kelp,https://www.sandiegofishreports.com/dock_totals/boats.php?date=2026-08-18,0.5,0.07142857142857142,0.14285714285714285
2026-08-18,Seaforth,New Seaforth,half_day,28,calico_bass,4,0,point loma kelp,https://www.sandiegofishreports.com/dock_totals/boats.php?date=2026-08-18,0.5,0.14285714285714285,0.2857142857142857
2026-08-18,Seaforth,New Seaforth,half_day,28,rockfish,13,0,point loma kelp,https://www.sandiegofishreports.com/dock_totals/boats.php?date=2026-08-18,0.5,0.4642857142857143,0.9285714285714286
2026-08-18,Seaforth,New Seaforth,half_day,23,sand_bass,3,0,point loma kelp,https://www.sandiegofishreports.com/dock_totals/boats.php?date=2026-08-18,0.5,0.13043478260869565,0.2608695652173913
2026-08-18,Seaforth,New Seaforth,half_day,23,barracuda,1,0,point loma kelp,https://www.sandiegofishreports.com/dock_totals/boats.php?date=2026-08-18,0.5,0.043478260869565216,0.08695652173913043
2026-08-18,Seaforth,New Seaforth,half_day,23,bonito,1,0,point loma kelp,https://www.sandiegofishreports.com/dock_totals/boats.php?date=2026-08-18,0.5,0.043478260869565216,0.08695652173913043
2026-08-18,Seaforth,New Seaforth,half_day,23,rockfish,9,0,point loma kelp,https://www.sandiegofishreports.com/dock_totals/boats.php?date=2026-08-18,0.5,0.391304347826087,0.782608695652174
2026-08-18,Seaforth,Pacifica,1.5_day,28,yellowtail,26,0,offshore,https://www.sandiegofishreports.com/dock_totals/boats.php?date=2026-08-18,1.5,0.9285714285714286,0.6190476190476191
2026-08-18,Seaforth,Pacifica,1.5_day,28,dorado,1,0,offshore,https://www.sandiegofishreports.com/dock_totals/boats.php?date=2026-08-18,1.5,0.03571428571428571,0.023809523809523808
2026-08-18,Seaforth,San Diego,full_day,35,yellowfin_tuna,26,0,offshore,https://www.sandiegofishreports.com/dock_totals/boats.php?date=2026-08-18,1.0,0.7428571428571429,0.7428571428571429
2026-08-18,Seaforth,Sea Watch,three_quarter_day,23,sand_bass,1,0,point loma kelp,https://www.sandiegofishreports.com/dock_totals/boats.php?date=2026-08-18,0.75,0.043478260869565216,0.057971014492753624
2026-08-18,Seaforth,Sea Watch,three_quarter_day,23,barracuda,3,0,point loma kelp,https://www.sandiegofishreports.com/dock_totals/boats.php?date=2026-08-18,0.75,0.13043478260869565,0.17391304347826086
2026-08-18,Seaforth,Sea Watch,three_quarter_day,23,sheephead,3,0,point loma kelp,https://www.sandiegofishreports.com/dock_totals/boats.php?date=2026-08-18,0.75,0.13043478260869565,0.17391304347826086
2026-08-18,Seaforth,Sea Watch,three_quarter_day,23,calico_bass,2,25,point loma kelp,https://www.sandiegofishreports.com/dock_totals/boats.php?date=2026-08-18,0.75,0.08695652173913043,0.11594202898550725
2026-08-18,Seaforth,Sea Watch,three_quarter_day,23,bonito,3,0,point loma kelp,https://www.sandiegofishreports.com/dock_totals/boats.php?date=2026-08-18,0.75,0.13043478260869565,0.17391304347826086
2026-08-18,Seaforth,Sea Watch,three_quarter_day,23,rockfish,31,0,point loma kelp,https://www.sandiegofishreports.com/dock_totals/boats.php?date=2026-08-18,0.75,1.3478260869565217,1.7971014492753623
2026-08-18,Seaforth,Tribute,1.5_day,30,bluefin_tuna,6,0,offshore,https://www.sandiegofishreports.com/dock_totals/boats.php?date=2026-08-18,1.5,0.2,0.13333333333333333
2026-08-18,Seaforth,Tribute,1.5_day,30,yellowtail,30,0,offshore,https://www.sandiegofishreports.com/dock_totals/boats.php?date=2026-08-18,1.5,1.0,0.6666666666666666
2026-08-18,Seaforth,Tribute,1.5_day,30,dorado,2,0,offshore,https://www.sandiegofishreports.com/dock_totals/boats.php?date=2026-08-18,1.5,0.06666666666666667,0.044444444444444446
2026-08-18,Seaforth,Tribute,1.5_day,30,bonito,6,0,offshore,https://www.sandiegofishreports.com/dock_totals/boats.php?date=2026-08-18,1.5,0.2,0.13333333333333333
2026-08-18,Seaforth,Tribute,1.5_day,30,rockfish,15,0,offshore,https://www.sandiegofishreports.com/dock_totals/boats.php?date=2026-08-18,1.5,0.5,0.3333333333333333
2026-08-19,Fishermans,Dolphin,half_day,19,california_halibut,1,0,point loma kelp,https://www.sandiegofishreports.com/dock_totals/boats.php?date=2026-08-19,0.5,0.05263157894736842,0.10526315789473684
2026-08-19,Fishermans,Dolphin,half_day,19,sheephead,1,0,point loma kelp,https://www.sandiegofishreports.com/dock_totals/boats.php?date=2026-08-19,0.5,0.05263157894736842,0.10526315789473684
2026-08-19,Fishermans,Dolphin,half_day,19,calico_bass,4,0,point loma kelp,https://www.sandiegofishreports.com/dock_totals/boats.php?date=2026-08-19,0.5,0.21052631578947367,0.42105263157894735
2026-08-19,Fishermans,Dolphin,half_day,19,rockfish,63,0,point loma kelp,https://www.sandiegofishreports.com/dock_totals/boats.php?date=2026-08-19,0.5,3.3157894736842106,6.631578947368421
2026-08-19,Fishermans,Dolphin,half_day,15,barracuda,2,0,point loma kelp,https://www.sandiegofishreports.com/dock_totals/boats.php?date=2026-08-19,0.5,0.13333333333333333,0.26666666666666666
2026-08-19,Fishermans,Dolphin,half_day,15,sheephead,5,0,point loma kelp,https://www.sandiegofishreports.com/dock_totals/boats.php?date=2026-08-19,0.5,0.3333333333333333,0.6666666666666666
2026-08-19,Fishermans,Dolphin,half_day,15,yellowtail,2,0,point loma kelp,https://www.sandiegofishreports.com/dock_totals/boats.php?date=2026-08-19,0.5,0.13333333333333333,0.26666666666666666
2026-08-19,Fishermans,Dolphin,half_day,15,rockfish,29,0,point loma kelp,https://www.sandiegofishreports.com/dock_totals/boats.php?date=2026-08-19,0.5,1.9333333333333333,3.8666666666666667
2026-08-19,Fishermans,Islander,2_day,26,yellowtail,62,0,offshore,https://www.sandiegofishreports.com/dock_totals/boats.php?date=2026-08-19,2.0,2.3846153846153846,1.1923076923076923
2026-08-19,Fishermans,Pegasus,1.5_day,17,sand_bass,1,0,offshore,https://www.sandiegofishreports.com/dock_totals/boats.php?date=2026-08-19,1.5,0.058823529411764705,0.0392156862745098
2026-08-19,Fishermans,Pegasus,1.5_day,17,california_halibut,1,0,offshore,https://www.sandiegofishreports.com/dock_totals/boats.php?date=2026-08-19,1.5,0.058823529411764705,0.0392156862745098
2026-08-19,Fishermans,Pegasus,1.5_day,17,yellowtail,8,0,offshore,https://www.sandiegofishreports.com/dock_totals/boats.php?date=2026-08-19,1.5,0.47058823529411764,0.3137254901960784
2026-08-19,Fishermans,Pegasus,1.5_day,17,dorado,37,0,offshore,https://www.sandiegofishreports.com/dock_totals/boats.php?date=2026-08-19,1.5,2.176470588235294,1.4509803921568627
2026-08-19,Fishermans,Pegasus,1.5_day,17,bonito,3,0,offshore,https://www.sandiegofishreports.com/dock_totals/boats.php?date=2026-08-19,1.5,0.17647058823529413,0.11764705882352941
2026-08-19,Fishermans,Pegasus,1.5_day,17,yellowfin_tuna,24,0,offshore,https://www.sandiegofishreports.com/dock_totals/boats.php?date=2026-08-19,1.5,1.411764705882353,0.9411764705882353
2026-08-19,H&M,Grande,full_day,41,yellowfin_tuna,11,0,offshore,https://www.sandiegofishreports.com/dock_totals/boats.php?date=2026-08-19,1.0,0.2682926829268293,0.2682926829268293
2026-08-19,H&M,Nautilus,overnight,4,yellowfin_tuna,10,0,offshore,https://www.sandiegofishreports.com/dock_totals/boats.php?date=2026-08-19,1.0,2.5,2.5
2026-08-19,H&M,Premier,half_day,13,sheephead,5,0,point loma kelp,https://www.sandiegofishreports.com/dock_totals/boats.php?date=2026-08-19,0.5,0.38461538461538464,0.7692307692307693
2026-08-19,H&M,Premier,half_day,13,yellowtail,1,0,point loma kelp,https://www.sandiegofishreports.com/dock_totals/boats.php?date=2026-08-19,0.5,0.07692307692307693,0.15384615384615385
2026-08-19,H&M,Premier,half_day,13,bonito,1,0,point loma kelp,https://www.sandiegofishreports.com/dock_totals/boats.php?date=2026-08-19,0.5,0.07692307692307693,0.15384615384615385
2026-08-19,H&M,Premier,half_day,13,rockfish,64,0,point loma kelp,https://www.sandiegofishreports.com/dock_totals/boats.php?date=2026-08-19,0.5,4.923076923076923,9.846153846153847
2026-08-19,H&M,Producer,overnight,25,yellowfin_tuna,51,0,offshore,https://www.sandiegofishreports.com/dock_totals/boats.php?date=2026-08-19,1.0,2.04,2.04
2026-08-19,Point Loma,Daily Double,half_day,20,sheephead,2,0,point loma kelp,https://www.sandiegofishreports.com/dock_totals/boats.php?date=2026-08-19,0.5,0.1,0.2
2026-08-19,Point Loma,Daily Double,half_day,20,yellowtail,1,0,point loma kelp,https://www.sandiegofishreports.com/dock_totals/boats.php?date=2026-08-19,0.5,0.05,0.1
2026-08-19,Point Loma,Daily Double,half_day,20,calico_bass,2,0,point loma kelp,https://www.sandiegofishreports.com/dock_totals/boats.php?date=2026-08-19,0.5,0.1,0.2
2026-08-19,Point Loma,Daily Double,half_day,20,rockfish,4,0,point loma kelp,https://www.sandiegofishreports.com/dock_totals/boats.php?date=2026-08-19,0.5,0.2,0.4
2026-08-19,Point Loma,Daily Double,half_day,17,sand_bass,47,0,point loma kelp,https://www.sandiegofishreports.com/dock_totals/boats.php?date=2026-08-19,0.5,2.764705882352941,5.529411764705882
2026-08-19,Point Loma,Daily Double,half_day,17,california_halibut,1,0,point loma kelp,https://www.sandiegofishreports.com/dock_totals/boats.php?date=2026-08-19,0.5,0.058823529411764705,0.11764705882352941
2026-08-19,Point Loma,Daily Double,half_day,17,bonito,3,0,point loma kelp,https://www.sandiegofishreports.com/dock_totals/boats.php?date=2026-08-19,0.5,0.17647058823529413,0.35294117647058826
2026-08-19,Point Loma,Mission Belle,full_day,30,sand_bass,16,0,coronados,https://www.sandiegofishreports.com/dock_totals/boats.php?date=2026-08-19,1.0,0.5333333333333333,0.5333333333333333
2026-08-19,Point Loma,Mission Belle,full_day,30,yellowtail,120,0,coronados,https://www.sandiegofishreports.com/dock_totals/boats.php?date=2026-08-19,1.0,4.0,4.0
2026-08-19,Point Loma,Point Loma,full_day,13,sand_bass,80,80,point loma kelp,https://www.sandiegofishreports.com/dock_totals/boats.php?date=2026-08-19,1.0,6.153846153846154,6.153846153846154
2026-08-19,Point Loma,Point Loma,full_day,13,yellowtail,7,0,point loma kelp,https://www.sandiegofishreports.com/dock_totals/boats.php?date=2026-08-19,1.0,0.5384615384615384,0.5384615384615384
2026-08-19,Seaforth,Aztec,1.5_day,28,yellowtail,16,0,offshore,https://www.sandiegofishreports.com/dock_totals/boats.php?date=2026-08-19,1.5,0.5714285714285714,0.38095238095238093
2026-08-19,Seaforth,Aztec,1.5_day,28,bonito,5,0,offshore,https://www.sandiegofishreports.com/dock_totals/boats.php?date=2026-08-19,1.5,0.17857142857142858,0.11904761904761904
2026-08-19,Seaforth,New Seaforth,half_day,27,sand_bass,2,0,point loma kelp,https://www.sandiegofishreports.com/dock_totals/boats.php?date=2026-08-19,0.5,0.07407407407407407,0.14814814814814814
2026-08-19,Seaforth,New Seaforth,half_day,27,barracuda,2,0,point loma kelp,https://www.sandiegofishreports.com/dock_totals/boats.php?date=2026-08-19,0.5,0.07407407407407407,0.14814814814814814
2026-08-19,Seaforth,New Seaforth,half_day,27,sheephead,6,0,point loma kelp,https://www.sandiegofishreports.com/dock_totals/boats.php?date=2026-08-19,0.5,0.2222222222222222,0.4444444444444444
2026-08-19,Seaforth,New Seaforth,half_day,27,calico_bass,4,0,point loma kelp,https://www.sandiegofishreports.com/dock_totals/boats.php?date=2026-08-19,0.5,0.14814814814814814,0.2962962962962963
2026-08-19,Seaforth,New Seaforth,half_day,27,bonito,4,0,point loma kelp,https://www.sandiegofishreports.com/dock_totals/boats.php?date=2026-08-19,0.5,0.14814814814814814,0.2962962962962963
2026-08-19,Seaforth,New Seaforth,half_day,27,rockfish,3,0,point loma kelp,https://www.sandiegofishreports.com/dock_totals/boats.php?date=2026-08-19,0.5,0.1111111111111111,0.2222222222222222
2026-08-19,Seaforth,New Seaforth,half_day,18,barracuda,3,0,point loma kelp,https://www.sandiegofishreports.com/dock_totals/boats.php?date=2026-08-19,0.5,0.16666666666666666,0.3333333333333333
2026-08-19,Seaforth,New Seaforth,half_day,18,sheephead,3,0,point loma kelp,https://www.sandiegofishreports.com/dock_totals/boats.php?date=2026-08-19,0.5,0.16666666666666666,0.3333333333333333
2026-08-19,Seaforth,New Seaforth,half_day,18,yellowtail,5,0,point loma kelp,https://www.sandiegofishreports.com/dock_totals/boats.php?date=2026-08-19,0.5,0.2777777777777778,0.5555555555555556
2026-08-19,Seaforth,New Seaforth,half_day,18,calico_bass,7,0,point loma kelp,https://www.sandiegofishreports.com/dock_totals/boats.php?date=2026-08-19,0.5,0.3888888888888889,0.7777777777777778
2026-08-19,Seaforth,New Seaforth,half_day,18,bonito,4,0,point loma kelp,https://www.sandiegofishreports.com/dock_totals/boats.php?date=2026-08-19,0.5,0.2222222222222222,0.4444444444444444
2026-08-19,Seaforth,New Seaforth,half_day,18,rockfish,7,0,point loma kelp,https://www.sandiegofishreports.com/dock_totals/boats.php?date=2026-08-19,0.5,0.3888888888888889,0.7777777777777778
2026-08-19,Seaforth,New Seaforth,half_day,44,sand_bass,1,0,point loma kelp,https://www.sandiegofishreports.com/dock_totals/boats.php?date=2026-08-19,0.5,0.022727272727272728,0.045454545454545456
2026-08-19,Seaforth,New Seaforth,half_day,44,calico_bass,1,0,point loma kelp,https://www.sandiegofishreports.com/dock_totals/boats.php?date=2026-08-19,0.5,0.022727272727272728,0.045454545454545456
2026-08-19,Seaforth,New Seaforth,half_day,44,rockfish,21,0,point loma kelp,https://www.sandiegofishreports.com/dock_totals/boats.php?date=2026-08-19,0.5,0.4772727272727273,0.9545454545454546
2026-08-19,Seaforth,Pacific Voyager,3_day,15,yellowtail,81,0,offshore,https://www.sandiegofishreports.com/dock_totals/boats.php?date=2026-08-19,3.0,5.4,1.8
2026-08-19,Seaforth,Polaris Supreme,2_day,24,yellowtail,141,0,offshore,https://www.sandiegofishreports.com/dock_totals/boats.php?date=2026-08-19,2.0,5.875,2.9375
2026-08-19,Seaforth,San Diego,full_day,37,dorado,8,0,offshore,https://www.sandiegofishreports.com/dock_totals/boats.php?date=2026-08-19,1.0,0.21621621621621623,0.21621621621621623
2026-08-19,Seaforth,San Diego,full_day,37,yellowfin_tuna,42,0,offshore,https://www.sandiegofishreports.com/dock_totals/boats.php?date=2026-08-19,1.0,1.135135135135135,1.135135135135135
2026-08-20,Fishermans,Constitution,2_day,21,yellowtail,1,0,offshore,https://www.sandiegofishreports.com/dock_totals/boats.php?date=2026-08-20,2.0,0.047619047619047616,0.023809523809523808
2026-08-20,Fishermans,Constitution,2_day,21,dorado,1,0,offshore,https://www.sandiegofishreports.com/dock_totals/boats.php?date=2026-08-20,2.0,0.047619047619047616,0.023809523809523808
2026-08-20,Fishermans,Constitution,2_day,21,rockfish,30,0,offshore,https://www.sandiegofishreports.com/dock_totals/boats.php?date=2026-08-20,2.0,1.4285714285714286,0.7142857142857143
2026-08-20,Fishermans,Constitution,2_day,21,yellowfin_tuna,1,0,offshore,https://www.sandiegofishreports.com/dock_totals/boats.php?date=2026-08-20,2.0,0.047619047619047616,0.023809523809523808
2026-08-20,Fishermans,Dolphin,half_day,23,sand_bass,1,0,point loma kelp,https://www.sandiegofishreports.com/dock_totals/boats.php?date=2026-08-20,0.5,0.043478260869565216,0.08695652173913043
2026-08-20,Fishermans,Dolphin,half_day,23,sheephead,1,0,point loma kelp,https://www.sandiegofishreports.com/dock_totals/boats.php?date=2026-08-20,0.5,0.043478260869565216,0.08695652173913043
2026-08-20,Fishermans,Dolphin,half_day,23,bonito,115,0,point loma kelp,https://www.sandiegofishreports.com/dock_totals/boats.php?date=2026-08-20,0.5,5.0,10.0
2026-08-20,Fishermans,Dolphin,half_day,23,rockfish,22,0,point loma kelp,https://www.sandiegofishreports.com/dock_totals/boats.php?date=2026-08-20,0.5,0.9565217391304348,1.9130434782608696
2026-08-20,Fishermans,Dolphin,half_day,28,sand_bass,9,0,point loma kelp,https://www.sandiegofishreports.com/dock_totals/boats.php?date=2026-08-20,0.5,0.32142857142857145,0.6428571428571429
2026-08-20,Fishermans,Dolphin,half_day,28,barracuda,1,0,point loma kelp,https://www.sandiegofishreports.com/dock_totals/boats.php?date=2026-08-20,0.5,0.03571428571428571,0.07142857142857142
2026-08-20,Fishermans,Dolphin,half_day,28,sheephead,2,0,point loma kelp,https://www.sandiegofishreports.com/dock_totals/boats.php?date=2026-08-20,0.5,0.07142857142857142,0.14285714285714285
2026-08-20,Fishermans,Dolphin,half_day,28,yellowtail,3,0,point loma kelp,https://www.sandiegofishreports.com/dock_totals/boats.php?date=2026-08-20,0.5,0.10714285714285714,0.21428571428571427
2026-08-20,Fishermans,Dolphin,half_day,28,calico_bass,14,0,point loma kelp,https://www.sandiegofishreports.com/dock_totals/boats.php?date=2026-08-20,0.5,0.5,1.0
2026-08-20,Fishermans,Dolphin,half_day,28,bonito,63,0,point loma kelp,https://www.sandiegofishreports.com/dock_totals/boats.php?date=2026-08-20,0.5,2.25,4.5
2026-08-20,Fishermans,Dolphin,half_day,28,rockfish,68,0,point loma kelp,https://www.sandiegofishreports.com/dock_totals/boats.php?date=2026-08-20,0.5,2.4285714285714284,4.857142857142857
2026-08-20,Fishermans,Fortune,1.5_day,18,yellowtail,25,0,offshore,https://www.sandiegofishreports.com/dock_totals/boats.php?date=2026-08-20,1.5,1.3888888888888888,0.9259259259259259
2026-08-20,Fishermans,Pacific Dawn,2.5_day,15,bluefin_tuna,2,0,offshore,https://www.sandiegofishreports.com/dock_totals/boats.php?date=2026-08-20,2.5,0.13333333333333333,0.05333333333333334
2026-08-20,Fishermans,Pacific Dawn,2.5_day,15,yellowtail,50,0,offshore,https://www.sandiegofishreports.com/dock_totals/boats.php?date=2026-08-20,2.5,3.3333333333333335,1.3333333333333333
2026-08-20,Fishermans,Pacific Dawn,2.5_day,15,yellowfin_tuna,28,0,offshore,https://www.sandiegofishreports.com/dock_totals/boats.php?date=2026-08-20,2.5,1.8666666666666667,0.7466666666666667
2026-08-20,Fishermans,Pacific Queen,3_day,24,yellowtail,242,0,offshore,https://www.sandiegofishreports.com/dock_totals/boats.php?date=2026-08-20,3.0,10.083333333333334,3.361111111111111
2026-08-20,Fishermans,Pacific Queen,3_day,24,dorado,25,0,offshore,https://www.sandiegofishreports.com/dock_totals/boats.php?date=2026-08-20,3.0,1.0416666666666667,0.3472222222222222
2026-08-20,Fishermans,Pacific Queen,3_day,24,white_seabass,1,0,offshore,https://www.sandiegofishreports.com/dock_totals/boats.php?date=2026-08-20,3.0,0.041666666666666664,0.013888888888888888
2026-08-20,Fishermans,Pacific Queen,3_day,24,yellowfin_tuna,7,0,offshore,https://www.sandiegofishreports.com/dock_totals/boats.php?date=2026-08-20,3.0,0.2916666666666667,0.09722222222222222
2026-08-20,Fishermans,Tomahawk,2_day,24,yellowtail,32,0,offshore,https://www.sandiegofishreports.com/dock_totals/boats.php?date=2026-08-20,2.0,1.3333333333333333,0.6666666666666666
2026-08-20,Fishermans,Tomahawk,2_day,24,yellowfin_tuna,4,0,offshore,https://www.sandiegofishreports.com/dock_totals/boats.php?date=2026-08-20,2.0,0.16666666666666666,0.08333333333333333
2026-08-20,H&M,Grande,full_day,40,dorado,3,0,offshore,https://www.sandiegofishreports.com/dock_totals/boats.php?date=2026-08-20,1.0,0.075,0.075
2026-08-20,H&M,Grande,full_day,40,bonito,2,0,offshore,https://www.sandiegofishreports.com/dock_totals/boats.php?date=2026-08-20,1.0,0.05,0.05
2026-08-20,H&M,Grande,full_day,40,yellowfin_tuna,30,0,offshore,https://www.sandiegofishreports.com/dock_totals/boats.php?date=2026-08-20,1.0,0.75,0.75
2026-08-20,H&M,Malihini,three_quarter_day,18,sheephead,5,0,point loma kelp,https://www.sandiegofishreports.com/dock_totals/boats.php?date=2026-08-20,0.75,0.2777777777777778,0.37037037037037035
2026-08-20,H&M,Malihini,three_quarter_day,18,bonito,90,0,point loma kelp,https://www.sandiegofishreports.com/dock_totals/boats.php?date=2026-08-20,0.75,5.0,6.666666666666667
2026-08-20,H&M,Malihini,three_quarter_day,18,rockfish,50,0,point loma kelp,https://www.sandiegofishreports.com/dock_totals/boats.php?date=2026-08-20,0.75,2.7777777777777777,3.7037037037037037
2026-08-20,H&M,Premier,half_day,34,sheephead,1,0,point loma kelp,https://www.sandiegofishreports.com/dock_totals/boats.php?date=2026-08-20,0.5,0.029411764705882353,0.058823529411764705
2026-08-20,H&M,Premier,half_day,34,bonito,150,0,point loma kelp,https://www.sandiegofishreports.com/dock_totals/boats.php?date=2026-08-20,0.5,4.411764705882353,8.823529411764707
2026-08-20,H&M,Premier,half_day,34,rockfish,53,0,point loma kelp,https://www.sandiegofishreports.com/dock_totals/boats.php?date=2026-08-20,0.5,1.5588235294117647,3.1176470588235294
2026-08-20,H&M,Premier,half_day,15,sand_bass,1,0,point loma kelp,https://www.sandiegofishreports.com/dock_totals/boats.php?date=2026-08-20,0.5,0.06666666666666667,0.13333333333333333
2026-08-20,H&M,Premier,half_day,15,bonito,30,0,point loma kelp,https://www.sandiegofishreports.com/dock_totals/boats.php?date=2026-08-20,0.5,2.0,4.0
2026-08-20,H&M,Premier,half_day,15,rockfish,13,0,point loma kelp,https://www.sandiegofishreports.com/dock_totals/boats.php?date=2026-08-20,0.5,0.8666666666666667,1.7333333333333334
2026-08-20,H&M,Producer,overnight,29,yellowfin_tuna,16,0,offshore,https://www.sandiegofishreports.com/dock_totals/boats.php?date=2026-08-20,1.0,0.5517241379310345,0.5517241379310345
2026-08-20,H&M,Ranger 85,3.5_day,20,yellowtail,170,0,offshore,https://www.sandiegofishreports.com/dock_totals/boats.php?date=2026-08-20,3.5,8.5,2.4285714285714284
2026-08-20,H&M,Ranger 85,3.5_day,20,dorado,5,0,offshore,https://www.sandiegofishreports.com/dock_totals/boats.php?date=2026-08-20,3.5,0.25,0.07142857142857142
2026-08-20,H&M,Ranger 85,3.5_day,20,calico_bass,12,0,offshore,https://www.sandiegofishreports.com/dock_totals/boats.php?date=2026-08-20,3.5,0.6,0.17142857142857143
2026-08-20,H&M,Ranger 85,3.5_day,20,yellowfin_tuna,1,0,offshore,https://www.sandiegofishreports.com/dock_totals/boats.php?date=2026-08-20,3.5,0.05,0.014285714285714285
2026-08-20,Point Loma,Daily Double,half_day,15,sand_bass,2,0,point loma kelp,https://www.sandiegofishreports.com/dock_totals/boats.php?date=2026-08-20,0.5,0.13333333333333333,0.26666666666666666
2026-08-20,Point Loma,Daily Double,half_day,15,sheephead,7,0,point loma kelp,https://www.sandiegofishreports.com/dock_totals/boats.php?date=2026-08-20,0.5,0.4666666666666667,0.9333333333333333
2026-08-20,Point Loma,Daily Double,half_day,15,rockfish,2,0,point loma kelp,https://www.sandiegofishreports.com/dock_totals/boats.php?date=2026-08-20,0.5,0.13333333333333333,0.26666666666666666
2026-08-20,Point Loma,Mission Belle,full_day,29,california_halibut,1,0,coronados,https://www.sandiegofishreports.com/dock_totals/boats.php?date=2026-08-20,1.0,0.034482758620689655,0.034482758620689655
2026-08-20,Point Loma,Mission Belle,full_day,29,yellowtail,79,0,coronados,https://www.sandiegofishreports.com/dock_totals/boats.php?date=2026-08-20,1.0,2.7241379310344827,2.7241379310344827
2026-08-20,Point Loma,Mission Belle,full_day,29,bonito,10,0,coronados,https://www.sandiegofishreports.com/dock_totals/boats.php?date=2026-08-20,1.0,0.3448275862068966,0.3448275862068966
2026-08-20,Seaforth,Apollo,2_day,15,yellowtail,44,0,offshore,https://www.sandiegofishreports.com/dock_totals/boats.php?date=2026-08-20,2.0,2.933333333333333,1.4666666666666666
2026-08-20,Seaforth,Apollo,2_day,15,dorado,3,0,offshore,https://www.sandiegofishreports.com/dock_totals/boats.php?date=2026-08-20,2.0,0.2,0.1
2026-08-20,Seaforth,Apollo,2_day,15,yellowfin_tuna,2,0,offshore,https://www.sandiegofishreports.com/dock_totals/boats.php?date=2026-08-20,2.0,0.13333333333333333,0.06666666666666667
2026-08-20,Seaforth,El Gato Dos,half_day,6,sheephead,1,0,point loma kelp,https://www.sandiegofishreports.com/dock_totals/boats.php?date=2026-08-20,0.5,0.16666666666666666,0.3333333333333333
2026-08-20,Seaforth,El Gato Dos,half_day,6,rockfish,8,0,point loma kelp,https://www.sandiegofishreports.com/dock_totals/boats.php?date=2026-08-20,0.5,1.3333333333333333,2.6666666666666665
2026-08-20,Seaforth,New Seaforth,half_day,33,barracuda,98,0,point loma kelp,https://www.sandiegofishreports.com/dock_totals/boats.php?date=2026-08-20,0.5,2.9696969696969697,5.9393939393939394
2026-08-20,Seaforth,New Seaforth,half_day,33,sheephead,2,0,point loma kelp,https://www.sandiegofishreports.com/dock_totals/boats.php?date=2026-08-20,0.5,0.06060606060606061,0.12121212121212122
2026-08-20,Seaforth,New Seaforth,half_day,33,yellowtail,1,0,point loma kelp,https://www.sandiegofishreports.com/dock_totals/boats.php?date=2026-08-20,0.5,0.030303030303030304,0.06060606060606061
2026-08-20,Seaforth,New Seaforth,half_day,33,calico_bass,3,0,point loma kelp,https://www.sandiegofishreports.com/dock_totals/boats.php?date=2026-08-20,0.5,0.09090909090909091,0.18181818181818182
2026-08-20,Seaforth,New Seaforth,half_day,33,bonito,34,0,point loma kelp,https://www.sandiegofishreports.com/dock_totals/boats.php?date=2026-08-20,0.5,1.0303030303030303,2.0606060606060606
2026-08-20,Seaforth,New Seaforth,half_day,27,sand_bass,1,0,point loma kelp,https://www.sandiegofishreports.com/dock_totals/boats.php?date=2026-08-20,0.5,0.037037037037037035,0.07407407407407407
2026-08-20,Seaforth,New Seaforth,half_day,27,sheephead,3,0,point loma kelp,https://www.sandiegofishreports.com/dock_totals/boats.php?date=2026-08-20,0.5,0.1111111111111111,0.2222222222222222
2026-08-20,Seaforth,New Seaforth,half_day,27,yellowtail,1,0,point loma kelp,https://www.sandiegofishreports.com/dock_totals/boats.php?date=2026-08-20,0.5,0.037037037037037035,0.07407407407407407
2026-08-20,Seaforth,New Seaforth,half_day,27,calico_bass,5,50,point loma kelp,https://www.sandiegofishreports.com/dock_totals/boats.php?date=2026-08-20,0.5,0.18518518518518517,0.37037037037037035
2026-08-20,Seaforth,New Seaforth,half_day,18,calico_bass,7,0,point loma kelp,https://www.sandiegofishreports.com/dock_totals/boats.php?date=2026-08-20,0.5,0.3888888888888889,0.7777777777777778
2026-08-20,Seaforth,New Seaforth,half_day,18,bonito,1,0,point loma kelp,https://www.sandiegofishreports.com/dock_totals/boats.php?date=2026-08-20,0.5,0.05555555555555555,0.1111111111111111
2026-08-20,Seaforth,New Seaforth,half_day,18,rockfish,26,0,point loma kelp,https://www.sandiegofishreports.com/dock_totals/boats.php?date=2026-08-20,0.5,1.4444444444444444,2.888888888888889
2026-08-20,Seaforth,San Diego,full_day,36,dorado,2,0,offshore,https://www.sandiegofishreports.com/dock_totals/boats.php?date=2026-08-20,1.0,0.05555555555555555,0.05555555555555555
2026-08-20,Seaforth,Sea Watch,three_quarter_day,24,barracuda,19,0,point loma kelp,https://www.sandiegofishreports.com/dock_totals/boats.php?date=2026-08-20,0.75,0.7916666666666666,1.0555555555555556
2026-08-20,Seaforth,Sea Watch,three_quarter_day,24,yellowtail,1,0,point loma kelp,https://www.sandiegofishreports.com/dock_totals/boats.php?date=2026-08-20,0.75,0.041666666666666664,0.05555555555555555
2026-08-20,Seaforth,Sea Watch,three_quarter_day,24,calico_bass,2,0,point loma kelp,https://www.sandiegofishreports.com/dock_totals/boats.php?date=2026-08-20,0.75,0.08333333333333333,0.1111111111111111
2026-08-20,Seaforth,Sea Watch,three_quarter_day,24,bonito,17,0,point loma kelp,https://www.sandiegofishreports.com/dock_totals/boats.php?date=2026-08-20,0.75,0.7083333333333334,0.9444444444444444
2026-08-20,Seaforth,Voyager,1.5_day,7,yellowtail,35,0,offshore,https://www.sandiegofishreports.com/dock_totals/boats.php?date=2026-08-20,1.5,5.0,3.3333333333333335
2026-08-21,Fishermans,Dolphin,half_day,23,sheephead,6,0,point loma kelp,https://www.sandiegofishreports.com/dock_totals/boats.php?date=2026-08-21,0.5,0.2608695652173913,0.5217391304347826
2026-08-21,Fishermans,Dolphin,half_day,23,calico_bass,1,0,point loma kelp,https://www.sandiegofishreports.com/dock_totals/boats.php?date=2026-08-21,0.5,0.043478260869565216,0.08695652173913043
2026-08-21,Fishermans,Dolphin,half_day,23,bonito,4,0,point loma kelp,https://www.sandiegofishreports.com/dock_totals/boats.php?date=2026-08-21,0.5,0.17391304347826086,0.34782608695652173
2026-08-21,Fishermans,Dolphin,half_day,23,rockfish,88,0,point loma kelp,https://www.sandiegofishreports.com/dock_totals/boats.php?date=2026-08-21,0.5,3.8260869565217392,7.6521739130434785
2026-08-21,Fishermans,Dolphin,half_day,29,sand_bass,8,0,point loma kelp,https://www.sandiegofishreports.com/dock_totals/boats.php?date=2026-08-21,0.5,0.27586206896551724,0.5517241379310345
2026-08-21,Fishermans,Dolphin,half_day,29,sheephead,1,0,point loma kelp,https://www.sandiegofishreports.com/dock_totals/boats.php?date=2026-08-21,0.5,0.034482758620689655,0.06896551724137931
2026-08-21,Fishermans,Dolphin,half_day,29,yellowtail,2,0,point loma kelp,https://www.sandiegofishreports.com/dock_totals/boats.php?date=2026-08-21,0.5,0.06896551724137931,0.13793103448275862
2026-08-21,Fishermans,Dolphin,half_day,29,calico_bass,26,0,point loma kelp,https://www.sandiegofishreports.com/dock_totals/boats.php?date=2026-08-21,0.5,0.896551724137931,1.793103448275862
2026-08-21,Fishermans,Dolphin,half_day,29,bonito,13,0,point loma kelp,https://www.sandiegofishreports.com/dock_totals/boats.php?date=2026-08-21,0.5,0.4482758620689655,0.896551724137931
2026-08-21,Fishermans,Dolphin,half_day,29,rockfish,17,0,point loma kelp,https://www.sandiegofishreports.com/dock_totals/boats.php?date=2026-08-21,0.5,0.5862068965517241,1.1724137931034482
2026-08-21,Fishermans,Islander,2_day,28,bluefin_tuna,2,0,offshore,https://www.sandiegofishreports.com/dock_totals/boats.php?date=2026-08-21,2.0,0.07142857142857142,0.03571428571428571
2026-08-21,Fishermans,Islander,2_day,28,yellowtail,52,0,offshore,https://www.sandiegofishreports.com/dock_totals/boats.php?date=2026-08-21,2.0,1.8571428571428572,0.9285714285714286
2026-08-21,Fishermans,Liberty,1.5_day,21,sheephead,2,0,offshore,https://www.sandiegofishreports.com/dock_totals/boats.php?date=2026-08-21,1.5,0.09523809523809523,0.06349206349206349
2026-08-21,Fishermans,Liberty,1.5_day,21,yellowtail,41,0,offshore,https://www.sandiegofishreports.com/dock_totals/boats.php?date=2026-08-21,1.5,1.9523809523809523,1.3015873015873016
2026-08-21,Fishermans,Liberty,1.5_day,21,white_seabass,1,0,offshore,https://www.sandiegofishreports.com/dock_totals/boats.php?date=2026-08-21,1.5,0.047619047619047616,0.031746031746031744
2026-08-21,Fishermans,Pegasus,1.5_day,19,yellowtail,1,0,offshore,https://www.sandiegofishreports.com/dock_totals/boats.php?date=2026-08-21,1.5,0.05263157894736842,0.03508771929824561
2026-08-21,Fishermans,Pegasus,1.5_day,19,dorado,45,0,offshore,https://www.sandiegofishreports.com/dock_totals/boats.php?date=2026-08-21,1.5,2.3684210526315788,1.5789473684210527
2026-08-21,Fishermans,Pegasus,1.5_day,19,yellowfin_tuna,5,0,offshore,https://www.sandiegofishreports.com/dock_totals/boats.php?date=2026-08-21,1.5,0.2631578947368421,0.17543859649122806
2026-08-21,H&M,Grande,full_day,41,dorado,29,0,offshore,https://www.sandiegofishreports.com/dock_totals/boats.php?date=2026-08-21,1.0,0.7073170731707317,0.7073170731707317
2026-08-21,H&M,Grande,full_day,41,yellowfin_tuna,5,0,offshore,https://www.sandiegofishreports.com/dock_totals/boats.php?date=2026-08-21,1.0,0.12195121951219512,0.12195121951219512
2026-08-21,H&M,Little G,1.5_day,6,bluefin_tuna,2,0,offshore,https://www.sandiegofishreports.com/dock_totals/boats.php?date=2026-08-21,1.5,0.3333333333333333,0.2222222222222222
2026-08-21,H&M,Little G,1.5_day,6,yellowtail,15,0,offshore,https://www.sandiegofishreports.com/dock_totals/boats.php?date=2026-08-21,1.5,2.5,1.6666666666666667
2026-08-21,H&M,Malihini,full_day,10,sand_bass,2,0,point loma kelp,https://www.sandiegofishreports.com/dock_totals/boats.php?date=2026-08-21,1.0,0.2,0.2
2026-08-21,H&M,Malihini,full_day,10,california_halibut,3,0,point loma kelp,https://www.sandiegofishreports.com/dock_totals/boats.php?date=2026-08-21,1.0,0.3,0.3
2026-08-21,H&M,Malihini,full_day,10,yellowtail,38,0,point loma kelp,https://www.sandiegofishreports.com/dock_totals/boats.php?date=2026-08-21,1.0,3.8,3.8
2026-08-21,H&M,Malihini,full_day,10,bonito,31,0,point loma kelp,https://www.sandiegofishreports.com/dock_totals/boats.php?date=2026-08-21,1.0,3.1,3.1
2026-08-21,H&M,Patriot (SD),half_day,11,rockfish,99,0,point loma kelp,https://www.sandiegofishreports.com/dock_totals/boats.php?date=2026-08-21,0.5,9.0,18.0
2026-08-21,H&M,Premier,half_day,21,yellowtail,10,0,point loma kelp,https://www.sandiegofishreports.com/dock_totals/boats.php?date=2026-08-21,0.5,0.47619047619047616,0.9523809523809523
2026-08-21,H&M,Premier,half_day,21,bonito,71,0,point loma kelp,https://www.sandiegofishreports.com/dock_totals/boats.php?date=2026-08-21,0.5,3.380952380952381,6.761904761904762
2026-08-21,H&M,Premier,half_day,25,sand_bass,2,0,point loma kelp,https://www.sandiegofishreports.com/dock_totals/boats.php?date=2026-08-21,0.5,0.08,0.16
2026-08-21,H&M,Premier,half_day,25,sheephead,1,0,point loma kelp,https://www.sandiegofishreports.com/dock_totals/boats.php?date=2026-08-21,0.5,0.04,0.08
2026-08-21,H&M,Premier,half_day,25,yellowtail,7,0,point loma kelp,https://www.sandiegofishreports.com/dock_totals/boats.php?date=2026-08-21,0.5,0.28,0.56
2026-08-21,H&M,Premier,half_day,25,calico_bass,23,0,point loma kelp,https://www.sandiegofishreports.com/dock_totals/boats.php?date=2026-08-21,0.5,0.92,1.84
2026-08-21,H&M,Premier,half_day,25,bonito,42,0,point loma kelp,https://www.sandiegofishreports.com/dock_totals/boats.php?date=2026-08-21,0.5,1.68,3.36
2026-08-21,H&M,Producer,overnight,29,dorado,58,0,offshore,https://www.sandiegofishreports.com/dock_totals/boats.php?date=2026-08-21,1.0,2.0,2.0
2026-08-21,H&M,Producer,overnight,29,yellowfin_tuna,56,0,offshore,https://www.sandiegofishreports.com/dock_totals/boats.php?date=2026-08-21,1.0,1.9310344827586208,1.9310344827586208
2026-08-21,H&M,Sea Adventure 80,1.5_day,20,bluefin_tuna,6,0,offshore,https://www.sandiegofishreports.com/dock_totals/boats.php?date=2026-08-21,1.5,0.3,0.2
2026-08-21,H&M,Sea Adventure 80,1.5_day,20,yellowtail,52,0,offshore,https://www.sandiegofishreports.com/dock_totals/boats.php?date=2026-08-21,1.5,2.6,1.7333333333333334
2026-08-21,H&M,Sea Adventure 80,1.5_day,20,bonito,15,0,offshore,https://www.sandiegofishreports.com/dock_totals/boats.php?date=2026-08-21,1.5,0.75,0.5
2026-08-21,H&M,Sea Adventure 80,1.5_day,20,yellowfin_tuna,5,0,offshore,https://www.sandiegofishreports.com/dock_totals/boats.php?date=2026-08-21,1.5,0.25,0.16666666666666666
2026-08-21,H&M,Tradition,overnight,21,yellowfin_tuna,12,0,offshore,https://www.sandiegofishreports.com/dock_totals/boats.php?date=2026-08-21,1.0,0.5714285714285714,0.5714285714285714
2026-08-21,Point Loma,Daily Double,half_day,15,bonito,24,0,point loma kelp,https://www.sandiegofishreports.com/dock_totals/boats.php?date=2026-08-21,0.5,1.6,3.2
2026-08-21,Point Loma,Daily Double,half_day,15,rockfish,18,0,point loma kelp,https://www.sandiegofishreports.com/dock_totals/boats.php?date=2026-08-21,0.5,1.2,2.4
2026-08-21,Point Loma,Daily Double,half_day,19,sand_bass,34,0,point loma kelp,https://www.sandiegofishreports.com/dock_totals/boats.php?date=2026-08-21,0.5,1.7894736842105263,3.5789473684210527
2026-08-21,Point Loma,Daily Double,half_day,19,calico_bass,27,0,point loma kelp,https://www.sandiegofishreports.com/dock_totals/boats.php?date=2026-08-21,0.5,1.4210526315789473,2.8421052631578947
2026-08-21,Point Loma,Daily Double,half_day,19,bonito,7,0,point loma kelp,https://www.sandiegofishreports.com/dock_totals/boats.php?date=2026-08-21,0.5,0.3684210526315789,0.7368421052631579
2026-08-21,Point Loma,Daily Double,half_day,19,rockfish,6,0,point loma kelp,https://www.sandiegofishreports.com/dock_totals/boats.php?date=2026-08-21,0.5,0.3157894736842105,0.631578947368421
2026-08-21,Point Loma,Mission Belle,full_day,14,yellowtail,70,0,coronados,https://www.sandiegofishreports.com/dock_totals/boats.php?date=2026-08-21,1.0,5.0,5.0
2026-08-21,Point Loma,Point Loma,full_day,20,yellowtail,26,0,coronados,https://www.sandiegofishreports.com/dock_totals/boats.php?date=2026-08-21,1.0,1.3,1.3
2026-08-21,Point Loma,Point Loma,full_day,20,bonito,18,0,coronados,https://www.sandiegofishreports.com/dock_totals/boats.php?date=2026-08-21,1.0,0.9,0.9
2026-08-21,Seaforth,Apollo,overnight,19,dorado,1,0,offshore,https://www.sandiegofishreports.com/dock_totals/boats.php?date=2026-08-21,1.0,0.05263157894736842,0.05263157894736842
2026-08-21,Seaforth,Apollo,overnight,19,yellowfin_tuna,3,0,offshore,https://www.sandiegofishreports.com/dock_totals/boats.php?date=2026-08-21,1.0,0.15789473684210525,0.15789473684210525
2026-08-21,Seaforth,Aztec,2_day,24,yellowtail,38,0,offshore,https://www.sandiegofishreports.com/dock_totals/boats.php?date=2026-08-21,2.0,1.5833333333333333,0.7916666666666666
2026-08-21,Seaforth,Aztec,2_day,24,dorado,1,0,offshore,https://www.sandiegofishreports.com/dock_totals/boats.php?date=2026-08-21,2.0,0.041666666666666664,0.020833333333333332
2026-08-21,Seaforth,El Gato Dos,full_day,6,california_halibut,1,0,offshore,https://www.sandiegofishreports.com/dock_totals/boats.php?date=2026-08-21,1.0,0.16666666666666666,0.16666666666666666
2026-08-21,Seaforth,El Gato Dos,full_day,6,yellowtail,6,0,offshore,https://www.sandiegofishreports.com/dock_totals/boats.php?date=2026-08-21,1.0,1.0,1.0
2026-08-21,Seaforth,El Gato Dos,full_day,6,bonito,3,0,offshore,https://www.sandiegofishreports.com/dock_totals/boats.php?date=2026-08-21,1.0,0.5,0.5
2026-08-21,Seaforth,Highliner,1.5_day,9,yellowtail,23,0,offshore,https://www.sandiegofishreports.com/dock_totals/boats.php?date=2026-08-21,1.5,2.5555555555555554,1.7037037037037037
2026-08-21,Seaforth,Highliner,1.5_day,9,dorado,14,0,offshore,https://www.sandiegofishreports.com/dock_totals/boats.php?date=2026-08-21,1.5,1.5555555555555556,1.037037037037037
2026-08-21,Seaforth,Highliner,1.5_day,9,yellowfin_tuna,53,0,offshore,https://www.sandiegofishreports.com/dock_totals/boats.php?date=2026-08-21,1.5,5.888888888888889,3.925925925925926
2026-08-21,Seaforth,New Seaforth,half_day,34,barracuda,1,0,point loma kelp,https://www.sandiegofishreports.com/dock_totals/boats.php?date=2026-08-21,0.5,0.029411764705882353,0.058823529411764705
2026-08-21,Seaforth,New Seaforth,half_day,34,sheephead,12,0,point loma kelp,https://www.sandiegofishreports.com/dock_totals/boats.php?date=2026-08-21,0.5,0.35294117647058826,0.7058823529411765
2026-08-21,Seaforth,New Seaforth,half_day,34,rockfish,7,0,point loma kelp,https://www.sandiegofishreports.com/dock_totals/boats.php?date=2026-08-21,0.5,0.20588235294117646,0.4117647058823529
2026-08-21,Seaforth,New Seaforth,half_day,21,sand_bass,4,0,point loma kelp,https://www.sandiegofishreports.com/dock_totals/boats.php?date=2026-08-21,0.5,0.19047619047619047,0.38095238095238093
2026-08-21,Seaforth,New Seaforth,half_day,21,sheephead,1,0,point loma kelp,https://www.sandiegofishreports.com/dock_totals/boats.php?date=2026-08-21,0.5,0.047619047619047616,0.09523809523809523
2026-08-21,Seaforth,New Seaforth,half_day,21,yellowtail,2,0,point loma kelp,https://www.sandiegofishreports.com/dock_totals/boats.php?date=2026-08-21,0.5,0.09523809523809523,0.19047619047619047
2026-08-21,Seaforth,New Seaforth,half_day,21,calico_bass,25,0,point loma kelp,https://www.sandiegofishreports.com/dock_totals/boats.php?date=2026-08-21,0.5,1.1904761904761905,2.380952380952381
2026-08-21,Seaforth,New Seaforth,half_day,21,bonito,3,0,point loma kelp,https://www.sandiegofishreports.com/dock_totals/boats.php?date=2026-08-21,0.5,0.14285714285714285,0.2857142857142857
2026-08-21,Seaforth,New Seaforth,half_day,21,rockfish,8,0,point loma kelp,https://www.sandiegofishreports.com/dock_totals/boats.php?date=2026-08-21,0.5,0.38095238095238093,0.7619047619047619
2026-08-21,Seaforth,New Seaforth,half_day,40,calico_bass,1,0,point loma kelp,https://www.sandiegofishreports.com/dock_totals/boats.php?date=2026-08-21,0.5,0.025,0.05
2026-08-21,Seaforth,New Seaforth,half_day,40,bonito,1,0,point loma kelp,https://www.sandiegofishreports.com/dock_totals/boats.php?date=2026-08-21,0.5,0.025,0.05
2026-08-21,Seaforth,New Seaforth,half_day,40,rockfish,45,0,point loma kelp,https://www.sandiegofishreports.com/dock_totals/boats.php?date=2026-08-21,0.5,1.125,2.25
2026-08-21,Seaforth,Pacific Voyager,2_day,20,bluefin_tuna,1,0,offshore,https://www.sandiegofishreports.com/dock_totals/boats.php?date=2026-08-21,2.0,0.05,0.025
2026-08-21,Seaforth,Pacific Voyager,2_day,20,yellowtail,41,0,offshore,https://www.sandiegofishreports.com/dock_totals/boats.php?date=2026-08-21,2.0,2.05,1.025
2026-08-21,Seaforth,Pacifica,2.5_day,11,bluefin_tuna,1,0,offshore,https://www.sandiegofishreports.com/dock_totals/boats.php?date=2026-08-21,2.5,0.09090909090909091,0.03636363636363636
2026-08-21,Seaforth,Pacifica,2.5_day,11,yellowtail,48,0,offshore,https://www.sandiegofishreports.com/dock_totals/boats.php?date=2026-08-21,2.5,4.363636363636363,1.7454545454545454
2026-08-21,Seaforth,Pacifica,2.5_day,11,yellowfin_tuna,2,0,offshore,https://www.sandiegofishreports.com/dock_totals/boats.php?date=2026-08-21,2.5,0.18181818181818182,0.07272727272727272
2026-08-21,Seaforth,San Diego,full_day,34,yellowtail,124,0,offshore,https://www.sandiegofishreports.com/dock_totals/boats.php?date=2026-08-21,1.0,3.6470588235294117,3.6470588235294117
2026-08-21,Seaforth,Sea Watch,three_quarter_day,32,sand_bass,6,0,point loma kelp,https://www.sandiegofishreports.com/dock_totals/boats.php?date=2026-08-21,0.75,0.1875,0.25
2026-08-21,Seaforth,Sea Watch,three_quarter_day,32,sheephead,4,0,point loma kelp,https://www.sandiegofishreports.com/dock_totals/boats.php?date=2026-08-21,0.75,0.125,0.16666666666666666
2026-08-21,Seaforth,Sea Watch,three_quarter_day,32,yellowtail,1,0,point loma kelp,https://www.sandiegofishreports.com/dock_totals/boats.php?date=2026-08-21,0.75,0.03125,0.041666666666666664
2026-08-21,Seaforth,Sea Watch,three_quarter_day,32,calico_bass,4,0,point loma kelp,https://www.sandiegofishreports.com/dock_totals/boats.php?date=2026-08-21,0.75,0.125,0.16666666666666666
2026-08-21,Seaforth,Sea Watch,three_quarter_day,32,rockfish,21,0,point loma kelp,https://www.sandiegofishreports.com/dock_totals/boats.php?date=2026-08-21,0.75,0.65625,0.875
2026-08-21,Seaforth,Voyager,1.5_day,15,bluefin_tuna,10,0,offshore,https://www.sandiegofishreports.com/dock_totals/boats.php?date=2026-08-21,1.5,0.6666666666666666,0.4444444444444444
2026-08-21,Seaforth,Voyager,1.5_day,15,yellowtail,10,0,offshore,https://www.sandiegofishreports.com/dock_totals/boats.php?date=2026-08-21,1.5,0.6666666666666666,0.4444444444444444
2026-08-21,Seaforth,Voyager,1.5_day,15,dorado,4,0,offshore,https://www.sandiegofishreports.com/dock_totals/boats.php?date=2026-08-21,1.5,0.26666666666666666,0.17777777777777778
2026-08-21,Seaforth,Voyager,1.5_day,15,bonito,3,0,offshore,https://www.sandiegofishreports.com/dock_totals/boats.php?date=2026-08-21,1.5,0.2,0.13333333333333333
2026-08-21,Seaforth,Voyager,1.5_day,15,yellowfin_tuna,2,0,offshore,https://www.sandiegofishreports.com/dock_totals/boats.php?date=2026-08-21,1.5,0.13333333333333333,0.08888888888888889
2026-08-22,Fishermans,Dolphin,half_day,54,sand_bass,6,0,point loma kelp,https://www.sandiegofishreports.com/dock_totals/boats.php?date=2026-08-22,0.5,0.1111111111111111,0.2222222222222222
2026-08-22,Fishermans,Dolphin,half_day,54,sheephead,3,0,point loma kelp,https://www.sandiegofishreports.com/dock_totals/boats.php?date=2026-08-22,0.5,0.05555555555555555,0.1111111111111111
2026-08-22,Fishermans,Dolphin,half_day,54,rockfish,18,0,point loma kelp,https://www.sandiegofishreports.com/dock_totals/boats.php?date=2026-08-22,0.5,0.3333333333333333,0.6666666666666666
2026-08-22,Fishermans,Dolphin,half_day,59,sand_bass,2,0,point loma kelp,https://www.sandiegofishreports.com/dock_totals/boats.php?date=2026-08-22,0.5,0.03389830508474576,0.06779661016949153
2026-08-22,Fishermans,Dolphin,half_day,59,sheephead,8,0,point loma kelp,https://www.sandiegofishreports.com/dock_totals/boats.php?date=2026-08-22,0.5,0.13559322033898305,0.2711864406779661
2026-08-22,Fishermans,Dolphin,half_day,59,yellowtail,3,0,point loma kelp,https://www.sandiegofishreports.com/dock_totals/boats.php?date=2026-08-22,0.5,0.05084745762711865,0.1016949152542373
2026-08-22,Fishermans,Dolphin,half_day,59,calico_bass,19,0,point loma kelp,https://www.sandiegofishreports.com/dock_totals/boats.php?date=2026-08-22,0.5,0.3220338983050847,0.6440677966101694
2026-08-22,Fishermans,Dolphin,half_day,59,bonito,30,0,point loma kelp,https://www.sandiegofishreports.com/dock_totals/boats.php?date=2026-08-22,0.5,0.5084745762711864,1.0169491525423728
2026-08-22,Fishermans,Dolphin,half_day,26,calico_bass,2,0,point loma kelp,https://www.sandiegofishreports.com/dock_totals/boats.php?date=2026-08-22,0.5,0.07692307692307693,0.15384615384615385
2026-08-22,Fishermans,Dolphin,half_day,26,bonito,8,0,point loma kelp,https://www.sandiegofishreports.com/dock_totals/boats.php?date=2026-08-22,0.5,0.3076923076923077,0.6153846153846154
2026-08-22,Fishermans,Dolphin,half_day,26,rockfish,28,0,point loma kelp,https://www.sandiegofishreports.com/dock_totals/boats.php?date=2026-08-22,0.5,1.0769230769230769,2.1538461538461537
2026-08-22,H&M,Daiwa Pacific,overnight,22,yellowfin_tuna,17,0,offshore,https://www.sandiegofishreports.com/dock_totals/boats.php?date=2026-08-22,1.0,0.7727272727272727,0.7727272727272727
2026-08-22,H&M,Grande,overnight,26,yellowtail,3,0,offshore,https://www.sandiegofishreports.com/dock_totals/boats.php?date=2026-08-22,1.0,0.11538461538461539,0.11538461538461539
2026-08-22,H&M,Grande,overnight,26,dorado,1,0,offshore,https://www.sandiegofishreports.com/dock_totals/boats.php?date=2026-08-22,1.0,0.038461538461538464,0.038461538461538464
2026-08-22,H&M,Grande,overnight,26,yellowfin_tuna,130,0,offshore,https://www.sandiegofishreports.com/dock_totals/boats.php?date=2026-08-22,1.0,5.0,5.0
2026-08-22,H&M,Horizon,1.5_day,24,bluefin_tuna,9,0,offshore,https://www.sandiegofishreports.com/dock_totals/boats.php?date=2026-08-22,1.5,0.375,0.25
2026-08-22,H&M,Horizon,1.5_day,24,yellowtail,10,0,offshore,https://www.sandiegofishreports.com/dock_totals/boats.php?date=2026-08-22,1.5,0.4166666666666667,0.2777777777777778
2026-08-22,H&M,Horizon,1.5_day,24,bonito,21,0,offshore,https://www.sandiegofishreports.com/dock_totals/boats.php?date=2026-08-22,1.5,0.875,0.5833333333333334
2026-08-22,H&M,Old Glory,overnight,27,dorado,1,0,offshore,https://www.sandiegofishreports.com/dock_totals/boats.php?date=2026-08-22,1.0,0.037037037037037035,0.037037037037037035
2026-08-22,H&M,Old Glory,overnight,27,yellowfin_tuna,135,0,offshore,https://www.sandiegofishreports.com/dock_totals/boats.php?date=2026-08-22,1.0,5.0,5.0
2026-08-22,H&M,Producer,overnight,18,dorado,36,0,offshore,https://www.sandiegofishreports.com/dock_totals/boats.php?date=2026-08-22,1.0,2.0,2.0
2026-08-22,H&M,Producer,overnight,18,yellowfin_tuna,54,0,offshore,https://www.sandiegofishreports.com/dock_totals/boats.php?date=2026-08-22,1.0,3.0,3.0
2026-08-22,H&M,Tradition,overnight,25,sand_bass,8,0,offshore,https://www.sandiegofishreports.com/dock_totals/boats.php?date=2026-08-22,1.0,0.32,0.32
2026-08-22,H&M,Tradition,overnight,25,california_halibut,1,0,offshore,https://www.sandiegofishreports.com/dock_totals/boats.php?date=2026-08-22,1.0,0.04,0.04
2026-08-22,H&M,Tradition,overnight,25,yellowtail,45,0,offshore,https://www.sandiegofishreports.com/dock_totals/boats.php?date=2026-08-22,1.0,1.8,1.8
2026-08-22,H&M,Tradition,overnight,25,calico_bass,15,0,offshore,https://www.sandiegofishreports.com/dock_totals/boats.php?date=2026-08-22,1.0,0.6,0.6
2026-08-22,H&M,Tradition,overnight,25,white_seabass,1,0,offshore,https://www.sandiegofishreports.com/dock_totals/boats.php?date=2026-08-22,1.0,0.04,0.04
2026-08-22,Point Loma,Daily Double,half_day,30,sand_bass,4,0,point loma kelp,https://www.sandiegofishreports.com/dock_totals/boats.php?date=2026-08-22,0.5,0.13333333333333333,0.26666666666666666
2026-08-22,Point Loma,Daily Double,half_day,30,bonito,1,0,point loma kelp,https://www.sandiegofishreports.com/dock_totals/boats.php?date=2026-08-22,0.5,0.03333333333333333,0.06666666666666667
2026-08-22,Point Loma,Daily Double,half_day,30,rockfish,23,0,point loma kelp,https://www.sandiegofishreports.com/dock_totals/boats.php?date=2026-08-22,0.5,0.7666666666666667,1.5333333333333334
2026-08-22,Point Loma,Daily Double,half_day,30,white_seabass,1,0,point loma kelp,https://www.sandiegofishreports.com/dock_totals/boats.php?date=2026-08-22,0.5,0.03333333333333333,0.06666666666666667
2026-08-22,Point Loma,Daily Double,half_day,38,sand_bass,72,0,point loma kelp,https://www.sandiegofishreports.com/dock_totals/boats.php?date=2026-08-22,0.5,1.894736842105263,3.789473684210526
2026-08-22,Point Loma,Daily Double,half_day,38,california_halibut,3,0,point loma kelp,https://www.sandiegofishreports.com/dock_totals/boats.php?date=2026-08-22,0.5,0.07894736842105263,0.15789473684210525
2026-08-22,Point Loma,Daily Double,half_day,38,yellowtail,1,0,point loma kelp,https://www.sandiegofishreports.com/dock_totals/boats.php?date=2026-08-22,0.5,0.02631578947368421,0.05263157894736842
2026-08-22,Point Loma,Daily Double,half_day,38,calico_bass,1,8,point loma kelp,https://www.sandiegofishreports.com/dock_totals/boats.php?date=2026-08-22,0.5,0.02631578947368421,0.05263157894736842
2026-08-22,Point Loma,Daily Double,half_day,38,bonito,15,0,point loma kelp,https://www.sandiegofishreports.com/dock_totals/boats.php?date=2026-08-22,0.5,0.39473684210526316,0.7894736842105263
2026-08-22,Point Loma,Mission Belle,full_day,30,sand_bass,3,0,coronados,https://www.sandiegofishreports.com/dock_totals/boats.php?date=2026-08-22,1.0,0.1,0.1
2026-08-22,Point Loma,Mission Belle,full_day,30,california_halibut,2,0,coronados,https://www.sandiegofishreports.com/dock_totals/boats.php?date=2026-08-22,1.0,0.06666666666666667,0.06666666666666667
2026-08-22,Point Loma,Mission Belle,full_day,30,yellowtail,77,0,coronados,https://www.sandiegofishreports.com/dock_totals/boats.php?date=2026-08-22,1.0,2.566666666666667,2.566666666666667
2026-08-22,Point Loma,Mission Belle,full_day,30,bonito,3,0,coronados,https://www.sandiegofishreports.com/dock_totals/boats.php?date=2026-08-22,1.0,0.1,0.1
2026-08-22,Seaforth,El Gato Dos,full_day,4,yellowtail,18,0,offshore,https://www.sandiegofishreports.com/dock_totals/boats.php?date=2026-08-22,1.0,4.5,4.5
2026-08-22,Seaforth,New Seaforth,half_day,56,sheephead,2,0,point loma kelp,https://www.sandiegofishreports.com/dock_totals/boats.php?date=2026-08-22,0.5,0.03571428571428571,0.07142857142857142
2026-08-22,Seaforth,New Seaforth,half_day,56,calico_bass,13,0,point loma kelp,https://www.sandiegofishreports.com/dock_totals/boats.php?date=2026-08-22,0.5,0.23214285714285715,0.4642857142857143
2026-08-22,Seaforth,New Seaforth,half_day,56,bonito,2,0,point loma kelp,https://www.sandiegofishreports.com/dock_totals/boats.php?date=2026-08-22,0.5,0.03571428571428571,0.07142857142857142
2026-08-22,Seaforth,New Seaforth,half_day,56,rockfish,2,0,point loma kelp,https://www.sandiegofishreports.com/dock_totals/boats.php?date=2026-08-22,0.5,0.03571428571428571,0.07142857142857142
2026-08-22,Seaforth,New Seaforth,half_day,56,sand_bass,1,0,point loma kelp,https://www.sandiegofishreports.com/dock_totals/boats.php?date=2026-08-22,0.5,0.017857142857142856,0.03571428571428571
2026-08-22,Seaforth,New Seaforth,half_day,56,sheephead,2,0,point loma kelp,https://www.sandiegofishreports.com/dock_totals/boats.php?date=2026-08-22,0.5,0.03571428571428571,0.07142857142857142
2026-08-22,Seaforth,New Seaforth,half_day,56,yellowtail,3,0,point loma kelp,https://www.sandiegofishreports.com/dock_totals/boats.php?date=2026-08-22,0.5,0.05357142857142857,0.10714285714285714
2026-08-22,Seaforth,New Seaforth,half_day,56,calico_bass,13,75,point loma kelp,https://www.sandiegofishreports.com/dock_totals/boats.php?date=2026-08-22,0.5,0.23214285714285715,0.4642857142857143
2026-08-22,Seaforth,New Seaforth,half_day,56,bonito,8,0,point loma kelp,https://www.sandiegofishreports.com/dock_totals/boats.php?date=2026-08-22,0.5,0.14285714285714285,0.2857142857142857
2026-08-22,Seaforth,New Seaforth,half_day,56,rockfish,16,0,point loma kelp,https://www.sandiegofishreports.com/dock_totals/boats.php?date=2026-08-22,0.5,0.2857142857142857,0.5714285714285714
2026-08-22,Seaforth,New Seaforth,half_day,38,barracuda,2,0,point loma kelp,https://www.sandiegofishreports.com/dock_totals/boats.php?date=2026-08-22,0.5,0.05263157894736842,0.10526315789473684
2026-08-22,Seaforth,New Seaforth,half_day,38,sheephead,4,0,point loma kelp,https://www.sandiegofishreports.com/dock_totals/boats.php?date=2026-08-22,0.5,0.10526315789473684,0.21052631578947367
2026-08-22,Seaforth,New Seaforth,half_day,38,calico_bass,26,75,point loma kelp,https://www.sandiegofishreports.com/dock_totals/boats.php?date=2026-08-22,0.5,0.6842105263157895,1.368421052631579
2026-08-22,Seaforth,New Seaforth,half_day,38,bonito,7,0,point loma kelp,https://www.sandiegofishreports.com/dock_totals/boats.php?date=2026-08-22,0.5,0.18421052631578946,0.3684210526315789
2026-08-22,Seaforth,New Seaforth,half_day,38,rockfish,45,0,point loma kelp,https://www.sandiegofishreports.com/dock_totals/boats.php?date=2026-08-22,0.5,1.1842105263157894,2.3684210526315788
2026-08-22,Seaforth,San Diego,full_day,36,yellowtail,126,0,offshore,https://www.sandiegofishreports.com/dock_totals/boats.php?date=2026-08-22,1.0,3.5,3.5
2026-08-22,Seaforth,Sea Watch,full_day,20,yellowtail,3,0,offshore,https://www.sandiegofishreports.com/dock_totals/boats.php?date=2026-08-22,1.0,0.15,0.15
2026-08-22,Seaforth,Sea Watch,full_day,20,yellowfin_tuna,200,0,offshore,https://www.sandiegofishreports.com/dock_totals/boats.php?date=2026-08-22,1.0,10.0,10.0
2026-08-23,Fishermans,Constitution,2.5_day,20,bluefin_tuna,1,0,offshore,https://www.sandiegofishreports.com/dock_totals/boats.php?date=2026-08-23,2.5,0.05,0.02
2026-08-23,Fishermans,Constitution,2.5_day,20,yellowtail,36,0,offshore,https://www.sandiegofishreports.com/dock_totals/boats.php?date=2026-08-23,2.5,1.8,0.72
2026-08-23,Fishermans,Constitution,2.5_day,20,dorado,14,0,offshore,https://www.sandiegofishreports.com/dock_totals/boats.php?date=2026-08-23,2.5,0.7,0.28
2026-08-23,Fishermans,Dolphin,half_day,57,sand_bass,2,0,point loma kelp,https://www.sandiegofishreports.com/dock_totals/boats.php?date=2026-08-23,0.5,0.03508771929824561,0.07017543859649122
2026-08-23,Fishermans,Dolphin,half_day,57,bonito,15,0,point loma kelp,https://www.sandiegofishreports.com/dock_totals/boats.php?date=2026-08-23,0.5,0.2631578947368421,0.5263157894736842
2026-08-23,Fishermans,Dolphin,half_day,57,rockfish,25,0,point loma kelp,https://www.sandiegofishreports.com/dock_totals/boats.php?date=2026-08-23,0.5,0.43859649122807015,0.8771929824561403
2026-08-23,Fishermans,Dolphin,half_day,41,sand_bass,13,0,point loma kelp,https://www.sandiegofishreports.com/dock_totals/boats.php?date=2026-08-23,0.5,0.3170731707317073,0.6341463414634146
2026-08-23,Fishermans,Dolphin,half_day,41,sheephead,2,0,point loma kelp,https://www.sandiegofishreports.com/dock_totals/boats.php?date=2026-08-23,0.5,0.04878048780487805,0.0975609756097561
2026-08-23,Fishermans,Dolphin,half_day,41,yellowtail,5,0,point loma kelp,https://www.sandiegofishreports.com/dock_totals/boats.php?date=2026-08-23,0.5,0.12195121951219512,0.24390243902439024
2026-08-23,Fishermans,Dolphin,half_day,41,calico_bass,6,0,point loma kelp,https://www.sandiegofishreports.com/dock_totals/boats.php?date=2026-08-23,0.5,0.14634146341463414,0.2926829268292683
2026-08-23,Fishermans,Dolphin,half_day,41,bonito,4,0,point loma kelp,https://www.sandiegofishreports.com/dock_totals/boats.php?date=2026-08-23,0.5,0.0975609756097561,0.1951219512195122
2026-08-23,Fishermans,Dolphin,half_day,41,rockfish,10,0,point loma kelp,https://www.sandiegofishreports.com/dock_totals/boats.php?date=2026-08-23,0.5,0.24390243902439024,0.4878048780487805
2026-08-23,Fishermans,Fortune,2.5_day,16,bluefin_tuna,12,0,offshore,https://www.sandiegofishreports.com/dock_totals/boats.php?date=2026-08-23,2.5,0.75,0.3
2026-08-23,Fishermans,Fortune,2.5_day,16,yellowtail,51,0,offshore,https://www.sandiegofishreports.com/dock_totals/boats.php?date=2026-08-23,2.5,3.1875,1.275
2026-08-23,Fishermans,Fortune,2.5_day,16,yellowfin_tuna,6,0,offshore,https://www.sandiegofishreports.com/dock_totals/boats.php?date=2026-08-23,2.5,0.375,0.15
2026-08-23,Fishermans,Liberty,2_day,26,bluefin_tuna,2,0,offshore,https://www.sandiegofishreports.com/dock_totals/boats.php?date=2026-08-23,2.0,0.07692307692307693,0.038461538461538464
2026-08-23,Fishermans,Liberty,2_day,26,yellowtail,12,0,offshore,https://www.sandiegofishreports.com/dock_totals/boats.php?date=2026-08-23,2.0,0.46153846153846156,0.23076923076923078
2026-08-23,Fishermans,Liberty,2_day,26,dorado,4,0,offshore,https://www.sandiegofishreports.com/dock_totals/boats.php?date=2026-08-23,2.0,0.15384615384615385,0.07692307692307693
2026-08-23,Fishermans,Liberty,2_day,26,yellowfin_tuna,4,0,offshore,https://www.sandiegofishreports.com/dock_totals/boats.php?date=2026-08-23,2.0,0.15384615384615385,0.07692307692307693
2026-08-23,Fishermans,Pacific Dawn,2_day,12,yellowtail,12,0,offshore,https://www.sandiegofishreports.com/dock_totals/boats.php?date=2026-08-23,2.0,1.0,0.5
2026-08-23,Fishermans,Pacific Dawn,2_day,12,rockfish,20,0,offshore,https://www.sandiegofishreports.com/dock_totals/boats.php?date=2026-08-23,2.0,1.6666666666666667,0.8333333333333334
2026-08-23,Fishermans,Pacific Dawn,2_day,12,yellowfin_tuna,2,0,offshore,https://www.sandiegofishreports.com/dock_totals/boats.php?date=2026-08-23,2.0,0.16666666666666666,0.08333333333333333
2026-08-23,Fishermans,Pacific Queen,3_day,18,bluefin_tuna,108,0,offshore,https://www.sandiegofishreports.com/dock_totals/boats.php?date=2026-08-23,3.0,6.0,2.0
2026-08-23,Fishermans,Pacific Queen,3_day,18,yellowtail,4,0,offshore,https://www.sandiegofishreports.com/dock_totals/boats.php?date=2026-08-23,3.0,0.2222222222222222,0.07407407407407407
2026-08-23,Fishermans,Pacific Queen,3_day,18,dorado,15,0,offshore,https://www.sandiegofishreports.com/dock_totals/boats.php?date=2026-08-23,3.0,0.8333333333333334,0.2777777777777778
2026-08-23,Fishermans,Pacific Queen,3_day,18,yellowfin_tuna,9,0,offshore,https://www.sandiegofishreports.com/dock_totals/boats.php?date=2026-08-23,3.0,0.5,0.16666666666666666
2026-08-23,Fishermans,Pegasus,2_day,21,yellowtail,49,0,offshore,https://www.sandiegofishreports.com/dock_totals/boats.php?date=2026-08-23,2.0,2.3333333333333335,1.1666666666666667
2026-08-23,Fishermans,Pegasus,2_day,21,dorado,32,0,offshore,https://www.sandiegofishreports.com/dock_totals/boats.php?date=2026-08-23,2.0,1.5238095238095237,0.7619047619047619
2026-08-23,Fishermans,Pegasus,2_day,21,yellowfin_tuna,21,0,offshore,https://www.sandiegofishreports.com/dock_totals/boats.php?date=2026-08-23,2.0,1.0,0.5
2026-08-23,Fishermans,Poseidon,2.5_day,17,bluefin_tuna,23,0,offshore,https://www.sandiegofishreports.com/dock_totals/boats.php?date=2026-08-23,2.5,1.3529411764705883,0.5411764705882353
2026-08-23,Fishermans,Poseidon,2.5_day,17,yellowtail,27,0,offshore,https://www.sandiegofishreports.com/dock_totals/boats.php?date=2026-08-23,2.5,1.588235294117647,0.6352941176470588
2026-08-23,Fishermans,Poseidon,2.5_day,17,dorado,1,0,offshore,https://www.sandiegofishreports.com/dock_totals/boats.php?date=2026-08-23,2.5,0.058823529411764705,0.023529411764705882
2026-08-23,H&M,Daiwa Pacific,overnight,18,yellowfin_tuna,25,0,offshore,https://www.sandiegofishreports.com/dock_totals/boats.php?date=2026-08-23,1.0,1.3888888888888888,1.3888888888888888
2026-08-23,H&M,Excalibur,3_day,29,bluefin_tuna,1,0,offshore,https://www.sandiegofishreports.com/dock_totals/boats.php?date=2026-08-23,3.0,0.034482758620689655,0.011494252873563218
2026-08-23,H&M,Excalibur,3_day,29,yellowtail,82,0,offshore,https://www.sandiegofishreports.com/dock_totals/boats.php?date=2026-08-23,3.0,2.8275862068965516,0.9425287356321839
2026-08-23,H&M,Excalibur,3_day,29,dorado,14,0,offshore,https://www.sandiegofishreports.com/dock_totals/boats.php?date=2026-08-23,3.0,0.4827586206896552,0.16091954022988506
2026-08-23,H&M,Excalibur,3_day,29,yellowfin_tuna,61,0,offshore,https://www.sandiegofishreports.com/dock_totals/boats.php?date=2026-08-23,3.0,2.103448275862069,0.7011494252873564
2026-08-23,H&M,Grande,full_day,36,yellowtail,1,0,offshore,https://www.sandiegofishreports.com/dock_totals/boats.php?date=2026-08-23,1.0,0.027777777777777776,0.027777777777777776
2026-08-23,H&M,Grande,full_day,36,dorado,3,0,offshore,https://www.sandiegofishreports.com/dock_totals/boats.php?date=2026-08-23,1.0,0.08333333333333333,0.08333333333333333
2026-08-23,H&M,Grande,full_day,36,yellowfin_tuna,126,0,offshore,https://www.sandiegofishreports.com/dock_totals/boats.php?date=2026-08-23,1.0,3.5,3.5
2026-08-23,H&M,Legend,3_day,22,bluefin_tuna,25,0,offshore,https://www.sandiegofishreports.com/dock_totals/boats.php?date=2026-08-23,3.0,1.1363636363636365,0.3787878787878788
2026-08-23,H&M,Legend,3_day,22,yellowtail,36,0,offshore,https://www.sandiegofishreports.com/dock_totals/boats.php?date=2026-08-23,3.0,1.6363636363636365,0.5454545454545454
2026-08-23,H&M,Legend,3_day,22,yellowfin_tuna,4,0,offshore,https://www.sandiegofishreports.com/dock_totals/boats.php?date=2026-08-23,3.0,0.18181818181818182,0.06060606060606061
2026-08-23,H&M,Old Glory,overnight,36,yellowtail,1,0,offshore,https://www.sandiegofishreports.com/dock_totals/boats.php?date=2026-08-23,1.0,0.027777777777777776,0.027777777777777776
2026-08-23,H&M,Old Glory,overnight,36,dorado,2,0,offshore,https://www.sandiegofishreports.com/dock_totals/boats.php?date=2026-08-23,1.0,0.05555555555555555,0.05555555555555555
2026-08-23,H&M,Old Glory,overnight,36,yellowfin_tuna,55,0,offshore,https://www.sandiegofishreports.com/dock_totals/boats.php?date=2026-08-23,1.0,1.5277777777777777,1.5277777777777777
2026-08-23,H&M,Premier,full_day,32,yellowtail,1,0,point loma kelp,https://www.sandiegofishreports.com/dock_totals/boats.php?date=2026-08-23,1.0,0.03125,0.03125
2026-08-23,H&M,Premier,full_day,32,dorado,2,0,point loma kelp,https://www.sandiegofishreports.com/dock_totals/boats.php?date=2026-08-23,1.0,0.0625,0.0625
2026-08-23,H&M,Premier,full_day,32,yellowfin_tuna,34,0,point loma kelp,https://www.sandiegofishreports.com/dock_totals/boats.php?date=2026-08-23,1.0,1.0625,1.0625
2026-08-23,H&M,Producer,overnight,29,yellowtail,2,0,offshore,https://www.sandiegofishreports.com/dock_totals/boats.php?date=2026-08-23,1.0,0.06896551724137931,0.06896551724137931
2026-08-23,H&M,Producer,overnight,29,dorado,15,0,offshore,https://www.sandiegofishreports.com/dock_totals/boats.php?date=2026-08-23,1.0,0.5172413793103449,0.5172413793103449
2026-08-23,H&M,Producer,overnight,29,yellowfin_tuna,127,0,offshore,https://www.sandiegofishreports.com/dock_totals/boats.php?date=2026-08-23,1.0,4.379310344827586,4.379310344827586
2026-08-23,H&M,Ranger 85,1.5_day,21,yellowtail,29,0,offshore,https://www.sandiegofishreports.com/dock_totals/boats.php?date=2026-08-23,1.5,1.380952380952381,0.9206349206349206
2026-08-23,H&M,Ranger 85,1.5_day,21,dorado,7,0,offshore,https://www.sandiegofishreports.com/dock_totals/boats.php?date=2026-08-23,1.5,0.3333333333333333,0.2222222222222222
2026-08-23,H&M,Sea Adventure 80,2_day,28,bluefin_tuna,13,0,offshore,https://www.sandiegofishreports.com/dock_totals/boats.php?date=2026-08-23,2.0,0.4642857142857143,0.23214285714285715
2026-08-23,H&M,Sea Adventure 80,2_day,28,yellowtail,26,0,offshore,https://www.sandiegofishreports.com/dock_totals/boats.php?date=2026-08-23,2.0,0.9285714285714286,0.4642857142857143
2026-08-23,H&M,Sea Adventure 80,2_day,28,bonito,11,0,offshore,https://www.sandiegofishreports.com/dock_totals/boats.php?date=2026-08-23,2.0,0.39285714285714285,0.19642857142857142
2026-08-23,H&M,Spirit of Adventure,3_day,19,bluefin_tuna,73,0,offshore,https://www.sandiegofishreports.com/dock_totals/boats.php?date=2026-08-23,3.0,3.8421052631578947,1.280701754385965
2026-08-23,H&M,Spirit of Adventure,3_day,19,yellowtail,36,0,offshore,https://www.sandiegofishreports.com/dock_totals/boats.php?date=2026-08-23,3.0,1.894736842105263,0.631578947368421
2026-08-23,H&M,Spirit of Adventure,3_day,19,dorado,3,0,offshore,https://www.sandiegofishreports.com/dock_totals/boats.php?date=2026-08-23,3.0,0.15789473684210525,0.05263157894736842
2026-08-23,H&M,Top Gun 80,2.5_day,9,bluefin_tuna,29,0,offshore,https://www.sandiegofishreports.com/dock_totals/boats.php?date=2026-08-23,2.5,3.2222222222222223,1.288888888888889
2026-08-23,H&M,Top Gun 80,2.5_day,9,yellowtail,29,0,offshore,https://www.sandiegofishreports.com/dock_totals/boats.php?date=2026-08-23,2.5,3.2222222222222223,1.288888888888889
2026-08-23,H&M,Top Gun 80,2.5_day,9,dorado,2,0,offshore,https://www.sandiegofishreports.com/dock_totals/boats.php?date=2026-08-23,2.5,0.2222222222222222,0.08888888888888889
2026-08-23,H&M,Tradition,half_day,41,sand_bass,1,0,point loma kelp,https://www.sandiegofishreports.com/dock_totals/boats.php?date=2026-08-23,0.5,0.024390243902439025,0.04878048780487805
2026-08-23,H&M,Tradition,half_day,41,sheephead,3,0,point loma kelp,https://www.sandiegofishreports.com/dock_totals/boats.php?date=2026-08-23,0.5,0.07317073170731707,0.14634146341463414
2026-08-23,H&M,Tradition,half_day,41,rockfish,71,0,point loma kelp,https://www.sandiegofishreports.com/dock_totals/boats.php?date=2026-08-23,0.5,1.7317073170731707,3.4634146341463414
2026-08-23,Point Loma,Daily Double,half_day,25,sand_bass,5,0,point loma kelp,https://www.sandiegofishreports.com/dock_totals/boats.php?date=2026-08-23,0.5,0.2,0.4
2026-08-23,Point Loma,Daily Double,half_day,15,sand_bass,60,0,point loma kelp,https://www.sandiegofishreports.com/dock_totals/boats.php?date=2026-08-23,0.5,4.0,8.0
2026-08-23,Point Loma,Daily Double,half_day,15,california_halibut,2,0,point loma kelp,https://www.sandiegofishreports.com/dock_totals/boats.php?date=2026-08-23,0.5,0.13333333333333333,0.26666666666666666
2026-08-23,Point Loma,Daily Double,half_day,15,yellowtail,2,0,point loma kelp,https://www.sandiegofishreports.com/dock_totals/boats.php?date=2026-08-23,0.5,0.13333333333333333,0.26666666666666666
2026-08-23,Point Loma,Daily Double,half_day,15,calico_bass,4,8,point loma kelp,https://www.sandiegofishreports.com/dock_totals/boats.php?date=2026-08-23,0.5,0.26666666666666666,0.5333333333333333
2026-08-23,Point Loma,Daily Double,half_day,15,bonito,12,0,point loma kelp,https://www.sandiegofishreports.com/dock_totals/boats.php?date=2026-08-23,0.5,0.8,1.6
2026-08-23,Point Loma,Mission Belle,full_day,30,california_halibut,1,0,coronados,https://www.sandiegofishreports.com/dock_totals/boats.php?date=2026-08-23,1.0,0.03333333333333333,0.03333333333333333
2026-08-23,Point Loma,Mission Belle,full_day,30,yellowtail,93,0,coronados,https://www.sandiegofishreports.com/dock_totals/boats.php?date=2026-08-23,1.0,3.1,3.1
2026-08-23,Point Loma,New Lo-An,3_day,19,bluefin_tuna,20,0,offshore,https://www.sandiegofishreports.com/dock_totals/boats.php?date=2026-08-23,3.0,1.0526315789473684,0.3508771929824561
2026-08-23,Point Loma,New Lo-An,3_day,19,yellowtail,80,0,offshore,https://www.sandiegofishreports.com/dock_totals/boats.php?date=2026-08-23,3.0,4.2105263157894735,1.4035087719298245
2026-08-23,Point Loma,Point Loma,full_day,20,yellowtail,63,0,coronados,https://www.sandiegofishreports.com/dock_totals/boats.php?date=2026-08-23,1.0,3.15,3.15
2026-08-23,Seaforth,Apollo,1.5_day,23,bluefin_tuna,44,0,offshore,https://www.sandiegofishreports.com/dock_totals/boats.php?date=2026-08-23,1.5,1.9130434782608696,1.2753623188405796
2026-08-23,Seaforth,Apollo,1.5_day,23,yellowtail,3,0,offshore,https://www.sandiegofishreports.com/dock_totals/boats.php?date=2026-08-23,1.5,0.13043478260869565,0.08695652173913043
2026-08-23,Seaforth,Apollo,1.5_day,23,dorado,1,0,offshore,https://www.sandiegofishreports.com/dock_totals/boats.php?date=2026-08-23,1.5,0.043478260869565216,0.028985507246376812
2026-08-23,Seaforth,Aztec,1.5_day,18,bluefin_tuna,12,0,offshore,https://www.sandiegofishreports.com/dock_totals/boats.php?date=2026-08-23,1.5,0.6666666666666666,0.4444444444444444
2026-08-23,Seaforth,Aztec,1.5_day,18,yellowtail,7,0,offshore,https://www.sandiegofishreports.com/dock_totals/boats.php?date=2026-08-23,1.5,0.3888888888888889,0.25925925925925924
2026-08-23,Seaforth,Aztec,1.5_day,18,yellowfin_tuna,2,0,offshore,https://www.sandiegofishreports.com/dock_totals/boats.php?date=2026-08-23,1.5,0.1111111111111111,0.07407407407407407
2026-08-23,Seaforth,Highliner,2_day,24,bluefin_tuna,32,0,offshore,https://www.sandiegofishreports.com/dock_totals/boats.php?date=2026-08-23,2.0,1.3333333333333333,0.6666666666666666
2026-08-23,Seaforth,Highliner,2_day,24,yellowtail,32,0,offshore,https://www.sandiegofishreports.com/dock_totals/boats.php?date=2026-08-23,2.0,1.3333333333333333,0.6666666666666666
2026-08-23,Seaforth,Highliner,2_day,24,dorado,5,0,offshore,https://www.sandiegofishreports.com/dock_totals/boats.php?date=2026-08-23,2.0,0.20833333333333334,0.10416666666666667
2026-08-23,Seaforth,New Seaforth,half_day,53,sheephead,3,0,point loma kelp,https://www.sandiegofishreports.com/dock_totals/boats.php?date=2026-08-23,0.5,0.05660377358490566,0.11320754716981132
2026-08-23,Seaforth,New Seaforth,half_day,53,calico_bass,10,50,point loma kelp,https://www.sandiegofishreports.com/dock_totals/boats.php?date=2026-08-23,0.5,0.18867924528301888,0.37735849056603776
2026-08-23,Seaforth,New Seaforth,half_day,53,bonito,14,0,point loma kelp,https://www.sandiegofishreports.com/dock_totals/boats.php?date=2026-08-23,0.5,0.2641509433962264,0.5283018867924528
2026-08-23,Seaforth,New Seaforth,half_day,53,rockfish,8,0,point loma kelp,https://www.sandiegofishreports.com/dock_totals/boats.php?date=2026-08-23,0.5,0.1509433962264151,0.3018867924528302
2026-08-23,Seaforth,New Seaforth,half_day,57,sand_bass,1,0,point loma kelp,https://www.sandiegofishreports.com/dock_totals/boats.php?date=2026-08-23,0.5,0.017543859649122806,0.03508771929824561
2026-08-23,Seaforth,New Seaforth,half_day,57,sheephead,10,0,point loma kelp,https://www.sandiegofishreports.com/dock_totals/boats.php?date=2026-08-23,0.5,0.17543859649122806,0.3508771929824561
2026-08-23,Seaforth,New Seaforth,half_day,57,calico_bass,15,75,point loma kelp,https://www.sandiegofishreports.com/dock_totals/boats.php?date=2026-08-23,0.5,0.2631578947368421,0.5263157894736842
2026-08-23,Seaforth,New Seaforth,half_day,57,bonito,21,0,point loma kelp,https://www.sandiegofishreports.com/dock_totals/boats.php?date=2026-08-23,0.5,0.3684210526315789,0.7368421052631579
2026-08-23,Seaforth,New Seaforth,half_day,57,rockfish,8,0,point loma kelp,https://www.sandiegofishreports.com/dock_totals/boats.php?date=2026-08-23,0.5,0.14035087719298245,0.2807017543859649
2026-08-23,Seaforth,New Seaforth,half_day,53,calico_bass,3,25,point loma kelp,https://www.sandiegofishreports.com/dock_totals/boats.php?date=2026-08-23,0.5,0.05660377358490566,0.11320754716981132
2026-08-23,Seaforth,New Seaforth,half_day,53,bonito,10,0,point loma kelp,https://www.sandiegofishreports.com/dock_totals/boats.php?date=2026-08-23,0.5,0.18867924528301888,0.37735849056603776
2026-08-23,Seaforth,New Seaforth,half_day,53,rockfish,27,5,point loma kelp,https://www.sandiegofishreports.com/dock_totals/boats.php?date=2026-08-23,0.5,0.5094339622641509,1.0188679245283019
2026-08-23,Seaforth,Pacifica,1.5_day,18,bluefin_tuna,16,0,offshore,https://www.sandiegofishreports.com/dock_totals/boats.php?date=2026-08-23,1.5,0.8888888888888888,0.5925925925925926
2026-08-23,Seaforth,Pacifica,1.5_day,18,yellowtail,27,0,offshore,https://www.sandiegofishreports.com/dock_totals/boats.php?date=2026-08-23,1.5,1.5,1.0
2026-08-23,Seaforth,Pacifica,1.5_day,18,dorado,1,0,offshore,https://www.sandiegofishreports.com/dock_totals/boats.php?date=2026-08-23,1.5,0.05555555555555555,0.037037037037037035
2026-08-23,Seaforth,Polaris Supreme,4_day,23,yellowtail,230,0,offshore,https://www.sandiegofishreports.com/dock_totals/boats.php?date=2026-08-23,4.0,10.0,2.5
2026-08-23,Seaforth,Polaris Supreme,4_day,23,dorado,6,0,offshore,https://www.sandiegofishreports.com/dock_totals/boats.php?date=2026-08-23,4.0,0.2608695652173913,0.06521739130434782
2026-08-23,Seaforth,San Diego,full_day,36,yellowtail,108,0,coronados,https://www.sandiegofishreports.com/dock_totals/boats.php?date=2026-08-23,1.0,3.0,3.0
2026-08-23,Seaforth,Sea Watch,three_quarter_day,32,yellowtail,2,0,point loma kelp,https://www.sandiegofishreports.com/dock_totals/boats.php?date=2026-08-23,0.75,0.0625,0.08333333333333333
2026-08-23,Seaforth,Sea Watch,three_quarter_day,32,calico_bass,7,0,point loma kelp,https://www.sandiegofishreports.com/dock_totals/boats.php?date=2026-08-23,0.75,0.21875,0.2916666666666667
2026-08-23,Seaforth,Sea Watch,three_quarter_day,32,bonito,10,0,point loma kelp,https://www.sandiegofishreports.com/dock_totals/boats.php?date=2026-08-23,0.75,0.3125,0.4166666666666667
2026-08-23,Seaforth,Sea Watch,three_quarter_day,32,rockfish,10,0,point loma kelp,https://www.sandiegofishreports.com/dock_totals/boats.php?date=2026-08-23,0.75,0.3125,0.4166666666666667
2026-08-23,Seaforth,Tribute,3_day,26,bluefin_tuna,29,0,offshore,https://www.sandiegofishreports.com/dock_totals/boats.php?date=2026-08-23,3.0,1.1153846153846154,0.3717948717948718
2026-08-23,Seaforth,Tribute,3_day,26,yellowtail,30,0,offshore,https://www.sandiegofishreports.com/dock_totals/boats.php?date=2026-08-23,3.0,1.1538461538461537,0.38461538461538464
2026-08-23,Seaforth,Tribute,3_day,26,dorado,1,0,offshore,https://www.sandiegofishreports.com/dock_totals/boats.php?date=2026-08-23,3.0,0.038461538461538464,0.01282051282051282
2026-08-23,Seaforth,Tribute,3_day,26,bonito,15,0,offshore,https://www.sandiegofishreports.com/dock_totals/boats.php?date=2026-08-23,3.0,0.5769230769230769,0.19230769230769232
2026-08-23,Seaforth,Tribute,3_day,26,rockfish,250,0,offshore,https://www.sandiegofishreports.com/dock_totals/boats.php?date=2026-08-23,3.0,9.615384615384615,3.2051282051282053
2026-08-23,Seaforth,Voyager,2_day,12,yellowtail,19,0,offshore,https://www.sandiegofishreports.com/dock_totals/boats.php?date=2026-08-23,2.0,1.5833333333333333,0.7916666666666666
2026-08-23,Seaforth,Voyager,2_day,12,dorado,8,0,offshore,https://www.sandiegofishreports.com/dock_totals/boats.php?date=2026-08-23,2.0,0.6666666666666666,0.3333333333333333
2026-08-23,Seaforth,Voyager,2_day,12,bonito,14,0,offshore,https://www.sandiegofishreports.com/dock_totals/boats.php?date=2026-08-23,2.0,1.1666666666666667,0.5833333333333334
2026-08-23,Seaforth,Voyager,2_day,12,yellowfin_tuna,75,0,offshore,https://www.sandiegofishreports.com/dock_totals/boats.php?date=2026-08-23,2.0,6.25,3.125
2026-08-24,Fishermans,Dolphin,half_day,8,sand_bass,21,0,point loma kelp,https://www.sandiegofishreports.com/dock_totals/boats.php?date=2026-08-24,0.5,2.625,5.25
2026-08-24,Fishermans,Dolphin,half_day,8,barracuda,2,0,point loma kelp,https://www.sandiegofishreports.com/dock_totals/boats.php?date=2026-08-24,0.5,0.25,0.5
2026-08-24,Fishermans,Dolphin,half_day,8,yellowtail,4,0,point loma kelp,https://www.sandiegofishreports.com/dock_totals/boats.php?date=2026-08-24,0.5,0.5,1.0
2026-08-24,Fishermans,Dolphin,half_day,8,calico_bass,10,0,point loma kelp,https://www.sandiegofishreports.com/dock_totals/boats.php?date=2026-08-24,0.5,1.25,2.5
2026-08-24,Fishermans,Dolphin,half_day,20,sand_bass,4,0,point loma kelp,https://www.sandiegofishreports.com/dock_totals/boats.php?date=2026-08-24,0.5,0.2,0.4
2026-08-24,Fishermans,Dolphin,half_day,20,yellowtail,10,0,point loma kelp,https://www.sandiegofishreports.com/dock_totals/boats.php?date=2026-08-24,0.5,0.5,1.0
2026-08-24,Fishermans,Dolphin,half_day,20,calico_bass,20,0,point loma kelp,https://www.sandiegofishreports.com/dock_totals/boats.php?date=2026-08-24,0.5,1.0,2.0
2026-08-24,Fishermans,Dolphin,half_day,20,bonito,7,0,point loma kelp,https://www.sandiegofishreports.com/dock_totals/boats.php?date=2026-08-24,0.5,0.35,0.7
2026-08-24,Fishermans,Dolphin,half_day,20,white_seabass,1,0,point loma kelp,https://www.sandiegofishreports.com/dock_totals/boats.php?date=2026-08-24,0.5,0.05,0.1
2026-08-24,Fishermans,Fortune,overnight,21,yellowtail,7,0,offshore,https://www.sandiegofishreports.com/dock_totals/boats.php?date=2026-08-24,1.0,0.3333333333333333,0.3333333333333333
2026-08-24,Fishermans,Fortune,overnight,21,yellowfin_tuna,14,0,offshore,https://www.sandiegofishreports.com/dock_totals/boats.php?date=2026-08-24,1.0,0.6666666666666666,0.6666666666666666
2026-08-24,Fishermans,Islander,3_day,18,bluefin_tuna,11,0,offshore,https://www.sandiegofishreports.com/dock_totals/boats.php?date=2026-08-24,3.0,0.6111111111111112,0.2037037037037037
2026-08-24,Fishermans,Islander,3_day,18,yellowtail,32,0,offshore,https://www.sandiegofishreports.com/dock_totals/boats.php?date=2026-08-24,3.0,1.7777777777777777,0.5925925925925926
2026-08-24,Fishermans,Liberty,overnight,33,dorado,4,0,offshore,https://www.sandiegofishreports.com/dock_totals/boats.php?date=2026-08-24,1.0,0.12121212121212122,0.12121212121212122
2026-08-24,Fishermans,Liberty,overnight,33,yellowfin_tuna,155,0,offshore,https://www.sandiegofishreports.com/dock_totals/boats.php?date=2026-08-24,1.0,4.696969696969697,4.696969696969697
2026-08-24,H&M,Daiwa Pacific,overnight,18,yellowfin_tuna,7,0,offshore,https://www.sandiegofishreports.com/dock_totals/boats.php?date=2026-08-24,1.0,0.3888888888888889,0.3888888888888889
2026-08-24,H&M,Grande,full_day,41,yellowtail,1,0,offshore,https://www.sandiegofishreports.com/dock_totals/boats.php?date=2026-08-24,1.0,0.024390243902439025,0.024390243902439025
2026-08-24,H&M,Grande,full_day,41,dorado,8,0,offshore,https://www.sandiegofishreports.com/dock_totals/boats.php?date=2026-08-24,1.0,0.1951219512195122,0.1951219512195122
2026-08-24,H&M,Grande,full_day,41,yellowfin_tuna,205,0,offshore,https://www.sandiegofishreports.com/dock_totals/boats.php?date=2026-08-24,1.0,5.0,5.0
2026-08-24,H&M,Horizon,1.5_day,22,yellowtail,54,0,offshore,https://www.sandiegofishreports.com/dock_totals/boats.php?date=2026-08-24,1.5,2.4545454545454546,1.6363636363636365
2026-08-24,H&M,Horizon,1.5_day,22,bonito,6,0,offshore,https://www.sandiegofishreports.com/dock_totals/boats.php?date=2026-08-24,1.5,0.2727272727272727,0.18181818181818182
2026-08-24,H&M,Old Glory,overnight,19,dorado,2,0,offshore,https://www.sandiegofishreports.com/dock_totals/boats.php?date=2026-08-24,1.0,0.10526315789473684,0.10526315789473684
2026-08-24,H&M,Old Glory,overnight,19,yellowfin_tuna,38,0,offshore,https://www.sandiegofishreports.com/dock_totals/boats.php?date=2026-08-24,1.0,2.0,2.0
2026-08-24,H&M,Producer,overnight,19,yellowtail,8,0,offshore,https://www.sandiegofishreports.com/dock_totals/boats.php?date=2026-08-24,1.0,0.42105263157894735,0.42105263157894735
2026-08-24,H&M,Producer,overnight,19,dorado,9,0,offshore,https://www.sandiegofishreports.com/dock_totals/boats.php?date=2026-08-24,1.0,0.47368421052631576,0.47368421052631576
2026-08-24,H&M,Producer,overnight,19,yellowfin_tuna,95,0,offshore,https://www.sandiegofishreports.com/dock_totals/boats.php?date=2026-08-24,1.0,5.0,5.0
2026-08-24,Point Loma,Daily Double,half_day,8,bonito,5,0,point loma kelp,https://www.sandiegofishreports.com/dock_totals/boats.php?date=2026-08-24,0.5,0.625,1.25
2026-08-24,Point Loma,Daily Double,half_day,8,rockfish,4,0,point loma kelp,https://www.sandiegofishreports.com/dock_totals/boats.php?date=2026-08-24,0.5,0.5,1.0
2026-08-24,Point Loma,Mission Belle,full_day,31,sand_bass,3,0,coronados,https://www.sandiegofishreports.com/dock_totals/boats.php?date=2026-08-24,1.0,0.0967741935483871,0.0967741935483871
2026-08-24,Point Loma,Mission Belle,full_day,31,yellowtail,153,0,coronados,https://www.sandiegofishreports.com/dock_totals/boats.php?date=2026-08-24,1.0,4.935483870967742,4.935483870967742
2026-08-24,Point Loma,Point Loma,full_day,20,yellowtail,30,0,coronados,https://www.sandiegofishreports.com/dock_totals/boats.php?date=2026-08-24,1.0,1.5,1.5
2026-08-24,Seaforth,Cortez,3.5_day,11,bluefin_tuna,1,0,offshore,https://www.sandiegofishreports.com/dock_totals/boats.php?date=2026-08-24,3.5,0.09090909090909091,0.025974025974025976
2026-08-24,Seaforth,Cortez,3.5_day,11,yellowtail,17,0,offshore,https://www.sandiegofishreports.com/dock_totals/boats.php?date=2026-08-24,3.5,1.5454545454545454,0.44155844155844154
2026-08-24,Seaforth,Cortez,3.5_day,11,dorado,14,0,offshore,https://www.sandiegofishreports.com/dock_totals/boats.php?date=2026-08-24,3.5,1.2727272727272727,0.36363636363636365
2026-08-24,Seaforth,Cortez,3.5_day,11,calico_bass,17,0,offshore,https://www.sandiegofishreports.com/dock_totals/boats.php?date=2026-08-24,3.5,1.5454545454545454,0.44155844155844154
2026-08-24,Seaforth,Cortez,3.5_day,11,yellowfin_tuna,12,0,offshore,https://www.sandiegofishreports.com/dock_totals/boats.php?date=2026-08-24,3.5,1.0909090909090908,0.3116883116883117
2026-08-24,Seaforth,New Seaforth,half_day,19,sand_bass,1,0,point loma kelp,https://www.sandiegofishreports.com/dock_totals/boats.php?date=2026-08-24,0.5,0.05263157894736842,0.10526315789473684
2026-08-24,Seaforth,New Seaforth,half_day,19,barracuda,3,0,point loma kelp,https://www.sandiegofishreports.com/dock_totals/boats.php?date=2026-08-24,0.5,0.15789473684210525,0.3157894736842105
2026-08-24,Seaforth,New Seaforth,half_day,19,sheephead,7,0,point loma kelp,https://www.sandiegofishreports.com/dock_totals/boats.php?date=2026-08-24,0.5,0.3684210526315789,0.7368421052631579
2026-08-24,Seaforth,New Seaforth,half_day,19,calico_bass,4,0,point loma kelp,https://www.sandiegofishreports.com/dock_totals/boats.php?date=2026-08-24,0.5,0.21052631578947367,0.42105263157894735
2026-08-24,Seaforth,New Seaforth,half_day,19,bonito,6,0,point loma kelp,https://www.sandiegofishreports.com/dock_totals/boats.php?date=2026-08-24,0.5,0.3157894736842105,0.631578947368421
2026-08-24,Seaforth,New Seaforth,half_day,19,rockfish,20,0,point loma kelp,https://www.sandiegofishreports.com/dock_totals/boats.php?date=2026-08-24,0.5,1.0526315789473684,2.1052631578947367
2026-08-24,Seaforth,New Seaforth,half_day,20,sheephead,2,0,point loma kelp,https://www.sandiegofishreports.com/dock_totals/boats.php?date=2026-08-24,0.5,0.1,0.2
2026-08-24,Seaforth,New Seaforth,half_day,20,calico_bass,1,0,point loma kelp,https://www.sandiegofishreports.com/dock_totals/boats.php?date=2026-08-24,0.5,0.05,0.1
2026-08-24,Seaforth,New Seaforth,half_day,20,rockfish,7,0,point loma kelp,https://www.sandiegofishreports.com/dock_totals/boats.php?date=2026-08-24,0.5,0.35,0.7
2026-08-24,Seaforth,New Seaforth,half_day,28,sand_bass,2,0,point loma kelp,https://www.sandiegofishreports.com/dock_totals/boats.php?date=2026-08-24,0.5,0.07142857142857142,0.14285714285714285
2026-08-24,Seaforth,New Seaforth,half_day,28,sheephead,3,0,point loma kelp,https://www.sandiegofishreports.com/dock_totals/boats.php?date=2026-08-24,0.5,0.10714285714285714,0.21428571428571427
2026-08-24,Seaforth,New Seaforth,half_day,28,calico_bass,14,50,point loma kelp,https://www.sandiegofishreports.com/dock_totals/boats.php?date=2026-08-24,0.5,0.5,1.0
2026-08-24,Seaforth,New Seaforth,half_day,28,bonito,6,0,point loma kelp,https://www.sandiegofishreports.com/dock_totals/boats.php?date=2026-08-24,0.5,0.21428571428571427,0.42857142857142855
2026-08-24,Seaforth,New Seaforth,half_day,28,rockfish,18,0,point loma kelp,https://www.sandiegofishreports.com/dock_totals/boats.php?date=2026-08-24,0.5,0.6428571428571429,1.2857142857142858
2026-08-24,Seaforth,San Diego,full_day,30,yellowtail,61,0,coronados,https://www.sandiegofishreports.com/dock_totals/boats.php?date=2026-08-24,1.0,2.033333333333333,2.033333333333333
2026-08-24,Seaforth,Sea Watch,three_quarter_day,11,yellowtail,1,0,point loma kelp,https://www.sandiegofishreports.com/dock_totals/boats.php?date=2026-08-24,0.75,0.09090909090909091,0.12121212121212122
2026-08-24,Seaforth,Sea Watch,three_quarter_day,11,calico_bass,13,35,point loma kelp,https://www.sandiegofishreports.com/dock_totals/boats.php?date=2026-08-24,0.75,1.1818181818181819,1.5757575757575757
2026-08-24,Seaforth,Sea Watch,three_quarter_day,11,bonito,2,0,point loma kelp,https://www.sandiegofishreports.com/dock_totals/boats.php?date=2026-08-24,0.75,0.18181818181818182,0.24242424242424243
2026-08-25,Fishermans,Dolphin,full_day,42,yellowtail,22,0,coronados,https://www.sandiegofishreports.com/dock_totals/boats.php?date=2026-08-25,1.0,0.5238095238095238,0.5238095238095238
2026-08-25,Fishermans,Dolphin,full_day,42,bonito,61,0,coronados,https://www.sandiegofishreports.com/dock_totals/boats.php?date=2026-08-25,1.0,1.4523809523809523,1.4523809523809523
2026-08-25,Fishermans,Liberty,full_day,33,sand_bass,12,0,point loma kelp,https://www.sandiegofishreports.com/dock_totals/boats.php?date=2026-08-25,1.0,0.36363636363636365,0.36363636363636365
2026-08-25,Fishermans,Liberty,full_day,33,yellowtail,41,0,point loma kelp,https://www.sandiegofishreports.com/dock_totals/boats.php?date=2026-08-25,1.0,1.2424242424242424,1.2424242424242424
2026-08-25,Fishermans,Liberty,full_day,33,bonito,15,0,point loma kelp,https://www.sandiegofishreports.com/dock_totals/boats.php?date=2026-08-25,1.0,0.45454545454545453,0.45454545454545453
2026-08-25,Fishermans,Lucky B Sportfishing,unknown,2,bluefin_tuna,2,0,unknown,https://www.sandiegofishreports.com/dock_totals/boats.php?date=2026-08-25,1.0,1.0,1.0
2026-08-25,Fishermans,Lucky B Sportfishing,unknown,2,yellowtail,10,0,unknown,https://www.sandiegofishreports.com/dock_totals/boats.php?date=2026-08-25,1.0,5.0,5.0
2026-08-25,Fishermans,Pegasus,2_day,17,bluefin_tuna,68,0,offshore,https://www.sandiegofishreports.com/dock_totals/boats.php?date=2026-08-25,2.0,4.0,2.0
2026-08-25,Fishermans,Pegasus,2_day,17,yellowtail,10,0,offshore,https://www.sandiegofishreports.com/dock_totals/boats.php?date=2026-08-25,2.0,0.5882352941176471,0.29411764705882354
2026-08-25,H&M,Excalibur,1.5_day,22,bluefin_tuna,1,0,offshore,https://www.sandiegofishreports.com/dock_totals/boats.php?date=2026-08-25,1.5,0.045454545454545456,0.030303030303030304
2026-08-25,H&M,Excalibur,1.5_day,22,yellowtail,30,0,offshore,https://www.sandiegofishreports.com/dock_totals/boats.php?date=2026-08-25,1.5,1.3636363636363635,0.9090909090909091
2026-08-25,H&M,Grande,full_day,41,dorado,3,0,offshore,https://www.sandiegofishreports.com/dock_totals/boats.php?date=2026-08-25,1.0,0.07317073170731707,0.07317073170731707
2026-08-25,H&M,Grande,full_day,41,yellowfin_tuna,205,0,offshore,https://www.sandiegofishreports.com/dock_totals/boats.php?date=2026-08-25,1.0,5.0,5.0
2026-08-25,H&M,Legend,2_day,20,bluefin_tuna,36,0,offshore,https://www.sandiegofishreports.com/dock_totals/boats.php?date=2026-08-25,2.0,1.8,0.9
2026-08-25,H&M,Legend,2_day,20,yellowtail,42,0,offshore,https://www.sandiegofishreports.com/dock_totals/boats.php?date=2026-08-25,2.0,2.1,1.05
2026-08-25,H&M,Legend,2_day,20,dorado,3,0,offshore,https://www.sandiegofishreports.com/dock_totals/boats.php?date=2026-08-25,2.0,0.15,0.075
2026-08-25,H&M,Legend,2_day,20,yellowfin_tuna,1,0,offshore,https://www.sandiegofishreports.com/dock_totals/boats.php?date=2026-08-25,2.0,0.05,0.025
2026-08-25,H&M,Little G,3.5_day,6,sand_bass,8,0,offshore,https://www.sandiegofishreports.com/dock_totals/boats.php?date=2026-08-25,3.5,1.3333333333333333,0.38095238095238093
2026-08-25,H&M,Little G,3.5_day,6,bluefin_tuna,8,0,offshore,https://www.sandiegofishreports.com/dock_totals/boats.php?date=2026-08-25,3.5,1.3333333333333333,0.38095238095238093
2026-08-25,H&M,Little G,3.5_day,6,yellowtail,38,0,offshore,https://www.sandiegofishreports.com/dock_totals/boats.php?date=2026-08-25,3.5,6.333333333333333,1.8095238095238095
2026-08-25,H&M,Little G,3.5_day,6,dorado,2,0,offshore,https://www.sandiegofishreports.com/dock_totals/boats.php?date=2026-08-25,3.5,0.3333333333333333,0.09523809523809523
2026-08-25,H&M,Nautilus,overnight,5,dorado,4,0,offshore,https://www.sandiegofishreports.com/dock_totals/boats.php?date=2026-08-25,1.0,0.8,0.8
2026-08-25,H&M,Ocean Odyssey,1.5_day,25,bluefin_tuna,35,0,offshore,https://www.sandiegofishreports.com/dock_totals/boats.php?date=2026-08-25,1.5,1.4,0.9333333333333333
2026-08-25,H&M,Ocean Odyssey,1.5_day,25,yellowtail,13,0,offshore,https://www.sandiegofishreports.com/dock_totals/boats.php?date=2026-08-25,1.5,0.52,0.3466666666666667
2026-08-25,H&M,Ocean Odyssey,1.5_day,25,dorado,1,0,offshore,https://www.sandiegofishreports.com/dock_totals/boats.php?date=2026-08-25,1.5,0.04,0.02666666666666667
2026-08-25,H&M,Old Glory,overnight,33,dorado,1,0,offshore,https://www.sandiegofishreports.com/dock_totals/boats.php?date=2026-08-25,1.0,0.030303030303030304,0.030303030303030304
2026-08-25,H&M,Old Glory,overnight,33,yellowfin_tuna,28,0,offshore,https://www.sandiegofishreports.com/dock_totals/boats.php?date=2026-08-25,1.0,0.8484848484848485,0.8484848484848485
2026-08-25,H&M,Premier,half_day,15,yellowtail,3,0,point loma kelp,https://www.sandiegofishreports.com/dock_totals/boats.php?date=2026-08-25,0.5,0.2,0.4
2026-08-25,H&M,Premier,half_day,15,calico_bass,7,0,point loma kelp,https://www.sandiegofishreports.com/dock_totals/boats.php?date=2026-08-25,0.5,0.4666666666666667,0.9333333333333333
2026-08-25,H&M,Premier,half_day,15,bonito,1,0,point loma kelp,https://www.sandiegofishreports.com/dock_totals/boats.php?date=2026-08-25,0.5,0.06666666666666667,0.13333333333333333
2026-08-25,H&M,Premier,half_day,15,rockfish,7,0,point loma kelp,https://www.sandiegofishreports.com/dock_totals/boats.php?date=2026-08-25,0.5,0.4666666666666667,0.9333333333333333
2026-08-25,H&M,Producer,overnight,17,dorado,5,0,offshore,https://www.sandiegofishreports.com/dock_totals/boats.php?date=2026-08-25,1.0,0.29411764705882354,0.29411764705882354
2026-08-25,H&M,Producer,overnight,17,yellowfin_tuna,85,0,offshore,https://www.sandiegofishreports.com/dock_totals/boats.php?date=2026-08-25,1.0,5.0,5.0
2026-08-25,H&M,Top Gun 80,2_day,25,bluefin_tuna,15,0,offshore,https://www.sandiegofishreports.com/dock_totals/boats.php?date=2026-08-25,2.0,0.6,0.3
2026-08-25,H&M,Top Gun 80,2_day,25,yellowtail,15,0,offshore,https://www.sandiegofishreports.com/dock_totals/boats.php?date=2026-08-25,2.0,0.6,0.3
2026-08-25,Point Loma,Daily Double,half_day,11,sand_bass,9,0,point loma kelp,https://www.sandiegofishreports.com/dock_totals/boats.php?date=2026-08-25,0.5,0.8181818181818182,1.6363636363636365
2026-08-25,Point Loma,Daily Double,half_day,11,sheephead,6,0,point loma kelp,https://www.sandiegofishreports.com/dock_totals/boats.php?date=2026-08-25,0.5,0.5454545454545454,1.0909090909090908
2026-08-25,Point Loma,Daily Double,half_day,11,calico_bass,9,0,point loma kelp,https://www.sandiegofishreports.com/dock_totals/boats.php?date=2026-08-25,0.5,0.8181818181818182,1.6363636363636365
2026-08-25,Point Loma,Daily Double,half_day,11,rockfish,8,0,point loma kelp,https://www.sandiegofishreports.com/dock_totals/boats.php?date=2026-08-25,0.5,0.7272727272727273,1.4545454545454546
2026-08-25,Point Loma,Daily Double,half_day,22,sand_bass,1,0,point loma kelp,https://www.sandiegofishreports.com/dock_totals/boats.php?date=2026-08-25,0.5,0.045454545454545456,0.09090909090909091
2026-08-25,Point Loma,Daily Double,half_day,22,sheephead,3,0,point loma kelp,https://www.sandiegofishreports.com/dock_totals/boats.php?date=2026-08-25,0.5,0.13636363636363635,0.2727272727272727
2026-08-25,Point Loma,Daily Double,half_day,22,yellowtail,3,0,point loma kelp,https://www.sandiegofishreports.com/dock_totals/boats.php?date=2026-08-25,0.5,0.13636363636363635,0.2727272727272727
2026-08-25,Point Loma,Daily Double,half_day,22,bonito,20,0,point loma kelp,https://www.sandiegofishreports.com/dock_totals/boats.php?date=2026-08-25,0.5,0.9090909090909091,1.8181818181818181
2026-08-25,Point Loma,Mission Belle,full_day,30,sand_bass,5,0,coronados,https://www.sandiegofishreports.com/dock_totals/boats.php?date=2026-08-25,1.0,0.16666666666666666,0.16666666666666666
2026-08-25,Point Loma,Mission Belle,full_day,30,yellowtail,125,0,coronados,https://www.sandiegofishreports.com/dock_totals/boats.php?date=2026-08-25,1.0,4.166666666666667,4.166666666666667
2026-08-25,Point Loma,Mission Belle,full_day,30,bonito,5,0,coronados,https://www.sandiegofishreports.com/dock_totals/boats.php?date=2026-08-25,1.0,0.16666666666666666,0.16666666666666666
2026-08-25,Point Loma,New Lo-An,2_day,21,bluefin_tuna,15,0,offshore,https://www.sandiegofishreports.com/dock_totals/boats.php?date=2026-08-25,2.0,0.7142857142857143,0.35714285714285715
2026-08-25,Point Loma,New Lo-An,2_day,21,yellowtail,77,0,offshore,https://www.sandiegofishreports.com/dock_totals/boats.php?date=2026-08-25,2.0,3.6666666666666665,1.8333333333333333
2026-08-25,Point Loma,New Lo-An,2_day,21,dorado,3,0,offshore,https://www.sandiegofishreports.com/dock_totals/boats.php?date=2026-08-25,2.0,0.14285714285714285,0.07142857142857142
2026-08-25,Point Loma,Point Loma,full_day,18,california_halibut,2,0,coronados,https://www.sandiegofishreports.com/dock_totals/boats.php?date=2026-08-25,1.0,0.1111111111111111,0.1111111111111111
2026-08-25,Point Loma,Point Loma,full_day,18,yellowtail,67,0,coronados,https://www.sandiegofishreports.com/dock_totals/boats.php?date=2026-08-25,1.0,3.7222222222222223,3.7222222222222223
2026-08-25,Seaforth,New Seaforth,half_day,11,sand_bass,4,0,point loma kelp,https://www.sandiegofishreports.com/dock_totals/boats.php?date=2026-08-25,0.5,0.36363636363636365,0.7272727272727273
2026-08-25,Seaforth,New Seaforth,half_day,11,yellowtail,14,0,point loma kelp,https://www.sandiegofishreports.com/dock_totals/boats.php?date=2026-08-25,0.5,1.2727272727272727,2.5454545454545454
2026-08-25,Seaforth,New Seaforth,half_day,11,calico_bass,1,0,point loma kelp,https://www.sandiegofishreports.com/dock_totals/boats.php?date=2026-08-25,0.5,0.09090909090909091,0.18181818181818182
2026-08-25,Seaforth,New Seaforth,half_day,21,sheephead,1,0,point loma kelp,https://www.sandiegofishreports.com/dock_totals/boats.php?date=2026-08-25,0.5,0.047619047619047616,0.09523809523809523
2026-08-25,Seaforth,New Seaforth,half_day,21,yellowtail,4,0,point loma kelp,https://www.sandiegofishreports.com/dock_totals/boats.php?date=2026-08-25,0.5,0.19047619047619047,0.38095238095238093
2026-08-25,Seaforth,New Seaforth,half_day,21,calico_bass,13,0,point loma kelp,https://www.sandiegofishreports.com/dock_totals/boats.php?date=2026-08-25,0.5,0.6190476190476191,1.2380952380952381
2026-08-25,Seaforth,New Seaforth,half_day,6,sand_bass,2,0,point loma kelp,https://www.sandiegofishreports.com/dock_totals/boats.php?date=2026-08-25,0.5,0.3333333333333333,0.6666666666666666
2026-08-25,Seaforth,New Seaforth,half_day,6,sheephead,2,0,point loma kelp,https://www.sandiegofishreports.com/dock_totals/boats.php?date=2026-08-25,0.5,0.3333333333333333,0.6666666666666666
2026-08-25,Seaforth,New Seaforth,half_day,6,calico_bass,12,60,point loma kelp,https://www.sandiegofishreports.com/dock_totals/boats.php?date=2026-08-25,0.5,2.0,4.0
2026-08-25,Seaforth,New Seaforth,half_day,6,bonito,30,0,point loma kelp,https://www.sandiegofishreports.com/dock_totals/boats.php?date=2026-08-25,0.5,5.0,10.0
2026-08-25,Seaforth,New Seaforth,half_day,6,rockfish,2,0,point loma kelp,https://www.sandiegofishreports.com/dock_totals/boats.php?date=2026-08-25,0.5,0.3333333333333333,0.6666666666666666
2026-08-25,Seaforth,Pacific Voyager,4_day,9,bluefin_tuna,54,0,offshore,https://www.sandiegofishreports.com/dock_totals/boats.php?date=2026-08-25,4.0,6.0,1.5
2026-08-25,Seaforth,Pacific Voyager,4_day,9,yellowtail,135,0,offshore,https://www.sandiegofishreports.com/dock_totals/boats.php?date=2026-08-25,4.0,15.0,3.75
2026-08-25,Seaforth,Pacific Voyager,4_day,9,dorado,2,0,offshore,https://www.sandiegofishreports.com/dock_totals/boats.php?date=2026-08-25,4.0,0.2222222222222222,0.05555555555555555
2026-08-25,Seaforth,Pacific Voyager,4_day,9,yellowfin_tuna,2,0,offshore,https://www.sandiegofishreports.com/dock_totals/boats.php?date=2026-08-25,4.0,0.2222222222222222,0.05555555555555555
2026-08-25,Seaforth,Pacifica,2_day,25,bluefin_tuna,8,0,offshore,https://www.sandiegofishreports.com/dock_totals/boats.php?date=2026-08-25,2.0,0.32,0.16
2026-08-25,Seaforth,Pacifica,2_day,25,yellowtail,37,0,offshore,https://www.sandiegofishreports.com/dock_totals/boats.php?date=2026-08-25,2.0,1.48,0.74
2026-08-25,Seaforth,Pacifica,2_day,25,yellowfin_tuna,32,0,offshore,https://www.sandiegofishreports.com/dock_totals/boats.php?date=2026-08-25,2.0,1.28,0.64
2026-08-25,Seaforth,San Diego,full_day,34,sand_bass,12,0,coronados,https://www.sandiegofishreports.com/dock_totals/boats.php?date=2026-08-25,1.0,0.35294117647058826,0.35294117647058826
2026-08-25,Seaforth,San Diego,full_day,34,yellowtail,80,0,coronados,https://www.sandiegofishreports.com/dock_totals/boats.php?date=2026-08-25,1.0,2.3529411764705883,2.3529411764705883
2026-08-25,Seaforth,San Diego,full_day,34,bonito,36,0,coronados,https://www.sandiegofishreports.com/dock_totals/boats.php?date=2026-08-25,1.0,1.0588235294117647,1.0588235294117647
2026-08-25,Seaforth,Sea Watch,three_quarter_day,11,sand_bass,9,0,point loma kelp,https://www.sandiegofishreports.com/dock_totals/boats.php?date=2026-08-25,0.75,0.8181818181818182,1.0909090909090908
2026-08-25,Seaforth,Sea Watch,three_quarter_day,11,yellowtail,4,0,point loma kelp,https://www.sandiegofishreports.com/dock_totals/boats.php?date=2026-08-25,0.75,0.36363636363636365,0.48484848484848486
2026-08-25,Seaforth,Sea Watch,three_quarter_day,11,bonito,17,0,point loma kelp,https://www.sandiegofishreports.com/dock_totals/boats.php?date=2026-08-25,0.75,1.5454545454545454,2.0606060606060606
2026-08-25,Seaforth,Tribute,1.5_day,29,sheephead,11,0,offshore,https://www.sandiegofishreports.com/dock_totals/boats.php?date=2026-08-25,1.5,0.3793103448275862,0.25287356321839083
2026-08-25,Seaforth,Tribute,1.5_day,29,yellowtail,12,0,offshore,https://www.sandiegofishreports.com/dock_totals/boats.php?date=2026-08-25,1.5,0.41379310344827586,0.27586206896551724
2026-08-25,Seaforth,Tribute,1.5_day,29,bonito,9,0,offshore,https://www.sandiegofishreports.com/dock_totals/boats.php?date=2026-08-25,1.5,0.3103448275862069,0.20689655172413793
2026-08-25,Seaforth,Tribute,1.5_day,29,rockfish,123,0,offshore,https://www.sandiegofishreports.com/dock_totals/boats.php?date=2026-08-25,1.5,4.241379310344827,2.8275862068965516
2026-08-25,Seaforth,Voyager,1.5_day,15,yellowtail,71,0,offshore,https://www.sandiegofishreports.com/dock_totals/boats.php?date=2026-08-25,1.5,4.733333333333333,3.1555555555555554
2026-08-26,Fishermans,Constitution,2_day,21,bluefin_tuna,65,0,offshore,https://www.sandiegofishreports.com/dock_totals/boats.php?date=2026-08-26,2.0,3.0952380952380953,1.5476190476190477
2026-08-26,Fishermans,Constitution,2_day,21,dorado,21,0,offshore,https://www.sandiegofishreports.com/dock_totals/boats.php?date=2026-08-26,2.0,1.0,0.5
2026-08-26,Fishermans,Constitution,2_day,21,rockfish,30,0,offshore,https://www.sandiegofishreports.com/dock_totals/boats.php?date=2026-08-26,2.0,1.4285714285714286,0.7142857142857143
2026-08-26,Fishermans,Dolphin,full_day,30,sheephead,1,0,point loma kelp,https://www.sandiegofishreports.com/dock_totals/boats.php?date=2026-08-26,1.0,0.03333333333333333,0.03333333333333333
2026-08-26,Fishermans,Dolphin,full_day,30,yellowtail,61,0,point loma kelp,https://www.sandiegofishreports.com/dock_totals/boats.php?date=2026-08-26,1.0,2.033333333333333,2.033333333333333
2026-08-26,Fishermans,Dolphin,full_day,30,calico_bass,10,0,point loma kelp,https://www.sandiegofishreports.com/dock_totals/boats.php?date=2026-08-26,1.0,0.3333333333333333,0.3333333333333333
2026-08-26,Fishermans,Dolphin,full_day,30,bonito,150,0,point loma kelp,https://www.sandiegofishreports.com/dock_totals/boats.php?date=2026-08-26,1.0,5.0,5.0
2026-08-26,Fishermans,Dolphin,full_day,30,white_seabass,1,0,point loma kelp,https://www.sandiegofishreports.com/dock_totals/boats.php?date=2026-08-26,1.0,0.03333333333333333,0.03333333333333333
2026-08-26,Fishermans,Lucky B Sportfishing,full_day,2,yellowtail,10,0,point loma kelp,https://www.sandiegofishreports.com/dock_totals/boats.php?date=2026-08-26,1.0,5.0,5.0
2026-08-26,H&M,Daiwa Pacific,overnight,20,yellowtail,32,0,offshore,https://www.sandiegofishreports.com/dock_totals/boats.php?date=2026-08-26,1.0,1.6,1.6
2026-08-26,H&M,Daiwa Pacific,overnight,20,yellowfin_tuna,12,0,offshore,https://www.sandiegofishreports.com/dock_totals/boats.php?date=2026-08-26,1.0,0.6,0.6
2026-08-26,H&M,Grande,full_day,41,dorado,4,0,offshore,https://www.sandiegofishreports.com/dock_totals/boats.php?date=2026-08-26,1.0,0.0975609756097561,0.0975609756097561
2026-08-26,H&M,Grande,full_day,41,yellowfin_tuna,102,0,offshore,https://www.sandiegofishreports.com/dock_totals/boats.php?date=2026-08-26,1.0,2.4878048780487805,2.4878048780487805
2026-08-26,H&M,Malihini,three_quarter_day,17,sand_bass,3,0,point loma kelp,https://www.sandiegofishreports.com/dock_totals/boats.php?date=2026-08-26,0.75,0.17647058823529413,0.23529411764705882
2026-08-26,H&M,Malihini,three_quarter_day,17,yellowtail,1,0,point loma kelp,https://www.sandiegofishreports.com/dock_totals/boats.php?date=2026-08-26,0.75,0.058823529411764705,0.0784313725490196
2026-08-26,H&M,Malihini,three_quarter_day,17,calico_bass,1,0,point loma kelp,https://www.sandiegofishreports.com/dock_totals/boats.php?date=2026-08-26,0.75,0.058823529411764705,0.0784313725490196
2026-08-26,H&M,Malihini,three_quarter_day,17,bonito,85,0,point loma kelp,https://www.sandiegofishreports.com/dock_totals/boats.php?date=2026-08-26,0.75,5.0,6.666666666666667
2026-08-26,H&M,Old Glory,overnight,23,dorado,1,0,offshore,https://www.sandiegofishreports.com/dock_totals/boats.php?date=2026-08-26,1.0,0.043478260869565216,0.043478260869565216
2026-08-26,H&M,Old Glory,overnight,23,yellowfin_tuna,115,0,offshore,https://www.sandiegofishreports.com/dock_totals/boats.php?date=2026-08-26,1.0,5.0,5.0
2026-08-26,H&M,Patriot (SD),three_quarter_day,8,bonito,5,0,point loma kelp,https://www.sandiegofishreports.com/dock_totals/boats.php?date=2026-08-26,0.75,0.625,0.8333333333333334
2026-08-26,H&M,Patriot (SD),three_quarter_day,8,rockfish,80,0,point loma kelp,https://www.sandiegofishreports.com/dock_totals/boats.php?date=2026-08-26,0.75,10.0,13.333333333333334
2026-08-26,H&M,Premier,half_day,10,sand_bass,7,0,point loma kelp,https://www.sandiegofishreports.com/dock_totals/boats.php?date=2026-08-26,0.5,0.7,1.4
2026-08-26,H&M,Premier,half_day,10,sheephead,1,0,point loma kelp,https://www.sandiegofishreports.com/dock_totals/boats.php?date=2026-08-26,0.5,0.1,0.2
2026-08-26,H&M,Premier,half_day,10,yellowtail,21,0,point loma kelp,https://www.sandiegofishreports.com/dock_totals/boats.php?date=2026-08-26,0.5,2.1,4.2
2026-08-26,H&M,Premier,half_day,10,calico_bass,8,0,point loma kelp,https://www.sandiegofishreports.com/dock_totals/boats.php?date=2026-08-26,0.5,0.8,1.6
2026-08-26,H&M,Premier,half_day,10,bonito,11,0,point loma kelp,https://www.sandiegofishreports.com/dock_totals/boats.php?date=2026-08-26,0.5,1.1,2.2
2026-08-26,H&M,Premier,half_day,9,sand_bass,2,0,point loma kelp,https://www.sandiegofishreports.com/dock_totals/boats.php?date=2026-08-26,0.5,0.2222222222222222,0.4444444444444444
2026-08-26,H&M,Premier,half_day,9,yellowtail,1,0,point loma kelp,https://www.sandiegofishreports.com/dock_totals/boats.php?date=2026-08-26,0.5,0.1111111111111111,0.2222222222222222
2026-08-26,H&M,Premier,half_day,9,bonito,41,0,point loma kelp,https://www.sandiegofishreports.com/dock_totals/boats.php?date=2026-08-26,0.5,4.555555555555555,9.11111111111111
2026-08-26,H&M,Ranger 85,2.5_day,22,bluefin_tuna,30,0,offshore,https://www.sandiegofishreports.com/dock_totals/boats.php?date=2026-08-26,2.5,1.3636363636363635,0.5454545454545454
2026-08-26,H&M,Ranger 85,2.5_day,22,yellowtail,21,0,offshore,https://www.sandiegofishreports.com/dock_totals/boats.php?date=2026-08-26,2.5,0.9545454545454546,0.38181818181818183
2026-08-26,H&M,Ranger 85,2.5_day,22,dorado,4,0,offshore,https://www.sandiegofishreports.com/dock_totals/boats.php?date=2026-08-26,2.5,0.18181818181818182,0.07272727272727272
2026-08-26,Point Loma,Mission Belle,full_day,31,yellowtail,26,0,coronados,https://www.sandiegofishreports.com/dock_totals/boats.php?date=2026-08-26,1.0,0.8387096774193549,0.8387096774193549
2026-08-26,Point Loma,Point Loma,full_day,20,yellowtail,46,0,coronados,https://www.sandiegofishreports.com/dock_totals/boats.php?date=2026-08-26,1.0,2.3,2.3
2026-08-26,Point Loma,Point Loma,full_day,20,bonito,53,0,coronados,https://www.sandiegofishreports.com/dock_totals/boats.php?date=2026-08-26,1.0,2.65,2.65
2026-08-26,Seaforth,Apollo,3_day,20,bluefin_tuna,80,0,offshore,https://www.sandiegofishreports.com/dock_totals/boats.php?date=2026-08-26,3.0,4.0,1.3333333333333333
2026-08-26,Seaforth,Apollo,3_day,20,yellowtail,36,0,offshore,https://www.sandiegofishreports.com/dock_totals/boats.php?date=2026-08-26,3.0,1.8,0.6
2026-08-26,Seaforth,Apollo,3_day,20,dorado,2,0,offshore,https://www.sandiegofishreports.com/dock_totals/boats.php?date=2026-08-26,3.0,0.1,0.03333333333333333
2026-08-26,Seaforth,Aztec,3_day,16,bluefin_tuna,63,0,offshore,https://www.sandiegofishreports.com/dock_totals/boats.php?date=2026-08-26,3.0,3.9375,1.3125
2026-08-26,Seaforth,Aztec,3_day,16,yellowtail,14,0,offshore,https://www.sandiegofishreports.com/dock_totals/boats.php?date=2026-08-26,3.0,0.875,0.2916666666666667
2026-08-26,Seaforth,Aztec,3_day,16,dorado,9,0,offshore,https://www.sandiegofishreports.com/dock_totals/boats.php?date=2026-08-26,3.0,0.5625,0.1875
2026-08-26,Seaforth,Aztec,3_day,16,yellowfin_tuna,25,0,offshore,https://www.sandiegofishreports.com/dock_totals/boats.php?date=2026-08-26,3.0,1.5625,0.5208333333333334
2026-08-26,Seaforth,Highliner,2.5_day,23,bluefin_tuna,92,0,offshore,https://www.sandiegofishreports.com/dock_totals/boats.php?date=2026-08-26,2.5,4.0,1.6
2026-08-26,Seaforth,Highliner,2.5_day,23,yellowtail,15,0,offshore,https://www.sandiegofishreports.com/dock_totals/boats.php?date=2026-08-26,2.5,0.6521739130434783,0.2608695652173913
2026-08-26,Seaforth,Highliner,2.5_day,23,dorado,14,0,offshore,https://www.sandiegofishreports.com/dock_totals/boats.php?date=2026-08-26,2.5,0.6086956521739131,0.24347826086956523
2026-08-26,Seaforth,Highliner,2.5_day,23,yellowfin_tuna,50,0,offshore,https://www.sandiegofishreports.com/dock_totals/boats.php?date=2026-08-26,2.5,2.1739130434782608,0.8695652173913043
2026-08-26,Seaforth,New Seaforth,half_day,42,sand_bass,1,0,point loma kelp,https://www.sandiegofishreports.com/dock_totals/boats.php?date=2026-08-26,0.5,0.023809523809523808,0.047619047619047616
2026-08-26,Seaforth,New Seaforth,half_day,42,yellowtail,16,0,point loma kelp,https://www.sandiegofishreports.com/dock_totals/boats.php?date=2026-08-26,0.5,0.38095238095238093,0.7619047619047619
2026-08-26,Seaforth,New Seaforth,half_day,42,calico_bass,10,0,point loma kelp,https://www.sandiegofishreports.com/dock_totals/boats.php?date=2026-08-26,0.5,0.23809523809523808,0.47619047619047616
2026-08-26,Seaforth,New Seaforth,half_day,42,bonito,50,0,point loma kelp,https://www.sandiegofishreports.com/dock_totals/boats.php?date=2026-08-26,0.5,1.1904761904761905,2.380952380952381
2026-08-26,Seaforth,New Seaforth,half_day,35,barracuda,3,0,point loma kelp,https://www.sandiegofishreports.com/dock_totals/boats.php?date=2026-08-26,0.5,0.08571428571428572,0.17142857142857143
2026-08-26,Seaforth,New Seaforth,half_day,35,yellowtail,7,0,point loma kelp,https://www.sandiegofishreports.com/dock_totals/boats.php?date=2026-08-26,0.5,0.2,0.4
2026-08-26,Seaforth,New Seaforth,half_day,35,calico_bass,14,0,point loma kelp,https://www.sandiegofishreports.com/dock_totals/boats.php?date=2026-08-26,0.5,0.4,0.8
2026-08-26,Seaforth,New Seaforth,half_day,35,bonito,70,0,point loma kelp,https://www.sandiegofishreports.com/dock_totals/boats.php?date=2026-08-26,0.5,2.0,4.0
2026-08-26,Seaforth,New Seaforth,half_day,35,rockfish,4,0,point loma kelp,https://www.sandiegofishreports.com/dock_totals/boats.php?date=2026-08-26,0.5,0.11428571428571428,0.22857142857142856
2026-08-26,Seaforth,New Seaforth,half_day,15,barracuda,8,0,point loma kelp,https://www.sandiegofishreports.com/dock_totals/boats.php?date=2026-08-26,0.5,0.5333333333333333,1.0666666666666667
2026-08-26,Seaforth,New Seaforth,half_day,15,calico_bass,3,0,point loma kelp,https://www.sandiegofishreports.com/dock_totals/boats.php?date=2026-08-26,0.5,0.2,0.4
2026-08-26,Seaforth,New Seaforth,half_day,15,bonito,65,0,point loma kelp,https://www.sandiegofishreports.com/dock_totals/boats.php?date=2026-08-26,0.5,4.333333333333333,8.666666666666666
2026-08-26,Seaforth,New Seaforth,half_day,15,rockfish,5,0,point loma kelp,https://www.sandiegofishreports.com/dock_totals/boats.php?date=2026-08-26,0.5,0.3333333333333333,0.6666666666666666
2026-08-26,Seaforth,Polaris Supreme,3_day,21,bluefin_tuna,126,0,offshore,https://www.sandiegofishreports.com/dock_totals/boats.php?date=2026-08-26,3.0,6.0,2.0
2026-08-26,Seaforth,Polaris Supreme,3_day,21,yellowtail,44,0,offshore,https://www.sandiegofishreports.com/dock_totals/boats.php?date=2026-08-26,3.0,2.0952380952380953,0.6984126984126984
2026-08-26,Seaforth,San Diego,full_day,31,yellowtail,66,0,coronados,https://www.sandiegofishreports.com/dock_totals/boats.php?date=2026-08-26,1.0,2.129032258064516,2.129032258064516
2026-08-26,Seaforth,San Diego,full_day,31,bonito,26,0,coronados,https://www.sandiegofishreports.com/dock_totals/boats.php?date=2026-08-26,1.0,0.8387096774193549,0.8387096774193549
2026-08-26,Seaforth,Sea Watch,three_quarter_day,16,yellowtail,7,0,point loma kelp,https://www.sandiegofishreports.com/dock_totals/boats.php?date=2026-08-26,0.75,0.4375,0.5833333333333334
2026-08-26,Seaforth,Sea Watch,three_quarter_day,16,bonito,75,0,point loma kelp,https://www.sandiegofishreports.com/dock_totals/boats.php?date=2026-08-26,0.75,4.6875,6.25
2026-08-26,Seaforth,Voyager,overnight,15,yellowtail,1,0,offshore,https://www.sandiegofishreports.com/dock_totals/boats.php?date=2026-08-26,1.0,0.06666666666666667,0.06666666666666667
2026-08-26,Seaforth,Voyager,overnight,15,dorado,2,0,offshore,https://www.sandiegofishreports.com/dock_totals/boats.php?date=2026-08-26,1.0,0.13333333333333333,0.13333333333333333
2026-08-26,Seaforth,Voyager,overnight,15,yellowfin_tuna,75,0,offshore,https://www.sandiegofishreports.com/dock_totals/boats.php?date=2026-08-26,1.0,5.0,5.0
2026-08-27,Fishermans,Dolphin,half_day,25,sand_bass,3,0,point loma kelp,https://www.sandiegofishreports.com/dock_totals/boats.php?date=2026-08-27,0.5,0.12,0.24
2026-08-27,Fishermans,Dolphin,half_day,25,yellowtail,3,0,point loma kelp,https://www.sandiegofishreports.com/dock_totals/boats.php?date=2026-08-27,0.5,0.12,0.24
2026-08-27,Fishermans,Dolphin,half_day,25,calico_bass,3,0,point loma kelp,https://www.sandiegofishreports.com/dock_totals/boats.php?date=2026-08-27,0.5,0.12,0.24
2026-08-27,Fishermans,Dolphin,half_day,25,bonito,53,0,point loma kelp,https://www.sandiegofishreports.com/dock_totals/boats.php?date=2026-08-27,0.5,2.12,4.24
2026-08-27,Fishermans,Pacific Dawn,2.5_day,12,bluefin_tuna,48,0,offshore,https://www.sandiegofishreports.com/dock_totals/boats.php?date=2026-08-27,2.5,4.0,1.6
2026-08-27,Fishermans,Pacific Dawn,2.5_day,12,yellowtail,40,0,offshore,https://www.sandiegofishreports.com/dock_totals/boats.php?date=2026-08-27,2.5,3.3333333333333335,1.3333333333333333
2026-08-27,Fishermans,Pacific Dawn,2.5_day,12,dorado,4,0,offshore,https://www.sandiegofishreports.com/dock_totals/boats.php?date=2026-08-27,2.5,0.3333333333333333,0.13333333333333333
2026-08-27,Fishermans,Pacific Queen,3.5_day,24,bluefin_tuna,144,0,offshore,https://www.sandiegofishreports.com/dock_totals/boats.php?date=2026-08-27,3.5,6.0,1.7142857142857142
2026-08-27,Fishermans,Pacific Queen,3.5_day,24,yellowtail,114,0,offshore,https://www.sandiegofishreports.com/dock_totals/boats.php?date=2026-08-27,3.5,4.75,1.3571428571428572
2026-08-27,Fishermans,Pacific Queen,3.5_day,24,dorado,121,0,offshore,https://www.sandiegofishreports.com/dock_totals/boats.php?date=2026-08-27,3.5,5.041666666666667,1.4404761904761905
2026-08-27,Fishermans,Pacific Queen,3.5_day,24,yellowfin_tuna,14,0,offshore,https://www.sandiegofishreports.com/dock_totals/boats.php?date=2026-08-27,3.5,0.5833333333333334,0.16666666666666666
2026-08-27,Fishermans,Pegasus,1.5_day,15,bluefin_tuna,30,0,offshore,https://www.sandiegofishreports.com/dock_totals/boats.php?date=2026-08-27,1.5,2.0,1.3333333333333333
2026-08-27,Fishermans,Pegasus,1.5_day,15,yellowtail,5,0,offshore,https://www.sandiegofishreports.com/dock_totals/boats.php?date=2026-08-27,1.5,0.3333333333333333,0.2222222222222222
2026-08-27,Fishermans,Pegasus,1.5_day,15,dorado,46,0,offshore,https://www.sandiegofishreports.com/dock_totals/boats.php?date=2026-08-27,1.5,3.066666666666667,2.0444444444444443
2026-08-27,H&M,Grande,overnight,22,yellowtail,1,0,offshore,https://www.sandiegofishreports.com/dock_totals/boats.php?date=2026-08-27,1.0,0.045454545454545456,0.045454545454545456
2026-08-27,H&M,Grande,overnight,22,dorado,9,0,offshore,https://www.sandiegofishreports.com/dock_totals/boats.php?date=2026-08-27,1.0,0.4090909090909091,0.4090909090909091
2026-08-27,H&M,Grande,overnight,22,yellowfin_tuna,110,0,offshore,https://www.sandiegofishreports.com/dock_totals/boats.php?date=2026-08-27,1.0,5.0,5.0
2026-08-27,H&M,Legend,2_day,28,bluefin_tuna,21,0,offshore,https://www.sandiegofishreports.com/dock_totals/boats.php?date=2026-08-27,2.0,0.75,0.375
2026-08-27,H&M,Legend,2_day,28,yellowtail,33,0,offshore,https://www.sandiegofishreports.com/dock_totals/boats.php?date=2026-08-27,2.0,1.1785714285714286,0.5892857142857143
2026-08-27,H&M,Legend,2_day,28,dorado,4,0,offshore,https://www.sandiegofishreports.com/dock_totals/boats.php?date=2026-08-27,2.0,0.14285714285714285,0.07142857142857142
2026-08-27,H&M,Legend,2_day,28,yellowfin_tuna,1,0,offshore,https://www.sandiegofishreports.com/dock_totals/boats.php?date=2026-08-27,2.0,0.03571428571428571,0.017857142857142856
2026-08-27,H&M,Malihini,full_day,29,dorado,1,0,offshore,https://www.sandiegofishreports.com/dock_totals/boats.php?date=2026-08-27,1.0,0.034482758620689655,0.034482758620689655
2026-08-27,H&M,Malihini,full_day,29,yellowfin_tuna,2,0,offshore,https://www.sandiegofishreports.com/dock_totals/boats.php?date=2026-08-27,1.0,0.06896551724137931,0.06896551724137931
2026-08-27,H&M,Patriot (SD),half_day,10,bonito,1,0,point loma kelp,https://www.sandiegofishreports.com/dock_totals/boats.php?date=2026-08-27,0.5,0.1,0.2
2026-08-27,H&M,Patriot (SD),half_day,10,rockfish,88,0,point loma kelp,https://www.sandiegofishreports.com/dock_totals/boats.php?date=2026-08-27,0.5,8.8,17.6
2026-08-27,H&M,Premier,full_day,25,sand_bass,1,0,point loma kelp,https://www.sandiegofishreports.com/dock_totals/boats.php?date=2026-08-27,1.0,0.04,0.04
2026-08-27,H&M,Premier,full_day,25,yellowtail,16,0,point loma kelp,https://www.sandiegofishreports.com/dock_totals/boats.php?date=2026-08-27,1.0,0.64,0.64
2026-08-27,H&M,Premier,full_day,25,calico_bass,1,0,point loma kelp,https://www.sandiegofishreports.com/dock_totals/boats.php?date=2026-08-27,1.0,0.04,0.04
2026-08-27,H&M,Premier,full_day,25,bonito,49,0,point loma kelp,https://www.sandiegofishreports.com/dock_totals/boats.php?date=2026-08-27,1.0,1.96,1.96
2026-08-27,H&M,Premier,full_day,25,yellowfin_tuna,1,0,point loma kelp,https://www.sandiegofishreports.com/dock_totals/boats.php?date=2026-08-27,1.0,0.04,0.04
2026-08-27,H&M,Relentless,overnight,13,dorado,4,0,offshore,https://www.sandiegofishreports.com/dock_totals/boats.php?date=2026-08-27,1.0,0.3076923076923077,0.3076923076923077
2026-08-27,H&M,Relentless,overnight,13,yellowfin_tuna,12,0,offshore,https://www.sandiegofishreports.com/dock_totals/boats.php?date=2026-08-27,1.0,0.9230769230769231,0.9230769230769231
2026-08-27,H&M,Top Gun 80,2_day,16,bluefin_tuna,54,0,offshore,https://www.sandiegofishreports.com/dock_totals/boats.php?date=2026-08-27,2.0,3.375,1.6875
2026-08-27,H&M,Top Gun 80,2_day,16,yellowtail,29,0,offshore,https://www.sandiegofishreports.com/dock_totals/boats.php?date=2026-08-27,2.0,1.8125,0.90625
2026-08-27,Point Loma,Daily Double,half_day,13,sand_bass,9,0,point loma kelp,https://www.sandiegofishreports.com/dock_totals/boats.php?date=2026-08-27,0.5,0.6923076923076923,1.3846153846153846
2026-08-27,Point Loma,Daily Double,half_day,13,yellowtail,3,0,point loma kelp,https://www.sandiegofishreports.com/dock_totals/boats.php?date=2026-08-27,0.5,0.23076923076923078,0.46153846153846156
2026-08-27,Point Loma,Daily Double,half_day,13,bonito,31,0,point loma kelp,https://www.sandiegofishreports.com/dock_totals/boats.php?date=2026-08-27,0.5,2.3846153846153846,4.769230769230769
2026-08-27,Point Loma,Mission Belle,full_day,14,yellowtail,63,0,coronados,https://www.sandiegofishreports.com/dock_totals/boats.php?date=2026-08-27,1.0,4.5,4.5
2026-08-27,Point Loma,New Lo-An,2_day,21,bluefin_tuna,84,0,offshore,https://www.sandiegofishreports.com/dock_totals/boats.php?date=2026-08-27,2.0,4.0,2.0
2026-08-27,Point Loma,New Lo-An,2_day,21,yellowtail,21,0,offshore,https://www.sandiegofishreports.com/dock_totals/boats.php?date=2026-08-27,2.0,1.0,0.5
2026-08-27,Point Loma,New Lo-An,2_day,21,dorado,10,0,offshore,https://www.sandiegofishreports.com/dock_totals/boats.php?date=2026-08-27,2.0,0.47619047619047616,0.23809523809523808
2026-08-27,Point Loma,Point Loma,full_day,20,yellowtail,62,0,coronados,https://www.sandiegofishreports.com/dock_totals/boats.php?date=2026-08-27,1.0,3.1,3.1
2026-08-27,Point Loma,Point Loma,full_day,20,calico_bass,6,0,coronados,https://www.sandiegofishreports.com/dock_totals/boats.php?date=2026-08-27,1.0,0.3,0.3
2026-08-27,Point Loma,Point Loma,full_day,20,bonito,41,0,coronados,https://www.sandiegofishreports.com/dock_totals/boats.php?date=2026-08-27,1.0,2.05,2.05
2026-08-27,Seaforth,Apollo,overnight,21,dorado,4,0,offshore,https://www.sandiegofishreports.com/dock_totals/boats.php?date=2026-08-27,1.0,0.19047619047619047,0.19047619047619047
2026-08-27,Seaforth,Apollo,overnight,21,yellowfin_tuna,25,0,offshore,https://www.sandiegofishreports.com/dock_totals/boats.php?date=2026-08-27,1.0,1.1904761904761905,1.1904761904761905
2026-08-27,Seaforth,New Seaforth,full_day,24,sand_bass,1,0,point loma kelp,https://www.sandiegofishreports.com/dock_totals/boats.php?date=2026-08-27,1.0,0.041666666666666664,0.041666666666666664
2026-08-27,Seaforth,New Seaforth,full_day,24,barracuda,3,0,point loma kelp,https://www.sandiegofishreports.com/dock_totals/boats.php?date=2026-08-27,1.0,0.125,0.125
2026-08-27,Seaforth,New Seaforth,full_day,24,yellowtail,14,0,point loma kelp,https://www.sandiegofishreports.com/dock_totals/boats.php?date=2026-08-27,1.0,0.5833333333333334,0.5833333333333334
2026-08-27,Seaforth,New Seaforth,full_day,24,bonito,100,0,point loma kelp,https://www.sandiegofishreports.com/dock_totals/boats.php?date=2026-08-27,1.0,4.166666666666667,4.166666666666667
2026-08-27,Seaforth,New Seaforth,half_day,20,calico_bass,34,0,point loma kelp,https://www.sandiegofishreports.com/dock_totals/boats.php?date=2026-08-27,0.5,1.7,3.4
2026-08-27,Seaforth,New Seaforth,half_day,20,bonito,55,0,point loma kelp,https://www.sandiegofishreports.com/dock_totals/boats.php?date=2026-08-27,0.5,2.75,5.5
2026-08-27,Seaforth,New Seaforth,half_day,20,rockfish,13,0,point loma kelp,https://www.sandiegofishreports.com/dock_totals/boats.php?date=2026-08-27,0.5,0.65,1.3
2026-08-27,Seaforth,Pacifica,2_day,12,bluefin_tuna,48,0,offshore,https://www.sandiegofishreports.com/dock_totals/boats.php?date=2026-08-27,2.0,4.0,2.0
2026-08-27,Seaforth,Pacifica,2_day,12,yellowtail,6,0,offshore,https://www.sandiegofishreports.com/dock_totals/boats.php?date=2026-08-27,2.0,0.5,0.25
2026-08-27,Seaforth,San Diego,full_day,33,yellowtail,66,0,coronados,https://www.sandiegofishreports.com/dock_totals/boats.php?date=2026-08-27,1.0,2.0,2.0
2026-08-27,Seaforth,San Diego,full_day,33,bonito,75,0,coronados,https://www.sandiegofishreports.com/dock_totals/boats.php?date=2026-08-27,1.0,2.272727272727273,2.272727272727273
2026-08-27,Seaforth,Sea Watch,half_day,36,yellowtail,7,0,point loma kelp,https://www.sandiegofishreports.com/dock_totals/boats.php?date=2026-08-27,0.5,0.19444444444444445,0.3888888888888889
2026-08-27,Seaforth,Sea Watch,half_day,36,bonito,31,0,point loma kelp,https://www.sandiegofishreports.com/dock_totals/boats.php?date=2026-08-27,0.5,0.8611111111111112,1.7222222222222223
2026-08-27,Seaforth,Sea Watch,half_day,17,barracuda,1,0,point loma kelp,https://www.sandiegofishreports.com/dock_totals/boats.php?date=2026-08-27,0.5,0.058823529411764705,0.11764705882352941
2026-08-27,Seaforth,Sea Watch,half_day,17,yellowtail,1,0,point loma kelp,https://www.sandiegofishreports.com/dock_totals/boats.php?date=2026-08-27,0.5,0.058823529411764705,0.11764705882352941
2026-08-27,Seaforth,Sea Watch,half_day,17,calico_bass,12,0,point loma kelp,https://www.sandiegofishreports.com/dock_totals/boats.php?date=2026-08-27,0.5,0.7058823529411765,1.411764705882353
2026-08-27,Seaforth,Sea Watch,half_day,17,bonito,95,0,point loma kelp,https://www.sandiegofishreports.com/dock_totals/boats.php?date=2026-08-27,0.5,5.588235294117647,11.176470588235293
2026-08-27,Seaforth,Tribute,1.5_day,27,bluefin_tuna,20,0,offshore,https://www.sandiegofishreports.com/dock_totals/boats.php?date=2026-08-27,1.5,0.7407407407407407,0.49382716049382713
2026-08-27,Seaforth,Tribute,1.5_day,27,yellowtail,38,0,offshore,https://www.sandiegofishreports.com/dock_totals/boats.php?date=2026-08-27,1.5,1.4074074074074074,0.9382716049382716
2026-08-27,Seaforth,Tribute,1.5_day,27,dorado,4,0,offshore,https://www.sandiegofishreports.com/dock_totals/boats.php?date=2026-08-27,1.5,0.14814814814814814,0.09876543209876543
2026-08-27,Seaforth,Tribute,1.5_day,27,bonito,15,0,offshore,https://www.sandiegofishreports.com/dock_totals/boats.php?date=2026-08-27,1.5,0.5555555555555556,0.37037037037037035
2026-08-27,Seaforth,Tribute,1.5_day,27,yellowfin_tuna,8,0,offshore,https://www.sandiegofishreports.com/dock_totals/boats.php?date=2026-08-27,1.5,0.2962962962962963,0.19753086419753085
2026-08-27,Seaforth,Voyager,overnight,5,dorado,1,0,offshore,https://www.sandiegofishreports.com/dock_totals/boats.php?date=2026-08-27,1.0,0.2,0.2
2026-08-27,Seaforth,Voyager,overnight,5,yellowfin_tuna,25,0,offshore,https://www.sandiegofishreports.com/dock_totals/boats.php?date=2026-08-27,1.0,5.0,5.0
2026-10-03,Fishermans,"Dolphin Fisherman's Landing San Diego, CA",half_day,40,sand_bass,3,0,offshore,https://www.sandiegofishreports.com/dock_totals/boats.php?date=2026-10-04,0.5,0.075,0.15
2026-10-03,Fishermans,"Dolphin Fisherman's Landing San Diego, CA",half_day,40,sheephead,3,0,offshore,https://www.sandiegofishreports.com/dock_totals/boats.php?date=2026-10-04,0.5,0.075,0.15
2026-10-03,Fishermans,"Dolphin Fisherman's Landing San Diego, CA",half_day,40,yellowtail,1,0,offshore,https://www.sandiegofishreports.com/dock_totals/boats.php?date=2026-10-04,0.5,0.025,0.05
2026-10-03,Fishermans,"Dolphin Fisherman's Landing San Diego, CA",half_day,40,calico_bass,7,0,offshore,https://www.sandiegofishreports.com/dock_totals/boats.php?date=2026-10-04,0.5,0.175,0.35
2026-10-03,Fishermans,"Dolphin Fisherman's Landing San Diego, CA",half_day,56,sand_bass,2,0,offshore,https://www.sandiegofishreports.com/dock_totals/boats.php?date=2026-10-04,0.5,0.03571428571428571,0.07142857142857142
2026-10-03,Fishermans,"Dolphin Fisherman's Landing San Diego, CA",half_day,56,sheephead,4,0,offshore,https://www.sandiegofishreports.com/dock_totals/boats.php?date=2026-10-04,0.5,0.07142857142857142,0.14285714285714285
2026-10-03,Fishermans,"Dolphin Fisherman's Landing San Diego, CA",half_day,56,yellowtail,2,0,offshore,https://www.sandiegofishreports.com/dock_totals/boats.php?date=2026-10-04,0.5,0.03571428571428571,0.07142857142857142
2026-10-03,Fishermans,"Dolphin Fisherman's Landing San Diego, CA",half_day,56,calico_bass,17,0,offshore,https://www.sandiegofishreports.com/dock_totals/boats.php?date=2026-10-04,0.5,0.30357142857142855,0.6071428571428571
2026-10-03,Fishermans,"Tomahawk Fisherman's Landing San Diego, CA",3_day,19,bluefin_tuna,3,0,offshore,https://www.sandiegofishreports.com/dock_totals/boats.php?date=2026-10-04,3.0,0.15789473684210525,0.05263157894736842
2026-10-03,Fishermans,"Tomahawk Fisherman's Landing San Diego, CA",3_day,19,yellowtail,40,0,offshore,https://www.sandiegofishreports.com/dock_totals/boats.php?date=2026-10-04,3.0,2.1052631578947367,0.7017543859649122
2026-10-03,Fishermans,"Tomahawk Fisherman's Landing San Diego, CA",3_day,19,yellowfin_tuna,63,0,offshore,https://www.sandiegofishreports.com/dock_totals/boats.php?date=2026-10-04,3.0,3.3157894736842106,1.105263157894737
2026-10-03,H&M,Premier,half_day,54,sand_bass,69,0,offshore,https://www.sandiegofishreports.com/dock_totals/boats.php?date=2026-10-04,0.5,1.2777777777777777,2.5555555555555554
2026-10-03,H&M,Premier,half_day,54,barracuda,17,0,offshore,https://www.sandiegofishreports.com/dock_totals/boats.php?date=2026-10-04,0.5,0.3148148148148148,0.6296296296296297
2026-10-03,H&M,Premier,half_day,54,yellowtail,1,0,offshore,https://www.sandiegofishreports.com/dock_totals/boats.php?date=2026-10-04,0.5,0.018518518518518517,0.037037037037037035
2026-10-03,H&M,Premier,half_day,55,sand_bass,82,0,offshore,https://www.sandiegofishreports.com/dock_totals/boats.php?date=2026-10-04,0.5,1.490909090909091,2.981818181818182
2026-10-03,H&M,Premier,half_day,55,barracuda,9,0,offshore,https://www.sandiegofishreports.com/dock_totals/boats.php?date=2026-10-04,0.5,0.16363636363636364,0.32727272727272727
2026-10-03,H&M,Premier,half_day,55,sheephead,6,0,offshore,https://www.sandiegofishreports.com/dock_totals/boats.php?date=2026-10-04,0.5,0.10909090909090909,0.21818181818181817
2026-10-03,H&M,Malihini,three_quarter_day,32,sand_bass,5,0,offshore,https://www.sandiegofishreports.com/dock_totals/boats.php?date=2026-10-04,0.75,0.15625,0.20833333333333334
2026-10-03,H&M,Malihini,three_quarter_day,32,sheephead,5,0,offshore,https://www.sandiegofishreports.com/dock_totals/boats.php?date=2026-10-04,0.75,0.15625,0.20833333333333334
2026-10-03,H&M,Malihini,three_quarter_day,32,yellowtail,5,0,offshore,https://www.sandiegofishreports.com/dock_totals/boats.php?date=2026-10-04,0.75,0.15625,0.20833333333333334
2026-10-03,H&M,Malihini,three_quarter_day,32,calico_bass,28,60,offshore,https://www.sandiegofishreports.com/dock_totals/boats.php?date=2026-10-04,0.75,0.875,1.1666666666666667
2026-10-03,H&M,Malihini,three_quarter_day,32,bonito,22,0,offshore,https://www.sandiegofishreports.com/dock_totals/boats.php?date=2026-10-04,0.75,0.6875,0.9166666666666666
2026-10-03,H&M,Malihini,three_quarter_day,32,white_seabass,1,0,offshore,https://www.sandiegofishreports.com/dock_totals/boats.php?date=2026-10-04,0.75,0.03125,0.041666666666666664
2026-10-03,H&M,Grande,full_day,41,dorado,6,0,offshore,https://www.sandiegofishreports.com/dock_totals/boats.php?date=2026-10-04,1.0,0.14634146341463414,0.14634146341463414
2026-10-03,H&M,Grande,full_day,41,yellowfin_tuna,7,0,offshore,https://www.sandiegofishreports.com/dock_totals/boats.php?date=2026-10-04,1.0,0.17073170731707318,0.17073170731707318
2026-10-03,H&M,Sea Adventure 80,overnight,32,dorado,7,0,offshore,https://www.sandiegofishreports.com/dock_totals/boats.php?date=2026-10-04,1.0,0.21875,0.21875
2026-10-03,H&M,Sea Adventure 80,overnight,32,yellowfin_tuna,69,0,offshore,https://www.sandiegofishreports.com/dock_totals/boats.php?date=2026-10-04,1.0,2.15625,2.15625
2026-10-03,H&M,"Southern Cal Oceanside Sea Center Oceanside, CA",half_day,39,yellowtail,1,0,offshore,https://www.sandiegofishreports.com/dock_totals/boats.php?date=2026-10-04,0.5,0.02564102564102564,0.05128205128205128
2026-10-03,H&M,"Southern Cal Oceanside Sea Center Oceanside, CA",half_day,39,calico_bass,7,80,offshore,https://www.sandiegofishreports.com/dock_totals/boats.php?date=2026-10-04,0.5,0.1794871794871795,0.358974358974359
2026-10-03,H&M,"Southern Cal Oceanside Sea Center Oceanside, CA",half_day,39,bonito,30,0,offshore,https://www.sandiegofishreports.com/dock_totals/boats.php?date=2026-10-04,0.5,0.7692307692307693,1.5384615384615385
2026-10-03,H&M,"Blue Horizon Oceanside Sea Center Oceanside, CA",three_quarter_day,10,yellowfin_tuna,54,0,offshore,https://www.sandiegofishreports.com/dock_totals/boats.php?date=2026-10-04,0.75,5.4,7.2
2026-10-03,H&M,"Chubasco II Oceanside Sea Center Oceanside, CA",three_quarter_day,32,sand_bass,6,0,offshore,https://www.sandiegofishreports.com/dock_totals/boats.php?date=2026-10-04,0.75,0.1875,0.25
2026-10-03,H&M,"Chubasco II Oceanside Sea Center Oceanside, CA",three_quarter_day,32,barracuda,4,0,offshore,https://www.sandiegofishreports.com/dock_totals/boats.php?date=2026-10-04,0.75,0.125,0.16666666666666666
2026-10-03,H&M,"Chubasco II Oceanside Sea Center Oceanside, CA",three_quarter_day,32,sheephead,2,0,offshore,https://www.sandiegofishreports.com/dock_totals/boats.php?date=2026-10-04,0.75,0.0625,0.08333333333333333
2026-10-03,H&M,"Chubasco II Oceanside Sea Center Oceanside, CA",three_quarter_day,32,yellowtail,6,0,offshore,https://www.sandiegofishreports.com/dock_totals/boats.php?date=2026-10-04,0.75,0.1875,0.25
2026-10-03,H&M,"Chubasco II Oceanside Sea Center Oceanside, CA",three_quarter_day,32,calico_bass,38,150,offshore,https://www.sandiegofishreports.com/dock_totals/boats.php?date=2026-10-04,0.75,1.1875,1.5833333333333333
2026-10-03,H&M,"Chubasco II Oceanside Sea Center Oceanside, CA",three_quarter_day,32,bonito,34,0,offshore,https://www.sandiegofishreports.com/dock_totals/boats.php?date=2026-10-04,0.75,1.0625,1.4166666666666667
2026-10-03,H&M,"Chubasco II Oceanside Sea Center Oceanside, CA",three_quarter_day,32,white_seabass,1,0,offshore,https://www.sandiegofishreports.com/dock_totals/boats.php?date=2026-10-04,0.75,0.03125,0.041666666666666664
2026-10-03,H&M,"Effishency Oceanside Sea Center Oceanside, CA",full_day,4,yellowtail,2,0,point loma kelp,https://www.sandiegofishreports.com/dock_totals/boats.php?date=2026-10-04,1.0,0.5,0.5
2026-10-03,H&M,"Effishency Oceanside Sea Center Oceanside, CA",full_day,4,yellowfin_tuna,40,0,point loma kelp,https://www.sandiegofishreports.com/dock_totals/boats.php?date=2026-10-04,1.0,10.0,10.0
2026-10-03,H&M,"Pronto Oceanside Sea Center Oceanside, CA",full_day,12,dorado,1,0,point loma kelp,https://www.sandiegofishreports.com/dock_totals/boats.php?date=2026-10-04,1.0,0.08333333333333333,0.08333333333333333
2026-10-03,H&M,"Pronto Oceanside Sea Center Oceanside, CA",full_day,12,yellowfin_tuna,61,0,point loma kelp,https://www.sandiegofishreports.com/dock_totals/boats.php?date=2026-10-04,1.0,5.083333333333333,5.083333333333333
2026-10-03,Point Loma,Daily Double,half_day,24,sand_bass,1,0,offshore,https://www.sandiegofishreports.com/dock_totals/boats.php?date=2026-10-04,0.5,0.041666666666666664,0.08333333333333333
2026-10-03,Point Loma,Daily Double,half_day,24,sheephead,2,0,offshore,https://www.sandiegofishreports.com/dock_totals/boats.php?date=2026-10-04,0.5,0.08333333333333333,0.16666666666666666
2026-10-03,Point Loma,Mission Belle,full_day,30,yellowtail,8,0,point loma kelp,https://www.sandiegofishreports.com/dock_totals/boats.php?date=2026-10-04,1.0,0.26666666666666666,0.26666666666666666
2026-10-03,Point Loma,Mission Belle,full_day,30,dorado,2,0,point loma kelp,https://www.sandiegofishreports.com/dock_totals/boats.php?date=2026-10-04,1.0,0.06666666666666667,0.06666666666666667
2026-10-03,Point Loma,Mission Belle,full_day,30,yellowfin_tuna,50,0,point loma kelp,https://www.sandiegofishreports.com/dock_totals/boats.php?date=2026-10-04,1.0,1.6666666666666667,1.6666666666666667
2026-10-03,Point Loma,,full_day,16,yellowtail,52,0,point loma kelp,https://www.sandiegofishreports.com/dock_totals/boats.php?date=2026-10-04,1.0,3.25,3.25
2026-10-03,Seaforth,New,half_day,54,sand_bass,4,0,offshore,https://www.sandiegofishreports.com/dock_totals/boats.php?date=2026-10-04,0.5,0.07407407407407407,0.14814814814814814
2026-10-03,Seaforth,New,half_day,54,barracuda,49,0,offshore,https://www.sandiegofishreports.com/dock_totals/boats.php?date=2026-10-04,0.5,0.9074074074074074,1.8148148148148149
2026-10-03,Seaforth,New,half_day,54,sheephead,2,0,offshore,https://www.sandiegofishreports.com/dock_totals/boats.php?date=2026-10-04,0.5,0.037037037037037035,0.07407407407407407
2026-10-03,Seaforth,New,half_day,54,calico_bass,11,0,offshore,https://www.sandiegofishreports.com/dock_totals/boats.php?date=2026-10-04,0.5,0.2037037037037037,0.4074074074074074
2026-10-03,Seaforth,New,half_day,54,bonito,12,0,offshore,https://www.sandiegofishreports.com/dock_totals/boats.php?date=2026-10-04,0.5,0.2222222222222222,0.4444444444444444
2026-10-03,Seaforth,New,half_day,5,barracuda,2,0,offshore,https://www.sandiegofishreports.com/dock_totals/boats.php?date=2026-10-04,0.5,0.4,0.8
2026-10-03,Seaforth,New,half_day,5,yellowtail,7,0,offshore,https://www.sandiegofishreports.com/dock_totals/boats.php?date=2026-10-04,0.5,1.4,2.8
2026-10-03,Seaforth,New,half_day,5,calico_bass,20,0,offshore,https://www.sandiegofishreports.com/dock_totals/boats.php?date=2026-10-04,0.5,4.0,8.0
2026-10-03,Seaforth,New,half_day,5,bonito,25,0,offshore,https://www.sandiegofishreports.com/dock_totals/boats.php?date=2026-10-04,0.5,5.0,10.0
2026-10-03,Seaforth,San Diego,full_day,35,yellowtail,38,0,offshore,https://www.sandiegofishreports.com/dock_totals/boats.php?date=2026-10-04,1.0,1.0857142857142856,1.0857142857142856
2026-10-03,Seaforth,San Diego,full_day,35,yellowfin_tuna,100,0,offshore,https://www.sandiegofishreports.com/dock_totals/boats.php?date=2026-10-04,1.0,2.857142857142857,2.857142857142857
2026-10-03,Seaforth,Sea Watch,full_day,30,yellowtail,8,0,offshore,https://www.sandiegofishreports.com/dock_totals/boats.php?date=2026-10-04,1.0,0.26666666666666666,0.26666666666666666
2026-10-03,Seaforth,Sea Watch,full_day,30,dorado,18,0,offshore,https://www.sandiegofishreports.com/dock_totals/boats.php?date=2026-10-04,1.0,0.6,0.6
2026-10-03,Seaforth,Sea Watch,full_day,30,yellowfin_tuna,88,0,offshore,https://www.sandiegofishreports.com/dock_totals/boats.php?date=2026-10-04,1.0,2.933333333333333,2.933333333333333
2026-10-03,Seaforth,Cortez,2.5_day,8,bluefin_tuna,5,0,offshore,https://www.sandiegofishreports.com/dock_totals/boats.php?date=2026-10-04,2.5,0.625,0.25
2026-10-03,Seaforth,Cortez,2.5_day,8,yellowtail,14,0,offshore,https://www.sandiegofishreports.com/dock_totals/boats.php?date=2026-10-04,2.5,1.75,0.7
2026-10-03,Seaforth,Cortez,2.5_day,8,yellowfin_tuna,10,0,offshore,https://www.sandiegofishreports.com/dock_totals/boats.php?date=2026-10-04,2.5,1.25,0.5
2026-10-03,Seaforth,Pacific Voyager,3_day,16,yellowtail,16,0,offshore,https://www.sandiegofishreports.com/dock_totals/boats.php?date=2026-10-04,3.0,1.0,0.3333333333333333
2026-10-03,Seaforth,Pacific Voyager,3_day,16,yellowfin_tuna,119,0,offshore,https://www.sandiegofishreports.com/dock_totals/boats.php?date=2026-10-04,3.0,7.4375,2.4791666666666665
2026-10-05,H&M,Grande,full_day,27,yellowtail,10,0,offshore,https://www.sandiegofishreports.com/dock_totals/boats.php?date=2026-10-05,1.0,0.37037037037037035,0.37037037037037035
2026-10-05,H&M,Grande,full_day,27,dorado,6,0,offshore,https://www.sandiegofishreports.com/dock_totals/boats.php?date=2026-10-05,1.0,0.2222222222222222,0.2222222222222222
2026-10-05,H&M,Grande,full_day,27,yellowfin_tuna,40,0,offshore,https://www.sandiegofishreports.com/dock_totals/boats.php?date=2026-10-05,1.0,1.4814814814814814,1.4814814814814814
2026-10-05,H&M,Producer,overnight,15,yellowtail,12,0,offshore,https://www.sandiegofishreports.com/dock_totals/boats.php?date=2026-10-05,1.0,0.8,0.8
2026-10-05,H&M,Producer,overnight,15,dorado,10,0,offshore,https://www.sandiegofishreports.com/dock_totals/boats.php?date=2026-10-05,1.0,0.6666666666666666,0.6666666666666666
2026-10-05,H&M,Producer,overnight,15,bonito,2,0,offshore,https://www.sandiegofishreports.com/dock_totals/boats.php?date=2026-10-05,1.0,0.13333333333333333,0.13333333333333333
2026-10-05,H&M,Producer,overnight,15,yellowfin_tuna,75,0,offshore,https://www.sandiegofishreports.com/dock_totals/boats.php?date=2026-10-05,1.0,5.0,5.0
2026-10-05,H&M,Ocean Odyssey,2.5_day,22,yellowtail,13,0,offshore,https://www.sandiegofishreports.com/dock_totals/boats.php?date=2026-10-05,2.5,0.5909090909090909,0.23636363636363636
2026-10-05,H&M,Ocean Odyssey,2.5_day,22,yellowfin_tuna,36,0,offshore,https://www.sandiegofishreports.com/dock_totals/boats.php?date=2026-10-05,2.5,1.6363636363636365,0.6545454545454545
2026-10-05,H&M,Legend,3_day,25,bluefin_tuna,23,0,offshore,https://www.sandiegofishreports.com/dock_totals/boats.php?date=2026-10-05,3.0,0.92,0.30666666666666664
2026-10-05,H&M,Legend,3_day,25,yellowfin_tuna,2,0,offshore,https://www.sandiegofishreports.com/dock_totals/boats.php?date=2026-10-05,3.0,0.08,0.02666666666666667
2026-10-05,H&M,"Southern Cal Oceanside Sea Center Oceanside, CA",half_day,23,yellowtail,3,0,offshore,https://www.sandiegofishreports.com/dock_totals/boats.php?date=2026-10-05,0.5,0.13043478260869565,0.2608695652173913
2026-10-05,H&M,"Southern Cal Oceanside Sea Center Oceanside, CA",half_day,23,calico_bass,25,100,offshore,https://www.sandiegofishreports.com/dock_totals/boats.php?date=2026-10-05,0.5,1.0869565217391304,2.1739130434782608
2026-10-05,H&M,"Southern Cal Oceanside Sea Center Oceanside, CA",half_day,23,bonito,80,0,offshore,https://www.sandiegofishreports.com/dock_totals/boats.php?date=2026-10-05,0.5,3.4782608695652173,6.956521739130435
2026-10-05,Point Loma,New Lo-An,3_day,18,bluefin_tuna,18,0,offshore,https://www.sandiegofishreports.com/dock_totals/boats.php?date=2026-10-05,3.0,1.0,0.3333333333333333
2026-10-05,Point Loma,New Lo-An,3_day,18,yellowtail,34,0,offshore,https://www.sandiegofishreports.com/dock_totals/boats.php?date=2026-10-05,3.0,1.8888888888888888,0.6296296296296297
2026-10-05,Point Loma,New Lo-An,3_day,18,rockfish,108,0,offshore,https://www.sandiegofishreports.com/dock_totals/boats.php?date=2026-10-05,3.0,6.0,2.0
2026-10-05,Point Loma,New Lo-An,3_day,18,yellowfin_tuna,25,0,offshore,https://www.sandiegofishreports.com/dock_totals/boats.php?date=2026-10-05,3.0,1.3888888888888888,0.46296296296296297
2026-10-05,Seaforth,New,half_day,54,sand_bass,5,0,offshore,https://www.sandiegofishreports.com/dock_totals/boats.php?date=2026-10-05,0.5,0.09259259259259259,0.18518518518518517
2026-10-05,Seaforth,New,half_day,54,sheephead,6,0,offshore,https://www.sandiegofishreports.com/dock_totals/boats.php?date=2026-10-05,0.5,0.1111111111111111,0.2222222222222222
2026-10-05,Seaforth,New,half_day,54,yellowtail,2,0,offshore,https://www.sandiegofishreports.com/dock_totals/boats.php?date=2026-10-05,0.5,0.037037037037037035,0.07407407407407407
2026-10-05,Seaforth,New,half_day,54,calico_bass,35,100,offshore,https://www.sandiegofishreports.com/dock_totals/boats.php?date=2026-10-05,0.5,0.6481481481481481,1.2962962962962963
2026-10-05,Seaforth,New,half_day,54,bonito,6,0,offshore,https://www.sandiegofishreports.com/dock_totals/boats.php?date=2026-10-05,0.5,0.1111111111111111,0.2222222222222222
2026-10-06,Fishermans,"Dolphin Fisherman's Landing San Diego, CA",three_quarter_day,16,sheephead,18,0,offshore,https://www.sandiegofishreports.com/dock_totals/boats.php?date=2026-10-07,0.75,1.125,1.5
2026-10-06,Fishermans,"Dolphin Fisherman's Landing San Diego, CA",three_quarter_day,16,yellowtail,3,0,offshore,https://www.sandiegofishreports.com/dock_totals/boats.php?date=2026-10-07,0.75,0.1875,0.25
2026-10-06,Fishermans,"Dolphin Fisherman's Landing San Diego, CA",three_quarter_day,16,calico_bass,90,0,offshore,https://www.sandiegofishreports.com/dock_totals/boats.php?date=2026-10-07,0.75,5.625,7.5
2026-10-06,Fishermans,"Dolphin Fisherman's Landing San Diego, CA",three_quarter_day,16,bonito,48,0,offshore,https://www.sandiegofishreports.com/dock_totals/boats.php?date=2026-10-07,0.75,3.0,4.0
2026-10-06,Fishermans,"Liberty Fisherman's Landing San Diego, CA",2_day,19,bluefin_tuna,3,0,offshore,https://www.sandiegofishreports.com/dock_totals/boats.php?date=2026-10-07,2.0,0.15789473684210525,0.07894736842105263
2026-10-06,Fishermans,"Liberty Fisherman's Landing San Diego, CA",2_day,19,yellowtail,4,0,offshore,https://www.sandiegofishreports.com/dock_totals/boats.php?date=2026-10-07,2.0,0.21052631578947367,0.10526315789473684
2026-10-06,Fishermans,"Liberty Fisherman's Landing San Diego, CA",2_day,19,yellowfin_tuna,4,0,offshore,https://www.sandiegofishreports.com/dock_totals/boats.php?date=2026-10-07,2.0,0.21052631578947367,0.10526315789473684
2026-10-06,Fishermans,"Pegasus Fisherman's Landing San Diego, CA",2_day,11,bluefin_tuna,11,0,offshore,https://www.sandiegofishreports.com/dock_totals/boats.php?date=2026-10-07,2.0,1.0,0.5
2026-10-06,Fishermans,"Pegasus Fisherman's Landing San Diego, CA",2_day,11,yellowtail,1,0,offshore,https://www.sandiegofishreports.com/dock_totals/boats.php?date=2026-10-07,2.0,0.09090909090909091,0.045454545454545456
2026-10-06,Fishermans,"Pegasus Fisherman's Landing San Diego, CA",2_day,11,yellowfin_tuna,7,0,offshore,https://www.sandiegofishreports.com/dock_totals/boats.php?date=2026-10-07,2.0,0.6363636363636364,0.3181818181818182
2026-10-06,H&M,Premier,half_day,35,sand_bass,31,0,offshore,https://www.sandiegofishreports.com/dock_totals/boats.php?date=2026-10-07,0.5,0.8857142857142857,1.7714285714285714
2026-10-06,H&M,Premier,half_day,35,barracuda,7,0,offshore,https://www.sandiegofishreports.com/dock_totals/boats.php?date=2026-10-07,0.5,0.2,0.4
2026-10-06,H&M,Premier,half_day,35,yellowtail,1,0,offshore,https://www.sandiegofishreports.com/dock_totals/boats.php?date=2026-10-07,0.5,0.02857142857142857,0.05714285714285714
2026-10-06,H&M,Premier,half_day,35,calico_bass,6,0,offshore,https://www.sandiegofishreports.com/dock_totals/boats.php?date=2026-10-07,0.5,0.17142857142857143,0.34285714285714286
2026-10-06,H&M,Old Glory,overnight,27,dorado,5,0,offshore,https://www.sandiegofishreports.com/dock_totals/boats.php?date=2026-10-07,1.0,0.18518518518518517,0.18518518518518517
2026-10-06,H&M,Old Glory,overnight,27,yellowfin_tuna,67,0,offshore,https://www.sandiegofishreports.com/dock_totals/boats.php?date=2026-10-07,1.0,2.4814814814814814,2.4814814814814814
2026-10-06,H&M,"Southern Cal Oceanside Sea Center Oceanside, CA",half_day,35,sand_bass,10,15,offshore,https://www.sandiegofishreports.com/dock_totals/boats.php?date=2026-10-07,0.5,0.2857142857142857,0.5714285714285714
2026-10-06,H&M,"Southern Cal Oceanside Sea Center Oceanside, CA",half_day,35,yellowtail,1,0,offshore,https://www.sandiegofishreports.com/dock_totals/boats.php?date=2026-10-07,0.5,0.02857142857142857,0.05714285714285714
2026-10-06,H&M,"Southern Cal Oceanside Sea Center Oceanside, CA",half_day,35,calico_bass,15,50,offshore,https://www.sandiegofishreports.com/dock_totals/boats.php?date=2026-10-07,0.5,0.42857142857142855,0.8571428571428571
2026-10-06,H&M,"Southern Cal Oceanside Sea Center Oceanside, CA",half_day,35,bonito,40,0,offshore,https://www.sandiegofishreports.com/dock_totals/boats.php?date=2026-10-07,0.5,1.1428571428571428,2.2857142857142856
2026-10-06,H&M,"Blue Horizon Oceanside Sea Center Oceanside, CA",full_day,14,sand_bass,13,0,point loma kelp,https://www.sandiegofishreports.com/dock_totals/boats.php?date=2026-10-07,1.0,0.9285714285714286,0.9285714285714286
2026-10-06,H&M,"Blue Horizon Oceanside Sea Center Oceanside, CA",full_day,14,barracuda,16,0,point loma kelp,https://www.sandiegofishreports.com/dock_totals/boats.php?date=2026-10-07,1.0,1.1428571428571428,1.1428571428571428
2026-10-06,H&M,"Blue Horizon Oceanside Sea Center Oceanside, CA",full_day,14,yellowtail,15,0,point loma kelp,https://www.sandiegofishreports.com/dock_totals/boats.php?date=2026-10-07,1.0,1.0714285714285714,1.0714285714285714
2026-10-06,H&M,"Blue Horizon Oceanside Sea Center Oceanside, CA",full_day,14,calico_bass,7,0,point loma kelp,https://www.sandiegofishreports.com/dock_totals/boats.php?date=2026-10-07,1.0,0.5,0.5
2026-10-06,H&M,"Blue Horizon Oceanside Sea Center Oceanside, CA",full_day,14,bonito,14,0,point loma kelp,https://www.sandiegofishreports.com/dock_totals/boats.php?date=2026-10-07,1.0,1.0,1.0
2026-10-06,H&M,"Pronto Oceanside Sea Center Oceanside, CA",full_day,10,sand_bass,4,0,point loma kelp,https://www.sandiegofishreports.com/dock_totals/boats.php?date=2026-10-07,1.0,0.4,0.4
2026-10-06,H&M,"Pronto Oceanside Sea Center Oceanside, CA",full_day,10,california_halibut,2,0,point loma kelp,https://www.sandiegofishreports.com/dock_totals/boats.php?date=2026-10-07,1.0,0.2,0.2
2026-10-06,H&M,"Pronto Oceanside Sea Center Oceanside, CA",full_day,10,yellowtail,18,0,point loma kelp,https://www.sandiegofishreports.com/dock_totals/boats.php?date=2026-10-07,1.0,1.8,1.8
2026-10-06,H&M,"Pronto Oceanside Sea Center Oceanside, CA",full_day,10,calico_bass,14,0,point loma kelp,https://www.sandiegofishreports.com/dock_totals/boats.php?date=2026-10-07,1.0,1.4,1.4
2026-10-06,H&M,"Pronto Oceanside Sea Center Oceanside, CA",full_day,10,bonito,6,0,point loma kelp,https://www.sandiegofishreports.com/dock_totals/boats.php?date=2026-10-07,1.0,0.6,0.6
2026-10-06,Point Loma,Daily Double,half_day,11,sheephead,1,0,offshore,https://www.sandiegofishreports.com/dock_totals/boats.php?date=2026-10-07,0.5,0.09090909090909091,0.18181818181818182
2026-10-06,Point Loma,Daily Double,half_day,11,yellowtail,1,0,offshore,https://www.sandiegofishreports.com/dock_totals/boats.php?date=2026-10-07,0.5,0.09090909090909091,0.18181818181818182
2026-10-06,Point Loma,Daily Double,half_day,11,calico_bass,16,0,offshore,https://www.sandiegofishreports.com/dock_totals/boats.php?date=2026-10-07,0.5,1.4545454545454546,2.909090909090909
2026-10-06,Point Loma,Daily Double,half_day,11,bonito,4,0,offshore,https://www.sandiegofishreports.com/dock_totals/boats.php?date=2026-10-07,0.5,0.36363636363636365,0.7272727272727273
2026-10-06,Seaforth,New,half_day,36,sand_bass,10,0,offshore,https://www.sandiegofishreports.com/dock_totals/boats.php?date=2026-10-07,0.5,0.2777777777777778,0.5555555555555556
2026-10-06,Seaforth,New,half_day,36,barracuda,35,0,offshore,https://www.sandiegofishreports.com/dock_totals/boats.php?date=2026-10-07,0.5,0.9722222222222222,1.9444444444444444
2026-10-06,Seaforth,New,half_day,36,sheephead,5,0,offshore,https://www.sandiegofishreports.com/dock_totals/boats.php?date=2026-10-07,0.5,0.1388888888888889,0.2777777777777778
2026-10-06,Seaforth,New,half_day,36,yellowtail,3,0,offshore,https://www.sandiegofishreports.com/dock_totals/boats.php?date=2026-10-07,0.5,0.08333333333333333,0.16666666666666666
2026-10-06,Seaforth,New,half_day,36,calico_bass,15,0,offshore,https://www.sandiegofishreports.com/dock_totals/boats.php?date=2026-10-07,0.5,0.4166666666666667,0.8333333333333334
2026-10-06,Seaforth,New,half_day,35,sand_bass,1,0,offshore,https://www.sandiegofishreports.com/dock_totals/boats.php?date=2026-10-07,0.5,0.02857142857142857,0.05714285714285714
2026-10-06,Seaforth,New,half_day,35,sheephead,8,0,offshore,https://www.sandiegofishreports.com/dock_totals/boats.php?date=2026-10-07,0.5,0.22857142857142856,0.45714285714285713
2026-10-06,Seaforth,New,half_day,35,calico_bass,15,100,offshore,https://www.sandiegofishreports.com/dock_totals/boats.php?date=2026-10-07,0.5,0.42857142857142855,0.8571428571428571
2026-10-06,Seaforth,New,half_day,35,bonito,2,0,offshore,https://www.sandiegofishreports.com/dock_totals/boats.php?date=2026-10-07,0.5,0.05714285714285714,0.11428571428571428
2026-10-06,Seaforth,El Gato Dos,full_day,3,yellowtail,1,0,offshore,https://www.sandiegofishreports.com/dock_totals/boats.php?date=2026-10-07,1.0,0.3333333333333333,0.3333333333333333
2026-10-06,Seaforth,El Gato Dos,full_day,3,dorado,3,0,offshore,https://www.sandiegofishreports.com/dock_totals/boats.php?date=2026-10-07,1.0,1.0,1.0
2026-10-06,Seaforth,El Gato Dos,full_day,3,yellowfin_tuna,30,0,offshore,https://www.sandiegofishreports.com/dock_totals/boats.php?date=2026-10-07,1.0,10.0,10.0
2026-10-06,Seaforth,San Diego,full_day,35,yellowtail,4,0,offshore,https://www.sandiegofishreports.com/dock_totals/boats.php?date=2026-10-07,1.0,0.11428571428571428,0.11428571428571428
2026-10-06,Seaforth,San Diego,full_day,35,dorado,1,0,offshore,https://www.sandiegofishreports.com/dock_totals/boats.php?date=2026-10-07,1.0,0.02857142857142857,0.02857142857142857
2026-10-06,Seaforth,San Diego,full_day,35,yellowfin_tuna,140,0,offshore,https://www.sandiegofishreports.com/dock_totals/boats.php?date=2026-10-07,1.0,4.0,4.0
2026-10-06,Seaforth,Sea Watch,full_day,30,yellowtail,9,0,offshore,https://www.sandiegofishreports.com/dock_totals/boats.php?date=2026-10-07,1.0,0.3,0.3
2026-10-06,Seaforth,Sea Watch,full_day,30,yellowfin_tuna,10,0,offshore,https://www.sandiegofishreports.com/dock_totals/boats.php?date=2026-10-07,1.0,0.3333333333333333,0.3333333333333333
2026-10-06,Seaforth,Voyager,full_day,9,yellowtail,6,0,offshore,https://www.sandiegofishreports.com/dock_totals/boats.php?date=2026-10-07,1.0,0.6666666666666666,0.6666666666666666
2026-10-06,Seaforth,Voyager,full_day,9,yellowfin_tuna,45,0,offshore,https://www.sandiegofishreports.com/dock_totals/boats.php?date=2026-10-07,1.0,5.0,5.0
2026-10-06,Seaforth,Tribute,1.5_day,30,yellowfin_tuna,5,0,offshore,https://www.sandiegofishreports.com/dock_totals/boats.php?date=2026-10-07,1.5,0.16666666666666666,0.1111111111111111
2026-10-06,Seaforth,Aztec,2_day,26,yellowtail,7,0,offshore,https://www.sandiegofishreports.com/dock_totals/boats.php?date=2026-10-07,2.0,0.2692307692307692,0.1346153846153846
2026-10-06,Seaforth,Aztec,2_day,26,dorado,24,0,offshore,https://www.sandiegofishreports.com/dock_totals/boats.php?date=2026-10-07,2.0,0.9230769230769231,0.46153846153846156
2026-10-06,Seaforth,Aztec,2_day,26,yellowfin_tuna,42,0,offshore,https://www.sandiegofishreports.com/dock_totals/boats.php?date=2026-10-07,2.0,1.6153846153846154,0.8076923076923077
2026-10-06,Seaforth,Pacifica,2_day,26,bluefin_tuna,17,0,offshore,https://www.sandiegofishreports.com/dock_totals/boats.php?date=2026-10-07,2.0,0.6538461538461539,0.3269230769230769
2026-10-06,Seaforth,Pacifica,2_day,26,yellowtail,12,0,offshore,https://www.sandiegofishreports.com/dock_totals/boats.php?date=2026-10-07,2.0,0.46153846153846156,0.23076923076923078
2026-10-06,Seaforth,Pacifica,2_day,26,yellowfin_tuna,54,0,offshore,https://www.sandiegofishreports.com/dock_totals/boats.php?date=2026-10-07,2.0,2.076923076923077,1.0384615384615385
2026-10-06,Seaforth,Pacific Voyager,3_day,20,bluefin_tuna,6,0,offshore,https://www.sandiegofishreports.com/dock_totals/boats.php?date=2026-10-07,3.0,0.3,0.1
2026-10-06,Seaforth,Pacific Voyager,3_day,20,yellowtail,30,0,offshore,https://www.sandiegofishreports.com/dock_totals/boats.php?date=2026-10-07,3.0,1.5,0.5
2026-10-06,Seaforth,Pacific Voyager,3_day,20,rockfish,50,0,offshore,https://www.sandiegofishreports.com/dock_totals/boats.php?date=2026-10-07,3.0,2.5,0.8333333333333334
2026-10-06,Seaforth,Pacific Voyager,3_day,20,yellowfin_tuna,10,0,offshore,https://www.sandiegofishreports.com/dock_totals/boats.php?date=2026-10-07,3.0,0.5,0.16666666666666666
2026-10-07,Fishermans,"Dolphin Fisherman's Landing San Diego, CA",three_quarter_day,25,sheephead,21,0,offshore,https://www.sandiegofishreports.com/dock_totals/boats.php?date=2026-10-08,0.75,0.84,1.12
2026-10-07,Fishermans,"Dolphin Fisherman's Landing San Diego, CA",three_quarter_day,25,yellowtail,17,0,offshore,https://www.sandiegofishreports.com/dock_totals/boats.php?date=2026-10-08,0.75,0.68,0.9066666666666666
2026-10-07,Fishermans,"Dolphin Fisherman's Landing San Diego, CA",three_quarter_day,25,calico_bass,75,0,offshore,https://www.sandiegofishreports.com/dock_totals/boats.php?date=2026-10-08,0.75,3.0,4.0
2026-10-07,Fishermans,"Dolphin Fisherman's Landing San Diego, CA",three_quarter_day,25,bonito,75,0,offshore,https://www.sandiegofishreports.com/dock_totals/boats.php?date=2026-10-08,0.75,3.0,4.0
2026-10-07,Fishermans,"Constitution Fisherman's Landing San Diego, CA",2_day,21,bluefin_tuna,3,0,offshore,https://www.sandiegofishreports.com/dock_totals/boats.php?date=2026-10-08,2.0,0.14285714285714285,0.07142857142857142
2026-10-07,Fishermans,"Constitution Fisherman's Landing San Diego, CA",2_day,21,yellowtail,5,0,offshore,https://www.sandiegofishreports.com/dock_totals/boats.php?date=2026-10-08,2.0,0.23809523809523808,0.11904761904761904
2026-10-07,Fishermans,"Constitution Fisherman's Landing San Diego, CA",2_day,21,yellowfin_tuna,5,0,offshore,https://www.sandiegofishreports.com/dock_totals/boats.php?date=2026-10-08,2.0,0.23809523809523808,0.11904761904761904
2026-10-07,H&M,Malihini,full_day,18,dorado,1,0,offshore,https://www.sandiegofishreports.com/dock_totals/boats.php?date=2026-10-08,1.0,0.05555555555555555,0.05555555555555555
2026-10-07,H&M,Malihini,full_day,18,yellowfin_tuna,90,0,offshore,https://www.sandiegofishreports.com/dock_totals/boats.php?date=2026-10-08,1.0,5.0,5.0
2026-10-07,H&M,Old Glory,overnight,19,yellowtail,8,0,offshore,https://www.sandiegofishreports.com/dock_totals/boats.php?date=2026-10-08,1.0,0.42105263157894735,0.42105263157894735
2026-10-07,H&M,Old Glory,overnight,19,dorado,9,0,offshore,https://www.sandiegofishreports.com/dock_totals/boats.php?date=2026-10-08,1.0,0.47368421052631576,0.47368421052631576
2026-10-07,H&M,Old Glory,overnight,19,yellowfin_tuna,130,0,offshore,https://www.sandiegofishreports.com/dock_totals/boats.php?date=2026-10-08,1.0,6.842105263157895,6.842105263157895
2026-10-07,H&M,Vendetta 2,2_day,7,yellowtail,20,0,offshore,https://www.sandiegofishreports.com/dock_totals/boats.php?date=2026-10-08,2.0,2.857142857142857,1.4285714285714286
2026-10-07,H&M,Vendetta 2,2_day,7,dorado,10,0,offshore,https://www.sandiegofishreports.com/dock_totals/boats.php?date=2026-10-08,2.0,1.4285714285714286,0.7142857142857143
2026-10-07,H&M,Vendetta 2,2_day,7,yellowfin_tuna,70,0,offshore,https://www.sandiegofishreports.com/dock_totals/boats.php?date=2026-10-08,2.0,10.0,5.0
2026-10-07,H&M,"Southern Cal Oceanside Sea Center Oceanside, CA",half_day,24,sand_bass,4,0,offshore,https://www.sandiegofishreports.com/dock_totals/boats.php?date=2026-10-08,0.5,0.16666666666666666,0.3333333333333333
2026-10-07,H&M,"Southern Cal Oceanside Sea Center Oceanside, CA",half_day,24,sheephead,7,0,offshore,https://www.sandiegofishreports.com/dock_totals/boats.php?date=2026-10-08,0.5,0.2916666666666667,0.5833333333333334
2026-10-07,H&M,"Southern Cal Oceanside Sea Center Oceanside, CA",half_day,24,calico_bass,25,200,offshore,https://www.sandiegofishreports.com/dock_totals/boats.php?date=2026-10-08,0.5,1.0416666666666667,2.0833333333333335
2026-10-07,H&M,"Southern Cal Oceanside Sea Center Oceanside, CA",half_day,24,bonito,30,0,offshore,https://www.sandiegofishreports.com/dock_totals/boats.php?date=2026-10-08,0.5,1.25,2.5
2026-10-07,H&M,"Blue Horizon Oceanside Sea Center Oceanside, CA",full_day,22,dorado,3,0,point loma kelp,https://www.sandiegofishreports.com/dock_totals/boats.php?date=2026-10-08,1.0,0.13636363636363635,0.13636363636363635
2026-10-07,H&M,"Blue Horizon Oceanside Sea Center Oceanside, CA",full_day,22,yellowfin_tuna,35,0,point loma kelp,https://www.sandiegofishreports.com/dock_totals/boats.php?date=2026-10-08,1.0,1.5909090909090908,1.5909090909090908
2026-10-07,Point Loma,Daily Double,half_day,24,sheephead,10,0,offshore,https://www.sandiegofishreports.com/dock_totals/boats.php?date=2026-10-08,0.5,0.4166666666666667,0.8333333333333334
2026-10-07,Point Loma,Daily Double,half_day,24,calico_bass,22,0,offshore,https://www.sandiegofishreports.com/dock_totals/boats.php?date=2026-10-08,0.5,0.9166666666666666,1.8333333333333333
2026-10-07,Seaforth,New,half_day,54,sand_bass,4,0,offshore,https://www.sandiegofishreports.com/dock_totals/boats.php?date=2026-10-08,0.5,0.07407407407407407,0.14814814814814814
2026-10-07,Seaforth,New,half_day,54,california_halibut,1,0,offshore,https://www.sandiegofishreports.com/dock_totals/boats.php?date=2026-10-08,0.5,0.018518518518518517,0.037037037037037035
2026-10-07,Seaforth,New,half_day,54,sheephead,7,0,offshore,https://www.sandiegofishreports.com/dock_totals/boats.php?date=2026-10-08,0.5,0.12962962962962962,0.25925925925925924
2026-10-07,Seaforth,New,half_day,54,yellowtail,1,0,offshore,https://www.sandiegofishreports.com/dock_totals/boats.php?date=2026-10-08,0.5,0.018518518518518517,0.037037037037037035
2026-10-07,Seaforth,New,half_day,54,calico_bass,6,0,offshore,https://www.sandiegofishreports.com/dock_totals/boats.php?date=2026-10-08,0.5,0.1111111111111111,0.2222222222222222
2026-10-07,Seaforth,New,half_day,54,bonito,1,0,offshore,https://www.sandiegofishreports.com/dock_totals/boats.php?date=2026-10-08,0.5,0.018518518518518517,0.037037037037037035
2026-10-07,Seaforth,New,half_day,30,sand_bass,2,0,offshore,https://www.sandiegofishreports.com/dock_totals/boats.php?date=2026-10-08,0.5,0.06666666666666667,0.13333333333333333
2026-10-07,Seaforth,New,half_day,30,sheephead,6,0,offshore,https://www.sandiegofishreports.com/dock_totals/boats.php?date=2026-10-08,0.5,0.2,0.4
2026-10-07,Seaforth,New,half_day,30,calico_bass,17,0,offshore,https://www.sandiegofishreports.com/dock_totals/boats.php?date=2026-10-08,0.5,0.5666666666666667,1.1333333333333333
2026-10-07,Seaforth,New,half_day,30,bonito,3,0,offshore,https://www.sandiegofishreports.com/dock_totals/boats.php?date=2026-10-08,0.5,0.1,0.2
2026-10-07,Seaforth,El Gato Dos,full_day,5,yellowtail,1,0,offshore,https://www.sandiegofishreports.com/dock_totals/boats.php?date=2026-10-08,1.0,0.2,0.2
2026-10-07,Seaforth,El Gato Dos,full_day,5,dorado,4,0,offshore,https://www.sandiegofishreports.com/dock_totals/boats.php?date=2026-10-08,1.0,0.8,0.8
2026-10-07,Seaforth,El Gato Dos,full_day,5,yellowfin_tuna,50,0,offshore,https://www.sandiegofishreports.com/dock_totals/boats.php?date=2026-10-08,1.0,10.0,10.0
2026-10-07,Seaforth,San Diego,full_day,34,yellowtail,5,0,offshore,https://www.sandiegofishreports.com/dock_totals/boats.php?date=2026-10-08,1.0,0.14705882352941177,0.14705882352941177
2026-10-07,Seaforth,San Diego,full_day,34,dorado,1,0,offshore,https://www.sandiegofishreports.com/dock_totals/boats.php?date=2026-10-08,1.0,0.029411764705882353,0.029411764705882353
2026-10-07,Seaforth,San Diego,full_day,34,yellowfin_tuna,142,0,offshore,https://www.sandiegofishreports.com/dock_totals/boats.php?date=2026-10-08,1.0,4.176470588235294,4.176470588235294
2026-10-07,Seaforth,Sea Watch,full_day,22,yellowtail,6,0,offshore,https://www.sandiegofishreports.com/dock_totals/boats.php?date=2026-10-08,1.0,0.2727272727272727,0.2727272727272727
2026-10-07,Seaforth,Sea Watch,full_day,22,dorado,12,0,offshore,https://www.sandiegofishreports.com/dock_totals/boats.php?date=2026-10-08,1.0,0.5454545454545454,0.5454545454545454
2026-10-07,Seaforth,Sea Watch,full_day,22,yellowfin_tuna,6,0,offshore,https://www.sandiegofishreports.com/dock_totals/boats.php?date=2026-10-08,1.0,0.2727272727272727,0.2727272727272727
2026-10-07,Seaforth,Polaris Supreme,5_day,22,yellowtail,4,0,offshore,https://www.sandiegofishreports.com/dock_totals/boats.php?date=2026-10-08,5.0,0.18181818181818182,0.03636363636363636
2026-10-07,Seaforth,Polaris Supreme,5_day,22,dorado,4,0,offshore,https://www.sandiegofishreports.com/dock_totals/boats.php?date=2026-10-08,5.0,0.18181818181818182,0.03636363636363636
2026-10-07,Seaforth,Polaris Supreme,5_day,22,yellowfin_tuna,297,0,offshore,https://www.sandiegofishreports.com/dock_totals/boats.php?date=2026-10-08,5.0,13.5,2.7
