zone_id,date,wave_ft,swell_ft,wave_period_s,swell_period_s,wave_dir_deg,sst_f_model,wind_kt,gust_kt,wind_dir_deg,pressure_hpa,cloud_pct,air_temp_f,precip_mm,pressure_trend_24h,doy,month,sst_f_sat,sst_f,sst_source,sst_norm,sst_sd,sst_p10,sst_p50,sst_p90,sst_n,sst_years,tide_station,tide_high_ft,tide_low_ft,tide_range_ft,tide_exchanges,max_exchange_rate_ft_h,best_water_hour,first_high_hour,shore_sst_f,shoresst_norm,shoresst_sd,shoresst_p10,shoresst_p50,shoresst_p90,shoresst_years,shore_sst_anom_f,sst_anom_f,sst_pctile,sst_trend_7d,primary_buoy,wave_norm,wave_p90,wind_norm,wind_p90,buoysst_norm,buoysst_years,wave_years,wave_anom_ft,wind_anom_kt,front_f_per_nm,sst_spread_f,chl_mg_m3,cuti,offshore_minus_nearshore_f,moon_illum,moon_phase,moon_age_days,sunrise_hour,sunset_hour,daylight_hours,oni_latest,enso_regime,enso_simple,enso_season,is_forecast
coronados,2026-09-25,4.1338584,3.2152232,11.3,10.5,241,73.94,12.7,13.0,332,1012.5,66,72.5,0.0,,268,9,,73.94,Open-Meteo marine model,70.26297894736844,1.8755303644008205,68.35820000000001,69.935,72.5666,171,12,9410170,,,,,,,,,71.93250651882073,2.6035056252826045,68.91866666666667,71.65208333333334,76.43958333333333,12,,3.6770210526315594,97.50326736020767,,46232,3.757710837296698,4.800962533333333,,,69.64100959955202,20.0,21.0,0.3761475627033022,,,,,,0.7673653846153741,0.9834832009922474,Full,13.805959999906424,6.63713483955379,18.70708497850868,12.069950138954889,2.16,Strong El Nino,El Nino,JAS 2026,False
coronados,2026-09-26,4.593176,3.8057744,11.75,11.2,228,74.3,10.7,10.7,293,1011.7,42,72.68,0.0,-0.7999999999999545,269,9,,74.3,Open-Meteo marine model,70.21709767441861,1.911778922168048,68.23868,69.8369,72.57632,172,12,9410170,,,,,,,,76.51458333333333,71.87977719935319,2.6230414373903637,68.88370833333333,71.53539313110181,76.319875,12,4.634806133980149,4.0829023255813865,98.36462726179907,,46232,3.766961796791986,4.869560024021739,,,69.6161291103498,20.0,21.0,0.8262142032080138,,,,,,,0.9995517538836435,Full,14.805959999906262,6.647843099590363,18.68442612692088,12.036583027330517,2.16,Strong El Nino,El Nino,JAS 2026,False
coronados,2026-09-27,5.1837272,4.3963256,11.7,10.85,220,74.3,10.1,10.7,235,1011.4,95,73.75999999999999,1.1,-0.3000000000000682,270,9,72.725,72.725,MUR 1km satellite,70.17021734104046,1.946248989167901,68.12204,69.7928,72.66812,173,12,9410170,,,,,,,,76.38958333333333,71.83047040608862,2.6428907238715524,68.83908333333333,71.4887029288703,76.30991666666667,12,4.559112927244712,2.554782658959539,90.53529144793224,,46232,3.8014566919157513,4.93930462,,,69.59749438532403,20.0,21.0,1.3822705080842486,,,,,,,0.9921059368700724,Full,15.8059599999061,6.658619958633704,18.66183429438085,12.003214335747145,2.16,Strong El Nino,El Nino,JAS 2026,False
coronados,2026-09-28,5.7742784,4.3307088,11.5,11.25,219,74.21000000000001,17.7,18.5,294,1009.0,41,72.86,0.4,-2.3999999999999773,271,9,72.5666,72.5666,MUR 1km satellite,70.11407931034482,1.9796729815564804,67.9145,69.7082,72.8069,174,12,9410170,,,,,,,,76.28999999999999,71.78330680028971,2.655239408351488,68.78404166666667,71.48146257554626,76.29995833333332,12,4.506693199710284,2.4525206896551737,89.22997368706214,,46232,3.8247232756882794,4.964913398888888,,,69.56602575414531,20.0,21.0,1.9495551243117206,,,,,,,0.9600738604541995,Waning Gibbous,16.80595999990594,6.669469982073405,18.63931839472139,11.969848412647984,2.16,Strong El Nino,El Nino,JAS 2026,False
coronados,2026-09-29,6.2335959999999995,4.7900263999999995,10.7,6.3,255,73.58,10.1,12.1,250,1006.5,11,72.5,0.0,-2.5,272,9,72.5774,72.5774,MUR 1km satellite,70.044728,2.0041379657650045,67.8434,69.5822,73.02992,175,12,9410170,,,,,,,,76.0525,71.73828755063322,2.6750155071681267,68.71291666666666,71.47422222222222,76.28999999999999,12,4.314212449366778,2.532671999999991,89.68349761292768,,46232,3.8477422573249584,5.02378625,,,69.54247762875906,20.0,21.0,2.385853742675041,,,,,,,0.9040301216596538,Waning Gibbous,17.805959999905777,6.680397645499175,18.616887318961666,11.936489673462491,2.16,Strong El Nino,El Nino,JAS 2026,False
coronados,2026-09-30,4.7900263999999995,3.8057744,10.9,9.05,262,72.59,11.7,11.9,193,1009.3,74,71.24000000000001,0.0,2.7999999999999545,273,9,72.2642,72.2642,MUR 1km satellite,69.97726931818183,2.002423427513084,67.8002,69.4967,72.9833,176,12,9410170,,,,,,,,76.06125,71.70626504018954,2.706030615190328,68.66154166666666,71.45440277777777,76.28599999999999,12,4.354984959810466,2.286930681818177,87.32899205026708,,46232,3.8508057500786808,5.0496352924242425,,,69.51210114201128,20.0,21.0,0.9392206499213187,,,,,,,0.8263179887803223,Waning Gibbous,18.805959999905618,6.69140732205577,18.594549932246405,11.903142610190635,2.16,Strong El Nino,El Nino,JAS 2026,False
coronados,2026-10-01,4.3307088,3.28084,10.9,7.75,257,72.5,11.0,12.6,323,1010.4,76,72.68,0.0,1.1000000000000227,274,10,72.02120000000001,72.02120000000001,MUR 1km satellite,69.91994915254236,2.0111234860802263,67.70768,69.44,72.93344,177,12,9410170,,,,,,,,76.16291666666666,71.68144478345954,2.740713934592362,68.60149999999999,71.43458333333334,76.282,12,4.481471883207121,2.1012508474576492,85.19456288365788,,46232,3.842157291823443,5.049585582727273,,,69.47376038015146,20.0,21.0,0.488551508176557,,,,,,,0.7309239695760712,Waning Gibbous,19.805959999907135,6.702503269882353,18.572315070833767,11.869811800951414,2.16,Strong El Nino,El Nino,JAS 2026,False
coronados,2026-10-02,4.1338584,2.952756,10.65,7.3,256,72.32,13.0,17.1,333,1009.8,54,73.75999999999999,0.0,-0.6000000000000227,275,10,71.9528,71.9528,MUR 1km satellite,69.87197966101695,2.0214561990268245,67.57339999999999,69.4256,72.93344,177,12,9410170,,,,,,,,76.0525,71.66377061690405,2.7764735119847,68.60829166666666,71.40791666666667,76.27799999999999,12,4.388729383095949,2.0808203389830453,84.83463791189634,-1.9872000000000014,46232,3.8628217730870804,5.087079121666667,,,69.42561185870245,20.0,21.0,0.27103662691291985,,,,,,,0.6231352998941142,Waning Gibbous,20.805959999906975,6.713689619650809,18.5501915391357,11.83650191948489,2.16,Strong El Nino,El Nino,JAS 2026,False
coronados,2026-10-03,3.5433072,2.3622047999999998,10.9,12.9,243,72.95,17.9,20.6,165,1009.1,21,75.92,0.0,-0.6999999999999318,276,10,72.4388,72.4388,MUR 1km satellite,69.79285084745761,2.0279573081147957,67.48196,69.3878,72.93344,177,12,9410170,5.447,0.261,5.186,4.0,0.6363190184049079,19.233333333333334,6.0,76.13000000000001,71.62430356861684,2.7918475400399463,68.58324999999999,71.36104166666667,76.223875,12,4.505696431383171,2.6459491525423857,90.40086414065674,-1.8611999999999966,46232,3.8805330241639377,5.055911141666666,,,69.37810700982578,20.0,21.0,-0.33722582416393765,,,,,,,0.5090574688798968,Last Quarter,21.805959999906815,6.724970362217739,18.52818810681433,11.80321774459659,2.16,Strong El Nino,El Nino,JAS 2026,False
coronados,2026-10-04,3.0839895999999998,2.1653544,12.3,12.95,220,73.31,13.6,17.1,180,1011.0,21,74.48,0.0,1.8999999999999773,277,10,72.5666,72.5666,MUR 1km satellite,69.72720677966102,2.0362331870948625,67.40204,69.3086,72.93344,177,12,9410170,5.52,3.301,2.2189999999999994,3.0,0.5252391799544419,2.966666666666667,6.0,76.59625,71.5534197774578,2.7904177178879013,68.52291666666667,71.31750000000001,76.11625000000001,12,5.042830222542193,2.8393932203389767,91.84067385809273,-0.15840000000000032,46232,3.892357133131504,5.087079121666667,,,69.32551590788182,20.0,21.0,-0.8083675331315043,,,,,,,0.3950846566449676,Last Quarter,22.80595999990665,6.736349336405107,18.50631350593751,11.769964169532402,2.16,Strong El Nino,El Nino,JAS 2026,False
coronados,2026-10-05,3.6089240000000005,2.8871392,12.1,12.1,209,73.58,14.2,19.6,341,1011.6,13,77.18,0.0,0.6000000000000227,278,10,73.2038,73.2038,MUR 1km satellite,69.64767499999999,2.0490058783852088,67.28450000000001,69.2906,72.9563,176,12,9410170,5.757,0.003,5.754,4.0,0.7372383073496659,20.55,7.0,76.76458333333333,71.47952203808107,2.7791921773027535,68.421,71.12312499999999,76.0525,12,5.285061295252262,3.5561250000000086,95.86771108587928,0.6372000000000071,46232,3.9100150075348337,5.130960356666667,,,69.26421206286845,20.0,21.0,-0.3010910075348332,,,,,,,0.2874014624345155,Last Quarter,23.80595999990649,6.747830216924667,18.484576428196153,11.736746211271486,2.16,Strong El Nino,El Nino,JAS 2026,False
coronados,2026-10-06,4.3307088,3.6745408000000004,11.65,10.9,206,73.75999999999999,12.1,18.1,309,1010.2,13,74.12,0.0,-1.3999999999999773,279,10,73.3856,73.3856,MUR 1km satellite,69.56499199999999,2.0636521309093974,67.20764,69.2564,72.97916,175,12,9410170,5.936,-0.135,6.071,4.0,0.8397149643705463,21.533333333333335,7.0,76.95333333333333,71.39228890252052,2.775482170612591,68.27875,70.82333333333332,75.93666666666667,12,5.561044430812814,3.820608000000007,96.79426773608526,0.8081999999999994,46232,3.918397690305209,5.120024223333333,,,69.15578593526038,20.0,21.0,0.4123111096947909,,,,,,,0.19156317691553915,Waning Crescent,24.80595999990633,6.759416502461724,18.462985522185484,11.70356901972376,2.16,Strong El Nino,El Nino,JAS 2026,False
coronados,2026-10-07,5.1837272,4.4619424,11.6,10.5,198,74.3,12.8,16.3,309,1010.6,24,73.58,0.0,0.39999999999997726,280,10,73.1246,73.1246,MUR 1km satellite,69.47008275862069,2.069603517037913,67.04906,69.13130000000001,73.00202,174,12,9410170,5.964,-0.112,6.0760000000000005,4.0,0.902686567164179,22.333333333333332,8.0,76.87875000000001,71.28946899224427,2.7960792861179775,68.16754166666666,70.26,75.78516666666668,12,5.589281007755744,3.6545172413793097,96.12857559726294,0.8603999999999985,46232,3.9048992592347576,5.071290079166667,,,69.04405529918955,20.0,21.0,1.2788279407652423,,,,,,,0.11217175383480282,Waning Crescent,25.805959999906168,6.771111503933902,18.441549390751767,11.670437886817865,2.16,Strong El Nino,El Nino,JAS 2026,False
coronados,2026-10-08,4.92126,3.5433072,13.0,9.4,207,74.39,9.4,11.5,277,1010.5,43,73.22,0.0,-0.10000000000002274,281,10,73.0706,73.0706,MUR 1km satellite,69.38100578034683,2.0607824612891803,66.99776,68.8982,73.02488,173,12,9410170,5.962,0.066,5.896,4.0,0.94336,5.333333333333333,8.0,76.81958333333334,71.18818163728119,2.8135172998218487,68.14158333333333,70.09875000000001,75.70633333333333,12,5.631401696052151,3.6895942196531735,96.33039882721029,1.0493999999999915,46232,3.8856482800461505,5.071290079166667,,,68.92682734025233,20.0,21.0,1.0356117199538497,,,,,,,0.052647815303152434,Waning Crescent,26.80595999990601,6.78291833294106,18.42027658840558,11.637358255464521,2.16,Strong El Nino,El Nino,JAS 2026,False
coronados,2026-10-09,5.1837272,3.6089240000000005,12.95,14.65,217,74.84,13.6,13.8,318,1008.4,75,72.14,0.0,-2.1000000000000227,282,10,,74.84,Open-Meteo marine model,69.3152976744186,2.0573397035169165,66.90326,68.88380000000001,73.04774,172,12,9410170,6.269,0.254,6.015000000000001,4.0,0.9522427440633247,12.066666666666666,8.0,76.65343511450382,71.07940287605524,2.8247536842497154,68.09955718270572,69.99979166666667,75.60624999999999,12,5.574032238448581,5.524702325581401,99.6377438083552,2.887200000000007,46232,3.862041392697736,5.081337651666667,,,68.81543078761386,20.0,21.0,1.3216858073022637,,,,,,,0.015097468607471298,Waning Crescent,27.80595999990585,6.7948398904227325,18.399175618801852,11.60433572837912,2.16,Strong El Nino,El Nino,JAS 2026,False
coronados,2026-10-10,4.9868768,3.7401576,12.8,14.3,225,73.94,14.1,15.6,304,1004.5,100,72.86,3.3,-3.8999999999999773,283,10,,73.94,Open-Meteo marine model,69.23130526315789,2.074009432994124,66.8102,68.86580000000001,73.0706,171,12,9410170,6.444,0.021,6.423,4.0,0.9881538461538462,12.6,9.0,,70.9629791970658,2.8388779647487383,68.03675,69.84621848739496,75.49875,12,,4.708694736842105,98.84063460218647,1.5011999999999972,46232,3.8562882529689224,5.093230696666667,,,68.68615615395312,20.0,21.0,1.1305885470310777,,,,,,,0.0002792167927752054,New,28.805959999905685,6.8068788555399085,18.37825493228639,11.57137607674648,2.16,Strong El Nino,El Nino,JAS 2026,True
coronados,2026-10-11,21.7191608,12.9265096,10.75,11.55,222,73.58,30.5,26.0,256,1004.8,100,69.8,26.78,0.2999999999999545,284,10,,73.58,Open-Meteo marine model,69.13142705882353,2.0961588987314257,66.67537999999999,68.7533,73.076,170,12,9410170,6.476,-0.04,6.516,4.0,0.9725373134328358,13.133333333333333,9.0,,70.83563142018778,2.8583192208018344,67.66616824894516,69.76041666666666,75.38916666666667,12,,4.448572941176465,98.30916194599496,1.0134000000000043,46232,3.8466775947361374,5.1179736983333335,,,68.55524990359338,20.0,21.0,17.872483205263862,,,,,,,0.007679795233243747,New,0.2753719999055233,6.819037674798313,18.35752292350784,11.538485248709527,2.16,Strong El Nino,El Nino,JAS 2026,True
coronados,2026-10-12,8.005249599999999,6.3648296,12.2,12.75,246,73.76,10.0,11.3,241,1012.1,70,65.66,0.4,7.300000000000068,285,10,,73.76,Open-Meteo marine model,69.02311360946744,2.1083394077910302,66.54308,68.6408,72.62024000000001,169,12,9410170,6.368,0.058,6.3100000000000005,4.0,0.912289156626506,13.65,10.0,,70.70588702704215,2.8717272367532862,67.57266666666668,69.68702928870293,75.27141666666667,12,,4.736886390532561,98.76716138205165,0.556200000000004,46232,3.84791913495177,5.1191356625,,,68.44521776446011,20.0,21.0,4.157330465048229,,,,,,,0.035700175796790634,New,1.275371999907041,6.831318551430732,18.336987929093223,11.50566937766249,2.16,Strong El Nino,El Nino,JAS 2026,True
coronados,2026-10-13,5.1181104,3.6745408000000004,12.85,12.8,234,74.03,10.6,10.1,273,1013.9,11,67.64,1.5,1.7999999999999545,286,10,,74.03,Open-Meteo marine model,68.91247142857144,2.0905867067835247,66.44984,68.5958,71.96252,168,12,9410170,6.144,0.29,5.854,3.0,0.8149419953596287,14.2,10.0,,70.57301584729316,2.88858041862173,67.50512179487178,69.62729166666666,75.28533333333334,12,,5.117528571428565,99.28152458274285,0.6444000000000045,46232,3.8564720110139805,5.155703358333334,,,68.35832043308113,20.0,21.0,1.2616383889860194,,,,,,,0.0819335649033684,Waxing Crescent,2.2753719999068798,6.8437234350564395,18.316658225384394,11.472934790327955,2.16,Strong El Nino,El Nino,JAS 2026,True
coronados,2026-10-14,4.4619424,3.4776904,12.7,12.45,227,74.3,11.3,9.9,316,1015.4,8,70.34,0.0,1.5,287,10,,74.3,Open-Meteo marine model,68.81112095808383,2.0656320805090127,66.35156,68.576,71.67452,167,12,9410170,5.83,0.614,5.216,4.0,0.6893392070484582,14.8,0.0,,70.44709010148682,2.893769485030964,67.34433333333334,69.62458333333332,75.29925,12,,5.488879041916164,99.60608267865884,1.1753999999999962,46232,3.8727664370404256,5.192977346111111,,,68.26939448885815,20.0,21.0,0.5891759629595743,,,,,,,0.1434931801229401,Waxing Crescent,3.2753719999067186,6.856254011636052,18.296542026232075,11.440288014596023,2.16,Strong El Nino,El Nino,JAS 2026,True
coronados,2026-10-15,3.8713911999999997,3.0839895999999998,13.3,11.9,221,74.57,12.6,13.8,338,1016.1,8,71.96,0.0,0.7000000000000455,288,10,,74.57,Open-Meteo marine model,68.69378072289157,2.061442422245211,66.3089,68.4194,71.3552,166,12,9410170,5.453,0.955,4.498,4.0,0.5564536082474226,15.5,1.0,,70.3214828000884,2.8823340105262467,67.02741666666667,69.60645833333334,75.18695833333334,12,,5.876219277108419,99.78177309887892,1.4993999999999943,46232,3.8890902655819355,5.216809003333334,,,68.1772469680262,20.0,21.0,-0.01769906558193579,,,,,,,0.21732990055544216,Waxing Crescent,4.275371999906557,6.868911693740774,18.276647480843017,11.407735787102244,2.16,Strong El Nino,El Nino,JAS 2026,True
cortez_tanner,2026-09-25,5.577427999999999,4.5275592,10.95,8.3,267,71.6,12.2,12.8,300,1012.8,79,68.0,0.0,,268,9,,71.6,Open-Meteo marine model,67.57991578947369,1.6954619105950561,65.7752,67.3664,69.6416,171,12,9410170,,,,,,,,,71.93250651882073,2.6035056252826045,68.91866666666667,71.65208333333334,76.43958333333333,12,,4.020084210526306,99.11320228066882,,46086,6.297128363904497,6.084044376666667,8.248494397217806,11.860447751111112,69.0162411995892,23.0,24.0,-0.7197003639044972,3.951505602782193,,,,,0.7673653846153741,0.9834832009922474,Full,13.805959999906424,6.63713483955379,18.70708497850868,12.069950138954889,2.16,Strong El Nino,El Nino,JAS 2026,False
cortez_tanner,2026-09-26,6.3648296,4.9868768,10.55,8.25,269,72.14,9.0,8.9,307,1011.3,59,68.9,0.0,-1.5,269,9,,72.14,Open-Meteo marine model,67.53983837209302,1.6842958949296487,65.74118,67.2872,69.57752,172,12,9410170,,,,,,,,76.51458333333333,71.87977719935319,2.6230414373903637,68.88370833333333,71.53539313110181,76.319875,12,4.634806133980149,4.600161627906985,99.68448638922638,,46086,6.338323891476309,6.133462029166668,8.289850140444464,11.905210066666669,68.96365055277087,23.0,24.0,0.026505708523691496,0.7101498595555356,,,,,,0.9995517538836435,Full,14.805959999906262,6.647843099590363,18.68442612692088,12.036583027330517,2.16,Strong El Nino,El Nino,JAS 2026,False
cortez_tanner,2026-09-27,6.3648296,4.92126,10.15,7.15,269,71.78,14.5,15.0,317,1011.0,50,68.72,0.0,-0.2999999999999545,270,9,70.2878,70.2878,MUR 1km satellite,67.5234161849711,1.6762355594901672,65.687,67.3664,69.53324,173,12,9410170,,,,,,,,76.38958333333333,71.83047040608862,2.6428907238715524,68.83908333333333,71.4887029288703,76.30991666666667,12,4.559112927244712,2.764383815028907,95.04427641423041,,46086,6.38417085373636,6.234963016666666,8.336012815761535,12.096084355555554,68.91029508776904,23.0,24.0,-0.019341253736359754,6.163987184238465,,,,,,0.9921059368700724,Full,15.8059599999061,6.658619958633704,18.66183429438085,12.003214335747145,2.16,Strong El Nino,El Nino,JAS 2026,False
cortez_tanner,2026-09-28,9.3175856,4.4619424,9.45,11.35,277,71.24000000000001,21.9,25.9,319,1009.5,39,67.28,0.0,-1.5,271,9,69.53540000000001,69.53540000000001,MUR 1km satellite,67.50917931034483,1.6668476177626854,65.67314,67.388,69.53216,174,12,9410170,,,,,,,,76.28999999999999,71.78330680028971,2.655239408351488,68.78404166666667,71.48146257554626,76.29995833333332,12,4.506693199710284,2.026220689655176,88.79314158615907,,46086,6.401278656021615,6.419510266666666,8.281222626675872,12.150619866666672,68.85413145355353,23.0,24.0,2.916306943978384,13.618777373324127,,,,,,0.9600738604541995,Waning Gibbous,16.80595999990594,6.669469982073405,18.63931839472139,11.969848412647984,2.16,Strong El Nino,El Nino,JAS 2026,False
cortez_tanner,2026-09-29,9.2519688,6.9553808,10.4,8.95,294,70.52,19.0,23.7,315,1006.3,48,69.25999999999999,0.0,-3.2000000000000455,272,9,69.4022,69.4022,MUR 1km satellite,67.50683085714286,1.6571271180115485,65.62508,67.42580000000001,69.73196,175,12,9410170,,,,,,,,76.0525,71.73828755063322,2.6750155071681267,68.71291666666666,71.47422222222222,76.28999999999999,12,4.314212449366778,1.8953691428571346,87.36400896614778,,46086,6.378626937269315,6.498797233333334,8.155601073676774,12.08501526666667,68.7958231280967,23.0,24.0,2.873341862730685,10.844398926323226,,,,,,0.9040301216596538,Waning Gibbous,17.805959999905777,6.680397645499175,18.616887318961666,11.936489673462491,2.16,Strong El Nino,El Nino,JAS 2026,False
cortez_tanner,2026-09-30,8.0708664,6.7585304,10.35,8.15,294,70.34,11.7,13.0,298,1008.6,86,69.08,0.0,2.300000000000068,273,9,69.0854,69.0854,MUR 1km satellite,67.50447840909091,1.6719002327000847,65.5223,67.5302,69.8423,176,12,9410170,,,,,,,,76.06125,71.70626504018954,2.706030615190328,68.66154166666666,71.45440277777777,76.28599999999999,12,4.354984959810466,1.5809215909090995,82.78195167565752,,46086,6.346900880084951,6.621145225,8.059674463027426,11.813633604444446,68.7349922533555,23.0,24.0,1.7239655199150485,3.6403255369725738,,,,,,0.8263179887803223,Waning Gibbous,18.805959999905618,6.69140732205577,18.594549932246405,11.903142610190635,2.16,Strong El Nino,El Nino,JAS 2026,False
cortez_tanner,2026-10-01,6.4304464,5.905512,10.5,8.2,290,70.43,13.3,13.8,316,1010.6,84,68.0,0.0,2.0,274,10,68.7506,68.7506,MUR 1km satellite,67.49846101694916,1.6829635376273162,65.44976,67.523,69.83816,177,12,9410170,,,,,,,,76.16291666666666,71.68144478345954,2.740713934592362,68.60149999999999,71.43458333333334,76.282,12,4.481471883207121,1.2521389830508411,77.15642987129775,,46086,6.300218281989679,6.6190947,8.070706392295543,11.8015386,68.66805656494971,23.0,24.0,0.1302281180103213,5.229293607704458,,,,,,0.7309239695760712,Waning Gibbous,19.805959999907135,6.702503269882353,18.572315070833767,11.869811800951414,2.16,Strong El Nino,El Nino,JAS 2026,False
cortez_tanner,2026-10-02,5.5118111999999995,4.6587928,10.25,7.85,283,70.43,13.9,16.3,323,1010.5,52,69.44,0.0,-0.10000000000002274,275,10,68.8064,68.8064,MUR 1km satellite,67.46739322033899,1.6825716303674596,65.44976,67.523,69.77192,177,12,9410170,,,,,,,,76.0525,71.66377061690405,2.7764735119847,68.60829166666666,71.40791666666667,76.27799999999999,12,4.388729383095949,1.3390067796610055,78.69286658289991,-2.793599999999998,46086,6.317635546013655,6.637412723333333,8.06392008774824,11.860447751111112,68.60013491639899,23.0,24.0,-0.8058243460136554,5.83607991225176,,,,,,0.6231352998941142,Waning Gibbous,20.805959999906975,6.713689619650809,18.5501915391357,11.83650191948489,2.16,Strong El Nino,El Nino,JAS 2026,False
cortez_tanner,2026-10-03,4.9868768,3.8057744,10.3,6.5,258,70.88,10.6,14.2,322,1008.9,10,69.98,0.0,-1.6000000000000227,276,10,68.7704,68.7704,MUR 1km satellite,67.4506033898305,1.6793220955701922,65.44976,67.42580000000001,69.77192,177,12,9410170,5.447,0.261,5.186,4.0,0.6363190184049079,19.233333333333334,6.0,76.13000000000001,71.62430356861684,2.7918475400399463,68.58324999999999,71.36104166666667,76.223875,12,4.505696431383171,1.3197966101694902,78.40399937249948,-3.3696000000000055,46086,6.29877588188094,6.639189845000001,8.018175471574878,11.919518888888886,68.5334096637452,23.0,24.0,-1.3118990818809397,2.5818245284251216,,,,,,0.5090574688798968,Last Quarter,21.805959999906815,6.724970362217739,18.52818810681433,11.80321774459659,2.16,Strong El Nino,El Nino,JAS 2026,False
cortez_tanner,2026-10-04,4.593176,2.952756,11.2,10.2,215,71.6,8.5,10.1,268,1010.6,40,69.8,0.0,1.7000000000000455,277,10,69.2708,69.2708,MUR 1km satellite,67.43110847457626,1.6934302156980479,65.3756,67.42580000000001,69.77192,177,12,9410170,5.52,3.301,2.2189999999999994,3.0,0.5252391799544419,2.966666666666667,6.0,76.59625,71.5534197774578,2.7904177178879013,68.52291666666667,71.31750000000001,76.11625000000001,12,5.042830222542193,1.8396915254237314,86.13423019572824,-1.0170000000000101,46086,6.276009171484925,6.687855638333334,8.014100187881063,11.919518888888886,68.47912473341484,23.0,24.0,-1.6828331714849254,0.4858998121189373,,,,,,0.3950846566449676,Last Quarter,22.80595999990665,6.736349336405107,18.50631350593751,11.769964169532402,2.16,Strong El Nino,El Nino,JAS 2026,False
cortez_tanner,2026-10-05,5.0524936,3.9370079999999996,11.0,10.2,200,71.42,12.1,17.5,319,1011.5,22,70.16,0.0,0.8999999999999773,278,10,70.2554,70.2554,MUR 1km satellite,67.36976477272727,1.7085320965446846,65.30269999999999,67.4177,69.71809999999999,176,12,9410170,5.757,0.003,5.754,4.0,0.7372383073496659,20.55,7.0,76.76458333333333,71.47952203808107,2.7791921773027535,68.421,71.12312499999999,76.0525,12,5.285061295252262,2.8856352272727293,95.438605155415,0.7199999999999847,46086,6.2606946057733115,6.826744531666666,7.9855139998139695,11.919518888888886,68.42240241389045,23.0,24.0,-1.2082010057733115,4.11448600018603,,,,,,0.2874014624345155,Last Quarter,23.80595999990649,6.747830216924667,18.484576428196153,11.736746211271486,2.16,Strong El Nino,El Nino,JAS 2026,False
cortez_tanner,2026-10-06,5.8398952,4.6587928,10.65,10.15,199,71.24000000000001,9.8,18.9,259,1011.1,25,69.62,0.0,-0.39999999999997726,279,10,70.3994,70.3994,MUR 1km satellite,67.3154137142857,1.7294120008767009,65.23519999999999,67.3034,69.72224,175,12,9410170,5.936,-0.135,6.071,4.0,0.8397149643705463,21.533333333333335,7.0,76.95333333333333,71.39228890252052,2.775482170612591,68.27875,70.82333333333332,75.93666666666667,12,5.561044430812814,3.083986285714303,96.272777197518,0.9972000000000065,46086,6.2524252456014855,6.938320432000001,7.99768597664612,11.865523333333332,68.3650077159196,23.0,24.0,-0.41253004560148554,1.8023140233538806,,,,,,0.19156317691553915,Waning Crescent,24.80595999990633,6.759416502461724,18.462985522185484,11.70356901972376,2.16,Strong El Nino,El Nino,JAS 2026,False
cortez_tanner,2026-10-07,6.4304464,5.1837272,10.75,10.0,196,71.69,11.8,15.2,315,1011.1,45,69.44,0.0,0.0,280,10,69.6794,69.6794,MUR 1km satellite,67.25714827586206,1.7401469679053851,65.23519999999999,67.2431,69.72638,174,12,9410170,5.964,-0.112,6.0760000000000005,4.0,0.902686567164179,22.333333333333332,8.0,76.87875000000001,71.28946899224427,2.7960792861179775,68.16754166666666,70.26,75.78516666666668,12,5.589281007755744,2.4222517241379364,91.80359422776188,0.5939999999999941,46086,6.260122653529265,6.682934378333333,7.976040042328563,11.8136876,68.29387523659746,23.0,24.0,0.17032374647073478,3.8239599576714376,,,,,,0.11217175383480282,Waning Crescent,25.805959999906168,6.771111503933902,18.441549390751767,11.670437886817865,2.16,Strong El Nino,El Nino,JAS 2026,False
cortez_tanner,2026-10-08,6.4304464,4.7900263999999995,12.35,11.5,217,71.42,12.7,14.0,303,1010.5,67,69.08,0.0,-0.6000000000000227,281,10,69.6974,69.6974,MUR 1km satellite,67.21685433526012,1.755500123017437,65.24059999999999,67.1216,69.73052,173,12,9410170,5.962,0.066,5.896,4.0,0.94336,5.333333333333333,8.0,76.81958333333334,71.18818163728119,2.8135172998218487,68.14158333333333,70.09875000000001,75.70633333333333,12,5.631401696052151,2.4805456647398785,92.11741470535468,0.9467999999999961,46086,6.241818168077405,6.703808128478264,7.885093242523977,11.8136876,68.22739948243456,23.0,24.0,0.18862823192259537,4.814906757476022,,,,,,0.052647815303152434,Waning Crescent,26.80595999990601,6.78291833294106,18.42027658840558,11.637358255464521,2.16,Strong El Nino,El Nino,JAS 2026,False
cortez_tanner,2026-10-09,6.6929136,4.593176,12.55,11.3,242,71.24,14.1,15.0,304,1008.9,87,67.64,0.0,-1.6000000000000227,282,10,,71.24,Open-Meteo marine model,67.17283720930232,1.7877398298388292,65.2298,67.0541,69.73466,172,12,9410170,6.269,0.254,6.015000000000001,4.0,0.9522427440633247,12.066666666666666,8.0,76.65343511450382,71.07940287605524,2.8247536842497154,68.09955718270572,69.99979166666667,75.60624999999999,12,5.574032238448581,4.0671627906976795,98.85479524212795,2.4335999999999984,46086,6.214088296527166,6.9225724,7.8620472366150125,11.807208133333333,68.16434069979688,23.0,24.0,0.47882530347283403,6.237952763384987,,,,,,0.015097468607471298,Waning Crescent,27.80595999990585,6.7948398904227325,18.399175618801852,11.60433572837912,2.16,Strong El Nino,El Nino,JAS 2026,False
cortez_tanner,2026-10-10,7.6771655999999995,4.7244095999999995,11.75,9.3,269,70.61,21.3,25.7,321,1005.4,100,68.36,0.0,-3.5,283,10,,70.61,Open-Meteo marine model,67.12292631578947,1.8080710476533353,65.1614,66.93440000000001,69.7388,171,12,9410170,6.444,0.021,6.423,4.0,0.9881538461538462,12.6,9.0,,70.9629791970658,2.8388779647487383,68.03675,69.84621848739496,75.49875,12,,3.4870736842105288,97.31106877062159,1.8396000000000043,46086,6.212332452521883,6.954068464,7.852957830157148,11.975674266666667,68.10512639362138,23.0,24.0,1.4648331474781164,13.447042169842852,,,,,,0.0002792167927752054,New,28.805959999905685,6.8068788555399085,18.37825493228639,11.57137607674648,2.16,Strong El Nino,El Nino,JAS 2026,True
cortez_tanner,2026-10-11,15.485564799999999,10.3674544,10.35,13.7,288,69.8,22.9,21.0,282,1005.4,85,68.0,2.42,0.0,284,10,,69.8,Open-Meteo marine model,67.07779647058823,1.820103334796292,65.10812,66.8147,69.74708,170,12,9410170,6.476,-0.04,6.516,4.0,0.9725373134328358,13.133333333333333,9.0,,70.83563142018778,2.8583192208018344,67.66616824894516,69.76041666666666,75.38916666666667,12,,2.7222035294117717,93.2625119934977,0.529200000000003,46086,6.206694395036514,6.967847992,7.838091265119698,11.742413466666665,68.04492492487412,23.0,24.0,9.278870404963484,15.061908734880301,,,,,,0.007679795233243747,New,0.2753719999055233,6.819037674798313,18.35752292350784,11.538485248709527,2.16,Strong El Nino,El Nino,JAS 2026,True
cortez_tanner,2026-10-12,9.84252,8.530184,11.8,8.25,286,68.72,13.6,14.4,226,1011.7,61,64.75999999999999,0.7,6.300000000000068,285,10,,68.72,Open-Meteo marine model,67.03434792899408,1.8187927804521473,65.0966,66.7238,69.75536,169,12,9410170,6.368,0.058,6.3100000000000005,4.0,0.912289156626506,13.65,10.0,,70.70588702704215,2.8717272367532862,67.57266666666668,69.68702928870293,75.27141666666667,12,,1.6856520710059186,82.29840825886379,-1.5353999999999957,46086,6.223820685585715,6.938320432000001,7.866704657358191,11.698184063768114,67.98381473676429,23.0,24.0,3.618699314414285,5.733295342641808,,,,,,0.035700175796790634,New,1.275371999907041,6.831318551430732,18.336987929093223,11.50566937766249,2.16,Strong El Nino,El Nino,JAS 2026,True
cortez_tanner,2026-10-13,7.545932,5.905512,12.15,12.4,276,68.18,15.2,16.3,296,1014.3,17,67.28,0.0,2.599999999999909,286,10,,68.18,Open-Meteo marine model,66.98079285714286,1.8170709350991798,65.06294,66.6662,69.70982000000001,168,12,9410170,6.144,0.29,5.854,3.0,0.8149419953596287,14.2,10.0,,70.57301584729316,2.88858041862173,67.50512179487178,69.62729166666666,75.28533333333334,12,,1.1992071428571478,74.53625477471697,-2.219399999999993,46086,6.289459970247302,7.057223541666669,7.887790472777694,11.698184063768114,67.92297778187178,23.0,24.0,1.2564720297526977,7.312209527222305,,,,,,0.0819335649033684,Waxing Crescent,2.2753719999068798,6.8437234350564395,18.316658225384394,11.472934790327955,2.16,Strong El Nino,El Nino,JAS 2026,True
cortez_tanner,2026-10-14,6.299212799999999,3.8057744,12.25,12.75,271,67.91,15.7,16.7,313,1015.9,0,67.28,0.0,1.6000000000000227,287,10,,67.91,Open-Meteo marine model,66.91315568862275,1.8120138810874462,64.90328,66.6104,69.6866,167,12,9410170,5.83,0.614,5.216,4.0,0.6893392070484582,14.8,0.0,,70.44709010148682,2.893769485030964,67.34433333333334,69.62458333333332,75.29925,12,,0.9968443113772452,70.88851053251534,-1.7694000000000045,46086,6.308044675044062,7.233431989999999,7.910040852868081,11.698184063768114,67.86442108548766,23.0,24.0,-0.008831875044062798,7.789959147131919,,,,,,0.1434931801229401,Waxing Crescent,3.2753719999067186,6.856254011636052,18.296542026232075,11.440288014596023,2.16,Strong El Nino,El Nino,JAS 2026,True
cortez_tanner,2026-10-15,5.249344000000001,3.4120736000000003,12.25,12.0,267,68.18,13.6,14.2,316,1016.8,1,69.98,0.0,0.8999999999999773,288,10,,68.18,Open-Meteo marine model,66.83408795180723,1.7853237147022398,64.7555,66.5978,69.0998,166,12,9410170,5.453,0.955,4.498,4.0,0.5564536082474226,15.5,1.0,,70.3214828000884,2.8823340105262467,67.02741666666667,69.60645833333334,75.18695833333334,12,,1.3459120481927727,77.45380487507273,-1.517399999999995,46086,6.331554574436887,7.277860031666666,7.891913400502479,11.975674266666667,67.79967640169814,23.0,24.0,-1.0822105744368864,5.708086599497521,,,,,,0.21732990055544216,Waxing Crescent,4.275371999906557,6.868911693740774,18.276647480843017,11.407735787102244,2.16,Strong El Nino,El Nino,JAS 2026,True
la_jolla,2026-09-25,3.28084,2.952756,11.65,10.95,228,74.39,8.5,10.1,319,1012.4,64,75.92,0.0,,268,9,,74.39,Open-Meteo marine model,70.45392631578947,1.950576031347692,68.3168,70.0592,72.761,171,12,9410230,,,,,,,,,67.53744981482198,3.552503194352621,61.93145833333333,68.18375,71.561375,12,,3.936073684210527,97.81993299718219,,46225,3.137408909340462,3.981641094166667,,,70.04255540647316,23.0,23.0,0.14343109065953819,,,,,,0.7673653846153741,0.9834832009922474,Full,13.805959999906424,6.63713483955379,18.70708497850868,12.069950138954889,2.16,Strong El Nino,El Nino,JAS 2026,False
la_jolla,2026-09-26,3.8713911999999997,3.4120736000000003,11.95,11.05,221,74.3,7.9,8.6,286,1011.4,48,80.78,0.0,-1.0,269,9,,74.3,Open-Meteo marine model,70.38087674418604,1.921361573789219,68.29412,69.9656,72.74893999999999,172,12,9410230,,,,,,,,71.66208333333334,67.37083228429304,3.5227018371919656,61.795333333333325,68.03166666666667,71.16366666666667,12,4.291251049040298,3.9191232558139575,97.93130577981621,,46225,3.130268939865714,3.981641094166667,,,69.99814858829133,23.0,23.0,0.7411222601342855,,,,,,,0.9995517538836435,Full,14.805959999906262,6.647843099590363,18.68442612692088,12.036583027330517,2.16,Strong El Nino,El Nino,JAS 2026,False
la_jolla,2026-09-27,4.1994752,3.8057744,11.95,10.8,214,74.21,6.2,9.9,247,1011.1,99,81.32,0.0,-0.2999999999999545,270,9,73.10300000000001,73.10300000000001,MUR 1km satellite,70.31196994219653,1.8837226868495647,68.32184,69.8144,72.63068,173,12,9410230,,,,,,,,72.4125,67.26772942949924,3.4976893938167923,61.743,67.76375,71.19329166666667,12,5.144770570500754,2.791030057803482,93.07841481075837,,46225,3.1534939946988283,4.120598338333333,,,69.92186252109765,23.0,23.0,1.045981205301172,,,,,,,0.9921059368700724,Full,15.8059599999061,6.658619958633704,18.66183429438085,12.003214335747145,2.16,Strong El Nino,El Nino,JAS 2026,False
la_jolla,2026-09-28,4.6587928,3.2152232,11.6,10.8,219,74.12,8.9,9.3,277,1008.8,38,77.72,0.0,-2.300000000000068,271,9,72.788,72.788,MUR 1km satellite,70.24612068965517,1.8626336901012237,68.32436,69.78290000000001,72.62582,174,12,9410230,,,,,,,,72.825,67.15250378903353,3.438491252706142,61.87858333333333,67.55875,71.19258333333333,12,5.672496210966472,2.541879310344825,91.38215185854858,,46225,3.178437906390747,4.163044205833333,,,69.8313170665522,23.0,23.0,1.4803548936092525,,,,,,,0.9600738604541995,Waning Gibbous,16.80595999990594,6.669469982073405,18.63931839472139,11.969848412647984,2.16,Strong El Nino,El Nino,JAS 2026,False
la_jolla,2026-09-29,5.1837272,4.0026247999999995,10.55,8.35,250,73.85,8.7,13.6,205,1006.2,8,75.92,0.0,-2.599999999999909,272,9,72.59179999999999,72.59179999999999,MUR 1km satellite,70.17816457142857,1.8411624001687295,68.28188,69.7244,72.62096,175,12,9410230,,,,,,,,70.50083333333333,67.08516214119955,3.328046486557474,62.350624999999994,67.37729166666668,71.19187500000001,12,3.415671192133786,2.4136354285714248,90.50593298929289,,46225,3.2044576779527962,4.201799128333334,,,69.75216771590284,23.0,23.0,1.9792695220472036,,,,,,,0.9040301216596538,Waning Gibbous,17.805959999905777,6.680397645499175,18.616887318961666,11.936489673462491,2.16,Strong El Nino,El Nino,JAS 2026,False
la_jolla,2026-09-30,3.7401576,2.6246720000000003,11.0,12.5,249,73.58,9.5,13.2,190,1008.9,47,76.46,0.0,2.699999999999932,273,9,72.2858,72.2858,MUR 1km satellite,70.11773068181819,1.8324282296673504,68.2826,69.68209999999999,72.61609999999999,176,12,9410230,,,,,,,,71.78375,67.03943986180849,3.279473259690366,62.50783333333333,67.06916666666667,71.24308333333333,12,4.7443101381915085,2.168069318181807,88.16285920963338,,46225,3.2115755793347986,4.227909146666667,,,69.68121833573757,23.0,23.0,0.5285820206652012,,,,,,,0.8263179887803223,Waning Gibbous,18.805959999905618,6.69140732205577,18.594549932246405,11.903142610190635,2.16,Strong El Nino,El Nino,JAS 2026,False
la_jolla,2026-10-01,3.2152232,2.296588,11.4,11.95,243,73.31,9.1,10.3,329,1010.3,76,74.12,0.0,1.3999999999999773,274,10,72.2876,72.2876,MUR 1km satellite,70.06777288135594,1.8375247847892957,68.25739999999999,69.5858,72.61124,177,12,9410230,,,,,,,,71.95833333333333,67.00323029692365,3.233525976217588,62.51316666666666,66.80729166666666,71.23116666666667,12,4.955103036409682,2.219827118644062,88.64865397071652,,46225,3.2084881929055054,4.241921067500002,,,69.59378879028301,23.0,23.0,0.006735007094494705,,,,,,,0.7309239695760712,Waning Gibbous,19.805959999907135,6.702503269882353,18.572315070833767,11.869811800951414,2.16,Strong El Nino,El Nino,JAS 2026,False
la_jolla,2026-10-02,3.0839895999999998,2.296588,11.2,11.45,242,72.86,9.3,14.2,339,1009.8,31,85.46000000000001,0.0,-0.5,275,10,72.6404,72.6404,MUR 1km satellite,69.9910033898305,1.8386722151490658,68.15263999999999,69.50659999999999,72.61124,177,12,9410230,,,,,,,,71.36,66.99532119005858,3.2144664056582246,62.3083179916318,66.68041666666666,71.32082697201018,12,4.364678809941424,2.6493966101695037,92.51976668372248,-1.749600000000001,46225,3.2256227430686755,4.287100968333333,,,69.5068132658075,23.0,23.0,-0.1416331430686757,,,,,,,0.6231352998941142,Waning Gibbous,20.805959999906975,6.713689619650809,18.5501915391357,11.83650191948489,2.16,Strong El Nino,El Nino,JAS 2026,False
la_jolla,2026-10-03,2.8871392,2.1653544,11.65,12.2,235,73.4,7.9,12.6,129,1008.9,0,102.91999999999999,0.0,-0.8999999999999773,276,10,73.35679999999999,73.35679999999999,MUR 1km satellite,69.89949830508475,1.8406957002620021,68.0666,69.4454,72.61124,177,12,9410230,5.168,0.107,5.061,4.0,0.6171951219512195,19.133333333333333,6.0,70.52083333333333,66.97251710257426,3.203239286808287,62.27035529986053,66.63916666666667,71.21925,12,3.5483162307590703,3.4573016949152446,96.98270704562883,-0.9432000000000045,46225,3.230829607582576,4.28067599,,,69.40173337352701,23.0,23.0,-0.3436904075825762,,,,,,,0.5090574688798968,Last Quarter,21.805959999906815,6.724970362217739,18.52818810681433,11.80321774459659,2.16,Strong El Nino,El Nino,JAS 2026,False
la_jolla,2026-10-04,2.4934384,2.1653544,12.65,12.15,219,73.75999999999999,14.6,19.6,31,1010.7,0,101.48,0.0,1.8000000000000682,277,10,73.6988,73.6988,MUR 1km satellite,69.81794915254238,1.8592375092518274,68.01187999999999,69.4058,72.61124,177,12,9410230,5.187,3.124,2.063,3.0,0.4997757847533632,2.95,6.0,71.19541666666667,66.9395141353642,3.1738834353035603,62.2647379707113,66.61199503454647,71.19045833333334,12,4.255902531302468,3.880850847457623,98.15710519604399,0.595799999999997,46225,3.2372799865626134,4.275618028333334,,,69.30815516800273,23.0,23.0,-0.7438415865626133,,,,,,,0.3950846566449676,Last Quarter,22.80595999990665,6.736349336405107,18.50631350593751,11.769964169532402,2.16,Strong El Nino,El Nino,JAS 2026,False
la_jolla,2026-10-05,3.0183728000000003,2.296588,12.55,11.85,214,74.03,10.3,19.2,4,1011.5,0,97.52,0.0,0.7999999999999545,278,10,74.0444,74.0444,MUR 1km satellite,69.71671931818182,1.8690177564154131,67.9829,69.3347,72.5567,176,12,9410230,5.354,-0.092,5.446,4.0,0.699205298013245,20.45,7.0,71.31458333333333,66.88695701896661,3.123452146093902,62.25912064156207,66.60083333333334,71.05866666666667,12,4.427626314366719,4.32768068181818,98.97067699832914,1.2563999999999993,46225,3.252646473280624,4.349300226666667,,,69.1951050667504,23.0,23.0,-0.23427367328062365,,,,,,,0.2874014624345155,Last Quarter,23.80595999990649,6.747830216924667,18.484576428196153,11.736746211271486,2.16,Strong El Nino,El Nino,JAS 2026,False
la_jolla,2026-10-06,3.4120736000000003,2.8871392,11.7,10.75,213,74.3,7.6,15.4,344,1010.1,0,91.58000000000001,0.0,-1.3999999999999773,279,10,74.3144,74.3144,MUR 1km satellite,69.58684914285715,1.9111675555500602,67.79984,69.1664,72.518,175,12,9410230,5.478,-0.179,5.657,4.0,0.7866824644549764,21.466666666666665,7.0,71.54875,66.78572730453394,3.1013168560254822,62.25350331241283,66.518125,71.04958333333333,12,4.763022695466063,4.727550857142859,99.33128817701117,1.7226000000000141,46225,3.258751310286331,4.3563403625,,,69.08201539837687,23.0,23.0,0.15332228971366924,,,,,,,0.19156317691553915,Waning Crescent,24.80595999990633,6.759416502461724,18.462985522185484,11.70356901972376,2.16,Strong El Nino,El Nino,JAS 2026,False
la_jolla,2026-10-07,4.0682416,3.4120736000000003,11.8,10.7,202,74.66,8.0,15.0,323,1010.5,11,85.28,0.0,0.39999999999997726,280,10,73.913,73.913,MUR 1km satellite,69.45526896551725,1.953438203434711,67.54388,68.9774,72.44510000000001,174,12,9410230,5.469,-0.12,5.589,4.0,0.8376059850374065,22.266666666666666,8.0,72.2925,66.66937354112581,3.1129828947971974,62.29495397489541,66.34077253218884,71.05033333333333,12,5.6231264588741965,4.457731034482748,98.87551040156465,1.627200000000002,46225,3.247030231670408,4.327974766666668,,,68.9777910006364,23.0,23.0,0.8212113683295925,,,,,,,0.11217175383480282,Waning Crescent,25.805959999906168,6.771111503933902,18.441549390751767,11.670437886817865,2.16,Strong El Nino,El Nino,JAS 2026,False
la_jolla,2026-10-08,4.1338584,3.0183728000000003,13.1,9.2,206,74.57,7.9,14.8,307,1009.9,19,79.16,0.0,-0.6000000000000227,281,10,73.634,73.634,MUR 1km satellite,69.33485086705203,1.9924119406183125,67.41356,68.9054,72.4676,173,12,9410230,5.433,0.077,5.356,4.0,0.8479155672823219,5.3,8.0,71.72887029288704,66.55145095782942,3.0964615091118235,62.31700000000001,66.285,71.05108333333332,12,5.177419335057621,4.299149132947974,98.45267975967135,1.3464000000000027,46225,3.234736226670419,4.332759325,,,68.86714529384824,23.0,23.0,0.8991221733295811,,,,,,,0.052647815303152434,Waning Crescent,26.80595999990601,6.78291833294106,18.42027658840558,11.637358255464521,2.16,Strong El Nino,El Nino,JAS 2026,False
la_jolla,2026-10-09,4.3307088,3.3464568,13.0,15.1,210,74.12,8.3,10.1,317,1008.1,60,75.56,0.0,-1.7999999999999545,282,10,,74.12,Open-Meteo marine model,69.23951976744186,2.0399785653798674,67.11241999999999,68.8163,72.46904,172,12,9410230,5.722,0.25,5.472,4.0,0.8685714285714287,12.033333333333333,8.0,71.34580152671755,66.47189951811046,3.104960072865892,62.3457496229261,66.27083333333333,71.05183333333333,12,4.873902008607089,4.880480232558142,99.16311026250146,1.479600000000005,46225,3.22855265939833,4.351487453333333,,,68.74105673438648,23.0,23.0,1.1021561406016702,,,,,,,0.015097468607471298,Waning Crescent,27.80595999990585,6.7948398904227325,18.399175618801852,11.60433572837912,2.16,Strong El Nino,El Nino,JAS 2026,False
la_jolla,2026-10-10,4.0682416,3.2152232,12.8,14.15,217,73.49,15.6,20.6,275,1004.5,100,73.4,3.6,-3.6000000000000227,283,10,,73.49,Open-Meteo marine model,69.14912631578949,2.1030295030678943,66.8966,68.702,72.077,171,12,9410230,5.905,0.014,5.891,4.0,0.9039897698209719,12.55,9.0,,66.39548749008317,3.0862945508100776,62.44845663650076,66.12229166666667,71.02820833333334,12,,4.340873684210507,98.04961183595591,0.1332000000000022,46225,3.235906745322962,4.374248280833334,,,68.59236824598395,23.0,23.0,0.8323348546770384,,,,,,,0.0002792167927752054,New,28.805959999905685,6.8068788555399085,18.37825493228639,11.57137607674648,2.16,Strong El Nino,El Nino,JAS 2026,True
la_jolla,2026-10-11,15.419948,9.3175856,11.3,12.15,219,73.22,20.6,26.8,248,1004.3,100,69.98,29.73,-0.20000000000004547,284,10,,73.22,Open-Meteo marine model,69.02775764705882,2.156198058899398,65.90966,68.6165,72.01219999999999,170,12,9410230,5.964,-0.064,6.0280000000000005,4.0,0.8952475247524753,13.083333333333334,9.0,,66.37375735103791,3.058841261945629,62.505833333333335,66.0,71.05333333333333,12,,4.192242352941179,97.4068861532634,-0.4788000000000068,46225,3.23983878029848,4.399059633333333,,,68.43364332406544,23.0,23.0,12.18010921970152,,,,,,,0.007679795233243747,New,0.2753719999055233,6.819037674798313,18.35752292350784,11.538485248709527,2.16,Strong El Nino,El Nino,JAS 2026,True
la_jolla,2026-10-12,6.56168,3.5433072,12.2,12.55,232,72.59,8.1,11.3,228,1012.1,80,67.1,1.6,7.800000000000068,285,10,,72.59,Open-Meteo marine model,68.89276804733728,2.196287435580151,65.85332,68.5166,71.86676,169,12,9410230,5.897,0.005,5.892,4.0,0.8457416267942585,13.616666666666667,10.0,,66.30313260316049,3.0344933070544653,62.55945833333334,65.91692325236629,71.05466666666666,12,,3.697231952662719,95.38512325121673,-1.4543999999999926,46225,3.2358979565650374,4.400016545,,,68.30337345945317,23.0,23.0,3.3257820434349625,,,,,,,0.035700175796790634,New,1.275371999907041,6.831318551430732,18.336987929093223,11.50566937766249,2.16,Strong El Nino,El Nino,JAS 2026,True
la_jolla,2026-10-13,4.1338584,3.4120736000000003,13.15,12.7,222,72.32,10.4,10.5,270,1013.8,18,70.34,3.7,1.6999999999999318,286,10,,72.32,Open-Meteo marine model,68.74878928571427,2.2139345615890025,65.83261999999999,68.4383,71.74364,168,12,9410230,5.718,0.199,5.519,3.0,0.7629953917050691,14.166666666666666,10.0,,66.23305728780932,3.0385988331211897,62.49308295625943,65.69250000000001,71.056,12,,3.5712107142857263,94.66343336653034,-1.994400000000013,46225,3.2307744934014244,4.400973456666666,,,68.1937025726062,23.0,23.0,0.9030839065985758,,,,,,,0.0819335649033684,Waxing Crescent,2.2753719999068798,6.8437234350564395,18.316658225384394,11.472934790327955,2.16,Strong El Nino,El Nino,JAS 2026,True
la_jolla,2026-10-14,3.6745408000000004,3.1496063999999997,12.8,12.45,219,72.23,7.1,8.2,284,1015.3,7,75.38,0.0,1.5,287,10,,72.23,Open-Meteo marine model,68.6201377245509,2.223573473217649,65.78492,68.387,71.75912,167,12,9410230,5.447,0.476,4.971,4.0,0.6526477024070022,14.783333333333333,0.0,,66.1410098220844,3.0522759257765246,62.405957013574664,65.65041666666667,71.05733333333333,12,,3.609862275449103,94.77534704366322,-1.6829999999999927,46225,3.233636397159956,4.401930368333333,,,68.09714752874099,23.0,23.0,0.4409044028400442,,,,,,,0.1434931801229401,Waxing Crescent,3.2753719999067186,6.856254011636052,18.296542026232075,11.440288014596023,2.16,Strong El Nino,El Nino,JAS 2026,True
la_jolla,2026-10-15,3.2152232,2.8871392,13.5,12.0,213,72.14,7.7,11.5,326,1016.0,13,81.86,0.0,0.7000000000000455,288,10,,72.14,Open-Meteo marine model,68.50323012048193,2.2234875856845515,65.7761,68.3618,71.636,166,12,9410230,5.108,0.766,4.342,4.0,0.5338524590163934,15.55,1.0,,66.09372191081435,3.0441926010689233,62.41608220211161,65.55666666666667,71.04883333333333,12,,3.63676987951807,94.9039916414015,-1.4939999999999998,46225,3.242552060978546,4.419662527380953,,,68.00876707930483,23.0,23.0,-0.027328860978546032,,,,,,,0.21732990055544216,Waxing Crescent,4.275371999906557,6.868911693740774,18.276647480843017,11.407735787102244,2.16,Strong El Nino,El Nino,JAS 2026,True
mission_bay,2026-09-25,3.4776904,3.0839895999999998,11.55,10.85,228,73.94,9.3,10.1,316,1012.4,59,77.0,0.0,,268,9,,73.94,Open-Meteo marine model,70.25215789473684,1.8118405437189493,68.2376,70.1042,72.2462,171,12,9410170,,,,,,,,,71.93250651882073,2.6035056252826045,68.91866666666667,71.65208333333334,76.43958333333333,12,,3.687842105263158,97.90952858931728,,SDBC1,,,,,76.61139285714287,1.0,,,,,,,,0.7673653846153741,0.9834832009922474,Full,13.805959999906424,6.63713483955379,18.70708497850868,12.069950138954889,2.16,Strong El Nino,El Nino,JAS 2026,False
mission_bay,2026-09-26,4.1338584,3.6745408000000004,11.95,11.1,221,73.94,8.4,8.9,302,1011.4,46,80.24000000000001,0.0,-1.0,269,9,,76.51458333333333,NOAA CO-OPS shore thermistor,71.87977719935319,2.6230414373903637,68.88370833333333,71.53539313110181,76.319875,172,12,9410170,,,,,,,,76.51458333333333,71.87977719935319,2.6230414373903637,68.88370833333333,71.53539313110181,76.319875,12,4.634806133980149,4.634806133980149,96.13824352598405,,SDBC1,,,,,76.56598571428573,1.0,,,,,,,,,0.9995517538836435,Full,14.805959999906262,6.647843099590363,18.68442612692088,12.036583027330517,2.16,Strong El Nino,El Nino,JAS 2026,False
mission_bay,2026-09-27,4.4619424,4.0682416,11.95,10.8,214,74.12,3.9,8.0,267,1011.2,97,80.96,0.0,-0.1999999999999318,270,9,72.5216,76.38958333333333,NOAA CO-OPS shore thermistor,71.83047040608862,2.6428907238715524,68.83908333333333,71.4887029288703,76.30991666666667,173,12,9410170,,,,,,,,76.38958333333333,71.83047040608862,2.6428907238715524,68.83908333333333,71.4887029288703,76.30991666666667,12,4.559112927244712,4.559112927244712,95.77405740608656,,SDBC1,,,,,76.54477857142858,1.0,,,,,,,,,0.9921059368700724,Full,15.8059599999061,6.658619958633704,18.66183429438085,12.003214335747145,2.16,Strong El Nino,El Nino,JAS 2026,False
mission_bay,2026-09-28,4.92126,3.3464568,11.65,10.7,219,73.94,8.8,9.3,278,1008.8,41,78.08,0.0,-2.400000000000091,271,9,71.9618,76.28999999999999,NOAA CO-OPS shore thermistor,71.78330680028971,2.655239408351488,68.78404166666667,71.48146257554626,76.29995833333332,174,12,9410170,,,,,,,,76.28999999999999,71.78330680028971,2.655239408351488,68.78404166666667,71.48146257554626,76.29995833333332,12,4.506693199710284,4.506693199710284,95.51784326384364,,SDBC1,,,,,76.52801547619048,1.0,,,,,,,,,0.9600738604541995,Waning Gibbous,16.80595999990594,6.669469982073405,18.63931839472139,11.969848412647984,2.16,Strong El Nino,El Nino,JAS 2026,False
mission_bay,2026-09-29,5.5118111999999995,4.1994752,10.6,9.0,250,73.58,8.4,13.0,244,1006.2,12,76.46,0.0,-2.599999999999909,272,9,71.9708,76.0525,NOAA CO-OPS shore thermistor,71.73828755063322,2.6750155071681267,68.71291666666666,71.47422222222222,76.28999999999999,175,12,9410170,,,,,,,,76.0525,71.73828755063322,2.6750155071681267,68.71291666666666,71.47422222222222,76.28999999999999,12,4.314212449366778,4.314212449366778,94.6603881806216,,SDBC1,,,,,76.51995119047618,1.0,,,,,,,,,0.9040301216596538,Waning Gibbous,17.805959999905777,6.680397645499175,18.616887318961666,11.936489673462491,2.16,Strong El Nino,El Nino,JAS 2026,False
mission_bay,2026-09-30,4.0026247999999995,2.7559055999999997,11.05,12.85,249,73.31,8.4,12.6,198,1009.0,53,77.72,0.0,2.7999999999999545,273,9,71.699,76.06125,NOAA CO-OPS shore thermistor,71.70626504018954,2.706030615190328,68.66154166666666,71.45440277777777,76.28599999999999,176,12,9410170,,,,,,,,76.06125,71.70626504018954,2.706030615190328,68.66154166666666,71.45440277777777,76.28599999999999,12,4.354984959810466,4.354984959810466,94.62314808147244,,SDBC1,,,,,76.50776547619047,1.0,,,,,,,,,0.8263179887803223,Waning Gibbous,18.805959999905618,6.69140732205577,18.594549932246405,11.903142610190635,2.16,Strong El Nino,El Nino,JAS 2026,False
mission_bay,2026-10-01,3.4776904,2.4934384,11.35,11.8,243,72.86,9.2,10.5,323,1010.3,65,75.38,0.0,1.2999999999999545,274,10,72.0158,76.16291666666666,NOAA CO-OPS shore thermistor,71.68144478345954,2.740713934592362,68.60149999999999,71.43458333333334,76.282,177,12,9410170,,,,,,,,76.16291666666666,71.68144478345954,2.740713934592362,68.60149999999999,71.43458333333334,76.282,12,4.481471883207121,4.481471883207121,94.89909478358227,,SDBC1,,,,,76.48920714285714,1.0,,,,,,,,,0.7309239695760712,Waning Gibbous,19.805959999907135,6.702503269882353,18.572315070833767,11.869811800951414,2.16,Strong El Nino,El Nino,JAS 2026,False
mission_bay,2026-10-02,3.3464568,2.3622047999999998,11.15,11.65,242,72.59,8.8,11.1,304,1009.7,36,89.41999999999999,0.0,-0.599999999999909,275,10,72.2228,76.0525,NOAA CO-OPS shore thermistor,71.66377061690405,2.7764735119847,68.60829166666666,71.40791666666667,76.27799999999999,177,12,9410170,,,,,,,,76.0525,71.66377061690405,2.7764735119847,68.60829166666666,71.40791666666667,76.27799999999999,12,4.388729383095949,4.388729383095949,94.30249333283074,2.112499999999997,SDBC1,,,,,76.46498736263739,1.0,,,,,,,,,0.6231352998941142,Waning Gibbous,20.805959999906975,6.713689619650809,18.5501915391357,11.83650191948489,2.16,Strong El Nino,El Nino,JAS 2026,False
mission_bay,2026-10-03,3.0183728000000003,2.1653544,11.55,12.35,235,73.22,11.0,18.3,16,1008.9,0,103.46000000000001,0.0,-0.8000000000000682,276,10,72.82939999999999,76.13000000000001,NOAA CO-OPS shore thermistor,71.62430356861684,2.7918475400399463,68.58324999999999,71.36104166666667,76.223875,177,12,9410170,5.447,0.261,5.186,4.0,0.6363190184049079,19.233333333333334,6.0,76.13000000000001,71.62430356861684,2.7918475400399463,68.58324999999999,71.36104166666667,76.223875,12,4.505696431383171,4.505696431383171,94.67228641564688,-0.3845833333333246,SDBC1,,,,,76.45149156200942,1.0,,,,,,,,,0.5090574688798968,Last Quarter,21.805959999906815,6.724970362217739,18.52818810681433,11.80321774459659,2.16,Strong El Nino,El Nino,JAS 2026,False
mission_bay,2026-10-04,2.6246720000000003,2.2309712,12.55,12.25,219,73.4,8.7,14.4,282,1010.7,0,97.7,0.0,1.8000000000000682,277,10,72.9734,76.59625,NOAA CO-OPS shore thermistor,71.5534197774578,2.7904177178879013,68.52291666666667,71.31750000000001,76.11625000000001,177,12,9410170,5.52,3.301,2.2189999999999994,3.0,0.5252391799544419,2.966666666666667,6.0,76.59625,71.5534197774578,2.7904177178879013,68.52291666666667,71.31750000000001,76.11625000000001,12,5.042830222542193,5.042830222542193,96.4634095471302,0.20666666666666345,SDBC1,,,,,76.44662552831784,1.0,,,,,,,,,0.3950846566449676,Last Quarter,22.80595999990665,6.736349336405107,18.50631350593751,11.769964169532402,2.16,Strong El Nino,El Nino,JAS 2026,False
mission_bay,2026-10-05,3.1496063999999997,2.5590552,12.45,12.0,214,73.58,8.7,15.9,313,1011.5,2,95.36,0.0,0.7999999999999545,278,10,73.5692,76.76458333333333,NOAA CO-OPS shore thermistor,71.47952203808107,2.7791921773027535,68.421,71.12312499999999,76.0525,176,12,9410170,5.757,0.003,5.754,4.0,0.7372383073496659,20.55,7.0,76.76458333333333,71.47952203808107,2.7791921773027535,68.421,71.12312499999999,76.0525,12,5.285061295252262,5.285061295252262,97.13917836187173,0.47458333333334224,SDBC1,,,,,76.45132348901099,1.0,,,,,,,,,0.2874014624345155,Last Quarter,23.80595999990649,6.747830216924667,18.484576428196153,11.736746211271486,2.16,Strong El Nino,El Nino,JAS 2026,False
mission_bay,2026-10-06,3.6089240000000005,3.1496063999999997,11.75,10.95,213,73.94,9.1,15.7,316,1010.1,1,90.14,0.0,-1.3999999999999773,279,10,73.7384,76.95333333333333,NOAA CO-OPS shore thermistor,71.39228890252052,2.775482170612591,68.27875,70.82333333333332,75.93666666666667,175,12,9410170,5.936,-0.135,6.071,4.0,0.8397149643705463,21.533333333333335,7.0,76.95333333333333,71.39228890252052,2.775482170612591,68.27875,70.82333333333332,75.93666666666667,12,5.561044430812814,5.561044430812814,97.744524340161,0.9008333333333383,SDBC1,,,,,76.46536913086912,1.0,,,,,,,,,0.19156317691553915,Waning Crescent,24.80595999990633,6.759416502461724,18.462985522185484,11.70356901972376,2.16,Strong El Nino,El Nino,JAS 2026,False
mission_bay,2026-10-07,4.4619424,3.7401576,11.8,10.65,202,74.39,8.6,13.8,300,1010.5,15,83.84,0.0,0.39999999999997726,280,10,72.9266,76.87875000000001,NOAA CO-OPS shore thermistor,71.28946899224427,2.7960792861179775,68.16754166666666,70.26,75.78516666666668,174,12,9410170,5.964,-0.112,6.0760000000000005,4.0,0.902686567164179,22.333333333333332,8.0,76.87875000000001,71.28946899224427,2.7960792861179775,68.16754166666666,70.26,75.78516666666668,12,5.589281007755744,5.589281007755744,97.71942464316773,0.8175000000000097,SDBC1,,,,,76.50588104395604,1.0,,,,,,,,,0.11217175383480282,Waning Crescent,25.805959999906168,6.771111503933902,18.441549390751767,11.670437886817865,2.16,Strong El Nino,El Nino,JAS 2026,False
mission_bay,2026-10-08,4.3307088,3.2152232,13.15,9.2,206,74.39,8.6,13.2,295,1010.0,26,78.62,0.0,-0.5,281,10,72.8456,76.81958333333334,NOAA CO-OPS shore thermistor,71.18818163728119,2.8135172998218487,68.14158333333333,70.09875000000001,75.70633333333333,173,12,9410170,5.962,0.066,5.896,4.0,0.94336,5.333333333333333,8.0,76.81958333333334,71.18818163728119,2.8135172998218487,68.14158333333333,70.09875000000001,75.70633333333333,12,5.631401696052151,5.631401696052151,97.73335419855695,0.6566666666666805,SDBC1,,,,,76.55551862026861,1.0,,,,,,,,,0.052647815303152434,Waning Crescent,26.80595999990601,6.78291833294106,18.42027658840558,11.637358255464521,2.16,Strong El Nino,El Nino,JAS 2026,False
mission_bay,2026-10-09,4.593176,3.4776904,13.0,15.0,210,73.94,9.0,11.3,307,1008.1,60,75.56,0.0,-1.8999999999999773,282,10,,76.65343511450382,NOAA CO-OPS shore thermistor,71.07940287605524,2.8247536842497154,68.09955718270572,69.99979166666667,75.60624999999999,172,12,9410170,6.269,0.254,6.015000000000001,4.0,0.9522427440633247,12.066666666666666,8.0,76.65343511450382,71.07940287605524,2.8247536842497154,68.09955718270572,69.99979166666667,75.60624999999999,12,5.574032238448581,5.574032238448581,97.57682109919598,0.6009351145038266,SDBC1,,,,,76.6065254120879,1.0,,,,,,,,,0.015097468607471298,Waning Crescent,27.80595999990585,6.7948398904227325,18.399175618801852,11.60433572837912,2.16,Strong El Nino,El Nino,JAS 2026,False
mission_bay,2026-10-10,4.265092,3.4120736000000003,12.85,14.2,217,73.31,13.6,19.8,267,1004.5,100,73.94,4.6,-3.6000000000000227,283,10,,73.31,Open-Meteo marine model,68.92071578947369,2.096396896171771,66.533,68.5166,72.0914,171,12,9410170,6.444,0.021,6.423,4.0,0.9881538461538462,12.6,9.0,,70.9629791970658,2.8388779647487383,68.03675,69.84621848739496,75.49875,12,,4.389284210526313,98.18578771647391,-2.8200000000000074,SDBC1,,,,,76.68667700156985,1.0,,,,,,,,,0.0002792167927752054,New,28.805959999905685,6.8068788555399085,18.37825493228639,11.57137607674648,2.16,Strong El Nino,El Nino,JAS 2026,True
mission_bay,2026-10-11,16.6010504,9.84252,11.45,13.4,218,73.03999999999999,24.3,27.8,246,1004.3,100,70.34,28.85,-0.20000000000004547,284,10,,73.03999999999999,Open-Meteo marine model,68.8096082352941,2.143340746183701,65.96294,68.4464,71.99888,170,12,9410170,6.476,-0.04,6.516,4.0,0.9725373134328358,13.133333333333333,9.0,,70.83563142018778,2.8583192208018344,67.66616824894516,69.76041666666666,75.38916666666667,12,,4.230391764705885,97.57941941980029,-3.5562500000000057,SDBC1,,,,,76.77822435897436,1.0,,,,,,,,,0.007679795233243747,New,0.2753719999055233,6.819037674798313,18.35752292350784,11.538485248709527,2.16,Strong El Nino,El Nino,JAS 2026,True
mission_bay,2026-10-12,6.9553808,4.3963256,12.25,13.1,232,72.5,8.9,10.1,232,1012.1,76,66.56,1.9,7.800000000000068,285,10,,72.5,Open-Meteo marine model,68.68176331360947,2.1755396598870202,65.90012,68.3078,71.91824,169,12,9410170,6.368,0.058,6.3100000000000005,4.0,0.912289156626506,13.65,10.0,,70.70588702704215,2.8717272367532862,67.57266666666668,69.68702928870293,75.27141666666667,12,,3.8182366863905344,96.0376815774654,-4.264583333333334,SDBC1,,,,,76.81362637362636,1.0,,,,,,,,,0.035700175796790634,New,1.275371999907041,6.831318551430732,18.336987929093223,11.50566937766249,2.16,Strong El Nino,El Nino,JAS 2026,True
mission_bay,2026-10-13,4.3963256,3.4776904,13.1,12.6,222,72.23,10.8,11.5,268,1013.7,11,69.44,3.1,1.6000000000000227,286,10,,72.23,Open-Meteo marine model,68.55167857142858,2.176490031234926,65.78186,68.1161,71.61422,168,12,9410170,6.144,0.29,5.854,3.0,0.8149419953596287,14.2,10.0,,70.57301584729316,2.88858041862173,67.50512179487178,69.62729166666666,75.28533333333334,12,,3.6783214285714223,95.44883641021957,-4.723333333333329,SDBC1,,,,,,,,,,,,,,,0.0819335649033684,Waxing Crescent,2.2753719999068798,6.8437234350564395,18.316658225384394,11.472934790327955,2.16,Strong El Nino,El Nino,JAS 2026,True
mission_bay,2026-10-14,3.8713911999999997,3.28084,12.85,12.4,219,72.23,7.0,4.3,292,1015.4,26,72.68,0.0,1.6999999999999318,287,10,,72.23,Open-Meteo marine model,68.43328263473053,2.168793832041544,65.70716,68.0342,71.49343999999999,167,12,9410170,5.83,0.614,5.216,4.0,0.6893392070484582,14.8,0.0,,70.44709010148682,2.893769485030964,67.34433333333334,69.62458333333332,75.29925,12,,3.7967173652694726,95.99936506575628,-4.648750000000007,SDBC1,,,,,,,,,,,,,,,0.1434931801229401,Waxing Crescent,3.2753719999067186,6.856254011636052,18.296542026232075,11.440288014596023,2.16,Strong El Nino,El Nino,JAS 2026,True
mission_bay,2026-10-15,3.4120736000000003,3.0183728000000003,13.5,12.0,213,72.05,9.3,7.8,328,1015.8,14,80.24000000000001,0.0,0.39999999999997726,288,10,,72.05,Open-Meteo marine model,68.31820963855422,2.1644177105178897,65.6384,67.9262,71.4488,166,12,9410170,5.453,0.955,4.498,4.0,0.5564536082474226,15.5,1.0,,70.3214828000884,2.8823340105262467,67.02741666666667,69.60645833333334,75.18695833333334,12,,3.731790361445775,95.76600149550538,-4.769583333333344,SDBC1,,,,,,,,,,,,,,,0.21732990055544216,Waxing Crescent,4.275371999906557,6.868911693740774,18.276647480843017,11.407735787102244,2.16,Strong El Nino,El Nino,JAS 2026,True
nine_mile,2026-09-25,3.9370079999999996,3.2152232,11.35,10.9,234,74.12,13.2,13.6,322,1012.6,76,72.14,0.0,,268,9,,74.12,Open-Meteo marine model,70.82414736842105,1.780297715562527,68.79740000000001,70.6802,72.6566,171,12,9410170,,,,,,,,,71.93250651882073,2.6035056252826045,68.91866666666667,71.65208333333334,76.43958333333333,12,,3.2958526315789527,96.79362909923277,,46232,3.757710837296698,4.800962533333333,,,69.64100959955202,20.0,21.0,0.17929716270330154,,,,,,0.7673653846153741,0.9834832009922474,Full,13.805959999906424,6.63713483955379,18.70708497850868,12.069950138954889,2.16,Strong El Nino,El Nino,JAS 2026,False
nine_mile,2026-09-26,4.593176,3.8713911999999997,11.8,11.2,224,74.21,9.9,10.7,277,1011.6,56,73.22,0.0,-1.0,269,9,,74.21,Open-Meteo marine model,70.76456976744187,1.7960656855145878,68.74988,70.5362,72.75344,172,12,9410170,,,,,,,,76.51458333333333,71.87977719935319,2.6230414373903637,68.88370833333333,71.53539313110181,76.319875,12,4.634806133980149,3.445430232558124,97.24648291690647,,46232,3.766961796791986,4.869560024021739,,,69.6161291103498,20.0,21.0,0.8262142032080138,,,,,,,0.9995517538836435,Full,14.805959999906262,6.647843099590363,18.68442612692088,12.036583027330517,2.16,Strong El Nino,El Nino,JAS 2026,False
nine_mile,2026-09-27,4.9868768,4.3307088,11.85,11.0,216,74.12,9.7,11.1,253,1011.3,95,73.94,1.1,-0.3000000000000682,270,9,72.4028,72.4028,MUR 1km satellite,70.71179884393065,1.802904576599726,68.75096,70.304,73.14764,173,12,9410170,,,,,,,,76.38958333333333,71.83047040608862,2.6428907238715524,68.83908333333333,71.4887029288703,76.30991666666667,12,4.559112927244712,1.6910011560693476,82.58602161892787,,46232,3.8014566919157513,4.93930462,,,69.59749438532403,20.0,21.0,1.1854201080842488,,,,,,,0.9921059368700724,Full,15.8059599999061,6.658619958633704,18.66183429438085,12.003214335747145,2.16,Strong El Nino,El Nino,JAS 2026,False
nine_mile,2026-09-28,5.8398952,4.3963256,11.6,11.25,216,73.94,12.5,12.6,289,1009.0,28,73.75999999999999,0.0,-2.2999999999999545,271,9,72.3236,72.3236,MUR 1km satellite,70.6610724137931,1.8074252435832903,68.73998,70.1636,73.12946000000001,174,12,9410170,,,,,,,,76.28999999999999,71.78330680028971,2.655239408351488,68.78404166666667,71.48146257554626,76.29995833333332,12,4.506693199710284,1.662527586206906,82.11697222757205,,46232,3.8247232756882794,4.964913398888888,,,69.56602575414531,20.0,21.0,2.0151719243117205,,,,,,,0.9600738604541995,Waning Gibbous,16.80595999990594,6.669469982073405,18.63931839472139,11.969848412647984,2.16,Strong El Nino,El Nino,JAS 2026,False
nine_mile,2026-09-29,6.3648296,4.8556432,10.65,6.3,250,73.67,10.9,13.6,232,1006.3,16,73.04,0.0,-2.7000000000000455,272,9,72.2696,72.2696,MUR 1km satellite,70.59340914285714,1.807447866031459,68.68328,70.1204,73.13936,175,12,9410170,,,,,,,,76.0525,71.73828755063322,2.6750155071681267,68.71291666666666,71.47422222222222,76.28999999999999,12,4.314212449366778,1.6761908571428563,82.31353436969722,,46232,3.8477422573249584,5.02378625,,,69.54247762875906,20.0,21.0,2.5170873426750418,,,,,,,0.9040301216596538,Waning Gibbous,17.805959999905777,6.680397645499175,18.616887318961666,11.936489673462491,2.16,Strong El Nino,El Nino,JAS 2026,False
nine_mile,2026-09-30,4.6587928,3.2152232,10.95,11.7,256,73.04,10.9,11.1,187,1009.2,68,72.32,0.0,2.900000000000091,273,9,72.0284,72.0284,MUR 1km satellite,70.53623068181818,1.7936031434188051,68.6651,70.04570000000001,73.2011,176,12,9410170,,,,,,,,76.06125,71.70626504018954,2.706030615190328,68.66154166666666,71.45440277777777,76.28599999999999,12,4.354984959810466,1.4921693181818227,79.72784551957619,,46232,3.8508057500786808,5.0496352924242425,,,69.51210114201128,20.0,21.0,0.8079870499213189,,,,,,,0.8263179887803223,Waning Gibbous,18.805959999905618,6.69140732205577,18.594549932246405,11.903142610190635,2.16,Strong El Nino,El Nino,JAS 2026,False
nine_mile,2026-10-01,4.0682416,3.1496063999999997,11.2,9.95,250,72.86,12.4,12.6,332,1010.5,69,72.68,0.0,1.2999999999999545,274,10,72.3434,72.3434,MUR 1km satellite,70.49846101694915,1.8024581125838721,68.64404,70.007,73.22036,177,12,9410170,,,,,,,,76.16291666666666,71.68144478345954,2.740713934592362,68.60149999999999,71.43458333333334,76.282,12,4.481471883207121,1.8449389830508522,84.69803873791135,,46232,3.842157291823443,5.049585582727273,,,69.47376038015146,20.0,21.0,0.22608430817655734,,,,,,,0.7309239695760712,Waning Gibbous,19.805959999907135,6.702503269882353,18.572315070833767,11.869811800951414,2.16,Strong El Nino,El Nino,JAS 2026,False
nine_mile,2026-10-02,3.8713911999999997,2.952756,10.85,8.65,249,72.95,11.7,15.7,331,1010.0,69,73.4,0.0,-0.5,275,10,72.5144,72.5144,MUR 1km satellite,70.43451525423728,1.8042471530719562,68.61632,69.9656,73.22036,177,12,9410170,,,,,,,,76.0525,71.66377061690405,2.7764735119847,68.60829166666666,71.40791666666667,76.27799999999999,12,4.388729383095949,2.079884745762712,87.54979129561575,-1.6056000000000097,46232,3.8628217730870804,5.087079121666667,,,69.42561185870245,20.0,21.0,0.008569426912919287,,,,,,,0.6231352998941142,Waning Gibbous,20.805959999906975,6.713689619650809,18.5501915391357,11.83650191948489,2.16,Strong El Nino,El Nino,JAS 2026,False
nine_mile,2026-10-03,3.4776904,2.0997376,11.15,13.0,236,73.4,13.4,19.0,171,1008.9,7,77.54,0.0,-1.1000000000000227,276,10,73.0022,73.0022,MUR 1km satellite,70.35290508474577,1.81101909495829,68.42012,69.8648,73.19767999999999,177,12,9410170,5.447,0.261,5.186,4.0,0.6363190184049079,19.233333333333334,6.0,76.13000000000001,71.62430356861684,2.7918475400399463,68.58324999999999,71.36104166666667,76.223875,12,4.505696431383171,2.649294915254231,92.8249233995897,-1.2077999999999918,46232,3.8805330241639377,5.055911141666666,,,69.37810700982578,20.0,21.0,-0.40284262416393757,,,,,,,0.5090574688798968,Last Quarter,21.805959999906815,6.724970362217739,18.52818810681433,11.80321774459659,2.16,Strong El Nino,El Nino,JAS 2026,False
nine_mile,2026-10-04,3.0839895999999998,2.1653544,12.4,12.9,213,73.49,15.7,16.7,172,1010.8,13,76.28,0.0,1.8999999999999773,277,10,73.2182,73.2182,MUR 1km satellite,70.2806406779661,1.830515906704866,68.41364,69.7424,73.19767999999999,177,12,9410170,5.52,3.301,2.2189999999999994,3.0,0.5252391799544419,2.966666666666667,6.0,76.59625,71.5534197774578,2.7904177178879013,68.52291666666667,71.31750000000001,76.11625000000001,12,5.042830222542193,2.9375593220338914,94.57279237323283,0.8153999999999968,46232,3.892357133131504,5.087079121666667,,,69.32551590788182,20.0,21.0,-0.8083675331315043,,,,,,,0.3950846566449676,Last Quarter,22.80595999990665,6.736349336405107,18.50631350593751,11.769964169532402,2.16,Strong El Nino,El Nino,JAS 2026,False
nine_mile,2026-10-05,3.7401576,3.0839895999999998,12.45,11.85,204,73.49,11.9,18.7,327,1011.5,13,75.38,0.0,0.7000000000000455,278,10,73.54220000000001,73.54220000000001,MUR 1km satellite,70.20470340909091,1.8702961289714137,68.4041,69.6974,73.2011,176,12,9410170,5.757,0.003,5.754,4.0,0.7372383073496659,20.55,7.0,76.76458333333333,71.47952203808107,2.7791921773027535,68.421,71.12312499999999,76.0525,12,5.285061295252262,3.3374965909090974,96.28267391252892,1.2186000000000092,46232,3.9100150075348337,5.130960356666667,,,69.26421206286845,20.0,21.0,-0.1698574075348338,,,,,,,0.2874014624345155,Last Quarter,23.80595999990649,6.747830216924667,18.484576428196153,11.736746211271486,2.16,Strong El Nino,El Nino,JAS 2026,False
nine_mile,2026-10-06,4.3307088,3.6089240000000005,11.7,10.5,200,73.75999999999999,14.7,19.2,307,1010.2,7,74.84,0.0,-1.2999999999999545,279,10,73.4648,73.4648,MUR 1km satellite,70.11009371428571,1.9275305367276894,68.2808,69.6416,73.20452,175,12,9410170,5.936,-0.135,6.071,4.0,0.8397149643705463,21.533333333333335,7.0,76.95333333333333,71.39228890252052,2.775482170612591,68.27875,70.82333333333332,75.93666666666667,12,5.561044430812814,3.354706285714286,95.9107060099623,1.1951999999999998,46232,3.918397690305209,5.120024223333333,,,69.15578593526038,20.0,21.0,0.4123111096947909,,,,,,,0.19156317691553915,Waning Crescent,24.80595999990633,6.759416502461724,18.462985522185484,11.70356901972376,2.16,Strong El Nino,El Nino,JAS 2026,False
nine_mile,2026-10-07,5.1837272,4.4619424,11.6,10.6,193,74.12,9.9,14.4,306,1010.6,35,73.75999999999999,0.0,0.39999999999997726,280,10,73.283,73.283,MUR 1km satellite,70.0009172413793,1.9680024619449152,68.10602,69.5534,73.20794,174,12,9410170,5.964,-0.112,6.0760000000000005,4.0,0.902686567164179,22.333333333333332,8.0,76.87875000000001,71.28946899224427,2.7960792861179775,68.16754166666666,70.26,75.78516666666668,12,5.589281007755744,3.282082758620703,95.23146256211744,1.2545999999999964,46232,3.9048992592347576,5.071290079166667,,,69.04405529918955,20.0,21.0,1.2788279407652423,,,,,,,0.11217175383480282,Waning Crescent,25.805959999906168,6.771111503933902,18.441549390751767,11.670437886817865,2.16,Strong El Nino,El Nino,JAS 2026,False
nine_mile,2026-10-08,4.8556432,3.6089240000000005,13.05,9.5,202,74.3,11.5,13.4,288,1010.2,27,73.58,0.0,-0.39999999999997726,281,10,73.2362,73.2362,MUR 1km satellite,69.8849225433526,1.9796832785828322,67.874,69.4634,73.21136,173,12,9410170,5.962,0.066,5.896,4.0,0.94336,5.333333333333333,8.0,76.81958333333334,71.18818163728119,2.8135172998218487,68.14158333333333,70.09875000000001,75.70633333333333,12,5.631401696052151,3.351277456647395,95.47565758085781,0.892799999999994,46232,3.8856482800461505,5.071290079166667,,,68.92682734025233,20.0,21.0,0.9699949199538498,,,,,,,0.052647815303152434,Waning Crescent,26.80595999990601,6.78291833294106,18.42027658840558,11.637358255464521,2.16,Strong El Nino,El Nino,JAS 2026,False
nine_mile,2026-10-09,5.1837272,3.6745408000000004,13.0,14.8,211,75.02,11.2,13.0,310,1008.4,75,72.68,0.0,-1.8000000000000682,282,10,,75.02,Open-Meteo marine model,69.80192558139535,1.9985215306189756,67.65404,69.3986,73.21477999999999,172,12,9410170,6.269,0.254,6.015000000000001,4.0,0.9522427440633247,12.066666666666666,8.0,76.65343511450382,71.07940287605524,2.8247536842497154,68.09955718270572,69.99979166666667,75.60624999999999,12,5.574032238448581,5.218074418604644,99.54856740348674,2.505600000000001,46232,3.862041392697736,5.081337651666667,,,68.81543078761386,20.0,21.0,1.3216858073022637,,,,,,,0.015097468607471298,Waning Crescent,27.80595999990585,6.7948398904227325,18.399175618801852,11.60433572837912,2.16,Strong El Nino,El Nino,JAS 2026,False
nine_mile,2026-10-10,4.9868768,3.8057744,12.9,14.25,220,74.93,15.4,16.1,295,1004.6,100,72.86,3.3,-3.7999999999999545,283,10,,74.93,Open-Meteo marine model,69.7126105263158,2.0303246622169056,67.2692,69.32300000000001,73.2182,171,12,9410170,6.444,0.021,6.423,4.0,0.9881538461538462,12.6,9.0,,70.9629791970658,2.8388779647487383,68.03675,69.84621848739496,75.49875,12,,5.217389473684207,99.4911133473658,1.9278000000000048,46232,3.8562882529689224,5.093230696666667,,,68.68615615395312,20.0,21.0,1.1305885470310777,,,,,,,0.0002792167927752054,New,28.805959999905685,6.8068788555399085,18.37825493228639,11.57137607674648,2.16,Strong El Nino,El Nino,JAS 2026,True
nine_mile,2026-10-11,19.488189600000002,14.8950136,10.8,12.05,224,74.3,31.3,26.0,256,1004.7,99,70.16,18.18,0.10000000000002274,284,10,,74.3,Open-Meteo marine model,69.60250823529412,2.08477187617049,67.06129999999999,69.24289999999999,73.18742,170,12,9410170,6.476,-0.04,6.516,4.0,0.9725373134328358,13.133333333333333,9.0,,70.83563142018778,2.8583192208018344,67.66616824894516,69.76041666666666,75.38916666666667,12,,4.697491764705873,98.78779954884172,1.0818000000000012,46232,3.8466775947361374,5.1179736983333335,,,68.55524990359338,20.0,21.0,15.641512005263865,,,,,,,0.007679795233243747,New,0.2753719999055233,6.819037674798313,18.35752292350784,11.538485248709527,2.16,Strong El Nino,El Nino,JAS 2026,True
nine_mile,2026-10-12,7.6115488,5.8398952,12.35,12.55,238,73.85,11.3,11.7,231,1012.1,68,66.2,0.3,7.399999999999977,285,10,,73.85,Open-Meteo marine model,69.49632189349113,2.1343631755846126,67.02512,69.0512,73.07528,169,12,9410170,6.368,0.058,6.3100000000000005,4.0,0.912289156626506,13.65,10.0,,70.70588702704215,2.8717272367532862,67.57266666666668,69.68702928870293,75.27141666666667,12,,4.353678106508866,97.93149708087488,0.3077999999999861,46232,3.84791913495177,5.1191356625,,,68.44521776446011,20.0,21.0,3.7636296650482297,,,,,,,0.035700175796790634,New,1.275371999907041,6.831318551430732,18.336987929093223,11.50566937766249,2.16,Strong El Nino,El Nino,JAS 2026,True
nine_mile,2026-10-13,4.9868768,3.8057744,13.05,12.7,225,73.85,9.9,9.5,270,1013.9,6,67.82,0.5,1.7999999999999545,286,10,,73.85,Open-Meteo marine model,69.39998214285714,2.1560565467383053,66.98012,68.92519999999999,73.07672,168,12,9410170,6.144,0.29,5.854,3.0,0.8149419953596287,14.2,10.0,,70.57301584729316,2.88858041862173,67.50512179487178,69.62729166666666,75.28533333333334,12,,4.4500178571428535,98.04893199268679,0.38519999999999754,46232,3.8564720110139805,5.155703358333334,,,68.35832043308113,20.0,21.0,1.1304047889860196,,,,,,,0.0819335649033684,Waxing Crescent,2.2753719999068798,6.8437234350564395,18.316658225384394,11.472934790327955,2.16,Strong El Nino,El Nino,JAS 2026,True
nine_mile,2026-10-14,4.4619424,3.5433072,12.8,12.5,220,74.3,9.9,10.7,307,1015.3,5,70.34,0.1,1.3999999999999773,287,10,,74.3,Open-Meteo marine model,69.31672694610778,2.1645828508619016,66.90236,68.8334,72.60404000000001,167,12,9410170,5.83,0.614,5.216,4.0,0.6893392070484582,14.8,0.0,,70.44709010148682,2.893769485030964,67.34433333333334,69.62458333333332,75.29925,12,,4.983273053892219,98.93376667856883,1.016999999999996,46232,3.8727664370404256,5.192977346111111,,,68.26939448885815,20.0,21.0,0.5891759629595743,,,,,,,0.1434931801229401,Waxing Crescent,3.2753719999067186,6.856254011636052,18.296542026232075,11.440288014596023,2.16,Strong El Nino,El Nino,JAS 2026,True
nine_mile,2026-10-15,3.7401576,3.2152232,13.4,12.05,215,74.48,12.1,13.8,335,1016.1,15,72.5,0.0,0.8000000000000682,288,10,,74.48,Open-Meteo marine model,69.21033734939758,2.179397115284803,66.85249999999999,68.6831,72.2813,166,12,9410170,5.453,0.955,4.498,4.0,0.5564536082474226,15.5,1.0,,70.3214828000884,2.8823340105262467,67.02741666666667,69.60645833333334,75.18695833333334,12,,5.269662650602427,99.21957849625068,1.2438000000000073,46232,3.8890902655819355,5.216809003333334,,,68.1772469680262,20.0,21.0,-0.14893266558193563,,,,,,,0.21732990055544216,Waxing Crescent,4.275371999906557,6.868911693740774,18.276647480843017,11.407735787102244,2.16,Strong El Nino,El Nino,JAS 2026,True
outer_banks,2026-09-25,4.4619424,3.28084,11.25,10.65,246,72.68,14.2,14.6,322,1012.5,66,71.96,0.0,,268,9,,72.68,Open-Meteo marine model,70.42393684210526,1.7908669439817244,68.3132,70.0808,72.4856,171,12,9410170,,,,,,,,,71.93250651882073,2.6035056252826045,68.91866666666667,71.65208333333334,76.43958333333333,12,,2.2560631578947437,89.61220853693763,,46232,3.757710837296698,4.800962533333333,,,69.64100959955202,20.0,21.0,0.7042315627033018,,,,,,0.7673653846153741,0.9834832009922474,Full,13.805959999906424,6.63713483955379,18.70708497850868,12.069950138954889,2.16,Strong El Nino,El Nino,JAS 2026,False
outer_banks,2026-09-26,5.0524936,4.0026247999999995,11.55,11.05,233,73.04,11.8,12.1,284,1011.7,46,72.32,0.0,-0.7999999999999545,269,9,,73.04,Open-Meteo marine model,70.38523023255813,1.7836654056505572,68.34596,70.01689999999999,72.48524,172,12,9410170,,,,,,,,76.51458333333333,71.87977719935319,2.6230414373903637,68.88370833333333,71.53539313110181,76.319875,12,4.634806133980149,2.654769767441877,93.16744872387441,,46232,3.766961796791986,4.869560024021739,,,69.6161291103498,20.0,21.0,1.285531803208014,,,,,,,0.9995517538836435,Full,14.805959999906262,6.647843099590363,18.68442612692088,12.036583027330517,2.16,Strong El Nino,El Nino,JAS 2026,False
outer_banks,2026-09-27,5.5118111999999995,4.5275592,11.65,11.05,226,72.95,9.7,9.9,272,1011.4,93,72.32,1.5,-0.3000000000000682,270,9,72.9554,72.9554,MUR 1km satellite,70.34454682080926,1.7710671132063616,68.49896000000001,69.8864,72.73148,173,12,9410170,,,,,,,,76.38958333333333,71.83047040608862,2.6428907238715524,68.83908333333333,71.4887029288703,76.30991666666667,12,4.559112927244712,2.610853179190741,92.97820246173222,,46232,3.8014566919157513,4.93930462,,,69.59749438532403,20.0,21.0,1.7103545080842482,,,,,,,0.9921059368700724,Full,15.8059599999061,6.658619958633704,18.66183429438085,12.003214335747145,2.16,Strong El Nino,El Nino,JAS 2026,False
outer_banks,2026-09-28,6.6272968,4.92126,11.55,11.4,221,72.59,15.0,15.6,297,1009.0,34,72.5,0.0,-2.3999999999999773,271,9,70.7684,70.7684,MUR 1km satellite,70.30855172413794,1.758232415069645,68.50094,69.8018,72.91652,174,12,9410170,,,,,,,,76.28999999999999,71.78330680028971,2.655239408351488,68.78404166666667,71.48146257554626,76.29995833333332,12,4.506693199710284,0.4598482758620577,60.316198374362884,,46232,3.8247232756882794,4.964913398888888,,,69.56602575414531,20.0,21.0,2.8025735243117205,,,,,,,0.9600738604541995,Waning Gibbous,16.80595999990594,6.669469982073405,18.63931839472139,11.969848412647984,2.16,Strong El Nino,El Nino,JAS 2026,False
outer_banks,2026-09-29,6.7585304,5.0524936,10.85,6.55,259,72.23,12.7,15.6,295,1006.5,34,71.78,0.0,-2.5,272,9,70.4714,70.4714,MUR 1km satellite,70.27942742857142,1.7390164661636127,68.52056,69.746,72.95864,175,12,9410170,,,,,,,,76.0525,71.73828755063322,2.6750155071681267,68.71291666666666,71.47422222222222,76.28999999999999,12,4.314212449366778,0.19197257142857893,54.39505382519872,,46232,3.8477422573249584,5.02378625,,,69.54247762875906,20.0,21.0,2.9107881426750413,,,,,,,0.9040301216596538,Waning Gibbous,17.805959999905777,6.680397645499175,18.616887318961666,11.936489673462491,2.16,Strong El Nino,El Nino,JAS 2026,False
outer_banks,2026-09-30,5.577427999999999,4.7244095999999995,10.8,8.15,269,71.6,12.2,13.0,233,1009.3,96,70.7,0.0,2.7999999999999545,273,9,70.3202,70.3202,MUR 1km satellite,70.25238295454545,1.7279851528278558,68.522,69.719,72.9581,176,12,9410170,,,,,,,,76.06125,71.70626504018954,2.706030615190328,68.66154166666666,71.45440277777777,76.28599999999999,12,4.354984959810466,0.06781704545454659,51.565299502351344,,46232,3.8508057500786808,5.0496352924242425,,,69.51210114201128,20.0,21.0,1.7266222499213186,,,,,,,0.8263179887803223,Waning Gibbous,18.805959999905618,6.69140732205577,18.594549932246405,11.903142610190635,2.16,Strong El Nino,El Nino,JAS 2026,False
outer_banks,2026-10-01,4.92126,4.1994752,10.9,7.95,264,71.33,12.1,12.8,319,1010.4,82,71.78,0.0,1.1000000000000227,274,10,71.114,71.114,MUR 1km satellite,70.2424338983051,1.7332637726735536,68.52344000000001,69.7208,72.95756,177,12,9410170,,,,,,,,76.16291666666666,71.68144478345954,2.740713934592362,68.60149999999999,71.43458333333334,76.282,12,4.481471883207121,0.8715661016949099,69.24639984209492,,46232,3.842157291823443,5.049585582727273,,,69.47376038015146,20.0,21.0,1.0791027081765572,,,,,,,0.7309239695760712,Waning Gibbous,19.805959999907135,6.702503269882353,18.572315070833767,11.869811800951414,2.16,Strong El Nino,El Nino,JAS 2026,False
outer_banks,2026-10-02,4.3963256,3.4120736000000003,10.45,7.5,261,71.87,10.5,15.7,335,1010.0,59,72.14,0.0,-0.39999999999997726,275,10,71.4686,71.4686,MUR 1km satellite,70.22224745762712,1.740691160275783,68.52344000000001,69.7208,72.95756,177,12,9410170,,,,,,,,76.0525,71.66377061690405,2.7764735119847,68.60829166666666,71.40791666666667,76.27799999999999,12,4.388729383095949,1.2463525423728754,76.30074598473767,-1.2114000000000118,46232,3.8628217730870804,5.087079121666667,,,69.42561185870245,20.0,21.0,0.5335038269129195,,,,,,,0.6231352998941142,Waning Gibbous,20.805959999906975,6.713689619650809,18.5501915391357,11.83650191948489,2.16,Strong El Nino,El Nino,JAS 2026,False
outer_banks,2026-10-03,3.8713911999999997,2.6902888,10.9,11.55,243,72.86,15.8,18.5,153,1009.1,26,74.48,0.0,-0.8999999999999773,276,10,72.3614,72.3614,MUR 1km satellite,70.17322033898304,1.7683117143562195,68.45036,69.69200000000001,72.95756,177,12,9410170,5.447,0.261,5.186,4.0,0.6363190184049079,19.233333333333334,6.0,76.13000000000001,71.62430356861684,2.7918475400399463,68.58324999999999,71.36104166666667,76.223875,12,4.505696431383171,2.18817966101696,89.20381131509794,-0.678600000000003,46232,3.8805330241639377,5.055911141666666,,,69.37810700982578,20.0,21.0,-0.00914182416393805,,,,,,,0.5090574688798968,Last Quarter,21.805959999906815,6.724970362217739,18.52818810681433,11.80321774459659,2.16,Strong El Nino,El Nino,JAS 2026,False
outer_banks,2026-10-04,3.4776904,2.1653544,12.1,12.9,215,72.86,19.2,23.3,202,1011.1,24,72.86,0.0,2.0,277,10,72.599,72.599,MUR 1km satellite,70.12666440677967,1.7968696050128705,68.40608,69.656,72.95756,177,12,9410170,5.52,3.301,2.2189999999999994,3.0,0.5252391799544419,2.966666666666667,6.0,76.59625,71.5534197774578,2.7904177178879013,68.52291666666667,71.31750000000001,76.11625000000001,12,5.042830222542193,2.472335593220336,91.55756585421419,-0.3563999999999936,46232,3.892357133131504,5.087079121666667,,,69.32551590788182,20.0,21.0,-0.41466673313150393,,,,,,,0.3950846566449676,Last Quarter,22.80595999990665,6.736349336405107,18.50631350593751,11.769964169532402,2.16,Strong El Nino,El Nino,JAS 2026,False
outer_banks,2026-10-05,4.1338584,3.4120736000000003,12.0,10.85,202,72.95,10.2,18.9,49,1011.6,25,77.0,0.0,0.5,278,10,72.9608,72.9608,MUR 1km satellite,70.06288181818182,1.8301188679299631,68.3879,69.58940000000001,72.89330000000001,176,12,9410170,5.757,0.003,5.754,4.0,0.7372383073496659,20.55,7.0,76.76458333333333,71.47952203808107,2.7791921773027535,68.421,71.12312499999999,76.0525,12,5.285061295252262,2.8979181818181843,94.33415570738894,2.1924000000000063,46232,3.9100150075348337,5.130960356666667,,,69.26421206286845,20.0,21.0,0.2238433924651666,,,,,,,0.2874014624345155,Last Quarter,23.80595999990649,6.747830216924667,18.484576428196153,11.736746211271486,2.16,Strong El Nino,El Nino,JAS 2026,False
outer_banks,2026-10-06,4.92126,3.8057744,11.5,10.45,197,73.4,12.3,16.5,307,1010.4,8,72.86,0.0,-1.2000000000000455,279,10,73.634,73.634,MUR 1km satellite,70.00610514285714,1.874949273651558,68.37296,69.5516,72.9068,175,12,9410170,5.936,-0.135,6.071,4.0,0.8397149643705463,21.533333333333335,7.0,76.95333333333333,71.39228890252052,2.775482170612591,68.27875,70.82333333333332,75.93666666666667,12,5.561044430812814,3.627894857142863,97.35005326495852,3.1625999999999976,46232,3.918397690305209,5.120024223333333,,,69.15578593526038,20.0,21.0,1.002862309694791,,,,,,,0.19156317691553915,Waning Crescent,24.80595999990633,6.759416502461724,18.462985522185484,11.70356901972376,2.16,Strong El Nino,El Nino,JAS 2026,False
outer_banks,2026-10-07,5.8398952,4.9868768,11.35,10.35,193,73.85,13.2,16.3,310,1010.8,33,71.96,0.0,0.39999999999997726,280,10,73.8464,73.8464,MUR 1km satellite,69.94276896551726,1.9292596728470928,68.35567999999999,69.4508,72.92030000000001,174,12,9410170,5.964,-0.112,6.0760000000000005,4.0,0.902686567164179,22.333333333333332,8.0,76.87875000000001,71.28946899224427,2.7960792861179775,68.16754166666666,70.26,75.78516666666668,12,5.589281007755744,3.9036310344827427,97.8483157167773,3.526200000000003,46232,3.9048992592347576,5.071290079166667,,,69.04405529918955,20.0,21.0,1.9349959407652424,,,,,,,0.11217175383480282,Waning Crescent,25.805959999906168,6.771111503933902,18.441549390751767,11.670437886817865,2.16,Strong El Nino,El Nino,JAS 2026,False
outer_banks,2026-10-08,5.3805776,3.8057744,12.95,9.2,206,74.12,12.5,14.2,289,1010.6,54,72.14,0.0,-0.1999999999999318,281,10,73.70779999999999,73.70779999999999,MUR 1km satellite,69.86778612716763,1.9607791037646023,68.09288000000001,69.3464,72.9338,173,12,9410170,5.962,0.066,5.896,4.0,0.94336,5.333333333333333,8.0,76.81958333333334,71.18818163728119,2.8135172998218487,68.14158333333333,70.09875000000001,75.70633333333333,12,5.631401696052151,3.8400138728323583,97.49091724399383,2.5937999999999874,46232,3.8856482800461505,5.071290079166667,,,68.92682734025233,20.0,21.0,1.4949293199538491,,,,,,,0.052647815303152434,Waning Crescent,26.80595999990601,6.78291833294106,18.42027658840558,11.637358255464521,2.16,Strong El Nino,El Nino,JAS 2026,False
outer_banks,2026-10-09,5.7086616,3.8057744,13.1,15.15,218,74.3,12.4,13.6,312,1008.5,83,71.42,0.0,-2.1000000000000227,282,10,,74.3,Open-Meteo marine model,69.80177906976743,1.9872241797572807,67.7741,69.2942,72.94730000000001,172,12,9410170,6.269,0.254,6.015000000000001,4.0,0.9522427440633247,12.066666666666666,8.0,76.65343511450382,71.07940287605524,2.8247536842497154,68.09955718270572,69.99979166666667,75.60624999999999,12,5.574032238448581,4.498220930232563,98.81997109841107,2.831400000000002,46232,3.862041392697736,5.081337651666667,,,68.81543078761386,20.0,21.0,1.846620207302264,,,,,,,0.015097468607471298,Waning Crescent,27.80595999990585,6.7948398904227325,18.399175618801852,11.60433572837912,2.16,Strong El Nino,El Nino,JAS 2026,False
outer_banks,2026-10-10,5.6430448,3.9370079999999996,12.75,14.2,231,74.3,16.8,17.7,302,1004.6,100,71.6,9.8,-3.8999999999999773,283,10,,74.3,Open-Meteo marine model,69.74624210526315,2.024672001231227,67.5482,69.2582,72.9608,171,12,9410170,6.444,0.021,6.423,4.0,0.9881538461538462,12.6,9.0,,70.9629791970658,2.8388779647487383,68.03675,69.84621848739496,75.49875,12,,4.553757894736847,98.7748002357876,1.9385999999999939,46232,3.8562882529689224,5.093230696666667,,,68.68615615395312,20.0,21.0,1.7867565470310778,,,,,,,0.0002792167927752054,New,28.805959999905685,6.8068788555399085,18.37825493228639,11.57137607674648,2.16,Strong El Nino,El Nino,JAS 2026,True
outer_banks,2026-10-11,21.259843200000002,18.4383208,10.25,12.6,224,74.21000000000001,28.8,25.5,261,1005.1,98,69.25999999999999,33.95,0.5,284,10,,74.21000000000001,Open-Meteo marine model,69.67294117647057,2.0564661076477613,67.38008,69.20150000000001,72.96422000000001,170,12,9410170,6.476,-0.04,6.516,4.0,0.9725373134328358,13.133333333333333,9.0,,70.83563142018778,2.8583192208018344,67.66616824894516,69.76041666666666,75.38916666666667,12,,4.537058823529435,98.63164176926395,1.6110000000000042,46232,3.8466775947361374,5.1179736983333335,,,68.55524990359338,20.0,21.0,17.413165605263863,,,,,,,0.007679795233243747,New,0.2753719999055233,6.819037674798313,18.35752292350784,11.538485248709527,2.16,Strong El Nino,El Nino,JAS 2026,True
outer_banks,2026-10-12,8.530184,7.0209976,12.25,7.7,254,73.67,9.4,10.1,243,1012.2,68,66.38,0.2,7.100000000000023,285,10,,73.67,Open-Meteo marine model,69.5808473372781,2.072809361742367,67.2206,69.107,72.91184000000001,169,12,9410170,6.368,0.058,6.3100000000000005,4.0,0.912289156626506,13.65,10.0,,70.70588702704215,2.8717272367532862,67.57266666666668,69.68702928870293,75.27141666666667,12,,4.089152662721901,97.5738468620069,0.7091999999999956,46232,3.84791913495177,5.1191356625,,,68.44521776446011,20.0,21.0,4.68226486504823,,,,,,,0.035700175796790634,New,1.275371999907041,6.831318551430732,18.336987929093223,11.50566937766249,2.16,Strong El Nino,El Nino,JAS 2026,True
outer_banks,2026-10-13,5.7742784,4.0026247999999995,12.85,12.85,242,73.22,10.7,10.3,280,1014.0,9,67.64,0.5,1.7999999999999545,286,10,,73.22,Open-Meteo marine model,69.49036785714286,2.0733568951170738,67.17344,68.9927,72.78404,168,12,9410170,6.144,0.29,5.854,3.0,0.8149419953596287,14.2,10.0,,70.57301584729316,2.88858041862173,67.50512179487178,69.62729166666666,75.28533333333334,12,,3.7296321428571417,96.39778056022126,-0.4140000000000015,46232,3.8564720110139805,5.155703358333334,,,68.35832043308113,20.0,21.0,1.9178063889860195,,,,,,,0.0819335649033684,Waxing Crescent,2.2753719999068798,6.8437234350564395,18.316658225384394,11.472934790327955,2.16,Strong El Nino,El Nino,JAS 2026,True
outer_banks,2026-10-14,4.9868768,3.6089240000000005,12.4,12.5,236,73.04,12.0,12.4,311,1015.6,10,69.98,0.0,1.6000000000000227,287,10,,73.04,Open-Meteo marine model,69.41034850299401,2.062936501012962,67.12844,68.9108,72.48092,167,12,9410170,5.83,0.614,5.216,4.0,0.6893392070484582,14.8,0.0,,70.44709010148682,2.893769485030964,67.34433333333334,69.62458333333332,75.29925,12,,3.6296514970059945,96.07501822267139,-0.8063999999999965,46232,3.8727664370404256,5.192977346111111,,,68.26939448885815,20.0,21.0,1.1141103629595746,,,,,,,0.1434931801229401,Waxing Crescent,3.2753719999067186,6.856254011636052,18.296542026232075,11.440288014596023,2.16,Strong El Nino,El Nino,JAS 2026,True
outer_banks,2026-10-15,4.265092,3.2152232,13.1,12.0,232,72.68,12.1,15.6,332,1016.2,9,71.42,0.0,0.6000000000000227,288,10,,72.68,Open-Meteo marine model,69.31984457831325,2.034758141282615,67.1225,68.8262,72.2885,166,12,9410170,5.453,0.955,4.498,4.0,0.5564536082474226,15.5,1.0,,70.3214828000884,2.8823340105262467,67.02741666666667,69.60645833333334,75.18695833333334,12,,3.3601554216867555,95.06693225814055,-1.027799999999985,46232,3.8890902655819355,5.216809003333334,,,68.1772469680262,20.0,21.0,0.3760017344180646,,,,,,,0.21732990055544216,Waxing Crescent,4.275371999906557,6.868911693740774,18.276647480843017,11.407735787102244,2.16,Strong El Nino,El Nino,JAS 2026,True
pt_loma_kelp,2026-09-25,3.7401576,3.1496063999999997,11.5,10.75,229,73.49,9.2,10.7,324,1012.5,55,77.0,0.0,,268,9,,73.49,Open-Meteo marine model,70.23135789473685,1.7808957500566,68.2394,70.223,72.2282,171,12,9410170,,,,,,,,,71.93250651882073,2.6035056252826045,68.91866666666667,71.65208333333334,76.43958333333333,12,,3.2586421052631493,96.63583552428015,,46232,3.757710837296698,4.800962533333333,,,69.64100959955202,20.0,21.0,-0.01755323729669822,,,,,,0.7673653846153741,0.9834832009922474,Full,13.805959999906424,6.63713483955379,18.70708497850868,12.069950138954889,2.16,Strong El Nino,El Nino,JAS 2026,False
pt_loma_kelp,2026-09-26,4.265092,3.7401576,11.9,11.1,221,73.67,7.8,8.4,301,1011.4,40,78.44,0.0,-1.1000000000000227,269,9,,73.67,Open-Meteo marine model,70.13562674418604,1.77491620584187,68.18396,69.87200000000001,72.24925999999999,172,12,9410170,,,,,,,,76.51458333333333,71.87977719935319,2.6230414373903637,68.88370833333333,71.53539313110181,76.319875,12,4.634806133980149,3.5343732558139607,97.67755041690293,,46232,3.766961796791986,4.869560024021739,,,69.6161291103498,20.0,21.0,0.49813020320801416,,,,,,,0.9995517538836435,Full,14.805959999906262,6.647843099590363,18.68442612692088,12.036583027330517,2.16,Strong El Nino,El Nino,JAS 2026,False
pt_loma_kelp,2026-09-27,4.7244095999999995,4.1994752,11.85,10.8,214,73.85,4.9,8.2,288,1011.2,96,78.8,0.0,-0.1999999999999318,270,9,72.32900000000001,72.32900000000001,MUR 1km satellite,70.04703699421965,1.7720209799850544,68.04644,69.7694,72.29912,173,12,9410170,,,,,,,,76.38958333333333,71.83047040608862,2.6428907238715524,68.83908333333333,71.4887029288703,76.30991666666667,12,4.559112927244712,2.281963005780355,90.10877225243793,,46232,3.8014566919157513,4.93930462,,,69.59749438532403,20.0,21.0,0.9229529080842482,,,,,,,0.9921059368700724,Full,15.8059599999061,6.658619958633704,18.66183429438085,12.003214335747145,2.16,Strong El Nino,El Nino,JAS 2026,False
pt_loma_kelp,2026-09-28,5.1837272,3.4120736000000003,11.6,10.6,217,73.94,8.5,9.3,279,1008.9,37,77.72,0.0,-2.300000000000068,271,9,71.807,71.807,MUR 1km satellite,69.97338965517241,1.7792921429787123,67.95428,69.5147,72.32252000000001,174,12,9410170,,,,,,,,76.28999999999999,71.78330680028971,2.655239408351488,68.78404166666667,71.48146257554626,76.29995833333332,12,4.506693199710284,1.8336103448275907,84.86188885977899,,46232,3.8247232756882794,4.964913398888888,,,69.56602575414531,20.0,21.0,1.3590039243117205,,,,,,,0.9600738604541995,Waning Gibbous,16.80595999990594,6.669469982073405,18.63931839472139,11.969848412647984,2.16,Strong El Nino,El Nino,JAS 2026,False
pt_loma_kelp,2026-09-29,5.7742784,4.4619424,10.65,7.6,248,73.76,8.2,10.7,229,1006.3,16,75.92,0.0,-2.6000000000000227,272,9,71.7746,71.7746,MUR 1km satellite,69.89694285714285,1.7982004526693613,67.75232,69.4598,72.32036000000001,175,12,9410170,,,,,,,,76.0525,71.73828755063322,2.6750155071681267,68.71291666666666,71.47422222222222,76.28999999999999,12,4.314212449366778,1.87765714285716,85.18005092466066,,46232,3.8477422573249584,5.02378625,,,69.54247762875906,20.0,21.0,1.9265361426750416,,,,,,,0.9040301216596538,Waning Gibbous,17.805959999905777,6.680397645499175,18.616887318961666,11.936489673462491,2.16,Strong El Nino,El Nino,JAS 2026,False
pt_loma_kelp,2026-09-30,4.1994752,2.8215224,11.0,12.6,251,73.13,8.3,11.9,189,1009.0,62,74.3,0.0,2.7000000000000455,273,9,71.6234,71.6234,MUR 1km satellite,69.83162272727273,1.8025821003519071,67.61840000000001,69.44,72.3182,176,12,9410170,,,,,,,,76.06125,71.70626504018954,2.706030615190328,68.66154166666666,71.45440277777777,76.28599999999999,12,4.354984959810466,1.7917772727272734,83.98900064797881,,46232,3.8508057500786808,5.0496352924242425,,,69.51210114201128,20.0,21.0,0.34866944992131943,,,,,,,0.8263179887803223,Waning Gibbous,18.805959999905618,6.69140732205577,18.594549932246405,11.903142610190635,2.16,Strong El Nino,El Nino,JAS 2026,False
pt_loma_kelp,2026-10-01,3.6745408000000004,2.8871392,11.2,11.25,245,72.68,9.5,12.2,324,1010.4,62,75.38,0.0,1.3999999999999773,274,10,71.8754,71.8754,MUR 1km satellite,69.77677288135592,1.8315641938186562,67.532,69.3968,72.31604,177,12,9410170,,,,,,,,76.16291666666666,71.68144478345954,2.740713934592362,68.60149999999999,71.43458333333334,76.282,12,4.481471883207121,2.0986271186440746,87.40633997774032,,46232,3.842157291823443,5.049585582727273,,,69.47376038015146,20.0,21.0,-0.16761649182344263,,,,,,,0.7309239695760712,Waning Gibbous,19.805959999907135,6.702503269882353,18.572315070833767,11.869811800951414,2.16,Strong El Nino,El Nino,JAS 2026,False
pt_loma_kelp,2026-10-02,3.6089240000000005,2.6246720000000003,11.0,11.1,244,72.41,10.7,13.0,332,1009.8,30,84.38000000000001,0.0,-0.6000000000000227,275,10,71.951,71.951,MUR 1km satellite,69.70352203389831,1.8576723254275704,67.47152,69.3446,72.30092,177,12,9410170,,,,,,,,76.0525,71.66377061690405,2.7764735119847,68.60829166666666,71.40791666666667,76.27799999999999,12,4.388729383095949,2.247477966101684,88.68289934928046,-1.5390000000000015,46232,3.8628217730870804,5.087079121666667,,,69.42561185870245,20.0,21.0,-0.25389777308707995,,,,,,,0.6231352998941142,Waning Gibbous,20.805959999906975,6.713689619650809,18.5501915391357,11.83650191948489,2.16,Strong El Nino,El Nino,JAS 2026,False
pt_loma_kelp,2026-10-03,3.1496063999999997,2.1653544,11.35,13.15,234,72.95,11.1,18.1,117,1008.9,1,97.88000000000001,0.0,-0.8999999999999773,276,10,72.96260000000001,72.96260000000001,MUR 1km satellite,69.61213898305085,1.8543172324412311,67.40744,69.21679999999999,72.27824,177,12,9410170,5.447,0.261,5.186,4.0,0.6363190184049079,19.233333333333334,6.0,76.13000000000001,71.62430356861684,2.7918475400399463,68.58324999999999,71.36104166666667,76.223875,12,4.505696431383171,3.350461016949154,96.46066570775416,-0.7073999999999927,46232,3.8805330241639377,5.055911141666666,,,69.37810700982578,20.0,21.0,-0.730926624163938,,,,,,,0.5090574688798968,Last Quarter,21.805959999906815,6.724970362217739,18.52818810681433,11.80321774459659,2.16,Strong El Nino,El Nino,JAS 2026,False
pt_loma_kelp,2026-10-04,2.7559055999999997,2.1653544,12.45,12.35,218,73.13,11.2,16.1,285,1010.7,2,94.1,0.0,1.8000000000000682,277,10,73.4432,73.4432,MUR 1km satellite,69.52567796610171,1.880614507409123,67.36207999999999,69.0782,72.27824,177,12,9410170,5.52,3.301,2.2189999999999994,3.0,0.5252391799544419,2.966666666666667,6.0,76.59625,71.5534197774578,2.7904177178879013,68.52291666666667,71.31750000000001,76.11625000000001,12,5.042830222542193,3.917522033898294,98.13792833867097,1.1141999999999967,46232,3.892357133131504,5.087079121666667,,,69.32551590788182,20.0,21.0,-1.1364515331315044,,,,,,,0.3950846566449676,Last Quarter,22.80595999990665,6.736349336405107,18.50631350593751,11.769964169532402,2.16,Strong El Nino,El Nino,JAS 2026,False
pt_loma_kelp,2026-10-05,3.28084,2.6902888,12.4,12.1,211,73.49,10.4,16.5,328,1011.5,4,95.72,0.0,0.7999999999999545,278,10,73.301,73.301,MUR 1km satellite,69.42988522727273,1.9117939731819449,67.2422,69.0332,72.25880000000001,176,12,9410170,5.757,0.003,5.754,4.0,0.7372383073496659,20.55,7.0,76.76458333333333,71.47952203808107,2.7791921773027535,68.421,71.12312499999999,76.0525,12,5.285061295252262,3.8711147727272675,97.8559119034119,1.4939999999999998,46232,3.9100150075348337,5.130960356666667,,,69.26421206286845,20.0,21.0,-0.6291750075348337,,,,,,,0.2874014624345155,Last Quarter,23.80595999990649,6.747830216924667,18.484576428196153,11.736746211271486,2.16,Strong El Nino,El Nino,JAS 2026,False
pt_loma_kelp,2026-10-06,3.8713911999999997,3.3464568,11.75,11.0,208,73.94,11.2,18.7,323,1010.1,1,89.41999999999999,0.0,-1.3999999999999773,279,10,73.3604,73.3604,MUR 1km satellite,69.32386400000001,1.9578883666109124,67.17308,69.0224,72.26024,175,12,9410170,5.936,-0.135,6.071,4.0,0.8397149643705463,21.533333333333335,7.0,76.95333333333333,71.39228890252052,2.775482170612591,68.27875,70.82333333333332,75.93666666666667,12,5.561044430812814,4.036535999999984,98.03808140546197,1.5857999999999919,46232,3.918397690305209,5.120024223333333,,,69.15578593526038,20.0,21.0,-0.047006490305209425,,,,,,,0.19156317691553915,Waning Crescent,24.80595999990633,6.759416502461724,18.462985522185484,11.70356901972376,2.16,Strong El Nino,El Nino,JAS 2026,False
pt_loma_kelp,2026-10-07,4.6587928,4.0026247999999995,11.7,10.55,199,74.21000000000001,9.4,12.6,313,1010.5,9,83.84,0.0,0.39999999999997726,280,10,73.0274,73.0274,MUR 1km satellite,69.21474137931035,2.0023749730001894,67.03412,68.9243,72.26168,174,12,9410170,5.964,-0.112,6.0760000000000005,4.0,0.902686567164179,22.333333333333332,8.0,76.87875000000001,71.28946899224427,2.7960792861179775,68.16754166666666,70.26,75.78516666666668,12,5.589281007755744,3.8126586206896462,97.154935228311,1.4039999999999964,46232,3.9048992592347576,5.071290079166667,,,69.04405529918955,20.0,21.0,0.7538935407652421,,,,,,,0.11217175383480282,Waning Crescent,25.805959999906168,6.771111503933902,18.441549390751767,11.670437886817865,2.16,Strong El Nino,El Nino,JAS 2026,False
pt_loma_kelp,2026-10-08,4.5275592,3.4120736000000003,13.1,9.35,205,74.3,8.7,14.2,302,1010.1,30,79.7,0.0,-0.39999999999997726,281,10,72.7214,72.7214,MUR 1km satellite,69.10044508670521,2.041742940805101,66.9542,68.801,72.26312,173,12,9410170,5.962,0.066,5.896,4.0,0.94336,5.333333333333333,8.0,76.81958333333334,71.18818163728119,2.8135172998218487,68.14158333333333,70.09875000000001,75.70633333333333,12,5.631401696052151,3.6209549132947956,96.19239648960784,0.8460000000000036,46232,3.8856482800461505,5.071290079166667,,,68.92682734025233,20.0,21.0,0.6419109199538493,,,,,,,0.052647815303152434,Waning Crescent,26.80595999990601,6.78291833294106,18.42027658840558,11.637358255464521,2.16,Strong El Nino,El Nino,JAS 2026,False
pt_loma_kelp,2026-10-09,4.7900263999999995,3.4776904,12.95,14.95,211,73.85,9.3,11.9,316,1008.2,51,75.74000000000001,0.0,-1.8999999999999773,282,10,,73.85,Open-Meteo marine model,69.01118139534884,2.0913792649974323,66.7364,68.6669,72.26456,172,12,9410170,6.269,0.254,6.015000000000001,4.0,0.9522427440633247,12.066666666666666,8.0,76.65343511450382,71.07940287605524,2.8247536842497154,68.09955718270572,69.99979166666667,75.60624999999999,12,5.574032238448581,4.838818604651152,98.96578345482435,1.899000000000001,46232,3.862041392697736,5.081337651666667,,,68.81543078761386,20.0,21.0,0.9279850073022633,,,,,,,0.015097468607471298,Waning Crescent,27.80595999990585,6.7948398904227325,18.399175618801852,11.60433572837912,2.16,Strong El Nino,El Nino,JAS 2026,False
pt_loma_kelp,2026-10-10,4.4619424,3.6745408000000004,12.85,14.2,218,73.49,12.0,18.7,281,1004.5,100,73.4,3.7,-3.7000000000000455,283,10,,73.49,Open-Meteo marine model,68.92395789473684,2.1450595702914805,66.6284,68.4914,72.266,171,12,9410170,6.444,0.021,6.423,4.0,0.9881538461538462,12.6,9.0,,70.9629791970658,2.8388779647487383,68.03675,69.84621848739496,75.49875,12,,4.566042105263151,98.33576340608204,0.5273999999999859,46232,3.8562882529689224,5.093230696666667,,,68.68615615395312,20.0,21.0,0.6056541470310774,,,,,,,0.0002792167927752054,New,28.805959999905685,6.8068788555399085,18.37825493228639,11.57137607674648,2.16,Strong El Nino,El Nino,JAS 2026,True
pt_loma_kelp,2026-10-11,17.9790032,10.498688000000001,11.5,12.9,218,72.95,24.3,25.7,248,1004.3,100,70.16,40.1,-0.20000000000004547,284,10,,72.95,Open-Meteo marine model,68.81928588235294,2.1860140478038934,66.13754,68.25110000000001,72.08618000000001,170,12,9410170,6.476,-0.04,6.516,4.0,0.9725373134328358,13.133333333333333,9.0,,70.83563142018778,2.8583192208018344,67.66616824894516,69.76041666666666,75.38916666666667,12,,4.130714117647059,97.05949340732772,-0.49320000000000164,46232,3.8466775947361374,5.1179736983333335,,,68.55524990359338,20.0,21.0,14.132325605263864,,,,,,,0.007679795233243747,New,0.2753719999055233,6.819037674798313,18.35752292350784,11.538485248709527,2.16,Strong El Nino,El Nino,JAS 2026,True
pt_loma_kelp,2026-10-12,7.217848000000001,5.314960800000001,12.3,13.65,233,72.5,8.9,11.3,232,1012.1,76,66.56,1.9,7.800000000000068,285,10,,72.5,Open-Meteo marine model,68.70055147928993,2.2031009630936365,66.12188,68.018,71.82140000000001,169,12,9410170,6.368,0.058,6.3100000000000005,4.0,0.912289156626506,13.65,10.0,,70.70588702704215,2.8717272367532862,67.57266666666668,69.68702928870293,75.27141666666667,12,,3.7994485207100723,95.76994142447968,-0.8010000000000019,46232,3.84791913495177,5.1191356625,,,68.44521776446011,20.0,21.0,3.369928865048231,,,,,,,0.035700175796790634,New,1.275371999907041,6.831318551430732,18.336987929093223,11.50566937766249,2.16,Strong El Nino,El Nino,JAS 2026,True
pt_loma_kelp,2026-10-13,4.593176,3.5433072,13.0,12.6,222,72.23,10.8,10.5,268,1013.8,11,69.44,3.1,1.6999999999999318,286,10,,72.23,Open-Meteo marine model,68.57541071428572,2.195438278479961,65.99606,67.9856,71.62412,168,12,9410170,6.144,0.29,5.854,3.0,0.8149419953596287,14.2,10.0,,70.57301584729316,2.88858041862173,67.50512179487178,69.62729166666666,75.28533333333334,12,,3.6545892857142803,95.2006559276965,-1.1303999999999945,46232,3.8564720110139805,5.155703358333334,,,68.35832043308113,20.0,21.0,0.7367039889860192,,,,,,,0.0819335649033684,Waxing Crescent,2.2753719999068798,6.8437234350564395,18.316658225384394,11.472934790327955,2.16,Strong El Nino,El Nino,JAS 2026,True
pt_loma_kelp,2026-10-14,4.0026247999999995,3.4120736000000003,12.8,12.4,218,72.23,7.0,8.2,292,1015.3,26,72.68,0.0,1.5,287,10,,72.23,Open-Meteo marine model,68.47082395209581,2.176192739493182,65.97824,67.9478,71.42792,167,12,9410170,5.83,0.614,5.216,4.0,0.6893392070484582,14.8,0.0,,70.44709010148682,2.893769485030964,67.34433333333334,69.62458333333332,75.29925,12,,3.759176047904191,95.79529286353421,-0.7973999999999961,46232,3.8727664370404256,5.192977346111111,,,68.26939448885815,20.0,21.0,0.12985836295957398,,,,,,,0.1434931801229401,Waxing Crescent,3.2753719999067186,6.856254011636052,18.296542026232075,11.440288014596023,2.16,Strong El Nino,El Nino,JAS 2026,True
pt_loma_kelp,2026-10-15,3.4776904,3.0839895999999998,13.45,11.95,212,72.23,9.3,11.5,328,1016.0,14,80.24000000000001,0.0,0.7000000000000455,288,10,,72.23,Open-Meteo marine model,68.36286265060241,2.162486278826231,65.9093,67.8461,71.2868,166,12,9410170,5.453,0.955,4.498,4.0,0.5564536082474226,15.5,1.0,,70.3214828000884,2.8823340105262467,67.02741666666667,69.60645833333334,75.18695833333334,12,,3.867137349397595,96.31348156616252,-0.4913999999999987,46232,3.8890902655819355,5.216809003333334,,,68.1772469680262,20.0,21.0,-0.4113998655819353,,,,,,,0.21732990055544216,Waxing Crescent,4.275371999906557,6.868911693740774,18.276647480843017,11.407735787102244,2.16,Strong El Nino,El Nino,JAS 2026,True
sd_bay,2026-09-25,3.3464568,2.8215224,11.3,10.65,230,73.4,9.6,10.3,321,1012.4,58,79.16,0.0,,268,9,,73.4,Open-Meteo marine model,70.1395789473684,1.8077097381594567,68.0432,70.1348,72.19399999999999,171,12,9410170,,,,,,,,,71.93250651882073,2.6035056252826045,68.91866666666667,71.65208333333334,76.43958333333333,12,,3.2604210526315995,96.43545340045146,,SDBC1,,,,,76.61139285714287,1.0,,,,,,,,0.7673653846153741,0.9834832009922474,Full,13.805959999906424,6.63713483955379,18.70708497850868,12.069950138954889,2.16,Strong El Nino,El Nino,JAS 2026,False
sd_bay,2026-09-26,3.8057744,3.3464568,11.8,11.0,221,73.49000000000001,8.5,9.1,296,1011.4,40,80.42,0.0,-1.0,269,9,,76.51458333333333,NOAA CO-OPS shore thermistor,71.87977719935319,2.6230414373903637,68.88370833333333,71.53539313110181,76.319875,172,12,9410170,,,,,,,,76.51458333333333,71.87977719935319,2.6230414373903637,68.88370833333333,71.53539313110181,76.319875,12,4.634806133980149,4.634806133980149,96.13824352598405,,SDBC1,,,,,76.56598571428573,1.0,,,,,,,,,0.9995517538836435,Full,14.805959999906262,6.647843099590363,18.68442612692088,12.036583027330517,2.16,Strong El Nino,El Nino,JAS 2026,False
sd_bay,2026-09-27,4.265092,3.8057744,11.7,10.65,214,73.75999999999999,5.3,7.2,268,1011.2,96,78.8,0.4,-0.1999999999999318,270,9,72.3542,76.38958333333333,NOAA CO-OPS shore thermistor,71.83047040608862,2.6428907238715524,68.83908333333333,71.4887029288703,76.30991666666667,173,12,9410170,,,,,,,,76.38958333333333,71.83047040608862,2.6428907238715524,68.83908333333333,71.4887029288703,76.30991666666667,12,4.559112927244712,4.559112927244712,95.77405740608656,,SDBC1,,,,,76.54477857142858,1.0,,,,,,,,,0.9921059368700724,Full,15.8059599999061,6.658619958633704,18.66183429438085,12.003214335747145,2.16,Strong El Nino,El Nino,JAS 2026,False
sd_bay,2026-09-28,4.593176,3.2152232,11.45,10.6,217,73.85,9.6,10.3,272,1008.9,47,78.08,0.0,-2.300000000000068,271,9,71.726,76.28999999999999,NOAA CO-OPS shore thermistor,71.78330680028971,2.655239408351488,68.78404166666667,71.48146257554626,76.29995833333332,174,12,9410170,,,,,,,,76.28999999999999,71.78330680028971,2.655239408351488,68.78404166666667,71.48146257554626,76.29995833333332,12,4.506693199710284,4.506693199710284,95.51784326384364,,SDBC1,,,,,76.52801547619048,1.0,,,,,,,,,0.9600738604541995,Waning Gibbous,16.80595999990594,6.669469982073405,18.63931839472139,11.969848412647984,2.16,Strong El Nino,El Nino,JAS 2026,False
sd_bay,2026-09-29,5.0524936,3.8713911999999997,10.4,6.75,248,73.67,8.6,9.3,226,1006.3,21,75.74000000000001,0.0,-2.6000000000000227,272,9,71.717,76.0525,NOAA CO-OPS shore thermistor,71.73828755063322,2.6750155071681267,68.71291666666666,71.47422222222222,76.28999999999999,175,12,9410170,,,,,,,,76.0525,71.73828755063322,2.6750155071681267,68.71291666666666,71.47422222222222,76.28999999999999,12,4.314212449366778,4.314212449366778,94.6603881806216,,SDBC1,,,,,76.51995119047618,1.0,,,,,,,,,0.9040301216596538,Waning Gibbous,17.805959999905777,6.680397645499175,18.616887318961666,11.936489673462491,2.16,Strong El Nino,El Nino,JAS 2026,False
sd_bay,2026-09-30,3.8057744,2.6246720000000003,10.75,11.25,251,73.31,8.7,12.1,196,1009.0,57,74.48,0.0,2.7000000000000455,273,9,71.4704,76.06125,NOAA CO-OPS shore thermistor,71.70626504018954,2.706030615190328,68.66154166666666,71.45440277777777,76.28599999999999,176,12,9410170,,,,,,,,76.06125,71.70626504018954,2.706030615190328,68.66154166666666,71.45440277777777,76.28599999999999,12,4.354984959810466,4.354984959810466,94.62314808147244,,SDBC1,,,,,76.50776547619047,1.0,,,,,,,,,0.8263179887803223,Waning Gibbous,18.805959999905618,6.69140732205577,18.594549932246405,11.903142610190635,2.16,Strong El Nino,El Nino,JAS 2026,False
sd_bay,2026-10-01,3.3464568,2.5590552,11.05,10.65,245,72.86,10.1,11.1,317,1010.3,59,77.72,0.0,1.2999999999999545,274,10,71.735,76.16291666666666,NOAA CO-OPS shore thermistor,71.68144478345954,2.740713934592362,68.60149999999999,71.43458333333334,76.282,177,12,9410170,,,,,,,,76.16291666666666,71.68144478345954,2.740713934592362,68.60149999999999,71.43458333333334,76.282,12,4.481471883207121,4.481471883207121,94.89909478358227,,SDBC1,,,,,76.48920714285714,1.0,,,,,,,,,0.7309239695760712,Waning Gibbous,19.805959999907135,6.702503269882353,18.572315070833767,11.869811800951414,2.16,Strong El Nino,El Nino,JAS 2026,False
sd_bay,2026-10-02,3.2152232,2.3622047999999998,10.8,11.8,244,72.86,10.2,11.9,325,1009.7,28,90.32,0.0,-0.599999999999909,275,10,71.9438,76.0525,NOAA CO-OPS shore thermistor,71.66377061690405,2.7764735119847,68.60829166666666,71.40791666666667,76.27799999999999,177,12,9410170,,,,,,,,76.0525,71.66377061690405,2.7764735119847,68.60829166666666,71.40791666666667,76.27799999999999,12,4.388729383095949,4.388729383095949,94.30249333283074,2.652499999999989,SDBC1,,,,,76.46498736263739,1.0,,,,,,,,,0.6231352998941142,Waning Gibbous,20.805959999906975,6.713689619650809,18.5501915391357,11.83650191948489,2.16,Strong El Nino,El Nino,JAS 2026,False
sd_bay,2026-10-03,2.8215224,1.9028872,11.15,12.85,234,73.31,10.1,18.1,96,1008.9,1,97.34,0.0,-0.8000000000000682,276,10,72.7646,76.13000000000001,NOAA CO-OPS shore thermistor,71.62430356861684,2.7918475400399463,68.58324999999999,71.36104166666667,76.223875,177,12,9410170,5.447,0.261,5.186,4.0,0.6363190184049079,19.233333333333334,6.0,76.13000000000001,71.62430356861684,2.7918475400399463,68.58324999999999,71.36104166666667,76.223875,12,4.505696431383171,4.505696431383171,94.67228641564688,-0.3845833333333246,SDBC1,,,,,76.45149156200942,1.0,,,,,,,,,0.5090574688798968,Last Quarter,21.805959999906815,6.724970362217739,18.52818810681433,11.80321774459659,2.16,Strong El Nino,El Nino,JAS 2026,False
sd_bay,2026-10-04,2.4278216,2.0341208,12.15,12.3,218,73.58,11.4,14.2,268,1010.7,1,96.26,0.0,1.8000000000000682,277,10,73.238,76.59625,NOAA CO-OPS shore thermistor,71.5534197774578,2.7904177178879013,68.52291666666667,71.31750000000001,76.11625000000001,177,12,9410170,5.52,3.301,2.2189999999999994,3.0,0.5252391799544419,2.966666666666667,6.0,76.59625,71.5534197774578,2.7904177178879013,68.52291666666667,71.31750000000001,76.11625000000001,12,5.042830222542193,5.042830222542193,96.4634095471302,0.20666666666666345,SDBC1,,,,,76.44662552831784,1.0,,,,,,,,,0.3950846566449676,Last Quarter,22.80595999990665,6.736349336405107,18.50631350593751,11.769964169532402,2.16,Strong El Nino,El Nino,JAS 2026,False
sd_bay,2026-10-05,2.8215224,2.296588,12.15,11.8,211,73.75999999999999,10.4,17.3,302,1011.6,0,98.41999999999999,0.0,0.8999999999999773,278,10,73.11019999999999,76.76458333333333,NOAA CO-OPS shore thermistor,71.47952203808107,2.7791921773027535,68.421,71.12312499999999,76.0525,176,12,9410170,5.757,0.003,5.754,4.0,0.7372383073496659,20.55,7.0,76.76458333333333,71.47952203808107,2.7791921773027535,68.421,71.12312499999999,76.0525,12,5.285061295252262,5.285061295252262,97.13917836187173,0.47458333333334224,SDBC1,,,,,76.45132348901099,1.0,,,,,,,,,0.2874014624345155,Last Quarter,23.80595999990649,6.747830216924667,18.484576428196153,11.736746211271486,2.16,Strong El Nino,El Nino,JAS 2026,False
sd_bay,2026-10-06,3.4120736000000003,2.8871392,11.5,10.95,208,73.94,12.0,17.7,311,1010.1,0,92.66,0.0,-1.5,279,10,73.27759999999999,76.95333333333333,NOAA CO-OPS shore thermistor,71.39228890252052,2.775482170612591,68.27875,70.82333333333332,75.93666666666667,175,12,9410170,5.936,-0.135,6.071,4.0,0.8397149643705463,21.533333333333335,7.0,76.95333333333333,71.39228890252052,2.775482170612591,68.27875,70.82333333333332,75.93666666666667,12,5.561044430812814,5.561044430812814,97.744524340161,0.9008333333333383,SDBC1,,,,,76.46536913086912,1.0,,,,,,,,,0.19156317691553915,Waning Crescent,24.80595999990633,6.759416502461724,18.462985522185484,11.70356901972376,2.16,Strong El Nino,El Nino,JAS 2026,False
sd_bay,2026-10-07,4.1338584,3.5433072,11.55,10.5,199,74.3,9.6,13.0,301,1010.5,8,84.02,0.0,0.39999999999997726,280,10,72.8942,76.87875000000001,NOAA CO-OPS shore thermistor,71.28946899224427,2.7960792861179775,68.16754166666666,70.26,75.78516666666668,174,12,9410170,5.964,-0.112,6.0760000000000005,4.0,0.902686567164179,22.333333333333332,8.0,76.87875000000001,71.28946899224427,2.7960792861179775,68.16754166666666,70.26,75.78516666666668,12,5.589281007755744,5.589281007755744,97.71942464316773,0.8175000000000097,SDBC1,,,,,76.50588104395604,1.0,,,,,,,,,0.11217175383480282,Waning Crescent,25.805959999906168,6.771111503933902,18.441549390751767,11.670437886817865,2.16,Strong El Nino,El Nino,JAS 2026,False
sd_bay,2026-10-08,4.0682416,3.1496063999999997,12.95,9.2,205,74.21,9.1,13.2,297,1010.1,28,81.5,0.0,-0.39999999999997726,281,10,72.6476,76.81958333333334,NOAA CO-OPS shore thermistor,71.18818163728119,2.8135172998218487,68.14158333333333,70.09875000000001,75.70633333333333,173,12,9410170,5.962,0.066,5.896,4.0,0.94336,5.333333333333333,8.0,76.81958333333334,71.18818163728119,2.8135172998218487,68.14158333333333,70.09875000000001,75.70633333333333,12,5.631401696052151,5.631401696052151,97.73335419855695,0.6566666666666805,SDBC1,,,,,76.55551862026861,1.0,,,,,,,,,0.052647815303152434,Waning Crescent,26.80595999990601,6.78291833294106,18.42027658840558,11.637358255464521,2.16,Strong El Nino,El Nino,JAS 2026,False
sd_bay,2026-10-09,4.3307088,3.28084,12.7,13.25,211,73.75999999999999,9.7,11.5,312,1008.1,41,77.72,0.0,-2.0,282,10,,76.65343511450382,NOAA CO-OPS shore thermistor,71.07940287605524,2.8247536842497154,68.09955718270572,69.99979166666667,75.60624999999999,172,12,9410170,6.269,0.254,6.015000000000001,4.0,0.9522427440633247,12.066666666666666,8.0,76.65343511450382,71.07940287605524,2.8247536842497154,68.09955718270572,69.99979166666667,75.60624999999999,12,5.574032238448581,5.574032238448581,97.57682109919598,0.6009351145038266,SDBC1,,,,,76.6065254120879,1.0,,,,,,,,,0.015097468607471298,Waning Crescent,27.80595999990585,6.7948398904227325,18.399175618801852,11.60433572837912,2.16,Strong El Nino,El Nino,JAS 2026,False
sd_bay,2026-10-10,4.0026247999999995,3.2152232,12.65,13.6,218,73.4,10.5,18.1,265,1004.5,100,73.94,4.7,-3.6000000000000227,283,10,,73.4,Open-Meteo marine model,68.7988,2.157480469763692,66.3998,68.4752,72.1364,171,12,9410170,6.444,0.021,6.423,4.0,0.9881538461538462,12.6,9.0,,70.9629791970658,2.8388779647487383,68.03675,69.84621848739496,75.49875,12,,4.601200000000006,98.35242132748638,-2.730000000000004,SDBC1,,,,,76.68667700156985,1.0,,,,,,,,,0.0002792167927752054,New,28.805959999905685,6.8068788555399085,18.37825493228639,11.57137607674648,2.16,Strong El Nino,El Nino,JAS 2026,True
sd_bay,2026-10-11,16.2729664,9.9081368,11.5,12.7,218,73.22,24.3,26.2,247,1004.4,100,70.16,37.62,-0.10000000000002274,284,10,,73.22,Open-Meteo marine model,68.69290470588236,2.200125606979428,66.03386,68.18629999999999,72.0221,170,12,9410170,6.476,-0.04,6.516,4.0,0.9725373134328358,13.133333333333333,9.0,,70.83563142018778,2.8583192208018344,67.66616824894516,69.76041666666666,75.38916666666667,12,,4.527095294117643,98.01882776631271,-3.376249999999999,SDBC1,,,,,76.77822435897436,1.0,,,,,,,,,0.007679795233243747,New,0.2753719999055233,6.819037674798313,18.35752292350784,11.538485248709527,2.16,Strong El Nino,El Nino,JAS 2026,True
sd_bay,2026-10-12,6.4960632,4.7900263999999995,11.9,13.55,233,72.59,8.9,10.1,232,1012.1,76,66.56,1.9,7.7000000000000455,285,10,,72.59,Open-Meteo marine model,68.56695739644971,2.2139983184023464,65.97032,67.97659999999999,71.7944,169,12,9410170,6.368,0.058,6.3100000000000005,4.0,0.912289156626506,13.65,10.0,,70.70588702704215,2.8717272367532862,67.57266666666668,69.68702928870293,75.27141666666667,12,,4.023042603550294,96.53986235401824,-4.174583333333331,SDBC1,,,,,76.81362637362636,1.0,,,,,,,,,0.035700175796790634,New,1.275371999907041,6.831318551430732,18.336987929093223,11.50566937766249,2.16,Strong El Nino,El Nino,JAS 2026,True
sd_bay,2026-10-13,4.0682416,3.0839895999999998,12.7,12.85,222,72.32,10.8,11.5,268,1013.7,11,69.44,3.1,1.6000000000000227,286,10,,72.32,Open-Meteo marine model,68.43701428571428,2.2030412512626163,65.90948,67.8938,71.48768000000001,168,12,9410170,6.144,0.29,5.854,3.0,0.8149419953596287,14.2,10.0,,70.57301584729316,2.88858041862173,67.50512179487178,69.62729166666666,75.28533333333334,12,,3.8829857142857094,96.10123801218793,-4.63333333333334,SDBC1,,,,,,,,,,,,,,,0.0819335649033684,Waxing Crescent,2.2753719999068798,6.8437234350564395,18.316658225384394,11.472934790327955,2.16,Strong El Nino,El Nino,JAS 2026,True
sd_bay,2026-10-14,3.5433072,3.0183728000000003,12.55,12.3,218,72.23,7.0,4.3,292,1015.4,26,72.68,0.0,1.6999999999999318,287,10,,72.23,Open-Meteo marine model,68.32668383233532,2.1807793088466463,65.81984,67.80199999999999,71.32712000000001,167,12,9410170,5.83,0.614,5.216,4.0,0.6893392070484582,14.8,0.0,,70.44709010148682,2.893769485030964,67.34433333333334,69.62458333333332,75.29925,12,,3.903316167664684,96.32627671721983,-4.648750000000007,SDBC1,,,,,,,,,,,,,,,0.1434931801229401,Waxing Crescent,3.2753719999067186,6.856254011636052,18.296542026232075,11.440288014596023,2.16,Strong El Nino,El Nino,JAS 2026,True
sd_bay,2026-10-15,3.1496063999999997,2.6902888,13.25,11.8,212,72.14,9.3,7.8,328,1015.8,14,80.24000000000001,0.0,0.39999999999997726,288,10,,72.14,Open-Meteo marine model,68.21325662650602,2.163570782151595,65.7878,67.70570000000001,71.15809999999999,166,12,9410170,5.453,0.955,4.498,4.0,0.5564536082474226,15.5,1.0,,70.3214828000884,2.8823340105262467,67.02741666666667,69.60645833333334,75.18695833333334,12,,3.926743373493977,96.52331583021414,-4.6795833333333405,SDBC1,,,,,,,,,,,,,,,0.21732990055544216,Waxing Crescent,4.275371999906557,6.868911693740774,18.276647480843017,11.407735787102244,2.16,Strong El Nino,El Nino,JAS 2026,True
surf_zone,2026-09-25,3.1496063999999997,2.8215224,11.8,11.1,228,74.48,8.7,9.9,297,1012.4,63,76.82,0.0,,268,9,,74.48,Open-Meteo marine model,70.38354736842105,1.9705138899256944,68.2502,70.0556,72.8798,171,12,9410230,,,,,,,,,67.53744981482198,3.552503194352621,61.93145833333333,68.18375,71.561375,12,,4.096452631578956,98.11855927191928,,46225,3.137408909340462,3.981641094166667,,,70.04255540647316,23.0,23.0,0.012197490659537902,,,,,,0.7673653846153741,0.9834832009922474,Full,13.805959999906424,6.63713483955379,18.70708497850868,12.069950138954889,2.16,Strong El Nino,El Nino,JAS 2026,False
surf_zone,2026-09-26,3.7401576,3.3464568,12.0,11.05,222,74.66,10.8,11.3,261,1011.3,48,80.24000000000001,0.0,-1.1000000000000227,269,9,,71.66208333333334,NOAA CO-OPS shore thermistor,67.37083228429304,3.5227018371919656,61.795333333333325,68.03166666666667,71.16366666666667,172,12,9410230,,,,,,,,71.66208333333334,67.37083228429304,3.5227018371919656,61.795333333333325,68.03166666666667,71.16366666666667,12,4.291251049040298,4.291251049040298,88.84203841841457,,46225,3.130268939865714,3.981641094166667,,,69.99814858829133,23.0,23.0,0.6098886601342857,,,,,,,0.9995517538836435,Full,14.805959999906262,6.647843099590363,18.68442612692088,12.036583027330517,2.16,Strong El Nino,El Nino,JAS 2026,False
surf_zone,2026-09-27,4.0026247999999995,3.6745408000000004,12.0,10.85,215,74.21,8.4,11.5,250,1011.0,93,81.32,0.0,-0.2999999999999545,270,9,73.382,72.4125,NOAA CO-OPS shore thermistor,67.26772942949924,3.4976893938167923,61.743,67.76375,71.19329166666667,173,12,9410230,,,,,,,,72.4125,67.26772942949924,3.4976893938167923,61.743,67.76375,71.19329166666667,12,5.144770570500754,5.144770570500754,92.93416626216307,,46225,3.1534939946988283,4.120598338333333,,,69.92186252109765,23.0,23.0,0.8491308053011712,,,,,,,0.9921059368700724,Full,15.8059599999061,6.658619958633704,18.66183429438085,12.003214335747145,2.16,Strong El Nino,El Nino,JAS 2026,False
surf_zone,2026-09-28,4.3963256,3.0839895999999998,11.65,10.85,221,74.12,10.3,10.7,263,1008.7,46,77.54,0.0,-2.2999999999999545,271,9,73.184,72.825,NOAA CO-OPS shore thermistor,67.15250378903353,3.438491252706142,61.87858333333333,67.55875,71.19258333333333,174,12,9410230,,,,,,,,72.825,67.15250378903353,3.438491252706142,61.87858333333333,67.55875,71.19258333333333,12,5.672496210966472,5.672496210966472,95.04983564385678,,46225,3.178437906390747,4.163044205833333,,,69.8313170665522,23.0,23.0,1.2178876936092529,,,,,,,0.9600738604541995,Waning Gibbous,16.80595999990594,6.669469982073405,18.63931839472139,11.969848412647984,2.16,Strong El Nino,El Nino,JAS 2026,False
surf_zone,2026-09-29,5.0524936,3.8713911999999997,10.55,6.85,251,73.85,9.3,13.6,209,1006.1,9,76.82,0.0,-2.6000000000000227,272,9,72.914,70.50083333333333,NOAA CO-OPS shore thermistor,67.08516214119955,3.328046486557474,62.350624999999994,67.37729166666668,71.19187500000001,175,12,9410230,,,,,,,,70.50083333333333,67.08516214119955,3.328046486557474,62.350624999999994,67.37729166666668,71.19187500000001,12,3.415671192133786,3.415671192133786,84.76317742203257,,46225,3.2044576779527962,4.201799128333334,,,69.75216771590284,23.0,23.0,1.8480359220472038,,,,,,,0.9040301216596538,Waning Gibbous,17.805959999905777,6.680397645499175,18.616887318961666,11.936489673462491,2.16,Strong El Nino,El Nino,JAS 2026,False
surf_zone,2026-09-30,3.5433072,2.4278216,11.05,12.6,249,73.58,10.0,10.9,188,1008.8,51,76.46,0.0,2.699999999999932,273,9,72.7052,71.78375,NOAA CO-OPS shore thermistor,67.03943986180849,3.279473259690366,62.50783333333333,67.06916666666667,71.24308333333333,176,12,9410230,,,,,,,,71.78375,67.03943986180849,3.279473259690366,62.50783333333333,67.06916666666667,71.24308333333333,12,4.7443101381915085,4.7443101381915085,92.60050822045082,,46225,3.2115755793347986,4.227909146666667,,,69.68121833573757,23.0,23.0,0.33173162066520145,,,,,,,0.8263179887803223,Waning Gibbous,18.805959999905618,6.69140732205577,18.594549932246405,11.903142610190635,2.16,Strong El Nino,El Nino,JAS 2026,False
surf_zone,2026-10-01,3.0183728000000003,2.2309712,11.5,12.0,242,73.75999999999999,9.1,10.1,304,1010.2,67,74.84,0.0,1.400000000000091,274,10,72.2948,71.95833333333333,NOAA CO-OPS shore thermistor,67.00323029692365,3.233525976217588,62.51316666666666,66.80729166666666,71.23116666666667,177,12,9410230,,,,,,,,71.95833333333333,67.00323029692365,3.233525976217588,62.51316666666666,66.80729166666666,71.23116666666667,12,4.955103036409682,4.955103036409682,93.7289945233551,,46225,3.2084881929055054,4.241921067500002,,,69.59378879028301,23.0,23.0,-0.19011539290550505,,,,,,,0.7309239695760712,Waning Gibbous,19.805959999907135,6.702503269882353,18.572315070833767,11.869811800951414,2.16,Strong El Nino,El Nino,JAS 2026,False
surf_zone,2026-10-02,2.952756,2.1653544,11.25,11.45,241,73.58,8.0,10.5,293,1009.8,25,83.48,0.0,-0.40000000000009095,275,10,72.5018,71.36,NOAA CO-OPS shore thermistor,66.99532119005858,3.2144664056582246,62.3083179916318,66.68041666666666,71.32082697201018,177,12,9410230,,,,,,,,71.36,66.99532119005858,3.2144664056582246,62.3083179916318,66.68041666666666,71.32082697201018,12,4.364678809941424,4.364678809941424,91.27401906057426,-3.1200000000000045,46225,3.2256227430686755,4.287100968333333,,,69.5068132658075,23.0,23.0,-0.27286674306867553,,,,,,,0.6231352998941142,Waning Gibbous,20.805959999906975,6.713689619650809,18.5501915391357,11.83650191948489,2.16,Strong El Nino,El Nino,JAS 2026,False
surf_zone,2026-10-03,2.7559055999999997,2.0341208,11.75,12.15,236,73.58,6.4,11.1,139,1008.9,0,100.22,0.0,-0.8999999999999773,276,10,73.202,70.52083333333333,NOAA CO-OPS shore thermistor,66.97251710257426,3.203239286808287,62.27035529986053,66.63916666666667,71.21925,177,12,9410230,5.168,0.107,5.061,4.0,0.6171951219512195,19.133333333333333,6.0,70.52083333333333,66.97251710257426,3.203239286808287,62.27035529986053,66.63916666666667,71.21925,12,3.5483162307590703,3.5483162307590703,86.60102393488258,-1.1412500000000136,46225,3.230829607582576,4.28067599,,,69.40173337352701,23.0,23.0,-0.47492400758257647,,,,,,,0.5090574688798968,Last Quarter,21.805959999906815,6.724970362217739,18.52818810681433,11.80321774459659,2.16,Strong El Nino,El Nino,JAS 2026,False
surf_zone,2026-10-04,2.3622047999999998,2.0997376,12.7,12.15,221,73.85,7.8,11.9,278,1010.7,2,93.2,0.0,1.8000000000000682,277,10,73.0112,71.19541666666667,NOAA CO-OPS shore thermistor,66.9395141353642,3.1738834353035603,62.2647379707113,66.61199503454647,71.19045833333334,177,12,9410230,5.187,3.124,2.063,3.0,0.4997757847533632,2.95,6.0,71.19541666666667,66.9395141353642,3.1738834353035603,62.2647379707113,66.61199503454647,71.19045833333334,12,4.255902531302468,4.255902531302468,91.00256992747494,-1.2170833333333206,46225,3.2372799865626134,4.275618028333334,,,69.30815516800273,23.0,23.0,-0.8750751865626136,,,,,,,0.3950846566449676,Last Quarter,22.80595999990665,6.736349336405107,18.50631350593751,11.769964169532402,2.16,Strong El Nino,El Nino,JAS 2026,False
surf_zone,2026-10-05,2.8215224,2.0341208,12.6,11.95,217,74.03,7.7,16.1,268,1011.5,0,94.28,0.0,0.7999999999999545,278,10,73.6736,71.31458333333333,NOAA CO-OPS shore thermistor,66.88695701896661,3.123452146093902,62.25912064156207,66.60083333333334,71.05866666666667,176,12,9410230,5.354,-0.092,5.446,4.0,0.699205298013245,20.45,7.0,71.31458333333333,66.88695701896661,3.123452146093902,62.25912064156207,66.60083333333334,71.05866666666667,12,4.427626314366719,4.427626314366719,92.18378181339662,-1.5104166666666714,46225,3.252646473280624,4.349300226666667,,,69.1951050667504,23.0,23.0,-0.43112407328062385,,,,,,,0.2874014624345155,Last Quarter,23.80595999990649,6.747830216924667,18.484576428196153,11.736746211271486,2.16,Strong El Nino,El Nino,JAS 2026,False
surf_zone,2026-10-06,3.2152232,2.6246720000000003,11.7,10.95,217,74.75,8.1,14.4,286,1010.2,2,89.78,0.0,-1.2999999999999545,279,10,74.4368,71.54875,NOAA CO-OPS shore thermistor,66.78572730453394,3.1013168560254822,62.25350331241283,66.518125,71.04958333333333,175,12,9410230,5.478,-0.179,5.657,4.0,0.7866824644549764,21.466666666666665,7.0,71.54875,66.78572730453394,3.1013168560254822,62.25350331241283,66.518125,71.04958333333333,12,4.763022695466063,4.763022695466063,93.77070817933382,1.0479166666666657,46225,3.258751310286331,4.3563403625,,,69.08201539837687,23.0,23.0,-0.04352811028633097,,,,,,,0.19156317691553915,Waning Crescent,24.80595999990633,6.759416502461724,18.462985522185484,11.70356901972376,2.16,Strong El Nino,El Nino,JAS 2026,False
surf_zone,2026-10-07,3.8057744,3.2152232,11.85,10.8,207,75.11,7.8,14.2,273,1010.4,8,83.84,0.0,0.1999999999999318,280,10,73.84819999999999,72.2925,NOAA CO-OPS shore thermistor,66.66937354112581,3.1129828947971974,62.29495397489541,66.34077253218884,71.05033333333333,174,12,9410230,5.469,-0.12,5.589,4.0,0.8376059850374065,22.266666666666666,8.0,72.2925,66.66937354112581,3.1129828947971974,62.29495397489541,66.34077253218884,71.05033333333333,12,5.6231264588741965,5.6231264588741965,96.45679012441005,0.5087500000000063,46225,3.247030231670408,4.327974766666668,,,68.9777910006364,23.0,23.0,0.558744168329592,,,,,,,0.11217175383480282,Waning Crescent,25.805959999906168,6.771111503933902,18.441549390751767,11.670437886817865,2.16,Strong El Nino,El Nino,JAS 2026,False
surf_zone,2026-10-08,3.8713911999999997,2.8871392,13.1,11.05,209,75.02,7.8,12.1,271,1009.8,23,79.52,0.0,-0.6000000000000227,281,10,74.0732,71.72887029288704,NOAA CO-OPS shore thermistor,66.55145095782942,3.0964615091118235,62.31700000000001,66.285,71.05108333333332,173,12,9410230,5.433,0.077,5.356,4.0,0.8479155672823219,5.3,8.0,71.72887029288704,66.55145095782942,3.0964615091118235,62.31700000000001,66.285,71.05108333333332,12,5.177419335057621,5.177419335057621,95.2742159411541,-0.22946304044629073,46225,3.234736226670419,4.332759325,,,68.86714529384824,23.0,23.0,0.6366549733295805,,,,,,,0.052647815303152434,Waning Crescent,26.80595999990601,6.78291833294106,18.42027658840558,11.637358255464521,2.16,Strong El Nino,El Nino,JAS 2026,False
surf_zone,2026-10-09,4.1338584,3.1496063999999997,13.05,15.1,211,74.48,8.1,10.1,294,1008.0,62,75.56,0.0,-1.7999999999999545,282,10,,71.34580152671755,NOAA CO-OPS shore thermistor,66.47189951811046,3.104960072865892,62.3457496229261,66.27083333333333,71.05183333333333,172,12,9410230,5.722,0.25,5.472,4.0,0.8685714285714287,12.033333333333333,8.0,71.34580152671755,66.47189951811046,3.104960072865892,62.3457496229261,66.27083333333333,71.05183333333333,12,4.873902008607089,4.873902008607089,94.1759270324748,-0.014198473282448276,46225,3.22855265939833,4.351487453333333,,,68.74105673438648,23.0,23.0,0.9053057406016705,,,,,,,0.015097468607471298,Waning Crescent,27.80595999990585,6.7948398904227325,18.399175618801852,11.60433572837912,2.16,Strong El Nino,El Nino,JAS 2026,False
surf_zone,2026-10-10,3.8713911999999997,3.2152232,12.85,14.15,217,73.85,12.3,16.1,247,1004.5,99,74.12,3.7,-3.5,283,10,,73.85,Open-Meteo marine model,69.10816842105262,2.065807522423807,66.8732,68.7866,71.9636,171,12,9410230,5.905,0.014,5.891,4.0,0.9039897698209719,12.55,9.0,,66.39548749008317,3.0862945508100776,62.44845663650076,66.12229166666667,71.02820833333334,12,,4.7418315789473695,98.91445754703636,3.3291666666666657,46225,3.235906745322962,4.374248280833334,,,68.59236824598395,23.0,23.0,0.6354844546770377,,,,,,,0.0002792167927752054,New,28.805959999905685,6.8068788555399085,18.37825493228639,11.57137607674648,2.16,Strong El Nino,El Nino,JAS 2026,True
surf_zone,2026-10-11,14.3044624,9.2519688,11.3,11.95,220,73.4,20.5,23.5,245,1004.0,100,70.88,31.8,-0.5,284,10,,73.4,Open-Meteo marine model,68.98792470588235,2.133155196317267,66.23942,68.7533,71.89394,170,12,9410230,5.964,-0.064,6.0280000000000005,4.0,0.8952475247524753,13.083333333333334,9.0,,66.37375735103791,3.058841261945629,62.505833333333335,66.0,71.05333333333333,12,,4.412075294117656,98.0695639815919,2.204583333333332,46225,3.23983878029848,4.399059633333333,,,68.43364332406544,23.0,23.0,11.064623619701521,,,,,,,0.007679795233243747,New,0.2753719999055233,6.819037674798313,18.35752292350784,11.538485248709527,2.16,Strong El Nino,El Nino,JAS 2026,True
surf_zone,2026-10-12,6.2335959999999995,3.5433072,12.3,13.05,233,72.77,8.1,11.5,228,1012.1,77,67.1,2.1,8.100000000000023,285,10,,72.77,Open-Meteo marine model,68.86506508875739,2.1976587302280945,66.12152,68.7092,71.8286,169,12,9410230,5.897,0.005,5.892,4.0,0.8457416267942585,13.616666666666667,10.0,,66.30313260316049,3.0344933070544653,62.55945833333334,65.91692325236629,71.05466666666666,12,,3.9049349112426057,96.2204474547699,1.4554166666666646,46225,3.2358979565650374,4.400016545,,,68.30337345945317,23.0,23.0,2.997698043434962,,,,,,,0.035700175796790634,New,1.275371999907041,6.831318551430732,18.336987929093223,11.50566937766249,2.16,Strong El Nino,El Nino,JAS 2026,True
surf_zone,2026-10-13,3.9370079999999996,3.2152232,13.2,12.75,222,72.5,10.3,10.5,270,1013.8,16,70.52,3.8,1.6999999999999318,286,10,,72.5,Open-Meteo marine model,68.72675000000001,2.235188244212525,65.99228,68.5985,71.74616,168,12,9410230,5.718,0.199,5.519,3.0,0.7629953917050691,14.166666666666666,10.0,,66.23305728780932,3.0385988331211897,62.49308295625943,65.69250000000001,71.056,12,,3.7732499999999902,95.4305216013189,0.9512500000000017,46225,3.2307744934014244,4.400973456666666,,,68.1937025726062,23.0,23.0,0.7062335065985752,,,,,,,0.0819335649033684,Waxing Crescent,2.2753719999068798,6.8437234350564395,18.316658225384394,11.472934790327955,2.16,Strong El Nino,El Nino,JAS 2026,True
surf_zone,2026-10-14,3.4776904,3.0183728000000003,12.85,12.65,220,72.14,7.4,6.4,283,1015.1,19,76.1,0.0,1.3000000000000682,287,10,,72.14,Open-Meteo marine model,68.58882634730539,2.250762083582359,65.86232,68.513,71.75588,167,12,9410230,5.447,0.476,4.971,4.0,0.6526477024070022,14.783333333333333,0.0,,66.1410098220844,3.0522759257765246,62.405957013574664,65.65041666666667,71.05733333333333,12,,3.551173652694615,94.26901970621168,-0.1525000000000034,46225,3.233636397159956,4.401930368333333,,,68.09714752874099,23.0,23.0,0.24405400284004397,,,,,,,0.1434931801229401,Waxing Crescent,3.2753719999067186,6.856254011636052,18.296542026232075,11.440288014596023,2.16,Strong El Nino,El Nino,JAS 2026,True
surf_zone,2026-10-15,3.0839895999999998,2.7559055999999997,13.5,12.05,214,72.05,7.7,9.1,316,1016.1,14,82.04,0.0,1.0,288,10,,72.05,Open-Meteo marine model,68.4705265060241,2.250338810670146,65.79499999999999,68.3168,71.582,166,12,9410230,5.108,0.766,4.342,4.0,0.5338524590163934,15.55,1.0,,66.09372191081435,3.0441926010689233,62.41608220211161,65.55666666666667,71.04883333333333,12,,3.5794734939758968,94.415441971295,0.3211297071129593,46225,3.242552060978546,4.419662527380953,,,68.00876707930483,23.0,23.0,-0.15856246097854632,,,,,,,0.21732990055544216,Waxing Crescent,4.275371999906557,6.868911693740774,18.276647480843017,11.407735787102244,2.16,Strong El Nino,El Nino,JAS 2026,True
