date,zone_id,zone,band,lead_days,doy,month,confidence_tier,confidence_key,confidence_label,sst_norm_f,sst_sd_f,sst_years,sst_climatology_source,wave_norm_ft,wind_norm_kt,wave_norm_station,wind_norm_station,wind_norm_is_regional_fallback,sst_proj_f,sst_anom_proj_f,sst_proj_lo_f,sst_proj_hi_f,sst_basis,w_persistence,w_enso_analog,w_cpc_outlook,wave_model_ft,wind_model_kt,wave_model_period_s,pressure_trend_model_24h,wave_proj_ft,wind_proj_kt,sea_state_basis,sea_state_published,wave_basis,wind_basis,model_blend_weight,cpc_nudge_f,sst_anom_core_f,cpc_product,cpc_temp_cat,cpc_temp_prob,cpc_temp_signal_f,cpc_valid_from,cpc_valid_to,cpc_valid_label,cpc_prcp_cat,cpc_prcp_prob,enso_regime,oni,enso_expected_anom_f,enso_analog_basis,analog_years,tide_range_ft,tide_window_widened,max_exchange_rate_ft_h,best_water_hour,first_high_hour,tide_station,moon_illum,moon_phase,moon_age_days,sunrise_hour,sunset_hour,daylight_hours
2026-10-10,sd_bay,San Diego Bay,inshore,7,283,10,2,moderate,Moderate confidence,70.73,2.64,12,CO-OPS shore thermistor climatology,,7.85,,46086,True,75.24,4.51,73.69,76.8,persistence + ENSO analog + CPC outlook,0.8825,0.1175,0.55,4.13,11.18,12.6,-1.5,4.13,10.73,model-blended,True,model blended toward climatology (model weight 0.87),model blended toward climatology (model weight 0.87),0.867,0.352,4.16,cpc_814_temp,Above,60.0,0.64,2026-10-11,2026-10-17,,Above,40.0,El Nino,2.16,0.16,"enso_zone_composite (El Nino, month 10, n=124 days)","1997,2015,1982,2023,1972,1965",6.42,False,0.988,12.6,9.0,9410170,0.0,New,28.81,6.81,18.38,11.57
2026-10-10,mission_bay,Mission Bay,inshore,7,283,10,2,moderate,Moderate confidence,70.73,2.64,12,CO-OPS shore thermistor climatology,,7.85,,46086,True,75.25,4.52,73.7,76.8,persistence + ENSO analog + CPC outlook,0.8825,0.1175,0.55,4.46,11.18,12.8,-1.5,4.46,10.73,model-blended,True,model blended toward climatology (model weight 0.87),model blended toward climatology (model weight 0.87),0.867,0.352,4.17,cpc_814_temp,Above,60.0,0.64,2026-10-11,2026-10-17,,Above,40.0,El Nino,2.16,0.22,"enso_zone_composite (El Nino, month 10, n=124 days)","1997,2015,1982,2023,1972,1965",6.42,False,0.988,12.6,9.0,9410170,0.0,New,28.81,6.81,18.38,11.57
2026-10-10,surf_zone,Del Mar to Imperial Beach Surf,inshore,7,283,10,2,moderate,Moderate confidence,66.21,2.98,12,CO-OPS shore thermistor climatology,3.23,7.85,46225,46086,True,70.03,3.82,68.28,71.78,persistence + ENSO analog + CPC outlook,0.8825,0.1175,0.55,4.13,9.66,12.7,-1.5,4.01,9.42,model-blended,True,model blended toward climatology (model weight 0.87),model blended toward climatology (model weight 0.87),0.867,0.352,3.46,cpc_814_temp,Above,60.0,0.64,2026-10-11,2026-10-17,,Above,40.0,El Nino,2.16,0.34,"enso_zone_composite (El Nino, month 10, n=124 days)","1997,2015,1982,2023,1972,1965",5.89,False,0.904,12.55,9.0,9410230,0.0,New,28.81,6.81,18.38,11.57
2026-10-10,pt_loma_kelp,Point Loma Kelp,nearshore,7,283,10,2,moderate,Moderate confidence,68.77,2.02,12,MUR 1 km satellite climatology,3.86,7.85,46232,46086,True,72.13,3.36,70.94,73.32,persistence + ENSO analog + CPC outlook,0.8825,0.1175,0.55,4.59,11.18,12.8,-1.4,4.5,10.73,model-blended,True,model blended toward climatology (model weight 0.87),model blended toward climatology (model weight 0.87),0.867,0.352,3.0,cpc_814_temp,Above,60.0,0.64,2026-10-11,2026-10-17,,Above,40.0,El Nino,2.16,0.26,"enso_zone_composite (El Nino, month 10, n=124 days)","1997,2015,1982,2023,1972,1965",6.42,False,0.988,12.6,9.0,9410170,0.0,New,28.81,6.81,18.38,11.57
2026-10-10,la_jolla,La Jolla Kelp & Canyon,nearshore,7,283,10,2,moderate,Moderate confidence,68.98,1.94,12,MUR 1 km satellite climatology,3.23,7.85,46225,46086,True,72.6,3.62,71.46,73.74,persistence + ENSO analog + CPC outlook,0.8825,0.1175,0.55,4.26,10.1,12.7,-1.4,4.13,9.8,model-blended,True,model blended toward climatology (model weight 0.87),model blended toward climatology (model weight 0.87),0.867,0.352,3.27,cpc_814_temp,Above,60.0,0.64,2026-10-11,2026-10-17,,Above,40.0,El Nino,2.16,0.37,"enso_zone_composite (El Nino, month 10, n=124 days)","1997,2015,1982,2023,1972,1965",5.89,False,0.904,12.55,9.0,9410230,0.0,New,28.81,6.81,18.38,11.57
2026-10-10,nine_mile,9-Mile Bank & 43-Fathom,offshore,7,283,10,2,moderate,Moderate confidence,69.58,1.95,12,MUR 1 km satellite climatology,3.86,7.85,46232,46086,True,72.77,3.19,71.62,73.91,persistence + ENSO analog + CPC outlook,0.8825,0.1175,0.55,4.86,14.9,12.8,-1.4,4.72,13.96,model-blended,True,model blended toward climatology (model weight 0.87),model blended toward climatology (model weight 0.87),0.867,0.352,2.83,cpc_814_temp,Above,60.0,0.64,2026-10-11,2026-10-17,,Above,40.0,El Nino,2.16,0.57,"enso_zone_composite (El Nino, month 10, n=124 days)","1997,2015,1982,2023,1972,1965",6.42,False,0.988,12.6,9.0,9410170,0.0,New,28.81,6.81,18.38,11.57
2026-10-10,coronados,Coronado Islands,offshore,7,283,10,2,moderate,Moderate confidence,69.1,1.98,12,MUR 1 km satellite climatology,3.86,7.85,46232,46086,True,72.49,3.39,71.32,73.65,persistence + ENSO analog + CPC outlook,0.8825,0.1175,0.55,4.79,11.93,12.8,-1.5,4.67,11.39,model-blended,True,model blended toward climatology (model weight 0.87),model blended toward climatology (model weight 0.87),0.867,0.352,3.04,cpc_814_temp,Above,60.0,0.64,2026-10-11,2026-10-17,,Above,40.0,El Nino,2.16,0.59,"enso_zone_composite (El Nino, month 10, n=124 days)","1997,2015,1982,2023,1972,1965",6.42,False,0.988,12.6,9.0,9410170,0.0,New,28.81,6.81,18.38,11.57
2026-10-10,outer_banks,302 / 371 / Hidden Bank,offshore,7,283,10,2,moderate,Moderate confidence,69.62,1.95,12,MUR 1 km satellite climatology,3.86,7.85,46232,46086,False,72.54,2.92,71.4,73.69,persistence + ENSO analog + CPC outlook,0.8825,0.1175,0.55,5.25,13.93,12.6,-1.5,5.06,13.12,model-blended,True,model blended toward climatology (model weight 0.87),model blended toward climatology (model weight 0.87),0.867,0.352,2.57,cpc_814_temp,Above,60.0,0.64,2026-10-11,2026-10-17,,Above,40.0,El Nino,2.16,0.6,"enso_zone_composite (El Nino, month 10, n=124 days)","1997,2015,1982,2023,1972,1965",6.42,False,0.988,12.6,9.0,9410170,0.0,New,28.81,6.81,18.38,11.57
2026-10-10,cortez_tanner,Cortez & Tanner Bank,offshore,7,283,10,2,moderate,Moderate confidence,67.03,1.77,12,MUR 1 km satellite climatology,6.21,7.85,46086,46086,False,70.63,3.6,69.59,71.67,persistence + ENSO analog + CPC outlook,0.8825,0.1175,0.55,6.43,15.82,11.9,-1.1,6.4,14.76,model-blended,True,model blended toward climatology (model weight 0.87),model blended toward climatology (model weight 0.87),0.867,0.352,3.25,cpc_814_temp,Above,60.0,0.64,2026-10-11,2026-10-17,,Above,40.0,El Nino,2.16,0.08,"enso_zone_composite (El Nino, month 10, n=124 days)","1997,2015,1982,2023,1972,1965",6.42,False,0.988,12.6,9.0,9410170,0.0,New,28.81,6.81,18.38,11.57
2026-10-11,sd_bay,San Diego Bay,inshore,8,284,10,2,moderate,Moderate confidence,70.6,2.65,12,CO-OPS shore thermistor climatology,,7.83,,46086,True,74.64,4.04,72.98,76.3,persistence + ENSO analog + CPC outlook,0.7788,0.2212,0.55,7.48,8.91,12.4,0.8,7.48,8.64,model-blended,True,model blended toward climatology (model weight 0.75),model blended toward climatology (model weight 0.75),0.751,0.352,3.69,cpc_814_temp,Above,60.0,0.64,2026-10-11,2026-10-17,,Above,40.0,El Nino,2.16,0.16,"enso_zone_composite (El Nino, month 10, n=124 days)","1997,2015,1982,2023,1972,1965",6.52,False,0.973,13.13,9.0,9410170,0.008,New,0.28,6.82,18.36,11.54
2026-10-11,mission_bay,Mission Bay,inshore,8,284,10,2,moderate,Moderate confidence,70.6,2.65,12,CO-OPS shore thermistor climatology,,7.83,,46086,True,74.65,4.06,73.0,76.31,persistence + ENSO analog + CPC outlook,0.7788,0.2212,0.55,8.07,8.91,12.6,0.8,8.07,8.64,model-blended,True,model blended toward climatology (model weight 0.75),model blended toward climatology (model weight 0.75),0.751,0.352,3.7,cpc_814_temp,Above,60.0,0.64,2026-10-11,2026-10-17,,Above,40.0,El Nino,2.16,0.22,"enso_zone_composite (El Nino, month 10, n=124 days)","1997,2015,1982,2023,1972,1965",6.52,False,0.973,13.13,9.0,9410170,0.008,New,0.28,6.82,18.36,11.54
2026-10-11,surf_zone,Del Mar to Imperial Beach Surf,inshore,8,284,10,2,moderate,Moderate confidence,66.18,2.94,12,CO-OPS shore thermistor climatology,3.24,7.83,46225,46086,True,69.63,3.45,67.79,71.48,persistence + ENSO analog + CPC outlook,0.7788,0.2212,0.55,7.15,8.37,12.7,0.8,6.18,8.24,model-blended,True,model blended toward climatology (model weight 0.75),model blended toward climatology (model weight 0.75),0.751,0.352,3.1,cpc_814_temp,Above,60.0,0.64,2026-10-11,2026-10-17,,Above,40.0,El Nino,2.16,0.34,"enso_zone_composite (El Nino, month 10, n=124 days)","1997,2015,1982,2023,1972,1965",6.03,False,0.895,13.08,9.0,9410230,0.008,New,0.28,6.82,18.36,11.54
2026-10-11,pt_loma_kelp,Point Loma Kelp,nearshore,8,284,10,2,moderate,Moderate confidence,68.69,2.08,12,MUR 1 km satellite climatology,3.85,7.83,46232,46086,True,71.72,3.03,70.42,73.02,persistence + ENSO analog + CPC outlook,0.7788,0.2212,0.55,8.4,8.91,12.5,0.8,7.27,8.64,model-blended,True,model blended toward climatology (model weight 0.75),model blended toward climatology (model weight 0.75),0.751,0.352,2.68,cpc_814_temp,Above,60.0,0.64,2026-10-11,2026-10-17,,Above,40.0,El Nino,2.16,0.26,"enso_zone_composite (El Nino, month 10, n=124 days)","1997,2015,1982,2023,1972,1965",6.52,False,0.973,13.13,9.0,9410170,0.008,New,0.28,6.82,18.36,11.54
2026-10-11,la_jolla,La Jolla Kelp & Canyon,nearshore,8,284,10,2,moderate,Moderate confidence,68.88,2.01,12,MUR 1 km satellite climatology,3.24,7.83,46225,46086,True,72.16,3.28,70.9,73.41,persistence + ENSO analog + CPC outlook,0.7788,0.2212,0.55,7.61,8.31,12.7,0.8,6.52,8.2,model-blended,True,model blended toward climatology (model weight 0.75),model blended toward climatology (model weight 0.75),0.751,0.352,2.93,cpc_814_temp,Above,60.0,0.64,2026-10-11,2026-10-17,,Above,40.0,El Nino,2.16,0.37,"enso_zone_composite (El Nino, month 10, n=124 days)","1997,2015,1982,2023,1972,1965",6.03,False,0.895,13.08,9.0,9410230,0.008,New,0.28,6.82,18.36,11.54
2026-10-11,nine_mile,9-Mile Bank & 43-Fathom,offshore,8,284,10,2,moderate,Moderate confidence,69.49,2.01,12,MUR 1 km satellite climatology,3.85,7.83,46232,46086,True,72.41,2.92,71.15,73.67,persistence + ENSO analog + CPC outlook,0.7788,0.2212,0.55,9.32,11.45,12.6,0.8,7.96,10.55,model-blended,True,model blended toward climatology (model weight 0.75),model blended toward climatology (model weight 0.75),0.751,0.352,2.57,cpc_814_temp,Above,60.0,0.64,2026-10-11,2026-10-17,,Above,40.0,El Nino,2.16,0.57,"enso_zone_composite (El Nino, month 10, n=124 days)","1997,2015,1982,2023,1972,1965",6.52,False,0.973,13.13,9.0,9410170,0.008,New,0.28,6.82,18.36,11.54
2026-10-11,coronados,Coronado Islands,offshore,8,284,10,2,moderate,Moderate confidence,69.01,2.01,12,MUR 1 km satellite climatology,3.85,7.83,46232,46086,True,72.12,3.1,70.86,73.37,persistence + ENSO analog + CPC outlook,0.7788,0.2212,0.55,9.12,11.02,12.4,0.7,7.81,10.22,model-blended,True,model blended toward climatology (model weight 0.75),model blended toward climatology (model weight 0.75),0.751,0.352,2.75,cpc_814_temp,Above,60.0,0.64,2026-10-11,2026-10-17,,Above,40.0,El Nino,2.16,0.59,"enso_zone_composite (El Nino, month 10, n=124 days)","1997,2015,1982,2023,1972,1965",6.52,False,0.973,13.13,9.0,9410170,0.008,New,0.28,6.82,18.36,11.54
2026-10-11,outer_banks,302 / 371 / Hidden Bank,offshore,8,284,10,2,moderate,Moderate confidence,69.56,1.98,12,MUR 1 km satellite climatology,3.85,7.83,46232,46086,False,72.25,2.69,71.01,73.49,persistence + ENSO analog + CPC outlook,0.7788,0.2212,0.55,10.56,11.99,12.5,0.8,8.89,10.96,model-blended,True,model blended toward climatology (model weight 0.75),model blended toward climatology (model weight 0.75),0.751,0.352,2.34,cpc_814_temp,Above,60.0,0.64,2026-10-11,2026-10-17,,Above,40.0,El Nino,2.16,0.6,"enso_zone_composite (El Nino, month 10, n=124 days)","1997,2015,1982,2023,1972,1965",6.52,False,0.973,13.13,9.0,9410170,0.008,New,0.28,6.82,18.36,11.54
2026-10-11,cortez_tanner,Cortez & Tanner Bank,offshore,8,284,10,2,moderate,Moderate confidence,66.99,1.78,12,MUR 1 km satellite climatology,6.21,7.83,46086,46086,False,70.22,3.23,69.11,71.33,persistence + ENSO analog + CPC outlook,0.7788,0.2212,0.55,15.35,18.84,12.0,0.4,13.08,16.11,model-blended,True,model blended toward climatology (model weight 0.75),model blended toward climatology (model weight 0.75),0.751,0.352,2.87,cpc_814_temp,Above,60.0,0.64,2026-10-11,2026-10-17,,Above,40.0,El Nino,2.16,0.08,"enso_zone_composite (El Nino, month 10, n=124 days)","1997,2015,1982,2023,1972,1965",6.52,False,0.973,13.13,9.0,9410170,0.008,New,0.28,6.82,18.36,11.54
2026-10-12,sd_bay,San Diego Bay,inshore,9,285,10,2,moderate,Moderate confidence,70.5,2.69,12,CO-OPS shore thermistor climatology,,7.86,,46086,True,74.13,3.63,72.35,75.92,persistence + ENSO analog + CPC outlook,0.6873,0.3127,0.55,,10.42,,2.0,,9.53,partially model-blended,True,climatology only - deterministic swell model does not reach this lead,model blended toward climatology (model weight 0.65),0.651,0.352,3.28,cpc_814_temp,Above,60.0,0.64,2026-10-11,2026-10-17,,Above,40.0,El Nino,2.16,0.16,"enso_zone_composite (El Nino, month 10, n=124 days)","1997,2015,1982,2023,1972,1965",6.31,False,0.912,13.65,10.0,9410170,0.036,New,1.28,6.83,18.34,11.51
2026-10-12,mission_bay,Mission Bay,inshore,9,285,10,2,moderate,Moderate confidence,70.5,2.69,12,CO-OPS shore thermistor climatology,,7.86,,46086,True,74.15,3.65,72.36,75.93,persistence + ENSO analog + CPC outlook,0.6873,0.3127,0.55,,10.42,,2.0,,9.53,partially model-blended,True,climatology only - deterministic swell model does not reach this lead,model blended toward climatology (model weight 0.65),0.651,0.352,3.3,cpc_814_temp,Above,60.0,0.64,2026-10-11,2026-10-17,,Above,40.0,El Nino,2.16,0.22,"enso_zone_composite (El Nino, month 10, n=124 days)","1997,2015,1982,2023,1972,1965",6.31,False,0.912,13.65,10.0,9410170,0.036,New,1.28,6.83,18.34,11.51
2026-10-12,surf_zone,Del Mar to Imperial Beach Surf,inshore,9,285,10,2,moderate,Moderate confidence,66.14,2.93,12,CO-OPS shore thermistor climatology,3.23,7.86,46225,46086,True,69.27,3.12,67.32,71.21,persistence + ENSO analog + CPC outlook,0.6873,0.3127,0.55,,8.8,,2.2,,8.47,partially model-blended,True,climatology only - deterministic swell model does not reach this lead,model blended toward climatology (model weight 0.65),0.651,0.352,2.77,cpc_814_temp,Above,60.0,0.64,2026-10-11,2026-10-17,,Above,40.0,El Nino,2.16,0.34,"enso_zone_composite (El Nino, month 10, n=124 days)","1997,2015,1982,2023,1972,1965",5.89,False,0.846,13.62,10.0,9410230,0.036,New,1.28,6.83,18.34,11.51
2026-10-12,pt_loma_kelp,Point Loma Kelp,nearshore,9,285,10,2,moderate,Moderate confidence,68.59,2.12,12,MUR 1 km satellite climatology,3.84,7.86,46232,46086,True,71.34,2.75,69.94,72.75,persistence + ENSO analog + CPC outlook,0.6873,0.3127,0.55,,10.42,,2.0,,9.53,partially model-blended,True,climatology only - deterministic swell model does not reach this lead,model blended toward climatology (model weight 0.65),0.651,0.352,2.4,cpc_814_temp,Above,60.0,0.64,2026-10-11,2026-10-17,,Above,40.0,El Nino,2.16,0.26,"enso_zone_composite (El Nino, month 10, n=124 days)","1997,2015,1982,2023,1972,1965",6.31,False,0.912,13.65,10.0,9410170,0.036,New,1.28,6.83,18.34,11.51
2026-10-12,la_jolla,La Jolla Kelp & Canyon,nearshore,9,285,10,2,moderate,Moderate confidence,68.77,2.07,12,MUR 1 km satellite climatology,3.23,7.86,46225,46086,True,71.75,2.98,70.37,73.12,persistence + ENSO analog + CPC outlook,0.6873,0.3127,0.55,,8.96,,2.0,,8.58,partially model-blended,True,climatology only - deterministic swell model does not reach this lead,model blended toward climatology (model weight 0.65),0.651,0.352,2.62,cpc_814_temp,Above,60.0,0.64,2026-10-11,2026-10-17,,Above,40.0,El Nino,2.16,0.37,"enso_zone_composite (El Nino, month 10, n=124 days)","1997,2015,1982,2023,1972,1965",5.89,False,0.846,13.62,10.0,9410230,0.036,New,1.28,6.83,18.34,11.51
2026-10-12,nine_mile,9-Mile Bank & 43-Fathom,offshore,9,285,10,2,moderate,Moderate confidence,69.4,2.07,12,MUR 1 km satellite climatology,3.84,7.86,46232,46086,True,72.09,2.68,70.71,73.46,persistence + ENSO analog + CPC outlook,0.6873,0.3127,0.55,,13.5,,1.8,,11.53,partially model-blended,True,climatology only - deterministic swell model does not reach this lead,model blended toward climatology (model weight 0.65),0.651,0.352,2.33,cpc_814_temp,Above,60.0,0.64,2026-10-11,2026-10-17,,Above,40.0,El Nino,2.16,0.57,"enso_zone_composite (El Nino, month 10, n=124 days)","1997,2015,1982,2023,1972,1965",6.31,False,0.912,13.65,10.0,9410170,0.036,New,1.28,6.83,18.34,11.51
2026-10-12,coronados,Coronado Islands,offshore,9,285,10,2,moderate,Moderate confidence,68.92,2.03,12,MUR 1 km satellite climatology,3.84,7.86,46232,46086,True,71.77,2.85,70.42,73.12,persistence + ENSO analog + CPC outlook,0.6873,0.3127,0.55,,14.63,,1.9,,12.27,partially model-blended,True,climatology only - deterministic swell model does not reach this lead,model blended toward climatology (model weight 0.65),0.651,0.352,2.5,cpc_814_temp,Above,60.0,0.64,2026-10-11,2026-10-17,,Above,40.0,El Nino,2.16,0.59,"enso_zone_composite (El Nino, month 10, n=124 days)","1997,2015,1982,2023,1972,1965",6.31,False,0.912,13.65,10.0,9410170,0.036,New,1.28,6.83,18.34,11.51
2026-10-12,outer_banks,302 / 371 / Hidden Bank,offshore,9,285,10,2,moderate,Moderate confidence,69.48,2.0,12,MUR 1 km satellite climatology,3.84,7.86,46232,46086,False,71.97,2.49,70.64,73.3,persistence + ENSO analog + CPC outlook,0.6873,0.3127,0.55,,12.04,,1.9,,10.58,partially model-blended,True,climatology only - deterministic swell model does not reach this lead,model blended toward climatology (model weight 0.65),0.651,0.352,2.13,cpc_814_temp,Above,60.0,0.64,2026-10-11,2026-10-17,,Above,40.0,El Nino,2.16,0.6,"enso_zone_composite (El Nino, month 10, n=124 days)","1997,2015,1982,2023,1972,1965",6.31,False,0.912,13.65,10.0,9410170,0.036,New,1.28,6.83,18.34,11.51
2026-10-12,cortez_tanner,Cortez & Tanner Bank,offshore,9,285,10,2,moderate,Moderate confidence,66.96,1.78,12,MUR 1 km satellite climatology,6.23,7.86,46086,46086,False,69.86,2.9,68.68,71.04,persistence + ENSO analog + CPC outlook,0.6873,0.3127,0.55,,12.04,,2.0,,10.58,partially model-blended,True,climatology only - deterministic swell model does not reach this lead,model blended toward climatology (model weight 0.65),0.651,0.352,2.55,cpc_814_temp,Above,60.0,0.64,2026-10-11,2026-10-17,,Above,40.0,El Nino,2.16,0.08,"enso_zone_composite (El Nino, month 10, n=124 days)","1997,2015,1982,2023,1972,1965",6.31,False,0.912,13.65,10.0,9410170,0.036,New,1.28,6.83,18.34,11.51
2026-10-13,sd_bay,San Diego Bay,inshore,10,286,10,2,moderate,Moderate confidence,70.41,2.74,12,CO-OPS shore thermistor climatology,,7.88,,46086,True,73.67,3.26,71.75,75.59,persistence + ENSO analog + CPC outlook,0.6065,0.3935,0.55,,7.94,,2.1,,7.91,partially model-blended,True,climatology only - deterministic swell model does not reach this lead,model blended toward climatology (model weight 0.56),0.565,0.352,2.91,cpc_814_temp,Above,60.0,0.64,2026-10-11,2026-10-17,,Above,40.0,El Nino,2.16,0.16,"enso_zone_composite (El Nino, month 10, n=124 days)","1997,2015,1982,2023,1972,1965",5.85,False,0.815,14.2,10.0,9410170,0.082,Waxing Crescent,2.28,6.84,18.32,11.47
2026-10-13,mission_bay,Mission Bay,inshore,10,286,10,2,moderate,Moderate confidence,70.41,2.74,12,CO-OPS shore thermistor climatology,,7.88,,46086,True,73.69,3.29,71.77,75.61,persistence + ENSO analog + CPC outlook,0.6065,0.3935,0.55,,7.94,,2.1,,7.91,partially model-blended,True,climatology only - deterministic swell model does not reach this lead,model blended toward climatology (model weight 0.56),0.565,0.352,2.93,cpc_814_temp,Above,60.0,0.64,2026-10-11,2026-10-17,,Above,40.0,El Nino,2.16,0.22,"enso_zone_composite (El Nino, month 10, n=124 days)","1997,2015,1982,2023,1972,1965",5.85,False,0.815,14.2,10.0,9410170,0.082,Waxing Crescent,2.28,6.84,18.32,11.47
2026-10-13,surf_zone,Del Mar to Imperial Beach Surf,inshore,10,286,10,2,moderate,Moderate confidence,66.1,2.95,12,CO-OPS shore thermistor climatology,3.22,7.88,46225,46086,True,68.94,2.84,66.87,71.01,persistence + ENSO analog + CPC outlook,0.6065,0.3935,0.55,,6.53,,1.9,,7.12,partially model-blended,True,climatology only - deterministic swell model does not reach this lead,model blended toward climatology (model weight 0.56),0.565,0.352,2.49,cpc_814_temp,Above,60.0,0.64,2026-10-11,2026-10-17,,Above,40.0,El Nino,2.16,0.34,"enso_zone_composite (El Nino, month 10, n=124 days)","1997,2015,1982,2023,1972,1965",5.52,False,0.763,14.17,10.0,9410230,0.082,Waxing Crescent,2.28,6.84,18.32,11.47
2026-10-13,pt_loma_kelp,Point Loma Kelp,nearshore,10,286,10,2,moderate,Moderate confidence,68.49,2.13,12,MUR 1 km satellite climatology,3.85,7.88,46232,46086,True,70.99,2.5,69.5,72.49,persistence + ENSO analog + CPC outlook,0.6065,0.3935,0.55,,7.94,,2.0,,7.91,partially model-blended,True,climatology only - deterministic swell model does not reach this lead,model blended toward climatology (model weight 0.56),0.565,0.352,2.14,cpc_814_temp,Above,60.0,0.64,2026-10-11,2026-10-17,,Above,40.0,El Nino,2.16,0.26,"enso_zone_composite (El Nino, month 10, n=124 days)","1997,2015,1982,2023,1972,1965",5.85,False,0.815,14.2,10.0,9410170,0.082,Waxing Crescent,2.28,6.84,18.32,11.47
2026-10-13,la_jolla,La Jolla Kelp & Canyon,nearshore,10,286,10,2,moderate,Moderate confidence,68.65,2.12,12,MUR 1 km satellite climatology,3.22,7.88,46225,46086,True,71.37,2.71,69.88,72.85,persistence + ENSO analog + CPC outlook,0.6065,0.3935,0.55,,6.91,,2.0,,7.33,partially model-blended,True,climatology only - deterministic swell model does not reach this lead,model blended toward climatology (model weight 0.56),0.565,0.352,2.36,cpc_814_temp,Above,60.0,0.64,2026-10-11,2026-10-17,,Above,40.0,El Nino,2.16,0.37,"enso_zone_composite (El Nino, month 10, n=124 days)","1997,2015,1982,2023,1972,1965",5.52,False,0.763,14.17,10.0,9410230,0.082,Waxing Crescent,2.28,6.84,18.32,11.47
2026-10-13,nine_mile,9-Mile Bank & 43-Fathom,offshore,10,286,10,2,moderate,Moderate confidence,69.33,2.11,12,MUR 1 km satellite climatology,3.85,7.88,46232,46086,True,71.81,2.48,70.33,73.29,persistence + ENSO analog + CPC outlook,0.6065,0.3935,0.55,,9.66,,2.1,,8.89,partially model-blended,True,climatology only - deterministic swell model does not reach this lead,model blended toward climatology (model weight 0.56),0.565,0.352,2.13,cpc_814_temp,Above,60.0,0.64,2026-10-11,2026-10-17,,Above,40.0,El Nino,2.16,0.57,"enso_zone_composite (El Nino, month 10, n=124 days)","1997,2015,1982,2023,1972,1965",5.85,False,0.815,14.2,10.0,9410170,0.082,Waxing Crescent,2.28,6.84,18.32,11.47
2026-10-13,coronados,Coronado Islands,offshore,10,286,10,2,moderate,Moderate confidence,68.83,2.03,12,MUR 1 km satellite climatology,3.85,7.88,46232,46086,True,71.46,2.62,70.04,72.88,persistence + ENSO analog + CPC outlook,0.6065,0.3935,0.55,,10.91,,2.1,,9.59,partially model-blended,True,climatology only - deterministic swell model does not reach this lead,model blended toward climatology (model weight 0.56),0.565,0.352,2.27,cpc_814_temp,Above,60.0,0.64,2026-10-11,2026-10-17,,Above,40.0,El Nino,2.16,0.59,"enso_zone_composite (El Nino, month 10, n=124 days)","1997,2015,1982,2023,1972,1965",5.85,False,0.815,14.2,10.0,9410170,0.082,Waxing Crescent,2.28,6.84,18.32,11.47
2026-10-13,outer_banks,302 / 371 / Hidden Bank,offshore,10,286,10,2,moderate,Moderate confidence,69.41,2.01,12,MUR 1 km satellite climatology,3.85,7.88,46232,46086,False,71.72,2.31,70.31,73.13,persistence + ENSO analog + CPC outlook,0.6065,0.3935,0.55,,10.26,,2.0,,9.22,partially model-blended,True,climatology only - deterministic swell model does not reach this lead,model blended toward climatology (model weight 0.56),0.565,0.352,1.95,cpc_814_temp,Above,60.0,0.64,2026-10-11,2026-10-17,,Above,40.0,El Nino,2.16,0.6,"enso_zone_composite (El Nino, month 10, n=124 days)","1997,2015,1982,2023,1972,1965",5.85,False,0.815,14.2,10.0,9410170,0.082,Waxing Crescent,2.28,6.84,18.32,11.47
2026-10-13,cortez_tanner,Cortez & Tanner Bank,offshore,10,286,10,2,moderate,Moderate confidence,66.93,1.79,12,MUR 1 km satellite climatology,6.29,7.88,46086,46086,False,69.54,2.61,68.28,70.79,persistence + ENSO analog + CPC outlook,0.6065,0.3935,0.55,,9.56,,2.0,,8.83,partially model-blended,True,climatology only - deterministic swell model does not reach this lead,model blended toward climatology (model weight 0.56),0.565,0.352,2.26,cpc_814_temp,Above,60.0,0.64,2026-10-11,2026-10-17,,Above,40.0,El Nino,2.16,0.08,"enso_zone_composite (El Nino, month 10, n=124 days)","1997,2015,1982,2023,1972,1965",5.85,False,0.815,14.2,10.0,9410170,0.082,Waxing Crescent,2.28,6.84,18.32,11.47
2026-10-14,sd_bay,San Diego Bay,inshore,11,287,10,2,moderate,Moderate confidence,70.32,2.78,12,CO-OPS shore thermistor climatology,,7.9,,46086,True,73.26,2.94,71.21,75.32,persistence + ENSO analog + CPC outlook,0.5353,0.4647,0.55,,9.61,,1.0,,8.74,partially model-blended,True,climatology only - deterministic swell model does not reach this lead,model blended toward climatology (model weight 0.49),0.49,0.352,2.59,cpc_814_temp,Above,60.0,0.64,2026-10-11,2026-10-17,,Above,40.0,El Nino,2.16,0.16,"enso_zone_composite (El Nino, month 10, n=124 days)","1997,2015,1982,2023,1972,1965",5.22,False,0.689,14.8,0.0,9410170,0.143,Waxing Crescent,3.28,6.86,18.3,11.44
2026-10-14,mission_bay,Mission Bay,inshore,11,287,10,2,moderate,Moderate confidence,70.32,2.78,12,CO-OPS shore thermistor climatology,,7.9,,46086,True,73.29,2.97,71.23,75.34,persistence + ENSO analog + CPC outlook,0.5353,0.4647,0.55,,9.61,,1.0,,8.74,partially model-blended,True,climatology only - deterministic swell model does not reach this lead,model blended toward climatology (model weight 0.49),0.49,0.352,2.62,cpc_814_temp,Above,60.0,0.64,2026-10-11,2026-10-17,,Above,40.0,El Nino,2.16,0.22,"enso_zone_composite (El Nino, month 10, n=124 days)","1997,2015,1982,2023,1972,1965",5.22,False,0.689,14.8,0.0,9410170,0.143,Waxing Crescent,3.28,6.86,18.3,11.44
2026-10-14,surf_zone,Del Mar to Imperial Beach Surf,inshore,11,287,10,2,moderate,Moderate confidence,66.04,2.98,12,CO-OPS shore thermistor climatology,3.22,7.9,46225,46086,True,68.62,2.59,66.42,70.83,persistence + ENSO analog + CPC outlook,0.5353,0.4647,0.55,,8.96,,1.1,,8.42,partially model-blended,True,climatology only - deterministic swell model does not reach this lead,model blended toward climatology (model weight 0.49),0.49,0.352,2.23,cpc_814_temp,Above,60.0,0.64,2026-10-11,2026-10-17,,Above,40.0,El Nino,2.16,0.34,"enso_zone_composite (El Nino, month 10, n=124 days)","1997,2015,1982,2023,1972,1965",4.97,False,0.653,14.78,0.0,9410230,0.143,Waxing Crescent,3.28,6.86,18.3,11.44
2026-10-14,pt_loma_kelp,Point Loma Kelp,nearshore,11,287,10,2,moderate,Moderate confidence,68.42,2.13,12,MUR 1 km satellite climatology,3.86,7.9,46232,46086,True,70.69,2.27,69.11,72.27,persistence + ENSO analog + CPC outlook,0.5353,0.4647,0.55,,9.61,,1.0,,8.74,partially model-blended,True,climatology only - deterministic swell model does not reach this lead,model blended toward climatology (model weight 0.49),0.49,0.352,1.92,cpc_814_temp,Above,60.0,0.64,2026-10-11,2026-10-17,,Above,40.0,El Nino,2.16,0.26,"enso_zone_composite (El Nino, month 10, n=124 days)","1997,2015,1982,2023,1972,1965",5.22,False,0.689,14.8,0.0,9410170,0.143,Waxing Crescent,3.28,6.86,18.3,11.44
2026-10-14,la_jolla,La Jolla Kelp & Canyon,nearshore,11,287,10,2,moderate,Moderate confidence,68.56,2.16,12,MUR 1 km satellite climatology,3.22,7.9,46225,46086,True,71.04,2.48,69.43,72.64,persistence + ENSO analog + CPC outlook,0.5353,0.4647,0.55,,8.8,,1.0,,8.34,partially model-blended,True,climatology only - deterministic swell model does not reach this lead,model blended toward climatology (model weight 0.49),0.49,0.352,2.13,cpc_814_temp,Above,60.0,0.64,2026-10-11,2026-10-17,,Above,40.0,El Nino,2.16,0.37,"enso_zone_composite (El Nino, month 10, n=124 days)","1997,2015,1982,2023,1972,1965",4.97,False,0.653,14.78,0.0,9410230,0.143,Waxing Crescent,3.28,6.86,18.3,11.44
2026-10-14,nine_mile,9-Mile Bank & 43-Fathom,offshore,11,287,10,2,moderate,Moderate confidence,69.27,2.13,12,MUR 1 km satellite climatology,3.86,7.9,46232,46086,True,71.56,2.29,69.99,73.14,persistence + ENSO analog + CPC outlook,0.5353,0.4647,0.55,,11.99,,1.1,,9.9,partially model-blended,True,climatology only - deterministic swell model does not reach this lead,model blended toward climatology (model weight 0.49),0.49,0.352,1.94,cpc_814_temp,Above,60.0,0.64,2026-10-11,2026-10-17,,Above,40.0,El Nino,2.16,0.57,"enso_zone_composite (El Nino, month 10, n=124 days)","1997,2015,1982,2023,1972,1965",5.22,False,0.689,14.8,0.0,9410170,0.143,Waxing Crescent,3.28,6.86,18.3,11.44
2026-10-14,coronados,Coronado Islands,offshore,11,287,10,2,moderate,Moderate confidence,68.76,2.02,12,MUR 1 km satellite climatology,3.86,7.9,46232,46086,True,71.19,2.43,69.69,72.68,persistence + ENSO analog + CPC outlook,0.5353,0.4647,0.55,,12.58,,1.0,,10.19,partially model-blended,True,climatology only - deterministic swell model does not reach this lead,model blended toward climatology (model weight 0.49),0.49,0.352,2.07,cpc_814_temp,Above,60.0,0.64,2026-10-11,2026-10-17,,Above,40.0,El Nino,2.16,0.59,"enso_zone_composite (El Nino, month 10, n=124 days)","1997,2015,1982,2023,1972,1965",5.22,False,0.689,14.8,0.0,9410170,0.143,Waxing Crescent,3.28,6.86,18.3,11.44
2026-10-14,outer_banks,302 / 371 / Hidden Bank,offshore,11,287,10,2,moderate,Moderate confidence,69.36,2.02,12,MUR 1 km satellite climatology,3.86,7.9,46232,46086,False,71.5,2.15,70.01,73.0,persistence + ENSO analog + CPC outlook,0.5353,0.4647,0.55,,12.2,,1.0,,10.01,partially model-blended,True,climatology only - deterministic swell model does not reach this lead,model blended toward climatology (model weight 0.49),0.49,0.352,1.8,cpc_814_temp,Above,60.0,0.64,2026-10-11,2026-10-17,,Above,40.0,El Nino,2.16,0.6,"enso_zone_composite (El Nino, month 10, n=124 days)","1997,2015,1982,2023,1972,1965",5.22,False,0.689,14.8,0.0,9410170,0.143,Waxing Crescent,3.28,6.86,18.3,11.44
2026-10-14,cortez_tanner,Cortez & Tanner Bank,offshore,11,287,10,2,moderate,Moderate confidence,66.88,1.8,12,MUR 1 km satellite climatology,6.31,7.9,46086,46086,False,69.23,2.35,67.9,70.56,persistence + ENSO analog + CPC outlook,0.5353,0.4647,0.55,,10.47,,1.3,,9.16,partially model-blended,True,climatology only - deterministic swell model does not reach this lead,model blended toward climatology (model weight 0.49),0.49,0.352,2.0,cpc_814_temp,Above,60.0,0.64,2026-10-11,2026-10-17,,Above,40.0,El Nino,2.16,0.08,"enso_zone_composite (El Nino, month 10, n=124 days)","1997,2015,1982,2023,1972,1965",5.22,False,0.689,14.8,0.0,9410170,0.143,Waxing Crescent,3.28,6.86,18.3,11.44
2026-10-15,sd_bay,San Diego Bay,inshore,12,288,10,2,moderate,Moderate confidence,70.24,2.8,12,CO-OPS shore thermistor climatology,,7.88,,46086,True,72.89,2.66,70.71,75.07,persistence + ENSO analog + CPC outlook,0.4724,0.5276,0.55,,8.26,,0.1,,8.04,partially model-blended,True,climatology only - deterministic swell model does not reach this lead,model blended toward climatology (model weight 0.42),0.424,0.352,2.3,cpc_814_temp,Above,60.0,0.64,2026-10-11,2026-10-17,,Above,40.0,El Nino,2.16,0.16,"enso_zone_composite (El Nino, month 10, n=124 days)","1997,2015,1982,2023,1972,1965",4.5,False,0.556,15.5,1.0,9410170,0.217,Waxing Crescent,4.28,6.87,18.28,11.41
2026-10-15,mission_bay,Mission Bay,inshore,12,288,10,2,moderate,Moderate confidence,70.24,2.8,12,CO-OPS shore thermistor climatology,,7.88,,46086,True,72.92,2.69,70.74,75.1,persistence + ENSO analog + CPC outlook,0.4724,0.5276,0.55,,8.26,,0.1,,8.04,partially model-blended,True,climatology only - deterministic swell model does not reach this lead,model blended toward climatology (model weight 0.42),0.424,0.352,2.33,cpc_814_temp,Above,60.0,0.64,2026-10-11,2026-10-17,,Above,40.0,El Nino,2.16,0.22,"enso_zone_composite (El Nino, month 10, n=124 days)","1997,2015,1982,2023,1972,1965",4.5,False,0.556,15.5,1.0,9410170,0.217,Waxing Crescent,4.28,6.87,18.28,11.41
2026-10-15,surf_zone,Del Mar to Imperial Beach Surf,inshore,12,288,10,2,moderate,Moderate confidence,66.03,3.0,12,CO-OPS shore thermistor climatology,3.23,7.88,46225,46086,True,68.39,2.36,66.05,70.73,persistence + ENSO analog + CPC outlook,0.4724,0.5276,0.55,,8.21,,0.1,,8.02,partially model-blended,True,climatology only - deterministic swell model does not reach this lead,model blended toward climatology (model weight 0.42),0.424,0.352,2.01,cpc_814_temp,Above,60.0,0.64,2026-10-11,2026-10-17,,Above,40.0,El Nino,2.16,0.34,"enso_zone_composite (El Nino, month 10, n=124 days)","1997,2015,1982,2023,1972,1965",4.34,False,0.534,15.55,1.0,9410230,0.217,Waxing Crescent,4.28,6.87,18.28,11.41
2026-10-15,pt_loma_kelp,Point Loma Kelp,nearshore,12,288,10,2,moderate,Moderate confidence,68.34,2.14,12,MUR 1 km satellite climatology,3.88,7.88,46232,46086,True,70.42,2.08,68.75,72.08,persistence + ENSO analog + CPC outlook,0.4724,0.5276,0.55,,8.26,,0.1,,8.04,partially model-blended,True,climatology only - deterministic swell model does not reach this lead,model blended toward climatology (model weight 0.42),0.424,0.352,1.73,cpc_814_temp,Above,60.0,0.64,2026-10-11,2026-10-17,,Above,40.0,El Nino,2.16,0.26,"enso_zone_composite (El Nino, month 10, n=124 days)","1997,2015,1982,2023,1972,1965",4.5,False,0.556,15.5,1.0,9410170,0.217,Waxing Crescent,4.28,6.87,18.28,11.41
2026-10-15,la_jolla,La Jolla Kelp & Canyon,nearshore,12,288,10,2,moderate,Moderate confidence,68.47,2.19,12,MUR 1 km satellite climatology,3.23,7.88,46225,46086,True,70.74,2.27,69.04,72.45,persistence + ENSO analog + CPC outlook,0.4724,0.5276,0.55,,8.1,,0.1,,7.98,partially model-blended,True,climatology only - deterministic swell model does not reach this lead,model blended toward climatology (model weight 0.42),0.424,0.352,1.92,cpc_814_temp,Above,60.0,0.64,2026-10-11,2026-10-17,,Above,40.0,El Nino,2.16,0.37,"enso_zone_composite (El Nino, month 10, n=124 days)","1997,2015,1982,2023,1972,1965",4.34,False,0.534,15.55,1.0,9410230,0.217,Waxing Crescent,4.28,6.87,18.28,11.41
2026-10-15,nine_mile,9-Mile Bank & 43-Fathom,offshore,12,288,10,2,moderate,Moderate confidence,69.19,2.16,12,MUR 1 km satellite climatology,3.88,7.88,46232,46086,True,71.32,2.13,69.64,73.0,persistence + ENSO analog + CPC outlook,0.4724,0.5276,0.55,,11.55,,0.1,,9.44,partially model-blended,True,climatology only - deterministic swell model does not reach this lead,model blended toward climatology (model weight 0.42),0.424,0.352,1.78,cpc_814_temp,Above,60.0,0.64,2026-10-11,2026-10-17,,Above,40.0,El Nino,2.16,0.57,"enso_zone_composite (El Nino, month 10, n=124 days)","1997,2015,1982,2023,1972,1965",4.5,False,0.556,15.5,1.0,9410170,0.217,Waxing Crescent,4.28,6.87,18.28,11.41
2026-10-15,coronados,Coronado Islands,offshore,12,288,10,2,moderate,Moderate confidence,68.67,2.04,12,MUR 1 km satellite climatology,3.88,7.88,46232,46086,True,70.92,2.25,69.33,72.51,persistence + ENSO analog + CPC outlook,0.4724,0.5276,0.55,,12.85,,0.2,,9.99,partially model-blended,True,climatology only - deterministic swell model does not reach this lead,model blended toward climatology (model weight 0.42),0.424,0.352,1.9,cpc_814_temp,Above,60.0,0.64,2026-10-11,2026-10-17,,Above,40.0,El Nino,2.16,0.59,"enso_zone_composite (El Nino, month 10, n=124 days)","1997,2015,1982,2023,1972,1965",4.5,False,0.556,15.5,1.0,9410170,0.217,Waxing Crescent,4.28,6.87,18.28,11.41
2026-10-15,outer_banks,302 / 371 / Hidden Bank,offshore,12,288,10,2,moderate,Moderate confidence,69.29,2.01,12,MUR 1 km satellite climatology,3.88,7.88,46232,46086,False,71.3,2.01,69.73,72.87,persistence + ENSO analog + CPC outlook,0.4724,0.5276,0.55,,11.82,,0.2,,9.56,partially model-blended,True,climatology only - deterministic swell model does not reach this lead,model blended toward climatology (model weight 0.42),0.424,0.352,1.65,cpc_814_temp,Above,60.0,0.64,2026-10-11,2026-10-17,,Above,40.0,El Nino,2.16,0.6,"enso_zone_composite (El Nino, month 10, n=124 days)","1997,2015,1982,2023,1972,1965",4.5,False,0.556,15.5,1.0,9410170,0.217,Waxing Crescent,4.28,6.87,18.28,11.41
2026-10-15,cortez_tanner,Cortez & Tanner Bank,offshore,12,288,10,2,moderate,Moderate confidence,66.82,1.78,12,MUR 1 km satellite climatology,6.33,7.88,46086,46086,False,68.94,2.13,67.56,70.33,persistence + ENSO analog + CPC outlook,0.4724,0.5276,0.55,,12.2,,0.2,,9.72,partially model-blended,True,climatology only - deterministic swell model does not reach this lead,model blended toward climatology (model weight 0.42),0.424,0.352,1.78,cpc_814_temp,Above,60.0,0.64,2026-10-11,2026-10-17,,Above,40.0,El Nino,2.16,0.08,"enso_zone_composite (El Nino, month 10, n=124 days)","1997,2015,1982,2023,1972,1965",4.5,False,0.556,15.5,1.0,9410170,0.217,Waxing Crescent,4.28,6.87,18.28,11.41
2026-10-16,sd_bay,San Diego Bay,inshore,13,289,10,2,moderate,Moderate confidence,70.14,2.82,12,CO-OPS shore thermistor climatology,,7.84,,46086,True,72.54,2.4,70.24,74.85,persistence + ENSO analog + CPC outlook,0.4169,0.5831,0.55,,7.5,,1.7,,7.72,partially model-blended,True,climatology only - deterministic swell model does not reach this lead,model blended toward climatology (model weight 0.37),0.368,0.352,2.05,cpc_814_temp,Above,60.0,0.64,2026-10-11,2026-10-17,,Above,40.0,El Nino,2.16,0.16,"enso_zone_composite (El Nino, month 10, n=124 days)","1997,2015,1982,2023,1972,1965",3.84,False,0.435,16.47,12.0,9410170,0.3,Waxing Crescent,5.28,6.88,18.26,11.38
2026-10-16,mission_bay,Mission Bay,inshore,13,289,10,2,moderate,Moderate confidence,70.14,2.82,12,CO-OPS shore thermistor climatology,,7.84,,46086,True,72.58,2.44,70.28,74.88,persistence + ENSO analog + CPC outlook,0.4169,0.5831,0.55,,7.5,,1.7,,7.72,partially model-blended,True,climatology only - deterministic swell model does not reach this lead,model blended toward climatology (model weight 0.37),0.368,0.352,2.09,cpc_814_temp,Above,60.0,0.64,2026-10-11,2026-10-17,,Above,40.0,El Nino,2.16,0.22,"enso_zone_composite (El Nino, month 10, n=124 days)","1997,2015,1982,2023,1972,1965",3.84,False,0.435,16.47,12.0,9410170,0.3,Waxing Crescent,5.28,6.88,18.26,11.38
2026-10-16,surf_zone,Del Mar to Imperial Beach Surf,inshore,13,289,10,2,moderate,Moderate confidence,66.02,3.04,12,CO-OPS shore thermistor climatology,3.27,7.84,46225,46086,True,68.19,2.17,65.71,70.67,persistence + ENSO analog + CPC outlook,0.4169,0.5831,0.55,,8.04,,1.8,,7.91,partially model-blended,True,climatology only - deterministic swell model does not reach this lead,model blended toward climatology (model weight 0.37),0.368,0.352,1.81,cpc_814_temp,Above,60.0,0.64,2026-10-11,2026-10-17,,Above,40.0,El Nino,2.16,0.34,"enso_zone_composite (El Nino, month 10, n=124 days)","1997,2015,1982,2023,1972,1965",3.78,False,0.427,16.55,12.0,9410230,0.3,Waxing Crescent,5.28,6.88,18.26,11.38
2026-10-16,pt_loma_kelp,Point Loma Kelp,nearshore,13,289,10,2,moderate,Moderate confidence,68.25,2.15,12,MUR 1 km satellite climatology,3.93,7.84,46232,46086,True,70.15,1.91,68.4,71.91,persistence + ENSO analog + CPC outlook,0.4169,0.5831,0.55,,7.5,,1.8,,7.72,partially model-blended,True,climatology only - deterministic swell model does not reach this lead,model blended toward climatology (model weight 0.37),0.368,0.352,1.55,cpc_814_temp,Above,60.0,0.64,2026-10-11,2026-10-17,,Above,40.0,El Nino,2.16,0.26,"enso_zone_composite (El Nino, month 10, n=124 days)","1997,2015,1982,2023,1972,1965",3.84,False,0.435,16.47,12.0,9410170,0.3,Waxing Crescent,5.28,6.88,18.26,11.38
2026-10-16,la_jolla,La Jolla Kelp & Canyon,nearshore,13,289,10,2,moderate,Moderate confidence,68.38,2.21,12,MUR 1 km satellite climatology,3.27,7.84,46225,46086,True,70.46,2.09,68.66,72.27,persistence + ENSO analog + CPC outlook,0.4169,0.5831,0.55,,7.45,,1.8,,7.7,partially model-blended,True,climatology only - deterministic swell model does not reach this lead,model blended toward climatology (model weight 0.37),0.368,0.352,1.74,cpc_814_temp,Above,60.0,0.64,2026-10-11,2026-10-17,,Above,40.0,El Nino,2.16,0.37,"enso_zone_composite (El Nino, month 10, n=124 days)","1997,2015,1982,2023,1972,1965",3.78,False,0.427,16.55,12.0,9410230,0.3,Waxing Crescent,5.28,6.88,18.26,11.38
2026-10-16,nine_mile,9-Mile Bank & 43-Fathom,offshore,13,289,10,2,moderate,Moderate confidence,69.08,2.19,12,MUR 1 km satellite climatology,3.93,7.84,46232,46086,True,71.07,1.99,69.28,72.86,persistence + ENSO analog + CPC outlook,0.4169,0.5831,0.55,,10.04,,1.7,,8.65,partially model-blended,True,climatology only - deterministic swell model does not reach this lead,model blended toward climatology (model weight 0.37),0.368,0.352,1.64,cpc_814_temp,Above,60.0,0.64,2026-10-11,2026-10-17,,Above,40.0,El Nino,2.16,0.57,"enso_zone_composite (El Nino, month 10, n=124 days)","1997,2015,1982,2023,1972,1965",3.84,False,0.435,16.47,12.0,9410170,0.3,Waxing Crescent,5.28,6.88,18.26,11.38
2026-10-16,coronados,Coronado Islands,offshore,13,289,10,2,moderate,Moderate confidence,68.56,2.06,12,MUR 1 km satellite climatology,3.93,7.84,46232,46086,True,70.66,2.1,68.98,72.33,persistence + ENSO analog + CPC outlook,0.4169,0.5831,0.55,,12.15,,1.7,,9.42,partially model-blended,True,climatology only - deterministic swell model does not reach this lead,model blended toward climatology (model weight 0.37),0.368,0.352,1.75,cpc_814_temp,Above,60.0,0.64,2026-10-11,2026-10-17,,Above,40.0,El Nino,2.16,0.59,"enso_zone_composite (El Nino, month 10, n=124 days)","1997,2015,1982,2023,1972,1965",3.84,False,0.435,16.47,12.0,9410170,0.3,Waxing Crescent,5.28,6.88,18.26,11.38
2026-10-16,outer_banks,302 / 371 / Hidden Bank,offshore,13,289,10,2,moderate,Moderate confidence,69.21,2.02,12,MUR 1 km satellite climatology,3.93,7.84,46232,46086,False,71.09,1.88,69.45,72.74,persistence + ENSO analog + CPC outlook,0.4169,0.5831,0.55,,11.29,,1.7,,9.11,partially model-blended,True,climatology only - deterministic swell model does not reach this lead,model blended toward climatology (model weight 0.37),0.368,0.352,1.53,cpc_814_temp,Above,60.0,0.64,2026-10-11,2026-10-17,,Above,40.0,El Nino,2.16,0.6,"enso_zone_composite (El Nino, month 10, n=124 days)","1997,2015,1982,2023,1972,1965",3.84,False,0.435,16.47,12.0,9410170,0.3,Waxing Crescent,5.28,6.88,18.26,11.38
2026-10-16,cortez_tanner,Cortez & Tanner Bank,offshore,13,289,10,2,moderate,Moderate confidence,66.77,1.76,12,MUR 1 km satellite climatology,6.36,7.84,46086,46086,False,68.7,1.93,67.26,70.13,persistence + ENSO analog + CPC outlook,0.4169,0.5831,0.55,,15.28,,1.7,,10.58,partially model-blended,True,climatology only - deterministic swell model does not reach this lead,model blended toward climatology (model weight 0.37),0.368,0.352,1.58,cpc_814_temp,Above,60.0,0.64,2026-10-11,2026-10-17,,Above,40.0,El Nino,2.16,0.08,"enso_zone_composite (El Nino, month 10, n=124 days)","1997,2015,1982,2023,1972,1965",3.84,False,0.435,16.47,12.0,9410170,0.3,Waxing Crescent,5.28,6.88,18.26,11.38
2026-10-17,sd_bay,San Diego Bay,inshore,14,290,10,2,moderate,Moderate confidence,70.04,2.83,12,CO-OPS shore thermistor climatology,,7.74,,46086,True,72.22,2.18,69.8,74.64,persistence + ENSO analog + CPC outlook,0.3679,0.6321,0.55,,7.83,,0.8,,7.77,partially model-blended,True,climatology only - deterministic swell model does not reach this lead,model blended toward climatology (model weight 0.32),0.319,0.352,1.83,cpc_814_temp,Above,60.0,0.64,2026-10-11,2026-10-17,,Above,40.0,El Nino,2.16,0.16,"enso_zone_composite (El Nino, month 10, n=124 days)","1997,2015,1982,2023,1972,1965",3.44,False,0.373,17.83,13.0,9410170,0.39,First Quarter,6.28,6.89,18.24,11.34
2026-10-17,mission_bay,Mission Bay,inshore,14,290,10,2,moderate,Moderate confidence,70.04,2.83,12,CO-OPS shore thermistor climatology,,7.74,,46086,True,72.26,2.22,69.84,74.67,persistence + ENSO analog + CPC outlook,0.3679,0.6321,0.55,,7.83,,0.8,,7.77,partially model-blended,True,climatology only - deterministic swell model does not reach this lead,model blended toward climatology (model weight 0.32),0.319,0.352,1.87,cpc_814_temp,Above,60.0,0.64,2026-10-11,2026-10-17,,Above,40.0,El Nino,2.16,0.22,"enso_zone_composite (El Nino, month 10, n=124 days)","1997,2015,1982,2023,1972,1965",3.44,False,0.373,17.83,13.0,9410170,0.39,First Quarter,6.28,6.89,18.24,11.34
2026-10-17,surf_zone,Del Mar to Imperial Beach Surf,inshore,14,290,10,2,moderate,Moderate confidence,66.03,3.01,12,CO-OPS shore thermistor climatology,3.28,7.74,46225,46086,True,68.02,1.99,65.45,70.6,persistence + ENSO analog + CPC outlook,0.3679,0.6321,0.55,,7.18,,0.7,,7.56,partially model-blended,True,climatology only - deterministic swell model does not reach this lead,model blended toward climatology (model weight 0.32),0.319,0.352,1.64,cpc_814_temp,Above,60.0,0.64,2026-10-11,2026-10-17,,Above,40.0,El Nino,2.16,0.34,"enso_zone_composite (El Nino, month 10, n=124 days)","1997,2015,1982,2023,1972,1965",3.41,False,0.373,17.82,13.0,9410230,0.39,First Quarter,6.28,6.89,18.24,11.34
2026-10-17,pt_loma_kelp,Point Loma Kelp,nearshore,14,290,10,2,moderate,Moderate confidence,68.16,2.17,12,MUR 1 km satellite climatology,3.95,7.74,46232,46086,True,69.92,1.75,68.07,71.77,persistence + ENSO analog + CPC outlook,0.3679,0.6321,0.55,,7.83,,0.8,,7.77,partially model-blended,True,climatology only - deterministic swell model does not reach this lead,model blended toward climatology (model weight 0.32),0.319,0.352,1.4,cpc_814_temp,Above,60.0,0.64,2026-10-11,2026-10-17,,Above,40.0,El Nino,2.16,0.26,"enso_zone_composite (El Nino, month 10, n=124 days)","1997,2015,1982,2023,1972,1965",3.44,False,0.373,17.83,13.0,9410170,0.39,First Quarter,6.28,6.89,18.24,11.34
2026-10-17,la_jolla,La Jolla Kelp & Canyon,nearshore,14,290,10,2,moderate,Moderate confidence,68.28,2.21,12,MUR 1 km satellite climatology,3.28,7.74,46225,46086,True,70.21,1.93,68.32,72.1,persistence + ENSO analog + CPC outlook,0.3679,0.6321,0.55,,7.5,,0.8,,7.66,partially model-blended,True,climatology only - deterministic swell model does not reach this lead,model blended toward climatology (model weight 0.32),0.319,0.352,1.58,cpc_814_temp,Above,60.0,0.64,2026-10-11,2026-10-17,,Above,40.0,El Nino,2.16,0.37,"enso_zone_composite (El Nino, month 10, n=124 days)","1997,2015,1982,2023,1972,1965",3.41,False,0.373,17.82,13.0,9410230,0.39,First Quarter,6.28,6.89,18.24,11.34
2026-10-17,nine_mile,9-Mile Bank & 43-Fathom,offshore,14,290,10,2,moderate,Moderate confidence,68.96,2.23,12,MUR 1 km satellite climatology,3.95,7.74,46232,46086,True,70.83,1.87,68.92,72.73,persistence + ENSO analog + CPC outlook,0.3679,0.6321,0.55,,9.94,,1.0,,8.44,partially model-blended,True,climatology only - deterministic swell model does not reach this lead,model blended toward climatology (model weight 0.32),0.319,0.352,1.51,cpc_814_temp,Above,60.0,0.64,2026-10-11,2026-10-17,,Above,40.0,El Nino,2.16,0.57,"enso_zone_composite (El Nino, month 10, n=124 days)","1997,2015,1982,2023,1972,1965",3.44,False,0.373,17.83,13.0,9410170,0.39,First Quarter,6.28,6.89,18.24,11.34
2026-10-17,coronados,Coronado Islands,offshore,14,290,10,2,moderate,Moderate confidence,68.44,2.07,12,MUR 1 km satellite climatology,3.95,7.74,46232,46086,True,70.4,1.96,68.63,72.17,persistence + ENSO analog + CPC outlook,0.3679,0.6321,0.55,,11.34,,1.0,,8.89,partially model-blended,True,climatology only - deterministic swell model does not reach this lead,model blended toward climatology (model weight 0.32),0.319,0.352,1.61,cpc_814_temp,Above,60.0,0.64,2026-10-11,2026-10-17,,Above,40.0,El Nino,2.16,0.59,"enso_zone_composite (El Nino, month 10, n=124 days)","1997,2015,1982,2023,1972,1965",3.44,False,0.373,17.83,13.0,9410170,0.39,First Quarter,6.28,6.89,18.24,11.34
2026-10-17,outer_banks,302 / 371 / Hidden Bank,offshore,14,290,10,2,moderate,Moderate confidence,69.11,2.03,12,MUR 1 km satellite climatology,3.95,7.74,46232,46086,False,70.89,1.77,69.15,72.62,persistence + ENSO analog + CPC outlook,0.3679,0.6321,0.55,,11.34,,1.0,,8.89,partially model-blended,True,climatology only - deterministic swell model does not reach this lead,model blended toward climatology (model weight 0.32),0.319,0.352,1.42,cpc_814_temp,Above,60.0,0.64,2026-10-11,2026-10-17,,Above,40.0,El Nino,2.16,0.6,"enso_zone_composite (El Nino, month 10, n=124 days)","1997,2015,1982,2023,1972,1965",3.44,False,0.373,17.83,13.0,9410170,0.39,First Quarter,6.28,6.89,18.24,11.34
2026-10-17,cortez_tanner,Cortez & Tanner Bank,offshore,14,290,10,2,moderate,Moderate confidence,66.73,1.75,12,MUR 1 km satellite climatology,6.31,7.74,46086,46086,False,68.48,1.75,66.98,69.98,persistence + ENSO analog + CPC outlook,0.3679,0.6321,0.55,,16.9,,1.0,,10.66,partially model-blended,True,climatology only - deterministic swell model does not reach this lead,model blended toward climatology (model weight 0.32),0.319,0.352,1.4,cpc_814_temp,Above,60.0,0.64,2026-10-11,2026-10-17,,Above,40.0,El Nino,2.16,0.08,"enso_zone_composite (El Nino, month 10, n=124 days)","1997,2015,1982,2023,1972,1965",3.44,False,0.373,17.83,13.0,9410170,0.39,First Quarter,6.28,6.89,18.24,11.34
2026-10-18,sd_bay,San Diego Bay,inshore,15,291,10,3,outlook,Outlook / trend only,69.93,2.83,12,CO-OPS shore thermistor climatology,,7.69,,46086,True,71.7,1.78,69.18,74.23,persistence + ENSO analog + CPC outlook,0.3247,0.6753,0.32,,7.83,,-1.7,,,climatology only,False,climatology only - no skilful deterministic swell at this lead,climatology only - no skilful deterministic wind at this lead,0.0,0.141,1.63,cpc_wk34_temp,Above,60.0,0.44,2026-10-17,2026-10-30,,Above,40.0,El Nino,2.16,0.16,"enso_zone_composite (El Nino, month 10, n=124 days)","1997,2015,1982,2023,1972,1965",3.4,False,0.422,19.45,7.0,9410170,0.484,First Quarter,7.28,6.91,18.22,11.31
2026-10-18,mission_bay,Mission Bay,inshore,15,291,10,3,outlook,Outlook / trend only,69.93,2.83,12,CO-OPS shore thermistor climatology,,7.69,,46086,True,71.74,1.82,69.22,74.27,persistence + ENSO analog + CPC outlook,0.3247,0.6753,0.32,,7.83,,-1.7,,,climatology only,False,climatology only - no skilful deterministic swell at this lead,climatology only - no skilful deterministic wind at this lead,0.0,0.141,1.67,cpc_wk34_temp,Above,60.0,0.44,2026-10-17,2026-10-30,,Above,40.0,El Nino,2.16,0.22,"enso_zone_composite (El Nino, month 10, n=124 days)","1997,2015,1982,2023,1972,1965",3.4,False,0.422,19.45,7.0,9410170,0.484,First Quarter,7.28,6.91,18.22,11.31
2026-10-18,surf_zone,Del Mar to Imperial Beach Surf,inshore,15,291,10,3,outlook,Outlook / trend only,66.05,2.98,12,CO-OPS shore thermistor climatology,3.29,7.69,46225,46086,True,67.68,1.63,65.03,70.34,persistence + ENSO analog + CPC outlook,0.3247,0.6753,0.32,,7.61,,-1.6,,,climatology only,False,climatology only - no skilful deterministic swell at this lead,climatology only - no skilful deterministic wind at this lead,0.0,0.141,1.49,cpc_wk34_temp,Above,60.0,0.44,2026-10-17,2026-10-30,,Above,40.0,El Nino,2.16,0.34,"enso_zone_composite (El Nino, month 10, n=124 days)","1997,2015,1982,2023,1972,1965",3.32,False,0.405,19.32,7.0,9410230,0.484,First Quarter,7.28,6.91,18.22,11.31
2026-10-18,pt_loma_kelp,Point Loma Kelp,nearshore,15,291,10,3,outlook,Outlook / trend only,68.1,2.2,12,MUR 1 km satellite climatology,3.96,7.69,46232,46086,True,69.5,1.41,67.54,71.47,persistence + ENSO analog + CPC outlook,0.3247,0.6753,0.32,,7.83,,-1.6,,,climatology only,False,climatology only - no skilful deterministic swell at this lead,climatology only - no skilful deterministic wind at this lead,0.0,0.141,1.27,cpc_wk34_temp,Above,60.0,0.44,2026-10-17,2026-10-30,,Above,40.0,El Nino,2.16,0.26,"enso_zone_composite (El Nino, month 10, n=124 days)","1997,2015,1982,2023,1972,1965",3.4,False,0.422,19.45,7.0,9410170,0.484,First Quarter,7.28,6.91,18.22,11.31
2026-10-18,la_jolla,La Jolla Kelp & Canyon,nearshore,15,291,10,3,outlook,Outlook / trend only,68.21,2.23,12,MUR 1 km satellite climatology,3.29,7.69,46225,46086,True,69.79,1.57,67.8,71.78,persistence + ENSO analog + CPC outlook,0.3247,0.6753,0.32,,7.4,,-1.6,,,climatology only,False,climatology only - no skilful deterministic swell at this lead,climatology only - no skilful deterministic wind at this lead,0.0,0.141,1.43,cpc_wk34_temp,Above,60.0,0.44,2026-10-17,2026-10-30,,Above,40.0,El Nino,2.16,0.37,"enso_zone_composite (El Nino, month 10, n=124 days)","1997,2015,1982,2023,1972,1965",3.32,False,0.405,19.32,7.0,9410230,0.484,First Quarter,7.28,6.91,18.22,11.31
2026-10-18,nine_mile,9-Mile Bank & 43-Fathom,offshore,15,291,10,3,outlook,Outlook / trend only,68.88,2.26,12,MUR 1 km satellite climatology,3.96,7.69,46232,46086,True,70.42,1.54,68.4,72.44,persistence + ENSO analog + CPC outlook,0.3247,0.6753,0.32,,9.88,,-1.7,,,climatology only,False,climatology only - no skilful deterministic swell at this lead,climatology only - no skilful deterministic wind at this lead,0.0,0.141,1.4,cpc_wk34_temp,Above,60.0,0.44,2026-10-17,2026-10-30,,Above,40.0,El Nino,2.16,0.57,"enso_zone_composite (El Nino, month 10, n=124 days)","1997,2015,1982,2023,1972,1965",3.4,False,0.422,19.45,7.0,9410170,0.484,First Quarter,7.28,6.91,18.22,11.31
2026-10-18,coronados,Coronado Islands,offshore,15,291,10,3,outlook,Outlook / trend only,68.34,2.1,12,MUR 1 km satellite climatology,3.96,7.69,46232,46086,True,69.97,1.63,68.09,71.84,persistence + ENSO analog + CPC outlook,0.3247,0.6753,0.32,,10.8,,-1.7,,,climatology only,False,climatology only - no skilful deterministic swell at this lead,climatology only - no skilful deterministic wind at this lead,0.0,0.141,1.49,cpc_wk34_temp,Above,60.0,0.44,2026-10-17,2026-10-30,,Above,40.0,El Nino,2.16,0.59,"enso_zone_composite (El Nino, month 10, n=124 days)","1997,2015,1982,2023,1972,1965",3.4,False,0.422,19.45,7.0,9410170,0.484,First Quarter,7.28,6.91,18.22,11.31
2026-10-18,outer_banks,302 / 371 / Hidden Bank,offshore,15,291,10,3,outlook,Outlook / trend only,69.03,2.04,12,MUR 1 km satellite climatology,3.96,7.69,46232,46086,False,70.49,1.47,68.67,72.31,persistence + ENSO analog + CPC outlook,0.3247,0.6753,0.32,,14.2,,-1.7,,,climatology only,False,climatology only - no skilful deterministic swell at this lead,climatology only - no skilful deterministic wind at this lead,0.0,0.141,1.32,cpc_wk34_temp,Above,60.0,0.44,2026-10-17,2026-10-30,,Above,40.0,El Nino,2.16,0.6,"enso_zone_composite (El Nino, month 10, n=124 days)","1997,2015,1982,2023,1972,1965",3.4,False,0.422,19.45,7.0,9410170,0.484,First Quarter,7.28,6.91,18.22,11.31
2026-10-18,cortez_tanner,Cortez & Tanner Bank,offshore,15,291,10,3,outlook,Outlook / trend only,66.67,1.74,12,MUR 1 km satellite climatology,6.33,7.69,46086,46086,False,68.06,1.39,66.51,69.61,persistence + ENSO analog + CPC outlook,0.3247,0.6753,0.32,,22.14,,-1.3,,,climatology only,False,climatology only - no skilful deterministic swell at this lead,climatology only - no skilful deterministic wind at this lead,0.0,0.141,1.25,cpc_wk34_temp,Above,60.0,0.44,2026-10-17,2026-10-30,,Above,40.0,El Nino,2.16,0.08,"enso_zone_composite (El Nino, month 10, n=124 days)","1997,2015,1982,2023,1972,1965",3.4,False,0.422,19.45,7.0,9410170,0.484,First Quarter,7.28,6.91,18.22,11.31
2026-10-19,sd_bay,San Diego Bay,inshore,16,292,10,3,outlook,Outlook / trend only,69.82,2.82,12,CO-OPS shore thermistor climatology,,7.66,,46086,True,71.42,1.6,68.8,74.04,persistence + ENSO analog + CPC outlook,0.2865,0.7135,0.32,,,,,,,climatology only,False,climatology only - no skilful deterministic swell at this lead,climatology only - no skilful deterministic wind at this lead,0.0,0.141,1.46,cpc_wk34_temp,Above,60.0,0.44,2026-10-17,2026-10-30,,Above,40.0,El Nino,2.16,0.16,"enso_zone_composite (El Nino, month 10, n=124 days)","1997,2015,1982,2023,1972,1965",1.18,False,0.421,3.2,6.0,9410170,0.579,First Quarter,8.28,6.92,18.2,11.28
2026-10-19,mission_bay,Mission Bay,inshore,16,292,10,3,outlook,Outlook / trend only,69.82,2.82,12,CO-OPS shore thermistor climatology,,7.66,,46086,True,71.46,1.64,68.84,74.08,persistence + ENSO analog + CPC outlook,0.2865,0.7135,0.32,,,,,,,climatology only,False,climatology only - no skilful deterministic swell at this lead,climatology only - no skilful deterministic wind at this lead,0.0,0.141,1.5,cpc_wk34_temp,Above,60.0,0.44,2026-10-17,2026-10-30,,Above,40.0,El Nino,2.16,0.22,"enso_zone_composite (El Nino, month 10, n=124 days)","1997,2015,1982,2023,1972,1965",1.18,False,0.421,3.2,6.0,9410170,0.579,First Quarter,8.28,6.92,18.2,11.28
2026-10-19,surf_zone,Del Mar to Imperial Beach Surf,inshore,16,292,10,3,outlook,Outlook / trend only,66.06,2.93,12,CO-OPS shore thermistor climatology,3.31,7.66,46225,46086,True,67.55,1.49,64.83,70.28,persistence + ENSO analog + CPC outlook,0.2865,0.7135,0.32,,,,,,,climatology only,False,climatology only - no skilful deterministic swell at this lead,climatology only - no skilful deterministic wind at this lead,0.0,0.141,1.35,cpc_wk34_temp,Above,60.0,0.44,2026-10-17,2026-10-30,,Above,40.0,El Nino,2.16,0.34,"enso_zone_composite (El Nino, month 10, n=124 days)","1997,2015,1982,2023,1972,1965",1.07,False,0.398,3.18,6.0,9410230,0.579,First Quarter,8.28,6.92,18.2,11.28
2026-10-19,pt_loma_kelp,Point Loma Kelp,nearshore,16,292,10,3,outlook,Outlook / trend only,68.03,2.19,12,MUR 1 km satellite climatology,3.98,7.66,46232,46086,True,69.32,1.29,67.28,71.36,persistence + ENSO analog + CPC outlook,0.2865,0.7135,0.32,,,,,,,climatology only,False,climatology only - no skilful deterministic swell at this lead,climatology only - no skilful deterministic wind at this lead,0.0,0.141,1.15,cpc_wk34_temp,Above,60.0,0.44,2026-10-17,2026-10-30,,Above,40.0,El Nino,2.16,0.26,"enso_zone_composite (El Nino, month 10, n=124 days)","1997,2015,1982,2023,1972,1965",1.18,False,0.421,3.2,6.0,9410170,0.579,First Quarter,8.28,6.92,18.2,11.28
2026-10-19,la_jolla,La Jolla Kelp & Canyon,nearshore,16,292,10,3,outlook,Outlook / trend only,68.14,2.22,12,MUR 1 km satellite climatology,3.31,7.66,46225,46086,True,69.58,1.45,67.52,71.65,persistence + ENSO analog + CPC outlook,0.2865,0.7135,0.32,,,,,,,climatology only,False,climatology only - no skilful deterministic swell at this lead,climatology only - no skilful deterministic wind at this lead,0.0,0.141,1.31,cpc_wk34_temp,Above,60.0,0.44,2026-10-17,2026-10-30,,Above,40.0,El Nino,2.16,0.37,"enso_zone_composite (El Nino, month 10, n=124 days)","1997,2015,1982,2023,1972,1965",1.07,False,0.398,3.18,6.0,9410230,0.579,First Quarter,8.28,6.92,18.2,11.28
2026-10-19,nine_mile,9-Mile Bank & 43-Fathom,offshore,16,292,10,3,outlook,Outlook / trend only,68.81,2.25,12,MUR 1 km satellite climatology,3.98,7.66,46232,46086,True,70.26,1.45,68.16,72.35,persistence + ENSO analog + CPC outlook,0.2865,0.7135,0.32,,,,,,,climatology only,False,climatology only - no skilful deterministic swell at this lead,climatology only - no skilful deterministic wind at this lead,0.0,0.141,1.3,cpc_wk34_temp,Above,60.0,0.44,2026-10-17,2026-10-30,,Above,40.0,El Nino,2.16,0.57,"enso_zone_composite (El Nino, month 10, n=124 days)","1997,2015,1982,2023,1972,1965",1.18,False,0.421,3.2,6.0,9410170,0.579,First Quarter,8.28,6.92,18.2,11.28
2026-10-19,coronados,Coronado Islands,offshore,16,292,10,3,outlook,Outlook / trend only,68.23,2.11,12,MUR 1 km satellite climatology,3.98,7.66,46232,46086,True,69.76,1.52,67.8,71.72,persistence + ENSO analog + CPC outlook,0.2865,0.7135,0.32,,,,,,,climatology only,False,climatology only - no skilful deterministic swell at this lead,climatology only - no skilful deterministic wind at this lead,0.0,0.141,1.38,cpc_wk34_temp,Above,60.0,0.44,2026-10-17,2026-10-30,,Above,40.0,El Nino,2.16,0.59,"enso_zone_composite (El Nino, month 10, n=124 days)","1997,2015,1982,2023,1972,1965",1.18,False,0.421,3.2,6.0,9410170,0.579,First Quarter,8.28,6.92,18.2,11.28
2026-10-19,outer_banks,302 / 371 / Hidden Bank,offshore,16,292,10,3,outlook,Outlook / trend only,68.95,2.03,12,MUR 1 km satellite climatology,3.98,7.66,46232,46086,False,70.33,1.38,68.44,72.22,persistence + ENSO analog + CPC outlook,0.2865,0.7135,0.32,,,,,,,climatology only,False,climatology only - no skilful deterministic swell at this lead,climatology only - no skilful deterministic wind at this lead,0.0,0.141,1.24,cpc_wk34_temp,Above,60.0,0.44,2026-10-17,2026-10-30,,Above,40.0,El Nino,2.16,0.6,"enso_zone_composite (El Nino, month 10, n=124 days)","1997,2015,1982,2023,1972,1965",1.18,False,0.421,3.2,6.0,9410170,0.579,First Quarter,8.28,6.92,18.2,11.28
2026-10-19,cortez_tanner,Cortez & Tanner Bank,offshore,16,292,10,3,outlook,Outlook / trend only,66.62,1.7,12,MUR 1 km satellite climatology,6.36,7.66,46086,46086,False,67.87,1.25,66.29,69.46,persistence + ENSO analog + CPC outlook,0.2865,0.7135,0.32,,,,,,,climatology only,False,climatology only - no skilful deterministic swell at this lead,climatology only - no skilful deterministic wind at this lead,0.0,0.141,1.11,cpc_wk34_temp,Above,60.0,0.44,2026-10-17,2026-10-30,,Above,40.0,El Nino,2.16,0.08,"enso_zone_composite (El Nino, month 10, n=124 days)","1997,2015,1982,2023,1972,1965",1.18,False,0.421,3.2,6.0,9410170,0.579,First Quarter,8.28,6.92,18.2,11.28
2026-10-20,sd_bay,San Diego Bay,inshore,17,293,10,3,outlook,Outlook / trend only,69.71,2.8,12,CO-OPS shore thermistor climatology,,7.72,,46086,True,71.16,1.45,68.45,73.88,persistence + ENSO analog + CPC outlook,0.2528,0.7472,0.32,,,,,,,climatology only,False,climatology only - no skilful deterministic swell at this lead,climatology only - no skilful deterministic wind at this lead,0.0,0.141,1.31,cpc_wk34_temp,Above,60.0,0.44,2026-10-17,2026-10-30,,Above,40.0,El Nino,2.16,0.16,"enso_zone_composite (El Nino, month 10, n=124 days)","1997,2015,1982,2023,1972,1965",3.94,False,0.534,3.6,7.0,9410170,0.673,Waxing Gibbous,9.28,6.93,18.18,11.25
2026-10-20,mission_bay,Mission Bay,inshore,17,293,10,3,outlook,Outlook / trend only,69.71,2.8,12,CO-OPS shore thermistor climatology,,7.72,,46086,True,71.21,1.49,68.49,73.92,persistence + ENSO analog + CPC outlook,0.2528,0.7472,0.32,,,,,,,climatology only,False,climatology only - no skilful deterministic swell at this lead,climatology only - no skilful deterministic wind at this lead,0.0,0.141,1.35,cpc_wk34_temp,Above,60.0,0.44,2026-10-17,2026-10-30,,Above,40.0,El Nino,2.16,0.22,"enso_zone_composite (El Nino, month 10, n=124 days)","1997,2015,1982,2023,1972,1965",3.94,False,0.534,3.6,7.0,9410170,0.673,Waxing Gibbous,9.28,6.93,18.18,11.25
2026-10-20,surf_zone,Del Mar to Imperial Beach Surf,inshore,17,293,10,3,outlook,Outlook / trend only,66.05,2.89,12,CO-OPS shore thermistor climatology,3.31,7.72,46225,46086,True,67.43,1.37,64.63,70.23,persistence + ENSO analog + CPC outlook,0.2528,0.7472,0.32,,,,,,,climatology only,False,climatology only - no skilful deterministic swell at this lead,climatology only - no skilful deterministic wind at this lead,0.0,0.141,1.23,cpc_wk34_temp,Above,60.0,0.44,2026-10-17,2026-10-30,,Above,40.0,El Nino,2.16,0.34,"enso_zone_composite (El Nino, month 10, n=124 days)","1997,2015,1982,2023,1972,1965",3.7,False,0.489,3.6,7.0,9410230,0.673,Waxing Gibbous,9.28,6.93,18.18,11.25
2026-10-20,pt_loma_kelp,Point Loma Kelp,nearshore,17,293,10,3,outlook,Outlook / trend only,67.96,2.17,12,MUR 1 km satellite climatology,3.98,7.72,46232,46086,True,69.14,1.18,67.04,71.24,persistence + ENSO analog + CPC outlook,0.2528,0.7472,0.32,,,,,,,climatology only,False,climatology only - no skilful deterministic swell at this lead,climatology only - no skilful deterministic wind at this lead,0.0,0.141,1.04,cpc_wk34_temp,Above,60.0,0.44,2026-10-17,2026-10-30,,Above,40.0,El Nino,2.16,0.26,"enso_zone_composite (El Nino, month 10, n=124 days)","1997,2015,1982,2023,1972,1965",3.94,False,0.534,3.6,7.0,9410170,0.673,Waxing Gibbous,9.28,6.93,18.18,11.25
2026-10-20,la_jolla,La Jolla Kelp & Canyon,nearshore,17,293,10,3,outlook,Outlook / trend only,68.05,2.19,12,MUR 1 km satellite climatology,3.31,7.72,46225,46086,True,69.39,1.34,67.27,71.51,persistence + ENSO analog + CPC outlook,0.2528,0.7472,0.32,,,,,,,climatology only,False,climatology only - no skilful deterministic swell at this lead,climatology only - no skilful deterministic wind at this lead,0.0,0.141,1.2,cpc_wk34_temp,Above,60.0,0.44,2026-10-17,2026-10-30,,Above,40.0,El Nino,2.16,0.37,"enso_zone_composite (El Nino, month 10, n=124 days)","1997,2015,1982,2023,1972,1965",3.7,False,0.489,3.6,7.0,9410230,0.673,Waxing Gibbous,9.28,6.93,18.18,11.25
2026-10-20,nine_mile,9-Mile Bank & 43-Fathom,offshore,17,293,10,3,outlook,Outlook / trend only,68.75,2.21,12,MUR 1 km satellite climatology,3.98,7.72,46232,46086,True,70.11,1.36,67.96,72.25,persistence + ENSO analog + CPC outlook,0.2528,0.7472,0.32,,,,,,,climatology only,False,climatology only - no skilful deterministic swell at this lead,climatology only - no skilful deterministic wind at this lead,0.0,0.141,1.22,cpc_wk34_temp,Above,60.0,0.44,2026-10-17,2026-10-30,,Above,40.0,El Nino,2.16,0.57,"enso_zone_composite (El Nino, month 10, n=124 days)","1997,2015,1982,2023,1972,1965",3.94,False,0.534,3.6,7.0,9410170,0.673,Waxing Gibbous,9.28,6.93,18.18,11.25
2026-10-20,coronados,Coronado Islands,offshore,17,293,10,3,outlook,Outlook / trend only,68.13,2.1,12,MUR 1 km satellite climatology,3.98,7.72,46232,46086,True,69.56,1.43,67.52,71.59,persistence + ENSO analog + CPC outlook,0.2528,0.7472,0.32,,,,,,,climatology only,False,climatology only - no skilful deterministic swell at this lead,climatology only - no skilful deterministic wind at this lead,0.0,0.141,1.29,cpc_wk34_temp,Above,60.0,0.44,2026-10-17,2026-10-30,,Above,40.0,El Nino,2.16,0.59,"enso_zone_composite (El Nino, month 10, n=124 days)","1997,2015,1982,2023,1972,1965",3.94,False,0.534,3.6,7.0,9410170,0.673,Waxing Gibbous,9.28,6.93,18.18,11.25
2026-10-20,outer_banks,302 / 371 / Hidden Bank,offshore,17,293,10,3,outlook,Outlook / trend only,68.87,2.02,12,MUR 1 km satellite climatology,3.98,7.72,46232,46086,False,70.17,1.3,68.21,72.13,persistence + ENSO analog + CPC outlook,0.2528,0.7472,0.32,,,,,,,climatology only,False,climatology only - no skilful deterministic swell at this lead,climatology only - no skilful deterministic wind at this lead,0.0,0.141,1.16,cpc_wk34_temp,Above,60.0,0.44,2026-10-17,2026-10-30,,Above,40.0,El Nino,2.16,0.6,"enso_zone_composite (El Nino, month 10, n=124 days)","1997,2015,1982,2023,1972,1965",3.94,False,0.534,3.6,7.0,9410170,0.673,Waxing Gibbous,9.28,6.93,18.18,11.25
2026-10-20,cortez_tanner,Cortez & Tanner Bank,offshore,17,293,10,3,outlook,Outlook / trend only,66.59,1.67,12,MUR 1 km satellite climatology,6.35,7.72,46086,46086,False,67.72,1.13,66.1,69.33,persistence + ENSO analog + CPC outlook,0.2528,0.7472,0.32,,,,,,,climatology only,False,climatology only - no skilful deterministic swell at this lead,climatology only - no skilful deterministic wind at this lead,0.0,0.141,0.99,cpc_wk34_temp,Above,60.0,0.44,2026-10-17,2026-10-30,,Above,40.0,El Nino,2.16,0.08,"enso_zone_composite (El Nino, month 10, n=124 days)","1997,2015,1982,2023,1972,1965",3.94,False,0.534,3.6,7.0,9410170,0.673,Waxing Gibbous,9.28,6.93,18.18,11.25
2026-10-21,sd_bay,San Diego Bay,inshore,18,294,10,3,outlook,Outlook / trend only,69.61,2.78,12,CO-OPS shore thermistor climatology,,7.73,,46086,True,70.92,1.32,68.13,73.72,persistence + ENSO analog + CPC outlook,0.2231,0.7769,0.32,,,,,,,climatology only,False,climatology only - no skilful deterministic swell at this lead,climatology only - no skilful deterministic wind at this lead,0.0,0.141,1.17,cpc_wk34_temp,Above,60.0,0.44,2026-10-17,2026-10-30,,Above,40.0,El Nino,2.16,0.16,"enso_zone_composite (El Nino, month 10, n=124 days)","1997,2015,1982,2023,1972,1965",4.27,False,0.637,3.98,7.0,9410170,0.762,Waxing Gibbous,10.28,6.95,18.16,11.21
2026-10-21,mission_bay,Mission Bay,inshore,18,294,10,3,outlook,Outlook / trend only,69.61,2.78,12,CO-OPS shore thermistor climatology,,7.73,,46086,True,70.97,1.36,68.17,73.76,persistence + ENSO analog + CPC outlook,0.2231,0.7769,0.32,,,,,,,climatology only,False,climatology only - no skilful deterministic swell at this lead,climatology only - no skilful deterministic wind at this lead,0.0,0.141,1.22,cpc_wk34_temp,Above,60.0,0.44,2026-10-17,2026-10-30,,Above,40.0,El Nino,2.16,0.22,"enso_zone_composite (El Nino, month 10, n=124 days)","1997,2015,1982,2023,1972,1965",4.27,False,0.637,3.98,7.0,9410170,0.762,Waxing Gibbous,10.28,6.95,18.16,11.21
2026-10-21,surf_zone,Del Mar to Imperial Beach Surf,inshore,18,294,10,3,outlook,Outlook / trend only,66.05,2.84,12,CO-OPS shore thermistor climatology,3.31,7.73,46225,46086,True,67.32,1.27,64.46,70.17,persistence + ENSO analog + CPC outlook,0.2231,0.7769,0.32,,,,,,,climatology only,False,climatology only - no skilful deterministic swell at this lead,climatology only - no skilful deterministic wind at this lead,0.0,0.141,1.13,cpc_wk34_temp,Above,60.0,0.44,2026-10-17,2026-10-30,,Above,40.0,El Nino,2.16,0.34,"enso_zone_composite (El Nino, month 10, n=124 days)","1997,2015,1982,2023,1972,1965",3.95,False,0.577,3.98,7.0,9410230,0.762,Waxing Gibbous,10.28,6.95,18.16,11.21
2026-10-21,pt_loma_kelp,Point Loma Kelp,nearshore,18,294,10,3,outlook,Outlook / trend only,67.88,2.13,12,MUR 1 km satellite climatology,3.98,7.73,46232,46086,True,68.97,1.09,66.83,71.12,persistence + ENSO analog + CPC outlook,0.2231,0.7769,0.32,,,,,,,climatology only,False,climatology only - no skilful deterministic swell at this lead,climatology only - no skilful deterministic wind at this lead,0.0,0.141,0.95,cpc_wk34_temp,Above,60.0,0.44,2026-10-17,2026-10-30,,Above,40.0,El Nino,2.16,0.26,"enso_zone_composite (El Nino, month 10, n=124 days)","1997,2015,1982,2023,1972,1965",4.27,False,0.637,3.98,7.0,9410170,0.762,Waxing Gibbous,10.28,6.95,18.16,11.21
2026-10-21,la_jolla,La Jolla Kelp & Canyon,nearshore,18,294,10,3,outlook,Outlook / trend only,67.97,2.16,12,MUR 1 km satellite climatology,3.31,7.73,46225,46086,True,69.21,1.24,67.03,71.39,persistence + ENSO analog + CPC outlook,0.2231,0.7769,0.32,,,,,,,climatology only,False,climatology only - no skilful deterministic swell at this lead,climatology only - no skilful deterministic wind at this lead,0.0,0.141,1.1,cpc_wk34_temp,Above,60.0,0.44,2026-10-17,2026-10-30,,Above,40.0,El Nino,2.16,0.37,"enso_zone_composite (El Nino, month 10, n=124 days)","1997,2015,1982,2023,1972,1965",3.95,False,0.577,3.98,7.0,9410230,0.762,Waxing Gibbous,10.28,6.95,18.16,11.21
2026-10-21,nine_mile,9-Mile Bank & 43-Fathom,offshore,18,294,10,3,outlook,Outlook / trend only,68.68,2.18,12,MUR 1 km satellite climatology,3.98,7.73,46232,46086,True,69.96,1.28,67.78,72.15,persistence + ENSO analog + CPC outlook,0.2231,0.7769,0.32,,,,,,,climatology only,False,climatology only - no skilful deterministic swell at this lead,climatology only - no skilful deterministic wind at this lead,0.0,0.141,1.14,cpc_wk34_temp,Above,60.0,0.44,2026-10-17,2026-10-30,,Above,40.0,El Nino,2.16,0.57,"enso_zone_composite (El Nino, month 10, n=124 days)","1997,2015,1982,2023,1972,1965",4.27,False,0.637,3.98,7.0,9410170,0.762,Waxing Gibbous,10.28,6.95,18.16,11.21
2026-10-21,coronados,Coronado Islands,offshore,18,294,10,3,outlook,Outlook / trend only,68.02,2.08,12,MUR 1 km satellite climatology,3.98,7.73,46232,46086,True,69.36,1.35,67.27,71.46,persistence + ENSO analog + CPC outlook,0.2231,0.7769,0.32,,,,,,,climatology only,False,climatology only - no skilful deterministic swell at this lead,climatology only - no skilful deterministic wind at this lead,0.0,0.141,1.21,cpc_wk34_temp,Above,60.0,0.44,2026-10-17,2026-10-30,,Above,40.0,El Nino,2.16,0.59,"enso_zone_composite (El Nino, month 10, n=124 days)","1997,2015,1982,2023,1972,1965",4.27,False,0.637,3.98,7.0,9410170,0.762,Waxing Gibbous,10.28,6.95,18.16,11.21
2026-10-21,outer_banks,302 / 371 / Hidden Bank,offshore,18,294,10,3,outlook,Outlook / trend only,68.78,2.01,12,MUR 1 km satellite climatology,3.98,7.73,46232,46086,False,70.02,1.24,68.0,72.04,persistence + ENSO analog + CPC outlook,0.2231,0.7769,0.32,,,,,,,climatology only,False,climatology only - no skilful deterministic swell at this lead,climatology only - no skilful deterministic wind at this lead,0.0,0.141,1.1,cpc_wk34_temp,Above,60.0,0.44,2026-10-17,2026-10-30,,Above,40.0,El Nino,2.16,0.6,"enso_zone_composite (El Nino, month 10, n=124 days)","1997,2015,1982,2023,1972,1965",4.27,False,0.637,3.98,7.0,9410170,0.762,Waxing Gibbous,10.28,6.95,18.16,11.21
2026-10-21,cortez_tanner,Cortez & Tanner Bank,offshore,18,294,10,3,outlook,Outlook / trend only,66.55,1.63,12,MUR 1 km satellite climatology,6.31,7.73,46086,46086,False,67.57,1.02,65.93,69.21,persistence + ENSO analog + CPC outlook,0.2231,0.7769,0.32,,,,,,,climatology only,False,climatology only - no skilful deterministic swell at this lead,climatology only - no skilful deterministic wind at this lead,0.0,0.141,0.88,cpc_wk34_temp,Above,60.0,0.44,2026-10-17,2026-10-30,,Above,40.0,El Nino,2.16,0.08,"enso_zone_composite (El Nino, month 10, n=124 days)","1997,2015,1982,2023,1972,1965",4.27,False,0.637,3.98,7.0,9410170,0.762,Waxing Gibbous,10.28,6.95,18.16,11.21
2026-10-22,sd_bay,San Diego Bay,inshore,19,295,10,3,outlook,Outlook / trend only,69.5,2.74,12,CO-OPS shore thermistor climatology,,7.8,,46086,True,70.7,1.2,67.84,73.56,persistence + ENSO analog + CPC outlook,0.1969,0.8031,0.32,,,,,,,climatology only,False,climatology only - no skilful deterministic swell at this lead,climatology only - no skilful deterministic wind at this lead,0.0,0.141,1.06,cpc_wk34_temp,Above,60.0,0.44,2026-10-17,2026-10-30,,Above,40.0,El Nino,2.16,0.16,"enso_zone_composite (El Nino, month 10, n=124 days)","1997,2015,1982,2023,1972,1965",4.66,False,0.73,4.37,7.0,9410170,0.844,Waxing Gibbous,11.28,6.96,18.14,11.18
2026-10-22,mission_bay,Mission Bay,inshore,19,295,10,3,outlook,Outlook / trend only,69.5,2.74,12,CO-OPS shore thermistor climatology,,7.8,,46086,True,70.74,1.24,67.88,73.6,persistence + ENSO analog + CPC outlook,0.1969,0.8031,0.32,,,,,,,climatology only,False,climatology only - no skilful deterministic swell at this lead,climatology only - no skilful deterministic wind at this lead,0.0,0.141,1.1,cpc_wk34_temp,Above,60.0,0.44,2026-10-17,2026-10-30,,Above,40.0,El Nino,2.16,0.22,"enso_zone_composite (El Nino, month 10, n=124 days)","1997,2015,1982,2023,1972,1965",4.66,False,0.73,4.37,7.0,9410170,0.844,Waxing Gibbous,11.28,6.96,18.14,11.18
2026-10-22,surf_zone,Del Mar to Imperial Beach Surf,inshore,19,295,10,3,outlook,Outlook / trend only,66.08,2.77,12,CO-OPS shore thermistor climatology,3.32,7.8,46225,46086,True,67.25,1.17,64.36,70.15,persistence + ENSO analog + CPC outlook,0.1969,0.8031,0.32,,,,,,,climatology only,False,climatology only - no skilful deterministic swell at this lead,climatology only - no skilful deterministic wind at this lead,0.0,0.141,1.03,cpc_wk34_temp,Above,60.0,0.44,2026-10-17,2026-10-30,,Above,40.0,El Nino,2.16,0.34,"enso_zone_composite (El Nino, month 10, n=124 days)","1997,2015,1982,2023,1972,1965",4.22,False,0.658,4.35,7.0,9410230,0.844,Waxing Gibbous,11.28,6.96,18.14,11.18
2026-10-22,pt_loma_kelp,Point Loma Kelp,nearshore,19,295,10,3,outlook,Outlook / trend only,67.79,2.09,12,MUR 1 km satellite climatology,3.97,7.8,46232,46086,True,68.8,1.01,66.62,70.99,persistence + ENSO analog + CPC outlook,0.1969,0.8031,0.32,,,,,,,climatology only,False,climatology only - no skilful deterministic swell at this lead,climatology only - no skilful deterministic wind at this lead,0.0,0.141,0.87,cpc_wk34_temp,Above,60.0,0.44,2026-10-17,2026-10-30,,Above,40.0,El Nino,2.16,0.26,"enso_zone_composite (El Nino, month 10, n=124 days)","1997,2015,1982,2023,1972,1965",4.66,False,0.73,4.37,7.0,9410170,0.844,Waxing Gibbous,11.28,6.96,18.14,11.18
2026-10-22,la_jolla,La Jolla Kelp & Canyon,nearshore,19,295,10,3,outlook,Outlook / trend only,67.88,2.13,12,MUR 1 km satellite climatology,3.32,7.8,46225,46086,True,69.03,1.15,66.81,71.26,persistence + ENSO analog + CPC outlook,0.1969,0.8031,0.32,,,,,,,climatology only,False,climatology only - no skilful deterministic swell at this lead,climatology only - no skilful deterministic wind at this lead,0.0,0.141,1.01,cpc_wk34_temp,Above,60.0,0.44,2026-10-17,2026-10-30,,Above,40.0,El Nino,2.16,0.37,"enso_zone_composite (El Nino, month 10, n=124 days)","1997,2015,1982,2023,1972,1965",4.22,False,0.658,4.35,7.0,9410230,0.844,Waxing Gibbous,11.28,6.96,18.14,11.18
2026-10-22,nine_mile,9-Mile Bank & 43-Fathom,offshore,19,295,10,3,outlook,Outlook / trend only,68.61,2.15,12,MUR 1 km satellite climatology,3.97,7.8,46232,46086,True,69.82,1.22,67.58,72.06,persistence + ENSO analog + CPC outlook,0.1969,0.8031,0.32,,,,,,,climatology only,False,climatology only - no skilful deterministic swell at this lead,climatology only - no skilful deterministic wind at this lead,0.0,0.141,1.07,cpc_wk34_temp,Above,60.0,0.44,2026-10-17,2026-10-30,,Above,40.0,El Nino,2.16,0.57,"enso_zone_composite (El Nino, month 10, n=124 days)","1997,2015,1982,2023,1972,1965",4.66,False,0.73,4.37,7.0,9410170,0.844,Waxing Gibbous,11.28,6.96,18.14,11.18
2026-10-22,coronados,Coronado Islands,offshore,19,295,10,3,outlook,Outlook / trend only,67.91,2.06,12,MUR 1 km satellite climatology,3.97,7.8,46232,46086,True,69.18,1.28,67.03,71.33,persistence + ENSO analog + CPC outlook,0.1969,0.8031,0.32,,,,,,,climatology only,False,climatology only - no skilful deterministic swell at this lead,climatology only - no skilful deterministic wind at this lead,0.0,0.141,1.13,cpc_wk34_temp,Above,60.0,0.44,2026-10-17,2026-10-30,,Above,40.0,El Nino,2.16,0.59,"enso_zone_composite (El Nino, month 10, n=124 days)","1997,2015,1982,2023,1972,1965",4.66,False,0.73,4.37,7.0,9410170,0.844,Waxing Gibbous,11.28,6.96,18.14,11.18
2026-10-22,outer_banks,302 / 371 / Hidden Bank,offshore,19,295,10,3,outlook,Outlook / trend only,68.7,1.97,12,MUR 1 km satellite climatology,3.97,7.8,46232,46086,False,69.88,1.18,67.83,71.94,persistence + ENSO analog + CPC outlook,0.1969,0.8031,0.32,,,,,,,climatology only,False,climatology only - no skilful deterministic swell at this lead,climatology only - no skilful deterministic wind at this lead,0.0,0.141,1.04,cpc_wk34_temp,Above,60.0,0.44,2026-10-17,2026-10-30,,Above,40.0,El Nino,2.16,0.6,"enso_zone_composite (El Nino, month 10, n=124 days)","1997,2015,1982,2023,1972,1965",4.66,False,0.73,4.37,7.0,9410170,0.844,Waxing Gibbous,11.28,6.96,18.14,11.18
2026-10-22,cortez_tanner,Cortez & Tanner Bank,offshore,19,295,10,3,outlook,Outlook / trend only,66.51,1.6,12,MUR 1 km satellite climatology,6.34,7.8,46086,46086,False,67.43,0.93,65.77,69.1,persistence + ENSO analog + CPC outlook,0.1969,0.8031,0.32,,,,,,,climatology only,False,climatology only - no skilful deterministic swell at this lead,climatology only - no skilful deterministic wind at this lead,0.0,0.141,0.79,cpc_wk34_temp,Above,60.0,0.44,2026-10-17,2026-10-30,,Above,40.0,El Nino,2.16,0.08,"enso_zone_composite (El Nino, month 10, n=124 days)","1997,2015,1982,2023,1972,1965",4.66,False,0.73,4.37,7.0,9410170,0.844,Waxing Gibbous,11.28,6.96,18.14,11.18
2026-10-23,sd_bay,San Diego Bay,inshore,20,296,10,3,outlook,Outlook / trend only,69.38,2.7,12,CO-OPS shore thermistor climatology,,7.82,,46086,True,70.47,1.09,67.55,73.4,persistence + ENSO analog + CPC outlook,0.1738,0.8262,0.32,,,,,,,climatology only,False,climatology only - no skilful deterministic swell at this lead,climatology only - no skilful deterministic wind at this lead,0.0,0.141,0.95,cpc_wk34_temp,Above,60.0,0.44,2026-10-17,2026-10-30,,Above,40.0,El Nino,2.16,0.16,"enso_zone_composite (El Nino, month 10, n=124 days)","1997,2015,1982,2023,1972,1965",5.08,False,0.809,4.78,7.0,9410170,0.912,Waxing Gibbous,12.28,6.97,18.13,11.15
2026-10-23,mission_bay,Mission Bay,inshore,20,296,10,3,outlook,Outlook / trend only,69.38,2.7,12,CO-OPS shore thermistor climatology,,7.82,,46086,True,70.52,1.14,67.6,73.45,persistence + ENSO analog + CPC outlook,0.1738,0.8262,0.32,,,,,,,climatology only,False,climatology only - no skilful deterministic swell at this lead,climatology only - no skilful deterministic wind at this lead,0.0,0.141,1.0,cpc_wk34_temp,Above,60.0,0.44,2026-10-17,2026-10-30,,Above,40.0,El Nino,2.16,0.22,"enso_zone_composite (El Nino, month 10, n=124 days)","1997,2015,1982,2023,1972,1965",5.08,False,0.809,4.78,7.0,9410170,0.912,Waxing Gibbous,12.28,6.97,18.13,11.15
2026-10-23,surf_zone,Del Mar to Imperial Beach Surf,inshore,20,296,10,3,outlook,Outlook / trend only,66.09,2.74,12,CO-OPS shore thermistor climatology,3.32,7.82,46225,46086,True,67.18,1.09,64.22,70.14,persistence + ENSO analog + CPC outlook,0.1738,0.8262,0.32,,,,,,,climatology only,False,climatology only - no skilful deterministic swell at this lead,climatology only - no skilful deterministic wind at this lead,0.0,0.141,0.95,cpc_wk34_temp,Above,60.0,0.44,2026-10-17,2026-10-30,,Above,40.0,El Nino,2.16,0.34,"enso_zone_composite (El Nino, month 10, n=124 days)","1997,2015,1982,2023,1972,1965",4.6,False,0.731,4.73,7.0,9410230,0.912,Waxing Gibbous,12.28,6.97,18.13,11.15
2026-10-23,pt_loma_kelp,Point Loma Kelp,nearshore,20,296,10,3,outlook,Outlook / trend only,67.69,2.05,12,MUR 1 km satellite climatology,3.98,7.82,46232,46086,True,68.63,0.94,66.41,70.84,persistence + ENSO analog + CPC outlook,0.1738,0.8262,0.32,,,,,,,climatology only,False,climatology only - no skilful deterministic swell at this lead,climatology only - no skilful deterministic wind at this lead,0.0,0.141,0.8,cpc_wk34_temp,Above,60.0,0.44,2026-10-17,2026-10-30,,Above,40.0,El Nino,2.16,0.26,"enso_zone_composite (El Nino, month 10, n=124 days)","1997,2015,1982,2023,1972,1965",5.08,False,0.809,4.78,7.0,9410170,0.912,Waxing Gibbous,12.28,6.97,18.13,11.15
2026-10-23,la_jolla,La Jolla Kelp & Canyon,nearshore,20,296,10,3,outlook,Outlook / trend only,67.77,2.09,12,MUR 1 km satellite climatology,3.32,7.82,46225,46086,True,68.85,1.08,66.59,71.11,persistence + ENSO analog + CPC outlook,0.1738,0.8262,0.32,,,,,,,climatology only,False,climatology only - no skilful deterministic swell at this lead,climatology only - no skilful deterministic wind at this lead,0.0,0.141,0.94,cpc_wk34_temp,Above,60.0,0.44,2026-10-17,2026-10-30,,Above,40.0,El Nino,2.16,0.37,"enso_zone_composite (El Nino, month 10, n=124 days)","1997,2015,1982,2023,1972,1965",4.6,False,0.731,4.73,7.0,9410230,0.912,Waxing Gibbous,12.28,6.97,18.13,11.15
2026-10-23,nine_mile,9-Mile Bank & 43-Fathom,offshore,20,296,10,3,outlook,Outlook / trend only,68.51,2.12,12,MUR 1 km satellite climatology,3.98,7.82,46232,46086,True,69.67,1.16,67.37,71.97,persistence + ENSO analog + CPC outlook,0.1738,0.8262,0.32,,,,,,,climatology only,False,climatology only - no skilful deterministic swell at this lead,climatology only - no skilful deterministic wind at this lead,0.0,0.141,1.02,cpc_wk34_temp,Above,60.0,0.44,2026-10-17,2026-10-30,,Above,40.0,El Nino,2.16,0.57,"enso_zone_composite (El Nino, month 10, n=124 days)","1997,2015,1982,2023,1972,1965",5.08,False,0.809,4.78,7.0,9410170,0.912,Waxing Gibbous,12.28,6.97,18.13,11.15
2026-10-23,coronados,Coronado Islands,offshore,20,296,10,3,outlook,Outlook / trend only,67.78,2.03,12,MUR 1 km satellite climatology,3.98,7.82,46232,46086,True,68.99,1.21,66.79,71.19,persistence + ENSO analog + CPC outlook,0.1738,0.8262,0.32,,,,,,,climatology only,False,climatology only - no skilful deterministic swell at this lead,climatology only - no skilful deterministic wind at this lead,0.0,0.141,1.07,cpc_wk34_temp,Above,60.0,0.44,2026-10-17,2026-10-30,,Above,40.0,El Nino,2.16,0.59,"enso_zone_composite (El Nino, month 10, n=124 days)","1997,2015,1982,2023,1972,1965",5.08,False,0.809,4.78,7.0,9410170,0.912,Waxing Gibbous,12.28,6.97,18.13,11.15
2026-10-23,outer_banks,302 / 371 / Hidden Bank,offshore,20,296,10,3,outlook,Outlook / trend only,68.61,1.96,12,MUR 1 km satellite climatology,3.98,7.82,46232,46086,False,69.74,1.13,67.62,71.86,persistence + ENSO analog + CPC outlook,0.1738,0.8262,0.32,,,,,,,climatology only,False,climatology only - no skilful deterministic swell at this lead,climatology only - no skilful deterministic wind at this lead,0.0,0.141,0.99,cpc_wk34_temp,Above,60.0,0.44,2026-10-17,2026-10-30,,Above,40.0,El Nino,2.16,0.6,"enso_zone_composite (El Nino, month 10, n=124 days)","1997,2015,1982,2023,1972,1965",5.08,False,0.809,4.78,7.0,9410170,0.912,Waxing Gibbous,12.28,6.97,18.13,11.15
2026-10-23,cortez_tanner,Cortez & Tanner Bank,offshore,20,296,10,3,outlook,Outlook / trend only,66.44,1.57,12,MUR 1 km satellite climatology,6.34,7.82,46086,46086,False,67.28,0.84,65.58,68.98,persistence + ENSO analog + CPC outlook,0.1738,0.8262,0.32,,,,,,,climatology only,False,climatology only - no skilful deterministic swell at this lead,climatology only - no skilful deterministic wind at this lead,0.0,0.141,0.7,cpc_wk34_temp,Above,60.0,0.44,2026-10-17,2026-10-30,,Above,40.0,El Nino,2.16,0.08,"enso_zone_composite (El Nino, month 10, n=124 days)","1997,2015,1982,2023,1972,1965",5.08,False,0.809,4.78,7.0,9410170,0.912,Waxing Gibbous,12.28,6.97,18.13,11.15
2026-10-24,sd_bay,San Diego Bay,inshore,21,297,10,3,outlook,Outlook / trend only,69.27,2.67,12,CO-OPS shore thermistor climatology,,7.77,,46086,True,70.27,1.0,67.28,73.25,persistence + ENSO analog + CPC outlook,0.1534,0.8466,0.32,,,,,,,climatology only,False,climatology only - no skilful deterministic swell at this lead,climatology only - no skilful deterministic wind at this lead,0.0,0.141,0.86,cpc_wk34_temp,Above,60.0,0.44,2026-10-17,2026-10-30,,Above,40.0,El Nino,2.16,0.16,"enso_zone_composite (El Nino, month 10, n=124 days)","1997,2015,1982,2023,1972,1965",6.12,False,0.939,11.58,8.0,9410170,0.964,Waxing Gibbous,13.28,6.99,18.11,11.12
2026-10-24,mission_bay,Mission Bay,inshore,21,297,10,3,outlook,Outlook / trend only,69.27,2.67,12,CO-OPS shore thermistor climatology,,7.77,,46086,True,70.32,1.05,67.33,73.3,persistence + ENSO analog + CPC outlook,0.1534,0.8466,0.32,,,,,,,climatology only,False,climatology only - no skilful deterministic swell at this lead,climatology only - no skilful deterministic wind at this lead,0.0,0.141,0.91,cpc_wk34_temp,Above,60.0,0.44,2026-10-17,2026-10-30,,Above,40.0,El Nino,2.16,0.22,"enso_zone_composite (El Nino, month 10, n=124 days)","1997,2015,1982,2023,1972,1965",6.12,False,0.939,11.58,8.0,9410170,0.964,Waxing Gibbous,13.28,6.99,18.11,11.12
2026-10-24,surf_zone,Del Mar to Imperial Beach Surf,inshore,21,297,10,3,outlook,Outlook / trend only,66.06,2.69,12,CO-OPS shore thermistor climatology,3.3,7.77,46225,46086,True,67.08,1.02,64.07,70.1,persistence + ENSO analog + CPC outlook,0.1534,0.8466,0.32,,,,,,,climatology only,False,climatology only - no skilful deterministic swell at this lead,climatology only - no skilful deterministic wind at this lead,0.0,0.141,0.88,cpc_wk34_temp,Above,60.0,0.44,2026-10-17,2026-10-30,,Above,40.0,El Nino,2.16,0.34,"enso_zone_composite (El Nino, month 10, n=124 days)","1997,2015,1982,2023,1972,1965",5.59,False,0.858,11.52,8.0,9410230,0.964,Waxing Gibbous,13.28,6.99,18.11,11.12
2026-10-24,pt_loma_kelp,Point Loma Kelp,nearshore,21,297,10,3,outlook,Outlook / trend only,67.55,1.99,12,MUR 1 km satellite climatology,3.96,7.77,46232,46086,True,68.42,0.88,66.2,70.65,persistence + ENSO analog + CPC outlook,0.1534,0.8466,0.32,,,,,,,climatology only,False,climatology only - no skilful deterministic swell at this lead,climatology only - no skilful deterministic wind at this lead,0.0,0.141,0.73,cpc_wk34_temp,Above,60.0,0.44,2026-10-17,2026-10-30,,Above,40.0,El Nino,2.16,0.26,"enso_zone_composite (El Nino, month 10, n=124 days)","1997,2015,1982,2023,1972,1965",6.12,False,0.939,11.58,8.0,9410170,0.964,Waxing Gibbous,13.28,6.99,18.11,11.12
2026-10-24,la_jolla,La Jolla Kelp & Canyon,nearshore,21,297,10,3,outlook,Outlook / trend only,67.64,2.04,12,MUR 1 km satellite climatology,3.3,7.77,46225,46086,True,68.65,1.01,66.36,70.93,persistence + ENSO analog + CPC outlook,0.1534,0.8466,0.32,,,,,,,climatology only,False,climatology only - no skilful deterministic swell at this lead,climatology only - no skilful deterministic wind at this lead,0.0,0.141,0.87,cpc_wk34_temp,Above,60.0,0.44,2026-10-17,2026-10-30,,Above,40.0,El Nino,2.16,0.37,"enso_zone_composite (El Nino, month 10, n=124 days)","1997,2015,1982,2023,1972,1965",5.59,False,0.858,11.52,8.0,9410230,0.964,Waxing Gibbous,13.28,6.99,18.11,11.12
2026-10-24,nine_mile,9-Mile Bank & 43-Fathom,offshore,21,297,10,3,outlook,Outlook / trend only,68.38,2.09,12,MUR 1 km satellite climatology,3.96,7.77,46232,46086,True,69.49,1.1,67.15,71.83,persistence + ENSO analog + CPC outlook,0.1534,0.8466,0.32,,,,,,,climatology only,False,climatology only - no skilful deterministic swell at this lead,climatology only - no skilful deterministic wind at this lead,0.0,0.141,0.96,cpc_wk34_temp,Above,60.0,0.44,2026-10-17,2026-10-30,,Above,40.0,El Nino,2.16,0.57,"enso_zone_composite (El Nino, month 10, n=124 days)","1997,2015,1982,2023,1972,1965",6.12,False,0.939,11.58,8.0,9410170,0.964,Waxing Gibbous,13.28,6.99,18.11,11.12
2026-10-24,coronados,Coronado Islands,offshore,21,297,10,3,outlook,Outlook / trend only,67.63,2.0,12,MUR 1 km satellite climatology,3.96,7.77,46232,46086,True,68.78,1.15,66.55,71.02,persistence + ENSO analog + CPC outlook,0.1534,0.8466,0.32,,,,,,,climatology only,False,climatology only - no skilful deterministic swell at this lead,climatology only - no skilful deterministic wind at this lead,0.0,0.141,1.01,cpc_wk34_temp,Above,60.0,0.44,2026-10-17,2026-10-30,,Above,40.0,El Nino,2.16,0.59,"enso_zone_composite (El Nino, month 10, n=124 days)","1997,2015,1982,2023,1972,1965",6.12,False,0.939,11.58,8.0,9410170,0.964,Waxing Gibbous,13.28,6.99,18.11,11.12
2026-10-24,outer_banks,302 / 371 / Hidden Bank,offshore,21,297,10,3,outlook,Outlook / trend only,68.5,1.94,12,MUR 1 km satellite climatology,3.96,7.77,46232,46086,False,69.58,1.08,67.41,71.76,persistence + ENSO analog + CPC outlook,0.1534,0.8466,0.32,,,,,,,climatology only,False,climatology only - no skilful deterministic swell at this lead,climatology only - no skilful deterministic wind at this lead,0.0,0.141,0.94,cpc_wk34_temp,Above,60.0,0.44,2026-10-17,2026-10-30,,Above,40.0,El Nino,2.16,0.6,"enso_zone_composite (El Nino, month 10, n=124 days)","1997,2015,1982,2023,1972,1965",6.12,False,0.939,11.58,8.0,9410170,0.964,Waxing Gibbous,13.28,6.99,18.11,11.12
2026-10-24,cortez_tanner,Cortez & Tanner Bank,offshore,21,297,10,3,outlook,Outlook / trend only,66.36,1.56,12,MUR 1 km satellite climatology,6.32,7.77,46086,46086,False,67.14,0.77,65.39,68.88,persistence + ENSO analog + CPC outlook,0.1534,0.8466,0.32,,,,,,,climatology only,False,climatology only - no skilful deterministic swell at this lead,climatology only - no skilful deterministic wind at this lead,0.0,0.141,0.63,cpc_wk34_temp,Above,60.0,0.44,2026-10-17,2026-10-30,,Above,40.0,El Nino,2.16,0.08,"enso_zone_composite (El Nino, month 10, n=124 days)","1997,2015,1982,2023,1972,1965",6.12,False,0.939,11.58,8.0,9410170,0.964,Waxing Gibbous,13.28,6.99,18.11,11.12
2026-10-25,sd_bay,San Diego Bay,inshore,22,298,10,3,outlook,Outlook / trend only,69.16,2.63,12,CO-OPS shore thermistor climatology,,7.68,,46086,True,70.07,0.92,67.03,73.12,persistence + ENSO analog + CPC outlook,0.1353,0.8647,0.32,,,,,,,climatology only,False,climatology only - no skilful deterministic swell at this lead,climatology only - no skilful deterministic wind at this lead,0.0,0.141,0.78,cpc_wk34_temp,Above,60.0,0.44,2026-10-17,2026-10-30,,Above,40.0,El Nino,2.16,0.16,"enso_zone_composite (El Nino, month 10, n=124 days)","1997,2015,1982,2023,1972,1965",7.03,False,1.047,12.15,8.0,9410170,0.994,Full,14.28,7.0,18.09,11.09
2026-10-25,mission_bay,Mission Bay,inshore,22,298,10,3,outlook,Outlook / trend only,69.16,2.63,12,CO-OPS shore thermistor climatology,,7.68,,46086,True,70.12,0.97,67.08,73.17,persistence + ENSO analog + CPC outlook,0.1353,0.8647,0.32,,,,,,,climatology only,False,climatology only - no skilful deterministic swell at this lead,climatology only - no skilful deterministic wind at this lead,0.0,0.141,0.83,cpc_wk34_temp,Above,60.0,0.44,2026-10-17,2026-10-30,,Above,40.0,El Nino,2.16,0.22,"enso_zone_composite (El Nino, month 10, n=124 days)","1997,2015,1982,2023,1972,1965",7.03,False,1.047,12.15,8.0,9410170,0.994,Full,14.28,7.0,18.09,11.09
2026-10-25,surf_zone,Del Mar to Imperial Beach Surf,inshore,22,298,10,3,outlook,Outlook / trend only,66.03,2.68,12,CO-OPS shore thermistor climatology,3.26,7.68,46225,46086,True,66.99,0.96,63.89,70.09,persistence + ENSO analog + CPC outlook,0.1353,0.8647,0.32,,,,,,,climatology only,False,climatology only - no skilful deterministic swell at this lead,climatology only - no skilful deterministic wind at this lead,0.0,0.141,0.82,cpc_wk34_temp,Above,60.0,0.44,2026-10-17,2026-10-30,,Above,40.0,El Nino,2.16,0.34,"enso_zone_composite (El Nino, month 10, n=124 days)","1997,2015,1982,2023,1972,1965",6.5,False,0.966,12.08,8.0,9410230,0.994,Full,14.28,7.0,18.09,11.09
2026-10-25,pt_loma_kelp,Point Loma Kelp,nearshore,22,298,10,3,outlook,Outlook / trend only,67.4,1.94,12,MUR 1 km satellite climatology,3.93,7.68,46232,46086,True,68.22,0.82,65.97,70.47,persistence + ENSO analog + CPC outlook,0.1353,0.8647,0.32,,,,,,,climatology only,False,climatology only - no skilful deterministic swell at this lead,climatology only - no skilful deterministic wind at this lead,0.0,0.141,0.68,cpc_wk34_temp,Above,60.0,0.44,2026-10-17,2026-10-30,,Above,40.0,El Nino,2.16,0.26,"enso_zone_composite (El Nino, month 10, n=124 days)","1997,2015,1982,2023,1972,1965",7.03,False,1.047,12.15,8.0,9410170,0.994,Full,14.28,7.0,18.09,11.09
2026-10-25,la_jolla,La Jolla Kelp & Canyon,nearshore,22,298,10,3,outlook,Outlook / trend only,67.5,2.01,12,MUR 1 km satellite climatology,3.26,7.68,46225,46086,True,68.45,0.95,66.13,70.78,persistence + ENSO analog + CPC outlook,0.1353,0.8647,0.32,,,,,,,climatology only,False,climatology only - no skilful deterministic swell at this lead,climatology only - no skilful deterministic wind at this lead,0.0,0.141,0.81,cpc_wk34_temp,Above,60.0,0.44,2026-10-17,2026-10-30,,Above,40.0,El Nino,2.16,0.37,"enso_zone_composite (El Nino, month 10, n=124 days)","1997,2015,1982,2023,1972,1965",6.5,False,0.966,12.08,8.0,9410230,0.994,Full,14.28,7.0,18.09,11.09
2026-10-25,nine_mile,9-Mile Bank & 43-Fathom,offshore,22,298,10,3,outlook,Outlook / trend only,68.26,2.06,12,MUR 1 km satellite climatology,3.93,7.68,46232,46086,True,69.32,1.06,66.93,71.7,persistence + ENSO analog + CPC outlook,0.1353,0.8647,0.32,,,,,,,climatology only,False,climatology only - no skilful deterministic swell at this lead,climatology only - no skilful deterministic wind at this lead,0.0,0.141,0.92,cpc_wk34_temp,Above,60.0,0.44,2026-10-17,2026-10-30,,Above,40.0,El Nino,2.16,0.57,"enso_zone_composite (El Nino, month 10, n=124 days)","1997,2015,1982,2023,1972,1965",7.03,False,1.047,12.15,8.0,9410170,0.994,Full,14.28,7.0,18.09,11.09
2026-10-25,coronados,Coronado Islands,offshore,22,298,10,3,outlook,Outlook / trend only,67.49,1.96,12,MUR 1 km satellite climatology,3.93,7.68,46232,46086,True,68.6,1.1,66.33,70.87,persistence + ENSO analog + CPC outlook,0.1353,0.8647,0.32,,,,,,,climatology only,False,climatology only - no skilful deterministic swell at this lead,climatology only - no skilful deterministic wind at this lead,0.0,0.141,0.96,cpc_wk34_temp,Above,60.0,0.44,2026-10-17,2026-10-30,,Above,40.0,El Nino,2.16,0.59,"enso_zone_composite (El Nino, month 10, n=124 days)","1997,2015,1982,2023,1972,1965",7.03,False,1.047,12.15,8.0,9410170,0.994,Full,14.28,7.0,18.09,11.09
2026-10-25,outer_banks,302 / 371 / Hidden Bank,offshore,22,298,10,3,outlook,Outlook / trend only,68.39,1.92,12,MUR 1 km satellite climatology,3.93,7.68,46232,46086,False,69.43,1.04,67.21,71.66,persistence + ENSO analog + CPC outlook,0.1353,0.8647,0.32,,,,,,,climatology only,False,climatology only - no skilful deterministic swell at this lead,climatology only - no skilful deterministic wind at this lead,0.0,0.141,0.9,cpc_wk34_temp,Above,60.0,0.44,2026-10-17,2026-10-30,,Above,40.0,El Nino,2.16,0.6,"enso_zone_composite (El Nino, month 10, n=124 days)","1997,2015,1982,2023,1972,1965",7.03,False,1.047,12.15,8.0,9410170,0.994,Full,14.28,7.0,18.09,11.09
2026-10-25,cortez_tanner,Cortez & Tanner Bank,offshore,22,298,10,3,outlook,Outlook / trend only,66.28,1.55,12,MUR 1 km satellite climatology,6.28,7.68,46086,46086,False,66.99,0.71,65.19,68.79,persistence + ENSO analog + CPC outlook,0.1353,0.8647,0.32,,,,,,,climatology only,False,climatology only - no skilful deterministic swell at this lead,climatology only - no skilful deterministic wind at this lead,0.0,0.141,0.57,cpc_wk34_temp,Above,60.0,0.44,2026-10-17,2026-10-30,,Above,40.0,El Nino,2.16,0.08,"enso_zone_composite (El Nino, month 10, n=124 days)","1997,2015,1982,2023,1972,1965",7.03,False,1.047,12.15,8.0,9410170,0.994,Full,14.28,7.0,18.09,11.09
2026-10-26,sd_bay,San Diego Bay,inshore,23,299,10,3,outlook,Outlook / trend only,69.05,2.59,12,CO-OPS shore thermistor climatology,,7.63,,46086,True,69.9,0.85,66.8,72.99,persistence + ENSO analog + CPC outlook,0.1194,0.8806,0.32,,,,,,,climatology only,False,climatology only - no skilful deterministic swell at this lead,climatology only - no skilful deterministic wind at this lead,0.0,0.141,0.7,cpc_wk34_temp,Above,60.0,0.44,2026-10-17,2026-10-30,,Above,40.0,El Nino,2.16,0.16,"enso_zone_composite (El Nino, month 10, n=124 days)","1997,2015,1982,2023,1972,1965",7.65,False,1.105,12.75,9.0,9410170,0.999,Full,15.28,7.02,18.07,11.06
2026-10-26,mission_bay,Mission Bay,inshore,23,299,10,3,outlook,Outlook / trend only,69.05,2.59,12,CO-OPS shore thermistor climatology,,7.63,,46086,True,69.95,0.9,66.85,73.05,persistence + ENSO analog + CPC outlook,0.1194,0.8806,0.32,,,,,,,climatology only,False,climatology only - no skilful deterministic swell at this lead,climatology only - no skilful deterministic wind at this lead,0.0,0.141,0.76,cpc_wk34_temp,Above,60.0,0.44,2026-10-17,2026-10-30,,Above,40.0,El Nino,2.16,0.22,"enso_zone_composite (El Nino, month 10, n=124 days)","1997,2015,1982,2023,1972,1965",7.65,False,1.105,12.75,9.0,9410170,0.999,Full,15.28,7.02,18.07,11.06
2026-10-26,surf_zone,Del Mar to Imperial Beach Surf,inshore,23,299,10,3,outlook,Outlook / trend only,65.96,2.66,12,CO-OPS shore thermistor climatology,3.25,7.63,46225,46086,True,66.86,0.9,63.68,70.05,persistence + ENSO analog + CPC outlook,0.1194,0.8806,0.32,,,,,,,climatology only,False,climatology only - no skilful deterministic swell at this lead,climatology only - no skilful deterministic wind at this lead,0.0,0.141,0.76,cpc_wk34_temp,Above,60.0,0.44,2026-10-17,2026-10-30,,Above,40.0,El Nino,2.16,0.34,"enso_zone_composite (El Nino, month 10, n=124 days)","1997,2015,1982,2023,1972,1965",7.14,False,1.028,12.68,9.0,9410230,0.999,Full,15.28,7.02,18.07,11.06
2026-10-26,pt_loma_kelp,Point Loma Kelp,nearshore,23,299,10,3,outlook,Outlook / trend only,67.25,1.9,12,MUR 1 km satellite climatology,3.93,7.63,46232,46086,True,68.02,0.77,65.75,70.3,persistence + ENSO analog + CPC outlook,0.1194,0.8806,0.32,,,,,,,climatology only,False,climatology only - no skilful deterministic swell at this lead,climatology only - no skilful deterministic wind at this lead,0.0,0.141,0.63,cpc_wk34_temp,Above,60.0,0.44,2026-10-17,2026-10-30,,Above,40.0,El Nino,2.16,0.26,"enso_zone_composite (El Nino, month 10, n=124 days)","1997,2015,1982,2023,1972,1965",7.65,False,1.105,12.75,9.0,9410170,0.999,Full,15.28,7.02,18.07,11.06
2026-10-26,la_jolla,La Jolla Kelp & Canyon,nearshore,23,299,10,3,outlook,Outlook / trend only,67.38,1.99,12,MUR 1 km satellite climatology,3.25,7.63,46225,46086,True,68.28,0.9,65.9,70.66,persistence + ENSO analog + CPC outlook,0.1194,0.8806,0.32,,,,,,,climatology only,False,climatology only - no skilful deterministic swell at this lead,climatology only - no skilful deterministic wind at this lead,0.0,0.141,0.76,cpc_wk34_temp,Above,60.0,0.44,2026-10-17,2026-10-30,,Above,40.0,El Nino,2.16,0.37,"enso_zone_composite (El Nino, month 10, n=124 days)","1997,2015,1982,2023,1972,1965",7.14,False,1.028,12.68,9.0,9410230,0.999,Full,15.28,7.02,18.07,11.06
2026-10-26,nine_mile,9-Mile Bank & 43-Fathom,offshore,23,299,10,3,outlook,Outlook / trend only,68.15,2.01,12,MUR 1 km satellite climatology,3.93,7.63,46232,46086,True,69.16,1.02,66.77,71.56,persistence + ENSO analog + CPC outlook,0.1194,0.8806,0.32,,,,,,,climatology only,False,climatology only - no skilful deterministic swell at this lead,climatology only - no skilful deterministic wind at this lead,0.0,0.141,0.88,cpc_wk34_temp,Above,60.0,0.44,2026-10-17,2026-10-30,,Above,40.0,El Nino,2.16,0.57,"enso_zone_composite (El Nino, month 10, n=124 days)","1997,2015,1982,2023,1972,1965",7.65,False,1.105,12.75,9.0,9410170,0.999,Full,15.28,7.02,18.07,11.06
2026-10-26,coronados,Coronado Islands,offshore,23,299,10,3,outlook,Outlook / trend only,67.36,1.94,12,MUR 1 km satellite climatology,3.93,7.63,46232,46086,True,68.42,1.06,66.1,70.75,persistence + ENSO analog + CPC outlook,0.1194,0.8806,0.32,,,,,,,climatology only,False,climatology only - no skilful deterministic swell at this lead,climatology only - no skilful deterministic wind at this lead,0.0,0.141,0.92,cpc_wk34_temp,Above,60.0,0.44,2026-10-17,2026-10-30,,Above,40.0,El Nino,2.16,0.59,"enso_zone_composite (El Nino, month 10, n=124 days)","1997,2015,1982,2023,1972,1965",7.65,False,1.105,12.75,9.0,9410170,0.999,Full,15.28,7.02,18.07,11.06
2026-10-26,outer_banks,302 / 371 / Hidden Bank,offshore,23,299,10,3,outlook,Outlook / trend only,68.28,1.91,12,MUR 1 km satellite climatology,3.93,7.63,46232,46086,False,69.29,1.01,67.0,71.58,persistence + ENSO analog + CPC outlook,0.1194,0.8806,0.32,,,,,,,climatology only,False,climatology only - no skilful deterministic swell at this lead,climatology only - no skilful deterministic wind at this lead,0.0,0.141,0.87,cpc_wk34_temp,Above,60.0,0.44,2026-10-17,2026-10-30,,Above,40.0,El Nino,2.16,0.6,"enso_zone_composite (El Nino, month 10, n=124 days)","1997,2015,1982,2023,1972,1965",7.65,False,1.105,12.75,9.0,9410170,0.999,Full,15.28,7.02,18.07,11.06
2026-10-26,cortez_tanner,Cortez & Tanner Bank,offshore,23,299,10,3,outlook,Outlook / trend only,66.18,1.56,12,MUR 1 km satellite climatology,6.27,7.63,46086,46086,False,66.83,0.65,64.96,68.7,persistence + ENSO analog + CPC outlook,0.1194,0.8806,0.32,,,,,,,climatology only,False,climatology only - no skilful deterministic swell at this lead,climatology only - no skilful deterministic wind at this lead,0.0,0.141,0.51,cpc_wk34_temp,Above,60.0,0.44,2026-10-17,2026-10-30,,Above,40.0,El Nino,2.16,0.08,"enso_zone_composite (El Nino, month 10, n=124 days)","1997,2015,1982,2023,1972,1965",7.65,False,1.105,12.75,9.0,9410170,0.999,Full,15.28,7.02,18.07,11.06
2026-10-27,sd_bay,San Diego Bay,inshore,24,300,10,3,outlook,Outlook / trend only,68.94,2.54,12,CO-OPS shore thermistor climatology,,7.6,,46086,True,69.72,0.78,66.58,72.86,persistence + ENSO analog + CPC outlook,0.1054,0.8946,0.32,,,,,,,climatology only,False,climatology only - no skilful deterministic swell at this lead,climatology only - no skilful deterministic wind at this lead,0.0,0.141,0.64,cpc_wk34_temp,Above,60.0,0.44,2026-10-17,2026-10-30,,Above,40.0,El Nino,2.16,0.16,"enso_zone_composite (El Nino, month 10, n=124 days)","1997,2015,1982,2023,1972,1965",7.87,False,1.101,13.42,9.0,9410170,0.976,Full,16.28,7.03,18.06,11.03
2026-10-27,mission_bay,Mission Bay,inshore,24,300,10,3,outlook,Outlook / trend only,68.94,2.54,12,CO-OPS shore thermistor climatology,,7.6,,46086,True,69.77,0.84,66.64,72.91,persistence + ENSO analog + CPC outlook,0.1054,0.8946,0.32,,,,,,,climatology only,False,climatology only - no skilful deterministic swell at this lead,climatology only - no skilful deterministic wind at this lead,0.0,0.141,0.69,cpc_wk34_temp,Above,60.0,0.44,2026-10-17,2026-10-30,,Above,40.0,El Nino,2.16,0.22,"enso_zone_composite (El Nino, month 10, n=124 days)","1997,2015,1982,2023,1972,1965",7.87,False,1.101,13.42,9.0,9410170,0.976,Full,16.28,7.03,18.06,11.03
2026-10-27,surf_zone,Del Mar to Imperial Beach Surf,inshore,24,300,10,3,outlook,Outlook / trend only,65.91,2.64,12,CO-OPS shore thermistor climatology,3.24,7.6,46225,46086,True,66.76,0.85,63.51,70.02,persistence + ENSO analog + CPC outlook,0.1054,0.8946,0.32,,,,,,,climatology only,False,climatology only - no skilful deterministic swell at this lead,climatology only - no skilful deterministic wind at this lead,0.0,0.141,0.71,cpc_wk34_temp,Above,60.0,0.44,2026-10-17,2026-10-30,,Above,40.0,El Nino,2.16,0.34,"enso_zone_composite (El Nino, month 10, n=124 days)","1997,2015,1982,2023,1972,1965",7.42,False,1.036,13.37,9.0,9410230,0.976,Full,16.28,7.03,18.06,11.03
2026-10-27,pt_loma_kelp,Point Loma Kelp,nearshore,24,300,10,3,outlook,Outlook / trend only,67.11,1.87,12,MUR 1 km satellite climatology,3.92,7.6,46232,46086,True,67.84,0.73,65.53,70.15,persistence + ENSO analog + CPC outlook,0.1054,0.8946,0.32,,,,,,,climatology only,False,climatology only - no skilful deterministic swell at this lead,climatology only - no skilful deterministic wind at this lead,0.0,0.141,0.59,cpc_wk34_temp,Above,60.0,0.44,2026-10-17,2026-10-30,,Above,40.0,El Nino,2.16,0.26,"enso_zone_composite (El Nino, month 10, n=124 days)","1997,2015,1982,2023,1972,1965",7.87,False,1.101,13.42,9.0,9410170,0.976,Full,16.28,7.03,18.06,11.03
2026-10-27,la_jolla,La Jolla Kelp & Canyon,nearshore,24,300,10,3,outlook,Outlook / trend only,67.26,1.96,12,MUR 1 km satellite climatology,3.24,7.6,46225,46086,True,68.12,0.85,65.7,70.53,persistence + ENSO analog + CPC outlook,0.1054,0.8946,0.32,,,,,,,climatology only,False,climatology only - no skilful deterministic swell at this lead,climatology only - no skilful deterministic wind at this lead,0.0,0.141,0.71,cpc_wk34_temp,Above,60.0,0.44,2026-10-17,2026-10-30,,Above,40.0,El Nino,2.16,0.37,"enso_zone_composite (El Nino, month 10, n=124 days)","1997,2015,1982,2023,1972,1965",7.42,False,1.036,13.37,9.0,9410230,0.976,Full,16.28,7.03,18.06,11.03
2026-10-27,nine_mile,9-Mile Bank & 43-Fathom,offshore,24,300,10,3,outlook,Outlook / trend only,68.03,1.95,12,MUR 1 km satellite climatology,3.92,7.6,46232,46086,True,69.01,0.98,66.6,71.41,persistence + ENSO analog + CPC outlook,0.1054,0.8946,0.32,,,,,,,climatology only,False,climatology only - no skilful deterministic swell at this lead,climatology only - no skilful deterministic wind at this lead,0.0,0.141,0.84,cpc_wk34_temp,Above,60.0,0.44,2026-10-17,2026-10-30,,Above,40.0,El Nino,2.16,0.57,"enso_zone_composite (El Nino, month 10, n=124 days)","1997,2015,1982,2023,1972,1965",7.87,False,1.101,13.42,9.0,9410170,0.976,Full,16.28,7.03,18.06,11.03
2026-10-27,coronados,Coronado Islands,offshore,24,300,10,3,outlook,Outlook / trend only,67.23,1.95,12,MUR 1 km satellite climatology,3.92,7.6,46232,46086,True,68.25,1.02,65.85,70.65,persistence + ENSO analog + CPC outlook,0.1054,0.8946,0.32,,,,,,,climatology only,False,climatology only - no skilful deterministic swell at this lead,climatology only - no skilful deterministic wind at this lead,0.0,0.141,0.88,cpc_wk34_temp,Above,60.0,0.44,2026-10-17,2026-10-30,,Above,40.0,El Nino,2.16,0.59,"enso_zone_composite (El Nino, month 10, n=124 days)","1997,2015,1982,2023,1972,1965",7.87,False,1.101,13.42,9.0,9410170,0.976,Full,16.28,7.03,18.06,11.03
2026-10-27,outer_banks,302 / 371 / Hidden Bank,offshore,24,300,10,3,outlook,Outlook / trend only,68.18,1.93,12,MUR 1 km satellite climatology,3.92,7.6,46232,46086,False,69.16,0.98,66.77,71.54,persistence + ENSO analog + CPC outlook,0.1054,0.8946,0.32,,,,,,,climatology only,False,climatology only - no skilful deterministic swell at this lead,climatology only - no skilful deterministic wind at this lead,0.0,0.141,0.83,cpc_wk34_temp,Above,60.0,0.44,2026-10-17,2026-10-30,,Above,40.0,El Nino,2.16,0.6,"enso_zone_composite (El Nino, month 10, n=124 days)","1997,2015,1982,2023,1972,1965",7.87,False,1.101,13.42,9.0,9410170,0.976,Full,16.28,7.03,18.06,11.03
2026-10-27,cortez_tanner,Cortez & Tanner Bank,offshore,24,300,10,3,outlook,Outlook / trend only,66.06,1.58,12,MUR 1 km satellite climatology,6.25,7.6,46086,46086,False,66.66,0.6,64.71,68.62,persistence + ENSO analog + CPC outlook,0.1054,0.8946,0.32,,,,,,,climatology only,False,climatology only - no skilful deterministic swell at this lead,climatology only - no skilful deterministic wind at this lead,0.0,0.141,0.46,cpc_wk34_temp,Above,60.0,0.44,2026-10-17,2026-10-30,,Above,40.0,El Nino,2.16,0.08,"enso_zone_composite (El Nino, month 10, n=124 days)","1997,2015,1982,2023,1972,1965",7.87,False,1.101,13.42,9.0,9410170,0.976,Full,16.28,7.03,18.06,11.03
2026-10-28,sd_bay,San Diego Bay,inshore,25,301,10,3,outlook,Outlook / trend only,68.82,2.49,12,CO-OPS shore thermistor climatology,,7.57,,46086,True,69.55,0.73,66.38,72.72,persistence + ENSO analog + CPC outlook,0.093,0.907,0.32,,,,,,,climatology only,False,climatology only - no skilful deterministic swell at this lead,climatology only - no skilful deterministic wind at this lead,0.0,0.141,0.59,cpc_wk34_temp,Above,60.0,0.44,2026-10-17,2026-10-30,,Above,40.0,El Nino,2.16,0.16,"enso_zone_composite (El Nino, month 10, n=124 days)","1997,2015,1982,2023,1972,1965",7.69,False,1.039,14.18,10.0,9410170,0.927,Waning Gibbous,17.28,7.05,18.04,11.0
2026-10-28,mission_bay,Mission Bay,inshore,25,301,10,3,outlook,Outlook / trend only,68.82,2.49,12,CO-OPS shore thermistor climatology,,7.57,,46086,True,69.6,0.78,66.43,72.77,persistence + ENSO analog + CPC outlook,0.093,0.907,0.32,,,,,,,climatology only,False,climatology only - no skilful deterministic swell at this lead,climatology only - no skilful deterministic wind at this lead,0.0,0.141,0.64,cpc_wk34_temp,Above,60.0,0.44,2026-10-17,2026-10-30,,Above,40.0,El Nino,2.16,0.22,"enso_zone_composite (El Nino, month 10, n=124 days)","1997,2015,1982,2023,1972,1965",7.69,False,1.039,14.18,10.0,9410170,0.927,Waning Gibbous,17.28,7.05,18.04,11.0
2026-10-28,surf_zone,Del Mar to Imperial Beach Surf,inshore,25,301,10,3,outlook,Outlook / trend only,65.87,2.6,12,CO-OPS shore thermistor climatology,3.23,7.57,46225,46086,True,66.67,0.81,63.36,69.98,persistence + ENSO analog + CPC outlook,0.093,0.907,0.32,,,,,,,climatology only,False,climatology only - no skilful deterministic swell at this lead,climatology only - no skilful deterministic wind at this lead,0.0,0.141,0.67,cpc_wk34_temp,Above,60.0,0.44,2026-10-17,2026-10-30,,Above,40.0,El Nino,2.16,0.34,"enso_zone_composite (El Nino, month 10, n=124 days)","1997,2015,1982,2023,1972,1965",7.32,False,0.987,14.13,10.0,9410230,0.927,Waning Gibbous,17.28,7.05,18.04,11.0
2026-10-28,pt_loma_kelp,Point Loma Kelp,nearshore,25,301,10,3,outlook,Outlook / trend only,66.97,1.88,12,MUR 1 km satellite climatology,3.89,7.57,46232,46086,True,67.66,0.69,65.27,70.05,persistence + ENSO analog + CPC outlook,0.093,0.907,0.32,,,,,,,climatology only,False,climatology only - no skilful deterministic swell at this lead,climatology only - no skilful deterministic wind at this lead,0.0,0.141,0.55,cpc_wk34_temp,Above,60.0,0.44,2026-10-17,2026-10-30,,Above,40.0,El Nino,2.16,0.26,"enso_zone_composite (El Nino, month 10, n=124 days)","1997,2015,1982,2023,1972,1965",7.69,False,1.039,14.18,10.0,9410170,0.927,Waning Gibbous,17.28,7.05,18.04,11.0
2026-10-28,la_jolla,La Jolla Kelp & Canyon,nearshore,25,301,10,3,outlook,Outlook / trend only,67.14,1.93,12,MUR 1 km satellite climatology,3.23,7.57,46225,46086,True,67.96,0.81,65.5,70.41,persistence + ENSO analog + CPC outlook,0.093,0.907,0.32,,,,,,,climatology only,False,climatology only - no skilful deterministic swell at this lead,climatology only - no skilful deterministic wind at this lead,0.0,0.141,0.67,cpc_wk34_temp,Above,60.0,0.44,2026-10-17,2026-10-30,,Above,40.0,El Nino,2.16,0.37,"enso_zone_composite (El Nino, month 10, n=124 days)","1997,2015,1982,2023,1972,1965",7.32,False,0.987,14.13,10.0,9410230,0.927,Waning Gibbous,17.28,7.05,18.04,11.0
2026-10-28,nine_mile,9-Mile Bank & 43-Fathom,offshore,25,301,10,3,outlook,Outlook / trend only,67.86,1.93,12,MUR 1 km satellite climatology,3.89,7.57,46232,46086,True,68.81,0.95,66.35,71.27,persistence + ENSO analog + CPC outlook,0.093,0.907,0.32,,,,,,,climatology only,False,climatology only - no skilful deterministic swell at this lead,climatology only - no skilful deterministic wind at this lead,0.0,0.141,0.81,cpc_wk34_temp,Above,60.0,0.44,2026-10-17,2026-10-30,,Above,40.0,El Nino,2.16,0.57,"enso_zone_composite (El Nino, month 10, n=124 days)","1997,2015,1982,2023,1972,1965",7.69,False,1.039,14.18,10.0,9410170,0.927,Waning Gibbous,17.28,7.05,18.04,11.0
2026-10-28,coronados,Coronado Islands,offshore,25,301,10,3,outlook,Outlook / trend only,67.09,1.97,12,MUR 1 km satellite climatology,3.89,7.57,46232,46086,True,68.07,0.99,65.57,70.58,persistence + ENSO analog + CPC outlook,0.093,0.907,0.32,,,,,,,climatology only,False,climatology only - no skilful deterministic swell at this lead,climatology only - no skilful deterministic wind at this lead,0.0,0.141,0.85,cpc_wk34_temp,Above,60.0,0.44,2026-10-17,2026-10-30,,Above,40.0,El Nino,2.16,0.59,"enso_zone_composite (El Nino, month 10, n=124 days)","1997,2015,1982,2023,1972,1965",7.69,False,1.039,14.18,10.0,9410170,0.927,Waning Gibbous,17.28,7.05,18.04,11.0
2026-10-28,outer_banks,302 / 371 / Hidden Bank,offshore,25,301,10,3,outlook,Outlook / trend only,68.06,1.95,12,MUR 1 km satellite climatology,3.89,7.57,46232,46086,False,69.01,0.95,66.52,71.49,persistence + ENSO analog + CPC outlook,0.093,0.907,0.32,,,,,,,climatology only,False,climatology only - no skilful deterministic swell at this lead,climatology only - no skilful deterministic wind at this lead,0.0,0.141,0.81,cpc_wk34_temp,Above,60.0,0.44,2026-10-17,2026-10-30,,Above,40.0,El Nino,2.16,0.6,"enso_zone_composite (El Nino, month 10, n=124 days)","1997,2015,1982,2023,1972,1965",7.69,False,1.039,14.18,10.0,9410170,0.927,Waning Gibbous,17.28,7.05,18.04,11.0
2026-10-28,cortez_tanner,Cortez & Tanner Bank,offshore,25,301,10,3,outlook,Outlook / trend only,65.94,1.61,12,MUR 1 km satellite climatology,6.26,7.57,46086,46086,False,66.49,0.56,64.45,68.54,persistence + ENSO analog + CPC outlook,0.093,0.907,0.32,,,,,,,climatology only,False,climatology only - no skilful deterministic swell at this lead,climatology only - no skilful deterministic wind at this lead,0.0,0.141,0.41,cpc_wk34_temp,Above,60.0,0.44,2026-10-17,2026-10-30,,Above,40.0,El Nino,2.16,0.08,"enso_zone_composite (El Nino, month 10, n=124 days)","1997,2015,1982,2023,1972,1965",7.69,False,1.039,14.18,10.0,9410170,0.927,Waning Gibbous,17.28,7.05,18.04,11.0
2026-10-29,sd_bay,San Diego Bay,inshore,26,302,10,3,outlook,Outlook / trend only,68.69,2.45,12,CO-OPS shore thermistor climatology,,7.54,,46086,True,69.37,0.68,66.16,72.58,persistence + ENSO analog + CPC outlook,0.0821,0.9179,0.32,,,,,,,climatology only,False,climatology only - no skilful deterministic swell at this lead,climatology only - no skilful deterministic wind at this lead,0.0,0.141,0.54,cpc_wk34_temp,Above,60.0,0.44,2026-10-17,2026-10-30,,Above,40.0,El Nino,2.16,0.16,"enso_zone_composite (El Nino, month 10, n=124 days)","1997,2015,1982,2023,1972,1965",7.14,False,0.927,15.07,0.0,9410170,0.854,Waning Gibbous,18.28,7.06,18.03,10.97
2026-10-29,mission_bay,Mission Bay,inshore,26,302,10,3,outlook,Outlook / trend only,68.69,2.45,12,CO-OPS shore thermistor climatology,,7.54,,46086,True,69.42,0.73,66.22,72.63,persistence + ENSO analog + CPC outlook,0.0821,0.9179,0.32,,,,,,,climatology only,False,climatology only - no skilful deterministic swell at this lead,climatology only - no skilful deterministic wind at this lead,0.0,0.141,0.59,cpc_wk34_temp,Above,60.0,0.44,2026-10-17,2026-10-30,,Above,40.0,El Nino,2.16,0.22,"enso_zone_composite (El Nino, month 10, n=124 days)","1997,2015,1982,2023,1972,1965",7.14,False,0.927,15.07,0.0,9410170,0.854,Waning Gibbous,18.28,7.06,18.03,10.97
2026-10-29,surf_zone,Del Mar to Imperial Beach Surf,inshore,26,302,10,3,outlook,Outlook / trend only,65.8,2.59,12,CO-OPS shore thermistor climatology,3.19,7.54,46225,46086,True,66.57,0.77,63.18,69.96,persistence + ENSO analog + CPC outlook,0.0821,0.9179,0.32,,,,,,,climatology only,False,climatology only - no skilful deterministic swell at this lead,climatology only - no skilful deterministic wind at this lead,0.0,0.141,0.63,cpc_wk34_temp,Above,60.0,0.44,2026-10-17,2026-10-30,,Above,40.0,El Nino,2.16,0.34,"enso_zone_composite (El Nino, month 10, n=124 days)","1997,2015,1982,2023,1972,1965",6.86,False,0.891,15.03,0.0,9410230,0.854,Waning Gibbous,18.28,7.06,18.03,10.97
2026-10-29,pt_loma_kelp,Point Loma Kelp,nearshore,26,302,10,3,outlook,Outlook / trend only,66.82,1.88,12,MUR 1 km satellite climatology,3.86,7.54,46232,46086,True,67.48,0.65,65.02,69.94,persistence + ENSO analog + CPC outlook,0.0821,0.9179,0.32,,,,,,,climatology only,False,climatology only - no skilful deterministic swell at this lead,climatology only - no skilful deterministic wind at this lead,0.0,0.141,0.51,cpc_wk34_temp,Above,60.0,0.44,2026-10-17,2026-10-30,,Above,40.0,El Nino,2.16,0.26,"enso_zone_composite (El Nino, month 10, n=124 days)","1997,2015,1982,2023,1972,1965",7.14,False,0.927,15.07,0.0,9410170,0.854,Waning Gibbous,18.28,7.06,18.03,10.97
2026-10-29,la_jolla,La Jolla Kelp & Canyon,nearshore,26,302,10,3,outlook,Outlook / trend only,67.02,1.88,12,MUR 1 km satellite climatology,3.19,7.54,46225,46086,True,67.8,0.78,65.33,70.27,persistence + ENSO analog + CPC outlook,0.0821,0.9179,0.32,,,,,,,climatology only,False,climatology only - no skilful deterministic swell at this lead,climatology only - no skilful deterministic wind at this lead,0.0,0.141,0.64,cpc_wk34_temp,Above,60.0,0.44,2026-10-17,2026-10-30,,Above,40.0,El Nino,2.16,0.37,"enso_zone_composite (El Nino, month 10, n=124 days)","1997,2015,1982,2023,1972,1965",6.86,False,0.891,15.03,0.0,9410230,0.854,Waning Gibbous,18.28,7.06,18.03,10.97
2026-10-29,nine_mile,9-Mile Bank & 43-Fathom,offshore,26,302,10,3,outlook,Outlook / trend only,67.7,1.91,12,MUR 1 km satellite climatology,3.86,7.54,46232,46086,True,68.62,0.92,66.12,71.13,persistence + ENSO analog + CPC outlook,0.0821,0.9179,0.32,,,,,,,climatology only,False,climatology only - no skilful deterministic swell at this lead,climatology only - no skilful deterministic wind at this lead,0.0,0.141,0.78,cpc_wk34_temp,Above,60.0,0.44,2026-10-17,2026-10-30,,Above,40.0,El Nino,2.16,0.57,"enso_zone_composite (El Nino, month 10, n=124 days)","1997,2015,1982,2023,1972,1965",7.14,False,0.927,15.07,0.0,9410170,0.854,Waning Gibbous,18.28,7.06,18.03,10.97
2026-10-29,coronados,Coronado Islands,offshore,26,302,10,3,outlook,Outlook / trend only,66.94,1.97,12,MUR 1 km satellite climatology,3.86,7.54,46232,46086,True,67.9,0.96,65.32,70.47,persistence + ENSO analog + CPC outlook,0.0821,0.9179,0.32,,,,,,,climatology only,False,climatology only - no skilful deterministic swell at this lead,climatology only - no skilful deterministic wind at this lead,0.0,0.141,0.82,cpc_wk34_temp,Above,60.0,0.44,2026-10-17,2026-10-30,,Above,40.0,El Nino,2.16,0.59,"enso_zone_composite (El Nino, month 10, n=124 days)","1997,2015,1982,2023,1972,1965",7.14,False,0.927,15.07,0.0,9410170,0.854,Waning Gibbous,18.28,7.06,18.03,10.97
2026-10-29,outer_banks,302 / 371 / Hidden Bank,offshore,26,302,10,3,outlook,Outlook / trend only,67.93,1.96,12,MUR 1 km satellite climatology,3.86,7.54,46232,46086,False,68.85,0.92,66.29,71.42,persistence + ENSO analog + CPC outlook,0.0821,0.9179,0.32,,,,,,,climatology only,False,climatology only - no skilful deterministic swell at this lead,climatology only - no skilful deterministic wind at this lead,0.0,0.141,0.78,cpc_wk34_temp,Above,60.0,0.44,2026-10-17,2026-10-30,,Above,40.0,El Nino,2.16,0.6,"enso_zone_composite (El Nino, month 10, n=124 days)","1997,2015,1982,2023,1972,1965",7.14,False,0.927,15.07,0.0,9410170,0.854,Waning Gibbous,18.28,7.06,18.03,10.97
2026-10-29,cortez_tanner,Cortez & Tanner Bank,offshore,26,302,10,3,outlook,Outlook / trend only,65.82,1.64,12,MUR 1 km satellite climatology,6.29,7.54,46086,46086,False,66.34,0.52,64.2,68.48,persistence + ENSO analog + CPC outlook,0.0821,0.9179,0.32,,,,,,,climatology only,False,climatology only - no skilful deterministic swell at this lead,climatology only - no skilful deterministic wind at this lead,0.0,0.141,0.38,cpc_wk34_temp,Above,60.0,0.44,2026-10-17,2026-10-30,,Above,40.0,El Nino,2.16,0.08,"enso_zone_composite (El Nino, month 10, n=124 days)","1997,2015,1982,2023,1972,1965",7.14,False,0.927,15.07,0.0,9410170,0.854,Waning Gibbous,18.28,7.06,18.03,10.97
2026-10-30,sd_bay,San Diego Bay,inshore,27,303,10,3,outlook,Outlook / trend only,68.56,2.41,12,CO-OPS shore thermistor climatology,,7.52,,46086,True,69.19,0.63,65.93,72.44,persistence + ENSO analog + CPC outlook,0.0724,0.9276,0.32,,,,,,,climatology only,False,climatology only - no skilful deterministic swell at this lead,climatology only - no skilful deterministic wind at this lead,0.0,0.141,0.49,cpc_wk34_temp,Above,60.0,0.44,2026-10-17,2026-10-30,,Above,40.0,El Nino,2.16,0.16,"enso_zone_composite (El Nino, month 10, n=124 days)","1997,2015,1982,2023,1972,1965",6.38,False,0.804,16.12,1.0,9410170,0.761,Waning Gibbous,19.28,7.07,18.01,10.94
2026-10-30,mission_bay,Mission Bay,inshore,27,303,10,3,outlook,Outlook / trend only,68.56,2.41,12,CO-OPS shore thermistor climatology,,7.52,,46086,True,69.24,0.69,65.99,72.5,persistence + ENSO analog + CPC outlook,0.0724,0.9276,0.32,,,,,,,climatology only,False,climatology only - no skilful deterministic swell at this lead,climatology only - no skilful deterministic wind at this lead,0.0,0.141,0.55,cpc_wk34_temp,Above,60.0,0.44,2026-10-17,2026-10-30,,Above,40.0,El Nino,2.16,0.22,"enso_zone_composite (El Nino, month 10, n=124 days)","1997,2015,1982,2023,1972,1965",6.38,False,0.804,16.12,1.0,9410170,0.761,Waning Gibbous,19.28,7.07,18.01,10.94
2026-10-30,surf_zone,Del Mar to Imperial Beach Surf,inshore,27,303,10,3,outlook,Outlook / trend only,65.7,2.56,12,CO-OPS shore thermistor climatology,3.17,7.52,46225,46086,True,66.44,0.73,62.98,69.89,persistence + ENSO analog + CPC outlook,0.0724,0.9276,0.32,,,,,,,climatology only,False,climatology only - no skilful deterministic swell at this lead,climatology only - no skilful deterministic wind at this lead,0.0,0.141,0.59,cpc_wk34_temp,Above,60.0,0.44,2026-10-17,2026-10-30,,Above,40.0,El Nino,2.16,0.34,"enso_zone_composite (El Nino, month 10, n=124 days)","1997,2015,1982,2023,1972,1965",6.19,False,0.774,16.08,1.0,9410230,0.761,Waning Gibbous,19.28,7.07,18.01,10.94
2026-10-30,pt_loma_kelp,Point Loma Kelp,nearshore,27,303,10,3,outlook,Outlook / trend only,66.68,1.89,12,MUR 1 km satellite climatology,3.85,7.52,46232,46086,True,67.3,0.62,64.75,69.85,persistence + ENSO analog + CPC outlook,0.0724,0.9276,0.32,,,,,,,climatology only,False,climatology only - no skilful deterministic swell at this lead,climatology only - no skilful deterministic wind at this lead,0.0,0.141,0.48,cpc_wk34_temp,Above,60.0,0.44,2026-10-17,2026-10-30,,Above,40.0,El Nino,2.16,0.26,"enso_zone_composite (El Nino, month 10, n=124 days)","1997,2015,1982,2023,1972,1965",6.38,False,0.804,16.12,1.0,9410170,0.761,Waning Gibbous,19.28,7.07,18.01,10.94
2026-10-30,la_jolla,La Jolla Kelp & Canyon,nearshore,27,303,10,3,outlook,Outlook / trend only,66.89,1.84,12,MUR 1 km satellite climatology,3.17,7.52,46225,46086,True,67.64,0.75,65.15,70.13,persistence + ENSO analog + CPC outlook,0.0724,0.9276,0.32,,,,,,,climatology only,False,climatology only - no skilful deterministic swell at this lead,climatology only - no skilful deterministic wind at this lead,0.0,0.141,0.6,cpc_wk34_temp,Above,60.0,0.44,2026-10-17,2026-10-30,,Above,40.0,El Nino,2.16,0.37,"enso_zone_composite (El Nino, month 10, n=124 days)","1997,2015,1982,2023,1972,1965",6.19,False,0.774,16.08,1.0,9410230,0.761,Waning Gibbous,19.28,7.07,18.01,10.94
2026-10-30,nine_mile,9-Mile Bank & 43-Fathom,offshore,27,303,10,3,outlook,Outlook / trend only,67.56,1.91,12,MUR 1 km satellite climatology,3.85,7.52,46232,46086,True,68.45,0.9,65.88,71.03,persistence + ENSO analog + CPC outlook,0.0724,0.9276,0.32,,,,,,,climatology only,False,climatology only - no skilful deterministic swell at this lead,climatology only - no skilful deterministic wind at this lead,0.0,0.141,0.75,cpc_wk34_temp,Above,60.0,0.44,2026-10-17,2026-10-30,,Above,40.0,El Nino,2.16,0.57,"enso_zone_composite (El Nino, month 10, n=124 days)","1997,2015,1982,2023,1972,1965",6.38,False,0.804,16.12,1.0,9410170,0.761,Waning Gibbous,19.28,7.07,18.01,10.94
2026-10-30,coronados,Coronado Islands,offshore,27,303,10,3,outlook,Outlook / trend only,66.81,1.98,12,MUR 1 km satellite climatology,3.85,7.52,46232,46086,True,67.74,0.93,65.07,70.4,persistence + ENSO analog + CPC outlook,0.0724,0.9276,0.32,,,,,,,climatology only,False,climatology only - no skilful deterministic swell at this lead,climatology only - no skilful deterministic wind at this lead,0.0,0.141,0.79,cpc_wk34_temp,Above,60.0,0.44,2026-10-17,2026-10-30,,Above,40.0,El Nino,2.16,0.59,"enso_zone_composite (El Nino, month 10, n=124 days)","1997,2015,1982,2023,1972,1965",6.38,False,0.804,16.12,1.0,9410170,0.761,Waning Gibbous,19.28,7.07,18.01,10.94
2026-10-30,outer_banks,302 / 371 / Hidden Bank,offshore,27,303,10,3,outlook,Outlook / trend only,67.8,1.98,12,MUR 1 km satellite climatology,3.85,7.52,46232,46086,False,68.7,0.9,66.03,71.37,persistence + ENSO analog + CPC outlook,0.0724,0.9276,0.32,,,,,,,climatology only,False,climatology only - no skilful deterministic swell at this lead,climatology only - no skilful deterministic wind at this lead,0.0,0.141,0.76,cpc_wk34_temp,Above,60.0,0.44,2026-10-17,2026-10-30,,Above,40.0,El Nino,2.16,0.6,"enso_zone_composite (El Nino, month 10, n=124 days)","1997,2015,1982,2023,1972,1965",6.38,False,0.804,16.12,1.0,9410170,0.761,Waning Gibbous,19.28,7.07,18.01,10.94
2026-10-30,cortez_tanner,Cortez & Tanner Bank,offshore,27,303,10,3,outlook,Outlook / trend only,65.73,1.68,12,MUR 1 km satellite climatology,6.27,7.52,46086,46086,False,66.21,0.48,63.94,68.48,persistence + ENSO analog + CPC outlook,0.0724,0.9276,0.32,,,,,,,climatology only,False,climatology only - no skilful deterministic swell at this lead,climatology only - no skilful deterministic wind at this lead,0.0,0.141,0.34,cpc_wk34_temp,Above,60.0,0.44,2026-10-17,2026-10-30,,Above,40.0,El Nino,2.16,0.08,"enso_zone_composite (El Nino, month 10, n=124 days)","1997,2015,1982,2023,1972,1965",6.38,False,0.804,16.12,1.0,9410170,0.761,Waning Gibbous,19.28,7.07,18.01,10.94
2026-10-31,sd_bay,San Diego Bay,inshore,28,304,10,3,outlook,Outlook / trend only,68.41,2.38,12,CO-OPS shore thermistor climatology,,7.51,,46086,True,69.01,0.59,65.71,72.3,persistence + ENSO analog + CPC outlook,0.0639,0.9361,0.32,,,,,,,climatology only,False,climatology only - no skilful deterministic swell at this lead,climatology only - no skilful deterministic wind at this lead,0.0,0.141,0.45,cpc_wk34_temp,Above,60.0,0.44,2026-10-17,2026-10-30,,Above,40.0,El Nino,2.16,0.16,"enso_zone_composite (El Nino, month 10, n=124 days)","1997,2015,1982,2023,1972,1965",5.63,False,0.703,17.4,3.0,9410170,0.655,Waning Gibbous,20.28,7.09,17.99,10.91
2026-10-31,mission_bay,Mission Bay,inshore,28,304,10,3,outlook,Outlook / trend only,68.41,2.38,12,CO-OPS shore thermistor climatology,,7.51,,46086,True,69.06,0.65,65.76,72.36,persistence + ENSO analog + CPC outlook,0.0639,0.9361,0.32,,,,,,,climatology only,False,climatology only - no skilful deterministic swell at this lead,climatology only - no skilful deterministic wind at this lead,0.0,0.141,0.51,cpc_wk34_temp,Above,60.0,0.44,2026-10-17,2026-10-30,,Above,40.0,El Nino,2.16,0.22,"enso_zone_composite (El Nino, month 10, n=124 days)","1997,2015,1982,2023,1972,1965",5.63,False,0.703,17.4,3.0,9410170,0.655,Waning Gibbous,20.28,7.09,17.99,10.91
2026-10-31,surf_zone,Del Mar to Imperial Beach Surf,inshore,28,304,10,3,outlook,Outlook / trend only,65.6,2.5,12,CO-OPS shore thermistor climatology,3.15,7.51,46225,46086,True,66.31,0.7,62.84,69.78,persistence + ENSO analog + CPC outlook,0.0639,0.9361,0.32,,,,,,,climatology only,False,climatology only - no skilful deterministic swell at this lead,climatology only - no skilful deterministic wind at this lead,0.0,0.141,0.56,cpc_wk34_temp,Above,60.0,0.44,2026-10-17,2026-10-30,,Above,40.0,El Nino,2.16,0.34,"enso_zone_composite (El Nino, month 10, n=124 days)","1997,2015,1982,2023,1972,1965",5.49,False,0.677,17.32,3.0,9410230,0.655,Waning Gibbous,20.28,7.09,17.99,10.91
2026-10-31,pt_loma_kelp,Point Loma Kelp,nearshore,28,304,10,3,outlook,Outlook / trend only,66.53,1.9,12,MUR 1 km satellite climatology,3.85,7.51,46232,46086,True,67.13,0.6,64.49,69.77,persistence + ENSO analog + CPC outlook,0.0639,0.9361,0.32,,,,,,,climatology only,False,climatology only - no skilful deterministic swell at this lead,climatology only - no skilful deterministic wind at this lead,0.0,0.141,0.46,cpc_wk34_temp,Above,60.0,0.44,2026-10-17,2026-10-30,,Above,40.0,El Nino,2.16,0.26,"enso_zone_composite (El Nino, month 10, n=124 days)","1997,2015,1982,2023,1972,1965",5.63,False,0.703,17.4,3.0,9410170,0.655,Waning Gibbous,20.28,7.09,17.99,10.91
2026-10-31,la_jolla,La Jolla Kelp & Canyon,nearshore,28,304,10,3,outlook,Outlook / trend only,66.75,1.84,12,MUR 1 km satellite climatology,3.15,7.51,46225,46086,True,67.46,0.72,64.91,70.02,persistence + ENSO analog + CPC outlook,0.0639,0.9361,0.32,,,,,,,climatology only,False,climatology only - no skilful deterministic swell at this lead,climatology only - no skilful deterministic wind at this lead,0.0,0.141,0.58,cpc_wk34_temp,Above,60.0,0.44,2026-10-17,2026-10-30,,Above,40.0,El Nino,2.16,0.37,"enso_zone_composite (El Nino, month 10, n=124 days)","1997,2015,1982,2023,1972,1965",5.49,False,0.677,17.32,3.0,9410230,0.655,Waning Gibbous,20.28,7.09,17.99,10.91
2026-10-31,nine_mile,9-Mile Bank & 43-Fathom,offshore,28,304,10,3,outlook,Outlook / trend only,67.42,1.92,12,MUR 1 km satellite climatology,3.85,7.51,46232,46086,True,68.3,0.87,65.64,70.96,persistence + ENSO analog + CPC outlook,0.0639,0.9361,0.32,,,,,,,climatology only,False,climatology only - no skilful deterministic swell at this lead,climatology only - no skilful deterministic wind at this lead,0.0,0.141,0.73,cpc_wk34_temp,Above,60.0,0.44,2026-10-17,2026-10-30,,Above,40.0,El Nino,2.16,0.57,"enso_zone_composite (El Nino, month 10, n=124 days)","1997,2015,1982,2023,1972,1965",5.63,False,0.703,17.4,3.0,9410170,0.655,Waning Gibbous,20.28,7.09,17.99,10.91
2026-10-31,coronados,Coronado Islands,offshore,28,304,10,3,outlook,Outlook / trend only,66.69,2.0,12,MUR 1 km satellite climatology,3.85,7.51,46232,46086,True,67.6,0.91,64.83,70.37,persistence + ENSO analog + CPC outlook,0.0639,0.9361,0.32,,,,,,,climatology only,False,climatology only - no skilful deterministic swell at this lead,climatology only - no skilful deterministic wind at this lead,0.0,0.141,0.77,cpc_wk34_temp,Above,60.0,0.44,2026-10-17,2026-10-30,,Above,40.0,El Nino,2.16,0.59,"enso_zone_composite (El Nino, month 10, n=124 days)","1997,2015,1982,2023,1972,1965",5.63,False,0.703,17.4,3.0,9410170,0.655,Waning Gibbous,20.28,7.09,17.99,10.91
2026-10-31,outer_banks,302 / 371 / Hidden Bank,offshore,28,304,10,3,outlook,Outlook / trend only,67.67,1.99,12,MUR 1 km satellite climatology,3.85,7.51,46232,46086,False,68.55,0.88,65.8,71.31,persistence + ENSO analog + CPC outlook,0.0639,0.9361,0.32,,,,,,,climatology only,False,climatology only - no skilful deterministic swell at this lead,climatology only - no skilful deterministic wind at this lead,0.0,0.141,0.74,cpc_wk34_temp,Above,60.0,0.44,2026-10-17,2026-10-30,,Above,40.0,El Nino,2.16,0.6,"enso_zone_composite (El Nino, month 10, n=124 days)","1997,2015,1982,2023,1972,1965",5.63,False,0.703,17.4,3.0,9410170,0.655,Waning Gibbous,20.28,7.09,17.99,10.91
2026-10-31,cortez_tanner,Cortez & Tanner Bank,offshore,28,304,10,3,outlook,Outlook / trend only,65.63,1.74,12,MUR 1 km satellite climatology,6.31,7.51,46086,46086,False,66.08,0.45,63.68,68.49,persistence + ENSO analog + CPC outlook,0.0639,0.9361,0.32,,,,,,,climatology only,False,climatology only - no skilful deterministic swell at this lead,climatology only - no skilful deterministic wind at this lead,0.0,0.141,0.31,cpc_wk34_temp,Above,60.0,0.44,2026-10-17,2026-10-30,,Above,40.0,El Nino,2.16,0.08,"enso_zone_composite (El Nino, month 10, n=124 days)","1997,2015,1982,2023,1972,1965",5.63,False,0.703,17.4,3.0,9410170,0.655,Waning Gibbous,20.28,7.09,17.99,10.91
2026-11-01,sd_bay,San Diego Bay,inshore,29,305,11,3,outlook,Outlook / trend only,68.26,2.34,12,CO-OPS shore thermistor climatology,,7.62,,46086,True,69.24,0.98,65.9,72.58,persistence + ENSO analog,0.0564,0.9436,0.0,,,,,,,climatology only,False,climatology only - no skilful deterministic swell at this lead,climatology only - no skilful deterministic wind at this lead,0.0,0.0,0.98,cpc_month_temp,Above,33.0,0.0,,,Oct 2026,,,El Nino,2.16,0.75,"enso_zone_composite (El Nino, month 11, n=120 days)","1997,2015,1982,2023,1972,1965",5.1,False,0.663,17.78,3.0,9410170,0.543,Last Quarter,21.28,6.1,16.98,10.88
2026-11-01,mission_bay,Mission Bay,inshore,29,305,11,3,outlook,Outlook / trend only,68.26,2.34,12,CO-OPS shore thermistor climatology,,7.62,,46086,True,69.17,0.91,65.84,72.51,persistence + ENSO analog,0.0564,0.9436,0.0,,,,,,,climatology only,False,climatology only - no skilful deterministic swell at this lead,climatology only - no skilful deterministic wind at this lead,0.0,0.0,0.91,cpc_month_temp,Above,33.0,0.0,,,Oct 2026,,,El Nino,2.16,0.69,"enso_zone_composite (El Nino, month 11, n=120 days)","1997,2015,1982,2023,1972,1965",5.1,False,0.663,17.78,3.0,9410170,0.543,Last Quarter,21.28,6.1,16.98,10.88
2026-11-01,surf_zone,Del Mar to Imperial Beach Surf,inshore,29,305,11,3,outlook,Outlook / trend only,65.51,2.46,12,CO-OPS shore thermistor climatology,3.17,7.62,46225,46086,True,66.36,0.85,62.85,69.87,persistence + ENSO analog,0.0564,0.9436,0.0,,,,,,,climatology only,False,climatology only - no skilful deterministic swell at this lead,climatology only - no skilful deterministic wind at this lead,0.0,0.0,0.85,cpc_month_temp,Above,33.0,0.0,,,Oct 2026,,,El Nino,2.16,0.67,"enso_zone_composite (El Nino, month 11, n=120 days)","1997,2015,1982,2023,1972,1965",4.92,False,0.635,17.67,3.0,9410230,0.543,Last Quarter,21.28,6.1,16.98,10.88
2026-11-01,pt_loma_kelp,Point Loma Kelp,nearshore,29,305,11,3,outlook,Outlook / trend only,66.38,1.91,12,MUR 1 km satellite climatology,3.89,7.62,46232,46086,True,67.34,0.95,64.62,70.05,persistence + ENSO analog,0.0564,0.9436,0.0,,,,,,,climatology only,False,climatology only - no skilful deterministic swell at this lead,climatology only - no skilful deterministic wind at this lead,0.0,0.0,0.95,cpc_month_temp,Above,33.0,0.0,,,Oct 2026,,,El Nino,2.16,0.81,"enso_zone_composite (El Nino, month 11, n=120 days)","1997,2015,1982,2023,1972,1965",5.1,False,0.663,17.78,3.0,9410170,0.543,Last Quarter,21.28,6.1,16.98,10.88
2026-11-01,la_jolla,La Jolla Kelp & Canyon,nearshore,29,305,11,3,outlook,Outlook / trend only,66.58,1.85,12,MUR 1 km satellite climatology,3.17,7.62,46225,46086,True,67.4,0.83,64.76,70.04,persistence + ENSO analog,0.0564,0.9436,0.0,,,,,,,climatology only,False,climatology only - no skilful deterministic swell at this lead,climatology only - no skilful deterministic wind at this lead,0.0,0.0,0.83,cpc_month_temp,Above,33.0,0.0,,,Oct 2026,,,El Nino,2.16,0.66,"enso_zone_composite (El Nino, month 11, n=120 days)","1997,2015,1982,2023,1972,1965",4.92,False,0.635,17.67,3.0,9410230,0.543,Last Quarter,21.28,6.1,16.98,10.88
2026-11-01,nine_mile,9-Mile Bank & 43-Fathom,offshore,29,305,11,3,outlook,Outlook / trend only,67.29,1.92,12,MUR 1 km satellite climatology,3.89,7.62,46232,46086,True,68.37,1.08,65.63,71.11,persistence + ENSO analog,0.0564,0.9436,0.0,,,,,,,climatology only,False,climatology only - no skilful deterministic swell at this lead,climatology only - no skilful deterministic wind at this lead,0.0,0.0,1.08,cpc_month_temp,Above,33.0,0.0,,,Oct 2026,,,El Nino,2.16,0.96,"enso_zone_composite (El Nino, month 11, n=120 days)","1997,2015,1982,2023,1972,1965",5.1,False,0.663,17.78,3.0,9410170,0.543,Last Quarter,21.28,6.1,16.98,10.88
2026-11-01,coronados,Coronado Islands,offshore,29,305,11,3,outlook,Outlook / trend only,66.58,2.02,12,MUR 1 km satellite climatology,3.89,7.62,46232,46086,True,67.75,1.18,64.87,70.64,persistence + ENSO analog,0.0564,0.9436,0.0,,,,,,,climatology only,False,climatology only - no skilful deterministic swell at this lead,climatology only - no skilful deterministic wind at this lead,0.0,0.0,1.18,cpc_month_temp,Above,33.0,0.0,,,Oct 2026,,,El Nino,2.16,1.05,"enso_zone_composite (El Nino, month 11, n=120 days)","1997,2015,1982,2023,1972,1965",5.1,False,0.663,17.78,3.0,9410170,0.543,Last Quarter,21.28,6.1,16.98,10.88
2026-11-01,outer_banks,302 / 371 / Hidden Bank,offshore,29,305,11,3,outlook,Outlook / trend only,67.55,1.98,12,MUR 1 km satellite climatology,3.89,7.62,46232,46086,False,68.57,1.02,65.75,71.39,persistence + ENSO analog,0.0564,0.9436,0.0,,,,,,,climatology only,False,climatology only - no skilful deterministic swell at this lead,climatology only - no skilful deterministic wind at this lead,0.0,0.0,1.02,cpc_month_temp,Above,33.0,0.0,,,Oct 2026,,,El Nino,2.16,0.91,"enso_zone_composite (El Nino, month 11, n=120 days)","1997,2015,1982,2023,1972,1965",5.1,False,0.663,17.78,3.0,9410170,0.543,Last Quarter,21.28,6.1,16.98,10.88
2026-11-01,cortez_tanner,Cortez & Tanner Bank,offshore,29,305,11,3,outlook,Outlook / trend only,65.54,1.8,12,MUR 1 km satellite climatology,6.38,7.62,46086,46086,False,66.22,0.69,63.66,68.78,persistence + ENSO analog,0.0564,0.9436,0.0,,,,,,,climatology only,False,climatology only - no skilful deterministic swell at this lead,climatology only - no skilful deterministic wind at this lead,0.0,0.0,0.69,cpc_month_temp,Above,33.0,0.0,,,Oct 2026,,,El Nino,2.16,0.51,"enso_zone_composite (El Nino, month 11, n=120 days)","1997,2015,1982,2023,1972,1965",5.1,False,0.663,17.78,3.0,9410170,0.543,Last Quarter,21.28,6.1,16.98,10.88
2026-11-02,sd_bay,San Diego Bay,inshore,30,306,11,3,outlook,Outlook / trend only,68.11,2.32,12,CO-OPS shore thermistor climatology,,7.69,,46086,True,69.06,0.95,65.67,72.45,persistence + ENSO analog,0.0498,0.9502,0.0,,,,,,,climatology only,False,climatology only - no skilful deterministic swell at this lead,climatology only - no skilful deterministic wind at this lead,0.0,0.0,0.95,cpc_month_temp,Above,33.0,0.0,,,Oct 2026,,,El Nino,2.16,0.75,"enso_zone_composite (El Nino, month 11, n=120 days)","1997,2015,1982,2023,1972,1965",4.83,False,0.68,19.05,4.0,9410170,0.43,Last Quarter,22.28,6.12,16.97,10.85
2026-11-02,mission_bay,Mission Bay,inshore,30,306,11,3,outlook,Outlook / trend only,68.11,2.32,12,CO-OPS shore thermistor climatology,,7.69,,46086,True,68.99,0.88,65.61,72.38,persistence + ENSO analog,0.0498,0.9502,0.0,,,,,,,climatology only,False,climatology only - no skilful deterministic swell at this lead,climatology only - no skilful deterministic wind at this lead,0.0,0.0,0.88,cpc_month_temp,Above,33.0,0.0,,,Oct 2026,,,El Nino,2.16,0.69,"enso_zone_composite (El Nino, month 11, n=120 days)","1997,2015,1982,2023,1972,1965",4.83,False,0.68,19.05,4.0,9410170,0.43,Last Quarter,22.28,6.12,16.97,10.85
2026-11-02,surf_zone,Del Mar to Imperial Beach Surf,inshore,30,306,11,3,outlook,Outlook / trend only,65.37,2.44,12,CO-OPS shore thermistor climatology,3.18,7.69,46225,46086,True,66.2,0.83,62.63,69.77,persistence + ENSO analog,0.0498,0.9502,0.0,,,,,,,climatology only,False,climatology only - no skilful deterministic swell at this lead,climatology only - no skilful deterministic wind at this lead,0.0,0.0,0.83,cpc_month_temp,Above,33.0,0.0,,,Oct 2026,,,El Nino,2.16,0.67,"enso_zone_composite (El Nino, month 11, n=120 days)","1997,2015,1982,2023,1972,1965",4.55,False,0.639,18.93,4.0,9410230,0.43,Last Quarter,22.28,6.12,16.97,10.85
2026-11-02,pt_loma_kelp,Point Loma Kelp,nearshore,30,306,11,3,outlook,Outlook / trend only,66.21,1.91,12,MUR 1 km satellite climatology,3.91,7.69,46232,46086,True,67.15,0.94,64.36,69.95,persistence + ENSO analog,0.0498,0.9502,0.0,,,,,,,climatology only,False,climatology only - no skilful deterministic swell at this lead,climatology only - no skilful deterministic wind at this lead,0.0,0.0,0.94,cpc_month_temp,Above,33.0,0.0,,,Oct 2026,,,El Nino,2.16,0.81,"enso_zone_composite (El Nino, month 11, n=120 days)","1997,2015,1982,2023,1972,1965",4.83,False,0.68,19.05,4.0,9410170,0.43,Last Quarter,22.28,6.12,16.97,10.85
2026-11-02,la_jolla,La Jolla Kelp & Canyon,nearshore,30,306,11,3,outlook,Outlook / trend only,66.39,1.85,12,MUR 1 km satellite climatology,3.18,7.69,46225,46086,True,67.2,0.81,64.49,69.9,persistence + ENSO analog,0.0498,0.9502,0.0,,,,,,,climatology only,False,climatology only - no skilful deterministic swell at this lead,climatology only - no skilful deterministic wind at this lead,0.0,0.0,0.81,cpc_month_temp,Above,33.0,0.0,,,Oct 2026,,,El Nino,2.16,0.66,"enso_zone_composite (El Nino, month 11, n=120 days)","1997,2015,1982,2023,1972,1965",4.55,False,0.639,18.93,4.0,9410230,0.43,Last Quarter,22.28,6.12,16.97,10.85
2026-11-02,nine_mile,9-Mile Bank & 43-Fathom,offshore,30,306,11,3,outlook,Outlook / trend only,67.14,1.91,12,MUR 1 km satellite climatology,3.91,7.69,46232,46086,True,68.21,1.07,65.41,71.01,persistence + ENSO analog,0.0498,0.9502,0.0,,,,,,,climatology only,False,climatology only - no skilful deterministic swell at this lead,climatology only - no skilful deterministic wind at this lead,0.0,0.0,1.07,cpc_month_temp,Above,33.0,0.0,,,Oct 2026,,,El Nino,2.16,0.96,"enso_zone_composite (El Nino, month 11, n=120 days)","1997,2015,1982,2023,1972,1965",4.83,False,0.68,19.05,4.0,9410170,0.43,Last Quarter,22.28,6.12,16.97,10.85
2026-11-02,coronados,Coronado Islands,offshore,30,306,11,3,outlook,Outlook / trend only,66.46,2.02,12,MUR 1 km satellite climatology,3.91,7.69,46232,46086,True,67.62,1.16,64.67,70.57,persistence + ENSO analog,0.0498,0.9502,0.0,,,,,,,climatology only,False,climatology only - no skilful deterministic swell at this lead,climatology only - no skilful deterministic wind at this lead,0.0,0.0,1.16,cpc_month_temp,Above,33.0,0.0,,,Oct 2026,,,El Nino,2.16,1.05,"enso_zone_composite (El Nino, month 11, n=120 days)","1997,2015,1982,2023,1972,1965",4.83,False,0.68,19.05,4.0,9410170,0.43,Last Quarter,22.28,6.12,16.97,10.85
2026-11-02,outer_banks,302 / 371 / Hidden Bank,offshore,30,306,11,3,outlook,Outlook / trend only,67.42,1.95,12,MUR 1 km satellite climatology,3.91,7.69,46232,46086,False,68.43,1.01,65.57,71.28,persistence + ENSO analog,0.0498,0.9502,0.0,,,,,,,climatology only,False,climatology only - no skilful deterministic swell at this lead,climatology only - no skilful deterministic wind at this lead,0.0,0.0,1.01,cpc_month_temp,Above,33.0,0.0,,,Oct 2026,,,El Nino,2.16,0.91,"enso_zone_composite (El Nino, month 11, n=120 days)","1997,2015,1982,2023,1972,1965",4.83,False,0.68,19.05,4.0,9410170,0.43,Last Quarter,22.28,6.12,16.97,10.85
2026-11-02,cortez_tanner,Cortez & Tanner Bank,offshore,30,306,11,3,outlook,Outlook / trend only,65.43,1.84,12,MUR 1 km satellite climatology,6.36,7.69,46086,46086,False,66.1,0.67,63.41,68.79,persistence + ENSO analog,0.0498,0.9502,0.0,,,,,,,climatology only,False,climatology only - no skilful deterministic swell at this lead,climatology only - no skilful deterministic wind at this lead,0.0,0.0,0.67,cpc_month_temp,Above,33.0,0.0,,,Oct 2026,,,El Nino,2.16,0.51,"enso_zone_composite (El Nino, month 11, n=120 days)","1997,2015,1982,2023,1972,1965",4.83,False,0.68,19.05,4.0,9410170,0.43,Last Quarter,22.28,6.12,16.97,10.85
