date,zone_id,zone,band,species_id,species,group,lead_days,confidence_tier,confidence_key,confidence_label,score_outlook,score_lo,score_hi,score_band_pts,seasonal_norm_score,climatological_score,vs_seasonal_norm,trend,fishability_outlook,fishability_climatological,access_note,term_sst,term_season,term_tide,term_moon,term_swell,pressure_trend_model_24h,anomaly_term,missing_drivers,sst_proj_f,sst_anom_proj_f,tide_range_ft,moon_illum,moon_phase,basis,is_extended,score_band_raw_pts,score_halfband_lo_pts,score_halfband_hi_pts,score_band_is_ratcheted,score_band_hits_ceiling,score_band_hits_floor
2026-10-14,coronados,Coronado Islands,offshore,barracuda,California Barracuda,pelagic_inshore,7,2,moderate,Moderate confidence,76.2,69.0,81.5,12.5,71.1,62.4,13.8,well above typical,80.6,87.1,workable,0.787,0.6,0.604,0.886,0.738,0.3,1.246,"pressure,front,chl",73.31,4.55,5.22,0.143,Waxing Crescent,model-blended conditions + exact tide/moon,True,12.5,7.2,5.3,False,False,False
2026-10-15,coronados,Coronado Islands,offshore,barracuda,California Barracuda,pelagic_inshore,8,2,moderate,Moderate confidence,79.0,71.8,84.3,12.5,71.0,62.4,16.6,well above typical,82.3,87.0,workable,0.874,0.6,0.601,0.904,0.758,0.5,1.221,"pressure,front,chl",72.77,4.1,4.5,0.217,Waxing Crescent,model-blended conditions + exact tide/moon,True,9.7,7.2,5.3,True,False,False
2026-10-16,coronados,Coronado Islands,offshore,barracuda,California Barracuda,pelagic_inshore,9,2,moderate,Moderate confidence,74.3,67.1,79.6,12.5,70.7,62.4,11.9,well above typical,70.1,86.6,workable,0.956,0.6,0.622,0.925,0.814,-1.5,1.2,"pressure,front,chl",72.27,3.71,3.84,0.3,Waxing Crescent,model-blended conditions + exact tide/moon,True,9.3,7.2,5.3,True,False,False
2026-10-17,coronados,Coronado Islands,offshore,barracuda,California Barracuda,pelagic_inshore,10,2,moderate,Moderate confidence,85.1,76.4,90.4,14.0,70.6,62.4,22.7,well above typical,86.4,86.4,workable,1.0,0.6,0.655,0.948,0.811,3.5,1.182,"pressure,front,chl",71.8,3.37,3.44,0.39,First Quarter,model-blended conditions + exact tide/moon,True,11.7,8.7,5.3,True,False,False
2026-10-18,coronados,Coronado Islands,offshore,barracuda,California Barracuda,pelagic_inshore,11,2,moderate,Moderate confidence,83.4,74.5,88.7,14.2,70.6,62.3,21.1,well above typical,86.3,86.3,workable,1.0,0.6,0.634,0.971,0.81,1.0,1.165,"pressure,front,chl",71.4,3.06,3.4,0.484,First Quarter,model-blended conditions + exact tide/moon,True,12.4,8.9,5.3,True,False,False
2026-10-19,coronados,Coronado Islands,offshore,barracuda,California Barracuda,pelagic_inshore,12,2,moderate,Moderate confidence,75.8,66.9,81.1,14.2,70.5,62.3,13.5,well above typical,86.1,86.2,workable,1.0,0.6,0.398,0.955,0.808,0.1,1.151,"pressure,front,chl",71.03,2.79,1.18,0.579,First Quarter,model-blended conditions + exact tide/moon,True,14.2,8.9,5.3,False,False,False
2026-10-20,coronados,Coronado Islands,offshore,barracuda,California Barracuda,pelagic_inshore,13,2,moderate,Moderate confidence,79.0,69.6,86.3,16.7,70.5,62.3,16.7,well above typical,86.1,86.2,workable,1.0,0.6,0.541,0.932,0.808,0.0,1.138,"pressure,front,chl",70.68,2.56,3.94,0.673,Waxing Gibbous,model-blended conditions + exact tide/moon,True,16.7,9.4,7.3,False,False,False
2026-10-21,coronados,Coronado Islands,offshore,barracuda,California Barracuda,pelagic_inshore,14,2,moderate,Moderate confidence,79.4,69.6,88.4,18.8,70.5,62.3,17.1,well above typical,86.2,86.2,workable,1.0,0.6,0.593,0.909,0.808,-1.7,1.127,"pressure,front,chl",70.36,2.35,4.27,0.762,Waxing Gibbous,model-blended conditions + exact tide/moon,True,18.8,9.8,9.0,False,False,False
2026-10-22,coronados,Coronado Islands,offshore,barracuda,California Barracuda,pelagic_inshore,15,3,outlook,Outlook / trend only,79.5,65.4,93.6,28.2,70.5,62.3,17.2,well above typical,,86.2,climatological sea state,1.0,0.6,0.647,0.889,0.809,-2.5,1.112,"pressure,front,chl",69.99,2.08,4.66,0.844,Waxing Gibbous,climatology + ENSO analog + exact tide/moon,True,28.2,14.1,14.1,False,False,False
2026-10-23,coronados,Coronado Islands,offshore,barracuda,California Barracuda,pelagic_inshore,16,3,outlook,Outlook / trend only,79.9,65.5,94.3,28.8,70.5,62.3,17.6,well above typical,,86.2,climatological sea state,1.0,0.6,0.702,0.872,0.808,,1.104,"pressure,front,chl",69.7,1.92,5.08,0.912,Waxing Gibbous,climatology + ENSO analog + exact tide/moon,True,28.8,14.4,14.4,False,False,False
2026-10-24,coronados,Coronado Islands,offshore,barracuda,California Barracuda,pelagic_inshore,17,3,outlook,Outlook / trend only,77.8,63.4,92.2,28.8,70.6,62.3,15.5,well above typical,,86.3,climatological sea state,1.0,0.6,0.625,0.859,0.81,,1.096,"pressure,front,chl",69.41,1.78,6.12,0.964,Waxing Gibbous,climatology + ENSO analog + exact tide/moon,True,28.8,14.4,14.4,False,False,False
2026-10-25,coronados,Coronado Islands,offshore,barracuda,California Barracuda,pelagic_inshore,18,3,outlook,Outlook / trend only,77.8,63.2,92.4,29.2,70.7,62.4,15.4,well above typical,,86.6,climatological sea state,1.0,0.6,0.638,0.852,0.813,,1.089,"pressure,front,chl",69.14,1.65,7.03,0.994,Full,climatology + ENSO analog + exact tide/moon,True,29.2,14.6,14.6,False,False,False
2026-10-26,coronados,Coronado Islands,offshore,barracuda,California Barracuda,pelagic_inshore,19,3,outlook,Outlook / trend only,77.5,62.6,92.3,29.7,70.7,62.4,15.1,well above typical,,86.6,climatological sea state,1.0,0.6,0.643,0.85,0.813,,1.083,"pressure,front,chl",68.9,1.54,7.65,0.999,Full,climatology + ENSO analog + exact tide/moon,True,29.7,14.9,14.8,False,False,False
2026-10-27,coronados,Coronado Islands,offshore,barracuda,California Barracuda,pelagic_inshore,20,3,outlook,Outlook / trend only,77.6,62.4,92.8,30.4,70.8,62.4,15.2,well above typical,,86.6,climatological sea state,1.0,0.6,0.663,0.856,0.814,,1.078,"pressure,front,chl",68.67,1.44,7.87,0.976,Full,climatology + ENSO analog + exact tide/moon,True,30.4,15.2,15.2,False,False,False
2026-10-28,coronados,Coronado Islands,offshore,barracuda,California Barracuda,pelagic_inshore,21,3,outlook,Outlook / trend only,77.9,62.3,93.6,31.3,70.9,62.4,15.5,well above typical,,86.9,climatological sea state,1.0,0.6,0.688,0.868,0.817,,1.073,"pressure,front,chl",68.44,1.35,7.69,0.927,Waning Gibbous,climatology + ENSO analog + exact tide/moon,True,31.3,15.6,15.7,False,False,False
2026-10-29,coronados,Coronado Islands,offshore,barracuda,California Barracuda,pelagic_inshore,22,3,outlook,Outlook / trend only,78.5,62.5,94.6,32.1,71.1,62.4,16.1,well above typical,,87.1,climatological sea state,1.0,0.6,0.723,0.886,0.82,,1.069,"pressure,front,chl",68.21,1.27,7.14,0.854,Waning Gibbous,climatology + ENSO analog + exact tide/moon,True,32.1,16.0,16.1,False,False,False
2026-10-30,coronados,Coronado Islands,offshore,barracuda,California Barracuda,pelagic_inshore,23,3,outlook,Outlook / trend only,79.3,62.8,95.9,33.1,71.1,62.5,16.8,well above typical,,87.2,climatological sea state,1.0,0.6,0.769,0.91,0.821,,1.065,"pressure,front,chl",68.01,1.21,6.38,0.761,Waning Gibbous,climatology + ENSO analog + exact tide/moon,True,33.1,16.5,16.6,False,False,False
2026-10-31,coronados,Coronado Islands,offshore,barracuda,California Barracuda,pelagic_inshore,24,3,outlook,Outlook / trend only,79.5,62.5,96.4,33.9,71.1,62.4,17.1,well above typical,,87.2,climatological sea state,1.0,0.6,0.786,0.936,0.821,,1.062,"pressure,front,chl",67.84,1.15,5.63,0.655,Waning Gibbous,climatology + ENSO analog + exact tide/moon,True,33.9,17.0,16.9,False,False,False
2026-11-01,coronados,Coronado Islands,offshore,barracuda,California Barracuda,pelagic_inshore,25,3,outlook,Outlook / trend only,72.6,55.6,89.5,33.9,65.4,57.6,15.0,well above typical,,86.9,climatological sea state,1.0,0.4,0.753,0.964,0.817,,1.083,"pressure,front,chl",68.11,1.54,5.1,0.543,Last Quarter,climatology + ENSO analog + exact tide/moon,True,32.7,17.0,16.9,True,False,False
2026-11-02,coronados,Coronado Islands,offshore,barracuda,California Barracuda,pelagic_inshore,26,3,outlook,Outlook / trend only,71.0,54.0,87.9,33.9,65.3,57.5,13.5,well above typical,,86.7,climatological sea state,1.0,0.4,0.679,0.958,0.815,,1.081,"pressure,front,chl",67.95,1.5,4.83,0.43,Last Quarter,climatology + ENSO analog + exact tide/moon,True,32.7,17.0,16.9,True,False,False
2026-11-03,coronados,Coronado Islands,offshore,barracuda,California Barracuda,pelagic_inshore,27,3,outlook,Outlook / trend only,68.2,51.2,85.1,33.9,65.3,57.5,10.7,well above typical,,86.6,climatological sea state,1.0,0.4,0.552,0.93,0.814,,1.079,"pressure,front,chl",67.78,1.46,4.66,0.322,Last Quarter,climatology + ENSO analog + exact tide/moon,True,32.5,17.0,16.9,True,False,False
2026-11-04,coronados,Coronado Islands,offshore,barracuda,California Barracuda,pelagic_inshore,28,3,outlook,Outlook / trend only,69.1,52.1,86.0,33.9,65.2,57.5,11.6,well above typical,,86.6,climatological sea state,1.0,0.4,0.607,0.906,0.814,,1.077,"pressure,front,chl",67.61,1.43,4.92,0.226,Waning Crescent,climatology + ENSO analog + exact tide/moon,True,33.3,17.0,16.9,True,False,False
2026-11-05,coronados,Coronado Islands,offshore,barracuda,California Barracuda,pelagic_inshore,29,3,outlook,Outlook / trend only,69.5,52.4,86.7,34.3,65.3,57.5,12.0,well above typical,,86.6,climatological sea state,1.0,0.4,0.661,0.886,0.814,,1.068,"pressure,front,chl",67.31,1.26,5.27,0.144,Waning Crescent,climatology + ENSO analog + exact tide/moon,True,34.3,17.1,17.2,False,False,False
2026-11-06,coronados,Coronado Islands,offshore,barracuda,California Barracuda,pelagic_inshore,30,3,outlook,Outlook / trend only,69.1,51.6,86.6,35.0,65.2,57.5,11.6,well above typical,,86.6,climatological sea state,1.0,0.4,0.649,0.87,0.813,,1.066,"pressure,front,chl",67.15,1.23,6.13,0.079,Waning Crescent,climatology + ENSO analog + exact tide/moon,True,35.0,17.5,17.5,False,False,False
2026-10-14,coronados,Coronado Islands,offshore,bluefin_tuna,Pacific Bluefin Tuna,tuna,7,2,moderate,Moderate confidence,83.7,68.6,90.5,21.9,71.2,62.5,21.2,well above typical,80.6,87.1,workable,0.548,0.8,0.821,0.857,0.806,0.3,1.328,"pressure,front,chl",73.31,4.55,5.22,0.143,Waxing Crescent,model-blended conditions + exact tide/moon,True,21.9,15.1,6.8,False,False,False
2026-10-15,coronados,Coronado Islands,offshore,bluefin_tuna,Pacific Bluefin Tuna,tuna,8,2,moderate,Moderate confidence,86.2,71.1,93.0,21.9,71.0,62.5,23.7,well above typical,82.3,87.0,workable,0.653,0.8,0.782,0.783,0.824,0.5,1.295,"pressure,front,chl",72.77,4.1,4.5,0.217,Waxing Crescent,model-blended conditions + exact tide/moon,True,17.4,15.1,6.8,True,False,False
2026-10-16,coronados,Coronado Islands,offshore,bluefin_tuna,Pacific Bluefin Tuna,tuna,9,2,moderate,Moderate confidence,79.7,64.6,86.5,21.9,70.8,62.4,17.3,well above typical,70.1,86.6,workable,0.751,0.8,0.747,0.7,0.871,-1.5,1.267,"pressure,front,chl",72.27,3.71,3.84,0.3,Waxing Crescent,model-blended conditions + exact tide/moon,True,12.4,15.1,6.8,True,False,False
2026-10-17,coronados,Coronado Islands,offshore,bluefin_tuna,Pacific Bluefin Tuna,tuna,10,2,moderate,Moderate confidence,89.6,74.5,96.4,21.9,70.7,62.4,27.2,well above typical,86.4,86.4,workable,0.842,0.8,0.727,0.61,0.869,3.5,1.243,"pressure,front,chl",71.8,3.37,3.44,0.39,First Quarter,model-blended conditions + exact tide/moon,True,10.2,15.1,6.8,True,False,False
2026-10-18,coronados,Coronado Islands,offshore,bluefin_tuna,Pacific Bluefin Tuna,tuna,11,2,moderate,Moderate confidence,88.1,73.0,94.9,21.9,70.6,62.4,25.7,well above typical,86.3,86.3,workable,0.922,0.8,0.732,0.516,0.868,1.0,1.22,"pressure,front,chl",71.4,3.06,3.4,0.484,First Quarter,model-blended conditions + exact tide/moon,True,12.0,15.1,6.8,True,False,False
2026-10-19,coronados,Coronado Islands,offshore,bluefin_tuna,Pacific Bluefin Tuna,tuna,12,2,moderate,Moderate confidence,89.7,74.6,96.5,21.9,70.5,62.4,27.3,well above typical,86.1,86.2,workable,0.994,0.8,0.665,0.579,0.866,0.1,1.201,"pressure,front,chl",71.03,2.79,1.18,0.579,First Quarter,model-blended conditions + exact tide/moon,True,14.7,15.1,6.8,True,False,False
2026-10-20,coronados,Coronado Islands,offshore,bluefin_tuna,Pacific Bluefin Tuna,tuna,13,2,moderate,Moderate confidence,91.4,76.3,98.2,21.9,70.5,62.4,29.0,well above typical,86.1,86.2,workable,1.0,0.8,0.763,0.673,0.866,0.0,1.184,"pressure,front,chl",70.68,2.56,3.94,0.673,Waxing Gibbous,model-blended conditions + exact tide/moon,True,15.5,15.1,6.8,True,False,False
2026-10-21,coronados,Coronado Islands,offshore,bluefin_tuna,Pacific Bluefin Tuna,tuna,14,2,moderate,Moderate confidence,92.0,76.9,98.8,21.9,70.5,62.4,29.6,well above typical,86.2,86.2,workable,1.0,0.8,0.785,0.762,0.866,-1.7,1.169,"pressure,front,chl",70.36,2.35,4.27,0.762,Waxing Gibbous,model-blended conditions + exact tide/moon,True,17.5,15.1,6.8,True,False,False
2026-10-22,coronados,Coronado Islands,offshore,bluefin_tuna,Pacific Bluefin Tuna,tuna,15,3,outlook,Outlook / trend only,92.1,74.8,99.9,25.1,70.6,62.4,29.7,well above typical,,86.2,climatological sea state,1.0,0.8,0.809,0.844,0.867,-2.5,1.15,"pressure,front,chl",69.99,2.08,4.66,0.844,Waxing Gibbous,climatology + ENSO analog + exact tide/moon,True,25.1,17.3,7.8,False,False,False
2026-10-23,coronados,Coronado Islands,offshore,bluefin_tuna,Pacific Bluefin Tuna,tuna,16,3,outlook,Outlook / trend only,92.4,74.7,99.9,25.2,70.5,62.4,30.0,well above typical,,86.2,climatological sea state,1.0,0.8,0.832,0.912,0.866,,1.138,"pressure,front,chl",69.7,1.92,5.08,0.912,Waxing Gibbous,climatology + ENSO analog + exact tide/moon,True,25.2,17.7,7.8,True,True,False
2026-10-24,coronados,Coronado Islands,offshore,bluefin_tuna,Pacific Bluefin Tuna,tuna,17,3,outlook,Outlook / trend only,92.7,74.7,99.9,25.2,70.6,62.4,30.3,well above typical,,86.3,climatological sea state,1.0,0.8,0.879,0.964,0.868,,1.128,"pressure,front,chl",69.41,1.78,6.12,0.964,Waxing Gibbous,climatology + ENSO analog + exact tide/moon,True,25.2,18.0,7.8,True,True,False
2026-10-25,coronados,Coronado Islands,offshore,bluefin_tuna,Pacific Bluefin Tuna,tuna,18,3,outlook,Outlook / trend only,92.8,74.4,99.9,25.5,70.8,62.4,30.4,well above typical,,86.6,climatological sea state,1.0,0.8,0.904,0.994,0.87,,1.119,"pressure,front,chl",69.14,1.65,7.03,0.994,Full,climatology + ENSO analog + exact tide/moon,True,25.5,18.4,7.8,True,True,False
2026-10-26,coronados,Coronado Islands,offshore,bluefin_tuna,Pacific Bluefin Tuna,tuna,19,3,outlook,Outlook / trend only,92.4,73.5,99.9,26.4,70.8,62.4,30.0,well above typical,,86.6,climatological sea state,1.0,0.8,0.912,0.999,0.871,,1.111,"pressure,front,chl",68.9,1.54,7.65,0.999,Full,climatology + ENSO analog + exact tide/moon,True,26.4,18.9,7.8,True,True,False
2026-10-27,coronados,Coronado Islands,offshore,bluefin_tuna,Pacific Bluefin Tuna,tuna,20,3,outlook,Outlook / trend only,91.7,72.2,99.9,27.7,70.8,62.5,29.2,well above typical,,86.6,climatological sea state,1.0,0.8,0.911,0.976,0.872,,1.104,"pressure,front,chl",68.67,1.44,7.87,0.976,Full,climatology + ENSO analog + exact tide/moon,True,27.7,19.5,8.2,False,False,False
2026-10-28,coronados,Coronado Islands,offshore,bluefin_tuna,Pacific Bluefin Tuna,tuna,21,3,outlook,Outlook / trend only,90.7,70.7,99.9,29.2,71.0,62.5,28.2,well above typical,,86.9,climatological sea state,1.0,0.8,0.903,0.927,0.874,,1.097,"pressure,front,chl",68.44,1.35,7.69,0.927,Waning Gibbous,climatology + ENSO analog + exact tide/moon,True,29.2,20.0,9.2,False,False,False
2026-10-29,coronados,Coronado Islands,offshore,bluefin_tuna,Pacific Bluefin Tuna,tuna,22,3,outlook,Outlook / trend only,89.2,68.8,99.9,31.1,71.2,62.5,26.7,well above typical,,87.1,climatological sea state,1.0,0.8,0.889,0.854,0.876,,1.091,"pressure,front,chl",68.21,1.27,7.14,0.854,Waning Gibbous,climatology + ENSO analog + exact tide/moon,True,31.1,20.4,10.7,False,False,False
2026-10-30,coronados,Coronado Islands,offshore,bluefin_tuna,Pacific Bluefin Tuna,tuna,23,3,outlook,Outlook / trend only,87.3,66.6,99.9,33.3,71.2,62.5,24.8,well above typical,,87.2,climatological sea state,1.0,0.8,0.87,0.761,0.877,,1.087,"pressure,front,chl",68.01,1.21,6.38,0.761,Waning Gibbous,climatology + ENSO analog + exact tide/moon,True,33.3,20.7,12.6,False,False,False
2026-10-31,coronados,Coronado Islands,offshore,bluefin_tuna,Pacific Bluefin Tuna,tuna,24,3,outlook,Outlook / trend only,84.7,63.8,99.9,36.1,71.2,62.5,22.2,well above typical,,87.2,climatological sea state,1.0,0.8,0.835,0.655,0.877,,1.083,"pressure,front,chl",67.84,1.15,5.63,0.655,Waning Gibbous,climatology + ENSO analog + exact tide/moon,True,36.1,20.9,15.2,False,False,False
2026-11-01,coronados,Coronado Islands,offshore,bluefin_tuna,Pacific Bluefin Tuna,tuna,25,3,outlook,Outlook / trend only,78.8,57.9,98.8,40.9,68.2,60.0,18.8,well above typical,,86.9,climatological sea state,1.0,0.6,0.814,0.543,0.874,,1.111,"pressure,front,chl",68.11,1.54,5.1,0.543,Last Quarter,climatology + ENSO analog + exact tide/moon,True,40.1,20.9,20.0,True,False,False
2026-11-02,coronados,Coronado Islands,offshore,bluefin_tuna,Pacific Bluefin Tuna,tuna,26,3,outlook,Outlook / trend only,79.1,58.2,99.3,41.1,68.1,60.0,19.1,well above typical,,86.7,climatological sea state,1.0,0.6,0.808,0.57,0.872,,1.108,"pressure,front,chl",67.95,1.5,4.83,0.43,Last Quarter,climatology + ENSO analog + exact tide/moon,True,40.8,20.9,20.2,True,False,False
2026-11-03,coronados,Coronado Islands,offshore,bluefin_tuna,Pacific Bluefin Tuna,tuna,27,3,outlook,Outlook / trend only,81.0,59.7,99.9,40.2,68.0,60.0,21.0,well above typical,,86.6,climatological sea state,1.0,0.6,0.807,0.678,0.872,,1.105,"pressure,front,chl",67.78,1.46,4.66,0.322,Last Quarter,climatology + ENSO analog + exact tide/moon,True,40.2,21.3,20.2,True,True,False
2026-11-04,coronados,Coronado Islands,offshore,bluefin_tuna,Pacific Bluefin Tuna,tuna,28,3,outlook,Outlook / trend only,82.6,60.5,99.9,39.4,68.0,60.0,22.6,well above typical,,86.6,climatological sea state,1.0,0.6,0.824,0.774,0.871,,1.103,"pressure,front,chl",67.61,1.43,4.92,0.226,Waning Crescent,climatology + ENSO analog + exact tide/moon,True,39.4,22.1,20.2,True,True,False
2026-11-05,coronados,Coronado Islands,offshore,bluefin_tuna,Pacific Bluefin Tuna,tuna,29,3,outlook,Outlook / trend only,83.1,60.2,99.9,39.7,68.0,60.0,23.1,well above typical,,86.6,climatological sea state,1.0,0.6,0.841,0.856,0.871,,1.091,"pressure,front,chl",67.31,1.26,5.27,0.144,Waning Crescent,climatology + ENSO analog + exact tide/moon,True,39.7,22.9,20.2,True,True,False
2026-11-06,coronados,Coronado Islands,offshore,bluefin_tuna,Pacific Bluefin Tuna,tuna,30,3,outlook,Outlook / trend only,84.0,60.3,99.9,39.6,68.0,60.0,24.0,well above typical,,86.6,climatological sea state,1.0,0.6,0.878,0.921,0.87,,1.089,"pressure,front,chl",67.15,1.23,6.13,0.079,Waning Crescent,climatology + ENSO analog + exact tide/moon,True,39.6,23.7,20.2,True,True,False
2026-10-14,coronados,Coronado Islands,offshore,bonito,Pacific Bonito,pelagic_inshore,7,2,moderate,Moderate confidence,97.1,92.9,99.9,7.0,74.6,65.5,31.6,well above typical,80.6,87.1,workable,1.0,0.75,0.821,0.886,0.806,0.3,1.35,"pressure,front,chl",73.31,4.55,5.22,0.143,Waxing Crescent,model-blended conditions + exact tide/moon,True,7.0,4.2,2.8,False,False,False
2026-10-15,coronados,Coronado Islands,offshore,bonito,Pacific Bonito,pelagic_inshore,8,2,moderate,Moderate confidence,97.4,91.6,99.9,8.3,74.4,65.5,31.9,well above typical,82.3,87.0,workable,1.0,0.75,0.782,0.904,0.824,0.5,1.35,"pressure,front,chl",72.77,4.1,4.5,0.217,Waxing Crescent,model-blended conditions + exact tide/moon,True,8.3,5.8,2.8,True,True,False
2026-10-16,coronados,Coronado Islands,offshore,bonito,Pacific Bonito,pelagic_inshore,9,2,moderate,Moderate confidence,93.0,82.0,96.8,14.8,74.2,65.4,27.6,well above typical,70.1,86.6,workable,1.0,0.75,0.747,0.925,0.871,-1.5,1.334,"pressure,front,chl",72.27,3.71,3.84,0.3,Waxing Crescent,model-blended conditions + exact tide/moon,True,14.8,11.0,3.8,False,False,False
2026-10-17,coronados,Coronado Islands,offshore,bonito,Pacific Bonito,pelagic_inshore,10,2,moderate,Moderate confidence,97.3,86.3,99.9,13.6,74.1,65.4,31.9,well above typical,86.4,86.4,workable,1.0,0.75,0.727,0.948,0.869,3.5,1.303,"pressure,front,chl",71.8,3.37,3.44,0.39,First Quarter,model-blended conditions + exact tide/moon,True,10.5,11.0,3.8,True,True,False
2026-10-18,coronados,Coronado Islands,offshore,bonito,Pacific Bonito,pelagic_inshore,11,2,moderate,Moderate confidence,96.7,85.7,99.9,14.2,74.0,65.4,31.3,well above typical,86.3,86.3,workable,1.0,0.75,0.732,0.971,0.868,1.0,1.275,"pressure,front,chl",71.4,3.06,3.4,0.484,First Quarter,model-blended conditions + exact tide/moon,True,12.9,11.0,3.8,True,True,False
2026-10-19,coronados,Coronado Islands,offshore,bonito,Pacific Bonito,pelagic_inshore,12,2,moderate,Moderate confidence,95.3,83.1,99.9,16.8,73.9,65.4,29.9,well above typical,86.1,86.2,workable,1.0,0.75,0.665,0.955,0.866,0.1,1.251,"pressure,front,chl",71.03,2.79,1.18,0.579,First Quarter,model-blended conditions + exact tide/moon,True,16.8,12.2,4.6,False,False,False
2026-10-20,coronados,Coronado Islands,offshore,bonito,Pacific Bonito,pelagic_inshore,13,2,moderate,Moderate confidence,95.4,82.4,99.9,17.5,73.9,65.4,30.0,well above typical,86.1,86.2,workable,1.0,0.75,0.763,0.932,0.866,0.0,1.23,"pressure,front,chl",70.68,2.56,3.94,0.673,Waxing Gibbous,model-blended conditions + exact tide/moon,True,17.5,13.0,4.6,True,True,False
2026-10-21,coronados,Coronado Islands,offshore,bonito,Pacific Bonito,pelagic_inshore,14,2,moderate,Moderate confidence,94.8,80.8,99.9,19.1,73.9,65.4,29.4,well above typical,86.2,86.2,workable,1.0,0.75,0.785,0.909,0.866,-1.7,1.212,"pressure,front,chl",70.36,2.35,4.27,0.762,Waxing Gibbous,model-blended conditions + exact tide/moon,True,19.1,14.0,5.1,False,False,False
2026-10-22,coronados,Coronado Islands,offshore,bonito,Pacific Bonito,pelagic_inshore,15,3,outlook,Outlook / trend only,93.9,74.7,99.9,25.2,74.0,65.4,28.5,well above typical,,86.2,climatological sea state,1.0,0.75,0.809,0.889,0.867,-2.5,1.187,"pressure,front,chl",69.99,2.08,4.66,0.844,Waxing Gibbous,climatology + ENSO analog + exact tide/moon,True,25.2,19.2,6.0,False,False,False
2026-10-23,coronados,Coronado Islands,offshore,bonito,Pacific Bonito,pelagic_inshore,16,3,outlook,Outlook / trend only,93.4,73.5,99.9,26.4,73.9,65.4,28.0,well above typical,,86.2,climatological sea state,1.0,0.75,0.832,0.872,0.866,,1.173,"pressure,front,chl",69.7,1.92,5.08,0.912,Waxing Gibbous,climatology + ENSO analog + exact tide/moon,True,26.4,19.9,6.5,False,False,False
2026-10-24,coronados,Coronado Islands,offshore,bonito,Pacific Bonito,pelagic_inshore,17,3,outlook,Outlook / trend only,93.2,72.8,99.9,27.1,74.0,65.4,27.8,well above typical,,86.3,climatological sea state,1.0,0.75,0.879,0.859,0.868,,1.16,"pressure,front,chl",69.41,1.78,6.12,0.964,Waxing Gibbous,climatology + ENSO analog + exact tide/moon,True,27.1,20.4,6.7,False,False,False
2026-10-25,coronados,Coronado Islands,offshore,bonito,Pacific Bonito,pelagic_inshore,18,3,outlook,Outlook / trend only,92.9,72.1,99.9,27.8,74.2,65.4,27.5,well above typical,,86.6,climatological sea state,1.0,0.75,0.904,0.852,0.87,,1.149,"pressure,front,chl",69.14,1.65,7.03,0.994,Full,climatology + ENSO analog + exact tide/moon,True,27.8,20.8,7.0,False,False,False
2026-10-26,coronados,Coronado Islands,offshore,bonito,Pacific Bonito,pelagic_inshore,19,3,outlook,Outlook / trend only,92.5,70.9,99.9,29.0,74.2,65.4,27.1,well above typical,,86.6,climatological sea state,1.0,0.75,0.912,0.85,0.871,,1.139,"pressure,front,chl",68.9,1.54,7.65,0.999,Full,climatology + ENSO analog + exact tide/moon,True,29.0,21.6,7.4,False,False,False
2026-10-27,coronados,Coronado Islands,offshore,bonito,Pacific Bonito,pelagic_inshore,20,3,outlook,Outlook / trend only,91.9,69.7,99.9,30.2,74.2,65.5,26.4,well above typical,,86.6,climatological sea state,1.0,0.75,0.911,0.856,0.872,,1.13,"pressure,front,chl",68.67,1.44,7.87,0.976,Full,climatology + ENSO analog + exact tide/moon,True,30.2,22.2,8.0,False,False,False
2026-10-28,coronados,Coronado Islands,offshore,bonito,Pacific Bonito,pelagic_inshore,21,3,outlook,Outlook / trend only,91.5,68.5,99.9,31.4,74.4,65.5,26.0,well above typical,,86.9,climatological sea state,1.0,0.75,0.903,0.868,0.874,,1.121,"pressure,front,chl",68.44,1.35,7.69,0.927,Waning Gibbous,climatology + ENSO analog + exact tide/moon,True,31.4,23.0,8.4,False,False,False
2026-10-29,coronados,Coronado Islands,offshore,bonito,Pacific Bonito,pelagic_inshore,22,3,outlook,Outlook / trend only,91.0,67.3,99.9,32.6,74.6,65.5,25.5,well above typical,,87.1,climatological sea state,1.0,0.75,0.889,0.886,0.876,,1.114,"pressure,front,chl",68.21,1.27,7.14,0.854,Waning Gibbous,climatology + ENSO analog + exact tide/moon,True,32.6,23.7,8.9,False,False,False
2026-10-30,coronados,Coronado Islands,offshore,bonito,Pacific Bonito,pelagic_inshore,23,3,outlook,Outlook / trend only,90.5,66.1,99.9,33.8,74.6,65.5,25.0,well above typical,,87.2,climatological sea state,1.0,0.75,0.87,0.91,0.877,,1.109,"pressure,front,chl",68.01,1.21,6.38,0.761,Waning Gibbous,climatology + ENSO analog + exact tide/moon,True,33.8,24.4,9.4,False,False,False
2026-10-31,coronados,Coronado Islands,offshore,bonito,Pacific Bonito,pelagic_inshore,24,3,outlook,Outlook / trend only,89.6,64.6,99.9,35.3,74.6,65.5,24.1,well above typical,,87.2,climatological sea state,1.0,0.75,0.835,0.936,0.877,,1.103,"pressure,front,chl",67.84,1.15,5.63,0.655,Waning Gibbous,climatology + ENSO analog + exact tide/moon,True,35.3,25.0,10.3,False,False,False
2026-11-01,coronados,Coronado Islands,offshore,bonito,Pacific Bonito,pelagic_inshore,25,3,outlook,Outlook / trend only,81.2,56.2,99.9,43.7,67.9,59.7,21.5,well above typical,,86.9,climatological sea state,1.0,0.45,0.814,0.964,0.874,,1.139,"pressure,front,chl",68.11,1.54,5.1,0.543,Last Quarter,climatology + ENSO analog + exact tide/moon,True,42.2,25.0,18.7,True,False,False
2026-11-02,coronados,Coronado Islands,offshore,bonito,Pacific Bonito,pelagic_inshore,26,3,outlook,Outlook / trend only,80.7,55.7,99.9,44.2,67.8,59.7,21.0,well above typical,,86.7,climatological sea state,1.0,0.45,0.808,0.958,0.872,,1.135,"pressure,front,chl",67.95,1.5,4.83,0.43,Last Quarter,climatology + ENSO analog + exact tide/moon,True,43.1,25.0,19.2,True,False,False
2026-11-03,coronados,Coronado Islands,offshore,bonito,Pacific Bonito,pelagic_inshore,27,3,outlook,Outlook / trend only,80.4,55.4,99.9,44.5,67.7,59.7,20.7,well above typical,,86.6,climatological sea state,1.0,0.45,0.807,0.93,0.872,,1.131,"pressure,front,chl",67.78,1.46,4.66,0.322,Last Quarter,climatology + ENSO analog + exact tide/moon,True,43.8,25.0,19.5,True,False,False
2026-11-04,coronados,Coronado Islands,offshore,bonito,Pacific Bonito,pelagic_inshore,28,3,outlook,Outlook / trend only,80.3,54.5,99.9,45.4,67.7,59.7,20.6,well above typical,,86.6,climatological sea state,1.0,0.45,0.824,0.906,0.871,,1.129,"pressure,front,chl",67.61,1.43,4.92,0.226,Waning Crescent,climatology + ENSO analog + exact tide/moon,True,45.4,25.8,19.6,False,False,False
2026-11-05,coronados,Coronado Islands,offshore,bonito,Pacific Bonito,pelagic_inshore,29,3,outlook,Outlook / trend only,79.4,50.9,99.9,49.0,67.7,59.7,19.7,well above typical,,86.6,climatological sea state,1.0,0.45,0.841,0.886,0.871,,1.113,"pressure,front,chl",67.31,1.26,5.27,0.144,Waning Crescent,climatology + ENSO analog + exact tide/moon,True,49.0,28.5,20.5,False,False,False
2026-11-06,coronados,Coronado Islands,offshore,bonito,Pacific Bonito,pelagic_inshore,30,3,outlook,Outlook / trend only,79.6,48.9,99.9,51.0,67.7,59.7,19.9,well above typical,,86.6,climatological sea state,1.0,0.45,0.878,0.87,0.87,,1.111,"pressure,front,chl",67.15,1.23,6.13,0.079,Waning Crescent,climatology + ENSO analog + exact tide/moon,True,51.0,30.7,20.5,True,True,False
2026-10-14,coronados,Coronado Islands,offshore,calico_bass,Calico Bass (Kelp Bass),bass,7,2,moderate,Moderate confidence,79.3,73.4,83.1,9.7,73.5,64.6,14.7,well above typical,80.6,87.1,workable,1.0,0.7,0.604,0.886,0.738,0.3,1.164,"pressure,chl",73.31,4.55,5.22,0.143,Waxing Crescent,model-blended conditions + exact tide/moon,True,9.7,5.9,3.8,False,False,False
2026-10-15,coronados,Coronado Islands,offshore,calico_bass,Calico Bass (Kelp Bass),bass,8,2,moderate,Moderate confidence,79.6,73.4,85.6,12.2,73.4,64.6,15.0,well above typical,82.3,87.0,workable,1.0,0.7,0.601,0.904,0.758,0.5,1.148,"pressure,chl",72.77,4.1,4.5,0.217,Waxing Crescent,model-blended conditions + exact tide/moon,True,12.2,6.2,6.0,False,False,False
2026-10-16,coronados,Coronado Islands,offshore,calico_bass,Calico Bass (Kelp Bass),bass,9,2,moderate,Moderate confidence,73.0,66.8,79.2,12.4,73.1,64.5,8.5,well above typical,70.1,86.6,workable,1.0,0.7,0.622,0.925,0.814,-1.5,1.134,"pressure,chl",72.27,3.71,3.84,0.3,Waxing Crescent,model-blended conditions + exact tide/moon,True,12.4,6.2,6.2,False,False,False
2026-10-17,coronados,Coronado Islands,offshore,calico_bass,Calico Bass (Kelp Bass),bass,10,2,moderate,Moderate confidence,82.6,75.8,89.5,13.7,73.0,64.5,18.1,well above typical,86.4,86.4,workable,1.0,0.7,0.655,0.948,0.811,3.5,1.121,"pressure,chl",71.8,3.37,3.44,0.39,First Quarter,model-blended conditions + exact tide/moon,True,13.7,6.8,6.9,False,False,False
2026-10-18,coronados,Coronado Islands,offshore,calico_bass,Calico Bass (Kelp Bass),bass,11,2,moderate,Moderate confidence,81.4,74.3,88.5,14.2,73.0,64.5,16.9,well above typical,86.3,86.3,workable,1.0,0.7,0.634,0.971,0.81,1.0,1.11,"pressure,chl",71.4,3.06,3.4,0.484,First Quarter,model-blended conditions + exact tide/moon,True,14.2,7.1,7.1,False,False,False
2026-10-19,coronados,Coronado Islands,offshore,calico_bass,Calico Bass (Kelp Bass),bass,12,2,moderate,Moderate confidence,73.6,66.5,80.7,14.2,72.9,64.5,9.1,well above typical,86.1,86.2,workable,1.0,0.7,0.398,0.955,0.808,0.1,1.1,"pressure,chl",71.03,2.79,1.18,0.579,First Quarter,model-blended conditions + exact tide/moon,True,13.9,7.1,7.1,True,False,False
2026-10-20,coronados,Coronado Islands,offshore,calico_bass,Calico Bass (Kelp Bass),bass,13,2,moderate,Moderate confidence,77.3,69.9,84.7,14.8,72.9,64.5,12.8,well above typical,86.1,86.2,workable,1.0,0.7,0.541,0.932,0.808,0.0,1.092,"pressure,chl",70.68,2.56,3.94,0.673,Waxing Gibbous,model-blended conditions + exact tide/moon,True,14.8,7.4,7.4,False,False,False
2026-10-21,coronados,Coronado Islands,offshore,calico_bass,Calico Bass (Kelp Bass),bass,14,2,moderate,Moderate confidence,78.0,70.4,85.6,15.2,72.9,64.5,13.5,well above typical,86.2,86.2,workable,1.0,0.7,0.593,0.909,0.808,-1.7,1.085,"pressure,chl",70.36,2.35,4.27,0.762,Waxing Gibbous,model-blended conditions + exact tide/moon,True,15.2,7.6,7.6,False,False,False
2026-10-22,coronados,Coronado Islands,offshore,calico_bass,Calico Bass (Kelp Bass),bass,15,3,outlook,Outlook / trend only,78.5,66.7,90.3,23.6,72.9,64.5,14.0,well above typical,,86.2,climatological sea state,1.0,0.7,0.647,0.889,0.809,-2.5,1.075,"pressure,chl",69.99,2.08,4.66,0.844,Waxing Gibbous,climatology + ENSO analog + exact tide/moon,True,23.6,11.8,11.8,False,False,False
2026-10-23,coronados,Coronado Islands,offshore,calico_bass,Calico Bass (Kelp Bass),bass,16,3,outlook,Outlook / trend only,79.2,67.1,91.2,24.1,72.9,64.5,14.7,well above typical,,86.2,climatological sea state,1.0,0.7,0.702,0.872,0.808,,1.069,"pressure,chl",69.7,1.92,5.08,0.912,Waxing Gibbous,climatology + ENSO analog + exact tide/moon,True,24.1,12.1,12.0,False,False,False
2026-10-24,coronados,Coronado Islands,offshore,calico_bass,Calico Bass (Kelp Bass),bass,17,3,outlook,Outlook / trend only,77.1,65.0,89.1,24.1,73.0,64.5,12.6,well above typical,,86.3,climatological sea state,1.0,0.7,0.625,0.859,0.81,,1.064,"pressure,chl",69.41,1.78,6.12,0.964,Waxing Gibbous,climatology + ENSO analog + exact tide/moon,True,24.0,12.1,12.0,True,False,False
2026-10-25,coronados,Coronado Islands,offshore,calico_bass,Calico Bass (Kelp Bass),bass,18,3,outlook,Outlook / trend only,77.2,65.0,89.4,24.4,73.1,64.5,12.7,well above typical,,86.6,climatological sea state,1.0,0.7,0.638,0.852,0.813,,1.059,"pressure,chl",69.14,1.65,7.03,0.994,Full,climatology + ENSO analog + exact tide/moon,True,24.4,12.2,12.2,False,False,False
2026-10-26,coronados,Coronado Islands,offshore,calico_bass,Calico Bass (Kelp Bass),bass,19,3,outlook,Outlook / trend only,77.0,64.7,89.4,24.7,73.1,64.5,12.5,well above typical,,86.6,climatological sea state,1.0,0.7,0.643,0.85,0.813,,1.055,"pressure,chl",68.9,1.54,7.65,0.999,Full,climatology + ENSO analog + exact tide/moon,True,24.7,12.3,12.4,False,False,False
2026-10-27,coronados,Coronado Islands,offshore,calico_bass,Calico Bass (Kelp Bass),bass,20,3,outlook,Outlook / trend only,77.3,64.7,89.9,25.2,73.2,64.5,12.8,well above typical,,86.6,climatological sea state,1.0,0.7,0.663,0.856,0.814,,1.052,"pressure,chl",68.67,1.44,7.87,0.976,Full,climatology + ENSO analog + exact tide/moon,True,25.2,12.6,12.6,False,False,False
2026-10-28,coronados,Coronado Islands,offshore,calico_bass,Calico Bass (Kelp Bass),bass,21,3,outlook,Outlook / trend only,77.9,65.0,90.8,25.8,73.4,64.6,13.3,well above typical,,86.9,climatological sea state,1.0,0.7,0.688,0.868,0.817,,1.049,"pressure,chl",68.44,1.35,7.69,0.927,Waning Gibbous,climatology + ENSO analog + exact tide/moon,True,25.8,12.9,12.9,False,False,False
2026-10-29,coronados,Coronado Islands,offshore,calico_bass,Calico Bass (Kelp Bass),bass,22,3,outlook,Outlook / trend only,78.7,65.5,91.9,26.4,73.5,64.6,14.1,well above typical,,87.1,climatological sea state,1.0,0.7,0.723,0.886,0.82,,1.046,"pressure,chl",68.21,1.27,7.14,0.854,Waning Gibbous,climatology + ENSO analog + exact tide/moon,True,26.4,13.2,13.2,False,False,False
2026-10-30,coronados,Coronado Islands,offshore,calico_bass,Calico Bass (Kelp Bass),bass,23,3,outlook,Outlook / trend only,79.7,66.1,93.2,27.1,73.6,64.6,15.1,well above typical,,87.2,climatological sea state,1.0,0.7,0.769,0.91,0.821,,1.044,"pressure,chl",68.01,1.21,6.38,0.761,Waning Gibbous,climatology + ENSO analog + exact tide/moon,True,27.1,13.6,13.5,False,False,False
2026-10-31,coronados,Coronado Islands,offshore,calico_bass,Calico Bass (Kelp Bass),bass,24,3,outlook,Outlook / trend only,80.0,66.2,93.8,27.6,73.6,64.6,15.4,well above typical,,87.2,climatological sea state,1.0,0.7,0.786,0.936,0.821,,1.041,"pressure,chl",67.84,1.15,5.63,0.655,Waning Gibbous,climatology + ENSO analog + exact tide/moon,True,27.6,13.8,13.8,False,False,False
2026-11-01,coronados,Coronado Islands,offshore,calico_bass,Calico Bass (Kelp Bass),bass,25,3,outlook,Outlook / trend only,73.6,59.8,87.4,27.6,68.1,60.0,13.6,well above typical,,86.9,climatological sea state,1.0,0.5,0.753,0.964,0.817,,1.055,"pressure,chl",68.11,1.54,5.1,0.543,Last Quarter,climatology + ENSO analog + exact tide/moon,True,26.9,13.8,13.8,True,False,False
2026-11-02,coronados,Coronado Islands,offshore,calico_bass,Calico Bass (Kelp Bass),bass,26,3,outlook,Outlook / trend only,71.9,58.1,85.7,27.6,68.0,59.9,12.0,well above typical,,86.7,climatological sea state,1.0,0.5,0.679,0.958,0.815,,1.054,"pressure,chl",67.95,1.5,4.83,0.43,Last Quarter,climatology + ENSO analog + exact tide/moon,True,27.0,13.8,13.8,True,False,False
2026-11-03,coronados,Coronado Islands,offshore,calico_bass,Calico Bass (Kelp Bass),bass,27,3,outlook,Outlook / trend only,68.8,55.0,82.6,27.6,68.0,59.9,8.9,well above typical,,86.6,climatological sea state,1.0,0.5,0.552,0.93,0.814,,1.053,"pressure,chl",67.78,1.46,4.66,0.322,Last Quarter,climatology + ENSO analog + exact tide/moon,True,26.7,13.8,13.8,True,False,False
2026-11-04,coronados,Coronado Islands,offshore,calico_bass,Calico Bass (Kelp Bass),bass,28,3,outlook,Outlook / trend only,69.8,56.0,83.6,27.6,67.9,59.9,9.9,well above typical,,86.6,climatological sea state,1.0,0.5,0.607,0.906,0.814,,1.051,"pressure,chl",67.61,1.43,4.92,0.226,Waning Crescent,climatology + ENSO analog + exact tide/moon,True,27.3,13.8,13.8,True,False,False
2026-11-05,coronados,Coronado Islands,offshore,calico_bass,Calico Bass (Kelp Bass),bass,29,3,outlook,Outlook / trend only,70.5,56.5,84.5,28.0,68.0,59.9,10.6,well above typical,,86.6,climatological sea state,1.0,0.5,0.661,0.886,0.814,,1.045,"pressure,chl",67.31,1.26,5.27,0.144,Waning Crescent,climatology + ENSO analog + exact tide/moon,True,28.0,14.0,14.0,False,False,False
2026-11-06,coronados,Coronado Islands,offshore,calico_bass,Calico Bass (Kelp Bass),bass,30,3,outlook,Outlook / trend only,70.0,55.8,84.2,28.4,67.9,59.9,10.1,well above typical,,86.6,climatological sea state,1.0,0.5,0.649,0.87,0.813,,1.044,"pressure,chl",67.15,1.23,6.13,0.079,Waning Crescent,climatology + ENSO analog + exact tide/moon,True,28.4,14.2,14.2,False,False,False
2026-10-14,coronados,Coronado Islands,offshore,dorado,Dorado (Mahi-Mahi),tuna,7,2,moderate,Moderate confidence,98.1,95.1,99.9,4.8,42.8,37.6,60.5,well above typical,80.6,87.1,workable,1.0,0.8,0.821,0.886,0.806,0.3,1.35,"pressure,front,chl",73.31,4.55,5.22,0.143,Waxing Crescent,model-blended conditions + exact tide/moon,True,4.8,3.0,1.8,False,False,False
2026-10-15,coronados,Coronado Islands,offshore,dorado,Dorado (Mahi-Mahi),tuna,8,2,moderate,Moderate confidence,98.4,93.8,99.9,6.1,41.1,36.1,62.3,well above typical,82.3,87.0,workable,1.0,0.8,0.782,0.904,0.824,0.5,1.35,"pressure,front,chl",72.77,4.1,4.5,0.217,Waxing Crescent,model-blended conditions + exact tide/moon,True,6.1,4.6,1.8,True,True,False
2026-10-16,coronados,Coronado Islands,offshore,dorado,Dorado (Mahi-Mahi),tuna,9,2,moderate,Moderate confidence,96.2,81.8,99.2,17.4,38.7,34.1,62.1,well above typical,70.1,86.6,workable,1.0,0.8,0.747,0.925,0.871,-1.5,1.35,"pressure,front,chl",72.27,3.71,3.84,0.3,Waxing Crescent,model-blended conditions + exact tide/moon,True,17.4,14.4,3.0,False,False,False
2026-10-17,coronados,Coronado Islands,offshore,dorado,Dorado (Mahi-Mahi),tuna,10,2,moderate,Moderate confidence,98.6,83.4,99.9,16.5,35.8,31.6,67.0,well above typical,86.4,86.4,workable,0.952,0.8,0.727,0.948,0.869,3.5,1.35,"pressure,front,chl",71.8,3.37,3.44,0.39,First Quarter,model-blended conditions + exact tide/moon,True,16.5,15.2,3.0,True,True,False
2026-10-18,coronados,Coronado Islands,offshore,dorado,Dorado (Mahi-Mahi),tuna,11,2,moderate,Moderate confidence,97.5,70.8,99.9,29.1,33.2,29.2,68.3,well above typical,86.3,86.3,workable,0.853,0.8,0.732,0.971,0.868,1.0,1.35,"pressure,front,chl",71.4,3.06,3.4,0.484,First Quarter,model-blended conditions + exact tide/moon,True,29.1,26.7,3.0,True,True,False
2026-10-19,coronados,Coronado Islands,offshore,dorado,Dorado (Mahi-Mahi),tuna,12,2,moderate,Moderate confidence,95.3,57.3,99.9,42.6,29.7,26.4,68.9,well above typical,86.1,86.2,workable,0.762,0.8,0.665,0.955,0.866,0.1,1.35,"pressure,front,chl",71.03,2.79,1.18,0.579,First Quarter,model-blended conditions + exact tide/moon,True,42.6,38.0,4.6,False,False,False
2026-10-20,coronados,Coronado Islands,offshore,dorado,Dorado (Mahi-Mahi),tuna,13,2,moderate,Moderate confidence,91.9,45.3,99.9,54.6,25.8,22.7,69.2,well above typical,86.1,86.2,workable,0.677,0.8,0.763,0.932,0.866,0.0,1.35,"pressure,front,chl",70.68,2.56,3.94,0.673,Waxing Gibbous,model-blended conditions + exact tide/moon,True,54.6,46.6,8.0,False,False,False
2026-10-21,coronados,Coronado Islands,offshore,dorado,Dorado (Mahi-Mahi),tuna,14,2,moderate,Moderate confidence,86.4,33.5,99.9,66.4,19.8,17.3,69.1,well above typical,86.2,86.2,workable,0.599,0.8,0.785,0.909,0.866,-1.7,1.35,"pressure,front,chl",70.36,2.35,4.27,0.762,Waxing Gibbous,model-blended conditions + exact tide/moon,True,66.4,52.9,13.5,False,False,False
2026-10-22,coronados,Coronado Islands,offshore,dorado,Dorado (Mahi-Mahi),tuna,15,3,outlook,Outlook / trend only,79.3,13.0,99.9,86.9,18.4,16.2,63.1,well above typical,,86.2,climatological sea state,0.507,0.8,0.809,0.889,0.867,-2.5,1.35,"pressure,front,chl",69.99,2.08,4.66,0.844,Waxing Gibbous,climatology + ENSO analog + exact tide/moon,True,86.9,66.3,20.6,False,False,False
2026-10-23,coronados,Coronado Islands,offshore,dorado,Dorado (Mahi-Mahi),tuna,16,3,outlook,Outlook / trend only,73.4,4.2,99.9,95.7,18.3,16.2,57.2,well above typical,,86.2,climatological sea state,0.437,0.8,0.832,0.872,0.866,,1.35,"pressure,front,chl",69.7,1.92,5.08,0.912,Waxing Gibbous,climatology + ENSO analog + exact tide/moon,True,95.7,69.2,26.5,False,False,False
2026-10-24,coronados,Coronado Islands,offshore,dorado,Dorado (Mahi-Mahi),tuna,17,3,outlook,Outlook / trend only,67.0,1.0,99.9,98.9,18.4,16.2,50.8,well above typical,,86.3,climatological sea state,0.364,0.8,0.879,0.859,0.868,,1.35,"pressure,front,chl",69.41,1.78,6.12,0.964,Waxing Gibbous,climatology + ENSO analog + exact tide/moon,True,96.1,69.2,32.9,True,False,True
2026-10-25,coronados,Coronado Islands,offshore,dorado,Dorado (Mahi-Mahi),tuna,18,3,outlook,Outlook / trend only,59.7,1.0,99.9,98.9,18.4,16.2,43.5,well above typical,,86.6,climatological sea state,0.3,0.8,0.904,0.852,0.87,,1.327,"pressure,front,chl",69.14,1.65,7.03,0.994,Full,climatology + ENSO analog + exact tide/moon,True,96.4,69.2,40.2,True,False,True
2026-10-26,coronados,Coronado Islands,offshore,dorado,Dorado (Mahi-Mahi),tuna,19,3,outlook,Outlook / trend only,52.5,1.0,99.9,98.9,18.4,16.2,36.3,well above typical,,86.6,climatological sea state,0.24,0.8,0.912,0.85,0.871,,1.305,"pressure,front,chl",68.9,1.54,7.65,0.999,Full,climatology + ENSO analog + exact tide/moon,True,96.8,69.2,47.4,True,False,True
2026-10-27,coronados,Coronado Islands,offshore,dorado,Dorado (Mahi-Mahi),tuna,20,3,outlook,Outlook / trend only,45.1,1.0,99.9,98.9,18.4,16.2,28.9,well above typical,,86.6,climatological sea state,0.184,0.8,0.911,0.856,0.872,,1.285,"pressure,front,chl",68.67,1.44,7.87,0.976,Full,climatology + ENSO analog + exact tide/moon,True,97.2,69.2,54.8,True,False,True
2026-10-28,coronados,Coronado Islands,offshore,dorado,Dorado (Mahi-Mahi),tuna,21,3,outlook,Outlook / trend only,36.8,1.0,98.9,97.9,18.5,16.2,20.6,well above typical,,86.9,climatological sea state,0.127,0.8,0.903,0.868,0.874,,1.267,"pressure,front,chl",68.44,1.35,7.69,0.927,Waning Gibbous,climatology + ENSO analog + exact tide/moon,True,96.6,69.2,62.1,True,False,True
2026-10-29,coronados,Coronado Islands,offshore,dorado,Dorado (Mahi-Mahi),tuna,22,3,outlook,Outlook / trend only,27.3,1.0,96.7,95.7,18.5,16.2,11.1,well above typical,,87.1,climatological sea state,0.072,0.8,0.889,0.886,0.876,,1.251,"pressure,front,chl",68.21,1.27,7.14,0.854,Waning Gibbous,climatology + ENSO analog + exact tide/moon,True,94.7,69.2,69.4,True,False,True
2026-10-30,coronados,Coronado Islands,offshore,dorado,Dorado (Mahi-Mahi),tuna,23,3,outlook,Outlook / trend only,15.0,1.0,94.8,93.8,18.5,16.2,-1.2,near typical,,87.2,climatological sea state,0.023,0.8,0.87,0.91,0.877,,1.24,"pressure,front,chl",68.01,1.21,6.38,0.761,Waning Gibbous,climatology + ENSO analog + exact tide/moon,True,93.1,69.2,79.8,True,False,True
2026-10-31,coronados,Coronado Islands,offshore,dorado,Dorado (Mahi-Mahi),tuna,24,3,outlook,Outlook / trend only,13.9,1.0,93.7,92.7,18.5,16.2,-2.3,near typical,,87.2,climatological sea state,0.02,0.8,0.835,0.936,0.877,,1.228,"pressure,front,chl",67.84,1.15,5.63,0.655,Waning Gibbous,climatology + ENSO analog + exact tide/moon,True,92.0,69.2,79.8,True,False,True
2026-11-01,coronados,Coronado Islands,offshore,dorado,Dorado (Mahi-Mahi),tuna,25,3,outlook,Outlook / trend only,19.1,1.0,98.9,97.9,16.2,14.2,4.9,above typical,,86.9,climatological sea state,0.048,0.35,0.814,0.964,0.874,,1.305,"pressure,front,chl",68.11,1.54,5.1,0.543,Last Quarter,climatology + ENSO analog + exact tide/moon,True,83.2,69.2,79.8,True,False,True
2026-11-02,coronados,Coronado Islands,offshore,dorado,Dorado (Mahi-Mahi),tuna,26,3,outlook,Outlook / trend only,12.1,1.0,91.9,90.9,16.1,14.2,-2.1,near typical,,86.7,climatological sea state,0.02,0.35,0.808,0.958,0.872,,1.297,"pressure,front,chl",67.95,1.5,4.83,0.43,Last Quarter,climatology + ENSO analog + exact tide/moon,True,81.6,69.2,79.8,True,False,True
2026-11-03,coronados,Coronado Islands,offshore,dorado,Dorado (Mahi-Mahi),tuna,27,3,outlook,Outlook / trend only,12.0,1.0,91.8,90.8,16.1,14.2,-2.2,near typical,,86.6,climatological sea state,0.02,0.35,0.807,0.93,0.872,,1.289,"pressure,front,chl",67.78,1.46,4.66,0.322,Last Quarter,climatology + ENSO analog + exact tide/moon,True,79.9,69.2,79.8,True,False,True
2026-11-04,coronados,Coronado Islands,offshore,dorado,Dorado (Mahi-Mahi),tuna,28,3,outlook,Outlook / trend only,11.9,1.0,91.7,90.7,16.1,14.2,-2.3,near typical,,86.6,climatological sea state,0.02,0.35,0.824,0.906,0.871,,1.283,"pressure,front,chl",67.61,1.43,4.92,0.226,Waning Crescent,climatology + ENSO analog + exact tide/moon,True,78.5,69.2,79.8,True,False,True
2026-11-05,coronados,Coronado Islands,offshore,dorado,Dorado (Mahi-Mahi),tuna,29,3,outlook,Outlook / trend only,11.6,1.0,91.4,90.4,16.1,14.2,-2.6,near typical,,86.6,climatological sea state,0.02,0.35,0.841,0.886,0.871,,1.249,"pressure,front,chl",67.31,1.26,5.27,0.144,Waning Crescent,climatology + ENSO analog + exact tide/moon,True,75.4,69.2,79.8,True,False,True
2026-11-06,coronados,Coronado Islands,offshore,dorado,Dorado (Mahi-Mahi),tuna,30,3,outlook,Outlook / trend only,11.5,1.0,91.3,90.3,16.1,14.2,-2.7,near typical,,86.6,climatological sea state,0.02,0.35,0.878,0.87,0.87,,1.244,"pressure,front,chl",67.15,1.23,6.13,0.079,Waning Crescent,climatology + ENSO analog + exact tide/moon,True,74.5,69.2,79.8,True,False,True
2026-10-14,coronados,Coronado Islands,offshore,rockfish,Rockfish Complex,groundfish,7,2,moderate,Moderate confidence,49.8,39.2,60.0,20.8,75.9,66.6,-16.8,well below typical,80.6,87.1,workable,0.904,0.85,0.956,0.886,0.774,0.3,0.672,"pressure,chl",73.31,4.55,5.22,0.143,Waxing Crescent,model-blended conditions + exact tide/moon,True,20.8,10.6,10.2,False,False,False
2026-10-15,coronados,Coronado Islands,offshore,rockfish,Rockfish Complex,groundfish,8,2,moderate,Moderate confidence,53.0,41.7,63.2,21.5,75.7,66.6,-13.6,well below typical,82.3,87.0,workable,0.969,0.85,0.87,0.904,0.793,0.5,0.705,"pressure,chl",72.77,4.1,4.5,0.217,Waxing Crescent,model-blended conditions + exact tide/moon,True,21.5,11.3,10.2,False,False,False
2026-10-16,coronados,Coronado Islands,offshore,rockfish,Rockfish Complex,groundfish,9,2,moderate,Moderate confidence,50.8,39.5,61.0,21.5,75.4,66.5,-15.7,well below typical,70.1,86.6,workable,1.0,0.85,0.791,0.925,0.844,-1.5,0.733,"pressure,chl",72.27,3.71,3.84,0.3,Waxing Crescent,model-blended conditions + exact tide/moon,True,20.8,11.3,10.2,True,False,False
2026-10-17,coronados,Coronado Islands,offshore,rockfish,Rockfish Complex,groundfish,10,2,moderate,Moderate confidence,58.7,46.8,69.9,23.1,75.2,66.4,-7.7,below typical,86.4,86.4,workable,1.0,0.85,0.746,0.948,0.842,3.5,0.757,"pressure,chl",71.8,3.37,3.44,0.39,First Quarter,model-blended conditions + exact tide/moon,True,23.1,11.9,11.2,False,False,False
2026-10-18,coronados,Coronado Islands,offshore,rockfish,Rockfish Complex,groundfish,11,2,moderate,Moderate confidence,60.6,48.5,72.3,23.8,75.1,66.4,-5.8,below typical,86.3,86.3,workable,1.0,0.85,0.757,0.971,0.841,1.0,0.78,"pressure,chl",71.4,3.06,3.4,0.484,First Quarter,model-blended conditions + exact tide/moon,True,23.8,12.1,11.7,False,False,False
2026-10-19,coronados,Coronado Islands,offshore,rockfish,Rockfish Complex,groundfish,12,2,moderate,Moderate confidence,59.3,47.2,71.1,23.9,75.0,66.3,-7.0,below typical,86.1,86.2,workable,1.0,0.85,0.607,0.955,0.839,0.1,0.799,"pressure,chl",71.03,2.79,1.18,0.579,First Quarter,model-blended conditions + exact tide/moon,True,23.7,12.1,11.8,True,False,False
2026-10-20,coronados,Coronado Islands,offshore,rockfish,Rockfish Complex,groundfish,13,2,moderate,Moderate confidence,64.3,51.5,77.1,25.6,75.0,66.3,-2.0,near typical,86.1,86.2,workable,1.0,0.85,0.826,0.932,0.839,0.0,0.816,"pressure,chl",70.68,2.56,3.94,0.673,Waxing Gibbous,model-blended conditions + exact tide/moon,True,25.6,12.8,12.8,False,False,False
2026-10-21,coronados,Coronado Islands,offshore,rockfish,Rockfish Complex,groundfish,14,2,moderate,Moderate confidence,66.2,53.0,79.5,26.5,75.0,66.3,-0.1,near typical,86.2,86.2,workable,1.0,0.85,0.877,0.909,0.839,-1.7,0.831,"pressure,chl",70.36,2.35,4.27,0.762,Waxing Gibbous,model-blended conditions + exact tide/moon,True,26.5,13.2,13.3,False,False,False
2026-10-22,coronados,Coronado Islands,offshore,rockfish,Rockfish Complex,groundfish,15,3,outlook,Outlook / trend only,68.6,50.9,86.3,35.4,75.1,66.4,2.2,near typical,,86.2,climatological sea state,1.0,0.85,0.93,0.889,0.84,-2.5,0.85,"pressure,chl",69.99,2.08,4.66,0.844,Waxing Gibbous,climatology + ENSO analog + exact tide/moon,True,35.4,17.7,17.7,False,False,False
2026-10-23,coronados,Coronado Islands,offshore,rockfish,Rockfish Complex,groundfish,16,3,outlook,Outlook / trend only,70.2,52.1,88.2,36.1,75.0,66.3,3.9,above typical,,86.2,climatological sea state,1.0,0.85,0.981,0.872,0.839,,0.862,"pressure,chl",69.7,1.92,5.08,0.912,Waxing Gibbous,climatology + ENSO analog + exact tide/moon,True,36.1,18.1,18.0,False,False,False
2026-10-24,coronados,Coronado Islands,offshore,rockfish,Rockfish Complex,groundfish,17,3,outlook,Outlook / trend only,70.1,51.9,88.2,36.3,75.1,66.4,3.7,above typical,,86.3,climatological sea state,1.0,0.85,0.912,0.859,0.841,,0.872,"pressure,chl",69.41,1.78,6.12,0.964,Waxing Gibbous,climatology + ENSO analog + exact tide/moon,True,36.3,18.2,18.1,False,False,False
2026-10-25,coronados,Coronado Islands,offshore,rockfish,Rockfish Complex,groundfish,18,3,outlook,Outlook / trend only,70.1,51.9,88.4,36.5,75.4,66.5,3.6,above typical,,86.6,climatological sea state,1.0,0.85,0.855,0.852,0.844,,0.881,"pressure,chl",69.14,1.65,7.03,0.994,Full,climatology + ENSO analog + exact tide/moon,True,36.5,18.2,18.3,False,False,False
2026-10-26,coronados,Coronado Islands,offshore,rockfish,Rockfish Complex,groundfish,19,3,outlook,Outlook / trend only,70.5,51.9,89.1,37.2,75.4,66.5,4.0,above typical,,86.6,climatological sea state,1.0,0.85,0.838,0.85,0.844,,0.889,"pressure,chl",68.9,1.54,7.65,0.999,Full,climatology + ENSO analog + exact tide/moon,True,37.2,18.6,18.6,False,False,False
2026-10-27,coronados,Coronado Islands,offshore,rockfish,Rockfish Complex,groundfish,20,3,outlook,Outlook / trend only,71.2,52.1,90.3,38.2,75.4,66.5,4.7,above typical,,86.6,climatological sea state,1.0,0.85,0.84,0.856,0.845,,0.896,"pressure,chl",68.67,1.44,7.87,0.976,Full,climatology + ENSO analog + exact tide/moon,True,38.2,19.1,19.1,False,False,False
2026-10-28,coronados,Coronado Islands,offshore,rockfish,Rockfish Complex,groundfish,21,3,outlook,Outlook / trend only,72.3,52.6,91.9,39.3,75.6,66.6,5.7,above typical,,86.9,climatological sea state,1.0,0.85,0.857,0.868,0.848,,0.903,"pressure,chl",68.44,1.35,7.69,0.927,Waning Gibbous,climatology + ENSO analog + exact tide/moon,True,39.3,19.7,19.6,False,False,False
2026-10-29,coronados,Coronado Islands,offshore,rockfish,Rockfish Complex,groundfish,22,3,outlook,Outlook / trend only,73.5,53.2,93.8,40.6,75.9,66.6,6.9,above typical,,87.1,climatological sea state,1.0,0.85,0.889,0.886,0.85,,0.909,"pressure,chl",68.21,1.27,7.14,0.854,Waning Gibbous,climatology + ENSO analog + exact tide/moon,True,40.6,20.3,20.3,False,False,False
2026-10-30,coronados,Coronado Islands,offshore,rockfish,Rockfish Complex,groundfish,23,3,outlook,Outlook / trend only,74.6,53.7,95.6,41.9,75.9,66.7,7.9,above typical,,87.2,climatological sea state,1.0,0.85,0.933,0.91,0.851,,0.913,"pressure,chl",68.01,1.21,6.38,0.761,Waning Gibbous,climatology + ENSO analog + exact tide/moon,True,41.9,20.9,21.0,False,False,False
2026-10-31,coronados,Coronado Islands,offshore,rockfish,Rockfish Complex,groundfish,24,3,outlook,Outlook / trend only,75.9,54.2,97.5,43.3,75.9,66.7,9.2,well above typical,,87.2,climatological sea state,1.0,0.85,0.988,0.936,0.851,,0.917,"pressure,chl",67.84,1.15,5.63,0.655,Waning Gibbous,climatology + ENSO analog + exact tide/moon,True,43.3,21.7,21.6,False,False,False
2026-11-01,coronados,Coronado Islands,offshore,rockfish,Rockfish Complex,groundfish,25,3,outlook,Outlook / trend only,69.9,48.2,91.6,43.4,73.3,64.5,5.4,above typical,,86.9,climatological sea state,1.0,0.7,0.941,0.964,0.848,,0.889,"pressure,chl",68.11,1.54,5.1,0.543,Last Quarter,climatology + ENSO analog + exact tide/moon,True,43.3,21.7,21.7,True,False,False
2026-11-02,coronados,Coronado Islands,offshore,rockfish,Rockfish Complex,groundfish,26,3,outlook,Outlook / trend only,69.8,47.9,91.7,43.8,73.2,64.5,5.3,above typical,,86.7,climatological sea state,1.0,0.7,0.927,0.958,0.846,,0.892,"pressure,chl",67.95,1.5,4.83,0.43,Last Quarter,climatology + ENSO analog + exact tide/moon,True,43.8,21.9,21.9,False,False,False
2026-11-03,coronados,Coronado Islands,offshore,rockfish,Rockfish Complex,groundfish,27,3,outlook,Outlook / trend only,69.9,47.7,92.1,44.4,73.1,64.5,5.4,above typical,,86.6,climatological sea state,1.0,0.7,0.925,0.93,0.845,,0.895,"pressure,chl",67.78,1.46,4.66,0.322,Last Quarter,climatology + ENSO analog + exact tide/moon,True,44.4,22.2,22.2,False,False,False
2026-11-04,coronados,Coronado Islands,offshore,rockfish,Rockfish Complex,groundfish,28,3,outlook,Outlook / trend only,70.5,47.7,93.3,45.6,73.1,64.4,6.1,above typical,,86.6,climatological sea state,1.0,0.7,0.965,0.906,0.844,,0.897,"pressure,chl",67.61,1.43,4.92,0.226,Waning Crescent,climatology + ENSO analog + exact tide/moon,True,45.6,22.8,22.8,False,False,False
2026-11-05,coronados,Coronado Islands,offshore,rockfish,Rockfish Complex,groundfish,29,3,outlook,Outlook / trend only,72.0,48.5,95.4,46.9,73.1,64.5,7.5,above typical,,86.6,climatological sea state,1.0,0.7,0.998,0.886,0.845,,0.909,"pressure,chl",67.31,1.26,5.27,0.144,Waning Crescent,climatology + ENSO analog + exact tide/moon,True,46.9,23.5,23.4,False,False,False
2026-11-06,coronados,Coronado Islands,offshore,rockfish,Rockfish Complex,groundfish,30,3,outlook,Outlook / trend only,70.8,47.0,94.6,47.6,73.1,64.4,6.4,above typical,,86.6,climatological sea state,1.0,0.7,0.915,0.87,0.844,,0.911,"pressure,chl",67.15,1.23,6.13,0.079,Waning Crescent,climatology + ENSO analog + exact tide/moon,True,47.6,23.8,23.8,False,False,False
2026-10-14,coronados,Coronado Islands,offshore,sheephead,California Sheephead,groundfish,7,2,moderate,Moderate confidence,67.7,64.7,70.7,6.0,75.4,66.2,1.5,near typical,80.6,87.1,workable,1.0,0.85,0.604,0.886,0.738,0.3,1.0,"pressure,chl",73.31,4.55,5.22,0.143,Waxing Crescent,model-blended conditions + exact tide/moon,True,6.0,3.0,3.0,False,False,False
2026-10-15,coronados,Coronado Islands,offshore,sheephead,California Sheephead,groundfish,8,2,moderate,Moderate confidence,69.1,66.1,72.1,6.0,75.2,66.2,2.9,near typical,82.3,87.0,workable,1.0,0.85,0.601,0.904,0.758,0.5,1.0,"pressure,chl",72.77,4.1,4.5,0.217,Waxing Crescent,model-blended conditions + exact tide/moon,True,6.0,3.0,3.0,False,False,False
2026-10-16,coronados,Coronado Islands,offshore,sheephead,California Sheephead,groundfish,9,2,moderate,Moderate confidence,65.0,62.0,68.0,6.0,74.9,66.1,-1.1,near typical,70.1,86.6,workable,1.0,0.85,0.622,0.925,0.814,-1.5,1.0,"pressure,chl",72.27,3.71,3.84,0.3,Waxing Crescent,model-blended conditions + exact tide/moon,True,6.0,3.0,3.0,False,False,False
2026-10-17,coronados,Coronado Islands,offshore,sheephead,California Sheephead,groundfish,10,2,moderate,Moderate confidence,74.4,71.4,77.4,6.0,74.7,66.0,8.4,well above typical,86.4,86.4,workable,1.0,0.85,0.655,0.948,0.811,3.5,1.0,"pressure,chl",71.8,3.37,3.44,0.39,First Quarter,model-blended conditions + exact tide/moon,True,6.0,3.0,3.0,False,False,False
2026-10-18,coronados,Coronado Islands,offshore,sheephead,California Sheephead,groundfish,11,2,moderate,Moderate confidence,73.8,70.8,76.8,6.0,74.7,66.0,7.8,above typical,86.3,86.3,workable,1.0,0.85,0.634,0.971,0.81,1.0,1.0,"pressure,chl",71.4,3.06,3.4,0.484,First Quarter,model-blended conditions + exact tide/moon,True,6.0,3.0,3.0,False,False,False
2026-10-19,coronados,Coronado Islands,offshore,sheephead,California Sheephead,groundfish,12,2,moderate,Moderate confidence,65.9,62.9,68.9,6.0,74.5,65.9,0.0,near typical,86.1,86.2,workable,1.0,0.85,0.398,0.955,0.808,0.1,1.0,"pressure,chl",71.03,2.79,1.18,0.579,First Quarter,model-blended conditions + exact tide/moon,True,6.0,3.0,3.0,False,False,False
2026-10-20,coronados,Coronado Islands,offshore,sheephead,California Sheephead,groundfish,13,2,moderate,Moderate confidence,70.9,67.9,73.9,6.0,74.5,65.9,5.0,above typical,86.1,86.2,workable,1.0,0.85,0.541,0.932,0.808,0.0,1.0,"pressure,chl",70.68,2.56,3.94,0.673,Waxing Gibbous,model-blended conditions + exact tide/moon,True,6.0,3.0,3.0,False,False,False
2026-10-21,coronados,Coronado Islands,offshore,sheephead,California Sheephead,groundfish,14,2,moderate,Moderate confidence,72.4,69.4,75.4,6.0,74.5,65.9,6.5,above typical,86.2,86.2,workable,1.0,0.85,0.593,0.909,0.808,-1.7,1.0,"pressure,chl",70.36,2.35,4.27,0.762,Waxing Gibbous,model-blended conditions + exact tide/moon,True,6.0,3.0,3.0,False,False,False
2026-10-22,coronados,Coronado Islands,offshore,sheephead,California Sheephead,groundfish,15,3,outlook,Outlook / trend only,73.9,66.9,80.9,14.0,74.6,66.0,7.9,above typical,,86.2,climatological sea state,1.0,0.85,0.647,0.889,0.809,-2.5,1.0,"pressure,chl",69.99,2.08,4.66,0.844,Waxing Gibbous,climatology + ENSO analog + exact tide/moon,True,14.0,7.0,7.0,False,False,False
2026-10-23,coronados,Coronado Islands,offshore,sheephead,California Sheephead,groundfish,16,3,outlook,Outlook / trend only,75.3,68.3,82.3,14.0,74.5,65.9,9.4,well above typical,,86.2,climatological sea state,1.0,0.85,0.702,0.872,0.808,,1.0,"pressure,chl",69.7,1.92,5.08,0.912,Waxing Gibbous,climatology + ENSO analog + exact tide/moon,True,14.0,7.0,7.0,False,False,False
2026-10-24,coronados,Coronado Islands,offshore,sheephead,California Sheephead,groundfish,17,3,outlook,Outlook / trend only,73.3,66.3,80.3,14.0,74.7,66.0,7.3,above typical,,86.3,climatological sea state,1.0,0.85,0.625,0.859,0.81,,1.0,"pressure,chl",69.41,1.78,6.12,0.964,Waxing Gibbous,climatology + ENSO analog + exact tide/moon,True,14.0,7.0,7.0,False,False,False
2026-10-25,coronados,Coronado Islands,offshore,sheephead,California Sheephead,groundfish,18,3,outlook,Outlook / trend only,73.9,66.9,80.9,14.0,74.9,66.1,7.8,above typical,,86.6,climatological sea state,1.0,0.85,0.638,0.852,0.813,,1.0,"pressure,chl",69.14,1.65,7.03,0.994,Full,climatology + ENSO analog + exact tide/moon,True,14.0,7.0,7.0,False,False,False
2026-10-26,coronados,Coronado Islands,offshore,sheephead,California Sheephead,groundfish,19,3,outlook,Outlook / trend only,74.1,67.1,81.1,14.0,74.9,66.1,8.0,well above typical,,86.6,climatological sea state,1.0,0.85,0.643,0.85,0.813,,1.0,"pressure,chl",68.9,1.54,7.65,0.999,Full,climatology + ENSO analog + exact tide/moon,True,14.0,7.0,7.0,False,False,False
2026-10-27,coronados,Coronado Islands,offshore,sheephead,California Sheephead,groundfish,20,3,outlook,Outlook / trend only,74.7,67.7,81.7,14.0,75.0,66.1,8.6,well above typical,,86.6,climatological sea state,1.0,0.85,0.663,0.856,0.814,,1.0,"pressure,chl",68.67,1.44,7.87,0.976,Full,climatology + ENSO analog + exact tide/moon,True,14.0,7.0,7.0,False,False,False
2026-10-28,coronados,Coronado Islands,offshore,sheephead,California Sheephead,groundfish,21,3,outlook,Outlook / trend only,75.6,67.4,82.6,15.2,75.2,66.2,9.4,well above typical,,86.9,climatological sea state,1.0,0.85,0.688,0.868,0.817,,1.0,"pressure,chl",68.44,1.35,7.69,0.927,Waning Gibbous,climatology + ENSO analog + exact tide/moon,True,15.2,8.2,7.0,False,False,False
2026-10-29,coronados,Coronado Islands,offshore,sheephead,California Sheephead,groundfish,22,3,outlook,Outlook / trend only,76.7,67.3,83.7,16.4,75.4,66.2,10.5,well above typical,,87.1,climatological sea state,1.0,0.85,0.723,0.886,0.82,,1.0,"pressure,chl",68.21,1.27,7.14,0.854,Waning Gibbous,climatology + ENSO analog + exact tide/moon,True,16.4,9.4,7.0,False,False,False
2026-10-30,coronados,Coronado Islands,offshore,sheephead,California Sheephead,groundfish,23,3,outlook,Outlook / trend only,78.0,67.1,85.0,17.9,75.4,66.2,11.8,well above typical,,87.2,climatological sea state,1.0,0.85,0.769,0.91,0.821,,1.0,"pressure,chl",68.01,1.21,6.38,0.761,Waning Gibbous,climatology + ENSO analog + exact tide/moon,True,17.9,10.9,7.0,False,False,False
2026-10-31,coronados,Coronado Islands,offshore,sheephead,California Sheephead,groundfish,24,3,outlook,Outlook / trend only,78.4,66.1,85.4,19.3,75.4,66.2,12.2,well above typical,,87.2,climatological sea state,1.0,0.85,0.786,0.936,0.821,,1.0,"pressure,chl",67.84,1.15,5.63,0.655,Waning Gibbous,climatology + ENSO analog + exact tide/moon,True,19.3,12.3,7.0,False,False,False
2026-11-01,coronados,Coronado Islands,offshore,sheephead,California Sheephead,groundfish,25,3,outlook,Outlook / trend only,74.6,62.3,81.6,19.3,72.9,64.1,10.5,well above typical,,86.9,climatological sea state,1.0,0.7,0.753,0.964,0.817,,1.0,"pressure,chl",68.11,1.54,5.1,0.543,Last Quarter,climatology + ENSO analog + exact tide/moon,True,18.2,12.3,7.0,True,False,False
2026-11-02,coronados,Coronado Islands,offshore,sheephead,California Sheephead,groundfish,26,3,outlook,Outlook / trend only,72.6,60.3,79.6,19.3,72.5,63.9,8.7,well above typical,,86.7,climatological sea state,1.0,0.7,0.679,0.958,0.815,,1.0,"pressure,chl",67.95,1.5,4.83,0.43,Last Quarter,climatology + ENSO analog + exact tide/moon,True,19.2,12.3,7.0,True,False,False
2026-11-03,coronados,Coronado Islands,offshore,sheephead,California Sheephead,groundfish,27,3,outlook,Outlook / trend only,69.1,55.8,76.1,20.3,72.0,63.5,5.6,above typical,,86.6,climatological sea state,1.0,0.7,0.552,0.93,0.814,,1.0,"pressure,chl",67.78,1.46,4.66,0.322,Last Quarter,climatology + ENSO analog + exact tide/moon,True,20.3,13.3,7.0,False,False,False
2026-11-04,coronados,Coronado Islands,offshore,sheephead,California Sheephead,groundfish,28,3,outlook,Outlook / trend only,70.5,55.9,77.5,21.6,71.5,63.1,7.4,above typical,,86.6,climatological sea state,1.0,0.7,0.607,0.906,0.814,,1.0,"pressure,chl",67.61,1.43,4.92,0.226,Waning Crescent,climatology + ENSO analog + exact tide/moon,True,21.6,14.6,7.0,False,False,False
2026-11-05,coronados,Coronado Islands,offshore,sheephead,California Sheephead,groundfish,29,3,outlook,Outlook / trend only,72.0,54.6,79.0,24.4,71.1,62.7,9.3,well above typical,,86.6,climatological sea state,1.0,0.7,0.661,0.886,0.814,,1.0,"pressure,chl",67.31,1.26,5.27,0.144,Waning Crescent,climatology + ENSO analog + exact tide/moon,True,24.4,17.4,7.0,False,False,False
2026-11-06,coronados,Coronado Islands,offshore,sheephead,California Sheephead,groundfish,30,3,outlook,Outlook / trend only,71.5,52.4,78.5,26.1,70.5,62.2,9.3,well above typical,,86.6,climatological sea state,1.0,0.7,0.649,0.87,0.813,,1.0,"pressure,chl",67.15,1.23,6.13,0.079,Waning Crescent,climatology + ENSO analog + exact tide/moon,True,26.1,19.1,7.0,False,False,False
2026-10-14,coronados,Coronado Islands,offshore,white_seabass,White Seabass,pelagic,7,2,moderate,Moderate confidence,19.6,15.6,38.3,22.7,62.4,54.9,-35.3,well below typical,80.6,87.1,workable,0.02,0.5,0.558,0.978,0.738,0.3,0.836,"pressure,front,chl",73.31,4.55,5.22,0.143,Waxing Crescent,model-blended conditions + exact tide/moon,True,22.7,4.0,18.7,False,False,False
2026-10-15,coronados,Coronado Islands,offshore,white_seabass,White Seabass,pelagic,8,2,moderate,Moderate confidence,26.4,16.1,45.1,29.0,62.6,55.1,-28.7,well below typical,82.3,87.0,workable,0.058,0.5,0.588,0.895,0.758,0.5,0.852,"pressure,front,chl",72.77,4.1,4.5,0.217,Waxing Crescent,model-blended conditions + exact tide/moon,True,28.1,10.3,18.7,True,False,False
2026-10-16,coronados,Coronado Islands,offshore,white_seabass,White Seabass,pelagic,9,2,moderate,Moderate confidence,30.7,14.6,49.4,34.8,62.7,55.4,-24.7,well below typical,70.1,86.6,workable,0.139,0.5,0.652,0.773,0.814,-1.5,0.866,"pressure,front,chl",72.27,3.71,3.84,0.3,Waxing Crescent,model-blended conditions + exact tide/moon,True,29.8,16.1,18.7,True,False,False
2026-10-17,coronados,Coronado Islands,offshore,white_seabass,White Seabass,pelagic,10,2,moderate,Moderate confidence,38.8,16.8,57.5,40.7,63.0,55.7,-16.9,well below typical,86.4,86.4,workable,0.215,0.5,0.721,0.644,0.811,3.5,0.879,"pressure,front,chl",71.8,3.37,3.44,0.39,First Quarter,model-blended conditions + exact tide/moon,True,35.9,22.0,18.7,True,False,False
2026-10-18,coronados,Coronado Islands,offshore,white_seabass,White Seabass,pelagic,11,2,moderate,Moderate confidence,40.1,17.8,58.8,41.0,63.3,55.9,-15.8,well below typical,86.3,86.3,workable,0.281,0.5,0.684,0.533,0.81,1.0,0.89,"pressure,front,chl",71.4,3.06,3.4,0.484,First Quarter,model-blended conditions + exact tide/moon,True,35.5,22.3,18.7,True,False,False
2026-10-19,coronados,Coronado Islands,offshore,white_seabass,White Seabass,pelagic,12,2,moderate,Moderate confidence,37.1,14.8,55.8,41.0,63.5,56.1,-19.0,well below typical,86.1,86.2,workable,0.342,0.5,0.384,0.452,0.808,0.1,0.9,"pressure,front,chl",71.03,2.79,1.18,0.579,First Quarter,model-blended conditions + exact tide/moon,True,28.4,22.3,18.7,True,False,False
2026-10-20,coronados,Coronado Islands,offshore,white_seabass,White Seabass,pelagic,13,2,moderate,Moderate confidence,40.2,17.9,58.9,41.0,63.8,56.4,-16.2,well below typical,86.1,86.2,workable,0.399,0.5,0.515,0.401,0.808,0.0,0.908,"pressure,front,chl",70.68,2.56,3.94,0.673,Waxing Gibbous,model-blended conditions + exact tide/moon,True,27.8,22.3,18.7,True,False,False
2026-10-21,coronados,Coronado Islands,offshore,white_seabass,White Seabass,pelagic,14,2,moderate,Moderate confidence,42.1,19.8,60.8,41.0,64.1,56.7,-14.6,well below typical,86.2,86.2,workable,0.451,0.5,0.573,0.373,0.808,-1.7,0.915,"pressure,front,chl",70.36,2.35,4.27,0.762,Waxing Gibbous,model-blended conditions + exact tide/moon,True,27.1,22.3,18.7,True,False,False
2026-10-22,coronados,Coronado Islands,offshore,white_seabass,White Seabass,pelagic,15,3,outlook,Outlook / trend only,44.5,22.2,63.2,41.0,64.4,57.0,-12.5,well below typical,,86.2,climatological sea state,0.512,0.5,0.635,0.359,0.809,-2.5,0.925,"pressure,front,chl",69.99,2.08,4.66,0.844,Waxing Gibbous,climatology + ENSO analog + exact tide/moon,True,34.7,22.3,18.7,True,False,False
2026-10-23,coronados,Coronado Islands,offshore,white_seabass,White Seabass,pelagic,16,3,outlook,Outlook / trend only,46.5,24.2,65.2,41.0,64.7,57.3,-10.8,well below typical,,86.2,climatological sea state,0.559,0.5,0.698,0.353,0.808,,0.931,"pressure,front,chl",69.7,1.92,5.08,0.912,Waxing Gibbous,climatology + ENSO analog + exact tide/moon,True,34.7,22.3,18.7,True,False,False
2026-10-24,coronados,Coronado Islands,offshore,white_seabass,White Seabass,pelagic,17,3,outlook,Outlook / trend only,45.5,23.2,64.2,41.0,65.2,57.6,-12.1,well below typical,,86.3,climatological sea state,0.607,0.5,0.537,0.351,0.81,,0.936,"pressure,front,chl",69.41,1.78,6.12,0.964,Waxing Gibbous,climatology + ENSO analog + exact tide/moon,True,33.5,22.3,18.7,True,False,False
2026-10-25,coronados,Coronado Islands,offshore,white_seabass,White Seabass,pelagic,18,3,outlook,Outlook / trend only,46.5,24.2,65.2,41.0,65.7,58.0,-11.5,well below typical,,86.6,climatological sea state,0.65,0.5,0.535,0.35,0.813,,0.941,"pressure,front,chl",69.14,1.65,7.03,0.994,Full,climatology + ENSO analog + exact tide/moon,True,33.4,22.3,18.7,True,False,False
2026-10-26,coronados,Coronado Islands,offshore,white_seabass,White Seabass,pelagic,19,3,outlook,Outlook / trend only,47.5,25.2,66.2,41.0,66.1,58.3,-10.8,well below typical,,86.6,climatological sea state,0.69,0.5,0.535,0.35,0.813,,0.945,"pressure,front,chl",68.9,1.54,7.65,0.999,Full,climatology + ENSO analog + exact tide/moon,True,33.2,22.3,18.7,True,False,False
2026-10-27,coronados,Coronado Islands,offshore,white_seabass,White Seabass,pelagic,20,3,outlook,Outlook / trend only,48.9,26.6,67.6,41.0,66.4,58.6,-9.7,well below typical,,86.6,climatological sea state,0.728,0.5,0.566,0.35,0.814,,0.948,"pressure,front,chl",68.67,1.44,7.87,0.976,Full,climatology + ENSO analog + exact tide/moon,True,33.1,22.3,18.7,True,False,False
2026-10-28,coronados,Coronado Islands,offshore,white_seabass,White Seabass,pelagic,21,3,outlook,Outlook / trend only,50.5,28.2,69.2,41.0,66.9,58.9,-8.4,well below typical,,86.9,climatological sea state,0.765,0.5,0.611,0.35,0.817,,0.951,"pressure,front,chl",68.44,1.35,7.69,0.927,Waning Gibbous,climatology + ENSO analog + exact tide/moon,True,33.3,22.3,18.7,True,False,False
2026-10-29,coronados,Coronado Islands,offshore,white_seabass,White Seabass,pelagic,22,3,outlook,Outlook / trend only,52.3,30.0,71.0,41.0,67.3,59.1,-6.8,below typical,,87.1,climatological sea state,0.802,0.5,0.678,0.35,0.82,,0.954,"pressure,front,chl",68.21,1.27,7.14,0.854,Waning Gibbous,climatology + ENSO analog + exact tide/moon,True,33.3,22.3,18.7,True,False,False
2026-10-30,coronados,Coronado Islands,offshore,white_seabass,White Seabass,pelagic,23,3,outlook,Outlook / trend only,54.3,32.0,73.0,41.0,67.3,59.1,-4.8,below typical,,87.2,climatological sea state,0.835,0.5,0.766,0.35,0.821,,0.956,"pressure,front,chl",68.01,1.21,6.38,0.761,Waning Gibbous,climatology + ENSO analog + exact tide/moon,True,33.8,22.3,18.7,True,False,False
2026-10-31,coronados,Coronado Islands,offshore,white_seabass,White Seabass,pelagic,24,3,outlook,Outlook / trend only,55.6,33.3,74.3,41.0,67.3,59.1,-3.5,below typical,,87.2,climatological sea state,0.863,0.5,0.823,0.35,0.821,,0.959,"pressure,front,chl",67.84,1.15,5.63,0.655,Waning Gibbous,climatology + ENSO analog + exact tide/moon,True,34.1,22.3,18.7,True,False,False
2026-11-01,coronados,Coronado Islands,offshore,white_seabass,White Seabass,pelagic,25,3,outlook,Outlook / trend only,53.5,31.2,72.2,41.0,67.1,59.1,-5.6,below typical,,86.9,climatological sea state,0.818,0.5,0.793,0.351,0.817,,0.945,"pressure,front,chl",68.11,1.54,5.1,0.543,Last Quarter,climatology + ENSO analog + exact tide/moon,True,35.8,22.3,18.7,True,False,False
2026-11-02,coronados,Coronado Islands,offshore,white_seabass,White Seabass,pelagic,26,3,outlook,Outlook / trend only,52.6,30.3,71.3,41.0,67.0,59.1,-6.5,below typical,,86.7,climatological sea state,0.844,0.5,0.685,0.353,0.815,,0.946,"pressure,front,chl",67.95,1.5,4.83,0.43,Last Quarter,climatology + ENSO analog + exact tide/moon,True,35.0,22.3,18.7,True,False,False
2026-11-03,coronados,Coronado Islands,offshore,white_seabass,White Seabass,pelagic,27,3,outlook,Outlook / trend only,50.1,27.8,68.8,41.0,67.0,59.1,-9.0,well below typical,,86.6,climatological sea state,0.873,0.5,0.492,0.359,0.814,,0.947,"pressure,front,chl",67.78,1.46,4.66,0.322,Last Quarter,climatology + ENSO analog + exact tide/moon,True,33.7,22.3,18.7,True,False,False
2026-11-04,coronados,Coronado Islands,offshore,white_seabass,White Seabass,pelagic,28,3,outlook,Outlook / trend only,52.1,29.8,70.8,41.0,66.9,59.0,-6.9,below typical,,86.6,climatological sea state,0.9,0.5,0.559,0.373,0.814,,0.949,"pressure,front,chl",67.61,1.43,4.92,0.226,Waning Crescent,climatology + ENSO analog + exact tide/moon,True,34.3,22.3,18.7,True,False,False
2026-11-05,coronados,Coronado Islands,offshore,white_seabass,White Seabass,pelagic,29,3,outlook,Outlook / trend only,55.0,32.7,73.7,41.0,67.0,59.1,-4.1,below typical,,86.6,climatological sea state,0.95,0.5,0.627,0.402,0.814,,0.955,"pressure,front,chl",67.31,1.26,5.27,0.144,Waning Crescent,climatology + ENSO analog + exact tide/moon,True,34.8,22.3,18.7,True,False,False
2026-11-06,coronados,Coronado Islands,offshore,white_seabass,White Seabass,pelagic,30,3,outlook,Outlook / trend only,55.8,33.5,74.5,41.0,66.9,59.0,-3.2,below typical,,86.6,climatological sea state,0.976,0.5,0.574,0.454,0.813,,0.956,"pressure,front,chl",67.15,1.23,6.13,0.079,Waning Crescent,climatology + ENSO analog + exact tide/moon,True,35.1,22.3,18.7,True,False,False
2026-10-14,coronados,Coronado Islands,offshore,yellowfin_tuna,Yellowfin Tuna,tuna,7,2,moderate,Moderate confidence,98.2,95.2,99.9,4.7,67.2,59.0,39.2,well above typical,80.6,87.1,workable,1.0,0.85,0.821,0.886,0.806,0.3,1.35,"pressure,front,chl",73.31,4.55,5.22,0.143,Waxing Crescent,model-blended conditions + exact tide/moon,True,4.7,3.0,1.7,False,False,False
2026-10-15,coronados,Coronado Islands,offshore,yellowfin_tuna,Yellowfin Tuna,tuna,8,2,moderate,Moderate confidence,98.5,95.5,99.9,4.4,66.4,58.4,40.1,well above typical,82.3,87.0,workable,1.0,0.85,0.782,0.904,0.824,0.5,1.35,"pressure,front,chl",72.77,4.1,4.5,0.217,Waxing Crescent,model-blended conditions + exact tide/moon,True,4.4,3.0,1.7,True,True,False
2026-10-16,coronados,Coronado Islands,offshore,yellowfin_tuna,Yellowfin Tuna,tuna,9,2,moderate,Moderate confidence,96.5,93.5,99.5,6.0,65.3,57.6,38.9,well above typical,70.1,86.6,workable,1.0,0.85,0.747,0.925,0.871,-1.5,1.35,"pressure,front,chl",72.27,3.71,3.84,0.3,Waxing Crescent,model-blended conditions + exact tide/moon,True,6.0,3.0,3.0,False,False,False
2026-10-17,coronados,Coronado Islands,offshore,yellowfin_tuna,Yellowfin Tuna,tuna,10,2,moderate,Moderate confidence,99.1,95.7,99.9,4.2,64.2,56.7,42.4,well above typical,86.4,86.4,workable,1.0,0.85,0.727,0.948,0.869,3.5,1.35,"pressure,front,chl",71.8,3.37,3.44,0.39,First Quarter,model-blended conditions + exact tide/moon,True,4.2,3.4,3.0,True,True,False
2026-10-18,coronados,Coronado Islands,offshore,yellowfin_tuna,Yellowfin Tuna,tuna,11,2,moderate,Moderate confidence,99.1,94.3,99.9,5.6,63.4,56.0,43.1,well above typical,86.3,86.3,workable,1.0,0.85,0.732,0.971,0.868,1.0,1.35,"pressure,front,chl",71.4,3.06,3.4,0.484,First Quarter,model-blended conditions + exact tide/moon,True,5.6,4.8,3.0,True,True,False
2026-10-19,coronados,Coronado Islands,offshore,yellowfin_tuna,Yellowfin Tuna,tuna,12,2,moderate,Moderate confidence,99.0,89.1,99.9,10.8,62.3,55.2,43.8,well above typical,86.1,86.2,workable,1.0,0.85,0.665,0.955,0.866,0.1,1.35,"pressure,front,chl",71.03,2.79,1.18,0.579,First Quarter,model-blended conditions + exact tide/moon,True,10.8,9.9,3.0,True,True,False
2026-10-20,coronados,Coronado Islands,offshore,yellowfin_tuna,Yellowfin Tuna,tuna,13,2,moderate,Moderate confidence,99.0,80.5,99.9,19.4,61.5,54.3,44.7,well above typical,86.1,86.2,workable,1.0,0.85,0.763,0.932,0.866,0.0,1.35,"pressure,front,chl",70.68,2.56,3.94,0.673,Waxing Gibbous,model-blended conditions + exact tide/moon,True,19.4,18.5,3.0,True,True,False
2026-10-21,coronados,Coronado Islands,offshore,yellowfin_tuna,Yellowfin Tuna,tuna,14,2,moderate,Moderate confidence,99.0,72.5,99.9,27.4,60.5,53.5,45.5,well above typical,86.2,86.2,workable,1.0,0.85,0.785,0.909,0.866,-1.7,1.35,"pressure,front,chl",70.36,2.35,4.27,0.762,Waxing Gibbous,model-blended conditions + exact tide/moon,True,27.4,26.5,3.0,True,True,False
2026-10-22,coronados,Coronado Islands,offshore,yellowfin_tuna,Yellowfin Tuna,tuna,15,3,outlook,Outlook / trend only,98.9,59.1,99.9,40.8,59.5,52.5,46.4,well above typical,,86.2,climatological sea state,0.997,0.85,0.809,0.889,0.867,-2.5,1.337,"pressure,front,chl",69.99,2.08,4.66,0.844,Waxing Gibbous,climatology + ENSO analog + exact tide/moon,True,40.8,39.8,3.0,True,True,False
2026-10-23,coronados,Coronado Islands,offshore,yellowfin_tuna,Yellowfin Tuna,tuna,16,3,outlook,Outlook / trend only,98.0,52.2,99.9,47.7,58.2,51.5,46.5,well above typical,,86.2,climatological sea state,0.927,0.85,0.832,0.872,0.866,,1.311,"pressure,front,chl",69.7,1.92,5.08,0.912,Waxing Gibbous,climatology + ENSO analog + exact tide/moon,True,47.7,45.8,3.0,True,True,False
2026-10-24,coronados,Coronado Islands,offshore,yellowfin_tuna,Yellowfin Tuna,tuna,17,3,outlook,Outlook / trend only,96.5,45.7,99.9,54.2,56.7,50.1,46.4,well above typical,,86.3,climatological sea state,0.854,0.85,0.879,0.859,0.868,,1.288,"pressure,front,chl",69.41,1.78,6.12,0.964,Waxing Gibbous,climatology + ENSO analog + exact tide/moon,True,54.2,50.8,3.4,False,False,False
2026-10-25,coronados,Coronado Islands,offshore,yellowfin_tuna,Yellowfin Tuna,tuna,18,3,outlook,Outlook / trend only,94.3,39.5,99.9,60.4,55.3,48.8,45.5,well above typical,,86.6,climatological sea state,0.79,0.85,0.904,0.852,0.87,,1.267,"pressure,front,chl",69.14,1.65,7.03,0.994,Full,climatology + ENSO analog + exact tide/moon,True,60.4,54.8,5.6,False,False,False
2026-10-26,coronados,Coronado Islands,offshore,yellowfin_tuna,Yellowfin Tuna,tuna,19,3,outlook,Outlook / trend only,91.0,32.8,99.9,67.1,53.8,47.5,43.5,well above typical,,86.6,climatological sea state,0.73,0.85,0.912,0.85,0.871,,1.249,"pressure,front,chl",68.9,1.54,7.65,0.999,Full,climatology + ENSO analog + exact tide/moon,True,67.1,58.2,8.9,False,False,False
2026-10-27,coronados,Coronado Islands,offshore,yellowfin_tuna,Yellowfin Tuna,tuna,20,3,outlook,Outlook / trend only,86.7,25.3,99.9,74.6,52.2,46.0,40.7,well above typical,,86.6,climatological sea state,0.674,0.85,0.911,0.856,0.872,,1.233,"pressure,front,chl",68.67,1.44,7.87,0.976,Full,climatology + ENSO analog + exact tide/moon,True,74.6,61.4,13.2,False,False,False
2026-10-28,coronados,Coronado Islands,offshore,yellowfin_tuna,Yellowfin Tuna,tuna,21,3,outlook,Outlook / trend only,82.6,15.5,99.9,84.4,50.5,44.4,38.2,well above typical,,86.9,climatological sea state,0.617,0.85,0.903,0.868,0.874,,1.219,"pressure,front,chl",68.44,1.35,7.69,0.927,Waning Gibbous,climatology + ENSO analog + exact tide/moon,True,84.4,67.1,17.3,False,False,False
2026-10-29,coronados,Coronado Islands,offshore,yellowfin_tuna,Yellowfin Tuna,tuna,22,3,outlook,Outlook / trend only,78.6,4.9,99.9,95.0,48.4,42.5,36.1,well above typical,,87.1,climatological sea state,0.562,0.85,0.889,0.886,0.876,,1.206,"pressure,front,chl",68.21,1.27,7.14,0.854,Waning Gibbous,climatology + ENSO analog + exact tide/moon,True,95.0,73.7,21.3,False,False,False
2026-10-30,coronados,Coronado Islands,offshore,yellowfin_tuna,Yellowfin Tuna,tuna,23,3,outlook,Outlook / trend only,74.9,1.2,99.9,98.7,46.4,40.7,34.2,well above typical,,87.2,climatological sea state,0.513,0.85,0.87,0.91,0.877,,1.196,"pressure,front,chl",68.01,1.21,6.38,0.761,Waning Gibbous,climatology + ENSO analog + exact tide/moon,True,95.4,73.7,25.0,True,False,False
2026-10-31,coronados,Coronado Islands,offshore,yellowfin_tuna,Yellowfin Tuna,tuna,24,3,outlook,Outlook / trend only,71.5,1.0,99.9,98.9,44.3,38.9,32.6,well above typical,,87.2,climatological sea state,0.47,0.85,0.835,0.936,0.877,,1.186,"pressure,front,chl",67.84,1.15,5.63,0.655,Waning Gibbous,climatology + ENSO analog + exact tide/moon,True,95.7,73.7,28.4,True,False,True
2026-11-01,coronados,Coronado Islands,offshore,yellowfin_tuna,Yellowfin Tuna,tuna,25,3,outlook,Outlook / trend only,70.9,1.0,99.9,98.9,38.6,33.9,37.0,well above typical,,86.9,climatological sea state,0.538,0.5,0.814,0.964,0.874,,1.249,"pressure,front,chl",68.11,1.54,5.1,0.543,Last Quarter,climatology + ENSO analog + exact tide/moon,True,96.4,73.7,29.0,True,False,True
2026-11-02,coronados,Coronado Islands,offshore,yellowfin_tuna,Yellowfin Tuna,tuna,26,3,outlook,Outlook / trend only,67.9,1.0,99.9,98.9,36.2,31.8,36.1,well above typical,,86.7,climatological sea state,0.498,0.5,0.808,0.958,0.872,,1.243,"pressure,front,chl",67.95,1.5,4.83,0.43,Last Quarter,climatology + ENSO analog + exact tide/moon,True,96.7,73.7,32.0,True,False,True
2026-11-03,coronados,Coronado Islands,offshore,yellowfin_tuna,Yellowfin Tuna,tuna,27,3,outlook,Outlook / trend only,64.6,1.0,99.9,98.9,32.6,28.8,35.8,well above typical,,86.6,climatological sea state,0.455,0.5,0.807,0.93,0.872,,1.237,"pressure,front,chl",67.78,1.46,4.66,0.322,Last Quarter,climatology + ENSO analog + exact tide/moon,True,96.9,73.7,35.3,True,False,True
2026-11-04,coronados,Coronado Islands,offshore,yellowfin_tuna,Yellowfin Tuna,tuna,28,3,outlook,Outlook / trend only,61.6,1.0,99.9,98.9,28.6,25.3,36.3,well above typical,,86.6,climatological sea state,0.415,0.5,0.824,0.906,0.871,,1.232,"pressure,front,chl",67.61,1.43,4.92,0.226,Waning Crescent,climatology + ENSO analog + exact tide/moon,True,97.2,73.7,38.3,True,False,True
2026-11-05,coronados,Coronado Islands,offshore,yellowfin_tuna,Yellowfin Tuna,tuna,29,3,outlook,Outlook / trend only,54.9,1.0,99.9,98.9,23.0,20.2,34.7,well above typical,,86.6,climatological sea state,0.34,0.5,0.841,0.886,0.871,,1.204,"pressure,front,chl",67.31,1.26,5.27,0.144,Waning Crescent,climatology + ENSO analog + exact tide/moon,True,97.7,73.7,45.0,True,False,True
2026-11-06,coronados,Coronado Islands,offshore,yellowfin_tuna,Yellowfin Tuna,tuna,30,3,outlook,Outlook / trend only,51.7,1.0,99.9,98.9,19.7,17.4,34.3,well above typical,,86.6,climatological sea state,0.301,0.5,0.878,0.87,0.87,,1.199,"pressure,front,chl",67.15,1.23,6.13,0.079,Waning Crescent,climatology + ENSO analog + exact tide/moon,True,98.0,73.7,48.2,True,False,True
2026-10-14,coronados,Coronado Islands,offshore,yellowtail,California Yellowtail,pelagic,7,2,moderate,Moderate confidence,88.7,77.1,95.4,18.3,73.9,64.9,23.8,well above typical,80.6,87.1,workable,0.787,0.75,0.604,0.886,0.806,0.3,1.35,"pressure,front,chl",73.31,4.55,5.22,0.143,Waxing Crescent,model-blended conditions + exact tide/moon,True,18.3,11.6,6.7,False,False,False
2026-10-15,coronados,Coronado Islands,offshore,yellowtail,California Yellowtail,pelagic,8,2,moderate,Moderate confidence,93.0,81.4,99.7,18.3,73.8,64.9,28.1,well above typical,82.3,87.0,workable,0.874,0.75,0.601,0.904,0.824,0.5,1.35,"pressure,front,chl",72.77,4.1,4.5,0.217,Waxing Crescent,model-blended conditions + exact tide/moon,True,14.1,11.6,6.7,True,False,False
2026-10-16,coronados,Coronado Islands,offshore,yellowtail,California Yellowtail,pelagic,9,2,moderate,Moderate confidence,88.4,76.8,95.1,18.3,73.5,64.8,23.6,well above typical,70.1,86.6,workable,0.956,0.75,0.622,0.925,0.871,-1.5,1.334,"pressure,front,chl",72.27,3.71,3.84,0.3,Waxing Crescent,model-blended conditions + exact tide/moon,True,13.1,11.6,6.7,True,False,False
2026-10-17,coronados,Coronado Islands,offshore,yellowtail,California Yellowtail,pelagic,10,2,moderate,Moderate confidence,96.5,84.9,99.9,15.0,73.4,64.8,31.7,well above typical,86.4,86.4,workable,1.0,0.75,0.655,0.948,0.869,3.5,1.303,"pressure,front,chl",71.8,3.37,3.44,0.39,First Quarter,model-blended conditions + exact tide/moon,True,12.2,11.6,6.7,True,True,False
2026-10-18,coronados,Coronado Islands,offshore,yellowtail,California Yellowtail,pelagic,11,2,moderate,Moderate confidence,95.4,83.8,99.9,16.1,73.4,64.8,30.6,well above typical,86.3,86.3,workable,1.0,0.75,0.634,0.971,0.868,1.0,1.275,"pressure,front,chl",71.4,3.06,3.4,0.484,First Quarter,model-blended conditions + exact tide/moon,True,14.3,11.6,6.7,True,True,False
2026-10-19,coronados,Coronado Islands,offshore,yellowtail,California Yellowtail,pelagic,12,2,moderate,Moderate confidence,88.0,74.6,94.7,20.1,73.2,64.8,23.2,well above typical,86.1,86.2,workable,1.0,0.75,0.398,0.955,0.866,0.1,1.251,"pressure,front,chl",71.03,2.79,1.18,0.579,First Quarter,model-blended conditions + exact tide/moon,True,19.4,13.4,6.7,True,False,False
2026-10-20,coronados,Coronado Islands,offshore,yellowtail,California Yellowtail,pelagic,13,2,moderate,Moderate confidence,91.2,76.8,98.4,21.6,73.2,64.8,26.4,well above typical,86.1,86.2,workable,1.0,0.75,0.541,0.932,0.866,0.0,1.23,"pressure,front,chl",70.68,2.56,3.94,0.673,Waxing Gibbous,model-blended conditions + exact tide/moon,True,21.6,14.4,7.2,False,False,False
2026-10-21,coronados,Coronado Islands,offshore,yellowtail,California Yellowtail,pelagic,14,2,moderate,Moderate confidence,91.1,76.1,99.6,23.5,73.2,64.8,26.3,well above typical,86.2,86.2,workable,1.0,0.75,0.593,0.909,0.866,-1.7,1.212,"pressure,front,chl",70.36,2.35,4.27,0.762,Waxing Gibbous,model-blended conditions + exact tide/moon,True,23.5,15.0,8.5,False,False,False
2026-10-22,coronados,Coronado Islands,offshore,yellowtail,California Yellowtail,pelagic,15,3,outlook,Outlook / trend only,90.6,71.0,99.9,28.9,73.3,64.8,25.8,well above typical,,86.2,climatological sea state,1.0,0.75,0.647,0.889,0.867,-2.5,1.187,"pressure,front,chl",69.99,2.08,4.66,0.844,Waxing Gibbous,climatology + ENSO analog + exact tide/moon,True,28.9,19.6,9.3,False,False,False
2026-10-23,coronados,Coronado Islands,offshore,yellowtail,California Yellowtail,pelagic,16,3,outlook,Outlook / trend only,90.7,70.6,99.9,29.3,73.2,64.8,25.9,well above typical,,86.2,climatological sea state,1.0,0.75,0.702,0.872,0.866,,1.173,"pressure,front,chl",69.7,1.92,5.08,0.912,Waxing Gibbous,climatology + ENSO analog + exact tide/moon,True,29.3,20.1,9.3,True,True,False
2026-10-24,coronados,Coronado Islands,offshore,yellowtail,California Yellowtail,pelagic,17,3,outlook,Outlook / trend only,87.9,67.7,99.9,32.2,73.4,64.8,23.1,well above typical,,86.3,climatological sea state,1.0,0.75,0.625,0.859,0.868,,1.16,"pressure,front,chl",69.41,1.78,6.12,0.964,Waxing Gibbous,climatology + ENSO analog + exact tide/moon,True,32.2,20.2,12.0,False,False,False
2026-10-25,coronados,Coronado Islands,offshore,yellowtail,California Yellowtail,pelagic,18,3,outlook,Outlook / trend only,87.5,67.0,99.9,32.9,73.5,64.8,22.7,well above typical,,86.6,climatological sea state,1.0,0.75,0.638,0.852,0.87,,1.149,"pressure,front,chl",69.14,1.65,7.03,0.994,Full,climatology + ENSO analog + exact tide/moon,True,32.9,20.5,12.4,False,False,False
2026-10-26,coronados,Coronado Islands,offshore,yellowtail,California Yellowtail,pelagic,19,3,outlook,Outlook / trend only,86.9,65.9,99.9,34.0,73.5,64.8,22.1,well above typical,,86.6,climatological sea state,1.0,0.75,0.643,0.85,0.871,,1.139,"pressure,front,chl",68.9,1.54,7.65,0.999,Full,climatology + ENSO analog + exact tide/moon,True,34.0,21.0,13.0,False,False,False
2026-10-27,coronados,Coronado Islands,offshore,yellowtail,California Yellowtail,pelagic,20,3,outlook,Outlook / trend only,86.8,65.2,99.9,34.7,73.6,64.8,22.0,well above typical,,86.6,climatological sea state,1.0,0.75,0.663,0.856,0.872,,1.13,"pressure,front,chl",68.67,1.44,7.87,0.976,Full,climatology + ENSO analog + exact tide/moon,True,34.7,21.6,13.1,False,False,False
2026-10-28,coronados,Coronado Islands,offshore,yellowtail,California Yellowtail,pelagic,21,3,outlook,Outlook / trend only,87.0,64.6,99.9,35.3,73.7,64.9,22.1,well above typical,,86.9,climatological sea state,1.0,0.75,0.688,0.868,0.874,,1.121,"pressure,front,chl",68.44,1.35,7.69,0.927,Waning Gibbous,climatology + ENSO analog + exact tide/moon,True,35.3,22.4,13.1,True,True,False
2026-10-29,coronados,Coronado Islands,offshore,yellowtail,California Yellowtail,pelagic,22,3,outlook,Outlook / trend only,87.5,64.4,99.9,35.5,73.9,64.9,22.6,well above typical,,87.1,climatological sea state,1.0,0.75,0.723,0.886,0.876,,1.114,"pressure,front,chl",68.21,1.27,7.14,0.854,Waning Gibbous,climatology + ENSO analog + exact tide/moon,True,35.5,23.1,13.1,True,True,False
2026-10-30,coronados,Coronado Islands,offshore,yellowtail,California Yellowtail,pelagic,23,3,outlook,Outlook / trend only,88.3,64.3,99.9,35.6,73.9,64.9,23.4,well above typical,,87.2,climatological sea state,1.0,0.75,0.769,0.91,0.877,,1.109,"pressure,front,chl",68.01,1.21,6.38,0.761,Waning Gibbous,climatology + ENSO analog + exact tide/moon,True,35.6,24.0,13.1,True,True,False
2026-10-31,coronados,Coronado Islands,offshore,yellowtail,California Yellowtail,pelagic,24,3,outlook,Outlook / trend only,88.4,63.7,99.9,36.2,73.9,64.9,23.5,well above typical,,87.2,climatological sea state,1.0,0.75,0.786,0.936,0.877,,1.103,"pressure,front,chl",67.84,1.15,5.63,0.655,Waning Gibbous,climatology + ENSO analog + exact tide/moon,True,36.2,24.7,13.1,True,True,False
2026-11-01,coronados,Coronado Islands,offshore,yellowtail,California Yellowtail,pelagic,25,3,outlook,Outlook / trend only,82.4,57.7,99.9,42.2,68.5,60.3,22.1,well above typical,,86.9,climatological sea state,1.0,0.5,0.753,0.964,0.874,,1.139,"pressure,front,chl",68.11,1.54,5.1,0.543,Last Quarter,climatology + ENSO analog + exact tide/moon,True,41.3,24.7,17.5,True,False,False
2026-11-02,coronados,Coronado Islands,offshore,yellowtail,California Yellowtail,pelagic,26,3,outlook,Outlook / trend only,80.4,55.7,99.9,44.2,68.4,60.3,20.1,well above typical,,86.7,climatological sea state,1.0,0.5,0.679,0.958,0.872,,1.135,"pressure,front,chl",67.95,1.5,4.83,0.43,Last Quarter,climatology + ENSO analog + exact tide/moon,True,43.3,24.7,19.5,True,False,False
2026-11-03,coronados,Coronado Islands,offshore,yellowtail,California Yellowtail,pelagic,27,3,outlook,Outlook / trend only,77.1,52.4,98.8,46.4,68.4,60.3,16.8,well above typical,,86.6,climatological sea state,1.0,0.5,0.552,0.93,0.872,,1.131,"pressure,front,chl",67.78,1.46,4.66,0.322,Last Quarter,climatology + ENSO analog + exact tide/moon,True,45.3,24.7,21.7,True,False,False
2026-11-04,coronados,Coronado Islands,offshore,yellowtail,California Yellowtail,pelagic,28,3,outlook,Outlook / trend only,78.0,53.3,99.8,46.5,68.3,60.3,17.7,well above typical,,86.6,climatological sea state,1.0,0.5,0.607,0.906,0.871,,1.129,"pressure,front,chl",67.61,1.43,4.92,0.226,Waning Crescent,climatology + ENSO analog + exact tide/moon,True,46.2,24.7,21.8,True,False,False
2026-11-05,coronados,Coronado Islands,offshore,yellowtail,California Yellowtail,pelagic,29,3,outlook,Outlook / trend only,78.0,52.8,99.9,47.1,68.4,60.3,17.7,well above typical,,86.6,climatological sea state,1.0,0.5,0.661,0.886,0.871,,1.113,"pressure,front,chl",67.31,1.26,5.27,0.144,Waning Crescent,climatology + ENSO analog + exact tide/moon,True,47.1,25.2,21.9,False,False,False
2026-11-06,coronados,Coronado Islands,offshore,yellowtail,California Yellowtail,pelagic,30,3,outlook,Outlook / trend only,77.4,51.6,99.9,48.3,68.3,60.3,17.1,well above typical,,86.6,climatological sea state,1.0,0.5,0.649,0.87,0.87,,1.111,"pressure,front,chl",67.15,1.23,6.13,0.079,Waning Crescent,climatology + ENSO analog + exact tide/moon,True,48.3,25.8,22.5,False,False,False
2026-10-14,cortez_tanner,Cortez & Tanner Bank,offshore,bluefin_tuna,Pacific Bluefin Tuna,tuna,7,2,moderate,Moderate confidence,55.1,48.9,58.1,9.2,54.9,54.9,0.2,near typical,26.8,60.0,"20 kt wind, 6.6 ft seas, long-range run",1.0,0.8,0.821,0.857,0.633,0.2,1.285,"pressure,front,chl",70.84,3.96,5.22,0.143,Waxing Crescent,model-blended conditions + exact tide/moon,True,9.2,6.2,3.0,False,False,False
2026-10-15,cortez_tanner,Cortez & Tanner Bank,offshore,bluefin_tuna,Pacific Bluefin Tuna,tuna,8,2,moderate,Moderate confidence,73.4,65.7,78.9,13.2,54.8,54.8,18.6,well above typical,57.9,59.8,"6.6 ft seas, long-range run",1.0,0.8,0.782,0.783,0.636,-0.1,1.254,"pressure,front,chl",70.34,3.53,4.5,0.217,Waxing Crescent,model-blended conditions + exact tide/moon,True,13.2,7.7,5.5,False,False,False
2026-10-16,cortez_tanner,Cortez & Tanner Bank,offshore,bluefin_tuna,Pacific Bluefin Tuna,tuna,9,2,moderate,Moderate confidence,63.8,56.1,70.9,14.8,54.7,54.7,9.1,well above typical,46.7,59.6,"6.4 ft seas, long-range run",1.0,0.8,0.747,0.7,0.657,-2.0,1.226,"pressure,front,chl",69.91,3.14,3.84,0.3,Waxing Crescent,model-blended conditions + exact tide/moon,True,14.5,7.7,7.1,True,False,False
2026-10-17,cortez_tanner,Cortez & Tanner Bank,offshore,bluefin_tuna,Pacific Bluefin Tuna,tuna,10,2,moderate,Moderate confidence,66.0,58.1,73.8,15.7,54.9,54.9,11.1,well above typical,54.5,60.0,"6.3 ft seas, long-range run",1.0,0.8,0.727,0.61,0.662,4.1,1.202,"pressure,front,chl",69.53,2.81,3.44,0.39,First Quarter,model-blended conditions + exact tide/moon,True,15.7,7.9,7.8,False,False,False
2026-10-18,cortez_tanner,Cortez & Tanner Bank,offshore,bluefin_tuna,Pacific Bluefin Tuna,tuna,11,2,moderate,Moderate confidence,66.2,58.1,74.4,16.3,54.8,54.8,11.4,well above typical,59.8,59.8,"6.3 ft seas, long-range run",1.0,0.8,0.732,0.516,0.66,2.1,1.181,"pressure,front,chl",69.19,2.51,3.4,0.484,First Quarter,model-blended conditions + exact tide/moon,True,16.3,8.1,8.2,False,False,False
2026-10-19,cortez_tanner,Cortez & Tanner Bank,offshore,bluefin_tuna,Pacific Bluefin Tuna,tuna,12,2,moderate,Moderate confidence,65.8,57.4,74.2,16.8,54.7,54.7,11.1,well above typical,59.6,59.6,"6.4 ft seas, long-range run",1.0,0.8,0.665,0.579,0.658,0.0,1.162,"pressure,front,chl",68.87,2.25,1.18,0.579,First Quarter,model-blended conditions + exact tide/moon,True,16.8,8.4,8.4,False,False,False
2026-10-20,cortez_tanner,Cortez & Tanner Bank,offshore,bluefin_tuna,Pacific Bluefin Tuna,tuna,13,2,moderate,Moderate confidence,67.0,58.3,75.7,17.4,54.7,54.7,12.3,well above typical,59.7,59.7,"6.4 ft seas, long-range run",1.0,0.8,0.763,0.673,0.658,0.0,1.145,"pressure,front,chl",68.61,2.02,3.94,0.673,Waxing Gibbous,model-blended conditions + exact tide/moon,True,17.4,8.7,8.7,False,False,False
2026-10-21,cortez_tanner,Cortez & Tanner Bank,offshore,bluefin_tuna,Pacific Bluefin Tuna,tuna,14,2,moderate,Moderate confidence,67.8,58.8,76.9,18.1,54.9,54.9,12.9,well above typical,60.0,60.0,"6.3 ft seas, long-range run",1.0,0.8,0.785,0.762,0.662,-1.8,1.13,"pressure,front,chl",68.36,1.81,4.27,0.762,Waxing Gibbous,model-blended conditions + exact tide/moon,True,18.1,9.0,9.1,False,False,False
2026-10-22,cortez_tanner,Cortez & Tanner Bank,offshore,bluefin_tuna,Pacific Bluefin Tuna,tuna,15,3,outlook,Outlook / trend only,67.7,54.5,80.9,26.4,54.8,54.8,12.9,well above typical,,59.8,climatological sea state,1.0,0.8,0.809,0.844,0.659,-2.5,1.112,"pressure,front,chl",68.06,1.55,4.66,0.844,Waxing Gibbous,climatology + ENSO analog + exact tide/moon,True,26.4,13.2,13.2,False,False,False
2026-10-23,cortez_tanner,Cortez & Tanner Bank,offshore,bluefin_tuna,Pacific Bluefin Tuna,tuna,16,3,outlook,Outlook / trend only,67.9,54.5,81.4,26.9,54.8,54.8,13.1,well above typical,,59.8,climatological sea state,1.0,0.8,0.832,0.912,0.66,,1.1,"pressure,front,chl",67.83,1.39,5.08,0.912,Waxing Gibbous,climatology + ENSO analog + exact tide/moon,True,26.9,13.4,13.5,False,False,False
2026-10-24,cortez_tanner,Cortez & Tanner Bank,offshore,bluefin_tuna,Pacific Bluefin Tuna,tuna,17,3,outlook,Outlook / trend only,68.3,54.5,82.0,27.5,54.9,54.9,13.4,well above typical,,59.9,climatological sea state,1.0,0.8,0.879,0.964,0.661,,1.09,"pressure,front,chl",67.62,1.25,6.12,0.964,Waxing Gibbous,climatology + ENSO analog + exact tide/moon,True,27.5,13.8,13.7,False,False,False
2026-10-25,cortez_tanner,Cortez & Tanner Bank,offshore,bluefin_tuna,Pacific Bluefin Tuna,tuna,18,3,outlook,Outlook / trend only,68.4,54.3,82.5,28.2,55.1,55.1,13.3,well above typical,,60.2,climatological sea state,1.0,0.8,0.904,0.994,0.664,,1.081,"pressure,front,chl",67.41,1.13,7.03,0.994,Full,climatology + ENSO analog + exact tide/moon,True,28.2,14.1,14.1,False,False,False
2026-10-26,cortez_tanner,Cortez & Tanner Bank,offshore,bluefin_tuna,Pacific Bluefin Tuna,tuna,19,3,outlook,Outlook / trend only,68.1,53.7,82.5,28.8,55.1,55.1,13.0,well above typical,,60.3,climatological sea state,1.0,0.8,0.912,0.999,0.666,,1.073,"pressure,front,chl",67.2,1.02,7.65,0.999,Full,climatology + ENSO analog + exact tide/moon,True,28.8,14.4,14.4,False,False,False
2026-10-27,cortez_tanner,Cortez & Tanner Bank,offshore,bluefin_tuna,Pacific Bluefin Tuna,tuna,20,3,outlook,Outlook / trend only,67.5,52.7,82.3,29.6,55.2,55.2,12.3,well above typical,,60.4,climatological sea state,1.0,0.8,0.911,0.976,0.667,,1.066,"pressure,front,chl",66.99,0.92,7.87,0.976,Full,climatology + ENSO analog + exact tide/moon,True,29.6,14.8,14.8,False,False,False
2026-10-28,cortez_tanner,Cortez & Tanner Bank,offshore,bluefin_tuna,Pacific Bluefin Tuna,tuna,21,3,outlook,Outlook / trend only,66.5,51.4,81.6,30.2,55.2,55.2,11.3,well above typical,,60.3,climatological sea state,1.0,0.8,0.903,0.927,0.666,,1.06,"pressure,front,chl",66.78,0.84,7.69,0.927,Waning Gibbous,climatology + ENSO analog + exact tide/moon,True,30.2,15.1,15.1,False,False,False
2026-10-29,cortez_tanner,Cortez & Tanner Bank,offshore,bluefin_tuna,Pacific Bluefin Tuna,tuna,22,3,outlook,Outlook / trend only,65.1,49.7,80.4,30.7,55.0,55.0,10.1,well above typical,,60.1,climatological sea state,1.0,0.8,0.889,0.854,0.664,,1.055,"pressure,front,chl",66.59,0.76,7.14,0.854,Waning Gibbous,climatology + ENSO analog + exact tide/moon,True,30.7,15.4,15.3,False,False,False
2026-10-30,cortez_tanner,Cortez & Tanner Bank,offshore,bluefin_tuna,Pacific Bluefin Tuna,tuna,23,3,outlook,Outlook / trend only,63.7,47.9,79.4,31.5,55.1,55.1,8.6,well above typical,,60.3,climatological sea state,1.0,0.8,0.87,0.761,0.665,,1.05,"pressure,front,chl",66.43,0.7,6.38,0.761,Waning Gibbous,climatology + ENSO analog + exact tide/moon,True,31.5,15.8,15.7,False,False,False
2026-10-31,cortez_tanner,Cortez & Tanner Bank,offshore,bluefin_tuna,Pacific Bluefin Tuna,tuna,24,3,outlook,Outlook / trend only,61.6,45.5,77.6,32.1,54.9,54.9,6.7,above typical,,60.0,climatological sea state,1.0,0.8,0.835,0.655,0.662,,1.046,"pressure,front,chl",66.27,0.64,5.63,0.655,Waning Gibbous,climatology + ENSO analog + exact tide/moon,True,32.1,16.1,16.0,False,False,False
2026-11-01,cortez_tanner,Cortez & Tanner Bank,offshore,bluefin_tuna,Pacific Bluefin Tuna,tuna,25,3,outlook,Outlook / trend only,57.0,40.9,73.0,32.1,52.5,52.5,4.5,above typical,,59.5,climatological sea state,1.0,0.6,0.814,0.543,0.656,,1.072,"pressure,front,chl",66.53,1.0,5.1,0.543,Last Quarter,climatology + ENSO analog + exact tide/moon,True,31.5,16.1,16.0,True,False,False
2026-11-02,cortez_tanner,Cortez & Tanner Bank,offshore,bluefin_tuna,Pacific Bluefin Tuna,tuna,26,3,outlook,Outlook / trend only,57.3,41.0,73.6,32.6,52.5,52.5,4.8,above typical,,59.6,climatological sea state,1.0,0.6,0.808,0.57,0.657,,1.068,"pressure,front,chl",66.39,0.95,4.83,0.43,Last Quarter,climatology + ENSO analog + exact tide/moon,True,32.6,16.3,16.3,False,False,False
2026-11-03,cortez_tanner,Cortez & Tanner Bank,offshore,bluefin_tuna,Pacific Bluefin Tuna,tuna,27,3,outlook,Outlook / trend only,58.6,41.6,75.7,34.1,52.4,52.4,6.2,above typical,,59.4,climatological sea state,1.0,0.6,0.807,0.678,0.655,,1.066,"pressure,front,chl",66.26,0.92,4.66,0.322,Last Quarter,climatology + ENSO analog + exact tide/moon,True,34.1,17.0,17.1,False,False,False
2026-11-04,cortez_tanner,Cortez & Tanner Bank,offshore,bluefin_tuna,Pacific Bluefin Tuna,tuna,28,3,outlook,Outlook / trend only,59.0,41.5,76.5,35.0,51.8,51.8,7.2,above typical,,58.4,climatological sea state,1.0,0.6,0.824,0.774,0.643,,1.064,"pressure,front,chl",66.12,0.89,4.92,0.226,Waning Crescent,climatology + ENSO analog + exact tide/moon,True,35.0,17.5,17.5,False,False,False
2026-11-05,cortez_tanner,Cortez & Tanner Bank,offshore,bluefin_tuna,Pacific Bluefin Tuna,tuna,29,3,outlook,Outlook / trend only,58.2,40.4,76.1,35.7,51.0,51.0,7.2,above typical,,57.1,climatological sea state,1.0,0.6,0.841,0.856,0.626,,1.052,"pressure,front,chl",65.84,0.72,5.27,0.144,Waning Crescent,climatology + ENSO analog + exact tide/moon,True,35.7,17.8,17.9,False,False,False
2026-11-06,cortez_tanner,Cortez & Tanner Bank,offshore,bluefin_tuna,Pacific Bluefin Tuna,tuna,30,3,outlook,Outlook / trend only,58.7,40.4,77.0,36.6,50.8,50.8,7.9,above typical,,56.8,climatological sea state,1.0,0.6,0.878,0.921,0.622,,1.05,"pressure,front,chl",65.71,0.69,6.13,0.079,Waning Crescent,climatology + ENSO analog + exact tide/moon,True,36.6,18.3,18.3,False,False,False
2026-10-14,cortez_tanner,Cortez & Tanner Bank,offshore,dorado,Dorado (Mahi-Mahi),tuna,7,2,moderate,Moderate confidence,51.7,38.0,63.5,25.5,14.4,14.4,37.3,well above typical,26.8,60.0,"20 kt wind, 6.6 ft seas, long-range run",0.715,0.8,0.821,0.886,0.633,0.2,1.35,"pressure,front,chl",70.84,3.96,5.22,0.143,Waxing Crescent,model-blended conditions + exact tide/moon,True,25.5,13.7,11.8,False,False,False
2026-10-15,cortez_tanner,Cortez & Tanner Bank,offshore,dorado,Dorado (Mahi-Mahi),tuna,8,2,moderate,Moderate confidence,65.1,44.5,82.1,37.6,14.4,14.4,50.7,well above typical,57.9,59.8,"6.6 ft seas, long-range run",0.594,0.8,0.782,0.904,0.636,-0.1,1.35,"pressure,front,chl",70.34,3.53,4.5,0.217,Waxing Crescent,model-blended conditions + exact tide/moon,True,37.6,20.6,17.0,False,False,False
2026-10-16,cortez_tanner,Cortez & Tanner Bank,offshore,dorado,Dorado (Mahi-Mahi),tuna,9,2,moderate,Moderate confidence,53.3,30.9,70.6,39.7,14.4,14.4,38.9,well above typical,46.7,59.6,"6.4 ft seas, long-range run",0.489,0.8,0.747,0.925,0.657,-2.0,1.35,"pressure,front,chl",69.91,3.14,3.84,0.3,Waxing Crescent,model-blended conditions + exact tide/moon,True,39.7,22.4,17.3,False,False,False
2026-10-17,cortez_tanner,Cortez & Tanner Bank,offshore,dorado,Dorado (Mahi-Mahi),tuna,10,2,moderate,Moderate confidence,51.6,21.1,72.1,51.0,14.4,14.4,37.2,well above typical,54.5,60.0,"6.3 ft seas, long-range run",0.396,0.8,0.727,0.948,0.662,4.1,1.35,"pressure,front,chl",69.53,2.81,3.44,0.39,First Quarter,model-blended conditions + exact tide/moon,True,51.0,30.5,20.5,False,False,False
2026-10-18,cortez_tanner,Cortez & Tanner Bank,offshore,dorado,Dorado (Mahi-Mahi),tuna,11,2,moderate,Moderate confidence,47.9,7.8,71.6,63.8,14.4,14.4,33.5,well above typical,59.8,59.8,"6.3 ft seas, long-range run",0.311,0.8,0.732,0.971,0.66,2.1,1.35,"pressure,front,chl",69.19,2.51,3.4,0.484,First Quarter,model-blended conditions + exact tide/moon,True,63.8,40.1,23.7,False,False,False
2026-10-19,cortez_tanner,Cortez & Tanner Bank,offshore,dorado,Dorado (Mahi-Mahi),tuna,12,2,moderate,Moderate confidence,41.1,1.0,67.4,66.4,14.4,14.4,26.7,well above typical,59.6,59.6,"6.4 ft seas, long-range run",0.234,0.8,0.665,0.955,0.658,0.0,1.35,"pressure,front,chl",68.87,2.25,1.18,0.579,First Quarter,model-blended conditions + exact tide/moon,True,60.2,40.1,26.3,True,False,False
2026-10-20,cortez_tanner,Cortez & Tanner Bank,offshore,dorado,Dorado (Mahi-Mahi),tuna,13,2,moderate,Moderate confidence,34.9,1.0,64.1,63.1,14.4,14.4,20.5,well above typical,59.7,59.7,"6.4 ft seas, long-range run",0.169,0.8,0.763,0.932,0.658,0.0,1.35,"pressure,front,chl",68.61,2.02,3.94,0.673,Waxing Gibbous,model-blended conditions + exact tide/moon,True,57.3,40.1,29.2,True,False,True
2026-10-21,cortez_tanner,Cortez & Tanner Bank,offshore,dorado,Dorado (Mahi-Mahi),tuna,14,2,moderate,Moderate confidence,28.0,1.0,60.9,59.9,14.4,14.4,13.6,well above typical,60.0,60.0,"6.3 ft seas, long-range run",0.109,0.8,0.785,0.909,0.662,-1.8,1.35,"pressure,front,chl",68.36,1.81,4.27,0.762,Waxing Gibbous,model-blended conditions + exact tide/moon,True,54.5,40.1,32.9,True,False,True
2026-10-22,cortez_tanner,Cortez & Tanner Bank,offshore,dorado,Dorado (Mahi-Mahi),tuna,15,3,outlook,Outlook / trend only,15.0,1.0,60.2,59.2,14.4,14.4,0.6,near typical,,59.8,climatological sea state,0.035,0.8,0.809,0.889,0.659,-2.5,1.307,"pressure,front,chl",68.06,1.55,4.66,0.844,Waxing Gibbous,climatology + ENSO analog + exact tide/moon,True,58.4,40.1,45.2,True,False,True
2026-10-23,cortez_tanner,Cortez & Tanner Bank,offshore,dorado,Dorado (Mahi-Mahi),tuna,16,3,outlook,Outlook / trend only,11.0,1.0,56.8,55.8,14.4,14.4,-3.4,below typical,,59.8,climatological sea state,0.02,0.8,0.832,0.872,0.66,,1.275,"pressure,front,chl",67.83,1.39,5.08,0.912,Waxing Gibbous,climatology + ENSO analog + exact tide/moon,True,55.3,40.1,45.8,True,False,True
2026-10-24,cortez_tanner,Cortez & Tanner Bank,offshore,dorado,Dorado (Mahi-Mahi),tuna,17,3,outlook,Outlook / trend only,10.8,1.0,56.6,55.6,14.4,14.4,-3.6,below typical,,59.9,climatological sea state,0.02,0.8,0.879,0.859,0.661,,1.248,"pressure,front,chl",67.62,1.25,6.12,0.964,Waxing Gibbous,climatology + ENSO analog + exact tide/moon,True,52.4,40.1,45.8,True,False,True
2026-10-25,cortez_tanner,Cortez & Tanner Bank,offshore,dorado,Dorado (Mahi-Mahi),tuna,18,3,outlook,Outlook / trend only,10.6,1.0,56.4,55.4,14.5,14.5,-3.9,below typical,,60.2,climatological sea state,0.02,0.8,0.904,0.852,0.664,,1.224,"pressure,front,chl",67.41,1.13,7.03,0.994,Full,climatology + ENSO analog + exact tide/moon,True,49.7,40.1,45.8,True,False,True
2026-10-26,cortez_tanner,Cortez & Tanner Bank,offshore,dorado,Dorado (Mahi-Mahi),tuna,19,3,outlook,Outlook / trend only,10.4,1.0,56.2,55.2,14.5,14.5,-4.1,below typical,,60.3,climatological sea state,0.02,0.8,0.912,0.85,0.666,,1.202,"pressure,front,chl",67.2,1.02,7.65,0.999,Full,climatology + ENSO analog + exact tide/moon,True,46.6,40.1,45.8,True,False,True
2026-10-27,cortez_tanner,Cortez & Tanner Bank,offshore,dorado,Dorado (Mahi-Mahi),tuna,20,3,outlook,Outlook / trend only,10.3,1.0,56.1,55.1,14.5,14.5,-4.2,below typical,,60.4,climatological sea state,0.02,0.8,0.911,0.856,0.667,,1.182,"pressure,front,chl",66.99,0.92,7.87,0.976,Full,climatology + ENSO analog + exact tide/moon,True,43.5,40.1,45.8,True,False,True
2026-10-28,cortez_tanner,Cortez & Tanner Bank,offshore,dorado,Dorado (Mahi-Mahi),tuna,21,3,outlook,Outlook / trend only,10.1,1.0,55.9,54.9,14.5,14.5,-4.4,below typical,,60.3,climatological sea state,0.02,0.8,0.903,0.868,0.666,,1.166,"pressure,front,chl",66.78,0.84,7.69,0.927,Waning Gibbous,climatology + ENSO analog + exact tide/moon,True,40.4,40.1,45.8,True,False,True
2026-10-29,cortez_tanner,Cortez & Tanner Bank,offshore,dorado,Dorado (Mahi-Mahi),tuna,22,3,outlook,Outlook / trend only,10.0,1.0,55.8,54.8,14.5,14.5,-4.5,below typical,,60.1,climatological sea state,0.02,0.8,0.889,0.886,0.664,,1.15,"pressure,front,chl",66.59,0.76,7.14,0.854,Waning Gibbous,climatology + ENSO analog + exact tide/moon,True,37.6,40.1,45.8,True,False,True
2026-10-30,cortez_tanner,Cortez & Tanner Bank,offshore,dorado,Dorado (Mahi-Mahi),tuna,23,3,outlook,Outlook / trend only,9.9,1.0,55.7,54.7,14.5,14.5,-4.6,below typical,,60.3,climatological sea state,0.02,0.8,0.87,0.91,0.665,,1.139,"pressure,front,chl",66.43,0.7,6.38,0.761,Waning Gibbous,climatology + ENSO analog + exact tide/moon,True,36.5,40.1,45.8,True,False,True
2026-10-31,cortez_tanner,Cortez & Tanner Bank,offshore,dorado,Dorado (Mahi-Mahi),tuna,24,3,outlook,Outlook / trend only,9.8,1.0,55.6,54.6,14.4,14.4,-4.6,below typical,,60.0,climatological sea state,0.02,0.8,0.835,0.936,0.662,,1.127,"pressure,front,chl",66.27,0.64,5.63,0.655,Waning Gibbous,climatology + ENSO analog + exact tide/moon,True,35.7,40.1,45.8,True,False,True
2026-11-01,cortez_tanner,Cortez & Tanner Bank,offshore,dorado,Dorado (Mahi-Mahi),tuna,25,3,outlook,Outlook / trend only,8.6,1.0,54.4,53.4,12.6,12.6,-4.0,below typical,,59.5,climatological sea state,0.02,0.35,0.814,0.964,0.656,,1.198,"pressure,front,chl",66.53,1.0,5.1,0.543,Last Quarter,climatology + ENSO analog + exact tide/moon,True,39.2,40.1,45.8,True,False,True
2026-11-02,cortez_tanner,Cortez & Tanner Bank,offshore,dorado,Dorado (Mahi-Mahi),tuna,26,3,outlook,Outlook / trend only,8.5,1.0,54.3,53.3,12.6,12.6,-4.1,below typical,,59.6,climatological sea state,0.02,0.35,0.808,0.958,0.657,,1.188,"pressure,front,chl",66.39,0.95,4.83,0.43,Last Quarter,climatology + ENSO analog + exact tide/moon,True,38.9,40.1,45.8,True,False,True
2026-11-03,cortez_tanner,Cortez & Tanner Bank,offshore,dorado,Dorado (Mahi-Mahi),tuna,27,3,outlook,Outlook / trend only,8.4,1.0,54.2,53.2,12.6,12.6,-4.2,below typical,,59.4,climatological sea state,0.02,0.35,0.807,0.93,0.655,,1.182,"pressure,front,chl",66.26,0.92,4.66,0.322,Last Quarter,climatology + ENSO analog + exact tide/moon,True,38.6,40.1,45.8,True,False,True
2026-11-04,cortez_tanner,Cortez & Tanner Bank,offshore,dorado,Dorado (Mahi-Mahi),tuna,28,3,outlook,Outlook / trend only,8.3,1.0,54.1,53.1,12.4,12.4,-4.1,below typical,,58.4,climatological sea state,0.02,0.35,0.824,0.906,0.643,,1.176,"pressure,front,chl",66.12,0.89,4.92,0.226,Waning Crescent,climatology + ENSO analog + exact tide/moon,True,37.1,40.1,45.8,True,False,True
2026-11-05,cortez_tanner,Cortez & Tanner Bank,offshore,dorado,Dorado (Mahi-Mahi),tuna,29,3,outlook,Outlook / trend only,7.9,1.0,53.7,52.7,12.2,12.2,-4.3,below typical,,57.1,climatological sea state,0.02,0.35,0.841,0.886,0.626,,1.143,"pressure,front,chl",65.84,0.72,5.27,0.144,Waning Crescent,climatology + ENSO analog + exact tide/moon,True,32.6,40.1,45.8,True,False,True
2026-11-06,cortez_tanner,Cortez & Tanner Bank,offshore,dorado,Dorado (Mahi-Mahi),tuna,30,3,outlook,Outlook / trend only,7.8,1.0,53.6,52.6,12.2,12.2,-4.4,below typical,,56.8,climatological sea state,0.02,0.35,0.878,0.87,0.622,,1.137,"pressure,front,chl",65.71,0.69,6.13,0.079,Waning Crescent,climatology + ENSO analog + exact tide/moon,True,31.8,40.1,45.8,True,False,True
2026-10-14,cortez_tanner,Cortez & Tanner Bank,offshore,rockfish,Rockfish Complex,groundfish,7,2,moderate,Moderate confidence,28.8,22.7,34.8,12.1,55.0,55.0,-26.2,well below typical,26.8,60.0,"20 kt wind, 6.6 ft seas, long-range run",1.0,0.85,0.956,0.886,0.588,0.2,0.715,"pressure,chl",70.84,3.96,5.22,0.143,Waxing Crescent,model-blended conditions + exact tide/moon,True,12.1,6.1,6.0,False,False,False
2026-10-15,cortez_tanner,Cortez & Tanner Bank,offshore,rockfish,Rockfish Complex,groundfish,8,2,moderate,Moderate confidence,41.0,33.6,48.4,14.8,54.9,54.8,-13.8,well below typical,57.9,59.8,"6.6 ft seas, long-range run",1.0,0.85,0.87,0.904,0.592,-0.1,0.746,"pressure,chl",70.34,3.53,4.5,0.217,Waxing Crescent,model-blended conditions + exact tide/moon,True,14.8,7.4,7.4,False,False,False
2026-10-16,cortez_tanner,Cortez & Tanner Bank,offshore,rockfish,Rockfish Complex,groundfish,9,2,moderate,Moderate confidence,38.2,30.8,45.6,14.8,54.7,54.7,-16.5,well below typical,46.7,59.6,"6.4 ft seas, long-range run",1.0,0.85,0.791,0.925,0.614,-2.0,0.774,"pressure,chl",69.91,3.14,3.84,0.3,Waxing Crescent,model-blended conditions + exact tide/moon,True,14.3,7.4,7.4,True,False,False
2026-10-17,cortez_tanner,Cortez & Tanner Bank,offshore,rockfish,Rockfish Complex,groundfish,10,2,moderate,Moderate confidence,42.1,34.4,49.7,15.3,55.0,55.0,-12.9,well below typical,54.5,60.0,"6.3 ft seas, long-range run",1.0,0.85,0.746,0.948,0.619,4.1,0.798,"pressure,chl",69.53,2.81,3.44,0.39,First Quarter,model-blended conditions + exact tide/moon,True,15.3,7.7,7.6,False,False,False
2026-10-18,cortez_tanner,Cortez & Tanner Bank,offshore,rockfish,Rockfish Complex,groundfish,11,2,moderate,Moderate confidence,45.4,37.3,53.6,16.3,54.9,54.9,-9.5,well below typical,59.8,59.8,"6.3 ft seas, long-range run",1.0,0.85,0.757,0.971,0.617,2.1,0.819,"pressure,chl",69.19,2.51,3.4,0.484,First Quarter,model-blended conditions + exact tide/moon,True,16.3,8.1,8.2,False,False,False
2026-10-19,cortez_tanner,Cortez & Tanner Bank,offshore,rockfish,Rockfish Complex,groundfish,12,2,moderate,Moderate confidence,44.4,36.3,52.6,16.3,54.7,54.7,-10.3,well below typical,59.6,59.6,"6.4 ft seas, long-range run",1.0,0.85,0.607,0.955,0.615,0.0,0.838,"pressure,chl",68.87,2.25,1.18,0.579,First Quarter,model-blended conditions + exact tide/moon,True,16.1,8.1,8.2,True,False,False
2026-10-20,cortez_tanner,Cortez & Tanner Bank,offshore,rockfish,Rockfish Complex,groundfish,13,2,moderate,Moderate confidence,48.0,39.5,56.5,17.0,54.7,54.7,-6.7,below typical,59.7,59.7,"6.4 ft seas, long-range run",1.0,0.85,0.826,0.932,0.615,0.0,0.855,"pressure,chl",68.61,2.02,3.94,0.673,Waxing Gibbous,model-blended conditions + exact tide/moon,True,17.0,8.5,8.5,False,False,False
2026-10-21,cortez_tanner,Cortez & Tanner Bank,offshore,rockfish,Rockfish Complex,groundfish,14,2,moderate,Moderate confidence,49.7,40.9,58.5,17.6,55.0,55.0,-5.3,below typical,60.0,60.0,"6.3 ft seas, long-range run",1.0,0.85,0.877,0.909,0.62,-1.8,0.87,"pressure,chl",68.36,1.81,4.27,0.762,Waxing Gibbous,model-blended conditions + exact tide/moon,True,17.6,8.8,8.8,False,False,False
2026-10-22,cortez_tanner,Cortez & Tanner Bank,offshore,rockfish,Rockfish Complex,groundfish,15,3,outlook,Outlook / trend only,51.1,38.2,64.0,25.8,54.8,54.8,-3.7,below typical,,59.8,climatological sea state,1.0,0.85,0.93,0.889,0.617,-2.5,0.888,"pressure,chl",68.06,1.55,4.66,0.844,Waxing Gibbous,climatology + ENSO analog + exact tide/moon,True,25.8,12.9,12.9,False,False,False
2026-10-23,cortez_tanner,Cortez & Tanner Bank,offshore,rockfish,Rockfish Complex,groundfish,16,3,outlook,Outlook / trend only,52.3,39.2,65.4,26.2,54.8,54.8,-2.5,near typical,,59.8,climatological sea state,1.0,0.85,0.981,0.872,0.617,,0.9,"pressure,chl",67.83,1.39,5.08,0.912,Waxing Gibbous,climatology + ENSO analog + exact tide/moon,True,26.2,13.1,13.1,False,False,False
2026-10-24,cortez_tanner,Cortez & Tanner Bank,offshore,rockfish,Rockfish Complex,groundfish,17,3,outlook,Outlook / trend only,52.3,39.1,65.5,26.4,54.9,54.9,-2.6,near typical,,59.9,climatological sea state,1.0,0.85,0.912,0.859,0.619,,0.91,"pressure,chl",67.62,1.25,6.12,0.964,Waxing Gibbous,climatology + ENSO analog + exact tide/moon,True,26.4,13.2,13.2,False,False,False
2026-10-25,cortez_tanner,Cortez & Tanner Bank,offshore,rockfish,Rockfish Complex,groundfish,18,3,outlook,Outlook / trend only,52.3,38.9,65.7,26.8,55.2,55.2,-2.9,near typical,,60.2,climatological sea state,1.0,0.85,0.855,0.852,0.622,,0.919,"pressure,chl",67.41,1.13,7.03,0.994,Full,climatology + ENSO analog + exact tide/moon,True,26.8,13.4,13.4,False,False,False
2026-10-26,cortez_tanner,Cortez & Tanner Bank,offshore,rockfish,Rockfish Complex,groundfish,19,3,outlook,Outlook / trend only,52.7,39.0,66.4,27.4,55.2,55.3,-2.6,near typical,,60.3,climatological sea state,1.0,0.85,0.838,0.85,0.624,,0.927,"pressure,chl",67.2,1.02,7.65,0.999,Full,climatology + ENSO analog + exact tide/moon,True,27.4,13.7,13.7,False,False,False
2026-10-27,cortez_tanner,Cortez & Tanner Bank,offshore,rockfish,Rockfish Complex,groundfish,20,3,outlook,Outlook / trend only,53.2,39.2,67.2,28.0,55.4,55.3,-2.1,near typical,,60.4,climatological sea state,1.0,0.85,0.84,0.856,0.625,,0.934,"pressure,chl",66.99,0.92,7.87,0.976,Full,climatology + ENSO analog + exact tide/moon,True,28.0,14.0,14.0,False,False,False
2026-10-28,cortez_tanner,Cortez & Tanner Bank,offshore,rockfish,Rockfish Complex,groundfish,21,3,outlook,Outlook / trend only,53.7,39.3,68.1,28.8,55.3,55.3,-1.6,near typical,,60.3,climatological sea state,1.0,0.85,0.857,0.868,0.624,,0.94,"pressure,chl",66.78,0.84,7.69,0.927,Waning Gibbous,climatology + ENSO analog + exact tide/moon,True,28.8,14.4,14.4,False,False,False
2026-10-29,cortez_tanner,Cortez & Tanner Bank,offshore,rockfish,Rockfish Complex,groundfish,22,3,outlook,Outlook / trend only,54.3,39.5,69.1,29.6,55.1,55.1,-0.8,near typical,,60.1,climatological sea state,1.0,0.85,0.889,0.886,0.622,,0.945,"pressure,chl",66.59,0.76,7.14,0.854,Waning Gibbous,climatology + ENSO analog + exact tide/moon,True,29.6,14.8,14.8,False,False,False
2026-10-30,cortez_tanner,Cortez & Tanner Bank,offshore,rockfish,Rockfish Complex,groundfish,23,3,outlook,Outlook / trend only,55.2,39.8,70.6,30.8,55.2,55.2,0.0,near typical,,60.3,climatological sea state,1.0,0.85,0.933,0.91,0.623,,0.95,"pressure,chl",66.43,0.7,6.38,0.761,Waning Gibbous,climatology + ENSO analog + exact tide/moon,True,30.8,15.4,15.4,False,False,False
2026-10-31,cortez_tanner,Cortez & Tanner Bank,offshore,rockfish,Rockfish Complex,groundfish,24,3,outlook,Outlook / trend only,55.9,39.8,71.9,32.1,55.0,55.0,0.9,near typical,,60.0,climatological sea state,1.0,0.85,0.988,0.936,0.62,,0.954,"pressure,chl",66.27,0.64,5.63,0.655,Waning Gibbous,climatology + ENSO analog + exact tide/moon,True,32.1,16.1,16.0,False,False,False
2026-11-01,cortez_tanner,Cortez & Tanner Bank,offshore,rockfish,Rockfish Complex,groundfish,25,3,outlook,Outlook / trend only,51.4,35.3,67.5,32.2,52.9,52.9,-1.5,near typical,,59.5,climatological sea state,1.0,0.7,0.941,0.964,0.613,,0.928,"pressure,chl",66.53,1.0,5.1,0.543,Last Quarter,climatology + ENSO analog + exact tide/moon,True,32.2,16.1,16.1,False,False,False
2026-11-02,cortez_tanner,Cortez & Tanner Bank,offshore,rockfish,Rockfish Complex,groundfish,26,3,outlook,Outlook / trend only,51.5,34.9,68.1,33.2,53.0,53.0,-1.5,near typical,,59.6,climatological sea state,1.0,0.7,0.927,0.958,0.614,,0.932,"pressure,chl",66.39,0.95,4.83,0.43,Last Quarter,climatology + ENSO analog + exact tide/moon,True,33.2,16.6,16.6,False,False,False
2026-11-03,cortez_tanner,Cortez & Tanner Bank,offshore,rockfish,Rockfish Complex,groundfish,27,3,outlook,Outlook / trend only,51.4,34.4,68.1,33.7,52.8,52.8,-1.4,near typical,,59.4,climatological sea state,1.0,0.7,0.925,0.93,0.612,,0.934,"pressure,chl",66.26,0.92,4.66,0.322,Last Quarter,climatology + ENSO analog + exact tide/moon,True,33.7,17.0,16.7,False,False,False
2026-11-04,cortez_tanner,Cortez & Tanner Bank,offshore,rockfish,Rockfish Complex,groundfish,28,3,outlook,Outlook / trend only,51.0,33.7,67.7,34.0,52.0,52.0,-1.0,near typical,,58.4,climatological sea state,1.0,0.7,0.965,0.906,0.599,,0.936,"pressure,chl",66.12,0.89,4.92,0.226,Waning Crescent,climatology + ENSO analog + exact tide/moon,True,33.6,17.3,16.7,True,False,False
2026-11-05,cortez_tanner,Cortez & Tanner Bank,offshore,rockfish,Rockfish Complex,groundfish,29,3,outlook,Outlook / trend only,50.7,33.3,67.4,34.1,50.8,50.8,-0.1,near typical,,57.1,climatological sea state,1.0,0.7,0.998,0.886,0.581,,0.948,"pressure,chl",65.84,0.72,5.27,0.144,Waning Crescent,climatology + ENSO analog + exact tide/moon,True,32.9,17.4,16.7,True,False,False
2026-11-06,cortez_tanner,Cortez & Tanner Bank,offshore,rockfish,Rockfish Complex,groundfish,30,3,outlook,Outlook / trend only,49.7,32.1,66.4,34.3,50.6,50.6,-0.9,near typical,,56.8,climatological sea state,1.0,0.7,0.915,0.87,0.577,,0.95,"pressure,chl",65.71,0.69,6.13,0.079,Waning Crescent,climatology + ENSO analog + exact tide/moon,True,32.5,17.6,16.7,True,False,False
2026-10-14,cortez_tanner,Cortez & Tanner Bank,offshore,yellowfin_tuna,Yellowfin Tuna,tuna,7,2,moderate,Moderate confidence,61.2,56.7,64.2,7.5,36.9,36.9,24.3,well above typical,26.8,60.0,"20 kt wind, 6.6 ft seas, long-range run",1.0,0.85,0.821,0.886,0.633,0.2,1.35,"pressure,front,chl",70.84,3.96,5.22,0.143,Waxing Crescent,model-blended conditions + exact tide/moon,True,7.5,4.5,3.0,False,False,False
2026-10-15,cortez_tanner,Cortez & Tanner Bank,offshore,yellowfin_tuna,Yellowfin Tuna,tuna,8,2,moderate,Moderate confidence,85.0,74.2,88.0,13.8,36.1,36.0,49.0,well above typical,57.9,59.8,"6.6 ft seas, long-range run",1.0,0.85,0.782,0.904,0.636,-0.1,1.35,"pressure,front,chl",70.34,3.53,4.5,0.217,Waxing Crescent,model-blended conditions + exact tide/moon,True,13.8,10.8,3.0,False,False,False
2026-10-16,cortez_tanner,Cortez & Tanner Bank,offshore,yellowfin_tuna,Yellowfin Tuna,tuna,9,2,moderate,Moderate confidence,76.2,60.6,80.0,19.4,35.3,35.3,40.9,well above typical,46.7,59.6,"6.4 ft seas, long-range run",0.979,0.85,0.747,0.925,0.657,-2.0,1.35,"pressure,front,chl",69.91,3.14,3.84,0.3,Waxing Crescent,model-blended conditions + exact tide/moon,True,19.4,15.6,3.8,False,False,False
2026-10-17,cortez_tanner,Cortez & Tanner Bank,offshore,yellowfin_tuna,Yellowfin Tuna,tuna,10,2,moderate,Moderate confidence,78.7,57.5,86.2,28.7,34.9,34.9,43.8,well above typical,54.5,60.0,"6.3 ft seas, long-range run",0.886,0.85,0.727,0.948,0.662,4.1,1.35,"pressure,front,chl",69.53,2.81,3.44,0.39,First Quarter,model-blended conditions + exact tide/moon,True,28.7,21.2,7.5,False,False,False
2026-10-18,cortez_tanner,Cortez & Tanner Bank,offshore,yellowfin_tuna,Yellowfin Tuna,tuna,11,2,moderate,Moderate confidence,79.0,52.8,90.4,37.6,34.0,34.1,44.9,well above typical,59.8,59.8,"6.3 ft seas, long-range run",0.801,0.85,0.732,0.971,0.66,2.1,1.35,"pressure,front,chl",69.19,2.51,3.4,0.484,First Quarter,model-blended conditions + exact tide/moon,True,37.6,26.2,11.4,False,False,False
2026-10-19,cortez_tanner,Cortez & Tanner Bank,offshore,yellowfin_tuna,Yellowfin Tuna,tuna,12,2,moderate,Moderate confidence,74.9,45.6,89.9,44.3,33.2,33.3,41.6,well above typical,59.6,59.6,"6.4 ft seas, long-range run",0.724,0.85,0.665,0.955,0.658,0.0,1.35,"pressure,front,chl",68.87,2.25,1.18,0.579,First Quarter,model-blended conditions + exact tide/moon,True,44.3,29.3,15.0,False,False,False
2026-10-20,cortez_tanner,Cortez & Tanner Bank,offshore,yellowfin_tuna,Yellowfin Tuna,tuna,13,2,moderate,Moderate confidence,70.7,39.7,89.7,50.0,32.8,32.7,38.0,well above typical,59.7,59.7,"6.4 ft seas, long-range run",0.659,0.85,0.763,0.932,0.658,0.0,1.327,"pressure,front,chl",68.61,2.02,3.94,0.673,Waxing Gibbous,model-blended conditions + exact tide/moon,True,50.0,31.0,19.0,False,False,False
2026-10-21,cortez_tanner,Cortez & Tanner Bank,offshore,yellowfin_tuna,Yellowfin Tuna,tuna,14,2,moderate,Moderate confidence,66.2,34.2,87.9,53.7,32.2,32.3,33.9,well above typical,60.0,60.0,"6.3 ft seas, long-range run",0.599,0.85,0.785,0.909,0.662,-1.8,1.293,"pressure,front,chl",68.36,1.81,4.27,0.762,Waxing Gibbous,model-blended conditions + exact tide/moon,True,53.7,32.0,21.7,False,False,False
2026-10-22,cortez_tanner,Cortez & Tanner Bank,offshore,yellowfin_tuna,Yellowfin Tuna,tuna,15,3,outlook,Outlook / trend only,60.0,22.7,88.8,66.1,31.5,31.4,28.6,well above typical,,59.8,climatological sea state,0.525,0.85,0.809,0.889,0.659,-2.5,1.251,"pressure,front,chl",68.06,1.55,4.66,0.844,Waxing Gibbous,climatology + ENSO analog + exact tide/moon,True,66.1,37.3,28.8,False,False,False
2026-10-23,cortez_tanner,Cortez & Tanner Bank,offshore,yellowfin_tuna,Yellowfin Tuna,tuna,16,3,outlook,Outlook / trend only,55.8,16.2,86.7,70.5,30.2,30.2,25.6,well above typical,,59.8,climatological sea state,0.469,0.85,0.832,0.872,0.66,,1.225,"pressure,front,chl",67.83,1.39,5.08,0.912,Waxing Gibbous,climatology + ENSO analog + exact tide/moon,True,70.5,39.6,30.9,False,False,False
2026-10-24,cortez_tanner,Cortez & Tanner Bank,offshore,yellowfin_tuna,Yellowfin Tuna,tuna,17,3,outlook,Outlook / trend only,52.0,8.4,85.0,76.6,28.7,28.8,23.2,well above typical,,59.9,climatological sea state,0.416,0.85,0.879,0.859,0.661,,1.203,"pressure,front,chl",67.62,1.25,6.12,0.964,Waxing Gibbous,climatology + ENSO analog + exact tide/moon,True,76.6,43.6,33.0,False,False,False
2026-10-25,cortez_tanner,Cortez & Tanner Bank,offshore,yellowfin_tuna,Yellowfin Tuna,tuna,18,3,outlook,Outlook / trend only,48.3,3.1,83.5,80.4,27.0,27.0,21.3,well above typical,,60.2,climatological sea state,0.365,0.85,0.904,0.852,0.664,,1.183,"pressure,front,chl",67.41,1.13,7.03,0.994,Full,climatology + ENSO analog + exact tide/moon,True,80.4,45.2,35.2,False,False,False
2026-10-26,cortez_tanner,Cortez & Tanner Bank,offshore,yellowfin_tuna,Yellowfin Tuna,tuna,19,3,outlook,Outlook / trend only,44.5,1.0,82.0,81.0,24.4,24.4,20.1,well above typical,,60.3,climatological sea state,0.314,0.85,0.912,0.85,0.666,,1.165,"pressure,front,chl",67.2,1.02,7.65,0.999,Full,climatology + ENSO analog + exact tide/moon,True,79.2,45.2,37.5,True,False,True
2026-10-27,cortez_tanner,Cortez & Tanner Bank,offshore,yellowfin_tuna,Yellowfin Tuna,tuna,20,3,outlook,Outlook / trend only,40.4,1.0,80.5,79.5,20.1,20.1,20.3,well above typical,,60.4,climatological sea state,0.261,0.85,0.911,0.856,0.667,,1.149,"pressure,front,chl",66.99,0.92,7.87,0.976,Full,climatology + ENSO analog + exact tide/moon,True,78.0,45.2,40.1,True,False,True
2026-10-28,cortez_tanner,Cortez & Tanner Bank,offshore,yellowfin_tuna,Yellowfin Tuna,tuna,21,3,outlook,Outlook / trend only,36.2,1.0,79.1,78.1,16.8,16.8,19.4,well above typical,,60.3,climatological sea state,0.21,0.85,0.903,0.868,0.666,,1.136,"pressure,front,chl",66.78,0.84,7.69,0.927,Waning Gibbous,climatology + ENSO analog + exact tide/moon,True,76.9,45.2,42.9,True,False,True
2026-10-29,cortez_tanner,Cortez & Tanner Bank,offshore,yellowfin_tuna,Yellowfin Tuna,tuna,22,3,outlook,Outlook / trend only,31.9,1.0,77.8,76.8,16.8,16.8,15.1,well above typical,,60.1,climatological sea state,0.164,0.85,0.889,0.886,0.664,,1.123,"pressure,front,chl",66.59,0.76,7.14,0.854,Waning Gibbous,climatology + ENSO analog + exact tide/moon,True,75.9,45.2,45.9,True,False,True
2026-10-30,cortez_tanner,Cortez & Tanner Bank,offshore,yellowfin_tuna,Yellowfin Tuna,tuna,23,3,outlook,Outlook / trend only,28.0,1.0,77.5,76.5,16.8,16.8,11.2,well above typical,,60.3,climatological sea state,0.125,0.85,0.87,0.91,0.665,,1.113,"pressure,front,chl",66.43,0.7,6.38,0.761,Waning Gibbous,climatology + ENSO analog + exact tide/moon,True,75.9,45.2,49.5,True,False,True
2026-10-31,cortez_tanner,Cortez & Tanner Bank,offshore,yellowfin_tuna,Yellowfin Tuna,tuna,24,3,outlook,Outlook / trend only,23.5,1.0,77.0,76.0,16.7,16.7,6.8,above typical,,60.0,climatological sea state,0.087,0.85,0.835,0.936,0.662,,1.104,"pressure,front,chl",66.27,0.64,5.63,0.655,Waning Gibbous,climatology + ENSO analog + exact tide/moon,True,75.8,45.2,53.5,True,False,True
2026-11-01,cortez_tanner,Cortez & Tanner Bank,offshore,yellowfin_tuna,Yellowfin Tuna,tuna,25,3,outlook,Outlook / trend only,28.0,1.0,81.5,80.5,15.3,15.3,12.7,well above typical,,59.5,climatological sea state,0.151,0.5,0.814,0.964,0.656,,1.162,"pressure,front,chl",66.53,1.0,5.1,0.543,Last Quarter,climatology + ENSO analog + exact tide/moon,True,72.2,45.2,53.5,True,False,True
2026-11-02,cortez_tanner,Cortez & Tanner Bank,offshore,yellowfin_tuna,Yellowfin Tuna,tuna,26,3,outlook,Outlook / trend only,24.6,1.0,78.1,77.1,15.3,15.3,9.3,well above typical,,59.6,climatological sea state,0.115,0.5,0.808,0.958,0.657,,1.154,"pressure,front,chl",66.39,0.95,4.83,0.43,Last Quarter,climatology + ENSO analog + exact tide/moon,True,72.0,45.2,53.5,True,False,True
2026-11-03,cortez_tanner,Cortez & Tanner Bank,offshore,yellowfin_tuna,Yellowfin Tuna,tuna,27,3,outlook,Outlook / trend only,21.0,1.0,74.5,73.5,15.3,15.3,5.7,above typical,,59.4,climatological sea state,0.083,0.5,0.807,0.93,0.655,,1.149,"pressure,front,chl",66.26,0.92,4.66,0.322,Last Quarter,climatology + ENSO analog + exact tide/moon,True,71.6,45.2,53.5,True,False,True
2026-11-04,cortez_tanner,Cortez & Tanner Bank,offshore,yellowfin_tuna,Yellowfin Tuna,tuna,28,3,outlook,Outlook / trend only,16.1,1.0,71.1,70.1,15.1,15.1,1.0,near typical,,58.4,climatological sea state,0.048,0.5,0.824,0.906,0.643,,1.144,"pressure,front,chl",66.12,0.89,4.92,0.226,Waning Crescent,climatology + ENSO analog + exact tide/moon,True,70.1,45.2,55.0,True,False,True
2026-11-05,cortez_tanner,Cortez & Tanner Bank,offshore,yellowfin_tuna,Yellowfin Tuna,tuna,29,3,outlook,Outlook / trend only,10.3,1.0,67.9,66.9,14.9,14.9,-4.6,below typical,,57.1,climatological sea state,0.02,0.5,0.841,0.886,0.626,,1.117,"pressure,front,chl",65.84,0.72,5.27,0.144,Waning Crescent,climatology + ENSO analog + exact tide/moon,True,66.9,45.2,57.6,True,False,True
2026-11-06,cortez_tanner,Cortez & Tanner Bank,offshore,yellowfin_tuna,Yellowfin Tuna,tuna,30,3,outlook,Outlook / trend only,10.2,1.0,67.8,66.8,14.8,14.8,-4.6,below typical,,56.8,climatological sea state,0.02,0.5,0.878,0.87,0.622,,1.112,"pressure,front,chl",65.71,0.69,6.13,0.079,Waning Crescent,climatology + ENSO analog + exact tide/moon,True,66.3,45.2,57.6,True,False,True
2026-10-14,cortez_tanner,Cortez & Tanner Bank,offshore,yellowtail,California Yellowtail,pelagic,7,2,moderate,Moderate confidence,55.8,49.2,58.8,9.6,57.7,57.7,-1.9,near typical,26.8,60.0,"20 kt wind, 6.6 ft seas, long-range run",1.0,0.75,0.604,0.886,0.633,0.2,1.35,"pressure,front,chl",70.84,3.96,5.22,0.143,Waxing Crescent,model-blended conditions + exact tide/moon,True,9.6,6.6,3.0,False,False,False
2026-10-15,cortez_tanner,Cortez & Tanner Bank,offshore,yellowtail,California Yellowtail,pelagic,8,2,moderate,Moderate confidence,75.6,66.9,80.5,13.6,57.6,57.6,18.0,well above typical,57.9,59.8,"6.6 ft seas, long-range run",1.0,0.75,0.601,0.904,0.636,-0.1,1.318,"pressure,front,chl",70.34,3.53,4.5,0.217,Waxing Crescent,model-blended conditions + exact tide/moon,True,13.6,8.7,4.9,False,False,False
2026-10-16,cortez_tanner,Cortez & Tanner Bank,offshore,yellowtail,California Yellowtail,pelagic,9,2,moderate,Moderate confidence,67.1,58.4,73.6,15.2,57.4,57.4,9.7,well above typical,46.7,59.6,"6.4 ft seas, long-range run",1.0,0.75,0.622,0.925,0.657,-2.0,1.283,"pressure,front,chl",69.91,3.14,3.84,0.3,Waxing Crescent,model-blended conditions + exact tide/moon,True,15.0,8.7,6.5,True,False,False
2026-10-17,cortez_tanner,Cortez & Tanner Bank,offshore,yellowtail,California Yellowtail,pelagic,10,2,moderate,Moderate confidence,71.5,62.2,80.0,17.8,57.7,57.7,13.8,well above typical,54.5,60.0,"6.3 ft seas, long-range run",1.0,0.75,0.655,0.948,0.662,4.1,1.253,"pressure,front,chl",69.53,2.81,3.44,0.39,First Quarter,model-blended conditions + exact tide/moon,True,17.8,9.3,8.5,False,False,False
2026-10-18,cortez_tanner,Cortez & Tanner Bank,offshore,yellowtail,California Yellowtail,pelagic,11,2,moderate,Moderate confidence,73.1,63.2,83.0,19.8,57.6,57.6,15.5,well above typical,59.8,59.8,"6.3 ft seas, long-range run",1.0,0.75,0.634,0.971,0.66,2.1,1.226,"pressure,front,chl",69.19,2.51,3.4,0.484,First Quarter,model-blended conditions + exact tide/moon,True,19.8,9.9,9.9,False,False,False
2026-10-19,cortez_tanner,Cortez & Tanner Bank,offshore,yellowtail,California Yellowtail,pelagic,12,2,moderate,Moderate confidence,65.7,55.8,75.6,19.8,57.4,57.4,8.3,well above typical,59.6,59.6,"6.4 ft seas, long-range run",1.0,0.75,0.398,0.955,0.658,0.0,1.203,"pressure,front,chl",68.87,2.25,1.18,0.579,First Quarter,model-blended conditions + exact tide/moon,True,19.1,9.9,9.9,True,False,False
2026-10-20,cortez_tanner,Cortez & Tanner Bank,offshore,yellowtail,California Yellowtail,pelagic,13,2,moderate,Moderate confidence,68.2,58.1,78.2,20.1,57.5,57.5,10.7,well above typical,59.7,59.7,"6.4 ft seas, long-range run",1.0,0.75,0.541,0.932,0.658,0.0,1.182,"pressure,front,chl",68.61,2.02,3.94,0.673,Waxing Gibbous,model-blended conditions + exact tide/moon,True,20.1,10.1,10.0,False,False,False
2026-10-21,cortez_tanner,Cortez & Tanner Bank,offshore,yellowtail,California Yellowtail,pelagic,14,2,moderate,Moderate confidence,68.3,57.9,78.7,20.8,57.7,57.7,10.6,well above typical,60.0,60.0,"6.3 ft seas, long-range run",1.0,0.75,0.593,0.909,0.662,-1.8,1.163,"pressure,front,chl",68.36,1.81,4.27,0.762,Waxing Gibbous,model-blended conditions + exact tide/moon,True,20.8,10.4,10.4,False,False,False
2026-10-22,cortez_tanner,Cortez & Tanner Bank,offshore,yellowtail,California Yellowtail,pelagic,15,3,outlook,Outlook / trend only,67.7,53.1,82.3,29.2,57.5,57.5,10.2,well above typical,,59.8,climatological sea state,1.0,0.75,0.647,0.889,0.659,-2.5,1.139,"pressure,front,chl",68.06,1.55,4.66,0.844,Waxing Gibbous,climatology + ENSO analog + exact tide/moon,True,29.2,14.6,14.6,False,False,False
2026-10-23,cortez_tanner,Cortez & Tanner Bank,offshore,yellowtail,California Yellowtail,pelagic,16,3,outlook,Outlook / trend only,67.7,52.8,82.6,29.8,57.5,57.5,10.2,well above typical,,59.8,climatological sea state,1.0,0.75,0.702,0.872,0.66,,1.125,"pressure,front,chl",67.83,1.39,5.08,0.912,Waxing Gibbous,climatology + ENSO analog + exact tide/moon,True,29.8,14.9,14.9,False,False,False
2026-10-24,cortez_tanner,Cortez & Tanner Bank,offshore,yellowtail,California Yellowtail,pelagic,17,3,outlook,Outlook / trend only,65.6,50.7,80.6,29.9,57.6,57.6,8.0,well above typical,,59.9,climatological sea state,1.0,0.75,0.625,0.859,0.661,,1.113,"pressure,front,chl",67.62,1.25,6.12,0.964,Waxing Gibbous,climatology + ENSO analog + exact tide/moon,True,29.9,14.9,15.0,False,False,False
2026-10-25,cortez_tanner,Cortez & Tanner Bank,offshore,yellowtail,California Yellowtail,pelagic,18,3,outlook,Outlook / trend only,65.4,50.0,80.7,30.7,57.8,57.8,7.6,above typical,,60.2,climatological sea state,1.0,0.75,0.638,0.852,0.664,,1.102,"pressure,front,chl",67.41,1.13,7.03,0.994,Full,climatology + ENSO analog + exact tide/moon,True,30.7,15.4,15.3,False,False,False
2026-10-26,cortez_tanner,Cortez & Tanner Bank,offshore,yellowtail,California Yellowtail,pelagic,19,3,outlook,Outlook / trend only,65.0,49.2,80.7,31.5,57.8,57.9,7.1,above typical,,60.3,climatological sea state,1.0,0.75,0.643,0.85,0.666,,1.092,"pressure,front,chl",67.2,1.02,7.65,0.999,Full,climatology + ENSO analog + exact tide/moon,True,31.5,15.8,15.7,False,False,False
2026-10-27,cortez_tanner,Cortez & Tanner Bank,offshore,yellowtail,California Yellowtail,pelagic,20,3,outlook,Outlook / trend only,64.9,48.7,81.1,32.4,57.9,57.9,7.0,above typical,,60.4,climatological sea state,1.0,0.75,0.663,0.856,0.667,,1.083,"pressure,front,chl",66.99,0.92,7.87,0.976,Full,climatology + ENSO analog + exact tide/moon,True,32.4,16.2,16.2,False,False,False
2026-10-28,cortez_tanner,Cortez & Tanner Bank,offshore,yellowtail,California Yellowtail,pelagic,21,3,outlook,Outlook / trend only,64.9,48.1,81.7,33.6,57.9,57.9,7.0,above typical,,60.3,climatological sea state,1.0,0.75,0.688,0.868,0.666,,1.076,"pressure,front,chl",66.78,0.84,7.69,0.927,Waning Gibbous,climatology + ENSO analog + exact tide/moon,True,33.6,16.8,16.8,False,False,False
2026-10-29,cortez_tanner,Cortez & Tanner Bank,offshore,yellowtail,California Yellowtail,pelagic,22,3,outlook,Outlook / trend only,65.0,47.7,82.3,34.6,57.8,57.8,7.2,above typical,,60.1,climatological sea state,1.0,0.75,0.723,0.886,0.664,,1.068,"pressure,front,chl",66.59,0.76,7.14,0.854,Waning Gibbous,climatology + ENSO analog + exact tide/moon,True,34.6,17.3,17.3,False,False,False
2026-10-30,cortez_tanner,Cortez & Tanner Bank,offshore,yellowtail,California Yellowtail,pelagic,23,3,outlook,Outlook / trend only,65.6,47.5,83.8,36.3,57.8,57.8,7.8,above typical,,60.3,climatological sea state,1.0,0.75,0.769,0.91,0.665,,1.063,"pressure,front,chl",66.43,0.7,6.38,0.761,Waning Gibbous,climatology + ENSO analog + exact tide/moon,True,36.3,18.1,18.2,False,False,False
2026-10-31,cortez_tanner,Cortez & Tanner Bank,offshore,yellowtail,California Yellowtail,pelagic,24,3,outlook,Outlook / trend only,65.5,46.6,84.4,37.8,57.7,57.7,7.8,above typical,,60.0,climatological sea state,1.0,0.75,0.786,0.936,0.662,,1.058,"pressure,front,chl",66.27,0.64,5.63,0.655,Waning Gibbous,climatology + ENSO analog + exact tide/moon,True,37.8,18.9,18.9,False,False,False
2026-11-01,cortez_tanner,Cortez & Tanner Bank,offshore,yellowtail,California Yellowtail,pelagic,25,3,outlook,Outlook / trend only,60.8,41.9,79.7,37.8,53.3,53.3,7.5,above typical,,59.5,climatological sea state,1.0,0.5,0.753,0.964,0.656,,1.09,"pressure,front,chl",66.53,1.0,5.1,0.543,Last Quarter,climatology + ENSO analog + exact tide/moon,True,37.0,18.9,18.9,True,False,False
2026-11-02,cortez_tanner,Cortez & Tanner Bank,offshore,yellowtail,California Yellowtail,pelagic,26,3,outlook,Outlook / trend only,59.5,40.5,78.4,37.9,53.4,53.4,6.1,above typical,,59.6,climatological sea state,1.0,0.5,0.679,0.958,0.657,,1.085,"pressure,front,chl",66.39,0.95,4.83,0.43,Last Quarter,climatology + ENSO analog + exact tide/moon,True,37.8,19.0,18.9,True,False,False
2026-11-03,cortez_tanner,Cortez & Tanner Bank,offshore,yellowtail,California Yellowtail,pelagic,27,3,outlook,Outlook / trend only,56.9,37.0,75.9,38.9,53.3,53.3,3.6,above typical,,59.4,climatological sea state,1.0,0.5,0.552,0.93,0.655,,1.083,"pressure,front,chl",66.26,0.92,4.66,0.322,Last Quarter,climatology + ENSO analog + exact tide/moon,True,38.9,19.9,19.0,False,False,False
2026-11-04,cortez_tanner,Cortez & Tanner Bank,offshore,yellowtail,California Yellowtail,pelagic,28,3,outlook,Outlook / trend only,56.9,35.9,76.3,40.4,52.7,52.7,4.2,above typical,,58.4,climatological sea state,1.0,0.5,0.607,0.906,0.643,,1.08,"pressure,front,chl",66.12,0.89,4.92,0.226,Waning Crescent,climatology + ENSO analog + exact tide/moon,True,40.4,21.0,19.4,False,False,False
2026-11-05,cortez_tanner,Cortez & Tanner Bank,offshore,yellowtail,California Yellowtail,pelagic,29,3,outlook,Outlook / trend only,56.0,33.4,75.8,42.4,51.9,51.9,4.1,above typical,,57.1,climatological sea state,1.0,0.5,0.661,0.886,0.626,,1.065,"pressure,front,chl",65.84,0.72,5.27,0.144,Waning Crescent,climatology + ENSO analog + exact tide/moon,True,42.4,22.6,19.8,False,False,False
2026-11-06,cortez_tanner,Cortez & Tanner Bank,offshore,yellowtail,California Yellowtail,pelagic,30,3,outlook,Outlook / trend only,55.4,31.7,75.5,43.8,51.7,51.7,3.7,above typical,,56.8,climatological sea state,1.0,0.5,0.649,0.87,0.622,,1.062,"pressure,front,chl",65.71,0.69,6.13,0.079,Waning Crescent,climatology + ENSO analog + exact tide/moon,True,43.8,23.7,20.1,False,False,False
2026-10-14,la_jolla,La Jolla Kelp & Canyon,nearshore,barracuda,California Barracuda,pelagic_inshore,7,2,moderate,Moderate confidence,88.9,80.7,94.5,13.8,78.3,63.0,25.9,well above typical,100.0,100.0,workable,0.793,0.6,0.588,0.886,0.816,0.2,1.254,"pressure,front,chl",73.27,4.71,4.97,0.143,Waxing Crescent,model-blended conditions + exact tide/moon,True,13.8,8.2,5.6,False,False,False
2026-10-15,la_jolla,La Jolla Kelp & Canyon,nearshore,barracuda,California Barracuda,pelagic_inshore,8,2,moderate,Moderate confidence,91.2,83.0,96.8,13.8,78.3,63.0,28.2,well above typical,100.0,100.0,workable,0.887,0.6,0.595,0.904,0.83,0.6,1.228,"pressure,front,chl",72.69,4.22,4.34,0.217,Waxing Crescent,model-blended conditions + exact tide/moon,True,10.4,8.2,5.6,True,False,False
2026-10-16,la_jolla,La Jolla Kelp & Canyon,nearshore,barracuda,California Barracuda,pelagic_inshore,9,2,moderate,Moderate confidence,93.6,85.4,99.2,13.8,78.2,63.0,30.6,well above typical,100.0,100.0,workable,0.973,0.6,0.623,0.925,0.881,-1.6,1.205,"pressure,front,chl",72.16,3.79,3.78,0.3,Waxing Crescent,model-blended conditions + exact tide/moon,True,10.5,8.2,5.6,True,False,False
2026-10-17,la_jolla,La Jolla Kelp & Canyon,nearshore,barracuda,California Barracuda,pelagic_inshore,10,2,moderate,Moderate confidence,93.7,85.0,99.3,14.3,78.2,63.0,30.7,well above typical,100.0,100.0,workable,1.0,0.6,0.654,0.948,0.88,3.5,1.184,"pressure,front,chl",71.69,3.41,3.41,0.39,First Quarter,model-blended conditions + exact tide/moon,True,11.7,8.7,5.6,True,False,False
2026-10-18,la_jolla,La Jolla Kelp & Canyon,nearshore,barracuda,California Barracuda,pelagic_inshore,11,2,moderate,Moderate confidence,92.4,82.7,98.0,15.3,78.2,63.0,29.4,well above typical,100.0,100.0,workable,1.0,0.6,0.634,0.971,0.878,1.3,1.166,"pressure,front,chl",71.29,3.07,3.32,0.484,First Quarter,model-blended conditions + exact tide/moon,True,13.5,9.7,5.6,True,False,False
2026-10-19,la_jolla,La Jolla Kelp & Canyon,nearshore,barracuda,California Barracuda,pelagic_inshore,12,2,moderate,Moderate confidence,83.9,74.1,90.1,16.0,78.2,62.9,21.0,well above typical,100.0,100.0,workable,1.0,0.6,0.389,0.955,0.877,0.0,1.15,"pressure,front,chl",70.91,2.78,1.07,0.579,First Quarter,model-blended conditions + exact tide/moon,True,16.0,9.8,6.2,False,False,False
2026-10-20,la_jolla,La Jolla Kelp & Canyon,nearshore,barracuda,California Barracuda,pelagic_inshore,13,2,moderate,Moderate confidence,87.2,76.8,95.3,18.5,78.2,62.9,24.3,well above typical,100.0,100.0,workable,1.0,0.6,0.525,0.932,0.877,0.0,1.136,"pressure,front,chl",70.56,2.51,3.7,0.673,Waxing Gibbous,model-blended conditions + exact tide/moon,True,18.5,10.4,8.1,False,False,False
2026-10-21,la_jolla,La Jolla Kelp & Canyon,nearshore,barracuda,California Barracuda,pelagic_inshore,14,2,moderate,Moderate confidence,87.4,76.7,96.7,20.0,78.2,62.9,24.5,well above typical,100.0,100.0,workable,1.0,0.6,0.571,0.909,0.877,-1.7,1.123,"pressure,front,chl",70.25,2.28,3.95,0.762,Waxing Gibbous,model-blended conditions + exact tide/moon,True,20.0,10.7,9.3,False,False,False
2026-10-22,la_jolla,La Jolla Kelp & Canyon,nearshore,barracuda,California Barracuda,pelagic_inshore,15,3,outlook,Outlook / trend only,87.4,72.3,99.9,27.6,78.2,62.9,24.5,well above typical,,100.0,climatological sea state,1.0,0.6,0.618,0.889,0.876,-2.5,1.108,"pressure,front,chl",69.88,2.0,4.22,0.844,Waxing Gibbous,climatology + ENSO analog + exact tide/moon,True,27.6,15.1,12.5,False,False,False
2026-10-23,la_jolla,La Jolla Kelp & Canyon,nearshore,barracuda,California Barracuda,pelagic_inshore,16,3,outlook,Outlook / trend only,87.7,72.3,99.9,27.6,78.2,62.9,24.8,well above typical,,100.0,climatological sea state,1.0,0.6,0.668,0.872,0.875,,1.098,"pressure,front,chl",69.59,1.82,4.6,0.912,Waxing Gibbous,climatology + ENSO analog + exact tide/moon,True,27.6,15.4,12.5,True,True,False
2026-10-24,la_jolla,La Jolla Kelp & Canyon,nearshore,barracuda,California Barracuda,pelagic_inshore,17,3,outlook,Outlook / trend only,85.2,69.8,99.9,30.1,78.2,63.0,22.2,well above typical,,100.0,climatological sea state,1.0,0.6,0.595,0.859,0.878,,1.09,"pressure,front,chl",69.3,1.66,5.59,0.964,Waxing Gibbous,climatology + ENSO analog + exact tide/moon,True,30.0,15.4,14.7,True,False,False
2026-10-25,la_jolla,La Jolla Kelp & Canyon,nearshore,barracuda,California Barracuda,pelagic_inshore,18,3,outlook,Outlook / trend only,85.4,69.8,99.9,30.1,78.2,63.0,22.4,well above typical,,100.0,climatological sea state,1.0,0.6,0.628,0.852,0.881,,1.082,"pressure,front,chl",69.02,1.52,6.5,0.994,Full,climatology + ENSO analog + exact tide/moon,True,30.1,15.6,14.7,True,True,False
2026-10-26,la_jolla,La Jolla Kelp & Canyon,nearshore,barracuda,California Barracuda,pelagic_inshore,19,3,outlook,Outlook / trend only,85.0,69.2,99.9,30.7,78.3,63.0,22.0,well above typical,,100.0,climatological sea state,1.0,0.6,0.629,0.85,0.883,,1.076,"pressure,front,chl",68.78,1.4,7.14,0.999,Full,climatology + ENSO analog + exact tide/moon,True,30.7,15.8,14.9,False,False,False
2026-10-27,la_jolla,La Jolla Kelp & Canyon,nearshore,barracuda,California Barracuda,pelagic_inshore,20,3,outlook,Outlook / trend only,85.1,69.0,99.9,30.9,78.3,63.0,22.1,well above typical,,100.0,climatological sea state,1.0,0.6,0.651,0.856,0.883,,1.07,"pressure,front,chl",68.55,1.29,7.42,0.976,Full,climatology + ENSO analog + exact tide/moon,True,30.9,16.1,14.9,True,True,False
2026-10-28,la_jolla,La Jolla Kelp & Canyon,nearshore,barracuda,California Barracuda,pelagic_inshore,21,3,outlook,Outlook / trend only,85.3,68.9,99.9,31.0,78.3,63.0,22.3,well above typical,,100.0,climatological sea state,1.0,0.6,0.677,0.868,0.885,,1.064,"pressure,front,chl",68.34,1.19,7.32,0.927,Waning Gibbous,climatology + ENSO analog + exact tide/moon,True,31.0,16.4,14.9,True,True,False
2026-10-29,la_jolla,La Jolla Kelp & Canyon,nearshore,barracuda,California Barracuda,pelagic_inshore,22,3,outlook,Outlook / trend only,85.9,69.4,99.9,30.5,78.3,63.0,22.9,well above typical,,100.0,climatological sea state,1.0,0.6,0.715,0.886,0.888,,1.06,"pressure,front,chl",68.13,1.11,6.86,0.854,Waning Gibbous,climatology + ENSO analog + exact tide/moon,True,30.5,16.5,14.9,True,True,False
2026-10-30,la_jolla,La Jolla Kelp & Canyon,nearshore,barracuda,California Barracuda,pelagic_inshore,23,3,outlook,Outlook / trend only,86.5,69.8,99.9,30.1,78.3,63.1,23.4,well above typical,,100.0,climatological sea state,1.0,0.6,0.755,0.91,0.89,,1.056,"pressure,front,chl",67.93,1.03,6.19,0.761,Waning Gibbous,climatology + ENSO analog + exact tide/moon,True,30.1,16.7,14.9,True,True,False
2026-10-31,la_jolla,La Jolla Kelp & Canyon,nearshore,barracuda,California Barracuda,pelagic_inshore,24,3,outlook,Outlook / trend only,86.8,69.6,99.9,30.3,78.4,63.1,23.7,well above typical,,100.0,climatological sea state,1.0,0.6,0.774,0.936,0.893,,1.052,"pressure,front,chl",67.71,0.97,5.49,0.655,Waning Gibbous,climatology + ENSO analog + exact tide/moon,True,30.3,17.2,14.9,True,True,False
2026-11-01,la_jolla,La Jolla Kelp & Canyon,nearshore,barracuda,California Barracuda,pelagic_inshore,25,3,outlook,Outlook / trend only,79.0,61.8,95.4,33.6,72.2,58.2,20.8,well above typical,,100.0,climatological sea state,1.0,0.4,0.746,0.964,0.891,,1.065,"pressure,front,chl",67.78,1.21,4.92,0.543,Last Quarter,climatology + ENSO analog + exact tide/moon,True,32.9,17.2,16.4,True,False,False
2026-11-02,la_jolla,La Jolla Kelp & Canyon,nearshore,barracuda,California Barracuda,pelagic_inshore,26,3,outlook,Outlook / trend only,77.3,60.1,93.8,33.7,72.2,58.1,19.2,well above typical,,100.0,climatological sea state,1.0,0.4,0.67,0.958,0.89,,1.063,"pressure,front,chl",67.55,1.16,4.55,0.43,Last Quarter,climatology + ENSO analog + exact tide/moon,True,33.0,17.2,16.5,True,False,False
2026-11-03,la_jolla,La Jolla Kelp & Canyon,nearshore,barracuda,California Barracuda,pelagic_inshore,27,3,outlook,Outlook / trend only,73.8,56.6,90.3,33.7,72.2,58.1,15.7,well above typical,,100.0,climatological sea state,1.0,0.4,0.527,0.93,0.89,,1.06,"pressure,front,chl",67.32,1.12,4.29,0.322,Last Quarter,climatology + ENSO analog + exact tide/moon,True,32.7,17.2,16.5,True,False,False
2026-11-04,la_jolla,La Jolla Kelp & Canyon,nearshore,barracuda,California Barracuda,pelagic_inshore,28,3,outlook,Outlook / trend only,74.7,57.5,91.5,34.0,72.2,58.2,16.5,well above typical,,100.0,climatological sea state,1.0,0.4,0.576,0.906,0.891,,1.058,"pressure,front,chl",67.1,1.08,4.47,0.226,Waning Crescent,climatology + ENSO analog + exact tide/moon,True,33.5,17.2,16.8,True,False,False
2026-11-05,la_jolla,La Jolla Kelp & Canyon,nearshore,barracuda,California Barracuda,pelagic_inshore,29,3,outlook,Outlook / trend only,75.2,58.0,92.3,34.3,72.3,58.2,17.0,well above typical,,100.0,climatological sea state,1.0,0.4,0.629,0.886,0.893,,1.049,"pressure,front,chl",66.74,0.91,4.81,0.144,Waning Crescent,climatology + ENSO analog + exact tide/moon,True,34.3,17.2,17.1,False,False,False
2026-11-06,la_jolla,La Jolla Kelp & Canyon,nearshore,barracuda,California Barracuda,pelagic_inshore,30,3,outlook,Outlook / trend only,74.8,57.3,92.2,34.9,72.3,58.2,16.6,well above typical,,100.0,climatological sea state,1.0,0.4,0.619,0.87,0.893,,1.048,"pressure,front,chl",66.52,0.88,5.63,0.079,Waning Crescent,climatology + ENSO analog + exact tide/moon,True,34.9,17.5,17.4,False,False,False
2026-10-14,la_jolla,La Jolla Kelp & Canyon,nearshore,bonito,Pacific Bonito,pelagic_inshore,7,2,moderate,Moderate confidence,99.4,96.1,99.9,3.8,82.1,66.1,33.3,well above typical,100.0,100.0,workable,1.0,0.75,0.809,0.886,0.873,0.2,1.35,"pressure,front,chl",73.27,4.71,4.97,0.143,Waxing Crescent,model-blended conditions + exact tide/moon,True,3.8,3.3,0.5,False,False,False
2026-10-15,la_jolla,La Jolla Kelp & Canyon,nearshore,bonito,Pacific Bonito,pelagic_inshore,8,2,moderate,Moderate confidence,99.4,95.7,99.9,4.2,82.1,66.1,33.3,well above typical,100.0,100.0,workable,1.0,0.75,0.775,0.904,0.885,0.6,1.35,"pressure,front,chl",72.69,4.22,4.34,0.217,Waxing Crescent,model-blended conditions + exact tide/moon,True,4.2,3.7,0.5,False,False,False
2026-10-16,la_jolla,La Jolla Kelp & Canyon,nearshore,bonito,Pacific Bonito,pelagic_inshore,9,2,moderate,Moderate confidence,99.4,95.1,99.9,4.8,82.0,66.0,33.4,well above typical,100.0,100.0,workable,1.0,0.75,0.744,0.925,0.929,-1.6,1.341,"pressure,front,chl",72.16,3.79,3.78,0.3,Waxing Crescent,model-blended conditions + exact tide/moon,True,4.8,4.3,0.5,False,False,False
2026-10-17,la_jolla,La Jolla Kelp & Canyon,nearshore,bonito,Pacific Bonito,pelagic_inshore,10,2,moderate,Moderate confidence,99.2,94.2,99.9,5.7,82.0,66.0,33.2,well above typical,100.0,100.0,workable,1.0,0.75,0.726,0.948,0.927,3.5,1.307,"pressure,front,chl",71.69,3.41,3.41,0.39,First Quarter,model-blended conditions + exact tide/moon,True,5.7,5.0,0.7,False,False,False
2026-10-18,la_jolla,La Jolla Kelp & Canyon,nearshore,bonito,Pacific Bonito,pelagic_inshore,11,2,moderate,Moderate confidence,98.9,93.0,99.9,6.9,82.0,66.0,32.9,well above typical,100.0,100.0,workable,1.0,0.75,0.728,0.971,0.926,1.3,1.276,"pressure,front,chl",71.29,3.07,3.32,0.484,First Quarter,model-blended conditions + exact tide/moon,True,6.9,5.9,1.0,False,False,False
2026-10-19,la_jolla,La Jolla Kelp & Canyon,nearshore,bonito,Pacific Bonito,pelagic_inshore,12,2,moderate,Moderate confidence,98.4,90.9,99.9,9.0,82.0,66.0,32.4,well above typical,100.0,100.0,workable,1.0,0.75,0.659,0.955,0.925,0.0,1.25,"pressure,front,chl",70.91,2.78,1.07,0.579,First Quarter,model-blended conditions + exact tide/moon,True,9.0,7.5,1.5,False,False,False
2026-10-20,la_jolla,La Jolla Kelp & Canyon,nearshore,bonito,Pacific Bonito,pelagic_inshore,13,2,moderate,Moderate confidence,98.4,90.2,99.9,9.7,82.0,66.0,32.4,well above typical,100.0,100.0,workable,1.0,0.75,0.75,0.932,0.925,0.0,1.226,"pressure,front,chl",70.56,2.51,3.7,0.673,Waxing Gibbous,model-blended conditions + exact tide/moon,True,9.7,8.2,1.5,False,False,False
2026-10-21,la_jolla,La Jolla Kelp & Canyon,nearshore,bonito,Pacific Bonito,pelagic_inshore,14,2,moderate,Moderate confidence,98.1,88.7,99.9,11.2,82.0,66.0,32.1,well above typical,100.0,100.0,workable,1.0,0.75,0.768,0.909,0.925,-1.7,1.205,"pressure,front,chl",70.25,2.28,3.95,0.762,Waxing Gibbous,model-blended conditions + exact tide/moon,True,11.2,9.4,1.8,False,False,False
2026-10-22,la_jolla,La Jolla Kelp & Canyon,nearshore,bonito,Pacific Bonito,pelagic_inshore,15,3,outlook,Outlook / trend only,97.7,82.4,99.9,17.5,82.0,66.0,31.7,well above typical,,100.0,climatological sea state,1.0,0.75,0.787,0.889,0.924,-2.5,1.18,"pressure,front,chl",69.88,2.0,4.22,0.844,Waxing Gibbous,climatology + ENSO analog + exact tide/moon,True,17.5,15.3,2.2,False,False,False
2026-10-23,la_jolla,La Jolla Kelp & Canyon,nearshore,bonito,Pacific Bonito,pelagic_inshore,16,3,outlook,Outlook / trend only,97.4,80.9,99.9,19.0,82.0,66.0,31.4,well above typical,,100.0,climatological sea state,1.0,0.75,0.807,0.872,0.924,,1.164,"pressure,front,chl",69.59,1.82,4.6,0.912,Waxing Gibbous,climatology + ENSO analog + exact tide/moon,True,19.0,16.5,2.5,False,False,False
2026-10-24,la_jolla,La Jolla Kelp & Canyon,nearshore,bonito,Pacific Bonito,pelagic_inshore,17,3,outlook,Outlook / trend only,97.3,80.1,99.9,19.8,82.0,66.0,31.3,well above typical,,100.0,climatological sea state,1.0,0.75,0.853,0.859,0.926,,1.149,"pressure,front,chl",69.3,1.66,5.59,0.964,Waxing Gibbous,climatology + ENSO analog + exact tide/moon,True,19.8,17.2,2.6,False,False,False
2026-10-25,la_jolla,La Jolla Kelp & Canyon,nearshore,bonito,Pacific Bonito,pelagic_inshore,18,3,outlook,Outlook / trend only,97.1,79.1,99.9,20.8,82.0,66.0,31.1,well above typical,,100.0,climatological sea state,1.0,0.75,0.894,0.852,0.929,,1.137,"pressure,front,chl",69.02,1.52,6.5,0.994,Full,climatology + ENSO analog + exact tide/moon,True,20.8,18.0,2.8,False,False,False
2026-10-26,la_jolla,La Jolla Kelp & Canyon,nearshore,bonito,Pacific Bonito,pelagic_inshore,19,3,outlook,Outlook / trend only,96.9,77.9,99.9,22.0,82.0,66.0,30.9,well above typical,,100.0,climatological sea state,1.0,0.75,0.902,0.85,0.93,,1.126,"pressure,front,chl",68.78,1.4,7.14,0.999,Full,climatology + ENSO analog + exact tide/moon,True,22.0,19.0,3.0,False,False,False
2026-10-27,la_jolla,La Jolla Kelp & Canyon,nearshore,bonito,Pacific Bonito,pelagic_inshore,20,3,outlook,Outlook / trend only,96.6,76.6,99.9,23.3,82.1,66.1,30.5,well above typical,,100.0,climatological sea state,1.0,0.75,0.903,0.856,0.93,,1.116,"pressure,front,chl",68.55,1.29,7.42,0.976,Full,climatology + ENSO analog + exact tide/moon,True,23.3,20.0,3.3,False,False,False
2026-10-28,la_jolla,La Jolla Kelp & Canyon,nearshore,bonito,Pacific Bonito,pelagic_inshore,21,3,outlook,Outlook / trend only,96.3,75.4,99.9,24.5,82.1,66.1,30.2,well above typical,,100.0,climatological sea state,1.0,0.75,0.897,0.868,0.932,,1.107,"pressure,front,chl",68.34,1.19,7.32,0.927,Waning Gibbous,climatology + ENSO analog + exact tide/moon,True,24.5,20.9,3.6,False,False,False
2026-10-29,la_jolla,La Jolla Kelp & Canyon,nearshore,bonito,Pacific Bonito,pelagic_inshore,22,3,outlook,Outlook / trend only,96.0,74.6,99.9,25.3,82.1,66.1,29.9,well above typical,,100.0,climatological sea state,1.0,0.75,0.885,0.886,0.935,,1.1,"pressure,front,chl",68.13,1.11,6.86,0.854,Waning Gibbous,climatology + ENSO analog + exact tide/moon,True,25.3,21.4,3.9,False,False,False
2026-10-30,la_jolla,La Jolla Kelp & Canyon,nearshore,bonito,Pacific Bonito,pelagic_inshore,23,3,outlook,Outlook / trend only,95.7,73.5,99.9,26.4,82.1,66.1,29.6,well above typical,,100.0,climatological sea state,1.0,0.75,0.86,0.91,0.937,,1.093,"pressure,front,chl",67.93,1.03,6.19,0.761,Waning Gibbous,climatology + ENSO analog + exact tide/moon,True,26.4,22.2,4.2,False,False,False
2026-10-31,la_jolla,La Jolla Kelp & Canyon,nearshore,bonito,Pacific Bonito,pelagic_inshore,24,3,outlook,Outlook / trend only,95.3,72.1,99.9,27.8,82.2,66.1,29.2,well above typical,,100.0,climatological sea state,1.0,0.75,0.827,0.936,0.939,,1.087,"pressure,front,chl",67.71,0.97,5.49,0.655,Waning Gibbous,climatology + ENSO analog + exact tide/moon,True,27.8,23.2,4.6,False,False,False
2026-11-01,la_jolla,La Jolla Kelp & Canyon,nearshore,bonito,Pacific Bonito,pelagic_inshore,25,3,outlook,Outlook / trend only,87.5,63.7,99.9,36.2,74.9,60.3,27.2,well above typical,,100.0,climatological sea state,1.0,0.45,0.805,0.964,0.937,,1.109,"pressure,front,chl",67.78,1.21,4.92,0.543,Last Quarter,climatology + ENSO analog + exact tide/moon,True,36.2,23.8,12.4,False,False,False
2026-11-02,la_jolla,La Jolla Kelp & Canyon,nearshore,bonito,Pacific Bonito,pelagic_inshore,26,3,outlook,Outlook / trend only,87.0,62.8,99.9,37.1,74.9,60.3,26.7,well above typical,,100.0,climatological sea state,1.0,0.45,0.794,0.958,0.936,,1.104,"pressure,front,chl",67.55,1.16,4.55,0.43,Last Quarter,climatology + ENSO analog + exact tide/moon,True,37.1,24.2,12.9,False,False,False
2026-11-03,la_jolla,La Jolla Kelp & Canyon,nearshore,bonito,Pacific Bonito,pelagic_inshore,27,3,outlook,Outlook / trend only,86.5,60.9,99.9,39.0,74.9,60.3,26.2,well above typical,,100.0,climatological sea state,1.0,0.45,0.788,0.93,0.936,,1.101,"pressure,front,chl",67.32,1.12,4.29,0.322,Last Quarter,climatology + ENSO analog + exact tide/moon,True,39.0,25.6,13.4,False,False,False
2026-11-04,la_jolla,La Jolla Kelp & Canyon,nearshore,bonito,Pacific Bonito,pelagic_inshore,28,3,outlook,Outlook / trend only,86.4,58.7,99.9,41.2,74.9,60.3,26.1,well above typical,,100.0,climatological sea state,1.0,0.45,0.801,0.906,0.937,,1.097,"pressure,front,chl",67.1,1.08,4.47,0.226,Waning Crescent,climatology + ENSO analog + exact tide/moon,True,41.2,27.7,13.5,False,False,False
2026-11-05,la_jolla,La Jolla Kelp & Canyon,nearshore,bonito,Pacific Bonito,pelagic_inshore,29,3,outlook,Outlook / trend only,85.4,54.7,99.9,45.2,74.9,60.3,25.1,well above typical,,100.0,climatological sea state,1.0,0.45,0.816,0.886,0.939,,1.082,"pressure,front,chl",66.74,0.91,4.81,0.144,Waning Crescent,climatology + ENSO analog + exact tide/moon,True,45.2,30.7,14.5,False,False,False
2026-11-06,la_jolla,La Jolla Kelp & Canyon,nearshore,bonito,Pacific Bonito,pelagic_inshore,30,3,outlook,Outlook / trend only,85.6,52.6,99.9,47.3,74.9,60.3,25.3,well above typical,,100.0,climatological sea state,1.0,0.45,0.853,0.87,0.939,,1.079,"pressure,front,chl",66.52,0.88,5.63,0.079,Waning Crescent,climatology + ENSO analog + exact tide/moon,True,47.3,33.0,14.5,True,True,False
2026-10-14,la_jolla,La Jolla Kelp & Canyon,nearshore,calico_bass,Calico Bass (Kelp Bass),bass,7,2,moderate,Moderate confidence,92.0,85.7,95.7,10.0,81.1,65.3,26.7,well above typical,100.0,100.0,workable,1.0,0.7,0.588,0.886,0.816,0.2,1.17,"pressure,chl",73.27,4.71,4.97,0.143,Waxing Crescent,model-blended conditions + exact tide/moon,True,10.0,6.3,3.7,False,False,False
2026-10-15,la_jolla,La Jolla Kelp & Canyon,nearshore,calico_bass,Calico Bass (Kelp Bass),bass,8,2,moderate,Moderate confidence,91.4,84.6,97.0,12.4,81.1,65.3,26.1,well above typical,100.0,100.0,workable,1.0,0.7,0.595,0.904,0.83,0.6,1.152,"pressure,chl",72.69,4.22,4.34,0.217,Waxing Crescent,model-blended conditions + exact tide/moon,True,12.4,6.8,5.6,False,False,False
2026-10-16,la_jolla,La Jolla Kelp & Canyon,nearshore,calico_bass,Calico Bass (Kelp Bass),bass,9,2,moderate,Moderate confidence,91.9,84.8,97.7,12.9,81.1,65.3,26.6,well above typical,100.0,100.0,workable,1.0,0.7,0.623,0.925,0.881,-1.6,1.136,"pressure,chl",72.16,3.79,3.78,0.3,Waxing Crescent,model-blended conditions + exact tide/moon,True,12.9,7.1,5.8,False,False,False
2026-10-17,la_jolla,La Jolla Kelp & Canyon,nearshore,calico_bass,Calico Bass (Kelp Bass),bass,10,2,moderate,Moderate confidence,91.8,84.4,97.8,13.4,81.0,65.2,26.6,well above typical,100.0,100.0,workable,1.0,0.7,0.654,0.948,0.88,3.5,1.123,"pressure,chl",71.69,3.41,3.41,0.39,First Quarter,model-blended conditions + exact tide/moon,True,13.4,7.4,6.0,False,False,False
2026-10-18,la_jolla,La Jolla Kelp & Canyon,nearshore,calico_bass,Calico Bass (Kelp Bass),bass,11,2,moderate,Moderate confidence,90.5,82.7,97.2,14.5,81.0,65.2,25.3,well above typical,100.0,100.0,workable,1.0,0.7,0.634,0.971,0.878,1.3,1.111,"pressure,chl",71.29,3.07,3.32,0.484,First Quarter,model-blended conditions + exact tide/moon,True,14.5,7.8,6.7,False,False,False
2026-10-19,la_jolla,La Jolla Kelp & Canyon,nearshore,calico_bass,Calico Bass (Kelp Bass),bass,12,2,moderate,Moderate confidence,81.6,73.8,89.2,15.4,81.0,65.2,16.4,well above typical,100.0,100.0,workable,1.0,0.7,0.389,0.955,0.877,0.0,1.1,"pressure,chl",70.91,2.78,1.07,0.579,First Quarter,model-blended conditions + exact tide/moon,True,15.2,7.8,7.6,True,False,False
2026-10-20,la_jolla,La Jolla Kelp & Canyon,nearshore,calico_bass,Calico Bass (Kelp Bass),bass,13,2,moderate,Moderate confidence,85.5,77.5,93.5,16.0,81.0,65.2,20.3,well above typical,100.0,100.0,workable,1.0,0.7,0.525,0.932,0.877,0.0,1.09,"pressure,chl",70.56,2.51,3.7,0.673,Waxing Gibbous,model-blended conditions + exact tide/moon,True,16.0,8.0,8.0,False,False,False
2026-10-21,la_jolla,La Jolla Kelp & Canyon,nearshore,calico_bass,Calico Bass (Kelp Bass),bass,14,2,moderate,Moderate confidence,86.1,77.8,94.3,16.5,81.0,65.2,20.9,well above typical,100.0,100.0,workable,1.0,0.7,0.571,0.909,0.877,-1.7,1.082,"pressure,chl",70.25,2.28,3.95,0.762,Waxing Gibbous,model-blended conditions + exact tide/moon,True,16.5,8.3,8.2,False,False,False
2026-10-22,la_jolla,La Jolla Kelp & Canyon,nearshore,calico_bass,Calico Bass (Kelp Bass),bass,15,3,outlook,Outlook / trend only,86.4,73.9,98.7,24.8,81.0,65.2,21.2,well above typical,,100.0,climatological sea state,1.0,0.7,0.618,0.889,0.876,-2.5,1.072,"pressure,chl",69.88,2.0,4.22,0.844,Waxing Gibbous,climatology + ENSO analog + exact tide/moon,True,24.8,12.5,12.3,False,False,False
2026-10-23,la_jolla,La Jolla Kelp & Canyon,nearshore,calico_bass,Calico Bass (Kelp Bass),bass,16,3,outlook,Outlook / trend only,87.0,74.3,99.4,25.1,81.0,65.2,21.8,well above typical,,100.0,climatological sea state,1.0,0.7,0.668,0.872,0.875,,1.066,"pressure,chl",69.59,1.82,4.6,0.912,Waxing Gibbous,climatology + ENSO analog + exact tide/moon,True,25.1,12.7,12.4,False,False,False
2026-10-24,la_jolla,La Jolla Kelp & Canyon,nearshore,calico_bass,Calico Bass (Kelp Bass),bass,17,3,outlook,Outlook / trend only,84.6,71.9,97.3,25.4,81.0,65.2,19.4,well above typical,,100.0,climatological sea state,1.0,0.7,0.595,0.859,0.878,,1.06,"pressure,chl",69.3,1.66,5.59,0.964,Waxing Gibbous,climatology + ENSO analog + exact tide/moon,True,25.3,12.7,12.7,True,False,False
2026-10-25,la_jolla,La Jolla Kelp & Canyon,nearshore,calico_bass,Calico Bass (Kelp Bass),bass,18,3,outlook,Outlook / trend only,85.1,72.2,97.9,25.7,81.1,65.3,19.8,well above typical,,100.0,climatological sea state,1.0,0.7,0.628,0.852,0.881,,1.055,"pressure,chl",69.02,1.52,6.5,0.994,Full,climatology + ENSO analog + exact tide/moon,True,25.7,12.9,12.8,False,False,False
2026-10-26,la_jolla,La Jolla Kelp & Canyon,nearshore,calico_bass,Calico Bass (Kelp Bass),bass,19,3,outlook,Outlook / trend only,84.8,71.8,97.8,26.0,81.1,65.3,19.5,well above typical,,100.0,climatological sea state,1.0,0.7,0.629,0.85,0.883,,1.05,"pressure,chl",68.78,1.4,7.14,0.999,Full,climatology + ENSO analog + exact tide/moon,True,26.0,13.0,13.0,False,False,False
2026-10-27,la_jolla,La Jolla Kelp & Canyon,nearshore,calico_bass,Calico Bass (Kelp Bass),bass,20,3,outlook,Outlook / trend only,85.1,71.9,98.2,26.3,81.1,65.3,19.8,well above typical,,100.0,climatological sea state,1.0,0.7,0.651,0.856,0.883,,1.046,"pressure,chl",68.55,1.29,7.42,0.976,Full,climatology + ENSO analog + exact tide/moon,True,26.3,13.2,13.1,False,False,False
2026-10-28,la_jolla,La Jolla Kelp & Canyon,nearshore,calico_bass,Calico Bass (Kelp Bass),bass,21,3,outlook,Outlook / trend only,85.5,72.2,98.7,26.5,81.1,65.3,20.2,well above typical,,100.0,climatological sea state,1.0,0.7,0.677,0.868,0.885,,1.043,"pressure,chl",68.34,1.19,7.32,0.927,Waning Gibbous,climatology + ENSO analog + exact tide/moon,True,26.5,13.3,13.2,False,False,False
2026-10-29,la_jolla,La Jolla Kelp & Canyon,nearshore,calico_bass,Calico Bass (Kelp Bass),bass,22,3,outlook,Outlook / trend only,86.4,72.8,99.6,26.8,81.2,65.3,21.1,well above typical,,100.0,climatological sea state,1.0,0.7,0.715,0.886,0.888,,1.04,"pressure,chl",68.13,1.11,6.86,0.854,Waning Gibbous,climatology + ENSO analog + exact tide/moon,True,26.7,13.6,13.2,True,False,False
2026-10-30,la_jolla,La Jolla Kelp & Canyon,nearshore,calico_bass,Calico Bass (Kelp Bass),bass,23,3,outlook,Outlook / trend only,87.2,73.6,99.9,26.3,81.2,65.3,21.9,well above typical,,100.0,climatological sea state,1.0,0.7,0.755,0.91,0.89,,1.037,"pressure,chl",67.93,1.03,6.19,0.761,Waning Gibbous,climatology + ENSO analog + exact tide/moon,True,26.3,13.6,13.2,True,True,False
2026-10-31,la_jolla,La Jolla Kelp & Canyon,nearshore,calico_bass,Calico Bass (Kelp Bass),bass,24,3,outlook,Outlook / trend only,87.7,73.7,99.9,26.2,81.2,65.4,22.3,well above typical,,100.0,climatological sea state,1.0,0.7,0.774,0.936,0.893,,1.035,"pressure,chl",67.71,0.97,5.49,0.655,Waning Gibbous,climatology + ENSO analog + exact tide/moon,True,26.2,14.0,13.2,True,True,False
2026-11-01,la_jolla,La Jolla Kelp & Canyon,nearshore,calico_bass,Calico Bass (Kelp Bass),bass,25,3,outlook,Outlook / trend only,80.5,66.5,94.1,27.6,75.4,60.7,19.8,well above typical,,100.0,climatological sea state,1.0,0.5,0.746,0.964,0.891,,1.044,"pressure,chl",67.78,1.21,4.92,0.543,Last Quarter,climatology + ENSO analog + exact tide/moon,True,27.1,14.0,13.6,True,False,False
2026-11-02,la_jolla,La Jolla Kelp & Canyon,nearshore,calico_bass,Calico Bass (Kelp Bass),bass,26,3,outlook,Outlook / trend only,78.7,64.7,92.3,27.6,75.4,60.7,18.0,well above typical,,100.0,climatological sea state,1.0,0.5,0.67,0.958,0.89,,1.042,"pressure,chl",67.55,1.16,4.55,0.43,Last Quarter,climatology + ENSO analog + exact tide/moon,True,27.2,14.0,13.6,True,False,False
2026-11-03,la_jolla,La Jolla Kelp & Canyon,nearshore,calico_bass,Calico Bass (Kelp Bass),bass,27,3,outlook,Outlook / trend only,74.9,60.9,88.5,27.6,75.4,60.7,14.2,well above typical,,100.0,climatological sea state,1.0,0.5,0.527,0.93,0.89,,1.04,"pressure,chl",67.32,1.12,4.29,0.322,Last Quarter,climatology + ENSO analog + exact tide/moon,True,26.9,14.0,13.6,True,False,False
2026-11-04,la_jolla,La Jolla Kelp & Canyon,nearshore,calico_bass,Calico Bass (Kelp Bass),bass,28,3,outlook,Outlook / trend only,76.0,62.0,89.7,27.7,75.4,60.7,15.3,well above typical,,100.0,climatological sea state,1.0,0.5,0.576,0.906,0.891,,1.039,"pressure,chl",67.1,1.08,4.47,0.226,Waning Crescent,climatology + ENSO analog + exact tide/moon,True,27.5,14.0,13.7,True,False,False
2026-11-05,la_jolla,La Jolla Kelp & Canyon,nearshore,calico_bass,Calico Bass (Kelp Bass),bass,29,3,outlook,Outlook / trend only,76.7,62.7,90.7,28.0,75.4,60.7,16.0,well above typical,,100.0,climatological sea state,1.0,0.5,0.629,0.886,0.893,,1.033,"pressure,chl",66.74,0.91,4.81,0.144,Waning Crescent,climatology + ENSO analog + exact tide/moon,True,28.0,14.0,14.0,False,False,False
2026-11-06,la_jolla,La Jolla Kelp & Canyon,nearshore,calico_bass,Calico Bass (Kelp Bass),bass,30,3,outlook,Outlook / trend only,76.3,62.1,90.5,28.4,75.4,60.7,15.6,well above typical,,100.0,climatological sea state,1.0,0.5,0.619,0.87,0.893,,1.032,"pressure,chl",66.52,0.88,5.63,0.079,Waning Crescent,climatology + ENSO analog + exact tide/moon,True,28.4,14.2,14.2,False,False,False
2026-10-14,la_jolla,La Jolla Kelp & Canyon,nearshore,california_halibut,California Halibut,flatfish,7,2,moderate,Moderate confidence,27.6,10.4,43.4,33.0,73.2,59.0,-31.4,well below typical,100.0,100.0,workable,0.14,0.5,0.567,0.843,0.737,0.2,0.746,"pressure,chl",73.27,4.71,4.97,0.143,Waxing Crescent,model-blended conditions + exact tide/moon,True,33.0,17.2,15.8,False,False,False
2026-10-15,la_jolla,La Jolla Kelp & Canyon,nearshore,california_halibut,California Halibut,flatfish,8,2,moderate,Moderate confidence,33.6,10.8,49.4,38.6,73.6,59.2,-25.6,well below typical,100.0,100.0,workable,0.234,0.5,0.569,0.761,0.753,0.6,0.772,"pressure,chl",72.69,4.22,4.34,0.217,Waxing Crescent,model-blended conditions + exact tide/moon,True,38.0,22.8,15.8,True,False,False
2026-10-16,la_jolla,La Jolla Kelp & Canyon,nearshore,california_halibut,California Halibut,flatfish,9,2,moderate,Moderate confidence,38.8,16.0,54.6,38.6,73.8,59.5,-20.7,well below typical,100.0,100.0,workable,0.32,0.5,0.592,0.67,0.814,-1.6,0.795,"pressure,chl",72.16,3.79,3.78,0.3,Waxing Crescent,model-blended conditions + exact tide/moon,True,34.7,22.8,15.8,True,False,False
2026-10-17,la_jolla,La Jolla Kelp & Canyon,nearshore,california_halibut,California Halibut,flatfish,10,2,moderate,Moderate confidence,42.8,20.0,58.6,38.6,74.2,59.7,-16.9,well below typical,100.0,100.0,workable,0.397,0.5,0.62,0.571,0.813,3.5,0.816,"pressure,chl",71.69,3.41,3.41,0.39,First Quarter,model-blended conditions + exact tide/moon,True,33.6,22.8,15.8,True,False,False
2026-10-18,la_jolla,La Jolla Kelp & Canyon,nearshore,california_halibut,California Halibut,flatfish,11,2,moderate,Moderate confidence,45.1,22.3,60.9,38.6,74.4,59.9,-14.8,well below typical,100.0,100.0,workable,0.463,0.5,0.6,0.468,0.811,1.3,0.834,"pressure,chl",71.29,3.07,3.32,0.484,First Quarter,model-blended conditions + exact tide/moon,True,33.3,22.8,15.8,True,False,False
2026-10-19,la_jolla,La Jolla Kelp & Canyon,nearshore,california_halibut,California Halibut,flatfish,12,2,moderate,Moderate confidence,41.5,18.7,57.3,38.6,74.6,60.1,-18.6,well below typical,100.0,100.0,workable,0.525,0.5,0.35,0.537,0.809,0.0,0.85,"pressure,chl",70.91,2.78,1.07,0.579,First Quarter,model-blended conditions + exact tide/moon,True,30.1,22.8,15.8,True,False,False
2026-10-20,la_jolla,La Jolla Kelp & Canyon,nearshore,california_halibut,California Halibut,flatfish,13,2,moderate,Moderate confidence,48.6,25.8,64.5,38.7,75.0,60.3,-11.7,well below typical,100.0,100.0,workable,0.581,0.5,0.497,0.64,0.809,0.0,0.864,"pressure,chl",70.56,2.51,3.7,0.673,Waxing Gibbous,model-blended conditions + exact tide/moon,True,33.0,22.8,15.9,True,False,False
2026-10-21,la_jolla,La Jolla Kelp & Canyon,nearshore,california_halibut,California Halibut,flatfish,14,2,moderate,Moderate confidence,52.3,29.5,69.1,39.6,75.1,60.5,-8.2,well below typical,100.0,100.0,workable,0.632,0.5,0.545,0.738,0.809,-1.7,0.877,"pressure,chl",70.25,2.28,3.95,0.762,Waxing Gibbous,model-blended conditions + exact tide/moon,True,34.5,22.8,16.8,True,False,False
2026-10-22,la_jolla,La Jolla Kelp & Canyon,nearshore,california_halibut,California Halibut,flatfish,15,3,outlook,Outlook / trend only,56.5,33.7,77.9,44.2,75.1,60.5,-4.0,below typical,,100.0,climatological sea state,0.694,0.5,0.593,0.828,0.808,-2.5,0.892,"pressure,chl",69.88,2.0,4.22,0.844,Waxing Gibbous,climatology + ENSO analog + exact tide/moon,True,43.6,22.8,21.4,True,False,False
2026-10-23,la_jolla,La Jolla Kelp & Canyon,nearshore,california_halibut,California Halibut,flatfish,16,3,outlook,Outlook / trend only,60.0,37.2,81.4,44.2,75.1,60.5,-0.5,near typical,,100.0,climatological sea state,0.74,0.5,0.646,0.903,0.807,,0.902,"pressure,chl",69.59,1.82,4.6,0.912,Waxing Gibbous,climatology + ENSO analog + exact tide/moon,True,43.5,22.8,21.4,True,False,False
2026-10-24,la_jolla,La Jolla Kelp & Canyon,nearshore,california_halibut,California Halibut,flatfish,17,3,outlook,Outlook / trend only,60.3,37.5,81.7,44.2,75.1,60.5,-0.2,near typical,,100.0,climatological sea state,0.788,0.5,0.58,0.96,0.811,,0.91,"pressure,chl",69.3,1.66,5.59,0.964,Waxing Gibbous,climatology + ENSO analog + exact tide/moon,True,41.8,22.8,21.4,True,False,False
2026-10-25,la_jolla,La Jolla Kelp & Canyon,nearshore,california_halibut,California Halibut,flatfish,18,3,outlook,Outlook / trend only,63.1,40.3,84.5,44.2,75.2,60.5,2.6,near typical,,100.0,climatological sea state,0.833,0.5,0.619,0.993,0.815,,0.918,"pressure,chl",69.02,1.52,6.5,0.994,Full,climatology + ENSO analog + exact tide/moon,True,41.6,22.8,21.4,True,False,False
2026-10-26,la_jolla,La Jolla Kelp & Canyon,nearshore,california_halibut,California Halibut,flatfish,19,3,outlook,Outlook / trend only,64.7,41.5,86.1,44.6,75.2,60.5,4.2,above typical,,100.0,climatological sea state,0.873,0.5,0.622,0.999,0.816,,0.924,"pressure,chl",68.78,1.4,7.14,0.999,Full,climatology + ENSO analog + exact tide/moon,True,41.2,23.2,21.4,True,False,False
2026-10-27,la_jolla,La Jolla Kelp & Canyon,nearshore,california_halibut,California Halibut,flatfish,20,3,outlook,Outlook / trend only,66.5,43.0,87.9,44.9,75.2,60.5,6.0,above typical,,100.0,climatological sea state,0.91,0.5,0.643,0.974,0.817,,0.93,"pressure,chl",68.55,1.29,7.42,0.976,Full,climatology + ENSO analog + exact tide/moon,True,40.9,23.5,21.4,True,False,False
2026-10-28,la_jolla,La Jolla Kelp & Canyon,nearshore,california_halibut,California Halibut,flatfish,21,3,outlook,Outlook / trend only,68.2,44.3,89.6,45.3,75.2,60.6,7.6,above typical,,100.0,climatological sea state,0.945,0.5,0.668,0.92,0.819,,0.936,"pressure,chl",68.34,1.19,7.32,0.927,Waning Gibbous,climatology + ENSO analog + exact tide/moon,True,40.8,23.9,21.4,True,False,False
2026-10-29,la_jolla,La Jolla Kelp & Canyon,nearshore,california_halibut,California Halibut,flatfish,22,3,outlook,Outlook / trend only,69.9,45.9,91.3,45.4,75.3,60.6,9.3,well above typical,,100.0,climatological sea state,0.979,0.5,0.703,0.839,0.823,,0.94,"pressure,chl",68.13,1.11,6.86,0.854,Waning Gibbous,climatology + ENSO analog + exact tide/moon,True,40.3,24.0,21.4,True,False,False
2026-10-30,la_jolla,La Jolla Kelp & Canyon,nearshore,california_halibut,California Halibut,flatfish,23,3,outlook,Outlook / trend only,71.2,47.2,92.6,45.4,75.3,60.6,10.6,well above typical,,100.0,climatological sea state,1.0,0.5,0.739,0.737,0.825,,0.944,"pressure,chl",67.93,1.03,6.19,0.761,Waning Gibbous,climatology + ENSO analog + exact tide/moon,True,40.0,24.0,21.4,True,False,False
2026-10-31,la_jolla,La Jolla Kelp & Canyon,nearshore,california_halibut,California Halibut,flatfish,24,3,outlook,Outlook / trend only,71.1,47.1,92.5,45.4,75.3,60.6,10.5,well above typical,,100.0,climatological sea state,1.0,0.5,0.753,0.621,0.828,,0.948,"pressure,chl",67.71,0.97,5.49,0.655,Waning Gibbous,climatology + ENSO analog + exact tide/moon,True,39.9,24.0,21.4,True,False,False
2026-11-01,la_jolla,La Jolla Kelp & Canyon,nearshore,california_halibut,California Halibut,flatfish,25,3,outlook,Outlook / trend only,65.0,41.0,86.4,45.4,72.0,58.0,7.0,above typical,,100.0,climatological sea state,1.0,0.4,0.721,0.497,0.826,,0.935,"pressure,chl",67.78,1.21,4.92,0.543,Last Quarter,climatology + ENSO analog + exact tide/moon,True,39.0,24.0,21.4,True,False,False
2026-11-02,la_jolla,La Jolla Kelp & Canyon,nearshore,california_halibut,California Halibut,flatfish,26,3,outlook,Outlook / trend only,63.4,39.4,84.8,45.4,72.0,58.0,5.4,above typical,,100.0,climatological sea state,1.0,0.4,0.646,0.527,0.825,,0.937,"pressure,chl",67.55,1.16,4.55,0.43,Last Quarter,climatology + ENSO analog + exact tide/moon,True,38.1,24.0,21.4,True,False,False
2026-11-03,la_jolla,La Jolla Kelp & Canyon,nearshore,california_halibut,California Halibut,flatfish,27,3,outlook,Outlook / trend only,60.1,36.1,81.5,45.4,72.0,58.0,2.1,near typical,,100.0,climatological sea state,1.0,0.4,0.505,0.646,0.825,,0.94,"pressure,chl",67.32,1.12,4.29,0.322,Last Quarter,climatology + ENSO analog + exact tide/moon,True,36.7,24.0,21.4,True,False,False
2026-11-04,la_jolla,La Jolla Kelp & Canyon,nearshore,california_halibut,California Halibut,flatfish,28,3,outlook,Outlook / trend only,62.4,38.4,83.8,45.4,72.0,58.0,4.4,above typical,,100.0,climatological sea state,1.0,0.4,0.554,0.751,0.827,,0.942,"pressure,chl",67.1,1.08,4.47,0.226,Waning Crescent,climatology + ENSO analog + exact tide/moon,True,37.4,24.0,21.4,True,False,False
2026-11-05,la_jolla,La Jolla Kelp & Canyon,nearshore,california_halibut,California Halibut,flatfish,29,3,outlook,Outlook / trend only,65.1,41.1,86.5,45.4,72.0,58.0,7.1,above typical,,100.0,climatological sea state,1.0,0.4,0.608,0.842,0.828,,0.951,"pressure,chl",66.74,0.91,4.81,0.144,Waning Crescent,climatology + ENSO analog + exact tide/moon,True,37.8,24.0,21.4,True,False,False
2026-11-06,la_jolla,La Jolla Kelp & Canyon,nearshore,california_halibut,California Halibut,flatfish,30,3,outlook,Outlook / trend only,65.4,41.4,86.8,45.4,72.0,58.0,7.4,above typical,,100.0,climatological sea state,1.0,0.4,0.605,0.913,0.829,,0.952,"pressure,chl",66.52,0.88,5.63,0.079,Waning Crescent,climatology + ENSO analog + exact tide/moon,True,37.9,24.0,21.4,True,False,False
2026-10-14,la_jolla,La Jolla Kelp & Canyon,nearshore,rockfish,Rockfish Complex,groundfish,7,2,moderate,Moderate confidence,57.8,45.2,69.9,24.7,84.7,68.2,-10.4,well below typical,100.0,100.0,workable,0.908,0.85,0.929,0.886,0.847,0.2,0.661,"pressure,chl",73.27,4.71,4.97,0.143,Waxing Crescent,model-blended conditions + exact tide/moon,True,24.7,12.6,12.1,False,False,False
2026-10-15,la_jolla,La Jolla Kelp & Canyon,nearshore,rockfish,Rockfish Complex,groundfish,8,2,moderate,Moderate confidence,61.0,47.7,73.1,25.4,84.7,68.2,-7.2,below typical,100.0,100.0,workable,0.979,0.85,0.853,0.904,0.86,0.6,0.696,"pressure,chl",72.69,4.22,4.34,0.217,Waxing Crescent,model-blended conditions + exact tide/moon,True,25.2,13.3,12.1,True,False,False
2026-10-16,la_jolla,La Jolla Kelp & Canyon,nearshore,rockfish,Rockfish Complex,groundfish,9,2,moderate,Moderate confidence,64.4,50.7,76.8,26.1,84.6,68.1,-3.7,below typical,100.0,100.0,workable,1.0,0.85,0.784,0.925,0.907,-1.6,0.727,"pressure,chl",72.16,3.79,3.78,0.3,Waxing Crescent,model-blended conditions + exact tide/moon,True,26.1,13.7,12.4,False,False,False
2026-10-17,la_jolla,La Jolla Kelp & Canyon,nearshore,rockfish,Rockfish Complex,groundfish,10,2,moderate,Moderate confidence,66.1,52.4,78.9,26.5,84.6,68.1,-2.0,near typical,100.0,100.0,workable,1.0,0.85,0.744,0.948,0.905,3.5,0.754,"pressure,chl",71.69,3.41,3.41,0.39,First Quarter,model-blended conditions + exact tide/moon,True,26.5,13.7,12.8,False,False,False
2026-10-18,la_jolla,La Jolla Kelp & Canyon,nearshore,rockfish,Rockfish Complex,groundfish,11,2,moderate,Moderate confidence,68.3,54.4,81.7,27.3,84.5,68.0,0.3,near typical,100.0,100.0,workable,1.0,0.85,0.747,0.971,0.904,1.3,0.779,"pressure,chl",71.29,3.07,3.32,0.484,First Quarter,model-blended conditions + exact tide/moon,True,27.3,13.9,13.4,False,False,False
2026-10-19,la_jolla,La Jolla Kelp & Canyon,nearshore,rockfish,Rockfish Complex,groundfish,12,2,moderate,Moderate confidence,67.0,53.1,80.4,27.3,84.5,68.0,-1.0,near typical,100.0,100.0,workable,1.0,0.85,0.593,0.955,0.903,0.0,0.8,"pressure,chl",70.91,2.78,1.07,0.579,First Quarter,model-blended conditions + exact tide/moon,True,27.0,13.9,13.4,True,False,False
2026-10-20,la_jolla,La Jolla Kelp & Canyon,nearshore,rockfish,Rockfish Complex,groundfish,13,2,moderate,Moderate confidence,72.6,58.2,87.1,28.9,84.5,68.0,4.6,above typical,100.0,100.0,workable,1.0,0.85,0.797,0.932,0.903,0.0,0.819,"pressure,chl",70.56,2.51,3.7,0.673,Waxing Gibbous,model-blended conditions + exact tide/moon,True,28.9,14.4,14.5,False,False,False
2026-10-21,la_jolla,La Jolla Kelp & Canyon,nearshore,rockfish,Rockfish Complex,groundfish,14,2,moderate,Moderate confidence,74.8,59.9,89.7,29.8,84.5,68.0,6.8,above typical,100.0,100.0,workable,1.0,0.85,0.839,0.909,0.903,-1.7,0.836,"pressure,chl",70.25,2.28,3.95,0.762,Waxing Gibbous,model-blended conditions + exact tide/moon,True,29.8,14.9,14.9,False,False,False
2026-10-22,la_jolla,La Jolla Kelp & Canyon,nearshore,rockfish,Rockfish Complex,groundfish,15,3,outlook,Outlook / trend only,77.3,57.9,96.6,38.7,84.4,68.0,9.3,well above typical,,100.0,climatological sea state,1.0,0.85,0.88,0.889,0.902,-2.5,0.856,"pressure,chl",69.88,2.0,4.22,0.844,Waxing Gibbous,climatology + ENSO analog + exact tide/moon,True,38.7,19.4,19.3,False,False,False
2026-10-23,la_jolla,La Jolla Kelp & Canyon,nearshore,rockfish,Rockfish Complex,groundfish,16,3,outlook,Outlook / trend only,79.2,59.4,98.7,39.3,84.4,68.0,11.2,well above typical,,100.0,climatological sea state,1.0,0.85,0.926,0.872,0.901,,0.869,"pressure,chl",69.59,1.82,4.6,0.912,Waxing Gibbous,climatology + ENSO analog + exact tide/moon,True,39.3,19.8,19.5,False,False,False
2026-10-24,la_jolla,La Jolla Kelp & Canyon,nearshore,rockfish,Rockfish Complex,groundfish,17,3,outlook,Outlook / trend only,81.0,61.0,99.9,38.9,84.5,68.0,13.0,well above typical,,100.0,climatological sea state,1.0,0.85,0.97,0.859,0.904,,0.88,"pressure,chl",69.3,1.66,5.59,0.964,Waxing Gibbous,climatology + ENSO analog + exact tide/moon,True,38.9,20.0,19.5,True,True,False
2026-10-25,la_jolla,La Jolla Kelp & Canyon,nearshore,rockfish,Rockfish Complex,groundfish,18,3,outlook,Outlook / trend only,80.5,60.3,99.9,39.6,84.6,68.1,12.4,well above typical,,100.0,climatological sea state,1.0,0.85,0.878,0.852,0.907,,0.891,"pressure,chl",69.02,1.52,6.5,0.994,Full,climatology + ENSO analog + exact tide/moon,True,39.6,20.2,19.5,True,True,False
2026-10-26,la_jolla,La Jolla Kelp & Canyon,nearshore,rockfish,Rockfish Complex,groundfish,19,3,outlook,Outlook / trend only,81.0,60.5,99.9,39.4,84.7,68.2,12.8,well above typical,,100.0,climatological sea state,1.0,0.85,0.86,0.85,0.908,,0.899,"pressure,chl",68.78,1.4,7.14,0.999,Full,climatology + ENSO analog + exact tide/moon,True,39.4,20.5,19.5,True,True,False
2026-10-27,la_jolla,La Jolla Kelp & Canyon,nearshore,rockfish,Rockfish Complex,groundfish,20,3,outlook,Outlook / trend only,81.7,60.9,99.9,39.0,84.7,68.2,13.5,well above typical,,100.0,climatological sea state,1.0,0.85,0.858,0.856,0.909,,0.907,"pressure,chl",68.55,1.29,7.42,0.976,Full,climatology + ENSO analog + exact tide/moon,True,39.0,20.8,19.5,True,True,False
2026-10-28,la_jolla,La Jolla Kelp & Canyon,nearshore,rockfish,Rockfish Complex,groundfish,21,3,outlook,Outlook / trend only,82.7,61.6,99.9,38.3,84.7,68.2,14.5,well above typical,,100.0,climatological sea state,1.0,0.85,0.872,0.868,0.91,,0.914,"pressure,chl",68.34,1.19,7.32,0.927,Waning Gibbous,climatology + ENSO analog + exact tide/moon,True,38.3,21.1,19.5,True,True,False
2026-10-29,la_jolla,La Jolla Kelp & Canyon,nearshore,rockfish,Rockfish Complex,groundfish,22,3,outlook,Outlook / trend only,83.8,62.5,99.9,37.4,84.8,68.3,15.5,well above typical,,100.0,climatological sea state,1.0,0.85,0.9,0.886,0.913,,0.92,"pressure,chl",68.13,1.11,6.86,0.854,Waning Gibbous,climatology + ENSO analog + exact tide/moon,True,37.4,21.3,19.5,True,True,False
2026-10-30,la_jolla,La Jolla Kelp & Canyon,nearshore,rockfish,Rockfish Complex,groundfish,23,3,outlook,Outlook / trend only,85.5,63.8,99.9,36.1,84.9,68.3,17.2,well above typical,,100.0,climatological sea state,1.0,0.85,0.954,0.91,0.915,,0.926,"pressure,chl",67.93,1.03,6.19,0.761,Waning Gibbous,climatology + ENSO analog + exact tide/moon,True,36.1,21.7,19.5,True,True,False
2026-10-31,la_jolla,La Jolla Kelp & Canyon,nearshore,rockfish,Rockfish Complex,groundfish,24,3,outlook,Outlook / trend only,86.3,64.1,99.9,35.8,85.0,68.4,17.9,well above typical,,100.0,climatological sea state,1.0,0.85,0.971,0.936,0.917,,0.93,"pressure,chl",67.71,0.97,5.49,0.655,Waning Gibbous,climatology + ENSO analog + exact tide/moon,True,35.8,22.2,19.5,True,True,False
2026-11-01,la_jolla,La Jolla Kelp & Canyon,nearshore,rockfish,Rockfish Complex,groundfish,25,3,outlook,Outlook / trend only,80.7,58.5,99.9,41.4,82.3,66.2,14.5,well above typical,,100.0,climatological sea state,1.0,0.7,0.921,0.964,0.916,,0.913,"pressure,chl",67.78,1.21,4.92,0.543,Last Quarter,climatology + ENSO analog + exact tide/moon,True,41.2,22.2,19.5,True,True,False
2026-11-02,la_jolla,La Jolla Kelp & Canyon,nearshore,rockfish,Rockfish Complex,groundfish,26,3,outlook,Outlook / trend only,80.6,58.3,99.9,41.6,82.3,66.2,14.4,well above typical,,100.0,climatological sea state,1.0,0.7,0.897,0.958,0.915,,0.916,"pressure,chl",67.55,1.16,4.55,0.43,Last Quarter,climatology + ENSO analog + exact tide/moon,True,41.6,22.3,19.5,True,True,False
2026-11-03,la_jolla,La Jolla Kelp & Canyon,nearshore,rockfish,Rockfish Complex,groundfish,27,3,outlook,Outlook / trend only,80.5,57.8,99.9,42.1,82.3,66.2,14.3,well above typical,,100.0,climatological sea state,1.0,0.7,0.883,0.93,0.915,,0.919,"pressure,chl",67.32,1.12,4.29,0.322,Last Quarter,climatology + ENSO analog + exact tide/moon,True,42.1,22.7,19.5,True,True,False
2026-11-04,la_jolla,La Jolla Kelp & Canyon,nearshore,rockfish,Rockfish Complex,groundfish,28,3,outlook,Outlook / trend only,81.3,58.1,99.9,41.8,82.3,66.3,15.0,well above typical,,100.0,climatological sea state,1.0,0.7,0.913,0.906,0.916,,0.922,"pressure,chl",67.1,1.08,4.47,0.226,Waning Crescent,climatology + ENSO analog + exact tide/moon,True,41.8,23.2,19.5,True,True,False
2026-11-05,la_jolla,La Jolla Kelp & Canyon,nearshore,rockfish,Rockfish Complex,groundfish,29,3,outlook,Outlook / trend only,83.0,59.2,99.9,40.7,82.4,66.3,16.7,well above typical,,100.0,climatological sea state,1.0,0.7,0.947,0.886,0.917,,0.934,"pressure,chl",66.74,0.91,4.81,0.144,Waning Crescent,climatology + ENSO analog + exact tide/moon,True,40.7,23.8,19.5,True,True,False
2026-11-06,la_jolla,La Jolla Kelp & Canyon,nearshore,rockfish,Rockfish Complex,groundfish,30,3,outlook,Outlook / trend only,83.5,59.1,99.9,40.8,82.4,66.3,17.2,well above typical,,100.0,climatological sea state,1.0,0.7,0.97,0.87,0.918,,0.937,"pressure,chl",66.52,0.88,5.63,0.079,Waning Crescent,climatology + ENSO analog + exact tide/moon,True,40.8,24.4,19.5,True,True,False
2026-10-14,la_jolla,La Jolla Kelp & Canyon,nearshore,sheephead,California Sheephead,groundfish,7,2,moderate,Moderate confidence,79.6,76.6,82.6,6.0,84.0,67.6,12.0,well above typical,100.0,100.0,workable,1.0,0.85,0.588,0.886,0.816,0.2,1.0,"pressure,chl",73.27,4.71,4.97,0.143,Waxing Crescent,model-blended conditions + exact tide/moon,True,6.0,3.0,3.0,False,False,False
2026-10-15,la_jolla,La Jolla Kelp & Canyon,nearshore,sheephead,California Sheephead,groundfish,8,2,moderate,Moderate confidence,80.3,77.3,83.3,6.0,84.0,67.6,12.7,well above typical,100.0,100.0,workable,1.0,0.85,0.595,0.904,0.83,0.6,1.0,"pressure,chl",72.69,4.22,4.34,0.217,Waxing Crescent,model-blended conditions + exact tide/moon,True,6.0,3.0,3.0,False,False,False
2026-10-16,la_jolla,La Jolla Kelp & Canyon,nearshore,sheephead,California Sheephead,groundfish,9,2,moderate,Moderate confidence,82.9,79.9,85.9,6.0,83.9,67.6,15.3,well above typical,100.0,100.0,workable,1.0,0.85,0.623,0.925,0.881,-1.6,1.0,"pressure,chl",72.16,3.79,3.78,0.3,Waxing Crescent,model-blended conditions + exact tide/moon,True,6.0,3.0,3.0,False,False,False
2026-10-17,la_jolla,La Jolla Kelp & Canyon,nearshore,sheephead,California Sheephead,groundfish,10,2,moderate,Moderate confidence,83.8,80.8,86.8,6.0,83.9,67.5,16.3,well above typical,100.0,100.0,workable,1.0,0.85,0.654,0.948,0.88,3.5,1.0,"pressure,chl",71.69,3.41,3.41,0.39,First Quarter,model-blended conditions + exact tide/moon,True,6.0,3.0,3.0,False,False,False
2026-10-18,la_jolla,La Jolla Kelp & Canyon,nearshore,sheephead,California Sheephead,groundfish,11,2,moderate,Moderate confidence,83.2,80.2,86.2,6.0,83.9,67.5,15.7,well above typical,100.0,100.0,workable,1.0,0.85,0.634,0.971,0.878,1.3,1.0,"pressure,chl",71.29,3.07,3.32,0.484,First Quarter,model-blended conditions + exact tide/moon,True,6.0,3.0,3.0,False,False,False
2026-10-19,la_jolla,La Jolla Kelp & Canyon,nearshore,sheephead,California Sheephead,groundfish,12,2,moderate,Moderate confidence,74.0,71.0,77.0,6.0,83.8,67.5,6.5,above typical,100.0,100.0,workable,1.0,0.85,0.389,0.955,0.877,0.0,1.0,"pressure,chl",70.91,2.78,1.07,0.579,First Quarter,model-blended conditions + exact tide/moon,True,6.0,3.0,3.0,False,False,False
2026-10-20,la_jolla,La Jolla Kelp & Canyon,nearshore,sheephead,California Sheephead,groundfish,13,2,moderate,Moderate confidence,79.5,76.5,82.5,6.0,83.8,67.5,12.0,well above typical,100.0,100.0,workable,1.0,0.85,0.525,0.932,0.877,0.0,1.0,"pressure,chl",70.56,2.51,3.7,0.673,Waxing Gibbous,model-blended conditions + exact tide/moon,True,6.0,3.0,3.0,False,False,False
2026-10-21,la_jolla,La Jolla Kelp & Canyon,nearshore,sheephead,California Sheephead,groundfish,14,2,moderate,Moderate confidence,81.0,78.0,84.0,6.0,83.8,67.5,13.5,well above typical,100.0,100.0,workable,1.0,0.85,0.571,0.909,0.877,-1.7,1.0,"pressure,chl",70.25,2.28,3.95,0.762,Waxing Gibbous,model-blended conditions + exact tide/moon,True,6.0,3.0,3.0,False,False,False
2026-10-22,la_jolla,La Jolla Kelp & Canyon,nearshore,sheephead,California Sheephead,groundfish,15,3,outlook,Outlook / trend only,82.5,75.5,89.5,14.0,83.8,67.4,15.1,well above typical,,100.0,climatological sea state,1.0,0.85,0.618,0.889,0.876,-2.5,1.0,"pressure,chl",69.88,2.0,4.22,0.844,Waxing Gibbous,climatology + ENSO analog + exact tide/moon,True,14.0,7.0,7.0,False,False,False
2026-10-23,la_jolla,La Jolla Kelp & Canyon,nearshore,sheephead,California Sheephead,groundfish,16,3,outlook,Outlook / trend only,84.0,77.0,91.0,14.0,83.8,67.4,16.6,well above typical,,100.0,climatological sea state,1.0,0.85,0.668,0.872,0.875,,1.0,"pressure,chl",69.59,1.82,4.6,0.912,Waxing Gibbous,climatology + ENSO analog + exact tide/moon,True,14.0,7.0,7.0,False,False,False
2026-10-24,la_jolla,La Jolla Kelp & Canyon,nearshore,sheephead,California Sheephead,groundfish,17,3,outlook,Outlook / trend only,81.7,74.7,88.7,14.0,83.8,67.5,14.2,well above typical,,100.0,climatological sea state,1.0,0.85,0.595,0.859,0.878,,1.0,"pressure,chl",69.3,1.66,5.59,0.964,Waxing Gibbous,climatology + ENSO analog + exact tide/moon,True,14.0,7.0,7.0,False,False,False
2026-10-25,la_jolla,La Jolla Kelp & Canyon,nearshore,sheephead,California Sheephead,groundfish,18,3,outlook,Outlook / trend only,82.9,75.9,89.9,14.0,83.9,67.6,15.3,well above typical,,100.0,climatological sea state,1.0,0.85,0.628,0.852,0.881,,1.0,"pressure,chl",69.02,1.52,6.5,0.994,Full,climatology + ENSO analog + exact tide/moon,True,14.0,7.0,7.0,False,False,False
2026-10-26,la_jolla,La Jolla Kelp & Canyon,nearshore,sheephead,California Sheephead,groundfish,19,3,outlook,Outlook / trend only,83.0,76.0,90.0,14.0,84.0,67.6,15.4,well above typical,,100.0,climatological sea state,1.0,0.85,0.629,0.85,0.883,,1.0,"pressure,chl",68.78,1.4,7.14,0.999,Full,climatology + ENSO analog + exact tide/moon,True,14.0,7.0,7.0,False,False,False
2026-10-27,la_jolla,La Jolla Kelp & Canyon,nearshore,sheephead,California Sheephead,groundfish,20,3,outlook,Outlook / trend only,83.7,76.3,90.7,14.4,84.0,67.6,16.1,well above typical,,100.0,climatological sea state,1.0,0.85,0.651,0.856,0.883,,1.0,"pressure,chl",68.55,1.29,7.42,0.976,Full,climatology + ENSO analog + exact tide/moon,True,14.4,7.4,7.0,False,False,False
2026-10-28,la_jolla,La Jolla Kelp & Canyon,nearshore,sheephead,California Sheephead,groundfish,21,3,outlook,Outlook / trend only,84.5,76.0,91.5,15.5,84.0,67.6,16.9,well above typical,,100.0,climatological sea state,1.0,0.85,0.677,0.868,0.885,,1.0,"pressure,chl",68.34,1.19,7.32,0.927,Waning Gibbous,climatology + ENSO analog + exact tide/moon,True,15.5,8.5,7.0,False,False,False
2026-10-29,la_jolla,La Jolla Kelp & Canyon,nearshore,sheephead,California Sheephead,groundfish,22,3,outlook,Outlook / trend only,85.8,76.1,92.8,16.7,84.1,67.7,18.1,well above typical,,100.0,climatological sea state,1.0,0.85,0.715,0.886,0.888,,1.0,"pressure,chl",68.13,1.11,6.86,0.854,Waning Gibbous,climatology + ENSO analog + exact tide/moon,True,16.7,9.7,7.0,False,False,False
2026-10-30,la_jolla,La Jolla Kelp & Canyon,nearshore,sheephead,California Sheephead,groundfish,23,3,outlook,Outlook / trend only,87.0,76.1,94.0,17.9,84.2,67.8,19.2,well above typical,,100.0,climatological sea state,1.0,0.85,0.755,0.91,0.89,,1.0,"pressure,chl",67.93,1.03,6.19,0.761,Waning Gibbous,climatology + ENSO analog + exact tide/moon,True,17.9,10.9,7.0,False,False,False
2026-10-31,la_jolla,La Jolla Kelp & Canyon,nearshore,sheephead,California Sheephead,groundfish,24,3,outlook,Outlook / trend only,87.7,75.1,94.7,19.6,84.2,67.8,19.9,well above typical,,100.0,climatological sea state,1.0,0.85,0.774,0.936,0.893,,1.0,"pressure,chl",67.71,0.97,5.49,0.655,Waning Gibbous,climatology + ENSO analog + exact tide/moon,True,19.6,12.6,7.0,False,False,False
2026-11-01,la_jolla,La Jolla Kelp & Canyon,nearshore,sheephead,California Sheephead,groundfish,25,3,outlook,Outlook / trend only,83.8,71.2,90.8,19.6,81.6,65.7,18.1,well above typical,,100.0,climatological sea state,1.0,0.7,0.746,0.964,0.891,,1.0,"pressure,chl",67.78,1.21,4.92,0.543,Last Quarter,climatology + ENSO analog + exact tide/moon,True,19.5,12.6,7.0,True,False,False
2026-11-02,la_jolla,La Jolla Kelp & Canyon,nearshore,sheephead,California Sheephead,groundfish,26,3,outlook,Outlook / trend only,81.6,67.6,88.6,21.0,81.1,65.3,16.3,well above typical,,100.0,climatological sea state,1.0,0.7,0.67,0.958,0.89,,1.0,"pressure,chl",67.55,1.16,4.55,0.43,Last Quarter,climatology + ENSO analog + exact tide/moon,True,21.0,14.0,7.0,False,False,False
2026-11-03,la_jolla,La Jolla Kelp & Canyon,nearshore,sheephead,California Sheephead,groundfish,27,3,outlook,Outlook / trend only,77.0,61.7,84.0,22.3,80.4,64.7,12.3,well above typical,,100.0,climatological sea state,1.0,0.7,0.527,0.93,0.89,,1.0,"pressure,chl",67.32,1.12,4.29,0.322,Last Quarter,climatology + ENSO analog + exact tide/moon,True,22.3,15.3,7.0,False,False,False
2026-11-04,la_jolla,La Jolla Kelp & Canyon,nearshore,sheephead,California Sheephead,groundfish,28,3,outlook,Outlook / trend only,78.7,61.3,85.7,24.4,79.7,64.2,14.5,well above typical,,100.0,climatological sea state,1.0,0.7,0.576,0.906,0.891,,1.0,"pressure,chl",67.1,1.08,4.47,0.226,Waning Crescent,climatology + ENSO analog + exact tide/moon,True,24.4,17.4,7.0,False,False,False
2026-11-05,la_jolla,La Jolla Kelp & Canyon,nearshore,sheephead,California Sheephead,groundfish,29,3,outlook,Outlook / trend only,80.3,59.3,87.3,28.0,79.0,63.6,16.7,well above typical,,100.0,climatological sea state,1.0,0.7,0.629,0.886,0.893,,1.0,"pressure,chl",66.74,0.91,4.81,0.144,Waning Crescent,climatology + ENSO analog + exact tide/moon,True,28.0,21.0,7.0,False,False,False
2026-11-06,la_jolla,La Jolla Kelp & Canyon,nearshore,sheephead,California Sheephead,groundfish,30,3,outlook,Outlook / trend only,80.0,56.4,87.0,30.6,78.2,63.0,17.0,well above typical,,100.0,climatological sea state,1.0,0.7,0.619,0.87,0.893,,1.0,"pressure,chl",66.52,0.88,5.63,0.079,Waning Crescent,climatology + ENSO analog + exact tide/moon,True,30.6,23.6,7.0,False,False,False
2026-10-14,la_jolla,La Jolla Kelp & Canyon,nearshore,white_seabass,White Seabass,pelagic,7,2,moderate,Moderate confidence,22.5,18.2,44.8,26.6,69.5,55.9,-33.4,well below typical,100.0,100.0,workable,0.02,0.5,0.544,0.978,0.816,0.2,0.83,"pressure,front,chl",73.27,4.71,4.97,0.143,Waxing Crescent,model-blended conditions + exact tide/moon,True,26.6,4.3,22.3,False,False,False
2026-10-15,la_jolla,La Jolla Kelp & Canyon,nearshore,white_seabass,White Seabass,pelagic,8,2,moderate,Moderate confidence,31.6,18.6,53.9,35.3,69.8,56.1,-24.5,well below typical,100.0,100.0,workable,0.07,0.5,0.586,0.895,0.83,0.6,0.848,"pressure,front,chl",72.69,4.22,4.34,0.217,Waxing Crescent,model-blended conditions + exact tide/moon,True,32.7,13.0,22.3,True,False,False
2026-10-16,la_jolla,La Jolla Kelp & Canyon,nearshore,white_seabass,White Seabass,pelagic,9,2,moderate,Moderate confidence,39.6,19.0,61.9,42.9,70.0,56.4,-16.8,well below typical,100.0,100.0,workable,0.157,0.5,0.657,0.773,0.881,-1.6,0.864,"pressure,front,chl",72.16,3.79,3.78,0.3,Waxing Crescent,model-blended conditions + exact tide/moon,True,37.3,20.6,22.3,True,False,False
2026-10-17,la_jolla,La Jolla Kelp & Canyon,nearshore,white_seabass,White Seabass,pelagic,10,2,moderate,Moderate confidence,43.8,18.9,66.1,47.2,70.3,56.6,-12.8,well below typical,100.0,100.0,workable,0.234,0.5,0.72,0.644,0.88,3.5,0.877,"pressure,front,chl",71.69,3.41,3.41,0.39,First Quarter,model-blended conditions + exact tide/moon,True,40.4,24.9,22.3,True,False,False
2026-10-18,la_jolla,La Jolla Kelp & Canyon,nearshore,white_seabass,White Seabass,pelagic,11,2,moderate,Moderate confidence,45.3,20.4,67.6,47.2,70.5,56.8,-11.5,well below typical,100.0,100.0,workable,0.3,0.5,0.689,0.533,0.878,1.3,0.889,"pressure,front,chl",71.29,3.07,3.32,0.484,First Quarter,model-blended conditions + exact tide/moon,True,39.4,24.9,22.3,True,False,False
2026-10-19,la_jolla,La Jolla Kelp & Canyon,nearshore,white_seabass,White Seabass,pelagic,12,2,moderate,Moderate confidence,41.7,16.8,64.0,47.2,70.7,57.0,-15.3,well below typical,100.0,100.0,workable,0.361,0.5,0.376,0.452,0.877,0.0,0.9,"pressure,front,chl",70.91,2.78,1.07,0.579,First Quarter,model-blended conditions + exact tide/moon,True,31.4,24.9,22.3,True,False,False
2026-10-20,la_jolla,La Jolla Kelp & Canyon,nearshore,white_seabass,White Seabass,pelagic,13,2,moderate,Moderate confidence,45.1,20.2,67.4,47.2,71.0,57.2,-12.1,well below typical,100.0,100.0,workable,0.418,0.5,0.503,0.401,0.877,0.0,0.91,"pressure,front,chl",70.56,2.51,3.7,0.673,Waxing Gibbous,model-blended conditions + exact tide/moon,True,30.4,24.9,22.3,True,False,False
2026-10-21,la_jolla,La Jolla Kelp & Canyon,nearshore,white_seabass,White Seabass,pelagic,14,2,moderate,Moderate confidence,47.1,22.2,69.4,47.2,71.3,57.4,-10.3,well below typical,100.0,100.0,workable,0.469,0.5,0.556,0.373,0.877,-1.7,0.918,"pressure,front,chl",70.25,2.28,3.95,0.762,Waxing Gibbous,model-blended conditions + exact tide/moon,True,29.8,24.9,22.3,True,False,False
2026-10-22,la_jolla,La Jolla Kelp & Canyon,nearshore,white_seabass,White Seabass,pelagic,15,3,outlook,Outlook / trend only,49.7,24.8,72.0,47.2,71.5,57.6,-7.9,below typical,,100.0,climatological sea state,0.53,0.5,0.61,0.359,0.876,-2.5,0.928,"pressure,front,chl",69.88,2.0,4.22,0.844,Waxing Gibbous,climatology + ENSO analog + exact tide/moon,True,37.3,24.9,22.3,True,False,False
2026-10-23,la_jolla,La Jolla Kelp & Canyon,nearshore,white_seabass,White Seabass,pelagic,16,3,outlook,Outlook / trend only,51.9,27.0,74.2,47.2,71.8,57.8,-5.9,below typical,,100.0,climatological sea state,0.577,0.5,0.668,0.353,0.875,,0.934,"pressure,front,chl",69.59,1.82,4.6,0.912,Waxing Gibbous,climatology + ENSO analog + exact tide/moon,True,37.2,24.9,22.3,True,False,False
2026-10-24,la_jolla,La Jolla Kelp & Canyon,nearshore,white_seabass,White Seabass,pelagic,17,3,outlook,Outlook / trend only,50.7,25.8,73.0,47.2,72.2,58.2,-7.5,below typical,,100.0,climatological sea state,0.625,0.5,0.514,0.351,0.878,,0.94,"pressure,front,chl",69.3,1.66,5.59,0.964,Waxing Gibbous,climatology + ENSO analog + exact tide/moon,True,35.7,24.9,22.3,True,False,False
2026-10-25,la_jolla,La Jolla Kelp & Canyon,nearshore,white_seabass,White Seabass,pelagic,18,3,outlook,Outlook / trend only,52.1,27.2,74.4,47.2,72.7,58.5,-6.4,below typical,,100.0,climatological sea state,0.67,0.5,0.527,0.35,0.881,,0.945,"pressure,front,chl",69.02,1.52,6.5,0.994,Full,climatology + ENSO analog + exact tide/moon,True,35.8,24.9,22.3,True,False,False
2026-10-26,la_jolla,La Jolla Kelp & Canyon,nearshore,white_seabass,White Seabass,pelagic,19,3,outlook,Outlook / trend only,53.1,28.2,75.4,47.2,73.0,58.8,-5.7,below typical,,100.0,climatological sea state,0.71,0.5,0.523,0.35,0.883,,0.95,"pressure,front,chl",68.78,1.4,7.14,0.999,Full,climatology + ENSO analog + exact tide/moon,True,35.1,24.9,22.3,True,False,False
2026-10-27,la_jolla,La Jolla Kelp & Canyon,nearshore,white_seabass,White Seabass,pelagic,20,3,outlook,Outlook / trend only,54.6,29.7,76.9,47.2,73.4,59.1,-4.5,below typical,,100.0,climatological sea state,0.747,0.5,0.555,0.35,0.883,,0.954,"pressure,front,chl",68.55,1.29,7.42,0.976,Full,climatology + ENSO analog + exact tide/moon,True,34.7,24.9,22.3,True,False,False
2026-10-28,la_jolla,La Jolla Kelp & Canyon,nearshore,white_seabass,White Seabass,pelagic,21,3,outlook,Outlook / trend only,56.3,31.4,78.6,47.2,73.7,59.3,-3.0,below typical,,100.0,climatological sea state,0.782,0.5,0.6,0.35,0.885,,0.957,"pressure,front,chl",68.34,1.19,7.32,0.927,Waning Gibbous,climatology + ENSO analog + exact tide/moon,True,34.5,24.9,22.3,True,False,False
2026-10-29,la_jolla,La Jolla Kelp & Canyon,nearshore,white_seabass,White Seabass,pelagic,22,3,outlook,Outlook / trend only,58.2,33.3,80.5,47.2,74.1,59.6,-1.4,near typical,,100.0,climatological sea state,0.815,0.5,0.669,0.35,0.888,,0.96,"pressure,front,chl",68.13,1.11,6.86,0.854,Waning Gibbous,climatology + ENSO analog + exact tide/moon,True,34.2,24.9,22.3,True,False,False
2026-10-30,la_jolla,La Jolla Kelp & Canyon,nearshore,white_seabass,White Seabass,pelagic,23,3,outlook,Outlook / trend only,60.3,35.4,82.6,47.2,74.2,59.7,0.6,near typical,,100.0,climatological sea state,0.849,0.5,0.752,0.35,0.89,,0.963,"pressure,front,chl",67.93,1.03,6.19,0.761,Waning Gibbous,climatology + ENSO analog + exact tide/moon,True,34.0,24.9,22.3,True,False,False
2026-10-31,la_jolla,La Jolla Kelp & Canyon,nearshore,white_seabass,White Seabass,pelagic,24,3,outlook,Outlook / trend only,62.0,37.1,84.3,47.2,74.2,59.7,2.3,near typical,,100.0,climatological sea state,0.884,0.5,0.812,0.35,0.893,,0.965,"pressure,front,chl",67.71,0.97,5.49,0.655,Waning Gibbous,climatology + ENSO analog + exact tide/moon,True,34.1,24.9,22.3,True,False,False
2026-11-01,la_jolla,La Jolla Kelp & Canyon,nearshore,white_seabass,White Seabass,pelagic,25,3,outlook,Outlook / trend only,60.9,36.0,83.2,47.2,74.2,59.7,1.2,near typical,,100.0,climatological sea state,0.872,0.5,0.789,0.351,0.891,,0.956,"pressure,front,chl",67.78,1.21,4.92,0.543,Last Quarter,climatology + ENSO analog + exact tide/moon,True,34.9,24.9,22.3,True,False,False
2026-11-02,la_jolla,La Jolla Kelp & Canyon,nearshore,white_seabass,White Seabass,pelagic,26,3,outlook,Outlook / trend only,60.1,35.2,82.4,47.2,74.1,59.7,0.4,near typical,,100.0,climatological sea state,0.911,0.5,0.683,0.353,0.89,,0.958,"pressure,front,chl",67.55,1.16,4.55,0.43,Last Quarter,climatology + ENSO analog + exact tide/moon,True,34.0,24.9,22.3,True,False,False
2026-11-03,la_jolla,La Jolla Kelp & Canyon,nearshore,white_seabass,White Seabass,pelagic,27,3,outlook,Outlook / trend only,56.9,32.0,79.2,47.2,74.1,59.7,-2.8,near typical,,100.0,climatological sea state,0.948,0.5,0.471,0.359,0.89,,0.96,"pressure,front,chl",67.32,1.12,4.29,0.322,Last Quarter,climatology + ENSO analog + exact tide/moon,True,32.4,24.9,22.3,True,False,False
2026-11-04,la_jolla,La Jolla Kelp & Canyon,nearshore,white_seabass,White Seabass,pelagic,28,3,outlook,Outlook / trend only,59.3,34.4,81.6,47.2,74.2,59.7,-0.4,near typical,,100.0,climatological sea state,0.983,0.5,0.533,0.373,0.891,,0.961,"pressure,front,chl",67.1,1.08,4.47,0.226,Waning Crescent,climatology + ENSO analog + exact tide/moon,True,32.7,24.9,22.3,True,False,False
2026-11-05,la_jolla,La Jolla Kelp & Canyon,nearshore,white_seabass,White Seabass,pelagic,29,3,outlook,Outlook / trend only,62.2,37.3,84.5,47.2,74.2,59.7,2.5,near typical,,100.0,climatological sea state,1.0,0.5,0.6,0.402,0.893,,0.967,"pressure,front,chl",66.74,0.91,4.81,0.144,Waning Crescent,climatology + ENSO analog + exact tide/moon,True,32.8,24.9,22.3,True,False,False
2026-11-06,la_jolla,La Jolla Kelp & Canyon,nearshore,white_seabass,White Seabass,pelagic,30,3,outlook,Outlook / trend only,62.7,37.8,85.0,47.2,74.2,59.7,3.0,above typical,,100.0,climatological sea state,1.0,0.5,0.552,0.454,0.893,,0.968,"pressure,front,chl",66.52,0.88,5.63,0.079,Waning Crescent,climatology + ENSO analog + exact tide/moon,True,32.8,24.9,22.3,True,False,False
2026-10-14,la_jolla,La Jolla Kelp & Canyon,nearshore,yellowtail,California Yellowtail,pelagic,7,2,moderate,Moderate confidence,97.1,88.8,99.9,11.1,81.2,65.4,31.7,well above typical,100.0,100.0,workable,0.793,0.75,0.588,0.886,0.873,0.2,1.35,"pressure,front,chl",73.27,4.71,4.97,0.143,Waxing Crescent,model-blended conditions + exact tide/moon,True,11.1,8.3,2.8,False,False,False
2026-10-15,la_jolla,La Jolla Kelp & Canyon,nearshore,yellowtail,California Yellowtail,pelagic,8,2,moderate,Moderate confidence,98.2,89.9,99.9,10.0,81.2,65.4,32.8,well above typical,100.0,100.0,workable,0.887,0.75,0.595,0.904,0.885,0.6,1.35,"pressure,front,chl",72.69,4.22,4.34,0.217,Waxing Crescent,model-blended conditions + exact tide/moon,True,8.0,8.3,2.8,True,True,False
2026-10-16,la_jolla,La Jolla Kelp & Canyon,nearshore,yellowtail,California Yellowtail,pelagic,9,2,moderate,Moderate confidence,98.9,90.6,99.9,9.3,81.2,65.3,33.6,well above typical,100.0,100.0,workable,0.973,0.75,0.623,0.925,0.929,-1.6,1.341,"pressure,front,chl",72.16,3.79,3.78,0.3,Waxing Crescent,model-blended conditions + exact tide/moon,True,5.9,8.3,2.8,True,True,False
2026-10-17,la_jolla,La Jolla Kelp & Canyon,nearshore,yellowtail,California Yellowtail,pelagic,10,2,moderate,Moderate confidence,98.8,90.5,99.9,9.4,81.2,65.3,33.5,well above typical,100.0,100.0,workable,1.0,0.75,0.654,0.948,0.927,3.5,1.307,"pressure,front,chl",71.69,3.41,3.41,0.39,First Quarter,model-blended conditions + exact tide/moon,True,6.7,8.3,2.8,True,True,False
2026-10-18,la_jolla,La Jolla Kelp & Canyon,nearshore,yellowtail,California Yellowtail,pelagic,11,2,moderate,Moderate confidence,98.4,90.1,99.9,9.8,81.1,65.3,33.1,well above typical,100.0,100.0,workable,1.0,0.75,0.634,0.971,0.926,1.3,1.276,"pressure,front,chl",71.29,3.07,3.32,0.484,First Quarter,model-blended conditions + exact tide/moon,True,8.4,8.3,2.8,True,True,False
2026-10-19,la_jolla,La Jolla Kelp & Canyon,nearshore,yellowtail,California Yellowtail,pelagic,12,2,moderate,Moderate confidence,95.1,82.1,99.6,17.5,81.1,65.3,29.8,well above typical,100.0,100.0,workable,1.0,0.75,0.389,0.955,0.925,0.0,1.25,"pressure,front,chl",70.91,2.78,1.07,0.579,First Quarter,model-blended conditions + exact tide/moon,True,17.5,13.0,4.5,False,False,False
2026-10-20,la_jolla,La Jolla Kelp & Canyon,nearshore,yellowtail,California Yellowtail,pelagic,13,2,moderate,Moderate confidence,96.5,83.5,99.9,16.4,81.1,65.3,31.2,well above typical,100.0,100.0,workable,1.0,0.75,0.525,0.932,0.925,0.0,1.226,"pressure,front,chl",70.56,2.51,3.7,0.673,Waxing Gibbous,model-blended conditions + exact tide/moon,True,15.7,13.0,4.5,True,True,False
2026-10-21,la_jolla,La Jolla Kelp & Canyon,nearshore,yellowtail,California Yellowtail,pelagic,14,2,moderate,Moderate confidence,96.3,83.2,99.9,16.7,81.1,65.3,31.0,well above typical,100.0,100.0,workable,1.0,0.75,0.571,0.909,0.925,-1.7,1.205,"pressure,front,chl",70.25,2.28,3.95,0.762,Waxing Gibbous,model-blended conditions + exact tide/moon,True,16.7,13.1,4.5,True,True,False
2026-10-22,la_jolla,La Jolla Kelp & Canyon,nearshore,yellowtail,California Yellowtail,pelagic,15,3,outlook,Outlook / trend only,96.0,77.8,99.9,22.1,81.1,65.3,30.7,well above typical,,100.0,climatological sea state,1.0,0.75,0.618,0.889,0.924,-2.5,1.18,"pressure,front,chl",69.88,2.0,4.22,0.844,Waxing Gibbous,climatology + ENSO analog + exact tide/moon,True,22.1,18.2,4.5,True,True,False
2026-10-23,la_jolla,La Jolla Kelp & Canyon,nearshore,yellowtail,California Yellowtail,pelagic,16,3,outlook,Outlook / trend only,95.9,77.2,99.9,22.7,81.1,65.3,30.6,well above typical,,100.0,climatological sea state,1.0,0.75,0.668,0.872,0.924,,1.164,"pressure,front,chl",69.59,1.82,4.6,0.912,Waxing Gibbous,climatology + ENSO analog + exact tide/moon,True,22.7,18.7,4.5,True,True,False
2026-10-24,la_jolla,La Jolla Kelp & Canyon,nearshore,yellowtail,California Yellowtail,pelagic,17,3,outlook,Outlook / trend only,94.3,73.9,99.9,26.0,81.1,65.3,29.0,well above typical,,100.0,climatological sea state,1.0,0.75,0.595,0.859,0.926,,1.149,"pressure,front,chl",69.3,1.66,5.59,0.964,Waxing Gibbous,climatology + ENSO analog + exact tide/moon,True,26.0,20.4,5.6,False,False,False
2026-10-25,la_jolla,La Jolla Kelp & Canyon,nearshore,yellowtail,California Yellowtail,pelagic,18,3,outlook,Outlook / trend only,94.3,73.3,99.9,26.6,81.2,65.3,29.0,well above typical,,100.0,climatological sea state,1.0,0.75,0.628,0.852,0.929,,1.137,"pressure,front,chl",69.02,1.52,6.5,0.994,Full,climatology + ENSO analog + exact tide/moon,True,26.6,21.0,5.6,False,False,False
2026-10-26,la_jolla,La Jolla Kelp & Canyon,nearshore,yellowtail,California Yellowtail,pelagic,19,3,outlook,Outlook / trend only,93.8,72.0,99.9,27.9,81.2,65.4,28.4,well above typical,,100.0,climatological sea state,1.0,0.75,0.629,0.85,0.93,,1.126,"pressure,front,chl",68.78,1.4,7.14,0.999,Full,climatology + ENSO analog + exact tide/moon,True,27.9,21.8,6.1,False,False,False
2026-10-27,la_jolla,La Jolla Kelp & Canyon,nearshore,yellowtail,California Yellowtail,pelagic,20,3,outlook,Outlook / trend only,93.6,71.3,99.9,28.6,81.2,65.4,28.2,well above typical,,100.0,climatological sea state,1.0,0.75,0.651,0.856,0.93,,1.116,"pressure,front,chl",68.55,1.29,7.42,0.976,Full,climatology + ENSO analog + exact tide/moon,True,28.6,22.3,6.3,False,False,False
2026-10-28,la_jolla,La Jolla Kelp & Canyon,nearshore,yellowtail,California Yellowtail,pelagic,21,3,outlook,Outlook / trend only,93.6,70.9,99.9,29.0,81.2,65.4,28.2,well above typical,,100.0,climatological sea state,1.0,0.75,0.677,0.868,0.932,,1.107,"pressure,front,chl",68.34,1.19,7.32,0.927,Waning Gibbous,climatology + ENSO analog + exact tide/moon,True,29.0,22.7,6.3,False,False,False
2026-10-29,la_jolla,La Jolla Kelp & Canyon,nearshore,yellowtail,California Yellowtail,pelagic,22,3,outlook,Outlook / trend only,93.9,71.1,99.9,28.8,81.2,65.4,28.5,well above typical,,100.0,climatological sea state,1.0,0.75,0.715,0.886,0.935,,1.1,"pressure,front,chl",68.13,1.11,6.86,0.854,Waning Gibbous,climatology + ENSO analog + exact tide/moon,True,28.8,22.8,6.3,True,True,False
2026-10-30,la_jolla,La Jolla Kelp & Canyon,nearshore,yellowtail,California Yellowtail,pelagic,23,3,outlook,Outlook / trend only,94.3,71.2,99.9,28.7,81.3,65.4,28.9,well above typical,,100.0,climatological sea state,1.0,0.75,0.755,0.91,0.937,,1.093,"pressure,front,chl",67.93,1.03,6.19,0.761,Waning Gibbous,climatology + ENSO analog + exact tide/moon,True,28.7,23.1,6.3,True,True,False
2026-10-31,la_jolla,La Jolla Kelp & Canyon,nearshore,yellowtail,California Yellowtail,pelagic,24,3,outlook,Outlook / trend only,94.4,70.7,99.9,29.2,81.3,65.4,29.0,well above typical,,100.0,climatological sea state,1.0,0.75,0.774,0.936,0.939,,1.087,"pressure,front,chl",67.71,0.97,5.49,0.655,Waning Gibbous,climatology + ENSO analog + exact tide/moon,True,29.2,23.7,6.3,True,True,False
2026-11-01,la_jolla,La Jolla Kelp & Canyon,nearshore,yellowtail,California Yellowtail,pelagic,25,3,outlook,Outlook / trend only,88.5,64.6,99.9,35.3,75.5,60.8,27.7,well above typical,,100.0,climatological sea state,1.0,0.5,0.746,0.964,0.937,,1.109,"pressure,front,chl",67.78,1.21,4.92,0.543,Last Quarter,climatology + ENSO analog + exact tide/moon,True,35.3,23.9,11.4,False,False,False
2026-11-02,la_jolla,La Jolla Kelp & Canyon,nearshore,yellowtail,California Yellowtail,pelagic,26,3,outlook,Outlook / trend only,86.4,62.4,99.9,37.5,75.5,60.8,25.6,well above typical,,100.0,climatological sea state,1.0,0.5,0.67,0.958,0.936,,1.104,"pressure,front,chl",67.55,1.16,4.55,0.43,Last Quarter,climatology + ENSO analog + exact tide/moon,True,37.5,24.0,13.5,False,False,False
2026-11-03,la_jolla,La Jolla Kelp & Canyon,nearshore,yellowtail,California Yellowtail,pelagic,27,3,outlook,Outlook / trend only,82.3,58.3,99.9,41.6,75.5,60.8,21.5,well above typical,,100.0,climatological sea state,1.0,0.5,0.527,0.93,0.936,,1.101,"pressure,front,chl",67.32,1.12,4.29,0.322,Last Quarter,climatology + ENSO analog + exact tide/moon,True,41.3,24.0,17.6,True,False,False
2026-11-04,la_jolla,La Jolla Kelp & Canyon,nearshore,yellowtail,California Yellowtail,pelagic,28,3,outlook,Outlook / trend only,83.2,58.7,99.9,41.2,75.5,60.8,22.4,well above typical,,100.0,climatological sea state,1.0,0.5,0.576,0.906,0.937,,1.097,"pressure,front,chl",67.1,1.08,4.47,0.226,Waning Crescent,climatology + ENSO analog + exact tide/moon,True,41.2,24.5,17.6,True,True,False
2026-11-05,la_jolla,La Jolla Kelp & Canyon,nearshore,yellowtail,California Yellowtail,pelagic,29,3,outlook,Outlook / trend only,83.2,58.0,99.9,41.9,75.6,60.8,22.4,well above typical,,100.0,climatological sea state,1.0,0.5,0.629,0.886,0.939,,1.082,"pressure,front,chl",66.74,0.91,4.81,0.144,Waning Crescent,climatology + ENSO analog + exact tide/moon,True,41.9,25.2,17.6,True,True,False
2026-11-06,la_jolla,La Jolla Kelp & Canyon,nearshore,yellowtail,California Yellowtail,pelagic,30,3,outlook,Outlook / trend only,82.7,56.2,99.9,43.7,75.6,60.8,21.9,well above typical,,100.0,climatological sea state,1.0,0.5,0.619,0.87,0.939,,1.079,"pressure,front,chl",66.52,0.88,5.63,0.079,Waning Crescent,climatology + ENSO analog + exact tide/moon,True,43.7,26.5,17.6,True,True,False
2026-10-14,mission_bay,Mission Bay,inshore,california_halibut,California Halibut,flatfish,7,2,moderate,Moderate confidence,14.3,9.5,23.1,13.6,51.6,51.5,-37.2,well below typical,100.0,70.0,workable,0.02,0.5,0.585,0.843,0.692,0.5,0.721,"pressure,chl",75.53,5.17,5.22,0.143,Waxing Crescent,model-blended conditions + exact tide/moon,True,13.6,4.8,8.8,False,False,False
2026-10-15,mission_bay,Mission Bay,inshore,california_halibut,California Halibut,flatfish,8,2,moderate,Moderate confidence,14.8,9.9,36.0,26.1,52.1,52.1,-37.3,well below typical,100.0,70.0,workable,0.02,0.5,0.576,0.761,0.708,0.3,0.751,"pressure,chl",74.85,4.61,4.5,0.217,Waxing Crescent,model-blended conditions + exact tide/moon,True,26.1,4.9,21.2,False,False,False
2026-10-16,mission_bay,Mission Bay,inshore,california_halibut,California Halibut,flatfish,9,2,moderate,Moderate confidence,10.4,5.5,33.9,28.4,52.5,52.5,-42.1,well below typical,70.0,70.0,insufficient wind/wave data,0.02,0.5,0.591,0.67,,-1.3,0.778,"pressure,swell,chl",74.26,4.12,3.84,0.3,Waxing Crescent,model-blended conditions + exact tide/moon,True,27.8,4.9,23.5,True,False,False
2026-10-17,mission_bay,Mission Bay,inshore,california_halibut,California Halibut,flatfish,10,2,moderate,Moderate confidence,16.7,6.3,40.2,33.9,52.9,52.9,-36.2,well below typical,70.0,70.0,insufficient wind/wave data,0.066,0.5,0.621,0.571,,3.4,0.801,"pressure,swell,chl",73.72,3.68,3.44,0.39,First Quarter,model-blended conditions + exact tide/moon,True,32.8,10.4,23.5,True,False,False
2026-10-18,mission_bay,Mission Bay,inshore,california_halibut,California Halibut,flatfish,11,2,moderate,Moderate confidence,22.3,6.3,45.8,39.5,53.3,53.3,-31.0,well below typical,70.0,70.0,insufficient wind/wave data,0.147,0.5,0.601,0.468,,1.0,0.822,"pressure,swell,chl",73.22,3.3,3.4,0.484,First Quarter,model-blended conditions + exact tide/moon,True,36.1,16.0,23.5,True,False,False
2026-10-19,mission_bay,Mission Bay,inshore,california_halibut,California Halibut,flatfish,12,2,moderate,Moderate confidence,22.7,5.2,46.2,41.0,53.8,53.8,-31.1,well below typical,70.0,70.0,insufficient wind/wave data,0.22,0.5,0.359,0.537,,0.0,0.84,"pressure,swell,chl",72.77,2.96,1.18,0.579,First Quarter,model-blended conditions + exact tide/moon,True,34.7,17.5,23.5,True,False,False
2026-10-20,mission_bay,Mission Bay,inshore,california_halibut,California Halibut,flatfish,13,2,moderate,Moderate confidence,28.8,6.4,52.3,45.9,54.2,54.2,-25.4,well below typical,70.0,70.0,insufficient wind/wave data,0.286,0.5,0.515,0.64,,0.0,0.856,"pressure,swell,chl",72.37,2.66,3.94,0.673,Waxing Gibbous,model-blended conditions + exact tide/moon,True,41.3,22.4,23.5,True,False,False
2026-10-21,mission_bay,Mission Bay,inshore,california_halibut,California Halibut,flatfish,14,2,moderate,Moderate confidence,32.7,6.9,56.2,49.3,54.6,54.6,-21.9,well below typical,70.0,70.0,insufficient wind/wave data,0.347,0.5,0.568,0.738,,-1.6,0.871,"pressure,swell,chl",72.0,2.39,4.27,0.762,Waxing Gibbous,model-blended conditions + exact tide/moon,True,45.5,25.8,23.5,True,False,False
2026-10-22,mission_bay,Mission Bay,inshore,california_halibut,California Halibut,flatfish,15,3,outlook,Outlook / trend only,37.0,3.5,61.3,57.8,55.0,55.0,-18.0,well below typical,,70.0,climatological sea state,0.415,0.5,0.625,0.828,,-2.5,0.888,"pressure,swell,chl",71.58,2.08,4.66,0.844,Waxing Gibbous,climatology + ENSO analog + exact tide/moon,True,57.8,33.5,24.3,False,False,False
2026-10-23,mission_bay,Mission Bay,inshore,california_halibut,California Halibut,flatfish,16,3,outlook,Outlook / trend only,40.4,6.9,65.5,58.6,55.4,55.4,-15.0,well below typical,,70.0,climatological sea state,0.468,0.5,0.682,0.903,,,0.898,"pressure,swell,chl",71.26,1.88,5.08,0.912,Waxing Gibbous,climatology + ENSO analog + exact tide/moon,True,56.5,33.5,25.1,True,False,False
2026-10-24,mission_bay,Mission Bay,inshore,california_halibut,California Halibut,flatfish,17,3,outlook,Outlook / trend only,41.2,7.7,66.3,58.6,55.8,55.8,-14.6,well below typical,,70.0,climatological sea state,0.516,0.5,0.614,0.96,,,0.909,"pressure,swell,chl",70.96,1.69,6.12,0.964,Waxing Gibbous,climatology + ENSO analog + exact tide/moon,True,54.2,33.5,25.1,True,False,False
2026-10-25,mission_bay,Mission Bay,inshore,california_halibut,California Halibut,flatfish,18,3,outlook,Outlook / trend only,43.3,9.8,68.6,58.8,56.2,56.2,-12.9,well below typical,,70.0,climatological sea state,0.561,0.5,0.631,0.993,,,0.917,"pressure,swell,chl",70.69,1.53,7.03,0.994,Full,climatology + ENSO analog + exact tide/moon,True,54.2,33.5,25.3,True,False,False
2026-10-26,mission_bay,Mission Bay,inshore,california_halibut,California Halibut,flatfish,19,3,outlook,Outlook / trend only,44.9,11.4,70.2,58.8,56.6,56.6,-11.7,well below typical,,70.0,climatological sea state,0.601,0.5,0.637,0.999,,,0.925,"pressure,swell,chl",70.44,1.39,7.65,0.999,Full,climatology + ENSO analog + exact tide/moon,True,53.3,33.5,25.3,True,False,False
2026-10-27,mission_bay,Mission Bay,inshore,california_halibut,California Halibut,flatfish,20,3,outlook,Outlook / trend only,46.6,13.1,71.9,58.8,57.0,57.0,-10.4,well below typical,,70.0,climatological sea state,0.64,0.5,0.656,0.974,,,0.931,"pressure,swell,chl",70.21,1.27,7.87,0.976,Full,climatology + ENSO analog + exact tide/moon,True,52.4,33.5,25.3,True,False,False
2026-10-28,mission_bay,Mission Bay,inshore,california_halibut,California Halibut,flatfish,21,3,outlook,Outlook / trend only,48.2,14.7,73.5,58.8,57.4,57.4,-9.2,well below typical,,70.0,climatological sea state,0.677,0.5,0.679,0.92,,,0.937,"pressure,swell,chl",69.98,1.16,7.69,0.927,Waning Gibbous,climatology + ENSO analog + exact tide/moon,True,51.6,33.5,25.3,True,False,False
2026-10-29,mission_bay,Mission Bay,inshore,california_halibut,California Halibut,flatfish,22,3,outlook,Outlook / trend only,49.9,16.4,75.2,58.8,57.8,57.8,-7.9,below typical,,70.0,climatological sea state,0.714,0.5,0.712,0.839,,,0.943,"pressure,swell,chl",69.75,1.06,7.14,0.854,Waning Gibbous,climatology + ENSO analog + exact tide/moon,True,51.0,33.5,25.3,True,False,False
2026-10-30,mission_bay,Mission Bay,inshore,california_halibut,California Halibut,flatfish,23,3,outlook,Outlook / trend only,51.5,18.0,76.8,58.8,58.2,58.2,-6.7,below typical,,70.0,climatological sea state,0.75,0.5,0.754,0.737,,,0.948,"pressure,swell,chl",69.53,0.97,6.38,0.761,Waning Gibbous,climatology + ENSO analog + exact tide/moon,True,50.6,33.5,25.3,True,False,False
2026-10-31,mission_bay,Mission Bay,inshore,california_halibut,California Halibut,flatfish,24,3,outlook,Outlook / trend only,52.3,18.8,77.6,58.8,58.7,58.7,-6.4,below typical,,70.0,climatological sea state,0.786,0.5,0.765,0.621,,,0.951,"pressure,swell,chl",69.31,0.9,5.63,0.655,Waning Gibbous,climatology + ENSO analog + exact tide/moon,True,49.7,33.5,25.3,True,False,False
2026-11-01,mission_bay,Mission Bay,inshore,california_halibut,California Halibut,flatfish,25,3,outlook,Outlook / trend only,46.0,12.5,71.3,58.8,56.3,56.3,-10.3,well below typical,,70.0,climatological sea state,0.748,0.4,0.73,0.497,,,0.931,"pressure,swell,chl",69.54,1.28,5.1,0.543,Last Quarter,climatology + ENSO analog + exact tide/moon,True,48.2,33.5,25.3,True,False,False
2026-11-02,mission_bay,Mission Bay,inshore,california_halibut,California Halibut,flatfish,26,3,outlook,Outlook / trend only,45.6,12.1,70.9,58.8,56.8,56.8,-11.2,well below typical,,70.0,climatological sea state,0.781,0.4,0.657,0.527,,,0.934,"pressure,swell,chl",69.34,1.23,4.83,0.43,Last Quarter,climatology + ENSO analog + exact tide/moon,True,46.5,33.5,25.3,True,False,False
2026-11-03,mission_bay,Mission Bay,inshore,california_halibut,California Halibut,flatfish,27,3,outlook,Outlook / trend only,44.0,10.5,69.3,58.8,57.1,57.1,-13.1,well below typical,,70.0,climatological sea state,0.815,0.4,0.532,0.646,,,0.936,"pressure,swell,chl",69.13,1.18,4.66,0.322,Last Quarter,climatology + ENSO analog + exact tide/moon,True,44.4,33.5,25.3,True,False,False
2026-11-04,mission_bay,Mission Bay,inshore,california_halibut,California Halibut,flatfish,28,3,outlook,Outlook / trend only,46.7,13.2,72.0,58.8,57.1,57.1,-10.4,well below typical,,70.0,climatological sea state,0.849,0.4,0.588,0.751,,,0.938,"pressure,swell,chl",68.93,1.14,4.92,0.226,Waning Crescent,climatology + ENSO analog + exact tide/moon,True,45.2,33.5,25.3,True,False,False
2026-11-05,mission_bay,Mission Bay,inshore,california_halibut,California Halibut,flatfish,29,3,outlook,Outlook / trend only,50.0,16.5,75.3,58.8,57.1,57.1,-7.1,below typical,,70.0,climatological sea state,0.904,0.4,0.644,0.842,,,0.948,"pressure,swell,chl",68.59,0.96,5.27,0.144,Waning Crescent,climatology + ENSO analog + exact tide/moon,True,45.5,33.5,25.3,True,False,False
2026-11-06,mission_bay,Mission Bay,inshore,california_halibut,California Halibut,flatfish,30,3,outlook,Outlook / trend only,50.8,17.3,76.1,58.8,57.1,57.1,-6.3,below typical,,70.0,climatological sea state,0.936,0.4,0.637,0.913,,,0.95,"pressure,swell,chl",68.39,0.93,6.13,0.079,Waning Crescent,climatology + ENSO analog + exact tide/moon,True,45.5,33.5,25.3,True,False,False
2026-10-14,mission_bay,Mission Bay,inshore,sand_bass,Barred Sand Bass,bass,7,2,moderate,Moderate confidence,83.6,72.4,89.0,16.6,59.4,59.4,24.2,well above typical,100.0,70.0,workable,0.749,0.5,0.604,0.886,0.779,0.5,1.279,"pressure,chl",75.53,5.17,5.22,0.143,Waxing Crescent,model-blended conditions + exact tide/moon,True,16.6,11.2,5.4,False,False,False
2026-10-15,mission_bay,Mission Bay,inshore,sand_bass,Barred Sand Bass,bass,8,2,moderate,Moderate confidence,85.9,74.7,91.3,16.6,59.4,59.4,26.5,well above typical,100.0,70.0,workable,0.862,0.5,0.601,0.904,0.792,0.3,1.249,"pressure,chl",74.85,4.61,4.5,0.217,Waxing Crescent,model-blended conditions + exact tide/moon,True,11.7,11.2,5.4,True,False,False
2026-10-16,mission_bay,Mission Bay,inshore,sand_bass,Barred Sand Bass,bass,9,2,moderate,Moderate confidence,69.9,58.7,75.3,16.6,59.4,59.4,10.5,well above typical,70.0,70.0,insufficient wind/wave data,0.958,0.5,0.622,0.925,,-1.3,1.222,"pressure,swell,chl",74.26,4.12,3.84,0.3,Waxing Crescent,model-blended conditions + exact tide/moon,True,10.9,11.2,5.4,True,False,False
2026-10-17,mission_bay,Mission Bay,inshore,sand_bass,Barred Sand Bass,bass,10,2,moderate,Moderate confidence,70.6,59.4,76.0,16.6,59.4,59.4,11.2,well above typical,70.0,70.0,insufficient wind/wave data,1.0,0.5,0.655,0.948,,3.4,1.199,"pressure,swell,chl",73.72,3.68,3.44,0.39,First Quarter,model-blended conditions + exact tide/moon,True,12.3,11.2,5.4,True,False,False
2026-10-18,mission_bay,Mission Bay,inshore,sand_bass,Barred Sand Bass,bass,11,2,moderate,Moderate confidence,69.1,57.9,74.5,16.6,59.4,59.4,9.7,well above typical,70.0,70.0,insufficient wind/wave data,1.0,0.5,0.634,0.971,,1.0,1.178,"pressure,swell,chl",73.22,3.3,3.4,0.484,First Quarter,model-blended conditions + exact tide/moon,True,12.7,11.2,5.4,True,False,False
2026-10-19,mission_bay,Mission Bay,inshore,sand_bass,Barred Sand Bass,bass,12,2,moderate,Moderate confidence,61.6,50.4,67.0,16.6,59.4,59.4,2.2,near typical,70.0,70.0,insufficient wind/wave data,1.0,0.5,0.398,0.955,,0.0,1.16,"pressure,swell,chl",72.77,2.96,1.18,0.579,First Quarter,model-blended conditions + exact tide/moon,True,14.2,11.2,5.4,True,False,False
2026-10-20,mission_bay,Mission Bay,inshore,sand_bass,Barred Sand Bass,bass,13,2,moderate,Moderate confidence,64.6,53.4,71.5,18.1,59.4,59.4,5.2,above typical,70.0,70.0,insufficient wind/wave data,1.0,0.5,0.541,0.932,,0.0,1.144,"pressure,swell,chl",72.37,2.66,3.94,0.673,Waxing Gibbous,model-blended conditions + exact tide/moon,True,16.8,11.2,6.9,True,False,False
2026-10-21,mission_bay,Mission Bay,inshore,sand_bass,Barred Sand Bass,bass,14,2,moderate,Moderate confidence,64.9,53.7,73.5,19.8,59.4,59.4,5.5,above typical,70.0,70.0,insufficient wind/wave data,1.0,0.5,0.593,0.909,,-1.6,1.129,"pressure,swell,chl",72.0,2.39,4.27,0.762,Waxing Gibbous,model-blended conditions + exact tide/moon,True,18.9,11.2,8.6,True,False,False
2026-10-22,mission_bay,Mission Bay,inshore,sand_bass,Barred Sand Bass,bass,15,3,outlook,Outlook / trend only,65.0,50.3,79.6,29.3,59.4,59.4,5.6,above typical,,70.0,climatological sea state,1.0,0.5,0.647,0.889,,-2.5,1.112,"pressure,swell,chl",71.58,2.08,4.66,0.844,Waxing Gibbous,climatology + ENSO analog + exact tide/moon,True,29.3,14.7,14.6,False,False,False
2026-10-23,mission_bay,Mission Bay,inshore,sand_bass,Barred Sand Bass,bass,16,3,outlook,Outlook / trend only,65.4,50.4,80.5,30.1,59.4,59.4,6.0,above typical,,70.0,climatological sea state,1.0,0.5,0.702,0.872,,,1.102,"pressure,swell,chl",71.26,1.88,5.08,0.912,Waxing Gibbous,climatology + ENSO analog + exact tide/moon,True,30.1,15.0,15.1,False,False,False
2026-10-24,mission_bay,Mission Bay,inshore,sand_bass,Barred Sand Bass,bass,17,3,outlook,Outlook / trend only,63.2,48.1,78.3,30.2,59.4,59.4,3.8,above typical,,70.0,climatological sea state,1.0,0.5,0.625,0.859,,,1.091,"pressure,swell,chl",70.96,1.69,6.12,0.964,Waxing Gibbous,climatology + ENSO analog + exact tide/moon,True,30.1,15.1,15.1,True,False,False
2026-10-25,mission_bay,Mission Bay,inshore,sand_bass,Barred Sand Bass,bass,18,3,outlook,Outlook / trend only,62.9,47.6,78.2,30.6,59.4,59.4,3.5,above typical,,70.0,climatological sea state,1.0,0.5,0.638,0.852,,,1.083,"pressure,swell,chl",70.69,1.53,7.03,0.994,Full,climatology + ENSO analog + exact tide/moon,True,30.6,15.3,15.3,False,False,False
2026-10-26,mission_bay,Mission Bay,inshore,sand_bass,Barred Sand Bass,bass,19,3,outlook,Outlook / trend only,62.6,47.0,78.1,31.1,59.4,59.4,3.2,above typical,,70.0,climatological sea state,1.0,0.5,0.643,0.85,,,1.075,"pressure,swell,chl",70.44,1.39,7.65,0.999,Full,climatology + ENSO analog + exact tide/moon,True,31.1,15.6,15.5,False,False,False
2026-10-27,mission_bay,Mission Bay,inshore,sand_bass,Barred Sand Bass,bass,20,3,outlook,Outlook / trend only,62.6,46.9,78.3,31.4,59.4,59.4,3.2,above typical,,70.0,climatological sea state,1.0,0.5,0.663,0.856,,,1.069,"pressure,swell,chl",70.21,1.27,7.87,0.976,Full,climatology + ENSO analog + exact tide/moon,True,31.4,15.7,15.7,False,False,False
2026-10-28,mission_bay,Mission Bay,inshore,sand_bass,Barred Sand Bass,bass,21,3,outlook,Outlook / trend only,62.8,46.9,78.7,31.8,59.4,59.4,3.4,above typical,,70.0,climatological sea state,1.0,0.5,0.688,0.868,,,1.063,"pressure,swell,chl",69.98,1.16,7.69,0.927,Waning Gibbous,climatology + ENSO analog + exact tide/moon,True,31.8,15.9,15.9,False,False,False
2026-10-29,mission_bay,Mission Bay,inshore,sand_bass,Barred Sand Bass,bass,22,3,outlook,Outlook / trend only,63.3,47.1,79.4,32.3,59.4,59.4,3.9,above typical,,70.0,climatological sea state,1.0,0.5,0.723,0.886,,,1.057,"pressure,swell,chl",69.75,1.06,7.14,0.854,Waning Gibbous,climatology + ENSO analog + exact tide/moon,True,32.3,16.2,16.1,False,False,False
2026-10-30,mission_bay,Mission Bay,inshore,sand_bass,Barred Sand Bass,bass,23,3,outlook,Outlook / trend only,63.9,47.4,80.4,33.0,59.4,59.4,4.5,above typical,,70.0,climatological sea state,1.0,0.5,0.769,0.91,,,1.052,"pressure,swell,chl",69.53,0.97,6.38,0.761,Waning Gibbous,climatology + ENSO analog + exact tide/moon,True,33.0,16.5,16.5,False,False,False
2026-10-31,mission_bay,Mission Bay,inshore,sand_bass,Barred Sand Bass,bass,24,3,outlook,Outlook / trend only,64.1,47.4,80.8,33.4,59.4,59.4,4.7,above typical,,70.0,climatological sea state,1.0,0.5,0.786,0.936,,,1.049,"pressure,swell,chl",69.31,0.9,5.63,0.655,Waning Gibbous,climatology + ENSO analog + exact tide/moon,True,33.4,16.7,16.7,False,False,False
2026-11-01,mission_bay,Mission Bay,inshore,sand_bass,Barred Sand Bass,bass,25,3,outlook,Outlook / trend only,55.3,38.6,72.0,33.4,51.9,51.9,3.4,above typical,,70.0,climatological sea state,1.0,0.3,0.753,0.964,,,1.069,"pressure,swell,chl",69.54,1.28,5.1,0.543,Last Quarter,climatology + ENSO analog + exact tide/moon,True,30.7,16.7,16.7,True,False,False
2026-11-02,mission_bay,Mission Bay,inshore,sand_bass,Barred Sand Bass,bass,26,3,outlook,Outlook / trend only,53.9,37.2,70.6,33.4,51.9,51.9,2.0,near typical,,70.0,climatological sea state,1.0,0.3,0.679,0.958,,,1.066,"pressure,swell,chl",69.34,1.23,4.83,0.43,Last Quarter,climatology + ENSO analog + exact tide/moon,True,30.6,16.7,16.7,True,False,False
2026-11-03,mission_bay,Mission Bay,inshore,sand_bass,Barred Sand Bass,bass,27,3,outlook,Outlook / trend only,51.4,34.7,68.1,33.4,51.9,51.9,-0.5,near typical,,70.0,climatological sea state,1.0,0.3,0.552,0.93,,,1.064,"pressure,swell,chl",69.13,1.18,4.66,0.322,Last Quarter,climatology + ENSO analog + exact tide/moon,True,30.1,16.7,16.7,True,False,False
2026-11-04,mission_bay,Mission Bay,inshore,sand_bass,Barred Sand Bass,bass,28,3,outlook,Outlook / trend only,52.2,35.5,68.9,33.4,51.9,51.9,0.3,near typical,,70.0,climatological sea state,1.0,0.3,0.607,0.906,,,1.062,"pressure,swell,chl",68.93,1.14,4.92,0.226,Waning Crescent,climatology + ENSO analog + exact tide/moon,True,30.6,16.7,16.7,True,False,False
2026-11-05,mission_bay,Mission Bay,inshore,sand_bass,Barred Sand Bass,bass,29,3,outlook,Outlook / trend only,52.6,35.9,69.3,33.4,51.9,51.9,0.7,near typical,,70.0,climatological sea state,1.0,0.3,0.661,0.886,,,1.052,"pressure,swell,chl",68.59,0.96,5.27,0.144,Waning Crescent,climatology + ENSO analog + exact tide/moon,True,31.3,16.7,16.7,True,False,False
2026-11-06,mission_bay,Mission Bay,inshore,sand_bass,Barred Sand Bass,bass,30,3,outlook,Outlook / trend only,52.2,35.5,68.9,33.4,51.9,51.9,0.3,near typical,,70.0,climatological sea state,1.0,0.3,0.649,0.87,,,1.05,"pressure,swell,chl",68.39,0.93,6.13,0.079,Waning Crescent,climatology + ENSO analog + exact tide/moon,True,31.6,16.7,16.7,True,False,False
2026-10-14,mission_bay,Mission Bay,inshore,spotted_bay_bass,Spotted Bay Bass,bass,7,2,moderate,Moderate confidence,94.5,86.2,98.2,12.0,63.6,63.6,30.9,well above typical,100.0,70.0,workable,1.0,0.8,0.585,0.843,0.997,0.5,1.279,"pressure,chl",75.53,5.17,5.22,0.143,Waxing Crescent,model-blended conditions + exact tide/moon,True,12.0,8.3,3.7,False,False,False
2026-10-15,mission_bay,Mission Bay,inshore,spotted_bay_bass,Spotted Bay Bass,bass,8,2,moderate,Moderate confidence,92.1,82.4,98.2,15.8,63.6,63.6,28.5,well above typical,100.0,70.0,workable,1.0,0.8,0.576,0.761,1.0,0.3,1.249,"pressure,chl",74.85,4.61,4.5,0.217,Waxing Crescent,model-blended conditions + exact tide/moon,True,15.8,9.7,6.1,False,False,False
2026-10-16,mission_bay,Mission Bay,inshore,spotted_bay_bass,Spotted Bay Bass,bass,9,2,moderate,Moderate confidence,71.7,62.0,80.3,18.3,63.6,63.6,8.1,well above typical,70.0,70.0,insufficient wind/wave data,1.0,0.8,0.591,0.67,,-1.3,1.222,"pressure,swell,chl",74.26,4.12,3.84,0.3,Waxing Crescent,model-blended conditions + exact tide/moon,True,17.5,9.7,8.6,True,False,False
2026-10-17,mission_bay,Mission Bay,inshore,spotted_bay_bass,Spotted Bay Bass,bass,10,2,moderate,Moderate confidence,71.0,61.3,80.4,19.1,63.6,63.6,7.4,above typical,70.0,70.0,insufficient wind/wave data,1.0,0.8,0.621,0.571,,3.4,1.199,"pressure,swell,chl",73.72,3.68,3.44,0.39,First Quarter,model-blended conditions + exact tide/moon,True,18.7,9.7,9.4,True,False,False
2026-10-18,mission_bay,Mission Bay,inshore,spotted_bay_bass,Spotted Bay Bass,bass,11,2,moderate,Moderate confidence,67.7,58.0,77.2,19.2,63.6,63.6,4.1,above typical,70.0,70.0,insufficient wind/wave data,1.0,0.8,0.601,0.468,,1.0,1.178,"pressure,swell,chl",73.22,3.3,3.4,0.484,First Quarter,model-blended conditions + exact tide/moon,True,19.1,9.7,9.5,True,False,False
2026-10-19,mission_bay,Mission Bay,inshore,spotted_bay_bass,Spotted Bay Bass,bass,12,2,moderate,Moderate confidence,53.2,43.5,62.7,19.2,63.6,63.6,-10.4,well below typical,70.0,70.0,insufficient wind/wave data,1.0,0.8,0.359,0.537,,0.0,1.16,"pressure,swell,chl",72.77,2.96,1.18,0.579,First Quarter,model-blended conditions + exact tide/moon,True,16.9,9.7,9.5,True,False,False
2026-10-20,mission_bay,Mission Bay,inshore,spotted_bay_bass,Spotted Bay Bass,bass,13,2,moderate,Moderate confidence,62.7,53.0,72.5,19.5,63.6,63.6,-0.9,near typical,70.0,70.0,insufficient wind/wave data,1.0,0.8,0.515,0.64,,0.0,1.144,"pressure,swell,chl",72.37,2.66,3.94,0.673,Waxing Gibbous,model-blended conditions + exact tide/moon,True,19.5,9.7,9.8,False,False,False
2026-10-21,mission_bay,Mission Bay,inshore,spotted_bay_bass,Spotted Bay Bass,bass,14,2,moderate,Moderate confidence,65.6,55.1,76.0,20.9,63.6,63.6,2.0,near typical,70.0,70.0,insufficient wind/wave data,1.0,0.8,0.568,0.738,,-1.6,1.129,"pressure,swell,chl",72.0,2.39,4.27,0.762,Waxing Gibbous,model-blended conditions + exact tide/moon,True,20.9,10.5,10.4,False,False,False
2026-10-22,mission_bay,Mission Bay,inshore,spotted_bay_bass,Spotted Bay Bass,bass,15,3,outlook,Outlook / trend only,68.1,53.1,83.2,30.1,63.6,63.6,4.5,above typical,,70.0,climatological sea state,1.0,0.8,0.625,0.828,,-2.5,1.112,"pressure,swell,chl",71.58,2.08,4.66,0.844,Waxing Gibbous,climatology + ENSO analog + exact tide/moon,True,30.1,15.0,15.1,False,False,False
2026-10-23,mission_bay,Mission Bay,inshore,spotted_bay_bass,Spotted Bay Bass,bass,16,3,outlook,Outlook / trend only,70.7,55.0,86.4,31.4,63.6,63.6,7.1,above typical,,70.0,climatological sea state,1.0,0.8,0.682,0.903,,,1.102,"pressure,swell,chl",71.26,1.88,5.08,0.912,Waxing Gibbous,climatology + ENSO analog + exact tide/moon,True,31.4,15.7,15.7,False,False,False
2026-10-24,mission_bay,Mission Bay,inshore,spotted_bay_bass,Spotted Bay Bass,bass,17,3,outlook,Outlook / trend only,67.1,51.4,82.8,31.4,63.6,63.6,3.5,above typical,,70.0,climatological sea state,1.0,0.8,0.614,0.96,,,1.091,"pressure,swell,chl",70.96,1.69,6.12,0.964,Waxing Gibbous,climatology + ENSO analog + exact tide/moon,True,31.2,15.7,15.7,True,False,False
2026-10-25,mission_bay,Mission Bay,inshore,spotted_bay_bass,Spotted Bay Bass,bass,18,3,outlook,Outlook / trend only,67.6,51.7,83.5,31.8,63.6,63.6,4.0,above typical,,70.0,climatological sea state,1.0,0.8,0.631,0.993,,,1.083,"pressure,swell,chl",70.69,1.53,7.03,0.994,Full,climatology + ENSO analog + exact tide/moon,True,31.8,15.9,15.9,False,False,False
2026-10-26,mission_bay,Mission Bay,inshore,spotted_bay_bass,Spotted Bay Bass,bass,19,3,outlook,Outlook / trend only,67.4,51.2,83.6,32.4,63.6,63.6,3.8,above typical,,70.0,climatological sea state,1.0,0.8,0.637,0.999,,,1.075,"pressure,swell,chl",70.44,1.39,7.65,0.999,Full,climatology + ENSO analog + exact tide/moon,True,32.4,16.2,16.2,False,False,False
2026-10-27,mission_bay,Mission Bay,inshore,spotted_bay_bass,Spotted Bay Bass,bass,20,3,outlook,Outlook / trend only,67.8,51.4,84.2,32.8,63.6,63.6,4.2,above typical,,70.0,climatological sea state,1.0,0.8,0.656,0.974,,,1.069,"pressure,swell,chl",70.21,1.27,7.87,0.976,Full,climatology + ENSO analog + exact tide/moon,True,32.8,16.4,16.4,False,False,False
2026-10-28,mission_bay,Mission Bay,inshore,spotted_bay_bass,Spotted Bay Bass,bass,21,3,outlook,Outlook / trend only,68.2,51.5,84.9,33.4,63.6,63.6,4.6,above typical,,70.0,climatological sea state,1.0,0.8,0.679,0.92,,,1.063,"pressure,swell,chl",69.98,1.16,7.69,0.927,Waning Gibbous,climatology + ENSO analog + exact tide/moon,True,33.4,16.7,16.7,False,False,False
2026-10-29,mission_bay,Mission Bay,inshore,spotted_bay_bass,Spotted Bay Bass,bass,22,3,outlook,Outlook / trend only,68.8,51.8,85.8,34.0,63.6,63.6,5.2,above typical,,70.0,climatological sea state,1.0,0.8,0.712,0.839,,,1.057,"pressure,swell,chl",69.75,1.06,7.14,0.854,Waning Gibbous,climatology + ENSO analog + exact tide/moon,True,34.0,17.0,17.0,False,False,False
2026-10-30,mission_bay,Mission Bay,inshore,spotted_bay_bass,Spotted Bay Bass,bass,23,3,outlook,Outlook / trend only,69.6,52.3,86.9,34.6,63.6,63.6,6.0,above typical,,70.0,climatological sea state,1.0,0.8,0.754,0.737,,,1.052,"pressure,swell,chl",69.53,0.97,6.38,0.761,Waning Gibbous,climatology + ENSO analog + exact tide/moon,True,34.6,17.3,17.3,False,False,False
2026-10-31,mission_bay,Mission Bay,inshore,spotted_bay_bass,Spotted Bay Bass,bass,24,3,outlook,Outlook / trend only,68.8,51.4,86.3,34.9,63.6,63.6,5.2,above typical,,70.0,climatological sea state,1.0,0.8,0.765,0.621,,,1.049,"pressure,swell,chl",69.31,0.9,5.63,0.655,Waning Gibbous,climatology + ENSO analog + exact tide/moon,True,34.9,17.4,17.5,False,False,False
2026-11-01,mission_bay,Mission Bay,inshore,spotted_bay_bass,Spotted Bay Bass,bass,25,3,outlook,Outlook / trend only,63.9,46.5,81.4,34.9,61.0,61.0,2.9,near typical,,70.0,climatological sea state,1.0,0.6,0.73,0.497,,,1.069,"pressure,swell,chl",69.54,1.28,5.1,0.543,Last Quarter,climatology + ENSO analog + exact tide/moon,True,33.3,17.4,17.5,True,False,False
2026-11-02,mission_bay,Mission Bay,inshore,spotted_bay_bass,Spotted Bay Bass,bass,26,3,outlook,Outlook / trend only,61.0,43.6,78.5,34.9,61.0,61.0,0.0,near typical,,70.0,climatological sea state,1.0,0.6,0.657,0.527,,,1.066,"pressure,swell,chl",69.34,1.23,4.83,0.43,Last Quarter,climatology + ENSO analog + exact tide/moon,True,32.7,17.4,17.5,True,False,False
2026-11-03,mission_bay,Mission Bay,inshore,spotted_bay_bass,Spotted Bay Bass,bass,27,3,outlook,Outlook / trend only,56.1,38.7,73.6,34.9,61.0,61.0,-4.9,below typical,,70.0,climatological sea state,1.0,0.6,0.532,0.646,,,1.064,"pressure,swell,chl",69.13,1.18,4.66,0.322,Last Quarter,climatology + ENSO analog + exact tide/moon,True,31.6,17.4,17.5,True,False,False
2026-11-04,mission_bay,Mission Bay,inshore,spotted_bay_bass,Spotted Bay Bass,bass,28,3,outlook,Outlook / trend only,59.4,42.0,76.9,34.9,61.0,61.0,-1.6,near typical,,70.0,climatological sea state,1.0,0.6,0.588,0.751,,,1.062,"pressure,swell,chl",68.93,1.14,4.92,0.226,Waning Crescent,climatology + ENSO analog + exact tide/moon,True,33.0,17.4,17.5,True,False,False
2026-11-05,mission_bay,Mission Bay,inshore,spotted_bay_bass,Spotted Bay Bass,bass,29,3,outlook,Outlook / trend only,61.9,44.5,79.4,34.9,61.0,61.0,0.9,near typical,,70.0,climatological sea state,1.0,0.6,0.644,0.842,,,1.052,"pressure,swell,chl",68.59,0.96,5.27,0.144,Waning Crescent,climatology + ENSO analog + exact tide/moon,True,34.4,17.4,17.5,True,False,False
2026-11-06,mission_bay,Mission Bay,inshore,spotted_bay_bass,Spotted Bay Bass,bass,30,3,outlook,Outlook / trend only,61.9,44.5,79.4,34.9,61.0,61.0,0.9,near typical,,70.0,climatological sea state,1.0,0.6,0.637,0.913,,,1.05,"pressure,swell,chl",68.39,0.93,6.13,0.079,Waning Crescent,climatology + ENSO analog + exact tide/moon,True,34.9,17.4,17.5,False,False,False
2026-10-14,nine_mile,9-Mile Bank & 43-Fathom,offshore,barracuda,California Barracuda,pelagic_inshore,7,2,moderate,Moderate confidence,85.6,78.3,89.5,11.2,77.6,62.4,23.2,well above typical,99.2,100.0,workable,0.833,0.6,0.604,0.886,0.744,0.2,1.202,"pressure,front,chl",73.02,3.75,5.22,0.143,Waxing Crescent,model-blended conditions + exact tide/moon,True,11.2,7.3,3.9,False,False,False
2026-10-15,nine_mile,9-Mile Bank & 43-Fathom,offshore,barracuda,California Barracuda,pelagic_inshore,8,2,moderate,Moderate confidence,87.6,80.3,91.5,11.2,77.5,62.4,25.2,well above typical,100.0,100.0,workable,0.904,0.6,0.601,0.904,0.758,0.6,1.184,"pressure,front,chl",72.59,3.4,4.5,0.217,Waxing Crescent,model-blended conditions + exact tide/moon,True,9.9,7.3,3.9,True,False,False
2026-10-16,nine_mile,9-Mile Bank & 43-Fathom,offshore,barracuda,California Barracuda,pelagic_inshore,9,2,moderate,Moderate confidence,79.0,71.5,82.9,11.4,77.5,62.4,16.6,well above typical,80.8,100.0,workable,0.973,0.6,0.622,0.925,0.814,-1.7,1.167,"pressure,front,chl",72.16,3.09,3.84,0.3,Waxing Crescent,model-blended conditions + exact tide/moon,True,10.5,7.5,3.9,True,False,False
2026-10-17,nine_mile,9-Mile Bank & 43-Fathom,offshore,barracuda,California Barracuda,pelagic_inshore,10,2,moderate,Moderate confidence,91.0,81.4,94.9,13.5,77.5,62.4,28.6,well above typical,100.0,100.0,workable,1.0,0.6,0.655,0.948,0.811,3.6,1.152,"pressure,front,chl",71.78,2.82,3.44,0.39,First Quarter,model-blended conditions + exact tide/moon,True,12.6,9.6,3.9,True,False,False
2026-10-18,nine_mile,9-Mile Bank & 43-Fathom,offshore,barracuda,California Barracuda,pelagic_inshore,11,2,moderate,Moderate confidence,89.5,79.4,93.4,14.0,77.5,62.3,27.2,well above typical,100.0,100.0,workable,1.0,0.6,0.634,0.971,0.81,1.3,1.139,"pressure,front,chl",71.45,2.57,3.4,0.484,First Quarter,model-blended conditions + exact tide/moon,True,13.2,10.1,3.9,True,False,False
2026-10-19,nine_mile,9-Mile Bank & 43-Fathom,offshore,barracuda,California Barracuda,pelagic_inshore,12,2,moderate,Moderate confidence,81.6,71.5,86.2,14.7,77.4,62.3,19.3,well above typical,100.0,100.0,workable,1.0,0.6,0.398,0.955,0.808,0.0,1.127,"pressure,front,chl",71.17,2.36,1.18,0.579,First Quarter,model-blended conditions + exact tide/moon,True,14.5,10.1,4.6,True,False,False
2026-10-20,nine_mile,9-Mile Bank & 43-Fathom,offshore,barracuda,California Barracuda,pelagic_inshore,13,2,moderate,Moderate confidence,85.2,74.8,91.4,16.6,77.4,62.3,22.9,well above typical,100.0,100.0,workable,1.0,0.6,0.541,0.932,0.808,0.0,1.117,"pressure,front,chl",70.92,2.17,3.94,0.673,Waxing Gibbous,model-blended conditions + exact tide/moon,True,16.6,10.4,6.2,False,False,False
2026-10-21,nine_mile,9-Mile Bank & 43-Fathom,offshore,barracuda,California Barracuda,pelagic_inshore,14,2,moderate,Moderate confidence,85.8,75.0,93.4,18.4,77.4,62.3,23.5,well above typical,100.0,100.0,workable,1.0,0.6,0.593,0.909,0.808,-1.7,1.109,"pressure,front,chl",70.69,2.01,4.27,0.762,Waxing Gibbous,model-blended conditions + exact tide/moon,True,18.4,10.8,7.6,False,False,False
2026-10-22,nine_mile,9-Mile Bank & 43-Fathom,offshore,barracuda,California Barracuda,pelagic_inshore,15,3,outlook,Outlook / trend only,86.1,71.0,99.1,28.1,77.4,62.3,23.8,well above typical,,100.0,climatological sea state,1.0,0.6,0.647,0.889,0.809,-2.5,1.096,"pressure,front,chl",70.39,1.78,4.66,0.844,Waxing Gibbous,climatology + ENSO analog + exact tide/moon,True,28.1,15.1,13.0,False,False,False
2026-10-23,nine_mile,9-Mile Bank & 43-Fathom,offshore,barracuda,California Barracuda,pelagic_inshore,16,3,outlook,Outlook / trend only,86.7,71.2,99.9,28.7,77.4,62.3,24.4,well above typical,,100.0,climatological sea state,1.0,0.6,0.702,0.872,0.808,,1.089,"pressure,front,chl",70.17,1.65,5.08,0.912,Waxing Gibbous,climatology + ENSO analog + exact tide/moon,True,28.7,15.5,13.2,False,False,False
2026-10-24,nine_mile,9-Mile Bank & 43-Fathom,offshore,barracuda,California Barracuda,pelagic_inshore,17,3,outlook,Outlook / trend only,84.4,68.9,99.6,30.7,77.5,62.3,22.1,well above typical,,100.0,climatological sea state,1.0,0.6,0.625,0.859,0.81,,1.083,"pressure,front,chl",69.92,1.54,6.12,0.964,Waxing Gibbous,climatology + ENSO analog + exact tide/moon,True,30.7,15.5,15.2,False,False,False
2026-10-25,nine_mile,9-Mile Bank & 43-Fathom,offshore,barracuda,California Barracuda,pelagic_inshore,18,3,outlook,Outlook / trend only,84.3,68.6,99.6,31.0,77.5,62.4,21.9,well above typical,,100.0,climatological sea state,1.0,0.6,0.638,0.852,0.813,,1.078,"pressure,front,chl",69.7,1.44,7.03,0.994,Full,climatology + ENSO analog + exact tide/moon,True,31.0,15.7,15.3,False,False,False
2026-10-26,nine_mile,9-Mile Bank & 43-Fathom,offshore,barracuda,California Barracuda,pelagic_inshore,19,3,outlook,Outlook / trend only,84.1,68.2,99.5,31.3,77.5,62.4,21.7,well above typical,,100.0,climatological sea state,1.0,0.6,0.643,0.85,0.813,,1.073,"pressure,front,chl",69.5,1.35,7.65,0.999,Full,climatology + ENSO analog + exact tide/moon,True,31.3,15.9,15.4,False,False,False
2026-10-27,nine_mile,9-Mile Bank & 43-Fathom,offshore,barracuda,California Barracuda,pelagic_inshore,20,3,outlook,Outlook / trend only,84.2,68.2,99.7,31.5,77.5,62.4,21.8,well above typical,,100.0,climatological sea state,1.0,0.6,0.663,0.856,0.814,,1.069,"pressure,front,chl",69.3,1.27,7.87,0.976,Full,climatology + ENSO analog + exact tide/moon,True,31.5,16.0,15.5,False,False,False
2026-10-28,nine_mile,9-Mile Bank & 43-Fathom,offshore,barracuda,California Barracuda,pelagic_inshore,21,3,outlook,Outlook / trend only,84.6,68.3,99.9,31.6,77.5,62.4,22.2,well above typical,,100.0,climatological sea state,1.0,0.6,0.688,0.868,0.817,,1.065,"pressure,front,chl",69.07,1.2,7.69,0.927,Waning Gibbous,climatology + ENSO analog + exact tide/moon,True,31.6,16.3,15.5,True,True,False
2026-10-29,nine_mile,9-Mile Bank & 43-Fathom,offshore,barracuda,California Barracuda,pelagic_inshore,22,3,outlook,Outlook / trend only,85.2,68.6,99.9,31.3,77.6,62.4,22.8,well above typical,,100.0,climatological sea state,1.0,0.6,0.723,0.886,0.82,,1.062,"pressure,front,chl",68.84,1.14,7.14,0.854,Waning Gibbous,climatology + ENSO analog + exact tide/moon,True,31.3,16.6,15.5,True,True,False
2026-10-30,nine_mile,9-Mile Bank & 43-Fathom,offshore,barracuda,California Barracuda,pelagic_inshore,23,3,outlook,Outlook / trend only,86.0,69.0,99.9,30.9,77.6,62.5,23.5,well above typical,,100.0,climatological sea state,1.0,0.6,0.769,0.91,0.821,,1.059,"pressure,front,chl",68.64,1.09,6.38,0.761,Waning Gibbous,climatology + ENSO analog + exact tide/moon,True,30.9,17.0,15.5,True,True,False
2026-10-31,nine_mile,9-Mile Bank & 43-Fathom,offshore,barracuda,California Barracuda,pelagic_inshore,24,3,outlook,Outlook / trend only,86.2,68.8,99.9,31.1,77.6,62.4,23.8,well above typical,,100.0,climatological sea state,1.0,0.6,0.786,0.936,0.821,,1.056,"pressure,front,chl",68.46,1.04,5.63,0.655,Waning Gibbous,climatology + ENSO analog + exact tide/moon,True,31.1,17.4,15.5,True,True,False
2026-11-01,nine_mile,9-Mile Bank & 43-Fathom,offshore,barracuda,California Barracuda,pelagic_inshore,25,3,outlook,Outlook / trend only,78.8,61.4,95.5,34.1,71.5,57.6,21.2,well above typical,,100.0,climatological sea state,1.0,0.4,0.753,0.964,0.817,,1.075,"pressure,front,chl",68.66,1.38,5.1,0.543,Last Quarter,climatology + ENSO analog + exact tide/moon,True,33.4,17.4,16.7,True,False,False
2026-11-02,nine_mile,9-Mile Bank & 43-Fathom,offshore,barracuda,California Barracuda,pelagic_inshore,26,3,outlook,Outlook / trend only,77.1,59.7,93.8,34.1,71.5,57.5,19.6,well above typical,,100.0,climatological sea state,1.0,0.4,0.679,0.958,0.815,,1.072,"pressure,front,chl",68.49,1.34,4.83,0.43,Last Quarter,climatology + ENSO analog + exact tide/moon,True,33.4,17.4,16.7,True,False,False
2026-11-03,nine_mile,9-Mile Bank & 43-Fathom,offshore,barracuda,California Barracuda,pelagic_inshore,27,3,outlook,Outlook / trend only,74.2,56.8,90.9,34.1,71.5,57.5,16.7,well above typical,,100.0,climatological sea state,1.0,0.4,0.552,0.93,0.814,,1.071,"pressure,front,chl",68.3,1.32,4.66,0.322,Last Quarter,climatology + ENSO analog + exact tide/moon,True,33.2,17.4,16.7,True,False,False
2026-11-04,nine_mile,9-Mile Bank & 43-Fathom,offshore,barracuda,California Barracuda,pelagic_inshore,28,3,outlook,Outlook / trend only,75.2,57.8,92.2,34.4,71.5,57.5,17.7,well above typical,,100.0,climatological sea state,1.0,0.4,0.607,0.906,0.814,,1.07,"pressure,front,chl",68.1,1.29,4.92,0.226,Waning Crescent,climatology + ENSO analog + exact tide/moon,True,34.0,17.4,17.0,True,False,False
2026-11-05,nine_mile,9-Mile Bank & 43-Fathom,offshore,barracuda,California Barracuda,pelagic_inshore,29,3,outlook,Outlook / trend only,75.6,58.2,93.0,34.8,71.5,57.5,18.1,well above typical,,100.0,climatological sea state,1.0,0.4,0.661,0.886,0.814,,1.061,"pressure,front,chl",67.75,1.13,5.27,0.144,Waning Crescent,climatology + ENSO analog + exact tide/moon,True,34.7,17.4,17.4,True,False,False
2026-11-06,nine_mile,9-Mile Bank & 43-Fathom,offshore,barracuda,California Barracuda,pelagic_inshore,30,3,outlook,Outlook / trend only,75.2,57.8,92.7,34.9,71.5,57.5,17.7,well above typical,,100.0,climatological sea state,1.0,0.4,0.649,0.87,0.813,,1.06,"pressure,front,chl",67.56,1.11,6.13,0.079,Waning Crescent,climatology + ENSO analog + exact tide/moon,True,34.9,17.4,17.5,False,False,False
2026-10-14,nine_mile,9-Mile Bank & 43-Fathom,offshore,bluefin_tuna,Pacific Bluefin Tuna,tuna,7,2,moderate,Moderate confidence,93.3,81.9,98.1,16.2,77.7,62.5,30.8,well above typical,99.2,100.0,workable,0.604,0.8,0.821,0.857,0.811,0.2,1.27,"pressure,front,chl",73.02,3.75,5.22,0.143,Waxing Crescent,model-blended conditions + exact tide/moon,True,16.2,11.4,4.8,False,False,False
2026-10-15,nine_mile,9-Mile Bank & 43-Fathom,offshore,bluefin_tuna,Pacific Bluefin Tuna,tuna,8,2,moderate,Moderate confidence,94.1,82.7,98.9,16.2,77.6,62.5,31.6,well above typical,100.0,100.0,workable,0.689,0.8,0.782,0.783,0.824,0.6,1.245,"pressure,front,chl",72.59,3.4,4.5,0.217,Waxing Crescent,model-blended conditions + exact tide/moon,True,13.0,11.4,4.8,True,False,False
2026-10-16,nine_mile,9-Mile Bank & 43-Fathom,offshore,bluefin_tuna,Pacific Bluefin Tuna,tuna,9,2,moderate,Moderate confidence,84.3,72.9,89.1,16.2,77.6,62.4,21.9,well above typical,80.8,100.0,workable,0.772,0.8,0.747,0.7,0.871,-1.7,1.222,"pressure,front,chl",72.16,3.09,3.84,0.3,Waxing Crescent,model-blended conditions + exact tide/moon,True,11.1,11.4,4.8,True,False,False
2026-10-17,nine_mile,9-Mile Bank & 43-Fathom,offshore,bluefin_tuna,Pacific Bluefin Tuna,tuna,10,2,moderate,Moderate confidence,94.1,82.7,98.9,16.2,77.5,62.4,31.7,well above typical,100.0,100.0,workable,0.847,0.8,0.727,0.61,0.869,3.6,1.203,"pressure,front,chl",71.78,2.82,3.44,0.39,First Quarter,model-blended conditions + exact tide/moon,True,9.6,11.4,4.8,True,False,False
2026-10-18,nine_mile,9-Mile Bank & 43-Fathom,offshore,bluefin_tuna,Pacific Bluefin Tuna,tuna,11,2,moderate,Moderate confidence,93.0,81.6,97.8,16.2,77.5,62.4,30.6,well above typical,100.0,100.0,workable,0.912,0.8,0.732,0.516,0.868,1.3,1.185,"pressure,front,chl",71.45,2.57,3.4,0.484,First Quarter,model-blended conditions + exact tide/moon,True,12.5,11.4,4.8,True,False,False
2026-10-19,nine_mile,9-Mile Bank & 43-Fathom,offshore,bluefin_tuna,Pacific Bluefin Tuna,tuna,12,2,moderate,Moderate confidence,94.0,82.6,98.8,16.2,77.5,62.4,31.6,well above typical,100.0,100.0,workable,0.966,0.8,0.665,0.579,0.866,0.0,1.17,"pressure,front,chl",71.17,2.36,1.18,0.579,First Quarter,model-blended conditions + exact tide/moon,True,14.2,11.4,4.8,True,False,False
2026-10-20,nine_mile,9-Mile Bank & 43-Fathom,offshore,bluefin_tuna,Pacific Bluefin Tuna,tuna,13,2,moderate,Moderate confidence,95.6,84.1,99.9,15.8,77.5,62.4,33.2,well above typical,100.0,100.0,workable,1.0,0.8,0.763,0.673,0.866,0.0,1.156,"pressure,front,chl",70.92,2.17,3.94,0.673,Waxing Gibbous,model-blended conditions + exact tide/moon,True,14.5,11.5,4.8,True,True,False
2026-10-21,nine_mile,9-Mile Bank & 43-Fathom,offshore,bluefin_tuna,Pacific Bluefin Tuna,tuna,14,2,moderate,Moderate confidence,96.0,84.5,99.9,15.4,77.5,62.4,33.6,well above typical,100.0,100.0,workable,1.0,0.8,0.785,0.762,0.866,-1.7,1.145,"pressure,front,chl",70.69,2.01,4.27,0.762,Waxing Gibbous,model-blended conditions + exact tide/moon,True,14.3,11.5,4.8,True,True,False
2026-10-22,nine_mile,9-Mile Bank & 43-Fathom,offshore,bluefin_tuna,Pacific Bluefin Tuna,tuna,15,3,outlook,Outlook / trend only,96.2,80.5,99.9,19.4,77.5,62.4,33.8,well above typical,,100.0,climatological sea state,1.0,0.8,0.809,0.844,0.867,-2.5,1.128,"pressure,front,chl",70.39,1.78,4.66,0.844,Waxing Gibbous,climatology + ENSO analog + exact tide/moon,True,19.4,15.7,4.8,True,True,False
2026-10-23,nine_mile,9-Mile Bank & 43-Fathom,offshore,bluefin_tuna,Pacific Bluefin Tuna,tuna,16,3,outlook,Outlook / trend only,96.4,80.5,99.9,19.4,77.5,62.4,34.0,well above typical,,100.0,climatological sea state,1.0,0.8,0.832,0.912,0.866,,1.119,"pressure,front,chl",70.17,1.65,5.08,0.912,Waxing Gibbous,climatology + ENSO analog + exact tide/moon,True,19.4,15.9,4.8,True,True,False
2026-10-24,nine_mile,9-Mile Bank & 43-Fathom,offshore,bluefin_tuna,Pacific Bluefin Tuna,tuna,17,3,outlook,Outlook / trend only,96.6,80.5,99.9,19.4,77.5,62.4,34.2,well above typical,,100.0,climatological sea state,1.0,0.8,0.879,0.964,0.868,,1.111,"pressure,front,chl",69.92,1.54,6.12,0.964,Waxing Gibbous,climatology + ENSO analog + exact tide/moon,True,19.4,16.1,4.8,True,True,False
2026-10-25,nine_mile,9-Mile Bank & 43-Fathom,offshore,bluefin_tuna,Pacific Bluefin Tuna,tuna,18,3,outlook,Outlook / trend only,96.6,80.2,99.9,19.7,77.6,62.4,34.2,well above typical,,100.0,climatological sea state,1.0,0.8,0.904,0.994,0.87,,1.104,"pressure,front,chl",69.7,1.44,7.03,0.994,Full,climatology + ENSO analog + exact tide/moon,True,19.7,16.4,4.8,True,True,False
2026-10-26,nine_mile,9-Mile Bank & 43-Fathom,offshore,bluefin_tuna,Pacific Bluefin Tuna,tuna,19,3,outlook,Outlook / trend only,96.4,79.6,99.9,20.3,77.6,62.4,34.0,well above typical,,100.0,climatological sea state,1.0,0.8,0.912,0.999,0.871,,1.097,"pressure,front,chl",69.5,1.35,7.65,0.999,Full,climatology + ENSO analog + exact tide/moon,True,20.3,16.8,4.8,True,True,False
2026-10-27,nine_mile,9-Mile Bank & 43-Fathom,offshore,bluefin_tuna,Pacific Bluefin Tuna,tuna,20,3,outlook,Outlook / trend only,96.1,78.6,99.9,21.3,77.6,62.5,33.6,well above typical,,100.0,climatological sea state,1.0,0.8,0.911,0.976,0.872,,1.091,"pressure,front,chl",69.3,1.27,7.87,0.976,Full,climatology + ENSO analog + exact tide/moon,True,21.3,17.5,4.8,True,True,False
2026-10-28,nine_mile,9-Mile Bank & 43-Fathom,offshore,bluefin_tuna,Pacific Bluefin Tuna,tuna,21,3,outlook,Outlook / trend only,95.6,77.2,99.9,22.7,77.6,62.5,33.1,well above typical,,100.0,climatological sea state,1.0,0.8,0.903,0.927,0.874,,1.086,"pressure,front,chl",69.07,1.2,7.69,0.927,Waning Gibbous,climatology + ENSO analog + exact tide/moon,True,22.7,18.4,4.8,True,True,False
2026-10-29,nine_mile,9-Mile Bank & 43-Fathom,offshore,bluefin_tuna,Pacific Bluefin Tuna,tuna,22,3,outlook,Outlook / trend only,94.8,75.3,99.9,24.6,77.7,62.5,32.3,well above typical,,100.0,climatological sea state,1.0,0.8,0.889,0.854,0.876,,1.082,"pressure,front,chl",68.84,1.14,7.14,0.854,Waning Gibbous,climatology + ENSO analog + exact tide/moon,True,24.6,19.5,5.1,False,False,False
2026-10-30,nine_mile,9-Mile Bank & 43-Fathom,offshore,bluefin_tuna,Pacific Bluefin Tuna,tuna,23,3,outlook,Outlook / trend only,93.6,73.0,99.9,26.9,77.7,62.5,31.1,well above typical,,100.0,climatological sea state,1.0,0.8,0.87,0.761,0.877,,1.078,"pressure,front,chl",68.64,1.09,6.38,0.761,Waning Gibbous,climatology + ENSO analog + exact tide/moon,True,26.9,20.6,6.3,False,False,False
2026-10-31,nine_mile,9-Mile Bank & 43-Fathom,offshore,bluefin_tuna,Pacific Bluefin Tuna,tuna,24,3,outlook,Outlook / trend only,91.6,70.1,99.9,29.8,77.7,62.5,29.1,well above typical,,100.0,climatological sea state,1.0,0.8,0.835,0.655,0.877,,1.075,"pressure,front,chl",68.46,1.04,5.63,0.655,Waning Gibbous,climatology + ENSO analog + exact tide/moon,True,29.8,21.5,8.3,False,False,False
2026-11-01,nine_mile,9-Mile Bank & 43-Fathom,offshore,bluefin_tuna,Pacific Bluefin Tuna,tuna,25,3,outlook,Outlook / trend only,85.3,63.8,99.9,36.1,74.6,60.0,25.3,well above typical,,100.0,climatological sea state,1.0,0.6,0.814,0.543,0.874,,1.099,"pressure,front,chl",68.66,1.38,5.1,0.543,Last Quarter,climatology + ENSO analog + exact tide/moon,True,35.3,21.5,14.6,True,False,False
2026-11-02,nine_mile,9-Mile Bank & 43-Fathom,offshore,bluefin_tuna,Pacific Bluefin Tuna,tuna,26,3,outlook,Outlook / trend only,85.6,64.1,99.9,35.8,74.5,60.0,25.6,well above typical,,100.0,climatological sea state,1.0,0.6,0.808,0.57,0.872,,1.096,"pressure,front,chl",68.49,1.34,4.83,0.43,Last Quarter,climatology + ENSO analog + exact tide/moon,True,35.3,21.5,14.6,True,True,False
2026-11-03,nine_mile,9-Mile Bank & 43-Fathom,offshore,bluefin_tuna,Pacific Bluefin Tuna,tuna,27,3,outlook,Outlook / trend only,87.9,66.0,99.9,33.9,74.5,60.0,27.9,well above typical,,100.0,climatological sea state,1.0,0.6,0.807,0.678,0.872,,1.095,"pressure,front,chl",68.3,1.32,4.66,0.322,Last Quarter,climatology + ENSO analog + exact tide/moon,True,33.9,21.9,14.6,True,True,False
2026-11-04,nine_mile,9-Mile Bank & 43-Fathom,offshore,bluefin_tuna,Pacific Bluefin Tuna,tuna,28,3,outlook,Outlook / trend only,89.6,67.1,99.9,32.8,74.5,60.0,29.6,well above typical,,100.0,climatological sea state,1.0,0.6,0.824,0.774,0.871,,1.093,"pressure,front,chl",68.1,1.29,4.92,0.226,Waning Crescent,climatology + ENSO analog + exact tide/moon,True,32.8,22.5,14.6,True,True,False
2026-11-05,nine_mile,9-Mile Bank & 43-Fathom,offshore,bluefin_tuna,Pacific Bluefin Tuna,tuna,29,3,outlook,Outlook / trend only,90.2,67.1,99.9,32.8,74.5,60.0,30.2,well above typical,,100.0,climatological sea state,1.0,0.6,0.841,0.856,0.871,,1.081,"pressure,front,chl",67.75,1.13,5.27,0.144,Waning Crescent,climatology + ENSO analog + exact tide/moon,True,32.8,23.1,14.6,True,True,False
2026-11-06,nine_mile,9-Mile Bank & 43-Fathom,offshore,bluefin_tuna,Pacific Bluefin Tuna,tuna,30,3,outlook,Outlook / trend only,91.3,67.7,99.9,32.2,74.5,60.0,31.3,well above typical,,100.0,climatological sea state,1.0,0.6,0.878,0.921,0.87,,1.08,"pressure,front,chl",67.56,1.11,6.13,0.079,Waning Crescent,climatology + ENSO analog + exact tide/moon,True,32.2,23.6,14.6,True,True,False
2026-10-14,nine_mile,9-Mile Bank & 43-Fathom,offshore,bonito,Pacific Bonito,pelagic_inshore,7,2,moderate,Moderate confidence,99.2,95.0,99.9,4.9,81.4,65.5,33.7,well above typical,99.2,100.0,workable,1.0,0.75,0.821,0.886,0.811,0.2,1.337,"pressure,front,chl",73.02,3.75,5.22,0.143,Waxing Crescent,model-blended conditions + exact tide/moon,True,4.9,4.2,0.7,False,False,False
2026-10-15,nine_mile,9-Mile Bank & 43-Fathom,offshore,bonito,Pacific Bonito,pelagic_inshore,8,2,moderate,Moderate confidence,99.0,94.2,99.9,5.7,81.3,65.5,33.5,well above typical,100.0,100.0,workable,1.0,0.75,0.782,0.904,0.824,0.6,1.306,"pressure,front,chl",72.59,3.4,4.5,0.217,Waxing Crescent,model-blended conditions + exact tide/moon,True,5.7,4.8,0.9,False,False,False
2026-10-16,nine_mile,9-Mile Bank & 43-Fathom,offshore,bonito,Pacific Bonito,pelagic_inshore,9,2,moderate,Moderate confidence,95.3,84.4,99.9,15.5,81.3,65.4,29.9,well above typical,80.8,100.0,workable,1.0,0.75,0.747,0.925,0.871,-1.7,1.278,"pressure,front,chl",72.16,3.09,3.84,0.3,Waxing Crescent,model-blended conditions + exact tide/moon,True,15.5,10.9,4.6,False,False,False
2026-10-17,nine_mile,9-Mile Bank & 43-Fathom,offshore,bonito,Pacific Bonito,pelagic_inshore,10,2,moderate,Moderate confidence,98.5,87.6,99.9,12.3,81.3,65.4,33.1,well above typical,100.0,100.0,workable,1.0,0.75,0.727,0.948,0.869,3.6,1.254,"pressure,front,chl",71.78,2.82,3.44,0.39,First Quarter,model-blended conditions + exact tide/moon,True,8.0,10.9,4.6,True,True,False
2026-10-18,nine_mile,9-Mile Bank & 43-Fathom,offshore,bonito,Pacific Bonito,pelagic_inshore,11,2,moderate,Moderate confidence,98.2,87.3,99.9,12.6,81.3,65.4,32.8,well above typical,100.0,100.0,workable,1.0,0.75,0.732,0.971,0.868,1.3,1.231,"pressure,front,chl",71.45,2.57,3.4,0.484,First Quarter,model-blended conditions + exact tide/moon,True,9.7,10.9,4.6,True,True,False
2026-10-19,nine_mile,9-Mile Bank & 43-Fathom,offshore,bonito,Pacific Bonito,pelagic_inshore,12,2,moderate,Moderate confidence,97.5,86.6,99.9,13.3,81.2,65.4,32.1,well above typical,100.0,100.0,workable,1.0,0.75,0.665,0.955,0.866,0.0,1.212,"pressure,front,chl",71.17,2.36,1.18,0.579,First Quarter,model-blended conditions + exact tide/moon,True,12.4,10.9,4.6,True,True,False
2026-10-20,nine_mile,9-Mile Bank & 43-Fathom,offshore,bonito,Pacific Bonito,pelagic_inshore,13,2,moderate,Moderate confidence,97.6,86.7,99.9,13.2,81.2,65.4,32.2,well above typical,100.0,100.0,workable,1.0,0.75,0.763,0.932,0.866,0.0,1.195,"pressure,front,chl",70.92,2.17,3.94,0.673,Waxing Gibbous,model-blended conditions + exact tide/moon,True,12.8,10.9,4.6,True,True,False
2026-10-21,nine_mile,9-Mile Bank & 43-Fathom,offshore,bonito,Pacific Bonito,pelagic_inshore,14,2,moderate,Moderate confidence,97.4,85.8,99.9,14.1,81.2,65.4,32.0,well above typical,100.0,100.0,workable,1.0,0.75,0.785,0.909,0.866,-1.7,1.181,"pressure,front,chl",70.69,2.01,4.27,0.762,Waxing Gibbous,model-blended conditions + exact tide/moon,True,14.1,11.6,4.6,True,True,False
2026-10-22,nine_mile,9-Mile Bank & 43-Fathom,offshore,bonito,Pacific Bonito,pelagic_inshore,15,3,outlook,Outlook / trend only,97.0,79.9,99.9,20.0,81.2,65.4,31.6,well above typical,,100.0,climatological sea state,1.0,0.75,0.809,0.889,0.867,-2.5,1.16,"pressure,front,chl",70.39,1.78,4.66,0.844,Waxing Gibbous,climatology + ENSO analog + exact tide/moon,True,20.0,17.1,4.6,True,True,False
2026-10-23,nine_mile,9-Mile Bank & 43-Fathom,offshore,bonito,Pacific Bonito,pelagic_inshore,16,3,outlook,Outlook / trend only,96.8,78.6,99.9,21.3,81.2,65.4,31.4,well above typical,,100.0,climatological sea state,1.0,0.75,0.832,0.872,0.866,,1.149,"pressure,front,chl",70.17,1.65,5.08,0.912,Waxing Gibbous,climatology + ENSO analog + exact tide/moon,True,21.3,18.2,4.6,True,True,False
2026-10-24,nine_mile,9-Mile Bank & 43-Fathom,offshore,bonito,Pacific Bonito,pelagic_inshore,17,3,outlook,Outlook / trend only,96.7,77.9,99.9,22.0,81.3,65.4,31.3,well above typical,,100.0,climatological sea state,1.0,0.75,0.879,0.859,0.868,,1.139,"pressure,front,chl",69.92,1.54,6.12,0.964,Waxing Gibbous,climatology + ENSO analog + exact tide/moon,True,22.0,18.8,4.6,True,True,False
2026-10-25,nine_mile,9-Mile Bank & 43-Fathom,offshore,bonito,Pacific Bonito,pelagic_inshore,18,3,outlook,Outlook / trend only,96.6,77.2,99.9,22.7,81.3,65.4,31.2,well above typical,,100.0,climatological sea state,1.0,0.75,0.904,0.852,0.87,,1.13,"pressure,front,chl",69.7,1.44,7.03,0.994,Full,climatology + ENSO analog + exact tide/moon,True,22.7,19.4,4.6,True,True,False
2026-10-26,nine_mile,9-Mile Bank & 43-Fathom,offshore,bonito,Pacific Bonito,pelagic_inshore,19,3,outlook,Outlook / trend only,96.4,76.4,99.9,23.5,81.3,65.4,31.0,well above typical,,100.0,climatological sea state,1.0,0.75,0.912,0.85,0.871,,1.121,"pressure,front,chl",69.5,1.35,7.65,0.999,Full,climatology + ENSO analog + exact tide/moon,True,23.5,20.0,4.6,True,True,False
2026-10-27,nine_mile,9-Mile Bank & 43-Fathom,offshore,bonito,Pacific Bonito,pelagic_inshore,20,3,outlook,Outlook / trend only,96.2,75.6,99.9,24.3,81.3,65.5,30.7,well above typical,,100.0,climatological sea state,1.0,0.75,0.911,0.856,0.872,,1.114,"pressure,front,chl",69.3,1.27,7.87,0.976,Full,climatology + ENSO analog + exact tide/moon,True,24.3,20.6,4.6,True,True,False
2026-10-28,nine_mile,9-Mile Bank & 43-Fathom,offshore,bonito,Pacific Bonito,pelagic_inshore,21,3,outlook,Outlook / trend only,95.9,74.6,99.9,25.3,81.3,65.5,30.4,well above typical,,100.0,climatological sea state,1.0,0.75,0.903,0.868,0.874,,1.108,"pressure,front,chl",69.07,1.2,7.69,0.927,Waning Gibbous,climatology + ENSO analog + exact tide/moon,True,25.3,21.3,4.6,True,True,False
2026-10-29,nine_mile,9-Mile Bank & 43-Fathom,offshore,bonito,Pacific Bonito,pelagic_inshore,22,3,outlook,Outlook / trend only,95.7,73.5,99.9,26.4,81.4,65.5,30.2,well above typical,,100.0,climatological sea state,1.0,0.75,0.889,0.886,0.876,,1.103,"pressure,front,chl",68.84,1.14,7.14,0.854,Waning Gibbous,climatology + ENSO analog + exact tide/moon,True,26.4,22.2,4.6,True,True,False
2026-10-30,nine_mile,9-Mile Bank & 43-Fathom,offshore,bonito,Pacific Bonito,pelagic_inshore,23,3,outlook,Outlook / trend only,95.4,72.4,99.9,27.5,81.4,65.5,29.9,well above typical,,100.0,climatological sea state,1.0,0.75,0.87,0.91,0.877,,1.098,"pressure,front,chl",68.64,1.09,6.38,0.761,Waning Gibbous,climatology + ENSO analog + exact tide/moon,True,27.5,23.0,4.6,True,True,False
2026-10-31,nine_mile,9-Mile Bank & 43-Fathom,offshore,bonito,Pacific Bonito,pelagic_inshore,24,3,outlook,Outlook / trend only,95.0,71.0,99.9,28.9,81.4,65.5,29.5,well above typical,,100.0,climatological sea state,1.0,0.75,0.835,0.936,0.877,,1.094,"pressure,front,chl",68.46,1.04,5.63,0.655,Waning Gibbous,climatology + ENSO analog + exact tide/moon,True,28.9,24.0,4.9,False,False,False
2026-11-01,nine_mile,9-Mile Bank & 43-Fathom,offshore,bonito,Pacific Bonito,pelagic_inshore,25,3,outlook,Outlook / trend only,87.7,63.5,99.9,36.4,74.2,59.7,28.0,well above typical,,100.0,climatological sea state,1.0,0.45,0.814,0.964,0.874,,1.124,"pressure,front,chl",68.66,1.38,5.1,0.543,Last Quarter,climatology + ENSO analog + exact tide/moon,True,36.4,24.2,12.2,False,False,False
2026-11-02,nine_mile,9-Mile Bank & 43-Fathom,offshore,bonito,Pacific Bonito,pelagic_inshore,26,3,outlook,Outlook / trend only,87.3,62.7,99.9,37.2,74.2,59.7,27.6,well above typical,,100.0,climatological sea state,1.0,0.45,0.808,0.958,0.872,,1.121,"pressure,front,chl",68.49,1.34,4.83,0.43,Last Quarter,climatology + ENSO analog + exact tide/moon,True,37.2,24.6,12.6,False,False,False
2026-11-03,nine_mile,9-Mile Bank & 43-Fathom,offshore,bonito,Pacific Bonito,pelagic_inshore,27,3,outlook,Outlook / trend only,87.0,62.0,99.9,37.9,74.2,59.7,27.3,well above typical,,100.0,climatological sea state,1.0,0.45,0.807,0.93,0.872,,1.119,"pressure,front,chl",68.3,1.32,4.66,0.322,Last Quarter,climatology + ENSO analog + exact tide/moon,True,37.9,25.0,12.9,False,False,False
2026-11-04,nine_mile,9-Mile Bank & 43-Fathom,offshore,bonito,Pacific Bonito,pelagic_inshore,28,3,outlook,Outlook / trend only,87.0,61.5,99.9,38.4,74.1,59.7,27.3,well above typical,,100.0,climatological sea state,1.0,0.45,0.824,0.906,0.871,,1.116,"pressure,front,chl",68.1,1.29,4.92,0.226,Waning Crescent,climatology + ENSO analog + exact tide/moon,True,38.4,25.5,12.9,False,False,False
2026-11-05,nine_mile,9-Mile Bank & 43-Fathom,offshore,bonito,Pacific Bonito,pelagic_inshore,29,3,outlook,Outlook / trend only,86.1,60.2,99.9,39.7,74.2,59.7,26.4,well above typical,,100.0,climatological sea state,1.0,0.45,0.841,0.886,0.871,,1.102,"pressure,front,chl",67.75,1.13,5.27,0.144,Waning Crescent,climatology + ENSO analog + exact tide/moon,True,39.7,25.9,13.8,False,False,False
2026-11-06,nine_mile,9-Mile Bank & 43-Fathom,offshore,bonito,Pacific Bonito,pelagic_inshore,30,3,outlook,Outlook / trend only,86.4,59.1,99.9,40.8,74.1,59.7,26.7,well above typical,,100.0,climatological sea state,1.0,0.45,0.878,0.87,0.87,,1.1,"pressure,front,chl",67.56,1.11,6.13,0.079,Waning Crescent,climatology + ENSO analog + exact tide/moon,True,40.8,27.3,13.8,True,True,False
2026-10-14,nine_mile,9-Mile Bank & 43-Fathom,offshore,dorado,Dorado (Mahi-Mahi),tuna,7,2,moderate,Moderate confidence,99.6,96.4,99.9,3.5,55.4,44.6,55.0,well above typical,99.2,100.0,workable,1.0,0.8,0.821,0.886,0.811,0.2,1.35,"pressure,front,chl",73.02,3.75,5.22,0.143,Waxing Crescent,model-blended conditions + exact tide/moon,True,3.5,3.2,0.3,False,False,False
2026-10-15,nine_mile,9-Mile Bank & 43-Fathom,offshore,dorado,Dorado (Mahi-Mahi),tuna,8,2,moderate,Moderate confidence,99.6,95.7,99.9,4.2,54.2,43.6,56.0,well above typical,100.0,100.0,workable,1.0,0.8,0.782,0.904,0.824,0.6,1.35,"pressure,front,chl",72.59,3.4,4.5,0.217,Waxing Crescent,model-blended conditions + exact tide/moon,True,4.2,3.9,0.3,False,False,False
2026-10-16,nine_mile,9-Mile Bank & 43-Fathom,offshore,dorado,Dorado (Mahi-Mahi),tuna,9,2,moderate,Moderate confidence,98.4,84.2,99.9,15.7,52.5,42.2,56.2,well above typical,80.8,100.0,workable,1.0,0.8,0.747,0.925,0.871,-1.7,1.35,"pressure,front,chl",72.16,3.09,3.84,0.3,Waxing Crescent,model-blended conditions + exact tide/moon,True,15.7,14.2,1.5,False,False,False
2026-10-17,nine_mile,9-Mile Bank & 43-Fathom,offshore,dorado,Dorado (Mahi-Mahi),tuna,10,2,moderate,Moderate confidence,99.5,82.2,99.9,17.7,50.4,40.6,58.9,well above typical,100.0,100.0,workable,0.946,0.8,0.727,0.948,0.869,3.6,1.35,"pressure,front,chl",71.78,2.82,3.44,0.39,First Quarter,model-blended conditions + exact tide/moon,True,17.7,17.3,1.5,True,True,False
2026-10-18,nine_mile,9-Mile Bank & 43-Fathom,offshore,dorado,Dorado (Mahi-Mahi),tuna,11,2,moderate,Moderate confidence,99.2,69.0,99.9,30.9,49.0,39.4,59.8,well above typical,100.0,100.0,workable,0.865,0.8,0.732,0.971,0.868,1.3,1.35,"pressure,front,chl",71.45,2.57,3.4,0.484,First Quarter,model-blended conditions + exact tide/moon,True,30.9,30.2,1.5,True,True,False
2026-10-19,nine_mile,9-Mile Bank & 43-Fathom,offshore,dorado,Dorado (Mahi-Mahi),tuna,12,2,moderate,Moderate confidence,98.6,58.2,99.9,41.7,47.7,38.4,60.2,well above typical,100.0,100.0,workable,0.797,0.8,0.665,0.955,0.866,0.0,1.35,"pressure,front,chl",71.17,2.36,1.18,0.579,First Quarter,model-blended conditions + exact tide/moon,True,41.7,40.4,1.5,True,True,False
2026-10-20,nine_mile,9-Mile Bank & 43-Fathom,offshore,dorado,Dorado (Mahi-Mahi),tuna,13,2,moderate,Moderate confidence,97.9,49.2,99.9,50.7,46.5,37.4,60.5,well above typical,100.0,100.0,workable,0.736,0.8,0.763,0.932,0.866,0.0,1.35,"pressure,front,chl",70.92,2.17,3.94,0.673,Waxing Gibbous,model-blended conditions + exact tide/moon,True,50.7,48.7,2.0,False,False,False
2026-10-21,nine_mile,9-Mile Bank & 43-Fathom,offshore,dorado,Dorado (Mahi-Mahi),tuna,14,2,moderate,Moderate confidence,96.8,40.6,99.9,59.3,45.0,36.3,60.5,well above typical,100.0,100.0,workable,0.679,0.8,0.785,0.909,0.866,-1.7,1.35,"pressure,front,chl",70.69,2.01,4.27,0.762,Waxing Gibbous,model-blended conditions + exact tide/moon,True,59.3,56.2,3.1,False,False,False
2026-10-22,nine_mile,9-Mile Bank & 43-Fathom,offshore,dorado,Dorado (Mahi-Mahi),tuna,15,3,outlook,Outlook / trend only,94.2,25.0,99.9,74.9,43.5,35.0,59.2,well above typical,,100.0,climatological sea state,0.605,0.8,0.809,0.889,0.867,-2.5,1.35,"pressure,front,chl",70.39,1.78,4.66,0.844,Waxing Gibbous,climatology + ENSO analog + exact tide/moon,True,74.9,69.2,5.7,False,False,False
2026-10-23,nine_mile,9-Mile Bank & 43-Fathom,offshore,dorado,Dorado (Mahi-Mahi),tuna,16,3,outlook,Outlook / trend only,89.3,14.3,99.9,85.6,41.1,33.2,56.1,well above typical,,100.0,climatological sea state,0.55,0.8,0.832,0.872,0.866,,1.327,"pressure,front,chl",70.17,1.65,5.08,0.912,Waxing Gibbous,climatology + ENSO analog + exact tide/moon,True,85.6,75.0,10.6,False,False,False
2026-10-24,nine_mile,9-Mile Bank & 43-Fathom,offshore,dorado,Dorado (Mahi-Mahi),tuna,17,3,outlook,Outlook / trend only,82.9,4.1,99.9,95.8,37.6,30.4,52.5,well above typical,,100.0,climatological sea state,0.491,0.8,0.879,0.859,0.868,,1.305,"pressure,front,chl",69.92,1.54,6.12,0.964,Waxing Gibbous,climatology + ENSO analog + exact tide/moon,True,95.8,78.8,17.0,False,False,False
2026-10-25,nine_mile,9-Mile Bank & 43-Fathom,offshore,dorado,Dorado (Mahi-Mahi),tuna,18,3,outlook,Outlook / trend only,76.9,1.0,99.9,98.9,33.8,27.2,49.7,well above typical,,100.0,climatological sea state,0.436,0.8,0.904,0.852,0.87,,1.285,"pressure,front,chl",69.7,1.44,7.03,0.994,Full,climatology + ENSO analog + exact tide/moon,True,96.2,78.8,23.0,True,False,True
2026-10-26,nine_mile,9-Mile Bank & 43-Fathom,offshore,dorado,Dorado (Mahi-Mahi),tuna,19,3,outlook,Outlook / trend only,71.3,1.0,99.9,98.9,29.4,23.6,47.7,well above typical,,100.0,climatological sea state,0.387,0.8,0.912,0.85,0.871,,1.267,"pressure,front,chl",69.5,1.35,7.65,0.999,Full,climatology + ENSO analog + exact tide/moon,True,96.4,78.8,28.6,True,False,True
2026-10-27,nine_mile,9-Mile Bank & 43-Fathom,offshore,dorado,Dorado (Mahi-Mahi),tuna,20,3,outlook,Outlook / trend only,65.7,1.0,99.9,98.9,22.6,18.0,47.7,well above typical,,100.0,climatological sea state,0.338,0.8,0.911,0.856,0.872,,1.251,"pressure,front,chl",69.3,1.27,7.87,0.976,Full,climatology + ENSO analog + exact tide/moon,True,96.7,78.8,34.2,True,False,True
2026-10-28,nine_mile,9-Mile Bank & 43-Fathom,offshore,dorado,Dorado (Mahi-Mahi),tuna,21,3,outlook,Outlook / trend only,59.2,1.0,99.9,98.9,20.2,16.2,43.0,well above typical,,100.0,climatological sea state,0.281,0.8,0.903,0.868,0.874,,1.238,"pressure,front,chl",69.07,1.2,7.69,0.927,Waning Gibbous,climatology + ENSO analog + exact tide/moon,True,97.0,78.8,40.7,True,False,True
2026-10-29,nine_mile,9-Mile Bank & 43-Fathom,offshore,dorado,Dorado (Mahi-Mahi),tuna,22,3,outlook,Outlook / trend only,52.5,1.0,99.9,98.9,20.2,16.2,36.3,well above typical,,100.0,climatological sea state,0.227,0.8,0.889,0.886,0.876,,1.226,"pressure,front,chl",68.84,1.14,7.14,0.854,Waning Gibbous,climatology + ENSO analog + exact tide/moon,True,97.2,78.8,47.4,True,False,True
2026-10-30,nine_mile,9-Mile Bank & 43-Fathom,offshore,dorado,Dorado (Mahi-Mahi),tuna,23,3,outlook,Outlook / trend only,46.0,1.0,99.9,98.9,20.2,16.2,29.8,well above typical,,100.0,climatological sea state,0.178,0.8,0.87,0.91,0.877,,1.216,"pressure,front,chl",68.64,1.09,6.38,0.761,Waning Gibbous,climatology + ENSO analog + exact tide/moon,True,97.5,78.8,53.9,True,False,True
2026-10-31,nine_mile,9-Mile Bank & 43-Fathom,offshore,dorado,Dorado (Mahi-Mahi),tuna,24,3,outlook,Outlook / trend only,39.4,1.0,99.9,98.9,20.2,16.2,23.2,well above typical,,100.0,climatological sea state,0.133,0.8,0.835,0.936,0.877,,1.206,"pressure,front,chl",68.46,1.04,5.63,0.655,Waning Gibbous,climatology + ENSO analog + exact tide/moon,True,97.8,78.8,60.5,True,False,True
2026-11-01,nine_mile,9-Mile Bank & 43-Fathom,offshore,dorado,Dorado (Mahi-Mahi),tuna,25,3,outlook,Outlook / trend only,40.5,1.0,99.9,98.9,17.7,14.2,26.3,well above typical,,100.0,climatological sea state,0.183,0.35,0.814,0.964,0.874,,1.273,"pressure,front,chl",68.66,1.38,5.1,0.543,Last Quarter,climatology + ENSO analog + exact tide/moon,True,96.7,78.8,60.5,True,True,True
2026-11-02,nine_mile,9-Mile Bank & 43-Fathom,offshore,dorado,Dorado (Mahi-Mahi),tuna,26,3,outlook,Outlook / trend only,34.9,1.0,95.9,94.9,17.7,14.2,20.7,well above typical,,100.0,climatological sea state,0.139,0.35,0.808,0.958,0.872,,1.265,"pressure,front,chl",68.49,1.34,4.83,0.43,Last Quarter,climatology + ENSO analog + exact tide/moon,True,94.9,78.8,61.0,True,False,True
2026-11-03,nine_mile,9-Mile Bank & 43-Fathom,offshore,dorado,Dorado (Mahi-Mahi),tuna,27,3,outlook,Outlook / trend only,28.3,1.0,93.9,92.9,17.7,14.2,14.1,well above typical,,100.0,climatological sea state,0.093,0.35,0.807,0.93,0.872,,1.261,"pressure,front,chl",68.3,1.32,4.66,0.322,Last Quarter,climatology + ENSO analog + exact tide/moon,True,92.9,78.8,65.6,True,False,True
2026-11-04,nine_mile,9-Mile Bank & 43-Fathom,offshore,dorado,Dorado (Mahi-Mahi),tuna,28,3,outlook,Outlook / trend only,19.1,1.0,91.6,90.6,17.7,14.2,4.9,above typical,,100.0,climatological sea state,0.044,0.35,0.824,0.906,0.871,,1.255,"pressure,front,chl",68.1,1.29,4.92,0.226,Waning Crescent,climatology + ENSO analog + exact tide/moon,True,90.6,78.8,72.5,True,False,True
2026-11-05,nine_mile,9-Mile Bank & 43-Fathom,offshore,dorado,Dorado (Mahi-Mahi),tuna,29,3,outlook,Outlook / trend only,12.4,1.0,86.9,85.9,17.7,14.2,-1.8,near typical,,100.0,climatological sea state,0.02,0.35,0.841,0.886,0.871,,1.224,"pressure,front,chl",67.75,1.13,5.27,0.144,Waning Crescent,climatology + ENSO analog + exact tide/moon,True,85.9,78.8,74.5,True,False,True
2026-11-06,nine_mile,9-Mile Bank & 43-Fathom,offshore,dorado,Dorado (Mahi-Mahi),tuna,30,3,outlook,Outlook / trend only,12.4,1.0,86.9,85.9,17.7,14.2,-1.8,near typical,,100.0,climatological sea state,0.02,0.35,0.878,0.87,0.87,,1.22,"pressure,front,chl",67.56,1.11,6.13,0.079,Waning Crescent,climatology + ENSO analog + exact tide/moon,True,83.6,78.8,74.5,True,False,True
2026-10-14,nine_mile,9-Mile Bank & 43-Fathom,offshore,rockfish,Rockfish Complex,groundfish,7,2,moderate,Moderate confidence,62.7,52.0,73.4,21.4,82.8,66.6,-3.9,below typical,99.2,100.0,workable,1.0,0.85,0.956,0.886,0.78,0.2,0.73,"pressure,chl",73.02,3.75,5.22,0.143,Waxing Crescent,model-blended conditions + exact tide/moon,True,21.4,10.7,10.7,False,False,False
2026-10-15,nine_mile,9-Mile Bank & 43-Fathom,offshore,rockfish,Rockfish Complex,groundfish,8,2,moderate,Moderate confidence,64.5,53.2,75.8,22.6,82.7,66.6,-2.1,near typical,100.0,100.0,workable,1.0,0.85,0.87,0.904,0.793,0.6,0.755,"pressure,chl",72.59,3.4,4.5,0.217,Waxing Crescent,model-blended conditions + exact tide/moon,True,22.6,11.3,11.3,False,False,False
2026-10-16,nine_mile,9-Mile Bank & 43-Fathom,offshore,rockfish,Rockfish Complex,groundfish,9,2,moderate,Moderate confidence,58.6,47.3,69.9,22.6,82.6,66.5,-7.9,below typical,80.8,100.0,workable,1.0,0.85,0.791,0.925,0.844,-1.7,0.778,"pressure,chl",72.16,3.09,3.84,0.3,Waxing Crescent,model-blended conditions + exact tide/moon,True,21.8,11.3,11.3,True,False,False
2026-10-17,nine_mile,9-Mile Bank & 43-Fathom,offshore,rockfish,Rockfish Complex,groundfish,10,2,moderate,Moderate confidence,67.8,55.3,80.4,25.1,82.5,66.4,1.4,near typical,100.0,100.0,workable,1.0,0.85,0.746,0.948,0.842,3.6,0.797,"pressure,chl",71.78,2.82,3.44,0.39,First Quarter,model-blended conditions + exact tide/moon,True,25.1,12.5,12.6,False,False,False
2026-10-18,nine_mile,9-Mile Bank & 43-Fathom,offshore,rockfish,Rockfish Complex,groundfish,11,2,moderate,Moderate confidence,69.6,56.2,82.9,26.7,82.5,66.4,3.2,above typical,100.0,100.0,workable,1.0,0.85,0.757,0.971,0.841,1.3,0.815,"pressure,chl",71.45,2.57,3.4,0.484,First Quarter,model-blended conditions + exact tide/moon,True,26.7,13.4,13.3,False,False,False
2026-10-19,nine_mile,9-Mile Bank & 43-Fathom,offshore,rockfish,Rockfish Complex,groundfish,12,2,moderate,Moderate confidence,67.8,54.4,81.1,26.7,82.4,66.3,1.5,near typical,100.0,100.0,workable,1.0,0.85,0.607,0.955,0.839,0.0,0.83,"pressure,chl",71.17,2.36,1.18,0.579,First Quarter,model-blended conditions + exact tide/moon,True,26.5,13.4,13.3,True,False,False
2026-10-20,nine_mile,9-Mile Bank & 43-Fathom,offshore,rockfish,Rockfish Complex,groundfish,13,2,moderate,Moderate confidence,73.1,58.8,87.4,28.6,82.4,66.3,6.8,above typical,100.0,100.0,workable,1.0,0.85,0.826,0.932,0.839,0.0,0.844,"pressure,chl",70.92,2.17,3.94,0.673,Waxing Gibbous,model-blended conditions + exact tide/moon,True,28.6,14.3,14.3,False,False,False
2026-10-21,nine_mile,9-Mile Bank & 43-Fathom,offshore,rockfish,Rockfish Complex,groundfish,14,2,moderate,Moderate confidence,74.9,60.2,89.7,29.5,82.4,66.3,8.6,well above typical,100.0,100.0,workable,1.0,0.85,0.877,0.909,0.839,-1.7,0.855,"pressure,chl",70.69,2.01,4.27,0.762,Waxing Gibbous,model-blended conditions + exact tide/moon,True,29.5,14.7,14.8,False,False,False
2026-10-22,nine_mile,9-Mile Bank & 43-Fathom,offshore,rockfish,Rockfish Complex,groundfish,15,3,outlook,Outlook / trend only,77.2,58.1,96.4,38.3,82.4,66.4,10.8,well above typical,,100.0,climatological sea state,1.0,0.85,0.93,0.889,0.84,-2.5,0.872,"pressure,chl",70.39,1.78,4.66,0.844,Waxing Gibbous,climatology + ENSO analog + exact tide/moon,True,38.3,19.1,19.2,False,False,False
2026-10-23,nine_mile,9-Mile Bank & 43-Fathom,offshore,rockfish,Rockfish Complex,groundfish,16,3,outlook,Outlook / trend only,78.8,59.1,98.4,39.3,82.4,66.3,12.5,well above typical,,100.0,climatological sea state,1.0,0.85,0.981,0.872,0.839,,0.881,"pressure,chl",70.17,1.65,5.08,0.912,Waxing Gibbous,climatology + ENSO analog + exact tide/moon,True,39.3,19.7,19.6,False,False,False
2026-10-24,nine_mile,9-Mile Bank & 43-Fathom,offshore,rockfish,Rockfish Complex,groundfish,17,3,outlook,Outlook / trend only,78.4,58.5,98.2,39.7,82.5,66.4,12.0,well above typical,,100.0,climatological sea state,1.0,0.85,0.912,0.859,0.841,,0.889,"pressure,chl",69.92,1.54,6.12,0.964,Waxing Gibbous,climatology + ENSO analog + exact tide/moon,True,39.7,19.9,19.8,False,False,False
2026-10-25,nine_mile,9-Mile Bank & 43-Fathom,offshore,rockfish,Rockfish Complex,groundfish,18,3,outlook,Outlook / trend only,78.2,58.2,98.1,39.9,82.6,66.5,11.7,well above typical,,100.0,climatological sea state,1.0,0.85,0.855,0.852,0.844,,0.896,"pressure,chl",69.7,1.44,7.03,0.994,Full,climatology + ENSO analog + exact tide/moon,True,39.9,20.0,19.9,False,False,False
2026-10-26,nine_mile,9-Mile Bank & 43-Fathom,offshore,rockfish,Rockfish Complex,groundfish,19,3,outlook,Outlook / trend only,78.5,58.4,98.4,40.0,82.6,66.5,12.0,well above typical,,100.0,climatological sea state,1.0,0.85,0.838,0.85,0.844,,0.903,"pressure,chl",69.5,1.35,7.65,0.999,Full,climatology + ENSO analog + exact tide/moon,True,40.0,20.1,19.9,False,False,False
2026-10-27,nine_mile,9-Mile Bank & 43-Fathom,offshore,rockfish,Rockfish Complex,groundfish,20,3,outlook,Outlook / trend only,79.0,58.8,99.0,40.2,82.6,66.5,12.5,well above typical,,100.0,climatological sea state,1.0,0.85,0.84,0.856,0.845,,0.909,"pressure,chl",69.3,1.27,7.87,0.976,Full,climatology + ENSO analog + exact tide/moon,True,40.2,20.2,20.0,False,False,False
2026-10-28,nine_mile,9-Mile Bank & 43-Fathom,offshore,rockfish,Rockfish Complex,groundfish,21,3,outlook,Outlook / trend only,79.9,59.3,99.9,40.6,82.7,66.6,13.3,well above typical,,100.0,climatological sea state,1.0,0.85,0.857,0.868,0.848,,0.914,"pressure,chl",69.07,1.2,7.69,0.927,Waning Gibbous,climatology + ENSO analog + exact tide/moon,True,40.6,20.6,20.0,False,False,False
2026-10-29,nine_mile,9-Mile Bank & 43-Fathom,offshore,rockfish,Rockfish Complex,groundfish,22,3,outlook,Outlook / trend only,81.0,59.9,99.9,40.0,82.8,66.6,14.4,well above typical,,100.0,climatological sea state,1.0,0.85,0.889,0.886,0.85,,0.918,"pressure,chl",68.84,1.14,7.14,0.854,Waning Gibbous,climatology + ENSO analog + exact tide/moon,True,40.0,21.1,20.0,True,True,False
2026-10-30,nine_mile,9-Mile Bank & 43-Fathom,offshore,rockfish,Rockfish Complex,groundfish,23,3,outlook,Outlook / trend only,82.2,60.5,99.9,39.4,82.8,66.7,15.5,well above typical,,100.0,climatological sea state,1.0,0.85,0.933,0.91,0.851,,0.922,"pressure,chl",68.64,1.09,6.38,0.761,Waning Gibbous,climatology + ENSO analog + exact tide/moon,True,39.4,21.7,20.0,True,True,False
2026-10-31,nine_mile,9-Mile Bank & 43-Fathom,offshore,rockfish,Rockfish Complex,groundfish,24,3,outlook,Outlook / trend only,83.5,61.1,99.9,38.8,82.8,66.7,16.8,well above typical,,100.0,climatological sea state,1.0,0.85,0.988,0.936,0.851,,0.925,"pressure,chl",68.46,1.04,5.63,0.655,Waning Gibbous,climatology + ENSO analog + exact tide/moon,True,38.8,22.4,20.0,True,True,False
2026-11-01,nine_mile,9-Mile Bank & 43-Fathom,offshore,rockfish,Rockfish Complex,groundfish,25,3,outlook,Outlook / trend only,77.5,55.1,99.3,44.2,80.2,64.5,13.0,well above typical,,100.0,climatological sea state,1.0,0.7,0.941,0.964,0.848,,0.901,"pressure,chl",68.66,1.38,5.1,0.543,Last Quarter,climatology + ENSO analog + exact tide/moon,True,44.0,22.4,21.8,True,False,False
2026-11-02,nine_mile,9-Mile Bank & 43-Fathom,offshore,rockfish,Rockfish Complex,groundfish,26,3,outlook,Outlook / trend only,77.4,55.0,99.4,44.4,80.1,64.5,12.9,well above typical,,100.0,climatological sea state,1.0,0.7,0.927,0.958,0.846,,0.904,"pressure,chl",68.49,1.34,4.83,0.43,Last Quarter,climatology + ENSO analog + exact tide/moon,True,44.4,22.4,22.0,False,False,False
2026-11-03,nine_mile,9-Mile Bank & 43-Fathom,offshore,rockfish,Rockfish Complex,groundfish,27,3,outlook,Outlook / trend only,77.4,54.6,99.8,45.2,80.1,64.5,12.9,well above typical,,100.0,climatological sea state,1.0,0.7,0.925,0.93,0.845,,0.905,"pressure,chl",68.3,1.32,4.66,0.322,Last Quarter,climatology + ENSO analog + exact tide/moon,True,45.2,22.8,22.4,False,False,False
2026-11-04,nine_mile,9-Mile Bank & 43-Fathom,offshore,rockfish,Rockfish Complex,groundfish,28,3,outlook,Outlook / trend only,78.1,54.8,99.9,45.1,80.0,64.4,13.7,well above typical,,100.0,climatological sea state,1.0,0.7,0.965,0.906,0.844,,0.907,"pressure,chl",68.1,1.29,4.92,0.226,Waning Crescent,climatology + ENSO analog + exact tide/moon,True,45.1,23.3,22.4,True,True,False
2026-11-05,nine_mile,9-Mile Bank & 43-Fathom,offshore,rockfish,Rockfish Complex,groundfish,29,3,outlook,Outlook / trend only,79.6,55.9,99.9,44.0,80.1,64.5,15.1,well above typical,,100.0,climatological sea state,1.0,0.7,0.998,0.886,0.845,,0.919,"pressure,chl",67.75,1.13,5.27,0.144,Waning Crescent,climatology + ENSO analog + exact tide/moon,True,44.0,23.7,22.4,True,True,False
2026-11-06,nine_mile,9-Mile Bank & 43-Fathom,offshore,rockfish,Rockfish Complex,groundfish,30,3,outlook,Outlook / trend only,78.3,54.6,99.9,45.3,80.0,64.4,13.9,well above typical,,100.0,climatological sea state,1.0,0.7,0.915,0.87,0.844,,0.92,"pressure,chl",67.56,1.11,6.13,0.079,Waning Crescent,climatology + ENSO analog + exact tide/moon,True,45.3,23.7,22.4,True,True,False
2026-10-14,nine_mile,9-Mile Bank & 43-Fathom,offshore,yellowfin_tuna,Yellowfin Tuna,tuna,7,2,moderate,Moderate confidence,99.6,96.6,99.9,3.3,77.3,62.2,37.4,well above typical,99.2,100.0,workable,1.0,0.85,0.821,0.886,0.811,0.2,1.35,"pressure,front,chl",73.02,3.75,5.22,0.143,Waxing Crescent,model-blended conditions + exact tide/moon,True,3.3,3.0,0.3,False,False,False
2026-10-15,nine_mile,9-Mile Bank & 43-Fathom,offshore,yellowfin_tuna,Yellowfin Tuna,tuna,8,2,moderate,Moderate confidence,99.6,96.6,99.9,3.3,76.7,61.7,37.9,well above typical,100.0,100.0,workable,1.0,0.85,0.782,0.904,0.824,0.6,1.35,"pressure,front,chl",72.59,3.4,4.5,0.217,Waxing Crescent,model-blended conditions + exact tide/moon,True,3.3,3.0,0.3,False,False,False
2026-10-16,nine_mile,9-Mile Bank & 43-Fathom,offshore,yellowfin_tuna,Yellowfin Tuna,tuna,9,2,moderate,Moderate confidence,98.5,94.0,99.9,5.9,75.8,61.0,37.5,well above typical,80.8,100.0,workable,1.0,0.85,0.747,0.925,0.871,-1.7,1.35,"pressure,front,chl",72.16,3.09,3.84,0.3,Waxing Crescent,model-blended conditions + exact tide/moon,True,5.9,4.5,1.4,False,False,False
2026-10-17,nine_mile,9-Mile Bank & 43-Fathom,offshore,yellowfin_tuna,Yellowfin Tuna,tuna,10,2,moderate,Moderate confidence,99.7,95.2,99.9,4.7,74.8,60.3,39.4,well above typical,100.0,100.0,workable,1.0,0.85,0.727,0.948,0.869,3.6,1.35,"pressure,front,chl",71.78,2.82,3.44,0.39,First Quarter,model-blended conditions + exact tide/moon,True,4.1,4.5,1.4,True,True,False
2026-10-18,nine_mile,9-Mile Bank & 43-Fathom,offshore,yellowfin_tuna,Yellowfin Tuna,tuna,11,2,moderate,Moderate confidence,99.7,94.3,99.9,5.6,74.2,59.7,40.0,well above typical,100.0,100.0,workable,1.0,0.85,0.732,0.971,0.868,1.3,1.35,"pressure,front,chl",71.45,2.57,3.4,0.484,First Quarter,model-blended conditions + exact tide/moon,True,5.6,5.4,1.4,True,True,False
2026-10-19,nine_mile,9-Mile Bank & 43-Fathom,offshore,yellowfin_tuna,Yellowfin Tuna,tuna,12,2,moderate,Moderate confidence,99.7,90.6,99.9,9.3,73.6,59.2,40.5,well above typical,100.0,100.0,workable,1.0,0.85,0.665,0.955,0.866,0.0,1.35,"pressure,front,chl",71.17,2.36,1.18,0.579,First Quarter,model-blended conditions + exact tide/moon,True,9.3,9.1,1.4,True,True,False
2026-10-20,nine_mile,9-Mile Bank & 43-Fathom,offshore,yellowfin_tuna,Yellowfin Tuna,tuna,13,2,moderate,Moderate confidence,99.7,84.4,99.9,15.5,73.1,58.8,40.9,well above typical,100.0,100.0,workable,1.0,0.85,0.763,0.932,0.866,0.0,1.35,"pressure,front,chl",70.92,2.17,3.94,0.673,Waxing Gibbous,model-blended conditions + exact tide/moon,True,15.5,15.3,1.4,True,True,False
2026-10-21,nine_mile,9-Mile Bank & 43-Fathom,offshore,yellowfin_tuna,Yellowfin Tuna,tuna,14,2,moderate,Moderate confidence,99.6,78.0,99.9,21.9,72.5,58.4,41.2,well above typical,100.0,100.0,workable,1.0,0.85,0.785,0.909,0.866,-1.7,1.326,"pressure,front,chl",70.69,2.01,4.27,0.762,Waxing Gibbous,model-blended conditions + exact tide/moon,True,21.9,21.6,1.4,True,True,False
2026-10-22,nine_mile,9-Mile Bank & 43-Fathom,offshore,yellowfin_tuna,Yellowfin Tuna,tuna,15,3,outlook,Outlook / trend only,99.4,65.8,99.9,34.1,71.9,57.9,41.5,well above typical,,100.0,climatological sea state,1.0,0.85,0.809,0.889,0.867,-2.5,1.288,"pressure,front,chl",70.39,1.78,4.66,0.844,Waxing Gibbous,climatology + ENSO analog + exact tide/moon,True,34.1,33.6,1.4,True,True,False
2026-10-23,nine_mile,9-Mile Bank & 43-Fathom,offshore,yellowfin_tuna,Yellowfin Tuna,tuna,16,3,outlook,Outlook / trend only,99.3,59.8,99.9,40.1,71.1,57.2,42.1,well above typical,,100.0,climatological sea state,1.0,0.85,0.832,0.872,0.866,,1.267,"pressure,front,chl",70.17,1.65,5.08,0.912,Waxing Gibbous,climatology + ENSO analog + exact tide/moon,True,40.1,39.5,1.4,True,True,False
2026-10-24,nine_mile,9-Mile Bank & 43-Fathom,offshore,yellowfin_tuna,Yellowfin Tuna,tuna,17,3,outlook,Outlook / trend only,99.1,53.9,99.9,46.0,69.9,56.3,42.8,well above typical,,100.0,climatological sea state,0.981,0.85,0.879,0.859,0.868,,1.249,"pressure,front,chl",69.92,1.54,6.12,0.964,Waxing Gibbous,climatology + ENSO analog + exact tide/moon,True,46.0,45.2,1.4,True,True,False
2026-10-25,nine_mile,9-Mile Bank & 43-Fathom,offshore,yellowfin_tuna,Yellowfin Tuna,tuna,18,3,outlook,Outlook / trend only,98.6,48.6,99.9,51.3,68.8,55.4,43.2,well above typical,,100.0,climatological sea state,0.926,0.85,0.904,0.852,0.87,,1.233,"pressure,front,chl",69.7,1.44,7.03,0.994,Full,climatology + ENSO analog + exact tide/moon,True,51.3,50.0,1.4,True,True,False
2026-10-26,nine_mile,9-Mile Bank & 43-Fathom,offshore,yellowfin_tuna,Yellowfin Tuna,tuna,19,3,outlook,Outlook / trend only,97.9,44.1,99.9,55.8,67.8,54.6,43.3,well above typical,,100.0,climatological sea state,0.877,0.85,0.912,0.85,0.871,,1.219,"pressure,front,chl",69.5,1.35,7.65,0.999,Full,climatology + ENSO analog + exact tide/moon,True,55.8,53.8,2.0,False,False,False
2026-10-27,nine_mile,9-Mile Bank & 43-Fathom,offshore,yellowfin_tuna,Yellowfin Tuna,tuna,20,3,outlook,Outlook / trend only,97.0,39.7,99.9,60.2,66.6,53.6,43.4,well above typical,,100.0,climatological sea state,0.828,0.85,0.911,0.856,0.872,,1.206,"pressure,front,chl",69.3,1.27,7.87,0.976,Full,climatology + ENSO analog + exact tide/moon,True,60.2,57.3,2.9,False,False,False
2026-10-28,nine_mile,9-Mile Bank & 43-Fathom,offshore,yellowfin_tuna,Yellowfin Tuna,tuna,21,3,outlook,Outlook / trend only,95.5,33.7,99.9,66.2,64.9,52.3,43.2,well above typical,,100.0,climatological sea state,0.771,0.85,0.903,0.868,0.874,,1.194,"pressure,front,chl",69.07,1.2,7.69,0.927,Waning Gibbous,climatology + ENSO analog + exact tide/moon,True,66.2,61.8,4.4,False,False,False
2026-10-29,nine_mile,9-Mile Bank & 43-Fathom,offshore,yellowfin_tuna,Yellowfin Tuna,tuna,22,3,outlook,Outlook / trend only,93.4,27.3,99.9,72.6,63.1,50.9,42.5,well above typical,,100.0,climatological sea state,0.717,0.85,0.889,0.886,0.876,,1.185,"pressure,front,chl",68.84,1.14,7.14,0.854,Waning Gibbous,climatology + ENSO analog + exact tide/moon,True,72.6,66.1,6.5,False,False,False
2026-10-30,nine_mile,9-Mile Bank & 43-Fathom,offshore,yellowfin_tuna,Yellowfin Tuna,tuna,23,3,outlook,Outlook / trend only,90.7,19.9,99.9,80.0,61.5,49.5,41.2,well above typical,,100.0,climatological sea state,0.668,0.85,0.87,0.91,0.877,,1.177,"pressure,front,chl",68.64,1.09,6.38,0.761,Waning Gibbous,climatology + ENSO analog + exact tide/moon,True,80.0,70.8,9.2,False,False,False
2026-10-31,nine_mile,9-Mile Bank & 43-Fathom,offshore,yellowfin_tuna,Yellowfin Tuna,tuna,24,3,outlook,Outlook / trend only,87.4,10.4,99.9,89.5,59.8,48.2,39.2,well above typical,,100.0,climatological sea state,0.623,0.85,0.835,0.936,0.877,,1.168,"pressure,front,chl",68.46,1.04,5.63,0.655,Waning Gibbous,climatology + ENSO analog + exact tide/moon,True,89.5,77.0,12.5,False,False,False
2026-11-01,nine_mile,9-Mile Bank & 43-Fathom,offshore,yellowfin_tuna,Yellowfin Tuna,tuna,25,3,outlook,Outlook / trend only,84.0,7.0,99.9,92.9,53.3,42.9,41.1,well above typical,,100.0,climatological sea state,0.673,0.5,0.814,0.964,0.874,,1.224,"pressure,front,chl",68.66,1.38,5.1,0.543,Last Quarter,climatology + ENSO analog + exact tide/moon,True,86.2,77.0,15.9,True,False,False
2026-11-02,nine_mile,9-Mile Bank & 43-Fathom,offshore,yellowfin_tuna,Yellowfin Tuna,tuna,26,3,outlook,Outlook / trend only,81.0,4.0,99.9,95.9,51.4,41.4,39.6,well above typical,,100.0,climatological sea state,0.629,0.5,0.808,0.958,0.872,,1.217,"pressure,front,chl",68.49,1.34,4.83,0.43,Last Quarter,climatology + ENSO analog + exact tide/moon,True,95.7,77.0,18.9,True,False,False
2026-11-03,nine_mile,9-Mile Bank & 43-Fathom,offshore,yellowfin_tuna,Yellowfin Tuna,tuna,27,3,outlook,Outlook / trend only,77.8,1.0,99.9,98.9,49.1,39.5,38.3,well above typical,,100.0,climatological sea state,0.583,0.5,0.807,0.93,0.872,,1.214,"pressure,front,chl",68.3,1.32,4.66,0.322,Last Quarter,climatology + ENSO analog + exact tide/moon,True,96.0,77.0,22.1,True,False,True
2026-11-04,nine_mile,9-Mile Bank & 43-Fathom,offshore,yellowfin_tuna,Yellowfin Tuna,tuna,28,3,outlook,Outlook / trend only,74.3,1.0,99.9,98.9,46.4,37.3,37.0,well above typical,,100.0,climatological sea state,0.534,0.5,0.824,0.906,0.871,,1.209,"pressure,front,chl",68.1,1.29,4.92,0.226,Waning Crescent,climatology + ENSO analog + exact tide/moon,True,96.2,77.0,25.6,True,False,True
2026-11-05,nine_mile,9-Mile Bank & 43-Fathom,offshore,yellowfin_tuna,Yellowfin Tuna,tuna,29,3,outlook,Outlook / trend only,67.1,1.0,99.9,98.9,43.2,34.7,32.4,well above typical,,100.0,climatological sea state,0.449,0.5,0.841,0.886,0.871,,1.183,"pressure,front,chl",67.75,1.13,5.27,0.144,Waning Crescent,climatology + ENSO analog + exact tide/moon,True,96.7,77.0,32.8,True,False,True
2026-11-06,nine_mile,9-Mile Bank & 43-Fathom,offshore,yellowfin_tuna,Yellowfin Tuna,tuna,30,3,outlook,Outlook / trend only,63.6,1.0,99.9,98.9,39.3,31.7,31.9,well above typical,,100.0,climatological sea state,0.402,0.5,0.878,0.87,0.87,,1.18,"pressure,front,chl",67.56,1.11,6.13,0.079,Waning Crescent,climatology + ENSO analog + exact tide/moon,True,96.8,77.0,36.3,True,False,True
2026-10-14,nine_mile,9-Mile Bank & 43-Fathom,offshore,yellowtail,California Yellowtail,pelagic,7,2,moderate,Moderate confidence,97.0,89.7,99.9,10.2,80.6,64.9,32.1,well above typical,99.2,100.0,workable,0.833,0.75,0.604,0.886,0.811,0.2,1.337,"pressure,front,chl",73.02,3.75,5.22,0.143,Waxing Crescent,model-blended conditions + exact tide/moon,True,10.2,7.3,2.9,False,False,False
2026-10-15,nine_mile,9-Mile Bank & 43-Fathom,offshore,yellowtail,California Yellowtail,pelagic,8,2,moderate,Moderate confidence,97.4,90.1,99.9,9.8,80.6,64.9,32.5,well above typical,100.0,100.0,workable,0.904,0.75,0.601,0.904,0.824,0.6,1.306,"pressure,front,chl",72.59,3.4,4.5,0.217,Waxing Crescent,model-blended conditions + exact tide/moon,True,7.9,7.3,2.9,True,True,False
2026-10-16,nine_mile,9-Mile Bank & 43-Fathom,offshore,yellowtail,California Yellowtail,pelagic,9,2,moderate,Moderate confidence,92.3,80.9,95.3,14.4,80.5,64.8,27.5,well above typical,80.8,100.0,workable,0.973,0.75,0.622,0.925,0.871,-1.7,1.278,"pressure,front,chl",72.16,3.09,3.84,0.3,Waxing Crescent,model-blended conditions + exact tide/moon,True,14.4,11.4,3.0,False,False,False
2026-10-17,nine_mile,9-Mile Bank & 43-Fathom,offshore,yellowtail,California Yellowtail,pelagic,10,2,moderate,Moderate confidence,98.0,86.6,99.9,13.3,80.5,64.8,33.2,well above typical,100.0,100.0,workable,1.0,0.75,0.655,0.948,0.869,3.6,1.254,"pressure,front,chl",71.78,2.82,3.44,0.39,First Quarter,model-blended conditions + exact tide/moon,True,9.5,11.4,3.0,True,True,False
2026-10-18,nine_mile,9-Mile Bank & 43-Fathom,offshore,yellowtail,California Yellowtail,pelagic,11,2,moderate,Moderate confidence,97.4,86.0,99.9,13.9,80.5,64.8,32.6,well above typical,100.0,100.0,workable,1.0,0.75,0.634,0.971,0.868,1.3,1.231,"pressure,front,chl",71.45,2.57,3.4,0.484,First Quarter,model-blended conditions + exact tide/moon,True,12.0,11.4,3.0,True,True,False
2026-10-19,nine_mile,9-Mile Bank & 43-Fathom,offshore,yellowtail,California Yellowtail,pelagic,12,2,moderate,Moderate confidence,93.1,78.5,98.7,20.2,80.5,64.8,28.3,well above typical,100.0,100.0,workable,1.0,0.75,0.398,0.955,0.866,0.0,1.212,"pressure,front,chl",71.17,2.36,1.18,0.579,First Quarter,model-blended conditions + exact tide/moon,True,20.2,14.6,5.6,False,False,False
2026-10-20,nine_mile,9-Mile Bank & 43-Fathom,offshore,yellowtail,California Yellowtail,pelagic,13,2,moderate,Moderate confidence,95.3,80.7,99.9,19.2,80.5,64.8,30.5,well above typical,100.0,100.0,workable,1.0,0.75,0.541,0.932,0.866,0.0,1.195,"pressure,front,chl",70.92,2.17,3.94,0.673,Waxing Gibbous,model-blended conditions + exact tide/moon,True,18.7,14.6,5.6,True,True,False
2026-10-21,nine_mile,9-Mile Bank & 43-Fathom,offshore,yellowtail,California Yellowtail,pelagic,14,2,moderate,Moderate confidence,95.4,80.8,99.9,19.1,80.5,64.8,30.6,well above typical,100.0,100.0,workable,1.0,0.75,0.593,0.909,0.866,-1.7,1.181,"pressure,front,chl",70.69,2.01,4.27,0.762,Waxing Gibbous,model-blended conditions + exact tide/moon,True,19.1,14.6,5.6,True,True,False
2026-10-22,nine_mile,9-Mile Bank & 43-Fathom,offshore,yellowtail,California Yellowtail,pelagic,15,3,outlook,Outlook / trend only,95.2,75.9,99.9,24.0,80.5,64.8,30.4,well above typical,,100.0,climatological sea state,1.0,0.75,0.647,0.889,0.867,-2.5,1.16,"pressure,front,chl",70.39,1.78,4.66,0.844,Waxing Gibbous,climatology + ENSO analog + exact tide/moon,True,24.0,19.3,5.6,True,True,False
2026-10-23,nine_mile,9-Mile Bank & 43-Fathom,offshore,yellowtail,California Yellowtail,pelagic,16,3,outlook,Outlook / trend only,95.3,75.5,99.9,24.4,80.5,64.8,30.5,well above typical,,100.0,climatological sea state,1.0,0.75,0.702,0.872,0.866,,1.149,"pressure,front,chl",70.17,1.65,5.08,0.912,Waxing Gibbous,climatology + ENSO analog + exact tide/moon,True,24.4,19.8,5.6,True,True,False
2026-10-24,nine_mile,9-Mile Bank & 43-Fathom,offshore,yellowtail,California Yellowtail,pelagic,17,3,outlook,Outlook / trend only,93.7,72.5,99.9,27.4,80.5,64.8,28.9,well above typical,,100.0,climatological sea state,1.0,0.75,0.625,0.859,0.868,,1.139,"pressure,front,chl",69.92,1.54,6.12,0.964,Waxing Gibbous,climatology + ENSO analog + exact tide/moon,True,27.4,21.2,6.2,False,False,False
2026-10-25,nine_mile,9-Mile Bank & 43-Fathom,offshore,yellowtail,California Yellowtail,pelagic,18,3,outlook,Outlook / trend only,93.5,71.7,99.9,28.2,80.5,64.8,28.7,well above typical,,100.0,climatological sea state,1.0,0.75,0.638,0.852,0.87,,1.13,"pressure,front,chl",69.7,1.44,7.03,0.994,Full,climatology + ENSO analog + exact tide/moon,True,28.2,21.8,6.4,False,False,False
2026-10-26,nine_mile,9-Mile Bank & 43-Fathom,offshore,yellowtail,California Yellowtail,pelagic,19,3,outlook,Outlook / trend only,93.1,71.0,99.9,28.9,80.5,64.8,28.3,well above typical,,100.0,climatological sea state,1.0,0.75,0.643,0.85,0.871,,1.121,"pressure,front,chl",69.5,1.35,7.65,0.999,Full,climatology + ENSO analog + exact tide/moon,True,28.9,22.1,6.8,False,False,False
2026-10-27,nine_mile,9-Mile Bank & 43-Fathom,offshore,yellowtail,California Yellowtail,pelagic,20,3,outlook,Outlook / trend only,93.1,70.7,99.9,29.2,80.6,64.8,28.3,well above typical,,100.0,climatological sea state,1.0,0.75,0.663,0.856,0.872,,1.114,"pressure,front,chl",69.3,1.27,7.87,0.976,Full,climatology + ENSO analog + exact tide/moon,True,29.2,22.4,6.8,False,False,False
2026-10-28,nine_mile,9-Mile Bank & 43-Fathom,offshore,yellowtail,California Yellowtail,pelagic,21,3,outlook,Outlook / trend only,93.3,70.5,99.9,29.4,80.6,64.9,28.4,well above typical,,100.0,climatological sea state,1.0,0.75,0.688,0.868,0.874,,1.108,"pressure,front,chl",69.07,1.2,7.69,0.927,Waning Gibbous,climatology + ENSO analog + exact tide/moon,True,29.4,22.8,6.8,True,True,False
2026-10-29,nine_mile,9-Mile Bank & 43-Fathom,offshore,yellowtail,California Yellowtail,pelagic,22,3,outlook,Outlook / trend only,93.6,70.4,99.9,29.5,80.6,64.9,28.7,well above typical,,100.0,climatological sea state,1.0,0.75,0.723,0.886,0.876,,1.103,"pressure,front,chl",68.84,1.14,7.14,0.854,Waning Gibbous,climatology + ENSO analog + exact tide/moon,True,29.5,23.2,6.8,True,True,False
2026-10-30,nine_mile,9-Mile Bank & 43-Fathom,offshore,yellowtail,California Yellowtail,pelagic,23,3,outlook,Outlook / trend only,94.2,70.5,99.9,29.4,80.6,64.9,29.3,well above typical,,100.0,climatological sea state,1.0,0.75,0.769,0.91,0.877,,1.098,"pressure,front,chl",68.64,1.09,6.38,0.761,Waning Gibbous,climatology + ENSO analog + exact tide/moon,True,29.4,23.7,6.8,True,True,False
2026-10-31,nine_mile,9-Mile Bank & 43-Fathom,offshore,yellowtail,California Yellowtail,pelagic,24,3,outlook,Outlook / trend only,94.3,69.9,99.9,30.0,80.6,64.9,29.4,well above typical,,100.0,climatological sea state,1.0,0.75,0.786,0.936,0.877,,1.094,"pressure,front,chl",68.46,1.04,5.63,0.655,Waning Gibbous,climatology + ENSO analog + exact tide/moon,True,30.0,24.4,6.8,True,True,False
2026-11-01,nine_mile,9-Mile Bank & 43-Fathom,offshore,yellowtail,California Yellowtail,pelagic,25,3,outlook,Outlook / trend only,88.9,64.5,99.9,35.4,74.9,60.3,28.6,well above typical,,100.0,climatological sea state,1.0,0.5,0.753,0.964,0.874,,1.124,"pressure,front,chl",68.66,1.38,5.1,0.543,Last Quarter,climatology + ENSO analog + exact tide/moon,True,35.4,24.4,11.0,False,False,False
2026-11-02,nine_mile,9-Mile Bank & 43-Fathom,offshore,yellowtail,California Yellowtail,pelagic,26,3,outlook,Outlook / trend only,86.9,62.5,99.9,37.4,74.9,60.3,26.6,well above typical,,100.0,climatological sea state,1.0,0.5,0.679,0.958,0.872,,1.121,"pressure,front,chl",68.49,1.34,4.83,0.43,Last Quarter,climatology + ENSO analog + exact tide/moon,True,37.4,24.4,13.0,False,False,False
2026-11-03,nine_mile,9-Mile Bank & 43-Fathom,offshore,yellowtail,California Yellowtail,pelagic,27,3,outlook,Outlook / trend only,83.4,59.0,99.9,40.9,74.9,60.3,23.1,well above typical,,100.0,climatological sea state,1.0,0.5,0.552,0.93,0.872,,1.119,"pressure,front,chl",68.3,1.32,4.66,0.322,Last Quarter,climatology + ENSO analog + exact tide/moon,True,40.7,24.4,16.5,True,False,False
2026-11-04,nine_mile,9-Mile Bank & 43-Fathom,offshore,yellowtail,California Yellowtail,pelagic,28,3,outlook,Outlook / trend only,84.5,59.6,99.9,40.3,74.9,60.3,24.2,well above typical,,100.0,climatological sea state,1.0,0.5,0.607,0.906,0.871,,1.116,"pressure,front,chl",68.1,1.29,4.92,0.226,Waning Crescent,climatology + ENSO analog + exact tide/moon,True,40.3,24.9,16.5,True,True,False
2026-11-05,nine_mile,9-Mile Bank & 43-Fathom,offshore,yellowtail,California Yellowtail,pelagic,29,3,outlook,Outlook / trend only,84.5,59.0,99.9,40.9,74.9,60.3,24.2,well above typical,,100.0,climatological sea state,1.0,0.5,0.661,0.886,0.871,,1.102,"pressure,front,chl",67.75,1.13,5.27,0.144,Waning Crescent,climatology + ENSO analog + exact tide/moon,True,40.9,25.5,16.5,True,True,False
2026-11-06,nine_mile,9-Mile Bank & 43-Fathom,offshore,yellowtail,California Yellowtail,pelagic,30,3,outlook,Outlook / trend only,84.0,58.2,99.9,41.7,74.9,60.3,23.7,well above typical,,100.0,climatological sea state,1.0,0.5,0.649,0.87,0.87,,1.1,"pressure,front,chl",67.56,1.11,6.13,0.079,Waning Crescent,climatology + ENSO analog + exact tide/moon,True,41.7,25.8,16.5,True,True,False
2026-10-14,outer_banks,302 / 371 / Hidden Bank,offshore,bluefin_tuna,Pacific Bluefin Tuna,tuna,7,2,moderate,Moderate confidence,76.8,67.5,82.3,14.8,71.2,62.5,14.3,well above typical,73.0,87.1,workable,0.606,0.8,0.821,0.857,0.781,0.4,1.263,"pressure,front,chl",73.01,3.65,5.22,0.143,Waxing Crescent,model-blended conditions + exact tide/moon,True,14.8,9.3,5.5,False,False,False
2026-10-15,outer_banks,302 / 371 / Hidden Bank,offshore,bluefin_tuna,Pacific Bluefin Tuna,tuna,8,2,moderate,Moderate confidence,80.9,71.6,86.4,14.8,71.0,62.5,18.4,well above typical,79.1,87.0,workable,0.684,0.8,0.782,0.783,0.789,0.4,1.239,"pressure,front,chl",72.61,3.32,4.5,0.217,Waxing Crescent,model-blended conditions + exact tide/moon,True,13.1,9.3,5.5,True,False,False
2026-10-16,outer_banks,302 / 371 / Hidden Bank,offshore,bluefin_tuna,Pacific Bluefin Tuna,tuna,9,2,moderate,Moderate confidence,79.4,70.1,84.9,14.8,70.8,62.4,17.0,well above typical,74.3,86.6,workable,0.758,0.8,0.747,0.7,0.871,-1.5,1.217,"pressure,front,chl",72.23,3.02,3.84,0.3,Waxing Crescent,model-blended conditions + exact tide/moon,True,10.6,9.3,5.5,True,False,False
2026-10-17,outer_banks,302 / 371 / Hidden Bank,offshore,bluefin_tuna,Pacific Bluefin Tuna,tuna,10,2,moderate,Moderate confidence,86.0,76.7,91.5,14.8,70.7,62.4,23.6,well above typical,86.4,86.4,workable,0.829,0.8,0.727,0.61,0.869,3.5,1.199,"pressure,front,chl",71.87,2.76,3.44,0.39,First Quarter,model-blended conditions + exact tide/moon,True,9.9,9.3,5.5,True,False,False
2026-10-18,outer_banks,302 / 371 / Hidden Bank,offshore,bluefin_tuna,Pacific Bluefin Tuna,tuna,11,2,moderate,Moderate confidence,84.4,75.1,89.9,14.8,70.6,62.4,22.0,well above typical,86.3,86.3,workable,0.891,0.8,0.732,0.516,0.868,1.0,1.182,"pressure,front,chl",71.56,2.53,3.4,0.484,First Quarter,model-blended conditions + exact tide/moon,True,10.9,9.3,5.5,True,False,False
2026-10-19,outer_banks,302 / 371 / Hidden Bank,offshore,bluefin_tuna,Pacific Bluefin Tuna,tuna,12,2,moderate,Moderate confidence,85.9,75.8,91.4,15.6,70.5,62.4,23.5,well above typical,86.1,86.2,workable,0.946,0.8,0.665,0.579,0.866,0.2,1.168,"pressure,front,chl",71.27,2.33,1.18,0.579,First Quarter,model-blended conditions + exact tide/moon,True,13.1,10.1,5.5,True,False,False
2026-10-20,outer_banks,302 / 371 / Hidden Bank,offshore,bluefin_tuna,Pacific Bluefin Tuna,tuna,13,2,moderate,Moderate confidence,89.1,77.0,94.6,17.6,70.5,62.4,26.7,well above typical,86.1,86.2,workable,0.997,0.8,0.763,0.673,0.866,-0.1,1.155,"pressure,front,chl",71.01,2.15,3.94,0.673,Waxing Gibbous,model-blended conditions + exact tide/moon,True,15.1,12.1,5.5,True,False,False
2026-10-21,outer_banks,302 / 371 / Hidden Bank,offshore,bluefin_tuna,Pacific Bluefin Tuna,tuna,14,2,moderate,Moderate confidence,90.2,77.5,95.7,18.2,70.5,62.4,27.8,well above typical,86.2,86.2,workable,1.0,0.8,0.785,0.762,0.866,-1.7,1.143,"pressure,front,chl",70.77,1.99,4.27,0.762,Waxing Gibbous,model-blended conditions + exact tide/moon,True,15.7,12.7,5.5,True,False,False
2026-10-22,outer_banks,302 / 371 / Hidden Bank,offshore,bluefin_tuna,Pacific Bluefin Tuna,tuna,15,3,outlook,Outlook / trend only,90.6,73.4,99.2,25.8,70.6,62.4,28.2,well above typical,,86.2,climatological sea state,1.0,0.8,0.809,0.844,0.867,-2.6,1.127,"pressure,front,chl",70.47,1.77,4.66,0.844,Waxing Gibbous,climatology + ENSO analog + exact tide/moon,True,25.8,17.2,8.6,False,False,False
2026-10-23,outer_banks,302 / 371 / Hidden Bank,offshore,bluefin_tuna,Pacific Bluefin Tuna,tuna,16,3,outlook,Outlook / trend only,91.1,73.5,99.9,26.4,70.5,62.4,28.7,well above typical,,86.2,climatological sea state,1.0,0.8,0.832,0.912,0.866,,1.119,"pressure,front,chl",70.26,1.65,5.08,0.912,Waxing Gibbous,climatology + ENSO analog + exact tide/moon,True,26.4,17.6,8.8,False,False,False
2026-10-24,outer_banks,302 / 371 / Hidden Bank,offshore,bluefin_tuna,Pacific Bluefin Tuna,tuna,17,3,outlook,Outlook / trend only,91.6,73.6,99.9,26.3,70.6,62.4,29.2,well above typical,,86.3,climatological sea state,1.0,0.8,0.879,0.964,0.868,,1.111,"pressure,front,chl",70.04,1.54,6.12,0.964,Waxing Gibbous,climatology + ENSO analog + exact tide/moon,True,26.3,18.0,8.8,True,True,False
2026-10-25,outer_banks,302 / 371 / Hidden Bank,offshore,bluefin_tuna,Pacific Bluefin Tuna,tuna,18,3,outlook,Outlook / trend only,91.8,73.3,99.9,26.6,70.8,62.4,29.4,well above typical,,86.6,climatological sea state,1.0,0.8,0.904,0.994,0.87,,1.104,"pressure,front,chl",69.83,1.44,7.03,0.994,Full,climatology + ENSO analog + exact tide/moon,True,26.6,18.5,8.8,True,True,False
2026-10-26,outer_banks,302 / 371 / Hidden Bank,offshore,bluefin_tuna,Pacific Bluefin Tuna,tuna,19,3,outlook,Outlook / trend only,91.5,72.6,99.9,27.3,70.8,62.4,29.1,well above typical,,86.6,climatological sea state,1.0,0.8,0.912,0.999,0.871,,1.098,"pressure,front,chl",69.64,1.36,7.65,0.999,Full,climatology + ENSO analog + exact tide/moon,True,27.3,18.9,8.8,True,True,False
2026-10-27,outer_banks,302 / 371 / Hidden Bank,offshore,bluefin_tuna,Pacific Bluefin Tuna,tuna,20,3,outlook,Outlook / trend only,90.9,71.3,99.9,28.6,70.8,62.5,28.4,well above typical,,86.6,climatological sea state,1.0,0.8,0.911,0.976,0.872,,1.092,"pressure,front,chl",69.46,1.28,7.87,0.976,Full,climatology + ENSO analog + exact tide/moon,True,28.6,19.6,9.0,False,False,False
2026-10-28,outer_banks,302 / 371 / Hidden Bank,offshore,bluefin_tuna,Pacific Bluefin Tuna,tuna,21,3,outlook,Outlook / trend only,90.0,70.0,99.9,29.9,71.0,62.5,27.5,well above typical,,86.9,climatological sea state,1.0,0.8,0.903,0.927,0.874,,1.088,"pressure,front,chl",69.28,1.22,7.69,0.927,Waning Gibbous,climatology + ENSO analog + exact tide/moon,True,29.9,20.0,9.9,False,False,False
2026-10-29,outer_banks,302 / 371 / Hidden Bank,offshore,bluefin_tuna,Pacific Bluefin Tuna,tuna,22,3,outlook,Outlook / trend only,88.6,68.3,99.9,31.6,71.2,62.5,26.1,well above typical,,87.1,climatological sea state,1.0,0.8,0.889,0.854,0.876,,1.084,"pressure,front,chl",69.09,1.16,7.14,0.854,Waning Gibbous,climatology + ENSO analog + exact tide/moon,True,31.6,20.3,11.3,False,False,False
2026-10-30,outer_banks,302 / 371 / Hidden Bank,offshore,bluefin_tuna,Pacific Bluefin Tuna,tuna,23,3,outlook,Outlook / trend only,86.7,66.0,99.9,33.9,71.2,62.5,24.2,well above typical,,87.2,climatological sea state,1.0,0.8,0.87,0.761,0.877,,1.08,"pressure,front,chl",68.91,1.11,6.38,0.761,Waning Gibbous,climatology + ENSO analog + exact tide/moon,True,33.9,20.7,13.2,False,False,False
2026-10-31,outer_banks,302 / 371 / Hidden Bank,offshore,bluefin_tuna,Pacific Bluefin Tuna,tuna,24,3,outlook,Outlook / trend only,84.2,63.3,99.9,36.6,71.2,62.5,21.7,well above typical,,87.2,climatological sea state,1.0,0.8,0.835,0.655,0.877,,1.076,"pressure,front,chl",68.73,1.06,5.63,0.655,Waning Gibbous,climatology + ENSO analog + exact tide/moon,True,36.6,20.9,15.7,False,False,False
2026-11-01,outer_banks,302 / 371 / Hidden Bank,offshore,bluefin_tuna,Pacific Bluefin Tuna,tuna,25,3,outlook,Outlook / trend only,77.7,56.8,95.4,38.6,68.2,60.0,17.7,well above typical,,86.9,climatological sea state,1.0,0.6,0.814,0.543,0.874,,1.095,"pressure,front,chl",68.87,1.32,5.1,0.543,Last Quarter,climatology + ENSO analog + exact tide/moon,True,37.6,20.9,17.7,True,False,False
2026-11-02,outer_banks,302 / 371 / Hidden Bank,offshore,bluefin_tuna,Pacific Bluefin Tuna,tuna,26,3,outlook,Outlook / trend only,78.0,57.1,96.6,39.5,68.1,60.0,18.0,well above typical,,86.7,climatological sea state,1.0,0.6,0.808,0.57,0.872,,1.093,"pressure,front,chl",68.71,1.29,4.83,0.43,Last Quarter,climatology + ENSO analog + exact tide/moon,True,38.8,20.9,18.6,True,False,False
2026-11-03,outer_banks,302 / 371 / Hidden Bank,offshore,bluefin_tuna,Pacific Bluefin Tuna,tuna,27,3,outlook,Outlook / trend only,79.9,59.0,99.5,40.5,68.0,60.0,19.9,well above typical,,86.6,climatological sea state,1.0,0.6,0.807,0.678,0.872,,1.091,"pressure,front,chl",68.54,1.26,4.66,0.322,Last Quarter,climatology + ENSO analog + exact tide/moon,True,40.3,20.9,19.6,True,False,False
2026-11-04,outer_banks,302 / 371 / Hidden Bank,offshore,bluefin_tuna,Pacific Bluefin Tuna,tuna,28,3,outlook,Outlook / trend only,81.5,60.4,99.9,39.5,68.0,60.0,21.5,well above typical,,86.6,climatological sea state,1.0,0.6,0.824,0.774,0.871,,1.089,"pressure,front,chl",68.39,1.24,4.92,0.226,Waning Crescent,climatology + ENSO analog + exact tide/moon,True,39.5,21.1,19.6,True,True,False
2026-11-05,outer_banks,302 / 371 / Hidden Bank,offshore,bluefin_tuna,Pacific Bluefin Tuna,tuna,29,3,outlook,Outlook / trend only,82.1,60.3,99.9,39.6,68.0,60.0,22.1,well above typical,,86.6,climatological sea state,1.0,0.6,0.841,0.856,0.871,,1.078,"pressure,front,chl",68.09,1.08,5.27,0.144,Waning Crescent,climatology + ENSO analog + exact tide/moon,True,39.6,21.8,19.6,True,True,False
2026-11-06,outer_banks,302 / 371 / Hidden Bank,offshore,bluefin_tuna,Pacific Bluefin Tuna,tuna,30,3,outlook,Outlook / trend only,83.1,60.7,99.9,39.2,68.0,60.0,23.1,well above typical,,86.6,climatological sea state,1.0,0.6,0.878,0.921,0.87,,1.076,"pressure,front,chl",67.94,1.06,6.13,0.079,Waning Crescent,climatology + ENSO analog + exact tide/moon,True,39.2,22.4,19.6,True,True,False
2026-10-14,outer_banks,302 / 371 / Hidden Bank,offshore,bonito,Pacific Bonito,pelagic_inshore,7,2,moderate,Moderate confidence,93.7,83.9,96.8,12.9,74.6,65.5,28.2,well above typical,73.0,87.1,workable,1.0,0.75,0.821,0.886,0.781,0.4,1.329,"pressure,front,chl",73.01,3.65,5.22,0.143,Waxing Crescent,model-blended conditions + exact tide/moon,True,12.9,9.8,3.1,False,False,False
2026-10-15,outer_banks,302 / 371 / Hidden Bank,offshore,bonito,Pacific Bonito,pelagic_inshore,8,2,moderate,Moderate confidence,94.8,85.0,99.4,14.4,74.4,65.5,29.3,well above typical,79.1,87.0,workable,1.0,0.75,0.782,0.904,0.789,0.4,1.299,"pressure,front,chl",72.61,3.32,4.5,0.217,Waxing Crescent,model-blended conditions + exact tide/moon,True,14.3,9.8,4.6,True,False,False
2026-10-16,outer_banks,302 / 371 / Hidden Bank,offshore,bonito,Pacific Bonito,pelagic_inshore,9,2,moderate,Moderate confidence,92.0,80.5,98.5,18.0,74.2,65.4,26.6,well above typical,74.3,86.6,workable,1.0,0.75,0.747,0.925,0.871,-1.5,1.272,"pressure,front,chl",72.23,3.02,3.84,0.3,Waxing Crescent,model-blended conditions + exact tide/moon,True,18.0,11.5,6.5,False,False,False
2026-10-17,outer_banks,302 / 371 / Hidden Bank,offshore,bonito,Pacific Bonito,pelagic_inshore,10,2,moderate,Moderate confidence,95.9,84.4,99.9,15.5,74.1,65.4,30.5,well above typical,86.4,86.4,workable,1.0,0.75,0.727,0.948,0.869,3.5,1.248,"pressure,front,chl",71.87,2.76,3.44,0.39,First Quarter,model-blended conditions + exact tide/moon,True,14.3,11.5,6.5,True,True,False
2026-10-18,outer_banks,302 / 371 / Hidden Bank,offshore,bonito,Pacific Bonito,pelagic_inshore,11,2,moderate,Moderate confidence,95.2,83.5,99.9,16.4,74.0,65.4,29.8,well above typical,86.3,86.3,workable,1.0,0.75,0.732,0.971,0.868,1.0,1.228,"pressure,front,chl",71.56,2.53,3.4,0.484,First Quarter,model-blended conditions + exact tide/moon,True,16.4,11.7,6.5,True,True,False
2026-10-19,outer_banks,302 / 371 / Hidden Bank,offshore,bonito,Pacific Bonito,pelagic_inshore,12,2,moderate,Moderate confidence,93.6,80.2,99.9,19.7,73.9,65.4,28.2,well above typical,86.1,86.2,workable,1.0,0.75,0.665,0.955,0.866,0.2,1.21,"pressure,front,chl",71.27,2.33,1.18,0.579,First Quarter,model-blended conditions + exact tide/moon,True,19.7,13.4,6.5,True,True,False
2026-10-20,outer_banks,302 / 371 / Hidden Bank,offshore,bonito,Pacific Bonito,pelagic_inshore,13,2,moderate,Moderate confidence,93.8,79.9,99.9,20.0,73.9,65.4,28.4,well above typical,86.1,86.2,workable,1.0,0.75,0.763,0.932,0.866,-0.1,1.194,"pressure,front,chl",71.01,2.15,3.94,0.673,Waxing Gibbous,model-blended conditions + exact tide/moon,True,20.0,13.9,6.5,True,True,False
2026-10-21,outer_banks,302 / 371 / Hidden Bank,offshore,bonito,Pacific Bonito,pelagic_inshore,14,2,moderate,Moderate confidence,93.3,78.7,99.9,21.2,73.9,65.4,27.9,well above typical,86.2,86.2,workable,1.0,0.75,0.785,0.909,0.866,-1.7,1.179,"pressure,front,chl",70.77,1.99,4.27,0.762,Waxing Gibbous,model-blended conditions + exact tide/moon,True,21.2,14.6,6.6,False,False,False
2026-10-22,outer_banks,302 / 371 / Hidden Bank,offshore,bonito,Pacific Bonito,pelagic_inshore,15,3,outlook,Outlook / trend only,92.4,73.1,99.9,26.8,74.0,65.4,27.0,well above typical,,86.2,climatological sea state,1.0,0.75,0.809,0.889,0.867,-2.6,1.159,"pressure,front,chl",70.47,1.77,4.66,0.844,Waxing Gibbous,climatology + ENSO analog + exact tide/moon,True,26.8,19.3,7.5,False,False,False
2026-10-23,outer_banks,302 / 371 / Hidden Bank,offshore,bonito,Pacific Bonito,pelagic_inshore,16,3,outlook,Outlook / trend only,92.0,72.0,99.9,27.9,73.9,65.4,26.6,well above typical,,86.2,climatological sea state,1.0,0.75,0.832,0.872,0.866,,1.149,"pressure,front,chl",70.26,1.65,5.08,0.912,Waxing Gibbous,climatology + ENSO analog + exact tide/moon,True,27.9,20.0,7.9,False,False,False
2026-10-24,outer_banks,302 / 371 / Hidden Bank,offshore,bonito,Pacific Bonito,pelagic_inshore,17,3,outlook,Outlook / trend only,91.9,71.4,99.9,28.5,74.0,65.4,26.5,well above typical,,86.3,climatological sea state,1.0,0.75,0.879,0.859,0.868,,1.139,"pressure,front,chl",70.04,1.54,6.12,0.964,Waxing Gibbous,climatology + ENSO analog + exact tide/moon,True,28.5,20.5,8.0,False,False,False
2026-10-25,outer_banks,302 / 371 / Hidden Bank,offshore,bonito,Pacific Bonito,pelagic_inshore,18,3,outlook,Outlook / trend only,91.8,70.7,99.9,29.2,74.2,65.4,26.4,well above typical,,86.6,climatological sea state,1.0,0.75,0.904,0.852,0.87,,1.13,"pressure,front,chl",69.83,1.44,7.03,0.994,Full,climatology + ENSO analog + exact tide/moon,True,29.2,21.1,8.1,False,False,False
2026-10-26,outer_banks,302 / 371 / Hidden Bank,offshore,bonito,Pacific Bonito,pelagic_inshore,19,3,outlook,Outlook / trend only,91.4,69.8,99.9,30.1,74.2,65.4,26.0,well above typical,,86.6,climatological sea state,1.0,0.75,0.912,0.85,0.871,,1.122,"pressure,front,chl",69.64,1.36,7.65,0.999,Full,climatology + ENSO analog + exact tide/moon,True,30.1,21.6,8.5,False,False,False
2026-10-27,outer_banks,302 / 371 / Hidden Bank,offshore,bonito,Pacific Bonito,pelagic_inshore,20,3,outlook,Outlook / trend only,90.9,68.6,99.9,31.3,74.2,65.5,25.4,well above typical,,86.6,climatological sea state,1.0,0.75,0.911,0.856,0.872,,1.115,"pressure,front,chl",69.46,1.28,7.87,0.976,Full,climatology + ENSO analog + exact tide/moon,True,31.3,22.3,9.0,False,False,False
2026-10-28,outer_banks,302 / 371 / Hidden Bank,offshore,bonito,Pacific Bonito,pelagic_inshore,21,3,outlook,Outlook / trend only,90.7,67.6,99.9,32.3,74.4,65.5,25.2,well above typical,,86.9,climatological sea state,1.0,0.75,0.903,0.868,0.874,,1.11,"pressure,front,chl",69.28,1.22,7.69,0.927,Waning Gibbous,climatology + ENSO analog + exact tide/moon,True,32.3,23.1,9.2,False,False,False
2026-10-29,outer_banks,302 / 371 / Hidden Bank,offshore,bonito,Pacific Bonito,pelagic_inshore,22,3,outlook,Outlook / trend only,90.3,66.6,99.9,33.3,74.6,65.5,24.8,well above typical,,87.1,climatological sea state,1.0,0.75,0.889,0.886,0.876,,1.104,"pressure,front,chl",69.09,1.16,7.14,0.854,Waning Gibbous,climatology + ENSO analog + exact tide/moon,True,33.3,23.7,9.6,False,False,False
2026-10-30,outer_banks,302 / 371 / Hidden Bank,offshore,bonito,Pacific Bonito,pelagic_inshore,23,3,outlook,Outlook / trend only,89.8,65.4,99.9,34.5,74.6,65.5,24.3,well above typical,,87.2,climatological sea state,1.0,0.75,0.87,0.91,0.877,,1.1,"pressure,front,chl",68.91,1.11,6.38,0.761,Waning Gibbous,climatology + ENSO analog + exact tide/moon,True,34.5,24.4,10.1,False,False,False
2026-10-31,outer_banks,302 / 371 / Hidden Bank,offshore,bonito,Pacific Bonito,pelagic_inshore,24,3,outlook,Outlook / trend only,89.0,64.0,99.9,35.9,74.6,65.5,23.5,well above typical,,87.2,climatological sea state,1.0,0.75,0.835,0.936,0.877,,1.095,"pressure,front,chl",68.73,1.06,5.63,0.655,Waning Gibbous,climatology + ENSO analog + exact tide/moon,True,35.9,25.0,10.9,False,False,False
2026-11-01,outer_banks,302 / 371 / Hidden Bank,offshore,bonito,Pacific Bonito,pelagic_inshore,25,3,outlook,Outlook / trend only,79.8,54.8,99.9,45.1,67.9,59.7,20.1,well above typical,,86.9,climatological sea state,1.0,0.45,0.814,0.964,0.874,,1.119,"pressure,front,chl",68.87,1.32,5.1,0.543,Last Quarter,climatology + ENSO analog + exact tide/moon,True,43.3,25.0,20.1,True,False,False
2026-11-02,outer_banks,302 / 371 / Hidden Bank,offshore,bonito,Pacific Bonito,pelagic_inshore,26,3,outlook,Outlook / trend only,79.4,54.4,99.9,45.5,67.8,59.7,19.7,well above typical,,86.7,climatological sea state,1.0,0.45,0.808,0.958,0.872,,1.116,"pressure,front,chl",68.71,1.29,4.83,0.43,Last Quarter,climatology + ENSO analog + exact tide/moon,True,43.9,25.0,20.5,True,False,False
2026-11-03,outer_banks,302 / 371 / Hidden Bank,offshore,bonito,Pacific Bonito,pelagic_inshore,27,3,outlook,Outlook / trend only,79.1,54.1,99.9,45.8,67.7,59.7,19.4,well above typical,,86.6,climatological sea state,1.0,0.45,0.807,0.93,0.872,,1.113,"pressure,front,chl",68.54,1.26,4.66,0.322,Last Quarter,climatology + ENSO analog + exact tide/moon,True,44.5,25.0,20.8,True,False,False
2026-11-04,outer_banks,302 / 371 / Hidden Bank,offshore,bonito,Pacific Bonito,pelagic_inshore,28,3,outlook,Outlook / trend only,79.1,54.1,99.9,45.8,67.7,59.7,19.4,well above typical,,86.6,climatological sea state,1.0,0.45,0.824,0.906,0.871,,1.112,"pressure,front,chl",68.39,1.24,4.92,0.226,Waning Crescent,climatology + ENSO analog + exact tide/moon,True,44.6,25.0,20.8,True,False,False
2026-11-05,outer_banks,302 / 371 / Hidden Bank,offshore,bonito,Pacific Bonito,pelagic_inshore,29,3,outlook,Outlook / trend only,78.2,53.2,99.9,46.7,67.7,59.7,18.5,well above typical,,86.6,climatological sea state,1.0,0.45,0.841,0.886,0.871,,1.097,"pressure,front,chl",68.09,1.08,5.27,0.144,Waning Crescent,climatology + ENSO analog + exact tide/moon,True,45.9,25.0,21.7,True,False,False
2026-11-06,outer_banks,302 / 371 / Hidden Bank,offshore,bonito,Pacific Bonito,pelagic_inshore,30,3,outlook,Outlook / trend only,78.5,53.5,99.9,46.4,67.7,59.7,18.8,well above typical,,86.6,climatological sea state,1.0,0.45,0.878,0.87,0.87,,1.095,"pressure,front,chl",67.94,1.06,6.13,0.079,Waning Crescent,climatology + ENSO analog + exact tide/moon,True,46.2,25.0,21.7,True,True,False
2026-10-14,outer_banks,302 / 371 / Hidden Bank,offshore,dorado,Dorado (Mahi-Mahi),tuna,7,2,moderate,Moderate confidence,96.4,92.4,99.4,7.0,52.0,45.6,50.8,well above typical,73.0,87.1,workable,1.0,0.8,0.821,0.886,0.781,0.4,1.35,"pressure,front,chl",73.01,3.65,5.22,0.143,Waxing Crescent,model-blended conditions + exact tide/moon,True,7.0,4.0,3.0,False,False,False
2026-10-15,outer_banks,302 / 371 / Hidden Bank,offshore,dorado,Dorado (Mahi-Mahi),tuna,8,2,moderate,Moderate confidence,97.8,91.6,99.9,8.3,51.0,44.9,52.9,well above typical,79.1,87.0,workable,1.0,0.8,0.782,0.904,0.789,0.4,1.35,"pressure,front,chl",72.61,3.32,4.5,0.217,Waxing Crescent,model-blended conditions + exact tide/moon,True,8.3,6.2,3.0,True,True,False
2026-10-16,outer_banks,302 / 371 / Hidden Bank,offshore,dorado,Dorado (Mahi-Mahi),tuna,9,2,moderate,Moderate confidence,97.3,83.4,99.9,16.5,49.7,43.9,53.4,well above typical,74.3,86.6,workable,1.0,0.8,0.747,0.925,0.871,-1.5,1.35,"pressure,front,chl",72.23,3.02,3.84,0.3,Waxing Crescent,model-blended conditions + exact tide/moon,True,16.5,13.9,3.0,True,True,False
2026-10-17,outer_banks,302 / 371 / Hidden Bank,offshore,dorado,Dorado (Mahi-Mahi),tuna,10,2,moderate,Moderate confidence,98.8,79.5,99.9,20.4,48.2,42.6,56.2,well above typical,86.4,86.4,workable,0.969,0.8,0.727,0.948,0.869,3.5,1.35,"pressure,front,chl",71.87,2.76,3.44,0.39,First Quarter,model-blended conditions + exact tide/moon,True,20.4,19.3,3.0,True,True,False
2026-10-18,outer_banks,302 / 371 / Hidden Bank,offshore,dorado,Dorado (Mahi-Mahi),tuna,11,2,moderate,Moderate confidence,98.1,68.9,99.9,31.0,47.0,41.5,56.6,well above typical,86.3,86.3,workable,0.891,0.8,0.732,0.971,0.868,1.0,1.35,"pressure,front,chl",71.56,2.53,3.4,0.484,First Quarter,model-blended conditions + exact tide/moon,True,31.0,29.2,3.0,True,True,False
2026-10-19,outer_banks,302 / 371 / Hidden Bank,offshore,dorado,Dorado (Mahi-Mahi),tuna,12,2,moderate,Moderate confidence,96.8,59.1,99.9,40.8,45.7,40.4,56.4,well above typical,86.1,86.2,workable,0.822,0.8,0.665,0.955,0.866,0.2,1.35,"pressure,front,chl",71.27,2.33,1.18,0.579,First Quarter,model-blended conditions + exact tide/moon,True,40.8,37.7,3.1,False,False,False
2026-10-20,outer_banks,302 / 371 / Hidden Bank,offshore,dorado,Dorado (Mahi-Mahi),tuna,13,2,moderate,Moderate confidence,95.3,50.6,99.9,49.3,44.4,39.2,56.1,well above typical,86.1,86.2,workable,0.758,0.8,0.763,0.932,0.866,-0.1,1.35,"pressure,front,chl",71.01,2.15,3.94,0.673,Waxing Gibbous,model-blended conditions + exact tide/moon,True,49.3,44.7,4.6,False,False,False
2026-10-21,outer_banks,302 / 371 / Hidden Bank,offshore,dorado,Dorado (Mahi-Mahi),tuna,14,2,moderate,Moderate confidence,93.0,42.6,99.9,57.3,42.8,37.9,55.1,well above typical,86.2,86.2,workable,0.699,0.8,0.785,0.909,0.866,-1.7,1.35,"pressure,front,chl",70.77,1.99,4.27,0.762,Waxing Gibbous,model-blended conditions + exact tide/moon,True,57.3,50.4,6.9,False,False,False
2026-10-22,outer_banks,302 / 371 / Hidden Bank,offshore,dorado,Dorado (Mahi-Mahi),tuna,15,3,outlook,Outlook / trend only,88.4,29.1,99.9,70.8,41.4,36.6,51.8,well above typical,,86.2,climatological sea state,0.626,0.8,0.809,0.889,0.867,-2.6,1.35,"pressure,front,chl",70.47,1.77,4.66,0.844,Waxing Gibbous,climatology + ENSO analog + exact tide/moon,True,70.8,59.3,11.5,False,False,False
2026-10-23,outer_banks,302 / 371 / Hidden Bank,offshore,dorado,Dorado (Mahi-Mahi),tuna,16,3,outlook,Outlook / trend only,83.0,20.9,99.9,79.0,39.6,35.0,48.0,well above typical,,86.2,climatological sea state,0.573,0.8,0.832,0.872,0.866,,1.327,"pressure,front,chl",70.26,1.65,5.08,0.912,Waxing Gibbous,climatology + ENSO analog + exact tide/moon,True,79.0,62.1,16.9,False,False,False
2026-10-24,outer_banks,302 / 371 / Hidden Bank,offshore,dorado,Dorado (Mahi-Mahi),tuna,17,3,outlook,Outlook / trend only,77.8,11.1,99.9,88.8,37.2,32.9,44.9,well above typical,,86.3,climatological sea state,0.52,0.8,0.879,0.859,0.868,,1.305,"pressure,front,chl",70.04,1.54,6.12,0.964,Waxing Gibbous,climatology + ENSO analog + exact tide/moon,True,88.8,66.7,22.1,False,False,False
2026-10-25,outer_banks,302 / 371 / Hidden Bank,offshore,dorado,Dorado (Mahi-Mahi),tuna,18,3,outlook,Outlook / trend only,72.9,3.1,99.9,96.8,34.6,30.6,42.3,well above typical,,86.6,climatological sea state,0.469,0.8,0.904,0.852,0.87,,1.285,"pressure,front,chl",69.83,1.44,7.03,0.994,Full,climatology + ENSO analog + exact tide/moon,True,96.8,69.8,27.0,False,False,False
2026-10-26,outer_banks,302 / 371 / Hidden Bank,offshore,dorado,Dorado (Mahi-Mahi),tuna,19,3,outlook,Outlook / trend only,68.2,1.0,99.9,98.9,31.4,27.8,40.4,well above typical,,86.6,climatological sea state,0.422,0.8,0.912,0.85,0.871,,1.269,"pressure,front,chl",69.64,1.36,7.65,0.999,Full,climatology + ENSO analog + exact tide/moon,True,97.1,69.8,31.7,True,False,True
2026-10-27,outer_banks,302 / 371 / Hidden Bank,offshore,dorado,Dorado (Mahi-Mahi),tuna,20,3,outlook,Outlook / trend only,63.7,1.0,99.9,98.9,28.0,24.7,39.0,well above typical,,86.6,climatological sea state,0.379,0.8,0.911,0.856,0.872,,1.253,"pressure,front,chl",69.46,1.28,7.87,0.976,Full,climatology + ENSO analog + exact tide/moon,True,97.5,69.8,36.2,True,False,True
2026-10-28,outer_banks,302 / 371 / Hidden Bank,offshore,dorado,Dorado (Mahi-Mahi),tuna,21,3,outlook,Outlook / trend only,59.2,1.0,99.9,98.9,22.5,19.8,39.4,well above typical,,86.9,climatological sea state,0.333,0.8,0.903,0.868,0.874,,1.242,"pressure,front,chl",69.28,1.22,7.69,0.927,Waning Gibbous,climatology + ENSO analog + exact tide/moon,True,97.8,69.8,40.7,True,False,True
2026-10-29,outer_banks,302 / 371 / Hidden Bank,offshore,dorado,Dorado (Mahi-Mahi),tuna,22,3,outlook,Outlook / trend only,54.4,1.0,99.9,98.9,18.5,16.2,38.2,well above typical,,87.1,climatological sea state,0.286,0.8,0.889,0.886,0.876,,1.23,"pressure,front,chl",69.09,1.16,7.14,0.854,Waning Gibbous,climatology + ENSO analog + exact tide/moon,True,98.1,69.8,45.5,True,False,True
2026-10-30,outer_banks,302 / 371 / Hidden Bank,offshore,dorado,Dorado (Mahi-Mahi),tuna,23,3,outlook,Outlook / trend only,49.6,1.0,99.9,98.9,18.5,16.2,33.4,well above typical,,87.2,climatological sea state,0.242,0.8,0.87,0.91,0.877,,1.22,"pressure,front,chl",68.91,1.11,6.38,0.761,Waning Gibbous,climatology + ENSO analog + exact tide/moon,True,98.4,69.8,50.3,True,False,True
2026-10-31,outer_banks,302 / 371 / Hidden Bank,offshore,dorado,Dorado (Mahi-Mahi),tuna,24,3,outlook,Outlook / trend only,44.6,1.0,99.9,98.9,18.5,16.2,28.4,well above typical,,87.2,climatological sea state,0.2,0.8,0.835,0.936,0.877,,1.21,"pressure,front,chl",68.73,1.06,5.63,0.655,Waning Gibbous,climatology + ENSO analog + exact tide/moon,True,98.7,69.8,55.3,True,False,True
2026-11-01,outer_banks,302 / 371 / Hidden Bank,offshore,dorado,Dorado (Mahi-Mahi),tuna,25,3,outlook,Outlook / trend only,41.6,1.0,96.9,95.9,16.2,14.2,27.4,well above typical,,86.9,climatological sea state,0.234,0.35,0.814,0.964,0.874,,1.261,"pressure,front,chl",68.87,1.32,5.1,0.543,Last Quarter,climatology + ENSO analog + exact tide/moon,True,92.6,69.8,55.3,True,False,True
2026-11-02,outer_banks,302 / 371 / Hidden Bank,offshore,dorado,Dorado (Mahi-Mahi),tuna,26,3,outlook,Outlook / trend only,37.6,1.0,92.9,91.9,16.1,14.2,23.4,well above typical,,86.7,climatological sea state,0.194,0.35,0.808,0.958,0.872,,1.255,"pressure,front,chl",68.71,1.29,4.83,0.43,Last Quarter,climatology + ENSO analog + exact tide/moon,True,90.9,69.8,55.3,True,False,True
2026-11-03,outer_banks,302 / 371 / Hidden Bank,offshore,dorado,Dorado (Mahi-Mahi),tuna,27,3,outlook,Outlook / trend only,33.0,1.0,90.1,89.1,16.1,14.2,18.8,well above typical,,86.6,climatological sea state,0.152,0.35,0.807,0.93,0.872,,1.249,"pressure,front,chl",68.54,1.26,4.66,0.322,Last Quarter,climatology + ENSO analog + exact tide/moon,True,89.1,69.8,57.1,True,False,True
2026-11-04,outer_banks,302 / 371 / Hidden Bank,offshore,dorado,Dorado (Mahi-Mahi),tuna,28,3,outlook,Outlook / trend only,28.3,1.0,88.2,87.2,16.1,14.2,14.1,well above typical,,86.6,climatological sea state,0.114,0.35,0.824,0.906,0.871,,1.246,"pressure,front,chl",68.39,1.24,4.92,0.226,Waning Crescent,climatology + ENSO analog + exact tide/moon,True,87.2,69.8,59.9,True,False,True
2026-11-05,outer_banks,302 / 371 / Hidden Bank,offshore,dorado,Dorado (Mahi-Mahi),tuna,29,3,outlook,Outlook / trend only,16.6,1.0,85.0,84.0,16.1,14.2,2.4,near typical,,86.6,climatological sea state,0.043,0.35,0.841,0.886,0.871,,1.214,"pressure,front,chl",68.09,1.08,5.27,0.144,Waning Crescent,climatology + ENSO analog + exact tide/moon,True,84.0,69.8,68.4,True,False,True
2026-11-06,outer_banks,302 / 371 / Hidden Bank,offshore,dorado,Dorado (Mahi-Mahi),tuna,30,3,outlook,Outlook / trend only,11.2,1.0,83.7,82.7,16.1,14.2,-3.0,below typical,,86.6,climatological sea state,0.02,0.35,0.878,0.87,0.87,,1.21,"pressure,front,chl",67.94,1.06,6.13,0.079,Waning Crescent,climatology + ENSO analog + exact tide/moon,True,82.7,69.8,72.5,True,False,True
2026-10-14,outer_banks,302 / 371 / Hidden Bank,offshore,rockfish,Rockfish Complex,groundfish,7,2,moderate,Moderate confidence,51.6,42.6,60.6,18.0,75.9,66.6,-15.0,well below typical,73.0,87.1,workable,1.0,0.85,0.956,0.886,0.748,0.4,0.737,"pressure,chl",73.01,3.65,5.22,0.143,Waxing Crescent,model-blended conditions + exact tide/moon,True,18.0,9.0,9.0,False,False,False
2026-10-15,outer_banks,302 / 371 / Hidden Bank,offshore,rockfish,Rockfish Complex,groundfish,8,2,moderate,Moderate confidence,55.1,45.5,64.6,19.1,75.7,66.6,-11.5,well below typical,79.1,87.0,workable,1.0,0.85,0.87,0.904,0.756,0.4,0.761,"pressure,chl",72.61,3.32,4.5,0.217,Waxing Crescent,model-blended conditions + exact tide/moon,True,19.1,9.6,9.5,False,False,False
2026-10-16,outer_banks,302 / 371 / Hidden Bank,offshore,rockfish,Rockfish Complex,groundfish,9,2,moderate,Moderate confidence,56.1,46.2,66.0,19.8,75.4,66.5,-10.4,well below typical,74.3,86.6,workable,1.0,0.85,0.791,0.925,0.844,-1.5,0.783,"pressure,chl",72.23,3.02,3.84,0.3,Waxing Crescent,model-blended conditions + exact tide/moon,True,19.8,9.9,9.9,False,False,False
2026-10-17,outer_banks,302 / 371 / Hidden Bank,offshore,rockfish,Rockfish Complex,groundfish,10,2,moderate,Moderate confidence,62.1,51.2,73.1,21.9,75.2,66.4,-4.3,below typical,86.4,86.4,workable,1.0,0.85,0.746,0.948,0.842,3.5,0.801,"pressure,chl",71.87,2.76,3.44,0.39,First Quarter,model-blended conditions + exact tide/moon,True,21.9,10.9,11.0,False,False,False
2026-10-18,outer_banks,302 / 371 / Hidden Bank,offshore,rockfish,Rockfish Complex,groundfish,11,2,moderate,Moderate confidence,63.6,52.1,75.0,22.9,75.1,66.4,-2.8,near typical,86.3,86.3,workable,1.0,0.85,0.757,0.971,0.841,1.0,0.818,"pressure,chl",71.56,2.53,3.4,0.484,First Quarter,model-blended conditions + exact tide/moon,True,22.9,11.5,11.4,False,False,False
2026-10-19,outer_banks,302 / 371 / Hidden Bank,offshore,rockfish,Rockfish Complex,groundfish,12,2,moderate,Moderate confidence,61.8,50.3,73.3,23.0,75.0,66.3,-4.5,below typical,86.1,86.2,workable,1.0,0.85,0.607,0.955,0.839,0.2,0.832,"pressure,chl",71.27,2.33,1.18,0.579,First Quarter,model-blended conditions + exact tide/moon,True,23.0,11.5,11.5,False,False,False
2026-10-20,outer_banks,302 / 371 / Hidden Bank,offshore,rockfish,Rockfish Complex,groundfish,13,2,moderate,Moderate confidence,66.6,54.2,79.0,24.8,75.0,66.3,0.3,near typical,86.1,86.2,workable,1.0,0.85,0.826,0.932,0.839,-0.1,0.845,"pressure,chl",71.01,2.15,3.94,0.673,Waxing Gibbous,model-blended conditions + exact tide/moon,True,24.8,12.4,12.4,False,False,False
2026-10-21,outer_banks,302 / 371 / Hidden Bank,offshore,rockfish,Rockfish Complex,groundfish,14,2,moderate,Moderate confidence,68.3,55.5,81.1,25.6,75.0,66.3,2.0,near typical,86.2,86.2,workable,1.0,0.85,0.877,0.909,0.839,-1.7,0.857,"pressure,chl",70.77,1.99,4.27,0.762,Waxing Gibbous,model-blended conditions + exact tide/moon,True,25.6,12.8,12.8,False,False,False
2026-10-22,outer_banks,302 / 371 / Hidden Bank,offshore,rockfish,Rockfish Complex,groundfish,15,3,outlook,Outlook / trend only,70.4,53.1,87.6,34.5,75.1,66.4,4.0,above typical,,86.2,climatological sea state,1.0,0.85,0.93,0.889,0.84,-2.6,0.873,"pressure,chl",70.47,1.77,4.66,0.844,Waxing Gibbous,climatology + ENSO analog + exact tide/moon,True,34.5,17.3,17.2,False,False,False
2026-10-23,outer_banks,302 / 371 / Hidden Bank,offshore,rockfish,Rockfish Complex,groundfish,16,3,outlook,Outlook / trend only,71.7,54.1,89.4,35.3,75.0,66.3,5.4,above typical,,86.2,climatological sea state,1.0,0.85,0.981,0.872,0.839,,0.881,"pressure,chl",70.26,1.65,5.08,0.912,Waxing Gibbous,climatology + ENSO analog + exact tide/moon,True,35.3,17.6,17.7,False,False,False
2026-10-24,outer_banks,302 / 371 / Hidden Bank,offshore,rockfish,Rockfish Complex,groundfish,17,3,outlook,Outlook / trend only,71.4,53.6,89.3,35.7,75.1,66.4,5.0,above typical,,86.3,climatological sea state,1.0,0.85,0.912,0.859,0.841,,0.889,"pressure,chl",70.04,1.54,6.12,0.964,Waxing Gibbous,climatology + ENSO analog + exact tide/moon,True,35.7,17.8,17.9,False,False,False
2026-10-25,outer_banks,302 / 371 / Hidden Bank,offshore,rockfish,Rockfish Complex,groundfish,18,3,outlook,Outlook / trend only,71.3,53.2,89.5,36.3,75.4,66.5,4.8,above typical,,86.6,climatological sea state,1.0,0.85,0.855,0.852,0.844,,0.896,"pressure,chl",69.83,1.44,7.03,0.994,Full,climatology + ENSO analog + exact tide/moon,True,36.3,18.1,18.2,False,False,False
2026-10-26,outer_banks,302 / 371 / Hidden Bank,offshore,rockfish,Rockfish Complex,groundfish,19,3,outlook,Outlook / trend only,71.6,53.1,90.0,36.9,75.4,66.5,5.1,above typical,,86.6,climatological sea state,1.0,0.85,0.838,0.85,0.844,,0.902,"pressure,chl",69.64,1.36,7.65,0.999,Full,climatology + ENSO analog + exact tide/moon,True,36.9,18.5,18.4,False,False,False
2026-10-27,outer_banks,302 / 371 / Hidden Bank,offshore,rockfish,Rockfish Complex,groundfish,20,3,outlook,Outlook / trend only,72.1,53.1,91.1,38.0,75.4,66.5,5.6,above typical,,86.6,climatological sea state,1.0,0.85,0.84,0.856,0.845,,0.908,"pressure,chl",69.46,1.28,7.87,0.976,Full,climatology + ENSO analog + exact tide/moon,True,38.0,19.0,19.0,False,False,False
2026-10-28,outer_banks,302 / 371 / Hidden Bank,offshore,rockfish,Rockfish Complex,groundfish,21,3,outlook,Outlook / trend only,73.0,53.4,92.6,39.2,75.6,66.6,6.4,above typical,,86.9,climatological sea state,1.0,0.85,0.857,0.868,0.848,,0.912,"pressure,chl",69.28,1.22,7.69,0.927,Waning Gibbous,climatology + ENSO analog + exact tide/moon,True,39.2,19.6,19.6,False,False,False
2026-10-29,outer_banks,302 / 371 / Hidden Bank,offshore,rockfish,Rockfish Complex,groundfish,22,3,outlook,Outlook / trend only,74.1,54.0,94.3,40.3,75.9,66.6,7.5,above typical,,87.1,climatological sea state,1.0,0.85,0.889,0.886,0.85,,0.916,"pressure,chl",69.09,1.16,7.14,0.854,Waning Gibbous,climatology + ENSO analog + exact tide/moon,True,40.3,20.1,20.2,False,False,False
2026-10-30,outer_banks,302 / 371 / Hidden Bank,offshore,rockfish,Rockfish Complex,groundfish,23,3,outlook,Outlook / trend only,75.2,54.3,96.2,41.9,75.9,66.7,8.5,well above typical,,87.2,climatological sea state,1.0,0.85,0.933,0.91,0.851,,0.92,"pressure,chl",68.91,1.11,6.38,0.761,Waning Gibbous,climatology + ENSO analog + exact tide/moon,True,41.9,20.9,21.0,False,False,False
2026-10-31,outer_banks,302 / 371 / Hidden Bank,offshore,rockfish,Rockfish Complex,groundfish,24,3,outlook,Outlook / trend only,76.4,54.8,98.0,43.2,75.9,66.7,9.7,well above typical,,87.2,climatological sea state,1.0,0.85,0.988,0.936,0.851,,0.924,"pressure,chl",68.73,1.06,5.63,0.655,Waning Gibbous,climatology + ENSO analog + exact tide/moon,True,43.2,21.6,21.6,False,False,False
2026-11-01,outer_banks,302 / 371 / Hidden Bank,offshore,rockfish,Rockfish Complex,groundfish,25,3,outlook,Outlook / trend only,71.2,49.6,92.8,43.2,73.3,64.5,6.7,above typical,,86.9,climatological sea state,1.0,0.7,0.941,0.964,0.848,,0.905,"pressure,chl",68.87,1.32,5.1,0.543,Last Quarter,climatology + ENSO analog + exact tide/moon,True,42.6,21.6,21.6,True,False,False
2026-11-02,outer_banks,302 / 371 / Hidden Bank,offshore,rockfish,Rockfish Complex,groundfish,26,3,outlook,Outlook / trend only,71.0,49.4,92.6,43.2,73.2,64.5,6.5,above typical,,86.7,climatological sea state,1.0,0.7,0.927,0.958,0.846,,0.907,"pressure,chl",68.71,1.29,4.83,0.43,Last Quarter,climatology + ENSO analog + exact tide/moon,True,42.8,21.6,21.6,True,False,False
2026-11-03,outer_banks,302 / 371 / Hidden Bank,offshore,rockfish,Rockfish Complex,groundfish,27,3,outlook,Outlook / trend only,71.0,49.3,92.7,43.4,73.1,64.5,6.5,above typical,,86.6,climatological sea state,1.0,0.7,0.925,0.93,0.845,,0.909,"pressure,chl",68.54,1.26,4.66,0.322,Last Quarter,climatology + ENSO analog + exact tide/moon,True,43.4,21.7,21.7,False,False,False
2026-11-04,outer_banks,302 / 371 / Hidden Bank,offshore,rockfish,Rockfish Complex,groundfish,28,3,outlook,Outlook / trend only,71.6,49.8,93.4,43.6,73.1,64.4,7.2,above typical,,86.6,climatological sea state,1.0,0.7,0.965,0.906,0.844,,0.911,"pressure,chl",68.39,1.24,4.92,0.226,Waning Crescent,climatology + ENSO analog + exact tide/moon,True,43.6,21.8,21.8,False,False,False
2026-11-05,outer_banks,302 / 371 / Hidden Bank,offshore,rockfish,Rockfish Complex,groundfish,29,3,outlook,Outlook / trend only,73.0,50.7,95.3,44.6,73.1,64.5,8.5,well above typical,,86.6,climatological sea state,1.0,0.7,0.998,0.886,0.845,,0.922,"pressure,chl",68.09,1.08,5.27,0.144,Waning Crescent,climatology + ENSO analog + exact tide/moon,True,44.6,22.3,22.3,False,False,False
2026-11-06,outer_banks,302 / 371 / Hidden Bank,offshore,rockfish,Rockfish Complex,groundfish,30,3,outlook,Outlook / trend only,71.8,49.3,94.2,44.9,73.1,64.4,7.4,above typical,,86.6,climatological sea state,1.0,0.7,0.915,0.87,0.844,,0.924,"pressure,chl",67.94,1.06,6.13,0.079,Waning Crescent,climatology + ENSO analog + exact tide/moon,True,44.9,22.5,22.4,False,False,False
2026-10-14,outer_banks,302 / 371 / Hidden Bank,offshore,sheephead,California Sheephead,groundfish,7,2,moderate,Moderate confidence,63.0,60.0,66.0,6.0,69.4,61.0,2.0,near typical,73.0,87.1,workable,1.0,0.85,0.604,0.886,0.709,0.4,1.0,"pressure,chl",73.01,3.65,5.22,0.143,Waxing Crescent,model-blended conditions + exact tide/moon,True,6.0,3.0,3.0,False,False,False
2026-10-15,outer_banks,302 / 371 / Hidden Bank,offshore,sheephead,California Sheephead,groundfish,8,2,moderate,Moderate confidence,66.3,63.3,69.3,6.0,69.0,60.7,5.6,above typical,79.1,87.0,workable,1.0,0.85,0.601,0.904,0.718,0.4,1.0,"pressure,chl",72.61,3.32,4.5,0.217,Waxing Crescent,model-blended conditions + exact tide/moon,True,6.0,3.0,3.0,False,False,False
2026-10-16,outer_banks,302 / 371 / Hidden Bank,offshore,sheephead,California Sheephead,groundfish,9,2,moderate,Moderate confidence,67.2,64.2,70.2,6.0,68.3,60.2,7.0,above typical,74.3,86.6,workable,1.0,0.85,0.622,0.925,0.814,-1.5,1.0,"pressure,chl",72.23,3.02,3.84,0.3,Waxing Crescent,model-blended conditions + exact tide/moon,True,6.0,3.0,3.0,False,False,False
2026-10-17,outer_banks,302 / 371 / Hidden Bank,offshore,sheephead,California Sheephead,groundfish,10,2,moderate,Moderate confidence,74.4,69.8,77.4,7.6,67.6,59.7,14.7,well above typical,86.4,86.4,workable,1.0,0.85,0.655,0.948,0.811,3.5,1.0,"pressure,chl",71.87,2.76,3.44,0.39,First Quarter,model-blended conditions + exact tide/moon,True,7.6,4.6,3.0,False,False,False
2026-10-18,outer_banks,302 / 371 / Hidden Bank,offshore,sheephead,California Sheephead,groundfish,11,2,moderate,Moderate confidence,73.8,67.4,76.8,9.4,67.1,59.3,14.5,well above typical,86.3,86.3,workable,1.0,0.85,0.634,0.971,0.81,1.0,1.0,"pressure,chl",71.56,2.53,3.4,0.484,First Quarter,model-blended conditions + exact tide/moon,True,9.4,6.4,3.0,False,False,False
2026-10-19,outer_banks,302 / 371 / Hidden Bank,offshore,sheephead,California Sheephead,groundfish,12,2,moderate,Moderate confidence,65.9,58.3,68.9,10.6,66.6,58.9,7.0,above typical,86.1,86.2,workable,1.0,0.85,0.398,0.955,0.808,0.2,1.0,"pressure,chl",71.27,2.33,1.18,0.579,First Quarter,model-blended conditions + exact tide/moon,True,10.6,7.6,3.0,False,False,False
2026-10-20,outer_banks,302 / 371 / Hidden Bank,offshore,sheephead,California Sheephead,groundfish,13,2,moderate,Moderate confidence,70.9,61.3,73.9,12.6,66.1,58.5,12.4,well above typical,86.1,86.2,workable,1.0,0.85,0.541,0.932,0.808,-0.1,1.0,"pressure,chl",71.01,2.15,3.94,0.673,Waxing Gibbous,model-blended conditions + exact tide/moon,True,12.6,9.6,3.0,False,False,False
2026-10-21,outer_banks,302 / 371 / Hidden Bank,offshore,sheephead,California Sheephead,groundfish,14,2,moderate,Moderate confidence,72.1,60.9,75.4,14.5,65.6,58.1,14.0,well above typical,86.2,86.2,workable,0.981,0.85,0.593,0.909,0.808,-1.7,1.0,"pressure,chl",70.77,1.99,4.27,0.762,Waxing Gibbous,model-blended conditions + exact tide/moon,True,14.5,11.2,3.3,False,False,False
2026-10-22,outer_banks,302 / 371 / Hidden Bank,offshore,sheephead,California Sheephead,groundfish,15,3,outlook,Outlook / trend only,72.4,56.1,80.9,24.8,65.2,57.7,14.7,well above typical,,86.2,climatological sea state,0.908,0.85,0.647,0.889,0.809,-2.6,1.0,"pressure,chl",70.47,1.77,4.66,0.844,Waxing Gibbous,climatology + ENSO analog + exact tide/moon,True,24.8,16.3,8.5,False,False,False
2026-10-23,outer_banks,302 / 371 / Hidden Bank,offshore,sheephead,California Sheephead,groundfish,16,3,outlook,Outlook / trend only,72.8,55.2,82.3,27.1,64.6,57.1,15.7,well above typical,,86.2,climatological sea state,0.855,0.85,0.702,0.872,0.808,,1.0,"pressure,chl",70.26,1.65,5.08,0.912,Waxing Gibbous,climatology + ENSO analog + exact tide/moon,True,27.1,17.6,9.5,False,False,False
2026-10-24,outer_banks,302 / 371 / Hidden Bank,offshore,sheephead,California Sheephead,groundfish,17,3,outlook,Outlook / trend only,69.9,51.2,80.3,29.1,64.0,56.5,13.4,well above typical,,86.3,climatological sea state,0.801,0.85,0.625,0.859,0.81,,1.0,"pressure,chl",70.04,1.54,6.12,0.964,Waxing Gibbous,climatology + ENSO analog + exact tide/moon,True,29.1,18.7,10.4,False,False,False
2026-10-25,outer_banks,302 / 371 / Hidden Bank,offshore,sheephead,California Sheephead,groundfish,18,3,outlook,Outlook / trend only,69.5,49.2,80.9,31.7,63.4,55.9,13.6,well above typical,,86.6,climatological sea state,0.751,0.85,0.638,0.852,0.813,,1.0,"pressure,chl",69.83,1.44,7.03,0.994,Full,climatology + ENSO analog + exact tide/moon,True,31.7,20.3,11.4,False,False,False
2026-10-26,outer_banks,302 / 371 / Hidden Bank,offshore,sheephead,California Sheephead,groundfish,19,3,outlook,Outlook / trend only,68.7,46.3,81.1,34.8,62.6,55.3,13.4,well above typical,,86.6,climatological sea state,0.704,0.85,0.643,0.85,0.813,,1.0,"pressure,chl",69.64,1.36,7.65,0.999,Full,climatology + ENSO analog + exact tide/moon,True,34.8,22.4,12.4,False,False,False
2026-10-27,outer_banks,302 / 371 / Hidden Bank,offshore,sheephead,California Sheephead,groundfish,20,3,outlook,Outlook / trend only,68.3,42.6,81.7,39.1,61.9,54.6,13.7,well above typical,,86.6,climatological sea state,0.66,0.85,0.663,0.856,0.814,,1.0,"pressure,chl",69.46,1.28,7.87,0.976,Full,climatology + ENSO analog + exact tide/moon,True,39.1,25.7,13.4,False,False,False
2026-10-28,outer_banks,302 / 371 / Hidden Bank,offshore,sheephead,California Sheephead,groundfish,21,3,outlook,Outlook / trend only,68.1,36.8,82.6,45.8,61.1,53.8,14.3,well above typical,,86.9,climatological sea state,0.614,0.85,0.688,0.868,0.817,,1.0,"pressure,chl",69.28,1.22,7.69,0.927,Waning Gibbous,climatology + ENSO analog + exact tide/moon,True,45.8,31.3,14.5,False,False,False
2026-10-29,outer_banks,302 / 371 / Hidden Bank,offshore,sheephead,California Sheephead,groundfish,22,3,outlook,Outlook / trend only,68.0,26.2,83.7,57.5,60.1,52.8,15.2,well above typical,,87.1,climatological sea state,0.568,0.85,0.723,0.886,0.82,,1.0,"pressure,chl",69.09,1.16,7.14,0.854,Waning Gibbous,climatology + ENSO analog + exact tide/moon,True,57.5,41.8,15.7,False,False,False
2026-10-30,outer_banks,302 / 371 / Hidden Bank,offshore,sheephead,California Sheephead,groundfish,23,3,outlook,Outlook / trend only,67.9,26.1,85.0,58.9,58.9,51.7,16.2,well above typical,,87.2,climatological sea state,0.524,0.85,0.769,0.91,0.821,,1.0,"pressure,chl",68.91,1.11,6.38,0.761,Waning Gibbous,climatology + ENSO analog + exact tide/moon,True,58.3,41.8,17.1,True,False,False
2026-10-31,outer_banks,302 / 371 / Hidden Bank,offshore,sheephead,California Sheephead,groundfish,24,3,outlook,Outlook / trend only,67.1,25.3,85.4,60.1,57.5,50.5,16.6,well above typical,,87.2,climatological sea state,0.481,0.85,0.786,0.936,0.821,,1.0,"pressure,chl",68.73,1.06,5.63,0.655,Waning Gibbous,climatology + ENSO analog + exact tide/moon,True,58.5,41.8,18.3,True,False,False
2026-11-01,outer_banks,302 / 371 / Hidden Bank,offshore,sheephead,California Sheephead,groundfish,25,3,outlook,Outlook / trend only,64.7,22.9,83.0,60.1,54.1,47.6,17.1,well above typical,,86.9,climatological sea state,0.515,0.7,0.753,0.964,0.817,,1.0,"pressure,chl",68.87,1.32,5.1,0.543,Last Quarter,climatology + ENSO analog + exact tide/moon,True,56.3,41.8,18.3,True,False,False
2026-11-02,outer_banks,302 / 371 / Hidden Bank,offshore,sheephead,California Sheephead,groundfish,26,3,outlook,Outlook / trend only,61.9,20.1,80.2,60.1,52.3,46.0,15.9,well above typical,,86.7,climatological sea state,0.475,0.7,0.679,0.958,0.815,,1.0,"pressure,chl",68.71,1.29,4.83,0.43,Last Quarter,climatology + ENSO analog + exact tide/moon,True,55.2,41.8,18.3,True,False,False
2026-11-03,outer_banks,302 / 371 / Hidden Bank,offshore,sheephead,California Sheephead,groundfish,27,3,outlook,Outlook / trend only,57.7,15.9,76.1,60.2,50.0,44.0,13.7,well above typical,,86.6,climatological sea state,0.434,0.7,0.552,0.93,0.814,,1.0,"pressure,chl",68.54,1.26,4.66,0.322,Last Quarter,climatology + ENSO analog + exact tide/moon,True,53.2,41.8,18.4,True,False,False
2026-11-04,outer_banks,302 / 371 / Hidden Bank,offshore,sheephead,California Sheephead,groundfish,28,3,outlook,Outlook / trend only,57.8,16.0,77.5,61.5,47.4,41.7,16.1,well above typical,,86.6,climatological sea state,0.396,0.7,0.607,0.906,0.814,,1.0,"pressure,chl",68.39,1.24,4.92,0.226,Waning Crescent,climatology + ENSO analog + exact tide/moon,True,54.0,41.8,19.7,True,False,False
2026-11-05,outer_banks,302 / 371 / Hidden Bank,offshore,sheephead,California Sheephead,groundfish,29,3,outlook,Outlook / trend only,56.5,14.7,78.7,64.0,44.0,38.6,17.9,well above typical,,86.6,climatological sea state,0.324,0.7,0.661,0.886,0.814,,1.0,"pressure,chl",68.09,1.08,5.27,0.144,Waning Crescent,climatology + ENSO analog + exact tide/moon,True,54.6,41.8,22.2,True,False,False
2026-11-06,outer_banks,302 / 371 / Hidden Bank,offshore,sheephead,California Sheephead,groundfish,30,3,outlook,Outlook / trend only,54.8,13.0,77.9,64.9,38.5,33.8,21.0,well above typical,,86.6,climatological sea state,0.288,0.7,0.649,0.87,0.813,,1.0,"pressure,chl",67.94,1.06,6.13,0.079,Waning Crescent,climatology + ENSO analog + exact tide/moon,True,54.0,41.8,23.1,True,False,False
2026-10-14,outer_banks,302 / 371 / Hidden Bank,offshore,white_seabass,White Seabass,pelagic,7,2,moderate,Moderate confidence,19.1,15.1,39.6,24.5,60.4,53.1,-34.0,well below typical,73.0,87.1,workable,0.02,0.5,0.558,0.978,0.709,0.4,0.869,"pressure,front,chl",73.01,3.65,5.22,0.143,Waxing Crescent,model-blended conditions + exact tide/moon,True,24.5,4.0,20.5,False,False,False
2026-10-15,outer_banks,302 / 371 / Hidden Bank,offshore,white_seabass,White Seabass,pelagic,8,2,moderate,Moderate confidence,29.1,16.1,49.6,33.5,60.6,53.3,-24.2,well below typical,79.1,87.0,workable,0.084,0.5,0.588,0.895,0.718,0.4,0.88,"pressure,front,chl",72.61,3.32,4.5,0.217,Waxing Crescent,model-blended conditions + exact tide/moon,True,28.9,13.0,20.5,True,False,False
2026-10-16,outer_banks,302 / 371 / Hidden Bank,offshore,white_seabass,White Seabass,pelagic,9,2,moderate,Moderate confidence,33.0,15.8,53.5,37.7,60.7,53.5,-20.5,well below typical,74.3,86.6,workable,0.145,0.5,0.652,0.773,0.814,-1.5,0.891,"pressure,front,chl",72.23,3.02,3.84,0.3,Waxing Crescent,model-blended conditions + exact tide/moon,True,31.2,17.2,20.5,True,False,False
2026-10-17,outer_banks,302 / 371 / Hidden Bank,offshore,white_seabass,White Seabass,pelagic,10,2,moderate,Moderate confidence,39.2,17.4,59.7,42.3,60.9,53.8,-14.6,well below typical,86.4,86.4,workable,0.204,0.5,0.721,0.644,0.811,3.5,0.901,"pressure,front,chl",71.87,2.76,3.44,0.39,First Quarter,model-blended conditions + exact tide/moon,True,35.9,21.8,20.5,True,False,False
2026-10-18,outer_banks,302 / 371 / Hidden Bank,offshore,white_seabass,White Seabass,pelagic,11,2,moderate,Moderate confidence,40.0,16.6,60.5,43.9,61.1,54.0,-14.0,well below typical,86.3,86.3,workable,0.256,0.5,0.684,0.533,0.81,1.0,0.909,"pressure,front,chl",71.56,2.53,3.4,0.484,First Quarter,model-blended conditions + exact tide/moon,True,36.8,23.4,20.5,True,False,False
2026-10-19,outer_banks,302 / 371 / Hidden Bank,offshore,white_seabass,White Seabass,pelagic,12,2,moderate,Moderate confidence,36.6,13.2,57.1,43.9,61.3,54.2,-17.6,well below typical,86.1,86.2,workable,0.302,0.5,0.384,0.452,0.808,0.2,0.916,"pressure,front,chl",71.27,2.33,1.18,0.579,First Quarter,model-blended conditions + exact tide/moon,True,30.6,23.4,20.5,True,False,False
2026-10-20,outer_banks,302 / 371 / Hidden Bank,offshore,white_seabass,White Seabass,pelagic,13,2,moderate,Moderate confidence,39.4,16.0,59.9,43.9,61.6,54.5,-15.1,well below typical,86.1,86.2,workable,0.344,0.5,0.515,0.401,0.808,-0.1,0.923,"pressure,front,chl",71.01,2.15,3.94,0.673,Waxing Gibbous,model-blended conditions + exact tide/moon,True,29.7,23.4,20.5,True,False,False
2026-10-21,outer_banks,302 / 371 / Hidden Bank,offshore,white_seabass,White Seabass,pelagic,14,2,moderate,Moderate confidence,41.0,17.6,61.5,43.9,61.8,54.7,-13.7,well below typical,86.2,86.2,workable,0.384,0.5,0.573,0.373,0.808,-1.7,0.928,"pressure,front,chl",70.77,1.99,4.27,0.762,Waxing Gibbous,model-blended conditions + exact tide/moon,True,28.9,23.4,20.5,True,False,False
2026-10-22,outer_banks,302 / 371 / Hidden Bank,offshore,white_seabass,White Seabass,pelagic,15,3,outlook,Outlook / trend only,43.2,19.8,63.7,43.9,62.1,54.9,-11.7,well below typical,,86.2,climatological sea state,0.433,0.5,0.635,0.359,0.809,-2.6,0.936,"pressure,front,chl",70.47,1.77,4.66,0.844,Waxing Gibbous,climatology + ENSO analog + exact tide/moon,True,36.0,23.4,20.5,True,False,False
2026-10-23,outer_banks,302 / 371 / Hidden Bank,offshore,white_seabass,White Seabass,pelagic,16,3,outlook,Outlook / trend only,44.9,21.5,65.4,43.9,62.4,55.2,-10.3,well below typical,,86.2,climatological sea state,0.468,0.5,0.698,0.353,0.808,,0.941,"pressure,front,chl",70.26,1.65,5.08,0.912,Waxing Gibbous,climatology + ENSO analog + exact tide/moon,True,36.1,23.4,20.5,True,False,False
2026-10-24,outer_banks,302 / 371 / Hidden Bank,offshore,white_seabass,White Seabass,pelagic,17,3,outlook,Outlook / trend only,43.7,20.3,64.2,43.9,62.8,55.5,-11.8,well below typical,,86.3,climatological sea state,0.504,0.5,0.537,0.351,0.81,,0.945,"pressure,front,chl",70.04,1.54,6.12,0.964,Waxing Gibbous,climatology + ENSO analog + exact tide/moon,True,35.1,23.4,20.5,True,False,False
2026-10-25,outer_banks,302 / 371 / Hidden Bank,offshore,white_seabass,White Seabass,pelagic,18,3,outlook,Outlook / trend only,44.7,21.3,65.2,43.9,63.2,55.8,-11.1,well below typical,,86.6,climatological sea state,0.537,0.5,0.535,0.35,0.813,,0.948,"pressure,front,chl",69.83,1.44,7.03,0.994,Full,climatology + ENSO analog + exact tide/moon,True,35.0,23.4,20.5,True,False,False
2026-10-26,outer_banks,302 / 371 / Hidden Bank,offshore,white_seabass,White Seabass,pelagic,19,3,outlook,Outlook / trend only,45.5,22.1,66.0,43.9,63.6,56.1,-10.6,well below typical,,86.6,climatological sea state,0.569,0.5,0.535,0.35,0.813,,0.951,"pressure,front,chl",69.64,1.36,7.65,0.999,Full,climatology + ENSO analog + exact tide/moon,True,35.2,23.4,20.5,True,False,False
2026-10-27,outer_banks,302 / 371 / Hidden Bank,offshore,white_seabass,White Seabass,pelagic,20,3,outlook,Outlook / trend only,46.7,23.3,67.2,43.9,63.9,56.3,-9.6,well below typical,,86.6,climatological sea state,0.598,0.5,0.566,0.35,0.814,,0.954,"pressure,front,chl",69.46,1.28,7.87,0.976,Full,climatology + ENSO analog + exact tide/moon,True,36.0,23.4,20.5,True,False,False
2026-10-28,outer_banks,302 / 371 / Hidden Bank,offshore,white_seabass,White Seabass,pelagic,21,3,outlook,Outlook / trend only,48.2,24.8,68.7,43.9,64.4,56.7,-8.5,well below typical,,86.9,climatological sea state,0.628,0.5,0.611,0.35,0.817,,0.956,"pressure,front,chl",69.28,1.22,7.69,0.927,Waning Gibbous,climatology + ENSO analog + exact tide/moon,True,36.9,23.4,20.5,True,False,False
2026-10-29,outer_banks,302 / 371 / Hidden Bank,offshore,white_seabass,White Seabass,pelagic,22,3,outlook,Outlook / trend only,50.0,26.6,70.5,43.9,64.9,57.0,-7.0,below typical,,87.1,climatological sea state,0.659,0.5,0.678,0.35,0.82,,0.958,"pressure,front,chl",69.09,1.16,7.14,0.854,Waning Gibbous,climatology + ENSO analog + exact tide/moon,True,37.3,23.4,20.5,True,False,False
2026-10-30,outer_banks,302 / 371 / Hidden Bank,offshore,white_seabass,White Seabass,pelagic,23,3,outlook,Outlook / trend only,51.8,28.4,72.3,43.9,65.3,57.3,-5.5,below typical,,87.2,climatological sea state,0.688,0.5,0.766,0.35,0.821,,0.96,"pressure,front,chl",68.91,1.11,6.38,0.761,Waning Gibbous,climatology + ENSO analog + exact tide/moon,True,37.9,23.4,20.5,True,False,False
2026-10-31,outer_banks,302 / 371 / Hidden Bank,offshore,white_seabass,White Seabass,pelagic,24,3,outlook,Outlook / trend only,53.2,29.8,73.7,43.9,65.6,57.6,-4.4,below typical,,87.2,climatological sea state,0.717,0.5,0.823,0.35,0.821,,0.962,"pressure,front,chl",68.73,1.06,5.63,0.655,Waning Gibbous,climatology + ENSO analog + exact tide/moon,True,38.1,23.4,20.5,True,False,False
2026-11-01,outer_banks,302 / 371 / Hidden Bank,offshore,white_seabass,White Seabass,pelagic,25,3,outlook,Outlook / trend only,51.8,28.4,72.3,43.9,65.8,57.9,-6.1,below typical,,86.9,climatological sea state,0.694,0.5,0.793,0.351,0.817,,0.952,"pressure,front,chl",68.87,1.32,5.1,0.543,Last Quarter,climatology + ENSO analog + exact tide/moon,True,39.0,23.4,20.5,True,False,False
2026-11-02,outer_banks,302 / 371 / Hidden Bank,offshore,white_seabass,White Seabass,pelagic,26,3,outlook,Outlook / trend only,50.9,27.5,71.4,43.9,66.0,58.2,-7.3,below typical,,86.7,climatological sea state,0.721,0.5,0.685,0.353,0.815,,0.954,"pressure,front,chl",68.71,1.29,4.83,0.43,Last Quarter,climatology + ENSO analog + exact tide/moon,True,37.9,23.4,20.5,True,False,False
2026-11-03,outer_banks,302 / 371 / Hidden Bank,offshore,white_seabass,White Seabass,pelagic,27,3,outlook,Outlook / trend only,48.5,25.1,69.0,43.9,66.3,58.5,-10.0,well below typical,,86.6,climatological sea state,0.748,0.5,0.492,0.359,0.814,,0.955,"pressure,front,chl",68.54,1.26,4.66,0.322,Last Quarter,climatology + ENSO analog + exact tide/moon,True,36.1,23.4,20.5,True,False,False
2026-11-04,outer_banks,302 / 371 / Hidden Bank,offshore,white_seabass,White Seabass,pelagic,28,3,outlook,Outlook / trend only,50.5,27.1,71.0,43.9,66.6,58.7,-8.2,well below typical,,86.6,climatological sea state,0.774,0.5,0.559,0.373,0.814,,0.955,"pressure,front,chl",68.39,1.24,4.92,0.226,Waning Crescent,climatology + ENSO analog + exact tide/moon,True,36.2,23.4,20.5,True,False,False
2026-11-05,outer_banks,302 / 371 / Hidden Bank,offshore,white_seabass,White Seabass,pelagic,29,3,outlook,Outlook / trend only,53.4,30.0,73.9,43.9,66.9,59.0,-5.6,below typical,,86.6,climatological sea state,0.822,0.5,0.627,0.402,0.814,,0.961,"pressure,front,chl",68.09,1.08,5.27,0.144,Waning Crescent,climatology + ENSO analog + exact tide/moon,True,36.3,23.4,20.5,True,False,False
2026-11-06,outer_banks,302 / 371 / Hidden Bank,offshore,white_seabass,White Seabass,pelagic,30,3,outlook,Outlook / trend only,54.1,30.7,74.6,43.9,66.9,59.0,-4.9,below typical,,86.6,climatological sea state,0.846,0.5,0.574,0.454,0.813,,0.962,"pressure,front,chl",67.94,1.06,6.13,0.079,Waning Crescent,climatology + ENSO analog + exact tide/moon,True,36.3,23.4,20.5,True,False,False
2026-10-14,outer_banks,302 / 371 / Hidden Bank,offshore,yellowfin_tuna,Yellowfin Tuna,tuna,7,2,moderate,Moderate confidence,96.5,93.5,99.5,6.0,71.4,62.7,33.8,well above typical,73.0,87.1,workable,1.0,0.85,0.821,0.886,0.781,0.4,1.35,"pressure,front,chl",73.01,3.65,5.22,0.143,Waxing Crescent,model-blended conditions + exact tide/moon,True,6.0,3.0,3.0,False,False,False
2026-10-15,outer_banks,302 / 371 / Hidden Bank,offshore,yellowfin_tuna,Yellowfin Tuna,tuna,8,2,moderate,Moderate confidence,97.9,94.6,99.9,5.3,70.8,62.3,35.6,well above typical,79.1,87.0,workable,1.0,0.85,0.782,0.904,0.789,0.4,1.35,"pressure,front,chl",72.61,3.32,4.5,0.217,Waxing Crescent,model-blended conditions + exact tide/moon,True,5.3,3.3,3.0,True,True,False
2026-10-16,outer_banks,302 / 371 / Hidden Bank,offshore,yellowfin_tuna,Yellowfin Tuna,tuna,9,2,moderate,Moderate confidence,97.5,92.4,99.9,7.5,70.1,61.8,35.7,well above typical,74.3,86.6,workable,1.0,0.85,0.747,0.925,0.871,-1.5,1.35,"pressure,front,chl",72.23,3.02,3.84,0.3,Waxing Crescent,model-blended conditions + exact tide/moon,True,7.5,5.1,3.0,True,True,False
2026-10-17,outer_banks,302 / 371 / Hidden Bank,offshore,yellowfin_tuna,Yellowfin Tuna,tuna,10,2,moderate,Moderate confidence,99.1,94.0,99.9,5.9,69.3,61.2,37.9,well above typical,86.4,86.4,workable,1.0,0.85,0.727,0.948,0.869,3.5,1.35,"pressure,front,chl",71.87,2.76,3.44,0.39,First Quarter,model-blended conditions + exact tide/moon,True,5.8,5.1,3.0,True,True,False
2026-10-18,outer_banks,302 / 371 / Hidden Bank,offshore,yellowfin_tuna,Yellowfin Tuna,tuna,11,2,moderate,Moderate confidence,99.1,92.6,99.9,7.3,68.7,60.6,38.5,well above typical,86.3,86.3,workable,1.0,0.85,0.732,0.971,0.868,1.0,1.35,"pressure,front,chl",71.56,2.53,3.4,0.484,First Quarter,model-blended conditions + exact tide/moon,True,7.3,6.5,3.0,True,True,False
2026-10-19,outer_banks,302 / 371 / Hidden Bank,offshore,yellowfin_tuna,Yellowfin Tuna,tuna,12,2,moderate,Moderate confidence,99.0,87.6,99.9,12.3,68.0,60.1,38.9,well above typical,86.1,86.2,workable,1.0,0.85,0.665,0.955,0.866,0.2,1.35,"pressure,front,chl",71.27,2.33,1.18,0.579,First Quarter,model-blended conditions + exact tide/moon,True,12.3,11.4,3.0,True,True,False
2026-10-20,outer_banks,302 / 371 / Hidden Bank,offshore,yellowfin_tuna,Yellowfin Tuna,tuna,13,2,moderate,Moderate confidence,99.0,80.9,99.9,19.0,67.4,59.6,39.4,well above typical,86.1,86.2,workable,1.0,0.85,0.763,0.932,0.866,-0.1,1.348,"pressure,front,chl",71.01,2.15,3.94,0.673,Waxing Gibbous,model-blended conditions + exact tide/moon,True,19.0,18.1,3.0,True,True,False
2026-10-21,outer_banks,302 / 371 / Hidden Bank,offshore,yellowfin_tuna,Yellowfin Tuna,tuna,14,2,moderate,Moderate confidence,98.8,74.8,99.9,25.1,66.7,59.1,39.7,well above typical,86.2,86.2,workable,1.0,0.85,0.785,0.909,0.866,-1.7,1.322,"pressure,front,chl",70.77,1.99,4.27,0.762,Waxing Gibbous,model-blended conditions + exact tide/moon,True,25.1,24.0,3.0,True,True,False
2026-10-22,outer_banks,302 / 371 / Hidden Bank,offshore,yellowfin_tuna,Yellowfin Tuna,tuna,15,3,outlook,Outlook / trend only,98.3,63.7,99.9,36.2,66.2,58.5,39.8,well above typical,,86.2,climatological sea state,1.0,0.85,0.809,0.889,0.867,-2.6,1.287,"pressure,front,chl",70.47,1.77,4.66,0.844,Waxing Gibbous,climatology + ENSO analog + exact tide/moon,True,36.2,34.6,3.0,True,True,False
2026-10-23,outer_banks,302 / 371 / Hidden Bank,offshore,yellowfin_tuna,Yellowfin Tuna,tuna,16,3,outlook,Outlook / trend only,98.0,58.4,99.9,41.5,65.5,57.9,40.1,well above typical,,86.2,climatological sea state,1.0,0.85,0.832,0.872,0.866,,1.267,"pressure,front,chl",70.26,1.65,5.08,0.912,Waxing Gibbous,climatology + ENSO analog + exact tide/moon,True,41.5,39.6,3.0,True,True,False
2026-10-24,outer_banks,302 / 371 / Hidden Bank,offshore,yellowfin_tuna,Yellowfin Tuna,tuna,17,3,outlook,Outlook / trend only,97.7,53.2,99.9,46.7,64.7,57.2,40.5,well above typical,,86.3,climatological sea state,1.0,0.85,0.879,0.859,0.868,,1.249,"pressure,front,chl",70.04,1.54,6.12,0.964,Waxing Gibbous,climatology + ENSO analog + exact tide/moon,True,46.7,44.5,3.0,True,True,False
2026-10-25,outer_banks,302 / 371 / Hidden Bank,offshore,yellowfin_tuna,Yellowfin Tuna,tuna,18,3,outlook,Outlook / trend only,96.9,48.6,99.9,51.3,63.9,56.4,40.5,well above typical,,86.6,climatological sea state,0.959,0.85,0.904,0.852,0.87,,1.233,"pressure,front,chl",69.83,1.44,7.03,0.994,Full,climatology + ENSO analog + exact tide/moon,True,51.3,48.3,3.0,False,False,False
2026-10-26,outer_banks,302 / 371 / Hidden Bank,offshore,yellowfin_tuna,Yellowfin Tuna,tuna,19,3,outlook,Outlook / trend only,95.7,43.9,99.9,56.0,63.0,55.6,40.1,well above typical,,86.6,climatological sea state,0.912,0.85,0.912,0.85,0.871,,1.22,"pressure,front,chl",69.64,1.36,7.65,0.999,Full,climatology + ENSO analog + exact tide/moon,True,56.0,51.8,4.2,False,False,False
2026-10-27,outer_banks,302 / 371 / Hidden Bank,offshore,yellowfin_tuna,Yellowfin Tuna,tuna,20,3,outlook,Outlook / trend only,94.2,38.6,99.9,61.3,62.2,54.8,39.4,well above typical,,86.6,climatological sea state,0.869,0.85,0.911,0.856,0.872,,1.207,"pressure,front,chl",69.46,1.28,7.87,0.976,Full,climatology + ENSO analog + exact tide/moon,True,61.3,55.6,5.7,False,False,False
2026-10-28,outer_banks,302 / 371 / Hidden Bank,offshore,yellowfin_tuna,Yellowfin Tuna,tuna,21,3,outlook,Outlook / trend only,92.3,33.3,99.9,66.6,61.2,53.9,38.4,well above typical,,86.9,climatological sea state,0.823,0.85,0.903,0.868,0.874,,1.198,"pressure,front,chl",69.28,1.22,7.69,0.927,Waning Gibbous,climatology + ENSO analog + exact tide/moon,True,66.6,59.0,7.6,False,False,False
2026-10-29,outer_banks,302 / 371 / Hidden Bank,offshore,yellowfin_tuna,Yellowfin Tuna,tuna,22,3,outlook,Outlook / trend only,89.7,27.9,99.9,72.0,60.1,52.8,36.9,well above typical,,87.1,climatological sea state,0.776,0.85,0.889,0.886,0.876,,1.188,"pressure,front,chl",69.09,1.16,7.14,0.854,Waning Gibbous,climatology + ENSO analog + exact tide/moon,True,72.0,61.8,10.2,False,False,False
2026-10-30,outer_banks,302 / 371 / Hidden Bank,offshore,yellowfin_tuna,Yellowfin Tuna,tuna,23,3,outlook,Outlook / trend only,87.0,21.6,99.9,78.3,58.9,51.7,35.3,well above typical,,87.2,climatological sea state,0.732,0.85,0.87,0.91,0.877,,1.18,"pressure,front,chl",68.91,1.11,6.38,0.761,Waning Gibbous,climatology + ENSO analog + exact tide/moon,True,78.3,65.4,12.9,False,False,False
2026-10-31,outer_banks,302 / 371 / Hidden Bank,offshore,yellowfin_tuna,Yellowfin Tuna,tuna,24,3,outlook,Outlook / trend only,84.2,14.8,99.9,85.1,57.6,50.6,33.6,well above typical,,87.2,climatological sea state,0.69,0.85,0.835,0.936,0.877,,1.172,"pressure,front,chl",68.73,1.06,5.63,0.655,Waning Gibbous,climatology + ENSO analog + exact tide/moon,True,85.1,69.4,15.7,False,False,False
2026-11-01,outer_banks,302 / 371 / Hidden Bank,offshore,yellowfin_tuna,Yellowfin Tuna,tuna,25,3,outlook,Outlook / trend only,78.8,9.4,99.9,90.5,51.6,45.3,33.5,well above typical,,86.9,climatological sea state,0.724,0.5,0.814,0.964,0.874,,1.214,"pressure,front,chl",68.87,1.32,5.1,0.543,Last Quarter,climatology + ENSO analog + exact tide/moon,True,85.1,69.4,21.1,True,False,False
2026-11-02,outer_banks,302 / 371 / Hidden Bank,offshore,yellowfin_tuna,Yellowfin Tuna,tuna,26,3,outlook,Outlook / trend only,76.3,6.9,99.9,93.0,50.1,44.1,32.2,well above typical,,86.7,climatological sea state,0.684,0.5,0.808,0.958,0.872,,1.209,"pressure,front,chl",68.71,1.29,4.83,0.43,Last Quarter,climatology + ENSO analog + exact tide/moon,True,90.8,69.4,23.6,True,False,False
2026-11-03,outer_banks,302 / 371 / Hidden Bank,offshore,yellowfin_tuna,Yellowfin Tuna,tuna,27,3,outlook,Outlook / trend only,73.7,2.8,99.9,97.1,48.6,42.8,30.9,well above typical,,86.6,climatological sea state,0.642,0.5,0.807,0.93,0.872,,1.204,"pressure,front,chl",68.54,1.26,4.66,0.322,Last Quarter,climatology + ENSO analog + exact tide/moon,True,97.1,70.9,26.2,False,False,False
2026-11-04,outer_banks,302 / 371 / Hidden Bank,offshore,yellowfin_tuna,Yellowfin Tuna,tuna,28,3,outlook,Outlook / trend only,71.3,1.0,99.9,98.9,47.0,41.4,29.9,well above typical,,86.6,climatological sea state,0.604,0.5,0.824,0.906,0.871,,1.201,"pressure,front,chl",68.39,1.24,4.92,0.226,Waning Crescent,climatology + ENSO analog + exact tide/moon,True,97.2,70.9,28.6,True,False,True
2026-11-05,outer_banks,302 / 371 / Hidden Bank,offshore,yellowfin_tuna,Yellowfin Tuna,tuna,29,3,outlook,Outlook / trend only,65.8,1.0,99.9,98.9,45.4,39.9,25.9,well above typical,,86.6,climatological sea state,0.533,0.5,0.841,0.886,0.871,,1.175,"pressure,front,chl",68.09,1.08,5.27,0.144,Waning Crescent,climatology + ENSO analog + exact tide/moon,True,97.7,70.9,34.1,True,False,True
2026-11-06,outer_banks,302 / 371 / Hidden Bank,offshore,yellowfin_tuna,Yellowfin Tuna,tuna,30,3,outlook,Outlook / trend only,63.4,1.0,99.9,98.9,43.5,38.4,25.0,well above typical,,86.6,climatological sea state,0.496,0.5,0.878,0.87,0.87,,1.172,"pressure,front,chl",67.94,1.06,6.13,0.079,Waning Crescent,climatology + ENSO analog + exact tide/moon,True,97.9,70.9,36.5,True,False,True
2026-10-14,outer_banks,302 / 371 / Hidden Bank,offshore,yellowtail,California Yellowtail,pelagic,7,2,moderate,Moderate confidence,83.7,74.3,86.7,12.4,73.9,64.9,18.8,well above typical,73.0,87.1,workable,0.835,0.75,0.604,0.886,0.781,0.4,1.329,"pressure,front,chl",73.01,3.65,5.22,0.143,Waxing Crescent,model-blended conditions + exact tide/moon,True,12.4,9.4,3.0,False,False,False
2026-10-15,outer_banks,302 / 371 / Hidden Bank,offshore,yellowtail,California Yellowtail,pelagic,8,2,moderate,Moderate confidence,88.3,78.9,91.3,12.4,73.8,64.9,23.4,well above typical,79.1,87.0,workable,0.9,0.75,0.601,0.904,0.789,0.4,1.299,"pressure,front,chl",72.61,3.32,4.5,0.217,Waxing Crescent,model-blended conditions + exact tide/moon,True,10.7,9.4,3.0,True,False,False
2026-10-16,outer_banks,302 / 371 / Hidden Bank,offshore,yellowtail,California Yellowtail,pelagic,9,2,moderate,Moderate confidence,87.3,77.1,90.3,13.2,73.5,64.8,22.5,well above typical,74.3,86.6,workable,0.962,0.75,0.622,0.925,0.871,-1.5,1.272,"pressure,front,chl",72.23,3.02,3.84,0.3,Waxing Crescent,model-blended conditions + exact tide/moon,True,13.2,10.2,3.0,False,False,False
2026-10-17,outer_banks,302 / 371 / Hidden Bank,offshore,yellowtail,California Yellowtail,pelagic,10,2,moderate,Moderate confidence,94.6,83.3,97.6,14.3,73.4,64.8,29.8,well above typical,86.4,86.4,workable,1.0,0.75,0.655,0.948,0.869,3.5,1.248,"pressure,front,chl",71.87,2.76,3.44,0.39,First Quarter,model-blended conditions + exact tide/moon,True,14.3,11.3,3.0,False,False,False
2026-10-18,outer_banks,302 / 371 / Hidden Bank,offshore,yellowtail,California Yellowtail,pelagic,11,2,moderate,Moderate confidence,93.4,80.7,97.9,17.2,73.4,64.8,28.6,well above typical,86.3,86.3,workable,1.0,0.75,0.634,0.971,0.868,1.0,1.228,"pressure,front,chl",71.56,2.53,3.4,0.484,First Quarter,model-blended conditions + exact tide/moon,True,17.2,12.7,4.5,False,False,False
2026-10-19,outer_banks,302 / 371 / Hidden Bank,offshore,yellowtail,California Yellowtail,pelagic,12,2,moderate,Moderate confidence,85.1,72.0,92.9,20.9,73.2,64.8,20.3,well above typical,86.1,86.2,workable,1.0,0.75,0.398,0.955,0.866,0.2,1.21,"pressure,front,chl",71.27,2.33,1.18,0.579,First Quarter,model-blended conditions + exact tide/moon,True,20.9,13.1,7.8,False,False,False
2026-10-20,outer_banks,302 / 371 / Hidden Bank,offshore,yellowtail,California Yellowtail,pelagic,13,2,moderate,Moderate confidence,88.5,74.5,97.3,22.8,73.2,64.8,23.7,well above typical,86.1,86.2,workable,1.0,0.75,0.541,0.932,0.866,-0.1,1.194,"pressure,front,chl",71.01,2.15,3.94,0.673,Waxing Gibbous,model-blended conditions + exact tide/moon,True,22.8,14.0,8.8,False,False,False
2026-10-21,outer_banks,302 / 371 / Hidden Bank,offshore,yellowtail,California Yellowtail,pelagic,14,2,moderate,Moderate confidence,88.8,74.2,98.2,24.0,73.2,64.8,24.0,well above typical,86.2,86.2,workable,1.0,0.75,0.593,0.909,0.866,-1.7,1.179,"pressure,front,chl",70.77,1.99,4.27,0.762,Waxing Gibbous,model-blended conditions + exact tide/moon,True,24.0,14.6,9.4,False,False,False
2026-10-22,outer_banks,302 / 371 / Hidden Bank,offshore,yellowtail,California Yellowtail,pelagic,15,3,outlook,Outlook / trend only,88.5,69.4,99.9,30.5,73.3,64.8,23.7,well above typical,,86.2,climatological sea state,1.0,0.75,0.647,0.889,0.867,-2.6,1.159,"pressure,front,chl",70.47,1.77,4.66,0.844,Waxing Gibbous,climatology + ENSO analog + exact tide/moon,True,30.5,19.1,11.4,False,False,False
2026-10-23,outer_banks,302 / 371 / Hidden Bank,offshore,yellowtail,California Yellowtail,pelagic,16,3,outlook,Outlook / trend only,88.8,69.2,99.9,30.7,73.2,64.8,24.0,well above typical,,86.2,climatological sea state,1.0,0.75,0.702,0.872,0.866,,1.149,"pressure,front,chl",70.26,1.65,5.08,0.912,Waxing Gibbous,climatology + ENSO analog + exact tide/moon,True,30.7,19.6,11.4,True,True,False
2026-10-24,outer_banks,302 / 371 / Hidden Bank,offshore,yellowtail,California Yellowtail,pelagic,17,3,outlook,Outlook / trend only,86.3,66.4,99.9,33.5,73.4,64.8,21.5,well above typical,,86.3,climatological sea state,1.0,0.75,0.625,0.859,0.868,,1.139,"pressure,front,chl",70.04,1.54,6.12,0.964,Waxing Gibbous,climatology + ENSO analog + exact tide/moon,True,33.5,19.9,13.6,False,False,False
2026-10-25,outer_banks,302 / 371 / Hidden Bank,offshore,yellowtail,California Yellowtail,pelagic,18,3,outlook,Outlook / trend only,86.0,65.7,99.9,34.2,73.5,64.8,21.2,well above typical,,86.6,climatological sea state,1.0,0.75,0.638,0.852,0.87,,1.13,"pressure,front,chl",69.83,1.44,7.03,0.994,Full,climatology + ENSO analog + exact tide/moon,True,34.2,20.3,13.9,False,False,False
2026-10-26,outer_banks,302 / 371 / Hidden Bank,offshore,yellowtail,California Yellowtail,pelagic,19,3,outlook,Outlook / trend only,85.6,64.9,99.9,35.0,73.5,64.8,20.8,well above typical,,86.6,climatological sea state,1.0,0.75,0.643,0.85,0.871,,1.122,"pressure,front,chl",69.64,1.36,7.65,0.999,Full,climatology + ENSO analog + exact tide/moon,True,35.0,20.7,14.3,False,False,False
2026-10-27,outer_banks,302 / 371 / Hidden Bank,offshore,yellowtail,California Yellowtail,pelagic,20,3,outlook,Outlook / trend only,85.7,64.1,99.9,35.8,73.6,64.8,20.9,well above typical,,86.6,climatological sea state,1.0,0.75,0.663,0.856,0.872,,1.115,"pressure,front,chl",69.46,1.28,7.87,0.976,Full,climatology + ENSO analog + exact tide/moon,True,35.8,21.6,14.3,True,True,False
2026-10-28,outer_banks,302 / 371 / Hidden Bank,offshore,yellowtail,California Yellowtail,pelagic,21,3,outlook,Outlook / trend only,86.1,63.9,99.9,36.0,73.7,64.9,21.2,well above typical,,86.9,climatological sea state,1.0,0.75,0.688,0.868,0.874,,1.11,"pressure,front,chl",69.28,1.22,7.69,0.927,Waning Gibbous,climatology + ENSO analog + exact tide/moon,True,36.0,22.2,14.3,True,True,False
2026-10-29,outer_banks,302 / 371 / Hidden Bank,offshore,yellowtail,California Yellowtail,pelagic,22,3,outlook,Outlook / trend only,86.7,63.8,99.9,36.1,73.9,64.9,21.8,well above typical,,87.1,climatological sea state,1.0,0.75,0.723,0.886,0.876,,1.104,"pressure,front,chl",69.09,1.16,7.14,0.854,Waning Gibbous,climatology + ENSO analog + exact tide/moon,True,36.1,22.9,14.3,True,True,False
2026-10-30,outer_banks,302 / 371 / Hidden Bank,offshore,yellowtail,California Yellowtail,pelagic,23,3,outlook,Outlook / trend only,87.6,63.6,99.9,36.3,73.9,64.9,22.7,well above typical,,87.2,climatological sea state,1.0,0.75,0.769,0.91,0.877,,1.1,"pressure,front,chl",68.91,1.11,6.38,0.761,Waning Gibbous,climatology + ENSO analog + exact tide/moon,True,36.3,24.0,14.3,True,True,False
2026-10-31,outer_banks,302 / 371 / Hidden Bank,offshore,yellowtail,California Yellowtail,pelagic,24,3,outlook,Outlook / trend only,87.7,63.0,99.9,36.9,73.9,64.9,22.8,well above typical,,87.2,climatological sea state,1.0,0.75,0.786,0.936,0.877,,1.095,"pressure,front,chl",68.73,1.06,5.63,0.655,Waning Gibbous,climatology + ENSO analog + exact tide/moon,True,36.9,24.7,14.3,True,True,False
2026-11-01,outer_banks,302 / 371 / Hidden Bank,offshore,yellowtail,California Yellowtail,pelagic,25,3,outlook,Outlook / trend only,81.0,56.3,99.9,43.6,68.5,60.3,20.7,well above typical,,86.9,climatological sea state,1.0,0.5,0.753,0.964,0.874,,1.119,"pressure,front,chl",68.87,1.32,5.1,0.543,Last Quarter,climatology + ENSO analog + exact tide/moon,True,42.3,24.7,18.9,True,False,False
2026-11-02,outer_banks,302 / 371 / Hidden Bank,offshore,yellowtail,California Yellowtail,pelagic,26,3,outlook,Outlook / trend only,79.1,54.4,99.9,45.5,68.4,60.3,18.8,well above typical,,86.7,climatological sea state,1.0,0.5,0.679,0.958,0.872,,1.116,"pressure,front,chl",68.71,1.29,4.83,0.43,Last Quarter,climatology + ENSO analog + exact tide/moon,True,44.1,24.7,20.8,True,False,False
2026-11-03,outer_banks,302 / 371 / Hidden Bank,offshore,yellowtail,California Yellowtail,pelagic,27,3,outlook,Outlook / trend only,75.8,51.1,98.7,47.6,68.4,60.3,15.5,well above typical,,86.6,climatological sea state,1.0,0.5,0.552,0.93,0.872,,1.113,"pressure,front,chl",68.54,1.26,4.66,0.322,Last Quarter,climatology + ENSO analog + exact tide/moon,True,45.9,24.7,22.9,True,False,False
2026-11-04,outer_banks,302 / 371 / Hidden Bank,offshore,yellowtail,California Yellowtail,pelagic,28,3,outlook,Outlook / trend only,76.8,52.1,99.7,47.6,68.3,60.3,16.5,well above typical,,86.6,climatological sea state,1.0,0.5,0.607,0.906,0.871,,1.112,"pressure,front,chl",68.39,1.24,4.92,0.226,Waning Crescent,climatology + ENSO analog + exact tide/moon,True,46.2,24.7,22.9,True,False,False
2026-11-05,outer_banks,302 / 371 / Hidden Bank,offshore,yellowtail,California Yellowtail,pelagic,29,3,outlook,Outlook / trend only,76.9,52.2,99.9,47.7,68.4,60.3,16.6,well above typical,,86.6,climatological sea state,1.0,0.5,0.661,0.886,0.871,,1.097,"pressure,front,chl",68.09,1.08,5.27,0.144,Waning Crescent,climatology + ENSO analog + exact tide/moon,True,47.0,24.7,23.0,True,False,False
2026-11-06,outer_banks,302 / 371 / Hidden Bank,offshore,yellowtail,California Yellowtail,pelagic,30,3,outlook,Outlook / trend only,76.3,51.6,99.9,48.3,68.3,60.3,16.0,well above typical,,86.6,climatological sea state,1.0,0.5,0.649,0.87,0.87,,1.095,"pressure,front,chl",67.94,1.06,6.13,0.079,Waning Crescent,climatology + ENSO analog + exact tide/moon,True,47.9,24.7,23.6,True,False,False
2026-10-14,pt_loma_kelp,Point Loma Kelp,nearshore,barracuda,California Barracuda,pelagic_inshore,7,2,moderate,Moderate confidence,90.1,82.7,93.5,10.8,77.6,62.4,27.7,well above typical,100.0,100.0,workable,0.851,0.6,0.604,0.886,0.773,0.2,1.243,"pressure,front,chl",72.91,4.5,5.22,0.143,Waxing Crescent,model-blended conditions + exact tide/moon,True,10.8,7.4,3.4,False,False,False
2026-10-15,pt_loma_kelp,Point Loma Kelp,nearshore,barracuda,California Barracuda,pelagic_inshore,8,2,moderate,Moderate confidence,91.8,84.4,95.2,10.8,77.5,62.4,29.4,well above typical,100.0,100.0,workable,0.942,0.6,0.601,0.904,0.789,0.6,1.217,"pressure,front,chl",72.36,4.02,4.5,0.217,Waxing Crescent,model-blended conditions + exact tide/moon,True,9.6,7.4,3.4,True,False,False
2026-10-16,pt_loma_kelp,Point Loma Kelp,nearshore,barracuda,California Barracuda,pelagic_inshore,9,2,moderate,Moderate confidence,92.4,83.7,95.8,12.1,77.5,62.4,30.0,well above typical,98.8,100.0,workable,1.0,0.6,0.622,0.925,0.814,-1.6,1.194,"pressure,front,chl",71.85,3.6,3.84,0.3,Waxing Crescent,model-blended conditions + exact tide/moon,True,11.7,8.7,3.4,True,False,False
2026-10-17,pt_loma_kelp,Point Loma Kelp,nearshore,barracuda,California Barracuda,pelagic_inshore,10,2,moderate,Moderate confidence,92.4,83.3,95.9,12.6,77.5,62.4,30.0,well above typical,100.0,100.0,workable,1.0,0.6,0.655,0.948,0.811,3.5,1.174,"pressure,front,chl",71.39,3.23,3.44,0.39,First Quarter,model-blended conditions + exact tide/moon,True,12.6,9.1,3.5,False,False,False
2026-10-18,pt_loma_kelp,Point Loma Kelp,nearshore,barracuda,California Barracuda,pelagic_inshore,11,2,moderate,Moderate confidence,90.9,81.0,96.3,15.3,77.5,62.3,28.6,well above typical,100.0,100.0,workable,1.0,0.6,0.634,0.971,0.81,1.3,1.157,"pressure,front,chl",71.0,2.9,3.4,0.484,First Quarter,model-blended conditions + exact tide/moon,True,15.3,9.9,5.4,False,False,False
2026-10-19,pt_loma_kelp,Point Loma Kelp,nearshore,barracuda,California Barracuda,pelagic_inshore,12,2,moderate,Moderate confidence,82.6,72.7,90.3,17.6,77.4,62.3,20.3,well above typical,100.0,100.0,workable,1.0,0.6,0.398,0.955,0.808,0.0,1.141,"pressure,front,chl",70.64,2.61,1.18,0.579,First Quarter,model-blended conditions + exact tide/moon,True,17.4,9.9,7.7,True,False,False
2026-10-20,pt_loma_kelp,Point Loma Kelp,nearshore,barracuda,California Barracuda,pelagic_inshore,13,2,moderate,Moderate confidence,86.0,75.7,95.5,19.8,77.4,62.3,23.7,well above typical,100.0,100.0,workable,1.0,0.6,0.541,0.932,0.808,0.0,1.127,"pressure,front,chl",70.31,2.36,3.94,0.673,Waxing Gibbous,model-blended conditions + exact tide/moon,True,19.8,10.3,9.5,False,False,False
2026-10-21,pt_loma_kelp,Point Loma Kelp,nearshore,barracuda,California Barracuda,pelagic_inshore,14,2,moderate,Moderate confidence,86.3,75.7,96.3,20.6,77.4,62.3,24.0,well above typical,100.0,100.0,workable,1.0,0.6,0.593,0.909,0.808,-1.7,1.115,"pressure,front,chl",70.01,2.13,4.27,0.762,Waxing Gibbous,model-blended conditions + exact tide/moon,True,20.6,10.6,10.0,False,False,False
2026-10-22,pt_loma_kelp,Point Loma Kelp,nearshore,barracuda,California Barracuda,pelagic_inshore,15,3,outlook,Outlook / trend only,86.4,71.5,99.9,28.4,77.4,62.3,24.1,well above typical,,100.0,climatological sea state,1.0,0.6,0.647,0.889,0.809,-2.5,1.1,"pressure,front,chl",69.65,1.85,4.66,0.844,Waxing Gibbous,climatology + ENSO analog + exact tide/moon,True,28.4,14.9,13.5,False,False,False
2026-10-23,pt_loma_kelp,Point Loma Kelp,nearshore,barracuda,California Barracuda,pelagic_inshore,16,3,outlook,Outlook / trend only,86.8,71.6,99.9,28.3,77.4,62.3,24.5,well above typical,,100.0,climatological sea state,1.0,0.6,0.702,0.872,0.808,,1.091,"pressure,front,chl",69.37,1.68,5.08,0.912,Waxing Gibbous,climatology + ENSO analog + exact tide/moon,True,28.3,15.2,13.5,True,True,False
2026-10-24,pt_loma_kelp,Point Loma Kelp,nearshore,barracuda,California Barracuda,pelagic_inshore,17,3,outlook,Outlook / trend only,84.3,69.1,99.2,30.1,77.5,62.3,22.0,well above typical,,100.0,climatological sea state,1.0,0.6,0.625,0.859,0.81,,1.082,"pressure,front,chl",69.07,1.52,6.12,0.964,Waxing Gibbous,climatology + ENSO analog + exact tide/moon,True,29.9,15.2,14.9,True,False,False
2026-10-25,pt_loma_kelp,Point Loma Kelp,nearshore,barracuda,California Barracuda,pelagic_inshore,18,3,outlook,Outlook / trend only,84.1,68.9,99.1,30.2,77.5,62.4,21.7,well above typical,,100.0,climatological sea state,1.0,0.6,0.638,0.852,0.813,,1.075,"pressure,front,chl",68.79,1.39,7.03,0.994,Full,climatology + ENSO analog + exact tide/moon,True,30.2,15.2,15.0,False,False,False
2026-10-26,pt_loma_kelp,Point Loma Kelp,nearshore,barracuda,California Barracuda,pelagic_inshore,19,3,outlook,Outlook / trend only,83.7,68.3,98.9,30.6,77.5,62.4,21.3,well above typical,,100.0,climatological sea state,1.0,0.6,0.643,0.85,0.813,,1.069,"pressure,front,chl",68.52,1.27,7.65,0.999,Full,climatology + ENSO analog + exact tide/moon,True,30.6,15.4,15.2,False,False,False
2026-10-27,pt_loma_kelp,Point Loma Kelp,nearshore,barracuda,California Barracuda,pelagic_inshore,20,3,outlook,Outlook / trend only,83.7,68.1,99.1,31.0,77.5,62.4,21.3,well above typical,,100.0,climatological sea state,1.0,0.6,0.663,0.856,0.814,,1.063,"pressure,front,chl",68.27,1.16,7.87,0.976,Full,climatology + ENSO analog + exact tide/moon,True,31.0,15.6,15.4,False,False,False
2026-10-28,pt_loma_kelp,Point Loma Kelp,nearshore,barracuda,California Barracuda,pelagic_inshore,21,3,outlook,Outlook / trend only,84.0,68.0,99.6,31.6,77.5,62.4,21.6,well above typical,,100.0,climatological sea state,1.0,0.6,0.688,0.868,0.817,,1.058,"pressure,front,chl",68.04,1.07,7.69,0.927,Waning Gibbous,climatology + ENSO analog + exact tide/moon,True,31.6,16.0,15.6,False,False,False
2026-10-29,pt_loma_kelp,Point Loma Kelp,nearshore,barracuda,California Barracuda,pelagic_inshore,22,3,outlook,Outlook / trend only,84.5,68.1,99.9,31.8,77.6,62.4,22.1,well above typical,,100.0,climatological sea state,1.0,0.6,0.723,0.886,0.82,,1.053,"pressure,front,chl",67.81,0.98,7.14,0.854,Waning Gibbous,climatology + ENSO analog + exact tide/moon,True,31.8,16.4,15.6,True,True,False
2026-10-30,pt_loma_kelp,Point Loma Kelp,nearshore,barracuda,California Barracuda,pelagic_inshore,23,3,outlook,Outlook / trend only,85.2,68.3,99.9,31.6,77.6,62.5,22.7,well above typical,,100.0,climatological sea state,1.0,0.6,0.769,0.91,0.821,,1.049,"pressure,front,chl",67.59,0.91,6.38,0.761,Waning Gibbous,climatology + ENSO analog + exact tide/moon,True,31.6,16.9,15.6,True,True,False
2026-10-31,pt_loma_kelp,Point Loma Kelp,nearshore,barracuda,California Barracuda,pelagic_inshore,24,3,outlook,Outlook / trend only,85.4,68.0,99.9,31.9,77.6,62.4,23.0,well above typical,,100.0,climatological sea state,1.0,0.6,0.786,0.936,0.821,,1.046,"pressure,front,chl",67.38,0.85,5.63,0.655,Waning Gibbous,climatology + ENSO analog + exact tide/moon,True,31.9,17.4,15.6,True,True,False
2026-11-01,pt_loma_kelp,Point Loma Kelp,nearshore,barracuda,California Barracuda,pelagic_inshore,25,3,outlook,Outlook / trend only,78.5,61.1,95.1,34.0,71.5,57.6,20.9,well above typical,,100.0,climatological sea state,1.0,0.4,0.753,0.964,0.817,,1.071,"pressure,front,chl",67.71,1.32,5.1,0.543,Last Quarter,climatology + ENSO analog + exact tide/moon,True,33.2,17.4,16.6,True,False,False
2026-11-02,pt_loma_kelp,Point Loma Kelp,nearshore,barracuda,California Barracuda,pelagic_inshore,26,3,outlook,Outlook / trend only,76.9,59.5,93.6,34.1,71.5,57.5,19.4,well above typical,,100.0,climatological sea state,1.0,0.4,0.679,0.958,0.815,,1.069,"pressure,front,chl",67.49,1.28,4.83,0.43,Last Quarter,climatology + ENSO analog + exact tide/moon,True,33.5,17.4,16.7,True,False,False
2026-11-03,pt_loma_kelp,Point Loma Kelp,nearshore,barracuda,California Barracuda,pelagic_inshore,27,3,outlook,Outlook / trend only,73.9,56.5,90.6,34.1,71.5,57.5,16.4,well above typical,,100.0,climatological sea state,1.0,0.4,0.552,0.93,0.814,,1.067,"pressure,front,chl",67.27,1.24,4.66,0.322,Last Quarter,climatology + ENSO analog + exact tide/moon,True,33.2,17.4,16.7,True,False,False
2026-11-04,pt_loma_kelp,Point Loma Kelp,nearshore,barracuda,California Barracuda,pelagic_inshore,28,3,outlook,Outlook / trend only,74.9,57.5,91.8,34.3,71.5,57.5,17.4,well above typical,,100.0,climatological sea state,1.0,0.4,0.607,0.906,0.814,,1.065,"pressure,front,chl",67.06,1.21,4.92,0.226,Waning Crescent,climatology + ENSO analog + exact tide/moon,True,33.8,17.4,16.9,True,False,False
2026-11-05,pt_loma_kelp,Point Loma Kelp,nearshore,barracuda,California Barracuda,pelagic_inshore,29,3,outlook,Outlook / trend only,75.3,57.9,92.5,34.6,71.5,57.5,17.8,well above typical,,100.0,climatological sea state,1.0,0.4,0.661,0.886,0.814,,1.056,"pressure,front,chl",66.71,1.04,5.27,0.144,Waning Crescent,climatology + ENSO analog + exact tide/moon,True,34.4,17.4,17.2,True,False,False
2026-11-06,pt_loma_kelp,Point Loma Kelp,nearshore,barracuda,California Barracuda,pelagic_inshore,30,3,outlook,Outlook / trend only,74.8,57.4,92.2,34.8,71.5,57.5,17.3,well above typical,,100.0,climatological sea state,1.0,0.4,0.649,0.87,0.813,,1.055,"pressure,front,chl",66.51,1.01,6.13,0.079,Waning Crescent,climatology + ENSO analog + exact tide/moon,True,34.7,17.4,17.4,True,False,False
2026-10-14,pt_loma_kelp,Point Loma Kelp,nearshore,bonito,Pacific Bonito,pelagic_inshore,7,2,moderate,Moderate confidence,99.4,96.0,99.9,3.9,81.4,65.5,33.9,well above typical,100.0,100.0,workable,1.0,0.75,0.821,0.886,0.836,0.2,1.35,"pressure,front,chl",72.91,4.5,5.22,0.143,Waxing Crescent,model-blended conditions + exact tide/moon,True,3.9,3.4,0.5,False,False,False
2026-10-15,pt_loma_kelp,Point Loma Kelp,nearshore,bonito,Pacific Bonito,pelagic_inshore,8,2,moderate,Moderate confidence,99.4,95.4,99.9,4.5,81.3,65.5,33.9,well above typical,100.0,100.0,workable,1.0,0.75,0.782,0.904,0.849,0.6,1.35,"pressure,front,chl",72.36,4.02,4.5,0.217,Waxing Crescent,model-blended conditions + exact tide/moon,True,4.5,4.0,0.5,False,False,False
2026-10-16,pt_loma_kelp,Point Loma Kelp,nearshore,bonito,Pacific Bonito,pelagic_inshore,9,2,moderate,Moderate confidence,99.1,94.4,99.9,5.5,81.3,65.4,33.7,well above typical,98.8,100.0,workable,1.0,0.75,0.747,0.925,0.871,-1.6,1.324,"pressure,front,chl",71.85,3.6,3.84,0.3,Waxing Crescent,model-blended conditions + exact tide/moon,True,5.5,4.7,0.8,False,False,False
2026-10-17,pt_loma_kelp,Point Loma Kelp,nearshore,bonito,Pacific Bonito,pelagic_inshore,10,2,moderate,Moderate confidence,98.9,93.4,99.9,6.5,81.3,65.4,33.5,well above typical,100.0,100.0,workable,1.0,0.75,0.727,0.948,0.869,3.5,1.291,"pressure,front,chl",71.39,3.23,3.44,0.39,First Quarter,model-blended conditions + exact tide/moon,True,6.5,5.5,1.0,False,False,False
2026-10-18,pt_loma_kelp,Point Loma Kelp,nearshore,bonito,Pacific Bonito,pelagic_inshore,11,2,moderate,Moderate confidence,98.6,92.0,99.9,7.9,81.3,65.4,33.2,well above typical,100.0,100.0,workable,1.0,0.75,0.732,0.971,0.868,1.3,1.261,"pressure,front,chl",71.0,2.9,3.4,0.484,First Quarter,model-blended conditions + exact tide/moon,True,7.9,6.6,1.3,False,False,False
2026-10-19,pt_loma_kelp,Point Loma Kelp,nearshore,bonito,Pacific Bonito,pelagic_inshore,12,2,moderate,Moderate confidence,98.0,89.4,99.9,10.5,81.2,65.4,32.6,well above typical,100.0,100.0,workable,1.0,0.75,0.665,0.955,0.866,0.0,1.235,"pressure,front,chl",70.64,2.61,1.18,0.579,First Quarter,model-blended conditions + exact tide/moon,True,10.5,8.6,1.9,False,False,False
2026-10-20,pt_loma_kelp,Point Loma Kelp,nearshore,bonito,Pacific Bonito,pelagic_inshore,13,2,moderate,Moderate confidence,98.0,88.8,99.9,11.1,81.2,65.4,32.6,well above typical,100.0,100.0,workable,1.0,0.75,0.763,0.932,0.866,0.0,1.212,"pressure,front,chl",70.31,2.36,3.94,0.673,Waxing Gibbous,model-blended conditions + exact tide/moon,True,11.1,9.2,1.9,False,False,False
2026-10-21,pt_loma_kelp,Point Loma Kelp,nearshore,bonito,Pacific Bonito,pelagic_inshore,14,2,moderate,Moderate confidence,97.6,87.0,99.9,12.9,81.2,65.4,32.2,well above typical,100.0,100.0,workable,1.0,0.75,0.785,0.909,0.866,-1.7,1.192,"pressure,front,chl",70.01,2.13,4.27,0.762,Waxing Gibbous,model-blended conditions + exact tide/moon,True,12.9,10.6,2.3,False,False,False
2026-10-22,pt_loma_kelp,Point Loma Kelp,nearshore,bonito,Pacific Bonito,pelagic_inshore,15,3,outlook,Outlook / trend only,97.1,80.8,99.9,19.1,81.2,65.4,31.7,well above typical,,100.0,climatological sea state,1.0,0.75,0.809,0.889,0.867,-2.5,1.167,"pressure,front,chl",69.65,1.85,4.66,0.844,Waxing Gibbous,climatology + ENSO analog + exact tide/moon,True,19.1,16.3,2.8,False,False,False
2026-10-23,pt_loma_kelp,Point Loma Kelp,nearshore,bonito,Pacific Bonito,pelagic_inshore,16,3,outlook,Outlook / trend only,96.8,79.4,99.9,20.5,81.2,65.4,31.4,well above typical,,100.0,climatological sea state,1.0,0.75,0.832,0.872,0.866,,1.151,"pressure,front,chl",69.37,1.68,5.08,0.912,Waxing Gibbous,climatology + ENSO analog + exact tide/moon,True,20.5,17.4,3.1,False,False,False
2026-10-24,pt_loma_kelp,Point Loma Kelp,nearshore,bonito,Pacific Bonito,pelagic_inshore,17,3,outlook,Outlook / trend only,96.7,78.6,99.9,21.3,81.3,65.4,31.3,well above typical,,100.0,climatological sea state,1.0,0.75,0.879,0.859,0.868,,1.137,"pressure,front,chl",69.07,1.52,6.12,0.964,Waxing Gibbous,climatology + ENSO analog + exact tide/moon,True,21.3,18.1,3.2,False,False,False
2026-10-25,pt_loma_kelp,Point Loma Kelp,nearshore,bonito,Pacific Bonito,pelagic_inshore,18,3,outlook,Outlook / trend only,96.5,77.7,99.9,22.2,81.3,65.4,31.1,well above typical,,100.0,climatological sea state,1.0,0.75,0.904,0.852,0.87,,1.125,"pressure,front,chl",68.79,1.39,7.03,0.994,Full,climatology + ENSO analog + exact tide/moon,True,22.2,18.8,3.4,False,False,False
2026-10-26,pt_loma_kelp,Point Loma Kelp,nearshore,bonito,Pacific Bonito,pelagic_inshore,19,3,outlook,Outlook / trend only,96.1,76.5,99.9,23.4,81.3,65.4,30.7,well above typical,,100.0,climatological sea state,1.0,0.75,0.912,0.85,0.871,,1.114,"pressure,front,chl",68.52,1.27,7.65,0.999,Full,climatology + ENSO analog + exact tide/moon,True,23.4,19.6,3.8,False,False,False
2026-10-27,pt_loma_kelp,Point Loma Kelp,nearshore,bonito,Pacific Bonito,pelagic_inshore,20,3,outlook,Outlook / trend only,95.8,75.3,99.9,24.6,81.3,65.5,30.3,well above typical,,100.0,climatological sea state,1.0,0.75,0.911,0.856,0.872,,1.104,"pressure,front,chl",68.27,1.16,7.87,0.976,Full,climatology + ENSO analog + exact tide/moon,True,24.6,20.5,4.1,False,False,False
2026-10-28,pt_loma_kelp,Point Loma Kelp,nearshore,bonito,Pacific Bonito,pelagic_inshore,21,3,outlook,Outlook / trend only,95.5,74.0,99.9,25.9,81.3,65.5,30.0,well above typical,,100.0,climatological sea state,1.0,0.75,0.903,0.868,0.874,,1.096,"pressure,front,chl",68.04,1.07,7.69,0.927,Waning Gibbous,climatology + ENSO analog + exact tide/moon,True,25.9,21.5,4.4,False,False,False
2026-10-29,pt_loma_kelp,Point Loma Kelp,nearshore,bonito,Pacific Bonito,pelagic_inshore,22,3,outlook,Outlook / trend only,95.1,72.7,99.9,27.2,81.4,65.5,29.6,well above typical,,100.0,climatological sea state,1.0,0.75,0.889,0.886,0.876,,1.088,"pressure,front,chl",67.81,0.98,7.14,0.854,Waning Gibbous,climatology + ENSO analog + exact tide/moon,True,27.2,22.4,4.8,False,False,False
2026-10-30,pt_loma_kelp,Point Loma Kelp,nearshore,bonito,Pacific Bonito,pelagic_inshore,23,3,outlook,Outlook / trend only,94.7,71.2,99.9,28.7,81.4,65.5,29.2,well above typical,,100.0,climatological sea state,1.0,0.75,0.87,0.91,0.877,,1.082,"pressure,front,chl",67.59,0.91,6.38,0.761,Waning Gibbous,climatology + ENSO analog + exact tide/moon,True,28.7,23.5,5.2,False,False,False
2026-10-31,pt_loma_kelp,Point Loma Kelp,nearshore,bonito,Pacific Bonito,pelagic_inshore,24,3,outlook,Outlook / trend only,94.2,69.6,99.9,30.3,81.4,65.5,28.7,well above typical,,100.0,climatological sea state,1.0,0.75,0.835,0.936,0.877,,1.077,"pressure,front,chl",67.38,0.85,5.63,0.655,Waning Gibbous,climatology + ENSO analog + exact tide/moon,True,30.3,24.6,5.7,False,False,False
2026-11-01,pt_loma_kelp,Point Loma Kelp,nearshore,bonito,Pacific Bonito,pelagic_inshore,25,3,outlook,Outlook / trend only,87.3,62.7,99.9,37.2,74.2,59.7,27.6,well above typical,,100.0,climatological sea state,1.0,0.45,0.814,0.964,0.874,,1.119,"pressure,front,chl",67.71,1.32,5.1,0.543,Last Quarter,climatology + ENSO analog + exact tide/moon,True,36.6,24.6,12.6,True,False,False
2026-11-02,pt_loma_kelp,Point Loma Kelp,nearshore,bonito,Pacific Bonito,pelagic_inshore,26,3,outlook,Outlook / trend only,86.8,62.2,99.9,37.7,74.2,59.7,27.1,well above typical,,100.0,climatological sea state,1.0,0.45,0.808,0.958,0.872,,1.115,"pressure,front,chl",67.49,1.28,4.83,0.43,Last Quarter,climatology + ENSO analog + exact tide/moon,True,37.7,24.6,13.1,False,False,False
2026-11-03,pt_loma_kelp,Point Loma Kelp,nearshore,bonito,Pacific Bonito,pelagic_inshore,27,3,outlook,Outlook / trend only,86.5,59.8,99.9,40.1,74.2,59.7,26.8,well above typical,,100.0,climatological sea state,1.0,0.45,0.807,0.93,0.872,,1.112,"pressure,front,chl",67.27,1.24,4.66,0.322,Last Quarter,climatology + ENSO analog + exact tide/moon,True,40.1,26.7,13.4,False,False,False
2026-11-04,pt_loma_kelp,Point Loma Kelp,nearshore,bonito,Pacific Bonito,pelagic_inshore,28,3,outlook,Outlook / trend only,86.4,58.1,99.9,41.8,74.1,59.7,26.7,well above typical,,100.0,climatological sea state,1.0,0.45,0.824,0.906,0.871,,1.109,"pressure,front,chl",67.06,1.21,4.92,0.226,Waning Crescent,climatology + ENSO analog + exact tide/moon,True,41.8,28.3,13.5,False,False,False
2026-11-05,pt_loma_kelp,Point Loma Kelp,nearshore,bonito,Pacific Bonito,pelagic_inshore,29,3,outlook,Outlook / trend only,85.4,54.6,99.9,45.3,74.2,59.7,25.7,well above typical,,100.0,climatological sea state,1.0,0.45,0.841,0.886,0.871,,1.094,"pressure,front,chl",66.71,1.04,5.27,0.144,Waning Crescent,climatology + ENSO analog + exact tide/moon,True,45.3,30.8,14.5,False,False,False
2026-11-06,pt_loma_kelp,Point Loma Kelp,nearshore,bonito,Pacific Bonito,pelagic_inshore,30,3,outlook,Outlook / trend only,85.6,53.0,99.9,46.9,74.1,59.7,25.9,well above typical,,100.0,climatological sea state,1.0,0.45,0.878,0.87,0.87,,1.091,"pressure,front,chl",66.51,1.01,6.13,0.079,Waning Crescent,climatology + ENSO analog + exact tide/moon,True,46.9,32.6,14.5,True,True,False
2026-10-14,pt_loma_kelp,Point Loma Kelp,nearshore,calico_bass,Calico Bass (Kelp Bass),bass,7,2,moderate,Moderate confidence,91.2,84.7,96.3,11.6,80.3,64.6,26.6,well above typical,100.0,100.0,workable,1.0,0.7,0.604,0.886,0.773,0.2,1.162,"pressure,chl",72.91,4.5,5.22,0.143,Waxing Crescent,model-blended conditions + exact tide/moon,True,11.6,6.5,5.1,False,False,False
2026-10-15,pt_loma_kelp,Point Loma Kelp,nearshore,calico_bass,Calico Bass (Kelp Bass),bass,8,2,moderate,Moderate confidence,90.3,83.5,96.4,12.9,80.2,64.6,25.7,well above typical,100.0,100.0,workable,1.0,0.7,0.601,0.904,0.789,0.6,1.145,"pressure,chl",72.36,4.02,4.5,0.217,Waxing Crescent,model-blended conditions + exact tide/moon,True,12.9,6.8,6.1,False,False,False
2026-10-16,pt_loma_kelp,Point Loma Kelp,nearshore,calico_bass,Calico Bass (Kelp Bass),bass,9,2,moderate,Moderate confidence,89.6,82.5,96.1,13.6,80.2,64.5,25.1,well above typical,98.8,100.0,workable,1.0,0.7,0.622,0.925,0.814,-1.6,1.13,"pressure,chl",71.85,3.6,3.84,0.3,Waxing Crescent,model-blended conditions + exact tide/moon,True,13.6,7.1,6.5,False,False,False
2026-10-17,pt_loma_kelp,Point Loma Kelp,nearshore,calico_bass,Calico Bass (Kelp Bass),bass,10,2,moderate,Moderate confidence,90.2,82.8,96.7,13.9,80.1,64.5,25.7,well above typical,100.0,100.0,workable,1.0,0.7,0.655,0.948,0.811,3.5,1.116,"pressure,chl",71.39,3.23,3.44,0.39,First Quarter,model-blended conditions + exact tide/moon,True,13.9,7.4,6.5,False,False,False
2026-10-18,pt_loma_kelp,Point Loma Kelp,nearshore,calico_bass,Calico Bass (Kelp Bass),bass,11,2,moderate,Moderate confidence,88.8,81.1,96.0,14.9,80.1,64.5,24.3,well above typical,100.0,100.0,workable,1.0,0.7,0.634,0.971,0.81,1.3,1.104,"pressure,chl",71.0,2.9,3.4,0.484,First Quarter,model-blended conditions + exact tide/moon,True,14.9,7.7,7.2,False,False,False
2026-10-19,pt_loma_kelp,Point Loma Kelp,nearshore,calico_bass,Calico Bass (Kelp Bass),bass,12,2,moderate,Moderate confidence,80.4,72.7,87.9,15.2,80.1,64.5,15.9,well above typical,100.0,100.0,workable,1.0,0.7,0.398,0.955,0.808,0.0,1.094,"pressure,chl",70.64,2.61,1.18,0.579,First Quarter,model-blended conditions + exact tide/moon,True,15.0,7.7,7.5,True,False,False
2026-10-20,pt_loma_kelp,Point Loma Kelp,nearshore,calico_bass,Calico Bass (Kelp Bass),bass,13,2,moderate,Moderate confidence,84.4,76.5,92.4,15.9,80.1,64.5,19.9,well above typical,100.0,100.0,workable,1.0,0.7,0.541,0.932,0.808,0.0,1.085,"pressure,chl",70.31,2.36,3.94,0.673,Waxing Gibbous,model-blended conditions + exact tide/moon,True,15.9,7.9,8.0,False,False,False
2026-10-21,pt_loma_kelp,Point Loma Kelp,nearshore,calico_bass,Calico Bass (Kelp Bass),bass,14,2,moderate,Moderate confidence,85.1,76.9,93.3,16.4,80.1,64.5,20.6,well above typical,100.0,100.0,workable,1.0,0.7,0.593,0.909,0.808,-1.7,1.077,"pressure,chl",70.01,2.13,4.27,0.762,Waxing Gibbous,model-blended conditions + exact tide/moon,True,16.4,8.2,8.2,False,False,False
2026-10-22,pt_loma_kelp,Point Loma Kelp,nearshore,calico_bass,Calico Bass (Kelp Bass),bass,15,3,outlook,Outlook / trend only,85.6,73.2,97.9,24.7,80.1,64.5,21.1,well above typical,,100.0,climatological sea state,1.0,0.7,0.647,0.889,0.809,-2.5,1.067,"pressure,chl",69.65,1.85,4.66,0.844,Waxing Gibbous,climatology + ENSO analog + exact tide/moon,True,24.7,12.4,12.3,False,False,False
2026-10-23,pt_loma_kelp,Point Loma Kelp,nearshore,calico_bass,Calico Bass (Kelp Bass),bass,16,3,outlook,Outlook / trend only,86.3,73.7,98.7,25.0,80.1,64.5,21.8,well above typical,,100.0,climatological sea state,1.0,0.7,0.702,0.872,0.808,,1.06,"pressure,chl",69.37,1.68,5.08,0.912,Waxing Gibbous,climatology + ENSO analog + exact tide/moon,True,25.0,12.6,12.4,False,False,False
2026-10-24,pt_loma_kelp,Point Loma Kelp,nearshore,calico_bass,Calico Bass (Kelp Bass),bass,17,3,outlook,Outlook / trend only,83.9,71.3,96.4,25.1,80.1,64.5,19.4,well above typical,,100.0,climatological sea state,1.0,0.7,0.625,0.859,0.81,,1.055,"pressure,chl",69.07,1.52,6.12,0.964,Waxing Gibbous,climatology + ENSO analog + exact tide/moon,True,25.0,12.6,12.5,True,False,False
2026-10-25,pt_loma_kelp,Point Loma Kelp,nearshore,calico_bass,Calico Bass (Kelp Bass),bass,18,3,outlook,Outlook / trend only,83.9,71.3,96.5,25.2,80.2,64.5,19.4,well above typical,,100.0,climatological sea state,1.0,0.7,0.638,0.852,0.813,,1.05,"pressure,chl",68.79,1.39,7.03,0.994,Full,climatology + ENSO analog + exact tide/moon,True,25.2,12.6,12.6,False,False,False
2026-10-26,pt_loma_kelp,Point Loma Kelp,nearshore,calico_bass,Calico Bass (Kelp Bass),bass,19,3,outlook,Outlook / trend only,83.6,70.9,96.4,25.5,80.2,64.5,19.1,well above typical,,100.0,climatological sea state,1.0,0.7,0.643,0.85,0.813,,1.046,"pressure,chl",68.52,1.27,7.65,0.999,Full,climatology + ENSO analog + exact tide/moon,True,25.5,12.7,12.8,False,False,False
2026-10-27,pt_loma_kelp,Point Loma Kelp,nearshore,calico_bass,Calico Bass (Kelp Bass),bass,20,3,outlook,Outlook / trend only,83.9,71.0,96.7,25.7,80.2,64.5,19.4,well above typical,,100.0,climatological sea state,1.0,0.7,0.663,0.856,0.814,,1.042,"pressure,chl",68.27,1.16,7.87,0.976,Full,climatology + ENSO analog + exact tide/moon,True,25.7,12.9,12.8,False,False,False
2026-10-28,pt_loma_kelp,Point Loma Kelp,nearshore,calico_bass,Calico Bass (Kelp Bass),bass,21,3,outlook,Outlook / trend only,84.3,71.2,97.4,26.2,80.2,64.6,19.7,well above typical,,100.0,climatological sea state,1.0,0.7,0.688,0.868,0.817,,1.039,"pressure,chl",68.04,1.07,7.69,0.927,Waning Gibbous,climatology + ENSO analog + exact tide/moon,True,26.2,13.1,13.1,False,False,False
2026-10-29,pt_loma_kelp,Point Loma Kelp,nearshore,calico_bass,Calico Bass (Kelp Bass),bass,22,3,outlook,Outlook / trend only,85.0,71.6,98.3,26.7,80.3,64.6,20.4,well above typical,,100.0,climatological sea state,1.0,0.7,0.723,0.886,0.82,,1.035,"pressure,chl",67.81,0.98,7.14,0.854,Waning Gibbous,climatology + ENSO analog + exact tide/moon,True,26.7,13.4,13.3,False,False,False
2026-10-30,pt_loma_kelp,Point Loma Kelp,nearshore,calico_bass,Calico Bass (Kelp Bass),bass,23,3,outlook,Outlook / trend only,86.0,72.2,99.4,27.2,80.3,64.6,21.4,well above typical,,100.0,climatological sea state,1.0,0.7,0.769,0.91,0.821,,1.033,"pressure,chl",67.59,0.91,6.38,0.761,Waning Gibbous,climatology + ENSO analog + exact tide/moon,True,27.2,13.8,13.4,False,False,False
2026-10-31,pt_loma_kelp,Point Loma Kelp,nearshore,calico_bass,Calico Bass (Kelp Bass),bass,24,3,outlook,Outlook / trend only,86.3,72.3,99.9,27.6,80.3,64.6,21.7,well above typical,,100.0,climatological sea state,1.0,0.7,0.786,0.936,0.821,,1.031,"pressure,chl",67.38,0.85,5.63,0.655,Waning Gibbous,climatology + ENSO analog + exact tide/moon,True,27.6,14.0,13.6,False,False,False
2026-11-01,pt_loma_kelp,Point Loma Kelp,nearshore,calico_bass,Calico Bass (Kelp Bass),bass,25,3,outlook,Outlook / trend only,79.8,65.8,93.5,27.7,74.5,60.0,19.8,well above typical,,100.0,climatological sea state,1.0,0.5,0.753,0.964,0.817,,1.048,"pressure,chl",67.71,1.32,5.1,0.543,Last Quarter,climatology + ENSO analog + exact tide/moon,True,27.3,14.0,13.7,True,False,False
2026-11-02,pt_loma_kelp,Point Loma Kelp,nearshore,calico_bass,Calico Bass (Kelp Bass),bass,26,3,outlook,Outlook / trend only,78.1,64.1,91.8,27.7,74.5,59.9,18.2,well above typical,,100.0,climatological sea state,1.0,0.5,0.679,0.958,0.815,,1.046,"pressure,chl",67.49,1.28,4.83,0.43,Last Quarter,climatology + ENSO analog + exact tide/moon,True,27.5,14.0,13.7,True,False,False
2026-11-03,pt_loma_kelp,Point Loma Kelp,nearshore,calico_bass,Calico Bass (Kelp Bass),bass,27,3,outlook,Outlook / trend only,74.8,60.8,88.5,27.7,74.4,59.9,14.9,well above typical,,100.0,climatological sea state,1.0,0.5,0.552,0.93,0.814,,1.045,"pressure,chl",67.27,1.24,4.66,0.322,Last Quarter,climatology + ENSO analog + exact tide/moon,True,27.2,14.0,13.7,True,False,False
2026-11-04,pt_loma_kelp,Point Loma Kelp,nearshore,calico_bass,Calico Bass (Kelp Bass),bass,28,3,outlook,Outlook / trend only,75.9,61.9,89.7,27.8,74.4,59.9,16.0,well above typical,,100.0,climatological sea state,1.0,0.5,0.607,0.906,0.814,,1.044,"pressure,chl",67.06,1.21,4.92,0.226,Waning Crescent,climatology + ENSO analog + exact tide/moon,True,27.6,14.0,13.8,True,False,False
2026-11-05,pt_loma_kelp,Point Loma Kelp,nearshore,calico_bass,Calico Bass (Kelp Bass),bass,29,3,outlook,Outlook / trend only,76.6,62.6,90.6,28.0,74.4,59.9,16.7,well above typical,,100.0,climatological sea state,1.0,0.5,0.661,0.886,0.814,,1.037,"pressure,chl",66.71,1.04,5.27,0.144,Waning Crescent,climatology + ENSO analog + exact tide/moon,True,28.0,14.0,14.0,False,False,False
2026-11-06,pt_loma_kelp,Point Loma Kelp,nearshore,calico_bass,Calico Bass (Kelp Bass),bass,30,3,outlook,Outlook / trend only,76.1,62.0,90.2,28.2,74.4,59.9,16.2,well above typical,,100.0,climatological sea state,1.0,0.5,0.649,0.87,0.813,,1.036,"pressure,chl",66.51,1.01,6.13,0.079,Waning Crescent,climatology + ENSO analog + exact tide/moon,True,28.2,14.1,14.1,False,False,False
2026-10-14,pt_loma_kelp,Point Loma Kelp,nearshore,california_halibut,California Halibut,flatfish,7,2,moderate,Moderate confidence,31.3,10.6,45.9,35.3,73.0,58.8,-27.5,well below typical,100.0,100.0,workable,0.197,0.5,0.585,0.843,0.684,0.2,0.757,"pressure,chl",72.91,4.5,5.22,0.143,Waxing Crescent,model-blended conditions + exact tide/moon,True,35.3,20.7,14.6,False,False,False
2026-10-15,pt_loma_kelp,Point Loma Kelp,nearshore,california_halibut,California Halibut,flatfish,8,2,moderate,Moderate confidence,36.3,15.6,50.9,35.3,73.3,59.0,-22.7,well below typical,100.0,100.0,workable,0.288,0.5,0.576,0.761,0.703,0.6,0.783,"pressure,chl",72.36,4.02,4.5,0.217,Waxing Crescent,model-blended conditions + exact tide/moon,True,32.8,20.7,14.6,True,False,False
2026-10-16,pt_loma_kelp,Point Loma Kelp,nearshore,california_halibut,California Halibut,flatfish,9,2,moderate,Moderate confidence,40.4,19.7,55.0,35.3,73.5,59.2,-18.8,well below typical,98.8,100.0,workable,0.371,0.5,0.591,0.67,0.733,-1.6,0.806,"pressure,chl",71.85,3.6,3.84,0.3,Waxing Crescent,model-blended conditions + exact tide/moon,True,31.2,20.7,14.6,True,False,False
2026-10-17,pt_loma_kelp,Point Loma Kelp,nearshore,california_halibut,California Halibut,flatfish,10,2,moderate,Moderate confidence,44.4,23.7,59.4,35.7,73.8,59.4,-15.0,well below typical,100.0,100.0,workable,0.446,0.5,0.621,0.571,0.73,3.5,0.826,"pressure,chl",71.39,3.23,3.44,0.39,First Quarter,model-blended conditions + exact tide/moon,True,31.6,20.7,15.0,True,False,False
2026-10-18,pt_loma_kelp,Point Loma Kelp,nearshore,california_halibut,California Halibut,flatfish,11,2,moderate,Moderate confidence,46.5,25.8,61.7,35.9,74.0,59.6,-13.1,well below typical,100.0,100.0,workable,0.51,0.5,0.601,0.468,0.729,1.3,0.843,"pressure,chl",71.0,2.9,3.4,0.484,First Quarter,model-blended conditions + exact tide/moon,True,31.9,20.7,15.2,True,False,False
2026-10-19,pt_loma_kelp,Point Loma Kelp,nearshore,california_halibut,California Halibut,flatfish,12,2,moderate,Moderate confidence,42.8,22.1,58.0,35.9,74.2,59.8,-17.0,well below typical,100.0,100.0,workable,0.569,0.5,0.359,0.537,0.726,0.0,0.859,"pressure,chl",70.64,2.61,1.18,0.579,First Quarter,model-blended conditions + exact tide/moon,True,29.1,20.7,15.2,True,False,False
2026-10-20,pt_loma_kelp,Point Loma Kelp,nearshore,california_halibut,California Halibut,flatfish,13,2,moderate,Moderate confidence,50.0,29.3,65.7,36.4,74.3,59.8,-9.8,well below typical,100.0,100.0,workable,0.622,0.5,0.515,0.64,0.726,0.0,0.873,"pressure,chl",70.31,2.36,3.94,0.673,Waxing Gibbous,model-blended conditions + exact tide/moon,True,32.3,20.7,15.7,True,False,False
2026-10-21,pt_loma_kelp,Point Loma Kelp,nearshore,california_halibut,California Halibut,flatfish,14,2,moderate,Moderate confidence,53.8,33.1,70.3,37.2,74.3,59.8,-6.0,below typical,100.0,100.0,workable,0.671,0.5,0.568,0.738,0.727,-1.7,0.885,"pressure,chl",70.01,2.13,4.27,0.762,Waxing Gibbous,model-blended conditions + exact tide/moon,True,33.7,20.7,16.5,True,False,False
2026-10-22,pt_loma_kelp,Point Loma Kelp,nearshore,california_halibut,California Halibut,flatfish,15,3,outlook,Outlook / trend only,58.1,36.4,78.5,42.1,74.3,59.8,-1.7,near typical,,100.0,climatological sea state,0.731,0.5,0.625,0.828,0.727,-2.5,0.9,"pressure,chl",69.65,1.85,4.66,0.844,Waxing Gibbous,climatology + ENSO analog + exact tide/moon,True,42.1,21.7,20.4,False,False,False
2026-10-23,pt_loma_kelp,Point Loma Kelp,nearshore,california_halibut,California Halibut,flatfish,16,3,outlook,Outlook / trend only,61.7,39.4,82.1,42.7,74.3,59.8,1.9,near typical,,100.0,climatological sea state,0.777,0.5,0.682,0.903,0.727,,0.909,"pressure,chl",69.37,1.68,5.08,0.912,Waxing Gibbous,climatology + ENSO analog + exact tide/moon,True,42.0,22.3,20.4,True,False,False
2026-10-24,pt_loma_kelp,Point Loma Kelp,nearshore,california_halibut,California Halibut,flatfish,17,3,outlook,Outlook / trend only,61.9,39.6,82.3,42.7,74.4,59.9,2.0,near typical,,100.0,climatological sea state,0.825,0.5,0.614,0.96,0.729,,0.918,"pressure,chl",69.07,1.52,6.12,0.964,Waxing Gibbous,climatology + ENSO analog + exact tide/moon,True,40.3,22.3,20.4,True,False,False
2026-10-25,pt_loma_kelp,Point Loma Kelp,nearshore,california_halibut,California Halibut,flatfish,18,3,outlook,Outlook / trend only,64.1,41.8,84.5,42.7,74.4,59.9,4.2,above typical,,100.0,climatological sea state,0.871,0.5,0.631,0.993,0.733,,0.925,"pressure,chl",68.79,1.39,7.03,0.994,Full,climatology + ENSO analog + exact tide/moon,True,39.6,22.3,20.4,True,False,False
2026-10-26,pt_loma_kelp,Point Loma Kelp,nearshore,california_halibut,California Halibut,flatfish,19,3,outlook,Outlook / trend only,65.7,43.4,86.1,42.7,74.4,59.9,5.8,above typical,,100.0,climatological sea state,0.915,0.5,0.637,0.999,0.733,,0.931,"pressure,chl",68.52,1.27,7.65,0.999,Full,climatology + ENSO analog + exact tide/moon,True,39.0,22.3,20.4,True,False,False
2026-10-27,pt_loma_kelp,Point Loma Kelp,nearshore,california_halibut,California Halibut,flatfish,20,3,outlook,Outlook / trend only,67.6,45.0,88.0,43.0,74.4,59.9,7.7,above typical,,100.0,climatological sea state,0.955,0.5,0.656,0.974,0.734,,0.937,"pressure,chl",68.27,1.16,7.87,0.976,Full,climatology + ENSO analog + exact tide/moon,True,38.6,22.6,20.4,True,False,False
2026-10-28,pt_loma_kelp,Point Loma Kelp,nearshore,california_halibut,California Halibut,flatfish,21,3,outlook,Outlook / trend only,69.3,46.1,89.7,43.6,74.4,59.9,9.4,well above typical,,100.0,climatological sea state,0.994,0.5,0.679,0.92,0.738,,0.942,"pressure,chl",68.04,1.07,7.69,0.927,Waning Gibbous,climatology + ENSO analog + exact tide/moon,True,38.6,23.2,20.4,True,False,False
2026-10-29,pt_loma_kelp,Point Loma Kelp,nearshore,california_halibut,California Halibut,flatfish,22,3,outlook,Outlook / trend only,70.3,47.1,90.7,43.6,74.5,60.0,10.3,well above typical,,100.0,climatological sea state,1.0,0.5,0.712,0.839,0.741,,0.947,"pressure,chl",67.81,0.98,7.14,0.854,Waning Gibbous,climatology + ENSO analog + exact tide/moon,True,38.7,23.2,20.4,True,False,False
2026-10-30,pt_loma_kelp,Point Loma Kelp,nearshore,california_halibut,California Halibut,flatfish,23,3,outlook,Outlook / trend only,71.2,48.0,91.6,43.6,74.5,60.0,11.2,well above typical,,100.0,climatological sea state,1.0,0.5,0.754,0.737,0.742,,0.951,"pressure,chl",67.59,0.91,6.38,0.761,Waning Gibbous,climatology + ENSO analog + exact tide/moon,True,39.1,23.2,20.4,True,False,False
2026-10-31,pt_loma_kelp,Point Loma Kelp,nearshore,california_halibut,California Halibut,flatfish,24,3,outlook,Outlook / trend only,71.0,47.8,91.4,43.6,74.5,60.0,11.0,well above typical,,100.0,climatological sea state,1.0,0.5,0.765,0.621,0.742,,0.954,"pressure,chl",67.38,0.85,5.63,0.655,Waning Gibbous,climatology + ENSO analog + exact tide/moon,True,39.1,23.2,20.4,True,False,False
2026-11-01,pt_loma_kelp,Point Loma Kelp,nearshore,california_halibut,California Halibut,flatfish,25,3,outlook,Outlook / trend only,64.0,40.8,84.4,43.6,71.2,57.3,6.7,above typical,,100.0,climatological sea state,1.0,0.4,0.73,0.497,0.738,,0.929,"pressure,chl",67.71,1.32,5.1,0.543,Last Quarter,climatology + ENSO analog + exact tide/moon,True,39.1,23.2,20.4,True,False,False
2026-11-02,pt_loma_kelp,Point Loma Kelp,nearshore,california_halibut,California Halibut,flatfish,26,3,outlook,Outlook / trend only,62.5,39.3,82.9,43.6,71.2,57.3,5.2,above typical,,100.0,climatological sea state,1.0,0.4,0.657,0.527,0.735,,0.931,"pressure,chl",67.49,1.28,4.83,0.43,Last Quarter,climatology + ENSO analog + exact tide/moon,True,38.6,23.2,20.4,True,False,False
2026-11-03,pt_loma_kelp,Point Loma Kelp,nearshore,california_halibut,California Halibut,flatfish,27,3,outlook,Outlook / trend only,59.8,36.6,80.2,43.6,71.2,57.3,2.5,near typical,,100.0,climatological sea state,1.0,0.4,0.532,0.646,0.734,,0.933,"pressure,chl",67.27,1.24,4.66,0.322,Last Quarter,climatology + ENSO analog + exact tide/moon,True,37.3,23.2,20.4,True,False,False
2026-11-04,pt_loma_kelp,Point Loma Kelp,nearshore,california_halibut,California Halibut,flatfish,28,3,outlook,Outlook / trend only,62.1,38.9,82.5,43.6,71.1,57.3,4.8,above typical,,100.0,climatological sea state,1.0,0.4,0.588,0.751,0.733,,0.935,"pressure,chl",67.06,1.21,4.92,0.226,Waning Crescent,climatology + ENSO analog + exact tide/moon,True,37.7,23.2,20.4,True,False,False
2026-11-05,pt_loma_kelp,Point Loma Kelp,nearshore,california_halibut,California Halibut,flatfish,29,3,outlook,Outlook / trend only,64.7,41.5,85.1,43.6,71.2,57.3,7.4,above typical,,100.0,climatological sea state,1.0,0.4,0.644,0.842,0.734,,0.944,"pressure,chl",66.71,1.04,5.27,0.144,Waning Crescent,climatology + ENSO analog + exact tide/moon,True,37.8,23.2,20.4,True,False,False
2026-11-06,pt_loma_kelp,Point Loma Kelp,nearshore,california_halibut,California Halibut,flatfish,30,3,outlook,Outlook / trend only,64.9,41.7,85.3,43.6,71.1,57.3,7.6,above typical,,100.0,climatological sea state,1.0,0.4,0.637,0.913,0.732,,0.945,"pressure,chl",66.51,1.01,6.13,0.079,Waning Crescent,climatology + ENSO analog + exact tide/moon,True,37.7,23.2,20.4,True,False,False
2026-10-14,pt_loma_kelp,Point Loma Kelp,nearshore,rockfish,Rockfish Complex,groundfish,7,2,moderate,Moderate confidence,54.0,41.4,66.7,25.3,82.8,66.6,-12.6,well below typical,100.0,100.0,workable,0.583,0.85,0.956,0.886,0.807,0.2,0.676,"pressure,chl",72.91,4.5,5.22,0.143,Waxing Crescent,model-blended conditions + exact tide/moon,True,25.3,12.6,12.7,False,False,False
2026-10-15,pt_loma_kelp,Point Loma Kelp,nearshore,rockfish,Rockfish Complex,groundfish,8,2,moderate,Moderate confidence,57.2,44.1,70.6,26.5,82.7,66.6,-9.4,well below typical,100.0,100.0,workable,0.651,0.85,0.87,0.904,0.821,0.6,0.711,"pressure,chl",72.36,4.02,4.5,0.217,Waxing Crescent,model-blended conditions + exact tide/moon,True,26.5,13.1,13.4,False,False,False
2026-10-16,pt_loma_kelp,Point Loma Kelp,nearshore,rockfish,Rockfish Complex,groundfish,9,2,moderate,Moderate confidence,59.8,46.0,73.7,27.7,82.6,66.5,-6.7,below typical,98.8,100.0,workable,0.713,0.85,0.791,0.925,0.844,-1.6,0.741,"pressure,chl",71.85,3.6,3.84,0.3,Waxing Crescent,model-blended conditions + exact tide/moon,True,27.7,13.8,13.9,False,False,False
2026-10-17,pt_loma_kelp,Point Loma Kelp,nearshore,rockfish,Rockfish Complex,groundfish,10,2,moderate,Moderate confidence,62.4,48.1,77.0,28.9,82.5,66.4,-4.0,below typical,100.0,100.0,workable,0.769,0.85,0.746,0.948,0.842,3.5,0.767,"pressure,chl",71.39,3.23,3.44,0.39,First Quarter,model-blended conditions + exact tide/moon,True,28.9,14.3,14.6,False,False,False
2026-10-18,pt_loma_kelp,Point Loma Kelp,nearshore,rockfish,Rockfish Complex,groundfish,11,2,moderate,Moderate confidence,65.2,50.0,80.5,30.5,82.5,66.4,-1.2,near typical,100.0,100.0,workable,0.818,0.85,0.757,0.971,0.841,1.3,0.791,"pressure,chl",71.0,2.9,3.4,0.484,First Quarter,model-blended conditions + exact tide/moon,True,30.5,15.2,15.3,False,False,False
2026-10-19,pt_loma_kelp,Point Loma Kelp,nearshore,rockfish,Rockfish Complex,groundfish,12,2,moderate,Moderate confidence,64.6,49.3,79.9,30.6,82.4,66.3,-1.7,near typical,100.0,100.0,workable,0.861,0.85,0.607,0.955,0.839,0.0,0.812,"pressure,chl",70.64,2.61,1.18,0.579,First Quarter,model-blended conditions + exact tide/moon,True,30.0,15.3,15.3,True,False,False
2026-10-20,pt_loma_kelp,Point Loma Kelp,nearshore,rockfish,Rockfish Complex,groundfish,13,2,moderate,Moderate confidence,70.6,54.1,85.9,31.8,82.4,66.3,4.3,above typical,100.0,100.0,workable,0.901,0.85,0.826,0.932,0.839,0.0,0.83,"pressure,chl",70.31,2.36,3.94,0.673,Waxing Gibbous,model-blended conditions + exact tide/moon,True,31.8,16.5,15.3,False,False,False
2026-10-21,pt_loma_kelp,Point Loma Kelp,nearshore,rockfish,Rockfish Complex,groundfish,14,2,moderate,Moderate confidence,73.4,56.1,88.7,32.6,82.4,66.3,7.1,above typical,100.0,100.0,workable,0.938,0.85,0.877,0.909,0.839,-1.7,0.847,"pressure,chl",70.01,2.13,4.27,0.762,Waxing Gibbous,model-blended conditions + exact tide/moon,True,32.6,17.3,15.3,False,False,False
2026-10-22,pt_loma_kelp,Point Loma Kelp,nearshore,rockfish,Rockfish Complex,groundfish,15,3,outlook,Outlook / trend only,76.6,54.9,95.7,40.8,82.4,66.4,10.2,well above typical,,100.0,climatological sea state,0.983,0.85,0.93,0.889,0.84,-2.5,0.867,"pressure,chl",69.65,1.85,4.66,0.844,Waxing Gibbous,climatology + ENSO analog + exact tide/moon,True,40.8,21.7,19.1,False,False,False
2026-10-23,pt_loma_kelp,Point Loma Kelp,nearshore,rockfish,Rockfish Complex,groundfish,16,3,outlook,Outlook / trend only,78.6,56.7,97.8,41.1,82.4,66.3,12.3,well above typical,,100.0,climatological sea state,1.0,0.85,0.981,0.872,0.839,,0.879,"pressure,chl",69.37,1.68,5.08,0.912,Waxing Gibbous,climatology + ENSO analog + exact tide/moon,True,41.1,21.9,19.2,False,False,False
2026-10-24,pt_loma_kelp,Point Loma Kelp,nearshore,rockfish,Rockfish Complex,groundfish,17,3,outlook,Outlook / trend only,78.6,56.7,97.8,41.1,82.5,66.4,12.2,well above typical,,100.0,climatological sea state,1.0,0.85,0.912,0.859,0.841,,0.891,"pressure,chl",69.07,1.52,6.12,0.964,Waxing Gibbous,climatology + ENSO analog + exact tide/moon,True,40.6,21.9,19.2,True,False,False
2026-10-25,pt_loma_kelp,Point Loma Kelp,nearshore,rockfish,Rockfish Complex,groundfish,18,3,outlook,Outlook / trend only,78.5,56.6,97.7,41.1,82.6,66.5,12.0,well above typical,,100.0,climatological sea state,1.0,0.85,0.855,0.852,0.844,,0.9,"pressure,chl",68.79,1.39,7.03,0.994,Full,climatology + ENSO analog + exact tide/moon,True,40.3,21.9,19.2,True,False,False
2026-10-26,pt_loma_kelp,Point Loma Kelp,nearshore,rockfish,Rockfish Complex,groundfish,19,3,outlook,Outlook / trend only,79.0,57.1,98.3,41.2,82.6,66.5,12.5,well above typical,,100.0,climatological sea state,1.0,0.85,0.838,0.85,0.844,,0.909,"pressure,chl",68.52,1.27,7.65,0.999,Full,climatology + ENSO analog + exact tide/moon,True,40.3,21.9,19.3,True,False,False
2026-10-27,pt_loma_kelp,Point Loma Kelp,nearshore,rockfish,Rockfish Complex,groundfish,20,3,outlook,Outlook / trend only,79.7,57.8,99.2,41.4,82.6,66.5,13.2,well above typical,,100.0,climatological sea state,1.0,0.85,0.84,0.856,0.845,,0.916,"pressure,chl",68.27,1.16,7.87,0.976,Full,climatology + ENSO analog + exact tide/moon,True,40.3,21.9,19.5,True,False,False
2026-10-28,pt_loma_kelp,Point Loma Kelp,nearshore,rockfish,Rockfish Complex,groundfish,21,3,outlook,Outlook / trend only,80.8,58.9,99.9,41.0,82.7,66.6,14.2,well above typical,,100.0,climatological sea state,1.0,0.85,0.857,0.868,0.848,,0.923,"pressure,chl",68.04,1.07,7.69,0.927,Waning Gibbous,climatology + ENSO analog + exact tide/moon,True,40.3,21.9,19.5,True,True,False
2026-10-29,pt_loma_kelp,Point Loma Kelp,nearshore,rockfish,Rockfish Complex,groundfish,22,3,outlook,Outlook / trend only,82.0,60.1,99.9,39.8,82.8,66.6,15.4,well above typical,,100.0,climatological sea state,1.0,0.85,0.889,0.886,0.85,,0.929,"pressure,chl",67.81,0.98,7.14,0.854,Waning Gibbous,climatology + ENSO analog + exact tide/moon,True,39.3,21.9,19.5,True,True,False
2026-10-30,pt_loma_kelp,Point Loma Kelp,nearshore,rockfish,Rockfish Complex,groundfish,23,3,outlook,Outlook / trend only,83.3,61.3,99.9,38.6,82.8,66.7,16.6,well above typical,,100.0,climatological sea state,1.0,0.85,0.933,0.91,0.851,,0.934,"pressure,chl",67.59,0.91,6.38,0.761,Waning Gibbous,climatology + ENSO analog + exact tide/moon,True,38.6,22.0,19.5,True,True,False
2026-10-31,pt_loma_kelp,Point Loma Kelp,nearshore,rockfish,Rockfish Complex,groundfish,24,3,outlook,Outlook / trend only,84.7,62.1,99.9,37.8,82.8,66.7,18.0,well above typical,,100.0,climatological sea state,1.0,0.85,0.988,0.936,0.851,,0.939,"pressure,chl",67.38,0.85,5.63,0.655,Waning Gibbous,climatology + ENSO analog + exact tide/moon,True,37.8,22.6,19.5,True,True,False
2026-11-01,pt_loma_kelp,Point Loma Kelp,nearshore,rockfish,Rockfish Complex,groundfish,25,3,outlook,Outlook / trend only,77.8,55.0,99.5,44.5,80.2,64.5,13.3,well above typical,,100.0,climatological sea state,1.0,0.7,0.941,0.964,0.848,,0.905,"pressure,chl",67.71,1.32,5.1,0.543,Last Quarter,climatology + ENSO analog + exact tide/moon,True,44.5,22.8,21.7,False,False,False
2026-11-02,pt_loma_kelp,Point Loma Kelp,nearshore,rockfish,Rockfish Complex,groundfish,26,3,outlook,Outlook / trend only,77.8,54.6,99.8,45.2,80.1,64.5,13.3,well above typical,,100.0,climatological sea state,1.0,0.7,0.927,0.958,0.846,,0.908,"pressure,chl",67.49,1.28,4.83,0.43,Last Quarter,climatology + ENSO analog + exact tide/moon,True,45.2,23.2,22.0,False,False,False
2026-11-03,pt_loma_kelp,Point Loma Kelp,nearshore,rockfish,Rockfish Complex,groundfish,27,3,outlook,Outlook / trend only,77.9,54.6,99.9,45.3,80.1,64.5,13.4,well above typical,,100.0,climatological sea state,1.0,0.7,0.925,0.93,0.845,,0.911,"pressure,chl",67.27,1.24,4.66,0.322,Last Quarter,climatology + ENSO analog + exact tide/moon,True,45.3,23.3,22.0,False,False,False
2026-11-04,pt_loma_kelp,Point Loma Kelp,nearshore,rockfish,Rockfish Complex,groundfish,28,3,outlook,Outlook / trend only,78.6,55.3,99.9,44.6,80.0,64.4,14.2,well above typical,,100.0,climatological sea state,1.0,0.7,0.965,0.906,0.844,,0.913,"pressure,chl",67.06,1.21,4.92,0.226,Waning Crescent,climatology + ENSO analog + exact tide/moon,True,44.6,23.3,22.0,True,True,False
2026-11-05,pt_loma_kelp,Point Loma Kelp,nearshore,rockfish,Rockfish Complex,groundfish,29,3,outlook,Outlook / trend only,80.2,56.7,99.9,43.2,80.1,64.5,15.7,well above typical,,100.0,climatological sea state,1.0,0.7,0.998,0.886,0.845,,0.925,"pressure,chl",66.71,1.04,5.27,0.144,Waning Crescent,climatology + ENSO analog + exact tide/moon,True,43.2,23.5,22.0,True,True,False
2026-11-06,pt_loma_kelp,Point Loma Kelp,nearshore,rockfish,Rockfish Complex,groundfish,30,3,outlook,Outlook / trend only,79.0,55.5,99.9,44.4,80.0,64.4,14.6,well above typical,,100.0,climatological sea state,1.0,0.7,0.915,0.87,0.844,,0.927,"pressure,chl",66.51,1.01,6.13,0.079,Waning Crescent,climatology + ENSO analog + exact tide/moon,True,44.4,23.5,22.0,True,True,False
2026-10-14,pt_loma_kelp,Point Loma Kelp,nearshore,sand_bass,Barred Sand Bass,bass,7,2,moderate,Moderate confidence,89.7,81.8,96.1,14.3,74.6,60.1,29.6,well above typical,100.0,100.0,workable,1.0,0.5,0.604,0.886,0.773,0.2,1.243,"pressure,chl",72.91,4.5,5.22,0.143,Waxing Crescent,model-blended conditions + exact tide/moon,True,14.3,7.9,6.4,False,False,False
2026-10-15,pt_loma_kelp,Point Loma Kelp,nearshore,sand_bass,Barred Sand Bass,bass,8,2,moderate,Moderate confidence,88.1,79.9,95.9,16.0,74.6,60.0,28.1,well above typical,100.0,100.0,workable,1.0,0.5,0.601,0.904,0.789,0.6,1.217,"pressure,chl",72.36,4.02,4.5,0.217,Waxing Crescent,model-blended conditions + exact tide/moon,True,16.0,8.2,7.8,False,False,False
2026-10-16,pt_loma_kelp,Point Loma Kelp,nearshore,sand_bass,Barred Sand Bass,bass,9,2,moderate,Moderate confidence,86.8,78.2,95.2,17.0,74.5,60.0,26.8,well above typical,98.8,100.0,workable,1.0,0.5,0.622,0.925,0.814,-1.6,1.194,"pressure,chl",71.85,3.6,3.84,0.3,Waxing Crescent,model-blended conditions + exact tide/moon,True,17.0,8.6,8.4,False,False,False
2026-10-17,pt_loma_kelp,Point Loma Kelp,nearshore,sand_bass,Barred Sand Bass,bass,10,2,moderate,Moderate confidence,87.0,77.9,95.6,17.7,74.5,60.0,27.0,well above typical,100.0,100.0,workable,1.0,0.5,0.655,0.948,0.811,3.5,1.174,"pressure,chl",71.39,3.23,3.44,0.39,First Quarter,model-blended conditions + exact tide/moon,True,17.7,9.1,8.6,False,False,False
2026-10-18,pt_loma_kelp,Point Loma Kelp,nearshore,sand_bass,Barred Sand Bass,bass,11,2,moderate,Moderate confidence,85.3,75.8,94.6,18.8,74.5,60.0,25.3,well above typical,100.0,100.0,workable,1.0,0.5,0.634,0.971,0.81,1.3,1.157,"pressure,chl",71.0,2.9,3.4,0.484,First Quarter,model-blended conditions + exact tide/moon,True,18.8,9.5,9.3,False,False,False
2026-10-19,pt_loma_kelp,Point Loma Kelp,nearshore,sand_bass,Barred Sand Bass,bass,12,2,moderate,Moderate confidence,77.0,67.5,86.3,18.8,74.5,60.0,17.0,well above typical,100.0,100.0,workable,1.0,0.5,0.398,0.955,0.808,0.0,1.141,"pressure,chl",70.64,2.61,1.18,0.579,First Quarter,model-blended conditions + exact tide/moon,True,18.4,9.5,9.3,True,False,False
2026-10-20,pt_loma_kelp,Point Loma Kelp,nearshore,sand_bass,Barred Sand Bass,bass,13,2,moderate,Moderate confidence,80.5,70.6,90.3,19.7,74.5,60.0,20.5,well above typical,100.0,100.0,workable,1.0,0.5,0.541,0.932,0.808,0.0,1.127,"pressure,chl",70.31,2.36,3.94,0.673,Waxing Gibbous,model-blended conditions + exact tide/moon,True,19.7,9.9,9.8,False,False,False
2026-10-21,pt_loma_kelp,Point Loma Kelp,nearshore,sand_bass,Barred Sand Bass,bass,14,2,moderate,Moderate confidence,80.8,70.6,91.0,20.4,74.5,60.0,20.8,well above typical,100.0,100.0,workable,1.0,0.5,0.593,0.909,0.808,-1.7,1.115,"pressure,chl",70.01,2.13,4.27,0.762,Waxing Gibbous,model-blended conditions + exact tide/moon,True,20.4,10.2,10.2,False,False,False
2026-10-22,pt_loma_kelp,Point Loma Kelp,nearshore,sand_bass,Barred Sand Bass,bass,15,3,outlook,Outlook / trend only,80.9,66.5,95.3,28.8,74.5,60.0,20.9,well above typical,,100.0,climatological sea state,1.0,0.5,0.647,0.889,0.809,-2.5,1.1,"pressure,chl",69.65,1.85,4.66,0.844,Waxing Gibbous,climatology + ENSO analog + exact tide/moon,True,28.8,14.4,14.4,False,False,False
2026-10-23,pt_loma_kelp,Point Loma Kelp,nearshore,sand_bass,Barred Sand Bass,bass,16,3,outlook,Outlook / trend only,81.3,66.7,96.0,29.3,74.5,60.0,21.3,well above typical,,100.0,climatological sea state,1.0,0.5,0.702,0.872,0.808,,1.091,"pressure,chl",69.37,1.68,5.08,0.912,Waxing Gibbous,climatology + ENSO analog + exact tide/moon,True,29.3,14.6,14.7,False,False,False
2026-10-24,pt_loma_kelp,Point Loma Kelp,nearshore,sand_bass,Barred Sand Bass,bass,17,3,outlook,Outlook / trend only,78.9,64.3,93.6,29.3,74.5,60.0,18.9,well above typical,,100.0,climatological sea state,1.0,0.5,0.625,0.859,0.81,,1.082,"pressure,chl",69.07,1.52,6.12,0.964,Waxing Gibbous,climatology + ENSO analog + exact tide/moon,True,29.2,14.6,14.7,True,False,False
2026-10-25,pt_loma_kelp,Point Loma Kelp,nearshore,sand_bass,Barred Sand Bass,bass,18,3,outlook,Outlook / trend only,78.7,64.0,93.4,29.4,74.5,60.0,18.7,well above typical,,100.0,climatological sea state,1.0,0.5,0.638,0.852,0.813,,1.075,"pressure,chl",68.79,1.39,7.03,0.994,Full,climatology + ENSO analog + exact tide/moon,True,29.4,14.7,14.7,False,False,False
2026-10-26,pt_loma_kelp,Point Loma Kelp,nearshore,sand_bass,Barred Sand Bass,bass,19,3,outlook,Outlook / trend only,78.3,63.4,93.2,29.8,74.5,60.0,18.3,well above typical,,100.0,climatological sea state,1.0,0.5,0.643,0.85,0.813,,1.069,"pressure,chl",68.52,1.27,7.65,0.999,Full,climatology + ENSO analog + exact tide/moon,True,29.8,14.9,14.9,False,False,False
2026-10-27,pt_loma_kelp,Point Loma Kelp,nearshore,sand_bass,Barred Sand Bass,bass,20,3,outlook,Outlook / trend only,78.4,63.3,93.4,30.1,74.6,60.0,18.4,well above typical,,100.0,climatological sea state,1.0,0.5,0.663,0.856,0.814,,1.063,"pressure,chl",68.27,1.16,7.87,0.976,Full,climatology + ENSO analog + exact tide/moon,True,30.1,15.1,15.0,False,False,False
2026-10-28,pt_loma_kelp,Point Loma Kelp,nearshore,sand_bass,Barred Sand Bass,bass,21,3,outlook,Outlook / trend only,78.6,63.2,94.1,30.9,74.6,60.0,18.6,well above typical,,100.0,climatological sea state,1.0,0.5,0.688,0.868,0.817,,1.058,"pressure,chl",68.04,1.07,7.69,0.927,Waning Gibbous,climatology + ENSO analog + exact tide/moon,True,30.9,15.4,15.5,False,False,False
2026-10-29,pt_loma_kelp,Point Loma Kelp,nearshore,sand_bass,Barred Sand Bass,bass,22,3,outlook,Outlook / trend only,79.2,63.4,95.0,31.6,74.6,60.1,19.1,well above typical,,100.0,climatological sea state,1.0,0.5,0.723,0.886,0.82,,1.053,"pressure,chl",67.81,0.98,7.14,0.854,Waning Gibbous,climatology + ENSO analog + exact tide/moon,True,31.6,15.8,15.8,False,False,False
2026-10-30,pt_loma_kelp,Point Loma Kelp,nearshore,sand_bass,Barred Sand Bass,bass,23,3,outlook,Outlook / trend only,79.9,63.6,96.2,32.6,74.6,60.1,19.8,well above typical,,100.0,climatological sea state,1.0,0.5,0.769,0.91,0.821,,1.049,"pressure,chl",67.59,0.91,6.38,0.761,Waning Gibbous,climatology + ENSO analog + exact tide/moon,True,32.6,16.3,16.3,False,False,False
2026-10-31,pt_loma_kelp,Point Loma Kelp,nearshore,sand_bass,Barred Sand Bass,bass,24,3,outlook,Outlook / trend only,80.2,63.4,96.9,33.5,74.6,60.1,20.1,well above typical,,100.0,climatological sea state,1.0,0.5,0.786,0.936,0.821,,1.046,"pressure,chl",67.38,0.85,5.63,0.655,Waning Gibbous,climatology + ENSO analog + exact tide/moon,True,33.5,16.8,16.7,False,False,False
2026-11-01,pt_loma_kelp,Point Loma Kelp,nearshore,sand_bass,Barred Sand Bass,bass,25,3,outlook,Outlook / trend only,70.8,54.0,87.5,33.5,66.0,53.1,17.7,well above typical,,100.0,climatological sea state,1.0,0.3,0.753,0.964,0.817,,1.071,"pressure,chl",67.71,1.32,5.1,0.543,Last Quarter,climatology + ENSO analog + exact tide/moon,True,31.3,16.8,16.7,True,False,False
2026-11-02,pt_loma_kelp,Point Loma Kelp,nearshore,sand_bass,Barred Sand Bass,bass,26,3,outlook,Outlook / trend only,69.2,52.4,85.9,33.5,66.0,53.1,16.1,well above typical,,100.0,climatological sea state,1.0,0.3,0.679,0.958,0.815,,1.069,"pressure,chl",67.49,1.28,4.83,0.43,Last Quarter,climatology + ENSO analog + exact tide/moon,True,31.6,16.8,16.7,True,False,False
2026-11-03,pt_loma_kelp,Point Loma Kelp,nearshore,sand_bass,Barred Sand Bass,bass,27,3,outlook,Outlook / trend only,66.3,49.5,83.0,33.5,66.0,53.1,13.2,well above typical,,100.0,climatological sea state,1.0,0.3,0.552,0.93,0.814,,1.067,"pressure,chl",67.27,1.24,4.66,0.322,Last Quarter,climatology + ENSO analog + exact tide/moon,True,32.2,16.8,16.7,True,False,False
2026-11-04,pt_loma_kelp,Point Loma Kelp,nearshore,sand_bass,Barred Sand Bass,bass,28,3,outlook,Outlook / trend only,67.3,49.8,84.0,34.2,65.9,53.1,14.2,well above typical,,100.0,climatological sea state,1.0,0.3,0.607,0.906,0.814,,1.065,"pressure,chl",67.06,1.21,4.92,0.226,Waning Crescent,climatology + ENSO analog + exact tide/moon,True,33.3,17.5,16.7,True,False,False
2026-11-05,pt_loma_kelp,Point Loma Kelp,nearshore,sand_bass,Barred Sand Bass,bass,29,3,outlook,Outlook / trend only,67.7,48.7,84.4,35.7,66.0,53.1,14.6,well above typical,,100.0,climatological sea state,1.0,0.3,0.661,0.886,0.814,,1.056,"pressure,chl",66.71,1.04,5.27,0.144,Waning Crescent,climatology + ENSO analog + exact tide/moon,True,35.1,19.0,16.7,True,False,False
2026-11-06,pt_loma_kelp,Point Loma Kelp,nearshore,sand_bass,Barred Sand Bass,bass,30,3,outlook,Outlook / trend only,67.2,47.5,83.9,36.4,65.9,53.1,14.1,well above typical,,100.0,climatological sea state,1.0,0.3,0.649,0.87,0.813,,1.055,"pressure,chl",66.51,1.01,6.13,0.079,Waning Crescent,climatology + ENSO analog + exact tide/moon,True,36.0,19.7,16.7,True,False,False
2026-10-14,pt_loma_kelp,Point Loma Kelp,nearshore,sheephead,California Sheephead,groundfish,7,2,moderate,Moderate confidence,78.7,75.7,81.7,6.0,82.3,66.2,12.5,well above typical,100.0,100.0,workable,1.0,0.85,0.604,0.886,0.773,0.2,1.0,"pressure,chl",72.91,4.5,5.22,0.143,Waxing Crescent,model-blended conditions + exact tide/moon,True,6.0,3.0,3.0,False,False,False
2026-10-15,pt_loma_kelp,Point Loma Kelp,nearshore,sheephead,California Sheephead,groundfish,8,2,moderate,Moderate confidence,79.2,76.2,82.2,6.0,82.2,66.2,13.0,well above typical,100.0,100.0,workable,1.0,0.85,0.601,0.904,0.789,0.6,1.0,"pressure,chl",72.36,4.02,4.5,0.217,Waxing Crescent,model-blended conditions + exact tide/moon,True,6.0,3.0,3.0,False,False,False
2026-10-16,pt_loma_kelp,Point Loma Kelp,nearshore,sheephead,California Sheephead,groundfish,9,2,moderate,Moderate confidence,80.1,77.1,83.1,6.0,82.1,66.1,14.0,well above typical,98.8,100.0,workable,1.0,0.85,0.622,0.925,0.814,-1.6,1.0,"pressure,chl",71.85,3.6,3.84,0.3,Waxing Crescent,model-blended conditions + exact tide/moon,True,6.0,3.0,3.0,False,False,False
2026-10-17,pt_loma_kelp,Point Loma Kelp,nearshore,sheephead,California Sheephead,groundfish,10,2,moderate,Moderate confidence,81.7,78.7,84.7,6.0,82.0,66.0,15.7,well above typical,100.0,100.0,workable,1.0,0.85,0.655,0.948,0.811,3.5,1.0,"pressure,chl",71.39,3.23,3.44,0.39,First Quarter,model-blended conditions + exact tide/moon,True,6.0,3.0,3.0,False,False,False
2026-10-18,pt_loma_kelp,Point Loma Kelp,nearshore,sheephead,California Sheephead,groundfish,11,2,moderate,Moderate confidence,81.0,78.0,84.0,6.0,82.0,66.0,15.0,well above typical,100.0,100.0,workable,1.0,0.85,0.634,0.971,0.81,1.3,1.0,"pressure,chl",71.0,2.9,3.4,0.484,First Quarter,model-blended conditions + exact tide/moon,True,6.0,3.0,3.0,False,False,False
2026-10-19,pt_loma_kelp,Point Loma Kelp,nearshore,sheephead,California Sheephead,groundfish,12,2,moderate,Moderate confidence,72.4,69.4,75.4,6.0,81.9,65.9,6.5,above typical,100.0,100.0,workable,1.0,0.85,0.398,0.955,0.808,0.0,1.0,"pressure,chl",70.64,2.61,1.18,0.579,First Quarter,model-blended conditions + exact tide/moon,True,6.0,3.0,3.0,False,False,False
2026-10-20,pt_loma_kelp,Point Loma Kelp,nearshore,sheephead,California Sheephead,groundfish,13,2,moderate,Moderate confidence,77.9,74.9,80.9,6.0,81.9,65.9,12.0,well above typical,100.0,100.0,workable,1.0,0.85,0.541,0.932,0.808,0.0,1.0,"pressure,chl",70.31,2.36,3.94,0.673,Waxing Gibbous,model-blended conditions + exact tide/moon,True,6.0,3.0,3.0,False,False,False
2026-10-21,pt_loma_kelp,Point Loma Kelp,nearshore,sheephead,California Sheephead,groundfish,14,2,moderate,Moderate confidence,79.5,76.5,82.5,6.0,81.9,65.9,13.6,well above typical,100.0,100.0,workable,1.0,0.85,0.593,0.909,0.808,-1.7,1.0,"pressure,chl",70.01,2.13,4.27,0.762,Waxing Gibbous,model-blended conditions + exact tide/moon,True,6.0,3.0,3.0,False,False,False
2026-10-22,pt_loma_kelp,Point Loma Kelp,nearshore,sheephead,California Sheephead,groundfish,15,3,outlook,Outlook / trend only,81.2,74.2,88.2,14.0,81.9,66.0,15.2,well above typical,,100.0,climatological sea state,1.0,0.85,0.647,0.889,0.809,-2.5,1.0,"pressure,chl",69.65,1.85,4.66,0.844,Waxing Gibbous,climatology + ENSO analog + exact tide/moon,True,14.0,7.0,7.0,False,False,False
2026-10-23,pt_loma_kelp,Point Loma Kelp,nearshore,sheephead,California Sheephead,groundfish,16,3,outlook,Outlook / trend only,82.7,75.7,89.7,14.0,81.9,65.9,16.8,well above typical,,100.0,climatological sea state,1.0,0.85,0.702,0.872,0.808,,1.0,"pressure,chl",69.37,1.68,5.08,0.912,Waxing Gibbous,climatology + ENSO analog + exact tide/moon,True,14.0,7.0,7.0,False,False,False
2026-10-24,pt_loma_kelp,Point Loma Kelp,nearshore,sheephead,California Sheephead,groundfish,17,3,outlook,Outlook / trend only,80.5,73.5,87.5,14.0,82.0,66.0,14.5,well above typical,,100.0,climatological sea state,1.0,0.85,0.625,0.859,0.81,,1.0,"pressure,chl",69.07,1.52,6.12,0.964,Waxing Gibbous,climatology + ENSO analog + exact tide/moon,True,14.0,7.0,7.0,False,False,False
2026-10-25,pt_loma_kelp,Point Loma Kelp,nearshore,sheephead,California Sheephead,groundfish,18,3,outlook,Outlook / trend only,81.0,74.0,88.0,14.0,82.1,66.1,14.9,well above typical,,100.0,climatological sea state,1.0,0.85,0.638,0.852,0.813,,1.0,"pressure,chl",68.79,1.39,7.03,0.994,Full,climatology + ENSO analog + exact tide/moon,True,14.0,7.0,7.0,False,False,False
2026-10-26,pt_loma_kelp,Point Loma Kelp,nearshore,sheephead,California Sheephead,groundfish,19,3,outlook,Outlook / trend only,81.2,74.2,88.2,14.0,82.1,66.1,15.1,well above typical,,100.0,climatological sea state,1.0,0.85,0.643,0.85,0.813,,1.0,"pressure,chl",68.52,1.27,7.65,0.999,Full,climatology + ENSO analog + exact tide/moon,True,14.0,7.0,7.0,False,False,False
2026-10-27,pt_loma_kelp,Point Loma Kelp,nearshore,sheephead,California Sheephead,groundfish,20,3,outlook,Outlook / trend only,81.8,74.8,88.8,14.0,82.1,66.1,15.7,well above typical,,100.0,climatological sea state,1.0,0.85,0.663,0.856,0.814,,1.0,"pressure,chl",68.27,1.16,7.87,0.976,Full,climatology + ENSO analog + exact tide/moon,True,14.0,7.0,7.0,False,False,False
2026-10-28,pt_loma_kelp,Point Loma Kelp,nearshore,sheephead,California Sheephead,groundfish,21,3,outlook,Outlook / trend only,82.6,75.6,89.6,14.0,82.2,66.2,16.4,well above typical,,100.0,climatological sea state,1.0,0.85,0.688,0.868,0.817,,1.0,"pressure,chl",68.04,1.07,7.69,0.927,Waning Gibbous,climatology + ENSO analog + exact tide/moon,True,14.0,7.0,7.0,False,False,False
2026-10-29,pt_loma_kelp,Point Loma Kelp,nearshore,sheephead,California Sheephead,groundfish,22,3,outlook,Outlook / trend only,83.8,76.8,90.8,14.0,82.3,66.2,17.6,well above typical,,100.0,climatological sea state,1.0,0.85,0.723,0.886,0.82,,1.0,"pressure,chl",67.81,0.98,7.14,0.854,Waning Gibbous,climatology + ENSO analog + exact tide/moon,True,14.0,7.0,7.0,False,False,False
2026-10-30,pt_loma_kelp,Point Loma Kelp,nearshore,sheephead,California Sheephead,groundfish,23,3,outlook,Outlook / trend only,85.1,78.1,92.1,14.0,82.3,66.2,18.9,well above typical,,100.0,climatological sea state,1.0,0.85,0.769,0.91,0.821,,1.0,"pressure,chl",67.59,0.91,6.38,0.761,Waning Gibbous,climatology + ENSO analog + exact tide/moon,True,14.0,7.0,7.0,False,False,False
2026-10-31,pt_loma_kelp,Point Loma Kelp,nearshore,sheephead,California Sheephead,groundfish,24,3,outlook,Outlook / trend only,85.6,78.6,92.6,14.0,82.3,66.2,19.4,well above typical,,100.0,climatological sea state,1.0,0.85,0.786,0.936,0.821,,1.0,"pressure,chl",67.38,0.85,5.63,0.655,Waning Gibbous,climatology + ENSO analog + exact tide/moon,True,14.0,7.0,7.0,False,False,False
2026-11-01,pt_loma_kelp,Point Loma Kelp,nearshore,sheephead,California Sheephead,groundfish,25,3,outlook,Outlook / trend only,81.6,74.6,88.6,14.0,79.7,64.1,17.5,well above typical,,100.0,climatological sea state,1.0,0.7,0.753,0.964,0.817,,1.0,"pressure,chl",67.71,1.32,5.1,0.543,Last Quarter,climatology + ENSO analog + exact tide/moon,True,14.0,7.0,7.0,False,False,False
2026-11-02,pt_loma_kelp,Point Loma Kelp,nearshore,sheephead,California Sheephead,groundfish,26,3,outlook,Outlook / trend only,79.5,72.5,86.5,14.0,79.6,64.1,15.4,well above typical,,100.0,climatological sea state,1.0,0.7,0.679,0.958,0.815,,1.0,"pressure,chl",67.49,1.28,4.83,0.43,Last Quarter,climatology + ENSO analog + exact tide/moon,True,14.0,7.0,7.0,False,False,False
2026-11-03,pt_loma_kelp,Point Loma Kelp,nearshore,sheephead,California Sheephead,groundfish,27,3,outlook,Outlook / trend only,75.6,68.6,82.6,14.0,79.6,64.1,11.5,well above typical,,100.0,climatological sea state,1.0,0.7,0.552,0.93,0.814,,1.0,"pressure,chl",67.27,1.24,4.66,0.322,Last Quarter,climatology + ENSO analog + exact tide/moon,True,14.0,7.0,7.0,False,False,False
2026-11-04,pt_loma_kelp,Point Loma Kelp,nearshore,sheephead,California Sheephead,groundfish,28,3,outlook,Outlook / trend only,77.3,70.3,84.3,14.0,79.5,64.0,13.3,well above typical,,100.0,climatological sea state,1.0,0.7,0.607,0.906,0.814,,1.0,"pressure,chl",67.06,1.21,4.92,0.226,Waning Crescent,climatology + ENSO analog + exact tide/moon,True,14.0,7.0,7.0,False,False,False
2026-11-05,pt_loma_kelp,Point Loma Kelp,nearshore,sheephead,California Sheephead,groundfish,29,3,outlook,Outlook / trend only,78.8,71.8,85.8,14.0,79.6,64.1,14.7,well above typical,,100.0,climatological sea state,1.0,0.7,0.661,0.886,0.814,,1.0,"pressure,chl",66.71,1.04,5.27,0.144,Waning Crescent,climatology + ENSO analog + exact tide/moon,True,14.0,7.0,7.0,False,False,False
2026-11-06,pt_loma_kelp,Point Loma Kelp,nearshore,sheephead,California Sheephead,groundfish,30,3,outlook,Outlook / trend only,78.4,71.4,85.4,14.0,79.5,64.0,14.4,well above typical,,100.0,climatological sea state,1.0,0.7,0.649,0.87,0.813,,1.0,"pressure,chl",66.51,1.01,6.13,0.079,Waning Crescent,climatology + ENSO analog + exact tide/moon,True,14.0,7.0,7.0,False,False,False
2026-10-14,pt_loma_kelp,Point Loma Kelp,nearshore,white_seabass,White Seabass,pelagic,7,2,moderate,Moderate confidence,25.9,18.4,47.9,29.5,69.3,55.8,-29.9,well below typical,100.0,100.0,workable,0.034,0.5,0.558,0.978,0.773,0.2,0.838,"pressure,front,chl",72.91,4.5,5.22,0.143,Waxing Crescent,model-blended conditions + exact tide/moon,True,29.5,7.5,22.0,False,False,False
2026-10-15,pt_loma_kelp,Point Loma Kelp,nearshore,white_seabass,White Seabass,pelagic,8,2,moderate,Moderate confidence,36.7,18.7,58.7,40.0,69.5,56.0,-19.3,well below typical,100.0,100.0,workable,0.125,0.5,0.588,0.895,0.789,0.6,0.855,"pressure,front,chl",72.36,4.02,4.5,0.217,Waxing Crescent,model-blended conditions + exact tide/moon,True,34.6,18.0,22.0,True,False,False
2026-10-16,pt_loma_kelp,Point Loma Kelp,nearshore,white_seabass,White Seabass,pelagic,9,2,moderate,Moderate confidence,42.1,18.7,64.1,45.4,69.8,56.2,-14.1,well below typical,98.8,100.0,workable,0.208,0.5,0.652,0.773,0.814,-1.6,0.87,"pressure,front,chl",71.85,3.6,3.84,0.3,Waxing Crescent,model-blended conditions + exact tide/moon,True,38.3,23.4,22.0,True,False,False
2026-10-17,pt_loma_kelp,Point Loma Kelp,nearshore,white_seabass,White Seabass,pelagic,10,2,moderate,Moderate confidence,45.8,22.0,67.8,45.8,70.0,56.4,-10.6,well below typical,100.0,100.0,workable,0.282,0.5,0.721,0.644,0.811,3.5,0.884,"pressure,front,chl",71.39,3.23,3.44,0.39,First Quarter,model-blended conditions + exact tide/moon,True,38.2,23.8,22.0,True,False,False
2026-10-18,pt_loma_kelp,Point Loma Kelp,nearshore,white_seabass,White Seabass,pelagic,11,2,moderate,Moderate confidence,46.8,23.0,68.8,45.8,70.2,56.5,-9.7,well below typical,100.0,100.0,workable,0.347,0.5,0.684,0.533,0.81,1.3,0.896,"pressure,front,chl",71.0,2.9,3.4,0.484,First Quarter,model-blended conditions + exact tide/moon,True,33.6,23.8,22.0,True,False,False
2026-10-19,pt_loma_kelp,Point Loma Kelp,nearshore,white_seabass,White Seabass,pelagic,12,2,moderate,Moderate confidence,42.9,19.1,64.9,45.8,70.4,56.7,-13.8,well below typical,100.0,100.0,workable,0.406,0.5,0.384,0.452,0.808,0.0,0.906,"pressure,front,chl",70.64,2.61,1.18,0.579,First Quarter,model-blended conditions + exact tide/moon,True,28.7,23.8,22.0,True,False,False
2026-10-20,pt_loma_kelp,Point Loma Kelp,nearshore,white_seabass,White Seabass,pelagic,13,2,moderate,Moderate confidence,46.2,22.4,68.2,45.8,70.6,56.8,-10.6,well below typical,100.0,100.0,workable,0.459,0.5,0.515,0.401,0.808,0.0,0.915,"pressure,front,chl",70.31,2.36,3.94,0.673,Waxing Gibbous,model-blended conditions + exact tide/moon,True,28.7,23.8,22.0,True,False,False
2026-10-21,pt_loma_kelp,Point Loma Kelp,nearshore,white_seabass,White Seabass,pelagic,14,2,moderate,Moderate confidence,48.1,24.3,70.1,45.8,70.8,57.0,-8.9,well below typical,100.0,100.0,workable,0.508,0.5,0.573,0.373,0.808,-1.7,0.923,"pressure,front,chl",70.01,2.13,4.27,0.762,Waxing Gibbous,model-blended conditions + exact tide/moon,True,28.3,23.8,22.0,True,False,False
2026-10-22,pt_loma_kelp,Point Loma Kelp,nearshore,white_seabass,White Seabass,pelagic,15,3,outlook,Outlook / trend only,50.7,26.9,72.7,45.8,71.1,57.2,-6.5,below typical,,100.0,climatological sea state,0.568,0.5,0.635,0.359,0.809,-2.5,0.933,"pressure,front,chl",69.65,1.85,4.66,0.844,Waxing Gibbous,climatology + ENSO analog + exact tide/moon,True,36.0,23.8,22.0,True,False,False
2026-10-23,pt_loma_kelp,Point Loma Kelp,nearshore,white_seabass,White Seabass,pelagic,16,3,outlook,Outlook / trend only,52.8,29.0,74.8,45.8,71.4,57.5,-4.7,below typical,,100.0,climatological sea state,0.613,0.5,0.698,0.353,0.808,,0.94,"pressure,front,chl",69.37,1.68,5.08,0.912,Waxing Gibbous,climatology + ENSO analog + exact tide/moon,True,36.1,23.8,22.0,True,False,False
2026-10-24,pt_loma_kelp,Point Loma Kelp,nearshore,white_seabass,White Seabass,pelagic,17,3,outlook,Outlook / trend only,51.5,27.7,73.5,45.8,71.8,57.8,-6.3,below typical,,100.0,climatological sea state,0.662,0.5,0.537,0.351,0.81,,0.945,"pressure,front,chl",69.07,1.52,6.12,0.964,Waxing Gibbous,climatology + ENSO analog + exact tide/moon,True,34.6,23.8,22.0,True,False,False
2026-10-25,pt_loma_kelp,Point Loma Kelp,nearshore,white_seabass,White Seabass,pelagic,18,3,outlook,Outlook / trend only,52.7,28.9,74.7,45.8,72.3,58.2,-5.5,below typical,,100.0,climatological sea state,0.708,0.5,0.535,0.35,0.813,,0.95,"pressure,front,chl",68.79,1.39,7.03,0.994,Full,climatology + ENSO analog + exact tide/moon,True,34.0,23.8,22.0,True,False,False
2026-10-26,pt_loma_kelp,Point Loma Kelp,nearshore,white_seabass,White Seabass,pelagic,19,3,outlook,Outlook / trend only,53.7,29.9,75.7,45.8,72.7,58.5,-4.8,below typical,,100.0,climatological sea state,0.751,0.5,0.535,0.35,0.813,,0.954,"pressure,front,chl",68.52,1.27,7.65,0.999,Full,climatology + ENSO analog + exact tide/moon,True,33.1,23.8,22.0,True,False,False
2026-10-27,pt_loma_kelp,Point Loma Kelp,nearshore,white_seabass,White Seabass,pelagic,20,3,outlook,Outlook / trend only,55.3,31.5,77.3,45.8,73.1,58.8,-3.5,below typical,,100.0,climatological sea state,0.792,0.5,0.566,0.35,0.814,,0.958,"pressure,front,chl",68.27,1.16,7.87,0.976,Full,climatology + ENSO analog + exact tide/moon,True,32.7,23.8,22.0,True,False,False
2026-10-28,pt_loma_kelp,Point Loma Kelp,nearshore,white_seabass,White Seabass,pelagic,21,3,outlook,Outlook / trend only,56.9,33.1,78.9,45.8,73.4,59.1,-2.2,near typical,,100.0,climatological sea state,0.83,0.5,0.611,0.35,0.817,,0.961,"pressure,front,chl",68.04,1.07,7.69,0.927,Waning Gibbous,climatology + ENSO analog + exact tide/moon,True,32.6,23.8,22.0,True,False,False
2026-10-29,pt_loma_kelp,Point Loma Kelp,nearshore,white_seabass,White Seabass,pelagic,22,3,outlook,Outlook / trend only,58.9,35.1,80.9,45.8,73.4,59.1,-0.2,near typical,,100.0,climatological sea state,0.868,0.5,0.678,0.35,0.82,,0.965,"pressure,front,chl",67.81,0.98,7.14,0.854,Waning Gibbous,climatology + ENSO analog + exact tide/moon,True,32.8,23.8,22.0,True,False,False
2026-10-30,pt_loma_kelp,Point Loma Kelp,nearshore,white_seabass,White Seabass,pelagic,23,3,outlook,Outlook / trend only,61.1,37.3,83.1,45.8,73.4,59.1,2.0,near typical,,100.0,climatological sea state,0.904,0.5,0.766,0.35,0.821,,0.967,"pressure,front,chl",67.59,0.91,6.38,0.761,Waning Gibbous,climatology + ENSO analog + exact tide/moon,True,33.1,23.8,22.0,True,False,False
2026-10-31,pt_loma_kelp,Point Loma Kelp,nearshore,white_seabass,White Seabass,pelagic,24,3,outlook,Outlook / trend only,62.7,38.9,84.7,45.8,73.4,59.1,3.6,above typical,,100.0,climatological sea state,0.938,0.5,0.823,0.35,0.821,,0.969,"pressure,front,chl",67.38,0.85,5.63,0.655,Waning Gibbous,climatology + ENSO analog + exact tide/moon,True,33.2,23.8,22.0,True,False,False
2026-11-01,pt_loma_kelp,Point Loma Kelp,nearshore,white_seabass,White Seabass,pelagic,25,3,outlook,Outlook / trend only,60.2,36.4,82.2,45.8,73.4,59.1,1.1,near typical,,100.0,climatological sea state,0.885,0.5,0.793,0.351,0.817,,0.952,"pressure,front,chl",67.71,1.32,5.1,0.543,Last Quarter,climatology + ENSO analog + exact tide/moon,True,34.8,23.8,22.0,True,False,False
2026-11-02,pt_loma_kelp,Point Loma Kelp,nearshore,white_seabass,White Seabass,pelagic,26,3,outlook,Outlook / trend only,59.3,35.5,81.3,45.8,73.4,59.1,0.2,near typical,,100.0,climatological sea state,0.919,0.5,0.685,0.353,0.815,,0.954,"pressure,front,chl",67.49,1.28,4.83,0.43,Last Quarter,climatology + ENSO analog + exact tide/moon,True,34.1,23.8,22.0,True,False,False
2026-11-03,pt_loma_kelp,Point Loma Kelp,nearshore,white_seabass,White Seabass,pelagic,27,3,outlook,Outlook / trend only,56.6,32.8,78.6,45.8,73.4,59.1,-2.5,near typical,,100.0,climatological sea state,0.956,0.5,0.492,0.359,0.814,,0.955,"pressure,front,chl",67.27,1.24,4.66,0.322,Last Quarter,climatology + ENSO analog + exact tide/moon,True,32.7,23.8,22.0,True,False,False
2026-11-04,pt_loma_kelp,Point Loma Kelp,nearshore,white_seabass,White Seabass,pelagic,28,3,outlook,Outlook / trend only,59.0,35.2,81.0,45.8,73.3,59.0,0.0,near typical,,100.0,climatological sea state,0.991,0.5,0.559,0.373,0.814,,0.956,"pressure,front,chl",67.06,1.21,4.92,0.226,Waning Crescent,climatology + ENSO analog + exact tide/moon,True,32.8,23.8,22.0,True,False,False
2026-11-05,pt_loma_kelp,Point Loma Kelp,nearshore,white_seabass,White Seabass,pelagic,29,3,outlook,Outlook / trend only,61.6,37.8,83.6,45.8,73.4,59.1,2.5,near typical,,100.0,climatological sea state,1.0,0.5,0.627,0.402,0.814,,0.963,"pressure,front,chl",66.71,1.04,5.27,0.144,Waning Crescent,climatology + ENSO analog + exact tide/moon,True,32.6,23.8,22.0,True,False,False
2026-11-06,pt_loma_kelp,Point Loma Kelp,nearshore,white_seabass,White Seabass,pelagic,30,3,outlook,Outlook / trend only,62.0,38.2,84.0,45.8,73.3,59.0,3.0,above typical,,100.0,climatological sea state,1.0,0.5,0.574,0.454,0.813,,0.964,"pressure,front,chl",66.51,1.01,6.13,0.079,Waning Crescent,climatology + ENSO analog + exact tide/moon,True,32.5,23.8,22.0,True,False,False
2026-10-14,pt_loma_kelp,Point Loma Kelp,nearshore,yellowtail,California Yellowtail,pelagic,7,2,moderate,Moderate confidence,97.8,91.0,99.9,8.9,80.6,64.9,32.9,well above typical,100.0,100.0,workable,0.851,0.75,0.604,0.886,0.836,0.2,1.35,"pressure,front,chl",72.91,4.5,5.22,0.143,Waxing Crescent,model-blended conditions + exact tide/moon,True,8.9,6.8,2.1,False,False,False
2026-10-15,pt_loma_kelp,Point Loma Kelp,nearshore,yellowtail,California Yellowtail,pelagic,8,2,moderate,Moderate confidence,98.5,91.7,99.9,8.2,80.6,64.9,33.6,well above typical,100.0,100.0,workable,0.942,0.75,0.601,0.904,0.849,0.6,1.35,"pressure,front,chl",72.36,4.02,4.5,0.217,Waxing Crescent,model-blended conditions + exact tide/moon,True,6.9,6.8,2.1,True,True,False
2026-10-16,pt_loma_kelp,Point Loma Kelp,nearshore,yellowtail,California Yellowtail,pelagic,9,2,moderate,Moderate confidence,98.6,91.8,99.9,8.1,80.5,64.8,33.8,well above typical,98.8,100.0,workable,1.0,0.75,0.622,0.925,0.871,-1.6,1.324,"pressure,front,chl",71.85,3.6,3.84,0.3,Waxing Crescent,model-blended conditions + exact tide/moon,True,6.9,6.8,2.1,True,True,False
2026-10-17,pt_loma_kelp,Point Loma Kelp,nearshore,yellowtail,California Yellowtail,pelagic,10,2,moderate,Moderate confidence,98.5,91.7,99.9,8.2,80.5,64.8,33.7,well above typical,100.0,100.0,workable,1.0,0.75,0.655,0.948,0.869,3.5,1.291,"pressure,front,chl",71.39,3.23,3.44,0.39,First Quarter,model-blended conditions + exact tide/moon,True,7.6,6.8,2.1,True,True,False
2026-10-18,pt_loma_kelp,Point Loma Kelp,nearshore,yellowtail,California Yellowtail,pelagic,11,2,moderate,Moderate confidence,98.0,90.2,99.9,9.7,80.5,64.8,33.2,well above typical,100.0,100.0,workable,1.0,0.75,0.634,0.971,0.868,1.3,1.261,"pressure,front,chl",71.0,2.9,3.4,0.484,First Quarter,model-blended conditions + exact tide/moon,True,9.7,7.8,2.1,True,True,False
2026-10-19,pt_loma_kelp,Point Loma Kelp,nearshore,yellowtail,California Yellowtail,pelagic,12,2,moderate,Moderate confidence,94.2,80.5,99.9,19.4,80.5,64.8,29.4,well above typical,100.0,100.0,workable,1.0,0.75,0.398,0.955,0.866,0.0,1.235,"pressure,front,chl",70.64,2.61,1.18,0.579,First Quarter,model-blended conditions + exact tide/moon,True,19.4,13.7,5.7,False,False,False
2026-10-20,pt_loma_kelp,Point Loma Kelp,nearshore,yellowtail,California Yellowtail,pelagic,13,2,moderate,Moderate confidence,95.9,82.2,99.9,17.7,80.5,64.8,31.1,well above typical,100.0,100.0,workable,1.0,0.75,0.541,0.932,0.866,0.0,1.212,"pressure,front,chl",70.31,2.36,3.94,0.673,Waxing Gibbous,model-blended conditions + exact tide/moon,True,17.0,13.7,5.7,True,True,False
2026-10-21,pt_loma_kelp,Point Loma Kelp,nearshore,yellowtail,California Yellowtail,pelagic,14,2,moderate,Moderate confidence,95.8,82.0,99.9,17.9,80.5,64.8,31.0,well above typical,100.0,100.0,workable,1.0,0.75,0.593,0.909,0.866,-1.7,1.192,"pressure,front,chl",70.01,2.13,4.27,0.762,Waxing Gibbous,model-blended conditions + exact tide/moon,True,17.9,13.8,5.7,True,True,False
2026-10-22,pt_loma_kelp,Point Loma Kelp,nearshore,yellowtail,California Yellowtail,pelagic,15,3,outlook,Outlook / trend only,95.4,76.8,99.9,23.1,80.5,64.8,30.6,well above typical,,100.0,climatological sea state,1.0,0.75,0.647,0.889,0.867,-2.5,1.167,"pressure,front,chl",69.65,1.85,4.66,0.844,Waxing Gibbous,climatology + ENSO analog + exact tide/moon,True,23.1,18.6,5.7,True,True,False
2026-10-23,pt_loma_kelp,Point Loma Kelp,nearshore,yellowtail,California Yellowtail,pelagic,16,3,outlook,Outlook / trend only,95.4,76.3,99.9,23.6,80.5,64.8,30.6,well above typical,,100.0,climatological sea state,1.0,0.75,0.702,0.872,0.866,,1.151,"pressure,front,chl",69.37,1.68,5.08,0.912,Waxing Gibbous,climatology + ENSO analog + exact tide/moon,True,23.6,19.1,5.7,True,True,False
2026-10-24,pt_loma_kelp,Point Loma Kelp,nearshore,yellowtail,California Yellowtail,pelagic,17,3,outlook,Outlook / trend only,93.7,73.2,99.9,26.7,80.5,64.8,28.9,well above typical,,100.0,climatological sea state,1.0,0.75,0.625,0.859,0.868,,1.137,"pressure,front,chl",69.07,1.52,6.12,0.964,Waxing Gibbous,climatology + ENSO analog + exact tide/moon,True,26.7,20.5,6.2,False,False,False
2026-10-25,pt_loma_kelp,Point Loma Kelp,nearshore,yellowtail,California Yellowtail,pelagic,18,3,outlook,Outlook / trend only,93.2,72.3,99.9,27.6,80.5,64.8,28.4,well above typical,,100.0,climatological sea state,1.0,0.75,0.638,0.852,0.87,,1.125,"pressure,front,chl",68.79,1.39,7.03,0.994,Full,climatology + ENSO analog + exact tide/moon,True,27.6,20.9,6.7,False,False,False
2026-10-26,pt_loma_kelp,Point Loma Kelp,nearshore,yellowtail,California Yellowtail,pelagic,19,3,outlook,Outlook / trend only,92.7,71.2,99.9,28.7,80.5,64.8,27.9,well above typical,,100.0,climatological sea state,1.0,0.75,0.643,0.85,0.871,,1.114,"pressure,front,chl",68.52,1.27,7.65,0.999,Full,climatology + ENSO analog + exact tide/moon,True,28.7,21.5,7.2,False,False,False
2026-10-27,pt_loma_kelp,Point Loma Kelp,nearshore,yellowtail,California Yellowtail,pelagic,20,3,outlook,Outlook / trend only,92.5,70.5,99.9,29.4,80.6,64.8,27.7,well above typical,,100.0,climatological sea state,1.0,0.75,0.663,0.856,0.872,,1.104,"pressure,front,chl",68.27,1.16,7.87,0.976,Full,climatology + ENSO analog + exact tide/moon,True,29.4,22.0,7.4,False,False,False
2026-10-28,pt_loma_kelp,Point Loma Kelp,nearshore,yellowtail,California Yellowtail,pelagic,21,3,outlook,Outlook / trend only,92.5,69.9,99.9,30.0,80.6,64.9,27.6,well above typical,,100.0,climatological sea state,1.0,0.75,0.688,0.868,0.874,,1.096,"pressure,front,chl",68.04,1.07,7.69,0.927,Waning Gibbous,climatology + ENSO analog + exact tide/moon,True,30.0,22.6,7.4,False,False,False
2026-10-29,pt_loma_kelp,Point Loma Kelp,nearshore,yellowtail,California Yellowtail,pelagic,22,3,outlook,Outlook / trend only,92.8,69.5,99.9,30.4,80.6,64.9,27.9,well above typical,,100.0,climatological sea state,1.0,0.75,0.723,0.886,0.876,,1.088,"pressure,front,chl",67.81,0.98,7.14,0.854,Waning Gibbous,climatology + ENSO analog + exact tide/moon,True,30.4,23.3,7.4,True,True,False
2026-10-30,pt_loma_kelp,Point Loma Kelp,nearshore,yellowtail,California Yellowtail,pelagic,23,3,outlook,Outlook / trend only,93.3,69.3,99.9,30.6,80.6,64.9,28.4,well above typical,,100.0,climatological sea state,1.0,0.75,0.769,0.91,0.877,,1.082,"pressure,front,chl",67.59,0.91,6.38,0.761,Waning Gibbous,climatology + ENSO analog + exact tide/moon,True,30.6,24.0,7.4,True,True,False
2026-10-31,pt_loma_kelp,Point Loma Kelp,nearshore,yellowtail,California Yellowtail,pelagic,24,3,outlook,Outlook / trend only,93.3,68.6,99.9,31.3,80.6,64.9,28.4,well above typical,,100.0,climatological sea state,1.0,0.75,0.786,0.936,0.877,,1.077,"pressure,front,chl",67.38,0.85,5.63,0.655,Waning Gibbous,climatology + ENSO analog + exact tide/moon,True,31.3,24.7,7.4,True,True,False
2026-11-01,pt_loma_kelp,Point Loma Kelp,nearshore,yellowtail,California Yellowtail,pelagic,25,3,outlook,Outlook / trend only,88.5,63.8,99.9,36.1,74.9,60.3,28.2,well above typical,,100.0,climatological sea state,1.0,0.5,0.753,0.964,0.874,,1.119,"pressure,front,chl",67.71,1.32,5.1,0.543,Last Quarter,climatology + ENSO analog + exact tide/moon,True,35.6,24.7,11.4,True,False,False
2026-11-02,pt_loma_kelp,Point Loma Kelp,nearshore,yellowtail,California Yellowtail,pelagic,26,3,outlook,Outlook / trend only,86.5,61.8,99.9,38.1,74.9,60.3,26.2,well above typical,,100.0,climatological sea state,1.0,0.5,0.679,0.958,0.872,,1.115,"pressure,front,chl",67.49,1.28,4.83,0.43,Last Quarter,climatology + ENSO analog + exact tide/moon,True,37.9,24.7,13.4,True,False,False
2026-11-03,pt_loma_kelp,Point Loma Kelp,nearshore,yellowtail,California Yellowtail,pelagic,27,3,outlook,Outlook / trend only,82.9,58.2,99.9,41.7,74.9,60.3,22.6,well above typical,,100.0,climatological sea state,1.0,0.5,0.552,0.93,0.872,,1.112,"pressure,front,chl",67.27,1.24,4.66,0.322,Last Quarter,climatology + ENSO analog + exact tide/moon,True,41.2,24.7,17.0,True,False,False
2026-11-04,pt_loma_kelp,Point Loma Kelp,nearshore,yellowtail,California Yellowtail,pelagic,28,3,outlook,Outlook / trend only,83.9,59.2,99.9,40.7,74.9,60.3,23.6,well above typical,,100.0,climatological sea state,1.0,0.5,0.607,0.906,0.871,,1.109,"pressure,front,chl",67.06,1.21,4.92,0.226,Waning Crescent,climatology + ENSO analog + exact tide/moon,True,40.7,24.7,17.0,True,True,False
2026-11-05,pt_loma_kelp,Point Loma Kelp,nearshore,yellowtail,California Yellowtail,pelagic,29,3,outlook,Outlook / trend only,83.9,58.7,99.9,41.2,74.9,60.3,23.6,well above typical,,100.0,climatological sea state,1.0,0.5,0.661,0.886,0.871,,1.094,"pressure,front,chl",66.71,1.04,5.27,0.144,Waning Crescent,climatology + ENSO analog + exact tide/moon,True,41.2,25.2,17.0,True,True,False
2026-11-06,pt_loma_kelp,Point Loma Kelp,nearshore,yellowtail,California Yellowtail,pelagic,30,3,outlook,Outlook / trend only,83.3,57.0,99.9,42.9,74.9,60.3,23.0,well above typical,,100.0,climatological sea state,1.0,0.5,0.649,0.87,0.87,,1.091,"pressure,front,chl",66.51,1.01,6.13,0.079,Waning Crescent,climatology + ENSO analog + exact tide/moon,True,42.9,26.3,17.0,True,True,False
2026-10-14,sd_bay,San Diego Bay,inshore,california_halibut,California Halibut,flatfish,7,2,moderate,Moderate confidence,14.4,9.6,23.4,13.8,51.6,51.5,-37.1,well below typical,100.0,70.0,workable,0.02,0.5,0.585,0.843,0.724,0.5,0.721,"pressure,chl",75.53,5.16,5.22,0.143,Waxing Crescent,model-blended conditions + exact tide/moon,True,13.8,4.8,9.0,False,False,False
2026-10-15,sd_bay,San Diego Bay,inshore,california_halibut,California Halibut,flatfish,8,2,moderate,Moderate confidence,14.9,10.0,36.4,26.4,52.1,52.1,-37.2,well below typical,100.0,70.0,workable,0.02,0.5,0.576,0.761,0.74,0.3,0.752,"pressure,chl",74.83,4.6,4.5,0.217,Waxing Crescent,model-blended conditions + exact tide/moon,True,26.4,4.9,21.5,False,False,False
2026-10-16,sd_bay,San Diego Bay,inshore,california_halibut,California Halibut,flatfish,9,2,moderate,Moderate confidence,10.4,5.5,34.1,28.6,52.5,52.5,-42.1,well below typical,70.0,70.0,insufficient wind/wave data,0.02,0.5,0.591,0.67,,-1.3,0.779,"pressure,swell,chl",74.24,4.1,3.84,0.3,Waxing Crescent,model-blended conditions + exact tide/moon,True,28.0,4.9,23.7,True,False,False
2026-10-17,sd_bay,San Diego Bay,inshore,california_halibut,California Halibut,flatfish,10,2,moderate,Moderate confidence,17.0,6.4,40.7,34.3,52.9,52.9,-35.9,well below typical,70.0,70.0,insufficient wind/wave data,0.07,0.5,0.621,0.571,,3.4,0.802,"pressure,swell,chl",73.7,3.66,3.44,0.39,First Quarter,model-blended conditions + exact tide/moon,True,32.8,10.6,23.7,True,False,False
2026-10-18,sd_bay,San Diego Bay,inshore,california_halibut,California Halibut,flatfish,11,2,moderate,Moderate confidence,22.6,6.4,46.3,39.9,53.3,53.3,-30.7,well below typical,70.0,70.0,insufficient wind/wave data,0.151,0.5,0.601,0.468,,1.0,0.823,"pressure,swell,chl",73.2,3.27,3.4,0.484,First Quarter,model-blended conditions + exact tide/moon,True,36.1,16.2,23.7,True,False,False
2026-10-19,sd_bay,San Diego Bay,inshore,california_halibut,California Halibut,flatfish,12,2,moderate,Moderate confidence,23.0,5.2,46.7,41.5,53.8,53.8,-30.8,well below typical,70.0,70.0,insufficient wind/wave data,0.225,0.5,0.359,0.537,,0.0,0.842,"pressure,swell,chl",72.74,2.93,1.18,0.579,First Quarter,model-blended conditions + exact tide/moon,True,34.8,17.8,23.7,True,False,False
2026-10-20,sd_bay,San Diego Bay,inshore,california_halibut,California Halibut,flatfish,13,2,moderate,Moderate confidence,29.1,6.4,52.8,46.4,54.2,54.2,-25.1,well below typical,70.0,70.0,insufficient wind/wave data,0.291,0.5,0.515,0.64,,0.0,0.859,"pressure,swell,chl",72.34,2.62,3.94,0.673,Waxing Gibbous,model-blended conditions + exact tide/moon,True,41.6,22.7,23.7,True,False,False
2026-10-21,sd_bay,San Diego Bay,inshore,california_halibut,California Halibut,flatfish,14,2,moderate,Moderate confidence,33.0,6.9,56.7,49.8,54.6,54.6,-21.6,well below typical,70.0,70.0,insufficient wind/wave data,0.353,0.5,0.568,0.738,,-1.6,0.873,"pressure,swell,chl",71.96,2.36,4.27,0.762,Waxing Gibbous,model-blended conditions + exact tide/moon,True,45.7,26.1,23.7,True,False,False
2026-10-22,sd_bay,San Diego Bay,inshore,california_halibut,California Halibut,flatfish,15,3,outlook,Outlook / trend only,37.3,3.9,61.6,57.7,55.0,55.0,-17.7,well below typical,,70.0,climatological sea state,0.422,0.5,0.625,0.828,,-2.5,0.89,"pressure,swell,chl",71.54,2.04,4.66,0.844,Waxing Gibbous,climatology + ENSO analog + exact tide/moon,True,57.7,33.4,24.3,False,False,False
2026-10-23,sd_bay,San Diego Bay,inshore,california_halibut,California Halibut,flatfish,16,3,outlook,Outlook / trend only,40.8,7.4,65.8,58.4,55.4,55.4,-14.6,well below typical,,70.0,climatological sea state,0.475,0.5,0.682,0.903,,,0.901,"pressure,swell,chl",71.21,1.83,5.08,0.912,Waxing Gibbous,climatology + ENSO analog + exact tide/moon,True,56.1,33.4,25.0,True,False,False
2026-10-24,sd_bay,San Diego Bay,inshore,california_halibut,California Halibut,flatfish,17,3,outlook,Outlook / trend only,41.5,8.1,66.5,58.4,55.8,55.8,-14.3,well below typical,,70.0,climatological sea state,0.524,0.5,0.614,0.96,,,0.911,"pressure,swell,chl",70.92,1.65,6.12,0.964,Waxing Gibbous,climatology + ENSO analog + exact tide/moon,True,53.9,33.4,25.0,True,False,False
2026-10-25,sd_bay,San Diego Bay,inshore,california_halibut,California Halibut,flatfish,18,3,outlook,Outlook / trend only,43.6,10.2,68.9,58.7,56.2,56.2,-12.6,well below typical,,70.0,climatological sea state,0.568,0.5,0.631,0.993,,,0.92,"pressure,swell,chl",70.64,1.49,7.03,0.994,Full,climatology + ENSO analog + exact tide/moon,True,54.0,33.4,25.3,True,False,False
2026-10-26,sd_bay,San Diego Bay,inshore,california_halibut,California Halibut,flatfish,19,3,outlook,Outlook / trend only,45.2,11.8,70.5,58.7,56.6,56.6,-11.4,well below typical,,70.0,climatological sea state,0.609,0.5,0.637,0.999,,,0.928,"pressure,swell,chl",70.4,1.34,7.65,0.999,Full,climatology + ENSO analog + exact tide/moon,True,52.9,33.4,25.3,True,False,False
2026-10-27,sd_bay,San Diego Bay,inshore,california_halibut,California Halibut,flatfish,20,3,outlook,Outlook / trend only,46.9,13.5,72.2,58.7,57.0,57.0,-10.1,well below typical,,70.0,climatological sea state,0.648,0.5,0.656,0.974,,,0.934,"pressure,swell,chl",70.16,1.22,7.87,0.976,Full,climatology + ENSO analog + exact tide/moon,True,52.0,33.4,25.3,True,False,False
2026-10-28,sd_bay,San Diego Bay,inshore,california_halibut,California Halibut,flatfish,21,3,outlook,Outlook / trend only,48.6,15.2,73.9,58.7,57.4,57.4,-8.8,well below typical,,70.0,climatological sea state,0.685,0.5,0.679,0.92,,,0.94,"pressure,swell,chl",69.93,1.11,7.69,0.927,Waning Gibbous,climatology + ENSO analog + exact tide/moon,True,51.3,33.4,25.3,True,False,False
2026-10-29,sd_bay,San Diego Bay,inshore,california_halibut,California Halibut,flatfish,22,3,outlook,Outlook / trend only,50.2,16.8,75.5,58.7,57.8,57.8,-7.6,below typical,,70.0,climatological sea state,0.722,0.5,0.712,0.839,,,0.945,"pressure,swell,chl",69.7,1.01,7.14,0.854,Waning Gibbous,climatology + ENSO analog + exact tide/moon,True,50.7,33.4,25.3,True,False,False
2026-10-30,sd_bay,San Diego Bay,inshore,california_halibut,California Halibut,flatfish,23,3,outlook,Outlook / trend only,51.9,18.5,77.2,58.7,58.2,58.2,-6.3,below typical,,70.0,climatological sea state,0.759,0.5,0.754,0.737,,,0.95,"pressure,swell,chl",69.48,0.92,6.38,0.761,Waning Gibbous,climatology + ENSO analog + exact tide/moon,True,50.3,33.4,25.3,True,False,False
2026-10-31,sd_bay,San Diego Bay,inshore,california_halibut,California Halibut,flatfish,24,3,outlook,Outlook / trend only,52.6,19.2,77.9,58.7,58.7,58.7,-6.1,below typical,,70.0,climatological sea state,0.795,0.5,0.765,0.621,,,0.954,"pressure,swell,chl",69.26,0.85,5.63,0.655,Waning Gibbous,climatology + ENSO analog + exact tide/moon,True,49.3,33.4,25.3,True,False,False
2026-11-01,sd_bay,San Diego Bay,inshore,california_halibut,California Halibut,flatfish,25,3,outlook,Outlook / trend only,45.7,12.3,71.0,58.7,56.3,56.3,-10.6,well below typical,,70.0,climatological sea state,0.737,0.4,0.73,0.497,,,0.928,"pressure,swell,chl",69.61,1.34,5.1,0.543,Last Quarter,climatology + ENSO analog + exact tide/moon,True,48.3,33.4,25.3,True,False,False
2026-11-02,sd_bay,San Diego Bay,inshore,california_halibut,California Halibut,flatfish,26,3,outlook,Outlook / trend only,45.2,11.8,70.5,58.7,56.8,56.8,-11.6,well below typical,,70.0,climatological sea state,0.771,0.4,0.657,0.527,,,0.93,"pressure,swell,chl",69.4,1.29,4.83,0.43,Last Quarter,climatology + ENSO analog + exact tide/moon,True,46.8,33.4,25.3,True,False,False
2026-11-03,sd_bay,San Diego Bay,inshore,california_halibut,California Halibut,flatfish,27,3,outlook,Outlook / trend only,43.7,10.3,69.0,58.7,57.1,57.1,-13.4,well below typical,,70.0,climatological sea state,0.805,0.4,0.532,0.646,,,0.933,"pressure,swell,chl",69.2,1.24,4.66,0.322,Last Quarter,climatology + ENSO analog + exact tide/moon,True,44.7,33.4,25.3,True,False,False
2026-11-04,sd_bay,San Diego Bay,inshore,california_halibut,California Halibut,flatfish,28,3,outlook,Outlook / trend only,46.3,12.9,71.6,58.7,57.1,57.1,-10.8,well below typical,,70.0,climatological sea state,0.838,0.4,0.588,0.751,,,0.935,"pressure,swell,chl",68.99,1.2,4.92,0.226,Waning Crescent,climatology + ENSO analog + exact tide/moon,True,45.5,33.4,25.3,True,False,False
2026-11-05,sd_bay,San Diego Bay,inshore,california_halibut,California Halibut,flatfish,29,3,outlook,Outlook / trend only,49.6,16.2,74.9,58.7,57.1,57.1,-7.5,below typical,,70.0,climatological sea state,0.893,0.4,0.644,0.842,,,0.944,"pressure,swell,chl",68.65,1.03,5.27,0.144,Waning Crescent,climatology + ENSO analog + exact tide/moon,True,45.9,33.4,25.3,True,False,False
2026-11-06,sd_bay,San Diego Bay,inshore,california_halibut,California Halibut,flatfish,30,3,outlook,Outlook / trend only,50.4,17.0,75.7,58.7,57.1,57.1,-6.7,below typical,,70.0,climatological sea state,0.925,0.4,0.637,0.913,,,0.946,"pressure,swell,chl",68.46,1.0,6.13,0.079,Waning Crescent,climatology + ENSO analog + exact tide/moon,True,45.7,33.4,25.3,True,False,False
2026-10-14,sd_bay,San Diego Bay,inshore,sand_bass,Barred Sand Bass,bass,7,2,moderate,Moderate confidence,83.9,72.8,89.3,16.5,59.4,59.4,24.5,well above typical,100.0,70.0,workable,0.75,0.5,0.604,0.886,0.806,0.5,1.279,"pressure,chl",75.53,5.16,5.22,0.143,Waxing Crescent,model-blended conditions + exact tide/moon,True,16.5,11.1,5.4,False,False,False
2026-10-15,sd_bay,San Diego Bay,inshore,sand_bass,Barred Sand Bass,bass,8,2,moderate,Moderate confidence,86.3,75.2,91.7,16.5,59.4,59.4,26.9,well above typical,100.0,70.0,workable,0.864,0.5,0.601,0.904,0.819,0.3,1.248,"pressure,chl",74.83,4.6,4.5,0.217,Waxing Crescent,model-blended conditions + exact tide/moon,True,11.6,11.1,5.4,True,False,False
2026-10-16,sd_bay,San Diego Bay,inshore,sand_bass,Barred Sand Bass,bass,9,2,moderate,Moderate confidence,69.9,58.8,75.3,16.5,59.4,59.4,10.5,well above typical,70.0,70.0,insufficient wind/wave data,0.961,0.5,0.622,0.925,,-1.3,1.221,"pressure,swell,chl",74.24,4.1,3.84,0.3,Waxing Crescent,model-blended conditions + exact tide/moon,True,10.8,11.1,5.4,True,False,False
2026-10-17,sd_bay,San Diego Bay,inshore,sand_bass,Barred Sand Bass,bass,10,2,moderate,Moderate confidence,70.6,59.5,76.0,16.5,59.4,59.4,11.2,well above typical,70.0,70.0,insufficient wind/wave data,1.0,0.5,0.655,0.948,,3.4,1.198,"pressure,swell,chl",73.7,3.66,3.44,0.39,First Quarter,model-blended conditions + exact tide/moon,True,12.3,11.1,5.4,True,False,False
2026-10-18,sd_bay,San Diego Bay,inshore,sand_bass,Barred Sand Bass,bass,11,2,moderate,Moderate confidence,69.0,57.9,74.4,16.5,59.4,59.4,9.6,well above typical,70.0,70.0,insufficient wind/wave data,1.0,0.5,0.634,0.971,,1.0,1.177,"pressure,swell,chl",73.2,3.27,3.4,0.484,First Quarter,model-blended conditions + exact tide/moon,True,12.6,11.1,5.4,True,False,False
2026-10-19,sd_bay,San Diego Bay,inshore,sand_bass,Barred Sand Bass,bass,12,2,moderate,Moderate confidence,61.5,50.4,66.9,16.5,59.4,59.4,2.1,near typical,70.0,70.0,insufficient wind/wave data,1.0,0.5,0.398,0.955,,0.0,1.158,"pressure,swell,chl",72.74,2.93,1.18,0.579,First Quarter,model-blended conditions + exact tide/moon,True,14.3,11.1,5.4,True,False,False
2026-10-20,sd_bay,San Diego Bay,inshore,sand_bass,Barred Sand Bass,bass,13,2,moderate,Moderate confidence,64.5,53.4,71.5,18.1,59.4,59.4,5.1,above typical,70.0,70.0,insufficient wind/wave data,1.0,0.5,0.541,0.932,,0.0,1.141,"pressure,swell,chl",72.34,2.62,3.94,0.673,Waxing Gibbous,model-blended conditions + exact tide/moon,True,17.0,11.1,7.0,True,False,False
2026-10-21,sd_bay,San Diego Bay,inshore,sand_bass,Barred Sand Bass,bass,14,2,moderate,Moderate confidence,64.8,53.7,73.6,19.9,59.4,59.4,5.4,above typical,70.0,70.0,insufficient wind/wave data,1.0,0.5,0.593,0.909,,-1.6,1.127,"pressure,swell,chl",71.96,2.36,4.27,0.762,Waxing Gibbous,model-blended conditions + exact tide/moon,True,19.2,11.1,8.8,True,False,False
2026-10-22,sd_bay,San Diego Bay,inshore,sand_bass,Barred Sand Bass,bass,15,3,outlook,Outlook / trend only,64.9,50.2,79.6,29.4,59.4,59.4,5.5,above typical,,70.0,climatological sea state,1.0,0.5,0.647,0.889,,-2.5,1.11,"pressure,swell,chl",71.54,2.04,4.66,0.844,Waxing Gibbous,climatology + ENSO analog + exact tide/moon,True,29.4,14.7,14.7,False,False,False
2026-10-23,sd_bay,San Diego Bay,inshore,sand_bass,Barred Sand Bass,bass,16,3,outlook,Outlook / trend only,65.3,50.2,80.3,30.1,59.4,59.4,5.9,above typical,,70.0,climatological sea state,1.0,0.5,0.702,0.872,,,1.099,"pressure,swell,chl",71.21,1.83,5.08,0.912,Waxing Gibbous,climatology + ENSO analog + exact tide/moon,True,30.1,15.1,15.0,False,False,False
2026-10-24,sd_bay,San Diego Bay,inshore,sand_bass,Barred Sand Bass,bass,17,3,outlook,Outlook / trend only,63.0,47.9,78.1,30.2,59.4,59.4,3.6,above typical,,70.0,climatological sea state,1.0,0.5,0.625,0.859,,,1.089,"pressure,swell,chl",70.92,1.65,6.12,0.964,Waxing Gibbous,climatology + ENSO analog + exact tide/moon,True,30.1,15.1,15.1,True,False,False
2026-10-25,sd_bay,San Diego Bay,inshore,sand_bass,Barred Sand Bass,bass,18,3,outlook,Outlook / trend only,62.8,47.5,78.1,30.6,59.4,59.4,3.4,above typical,,70.0,climatological sea state,1.0,0.5,0.638,0.852,,,1.08,"pressure,swell,chl",70.64,1.49,7.03,0.994,Full,climatology + ENSO analog + exact tide/moon,True,30.6,15.3,15.3,False,False,False
2026-10-26,sd_bay,San Diego Bay,inshore,sand_bass,Barred Sand Bass,bass,19,3,outlook,Outlook / trend only,62.4,46.9,77.9,31.0,59.4,59.4,3.0,above typical,,70.0,climatological sea state,1.0,0.5,0.643,0.85,,,1.072,"pressure,swell,chl",70.4,1.34,7.65,0.999,Full,climatology + ENSO analog + exact tide/moon,True,31.0,15.5,15.5,False,False,False
2026-10-27,sd_bay,San Diego Bay,inshore,sand_bass,Barred Sand Bass,bass,20,3,outlook,Outlook / trend only,62.5,46.8,78.2,31.4,59.4,59.4,3.1,above typical,,70.0,climatological sea state,1.0,0.5,0.663,0.856,,,1.066,"pressure,swell,chl",70.16,1.22,7.87,0.976,Full,climatology + ENSO analog + exact tide/moon,True,31.4,15.7,15.7,False,False,False
2026-10-28,sd_bay,San Diego Bay,inshore,sand_bass,Barred Sand Bass,bass,21,3,outlook,Outlook / trend only,62.7,46.7,78.6,31.9,59.4,59.4,3.3,above typical,,70.0,climatological sea state,1.0,0.5,0.688,0.868,,,1.06,"pressure,swell,chl",69.93,1.11,7.69,0.927,Waning Gibbous,climatology + ENSO analog + exact tide/moon,True,31.9,16.0,15.9,False,False,False
2026-10-29,sd_bay,San Diego Bay,inshore,sand_bass,Barred Sand Bass,bass,22,3,outlook,Outlook / trend only,63.1,46.9,79.3,32.4,59.4,59.4,3.7,above typical,,70.0,climatological sea state,1.0,0.5,0.723,0.886,,,1.055,"pressure,swell,chl",69.7,1.01,7.14,0.854,Waning Gibbous,climatology + ENSO analog + exact tide/moon,True,32.4,16.2,16.2,False,False,False
2026-10-30,sd_bay,San Diego Bay,inshore,sand_bass,Barred Sand Bass,bass,23,3,outlook,Outlook / trend only,63.8,47.3,80.2,32.9,59.4,59.4,4.4,above typical,,70.0,climatological sea state,1.0,0.5,0.769,0.91,,,1.05,"pressure,swell,chl",69.48,0.92,6.38,0.761,Waning Gibbous,climatology + ENSO analog + exact tide/moon,True,32.9,16.5,16.4,False,False,False
2026-10-31,sd_bay,San Diego Bay,inshore,sand_bass,Barred Sand Bass,bass,24,3,outlook,Outlook / trend only,64.0,47.3,80.6,33.3,59.4,59.4,4.6,above typical,,70.0,climatological sea state,1.0,0.5,0.786,0.936,,,1.046,"pressure,swell,chl",69.26,0.85,5.63,0.655,Waning Gibbous,climatology + ENSO analog + exact tide/moon,True,33.3,16.7,16.6,False,False,False
2026-11-01,sd_bay,San Diego Bay,inshore,sand_bass,Barred Sand Bass,bass,25,3,outlook,Outlook / trend only,55.4,38.7,72.0,33.3,51.9,51.9,3.5,above typical,,70.0,climatological sea state,1.0,0.3,0.753,0.964,,,1.072,"pressure,swell,chl",69.61,1.34,5.1,0.543,Last Quarter,climatology + ENSO analog + exact tide/moon,True,30.7,16.7,16.6,True,False,False
2026-11-02,sd_bay,San Diego Bay,inshore,sand_bass,Barred Sand Bass,bass,26,3,outlook,Outlook / trend only,54.1,37.4,70.7,33.3,51.9,51.9,2.2,near typical,,70.0,climatological sea state,1.0,0.3,0.679,0.958,,,1.07,"pressure,swell,chl",69.4,1.29,4.83,0.43,Last Quarter,climatology + ENSO analog + exact tide/moon,True,30.6,16.7,16.6,True,False,False
2026-11-03,sd_bay,San Diego Bay,inshore,sand_bass,Barred Sand Bass,bass,27,3,outlook,Outlook / trend only,51.5,34.8,68.1,33.3,51.9,51.9,-0.4,near typical,,70.0,climatological sea state,1.0,0.3,0.552,0.93,,,1.067,"pressure,swell,chl",69.2,1.24,4.66,0.322,Last Quarter,climatology + ENSO analog + exact tide/moon,True,30.1,16.7,16.6,True,False,False
2026-11-04,sd_bay,San Diego Bay,inshore,sand_bass,Barred Sand Bass,bass,28,3,outlook,Outlook / trend only,52.4,35.7,69.0,33.3,51.9,51.9,0.5,near typical,,70.0,climatological sea state,1.0,0.3,0.607,0.906,,,1.065,"pressure,swell,chl",68.99,1.2,4.92,0.226,Waning Crescent,climatology + ENSO analog + exact tide/moon,True,30.7,16.7,16.6,True,False,False
2026-11-05,sd_bay,San Diego Bay,inshore,sand_bass,Barred Sand Bass,bass,29,3,outlook,Outlook / trend only,52.7,36.0,69.3,33.3,51.9,51.9,0.8,near typical,,70.0,climatological sea state,1.0,0.3,0.661,0.886,,,1.056,"pressure,swell,chl",68.65,1.03,5.27,0.144,Waning Crescent,climatology + ENSO analog + exact tide/moon,True,31.3,16.7,16.6,True,False,False
2026-11-06,sd_bay,San Diego Bay,inshore,sand_bass,Barred Sand Bass,bass,30,3,outlook,Outlook / trend only,52.4,35.7,69.0,33.3,51.9,51.9,0.5,near typical,,70.0,climatological sea state,1.0,0.3,0.649,0.87,,,1.054,"pressure,swell,chl",68.46,1.0,6.13,0.079,Waning Crescent,climatology + ENSO analog + exact tide/moon,True,31.6,16.7,16.6,True,False,False
2026-10-14,sd_bay,San Diego Bay,inshore,spotted_bay_bass,Spotted Bay Bass,bass,7,2,moderate,Moderate confidence,94.5,86.2,98.2,12.0,63.6,63.6,30.9,well above typical,100.0,70.0,workable,1.0,0.8,0.585,0.843,1.0,0.5,1.279,"pressure,chl",75.53,5.16,5.22,0.143,Waxing Crescent,model-blended conditions + exact tide/moon,True,12.0,8.3,3.7,False,False,False
2026-10-15,sd_bay,San Diego Bay,inshore,spotted_bay_bass,Spotted Bay Bass,bass,8,2,moderate,Moderate confidence,92.1,82.3,98.3,16.0,63.6,63.6,28.5,well above typical,100.0,70.0,workable,1.0,0.8,0.576,0.761,1.0,0.3,1.248,"pressure,chl",74.83,4.6,4.5,0.217,Waxing Crescent,model-blended conditions + exact tide/moon,True,16.0,9.8,6.2,False,False,False
2026-10-16,sd_bay,San Diego Bay,inshore,spotted_bay_bass,Spotted Bay Bass,bass,9,2,moderate,Moderate confidence,71.7,61.9,80.3,18.4,63.6,63.6,8.1,well above typical,70.0,70.0,insufficient wind/wave data,1.0,0.8,0.591,0.67,,-1.3,1.221,"pressure,swell,chl",74.24,4.1,3.84,0.3,Waxing Crescent,model-blended conditions + exact tide/moon,True,17.6,9.8,8.6,True,False,False
2026-10-17,sd_bay,San Diego Bay,inshore,spotted_bay_bass,Spotted Bay Bass,bass,10,2,moderate,Moderate confidence,71.0,61.2,80.3,19.1,63.6,63.6,7.4,above typical,70.0,70.0,insufficient wind/wave data,1.0,0.8,0.621,0.571,,3.4,1.198,"pressure,swell,chl",73.7,3.66,3.44,0.39,First Quarter,model-blended conditions + exact tide/moon,True,18.7,9.8,9.3,True,False,False
2026-10-18,sd_bay,San Diego Bay,inshore,spotted_bay_bass,Spotted Bay Bass,bass,11,2,moderate,Moderate confidence,67.6,57.8,77.0,19.2,63.6,63.6,4.0,above typical,70.0,70.0,insufficient wind/wave data,1.0,0.8,0.601,0.468,,1.0,1.177,"pressure,swell,chl",73.2,3.27,3.4,0.484,First Quarter,model-blended conditions + exact tide/moon,True,18.9,9.8,9.4,True,False,False
2026-10-19,sd_bay,San Diego Bay,inshore,spotted_bay_bass,Spotted Bay Bass,bass,12,2,moderate,Moderate confidence,53.1,43.3,62.5,19.2,63.6,63.6,-10.5,well below typical,70.0,70.0,insufficient wind/wave data,1.0,0.8,0.359,0.537,,0.0,1.158,"pressure,swell,chl",72.74,2.93,1.18,0.579,First Quarter,model-blended conditions + exact tide/moon,True,16.8,9.8,9.4,True,False,False
2026-10-20,sd_bay,San Diego Bay,inshore,spotted_bay_bass,Spotted Bay Bass,bass,13,2,moderate,Moderate confidence,62.6,52.8,72.4,19.6,63.6,63.6,-1.0,near typical,70.0,70.0,insufficient wind/wave data,1.0,0.8,0.515,0.64,,0.0,1.141,"pressure,swell,chl",72.34,2.62,3.94,0.673,Waxing Gibbous,model-blended conditions + exact tide/moon,True,19.6,9.8,9.8,False,False,False
2026-10-21,sd_bay,San Diego Bay,inshore,spotted_bay_bass,Spotted Bay Bass,bass,14,2,moderate,Moderate confidence,65.5,55.0,75.9,20.9,63.6,63.6,1.9,near typical,70.0,70.0,insufficient wind/wave data,1.0,0.8,0.568,0.738,,-1.6,1.127,"pressure,swell,chl",71.96,2.36,4.27,0.762,Waxing Gibbous,model-blended conditions + exact tide/moon,True,20.9,10.5,10.4,False,False,False
2026-10-22,sd_bay,San Diego Bay,inshore,spotted_bay_bass,Spotted Bay Bass,bass,15,3,outlook,Outlook / trend only,68.0,52.9,83.1,30.2,63.6,63.6,4.4,above typical,,70.0,climatological sea state,1.0,0.8,0.625,0.828,,-2.5,1.11,"pressure,swell,chl",71.54,2.04,4.66,0.844,Waxing Gibbous,climatology + ENSO analog + exact tide/moon,True,30.2,15.1,15.1,False,False,False
2026-10-23,sd_bay,San Diego Bay,inshore,spotted_bay_bass,Spotted Bay Bass,bass,16,3,outlook,Outlook / trend only,70.6,54.8,86.3,31.5,63.6,63.6,7.0,above typical,,70.0,climatological sea state,1.0,0.8,0.682,0.903,,,1.099,"pressure,swell,chl",71.21,1.83,5.08,0.912,Waxing Gibbous,climatology + ENSO analog + exact tide/moon,True,31.5,15.8,15.7,False,False,False
2026-10-24,sd_bay,San Diego Bay,inshore,spotted_bay_bass,Spotted Bay Bass,bass,17,3,outlook,Outlook / trend only,67.0,51.2,82.7,31.5,63.6,63.6,3.4,above typical,,70.0,climatological sea state,1.0,0.8,0.614,0.96,,,1.089,"pressure,swell,chl",70.92,1.65,6.12,0.964,Waxing Gibbous,climatology + ENSO analog + exact tide/moon,True,31.1,15.8,15.7,True,False,False
2026-10-25,sd_bay,San Diego Bay,inshore,spotted_bay_bass,Spotted Bay Bass,bass,18,3,outlook,Outlook / trend only,67.4,51.5,83.4,31.9,63.6,63.6,3.8,above typical,,70.0,climatological sea state,1.0,0.8,0.631,0.993,,,1.08,"pressure,swell,chl",70.64,1.49,7.03,0.994,Full,climatology + ENSO analog + exact tide/moon,True,31.9,15.9,16.0,False,False,False
2026-10-26,sd_bay,San Diego Bay,inshore,spotted_bay_bass,Spotted Bay Bass,bass,19,3,outlook,Outlook / trend only,67.3,51.1,83.4,32.3,63.6,63.6,3.7,above typical,,70.0,climatological sea state,1.0,0.8,0.637,0.999,,,1.072,"pressure,swell,chl",70.4,1.34,7.65,0.999,Full,climatology + ENSO analog + exact tide/moon,True,32.3,16.2,16.1,False,False,False
2026-10-27,sd_bay,San Diego Bay,inshore,spotted_bay_bass,Spotted Bay Bass,bass,20,3,outlook,Outlook / trend only,67.6,51.2,84.1,32.9,63.6,63.6,4.0,above typical,,70.0,climatological sea state,1.0,0.8,0.656,0.974,,,1.066,"pressure,swell,chl",70.16,1.22,7.87,0.976,Full,climatology + ENSO analog + exact tide/moon,True,32.9,16.4,16.5,False,False,False
2026-10-28,sd_bay,San Diego Bay,inshore,spotted_bay_bass,Spotted Bay Bass,bass,21,3,outlook,Outlook / trend only,68.0,51.3,84.7,33.4,63.6,63.6,4.4,above typical,,70.0,climatological sea state,1.0,0.8,0.679,0.92,,,1.06,"pressure,swell,chl",69.93,1.11,7.69,0.927,Waning Gibbous,climatology + ENSO analog + exact tide/moon,True,33.4,16.7,16.7,False,False,False
2026-10-29,sd_bay,San Diego Bay,inshore,spotted_bay_bass,Spotted Bay Bass,bass,22,3,outlook,Outlook / trend only,68.6,51.6,85.6,34.0,63.6,63.6,5.0,above typical,,70.0,climatological sea state,1.0,0.8,0.712,0.839,,,1.055,"pressure,swell,chl",69.7,1.01,7.14,0.854,Waning Gibbous,climatology + ENSO analog + exact tide/moon,True,34.0,17.0,17.0,False,False,False
2026-10-30,sd_bay,San Diego Bay,inshore,spotted_bay_bass,Spotted Bay Bass,bass,23,3,outlook,Outlook / trend only,69.4,52.1,86.7,34.6,63.6,63.6,5.8,above typical,,70.0,climatological sea state,1.0,0.8,0.754,0.737,,,1.05,"pressure,swell,chl",69.48,0.92,6.38,0.761,Waning Gibbous,climatology + ENSO analog + exact tide/moon,True,34.6,17.3,17.3,False,False,False
2026-10-31,sd_bay,San Diego Bay,inshore,spotted_bay_bass,Spotted Bay Bass,bass,24,3,outlook,Outlook / trend only,68.7,51.3,86.1,34.8,63.6,63.6,5.1,above typical,,70.0,climatological sea state,1.0,0.8,0.765,0.621,,,1.046,"pressure,swell,chl",69.26,0.85,5.63,0.655,Waning Gibbous,climatology + ENSO analog + exact tide/moon,True,34.8,17.4,17.4,False,False,False
2026-11-01,sd_bay,San Diego Bay,inshore,spotted_bay_bass,Spotted Bay Bass,bass,25,3,outlook,Outlook / trend only,64.1,46.7,81.5,34.8,61.0,61.0,3.1,above typical,,70.0,climatological sea state,1.0,0.6,0.73,0.497,,,1.072,"pressure,swell,chl",69.61,1.34,5.1,0.543,Last Quarter,climatology + ENSO analog + exact tide/moon,True,33.2,17.4,17.4,True,False,False
2026-11-02,sd_bay,San Diego Bay,inshore,spotted_bay_bass,Spotted Bay Bass,bass,26,3,outlook,Outlook / trend only,61.2,43.8,78.6,34.8,61.0,61.0,0.2,near typical,,70.0,climatological sea state,1.0,0.6,0.657,0.527,,,1.07,"pressure,swell,chl",69.4,1.29,4.83,0.43,Last Quarter,climatology + ENSO analog + exact tide/moon,True,32.7,17.4,17.4,True,False,False
2026-11-03,sd_bay,San Diego Bay,inshore,spotted_bay_bass,Spotted Bay Bass,bass,27,3,outlook,Outlook / trend only,56.3,38.9,73.7,34.8,61.0,61.0,-4.7,below typical,,70.0,climatological sea state,1.0,0.6,0.532,0.646,,,1.067,"pressure,swell,chl",69.2,1.24,4.66,0.322,Last Quarter,climatology + ENSO analog + exact tide/moon,True,31.6,17.4,17.4,True,False,False
2026-11-04,sd_bay,San Diego Bay,inshore,spotted_bay_bass,Spotted Bay Bass,bass,28,3,outlook,Outlook / trend only,59.6,42.2,77.0,34.8,61.0,61.0,-1.4,near typical,,70.0,climatological sea state,1.0,0.6,0.588,0.751,,,1.065,"pressure,swell,chl",68.99,1.2,4.92,0.226,Waning Crescent,climatology + ENSO analog + exact tide/moon,True,33.0,17.4,17.4,True,False,False
2026-11-05,sd_bay,San Diego Bay,inshore,spotted_bay_bass,Spotted Bay Bass,bass,29,3,outlook,Outlook / trend only,62.1,44.7,79.5,34.8,61.0,61.0,1.1,near typical,,70.0,climatological sea state,1.0,0.6,0.644,0.842,,,1.056,"pressure,swell,chl",68.65,1.03,5.27,0.144,Waning Crescent,climatology + ENSO analog + exact tide/moon,True,34.5,17.4,17.4,True,False,False
2026-11-06,sd_bay,San Diego Bay,inshore,spotted_bay_bass,Spotted Bay Bass,bass,30,3,outlook,Outlook / trend only,62.2,44.7,79.6,34.9,61.0,61.0,1.2,near typical,,70.0,climatological sea state,1.0,0.6,0.637,0.913,,,1.054,"pressure,swell,chl",68.46,1.0,6.13,0.079,Waning Crescent,climatology + ENSO analog + exact tide/moon,True,34.9,17.5,17.4,False,False,False
2026-10-14,surf_zone,Del Mar to Imperial Beach Surf,inshore,barred_surfperch,Barred Surfperch,surf,7,2,moderate,Moderate confidence,24.4,7.5,44.3,36.8,76.5,61.6,-37.2,well below typical,100.0,100.0,workable,0.149,0.6,0.588,0.886,0.757,0.3,0.537,"pressure,chl",71.21,5.14,4.97,0.143,Waxing Crescent,model-blended conditions + exact tide/moon,True,36.8,16.9,19.9,False,False,False
2026-10-15,surf_zone,Del Mar to Imperial Beach Surf,inshore,barred_surfperch,Barred Surfperch,surf,8,2,moderate,Moderate confidence,30.4,8.7,50.7,42.0,76.6,61.7,-31.3,well below typical,100.0,100.0,workable,0.245,0.6,0.595,0.904,0.765,0.5,0.587,"pressure,chl",70.62,4.59,4.34,0.217,Waxing Crescent,model-blended conditions + exact tide/moon,True,42.0,21.7,20.3,False,False,False
2026-10-16,surf_zone,Del Mar to Imperial Beach Surf,inshore,barred_surfperch,Barred Surfperch,surf,9,2,moderate,Moderate confidence,35.7,9.9,57.7,47.8,76.5,61.6,-25.9,well below typical,100.0,100.0,workable,0.324,0.6,0.623,0.925,0.814,-1.7,0.629,"pressure,chl",70.14,4.12,3.78,0.3,Waxing Crescent,model-blended conditions + exact tide/moon,True,47.8,25.8,22.0,False,False,False
2026-10-17,surf_zone,Del Mar to Imperial Beach Surf,inshore,barred_surfperch,Barred Surfperch,surf,10,2,moderate,Moderate confidence,40.2,14.0,63.3,49.3,76.5,61.6,-21.4,well below typical,100.0,100.0,workable,0.392,0.6,0.654,0.948,0.813,3.6,0.668,"pressure,chl",69.72,3.69,3.41,0.39,First Quarter,model-blended conditions + exact tide/moon,True,49.3,26.2,23.1,False,False,False
2026-10-18,surf_zone,Del Mar to Imperial Beach Surf,inshore,barred_surfperch,Barred Surfperch,surf,11,2,moderate,Moderate confidence,43.3,17.1,67.2,50.1,76.4,61.5,-18.2,well below typical,100.0,100.0,workable,0.449,0.6,0.634,0.971,0.811,1.4,0.701,"pressure,chl",69.37,3.32,3.32,0.484,First Quarter,model-blended conditions + exact tide/moon,True,49.3,26.2,23.9,True,False,False
2026-10-19,surf_zone,Del Mar to Imperial Beach Surf,inshore,barred_surfperch,Barred Surfperch,surf,12,2,moderate,Moderate confidence,41.6,15.4,65.5,50.1,76.3,61.5,-19.9,well below typical,100.0,100.0,workable,0.502,0.6,0.389,0.955,0.809,0.0,0.731,"pressure,chl",69.05,2.99,1.07,0.579,First Quarter,model-blended conditions + exact tide/moon,True,45.5,26.2,23.9,True,False,False
2026-10-20,surf_zone,Del Mar to Imperial Beach Surf,inshore,barred_surfperch,Barred Surfperch,surf,13,2,moderate,Moderate confidence,47.0,20.8,71.6,50.8,76.4,61.5,-14.5,well below typical,100.0,100.0,workable,0.55,0.6,0.525,0.932,0.809,0.1,0.757,"pressure,chl",68.75,2.7,3.7,0.673,Waxing Gibbous,model-blended conditions + exact tide/moon,True,49.4,26.2,24.6,True,False,False
2026-10-21,surf_zone,Del Mar to Imperial Beach Surf,inshore,barred_surfperch,Barred Surfperch,surf,14,2,moderate,Moderate confidence,50.3,24.1,75.9,51.8,76.4,61.5,-11.2,well below typical,100.0,100.0,workable,0.593,0.6,0.571,0.909,0.809,-1.8,0.78,"pressure,chl",68.49,2.44,3.95,0.762,Waxing Gibbous,model-blended conditions + exact tide/moon,True,51.2,26.2,25.6,True,False,False
2026-10-22,surf_zone,Del Mar to Imperial Beach Surf,inshore,barred_surfperch,Barred Surfperch,surf,15,3,outlook,Outlook / trend only,53.8,23.5,83.6,60.1,76.3,61.4,-7.6,below typical,,100.0,climatological sea state,0.638,0.6,0.618,0.889,0.808,-2.4,0.807,"pressure,chl",68.22,2.14,4.22,0.844,Waxing Gibbous,climatology + ENSO analog + exact tide/moon,True,60.1,30.3,29.8,False,False,False
2026-10-23,surf_zone,Del Mar to Imperial Beach Surf,inshore,barred_surfperch,Barred Surfperch,surf,16,3,outlook,Outlook / trend only,56.6,25.2,86.8,61.6,76.2,61.4,-4.8,below typical,,100.0,climatological sea state,0.669,0.6,0.668,0.872,0.807,,0.825,"pressure,chl",68.02,1.94,4.6,0.912,Waxing Gibbous,climatology + ENSO analog + exact tide/moon,True,61.6,31.4,30.2,False,False,False
2026-10-24,surf_zone,Del Mar to Imperial Beach Surf,inshore,barred_surfperch,Barred Surfperch,surf,17,3,outlook,Outlook / trend only,56.9,25.5,87.1,61.6,76.4,61.5,-4.6,below typical,,100.0,climatological sea state,0.702,0.6,0.595,0.859,0.811,,0.842,"pressure,chl",67.82,1.76,5.59,0.964,Waxing Gibbous,climatology + ENSO analog + exact tide/moon,True,60.6,31.4,30.2,True,False,False
2026-10-25,surf_zone,Del Mar to Imperial Beach Surf,inshore,barred_surfperch,Barred Surfperch,surf,18,3,outlook,Outlook / trend only,59.2,26.9,89.4,62.5,76.5,61.6,-2.4,near typical,,100.0,climatological sea state,0.733,0.6,0.628,0.852,0.815,,0.855,"pressure,chl",67.64,1.61,6.5,0.994,Full,climatology + ENSO analog + exact tide/moon,True,62.0,32.3,30.2,True,False,False
2026-10-26,surf_zone,Del Mar to Imperial Beach Surf,inshore,barred_surfperch,Barred Surfperch,surf,19,3,outlook,Outlook / trend only,60.7,27.7,90.9,63.2,76.6,61.7,-1.0,near typical,,100.0,climatological sea state,0.766,0.6,0.629,0.85,0.816,,0.868,"pressure,chl",67.43,1.47,7.14,0.999,Full,climatology + ENSO analog + exact tide/moon,True,62.8,33.0,30.2,True,False,False
2026-10-27,surf_zone,Del Mar to Imperial Beach Surf,inshore,barred_surfperch,Barred Surfperch,surf,20,3,outlook,Outlook / trend only,62.5,28.7,92.7,64.0,76.7,61.7,0.8,near typical,,100.0,climatological sea state,0.794,0.6,0.651,0.856,0.817,,0.878,"pressure,chl",67.26,1.35,7.42,0.976,Full,climatology + ENSO analog + exact tide/moon,True,63.8,33.8,30.2,True,False,False
2026-10-28,surf_zone,Del Mar to Imperial Beach Surf,inshore,barred_surfperch,Barred Surfperch,surf,21,3,outlook,Outlook / trend only,64.4,29.7,94.6,64.9,76.7,61.7,2.7,near typical,,100.0,climatological sea state,0.819,0.6,0.677,0.868,0.819,,0.888,"pressure,chl",67.11,1.24,7.32,0.927,Waning Gibbous,climatology + ENSO analog + exact tide/moon,True,64.8,34.7,30.2,True,False,False
2026-10-29,surf_zone,Del Mar to Imperial Beach Surf,inshore,barred_surfperch,Barred Surfperch,surf,22,3,outlook,Outlook / trend only,66.4,30.6,96.9,66.3,76.8,61.8,4.6,above typical,,100.0,climatological sea state,0.845,0.6,0.715,0.886,0.823,,0.896,"pressure,chl",66.95,1.15,6.86,0.854,Waning Gibbous,climatology + ENSO analog + exact tide/moon,True,66.3,35.8,30.5,False,False,False
2026-10-30,surf_zone,Del Mar to Imperial Beach Surf,inshore,barred_surfperch,Barred Surfperch,surf,23,3,outlook,Outlook / trend only,68.5,31.7,99.1,67.4,76.8,61.8,6.7,above typical,,100.0,climatological sea state,0.875,0.6,0.755,0.91,0.825,,0.905,"pressure,chl",66.77,1.06,6.19,0.761,Waning Gibbous,climatology + ENSO analog + exact tide/moon,True,67.4,36.8,30.6,False,False,False
2026-10-31,surf_zone,Del Mar to Imperial Beach Surf,inshore,barred_surfperch,Barred Surfperch,surf,24,3,outlook,Outlook / trend only,70.0,32.8,99.9,67.1,76.9,61.9,8.1,well above typical,,100.0,climatological sea state,0.903,0.6,0.774,0.936,0.828,,0.911,"pressure,chl",66.59,0.99,5.49,0.655,Waning Gibbous,climatology + ENSO analog + exact tide/moon,True,67.1,37.2,30.6,True,True,False
2026-11-01,surf_zone,Del Mar to Imperial Beach Surf,inshore,barred_surfperch,Barred Surfperch,surf,25,3,outlook,Outlook / trend only,72.5,32.9,99.9,67.0,82.3,66.3,6.2,above typical,,100.0,climatological sea state,0.874,0.8,0.746,0.964,0.826,,0.887,"pressure,chl",66.77,1.26,4.92,0.543,Last Quarter,climatology + ENSO analog + exact tide/moon,True,67.0,39.6,30.6,True,True,False
2026-11-02,surf_zone,Del Mar to Imperial Beach Surf,inshore,barred_surfperch,Barred Surfperch,surf,26,3,outlook,Outlook / trend only,71.7,32.1,99.9,67.8,82.3,66.2,5.5,above typical,,100.0,climatological sea state,0.905,0.8,0.67,0.958,0.825,,0.891,"pressure,chl",66.58,1.21,4.55,0.43,Last Quarter,climatology + ENSO analog + exact tide/moon,True,67.6,39.6,30.6,True,True,False
2026-11-03,surf_zone,Del Mar to Imperial Beach Surf,inshore,barred_surfperch,Barred Surfperch,surf,27,3,outlook,Outlook / trend only,68.8,29.2,99.4,70.2,82.3,66.2,2.6,near typical,,100.0,climatological sea state,0.938,0.8,0.527,0.93,0.825,,0.896,"pressure,chl",66.38,1.16,4.29,0.322,Last Quarter,climatology + ENSO analog + exact tide/moon,True,68.7,39.6,30.6,True,False,False
2026-11-04,surf_zone,Del Mar to Imperial Beach Surf,inshore,barred_surfperch,Barred Surfperch,surf,28,3,outlook,Outlook / trend only,71.0,31.4,99.9,68.5,82.3,66.3,4.7,above typical,,100.0,climatological sea state,0.969,0.8,0.576,0.906,0.827,,0.899,"pressure,chl",66.19,1.12,4.47,0.226,Waning Crescent,climatology + ENSO analog + exact tide/moon,True,68.0,39.6,30.6,True,True,False
2026-11-05,surf_zone,Del Mar to Imperial Beach Surf,inshore,barred_surfperch,Barred Surfperch,surf,29,3,outlook,Outlook / trend only,74.2,34.4,99.9,65.5,82.4,66.3,7.9,above typical,,100.0,climatological sea state,1.0,0.8,0.629,0.886,0.828,,0.915,"pressure,chl",65.87,0.94,4.81,0.144,Waning Crescent,climatology + ENSO analog + exact tide/moon,True,65.5,39.8,30.6,True,True,False
2026-11-06,surf_zone,Del Mar to Imperial Beach Surf,inshore,barred_surfperch,Barred Surfperch,surf,30,3,outlook,Outlook / trend only,74.1,34.3,99.9,65.6,82.4,66.3,7.8,above typical,,100.0,climatological sea state,1.0,0.8,0.619,0.87,0.829,,0.918,"pressure,chl",65.67,0.91,5.63,0.079,Waning Crescent,climatology + ENSO analog + exact tide/moon,True,65.1,39.8,30.6,True,True,False
2026-10-14,surf_zone,Del Mar to Imperial Beach Surf,inshore,calico_bass,Calico Bass (Kelp Bass),bass,7,2,moderate,Moderate confidence,93.2,85.8,98.9,13.1,81.1,65.3,27.9,well above typical,100.0,100.0,workable,1.0,0.7,0.588,0.886,0.834,0.3,1.185,"pressure,chl",71.21,5.14,4.97,0.143,Waxing Crescent,model-blended conditions + exact tide/moon,True,13.1,7.4,5.7,False,False,False
2026-10-15,surf_zone,Del Mar to Imperial Beach Surf,inshore,calico_bass,Calico Bass (Kelp Bass),bass,8,2,moderate,Moderate confidence,92.4,84.3,98.5,14.2,81.1,65.3,27.1,well above typical,100.0,100.0,workable,1.0,0.7,0.595,0.904,0.84,0.5,1.165,"pressure,chl",70.62,4.59,4.34,0.217,Waxing Crescent,model-blended conditions + exact tide/moon,True,14.2,8.1,6.1,False,False,False
2026-10-16,surf_zone,Del Mar to Imperial Beach Surf,inshore,calico_bass,Calico Bass (Kelp Bass),bass,9,2,moderate,Moderate confidence,92.6,84.2,98.9,14.7,81.1,65.3,27.3,well above typical,100.0,100.0,workable,1.0,0.7,0.623,0.925,0.881,-1.7,1.148,"pressure,chl",70.14,4.12,3.78,0.3,Waxing Crescent,model-blended conditions + exact tide/moon,True,14.7,8.4,6.3,False,False,False
2026-10-17,surf_zone,Del Mar to Imperial Beach Surf,inshore,calico_bass,Calico Bass (Kelp Bass),bass,10,2,moderate,Moderate confidence,92.4,83.5,99.0,15.5,81.0,65.2,27.2,well above typical,100.0,100.0,workable,1.0,0.7,0.654,0.948,0.88,3.6,1.133,"pressure,chl",69.72,3.69,3.41,0.39,First Quarter,model-blended conditions + exact tide/moon,True,15.5,8.9,6.6,False,False,False
2026-10-18,surf_zone,Del Mar to Imperial Beach Surf,inshore,calico_bass,Calico Bass (Kelp Bass),bass,11,2,moderate,Moderate confidence,91.2,81.8,98.4,16.6,81.0,65.2,26.0,well above typical,100.0,100.0,workable,1.0,0.7,0.634,0.971,0.878,1.4,1.12,"pressure,chl",69.37,3.32,3.32,0.484,First Quarter,model-blended conditions + exact tide/moon,True,16.6,9.4,7.2,False,False,False
2026-10-19,surf_zone,Del Mar to Imperial Beach Surf,inshore,calico_bass,Calico Bass (Kelp Bass),bass,12,2,moderate,Moderate confidence,82.2,72.8,91.3,18.5,81.0,65.2,17.0,well above typical,100.0,100.0,workable,1.0,0.7,0.389,0.955,0.877,0.0,1.108,"pressure,chl",69.05,2.99,1.07,0.579,First Quarter,model-blended conditions + exact tide/moon,True,18.2,9.4,9.1,True,False,False
2026-10-20,surf_zone,Del Mar to Imperial Beach Surf,inshore,calico_bass,Calico Bass (Kelp Bass),bass,13,2,moderate,Moderate confidence,86.0,76.4,95.4,19.0,81.0,65.2,20.8,well above typical,100.0,100.0,workable,1.0,0.7,0.525,0.932,0.877,0.1,1.097,"pressure,chl",68.75,2.7,3.7,0.673,Waxing Gibbous,model-blended conditions + exact tide/moon,True,19.0,9.6,9.4,False,False,False
2026-10-21,surf_zone,Del Mar to Imperial Beach Surf,inshore,calico_bass,Calico Bass (Kelp Bass),bass,14,2,moderate,Moderate confidence,86.5,76.6,95.9,19.3,81.0,65.2,21.3,well above typical,100.0,100.0,workable,1.0,0.7,0.571,0.909,0.877,-1.8,1.088,"pressure,chl",68.49,2.44,3.95,0.762,Waxing Gibbous,model-blended conditions + exact tide/moon,True,19.3,9.9,9.4,False,False,False
2026-10-22,surf_zone,Del Mar to Imperial Beach Surf,inshore,calico_bass,Calico Bass (Kelp Bass),bass,15,3,outlook,Outlook / trend only,86.8,72.6,99.9,27.3,81.0,65.2,21.6,well above typical,,100.0,climatological sea state,1.0,0.7,0.618,0.889,0.876,-2.4,1.077,"pressure,chl",68.22,2.14,4.22,0.844,Waxing Gibbous,climatology + ENSO analog + exact tide/moon,True,27.3,14.2,13.1,False,False,False
2026-10-23,surf_zone,Del Mar to Imperial Beach Surf,inshore,calico_bass,Calico Bass (Kelp Bass),bass,16,3,outlook,Outlook / trend only,87.4,72.9,99.9,27.0,81.0,65.2,22.2,well above typical,,100.0,climatological sea state,1.0,0.7,0.668,0.872,0.875,,1.07,"pressure,chl",68.02,1.94,4.6,0.912,Waxing Gibbous,climatology + ENSO analog + exact tide/moon,True,27.0,14.5,13.1,True,True,False
2026-10-24,surf_zone,Del Mar to Imperial Beach Surf,inshore,calico_bass,Calico Bass (Kelp Bass),bass,17,3,outlook,Outlook / trend only,84.9,70.4,99.1,28.7,81.0,65.2,19.7,well above typical,,100.0,climatological sea state,1.0,0.7,0.595,0.859,0.878,,1.063,"pressure,chl",67.82,1.76,5.59,0.964,Waxing Gibbous,climatology + ENSO analog + exact tide/moon,True,28.7,14.5,14.2,False,False,False
2026-10-25,surf_zone,Del Mar to Imperial Beach Surf,inshore,calico_bass,Calico Bass (Kelp Bass),bass,18,3,outlook,Outlook / trend only,85.4,70.5,99.7,29.2,81.1,65.3,20.1,well above typical,,100.0,climatological sea state,1.0,0.7,0.628,0.852,0.881,,1.058,"pressure,chl",67.64,1.61,6.5,0.994,Full,climatology + ENSO analog + exact tide/moon,True,29.2,14.9,14.3,False,False,False
2026-10-26,surf_zone,Del Mar to Imperial Beach Surf,inshore,calico_bass,Calico Bass (Kelp Bass),bass,19,3,outlook,Outlook / trend only,85.0,69.9,99.7,29.8,81.1,65.3,19.7,well above typical,,100.0,climatological sea state,1.0,0.7,0.629,0.85,0.883,,1.053,"pressure,chl",67.43,1.47,7.14,0.999,Full,climatology + ENSO analog + exact tide/moon,True,29.8,15.1,14.7,False,False,False
2026-10-27,surf_zone,Del Mar to Imperial Beach Surf,inshore,calico_bass,Calico Bass (Kelp Bass),bass,20,3,outlook,Outlook / trend only,85.3,69.9,99.9,30.0,81.1,65.3,20.0,well above typical,,100.0,climatological sea state,1.0,0.7,0.651,0.856,0.883,,1.049,"pressure,chl",67.26,1.35,7.42,0.976,Full,climatology + ENSO analog + exact tide/moon,True,30.0,15.4,14.7,True,True,False
2026-10-28,surf_zone,Del Mar to Imperial Beach Surf,inshore,calico_bass,Calico Bass (Kelp Bass),bass,21,3,outlook,Outlook / trend only,85.7,70.1,99.9,29.8,81.1,65.3,20.4,well above typical,,100.0,climatological sea state,1.0,0.7,0.677,0.868,0.885,,1.045,"pressure,chl",67.11,1.24,7.32,0.927,Waning Gibbous,climatology + ENSO analog + exact tide/moon,True,29.8,15.6,14.7,True,True,False
2026-10-29,surf_zone,Del Mar to Imperial Beach Surf,inshore,calico_bass,Calico Bass (Kelp Bass),bass,22,3,outlook,Outlook / trend only,86.5,70.5,99.9,29.4,81.2,65.3,21.2,well above typical,,100.0,climatological sea state,1.0,0.7,0.715,0.886,0.888,,1.041,"pressure,chl",66.95,1.15,6.86,0.854,Waning Gibbous,climatology + ENSO analog + exact tide/moon,True,29.4,16.0,14.7,True,True,False
2026-10-30,surf_zone,Del Mar to Imperial Beach Surf,inshore,calico_bass,Calico Bass (Kelp Bass),bass,23,3,outlook,Outlook / trend only,87.3,71.0,99.9,28.9,81.2,65.3,22.0,well above typical,,100.0,climatological sea state,1.0,0.7,0.755,0.91,0.89,,1.038,"pressure,chl",66.77,1.06,6.19,0.761,Waning Gibbous,climatology + ENSO analog + exact tide/moon,True,28.9,16.3,14.7,True,True,False
2026-10-31,surf_zone,Del Mar to Imperial Beach Surf,inshore,calico_bass,Calico Bass (Kelp Bass),bass,24,3,outlook,Outlook / trend only,87.7,71.3,99.9,28.6,81.2,65.4,22.3,well above typical,,100.0,climatological sea state,1.0,0.7,0.774,0.936,0.893,,1.036,"pressure,chl",66.59,0.99,5.49,0.655,Waning Gibbous,climatology + ENSO analog + exact tide/moon,True,28.6,16.4,14.7,True,True,False
2026-11-01,surf_zone,Del Mar to Imperial Beach Surf,inshore,calico_bass,Calico Bass (Kelp Bass),bass,25,3,outlook,Outlook / trend only,80.7,64.3,96.4,32.1,75.4,60.7,20.0,well above typical,,100.0,climatological sea state,1.0,0.5,0.746,0.964,0.891,,1.045,"pressure,chl",66.77,1.26,4.92,0.543,Last Quarter,climatology + ENSO analog + exact tide/moon,True,31.4,16.4,15.7,True,False,False
2026-11-02,surf_zone,Del Mar to Imperial Beach Surf,inshore,calico_bass,Calico Bass (Kelp Bass),bass,26,3,outlook,Outlook / trend only,78.8,62.4,94.5,32.1,75.4,60.7,18.1,well above typical,,100.0,climatological sea state,1.0,0.5,0.67,0.958,0.89,,1.044,"pressure,chl",66.58,1.21,4.55,0.43,Last Quarter,climatology + ENSO analog + exact tide/moon,True,31.4,16.4,15.7,True,False,False
2026-11-03,surf_zone,Del Mar to Imperial Beach Surf,inshore,calico_bass,Calico Bass (Kelp Bass),bass,27,3,outlook,Outlook / trend only,75.0,58.6,90.7,32.1,75.4,60.7,14.3,well above typical,,100.0,climatological sea state,1.0,0.5,0.527,0.93,0.89,,1.042,"pressure,chl",66.38,1.16,4.29,0.322,Last Quarter,climatology + ENSO analog + exact tide/moon,True,30.9,16.4,15.7,True,False,False
2026-11-04,surf_zone,Del Mar to Imperial Beach Surf,inshore,calico_bass,Calico Bass (Kelp Bass),bass,28,3,outlook,Outlook / trend only,76.1,59.7,91.8,32.1,75.4,60.7,15.4,well above typical,,100.0,climatological sea state,1.0,0.5,0.576,0.906,0.891,,1.04,"pressure,chl",66.19,1.12,4.47,0.226,Waning Crescent,climatology + ENSO analog + exact tide/moon,True,31.8,16.4,15.7,True,False,False
2026-11-05,surf_zone,Del Mar to Imperial Beach Surf,inshore,calico_bass,Calico Bass (Kelp Bass),bass,29,3,outlook,Outlook / trend only,76.8,59.3,92.8,33.5,75.4,60.7,16.1,well above typical,,100.0,climatological sea state,1.0,0.5,0.629,0.886,0.893,,1.034,"pressure,chl",65.87,0.94,4.81,0.144,Waning Crescent,climatology + ENSO analog + exact tide/moon,True,33.5,17.5,16.0,False,False,False
2026-11-06,surf_zone,Del Mar to Imperial Beach Surf,inshore,calico_bass,Calico Bass (Kelp Bass),bass,30,3,outlook,Outlook / trend only,76.4,58.2,92.4,34.2,75.4,60.7,15.7,well above typical,,100.0,climatological sea state,1.0,0.5,0.619,0.87,0.893,,1.033,"pressure,chl",65.67,0.91,5.63,0.079,Waning Crescent,climatology + ENSO analog + exact tide/moon,True,34.2,18.2,16.0,False,False,False
2026-10-14,surf_zone,Del Mar to Imperial Beach Surf,inshore,california_halibut,California Halibut,flatfish,7,2,moderate,Moderate confidence,39.8,22.5,55.5,33.0,75.2,60.6,-20.8,well below typical,100.0,100.0,workable,0.475,0.5,0.567,0.843,0.757,0.3,0.722,"pressure,chl",71.21,5.14,4.97,0.143,Waxing Crescent,model-blended conditions + exact tide/moon,True,33.0,17.3,15.7,False,False,False
2026-10-15,surf_zone,Del Mar to Imperial Beach Surf,inshore,california_halibut,California Halibut,flatfish,8,2,moderate,Moderate confidence,43.8,26.5,60.0,33.5,75.2,60.6,-16.8,well below typical,100.0,100.0,workable,0.572,0.5,0.569,0.761,0.765,0.5,0.752,"pressure,chl",70.62,4.59,4.34,0.217,Waxing Crescent,model-blended conditions + exact tide/moon,True,33.5,17.3,16.2,False,False,False
2026-10-16,surf_zone,Del Mar to Imperial Beach Surf,inshore,california_halibut,California Halibut,flatfish,9,2,moderate,Moderate confidence,47.7,29.7,65.0,35.3,75.2,60.5,-12.8,well below typical,100.0,100.0,workable,0.651,0.5,0.592,0.67,0.814,-1.7,0.778,"pressure,chl",70.14,4.12,3.78,0.3,Waxing Crescent,model-blended conditions + exact tide/moon,True,35.3,18.0,17.3,False,False,False
2026-10-17,surf_zone,Del Mar to Imperial Beach Surf,inshore,california_halibut,California Halibut,flatfish,10,2,moderate,Moderate confidence,50.9,32.3,68.2,35.9,75.2,60.5,-9.6,well below typical,100.0,100.0,workable,0.718,0.5,0.62,0.571,0.813,3.6,0.801,"pressure,chl",69.72,3.69,3.41,0.39,First Quarter,model-blended conditions + exact tide/moon,True,35.4,18.6,17.3,True,False,False
2026-10-18,surf_zone,Del Mar to Imperial Beach Surf,inshore,california_halibut,California Halibut,flatfish,11,2,moderate,Moderate confidence,52.3,33.6,69.6,36.0,75.2,60.5,-8.2,well below typical,100.0,100.0,workable,0.775,0.5,0.6,0.468,0.811,1.4,0.821,"pressure,chl",69.37,3.32,3.32,0.484,First Quarter,model-blended conditions + exact tide/moon,True,34.5,18.7,17.3,True,False,False
2026-10-19,surf_zone,Del Mar to Imperial Beach Surf,inshore,california_halibut,California Halibut,flatfish,12,2,moderate,Moderate confidence,47.4,28.7,64.7,36.0,75.1,60.5,-13.1,well below typical,100.0,100.0,workable,0.828,0.5,0.35,0.537,0.809,0.0,0.839,"pressure,chl",69.05,2.99,1.07,0.579,First Quarter,model-blended conditions + exact tide/moon,True,30.4,18.7,17.3,True,False,False
2026-10-20,surf_zone,Del Mar to Imperial Beach Surf,inshore,california_halibut,California Halibut,flatfish,13,2,moderate,Moderate confidence,54.8,35.7,72.1,36.4,75.1,60.5,-5.7,below typical,100.0,100.0,workable,0.877,0.5,0.497,0.64,0.809,0.1,0.854,"pressure,chl",68.75,2.7,3.7,0.673,Waxing Gibbous,model-blended conditions + exact tide/moon,True,33.0,19.1,17.3,True,False,False
2026-10-21,surf_zone,Del Mar to Imperial Beach Surf,inshore,california_halibut,California Halibut,flatfish,14,2,moderate,Moderate confidence,58.4,38.4,75.7,37.3,75.1,60.5,-2.1,near typical,100.0,100.0,workable,0.92,0.5,0.545,0.738,0.809,-1.8,0.868,"pressure,chl",68.49,2.44,3.95,0.762,Waxing Gibbous,model-blended conditions + exact tide/moon,True,33.7,20.0,17.3,True,False,False
2026-10-22,surf_zone,Del Mar to Imperial Beach Surf,inshore,california_halibut,California Halibut,flatfish,15,3,outlook,Outlook / trend only,62.3,37.4,79.6,42.2,75.1,60.5,1.8,near typical,,100.0,climatological sea state,0.965,0.5,0.593,0.828,0.808,-2.4,0.884,"pressure,chl",68.22,2.14,4.22,0.844,Waxing Gibbous,climatology + ENSO analog + exact tide/moon,True,42.1,24.9,17.3,True,False,False
2026-10-23,surf_zone,Del Mar to Imperial Beach Surf,inshore,california_halibut,California Halibut,flatfish,16,3,outlook,Outlook / trend only,65.5,39.6,82.8,43.2,75.1,60.5,5.0,above typical,,100.0,climatological sea state,0.996,0.5,0.646,0.903,0.807,,0.895,"pressure,chl",68.02,1.94,4.6,0.912,Waxing Gibbous,climatology + ENSO analog + exact tide/moon,True,43.1,25.9,17.3,True,False,False
2026-10-24,surf_zone,Del Mar to Imperial Beach Surf,inshore,california_halibut,California Halibut,flatfish,17,3,outlook,Outlook / trend only,64.7,38.8,82.0,43.2,75.1,60.5,4.2,above typical,,100.0,climatological sea state,1.0,0.5,0.58,0.96,0.811,,0.905,"pressure,chl",67.82,1.76,5.59,0.964,Waxing Gibbous,climatology + ENSO analog + exact tide/moon,True,42.3,25.9,17.3,True,False,False
2026-10-25,surf_zone,Del Mar to Imperial Beach Surf,inshore,california_halibut,California Halibut,flatfish,18,3,outlook,Outlook / trend only,66.6,40.7,84.2,43.5,75.2,60.5,6.1,above typical,,100.0,climatological sea state,1.0,0.5,0.619,0.993,0.815,,0.913,"pressure,chl",67.64,1.61,6.5,0.994,Full,climatology + ENSO analog + exact tide/moon,True,43.2,25.9,17.6,True,False,False
2026-10-26,surf_zone,Del Mar to Imperial Beach Surf,inshore,california_halibut,California Halibut,flatfish,19,3,outlook,Outlook / trend only,67.3,41.4,85.2,43.8,75.2,60.5,6.8,above typical,,100.0,climatological sea state,1.0,0.5,0.622,0.999,0.816,,0.921,"pressure,chl",67.43,1.47,7.14,0.999,Full,climatology + ENSO analog + exact tide/moon,True,43.5,25.9,17.9,True,False,False
2026-10-27,surf_zone,Del Mar to Imperial Beach Surf,inshore,california_halibut,California Halibut,flatfish,20,3,outlook,Outlook / trend only,68.3,42.4,86.6,44.2,75.2,60.5,7.8,above typical,,100.0,climatological sea state,1.0,0.5,0.643,0.974,0.817,,0.927,"pressure,chl",67.26,1.35,7.42,0.976,Full,climatology + ENSO analog + exact tide/moon,True,43.9,25.9,18.3,True,False,False
2026-10-28,surf_zone,Del Mar to Imperial Beach Surf,inshore,california_halibut,California Halibut,flatfish,21,3,outlook,Outlook / trend only,69.2,43.3,87.9,44.6,75.2,60.6,8.6,well above typical,,100.0,climatological sea state,1.0,0.5,0.668,0.92,0.819,,0.933,"pressure,chl",67.11,1.24,7.32,0.927,Waning Gibbous,climatology + ENSO analog + exact tide/moon,True,44.3,25.9,18.7,True,False,False
2026-10-29,surf_zone,Del Mar to Imperial Beach Surf,inshore,california_halibut,California Halibut,flatfish,22,3,outlook,Outlook / trend only,70.2,44.3,89.3,45.0,75.3,60.6,9.6,well above typical,,100.0,climatological sea state,1.0,0.5,0.703,0.839,0.823,,0.938,"pressure,chl",66.95,1.15,6.86,0.854,Waning Gibbous,climatology + ENSO analog + exact tide/moon,True,44.9,25.9,19.1,True,False,False
2026-10-30,surf_zone,Del Mar to Imperial Beach Surf,inshore,california_halibut,California Halibut,flatfish,23,3,outlook,Outlook / trend only,71.1,45.2,90.5,45.3,75.3,60.6,10.5,well above typical,,100.0,climatological sea state,1.0,0.5,0.739,0.737,0.825,,0.943,"pressure,chl",66.77,1.06,6.19,0.761,Waning Gibbous,climatology + ENSO analog + exact tide/moon,True,45.2,25.9,19.4,True,False,False
2026-10-31,surf_zone,Del Mar to Imperial Beach Surf,inshore,california_halibut,California Halibut,flatfish,24,3,outlook,Outlook / trend only,71.1,45.2,90.6,45.4,75.3,60.6,10.5,well above typical,,100.0,climatological sea state,1.0,0.5,0.753,0.621,0.828,,0.947,"pressure,chl",66.59,0.99,5.49,0.655,Waning Gibbous,climatology + ENSO analog + exact tide/moon,True,44.9,25.9,19.5,True,False,False
2026-11-01,surf_zone,Del Mar to Imperial Beach Surf,inshore,california_halibut,California Halibut,flatfish,25,3,outlook,Outlook / trend only,64.8,38.9,84.3,45.4,72.0,58.0,6.8,above typical,,100.0,climatological sea state,1.0,0.4,0.721,0.497,0.826,,0.932,"pressure,chl",66.77,1.26,4.92,0.543,Last Quarter,climatology + ENSO analog + exact tide/moon,True,43.5,25.9,19.5,True,False,False
2026-11-02,surf_zone,Del Mar to Imperial Beach Surf,inshore,california_halibut,California Halibut,flatfish,26,3,outlook,Outlook / trend only,63.3,37.4,82.8,45.4,72.0,58.0,5.3,above typical,,100.0,climatological sea state,1.0,0.4,0.646,0.527,0.825,,0.935,"pressure,chl",66.58,1.21,4.55,0.43,Last Quarter,climatology + ENSO analog + exact tide/moon,True,42.8,25.9,19.5,True,False,False
2026-11-03,surf_zone,Del Mar to Imperial Beach Surf,inshore,california_halibut,California Halibut,flatfish,27,3,outlook,Outlook / trend only,60.0,34.1,79.5,45.4,72.0,58.0,2.0,near typical,,100.0,climatological sea state,1.0,0.4,0.505,0.646,0.825,,0.937,"pressure,chl",66.38,1.16,4.29,0.322,Last Quarter,climatology + ENSO analog + exact tide/moon,True,41.1,25.9,19.5,True,False,False
2026-11-04,surf_zone,Del Mar to Imperial Beach Surf,inshore,california_halibut,California Halibut,flatfish,28,3,outlook,Outlook / trend only,62.2,36.3,81.7,45.4,72.0,58.0,4.2,above typical,,100.0,climatological sea state,1.0,0.4,0.554,0.751,0.827,,0.94,"pressure,chl",66.19,1.12,4.47,0.226,Waning Crescent,climatology + ENSO analog + exact tide/moon,True,42.1,25.9,19.5,True,False,False
2026-11-05,surf_zone,Del Mar to Imperial Beach Surf,inshore,california_halibut,California Halibut,flatfish,29,3,outlook,Outlook / trend only,65.0,39.1,84.5,45.4,72.0,58.0,7.0,above typical,,100.0,climatological sea state,1.0,0.4,0.608,0.842,0.828,,0.949,"pressure,chl",65.87,0.94,4.81,0.144,Waning Crescent,climatology + ENSO analog + exact tide/moon,True,42.5,25.9,19.5,True,False,False
2026-11-06,surf_zone,Del Mar to Imperial Beach Surf,inshore,california_halibut,California Halibut,flatfish,30,3,outlook,Outlook / trend only,65.3,39.4,84.8,45.4,72.0,58.0,7.3,above typical,,100.0,climatological sea state,1.0,0.4,0.605,0.913,0.829,,0.951,"pressure,chl",65.67,0.91,5.63,0.079,Waning Crescent,climatology + ENSO analog + exact tide/moon,True,42.2,25.9,19.5,True,False,False
2026-10-14,surf_zone,Del Mar to Imperial Beach Surf,inshore,corbina,California Corbina,surf,7,2,moderate,Moderate confidence,89.7,79.5,92.7,13.2,75.2,60.5,29.2,well above typical,100.0,100.0,workable,1.0,0.6,0.475,0.886,0.562,0.3,1.35,"pressure,chl",71.21,5.14,4.97,0.143,Waxing Crescent,model-blended conditions + exact tide/moon,True,13.2,10.2,3.0,False,False,False
2026-10-15,surf_zone,Del Mar to Imperial Beach Surf,inshore,corbina,California Corbina,surf,8,2,moderate,Moderate confidence,88.5,76.5,92.8,16.3,75.2,60.5,28.0,well above typical,100.0,100.0,workable,1.0,0.6,0.471,0.904,0.573,0.5,1.33,"pressure,chl",70.62,4.59,4.34,0.217,Waxing Crescent,model-blended conditions + exact tide/moon,True,16.3,12.0,4.3,False,False,False
2026-10-16,surf_zone,Del Mar to Imperial Beach Surf,inshore,corbina,California Corbina,surf,9,2,moderate,Moderate confidence,88.5,75.5,94.9,19.4,75.0,60.4,28.1,well above typical,100.0,100.0,workable,1.0,0.6,0.484,0.925,0.643,-1.7,1.297,"pressure,chl",70.14,4.12,3.78,0.3,Waxing Crescent,model-blended conditions + exact tide/moon,True,19.4,13.0,6.4,False,False,False
2026-10-17,surf_zone,Del Mar to Imperial Beach Surf,inshore,corbina,California Corbina,surf,10,2,moderate,Moderate confidence,83.1,70.1,91.6,21.5,75.0,60.4,22.7,well above typical,100.0,100.0,workable,1.0,0.6,0.417,0.948,0.64,3.6,1.266,"pressure,chl",69.72,3.69,3.41,0.39,First Quarter,model-blended conditions + exact tide/moon,True,21.5,13.0,8.5,False,False,False
2026-10-18,surf_zone,Del Mar to Imperial Beach Surf,inshore,corbina,California Corbina,surf,11,2,moderate,Moderate confidence,92.6,78.0,99.9,21.9,75.0,60.4,32.2,well above typical,100.0,100.0,workable,1.0,0.6,0.693,0.971,0.638,1.4,1.239,"pressure,chl",69.37,3.32,3.32,0.484,First Quarter,model-blended conditions + exact tide/moon,True,21.8,14.6,8.5,True,True,False
2026-10-19,surf_zone,Del Mar to Imperial Beach Surf,inshore,corbina,California Corbina,surf,12,2,moderate,Moderate confidence,87.8,72.9,98.3,25.4,74.9,60.3,27.5,well above typical,100.0,100.0,workable,1.0,0.6,0.602,0.955,0.635,0.0,1.215,"pressure,chl",69.05,2.99,1.07,0.579,First Quarter,model-blended conditions + exact tide/moon,True,25.4,14.9,10.5,False,False,False
2026-10-20,surf_zone,Del Mar to Imperial Beach Surf,inshore,corbina,California Corbina,surf,13,2,moderate,Moderate confidence,90.2,74.4,99.9,25.5,74.9,60.3,29.9,well above typical,100.0,100.0,workable,1.0,0.6,0.718,0.932,0.635,0.1,1.194,"pressure,chl",68.75,2.7,3.7,0.673,Waxing Gibbous,model-blended conditions + exact tide/moon,True,25.5,15.8,10.5,True,True,False
2026-10-21,surf_zone,Del Mar to Imperial Beach Surf,inshore,corbina,California Corbina,surf,14,2,moderate,Moderate confidence,89.4,73.1,99.9,26.8,74.9,60.3,29.1,well above typical,100.0,100.0,workable,1.0,0.6,0.739,0.909,0.635,-1.8,1.176,"pressure,chl",68.49,2.44,3.95,0.762,Waxing Gibbous,model-blended conditions + exact tide/moon,True,26.8,16.3,10.5,False,False,False
2026-10-22,surf_zone,Del Mar to Imperial Beach Surf,inshore,corbina,California Corbina,surf,15,3,outlook,Outlook / trend only,88.3,66.7,99.9,33.2,74.9,60.3,28.0,well above typical,,100.0,climatological sea state,1.0,0.6,0.76,0.889,0.634,-2.4,1.154,"pressure,chl",68.22,2.14,4.22,0.844,Waxing Gibbous,climatology + ENSO analog + exact tide/moon,True,33.2,21.6,11.6,False,False,False
2026-10-23,surf_zone,Del Mar to Imperial Beach Surf,inshore,corbina,California Corbina,surf,16,3,outlook,Outlook / trend only,87.7,64.6,99.9,35.3,74.9,60.3,27.4,well above typical,,100.0,climatological sea state,1.0,0.6,0.783,0.872,0.633,,1.14,"pressure,chl",68.02,1.94,4.6,0.912,Waxing Gibbous,climatology + ENSO analog + exact tide/moon,True,35.3,23.1,12.2,False,False,False
2026-10-24,surf_zone,Del Mar to Imperial Beach Surf,inshore,corbina,California Corbina,surf,17,3,outlook,Outlook / trend only,87.8,63.2,99.9,36.7,75.0,60.3,27.5,well above typical,,100.0,climatological sea state,1.0,0.6,0.82,0.859,0.637,,1.127,"pressure,chl",67.82,1.76,5.59,0.964,Waxing Gibbous,climatology + ENSO analog + exact tide/moon,True,36.7,24.6,12.2,True,True,False
2026-10-25,surf_zone,Del Mar to Imperial Beach Surf,inshore,corbina,California Corbina,surf,18,3,outlook,Outlook / trend only,88.3,61.9,99.9,38.0,75.1,60.4,27.9,well above typical,,100.0,climatological sea state,1.0,0.6,0.867,0.852,0.644,,1.116,"pressure,chl",67.64,1.61,6.5,0.994,Full,climatology + ENSO analog + exact tide/moon,True,38.0,26.4,12.2,True,True,False
2026-10-26,surf_zone,Del Mar to Imperial Beach Surf,inshore,corbina,California Corbina,surf,19,3,outlook,Outlook / trend only,86.8,58.9,99.9,41.0,75.0,60.4,26.4,well above typical,,100.0,climatological sea state,1.0,0.6,0.836,0.85,0.646,,1.106,"pressure,chl",67.43,1.47,7.14,0.999,Full,climatology + ENSO analog + exact tide/moon,True,41.0,27.9,13.1,False,False,False
2026-10-27,surf_zone,Del Mar to Imperial Beach Surf,inshore,corbina,California Corbina,surf,20,3,outlook,Outlook / trend only,86.2,56.9,99.9,43.0,74.8,60.2,26.0,well above typical,,100.0,climatological sea state,1.0,0.6,0.837,0.856,0.646,,1.097,"pressure,chl",67.26,1.35,7.42,0.976,Full,climatology + ENSO analog + exact tide/moon,True,43.0,29.3,13.7,False,False,False
2026-10-28,surf_zone,Del Mar to Imperial Beach Surf,inshore,corbina,California Corbina,surf,21,3,outlook,Outlook / trend only,83.9,53.9,99.9,46.0,74.7,60.1,23.8,well above typical,,100.0,climatological sea state,1.0,0.6,0.774,0.868,0.65,,1.089,"pressure,chl",67.11,1.24,7.32,0.927,Waning Gibbous,climatology + ENSO analog + exact tide/moon,True,46.0,30.0,16.0,False,False,False
2026-10-29,surf_zone,Del Mar to Imperial Beach Surf,inshore,corbina,California Corbina,surf,22,3,outlook,Outlook / trend only,76.9,46.9,98.9,52.0,74.6,60.0,16.9,well above typical,,100.0,climatological sea state,1.0,0.6,0.561,0.886,0.655,,1.083,"pressure,chl",66.95,1.15,6.86,0.854,Waning Gibbous,climatology + ENSO analog + exact tide/moon,True,51.5,30.0,22.0,True,False,False
2026-10-30,surf_zone,Del Mar to Imperial Beach Surf,inshore,corbina,California Corbina,surf,23,3,outlook,Outlook / trend only,76.8,45.9,99.2,53.3,74.3,59.8,17.0,well above typical,,100.0,climatological sea state,1.0,0.6,0.568,0.91,0.659,,1.076,"pressure,chl",66.77,1.06,6.19,0.761,Waning Gibbous,climatology + ENSO analog + exact tide/moon,True,53.3,30.9,22.4,False,False,False
2026-10-31,surf_zone,Del Mar to Imperial Beach Surf,inshore,corbina,California Corbina,surf,24,3,outlook,Outlook / trend only,78.8,46.2,99.9,53.7,74.0,59.5,19.3,well above typical,,100.0,climatological sea state,1.0,0.6,0.634,0.936,0.663,,1.071,"pressure,chl",66.59,0.99,5.49,0.655,Waning Gibbous,climatology + ENSO analog + exact tide/moon,True,53.7,32.6,22.4,True,True,False
2026-11-01,surf_zone,Del Mar to Imperial Beach Surf,inshore,corbina,California Corbina,surf,25,3,outlook,Outlook / trend only,69.9,37.3,92.3,55.0,65.4,52.6,17.3,well above typical,,100.0,climatological sea state,1.0,0.35,0.609,0.964,0.659,,1.091,"pressure,chl",66.77,1.26,4.92,0.543,Last Quarter,climatology + ENSO analog + exact tide/moon,True,50.5,32.6,22.4,True,False,False
2026-11-02,surf_zone,Del Mar to Imperial Beach Surf,inshore,corbina,California Corbina,surf,26,3,outlook,Outlook / trend only,71.0,38.4,93.4,55.0,64.9,52.2,18.8,well above typical,,100.0,climatological sea state,1.0,0.35,0.659,0.958,0.658,,1.087,"pressure,chl",66.58,1.21,4.55,0.43,Last Quarter,climatology + ENSO analog + exact tide/moon,True,52.9,32.6,22.4,True,False,False
2026-11-03,surf_zone,Del Mar to Imperial Beach Surf,inshore,corbina,California Corbina,surf,27,3,outlook,Outlook / trend only,72.0,39.4,94.7,55.3,64.4,51.8,20.2,well above typical,,100.0,climatological sea state,1.0,0.35,0.708,0.93,0.658,,1.084,"pressure,chl",66.38,1.16,4.29,0.322,Last Quarter,climatology + ENSO analog + exact tide/moon,True,55.2,32.6,22.7,True,False,False
2026-11-04,surf_zone,Del Mar to Imperial Beach Surf,inshore,corbina,California Corbina,surf,28,3,outlook,Outlook / trend only,72.2,38.3,95.1,56.8,63.9,51.4,20.8,well above typical,,100.0,climatological sea state,1.0,0.35,0.723,0.906,0.66,,1.081,"pressure,chl",66.19,1.12,4.47,0.226,Waning Crescent,climatology + ENSO analog + exact tide/moon,True,56.8,33.9,22.9,False,False,False
2026-11-05,surf_zone,Del Mar to Imperial Beach Surf,inshore,corbina,California Corbina,surf,29,3,outlook,Outlook / trend only,72.3,36.5,96.2,59.7,63.4,51.1,21.2,well above typical,,100.0,climatological sea state,0.979,0.35,0.779,0.886,0.663,,1.068,"pressure,chl",65.87,0.94,4.81,0.144,Waning Crescent,climatology + ENSO analog + exact tide/moon,True,59.7,35.8,23.9,False,False,False
2026-11-06,surf_zone,Del Mar to Imperial Beach Surf,inshore,corbina,California Corbina,surf,30,3,outlook,Outlook / trend only,72.3,35.7,97.3,61.6,62.8,50.6,21.7,well above typical,,100.0,climatological sea state,0.946,0.35,0.821,0.87,0.663,,1.066,"pressure,chl",65.67,0.91,5.63,0.079,Waning Crescent,climatology + ENSO analog + exact tide/moon,True,61.6,36.6,25.0,False,False,False
2026-10-14,surf_zone,Del Mar to Imperial Beach Surf,inshore,sand_bass,Barred Sand Bass,bass,7,2,moderate,Moderate confidence,92.3,82.7,98.4,15.7,75.2,60.5,31.8,well above typical,100.0,100.0,workable,1.0,0.5,0.588,0.886,0.834,0.3,1.278,"pressure,chl",71.21,5.14,4.97,0.143,Waxing Crescent,model-blended conditions + exact tide/moon,True,15.7,9.6,6.1,False,False,False
2026-10-15,surf_zone,Del Mar to Imperial Beach Surf,inshore,sand_bass,Barred Sand Bass,bass,8,2,moderate,Moderate confidence,90.8,80.5,98.6,18.1,75.2,60.5,30.3,well above typical,100.0,100.0,workable,1.0,0.5,0.595,0.904,0.84,0.5,1.248,"pressure,chl",70.62,4.59,4.34,0.217,Waxing Crescent,model-blended conditions + exact tide/moon,True,18.1,10.3,7.8,False,False,False
2026-10-16,surf_zone,Del Mar to Imperial Beach Surf,inshore,sand_bass,Barred Sand Bass,bass,9,2,moderate,Moderate confidence,90.4,79.3,98.7,19.4,75.1,60.5,29.9,well above typical,100.0,100.0,workable,1.0,0.5,0.623,0.925,0.881,-1.7,1.222,"pressure,chl",70.14,4.12,3.78,0.3,Waxing Crescent,model-blended conditions + exact tide/moon,True,19.4,11.1,8.3,False,False,False
2026-10-17,surf_zone,Del Mar to Imperial Beach Surf,inshore,sand_bass,Barred Sand Bass,bass,10,2,moderate,Moderate confidence,89.6,78.1,98.6,20.5,75.1,60.5,29.1,well above typical,100.0,100.0,workable,1.0,0.5,0.654,0.948,0.88,3.6,1.199,"pressure,chl",69.72,3.69,3.41,0.39,First Quarter,model-blended conditions + exact tide/moon,True,20.5,11.5,9.0,False,False,False
2026-10-18,surf_zone,Del Mar to Imperial Beach Surf,inshore,sand_bass,Barred Sand Bass,bass,11,2,moderate,Moderate confidence,87.8,75.9,97.9,22.0,75.1,60.5,27.3,well above typical,100.0,100.0,workable,1.0,0.5,0.634,0.971,0.878,1.4,1.179,"pressure,chl",69.37,3.32,3.32,0.484,First Quarter,model-blended conditions + exact tide/moon,True,22.0,11.9,10.1,False,False,False
2026-10-19,surf_zone,Del Mar to Imperial Beach Surf,inshore,sand_bass,Barred Sand Bass,bass,12,2,moderate,Moderate confidence,78.8,66.9,90.2,23.3,75.1,60.5,18.3,well above typical,100.0,100.0,workable,1.0,0.5,0.389,0.955,0.877,0.0,1.161,"pressure,chl",69.05,2.99,1.07,0.579,First Quarter,model-blended conditions + exact tide/moon,True,22.7,11.9,11.4,True,False,False
2026-10-20,surf_zone,Del Mar to Imperial Beach Surf,inshore,sand_bass,Barred Sand Bass,bass,13,2,moderate,Moderate confidence,82.1,70.0,94.1,24.1,75.1,60.5,21.6,well above typical,100.0,100.0,workable,1.0,0.5,0.525,0.932,0.877,0.1,1.146,"pressure,chl",68.75,2.7,3.7,0.673,Waxing Gibbous,model-blended conditions + exact tide/moon,True,24.1,12.1,12.0,False,False,False
2026-10-21,surf_zone,Del Mar to Imperial Beach Surf,inshore,sand_bass,Barred Sand Bass,bass,14,2,moderate,Moderate confidence,82.2,69.7,94.6,24.9,75.1,60.5,21.7,well above typical,100.0,100.0,workable,1.0,0.5,0.571,0.909,0.877,-1.8,1.132,"pressure,chl",68.49,2.44,3.95,0.762,Waxing Gibbous,model-blended conditions + exact tide/moon,True,24.9,12.5,12.4,False,False,False
2026-10-22,surf_zone,Del Mar to Imperial Beach Surf,inshore,sand_bass,Barred Sand Bass,bass,15,3,outlook,Outlook / trend only,82.1,65.3,98.7,33.4,75.1,60.5,21.6,well above typical,,100.0,climatological sea state,1.0,0.5,0.618,0.889,0.876,-2.4,1.116,"pressure,chl",68.22,2.14,4.22,0.844,Waxing Gibbous,climatology + ENSO analog + exact tide/moon,True,33.4,16.8,16.6,False,False,False
2026-10-23,surf_zone,Del Mar to Imperial Beach Surf,inshore,sand_bass,Barred Sand Bass,bass,16,3,outlook,Outlook / trend only,82.4,65.1,99.3,34.2,75.1,60.5,21.9,well above typical,,100.0,climatological sea state,1.0,0.5,0.668,0.872,0.875,,1.105,"pressure,chl",68.02,1.94,4.6,0.912,Waxing Gibbous,climatology + ENSO analog + exact tide/moon,True,34.2,17.3,16.9,False,False,False
2026-10-24,surf_zone,Del Mar to Imperial Beach Surf,inshore,sand_bass,Barred Sand Bass,bass,17,3,outlook,Outlook / trend only,79.8,62.5,97.1,34.6,75.1,60.5,19.3,well above typical,,100.0,climatological sea state,1.0,0.5,0.595,0.859,0.878,,1.095,"pressure,chl",67.82,1.76,5.59,0.964,Waxing Gibbous,climatology + ENSO analog + exact tide/moon,True,34.5,17.3,17.3,True,False,False
2026-10-25,surf_zone,Del Mar to Imperial Beach Surf,inshore,sand_bass,Barred Sand Bass,bass,18,3,outlook,Outlook / trend only,80.0,62.1,97.7,35.6,75.2,60.5,19.5,well above typical,,100.0,climatological sea state,1.0,0.5,0.628,0.852,0.881,,1.087,"pressure,chl",67.64,1.61,6.5,0.994,Full,climatology + ENSO analog + exact tide/moon,True,35.6,17.9,17.7,False,False,False
2026-10-26,surf_zone,Del Mar to Imperial Beach Surf,inshore,sand_bass,Barred Sand Bass,bass,19,3,outlook,Outlook / trend only,79.5,60.3,97.6,37.3,75.2,60.5,19.0,well above typical,,100.0,climatological sea state,1.0,0.5,0.629,0.85,0.883,,1.079,"pressure,chl",67.43,1.47,7.14,0.999,Full,climatology + ENSO analog + exact tide/moon,True,37.3,19.2,18.1,False,False,False
2026-10-27,surf_zone,Del Mar to Imperial Beach Surf,inshore,sand_bass,Barred Sand Bass,bass,20,3,outlook,Outlook / trend only,79.6,59.1,98.0,38.9,75.2,60.5,19.1,well above typical,,100.0,climatological sea state,1.0,0.5,0.651,0.856,0.883,,1.073,"pressure,chl",67.26,1.35,7.42,0.976,Full,climatology + ENSO analog + exact tide/moon,True,38.9,20.5,18.4,False,False,False
2026-10-28,surf_zone,Del Mar to Imperial Beach Surf,inshore,sand_bass,Barred Sand Bass,bass,21,3,outlook,Outlook / trend only,79.8,58.3,98.5,40.2,75.2,60.5,19.3,well above typical,,100.0,climatological sea state,1.0,0.5,0.677,0.868,0.885,,1.067,"pressure,chl",67.11,1.24,7.32,0.927,Waning Gibbous,climatology + ENSO analog + exact tide/moon,True,40.2,21.5,18.7,False,False,False
2026-10-29,surf_zone,Del Mar to Imperial Beach Surf,inshore,sand_bass,Barred Sand Bass,bass,22,3,outlook,Outlook / trend only,80.4,57.5,99.3,41.8,75.2,60.5,19.9,well above typical,,100.0,climatological sea state,1.0,0.5,0.715,0.886,0.888,,1.062,"pressure,chl",66.95,1.15,6.86,0.854,Waning Gibbous,climatology + ENSO analog + exact tide/moon,True,41.8,22.9,18.9,False,False,False
2026-10-30,surf_zone,Del Mar to Imperial Beach Surf,inshore,sand_bass,Barred Sand Bass,bass,23,3,outlook,Outlook / trend only,81.0,56.8,99.9,43.1,75.2,60.6,20.4,well above typical,,100.0,climatological sea state,1.0,0.5,0.755,0.91,0.89,,1.057,"pressure,chl",66.77,1.06,6.19,0.761,Waning Gibbous,climatology + ENSO analog + exact tide/moon,True,43.1,24.2,18.9,False,False,False
2026-10-31,surf_zone,Del Mar to Imperial Beach Surf,inshore,sand_bass,Barred Sand Bass,bass,24,3,outlook,Outlook / trend only,81.3,56.0,99.9,43.9,75.2,60.6,20.7,well above typical,,100.0,climatological sea state,1.0,0.5,0.774,0.936,0.893,,1.053,"pressure,chl",66.59,0.99,5.49,0.655,Waning Gibbous,climatology + ENSO analog + exact tide/moon,True,43.9,25.3,18.9,True,True,False
2026-11-01,surf_zone,Del Mar to Imperial Beach Surf,inshore,sand_bass,Barred Sand Bass,bass,25,3,outlook,Outlook / trend only,71.1,45.8,90.0,44.2,66.6,53.6,17.5,well above typical,,100.0,climatological sea state,1.0,0.3,0.746,0.964,0.891,,1.068,"pressure,chl",66.77,1.26,4.92,0.543,Last Quarter,climatology + ENSO analog + exact tide/moon,True,40.8,25.3,18.9,True,False,False
2026-11-02,surf_zone,Del Mar to Imperial Beach Surf,inshore,sand_bass,Barred Sand Bass,bass,26,3,outlook,Outlook / trend only,69.5,44.2,88.4,44.2,66.5,53.6,15.9,well above typical,,100.0,climatological sea state,1.0,0.3,0.67,0.958,0.89,,1.065,"pressure,chl",66.58,1.21,4.55,0.43,Last Quarter,climatology + ENSO analog + exact tide/moon,True,41.6,25.3,18.9,True,False,False
2026-11-03,surf_zone,Del Mar to Imperial Beach Surf,inshore,sand_bass,Barred Sand Bass,bass,27,3,outlook,Outlook / trend only,66.2,40.9,85.1,44.2,66.5,53.6,12.6,well above typical,,100.0,climatological sea state,1.0,0.3,0.527,0.93,0.89,,1.063,"pressure,chl",66.38,1.16,4.29,0.322,Last Quarter,climatology + ENSO analog + exact tide/moon,True,41.5,25.3,18.9,True,False,False
2026-11-04,surf_zone,Del Mar to Imperial Beach Surf,inshore,sand_bass,Barred Sand Bass,bass,28,3,outlook,Outlook / trend only,67.0,41.7,85.9,44.2,66.6,53.6,13.4,well above typical,,100.0,climatological sea state,1.0,0.3,0.576,0.906,0.891,,1.06,"pressure,chl",66.19,1.12,4.47,0.226,Waning Crescent,climatology + ENSO analog + exact tide/moon,True,43.0,25.3,18.9,True,False,False
2026-11-05,surf_zone,Del Mar to Imperial Beach Surf,inshore,sand_bass,Barred Sand Bass,bass,29,3,outlook,Outlook / trend only,67.4,41.0,86.3,45.3,66.4,53.4,14.0,well above typical,,100.0,climatological sea state,1.0,0.3,0.629,0.886,0.893,,1.051,"pressure,chl",65.87,0.94,4.81,0.144,Waning Crescent,climatology + ENSO analog + exact tide/moon,True,45.0,26.4,18.9,True,False,False
2026-11-06,surf_zone,Del Mar to Imperial Beach Surf,inshore,sand_bass,Barred Sand Bass,bass,30,3,outlook,Outlook / trend only,67.0,39.8,85.9,46.1,65.9,53.0,14.0,well above typical,,100.0,climatological sea state,1.0,0.3,0.619,0.87,0.893,,1.049,"pressure,chl",65.67,0.91,5.63,0.079,Waning Crescent,climatology + ENSO analog + exact tide/moon,True,45.9,27.2,18.9,True,False,False
