date,zone_id,zone,band,species_id,species,group,score,seasonal_norm_score,vs_norm,core_score,fishability,access_note,is_forecast,sst_f,sst_anom_f,wave_ft,wind_kt,tide_range_ft,moon_illum,front_f_per_nm,term_sst,term_season,term_tide,term_moon,term_pressure,term_swell,term_front,term_chl,anomaly_term,contrib_json,missing_drivers,enso_regime,oni,annual_percentile
2026-09-03,nine_mile,9-Mile Bank & 43-Fathom,offshore,dorado,Dorado (Mahi-Mahi),tuna,99.7,68.9,30.8,99.7,100.0,workable,True,73.75999999999999,1.5201163636363617,4.265092,11.9,4.669,0.5954232597505752,,1.0,1.0,0.788,0.951,1.0,0.841,,,1.301,"{""sst"": 0.3372, ""season"": 0.1499, ""tide"": 0.0123, ""moon"": 0.0348, ""pressure"": 0.0375, ""swell"": 0.0843}","front,chl",El Nino,1.39,100.0
2026-09-02,nine_mile,9-Mile Bank & 43-Fathom,offshore,dorado,Dorado (Mahi-Mahi),tuna,99.6,68.9,30.7,99.6,99.8,workable,True,73.67,1.5160012048192755,4.5275592,10.9,4.6370000000000005,0.7031089426935717,,1.0,1.0,0.794,0.924,0.85,0.818,,,1.3,"{""sst"": 0.3372, ""season"": 0.1499, ""tide"": 0.0125, ""moon"": 0.0332, ""pressure"": 0.0287, ""swell"": 0.0798}","front,chl",El Nino,1.39,100.0
2026-09-01,nine_mile,9-Mile Bank & 43-Fathom,offshore,yellowfin_tuna,Yellowfin Tuna,tuna,99.6,68.1,31.5,99.7,97.8,workable,True,74.21000000000001,2.1721904191616943,4.7900263999999995,10.9,4.742999999999999,0.7992843952573526,,1.0,1.0,0.806,0.9,0.6,0.795,,,1.35,"{""sst"": 0.2997, ""season"": 0.1499, ""tide"": 0.0129, ""moon"": 0.0477, ""pressure"": 0.0099, ""swell"": 0.0878}","front,chl",El Nino,1.39,100.0
2026-09-01,nine_mile,9-Mile Bank & 43-Fathom,offshore,dorado,Dorado (Mahi-Mahi),tuna,99.6,69.0,30.6,99.7,97.8,workable,True,74.21000000000001,2.1721904191616943,4.7900263999999995,10.9,4.742999999999999,0.7992843952573526,,1.0,1.0,0.806,0.9,0.6,0.795,,,1.35,"{""sst"": 0.3372, ""season"": 0.1499, ""tide"": 0.0129, ""moon"": 0.0318, ""pressure"": 0.0099, ""swell"": 0.0752}","front,chl",El Nino,1.39,100.0
2026-08-29,nine_mile,9-Mile Bank & 43-Fathom,offshore,yellowfin_tuna,Yellowfin Tuna,tuna,99.5,68.2,31.3,99.6,95.3,5.1 ft seas,True,76.1,4.237231764705882,5.1181104,10.8,5.614999999999999,0.9807370357326118,,1.0,1.0,0.862,0.855,0.6,0.766,,,1.35,"{""sst"": 0.2997, ""season"": 0.1499, ""tide"": 0.0147, ""moon"": 0.0435, ""pressure"": 0.0099, ""swell"": 0.0808}","front,chl",El Nino,1.39,100.0
2026-08-29,nine_mile,9-Mile Bank & 43-Fathom,offshore,dorado,Dorado (Mahi-Mahi),tuna,99.5,67.6,31.9,99.6,95.3,5.1 ft seas,True,76.1,4.237231764705882,5.1181104,10.8,5.614999999999999,0.9807370357326118,,1.0,0.95,0.862,0.855,0.6,0.766,,,1.35,"{""sst"": 0.3372, ""season"": 0.1388, ""tide"": 0.0147, ""moon"": 0.029, ""pressure"": 0.0099, ""swell"": 0.0693}","front,chl",El Nino,1.39,100.0
2026-09-03,nine_mile,9-Mile Bank & 43-Fathom,offshore,yellowfin_tuna,Yellowfin Tuna,tuna,99.5,68.1,31.4,99.5,100.0,workable,True,73.75999999999999,1.5201163636363617,4.265092,11.9,4.669,0.5954232597505752,,1.0,1.0,0.788,0.951,1.0,0.841,,,1.246,"{""sst"": 0.2997, ""season"": 0.1499, ""tide"": 0.0123, ""moon"": 0.0521, ""pressure"": 0.0375, ""swell"": 0.0984}","front,chl",El Nino,1.39,100.0
2026-09-02,nine_mile,9-Mile Bank & 43-Fathom,offshore,yellowfin_tuna,Yellowfin Tuna,tuna,99.3,68.1,31.2,99.4,99.8,workable,True,73.67,1.5160012048192755,4.5275592,10.9,4.6370000000000005,0.7031089426935717,,1.0,1.0,0.794,0.924,0.85,0.818,,,1.246,"{""sst"": 0.2997, ""season"": 0.1499, ""tide"": 0.0125, ""moon"": 0.0498, ""pressure"": 0.0287, ""swell"": 0.0932}","front,chl",El Nino,1.39,100.0
2026-08-31,nine_mile,9-Mile Bank & 43-Fathom,offshore,dorado,Dorado (Mahi-Mahi),tuna,99.1,68.1,31.0,99.6,88.9,6.0 ft seas,True,74.84,2.8878642857142864,5.9711288,10.4,4.808,0.8795682132236311,,1.0,0.95,0.817,0.88,0.85,0.692,,,1.35,"{""sst"": 0.3372, ""season"": 0.1388, ""tide"": 0.0133, ""moon"": 0.0306, ""pressure"": 0.0287, ""swell"": 0.0526}","front,chl",El Nino,1.39,100.0
2026-08-31,nine_mile,9-Mile Bank & 43-Fathom,offshore,yellowfin_tuna,Yellowfin Tuna,tuna,99.1,68.2,30.9,99.6,88.9,6.0 ft seas,True,74.84,2.8878642857142864,5.9711288,10.4,4.808,0.8795682132236311,,1.0,1.0,0.817,0.88,0.85,0.692,,,1.35,"{""sst"": 0.2997, ""season"": 0.1499, ""tide"": 0.0133, ""moon"": 0.0458, ""pressure"": 0.0287, ""swell"": 0.0614}","front,chl",El Nino,1.39,100.0
2026-08-30,nine_mile,9-Mile Bank & 43-Fathom,offshore,dorado,Dorado (Mahi-Mahi),tuna,98.9,67.7,31.2,99.6,85.5,5.8 ft seas,True,75.38,3.4917550295858035,5.8398952,12.9,5.138,0.9407239833834854,,1.0,0.95,0.836,0.865,0.85,0.703,,,1.35,"{""sst"": 0.3372, ""season"": 0.1388, ""tide"": 0.0139, ""moon"": 0.0296, ""pressure"": 0.0287, ""swell"": 0.0553}","front,chl",El Nino,1.39,100.0
2026-09-03,outer_banks,302 / 371 / Hidden Bank,offshore,dorado,Dorado (Mahi-Mahi),tuna,98.9,65.7,33.2,99.8,79.4,workable,True,73.31,1.825450909090904,4.6587928,12.3,4.669,0.5954232597505752,,1.0,1.0,0.788,0.951,1.0,0.807,,,1.35,"{""sst"": 0.3372, ""season"": 0.1499, ""tide"": 0.0123, ""moon"": 0.0348, ""pressure"": 0.0375, ""swell"": 0.0775}","front,chl",El Nino,1.39,100.0
2026-08-30,nine_mile,9-Mile Bank & 43-Fathom,offshore,yellowfin_tuna,Yellowfin Tuna,tuna,98.8,68.2,30.6,99.6,85.5,5.8 ft seas,True,75.38,3.4917550295858035,5.8398952,12.9,5.138,0.9407239833834854,,1.0,1.0,0.836,0.865,0.85,0.703,,,1.35,"{""sst"": 0.2997, ""season"": 0.1499, ""tide"": 0.0139, ""moon"": 0.0444, ""pressure"": 0.0287, ""swell"": 0.0645}","front,chl",El Nino,1.39,100.0
2026-09-02,outer_banks,302 / 371 / Hidden Bank,offshore,dorado,Dorado (Mahi-Mahi),tuna,98.6,65.1,33.5,99.7,79.1,workable,True,73.13,1.7277506024096425,4.8556432,11.5,4.6370000000000005,0.7031089426935717,,1.0,1.0,0.794,0.924,0.85,0.789,,,1.342,"{""sst"": 0.3372, ""season"": 0.1499, ""tide"": 0.0125, ""moon"": 0.0332, ""pressure"": 0.0287, ""swell"": 0.074}","front,chl",El Nino,1.39,100.0
2026-09-01,coronados,Coronado Islands,offshore,dorado,Dorado (Mahi-Mahi),tuna,98.5,66.1,32.4,99.7,80.2,workable,True,73.4,1.8559616766467144,4.7244095999999995,10.7,4.742999999999999,0.7992843952573526,,1.0,1.0,0.806,0.9,0.6,0.801,,,1.35,"{""sst"": 0.3372, ""season"": 0.1499, ""tide"": 0.0129, ""moon"": 0.0318, ""pressure"": 0.0099, ""swell"": 0.0764}","front,chl",El Nino,1.39,100.0
2026-09-03,outer_banks,302 / 371 / Hidden Bank,offshore,yellowfin_tuna,Yellowfin Tuna,tuna,98.1,68.1,30.0,99.6,79.4,workable,True,73.31,1.825450909090904,4.6587928,12.3,4.669,0.5954232597505752,,1.0,1.0,0.788,0.951,1.0,0.807,,,1.296,"{""sst"": 0.2997, ""season"": 0.1499, ""tide"": 0.0123, ""moon"": 0.0521, ""pressure"": 0.0375, ""swell"": 0.0905}","front,chl",El Nino,1.39,100.0
2026-08-30,pt_loma_kelp,Point Loma Kelp,nearshore,bonito,Pacific Bonito,pelagic_inshore,98.0,69.2,28.8,98.6,94.8,5.2 ft seas,True,75.56,3.6989147928994157,5.1837272,9.5,5.138,0.9407239833834854,,0.745,1.0,0.836,0.865,0.85,0.761,,,1.333,"{""sst"": 0.1496, ""season"": 0.156, ""tide"": 0.0642, ""moon"": 0.0137, ""pressure"": 0.0398, ""swell"": 0.0734}","front,chl",El Nino,1.39,100.0
2026-09-03,nine_mile,9-Mile Bank & 43-Fathom,offshore,bonito,Pacific Bonito,pelagic_inshore,97.9,68.4,29.5,97.9,100.0,workable,True,73.75999999999999,1.5201163636363617,4.265092,11.9,4.669,0.5954232597505752,,1.0,0.95,0.788,0.951,1.0,0.841,,,1.137,"{""sst"": 0.2599, ""season"": 0.1444, ""tide"": 0.0569, ""moon"": 0.0161, ""pressure"": 0.052, ""swell"": 0.091}","front,chl",El Nino,1.39,100.0
2026-09-03,la_jolla,La Jolla Kelp & Canyon,nearshore,bonito,Pacific Bonito,pelagic_inshore,97.9,69.0,28.9,97.9,100.0,workable,True,74.48,1.7774727272727233,3.7401576,10.1,4.567,0.5954232597505752,,0.922,0.95,0.783,0.951,1.0,0.887,,,1.16,"{""sst"": 0.2293, ""season"": 0.1444, ""tide"": 0.0561, ""moon"": 0.0161, ""pressure"": 0.052, ""swell"": 0.1003}","front,chl",El Nino,1.39,100.0
2026-09-01,outer_banks,302 / 371 / Hidden Bank,offshore,dorado,Dorado (Mahi-Mahi),tuna,97.8,64.6,33.2,99.7,76.5,5.2 ft seas,True,73.4,2.0827293413173606,5.1837272,11.6,4.742999999999999,0.7992843952573526,,1.0,1.0,0.806,0.9,0.6,0.761,,,1.35,"{""sst"": 0.3372, ""season"": 0.1499, ""tide"": 0.0129, ""moon"": 0.0318, ""pressure"": 0.0099, ""swell"": 0.068}","front,chl",El Nino,1.39,100.0
2026-08-29,coronados,Coronado Islands,offshore,dorado,Dorado (Mahi-Mahi),tuna,97.8,64.9,32.9,99.6,77.6,5.1 ft seas,True,75.65,4.2112905882353004,5.0524936,9.2,5.614999999999999,0.9807370357326118,,1.0,0.95,0.862,0.855,0.6,0.772,,,1.35,"{""sst"": 0.3372, ""season"": 0.1388, ""tide"": 0.0147, ""moon"": 0.029, ""pressure"": 0.0099, ""swell"": 0.0705}","front,chl",El Nino,1.39,100.0
2026-08-29,coronados,Coronado Islands,offshore,yellowfin_tuna,Yellowfin Tuna,tuna,97.8,68.2,29.6,99.6,77.6,5.1 ft seas,True,75.65,4.2112905882353004,5.0524936,9.2,5.614999999999999,0.9807370357326118,,1.0,1.0,0.862,0.855,0.6,0.772,,,1.35,"{""sst"": 0.2997, ""season"": 0.1499, ""tide"": 0.0147, ""moon"": 0.0435, ""pressure"": 0.0099, ""swell"": 0.0822}","front,chl",El Nino,1.39,100.0
2026-09-02,la_jolla,La Jolla Kelp & Canyon,nearshore,bonito,Pacific Bonito,pelagic_inshore,97.6,69.0,28.6,97.6,100.0,workable,True,74.3,1.6910132530120308,3.8713911999999997,9.1,4.433,0.7031089426935717,,0.951,0.95,0.784,0.924,0.85,0.876,,,1.152,"{""sst"": 0.2411, ""season"": 0.1444, ""tide"": 0.0562, ""moon"": 0.0154, ""pressure"": 0.0398, ""swell"": 0.098}","front,chl",El Nino,1.39,100.0
2026-09-01,coronados,Coronado Islands,offshore,yellowfin_tuna,Yellowfin Tuna,tuna,97.6,68.1,29.5,99.5,80.2,workable,True,73.4,1.8559616766467144,4.7244095999999995,10.7,4.742999999999999,0.7992843952573526,,1.0,1.0,0.806,0.9,0.6,0.801,,,1.301,"{""sst"": 0.2997, ""season"": 0.1499, ""tide"": 0.0129, ""moon"": 0.0477, ""pressure"": 0.0099, ""swell"": 0.0891}","front,chl",El Nino,1.39,100.0
2026-08-31,pt_loma_kelp,Point Loma Kelp,nearshore,bonito,Pacific Bonito,pelagic_inshore,97.5,69.1,28.4,98.5,92.9,5.4 ft seas,True,75.11,3.189439285714286,5.4461943999999995,9.5,4.808,0.8795682132236311,,0.819,1.0,0.817,0.88,0.85,0.738,,,1.287,"{""sst"": 0.1849, ""season"": 0.156, ""tide"": 0.0614, ""moon"": 0.0141, ""pressure"": 0.0398, ""swell"": 0.0681}","front,chl",El Nino,1.39,100.0
2026-09-02,nine_mile,9-Mile Bank & 43-Fathom,offshore,bonito,Pacific Bonito,pelagic_inshore,97.5,68.5,29.0,97.5,99.8,workable,True,73.67,1.5160012048192755,4.5275592,10.9,4.6370000000000005,0.7031089426935717,,1.0,0.95,0.794,0.924,0.85,0.818,,,1.136,"{""sst"": 0.2599, ""season"": 0.1444, ""tide"": 0.0579, ""moon"": 0.0154, ""pressure"": 0.0398, ""swell"": 0.0862}","front,chl",El Nino,1.39,100.0
2026-08-31,la_jolla,La Jolla Kelp & Canyon,nearshore,bonito,Pacific Bonito,pelagic_inshore,97.4,69.7,27.7,97.7,97.8,workable,True,76.01,3.5813357142857285,4.7900263999999995,9.2,4.457,0.8795682132236311,,0.672,1.0,0.799,0.88,0.85,0.795,,,1.322,"{""sst"": 0.1107, ""season"": 0.156, ""tide"": 0.0586, ""moon"": 0.0141, ""pressure"": 0.0398, ""swell"": 0.0812}","front,chl",El Nino,1.39,100.0
2026-09-01,pt_loma_kelp,Point Loma Kelp,nearshore,bonito,Pacific Bonito,pelagic_inshore,97.4,68.5,28.9,97.4,100.0,workable,True,73.76,1.773754491017968,4.4619424,10.4,4.742999999999999,0.7992843952573526,,1.0,0.95,0.806,0.9,0.6,0.824,,,1.16,"{""sst"": 0.2599, ""season"": 0.1444, ""tide"": 0.0597, ""moon"": 0.0147, ""pressure"": 0.0137, ""swell"": 0.0874}","front,chl",El Nino,1.39,100.0
2026-09-02,outer_banks,302 / 371 / Hidden Bank,offshore,yellowfin_tuna,Yellowfin Tuna,tuna,97.4,68.1,29.3,99.5,79.1,workable,True,73.13,1.7277506024096425,4.8556432,11.5,4.6370000000000005,0.7031089426935717,,1.0,1.0,0.794,0.924,0.85,0.789,,,1.28,"{""sst"": 0.2997, ""season"": 0.1499, ""tide"": 0.0125, ""moon"": 0.0498, ""pressure"": 0.0287, ""swell"": 0.0864}","front,chl",El Nino,1.39,100.0
2026-08-29,pt_loma_kelp,Point Loma Kelp,nearshore,bonito,Pacific Bonito,pelagic_inshore,97.4,69.2,28.2,97.5,99.3,workable,True,76.19,4.361791764705885,4.593176,8.3,5.614999999999999,0.9807370357326118,,0.642,1.0,0.862,0.855,0.6,0.812,,,1.35,"{""sst"": 0.0939, ""season"": 0.156, ""tide"": 0.068, ""moon"": 0.0134, ""pressure"": 0.0137, ""swell"": 0.0849}","front,chl",El Nino,1.39,100.0
2026-09-01,outer_banks,302 / 371 / Hidden Bank,offshore,yellowfin_tuna,Yellowfin Tuna,tuna,97.3,68.1,29.2,99.6,76.5,5.2 ft seas,True,73.4,2.0827293413173606,5.1837272,11.6,4.742999999999999,0.7992843952573526,,1.0,1.0,0.806,0.9,0.6,0.761,,,1.337,"{""sst"": 0.2997, ""season"": 0.1499, ""tide"": 0.0129, ""moon"": 0.0477, ""pressure"": 0.0099, ""swell"": 0.0794}","front,chl",El Nino,1.39,100.0
2026-09-01,nine_mile,9-Mile Bank & 43-Fathom,offshore,bonito,Pacific Bonito,pelagic_inshore,97.3,68.5,28.8,97.7,97.8,workable,True,74.21000000000001,2.1721904191616943,4.7900263999999995,10.9,4.742999999999999,0.7992843952573526,,0.966,0.95,0.806,0.9,0.6,0.795,,,1.195,"{""sst"": 0.2468, ""season"": 0.1444, ""tide"": 0.0597, ""moon"": 0.0147, ""pressure"": 0.0137, ""swell"": 0.0812}","front,chl",El Nino,1.39,100.0
2026-08-30,la_jolla,La Jolla Kelp & Canyon,nearshore,bonito,Pacific Bonito,pelagic_inshore,97.3,69.7,27.6,97.5,98.8,workable,True,76.37,4.02720710059171,4.6587928,9.2,4.744,0.9407239833834854,,0.613,1.0,0.816,0.865,0.85,0.807,,,1.35,"{""sst"": 0.0763, ""season"": 0.156, ""tide"": 0.0613, ""moon"": 0.0137, ""pressure"": 0.0398, ""swell"": 0.0837}","front,chl",El Nino,1.39,100.0
2026-09-01,la_jolla,La Jolla Kelp & Canyon,nearshore,bonito,Pacific Bonito,pelagic_inshore,97.2,69.1,28.1,97.2,100.0,workable,True,74.93,2.4259796407185803,4.0682416,9.8,4.44,0.7992843952573526,,0.848,0.95,0.791,0.9,0.6,0.858,,,1.218,"{""sst"": 0.1981, ""season"": 0.1444, ""tide"": 0.0574, ""moon"": 0.0147, ""pressure"": 0.0137, ""swell"": 0.0946}","front,chl",El Nino,1.39,100.0
2026-08-29,nine_mile,9-Mile Bank & 43-Fathom,offshore,bonito,Pacific Bonito,pelagic_inshore,96.5,69.2,27.3,97.4,95.3,5.1 ft seas,True,76.1,4.237231764705882,5.1181104,10.8,5.614999999999999,0.9807370357326118,,0.657,1.0,0.862,0.855,0.6,0.766,,,1.35,"{""sst"": 0.1024, ""season"": 0.156, ""tide"": 0.068, ""moon"": 0.0134, ""pressure"": 0.0137, ""swell"": 0.0747}","front,chl",El Nino,1.39,100.0
2026-09-03,coronados,Coronado Islands,offshore,dorado,Dorado (Mahi-Mahi),tuna,96.5,67.1,29.4,98.9,84.4,workable,True,72.5,0.8016436363636359,4.1994752,11.4,4.669,0.5954232597505752,,1.0,1.0,0.788,0.951,1.0,0.847,,,1.159,"{""sst"": 0.3372, ""season"": 0.1499, ""tide"": 0.0123, ""moon"": 0.0348, ""pressure"": 0.0375, ""swell"": 0.0854}","front,chl",El Nino,1.39,100.0
2026-09-02,coronados,Coronado Islands,offshore,dorado,Dorado (Mahi-Mahi),tuna,96.2,66.6,29.6,99.0,81.8,workable,True,72.59,0.9617638554216938,4.5275592,10.7,4.6370000000000005,0.7031089426935717,,1.0,1.0,0.794,0.924,0.85,0.818,,,1.19,"{""sst"": 0.3372, ""season"": 0.1499, ""tide"": 0.0125, ""moon"": 0.0332, ""pressure"": 0.0287, ""swell"": 0.0798}","front,chl",El Nino,1.39,100.0
2026-08-31,nine_mile,9-Mile Bank & 43-Fathom,offshore,bonito,Pacific Bonito,pelagic_inshore,96.2,69.1,27.1,98.2,88.9,6.0 ft seas,True,74.84,2.8878642857142864,5.9711288,10.4,4.808,0.8795682132236311,,0.863,1.0,0.817,0.88,0.85,0.692,,,1.26,"{""sst"": 0.2046, ""season"": 0.156, ""tide"": 0.0614, ""moon"": 0.0141, ""pressure"": 0.0398, ""swell"": 0.0568}","front,chl",El Nino,1.39,100.0
2026-08-31,coronados,Coronado Islands,offshore,dorado,Dorado (Mahi-Mahi),tuna,96.0,65.3,30.7,99.6,70.2,6.0 ft seas,True,74.39,2.892964285714285,5.9711288,10.6,4.808,0.8795682132236311,,1.0,0.95,0.817,0.88,0.85,0.692,,,1.35,"{""sst"": 0.3372, ""season"": 0.1388, ""tide"": 0.0133, ""moon"": 0.0306, ""pressure"": 0.0287, ""swell"": 0.0526}","front,chl",El Nino,1.39,100.0
2026-08-30,coronados,Coronado Islands,offshore,yellowfin_tuna,Yellowfin Tuna,tuna,96.0,68.2,27.8,99.6,69.9,5.8 ft seas,True,74.75,3.291571597633137,5.8398952,12.3,5.138,0.9407239833834854,,1.0,1.0,0.836,0.865,0.85,0.703,,,1.35,"{""sst"": 0.2997, ""season"": 0.1499, ""tide"": 0.0139, ""moon"": 0.0444, ""pressure"": 0.0287, ""swell"": 0.0645}","front,chl",El Nino,1.39,100.0
2026-08-30,coronados,Coronado Islands,offshore,dorado,Dorado (Mahi-Mahi),tuna,96.0,65.0,31.0,99.6,69.9,5.8 ft seas,True,74.75,3.291571597633137,5.8398952,12.3,5.138,0.9407239833834854,,1.0,0.95,0.836,0.865,0.85,0.703,,,1.35,"{""sst"": 0.3372, ""season"": 0.1388, ""tide"": 0.0139, ""moon"": 0.0296, ""pressure"": 0.0287, ""swell"": 0.0553}","front,chl",El Nino,1.39,100.0
2026-08-31,coronados,Coronado Islands,offshore,yellowfin_tuna,Yellowfin Tuna,tuna,96.0,68.2,27.8,99.6,70.2,6.0 ft seas,True,74.39,2.892964285714285,5.9711288,10.6,4.808,0.8795682132236311,,1.0,1.0,0.817,0.88,0.85,0.692,,,1.35,"{""sst"": 0.2997, ""season"": 0.1499, ""tide"": 0.0133, ""moon"": 0.0458, ""pressure"": 0.0287, ""swell"": 0.0614}","front,chl",El Nino,1.39,100.0
2026-08-30,nine_mile,9-Mile Bank & 43-Fathom,offshore,bonito,Pacific Bonito,pelagic_inshore,95.5,69.2,26.3,98.4,85.5,5.8 ft seas,True,75.38,3.4917550295858035,5.8398952,12.9,5.138,0.9407239833834854,,0.775,1.0,0.836,0.865,0.85,0.703,,,1.314,"{""sst"": 0.1642, ""season"": 0.156, ""tide"": 0.0642, ""moon"": 0.0137, ""pressure"": 0.0398, ""swell"": 0.0597}","front,chl",El Nino,1.39,100.0
2026-09-03,coronados,Coronado Islands,offshore,yellowfin_tuna,Yellowfin Tuna,tuna,95.2,68.1,27.1,98.4,84.4,workable,True,72.5,0.8016436363636359,4.1994752,11.4,4.669,0.5954232597505752,,1.0,1.0,0.788,0.951,1.0,0.847,,,1.13,"{""sst"": 0.2997, ""season"": 0.1499, ""tide"": 0.0123, ""moon"": 0.0521, ""pressure"": 0.0375, ""swell"": 0.0997}","front,chl",El Nino,1.39,100.0
2026-08-29,la_jolla,La Jolla Kelp & Canyon,nearshore,bonito,Pacific Bonito,pelagic_inshore,94.8,69.7,25.1,94.8,100.0,workable,True,76.91,4.614998823529405,4.265092,7.6,5.207000000000001,0.9807370357326118,,0.525,1.0,0.841,0.855,0.6,0.841,,,1.35,"{""sst"": 0.0181, ""season"": 0.156, ""tide"": 0.0651, ""moon"": 0.0134, ""pressure"": 0.0137, ""swell"": 0.091}","front,chl",El Nino,1.39,100.0
2026-08-31,mission_bay,Mission Bay,inshore,spotted_bay_bass,Spotted Bay Bass,bass,94.6,65.7,28.9,96.1,94.8,5.2 ft seas,True,75.83,3.6451392857142793,5.1837272,9.5,4.808,0.8795682132236311,,1.0,1.0,0.671,0.868,0.85,0.95,,,1.197,"{""sst"": 0.1612, ""season"": 0.1128, ""tide"": 0.1166, ""moon"": 0.0384, ""pressure"": 0.0494, ""swell"": 0.0298}",chl,El Nino,1.39,100.0
2026-09-02,coronados,Coronado Islands,offshore,yellowfin_tuna,Yellowfin Tuna,tuna,94.5,68.1,26.4,98.5,81.8,workable,True,72.59,0.9617638554216938,4.5275592,10.7,4.6370000000000005,0.7031089426935717,,1.0,1.0,0.794,0.924,0.85,0.818,,,1.156,"{""sst"": 0.2997, ""season"": 0.1499, ""tide"": 0.0125, ""moon"": 0.0498, ""pressure"": 0.0287, ""swell"": 0.0932}","front,chl",El Nino,1.39,100.0
2026-08-31,sd_bay,San Diego Bay,inshore,spotted_bay_bass,Spotted Bay Bass,bass,94.1,65.7,28.4,94.9,97.8,workable,True,74.84,2.9911178571428536,4.7900263999999995,9.5,4.808,0.8795682132236311,,1.0,1.0,0.671,0.868,0.85,0.97,,,1.162,"{""sst"": 0.1612, ""season"": 0.1128, ""tide"": 0.1166, ""moon"": 0.0384, ""pressure"": 0.0494, ""swell"": 0.0308}",chl,El Nino,1.39,100.0
2026-08-29,outer_banks,302 / 371 / Hidden Bank,offshore,dorado,Dorado (Mahi-Mahi),tuna,93.9,63.7,30.2,99.6,66.2,5.6 ft seas,True,74.48,3.218167058823539,5.6430448,13.5,5.614999999999999,0.9807370357326118,,1.0,0.95,0.862,0.855,0.6,0.72,,,1.35,"{""sst"": 0.3372, ""season"": 0.1388, ""tide"": 0.0147, ""moon"": 0.029, ""pressure"": 0.0099, ""swell"": 0.0592}","front,chl",El Nino,1.39,100.0
2026-08-29,outer_banks,302 / 371 / Hidden Bank,offshore,yellowfin_tuna,Yellowfin Tuna,tuna,93.8,68.2,25.6,99.6,66.2,5.6 ft seas,True,74.48,3.218167058823539,5.6430448,13.5,5.614999999999999,0.9807370357326118,,1.0,1.0,0.862,0.855,0.6,0.72,,,1.35,"{""sst"": 0.2997, ""season"": 0.1499, ""tide"": 0.0147, ""moon"": 0.0435, ""pressure"": 0.0099, ""swell"": 0.0691}","front,chl",El Nino,1.39,100.0
2026-09-03,pt_loma_kelp,Point Loma Kelp,nearshore,bonito,Pacific Bonito,pelagic_inshore,93.7,68.4,25.3,93.7,100.0,workable,True,72.32,0.12858545454544412,3.9370079999999996,10.7,4.669,0.5954232597505752,,1.0,0.95,0.788,0.951,1.0,0.87,,,1.012,"{""sst"": 0.2599, ""season"": 0.1444, ""tide"": 0.0569, ""moon"": 0.0161, ""pressure"": 0.052, ""swell"": 0.0969}","front,chl",El Nino,1.39,100.0
2026-08-31,sd_bay,San Diego Bay,inshore,sand_bass,Barred Sand Bass,bass,93.6,69.5,24.1,94.4,97.8,workable,True,74.84,2.9911178571428536,4.7900263999999995,9.5,4.808,0.8795682132236311,,0.863,0.9,0.693,0.88,0.85,0.725,,,1.162,"{""sst"": 0.1741, ""season"": 0.1501, ""tide"": 0.0555, ""moon"": 0.0361, ""pressure"": 0.0452, ""swell"": 0.0396}",chl,El Nino,1.39,100.0
2026-08-31,outer_banks,302 / 371 / Hidden Bank,offshore,dorado,Dorado (Mahi-Mahi),tuna,93.5,63.7,29.8,99.6,65.5,6.6 ft seas,True,73.67,2.4000107142857274,6.56168,11.9,4.808,0.8795682132236311,,1.0,0.95,0.817,0.88,0.85,0.64,,,1.35,"{""sst"": 0.3372, ""season"": 0.1388, ""tide"": 0.0133, ""moon"": 0.0306, ""pressure"": 0.0287, ""swell"": 0.04}","front,chl",El Nino,1.39,100.0
2026-08-31,outer_banks,302 / 371 / Hidden Bank,offshore,yellowfin_tuna,Yellowfin Tuna,tuna,93.2,68.2,25.0,99.6,65.5,6.6 ft seas,True,73.67,2.4000107142857274,6.56168,11.9,4.808,0.8795682132236311,,1.0,1.0,0.817,0.88,0.85,0.64,,,1.35,"{""sst"": 0.2997, ""season"": 0.1499, ""tide"": 0.0133, ""moon"": 0.0458, ""pressure"": 0.0287, ""swell"": 0.0467}","front,chl",El Nino,1.39,100.0
2026-09-02,pt_loma_kelp,Point Loma Kelp,nearshore,bonito,Pacific Bonito,pelagic_inshore,93.2,68.5,24.7,93.2,100.0,workable,True,72.32,0.2232108433734794,4.1994752,10.2,4.6370000000000005,0.7031089426935717,,1.0,0.95,0.794,0.924,0.85,0.847,,,1.02,"{""sst"": 0.2599, ""season"": 0.1444, ""tide"": 0.0579, ""moon"": 0.0154, ""pressure"": 0.0398, ""swell"": 0.0922}","front,chl",El Nino,1.39,100.0
2026-08-29,sd_bay,San Diego Bay,inshore,spotted_bay_bass,Spotted Bay Bass,bass,92.7,65.7,27.0,92.7,100.0,workable,True,75.83,4.066739999999996,4.1338584,8.5,5.614999999999999,0.9807370357326118,,1.0,1.0,0.573,0.979,0.6,1.0,,,1.22,"{""sst"": 0.1612, ""season"": 0.1128, ""tide"": 0.0536, ""moon"": 0.0469, ""pressure"": 0.017, ""swell"": 0.0322}",chl,El Nino,1.39,100.0
2026-08-29,mission_bay,Mission Bay,inshore,spotted_bay_bass,Spotted Bay Bass,bass,92.7,65.7,27.0,92.7,100.0,workable,True,76.46000000000001,4.389024705882363,4.4619424,8.3,5.614999999999999,0.9807370357326118,,0.944,1.0,0.573,0.979,0.6,0.987,,,1.237,"{""sst"": 0.1477, ""season"": 0.1128, ""tide"": 0.0536, ""moon"": 0.0469, ""pressure"": 0.017, ""swell"": 0.0316}",chl,El Nino,1.39,100.0
2026-09-03,outer_banks,302 / 371 / Hidden Bank,offshore,bonito,Pacific Bonito,pelagic_inshore,92.6,68.4,24.2,98.3,79.4,workable,True,73.31,1.825450909090904,4.6587928,12.3,4.669,0.5954232597505752,,1.0,0.95,0.788,0.951,1.0,0.807,,,1.164,"{""sst"": 0.2599, ""season"": 0.1444, ""tide"": 0.0569, ""moon"": 0.0161, ""pressure"": 0.052, ""swell"": 0.0837}","front,chl",El Nino,1.39,100.0
2026-09-03,la_jolla,La Jolla Kelp & Canyon,nearshore,calico_bass,Calico Bass (Kelp Bass),bass,92.1,69.1,23.0,92.1,100.0,workable,True,74.48,1.7774727272727233,3.7401576,10.1,4.567,0.5954232597505752,,0.922,0.9,0.699,0.951,1.0,0.832,,,1.064,"{""sst"": 0.1728, ""season"": 0.1406, ""tide"": 0.0582, ""moon"": 0.0419, ""pressure"": 0.0603, ""swell"": 0.0776}",chl,El Nino,1.39,100.0
2026-08-29,coronados,Coronado Islands,offshore,bonito,Pacific Bonito,pelagic_inshore,92.0,69.2,22.8,98.3,77.6,5.1 ft seas,True,75.65,4.2112905882353004,5.0524936,9.2,5.614999999999999,0.9807370357326118,,0.73,1.0,0.862,0.855,0.6,0.772,,,1.35,"{""sst"": 0.1422, ""season"": 0.156, ""tide"": 0.068, ""moon"": 0.0134, ""pressure"": 0.0137, ""swell"": 0.076}","front,chl",El Nino,1.39,100.0
2026-08-30,sd_bay,San Diego Bay,inshore,sand_bass,Barred Sand Bass,bass,91.4,69.5,21.9,92.0,98.8,workable,True,75.28999999999999,3.4977088757396473,4.6587928,9.5,5.138,0.9407239833834854,,0.789,0.9,0.568,0.865,0.85,0.739,,,1.189,"{""sst"": 0.1457, ""season"": 0.1501, ""tide"": 0.0218, ""moon"": 0.035, ""pressure"": 0.0452, ""swell"": 0.0415}",chl,El Nino,1.39,100.0
2026-08-30,mission_bay,Mission Bay,inshore,spotted_bay_bass,Spotted Bay Bass,bass,91.3,65.7,25.6,93.0,96.3,workable,True,76.01,3.896456804733731,4.9868768,9.5,5.138,0.9407239833834854,,0.999,1.0,0.552,0.935,0.85,0.96,,,1.21,"{""sst"": 0.1609, ""season"": 0.1128, ""tide"": 0.039, ""moon"": 0.0437, ""pressure"": 0.0494, ""swell"": 0.0303}",chl,El Nino,1.39,100.0
2026-08-30,sd_bay,San Diego Bay,inshore,spotted_bay_bass,Spotted Bay Bass,bass,91.2,65.7,25.5,91.8,98.8,workable,True,75.28999999999999,3.4977088757396473,4.6587928,9.5,5.138,0.9407239833834854,,1.0,1.0,0.552,0.935,0.85,0.977,,,1.189,"{""sst"": 0.1612, ""season"": 0.1128, ""tide"": 0.039, ""moon"": 0.0437, ""pressure"": 0.0494, ""swell"": 0.0311}",chl,El Nino,1.39,100.0
2026-09-03,nine_mile,9-Mile Bank & 43-Fathom,offshore,yellowtail,California Yellowtail,pelagic,91.0,66.4,24.6,91.0,100.0,workable,True,73.75999999999999,1.5201163636363617,4.265092,11.9,4.669,0.5954232597505752,,0.713,0.9,0.705,0.951,1.0,0.841,,,1.137,"{""sst"": 0.1181, ""season"": 0.126, ""tide"": 0.0573, ""moon"": 0.0459, ""pressure"": 0.0495, ""swell"": 0.0743}","front,chl",El Nino,1.39,100.0
2026-09-02,outer_banks,302 / 371 / Hidden Bank,offshore,bonito,Pacific Bonito,pelagic_inshore,90.7,68.5,22.2,97.8,79.1,workable,True,73.13,1.7277506024096425,4.8556432,11.5,4.6370000000000005,0.7031089426935717,,1.0,0.95,0.794,0.924,0.85,0.789,,,1.155,"{""sst"": 0.2599, ""season"": 0.1444, ""tide"": 0.0579, ""moon"": 0.0154, ""pressure"": 0.0398, ""swell"": 0.0799}","front,chl",El Nino,1.39,100.0
2026-09-03,surf_zone,Del Mar to Imperial Beach Surf,inshore,calico_bass,Calico Bass (Kelp Bass),bass,90.7,69.1,21.6,90.7,100.0,workable,True,75.29,2.498640000000009,3.6089240000000005,9.2,4.567,0.5954232597505752,,0.789,0.9,0.699,0.951,1.0,0.846,,,1.09,"{""sst"": 0.129, ""season"": 0.1406, ""tide"": 0.0582, ""moon"": 0.0419, ""pressure"": 0.0603, ""swell"": 0.08}",chl,El Nino,1.39,100.0
2026-08-31,surf_zone,Del Mar to Imperial Beach Surf,inshore,sand_bass,Barred Sand Bass,bass,90.4,69.8,20.6,90.5,99.8,workable,True,76.01,3.5194392857142986,4.5275592,9.0,4.457,0.8795682132236311,,0.672,0.9,0.674,0.88,0.85,0.752,,,1.19,"{""sst"": 0.0942, ""season"": 0.1501, ""tide"": 0.0507, ""moon"": 0.0361, ""pressure"": 0.0452, ""swell"": 0.0434}",chl,El Nino,1.39,100.0
2026-09-01,coronados,Coronado Islands,offshore,bonito,Pacific Bonito,pelagic_inshore,90.3,68.5,21.8,97.5,80.2,workable,True,73.4,1.8559616766467144,4.7244095999999995,10.7,4.742999999999999,0.7992843952573526,,1.0,0.95,0.806,0.9,0.6,0.801,,,1.167,"{""sst"": 0.2599, ""season"": 0.1444, ""tide"": 0.0597, ""moon"": 0.0147, ""pressure"": 0.0137, ""swell"": 0.0824}","front,chl",El Nino,1.39,100.0
2026-08-30,coronados,Coronado Islands,offshore,bonito,Pacific Bonito,pelagic_inshore,89.9,69.2,20.7,98.9,69.9,5.8 ft seas,True,74.75,3.291571597633137,5.8398952,12.3,5.138,0.9407239833834854,,0.877,1.0,0.836,0.865,0.85,0.703,,,1.296,"{""sst"": 0.2109, ""season"": 0.156, ""tide"": 0.0642, ""moon"": 0.0137, ""pressure"": 0.0398, ""swell"": 0.0597}","front,chl",El Nino,1.39,100.0
2026-08-31,pt_loma_kelp,Point Loma Kelp,nearshore,sand_bass,Barred Sand Bass,bass,89.7,69.3,20.4,93.4,92.9,5.4 ft seas,True,75.11,3.189439285714286,5.4461943999999995,9.5,4.808,0.8795682132236311,,0.819,0.9,0.693,0.88,0.85,0.658,,,1.172,"{""sst"": 0.1574, ""season"": 0.1501, ""tide"": 0.0555, ""moon"": 0.0361, ""pressure"": 0.0452, ""swell"": 0.0292}",chl,El Nino,1.39,100.0
2026-09-03,coronados,Coronado Islands,offshore,bonito,Pacific Bonito,pelagic_inshore,89.7,68.4,21.3,96.2,84.4,workable,True,72.5,0.8016436363636359,4.1994752,11.4,4.669,0.5954232597505752,,1.0,0.95,0.788,0.951,1.0,0.847,,,1.072,"{""sst"": 0.2599, ""season"": 0.1444, ""tide"": 0.0569, ""moon"": 0.0161, ""pressure"": 0.052, ""swell"": 0.0922}","front,chl",El Nino,1.39,100.0
2026-08-29,sd_bay,San Diego Bay,inshore,sand_bass,Barred Sand Bass,bass,89.5,69.5,20.0,89.5,100.0,workable,True,75.83,4.066739999999996,4.1338584,8.5,5.614999999999999,0.9807370357326118,,0.701,0.9,0.586,0.855,0.6,0.792,,,1.22,"{""sst"": 0.1079, ""season"": 0.1501, ""tide"": 0.0269, ""moon"": 0.0342, ""pressure"": 0.0155, ""swell"": 0.049}",chl,El Nino,1.39,100.0
2026-09-03,pt_loma_kelp,Point Loma Kelp,nearshore,yellowtail,California Yellowtail,pelagic,89.5,66.5,23.0,89.5,100.0,workable,True,72.32,0.12858545454544412,3.9370079999999996,10.7,4.669,0.5954232597505752,,0.948,0.9,0.705,0.951,1.0,0.87,,,1.012,"{""sst"": 0.2132, ""season"": 0.126, ""tide"": 0.0573, ""moon"": 0.0459, ""pressure"": 0.0495, ""swell"": 0.0791}","front,chl",El Nino,1.39,100.0
2026-08-31,coronados,Coronado Islands,offshore,bonito,Pacific Bonito,pelagic_inshore,89.2,69.1,20.1,98.7,70.2,6.0 ft seas,True,74.39,2.892964285714285,5.9711288,10.6,4.808,0.8795682132236311,,0.936,1.0,0.817,0.88,0.85,0.692,,,1.26,"{""sst"": 0.2352, ""season"": 0.156, ""tide"": 0.0614, ""moon"": 0.0141, ""pressure"": 0.0398, ""swell"": 0.0568}","front,chl",El Nino,1.39,100.0
2026-09-02,la_jolla,La Jolla Kelp & Canyon,nearshore,calico_bass,Calico Bass (Kelp Bass),bass,89.2,69.1,20.1,89.2,100.0,workable,True,74.3,1.6910132530120308,3.8713911999999997,9.1,4.433,0.7031089426935717,,0.951,0.9,0.614,0.924,0.85,0.819,,,1.061,"{""sst"": 0.1817, ""season"": 0.1406, ""tide"": 0.0358, ""moon"": 0.0401, ""pressure"": 0.0461, ""swell"": 0.0751}",chl,El Nino,1.39,100.0
2026-09-03,pt_loma_kelp,Point Loma Kelp,nearshore,calico_bass,Calico Bass (Kelp Bass),bass,89.0,68.4,20.6,89.0,100.0,workable,True,72.32,0.12858545454544412,3.9370079999999996,10.7,4.669,0.5954232597505752,,1.0,0.9,0.705,0.951,1.0,0.812,,,1.005,"{""sst"": 0.1959, ""season"": 0.1406, ""tide"": 0.0598, ""moon"": 0.0419, ""pressure"": 0.0603, ""swell"": 0.0739}",chl,El Nino,1.39,100.0
2026-08-31,mission_bay,Mission Bay,inshore,sand_bass,Barred Sand Bass,bass,88.8,69.5,19.3,91.7,94.8,5.2 ft seas,True,75.83,3.6451392857142793,5.1837272,9.5,4.808,0.8795682132236311,,0.701,0.9,0.693,0.88,0.85,0.685,,,1.197,"{""sst"": 0.1079, ""season"": 0.1501, ""tide"": 0.0555, ""moon"": 0.0361, ""pressure"": 0.0452, ""swell"": 0.0335}",chl,El Nino,1.39,100.0
2026-09-01,outer_banks,302 / 371 / Hidden Bank,offshore,bonito,Pacific Bonito,pelagic_inshore,88.6,68.5,20.1,97.7,76.5,5.2 ft seas,True,73.4,2.0827293413173606,5.1837272,11.6,4.742999999999999,0.7992843952573526,,1.0,0.95,0.806,0.9,0.6,0.761,,,1.187,"{""sst"": 0.2599, ""season"": 0.1444, ""tide"": 0.0597, ""moon"": 0.0147, ""pressure"": 0.0137, ""swell"": 0.0734}","front,chl",El Nino,1.39,100.0
2026-09-03,surf_zone,Del Mar to Imperial Beach Surf,inshore,sand_bass,Barred Sand Bass,bass,88.5,65.7,22.8,88.5,100.0,workable,True,75.29,2.498640000000009,3.6089240000000005,9.2,4.567,0.5954232597505752,,0.789,0.7,0.699,0.951,1.0,0.846,,,1.135,"{""sst"": 0.1457, ""season"": 0.0859, ""tide"": 0.0569, ""moon"": 0.041, ""pressure"": 0.059, ""swell"": 0.0559}",chl,El Nino,1.39,100.0
2026-08-29,surf_zone,Del Mar to Imperial Beach Surf,inshore,corbina,California Corbina,surf,88.2,68.1,20.1,88.2,100.0,workable,True,77.09,4.73086588235293,4.0682416,7.6,5.207000000000001,0.9807370357326118,,0.495,1.0,0.712,0.855,0.6,0.502,,,1.341,"{""sst"": -0.0028, ""season"": 0.1588, ""tide"": 0.0883, ""moon"": 0.0223, ""pressure"": 0.0076, ""swell"": 0.0006}",chl,El Nino,1.39,100.0
2026-09-02,nine_mile,9-Mile Bank & 43-Fathom,offshore,yellowtail,California Yellowtail,pelagic,88.2,66.7,21.5,88.3,99.8,workable,True,73.67,1.5160012048192755,4.5275592,10.9,4.6370000000000005,0.7031089426935717,,0.727,0.9,0.626,0.924,0.85,0.818,,,1.136,"{""sst"": 0.1249, ""season"": 0.126, ""tide"": 0.0375, ""moon"": 0.0439, ""pressure"": 0.0379, ""swell"": 0.0703}","front,chl",El Nino,1.39,100.0
2026-09-02,surf_zone,Del Mar to Imperial Beach Surf,inshore,calico_bass,Calico Bass (Kelp Bass),bass,88.1,69.1,19.0,88.1,100.0,workable,True,74.93,2.2434939759036325,3.8057744,8.1,4.433,0.7031089426935717,,0.848,0.9,0.614,0.924,0.85,0.826,,,1.081,"{""sst"": 0.1493, ""season"": 0.1406, ""tide"": 0.0358, ""moon"": 0.0401, ""pressure"": 0.0461, ""swell"": 0.0763}",chl,El Nino,1.39,100.0
2026-09-03,la_jolla,La Jolla Kelp & Canyon,nearshore,yellowtail,California Yellowtail,pelagic,88.0,65.4,22.6,88.0,100.0,workable,True,74.48,1.7774727272727233,3.7401576,10.1,4.567,0.5954232597505752,,0.595,0.9,0.699,0.951,1.0,0.887,,,1.16,"{""sst"": 0.0579, ""season"": 0.126, ""tide"": 0.0557, ""moon"": 0.0459, ""pressure"": 0.0495, ""swell"": 0.0819}","front,chl",El Nino,1.39,100.0
2026-09-03,sd_bay,San Diego Bay,inshore,sand_bass,Barred Sand Bass,bass,88.0,65.0,23.0,88.0,100.0,workable,True,72.95,0.8272690909090983,3.6089240000000005,10.7,4.669,0.5954232597505752,,1.0,0.7,0.705,0.951,1.0,0.846,,,1.045,"{""sst"": 0.2212, ""season"": 0.0859, ""tide"": 0.0585, ""moon"": 0.041, ""pressure"": 0.059, ""swell"": 0.0559}",chl,El Nino,1.39,100.0
2026-08-30,pt_loma_kelp,Point Loma Kelp,nearshore,sand_bass,Barred Sand Bass,bass,87.6,69.3,18.3,90.6,94.8,5.2 ft seas,True,75.56,3.6989147928994157,5.1837272,9.5,5.138,0.9407239833834854,,0.745,0.9,0.568,0.865,0.85,0.685,,,1.2,"{""sst"": 0.1274, ""season"": 0.1501, ""tide"": 0.0218, ""moon"": 0.035, ""pressure"": 0.0452, ""swell"": 0.0335}",chl,El Nino,1.39,100.0
2026-09-02,coronados,Coronado Islands,offshore,bonito,Pacific Bonito,pelagic_inshore,87.6,68.5,19.1,96.1,81.8,workable,True,72.59,0.9617638554216938,4.5275592,10.7,4.6370000000000005,0.7031089426935717,,1.0,0.95,0.794,0.924,0.85,0.818,,,1.087,"{""sst"": 0.2599, ""season"": 0.1444, ""tide"": 0.0579, ""moon"": 0.0154, ""pressure"": 0.0398, ""swell"": 0.0862}","front,chl",El Nino,1.39,100.0
2026-08-29,pt_loma_kelp,Point Loma Kelp,nearshore,sand_bass,Barred Sand Bass,bass,87.2,69.3,17.9,87.6,99.3,workable,True,76.19,4.361791764705885,4.593176,8.3,5.614999999999999,0.9807370357326118,,0.642,0.9,0.586,0.855,0.6,0.745,,,1.236,"{""sst"": 0.0799, ""season"": 0.1501, ""tide"": 0.0269, ""moon"": 0.0342, ""pressure"": 0.0155, ""swell"": 0.0425}",chl,El Nino,1.39,100.0
2026-09-03,pt_loma_kelp,Point Loma Kelp,nearshore,barracuda,California Barracuda,pelagic_inshore,87.1,66.4,20.7,87.1,100.0,workable,True,72.32,0.12858545454544412,3.9370079999999996,10.7,4.669,0.5954232597505752,,0.948,0.85,0.705,0.951,1.0,0.812,,,1.007,"{""sst"": 0.2231, ""season"": 0.1234, ""tide"": 0.056, ""moon"": 0.0299, ""pressure"": 0.0484, ""swell"": 0.0677}","front,chl",El Nino,1.39,100.0
2026-09-02,pt_loma_kelp,Point Loma Kelp,nearshore,yellowtail,California Yellowtail,pelagic,87.0,66.9,20.1,87.0,100.0,workable,True,72.32,0.2232108433734794,4.1994752,10.2,4.6370000000000005,0.7031089426935717,,0.948,0.9,0.626,0.924,0.85,0.847,,,1.02,"{""sst"": 0.2132, ""season"": 0.126, ""tide"": 0.0375, ""moon"": 0.0439, ""pressure"": 0.0379, ""swell"": 0.0753}","front,chl",El Nino,1.39,100.0
2026-08-31,surf_zone,Del Mar to Imperial Beach Surf,inshore,calico_bass,Calico Bass (Kelp Bass),bass,86.8,70.0,16.8,86.9,99.8,workable,True,76.01,3.5194392857142986,4.5275592,9.0,4.457,0.8795682132236311,,0.672,0.95,0.674,0.88,0.85,0.752,,,1.127,"{""sst"": 0.0834, ""season"": 0.1535, ""tide"": 0.0518, ""moon"": 0.0369, ""pressure"": 0.0461, ""swell"": 0.0621}",chl,El Nino,1.39,100.0
2026-08-29,outer_banks,302 / 371 / Hidden Bank,offshore,bonito,Pacific Bonito,pelagic_inshore,86.7,69.2,17.5,98.8,66.2,5.6 ft seas,True,74.48,3.218167058823539,5.6430448,13.5,5.614999999999999,0.9807370357326118,,0.922,1.0,0.862,0.855,0.6,0.72,,,1.29,"{""sst"": 0.2293, ""season"": 0.156, ""tide"": 0.068, ""moon"": 0.0134, ""pressure"": 0.0137, ""swell"": 0.0639}","front,chl",El Nino,1.39,100.0
2026-09-03,la_jolla,La Jolla Kelp & Canyon,nearshore,sheephead,California Sheephead,groundfish,86.6,69.1,17.5,86.6,100.0,workable,True,74.48,1.7774727272727233,3.7401576,10.1,4.567,0.5954232597505752,,1.0,0.95,0.699,0.951,1.0,0.832,,,1.0,"{""sst"": 0.1356, ""season"": 0.1116, ""tide"": 0.0727, ""moon"": 0.014, ""pressure"": 0.0603, ""swell"": 0.1551}",chl,El Nino,1.39,100.0
2026-08-30,mission_bay,Mission Bay,inshore,sand_bass,Barred Sand Bass,bass,86.6,69.5,17.1,88.7,96.3,workable,True,76.01,3.896456804733731,4.9868768,9.5,5.138,0.9407239833834854,,0.672,0.9,0.568,0.865,0.85,0.705,,,1.21,"{""sst"": 0.0942, ""season"": 0.1501, ""tide"": 0.0218, ""moon"": 0.035, ""pressure"": 0.0452, ""swell"": 0.0366}",chl,El Nino,1.39,100.0
2026-09-03,mission_bay,Mission Bay,inshore,sand_bass,Barred Sand Bass,bass,86.4,65.0,21.4,86.4,100.0,workable,True,72.95,0.5233854545454477,3.8057744,10.7,4.669,0.5954232597505752,,1.0,0.7,0.705,0.951,1.0,0.826,,,1.028,"{""sst"": 0.2212, ""season"": 0.0859, ""tide"": 0.0585, ""moon"": 0.041, ""pressure"": 0.059, ""swell"": 0.0534}",chl,El Nino,1.39,100.0
2026-09-03,pt_loma_kelp,Point Loma Kelp,nearshore,sheephead,California Sheephead,groundfish,86.1,67.6,18.5,86.1,100.0,workable,True,72.32,0.12858545454544412,3.9370079999999996,10.7,4.669,0.5954232597505752,,1.0,0.95,0.705,0.951,1.0,0.812,,,1.0,"{""sst"": 0.1356, ""season"": 0.1116, ""tide"": 0.0748, ""moon"": 0.014, ""pressure"": 0.0603, ""swell"": 0.1477}",chl,El Nino,1.39,100.0
2026-08-30,surf_zone,Del Mar to Imperial Beach Surf,inshore,corbina,California Corbina,surf,86.1,68.1,18.0,86.1,100.0,workable,True,76.55,4.151066272189354,4.4619424,8.9,4.744,0.9407239833834854,,0.584,1.0,0.622,0.865,0.85,0.433,,,1.299,"{""sst"": 0.045, ""season"": 0.1588, ""tide"": 0.0545, ""moon"": 0.0228, ""pressure"": 0.0221, ""swell"": -0.0209}",chl,El Nino,1.39,100.0
2026-09-01,pt_loma_kelp,Point Loma Kelp,nearshore,yellowtail,California Yellowtail,pelagic,86.0,67.2,18.8,86.0,100.0,workable,True,73.76,1.773754491017968,4.4619424,10.4,4.742999999999999,0.7992843952573526,,0.713,0.9,0.578,0.9,0.6,0.824,,,1.16,"{""sst"": 0.1181, ""season"": 0.126, ""tide"": 0.0241, ""moon"": 0.042, ""pressure"": 0.013, ""swell"": 0.0713}","front,chl",El Nino,1.39,100.0
2026-09-02,sd_bay,San Diego Bay,inshore,sand_bass,Barred Sand Bass,bass,85.9,65.0,20.9,85.9,100.0,workable,True,73.13,1.1053518072288995,3.8057744,10.2,4.6370000000000005,0.7031089426935717,,1.0,0.7,0.626,0.924,0.85,0.826,,,1.06,"{""sst"": 0.2212, ""season"": 0.0859, ""tide"": 0.0383, ""moon"": 0.0392, ""pressure"": 0.0452, ""swell"": 0.0534}",chl,El Nino,1.39,100.0
2026-09-01,pt_loma_kelp,Point Loma Kelp,nearshore,calico_bass,Calico Bass (Kelp Bass),bass,85.9,68.4,17.5,85.9,100.0,workable,True,73.76,1.773754491017968,4.4619424,10.4,4.742999999999999,0.7992843952573526,,1.0,0.9,0.578,0.9,0.6,0.759,,,1.064,"{""sst"": 0.1959, ""season"": 0.1406, ""tide"": 0.0251, ""moon"": 0.0383, ""pressure"": 0.0159, ""swell"": 0.0635}",chl,El Nino,1.39,100.0
2026-09-02,surf_zone,Del Mar to Imperial Beach Surf,inshore,sand_bass,Barred Sand Bass,bass,85.9,65.7,20.2,85.9,100.0,workable,True,74.93,2.2434939759036325,3.8057744,8.1,4.433,0.7031089426935717,,0.848,0.7,0.614,0.924,0.85,0.826,,,1.121,"{""sst"": 0.1686, ""season"": 0.0859, ""tide"": 0.0351, ""moon"": 0.0392, ""pressure"": 0.0452, ""swell"": 0.0534}",chl,El Nino,1.39,100.0
2026-08-29,mission_bay,Mission Bay,inshore,sand_bass,Barred Sand Bass,bass,85.9,69.5,16.4,85.9,100.0,workable,True,76.46000000000001,4.389024705882363,4.4619424,8.3,5.614999999999999,0.9807370357326118,,0.598,0.9,0.586,0.855,0.6,0.759,,,1.237,"{""sst"": 0.0572, ""season"": 0.1501, ""tide"": 0.0269, ""moon"": 0.0342, ""pressure"": 0.0155, ""swell"": 0.0444}",chl,El Nino,1.39,100.0
2026-08-30,surf_zone,Del Mar to Imperial Beach Surf,inshore,sand_bass,Barred Sand Bass,bass,85.8,69.8,16.0,85.8,100.0,workable,True,76.55,4.151066272189354,4.4619424,8.9,4.744,0.9407239833834854,,0.584,0.9,0.542,0.865,0.85,0.759,,,1.224,"{""sst"": 0.0493, ""season"": 0.1501, ""tide"": 0.0136, ""moon"": 0.035, ""pressure"": 0.0452, ""swell"": 0.0444}",chl,El Nino,1.39,100.0
2026-09-02,pt_loma_kelp,Point Loma Kelp,nearshore,calico_bass,Calico Bass (Kelp Bass),bass,85.7,68.4,17.3,85.7,100.0,workable,True,72.32,0.2232108433734794,4.1994752,10.2,4.6370000000000005,0.7031089426935717,,1.0,0.9,0.626,0.924,0.85,0.786,,,1.008,"{""sst"": 0.1959, ""season"": 0.1406, ""tide"": 0.0392, ""moon"": 0.0401, ""pressure"": 0.0461, ""swell"": 0.0687}",chl,El Nino,1.39,100.0
2026-09-02,la_jolla,La Jolla Kelp & Canyon,nearshore,yellowtail,California Yellowtail,pelagic,85.6,65.7,19.9,85.6,100.0,workable,True,74.3,1.6910132530120308,3.8713911999999997,9.1,4.433,0.7031089426935717,,0.624,0.9,0.614,0.924,0.85,0.876,,,1.152,"{""sst"": 0.074, ""season"": 0.126, ""tide"": 0.0343, ""moon"": 0.0439, ""pressure"": 0.0379, ""swell"": 0.08}","front,chl",El Nino,1.39,100.0
2026-08-31,surf_zone,Del Mar to Imperial Beach Surf,inshore,corbina,California Corbina,surf,85.5,68.1,17.4,85.7,99.8,workable,True,76.01,3.5194392857142986,4.5275592,9.0,4.457,0.8795682132236311,,0.672,1.0,0.603,0.88,0.85,0.422,,,1.253,"{""sst"": 0.0861, ""season"": 0.1588, ""tide"": 0.0467, ""moon"": 0.0236, ""pressure"": 0.0221, ""swell"": -0.0248}",chl,El Nino,1.39,100.0
2026-08-31,la_jolla,La Jolla Kelp & Canyon,nearshore,calico_bass,Calico Bass (Kelp Bass),bass,85.4,70.0,15.4,86.6,97.8,workable,True,76.01,3.5813357142857285,4.7900263999999995,9.2,4.457,0.8795682132236311,,0.672,0.95,0.674,0.88,0.85,0.725,,,1.129,"{""sst"": 0.0834, ""season"": 0.1535, ""tide"": 0.0518, ""moon"": 0.0369, ""pressure"": 0.0461, ""swell"": 0.0566}",chl,El Nino,1.39,100.0
2026-08-31,pt_loma_kelp,Point Loma Kelp,nearshore,calico_bass,Calico Bass (Kelp Bass),bass,85.4,69.3,16.1,89.6,92.9,5.4 ft seas,True,75.11,3.189439285714286,5.4461943999999995,9.5,4.808,0.8795682132236311,,0.819,0.95,0.693,0.88,0.85,0.658,,,1.115,"{""sst"": 0.1394, ""season"": 0.1535, ""tide"": 0.0567, ""moon"": 0.0369, ""pressure"": 0.0461, ""swell"": 0.0418}",chl,El Nino,1.39,100.0
2026-09-03,sd_bay,San Diego Bay,inshore,spotted_bay_bass,Spotted Bay Bass,bass,85.3,65.3,20.0,85.3,100.0,workable,True,72.95,0.8272690909090983,3.6089240000000005,10.7,4.669,0.5954232597505752,,1.0,0.95,0.679,0.555,1.0,1.0,,,1.045,"{""sst"": 0.1612, ""season"": 0.1045, ""tide"": 0.1212, ""moon"": 0.0073, ""pressure"": 0.0645, ""swell"": 0.0322}",chl,El Nino,1.39,100.0
2026-08-31,pt_loma_kelp,Point Loma Kelp,nearshore,yellowtail,California Yellowtail,pelagic,84.5,67.8,16.7,88.7,92.9,5.4 ft seas,True,75.11,3.189439285714286,5.4461943999999995,9.5,4.808,0.8795682132236311,,0.492,0.95,0.693,0.88,0.85,0.738,,,1.287,"{""sst"": -0.0054, ""season"": 0.1375, ""tide"": 0.0544, ""moon"": 0.0404, ""pressure"": 0.0379, ""swell"": 0.0556}","front,chl",El Nino,1.39,100.0
2026-09-03,surf_zone,Del Mar to Imperial Beach Surf,inshore,corbina,California Corbina,surf,84.5,66.4,18.1,84.5,100.0,workable,True,75.29,2.498640000000009,3.6089240000000005,9.2,4.567,0.5954232597505752,,0.789,0.9,0.527,0.951,1.0,0.583,,,1.18,"{""sst"": 0.1332, ""season"": 0.1347, ""tide"": 0.0132, ""moon"": 0.0268, ""pressure"": 0.0289, ""swell"": 0.0223}",chl,El Nino,1.39,100.0
2026-09-03,pt_loma_kelp,Point Loma Kelp,nearshore,sand_bass,Barred Sand Bass,bass,84.5,65.2,19.3,84.5,100.0,workable,True,72.32,0.12858545454544412,3.9370079999999996,10.7,4.669,0.5954232597505752,,1.0,0.7,0.705,0.951,1.0,0.812,,,1.007,"{""sst"": 0.2212, ""season"": 0.0859, ""tide"": 0.0585, ""moon"": 0.041, ""pressure"": 0.059, ""swell"": 0.0516}",chl,El Nino,1.39,100.0
2026-09-02,pt_loma_kelp,Point Loma Kelp,nearshore,barracuda,California Barracuda,pelagic_inshore,84.4,66.7,17.7,84.4,100.0,workable,True,72.32,0.2232108433734794,4.1994752,10.2,4.6370000000000005,0.7031089426935717,,0.948,0.85,0.626,0.924,0.85,0.786,,,1.012,"{""sst"": 0.2231, ""season"": 0.1234, ""tide"": 0.0367, ""moon"": 0.0286, ""pressure"": 0.037, ""swell"": 0.063}","front,chl",El Nino,1.39,100.0
2026-08-30,outer_banks,302 / 371 / Hidden Bank,offshore,dorado,Dorado (Mahi-Mahi),tuna,84.3,63.6,20.7,99.6,52.7,6.5 ft seas,True,73.67,2.4171337278106506,6.4960632,15.0,5.138,0.9407239833834854,,1.0,0.95,0.836,0.865,0.85,0.646,,,1.35,"{""sst"": 0.3372, ""season"": 0.1388, ""tide"": 0.0139, ""moon"": 0.0296, ""pressure"": 0.0287, ""swell"": 0.0415}","front,chl",El Nino,1.39,100.0
2026-09-01,sd_bay,San Diego Bay,inshore,sand_bass,Barred Sand Bass,bass,84.3,65.0,19.3,84.3,100.0,workable,True,73.58,1.668179640718563,3.9370079999999996,10.4,4.742999999999999,0.7992843952573526,,1.0,0.7,0.578,0.9,0.6,0.812,,,1.09,"{""sst"": 0.2212, ""season"": 0.0859, ""tide"": 0.0246, ""moon"": 0.0375, ""pressure"": 0.0155, ""swell"": 0.0516}",chl,El Nino,1.39,100.0
2026-09-03,nine_mile,9-Mile Bank & 43-Fathom,offshore,barracuda,California Barracuda,pelagic_inshore,84.3,66.2,18.1,84.3,100.0,workable,True,73.75999999999999,1.5201163636363617,4.265092,11.9,4.669,0.5954232597505752,,0.713,0.85,0.705,0.951,1.0,0.779,,,1.082,"{""sst"": 0.1236, ""season"": 0.1234, ""tide"": 0.056, ""moon"": 0.0299, ""pressure"": 0.0484, ""swell"": 0.0618}","front,chl",El Nino,1.39,100.0
2026-09-01,mission_bay,Mission Bay,inshore,sand_bass,Barred Sand Bass,bass,84.2,65.0,19.2,84.2,100.0,workable,True,74.21000000000001,1.962592814371277,4.265092,10.4,4.742999999999999,0.7992843952573526,,0.966,0.7,0.578,0.9,0.6,0.779,,,1.106,"{""sst"": 0.2101, ""season"": 0.0859, ""tide"": 0.0246, ""moon"": 0.0375, ""pressure"": 0.0155, ""swell"": 0.0471}",chl,El Nino,1.39,100.0
2026-09-01,pt_loma_kelp,Point Loma Kelp,nearshore,sand_bass,Barred Sand Bass,bass,84.2,65.2,19.0,84.2,100.0,workable,True,73.76,1.773754491017968,4.4619424,10.4,4.742999999999999,0.7992843952573526,,1.0,0.7,0.578,0.9,0.6,0.759,,,1.096,"{""sst"": 0.2212, ""season"": 0.0859, ""tide"": 0.0246, ""moon"": 0.0375, ""pressure"": 0.0155, ""swell"": 0.0444}",chl,El Nino,1.39,100.0
2026-09-03,coronados,Coronado Islands,offshore,yellowtail,California Yellowtail,pelagic,84.0,67.1,16.9,93.0,84.4,workable,True,72.5,0.8016436363636359,4.1994752,11.4,4.669,0.5954232597505752,,0.918,0.9,0.705,0.951,1.0,0.847,,,1.072,"{""sst"": 0.2027, ""season"": 0.126, ""tide"": 0.0573, ""moon"": 0.0459, ""pressure"": 0.0495, ""swell"": 0.0753}","front,chl",El Nino,1.39,100.0
2026-09-03,mission_bay,Mission Bay,inshore,spotted_bay_bass,Spotted Bay Bass,bass,84.0,65.3,18.7,84.0,100.0,workable,True,72.95,0.5233854545454477,3.8057744,10.7,4.669,0.5954232597505752,,1.0,0.95,0.679,0.555,1.0,1.0,,,1.028,"{""sst"": 0.1612, ""season"": 0.1045, ""tide"": 0.1212, ""moon"": 0.0073, ""pressure"": 0.0645, ""swell"": 0.0322}",chl,El Nino,1.39,100.0
2026-09-01,la_jolla,La Jolla Kelp & Canyon,nearshore,calico_bass,Calico Bass (Kelp Bass),bass,84.0,69.1,14.9,84.0,100.0,workable,True,74.93,2.4259796407185803,4.0682416,9.8,4.44,0.7992843952573526,,0.848,0.9,0.558,0.9,0.6,0.799,,,1.087,"{""sst"": 0.1493, ""season"": 0.1406, ""tide"": 0.0191, ""moon"": 0.0383, ""pressure"": 0.0159, ""swell"": 0.0713}",chl,El Nino,1.39,100.0
2026-09-01,nine_mile,9-Mile Bank & 43-Fathom,offshore,yellowtail,California Yellowtail,pelagic,83.9,67.1,16.8,85.1,97.8,workable,True,74.21000000000001,2.1721904191616943,4.7900263999999995,10.9,4.742999999999999,0.7992843952573526,,0.639,0.9,0.578,0.9,0.6,0.795,,,1.195,"{""sst"": 0.0818, ""season"": 0.126, ""tide"": 0.0241, ""moon"": 0.042, ""pressure"": 0.013, ""swell"": 0.0663}","front,chl",El Nino,1.39,100.0
2026-08-30,outer_banks,302 / 371 / Hidden Bank,offshore,yellowfin_tuna,Yellowfin Tuna,tuna,83.9,68.2,15.7,99.6,52.7,6.5 ft seas,True,73.67,2.4171337278106506,6.4960632,15.0,5.138,0.9407239833834854,,1.0,1.0,0.836,0.865,0.85,0.646,,,1.35,"{""sst"": 0.2997, ""season"": 0.1499, ""tide"": 0.0139, ""moon"": 0.0444, ""pressure"": 0.0287, ""swell"": 0.0484}","front,chl",El Nino,1.39,100.0
2026-08-31,outer_banks,302 / 371 / Hidden Bank,offshore,bonito,Pacific Bonito,pelagic_inshore,83.7,69.1,14.6,98.3,65.5,6.6 ft seas,True,73.67,2.4000107142857274,6.56168,11.9,4.808,0.8795682132236311,,1.0,1.0,0.817,0.88,0.85,0.64,,,1.216,"{""sst"": 0.2599, ""season"": 0.156, ""tide"": 0.0614, ""moon"": 0.0141, ""pressure"": 0.0398, ""swell"": 0.0432}","front,chl",El Nino,1.39,100.0
2026-09-03,pt_loma_kelp,Point Loma Kelp,nearshore,rockfish,Rockfish Complex,groundfish,83.4,63.8,19.6,83.4,100.0,workable,True,72.32,0.12858545454544412,3.9370079999999996,10.7,4.669,0.5954232597505752,,0.656,0.9,0.884,0.951,1.0,0.843,,,0.991,"{""sst"": 0.0421, ""season"": 0.1045, ""tide"": 0.1012, ""moon"": 0.0143, ""pressure"": 0.0616, ""swell"": 0.1975}",chl,El Nino,1.39,100.0
2026-08-30,pt_loma_kelp,Point Loma Kelp,nearshore,calico_bass,Calico Bass (Kelp Bass),bass,83.2,69.3,13.9,86.1,94.8,5.2 ft seas,True,75.56,3.6989147928994157,5.1837272,9.5,5.138,0.9407239833834854,,0.745,0.95,0.568,0.865,0.85,0.685,,,1.133,"{""sst"": 0.1128, ""season"": 0.1535, ""tide"": 0.0223, ""moon"": 0.0357, ""pressure"": 0.0461, ""swell"": 0.0479}",chl,El Nino,1.39,100.0
2026-09-01,surf_zone,Del Mar to Imperial Beach Surf,inshore,corbina,California Corbina,surf,83.2,66.5,16.7,83.2,100.0,workable,True,75.47,2.894119760479043,3.8057744,9.1,4.44,0.7992843952573526,,0.76,0.9,0.537,0.9,0.6,0.548,,,1.208,"{""sst"": 0.1221, ""season"": 0.1347, ""tide"": 0.0177, ""moon"": 0.0245, ""pressure"": 0.0076, ""swell"": 0.0134}",chl,El Nino,1.39,100.0
2026-09-01,surf_zone,Del Mar to Imperial Beach Surf,inshore,calico_bass,Calico Bass (Kelp Bass),bass,83.1,69.1,14.0,83.1,100.0,workable,True,75.47,2.894119760479043,3.8057744,9.1,4.44,0.7992843952573526,,0.76,0.9,0.558,0.9,0.6,0.826,,,1.104,"{""sst"": 0.1183, ""season"": 0.1406, ""tide"": 0.0191, ""moon"": 0.0383, ""pressure"": 0.0159, ""swell"": 0.0763}",chl,El Nino,1.39,100.0
2026-09-03,outer_banks,302 / 371 / Hidden Bank,offshore,yellowtail,California Yellowtail,pelagic,82.9,67.1,15.8,94.4,79.4,workable,True,73.31,1.825450909090904,4.6587928,12.3,4.669,0.5954232597505752,,0.786,0.9,0.705,0.951,1.0,0.807,,,1.164,"{""sst"": 0.1508, ""season"": 0.126, ""tide"": 0.0573, ""moon"": 0.0459, ""pressure"": 0.0495, ""swell"": 0.0683}","front,chl",El Nino,1.39,100.0
2026-08-29,pt_loma_kelp,Point Loma Kelp,nearshore,calico_bass,Calico Bass (Kelp Bass),bass,82.8,69.3,13.5,83.2,99.3,workable,True,76.19,4.361791764705885,4.593176,8.3,5.614999999999999,0.9807370357326118,,0.642,0.95,0.586,0.855,0.6,0.745,,,1.157,"{""sst"": 0.0708, ""season"": 0.1535, ""tide"": 0.0275, ""moon"": 0.035, ""pressure"": 0.0159, ""swell"": 0.0607}",chl,El Nino,1.39,100.0
2026-09-02,cortez_tanner,Cortez & Tanner Bank,offshore,yellowfin_tuna,Yellowfin Tuna,tuna,82.7,52.7,30.0,99.4,54.1,"5.6 ft seas, long-range run",True,70.07,1.72867228915662,5.6430448,14.7,4.6370000000000005,0.7031089426935717,,1.0,1.0,0.794,0.924,0.85,0.72,,,1.28,"{""sst"": 0.2997, ""season"": 0.1499, ""tide"": 0.0125, ""moon"": 0.0498, ""pressure"": 0.0287, ""swell"": 0.0691}","front,chl",El Nino,1.39,100.0
2026-09-02,la_jolla,La Jolla Kelp & Canyon,nearshore,sheephead,California Sheephead,groundfish,82.6,69.1,13.5,82.6,100.0,workable,True,74.3,1.6910132530120308,3.8713911999999997,9.1,4.433,0.7031089426935717,,1.0,0.95,0.614,0.924,0.85,0.819,,,1.0,"{""sst"": 0.1356, ""season"": 0.1116, ""tide"": 0.0448, ""moon"": 0.0134, ""pressure"": 0.0461, ""swell"": 0.1502}",chl,El Nino,1.39,100.0
2026-09-02,sd_bay,San Diego Bay,inshore,spotted_bay_bass,Spotted Bay Bass,bass,82.4,65.3,17.1,82.4,100.0,workable,True,73.13,1.1053518072288995,3.8057744,10.2,4.6370000000000005,0.7031089426935717,,1.0,0.95,0.603,0.673,0.85,1.0,,,1.06,"{""sst"": 0.1612, ""season"": 0.1045, ""tide"": 0.0738, ""moon"": 0.0208, ""pressure"": 0.0494, ""swell"": 0.0322}",chl,El Nino,1.39,100.0
2026-08-30,surf_zone,Del Mar to Imperial Beach Surf,inshore,calico_bass,Calico Bass (Kelp Bass),bass,82.1,70.0,12.1,82.1,100.0,workable,True,76.55,4.151066272189354,4.4619424,8.9,4.744,0.9407239833834854,,0.584,0.95,0.542,0.865,0.85,0.759,,,1.149,"{""sst"": 0.0436, ""season"": 0.1535, ""tide"": 0.0139, ""moon"": 0.0357, ""pressure"": 0.0461, ""swell"": 0.0635}",chl,El Nino,1.39,100.0
2026-08-31,nine_mile,9-Mile Bank & 43-Fathom,offshore,yellowtail,California Yellowtail,pelagic,82.1,67.8,14.3,88.5,88.9,6.0 ft seas,True,74.84,2.8878642857142864,5.9711288,10.4,4.808,0.8795682132236311,,0.536,0.95,0.693,0.88,0.85,0.692,,,1.26,"{""sst"": 0.0233, ""season"": 0.1375, ""tide"": 0.0544, ""moon"": 0.0404, ""pressure"": 0.0379, ""swell"": 0.0464}","front,chl",El Nino,1.39,100.0
2026-08-30,la_jolla,La Jolla Kelp & Canyon,nearshore,calico_bass,Calico Bass (Kelp Bass),bass,81.9,70.0,11.9,82.6,98.8,workable,True,76.37,4.02720710059171,4.6587928,9.2,4.744,0.9407239833834854,,0.613,0.95,0.542,0.865,0.85,0.739,,,1.145,"{""sst"": 0.0575, ""season"": 0.1535, ""tide"": 0.0139, ""moon"": 0.0357, ""pressure"": 0.0461, ""swell"": 0.0594}",chl,El Nino,1.39,100.0
2026-09-02,pt_loma_kelp,Point Loma Kelp,nearshore,sheephead,California Sheephead,groundfish,81.9,67.7,14.2,81.9,100.0,workable,True,72.32,0.2232108433734794,4.1994752,10.2,4.6370000000000005,0.7031089426935717,,1.0,0.95,0.626,0.924,0.85,0.786,,,1.0,"{""sst"": 0.1356, ""season"": 0.1116, ""tide"": 0.0489, ""moon"": 0.0134, ""pressure"": 0.0461, ""swell"": 0.1375}",chl,El Nino,1.39,100.0
2026-08-29,surf_zone,Del Mar to Imperial Beach Surf,inshore,sand_bass,Barred Sand Bass,bass,81.9,69.8,12.1,81.9,100.0,workable,True,77.09,4.73086588235293,4.0682416,7.6,5.207000000000001,0.9807370357326118,,0.495,0.9,0.558,0.855,0.6,0.799,,,1.255,"{""sst"": -0.003, ""season"": 0.1501, ""tide"": 0.0187, ""moon"": 0.0342, ""pressure"": 0.0155, ""swell"": 0.0499}",chl,El Nino,1.39,100.0
2026-09-02,nine_mile,9-Mile Bank & 43-Fathom,offshore,barracuda,California Barracuda,pelagic_inshore,81.7,66.6,15.1,81.8,99.8,workable,True,73.67,1.5160012048192755,4.5275592,10.9,4.6370000000000005,0.7031089426935717,,0.727,0.85,0.626,0.924,0.85,0.752,,,1.082,"{""sst"": 0.1307, ""season"": 0.1234, ""tide"": 0.0367, ""moon"": 0.0286, ""pressure"": 0.037, ""swell"": 0.057}","front,chl",El Nino,1.39,100.0
2026-09-01,surf_zone,Del Mar to Imperial Beach Surf,inshore,sand_bass,Barred Sand Bass,bass,81.6,65.7,15.9,81.6,100.0,workable,True,75.47,2.894119760479043,3.8057744,9.1,4.44,0.7992843952573526,,0.76,0.7,0.558,0.9,0.6,0.826,,,1.156,"{""sst"": 0.1336, ""season"": 0.0859, ""tide"": 0.0187, ""moon"": 0.0375, ""pressure"": 0.0155, ""swell"": 0.0534}",chl,El Nino,1.39,100.0
2026-08-30,pt_loma_kelp,Point Loma Kelp,nearshore,yellowtail,California Yellowtail,pelagic,81.6,67.9,13.7,84.4,94.8,5.2 ft seas,True,75.56,3.6989147928994157,5.1837272,9.5,5.138,0.9407239833834854,,0.419,0.95,0.568,0.865,0.85,0.761,,,1.333,"{""sst"": -0.0593, ""season"": 0.1375, ""tide"": 0.0213, ""moon"": 0.0391, ""pressure"": 0.0379, ""swell"": 0.0599}","front,chl",El Nino,1.39,100.0
2026-09-02,pt_loma_kelp,Point Loma Kelp,nearshore,sand_bass,Barred Sand Bass,bass,81.6,65.2,16.4,81.6,100.0,workable,True,72.32,0.2232108433734794,4.1994752,10.2,4.6370000000000005,0.7031089426935717,,1.0,0.7,0.626,0.924,0.85,0.786,,,1.012,"{""sst"": 0.2212, ""season"": 0.0859, ""tide"": 0.0383, ""moon"": 0.0392, ""pressure"": 0.0452, ""swell"": 0.0481}",chl,El Nino,1.39,100.0
2026-09-03,coronados,Coronado Islands,offshore,calico_bass,Calico Bass (Kelp Bass),bass,81.5,68.4,13.1,90.7,84.4,workable,True,72.5,0.8016436363636359,4.1994752,11.4,4.669,0.5954232597505752,,1.0,0.9,0.705,0.951,1.0,0.786,,,1.029,"{""sst"": 0.1959, ""season"": 0.1406, ""tide"": 0.0598, ""moon"": 0.0419, ""pressure"": 0.0603, ""swell"": 0.0687}",chl,El Nino,1.39,100.0
2026-09-01,la_jolla,La Jolla Kelp & Canyon,nearshore,yellowtail,California Yellowtail,pelagic,81.5,66.0,15.5,81.5,100.0,workable,True,74.93,2.4259796407185803,4.0682416,9.8,4.44,0.7992843952573526,,0.521,0.9,0.558,0.9,0.6,0.858,,,1.218,"{""sst"": 0.014, ""season"": 0.126, ""tide"": 0.0183, ""moon"": 0.042, ""pressure"": 0.013, ""swell"": 0.0772}","front,chl",El Nino,1.39,100.0
2026-09-02,mission_bay,Mission Bay,inshore,sand_bass,Barred Sand Bass,bass,81.5,65.0,16.5,81.5,100.0,workable,True,72.5,0.15733734939757937,4.0682416,10.2,4.6370000000000005,0.7031089426935717,,1.0,0.7,0.626,0.924,0.85,0.799,,,1.008,"{""sst"": 0.2212, ""season"": 0.0859, ""tide"": 0.0383, ""moon"": 0.0392, ""pressure"": 0.0452, ""swell"": 0.0499}",chl,El Nino,1.39,100.0
2026-09-01,mission_bay,Mission Bay,inshore,spotted_bay_bass,Spotted Bay Bass,bass,81.5,65.3,16.2,81.5,100.0,workable,True,74.21000000000001,1.962592814371277,4.265092,10.4,4.742999999999999,0.7992843952573526,,1.0,0.95,0.557,0.779,0.6,0.997,,,1.106,"{""sst"": 0.1612, ""season"": 0.1045, ""tide"": 0.0425, ""moon"": 0.031, ""pressure"": 0.017, ""swell"": 0.0321}",chl,El Nino,1.39,100.0
2026-09-02,pt_loma_kelp,Point Loma Kelp,nearshore,rockfish,Rockfish Complex,groundfish,80.9,64.0,16.9,80.9,100.0,workable,True,72.32,0.2232108433734794,4.1994752,10.2,4.6370000000000005,0.7031089426935717,,0.656,0.9,0.897,0.924,0.85,0.819,,,0.984,"{""sst"": 0.0421, ""season"": 0.1045, ""tide"": 0.1039, ""moon"": 0.0137, ""pressure"": 0.0472, ""swell"": 0.1862}",chl,El Nino,1.39,100.0
2026-09-03,la_jolla,La Jolla Kelp & Canyon,nearshore,barracuda,California Barracuda,pelagic_inshore,80.8,65.2,15.6,80.8,100.0,workable,True,74.48,1.7774727272727233,3.7401576,10.1,4.567,0.5954232597505752,,0.595,0.85,0.699,0.951,1.0,0.832,,,1.096,"{""sst"": 0.0606, ""season"": 0.1234, ""tide"": 0.0544, ""moon"": 0.0299, ""pressure"": 0.0484, ""swell"": 0.0711}","front,chl",El Nino,1.39,100.0
2026-08-31,la_jolla,La Jolla Kelp & Canyon,nearshore,sheephead,California Sheephead,groundfish,80.7,69.7,11.0,81.8,97.8,workable,True,76.01,3.5813357142857285,4.7900263999999995,9.2,4.457,0.8795682132236311,,1.0,1.0,0.674,0.88,0.85,0.725,,,1.0,"{""sst"": 0.1356, ""season"": 0.1205, ""tide"": 0.0648, ""moon"": 0.0123, ""pressure"": 0.0461, ""swell"": 0.1132}",chl,El Nino,1.39,100.0
2026-09-01,sd_bay,San Diego Bay,inshore,spotted_bay_bass,Spotted Bay Bass,bass,80.4,65.3,15.1,80.4,100.0,workable,True,73.58,1.668179640718563,3.9370079999999996,10.4,4.742999999999999,0.7992843952573526,,1.0,0.95,0.557,0.779,0.6,1.0,,,1.09,"{""sst"": 0.1612, ""season"": 0.1045, ""tide"": 0.0425, ""moon"": 0.031, ""pressure"": 0.017, ""swell"": 0.0322}",chl,El Nino,1.39,100.0
2026-08-31,la_jolla,La Jolla Kelp & Canyon,nearshore,yellowtail,California Yellowtail,pelagic,80.3,66.9,13.4,81.4,97.8,workable,True,76.01,3.5813357142857285,4.7900263999999995,9.2,4.457,0.8795682132236311,,0.345,0.95,0.674,0.88,0.85,0.795,,,1.322,"{""sst"": -0.1237, ""season"": 0.1375, ""tide"": 0.0497, ""moon"": 0.0404, ""pressure"": 0.0379, ""swell"": 0.0663}","front,chl",El Nino,1.39,100.0
2026-09-02,surf_zone,Del Mar to Imperial Beach Surf,inshore,corbina,California Corbina,surf,80.2,66.4,13.8,80.2,100.0,workable,True,74.93,2.2434939759036325,3.8057744,8.1,4.433,0.7031089426935717,,0.848,0.9,0.448,0.924,0.85,0.548,,,1.162,"{""sst"": 0.1541, ""season"": 0.1347, ""tide"": -0.0276, ""moon"": 0.0256, ""pressure"": 0.0221, ""swell"": 0.0134}",chl,El Nino,1.39,100.0
2026-09-02,outer_banks,302 / 371 / Hidden Bank,offshore,yellowtail,California Yellowtail,pelagic,80.2,67.1,13.1,92.4,79.1,workable,True,73.13,1.7277506024096425,4.8556432,11.5,4.6370000000000005,0.7031089426935717,,0.815,0.9,0.626,0.924,0.85,0.789,,,1.155,"{""sst"": 0.163, ""season"": 0.126, ""tide"": 0.0375, ""moon"": 0.0439, ""pressure"": 0.0379, ""swell"": 0.0652}","front,chl",El Nino,1.39,100.0
2026-09-02,coronados,Coronado Islands,offshore,yellowtail,California Yellowtail,pelagic,80.0,67.1,12.9,90.7,81.8,workable,True,72.59,0.9617638554216938,4.5275592,10.7,4.6370000000000005,0.7031089426935717,,0.904,0.9,0.626,0.924,0.85,0.818,,,1.087,"{""sst"": 0.1973, ""season"": 0.126, ""tide"": 0.0375, ""moon"": 0.0439, ""pressure"": 0.0379, ""swell"": 0.0703}","front,chl",El Nino,1.39,100.0
2026-09-03,coronados,Coronado Islands,offshore,barracuda,California Barracuda,pelagic_inshore,79.9,67.0,12.9,88.9,84.4,workable,True,72.5,0.8016436363636359,4.1994752,11.4,4.669,0.5954232597505752,,0.918,0.85,0.705,0.951,1.0,0.786,,,1.043,"{""sst"": 0.2121, ""season"": 0.1234, ""tide"": 0.056, ""moon"": 0.0299, ""pressure"": 0.0484, ""swell"": 0.063}","front,chl",El Nino,1.39,100.0
2026-09-01,pt_loma_kelp,Point Loma Kelp,nearshore,barracuda,California Barracuda,pelagic_inshore,79.2,67.1,12.1,79.2,100.0,workable,True,73.76,1.773754491017968,4.4619424,10.4,4.742999999999999,0.7992843952573526,,0.713,0.85,0.578,0.9,0.6,0.759,,,1.096,"{""sst"": 0.1236, ""season"": 0.1234, ""tide"": 0.0235, ""moon"": 0.0273, ""pressure"": 0.0127, ""swell"": 0.0582}","front,chl",El Nino,1.39,100.0
2026-08-29,la_jolla,La Jolla Kelp & Canyon,nearshore,calico_bass,Calico Bass (Kelp Bass),bass,79.1,70.0,9.1,79.1,100.0,workable,True,76.91,4.614998823529405,4.265092,7.6,5.207000000000001,0.9807370357326118,,0.525,0.95,0.558,0.855,0.6,0.779,,,1.166,"{""sst"": 0.0136, ""season"": 0.1535, ""tide"": 0.0191, ""moon"": 0.035, ""pressure"": 0.0159, ""swell"": 0.0674}",chl,El Nino,1.39,100.0
2026-09-03,nine_mile,9-Mile Bank & 43-Fathom,offshore,rockfish,Rockfish Complex,groundfish,79.0,67.5,11.5,79.0,100.0,workable,True,73.75999999999999,1.5201163636363617,4.265092,11.9,4.669,0.5954232597505752,,1.0,0.9,0.884,0.951,1.0,0.812,,,0.891,"{""sst"": 0.1078, ""season"": 0.1045, ""tide"": 0.1012, ""moon"": 0.0143, ""pressure"": 0.0616, ""swell"": 0.1833}",chl,El Nino,1.39,100.0
2026-09-02,la_jolla,La Jolla Kelp & Canyon,nearshore,barracuda,California Barracuda,pelagic_inshore,78.9,65.6,13.3,78.9,100.0,workable,True,74.3,1.6910132530120308,3.8713911999999997,9.1,4.433,0.7031089426935717,,0.624,0.85,0.614,0.924,0.85,0.819,,,1.091,"{""sst"": 0.0775, ""season"": 0.1234, ""tide"": 0.0335, ""moon"": 0.0286, ""pressure"": 0.037, ""swell"": 0.0689}","front,chl",El Nino,1.39,100.0
2026-09-01,cortez_tanner,Cortez & Tanner Bank,offshore,yellowfin_tuna,Yellowfin Tuna,tuna,78.5,52.6,25.9,99.3,49.9,"6.2 ft seas, long-range run",True,70.25,1.9088514970059975,6.2335959999999995,14.7,4.742999999999999,0.7992843952573526,,1.0,1.0,0.806,0.9,0.6,0.669,,,1.309,"{""sst"": 0.2997, ""season"": 0.1499, ""tide"": 0.0129, ""moon"": 0.0477, ""pressure"": 0.0099, ""swell"": 0.055}","front,chl",El Nino,1.39,100.0
2026-08-29,surf_zone,Del Mar to Imperial Beach Surf,inshore,calico_bass,Calico Bass (Kelp Bass),bass,78.4,70.0,8.4,78.4,100.0,workable,True,77.09,4.73086588235293,4.0682416,7.6,5.207000000000001,0.9807370357326118,,0.495,0.95,0.558,0.855,0.6,0.799,,,1.17,"{""sst"": -0.0027, ""season"": 0.1535, ""tide"": 0.0191, ""moon"": 0.035, ""pressure"": 0.0159, ""swell"": 0.0713}",chl,El Nino,1.39,100.0
2026-09-02,mission_bay,Mission Bay,inshore,spotted_bay_bass,Spotted Bay Bass,bass,78.4,65.3,13.1,78.4,100.0,workable,True,72.5,0.15733734939757937,4.0682416,10.2,4.6370000000000005,0.7031089426935717,,1.0,0.95,0.603,0.673,0.85,1.0,,,1.008,"{""sst"": 0.1612, ""season"": 0.1045, ""tide"": 0.0738, ""moon"": 0.0208, ""pressure"": 0.0494, ""swell"": 0.0322}",chl,El Nino,1.39,100.0
2026-09-02,nine_mile,9-Mile Bank & 43-Fathom,offshore,bluefin_tuna,Pacific Bluefin Tuna,tuna,78.0,60.9,17.1,78.1,99.8,workable,True,73.67,1.5160012048192755,4.5275592,10.9,4.6370000000000005,0.7031089426935717,,0.477,0.95,0.794,0.703,0.85,0.818,,,1.109,"{""sst"": -0.014, ""season"": 0.1321, ""tide"": 0.0272, ""moon"": 0.0501, ""pressure"": 0.0312, ""swell"": 0.1159}","front,chl",El Nino,1.39,100.0
2026-08-30,la_jolla,La Jolla Kelp & Canyon,nearshore,sheephead,California Sheephead,groundfish,77.8,69.7,8.1,78.4,98.8,workable,True,76.37,4.02720710059171,4.6587928,9.2,4.744,0.9407239833834854,,1.0,1.0,0.542,0.865,0.85,0.739,,,1.0,"{""sst"": 0.1356, ""season"": 0.1205, ""tide"": 0.0174, ""moon"": 0.0119, ""pressure"": 0.0461, ""swell"": 0.1187}",chl,El Nino,1.39,100.0
2026-09-01,la_jolla,La Jolla Kelp & Canyon,nearshore,sheephead,California Sheephead,groundfish,77.8,69.1,8.7,77.8,100.0,workable,True,74.93,2.4259796407185803,4.0682416,9.8,4.44,0.7992843952573526,,1.0,0.95,0.558,0.9,0.6,0.799,,,1.0,"{""sst"": 0.1356, ""season"": 0.1116, ""tide"": 0.0239, ""moon"": 0.0128, ""pressure"": 0.0159, ""swell"": 0.1426}",chl,El Nino,1.39,100.0
2026-08-29,la_jolla,La Jolla Kelp & Canyon,nearshore,sheephead,California Sheephead,groundfish,77.8,69.8,8.0,77.8,100.0,workable,True,76.91,4.614998823529405,4.265092,7.6,5.207000000000001,0.9807370357326118,,1.0,1.0,0.558,0.855,0.6,0.779,,,1.0,"{""sst"": 0.1356, ""season"": 0.1205, ""tide"": 0.0239, ""moon"": 0.0117, ""pressure"": 0.0159, ""swell"": 0.1349}",chl,El Nino,1.39,100.0
2026-09-01,pt_loma_kelp,Point Loma Kelp,nearshore,sheephead,California Sheephead,groundfish,77.2,67.7,9.5,77.2,100.0,workable,True,73.76,1.773754491017968,4.4619424,10.4,4.742999999999999,0.7992843952573526,,1.0,0.95,0.578,0.9,0.6,0.759,,,1.0,"{""sst"": 0.1356, ""season"": 0.1116, ""tide"": 0.0314, ""moon"": 0.0128, ""pressure"": 0.0159, ""swell"": 0.1269}",chl,El Nino,1.39,100.0
2026-09-01,coronados,Coronado Islands,offshore,yellowtail,California Yellowtail,pelagic,77.1,67.2,9.9,88.5,80.2,workable,True,73.4,1.8559616766467144,4.7244095999999995,10.7,4.742999999999999,0.7992843952573526,,0.771,0.9,0.578,0.9,0.6,0.801,,,1.167,"{""sst"": 0.1445, ""season"": 0.126, ""tide"": 0.0241, ""moon"": 0.042, ""pressure"": 0.013, ""swell"": 0.0673}","front,chl",El Nino,1.39,100.0
2026-09-02,nine_mile,9-Mile Bank & 43-Fathom,offshore,rockfish,Rockfish Complex,groundfish,77.0,67.6,9.4,77.1,99.8,workable,True,73.67,1.5160012048192755,4.5275592,10.9,4.6370000000000005,0.7031089426935717,,1.0,0.9,0.897,0.924,0.85,0.788,,,0.891,"{""sst"": 0.1078, ""season"": 0.1045, ""tide"": 0.1039, ""moon"": 0.0137, ""pressure"": 0.0472, ""swell"": 0.1717}",chl,El Nino,1.39,100.0
2026-09-02,coronados,Coronado Islands,offshore,calico_bass,Calico Bass (Kelp Bass),bass,77.0,68.4,8.6,87.4,81.8,workable,True,72.59,0.9617638554216938,4.5275592,10.7,4.6370000000000005,0.7031089426935717,,1.0,0.9,0.626,0.924,0.85,0.752,,,1.035,"{""sst"": 0.1959, ""season"": 0.1406, ""tide"": 0.0392, ""moon"": 0.0401, ""pressure"": 0.0461, ""swell"": 0.0621}",chl,El Nino,1.39,100.0
2026-09-03,coronados,Coronado Islands,offshore,sheephead,California Sheephead,groundfish,76.6,67.6,9.0,85.3,84.4,workable,True,72.5,0.8016436363636359,4.1994752,11.4,4.669,0.5954232597505752,,1.0,0.95,0.705,0.951,1.0,0.786,,,1.0,"{""sst"": 0.1356, ""season"": 0.1116, ""tide"": 0.0748, ""moon"": 0.014, ""pressure"": 0.0603, ""swell"": 0.1375}",chl,El Nino,1.39,100.0
2026-08-29,pt_loma_kelp,Point Loma Kelp,nearshore,yellowtail,California Yellowtail,pelagic,76.6,67.9,8.7,77.0,99.3,workable,True,76.19,4.361791764705885,4.593176,8.3,5.614999999999999,0.9807370357326118,,0.316,0.95,0.586,0.855,0.6,0.812,,,1.35,"{""sst"": -0.1533, ""season"": 0.1375, ""tide"": 0.0263, ""moon"": 0.0383, ""pressure"": 0.013, ""swell"": 0.0693}","front,chl",El Nino,1.39,100.0
2026-09-03,nine_mile,9-Mile Bank & 43-Fathom,offshore,bluefin_tuna,Pacific Bluefin Tuna,tuna,76.6,60.7,15.9,76.6,100.0,workable,True,73.75999999999999,1.5201163636363617,4.265092,11.9,4.669,0.5954232597505752,,0.459,0.95,0.788,0.595,1.0,0.841,,,1.109,"{""sst"": -0.0251, ""season"": 0.1321, ""tide"": 0.0268, ""moon"": 0.0257, ""pressure"": 0.0408, ""swell"": 0.1224}","front,chl",El Nino,1.39,100.0
2026-08-30,nine_mile,9-Mile Bank & 43-Fathom,offshore,yellowtail,California Yellowtail,pelagic,76.3,67.9,8.4,84.2,85.5,5.8 ft seas,True,75.38,3.4917550295858035,5.8398952,12.9,5.138,0.9407239833834854,,0.448,0.95,0.568,0.865,0.85,0.703,,,1.314,"{""sst"": -0.0367, ""season"": 0.1375, ""tide"": 0.0213, ""moon"": 0.0391, ""pressure"": 0.0379, ""swell"": 0.0487}","front,chl",El Nino,1.39,100.0
2026-08-31,pt_loma_kelp,Point Loma Kelp,nearshore,sheephead,California Sheephead,groundfish,76.2,68.3,7.9,79.9,92.9,5.4 ft seas,True,75.11,3.189439285714286,5.4461943999999995,9.5,4.808,0.8795682132236311,,1.0,1.0,0.693,0.88,0.85,0.658,,,1.0,"{""sst"": 0.1356, ""season"": 0.1205, ""tide"": 0.0709, ""moon"": 0.0123, ""pressure"": 0.0461, ""swell"": 0.0837}",chl,El Nino,1.39,100.0
2026-09-01,nine_mile,9-Mile Bank & 43-Fathom,offshore,barracuda,California Barracuda,pelagic_inshore,76.2,67.0,9.2,77.3,97.8,workable,True,74.21000000000001,2.1721904191616943,4.7900263999999995,10.9,4.742999999999999,0.7992843952573526,,0.639,0.85,0.578,0.9,0.6,0.725,,,1.117,"{""sst"": 0.0856, ""season"": 0.1234, ""tide"": 0.0235, ""moon"": 0.0273, ""pressure"": 0.0127, ""swell"": 0.0519}","front,chl",El Nino,1.39,100.0
2026-09-01,outer_banks,302 / 371 / Hidden Bank,offshore,yellowtail,California Yellowtail,pelagic,75.8,67.2,8.6,89.4,76.5,5.2 ft seas,True,73.4,2.0827293413173606,5.1837272,11.6,4.742999999999999,0.7992843952573526,,0.771,0.9,0.578,0.9,0.6,0.761,,,1.187,"{""sst"": 0.1445, ""season"": 0.126, ""tide"": 0.0241, ""moon"": 0.042, ""pressure"": 0.013, ""swell"": 0.0599}","front,chl",El Nino,1.39,100.0
2026-09-03,la_jolla,La Jolla Kelp & Canyon,nearshore,rockfish,Rockfish Complex,groundfish,75.6,68.8,6.8,75.6,100.0,workable,True,74.48,1.7774727272727233,3.7401576,10.1,4.567,0.5954232597505752,,0.76,0.9,0.872,0.951,1.0,0.862,,,0.872,"{""sst"": 0.0651, ""season"": 0.1045, ""tide"": 0.0988, ""moon"": 0.0143, ""pressure"": 0.0616, ""swell"": 0.2057}",chl,El Nino,1.39,100.0
2026-09-02,coronados,Coronado Islands,offshore,barracuda,California Barracuda,pelagic_inshore,75.6,67.1,8.5,85.8,81.8,workable,True,72.59,0.9617638554216938,4.5275592,10.7,4.6370000000000005,0.7031089426935717,,0.904,0.85,0.626,0.924,0.85,0.752,,,1.052,"{""sst"": 0.2064, ""season"": 0.1234, ""tide"": 0.0367, ""moon"": 0.0286, ""pressure"": 0.037, ""swell"": 0.057}","front,chl",El Nino,1.39,100.0
2026-08-29,pt_loma_kelp,Point Loma Kelp,nearshore,sheephead,California Sheephead,groundfish,75.5,68.5,7.0,75.8,99.3,workable,True,76.19,4.361791764705885,4.593176,8.3,5.614999999999999,0.9807370357326118,,0.889,1.0,0.586,0.855,0.6,0.745,,,1.0,"{""sst"": 0.1125, ""season"": 0.1205, ""tide"": 0.0343, ""moon"": 0.0117, ""pressure"": 0.0159, ""swell"": 0.1215}",chl,El Nino,1.39,100.0
2026-09-03,coronados,Coronado Islands,offshore,rockfish,Rockfish Complex,groundfish,75.3,67.5,7.8,83.8,84.4,workable,True,72.5,0.8016436363636359,4.1994752,11.4,4.669,0.5954232597505752,,1.0,0.9,0.884,0.951,1.0,0.819,,,0.942,"{""sst"": 0.1078, ""season"": 0.1045, ""tide"": 0.1012, ""moon"": 0.0143, ""pressure"": 0.0616, ""swell"": 0.1862}",chl,El Nino,1.39,100.0
2026-08-30,outer_banks,302 / 371 / Hidden Bank,offshore,bonito,Pacific Bonito,pelagic_inshore,75.2,69.2,6.0,98.4,52.7,6.5 ft seas,True,73.67,2.4171337278106506,6.4960632,15.0,5.138,0.9407239833834854,,1.0,1.0,0.836,0.865,0.85,0.646,,,1.218,"{""sst"": 0.2599, ""season"": 0.156, ""tide"": 0.0642, ""moon"": 0.0137, ""pressure"": 0.0398, ""swell"": 0.0448}","front,chl",El Nino,1.39,100.0
2026-08-29,nine_mile,9-Mile Bank & 43-Fathom,offshore,yellowtail,California Yellowtail,pelagic,75.1,67.9,7.2,77.5,95.3,5.1 ft seas,True,76.1,4.237231764705882,5.1181104,10.8,5.614999999999999,0.9807370357326118,,0.33,0.95,0.586,0.855,0.6,0.766,,,1.35,"{""sst"": -0.1382, ""season"": 0.1375, ""tide"": 0.0263, ""moon"": 0.0383, ""pressure"": 0.013, ""swell"": 0.061}","front,chl",El Nino,1.39,100.0
2026-09-02,la_jolla,La Jolla Kelp & Canyon,nearshore,rockfish,Rockfish Complex,groundfish,74.9,69.0,5.9,74.9,100.0,workable,True,74.3,1.6910132530120308,3.8713911999999997,9.1,4.433,0.7031089426935717,,0.782,0.9,0.874,0.924,0.85,0.849,,,0.878,"{""sst"": 0.0695, ""season"": 0.1045, ""tide"": 0.0992, ""moon"": 0.0137, ""pressure"": 0.0472, ""swell"": 0.2002}",chl,El Nino,1.39,100.0
2026-08-30,la_jolla,La Jolla Kelp & Canyon,nearshore,yellowtail,California Yellowtail,pelagic,74.8,67.2,7.6,75.4,98.8,workable,True,76.37,4.02720710059171,4.6587928,9.2,4.744,0.9407239833834854,,0.286,0.95,0.542,0.865,0.85,0.807,,,1.35,"{""sst"": -0.1859, ""season"": 0.1375, ""tide"": 0.0133, ""moon"": 0.0391, ""pressure"": 0.0379, ""swell"": 0.0683}","front,chl",El Nino,1.39,100.0
2026-08-30,pt_loma_kelp,Point Loma Kelp,nearshore,sheephead,California Sheephead,groundfish,74.7,68.4,6.3,77.3,94.8,5.2 ft seas,True,75.56,3.6989147928994157,5.1837272,9.5,5.138,0.9407239833834854,,0.992,1.0,0.568,0.865,0.85,0.685,,,1.0,"{""sst"": 0.134, ""season"": 0.1205, ""tide"": 0.0278, ""moon"": 0.0119, ""pressure"": 0.0461, ""swell"": 0.0958}",chl,El Nino,1.39,100.0
2026-09-03,coronados,Coronado Islands,offshore,bluefin_tuna,Pacific Bluefin Tuna,tuna,74.6,62.3,12.3,83.0,84.4,workable,True,72.5,0.8016436363636359,4.1994752,11.4,4.669,0.5954232597505752,,0.706,0.95,0.788,0.595,1.0,0.847,,,1.058,"{""sst"": 0.1015, ""season"": 0.1321, ""tide"": 0.0268, ""moon"": 0.0257, ""pressure"": 0.0408, ""swell"": 0.124}","front,chl",El Nino,1.39,100.0
2026-09-01,coronados,Coronado Islands,offshore,calico_bass,Calico Bass (Kelp Bass),bass,74.6,68.4,6.2,85.7,80.2,workable,True,73.4,1.8559616766467144,4.7244095999999995,10.7,4.742999999999999,0.7992843952573526,,1.0,0.9,0.578,0.9,0.6,0.732,,,1.067,"{""sst"": 0.1959, ""season"": 0.1406, ""tide"": 0.0251, ""moon"": 0.0383, ""pressure"": 0.0159, ""swell"": 0.058}",chl,El Nino,1.39,100.0
2026-08-31,coronados,Coronado Islands,offshore,yellowtail,California Yellowtail,pelagic,74.5,67.8,6.7,92.1,70.2,6.0 ft seas,True,74.39,2.892964285714285,5.9711288,10.6,4.808,0.8795682132236311,,0.61,0.95,0.693,0.88,0.85,0.692,,,1.26,"{""sst"": 0.0661, ""season"": 0.1375, ""tide"": 0.0544, ""moon"": 0.0404, ""pressure"": 0.0379, ""swell"": 0.0464}","front,chl",El Nino,1.39,100.0
2026-08-31,pt_loma_kelp,Point Loma Kelp,nearshore,barracuda,California Barracuda,pelagic_inshore,74.4,67.9,6.5,78.0,92.9,5.4 ft seas,True,75.11,3.189439285714286,5.4461943999999995,9.5,4.808,0.8795682132236311,,0.492,0.9,0.693,0.88,0.85,0.658,,,1.172,"{""sst"": -0.0056, ""season"": 0.1367, ""tide"": 0.0531, ""moon"": 0.0263, ""pressure"": 0.037, ""swell"": 0.0384}","front,chl",El Nino,1.39,100.0
2026-09-01,nine_mile,9-Mile Bank & 43-Fathom,offshore,bluefin_tuna,Pacific Bluefin Tuna,tuna,74.0,61.3,12.7,75.1,97.8,workable,True,74.21000000000001,2.1721904191616943,4.7900263999999995,10.9,4.742999999999999,0.7992843952573526,,0.371,0.95,0.806,0.799,0.6,0.795,,,1.156,"{""sst"": -0.0879, ""season"": 0.1321, ""tide"": 0.0281, ""moon"": 0.069, ""pressure"": 0.0107, ""swell"": 0.1091}","front,chl",El Nino,1.39,100.0
2026-09-02,coronados,Coronado Islands,offshore,bluefin_tuna,Pacific Bluefin Tuna,tuna,73.9,62.5,11.4,83.9,81.8,workable,True,72.59,0.9617638554216938,4.5275592,10.7,4.6370000000000005,0.7031089426935717,,0.688,0.95,0.794,0.703,0.85,0.818,,,1.069,"{""sst"": 0.094, ""season"": 0.1321, ""tide"": 0.0272, ""moon"": 0.0501, ""pressure"": 0.0312, ""swell"": 0.1159}","front,chl",El Nino,1.39,100.0
2026-09-01,la_jolla,La Jolla Kelp & Canyon,nearshore,barracuda,California Barracuda,pelagic_inshore,73.4,66.0,7.4,73.4,100.0,workable,True,74.93,2.4259796407185803,4.0682416,9.8,4.44,0.7992843952573526,,0.521,0.85,0.558,0.9,0.6,0.799,,,1.131,"{""sst"": 0.0146, ""season"": 0.1234, ""tide"": 0.0179, ""moon"": 0.0273, ""pressure"": 0.0127, ""swell"": 0.0654}","front,chl",El Nino,1.39,100.0
2026-08-31,coronados,Coronado Islands,offshore,calico_bass,Calico Bass (Kelp Bass),bass,73.3,69.3,4.0,90.9,70.2,6.0 ft seas,True,74.39,2.892964285714285,5.9711288,10.6,4.808,0.8795682132236311,,0.936,0.95,0.693,0.88,0.85,0.605,,,1.104,"{""sst"": 0.1773, ""season"": 0.1535, ""tide"": 0.0567, ""moon"": 0.0369, ""pressure"": 0.0461, ""swell"": 0.0289}",chl,El Nino,1.39,100.0
2026-08-31,nine_mile,9-Mile Bank & 43-Fathom,offshore,barracuda,California Barracuda,pelagic_inshore,72.7,67.9,4.8,78.3,88.9,6.0 ft seas,True,74.84,2.8878642857142864,5.9711288,10.4,4.808,0.8795682132236311,,0.536,0.9,0.693,0.88,0.85,0.605,,,1.156,"{""sst"": 0.0243, ""season"": 0.1367, ""tide"": 0.0531, ""moon"": 0.0263, ""pressure"": 0.037, ""swell"": 0.0265}","front,chl",El Nino,1.39,100.0
2026-08-29,coronados,Coronado Islands,offshore,calico_bass,Calico Bass (Kelp Bass),bass,72.6,69.3,3.3,85.0,77.6,5.1 ft seas,True,75.65,4.2112905882353004,5.0524936,9.2,5.614999999999999,0.9807370357326118,,0.73,0.95,0.586,0.855,0.6,0.698,,,1.152,"{""sst"": 0.1071, ""season"": 0.1535, ""tide"": 0.0275, ""moon"": 0.035, ""pressure"": 0.0159, ""swell"": 0.0509}",chl,El Nino,1.39,100.0
2026-08-31,outer_banks,302 / 371 / Hidden Bank,offshore,yellowtail,California Yellowtail,pelagic,72.5,67.8,4.7,93.0,65.5,6.6 ft seas,True,73.67,2.4000107142857274,6.56168,11.9,4.808,0.8795682132236311,,0.727,0.95,0.693,0.88,0.85,0.64,,,1.216,"{""sst"": 0.1249, ""season"": 0.1375, ""tide"": 0.0544, ""moon"": 0.0404, ""pressure"": 0.0379, ""swell"": 0.0353}","front,chl",El Nino,1.39,100.0
2026-09-03,outer_banks,302 / 371 / Hidden Bank,offshore,sheephead,California Sheephead,groundfish,72.5,67.6,4.9,83.7,79.4,workable,True,73.31,1.825450909090904,4.6587928,12.3,4.669,0.5954232597505752,,1.0,0.95,0.705,0.951,1.0,0.739,,,1.0,"{""sst"": 0.1356, ""season"": 0.1116, ""tide"": 0.0748, ""moon"": 0.014, ""pressure"": 0.0603, ""swell"": 0.1187}",chl,El Nino,1.39,100.0
2026-09-03,cortez_tanner,Cortez & Tanner Bank,offshore,yellowfin_tuna,Yellowfin Tuna,tuna,72.3,52.9,19.4,99.1,43.9,"6.0 ft seas, long-range run",True,69.89,1.5440618181818166,6.036745600000001,16.6,4.669,0.5954232597505752,,0.973,1.0,0.788,0.951,1.0,0.686,,,1.25,"{""sst"": 0.2879, ""season"": 0.1499, ""tide"": 0.0123, ""moon"": 0.0521, ""pressure"": 0.0375, ""swell"": 0.0598}","front,chl",El Nino,1.39,100.0
2026-09-02,outer_banks,302 / 371 / Hidden Bank,offshore,bluefin_tuna,Pacific Bluefin Tuna,tuna,72.0,63.1,8.9,83.3,79.1,workable,True,73.13,1.7277506024096425,4.8556432,11.5,4.6370000000000005,0.7031089426935717,,0.583,0.95,0.794,0.703,0.85,0.789,,,1.124,"{""sst"": 0.0449, ""season"": 0.1321, ""tide"": 0.0272, ""moon"": 0.0501, ""pressure"": 0.0312, ""swell"": 0.1074}","front,chl",El Nino,1.39,100.0
2026-08-30,coronados,Coronado Islands,offshore,yellowtail,California Yellowtail,pelagic,71.6,67.9,3.7,89.0,69.9,5.8 ft seas,True,74.75,3.291571597633137,5.8398952,12.3,5.138,0.9407239833834854,,0.551,0.95,0.568,0.865,0.85,0.703,,,1.296,"{""sst"": 0.0323, ""season"": 0.1375, ""tide"": 0.0213, ""moon"": 0.0391, ""pressure"": 0.0379, ""swell"": 0.0487}","front,chl",El Nino,1.39,100.0
2026-09-01,coronados,Coronado Islands,offshore,bluefin_tuna,Pacific Bluefin Tuna,tuna,71.3,62.8,8.5,81.9,80.2,workable,True,73.4,1.8559616766467144,4.7244095999999995,10.7,4.742999999999999,0.7992843952573526,,0.53,0.95,0.806,0.799,0.6,0.801,,,1.134,"{""sst"": 0.0169, ""season"": 0.1321, ""tide"": 0.0281, ""moon"": 0.069, ""pressure"": 0.0107, ""swell"": 0.1108}","front,chl",El Nino,1.39,100.0
2026-09-02,coronados,Coronado Islands,offshore,sheephead,California Sheephead,groundfish,71.2,67.7,3.5,80.8,81.8,workable,True,72.59,0.9617638554216938,4.5275592,10.7,4.6370000000000005,0.7031089426935717,,1.0,0.95,0.626,0.924,0.85,0.752,,,1.0,"{""sst"": 0.1356, ""season"": 0.1116, ""tide"": 0.0489, ""moon"": 0.0134, ""pressure"": 0.0461, ""swell"": 0.1242}",chl,El Nino,1.39,100.0
2026-08-30,pt_loma_kelp,Point Loma Kelp,nearshore,barracuda,California Barracuda,pelagic_inshore,70.9,67.9,3.0,73.4,94.8,5.2 ft seas,True,75.56,3.6989147928994157,5.1837272,9.5,5.138,0.9407239833834854,,0.419,0.9,0.568,0.865,0.85,0.685,,,1.2,"{""sst"": -0.062, ""season"": 0.1367, ""tide"": 0.0208, ""moon"": 0.0255, ""pressure"": 0.037, ""swell"": 0.0439}","front,chl",El Nino,1.39,100.0
2026-09-02,coronados,Coronado Islands,offshore,rockfish,Rockfish Complex,groundfish,70.9,67.6,3.3,80.4,81.8,workable,True,72.59,0.9617638554216938,4.5275592,10.7,4.6370000000000005,0.7031089426935717,,0.991,0.9,0.897,0.924,0.85,0.788,,,0.931,"{""sst"": 0.1064, ""season"": 0.1045, ""tide"": 0.1039, ""moon"": 0.0137, ""pressure"": 0.0472, ""swell"": 0.1717}",chl,El Nino,1.39,100.0
2026-09-01,coronados,Coronado Islands,offshore,barracuda,California Barracuda,pelagic_inshore,70.9,67.1,3.8,81.4,80.2,workable,True,73.4,1.8559616766467144,4.7244095999999995,10.7,4.742999999999999,0.7992843952573526,,0.771,0.85,0.578,0.9,0.6,0.732,,,1.1,"{""sst"": 0.1512, ""season"": 0.1234, ""tide"": 0.0235, ""moon"": 0.0273, ""pressure"": 0.0127, ""swell"": 0.0532}","front,chl",El Nino,1.39,100.0
2026-08-29,coronados,Coronado Islands,offshore,yellowtail,California Yellowtail,pelagic,70.8,67.9,2.9,82.9,77.6,5.1 ft seas,True,75.65,4.2112905882353004,5.0524936,9.2,5.614999999999999,0.9807370357326118,,0.404,0.95,0.586,0.855,0.6,0.772,,,1.35,"{""sst"": -0.0712, ""season"": 0.1375, ""tide"": 0.0263, ""moon"": 0.0383, ""pressure"": 0.013, ""swell"": 0.0621}","front,chl",El Nino,1.39,100.0
2026-09-03,outer_banks,302 / 371 / Hidden Bank,offshore,bluefin_tuna,Pacific Bluefin Tuna,tuna,70.5,62.9,7.6,81.4,79.4,workable,True,73.31,1.825450909090904,4.6587928,12.3,4.669,0.5954232597505752,,0.547,0.95,0.788,0.595,1.0,0.807,,,1.131,"{""sst"": 0.0266, ""season"": 0.1321, ""tide"": 0.0268, ""moon"": 0.0257, ""pressure"": 0.0408, ""swell"": 0.1125}","front,chl",El Nino,1.39,100.0
2026-08-30,coronados,Coronado Islands,offshore,calico_bass,Calico Bass (Kelp Bass),bass,70.5,69.3,1.2,87.6,69.9,5.8 ft seas,True,74.75,3.291571597633137,5.8398952,12.3,5.138,0.9407239833834854,,0.877,0.95,0.568,0.865,0.85,0.618,,,1.118,"{""sst"": 0.159, ""season"": 0.1535, ""tide"": 0.0223, ""moon"": 0.0357, ""pressure"": 0.0461, ""swell"": 0.0322}",chl,El Nino,1.39,100.0
2026-08-31,la_jolla,La Jolla Kelp & Canyon,nearshore,barracuda,California Barracuda,pelagic_inshore,69.8,67.0,2.8,70.8,97.8,workable,True,76.01,3.5813357142857285,4.7900263999999995,9.2,4.457,0.8795682132236311,,0.345,0.9,0.674,0.88,0.85,0.725,,,1.193,"{""sst"": -0.1294, ""season"": 0.1367, ""tide"": 0.0485, ""moon"": 0.0263, ""pressure"": 0.037, ""swell"": 0.0519}","front,chl",El Nino,1.39,98.1
2026-08-29,outer_banks,302 / 371 / Hidden Bank,offshore,yellowtail,California Yellowtail,pelagic,69.7,67.9,1.8,89.3,66.2,5.6 ft seas,True,74.48,3.218167058823539,5.6430448,13.5,5.614999999999999,0.9807370357326118,,0.595,0.95,0.586,0.855,0.6,0.72,,,1.29,"{""sst"": 0.0579, ""season"": 0.1375, ""tide"": 0.0263, ""moon"": 0.0383, ""pressure"": 0.013, ""swell"": 0.0522}","front,chl",El Nino,1.39,100.0
2026-09-01,outer_banks,302 / 371 / Hidden Bank,offshore,bluefin_tuna,Pacific Bluefin Tuna,tuna,69.5,63.4,6.1,82.1,76.5,5.2 ft seas,True,73.4,2.0827293413173606,5.1837272,11.6,4.742999999999999,0.7992843952573526,,0.53,0.95,0.806,0.799,0.6,0.761,,,1.15,"{""sst"": 0.0169, ""season"": 0.1321, ""tide"": 0.0281, ""moon"": 0.069, ""pressure"": 0.0107, ""swell"": 0.0987}","front,chl",El Nino,1.39,100.0
2026-09-01,nine_mile,9-Mile Bank & 43-Fathom,offshore,rockfish,Rockfish Complex,groundfish,69.3,67.6,1.7,70.3,97.8,workable,True,74.21000000000001,2.1721904191616943,4.7900263999999995,10.9,4.742999999999999,0.7992843952573526,,1.0,0.9,0.924,0.9,0.6,0.763,,,0.844,"{""sst"": 0.1078, ""season"": 0.1045, ""tide"": 0.1092, ""moon"": 0.0131, ""pressure"": 0.0162, ""swell"": 0.1596}",chl,El Nino,1.39,97.5
2026-09-02,outer_banks,302 / 371 / Hidden Bank,offshore,sheephead,California Sheephead,groundfish,68.9,67.7,1.2,79.7,79.1,workable,True,73.13,1.7277506024096425,4.8556432,11.5,4.6370000000000005,0.7031089426935717,,1.0,0.95,0.626,0.924,0.85,0.719,,,1.0,"{""sst"": 0.1356, ""season"": 0.1116, ""tide"": 0.0489, ""moon"": 0.0134, ""pressure"": 0.0461, ""swell"": 0.1103}",chl,El Nino,1.39,96.4
2026-09-02,cortez_tanner,Cortez & Tanner Bank,offshore,yellowtail,California Yellowtail,pelagic,68.8,61.7,7.1,95.5,54.1,"5.6 ft seas, long-range run",True,70.07,1.72867228915662,5.6430448,14.7,4.6370000000000005,0.7031089426935717,,1.0,0.9,0.626,0.924,0.85,0.72,,,1.156,"{""sst"": 0.231, ""season"": 0.126, ""tide"": 0.0375, ""moon"": 0.0439, ""pressure"": 0.0379, ""swell"": 0.0522}","front,chl",El Nino,1.39,100.0
2026-08-29,pt_loma_kelp,Point Loma Kelp,nearshore,barracuda,California Barracuda,pelagic_inshore,67.6,67.9,-0.3,68.0,99.3,workable,True,76.19,4.361791764705885,4.593176,8.3,5.614999999999999,0.9807370357326118,,0.316,0.9,0.586,0.855,0.6,0.745,,,1.236,"{""sst"": -0.1605, ""season"": 0.1367, ""tide"": 0.0257, ""moon"": 0.0249, ""pressure"": 0.0127, ""swell"": 0.0557}","front,chl",El Nino,1.39,66.4
2026-09-02,cortez_tanner,Cortez & Tanner Bank,offshore,bluefin_tuna,Pacific Bluefin Tuna,tuna,67.1,58.3,8.8,94.3,54.1,"5.6 ft seas, long-range run",True,70.07,1.72867228915662,5.6430448,14.7,4.6370000000000005,0.7031089426935717,,1.0,0.95,0.794,0.703,0.85,0.72,,,1.124,"{""sst"": 0.2039, ""season"": 0.1321, ""tide"": 0.0272, ""moon"": 0.0501, ""pressure"": 0.0312, ""swell"": 0.0859}","front,chl",El Nino,1.39,100.0
2026-09-01,la_jolla,La Jolla Kelp & Canyon,nearshore,rockfish,Rockfish Complex,groundfish,66.8,69.1,-2.3,66.8,100.0,workable,True,74.93,2.4259796407185803,4.0682416,9.8,4.44,0.7992843952573526,,0.704,0.9,0.891,0.9,0.6,0.831,,,0.825,"{""sst"": 0.0533, ""season"": 0.1045, ""tide"": 0.1026, ""moon"": 0.0131, ""pressure"": 0.0162, ""swell"": 0.1919}",chl,El Nino,1.39,48.1
2026-08-30,nine_mile,9-Mile Bank & 43-Fathom,offshore,barracuda,California Barracuda,pelagic_inshore,66.5,67.9,-1.4,73.4,85.5,5.8 ft seas,True,75.38,3.4917550295858035,5.8398952,12.9,5.138,0.9407239833834854,,0.448,0.9,0.568,0.865,0.85,0.618,,,1.189,"{""sst"": -0.0384, ""season"": 0.1367, ""tide"": 0.0208, ""moon"": 0.0255, ""pressure"": 0.037, ""swell"": 0.0296}","front,chl",El Nino,1.39,59.3
2026-09-01,coronados,Coronado Islands,offshore,sheephead,California Sheephead,groundfish,66.5,67.7,-1.2,76.3,80.2,workable,True,73.4,1.8559616766467144,4.7244095999999995,10.7,4.742999999999999,0.7992843952573526,,1.0,0.95,0.578,0.9,0.6,0.732,,,1.0,"{""sst"": 0.1356, ""season"": 0.1116, ""tide"": 0.0314, ""moon"": 0.0128, ""pressure"": 0.0159, ""swell"": 0.116}",chl,El Nino,1.39,69.7
2026-08-31,coronados,Coronado Islands,offshore,barracuda,California Barracuda,pelagic_inshore,66.1,67.9,-1.8,81.9,70.2,6.0 ft seas,True,74.39,2.892964285714285,5.9711288,10.6,4.808,0.8795682132236311,,0.61,0.9,0.693,0.88,0.85,0.605,,,1.156,"{""sst"": 0.0692, ""season"": 0.1367, ""tide"": 0.0531, ""moon"": 0.0263, ""pressure"": 0.037, ""swell"": 0.0265}","front,chl",El Nino,1.39,58.2
2026-08-31,cortez_tanner,Cortez & Tanner Bank,offshore,yellowfin_tuna,Yellowfin Tuna,tuna,66.1,52.6,13.5,99.3,33.2,"7.8 ft seas, long-range run",True,70.52,2.179071428571433,7.808399199999999,16.1,4.808,0.8795682132236311,,1.0,1.0,0.817,0.88,0.85,0.531,,,1.35,"{""sst"": 0.2997, ""season"": 0.1499, ""tide"": 0.0133, ""moon"": 0.0458, ""pressure"": 0.0287, ""swell"": 0.0113}","front,chl",El Nino,1.39,100.0
2026-08-29,nine_mile,9-Mile Bank & 43-Fathom,offshore,barracuda,California Barracuda,pelagic_inshore,65.9,67.9,-2.0,68.0,95.3,5.1 ft seas,True,76.1,4.237231764705882,5.1181104,10.8,5.614999999999999,0.9807370357326118,,0.33,0.9,0.586,0.855,0.6,0.692,,,1.229,"{""sst"": -0.1446, ""season"": 0.1367, ""tide"": 0.0257, ""moon"": 0.0249, ""pressure"": 0.0127, ""swell"": 0.0453}","front,chl",El Nino,1.39,58.2
2026-09-01,pt_loma_kelp,Point Loma Kelp,nearshore,rockfish,Rockfish Complex,groundfish,65.8,64.3,1.5,65.8,100.0,workable,True,73.76,1.773754491017968,4.4619424,10.4,4.742999999999999,0.7992843952573526,,0.479,0.9,0.924,0.9,0.6,0.794,,,0.872,"{""sst"": -0.0066, ""season"": 0.1045, ""tide"": 0.1092, ""moon"": 0.0131, ""pressure"": 0.0162, ""swell"": 0.1746}",chl,El Nino,1.39,59.8
2026-08-29,la_jolla,La Jolla Kelp & Canyon,nearshore,yellowtail,California Yellowtail,pelagic,65.7,67.4,-1.7,65.7,100.0,workable,True,76.91,4.614998823529405,4.265092,7.6,5.207000000000001,0.9807370357326118,,0.198,0.95,0.558,0.855,0.6,0.841,,,1.35,"{""sst"": -0.3087, ""season"": 0.1375, ""tide"": 0.0183, ""moon"": 0.0383, ""pressure"": 0.013, ""swell"": 0.0743}","front,chl",El Nino,1.39,60.4
2026-08-31,nine_mile,9-Mile Bank & 43-Fathom,offshore,bluefin_tuna,Pacific Bluefin Tuna,tuna,65.5,62.0,3.5,70.5,88.9,6.0 ft seas,True,74.84,2.8878642857142864,5.9711288,10.4,4.808,0.8795682132236311,,0.247,1.0,0.817,0.88,0.85,0.692,,,1.208,"{""sst"": -0.207, ""season"": 0.1427, ""tide"": 0.0289, ""moon"": 0.0831, ""pressure"": 0.0312, ""swell"": 0.0764}","front,chl",El Nino,1.39,100.0
2026-09-03,outer_banks,302 / 371 / Hidden Bank,offshore,rockfish,Rockfish Complex,groundfish,65.5,67.5,-2.0,75.7,79.4,workable,True,73.31,1.825450909090904,4.6587928,12.3,4.669,0.5954232597505752,,1.0,0.9,0.884,0.951,1.0,0.775,,,0.869,"{""sst"": 0.1078, ""season"": 0.1045, ""tide"": 0.1012, ""moon"": 0.0143, ""pressure"": 0.0616, ""swell"": 0.1657}",chl,El Nino,1.39,57.7
2026-08-29,coronados,Coronado Islands,offshore,sheephead,California Sheephead,groundfish,65.0,68.5,-3.5,76.1,77.6,5.1 ft seas,True,75.65,4.2112905882353004,5.0524936,9.2,5.614999999999999,0.9807370357326118,,1.0,1.0,0.586,0.855,0.6,0.698,,,1.0,"{""sst"": 0.1356, ""season"": 0.1205, ""tide"": 0.0343, ""moon"": 0.0117, ""pressure"": 0.0159, ""swell"": 0.1017}",chl,El Nino,1.39,60.4
2026-08-30,la_jolla,La Jolla Kelp & Canyon,nearshore,barracuda,California Barracuda,pelagic_inshore,64.9,67.3,-2.4,65.4,98.8,workable,True,76.37,4.02720710059171,4.6587928,9.2,4.744,0.9407239833834854,,0.286,0.9,0.542,0.865,0.85,0.739,,,1.217,"{""sst"": -0.1946, ""season"": 0.1367, ""tide"": 0.013, ""moon"": 0.0255, ""pressure"": 0.037, ""swell"": 0.0544}","front,chl",El Nino,1.39,57.7
2026-09-02,outer_banks,302 / 371 / Hidden Bank,offshore,rockfish,Rockfish Complex,groundfish,64.5,67.6,-3.1,74.6,79.1,workable,True,73.13,1.7277506024096425,4.8556432,11.5,4.6370000000000005,0.7031089426935717,,1.0,0.9,0.897,0.924,0.85,0.757,,,0.876,"{""sst"": 0.1078, ""season"": 0.1045, ""tide"": 0.1039, ""moon"": 0.0137, ""pressure"": 0.0472, ""swell"": 0.1565}",chl,El Nino,1.39,55.7
2026-09-02,cortez_tanner,Cortez & Tanner Bank,offshore,dorado,Dorado (Mahi-Mahi),tuna,64.2,28.0,36.2,91.3,54.1,"5.6 ft seas, long-range run",True,70.07,1.72867228915662,5.6430448,14.7,4.6370000000000005,0.7031089426935717,,0.527,1.0,0.794,0.924,0.85,0.72,,,1.342,"{""sst"": 0.0257, ""season"": 0.1499, ""tide"": 0.0125, ""moon"": 0.0332, ""pressure"": 0.0287, ""swell"": 0.0592}","front,chl",El Nino,1.39,100.0
2026-09-01,cortez_tanner,Cortez & Tanner Bank,offshore,bluefin_tuna,Pacific Bluefin Tuna,tuna,64.0,58.3,5.7,93.9,49.9,"6.2 ft seas, long-range run",True,70.25,1.9088514970059975,6.2335959999999995,14.7,4.742999999999999,0.7992843952573526,,1.0,0.95,0.806,0.799,0.6,0.669,,,1.137,"{""sst"": 0.2039, ""season"": 0.1321, ""tide"": 0.0281, ""moon"": 0.069, ""pressure"": 0.0107, ""swell"": 0.0684}","front,chl",El Nino,1.39,100.0
2026-09-01,cortez_tanner,Cortez & Tanner Bank,offshore,yellowtail,California Yellowtail,pelagic,63.7,61.6,2.1,93.6,49.9,"6.2 ft seas, long-range run",True,70.25,1.9088514970059975,6.2335959999999995,14.7,4.742999999999999,0.7992843952573526,,1.0,0.9,0.578,0.9,0.6,0.669,,,1.172,"{""sst"": 0.231, ""season"": 0.126, ""tide"": 0.0241, ""moon"": 0.042, ""pressure"": 0.013, ""swell"": 0.0415}","front,chl",El Nino,1.39,94.8
2026-09-01,outer_banks,302 / 371 / Hidden Bank,offshore,sheephead,California Sheephead,groundfish,63.4,67.7,-4.3,74.8,76.5,5.2 ft seas,True,73.4,2.0827293413173606,5.1837272,11.6,4.742999999999999,0.7992843952573526,,1.0,0.95,0.578,0.9,0.6,0.685,,,1.0,"{""sst"": 0.1356, ""season"": 0.1116, ""tide"": 0.0314, ""moon"": 0.0128, ""pressure"": 0.0159, ""swell"": 0.0958}",chl,El Nino,1.39,78.7
2026-08-31,outer_banks,302 / 371 / Hidden Bank,offshore,bluefin_tuna,Pacific Bluefin Tuna,tuna,63.2,64.0,-0.8,81.6,65.5,6.6 ft seas,True,73.67,2.4000107142857274,6.56168,11.9,4.808,0.8795682132236311,,0.477,1.0,0.817,0.88,0.85,0.64,,,1.173,"{""sst"": -0.014, ""season"": 0.1427, ""tide"": 0.0289, ""moon"": 0.0831, ""pressure"": 0.0312, ""swell"": 0.0581}","front,chl",El Nino,1.39,68.9
2026-09-03,cortez_tanner,Cortez & Tanner Bank,offshore,yellowtail,California Yellowtail,pelagic,63.0,61.9,1.1,96.0,43.9,"6.0 ft seas, long-range run",True,69.89,1.5440618181818166,6.036745600000001,16.6,4.669,0.5954232597505752,,1.0,0.9,0.705,0.951,1.0,0.686,,,1.139,"{""sst"": 0.231, ""season"": 0.126, ""tide"": 0.0573, ""moon"": 0.0459, ""pressure"": 0.0495, ""swell"": 0.0452}","front,chl",El Nino,1.39,91.0
2026-08-30,coronados,Coronado Islands,offshore,barracuda,California Barracuda,pelagic_inshore,62.9,67.9,-5.0,78.2,69.9,5.8 ft seas,True,74.75,3.291571597633137,5.8398952,12.3,5.138,0.9407239833834854,,0.551,0.9,0.568,0.865,0.85,0.618,,,1.178,"{""sst"": 0.0338, ""season"": 0.1367, ""tide"": 0.0208, ""moon"": 0.0255, ""pressure"": 0.037, ""swell"": 0.0296}","front,chl",El Nino,1.39,56.6
2026-08-30,outer_banks,302 / 371 / Hidden Bank,offshore,yellowtail,California Yellowtail,pelagic,62.8,67.9,-5.1,90.6,52.7,6.5 ft seas,True,73.67,2.4171337278106506,6.4960632,15.0,5.138,0.9407239833834854,,0.727,0.95,0.568,0.865,0.85,0.646,,,1.218,"{""sst"": 0.1249, ""season"": 0.1375, ""tide"": 0.0213, ""moon"": 0.0391, ""pressure"": 0.0379, ""swell"": 0.0365}","front,chl",El Nino,1.39,49.7
2026-08-31,coronados,Coronado Islands,offshore,sheephead,California Sheephead,groundfish,62.8,68.3,-5.5,77.9,70.2,6.0 ft seas,True,74.39,2.892964285714285,5.9711288,10.6,4.808,0.8795682132236311,,1.0,1.0,0.693,0.88,0.85,0.605,,,1.0,"{""sst"": 0.1356, ""season"": 0.1205, ""tide"": 0.0709, ""moon"": 0.0123, ""pressure"": 0.0461, ""swell"": 0.0578}",chl,El Nino,1.39,58.2
2026-09-01,cortez_tanner,Cortez & Tanner Bank,offshore,dorado,Dorado (Mahi-Mahi),tuna,62.5,28.0,34.5,92.3,49.9,"6.2 ft seas, long-range run",True,70.25,1.9088514970059975,6.2335959999999995,14.7,4.742999999999999,0.7992843952573526,,0.571,1.0,0.806,0.9,0.6,0.669,,,1.35,"{""sst"": 0.0648, ""season"": 0.1499, ""tide"": 0.0129, ""moon"": 0.0318, ""pressure"": 0.0099, ""swell"": 0.0471}","front,chl",El Nino,1.39,100.0
2026-08-29,coronados,Coronado Islands,offshore,barracuda,California Barracuda,pelagic_inshore,62.3,67.9,-5.6,72.9,77.6,5.1 ft seas,True,75.65,4.2112905882353004,5.0524936,9.2,5.614999999999999,0.9807370357326118,,0.404,0.9,0.586,0.855,0.6,0.698,,,1.227,"{""sst"": -0.0745, ""season"": 0.1367, ""tide"": 0.0257, ""moon"": 0.0249, ""pressure"": 0.0127, ""swell"": 0.0466}","front,chl",El Nino,1.39,47.8
2026-08-31,coronados,Coronado Islands,offshore,bluefin_tuna,Pacific Bluefin Tuna,tuna,62.2,63.4,-1.2,77.2,70.2,6.0 ft seas,True,74.39,2.892964285714285,5.9711288,10.6,4.808,0.8795682132236311,,0.336,1.0,0.817,0.88,0.85,0.692,,,1.208,"{""sst"": -0.1173, ""season"": 0.1427, ""tide"": 0.0289, ""moon"": 0.0831, ""pressure"": 0.0312, ""swell"": 0.0764}","front,chl",El Nino,1.39,49.7
2026-09-01,coronados,Coronado Islands,offshore,rockfish,Rockfish Complex,groundfish,61.9,67.6,-5.7,71.1,80.2,workable,True,73.4,1.8559616766467144,4.7244095999999995,10.7,4.742999999999999,0.7992843952573526,,0.892,0.9,0.924,0.9,0.6,0.769,,,0.866,"{""sst"": 0.09, ""season"": 0.1045, ""tide"": 0.1092, ""moon"": 0.0131, ""pressure"": 0.0162, ""swell"": 0.1626}",chl,El Nino,1.39,32.8
2026-08-29,outer_banks,302 / 371 / Hidden Bank,offshore,bluefin_tuna,Pacific Bluefin Tuna,tuna,60.9,64.0,-3.1,78.1,66.2,5.6 ft seas,True,74.48,3.218167058823539,5.6430448,13.5,5.614999999999999,0.9807370357326118,,0.318,1.0,0.862,0.981,0.6,0.72,,,1.232,"{""sst"": -0.1332, ""season"": 0.1427, ""tide"": 0.032, ""moon"": 0.0991, ""pressure"": 0.0107, ""swell"": 0.0859}","front,chl",El Nino,1.39,49.7
2026-08-30,coronados,Coronado Islands,offshore,sheephead,California Sheephead,groundfish,60.4,68.4,-8.0,75.1,69.9,5.8 ft seas,True,74.75,3.291571597633137,5.8398952,12.3,5.138,0.9407239833834854,,1.0,1.0,0.568,0.865,0.85,0.618,,,1.0,"{""sst"": 0.1356, ""season"": 0.1205, ""tide"": 0.0278, ""moon"": 0.0119, ""pressure"": 0.0461, ""swell"": 0.0645}",chl,El Nino,1.39,55.7
2026-08-31,nine_mile,9-Mile Bank & 43-Fathom,offshore,rockfish,Rockfish Complex,groundfish,60.3,68.3,-8.0,65.0,88.9,6.0 ft seas,True,74.84,2.8878642857142864,5.9711288,10.4,4.808,0.8795682132236311,,1.0,0.95,0.949,0.88,0.85,0.651,,,0.792,"{""sst"": 0.1078, ""season"": 0.1141, ""tide"": 0.1139, ""moon"": 0.0126, ""pressure"": 0.0472, ""swell"": 0.1}",chl,El Nino,1.39,40.4
2026-08-30,coronados,Coronado Islands,offshore,bluefin_tuna,Pacific Bluefin Tuna,tuna,60.2,63.5,-3.3,74.8,69.9,5.8 ft seas,True,74.75,3.291571597633137,5.8398952,12.3,5.138,0.9407239833834854,,0.265,1.0,0.836,0.941,0.85,0.703,,,1.237,"{""sst"": -0.1867, ""season"": 0.1427, ""tide"": 0.0302, ""moon"": 0.0929, ""pressure"": 0.0312, ""swell"": 0.0802}","front,chl",El Nino,1.39,49.7
2026-09-01,outer_banks,302 / 371 / Hidden Bank,offshore,rockfish,Rockfish Complex,groundfish,58.9,67.6,-8.7,69.5,76.5,5.2 ft seas,True,73.4,2.0827293413173606,5.1837272,11.6,4.742999999999999,0.7992843952573526,,1.0,0.9,0.924,0.9,0.6,0.726,,,0.85,"{""sst"": 0.1078, ""season"": 0.1045, ""tide"": 0.1092, ""moon"": 0.0131, ""pressure"": 0.0162, ""swell"": 0.1407}",chl,El Nino,1.39,39.9
2026-08-31,outer_banks,302 / 371 / Hidden Bank,offshore,sheephead,California Sheephead,groundfish,58.5,68.3,-9.8,75.4,65.5,6.6 ft seas,True,73.67,2.4000107142857274,6.56168,11.9,4.808,0.8795682132236311,,1.0,1.0,0.693,0.88,0.85,0.544,,,1.0,"{""sst"": 0.1356, ""season"": 0.1205, ""tide"": 0.0709, ""moon"": 0.0123, ""pressure"": 0.0461, ""swell"": 0.0258}",chl,El Nino,1.39,72.1
2026-09-03,cortez_tanner,Cortez & Tanner Bank,offshore,bluefin_tuna,Pacific Bluefin Tuna,tuna,58.4,58.6,-0.2,91.8,43.9,"6.0 ft seas, long-range run",True,69.89,1.5440618181818166,6.036745600000001,16.6,4.669,0.5954232597505752,,1.0,0.95,0.788,0.595,1.0,0.686,,,1.111,"{""sst"": 0.2039, ""season"": 0.1321, ""tide"": 0.0268, ""moon"": 0.0257, ""pressure"": 0.0408, ""swell"": 0.0744}","front,chl",El Nino,1.39,85.2
2026-08-29,la_jolla,La Jolla Kelp & Canyon,nearshore,barracuda,California Barracuda,pelagic_inshore,58.3,67.5,-9.2,58.3,100.0,workable,True,76.91,4.614998823529405,4.265092,7.6,5.207000000000001,0.9807370357326118,,0.198,0.9,0.558,0.855,0.6,0.779,,,1.249,"{""sst"": -0.3231, ""season"": 0.1367, ""tide"": 0.0179, ""moon"": 0.0249, ""pressure"": 0.0127, ""swell"": 0.0618}","front,chl",El Nino,1.39,42.6
2026-08-31,la_jolla,La Jolla Kelp & Canyon,nearshore,rockfish,Rockfish Complex,groundfish,58.0,69.8,-11.8,58.8,97.8,workable,True,76.01,3.5813357142857285,4.7900263999999995,9.2,4.457,0.8795682132236311,,0.572,0.95,0.909,0.88,0.85,0.763,,,0.742,"{""sst"": 0.021, ""season"": 0.1141, ""tide"": 0.1062, ""moon"": 0.0126, ""pressure"": 0.0472, ""swell"": 0.1596}",chl,El Nino,1.39,0.0
2026-08-29,outer_banks,302 / 371 / Hidden Bank,offshore,sheephead,California Sheephead,groundfish,57.8,68.5,-10.7,74.0,66.2,5.6 ft seas,True,74.48,3.218167058823539,5.6430448,13.5,5.614999999999999,0.9807370357326118,,1.0,1.0,0.586,0.855,0.6,0.638,,,1.0,"{""sst"": 0.1356, ""season"": 0.1205, ""tide"": 0.0343, ""moon"": 0.0117, ""pressure"": 0.0159, ""swell"": 0.0742}",chl,El Nino,1.39,71.6
2026-08-30,outer_banks,302 / 371 / Hidden Bank,offshore,bluefin_tuna,Pacific Bluefin Tuna,tuna,57.3,64.0,-6.7,82.7,52.7,6.5 ft seas,True,73.67,2.4171337278106506,6.4960632,15.0,5.138,0.9407239833834854,,0.477,1.0,0.836,0.941,0.85,0.646,,,1.174,"{""sst"": -0.014, ""season"": 0.1427, ""tide"": 0.0302, ""moon"": 0.0929, ""pressure"": 0.0312, ""swell"": 0.0602}","front,chl",El Nino,1.39,32.5
2026-08-30,nine_mile,9-Mile Bank & 43-Fathom,offshore,bluefin_tuna,Pacific Bluefin Tuna,tuna,57.0,62.3,-5.3,63.0,85.5,5.8 ft seas,True,75.38,3.4917550295858035,5.8398952,12.9,5.138,0.9407239833834854,,0.142,1.0,0.836,0.941,0.85,0.703,,,1.251,"{""sst"": -0.3712, ""season"": 0.1427, ""tide"": 0.0302, ""moon"": 0.0929, ""pressure"": 0.0312, ""swell"": 0.0802}","front,chl",El Nino,1.39,28.7
2026-08-30,nine_mile,9-Mile Bank & 43-Fathom,offshore,rockfish,Rockfish Complex,groundfish,56.4,68.3,-11.9,62.3,85.5,5.8 ft seas,True,75.38,3.4917550295858035,5.8398952,12.9,5.138,0.9407239833834854,,1.0,0.95,0.99,0.865,0.85,0.664,,,0.749,"{""sst"": 0.1078, ""season"": 0.1141, ""tide"": 0.1215, ""moon"": 0.0122, ""pressure"": 0.0472, ""swell"": 0.1071}",chl,El Nino,1.39,35.0
2026-08-31,cortez_tanner,Cortez & Tanner Bank,offshore,yellowtail,California Yellowtail,pelagic,56.4,62.1,-5.7,96.2,33.2,"7.8 ft seas, long-range run",True,70.52,2.179071428571433,7.808399199999999,16.1,4.808,0.8795682132236311,,1.0,0.95,0.693,0.88,0.85,0.531,,,1.196,"{""sst"": 0.231, ""season"": 0.1375, ""tide"": 0.0544, ""moon"": 0.0404, ""pressure"": 0.0379, ""swell"": 0.0085}","front,chl",El Nino,1.39,65.3
2026-08-29,nine_mile,9-Mile Bank & 43-Fathom,offshore,rockfish,Rockfish Complex,groundfish,56.0,68.4,-12.4,57.8,95.3,5.1 ft seas,True,76.1,4.237231764705882,5.1181104,10.8,5.614999999999999,0.9807370357326118,,1.0,0.95,0.952,0.855,0.6,0.732,,,0.695,"{""sst"": 0.1078, ""season"": 0.1141, ""tide"": 0.1144, ""moon"": 0.0119, ""pressure"": 0.0162, ""swell"": 0.144}",chl,El Nino,1.39,34.2
2026-08-30,la_jolla,La Jolla Kelp & Canyon,nearshore,rockfish,Rockfish Complex,groundfish,55.9,69.8,-13.9,56.3,98.8,workable,True,76.37,4.02720710059171,4.6587928,9.2,4.744,0.9407239833834854,,0.528,0.95,0.946,0.865,0.85,0.775,,,0.71,"{""sst"": 0.0085, ""season"": 0.1141, ""tide"": 0.1134, ""moon"": 0.0122, ""pressure"": 0.0472, ""swell"": 0.1657}",chl,El Nino,1.39,0.0
2026-09-03,cortez_tanner,Cortez & Tanner Bank,offshore,dorado,Dorado (Mahi-Mahi),tuna,54.3,28.2,26.1,85.4,43.9,"6.0 ft seas, long-range run",True,69.89,1.5440618181818166,6.036745600000001,16.6,4.669,0.5954232597505752,,0.483,1.0,0.788,0.951,1.0,0.686,,,1.306,"{""sst"": -0.0168, ""season"": 0.1499, ""tide"": 0.0123, ""moon"": 0.0348, ""pressure"": 0.0375, ""swell"": 0.0513}","front,chl",El Nino,1.39,100.0
2026-08-31,cortez_tanner,Cortez & Tanner Bank,offshore,bluefin_tuna,Pacific Bluefin Tuna,tuna,54.2,58.7,-4.5,94.4,33.2,"7.8 ft seas, long-range run",True,70.52,2.179071428571433,7.808399199999999,16.1,4.808,0.8795682132236311,,1.0,1.0,0.817,0.88,0.85,0.531,,,1.157,"{""sst"": 0.2039, ""season"": 0.1427, ""tide"": 0.0289, ""moon"": 0.0831, ""pressure"": 0.0312, ""swell"": 0.0141}","front,chl",El Nino,1.39,60.9
2026-09-03,pt_loma_kelp,Point Loma Kelp,nearshore,california_halibut,California Halibut,flatfish,53.8,45.8,8.0,53.8,100.0,workable,True,72.32,0.12858545454544412,3.9370079999999996,10.7,4.669,0.5954232597505752,,0.294,0.65,0.679,0.555,1.0,0.732,,,0.993,"{""sst"": -0.1561, ""season"": 0.0552, ""tide"": 0.0774, ""moon"": 0.0055, ""pressure"": 0.0584, ""swell"": 0.0401}",chl,El Nino,1.39,15.3
2026-08-31,cortez_tanner,Cortez & Tanner Bank,offshore,dorado,Dorado (Mahi-Mahi),tuna,53.6,27.7,25.9,93.8,33.2,"7.8 ft seas, long-range run",True,70.52,2.179071428571433,7.808399199999999,16.1,4.808,0.8795682132236311,,0.637,0.95,0.817,0.88,0.85,0.531,,,1.35,"{""sst"": 0.1181, ""season"": 0.1388, ""tide"": 0.0133, ""moon"": 0.0306, ""pressure"": 0.0287, ""swell"": 0.0097}","front,chl",El Nino,1.39,100.0
2026-08-31,pt_loma_kelp,Point Loma Kelp,nearshore,rockfish,Rockfish Complex,groundfish,51.8,65.0,-13.2,54.3,92.9,5.4 ft seas,True,75.11,3.189439285714286,5.4461943999999995,9.5,4.808,0.8795682132236311,,0.314,0.95,0.949,0.88,0.85,0.701,,,0.77,"{""sst"": -0.0725, ""season"": 0.1141, ""tide"": 0.1139, ""moon"": 0.0126, ""pressure"": 0.0472, ""swell"": 0.1276}",chl,El Nino,1.39,0.0
2026-08-29,la_jolla,La Jolla Kelp & Canyon,nearshore,rockfish,Rockfish Complex,groundfish,51.6,69.8,-18.2,51.6,100.0,workable,True,76.91,4.614998823529405,4.265092,7.6,5.207000000000001,0.9807370357326118,,0.462,0.95,0.997,0.855,0.6,0.812,,,0.668,"{""sst"": -0.0123, ""season"": 0.1141, ""tide"": 0.1227, ""moon"": 0.0119, ""pressure"": 0.0162, ""swell"": 0.1833}",chl,El Nino,1.39,0.0
2026-09-02,pt_loma_kelp,Point Loma Kelp,nearshore,california_halibut,California Halibut,flatfish,51.5,46.4,5.1,51.5,100.0,workable,True,72.32,0.2232108433734794,4.1994752,10.2,4.6370000000000005,0.7031089426935717,,0.294,0.65,0.603,0.673,0.85,0.7,,,0.988,"{""sst"": -0.1561, ""season"": 0.0552, ""tide"": 0.0472, ""moon"": 0.0157, ""pressure"": 0.0447, ""swell"": 0.0354}",chl,El Nino,1.39,12.8
2026-08-31,outer_banks,302 / 371 / Hidden Bank,offshore,rockfish,Rockfish Complex,groundfish,50.9,68.3,-17.4,65.6,65.5,6.6 ft seas,True,73.67,2.4000107142857274,6.56168,11.9,4.808,0.8795682132236311,,1.0,0.95,0.949,0.88,0.85,0.596,,,0.827,"{""sst"": 0.1078, ""season"": 0.1141, ""tide"": 0.1139, ""moon"": 0.0126, ""pressure"": 0.0472, ""swell"": 0.0662}",chl,El Nino,1.39,27.3
2026-09-02,cortez_tanner,Cortez & Tanner Bank,offshore,rockfish,Rockfish Complex,groundfish,50.4,58.3,-7.9,71.8,54.1,"5.6 ft seas, long-range run",True,70.07,1.72867228915662,5.6430448,14.7,4.6370000000000005,0.7031089426935717,,1.0,0.9,0.897,0.924,0.85,0.682,,,0.876,"{""sst"": 0.1078, ""season"": 0.1045, ""tide"": 0.1039, ""moon"": 0.0137, ""pressure"": 0.0472, ""swell"": 0.1175}",chl,El Nino,1.39,60.1
2026-08-31,coronados,Coronado Islands,offshore,rockfish,Rockfish Complex,groundfish,50.3,68.3,-18.0,62.4,70.2,6.0 ft seas,True,74.39,2.892964285714285,5.9711288,10.6,4.808,0.8795682132236311,,0.771,0.95,0.949,0.88,0.85,0.651,,,0.792,"{""sst"": 0.0673, ""season"": 0.1141, ""tide"": 0.1139, ""moon"": 0.0126, ""pressure"": 0.0472, ""swell"": 0.1}",chl,El Nino,1.39,0.0
2026-08-30,outer_banks,302 / 371 / Hidden Bank,offshore,sheephead,California Sheephead,groundfish,50.2,68.4,-18.2,72.5,52.7,6.5 ft seas,True,73.67,2.4171337278106506,6.4960632,15.0,5.138,0.9407239833834854,,1.0,1.0,0.568,0.865,0.85,0.551,,,1.0,"{""sst"": 0.1356, ""season"": 0.1205, ""tide"": 0.0278, ""moon"": 0.0119, ""pressure"": 0.0461, ""swell"": 0.0295}",chl,El Nino,1.39,66.7
2026-09-02,mission_bay,Mission Bay,inshore,california_halibut,California Halibut,flatfish,50.2,43.3,6.9,50.2,100.0,workable,True,72.5,0.15733734939757937,4.0682416,10.2,4.6370000000000005,0.7031089426935717,,0.265,0.65,0.603,0.673,0.85,0.716,,,0.992,"{""sst"": -0.1871, ""season"": 0.0552, ""tide"": 0.0472, ""moon"": 0.0157, ""pressure"": 0.0447, ""swell"": 0.0378}",chl,El Nino,1.39,25.4
2026-08-30,cortez_tanner,Cortez & Tanner Bank,offshore,yellowfin_tuna,Yellowfin Tuna,tuna,49.8,52.5,-2.7,99.3,12.0,"21 kt wind, 7.9 ft seas, long-range run",True,70.52,2.1772970414201183,7.874015999999999,21.4,5.138,0.9407239833834854,,1.0,1.0,0.836,0.865,0.85,0.525,,,1.35,"{""sst"": 0.2997, ""season"": 0.1499, ""tide"": 0.0139, ""moon"": 0.0444, ""pressure"": 0.0287, ""swell"": 0.0093}","front,chl",El Nino,1.39,91.0
2026-08-30,pt_loma_kelp,Point Loma Kelp,nearshore,rockfish,Rockfish Complex,groundfish,49.5,65.1,-15.6,51.2,94.8,5.2 ft seas,True,75.56,3.6989147928994157,5.1837272,9.5,5.138,0.9407239833834854,,0.259,0.95,0.99,0.865,0.85,0.726,,,0.734,"{""sst"": -0.1025, ""season"": 0.1141, ""tide"": 0.1215, ""moon"": 0.0122, ""pressure"": 0.0472, ""swell"": 0.1407}",chl,El Nino,1.39,0.0
2026-08-29,cortez_tanner,Cortez & Tanner Bank,offshore,yellowfin_tuna,Yellowfin Tuna,tuna,49.5,52.4,-2.9,99.2,12.3,"22 kt wind, 7.6 ft seas, long-range run",True,70.97,2.6327964705882323,7.6115488,21.8,5.614999999999999,0.9807370357326118,,1.0,1.0,0.862,0.855,0.6,0.548,,,1.35,"{""sst"": 0.2997, ""season"": 0.1499, ""tide"": 0.0147, ""moon"": 0.0435, ""pressure"": 0.0099, ""swell"": 0.0174}","front,chl",El Nino,1.39,90.7
2026-08-29,coronados,Coronado Islands,offshore,bluefin_tuna,Pacific Bluefin Tuna,tuna,49.3,63.6,-14.3,57.7,77.6,5.1 ft seas,True,75.65,4.2112905882353004,5.0524936,9.2,5.614999999999999,0.9807370357326118,,0.089,1.0,0.862,0.981,0.6,0.772,,,1.303,"{""sst"": -0.509, ""season"": 0.1427, ""tide"": 0.032, ""moon"": 0.0991, ""pressure"": 0.0107, ""swell"": 0.1022}","front,chl",El Nino,1.39,15.0
2026-08-30,coronados,Coronado Islands,offshore,rockfish,Rockfish Complex,groundfish,48.6,68.3,-19.7,60.4,69.9,5.8 ft seas,True,74.75,3.291571597633137,5.8398952,12.3,5.138,0.9407239833834854,,0.727,0.95,0.99,0.865,0.85,0.664,,,0.763,"{""sst"": 0.0581, ""season"": 0.1141, ""tide"": 0.1215, ""moon"": 0.0122, ""pressure"": 0.0472, ""swell"": 0.1071}",chl,El Nino,1.39,0.0
2026-08-29,outer_banks,302 / 371 / Hidden Bank,offshore,rockfish,Rockfish Complex,groundfish,48.5,68.4,-19.9,62.2,66.2,5.6 ft seas,True,74.48,3.218167058823539,5.6430448,13.5,5.614999999999999,0.9807370357326118,,1.0,0.95,0.952,0.855,0.6,0.682,,,0.768,"{""sst"": 0.1078, ""season"": 0.1141, ""tide"": 0.1144, ""moon"": 0.0119, ""pressure"": 0.0162, ""swell"": 0.1175}",chl,El Nino,1.39,25.7
2026-09-03,mission_bay,Mission Bay,inshore,california_halibut,California Halibut,flatfish,46.5,42.6,3.9,46.5,100.0,workable,True,72.95,0.5233854545454477,3.8057744,10.7,4.669,0.5954232597505752,,0.191,0.65,0.679,0.555,1.0,0.748,,,0.972,"{""sst"": -0.2829, ""season"": 0.0552, ""tide"": 0.0774, ""moon"": 0.0055, ""pressure"": 0.0584, ""swell"": 0.0424}",chl,El Nino,1.39,19.7
2026-08-29,coronados,Coronado Islands,offshore,rockfish,Rockfish Complex,groundfish,46.0,68.4,-22.4,53.9,77.6,5.1 ft seas,True,75.65,4.2112905882353004,5.0524936,9.2,5.614999999999999,0.9807370357326118,,0.616,0.95,0.952,0.855,0.6,0.738,,,0.697,"{""sst"": 0.0325, ""season"": 0.1141, ""tide"": 0.1144, ""moon"": 0.0119, ""pressure"": 0.0162, ""swell"": 0.1471}",chl,El Nino,1.39,0.0
2026-08-30,outer_banks,302 / 371 / Hidden Bank,offshore,rockfish,Rockfish Complex,groundfish,45.9,68.3,-22.4,66.3,52.7,6.5 ft seas,True,73.67,2.4171337278106506,6.4960632,15.0,5.138,0.9407239833834854,,1.0,0.95,0.99,0.865,0.85,0.602,,,0.826,"{""sst"": 0.1078, ""season"": 0.1141, ""tide"": 0.1215, ""moon"": 0.0122, ""pressure"": 0.0472, ""swell"": 0.0701}",chl,El Nino,1.39,22.4
2026-09-03,sd_bay,San Diego Bay,inshore,california_halibut,California Halibut,flatfish,45.9,44.9,1.0,45.9,100.0,workable,True,72.95,0.8272690909090983,3.6089240000000005,10.7,4.669,0.5954232597505752,,0.191,0.65,0.679,0.555,1.0,0.772,,,0.955,"{""sst"": -0.2829, ""season"": 0.0552, ""tide"": 0.0774, ""moon"": 0.0055, ""pressure"": 0.0584, ""swell"": 0.0457}",chl,El Nino,1.39,19.4
2026-09-03,cortez_tanner,Cortez & Tanner Bank,offshore,rockfish,Rockfish Complex,groundfish,45.9,58.7,-12.8,72.2,43.9,"6.0 ft seas, long-range run",True,69.89,1.5440618181818166,6.036745600000001,16.6,4.669,0.5954232597505752,,1.0,0.9,0.884,0.951,1.0,0.645,,,0.889,"{""sst"": 0.1078, ""season"": 0.1045, ""tide"": 0.1012, ""moon"": 0.0143, ""pressure"": 0.0616, ""swell"": 0.0964}",chl,El Nino,1.39,56.3
2026-09-01,cortez_tanner,Cortez & Tanner Bank,offshore,rockfish,Rockfish Complex,groundfish,45.0,58.2,-13.2,66.7,49.9,"6.2 ft seas, long-range run",True,70.25,1.9088514970059975,6.2335959999999995,14.7,4.742999999999999,0.7992843952573526,,1.0,0.9,0.924,0.9,0.6,0.627,,,0.863,"{""sst"": 0.1078, ""season"": 0.1045, ""tide"": 0.1092, ""moon"": 0.0131, ""pressure"": 0.0162, ""swell"": 0.0853}",chl,El Nino,1.39,55.5
2026-08-29,pt_loma_kelp,Point Loma Kelp,nearshore,rockfish,Rockfish Complex,groundfish,44.6,65.2,-20.6,44.8,99.3,workable,True,76.19,4.361791764705885,4.593176,8.3,5.614999999999999,0.9807370357326118,,0.182,0.95,0.952,0.855,0.6,0.781,,,0.686,"{""sst"": -0.1576, ""season"": 0.1141, ""tide"": 0.1144, ""moon"": 0.0119, ""pressure"": 0.0162, ""swell"": 0.1687}",chl,El Nino,1.39,0.0
2026-08-29,cortez_tanner,Cortez & Tanner Bank,offshore,dorado,Dorado (Mahi-Mahi),tuna,43.4,27.5,15.9,96.7,12.3,"22 kt wind, 7.6 ft seas, long-range run",True,70.97,2.6327964705882323,7.6115488,21.8,5.614999999999999,0.9807370357326118,,0.748,0.95,0.862,0.855,0.6,0.548,,,1.35,"{""sst"": 0.1957, ""season"": 0.1388, ""tide"": 0.0147, ""moon"": 0.029, ""pressure"": 0.0099, ""swell"": 0.0149}","front,chl",El Nino,1.39,100.0
2026-08-29,cortez_tanner,Cortez & Tanner Bank,offshore,bluefin_tuna,Pacific Bluefin Tuna,tuna,42.6,58.5,-15.9,96.0,12.3,"22 kt wind, 7.6 ft seas, long-range run",True,70.97,2.6327964705882323,7.6115488,21.8,5.614999999999999,0.9807370357326118,,1.0,1.0,0.862,0.981,0.6,0.548,,,1.19,"{""sst"": 0.2039, ""season"": 0.1427, ""tide"": 0.032, ""moon"": 0.0991, ""pressure"": 0.0107, ""swell"": 0.0216}","front,chl",El Nino,1.39,42.6
2026-08-29,cortez_tanner,Cortez & Tanner Bank,offshore,yellowtail,California Yellowtail,pelagic,42.1,62.0,-19.9,95.5,12.3,"22 kt wind, 7.6 ft seas, long-range run",True,70.97,2.6327964705882323,7.6115488,21.8,5.614999999999999,0.9807370357326118,,1.0,0.95,0.586,0.855,0.6,0.548,,,1.237,"{""sst"": 0.231, ""season"": 0.1375, ""tide"": 0.0263, ""moon"": 0.0383, ""pressure"": 0.013, ""swell"": 0.0131}","front,chl",El Nino,1.39,50.3
2026-09-02,sd_bay,San Diego Bay,inshore,california_halibut,California Halibut,flatfish,41.4,45.6,-4.2,41.4,100.0,workable,True,73.13,1.1053518072288995,3.8057744,10.2,4.6370000000000005,0.7031089426935717,,0.162,0.65,0.603,0.673,0.85,0.748,,,0.94,"{""sst"": -0.332, ""season"": 0.0552, ""tide"": 0.0472, ""moon"": 0.0157, ""pressure"": 0.0447, ""swell"": 0.0424}",chl,El Nino,1.39,15.8
2026-09-03,pt_loma_kelp,Point Loma Kelp,nearshore,white_seabass,White Seabass,pelagic,41.4,39.9,1.5,41.4,100.0,workable,True,72.32,0.12858545454544412,3.9370079999999996,10.7,4.669,0.5954232597505752,,0.131,0.55,0.742,0.351,1.0,0.812,,,0.995,"{""sst"": -0.3202, ""season"": 0.0207, ""tide"": 0.0687, ""moon"": -0.0615, ""pressure"": 0.0452, ""swell"": 0.0633}","front,chl",El Nino,1.39,1.6
2026-08-30,cortez_tanner,Cortez & Tanner Bank,offshore,bluefin_tuna,Pacific Bluefin Tuna,tuna,41.3,58.5,-17.2,94.8,12.0,"21 kt wind, 7.9 ft seas, long-range run",True,70.52,2.1772970414201183,7.874015999999999,21.4,5.138,0.9407239833834854,,1.0,1.0,0.836,0.941,0.85,0.525,,,1.157,"{""sst"": 0.2039, ""season"": 0.1427, ""tide"": 0.0302, ""moon"": 0.0929, ""pressure"": 0.0312, ""swell"": 0.0115}","front,chl",El Nino,1.39,40.7
2026-08-30,cortez_tanner,Cortez & Tanner Bank,offshore,yellowtail,California Yellowtail,pelagic,41.1,62.0,-20.9,94.5,12.0,"21 kt wind, 7.9 ft seas, long-range run",True,70.52,2.1772970414201183,7.874015999999999,21.4,5.138,0.9407239833834854,,1.0,0.95,0.568,0.865,0.85,0.525,,,1.196,"{""sst"": 0.231, ""season"": 0.1375, ""tide"": 0.0213, ""moon"": 0.0391, ""pressure"": 0.0379, ""swell"": 0.007}","front,chl",El Nino,1.39,49.5
2026-08-30,cortez_tanner,Cortez & Tanner Bank,offshore,dorado,Dorado (Mahi-Mahi),tuna,40.5,27.7,12.8,93.7,12.0,"21 kt wind, 7.9 ft seas, long-range run",True,70.52,2.1772970414201183,7.874015999999999,21.4,5.138,0.9407239833834854,,0.637,0.95,0.836,0.865,0.85,0.525,,,1.35,"{""sst"": 0.1181, ""season"": 0.1388, ""tide"": 0.0139, ""moon"": 0.0296, ""pressure"": 0.0287, ""swell"": 0.0079}","front,chl",El Nino,1.39,100.0
2026-09-02,pt_loma_kelp,Point Loma Kelp,nearshore,white_seabass,White Seabass,pelagic,39.4,40.7,-1.3,39.4,100.0,workable,True,72.32,0.2232108433734794,4.1994752,10.2,4.6370000000000005,0.7031089426935717,,0.131,0.55,0.616,0.35,0.85,0.786,,,0.992,"{""sst"": -0.3202, ""season"": 0.0207, ""tide"": 0.0363, ""moon"": -0.0619, ""pressure"": 0.0346, ""swell"": 0.0589}","front,chl",El Nino,1.39,0.0
2026-08-29,nine_mile,9-Mile Bank & 43-Fathom,offshore,bluefin_tuna,Pacific Bluefin Tuna,tuna,36.1,62.4,-26.3,37.2,95.3,5.1 ft seas,True,76.1,4.237231764705882,5.1181104,10.8,5.614999999999999,0.9807370357326118,,0.02,1.0,0.862,0.981,0.6,0.766,,,1.305,"{""sst"": -0.9467, ""season"": 0.1427, ""tide"": 0.032, ""moon"": 0.0991, ""pressure"": 0.0107, ""swell"": 0.1005}","front,chl",El Nino,1.39,0.0
2026-08-31,cortez_tanner,Cortez & Tanner Bank,offshore,rockfish,Rockfish Complex,groundfish,34.8,58.7,-23.9,61.6,33.2,"7.8 ft seas, long-range run",True,70.52,2.179071428571433,7.808399199999999,16.1,4.808,0.8795682132236311,,1.0,0.95,0.949,0.88,0.85,0.478,,,0.843,"{""sst"": 0.1078, ""season"": 0.1141, ""tide"": 0.1139, ""moon"": 0.0126, ""pressure"": 0.0472, ""swell"": -0.0168}",chl,El Nino,1.39,42.9
2026-09-03,coronados,Coronado Islands,offshore,white_seabass,White Seabass,pelagic,34.0,43.8,-9.8,37.9,84.4,workable,True,72.5,0.8016436363636359,4.1994752,11.4,4.669,0.5954232597505752,,0.102,0.55,0.742,0.351,1.0,0.786,,,0.971,"{""sst"": -0.3809, ""season"": 0.0207, ""tide"": 0.0687, ""moon"": -0.0615, ""pressure"": 0.0452, ""swell"": 0.0589}","front,chl",El Nino,1.39,0.0
2026-09-01,sd_bay,San Diego Bay,inshore,california_halibut,California Halibut,flatfish,32.1,46.3,-14.2,32.1,100.0,workable,True,73.58,1.668179640718563,3.9370079999999996,10.4,4.742999999999999,0.7992843952573526,,0.089,0.65,0.557,0.779,0.6,0.732,,,0.91,"{""sst"": -0.51, ""season"": 0.0552, ""tide"": 0.0272, ""moon"": 0.0234, ""pressure"": 0.0154, ""swell"": 0.0401}",chl,El Nino,1.39,0.0
2026-09-02,coronados,Coronado Islands,offshore,white_seabass,White Seabass,pelagic,30.4,44.2,-13.8,34.5,81.8,workable,True,72.59,0.9617638554216938,4.5275592,10.7,4.6370000000000005,0.7031089426935717,,0.087,0.55,0.616,0.35,0.85,0.752,,,0.965,"{""sst"": -0.4183, ""season"": 0.0207, ""tide"": 0.0363, ""moon"": -0.0619, ""pressure"": 0.0346, ""swell"": 0.0532}","front,chl",El Nino,1.39,0.0
2026-09-01,pt_loma_kelp,Point Loma Kelp,nearshore,california_halibut,California Halibut,flatfish,28.1,47.2,-19.1,28.1,100.0,workable,True,73.76,1.773754491017968,4.4619424,10.4,4.742999999999999,0.7992843952573526,,0.059,0.65,0.557,0.779,0.6,0.668,,,0.904,"{""sst"": -0.6289, ""season"": 0.0552, ""tide"": 0.0272, ""moon"": 0.0234, ""pressure"": 0.0154, ""swell"": 0.0304}",chl,El Nino,1.39,0.0
2026-08-30,cortez_tanner,Cortez & Tanner Bank,offshore,rockfish,Rockfish Complex,groundfish,26.4,58.5,-32.1,61.7,12.0,"21 kt wind, 7.9 ft seas, long-range run",True,70.52,2.1772970414201183,7.874015999999999,21.4,5.138,0.9407239833834854,,1.0,0.95,0.99,0.865,0.85,0.472,,,0.843,"{""sst"": 0.1078, ""season"": 0.1141, ""tide"": 0.1215, ""moon"": 0.0122, ""pressure"": 0.0472, ""swell"": -0.0217}",chl,El Nino,1.39,17.5
2026-08-29,cortez_tanner,Cortez & Tanner Bank,offshore,rockfish,Rockfish Complex,groundfish,25.0,58.5,-33.5,58.2,12.3,"22 kt wind, 7.6 ft seas, long-range run",True,70.97,2.6327964705882323,7.6115488,21.8,5.614999999999999,0.9807370357326118,,1.0,0.95,0.952,0.855,0.6,0.497,,,0.81,"{""sst"": 0.1078, ""season"": 0.1141, ""tide"": 0.1144, ""moon"": 0.0119, ""pressure"": 0.0162, ""swell"": -0.0024}",chl,El Nino,1.39,6.6
2026-09-03,la_jolla,La Jolla Kelp & Canyon,nearshore,white_seabass,White Seabass,pelagic,24.9,33.8,-8.9,24.9,100.0,workable,True,74.48,1.7774727272727233,3.7401576,10.1,4.567,0.5954232597505752,,0.02,0.55,0.737,0.351,1.0,0.832,,,0.936,"{""sst"": -0.7697, ""season"": 0.0207, ""tide"": 0.0675, ""moon"": -0.0615, ""pressure"": 0.0452, ""swell"": 0.0665}","front,chl",El Nino,1.39,0.0
2026-09-02,la_jolla,La Jolla Kelp & Canyon,nearshore,white_seabass,White Seabass,pelagic,23.8,35.3,-11.5,23.8,100.0,workable,True,74.3,1.6910132530120308,3.8713911999999997,9.1,4.433,0.7031089426935717,,0.02,0.55,0.607,0.35,0.85,0.819,,,0.939,"{""sst"": -0.7697, ""season"": 0.0207, ""tide"": 0.0339, ""moon"": -0.0619, ""pressure"": 0.0346, ""swell"": 0.0644}","front,chl",El Nino,1.39,0.0
2026-09-03,surf_zone,Del Mar to Imperial Beach Surf,inshore,barred_surfperch,Barred Surfperch,surf,22.7,24.4,-1.7,22.7,100.0,workable,True,75.29,2.498640000000009,3.6089240000000005,9.2,4.567,0.5954232597505752,,0.02,0.45,0.699,0.951,1.0,0.772,,,0.775,"{""sst"": -0.7377, ""season"": -0.0263, ""tide"": 0.0697, ""moon"": 0.0268, ""pressure"": 0.0433, ""swell"": 0.0905}",chl,El Nino,1.39,0.0
2026-09-01,pt_loma_kelp,Point Loma Kelp,nearshore,white_seabass,White Seabass,pelagic,22.5,41.7,-19.2,22.5,100.0,workable,True,73.76,1.773754491017968,4.4619424,10.4,4.742999999999999,0.7992843952573526,,0.02,0.55,0.531,0.35,0.6,0.759,,,0.936,"{""sst"": -0.7697, ""season"": 0.0207, ""tide"": 0.0105, ""moon"": -0.062, ""pressure"": 0.0119, ""swell"": 0.0544}","front,chl",El Nino,1.39,0.0
2026-09-02,surf_zone,Del Mar to Imperial Beach Surf,inshore,barred_surfperch,Barred Surfperch,surf,22.4,24.4,-2.0,22.4,100.0,workable,True,74.93,2.2434939759036325,3.8057744,8.1,4.433,0.7031089426935717,,0.02,0.45,0.614,0.924,0.85,0.748,,,0.798,"{""sst"": -0.7377, ""season"": -0.0263, ""tide"": 0.0429, ""moon"": 0.0256, ""pressure"": 0.0332, ""swell"": 0.0839}",chl,El Nino,1.39,0.0
2026-08-31,la_jolla,La Jolla Kelp & Canyon,nearshore,white_seabass,White Seabass,pelagic,22.3,38.4,-16.1,22.6,97.8,workable,True,76.01,3.5813357142857285,4.7900263999999995,9.2,4.457,0.8795682132236311,,0.02,0.6,0.684,0.35,0.85,0.725,,,0.871,"{""sst"": -0.7697, ""season"": 0.0396, ""tide"": 0.0544, ""moon"": -0.062, ""pressure"": 0.0346, ""swell"": 0.0485}","front,chl",El Nino,1.39,0.0
2026-09-03,la_jolla,La Jolla Kelp & Canyon,nearshore,california_halibut,California Halibut,flatfish,22.2,42.5,-20.3,22.2,100.0,workable,True,74.48,1.7774727272727233,3.7401576,10.1,4.567,0.5954232597505752,,0.02,0.65,0.672,0.555,1.0,0.756,,,0.904,"{""sst"": -0.9487, ""season"": 0.0552, ""tide"": 0.0747, ""moon"": 0.0055, ""pressure"": 0.0584, ""swell"": 0.0435}",chl,El Nino,1.39,0.0
2026-09-01,la_jolla,La Jolla Kelp & Canyon,nearshore,white_seabass,White Seabass,pelagic,21.9,36.8,-14.9,21.9,100.0,workable,True,74.93,2.4259796407185803,4.0682416,9.8,4.44,0.7992843952573526,,0.02,0.55,0.515,0.35,0.6,0.799,,,0.913,"{""sst"": -0.7697, ""season"": 0.0207, ""tide"": 0.0051, ""moon"": -0.062, ""pressure"": 0.0119, ""swell"": 0.0611}","front,chl",El Nino,1.39,0.0
2026-08-31,pt_loma_kelp,Point Loma Kelp,nearshore,white_seabass,White Seabass,pelagic,21.7,43.0,-21.3,22.8,92.9,5.4 ft seas,True,75.11,3.189439285714286,5.4461943999999995,9.5,4.808,0.8795682132236311,,0.02,0.6,0.697,0.35,0.85,0.658,,,0.885,"{""sst"": -0.7697, ""season"": 0.0396, ""tide"": 0.0578, ""moon"": -0.062, ""pressure"": 0.0346, ""swell"": 0.0359}","front,chl",El Nino,1.39,0.0
2026-09-02,la_jolla,La Jolla Kelp & Canyon,nearshore,california_halibut,California Halibut,flatfish,21.5,43.2,-21.7,21.5,100.0,workable,True,74.3,1.6910132530120308,3.8713911999999997,9.1,4.433,0.7031089426935717,,0.02,0.65,0.589,0.673,0.85,0.74,,,0.909,"{""sst"": -0.9487, ""season"": 0.0552, ""tide"": 0.0416, ""moon"": 0.0157, ""pressure"": 0.0447, ""swell"": 0.0413}",chl,El Nino,1.39,0.0
2026-09-03,surf_zone,Del Mar to Imperial Beach Surf,inshore,california_halibut,California Halibut,flatfish,21.3,41.7,-20.4,21.3,100.0,workable,True,75.29,2.498640000000009,3.6089240000000005,9.2,4.567,0.5954232597505752,,0.02,0.65,0.672,0.555,1.0,0.772,,,0.865,"{""sst"": -0.9487, ""season"": 0.0552, ""tide"": 0.0747, ""moon"": 0.0055, ""pressure"": 0.0584, ""swell"": 0.0457}",chl,El Nino,1.39,0.0
2026-09-03,outer_banks,302 / 371 / Hidden Bank,offshore,white_seabass,White Seabass,pelagic,21.2,45.1,-23.9,24.5,79.4,workable,True,73.31,1.825450909090904,4.6587928,12.3,4.669,0.5954232597505752,,0.02,0.55,0.742,0.351,1.0,0.739,,,0.934,"{""sst"": -0.7697, ""season"": 0.0207, ""tide"": 0.0687, ""moon"": -0.0615, ""pressure"": 0.0452, ""swell"": 0.0509}","front,chl",El Nino,1.39,0.0
2026-09-02,surf_zone,Del Mar to Imperial Beach Surf,inshore,california_halibut,California Halibut,flatfish,20.8,42.6,-21.8,20.8,100.0,workable,True,74.93,2.2434939759036325,3.8057744,8.1,4.433,0.7031089426935717,,0.02,0.65,0.589,0.673,0.85,0.748,,,0.879,"{""sst"": -0.9487, ""season"": 0.0552, ""tide"": 0.0416, ""moon"": 0.0157, ""pressure"": 0.0447, ""swell"": 0.0424}",chl,El Nino,1.39,0.0
2026-08-31,sd_bay,San Diego Bay,inshore,california_halibut,California Halibut,flatfish,20.7,48.2,-27.5,21.0,97.8,workable,True,74.84,2.9911178571428536,4.7900263999999995,9.5,4.808,0.8795682132236311,,0.02,0.75,0.671,0.868,0.85,0.627,,,0.838,"{""sst"": -0.9487, ""season"": 0.0854, ""tide"": 0.0745, ""moon"": 0.029, ""pressure"": 0.0447, ""swell"": 0.0239}",chl,El Nino,1.39,0.0
2026-08-30,la_jolla,La Jolla Kelp & Canyon,nearshore,white_seabass,White Seabass,pelagic,20.7,39.4,-18.7,20.8,98.8,workable,True,76.37,4.02720710059171,4.6587928,9.2,4.744,0.9407239833834854,,0.02,0.6,0.467,0.35,0.85,0.739,,,0.855,"{""sst"": -0.7697, ""season"": 0.0396, ""tide"": -0.0119, ""moon"": -0.062, ""pressure"": 0.0346, ""swell"": 0.0509}","front,chl",El Nino,1.39,0.0
2026-08-30,pt_loma_kelp,Point Loma Kelp,nearshore,white_seabass,White Seabass,pelagic,20.4,43.4,-23.0,21.1,94.8,5.2 ft seas,True,75.56,3.6989147928994157,5.1837272,9.5,5.138,0.9407239833834854,,0.02,0.6,0.49,0.35,0.85,0.685,,,0.867,"{""sst"": -0.7697, ""season"": 0.0396, ""tide"": -0.0035, ""moon"": -0.062, ""pressure"": 0.0346, ""swell"": 0.0411}","front,chl",El Nino,1.39,0.0
2026-09-02,outer_banks,302 / 371 / Hidden Bank,offshore,white_seabass,White Seabass,pelagic,20.3,45.6,-25.3,23.5,79.1,workable,True,73.13,1.7277506024096425,4.8556432,11.5,4.6370000000000005,0.7031089426935717,,0.02,0.55,0.616,0.35,0.85,0.719,,,0.938,"{""sst"": -0.7697, ""season"": 0.0207, ""tide"": 0.0363, ""moon"": -0.0619, ""pressure"": 0.0346, ""swell"": 0.0473}","front,chl",El Nino,1.39,0.0
2026-08-31,surf_zone,Del Mar to Imperial Beach Surf,inshore,california_halibut,California Halibut,flatfish,20.2,45.4,-25.2,20.2,99.8,workable,True,76.01,3.5194392857142986,4.5275592,9.0,4.457,0.8795682132236311,,0.02,0.75,0.65,0.868,0.85,0.66,,,0.81,"{""sst"": -0.9487, ""season"": 0.0854, ""tide"": 0.0662, ""moon"": 0.029, ""pressure"": 0.0447, ""swell"": 0.0291}",chl,El Nino,1.39,0.0
2026-08-29,pt_loma_kelp,Point Loma Kelp,nearshore,white_seabass,White Seabass,pelagic,20.2,43.7,-23.5,20.3,99.3,workable,True,76.19,4.361791764705885,4.593176,8.3,5.614999999999999,0.9807370357326118,,0.02,0.6,0.493,0.35,0.6,0.745,,,0.843,"{""sst"": -0.7697, ""season"": 0.0396, ""tide"": -0.0025, ""moon"": -0.062, ""pressure"": 0.0119, ""swell"": 0.0521}","front,chl",El Nino,1.39,0.0
2026-09-01,mission_bay,Mission Bay,inshore,california_halibut,California Halibut,flatfish,20.2,44.0,-23.8,20.2,100.0,workable,True,74.21000000000001,1.962592814371277,4.265092,10.4,4.742999999999999,0.7992843952573526,,0.02,0.65,0.557,0.779,0.6,0.692,,,0.894,"{""sst"": -0.9487, ""season"": 0.0552, ""tide"": 0.0272, ""moon"": 0.0234, ""pressure"": 0.0154, ""swell"": 0.0342}",chl,El Nino,1.39,0.0
2026-08-29,la_jolla,La Jolla Kelp & Canyon,nearshore,white_seabass,White Seabass,pelagic,20.0,39.9,-19.9,20.0,100.0,workable,True,76.91,4.614998823529405,4.265092,7.6,5.207000000000001,0.9807370357326118,,0.02,0.6,0.469,0.35,0.6,0.779,,,0.834,"{""sst"": -0.7697, ""season"": 0.0396, ""tide"": -0.011, ""moon"": -0.062, ""pressure"": 0.0119, ""swell"": 0.0578}","front,chl",El Nino,1.39,0.0
2026-09-01,surf_zone,Del Mar to Imperial Beach Surf,inshore,barred_surfperch,Barred Surfperch,surf,19.9,24.5,-4.6,19.9,100.0,workable,True,75.47,2.894119760479043,3.8057744,9.1,4.44,0.7992843952573526,,0.02,0.45,0.558,0.9,0.6,0.748,,,0.74,"{""sst"": -0.7377, ""season"": -0.0263, ""tide"": 0.0229, ""moon"": 0.0245, ""pressure"": 0.0114, ""swell"": 0.0839}",chl,El Nino,1.39,0.0
2026-08-31,la_jolla,La Jolla Kelp & Canyon,nearshore,california_halibut,California Halibut,flatfish,19.8,45.9,-26.1,20.0,97.8,workable,True,76.01,3.5813357142857285,4.7900263999999995,9.2,4.457,0.8795682132236311,,0.02,0.75,0.65,0.868,0.85,0.627,,,0.807,"{""sst"": -0.9487, ""season"": 0.0854, ""tide"": 0.0662, ""moon"": 0.029, ""pressure"": 0.0447, ""swell"": 0.0239}",chl,El Nino,1.39,0.0
2026-09-01,la_jolla,La Jolla Kelp & Canyon,nearshore,california_halibut,California Halibut,flatfish,19.5,44.1,-24.6,19.5,100.0,workable,True,74.93,2.4259796407185803,4.0682416,9.8,4.44,0.7992843952573526,,0.02,0.65,0.535,0.779,0.6,0.716,,,0.869,"{""sst"": -0.9487, ""season"": 0.0552, ""tide"": 0.0173, ""moon"": 0.0234, ""pressure"": 0.0154, ""swell"": 0.0378}",chl,El Nino,1.39,0.0
2026-08-31,pt_loma_kelp,Point Loma Kelp,nearshore,california_halibut,California Halibut,flatfish,19.5,49.0,-29.5,20.4,92.9,5.4 ft seas,True,75.11,3.189439285714286,5.4461943999999995,9.5,4.808,0.8795682132236311,,0.02,0.75,0.671,0.868,0.85,0.547,,,0.828,"{""sst"": -0.9487, ""season"": 0.0854, ""tide"": 0.0745, ""moon"": 0.029, ""pressure"": 0.0447, ""swell"": 0.0094}",chl,El Nino,1.39,0.0
2026-09-01,coronados,Coronado Islands,offshore,white_seabass,White Seabass,pelagic,19.4,44.8,-25.4,22.3,80.2,workable,True,73.4,1.8559616766467144,4.7244095999999995,10.7,4.742999999999999,0.7992843952573526,,0.02,0.55,0.531,0.35,0.6,0.732,,,0.933,"{""sst"": -0.7697, ""season"": 0.0207, ""tide"": 0.0105, ""moon"": -0.062, ""pressure"": 0.0119, ""swell"": 0.0497}","front,chl",El Nino,1.39,0.0
2026-08-30,sd_bay,San Diego Bay,inshore,california_halibut,California Halibut,flatfish,19.3,48.6,-29.3,19.5,98.8,workable,True,75.28999999999999,3.4977088757396473,4.6587928,9.5,5.138,0.9407239833834854,,0.02,0.75,0.552,0.935,0.85,0.643,,,0.811,"{""sst"": -0.9487, ""season"": 0.0854, ""tide"": 0.0249, ""moon"": 0.0329, ""pressure"": 0.0447, ""swell"": 0.0265}",chl,El Nino,1.39,0.0
2026-08-31,mission_bay,Mission Bay,inshore,california_halibut,California Halibut,flatfish,19.3,45.9,-26.6,19.9,94.8,5.2 ft seas,True,75.83,3.6451392857142793,5.1837272,9.5,4.808,0.8795682132236311,,0.02,0.75,0.671,0.868,0.85,0.579,,,0.803,"{""sst"": -0.9487, ""season"": 0.0854, ""tide"": 0.0745, ""moon"": 0.029, ""pressure"": 0.0447, ""swell"": 0.0155}",chl,El Nino,1.39,0.0
2026-09-01,surf_zone,Del Mar to Imperial Beach Surf,inshore,california_halibut,California Halibut,flatfish,19.0,43.5,-24.5,19.0,100.0,workable,True,75.47,2.894119760479043,3.8057744,9.1,4.44,0.7992843952573526,,0.02,0.65,0.535,0.779,0.6,0.748,,,0.844,"{""sst"": -0.9487, ""season"": 0.0552, ""tide"": 0.0173, ""moon"": 0.0234, ""pressure"": 0.0154, ""swell"": 0.0424}",chl,El Nino,1.39,0.0
2026-09-01,outer_banks,302 / 371 / Hidden Bank,offshore,white_seabass,White Seabass,pelagic,18.6,46.1,-27.5,21.9,76.5,5.2 ft seas,True,73.4,2.0827293413173606,5.1837272,11.6,4.742999999999999,0.7992843952573526,,0.02,0.55,0.531,0.35,0.6,0.685,,,0.925,"{""sst"": -0.7697, ""season"": 0.0207, ""tide"": 0.0105, ""moon"": -0.062, ""pressure"": 0.0119, ""swell"": 0.0411}","front,chl",El Nino,1.39,0.0
2026-08-29,sd_bay,San Diego Bay,inshore,california_halibut,California Halibut,flatfish,18.6,48.8,-30.2,18.6,100.0,workable,True,75.83,4.066739999999996,4.1338584,8.5,5.614999999999999,0.9807370357326118,,0.02,0.75,0.573,0.979,0.6,0.708,,,0.78,"{""sst"": -0.9487, ""season"": 0.0854, ""tide"": 0.0343, ""moon"": 0.0354, ""pressure"": 0.0154, ""swell"": 0.0366}",chl,El Nino,1.39,0.0
2026-08-30,mission_bay,Mission Bay,inshore,california_halibut,California Halibut,flatfish,18.4,46.4,-28.0,18.8,96.3,workable,True,76.01,3.896456804733731,4.9868768,9.5,5.138,0.9407239833834854,,0.02,0.75,0.552,0.935,0.85,0.603,,,0.79,"{""sst"": -0.9487, ""season"": 0.0854, ""tide"": 0.0249, ""moon"": 0.0329, ""pressure"": 0.0447, ""swell"": 0.0198}",chl,El Nino,1.39,0.0
2026-08-30,la_jolla,La Jolla Kelp & Canyon,nearshore,california_halibut,California Halibut,flatfish,18.4,46.6,-28.2,18.5,98.8,workable,True,76.37,4.02720710059171,4.6587928,9.2,4.744,0.9407239833834854,,0.02,0.75,0.523,0.935,0.85,0.643,,,0.783,"{""sst"": -0.9487, ""season"": 0.0854, ""tide"": 0.0113, ""moon"": 0.0329, ""pressure"": 0.0447, ""swell"": 0.0265}",chl,El Nino,1.39,0.0
2026-08-31,coronados,Coronado Islands,offshore,white_seabass,White Seabass,pelagic,18.4,45.9,-27.5,22.8,70.2,6.0 ft seas,True,74.39,2.892964285714285,5.9711288,10.6,4.808,0.8795682132236311,,0.02,0.6,0.697,0.35,0.85,0.605,,,0.896,"{""sst"": -0.7697, ""season"": 0.0396, ""tide"": 0.0578, ""moon"": -0.062, ""pressure"": 0.0346, ""swell"": 0.0248}","front,chl",El Nino,1.39,0.0
2026-08-31,surf_zone,Del Mar to Imperial Beach Surf,inshore,barred_surfperch,Barred Surfperch,surf,18.4,23.8,-5.4,18.4,99.8,workable,True,76.01,3.5194392857142986,4.5275592,9.0,4.457,0.8795682132236311,,0.02,0.4,0.674,0.88,0.85,0.66,,,0.683,"{""sst"": -0.7377, ""season"": -0.0558, ""tide"": 0.0621, ""moon"": 0.0236, ""pressure"": 0.0332, ""swell"": 0.0577}",chl,El Nino,1.39,0.0
2026-08-30,pt_loma_kelp,Point Loma Kelp,nearshore,california_halibut,California Halibut,flatfish,18.4,49.3,-30.9,19.0,94.8,5.2 ft seas,True,75.56,3.6989147928994157,5.1837272,9.5,5.138,0.9407239833834854,,0.02,0.75,0.552,0.935,0.85,0.579,,,0.8,"{""sst"": -0.9487, ""season"": 0.0854, ""tide"": 0.0249, ""moon"": 0.0329, ""pressure"": 0.0447, ""swell"": 0.0155}",chl,El Nino,1.39,0.0
2026-08-30,surf_zone,Del Mar to Imperial Beach Surf,inshore,california_halibut,California Halibut,flatfish,18.4,46.1,-27.7,18.4,100.0,workable,True,76.55,4.151066272189354,4.4619424,8.9,4.744,0.9407239833834854,,0.02,0.75,0.523,0.935,0.85,0.668,,,0.776,"{""sst"": -0.9487, ""season"": 0.0854, ""tide"": 0.0113, ""moon"": 0.0329, ""pressure"": 0.0447, ""swell"": 0.0304}",chl,El Nino,1.39,0.0
2026-08-29,mission_bay,Mission Bay,inshore,california_halibut,California Halibut,flatfish,18.1,46.7,-28.6,18.1,100.0,workable,True,76.46000000000001,4.389024705882363,4.4619424,8.3,5.614999999999999,0.9807370357326118,,0.02,0.75,0.573,0.979,0.6,0.668,,,0.763,"{""sst"": -0.9487, ""season"": 0.0854, ""tide"": 0.0343, ""moon"": 0.0354, ""pressure"": 0.0154, ""swell"": 0.0304}",chl,El Nino,1.39,0.0
2026-08-29,pt_loma_kelp,Point Loma Kelp,nearshore,california_halibut,California Halibut,flatfish,18.0,49.6,-31.6,18.0,99.3,workable,True,76.19,4.361791764705885,4.593176,8.3,5.614999999999999,0.9807370357326118,,0.02,0.75,0.573,0.979,0.6,0.651,,,0.764,"{""sst"": -0.9487, ""season"": 0.0854, ""tide"": 0.0343, ""moon"": 0.0354, ""pressure"": 0.0154, ""swell"": 0.0279}",chl,El Nino,1.39,0.0
2026-08-31,outer_banks,302 / 371 / Hidden Bank,offshore,white_seabass,White Seabass,pelagic,17.8,47.2,-29.4,22.9,65.5,6.6 ft seas,True,73.67,2.4000107142857274,6.56168,11.9,4.808,0.8795682132236311,,0.02,0.6,0.697,0.35,0.85,0.544,,,0.914,"{""sst"": -0.7697, ""season"": 0.0396, ""tide"": 0.0578, ""moon"": -0.062, ""pressure"": 0.0346, ""swell"": 0.0111}","front,chl",El Nino,1.39,0.0
2026-08-29,la_jolla,La Jolla Kelp & Canyon,nearshore,california_halibut,California Halibut,flatfish,17.6,46.9,-29.3,17.6,100.0,workable,True,76.91,4.614998823529405,4.265092,7.6,5.207000000000001,0.9807370357326118,,0.02,0.75,0.543,0.979,0.6,0.692,,,0.751,"{""sst"": -0.9487, ""season"": 0.0854, ""tide"": 0.0207, ""moon"": 0.0354, ""pressure"": 0.0154, ""swell"": 0.0342}",chl,El Nino,1.39,0.0
2026-08-29,surf_zone,Del Mar to Imperial Beach Surf,inshore,california_halibut,California Halibut,flatfish,17.5,46.5,-29.0,17.5,100.0,workable,True,77.09,4.73086588235293,4.0682416,7.6,5.207000000000001,0.9807370357326118,,0.02,0.75,0.543,0.979,0.6,0.716,,,0.745,"{""sst"": -0.9487, ""season"": 0.0854, ""tide"": 0.0207, ""moon"": 0.0354, ""pressure"": 0.0154, ""swell"": 0.0378}",chl,El Nino,1.39,0.0
2026-08-29,coronados,Coronado Islands,offshore,white_seabass,White Seabass,pelagic,17.3,46.3,-29.0,20.3,77.6,5.1 ft seas,True,75.65,4.2112905882353004,5.0524936,9.2,5.614999999999999,0.9807370357326118,,0.02,0.6,0.493,0.35,0.6,0.698,,,0.848,"{""sst"": -0.7697, ""season"": 0.0396, ""tide"": -0.0025, ""moon"": -0.062, ""pressure"": 0.0119, ""swell"": 0.0436}","front,chl",El Nino,1.39,0.0
2026-08-30,coronados,Coronado Islands,offshore,white_seabass,White Seabass,pelagic,17.0,46.1,-29.1,21.2,69.9,5.8 ft seas,True,74.75,3.291571597633137,5.8398952,12.3,5.138,0.9407239833834854,,0.02,0.6,0.49,0.35,0.85,0.618,,,0.882,"{""sst"": -0.7697, ""season"": 0.0396, ""tide"": -0.0035, ""moon"": -0.062, ""pressure"": 0.0346, ""swell"": 0.0276}","front,chl",El Nino,1.39,0.0
2026-08-29,outer_banks,302 / 371 / Hidden Bank,offshore,white_seabass,White Seabass,pelagic,16.3,47.3,-31.0,20.9,66.2,5.6 ft seas,True,74.48,3.218167058823539,5.6430448,13.5,5.614999999999999,0.9807370357326118,,0.02,0.6,0.493,0.35,0.6,0.638,,,0.884,"{""sst"": -0.7697, ""season"": 0.0396, ""tide"": -0.0025, ""moon"": -0.062, ""pressure"": 0.0119, ""swell"": 0.0318}","front,chl",El Nino,1.39,0.0
2026-08-30,surf_zone,Del Mar to Imperial Beach Surf,inshore,barred_surfperch,Barred Surfperch,surf,16.2,23.8,-7.6,16.2,100.0,workable,True,76.55,4.151066272189354,4.4619424,8.9,4.744,0.9407239833834854,,0.02,0.4,0.542,0.865,0.85,0.668,,,0.626,"{""sst"": -0.7377, ""season"": -0.0558, ""tide"": 0.0167, ""moon"": 0.0228, ""pressure"": 0.0332, ""swell"": 0.0602}",chl,El Nino,1.39,0.0
2026-08-30,outer_banks,302 / 371 / Hidden Bank,offshore,white_seabass,White Seabass,pelagic,15.0,47.3,-32.3,21.6,52.7,6.5 ft seas,True,73.67,2.4171337278106506,6.4960632,15.0,5.138,0.9407239833834854,,0.02,0.6,0.49,0.35,0.85,0.551,,,0.913,"{""sst"": -0.7697, ""season"": 0.0396, ""tide"": -0.0035, ""moon"": -0.062, ""pressure"": 0.0346, ""swell"": 0.0127}","front,chl",El Nino,1.39,0.0
2026-08-29,surf_zone,Del Mar to Imperial Beach Surf,inshore,barred_surfperch,Barred Surfperch,surf,14.8,23.8,-9.0,14.8,100.0,workable,True,77.09,4.73086588235293,4.0682416,7.6,5.207000000000001,0.9807370357326118,,0.02,0.4,0.558,0.855,0.6,0.716,,,0.574,"{""sst"": -0.7377, ""season"": -0.0558, ""tide"": 0.0229, ""moon"": 0.0223, ""pressure"": 0.0114, ""swell"": 0.0748}",chl,El Nino,1.39,0.0
