date,zone_id,zone,band,species_id,species,group,score,seasonal_norm_score,vs_norm,core_score,fishability,access_note,is_forecast,sst_f,sst_anom_f,wave_ft,wind_kt,tide_range_ft,moon_illum,front_f_per_nm,term_sst,term_season,term_tide,term_moon,term_pressure,term_swell,term_front,term_chl,anomaly_term,contrib_json,missing_drivers,enso_regime,oni,annual_percentile
2026-09-25,coronados,Coronado Islands,offshore,calico_bass,Calico Bass (Kelp Bass),bass,90.7,68.4,22.3,97.2,81.8,workable,False,73.94,3.6770210526315594,4.1338584,12.7,,0.9834832009922474,,1.0,0.9,,0.854,,0.792,,,1.132,"{""sst"": 0.265, ""season"": 0.1902, ""moon"": 0.0472, ""swell"": 0.0948}","tide,pressure,chl",Strong El Nino,2.16,100.0
2026-09-25,coronados,Coronado Islands,offshore,rockfish,Rockfish Complex,groundfish,54.7,67.5,-12.8,62.0,81.8,workable,False,73.94,3.6770210526315594,4.1338584,12.7,,0.9834832009922474,,0.826,0.9,,0.854,,0.825,,,0.735,"{""sst"": 0.1064, ""season"": 0.1425, ""moon"": 0.0162, ""swell"": 0.2578}","tide,pressure,chl",Strong El Nino,2.16,0.0
2026-09-25,coronados,Coronado Islands,offshore,sheephead,California Sheephead,groundfish,78.2,67.6,10.6,88.7,81.8,workable,False,73.94,3.6770210526315594,4.1338584,12.7,,0.9834832009922474,,1.0,0.95,,0.854,,0.792,,,1.0,"{""sst"": 0.1949, ""season"": 0.1605, ""moon"": 0.0167, ""swell"": 0.2014}","tide,pressure,chl",Strong El Nino,2.16,100.0
2026-09-25,coronados,Coronado Islands,offshore,barracuda,California Barracuda,pelagic_inshore,80.3,67.0,13.3,91.0,81.8,workable,False,73.94,3.6770210526315594,4.1338584,12.7,,0.9834832009922474,,0.683,0.85,,0.854,,0.792,,,1.199,"{""sst"": 0.1419, ""season"": 0.1608, ""moon"": 0.0325, ""swell"": 0.0837}","tide,pressure,front,chl",Strong El Nino,2.16,100.0
2026-09-25,coronados,Coronado Islands,offshore,bonito,Pacific Bonito,pelagic_inshore,98.8,68.4,30.4,99.7,81.8,workable,False,73.94,3.6770210526315594,4.1338584,12.7,,0.9834832009922474,,1.0,0.95,,0.854,,0.853,,,1.331,"{""sst"": 0.3249, ""season"": 0.1805, ""moon"": 0.0167, ""swell"": 0.1167}","tide,pressure,front,chl",Strong El Nino,2.16,100.0
2026-09-25,coronados,Coronado Islands,offshore,yellowtail,California Yellowtail,pelagic,92.0,67.1,24.9,97.7,81.8,workable,False,73.94,3.6770210526315594,4.1338584,12.7,,0.9834832009922474,,0.683,0.9,,0.854,,0.853,,,1.331,"{""sst"": 0.1365, ""season"": 0.1653, ""moon"": 0.0502, ""swell"": 0.1001}","tide,pressure,front,chl",Strong El Nino,2.16,100.0
2026-09-25,coronados,Coronado Islands,offshore,white_seabass,White Seabass,pelagic,14.3,51.0,-36.7,16.2,81.8,workable,False,73.94,3.6770210526315594,4.1338584,12.7,,0.9834832009922474,,0.02,0.55,,0.351,,0.792,,,0.868,"{""sst"": -1.0116, ""season"": 0.0272, ""moon"": -0.0812, ""swell"": 0.0789}","tide,pressure,front,chl",Strong El Nino,2.16,0.0
2026-09-25,coronados,Coronado Islands,offshore,bluefin_tuna,Pacific Bluefin Tuna,tuna,79.1,64.1,15.0,89.7,81.8,workable,False,73.94,3.6770210526315594,4.1338584,12.7,,0.9834832009922474,,0.424,0.95,,0.983,,0.853,,,1.265,"{""sst"": -0.0551, ""season"": 0.1498, ""moon"": 0.1127, ""swell"": 0.1423}","tide,pressure,front,chl",Strong El Nino,2.16,100.0
2026-09-25,coronados,Coronado Islands,offshore,yellowfin_tuna,Yellowfin Tuna,tuna,99.1,68.1,31.0,99.8,81.8,workable,False,73.94,3.6770210526315594,4.1338584,12.7,,0.9834832009922474,,1.0,1.0,,0.854,,0.853,,,1.35,"{""sst"": 0.3262, ""season"": 0.1631, ""moon"": 0.0472, ""swell"": 0.1099}","tide,pressure,front,chl",Strong El Nino,2.16,100.0
2026-09-25,coronados,Coronado Islands,offshore,dorado,Dorado (Mahi-Mahi),tuna,99.2,56.5,42.7,99.8,81.8,workable,False,73.94,3.6770210526315594,4.1338584,12.7,,0.9834832009922474,,1.0,1.0,,0.854,,0.853,,,1.35,"{""sst"": 0.367, ""season"": 0.1631, ""moon"": 0.0315, ""swell"": 0.0942}","tide,pressure,front,chl",Strong El Nino,2.16,100.0
2026-09-26,coronados,Coronado Islands,offshore,calico_bass,Calico Bass (Kelp Bass),bass,88.3,68.4,19.9,96.5,81.2,workable,False,74.3,4.0829023255813865,4.593176,10.7,,0.9995517538836435,,0.951,0.9,,0.85,0.85,0.745,,,1.147,"{""sst"": 0.2199, ""season"": 0.1701, ""moon"": 0.0419, ""pressure"": 0.0559, ""swell"": 0.0735}","tide,chl",Strong El Nino,2.16,100.0
2026-09-26,coronados,Coronado Islands,offshore,rockfish,Rockfish Complex,groundfish,50.5,67.5,-17.0,57.5,81.2,workable,False,74.3,4.0829023255813865,4.593176,10.7,,0.9995517538836435,,0.782,0.9,,0.85,0.85,0.781,,,0.706,"{""sst"": 0.0845, ""season"": 0.1271, ""moon"": 0.0143, ""pressure"": 0.0574, ""swell"": 0.2051}","tide,chl",Strong El Nino,2.16,0.0
2026-09-26,coronados,Coronado Islands,offshore,sheephead,California Sheephead,groundfish,75.7,67.6,8.1,86.2,81.2,workable,False,74.3,4.0829023255813865,4.593176,10.7,,0.9995517538836435,,1.0,0.95,,0.85,0.85,0.745,,,1.0,"{""sst"": 0.1733, ""season"": 0.1426, ""moon"": 0.0147, ""pressure"": 0.059, ""swell"": 0.1552}","tide,chl",Strong El Nino,2.16,100.0
2026-09-26,coronados,Coronado Islands,offshore,barracuda,California Barracuda,pelagic_inshore,78.4,67.0,11.4,89.2,81.2,workable,False,74.3,4.0829023255813865,4.593176,10.7,,0.9995517538836435,,0.624,0.85,,0.85,0.85,0.745,,,1.22,"{""sst"": 0.0925, ""season"": 0.1474, ""moon"": 0.0295, ""pressure"": 0.0442, ""swell"": 0.0665}","tide,front,chl",Strong El Nino,2.16,100.0
2026-09-26,coronados,Coronado Islands,offshore,bonito,Pacific Bonito,pelagic_inshore,98.3,68.4,29.9,99.6,81.2,workable,False,74.3,4.0829023255813865,4.593176,10.7,,0.9995517538836435,,0.951,0.95,,0.85,0.85,0.812,,,1.35,"{""sst"": 0.2755, ""season"": 0.165, ""moon"": 0.0152, ""pressure"": 0.0455, ""swell"": 0.0971}","tide,front,chl",Strong El Nino,2.16,100.0
2026-09-26,coronados,Coronado Islands,offshore,yellowtail,California Yellowtail,pelagic,89.7,67.1,22.6,97.0,81.2,workable,False,74.3,4.0829023255813865,4.593176,10.7,,0.9995517538836435,,0.624,0.9,,0.85,0.85,0.812,,,1.35,"{""sst"": 0.0888, ""season"": 0.1511, ""moon"": 0.0455, ""pressure"": 0.0455, ""swell"": 0.0832}","tide,front,chl",Strong El Nino,2.16,100.0
2026-09-26,coronados,Coronado Islands,offshore,white_seabass,White Seabass,pelagic,15.6,51.2,-35.6,17.7,81.2,workable,False,74.3,4.0829023255813865,4.593176,10.7,,0.9995517538836435,,0.02,0.55,,0.35,0.85,0.745,,,0.853,"{""sst"": -0.9318, ""season"": 0.0251, ""moon"": -0.075, ""pressure"": 0.0419, ""swell"": 0.063}","tide,front,chl",Strong El Nino,2.16,0.0
2026-09-26,coronados,Coronado Islands,offshore,bluefin_tuna,Pacific Bluefin Tuna,tuna,76.3,64.1,12.2,86.9,81.2,workable,False,74.3,4.0829023255813865,4.593176,10.7,,0.9995517538836435,,0.353,0.95,,1.0,0.85,0.812,,,1.294,"{""sst"": -0.1086, ""season"": 0.1404, ""moon"": 0.1082, ""pressure"": 0.0332, ""swell"": 0.1213}","tide,front,chl",Strong El Nino,2.16,100.0
2026-09-26,coronados,Coronado Islands,offshore,yellowfin_tuna,Yellowfin Tuna,tuna,98.8,68.1,30.7,99.7,81.2,workable,False,74.3,4.0829023255813865,4.593176,10.7,,0.9995517538836435,,1.0,1.0,,0.85,0.85,0.812,,,1.35,"{""sst"": 0.3081, ""season"": 0.154, ""moon"": 0.0442, ""pressure"": 0.0295, ""swell"": 0.0944}","tide,front,chl",Strong El Nino,2.16,100.0
2026-09-26,coronados,Coronado Islands,offshore,dorado,Dorado (Mahi-Mahi),tuna,98.9,56.1,42.8,99.8,81.2,workable,False,74.3,4.0829023255813865,4.593176,10.7,,0.9995517538836435,,1.0,1.0,,0.85,0.85,0.812,,,1.35,"{""sst"": 0.3466, ""season"": 0.154, ""moon"": 0.0295, ""pressure"": 0.0295, ""swell"": 0.0809}","tide,front,chl",Strong El Nino,2.16,100.0
2026-09-27,coronados,Coronado Islands,offshore,calico_bass,Calico Bass (Kelp Bass),bass,81.2,68.3,12.9,94.5,76.5,5.2 ft seas,False,72.725,2.554782658959539,5.1837272,10.1,,0.9921059368700724,,1.0,0.9,,0.852,0.85,0.685,,,1.092,"{""sst"": 0.2371, ""season"": 0.1701, ""moon"": 0.0421, ""pressure"": 0.0559, ""swell"": 0.058}","tide,chl",Strong El Nino,2.16,100.0
2026-09-27,coronados,Coronado Islands,offshore,rockfish,Rockfish Complex,groundfish,56.8,67.4,-10.6,67.0,76.5,5.2 ft seas,False,72.725,2.554782658959539,5.1837272,10.1,,0.9921059368700724,,0.975,0.9,,0.852,0.85,0.726,,,0.816,"{""sst"": 0.1263, ""season"": 0.1271, ""moon"": 0.0144, ""pressure"": 0.0574, ""swell"": 0.1712}","tide,chl",Strong El Nino,2.16,0.0
2026-09-27,coronados,Coronado Islands,offshore,sheephead,California Sheephead,groundfish,70.7,67.5,3.2,83.4,76.5,5.2 ft seas,False,72.725,2.554782658959539,5.1837272,10.1,,0.9921059368700724,,1.0,0.95,,0.852,0.85,0.685,,,1.0,"{""sst"": 0.1733, ""season"": 0.1426, ""moon"": 0.0148, ""pressure"": 0.059, ""swell"": 0.1224}","tide,chl",Strong El Nino,2.16,100.0
2026-09-27,coronados,Coronado Islands,offshore,barracuda,California Barracuda,pelagic_inshore,80.3,67.0,13.3,93.8,76.5,5.2 ft seas,False,72.725,2.554782658959539,5.1837272,10.1,,0.9921059368700724,,0.882,0.85,,0.852,0.85,0.685,,,1.138,"{""sst"": 0.2363, ""season"": 0.1474, ""moon"": 0.0296, ""pressure"": 0.0442, ""swell"": 0.0525}","tide,front,chl",Strong El Nino,2.16,100.0
2026-09-27,coronados,Coronado Islands,offshore,bonito,Pacific Bonito,pelagic_inshore,94.3,68.4,25.9,99.0,76.5,5.2 ft seas,False,72.725,2.554782658959539,5.1837272,10.1,,0.9921059368700724,,1.0,0.95,,0.852,0.85,0.761,,,1.23,"{""sst"": 0.2971, ""season"": 0.165, ""moon"": 0.0152, ""pressure"": 0.0455, ""swell"": 0.0839}","tide,front,chl",Strong El Nino,2.16,100.0
2026-09-27,coronados,Coronado Islands,offshore,yellowtail,California Yellowtail,pelagic,89.5,67.1,22.4,97.9,76.5,5.2 ft seas,False,72.725,2.554782658959539,5.1837272,10.1,,0.9921059368700724,,0.882,0.9,,0.852,0.85,0.761,,,1.23,"{""sst"": 0.2268, ""season"": 0.1511, ""moon"": 0.0457, ""pressure"": 0.0455, ""swell"": 0.0719}","tide,front,chl",Strong El Nino,2.16,100.0
2026-09-27,coronados,Coronado Islands,offshore,white_seabass,White Seabass,pelagic,22.2,51.4,-29.2,26.2,76.5,5.2 ft seas,False,72.725,2.554782658959539,5.1837272,10.1,,0.9921059368700724,,0.065,0.55,,0.35,0.85,0.685,,,0.908,"{""sst"": -0.591, ""season"": 0.0251, ""moon"": -0.0751, ""pressure"": 0.0419, ""swell"": 0.0497}","tide,front,chl",Strong El Nino,2.16,0.0
2026-09-27,coronados,Coronado Islands,offshore,bluefin_tuna,Pacific Bluefin Tuna,tuna,80.5,64.1,16.4,93.9,76.5,5.2 ft seas,False,72.725,2.554782658959539,5.1837272,10.1,,0.9921059368700724,,0.662,0.95,,0.992,0.85,0.761,,,1.184,"{""sst"": 0.0877, ""season"": 0.1404, ""moon"": 0.1071, ""pressure"": 0.0332, ""swell"": 0.1049}","tide,front,chl",Strong El Nino,2.16,100.0
2026-09-27,coronados,Coronado Islands,offshore,yellowfin_tuna,Yellowfin Tuna,tuna,98.0,68.1,29.9,99.7,76.5,5.2 ft seas,False,72.725,2.554782658959539,5.1837272,10.1,,0.9921059368700724,,1.0,1.0,,0.852,0.85,0.761,,,1.35,"{""sst"": 0.3081, ""season"": 0.154, ""moon"": 0.0444, ""pressure"": 0.0295, ""swell"": 0.0816}","tide,front,chl",Strong El Nino,2.16,100.0
2026-09-27,coronados,Coronado Islands,offshore,dorado,Dorado (Mahi-Mahi),tuna,98.2,55.6,42.6,99.7,76.5,5.2 ft seas,False,72.725,2.554782658959539,5.1837272,10.1,,0.9921059368700724,,1.0,1.0,,0.852,0.85,0.761,,,1.35,"{""sst"": 0.3466, ""season"": 0.154, ""moon"": 0.0296, ""pressure"": 0.0295, ""swell"": 0.0699}","tide,front,chl",Strong El Nino,2.16,100.0
2026-09-28,coronados,Coronado Islands,offshore,calico_bass,Calico Bass (Kelp Bass),bass,62.5,68.3,-5.8,94.3,46.6,5.8 ft seas,False,72.5666,2.4525206896551737,5.7742784,17.7,,0.9600738604541995,,1.0,0.9,,0.86,1.0,0.625,,,1.088,"{""sst"": 0.2371, ""season"": 0.1701, ""moon"": 0.0428, ""pressure"": 0.073, ""swell"": 0.041}","tide,chl",Strong El Nino,2.16,49.2
2026-09-28,coronados,Coronado Islands,offshore,rockfish,Rockfish Complex,groundfish,43.5,67.3,-23.8,66.6,46.6,5.8 ft seas,False,72.5666,2.4525206896551737,5.7742784,17.7,,0.9600738604541995,,0.994,0.9,,0.86,1.0,0.67,,,0.823,"{""sst"": 0.13, ""season"": 0.1271, ""moon"": 0.0147, ""pressure"": 0.0749, ""swell"": 0.1345}","tide,chl",Strong El Nino,2.16,0.0
2026-09-28,coronados,Coronado Islands,offshore,sheephead,California Sheephead,groundfish,53.5,67.5,-14.0,82.0,46.6,5.8 ft seas,False,72.5666,2.4525206896551737,5.7742784,17.7,,0.9600738604541995,,1.0,0.95,,0.86,1.0,0.625,,,1.0,"{""sst"": 0.1733, ""season"": 0.1426, ""moon"": 0.0151, ""pressure"": 0.077, ""swell"": 0.0866}","tide,chl",Strong El Nino,2.16,49.7
2026-09-28,coronados,Coronado Islands,offshore,barracuda,California Barracuda,pelagic_inshore,62.2,67.0,-4.8,94.1,46.6,5.8 ft seas,False,72.5666,2.4525206896551737,5.7742784,17.7,,0.9600738604541995,,0.907,0.85,,0.86,1.0,0.625,,,1.132,"{""sst"": 0.2483, ""season"": 0.1474, ""moon"": 0.0301, ""pressure"": 0.0578, ""swell"": 0.0371}","tide,front,chl",Strong El Nino,2.16,47.8
2026-09-28,coronados,Coronado Islands,offshore,bonito,Pacific Bonito,pelagic_inshore,73.1,68.4,4.7,98.9,46.6,5.8 ft seas,False,72.5666,2.4525206896551737,5.7742784,17.7,,0.9600738604541995,,1.0,0.95,,0.86,1.0,0.709,,,1.221,"{""sst"": 0.2971, ""season"": 0.165, ""moon"": 0.0155, ""pressure"": 0.0594, ""swell"": 0.0698}","tide,front,chl",Strong El Nino,2.16,100.0
2026-09-28,coronados,Coronado Islands,offshore,yellowtail,California Yellowtail,pelagic,69.5,67.1,2.4,98.1,46.6,5.8 ft seas,False,72.5666,2.4525206896551737,5.7742784,17.7,,0.9600738604541995,,0.907,0.9,,0.86,1.0,0.709,,,1.221,"{""sst"": 0.2384, ""season"": 0.1511, ""moon"": 0.0465, ""pressure"": 0.0594, ""swell"": 0.0599}","tide,front,chl",Strong El Nino,2.16,100.0
2026-09-28,coronados,Coronado Islands,offshore,white_seabass,White Seabass,pelagic,18.9,51.6,-32.7,29.0,46.6,5.8 ft seas,False,72.5666,2.4525206896551737,5.7742784,17.7,,0.9600738604541995,,0.091,0.55,,0.35,1.0,0.625,,,0.912,"{""sst"": -0.4939, ""season"": 0.0251, ""moon"": -0.0751, ""pressure"": 0.0547, ""swell"": 0.0351}","tide,front,chl",Strong El Nino,2.16,0.0
2026-09-28,coronados,Coronado Islands,offshore,bluefin_tuna,Pacific Bluefin Tuna,tuna,61.8,64.1,-2.3,93.7,46.6,5.8 ft seas,False,72.5666,2.4525206896551737,5.7742784,17.7,,0.9600738604541995,,0.693,0.95,,0.96,1.0,0.709,,,1.177,"{""sst"": 0.102, ""season"": 0.1404, ""moon"": 0.1019, ""pressure"": 0.0433, ""swell"": 0.0873}","tide,front,chl",Strong El Nino,2.16,49.7
2026-09-28,coronados,Coronado Islands,offshore,yellowfin_tuna,Yellowfin Tuna,tuna,81.4,68.0,13.4,99.7,46.6,5.8 ft seas,False,72.5666,2.4525206896551737,5.7742784,17.7,,0.9600738604541995,,1.0,1.0,,0.86,1.0,0.709,,,1.35,"{""sst"": 0.3081, ""season"": 0.154, ""moon"": 0.0452, ""pressure"": 0.0385, ""swell"": 0.0679}","tide,front,chl",Strong El Nino,2.16,100.0
2026-09-28,coronados,Coronado Islands,offshore,dorado,Dorado (Mahi-Mahi),tuna,82.6,55.1,27.5,99.7,46.6,5.8 ft seas,False,72.5666,2.4525206896551737,5.7742784,17.7,,0.9600738604541995,,1.0,1.0,,0.86,1.0,0.709,,,1.35,"{""sst"": 0.3466, ""season"": 0.154, ""moon"": 0.0301, ""pressure"": 0.0385, ""swell"": 0.0582}","tide,front,chl",Strong El Nino,2.16,100.0
2026-09-29,coronados,Coronado Islands,offshore,calico_bass,Calico Bass (Kelp Bass),bass,75.0,68.3,6.7,93.7,68.1,6.2 ft seas,False,72.5774,2.532671999999991,6.2335959999999995,10.1,,0.9040301216596538,,1.0,0.9,,0.874,1.0,0.578,,,1.091,"{""sst"": 0.2371, ""season"": 0.1701, ""moon"": 0.0441, ""pressure"": 0.073, ""swell"": 0.0266}","tide,chl",Strong El Nino,2.16,100.0
2026-09-29,coronados,Coronado Islands,offshore,rockfish,Rockfish Complex,groundfish,50.8,67.3,-16.5,64.2,68.1,6.2 ft seas,False,72.5774,2.532671999999991,6.2335959999999995,10.1,,0.9040301216596538,,0.993,0.9,,0.874,1.0,0.627,,,0.818,"{""sst"": 0.1297, ""season"": 0.1271, ""moon"": 0.0151, ""pressure"": 0.0749, ""swell"": 0.1038}","tide,chl",Strong El Nino,2.16,0.0
2026-09-29,coronados,Coronado Islands,offshore,sheephead,California Sheephead,groundfish,63.1,67.4,-4.3,79.6,68.1,6.2 ft seas,False,72.5774,2.532671999999991,6.2335959999999995,10.1,,0.9040301216596538,,1.0,0.95,,0.874,1.0,0.578,,,1.0,"{""sst"": 0.1733, ""season"": 0.1426, ""moon"": 0.0155, ""pressure"": 0.077, ""swell"": 0.0562}","tide,chl",Strong El Nino,2.16,58.5
2026-09-29,coronados,Coronado Islands,offshore,barracuda,California Barracuda,pelagic_inshore,74.9,67.0,7.9,93.6,68.1,6.2 ft seas,False,72.5774,2.532671999999991,6.2335959999999995,10.1,,0.9040301216596538,,0.906,0.85,,0.874,1.0,0.578,,,1.137,"{""sst"": 0.2475, ""season"": 0.1474, ""moon"": 0.031, ""pressure"": 0.0578, ""swell"": 0.0241}","tide,front,chl",Strong El Nino,2.16,100.0
2026-09-29,coronados,Coronado Islands,offshore,bonito,Pacific Bonito,pelagic_inshore,88.3,68.4,19.9,98.8,68.1,6.2 ft seas,False,72.5774,2.532671999999991,6.2335959999999995,10.1,,0.9040301216596538,,1.0,0.95,,0.874,1.0,0.669,,,1.228,"{""sst"": 0.2971, ""season"": 0.165, ""moon"": 0.016, ""pressure"": 0.0594, ""swell"": 0.0582}","tide,front,chl",Strong El Nino,2.16,100.0
2026-09-29,coronados,Coronado Islands,offshore,yellowtail,California Yellowtail,pelagic,84.0,67.1,16.9,98.0,68.1,6.2 ft seas,False,72.5774,2.532671999999991,6.2335959999999995,10.1,,0.9040301216596538,,0.906,0.9,,0.874,1.0,0.669,,,1.228,"{""sst"": 0.2376, ""season"": 0.1511, ""moon"": 0.0479, ""pressure"": 0.0594, ""swell"": 0.0498}","tide,front,chl",Strong El Nino,2.16,100.0
2026-09-29,coronados,Coronado Islands,offshore,white_seabass,White Seabass,pelagic,22.5,51.8,-29.3,28.3,68.1,6.2 ft seas,False,72.5774,2.532671999999991,6.2335959999999995,10.1,,0.9040301216596538,,0.089,0.55,,0.35,1.0,0.578,,,0.909,"{""sst"": -0.4995, ""season"": 0.0251, ""moon"": -0.0751, ""pressure"": 0.0547, ""swell"": 0.0228}","tide,front,chl",Strong El Nino,2.16,0.0
2026-09-29,coronados,Coronado Islands,offshore,bluefin_tuna,Pacific Bluefin Tuna,tuna,73.5,64.0,9.5,92.4,68.1,6.2 ft seas,False,72.5774,2.532671999999991,6.2335959999999995,10.1,,0.9040301216596538,,0.691,0.95,,0.904,1.0,0.669,,,1.182,"{""sst"": 0.101, ""season"": 0.1404, ""moon"": 0.0925, ""pressure"": 0.0433, ""swell"": 0.0727}","tide,front,chl",Strong El Nino,2.16,100.0
2026-09-29,coronados,Coronado Islands,offshore,yellowfin_tuna,Yellowfin Tuna,tuna,95.4,68.0,27.4,99.6,68.1,6.2 ft seas,False,72.5774,2.532671999999991,6.2335959999999995,10.1,,0.9040301216596538,,1.0,1.0,,0.874,1.0,0.669,,,1.35,"{""sst"": 0.3081, ""season"": 0.154, ""moon"": 0.0465, ""pressure"": 0.0385, ""swell"": 0.0565}","tide,front,chl",Strong El Nino,2.16,100.0
2026-09-29,coronados,Coronado Islands,offshore,dorado,Dorado (Mahi-Mahi),tuna,96.1,54.5,41.6,99.7,68.1,6.2 ft seas,False,72.5774,2.532671999999991,6.2335959999999995,10.1,,0.9040301216596538,,1.0,1.0,,0.874,1.0,0.669,,,1.35,"{""sst"": 0.3466, ""season"": 0.154, ""moon"": 0.031, ""pressure"": 0.0385, ""swell"": 0.0485}","tide,front,chl",Strong El Nino,2.16,100.0
2026-09-30,coronados,Coronado Islands,offshore,calico_bass,Calico Bass (Kelp Bass),bass,80.6,68.3,12.3,92.5,79.7,workable,False,72.2642,2.286930681818177,4.7900263999999995,11.7,,0.8263179887803223,,1.0,0.9,,0.893,0.6,0.725,,,1.082,"{""sst"": 0.2371, ""season"": 0.1701, ""moon"": 0.0458, ""pressure"": 0.0192, ""swell"": 0.0685}","tide,chl",Strong El Nino,2.16,100.0
2026-09-30,coronados,Coronado Islands,offshore,rockfish,Rockfish Complex,groundfish,59.0,67.3,-8.3,68.0,79.7,workable,False,72.2642,2.286930681818177,4.7900263999999995,11.7,,0.8263179887803223,,1.0,0.9,,0.893,0.6,0.763,,,0.835,"{""sst"": 0.1311, ""season"": 0.1271, ""moon"": 0.0157, ""pressure"": 0.0197, ""swell"": 0.1941}","tide,chl",Strong El Nino,2.16,14.8
2026-09-30,coronados,Coronado Islands,offshore,sheephead,California Sheephead,groundfish,71.3,67.4,3.9,82.2,79.7,workable,False,72.2642,2.286930681818177,4.7900263999999995,11.7,,0.8263179887803223,,1.0,0.95,,0.893,0.6,0.725,,,1.0,"{""sst"": 0.1733, ""season"": 0.1426, ""moon"": 0.0161, ""pressure"": 0.0203, ""swell"": 0.1446}","tide,chl",Strong El Nino,2.16,100.0
2026-09-30,coronados,Coronado Islands,offshore,barracuda,California Barracuda,pelagic_inshore,82.6,67.0,15.6,94.0,79.7,workable,False,72.2642,2.286930681818177,4.7900263999999995,11.7,,0.8263179887803223,,0.957,0.85,,0.893,0.6,0.725,,,1.123,"{""sst"": 0.2704, ""season"": 0.1474, ""moon"": 0.0322, ""pressure"": 0.0152, ""swell"": 0.062}","tide,front,chl",Strong El Nino,2.16,100.0
2026-09-30,coronados,Coronado Islands,offshore,bonito,Pacific Bonito,pelagic_inshore,93.4,68.4,25.0,98.4,79.7,workable,False,72.2642,2.286930681818177,4.7900263999999995,11.7,,0.8263179887803223,,1.0,0.95,,0.893,0.6,0.795,,,1.206,"{""sst"": 0.2971, ""season"": 0.165, ""moon"": 0.0166, ""pressure"": 0.0156, ""swell"": 0.0928}","tide,front,chl",Strong El Nino,2.16,100.0
2026-09-30,coronados,Coronado Islands,offshore,yellowtail,California Yellowtail,pelagic,91.1,67.1,24.0,97.8,79.7,workable,False,72.2642,2.286930681818177,4.7900263999999995,11.7,,0.8263179887803223,,0.957,0.9,,0.893,0.6,0.795,,,1.206,"{""sst"": 0.2596, ""season"": 0.1511, ""moon"": 0.0498, ""pressure"": 0.0156, ""swell"": 0.0795}","tide,front,chl",Strong El Nino,2.16,100.0
2026-09-30,coronados,Coronado Islands,offshore,white_seabass,White Seabass,pelagic,28.2,52.0,-23.8,32.5,79.7,workable,False,72.2642,2.286930681818177,4.7900263999999995,11.7,,0.8263179887803223,,0.14,0.55,,0.35,0.6,0.725,,,0.918,"{""sst"": -0.3681, ""season"": 0.0251, ""moon"": -0.0751, ""pressure"": 0.0144, ""swell"": 0.0587}","tide,front,chl",Strong El Nino,2.16,0.0
2026-09-30,coronados,Coronado Islands,offshore,bluefin_tuna,Pacific Bluefin Tuna,tuna,81.2,64.0,17.2,93.0,79.7,workable,False,72.2642,2.286930681818177,4.7900263999999995,11.7,,0.8263179887803223,,0.752,0.95,,0.826,0.6,0.795,,,1.165,"{""sst"": 0.1276, ""season"": 0.1404, ""moon"": 0.0785, ""pressure"": 0.0114, ""swell"": 0.116}","tide,front,chl",Strong El Nino,2.16,100.0
2026-09-30,coronados,Coronado Islands,offshore,yellowfin_tuna,Yellowfin Tuna,tuna,98.3,67.9,30.4,99.7,79.7,workable,False,72.2642,2.286930681818177,4.7900263999999995,11.7,,0.8263179887803223,,1.0,1.0,,0.893,0.6,0.795,,,1.35,"{""sst"": 0.3081, ""season"": 0.154, ""moon"": 0.0484, ""pressure"": 0.0101, ""swell"": 0.0902}","tide,front,chl",Strong El Nino,2.16,100.0
2026-09-30,coronados,Coronado Islands,offshore,dorado,Dorado (Mahi-Mahi),tuna,98.5,53.8,44.7,99.7,79.7,workable,False,72.2642,2.286930681818177,4.7900263999999995,11.7,,0.8263179887803223,,1.0,1.0,,0.893,0.6,0.795,,,1.35,"{""sst"": 0.3466, ""season"": 0.154, ""moon"": 0.0322, ""pressure"": 0.0101, ""swell"": 0.0773}","tide,front,chl",Strong El Nino,2.16,100.0
2026-10-01,coronados,Coronado Islands,offshore,calico_bass,Calico Bass (Kelp Bass),bass,77.6,64.6,13.0,87.1,83.3,workable,False,72.02120000000001,2.1012508474576492,4.3307088,11.0,,0.7309239695760712,,1.0,0.7,,0.917,0.6,0.772,,,1.076,"{""sst"": 0.2371, ""season"": 0.0974, ""moon"": 0.0479, ""pressure"": 0.0192, ""swell"": 0.08}","tide,chl",Strong El Nino,2.16,100.0
2026-10-01,coronados,Coronado Islands,offshore,rockfish,Rockfish Complex,groundfish,62.5,66.7,-4.2,70.1,83.3,workable,False,72.02120000000001,2.1012508474576492,4.3307088,11.0,,0.7309239695760712,,1.0,0.85,,0.917,0.6,0.806,,,0.849,"{""sst"": 0.1311, ""season"": 0.1147, ""moon"": 0.0164, ""pressure"": 0.0197, ""swell"": 0.2195}","tide,chl",Strong El Nino,2.16,33.3
2026-10-01,coronados,Coronado Islands,offshore,sheephead,California Sheephead,groundfish,73.3,66.3,7.0,82.2,83.3,workable,False,72.02120000000001,2.1012508474576492,4.3307088,11.0,,0.7309239695760712,,1.0,0.85,,0.917,0.6,0.772,,,1.0,"{""sst"": 0.1733, ""season"": 0.1179, ""moon"": 0.0169, ""pressure"": 0.0203, ""swell"": 0.169}","tide,chl",Strong El Nino,2.16,100.0
2026-10-01,coronados,Coronado Islands,offshore,barracuda,California Barracuda,pelagic_inshore,78.6,62.5,16.1,88.1,83.3,workable,False,72.02120000000001,2.1012508474576492,4.3307088,11.0,,0.7309239695760712,,0.997,0.6,,0.917,0.6,0.772,,,1.113,"{""sst"": 0.2874, ""season"": 0.0506, ""moon"": 0.0337, ""pressure"": 0.0152, ""swell"": 0.0724}","tide,front,chl",Strong El Nino,2.16,100.0
2026-10-01,coronados,Coronado Islands,offshore,bonito,Pacific Bonito,pelagic_inshore,90.7,65.5,25.2,96.9,83.3,workable,False,72.02120000000001,2.1012508474576492,4.3307088,11.0,,0.7309239695760712,,1.0,0.75,,0.917,0.6,0.835,,,1.189,"{""sst"": 0.2971, ""season"": 0.1043, ""moon"": 0.0173, ""pressure"": 0.0156, ""swell"": 0.1026}","tide,front,chl",Strong El Nino,2.16,100.0
2026-10-01,coronados,Coronado Islands,offshore,yellowtail,California Yellowtail,pelagic,90.6,64.9,25.7,96.9,83.3,workable,False,72.02120000000001,2.1012508474576492,4.3307088,11.0,,0.7309239695760712,,0.997,0.75,,0.917,0.6,0.835,,,1.189,"{""sst"": 0.2759, ""season"": 0.1043, ""moon"": 0.052, ""pressure"": 0.0156, ""swell"": 0.088}","tide,front,chl",Strong El Nino,2.16,100.0
2026-10-01,coronados,Coronado Islands,offshore,white_seabass,White Seabass,pelagic,30.9,51.3,-20.4,34.7,83.3,workable,False,72.02120000000001,2.1012508474576492,4.3307088,11.0,,0.7309239695760712,,0.18,0.5,,0.35,0.6,0.772,,,0.924,"{""sst"": -0.2959, ""season"": 0.0, ""moon"": -0.075, ""pressure"": 0.0144, ""swell"": 0.0686}","tide,front,chl",Strong El Nino,2.16,0.0
2026-10-01,coronados,Coronado Islands,offshore,bluefin_tuna,Pacific Bluefin Tuna,tuna,80.4,62.5,17.9,90.2,83.3,workable,False,72.02120000000001,2.1012508474576492,4.3307088,11.0,,0.7309239695760712,,0.8,0.8,,0.731,0.6,0.835,,,1.151,"{""sst"": 0.1468, ""season"": 0.1028, ""moon"": 0.0593, ""pressure"": 0.0114, ""swell"": 0.1283}","tide,front,chl",Strong El Nino,2.16,100.0
2026-10-01,coronados,Coronado Islands,offshore,yellowfin_tuna,Yellowfin Tuna,tuna,98.3,65.9,32.4,99.5,83.3,workable,False,72.02120000000001,2.1012508474576492,4.3307088,11.0,,0.7309239695760712,,1.0,0.85,,0.917,0.6,0.835,,,1.34,"{""sst"": 0.3081, ""season"": 0.1179, ""moon"": 0.0506, ""pressure"": 0.0101, ""swell"": 0.0998}","tide,front,chl",Strong El Nino,2.16,100.0
2026-10-01,coronados,Coronado Islands,offshore,dorado,Dorado (Mahi-Mahi),tuna,98.3,51.4,46.9,99.5,83.3,workable,False,72.02120000000001,2.1012508474576492,4.3307088,11.0,,0.7309239695760712,,1.0,0.8,,0.917,0.6,0.835,,,1.35,"{""sst"": 0.3466, ""season"": 0.1044, ""moon"": 0.0337, ""pressure"": 0.0101, ""swell"": 0.0855}","tide,front,chl",Strong El Nino,2.16,100.0
2026-10-02,coronados,Coronado Islands,offshore,calico_bass,Calico Bass (Kelp Bass),bass,79.4,64.6,14.8,90.8,80.5,workable,False,71.9528,2.0808203389830453,4.1338584,13.0,,0.6231352998941142,,1.0,0.7,,0.944,0.85,0.792,,,1.075,"{""sst"": 0.2371, ""season"": 0.0974, ""moon"": 0.0502, ""pressure"": 0.0559, ""swell"": 0.0848}","tide,chl",Strong El Nino,2.16,100.0
2026-10-02,coronados,Coronado Islands,offshore,rockfish,Rockfish Complex,groundfish,64.4,66.6,-2.2,73.7,80.5,workable,False,71.9528,2.0808203389830453,4.1338584,13.0,,0.6231352998941142,,1.0,0.85,,0.944,0.85,0.825,,,0.85,"{""sst"": 0.1311, ""season"": 0.1147, ""moon"": 0.0172, ""pressure"": 0.0574, ""swell"": 0.2299}","tide,chl",Strong El Nino,2.16,42.3
2026-10-02,coronados,Coronado Islands,offshore,sheephead,California Sheephead,groundfish,75.4,66.2,9.2,86.4,80.5,workable,False,71.9528,2.0808203389830453,4.1338584,13.0,,0.6231352998941142,,1.0,0.85,,0.944,0.85,0.792,,,1.0,"{""sst"": 0.1733, ""season"": 0.1179, ""moon"": 0.0177, ""pressure"": 0.059, ""swell"": 0.179}","tide,chl",Strong El Nino,2.16,100.0
2026-10-02,coronados,Coronado Islands,offshore,barracuda,California Barracuda,pelagic_inshore,79.7,62.4,17.3,91.2,80.5,workable,False,71.9528,2.0808203389830453,4.1338584,13.0,,0.6231352998941142,,1.0,0.6,,0.944,0.85,0.792,,,1.112,"{""sst"": 0.2888, ""season"": 0.0506, ""moon"": 0.0353, ""pressure"": 0.0442, ""swell"": 0.0767}","tide,front,chl",Strong El Nino,2.16,100.0
2026-10-02,coronados,Coronado Islands,offshore,bonito,Pacific Bonito,pelagic_inshore,91.7,65.5,26.2,97.8,80.5,workable,False,71.9528,2.0808203389830453,4.1338584,13.0,,0.6231352998941142,,1.0,0.75,,0.944,0.85,0.853,,,1.187,"{""sst"": 0.2971, ""season"": 0.1043, ""moon"": 0.0182, ""pressure"": 0.0455, ""swell"": 0.1067}","tide,front,chl",Strong El Nino,2.16,100.0
2026-10-02,coronados,Coronado Islands,offshore,yellowtail,California Yellowtail,pelagic,91.8,64.9,26.9,97.8,80.5,workable,False,71.9528,2.0808203389830453,4.1338584,13.0,,0.6231352998941142,,1.0,0.75,,0.944,0.85,0.853,,,1.187,"{""sst"": 0.2773, ""season"": 0.1043, ""moon"": 0.0545, ""pressure"": 0.0455, ""swell"": 0.0915}","tide,front,chl",Strong El Nino,2.16,100.0
2026-10-02,coronados,Coronado Islands,offshore,white_seabass,White Seabass,pelagic,31.8,51.4,-19.6,36.4,80.5,workable,False,71.9528,2.0808203389830453,4.1338584,13.0,,0.6231352998941142,,0.191,0.5,,0.351,0.85,0.792,,,0.925,"{""sst"": -0.2785, ""season"": 0.0, ""moon"": -0.0747, ""pressure"": 0.0419, ""swell"": 0.0727}","tide,front,chl",Strong El Nino,2.16,0.0
2026-10-02,coronados,Coronado Islands,offshore,bluefin_tuna,Pacific Bluefin Tuna,tuna,79.2,62.5,16.7,90.7,80.5,workable,False,71.9528,2.0808203389830453,4.1338584,13.0,,0.6231352998941142,,0.813,0.8,,0.623,0.85,0.853,,,1.15,"{""sst"": 0.152, ""season"": 0.1028, ""moon"": 0.0344, ""pressure"": 0.0332, ""swell"": 0.1334}","tide,front,chl",Strong El Nino,2.16,100.0
2026-10-02,coronados,Coronado Islands,offshore,yellowfin_tuna,Yellowfin Tuna,tuna,98.3,65.6,32.7,99.6,80.5,workable,False,71.9528,2.0808203389830453,4.1338584,13.0,,0.6231352998941142,,1.0,0.85,,0.944,0.85,0.853,,,1.337,"{""sst"": 0.3081, ""season"": 0.1179, ""moon"": 0.053, ""pressure"": 0.0295, ""swell"": 0.1038}","tide,front,chl",Strong El Nino,2.16,100.0
2026-10-02,coronados,Coronado Islands,offshore,dorado,Dorado (Mahi-Mahi),tuna,98.2,51.0,47.2,99.6,80.5,workable,False,71.9528,2.0808203389830453,4.1338584,13.0,,0.6231352998941142,,0.988,0.8,,0.944,0.85,0.853,,,1.35,"{""sst"": 0.3408, ""season"": 0.1044, ""moon"": 0.0353, ""pressure"": 0.0295, ""swell"": 0.0889}","tide,front,chl",Strong El Nino,2.16,100.0
2026-10-03,coronados,Coronado Islands,offshore,calico_bass,Calico Bass (Kelp Bass),bass,70.3,64.6,5.7,91.8,63.6,workable,False,72.4388,2.6459491525423857,3.5433072,17.9,5.186,0.5090574688798968,,1.0,0.7,0.755,0.973,0.85,0.853,,,1.095,"{""sst"": 0.1959, ""season"": 0.0805, ""tide"": 0.0718, ""moon"": 0.0434, ""pressure"": 0.0461, ""swell"": 0.0812}",chl,Strong El Nino,2.16,97.0
2026-10-03,coronados,Coronado Islands,offshore,rockfish,Rockfish Complex,groundfish,55.7,66.6,-10.9,73.0,63.6,workable,False,72.4388,2.6459491525423857,3.5433072,17.9,5.186,0.5090574688798968,,1.0,0.85,0.939,0.973,0.85,0.88,,,0.809,"{""sst"": 0.1078, ""season"": 0.0943, ""tide"": 0.112, ""moon"": 0.0148, ""pressure"": 0.0472, ""swell"": 0.2137}",chl,Strong El Nino,2.16,0.0
2026-10-03,coronados,Coronado Islands,offshore,sheephead,California Sheephead,groundfish,65.6,66.2,-0.6,85.9,63.6,workable,False,72.4388,2.6459491525423857,3.5433072,17.9,5.186,0.5090574688798968,,1.0,0.85,0.755,0.973,0.85,0.853,,,1.0,"{""sst"": 0.1356, ""season"": 0.0923, ""tide"": 0.0897, ""moon"": 0.0145, ""pressure"": 0.0461, ""swell"": 0.1624}",chl,Strong El Nino,2.16,60.7
2026-10-03,coronados,Coronado Islands,offshore,barracuda,California Barracuda,pelagic_inshore,69.7,62.4,7.3,91.2,63.6,workable,False,72.4388,2.6459491525423857,3.5433072,17.9,5.186,0.5090574688798968,,0.928,0.6,0.755,0.973,0.85,0.853,,,1.143,"{""sst"": 0.2159, ""season"": 0.0424, ""tide"": 0.0672, ""moon"": 0.031, ""pressure"": 0.037, ""swell"": 0.0745}","front,chl",Strong El Nino,2.16,100.0
2026-10-03,coronados,Coronado Islands,offshore,bonito,Pacific Bonito,pelagic_inshore,83.8,65.5,18.3,98.6,63.6,workable,False,72.4388,2.6459491525423857,3.5433072,17.9,5.186,0.5090574688798968,,1.0,0.75,0.813,0.973,0.85,0.904,,,1.238,"{""sst"": 0.2599, ""season"": 0.0912, ""tide"": 0.0607, ""moon"": 0.0166, ""pressure"": 0.0398, ""swell"": 0.1037}","front,chl",Strong El Nino,2.16,100.0
2026-10-03,coronados,Coronado Islands,offshore,yellowtail,California Yellowtail,pelagic,80.5,64.9,15.6,97.9,63.6,workable,False,72.4388,2.6459491525423857,3.5433072,17.9,5.186,0.5090574688798968,,0.928,0.75,0.755,0.973,0.85,0.904,,,1.238,"{""sst"": 0.2063, ""season"": 0.0869, ""tide"": 0.0688, ""moon"": 0.0475, ""pressure"": 0.0379, ""swell"": 0.0846}","front,chl",Strong El Nino,2.16,100.0
2026-10-03,coronados,Coronado Islands,offshore,white_seabass,White Seabass,pelagic,27.3,51.7,-24.4,35.8,63.6,workable,False,72.4388,2.6459491525423857,3.5433072,17.9,5.186,0.5090574688798968,,0.112,0.5,0.797,0.352,0.85,0.853,,,0.905,"{""sst"": -0.3585, ""season"": 0.0, ""tide"": 0.081, ""moon"": -0.0611, ""pressure"": 0.0346, ""swell"": 0.0696}","front,chl",Strong El Nino,2.16,0.0
2026-10-03,coronados,Coronado Islands,offshore,bluefin_tuna,Pacific Bluefin Tuna,tuna,68.2,62.5,5.7,89.3,63.6,workable,False,72.4388,2.6459491525423857,3.5433072,17.9,5.186,0.5090574688798968,,0.718,0.8,0.813,0.509,0.85,0.904,,,1.191,"{""sst"": 0.1064, ""season"": 0.0968, ""tide"": 0.0286, ""moon"": 0.0026, ""pressure"": 0.0312, ""swell"": 0.1394}","front,chl",Strong El Nino,2.16,100.0
2026-10-03,coronados,Coronado Islands,offshore,yellowfin_tuna,Yellowfin Tuna,tuna,94.5,65.1,29.4,99.7,63.6,workable,False,72.4388,2.6459491525423857,3.5433072,17.9,5.186,0.5090574688798968,,1.0,0.85,0.813,0.973,0.85,0.904,,,1.35,"{""sst"": 0.2997, ""season"": 0.1147, ""tide"": 0.0131, ""moon"": 0.054, ""pressure"": 0.0287, ""swell"": 0.1121}","front,chl",Strong El Nino,2.16,100.0
2026-10-03,coronados,Coronado Islands,offshore,dorado,Dorado (Mahi-Mahi),tuna,94.0,50.2,43.8,99.7,63.6,workable,False,72.4388,2.6459491525423857,3.5433072,17.9,5.186,0.5090574688798968,,1.0,0.8,0.813,0.973,0.85,0.904,,,1.35,"{""sst"": 0.3372, ""season"": 0.1016, ""tide"": 0.0131, ""moon"": 0.036, ""pressure"": 0.0287, ""swell"": 0.0961}","front,chl",Strong El Nino,2.16,100.0
2026-10-04,coronados,Coronado Islands,offshore,calico_bass,Calico Bass (Kelp Bass),bass,73.5,64.6,8.9,82.6,82.9,workable,False,72.5666,2.8393932203389767,3.0839895999999998,13.6,2.2189999999999994,0.3950846566449676,,1.0,0.7,0.45,0.949,0.6,0.899,,,1.102,"{""sst"": 0.1959, ""season"": 0.0805, ""tide"": -0.0182, ""moon"": 0.0418, ""pressure"": 0.0159, ""swell"": 0.0894}",chl,Strong El Nino,2.16,100.0
2026-10-04,coronados,Coronado Islands,offshore,rockfish,Rockfish Complex,groundfish,59.8,66.6,-6.8,67.3,82.9,workable,False,72.5666,2.8393932203389767,3.0839895999999998,13.6,2.2189999999999994,0.3950846566449676,,0.994,0.85,0.707,0.949,0.6,0.924,,,0.796,"{""sst"": 0.1069, ""season"": 0.0943, ""tide"": 0.0616, ""moon"": 0.0142, ""pressure"": 0.0162, ""swell"": 0.2319}",chl,Strong El Nino,2.16,18.0
2026-10-04,coronados,Coronado Islands,offshore,sheephead,California Sheephead,groundfish,67.2,66.1,1.1,75.6,82.9,workable,False,72.5666,2.8393932203389767,3.0839895999999998,13.6,2.2189999999999994,0.3950846566449676,,1.0,0.85,0.45,0.949,0.6,0.899,,,1.0,"{""sst"": 0.1356, ""season"": 0.0923, ""tide"": -0.0227, ""moon"": 0.0139, ""pressure"": 0.0159, ""swell"": 0.1787}",chl,Strong El Nino,2.16,69.9
2026-10-04,coronados,Coronado Islands,offshore,barracuda,California Barracuda,pelagic_inshore,73.3,62.4,10.9,82.5,82.9,workable,False,72.5666,2.8393932203389767,3.0839895999999998,13.6,2.2189999999999994,0.3950846566449676,,0.907,0.6,0.45,0.949,0.6,0.899,,,1.153,"{""sst"": 0.2079, ""season"": 0.0424, ""tide"": -0.017, ""moon"": 0.0298, ""pressure"": 0.0127, ""swell"": 0.0819}","front,chl",Strong El Nino,2.16,100.0
2026-10-04,coronados,Coronado Islands,offshore,bonito,Pacific Bonito,pelagic_inshore,94.2,65.5,28.7,98.2,82.9,workable,False,72.5666,2.8393932203389767,3.0839895999999998,13.6,2.2189999999999994,0.3950846566449676,,1.0,0.75,0.71,0.949,0.6,0.944,,,1.256,"{""sst"": 0.2599, ""season"": 0.0912, ""tide"": 0.0438, ""moon"": 0.016, ""pressure"": 0.0137, ""swell"": 0.1113}","front,chl",Strong El Nino,2.16,100.0
2026-10-04,coronados,Coronado Islands,offshore,yellowtail,California Yellowtail,pelagic,84.8,64.9,19.9,94.1,82.9,workable,False,72.5666,2.8393932203389767,3.0839895999999998,13.6,2.2189999999999994,0.3950846566449676,,0.907,0.75,0.45,0.949,0.6,0.944,,,1.256,"{""sst"": 0.1987, ""season"": 0.0869, ""tide"": -0.0174, ""moon"": 0.0458, ""pressure"": 0.013, ""swell"": 0.0909}","front,chl",Strong El Nino,2.16,100.0
2026-10-04,coronados,Coronado Islands,offshore,white_seabass,White Seabass,pelagic,26.6,51.9,-25.3,29.9,82.9,workable,False,72.5666,2.8393932203389767,3.0839895999999998,13.6,2.2189999999999994,0.3950846566449676,,0.091,0.5,0.425,0.356,0.6,0.899,,,0.898,"{""sst"": -0.408, ""season"": 0.0, ""tide"": -0.0285, ""moon"": -0.0592, ""pressure"": 0.0119, ""swell"": 0.0766}","front,chl",Strong El Nino,2.16,0.0
2026-10-04,coronados,Coronado Islands,offshore,bluefin_tuna,Pacific Bluefin Tuna,tuna,80.0,62.5,17.5,90.0,82.9,workable,False,72.5666,2.8393932203389767,3.0839895999999998,13.6,2.2189999999999994,0.3950846566449676,,0.693,0.8,0.71,0.605,0.6,0.944,,,1.204,"{""sst"": 0.096, ""season"": 0.0968, ""tide"": 0.0206, ""moon"": 0.028, ""pressure"": 0.0107, ""swell"": 0.1497}","front,chl",Strong El Nino,2.16,100.0
2026-10-04,coronados,Coronado Islands,offshore,yellowfin_tuna,Yellowfin Tuna,tuna,98.6,64.8,33.8,99.7,82.9,workable,False,72.5666,2.8393932203389767,3.0839895999999998,13.6,2.2189999999999994,0.3950846566449676,,1.0,0.85,0.71,0.949,0.6,0.944,,,1.35,"{""sst"": 0.2997, ""season"": 0.1147, ""tide"": 0.0095, ""moon"": 0.0519, ""pressure"": 0.0099, ""swell"": 0.1203}","front,chl",Strong El Nino,2.16,100.0
2026-10-04,coronados,Coronado Islands,offshore,dorado,Dorado (Mahi-Mahi),tuna,98.5,49.5,49.0,99.6,82.9,workable,False,72.5666,2.8393932203389767,3.0839895999999998,13.6,2.2189999999999994,0.3950846566449676,,1.0,0.8,0.71,0.949,0.6,0.944,,,1.35,"{""sst"": 0.3372, ""season"": 0.1016, ""tide"": 0.0095, ""moon"": 0.0346, ""pressure"": 0.0099, ""swell"": 0.1031}","front,chl",Strong El Nino,2.16,100.0
2026-10-05,coronados,Coronado Islands,offshore,calico_bass,Calico Bass (Kelp Bass),bass,81.1,64.5,16.6,93.0,79.4,workable,False,73.2038,3.5561250000000086,3.6089240000000005,14.2,5.754,0.2874014624345155,,1.0,0.7,0.724,0.922,0.85,0.846,,,1.128,"{""sst"": 0.1959, ""season"": 0.0805, ""tide"": 0.0644, ""moon"": 0.0399, ""pressure"": 0.0461, ""swell"": 0.08}",chl,Strong El Nino,2.16,100.0
2026-10-05,coronados,Coronado Islands,offshore,rockfish,Rockfish Complex,groundfish,57.7,66.5,-8.8,66.6,79.4,workable,False,73.2038,3.5561250000000086,3.6089240000000005,14.2,5.754,0.2874014624345155,,0.916,0.85,0.994,0.922,0.85,0.874,,,0.744,"{""sst"": 0.0942, ""season"": 0.0943, ""tide"": 0.1221, ""moon"": 0.0136, ""pressure"": 0.0472, ""swell"": 0.2111}",chl,Strong El Nino,2.16,0.0
2026-10-05,coronados,Coronado Islands,offshore,sheephead,California Sheephead,groundfish,73.4,66.1,7.3,84.8,79.4,workable,False,73.2038,3.5561250000000086,3.6089240000000005,14.2,5.754,0.2874014624345155,,1.0,0.85,0.724,0.922,0.85,0.846,,,1.0,"{""sst"": 0.1356, ""season"": 0.0923, ""tide"": 0.0804, ""moon"": 0.0133, ""pressure"": 0.0461, ""swell"": 0.16}",chl,Strong El Nino,2.16,100.0
2026-10-05,coronados,Coronado Islands,offshore,barracuda,California Barracuda,pelagic_inshore,77.6,62.4,15.2,89.5,79.4,workable,False,73.2038,3.5561250000000086,3.6089240000000005,14.2,5.754,0.2874014624345155,,0.803,0.6,0.724,0.922,0.85,0.846,,,1.192,"{""sst"": 0.1654, ""season"": 0.0424, ""tide"": 0.0602, ""moon"": 0.0285, ""pressure"": 0.037, ""swell"": 0.0734}","front,chl",Strong El Nino,2.16,100.0
2026-10-05,coronados,Coronado Islands,offshore,bonito,Pacific Bonito,pelagic_inshore,96.8,65.5,31.3,99.3,79.4,workable,False,73.2038,3.5561250000000086,3.6089240000000005,14.2,5.754,0.2874014624345155,,1.0,0.75,0.843,0.922,0.85,0.899,,,1.32,"{""sst"": 0.2599, ""season"": 0.0912, ""tide"": 0.0653, ""moon"": 0.0153, ""pressure"": 0.0398, ""swell"": 0.1026}","front,chl",Strong El Nino,2.16,100.0
2026-10-05,coronados,Coronado Islands,offshore,yellowtail,California Yellowtail,pelagic,91.5,64.9,26.6,97.9,79.4,workable,False,73.2038,3.5561250000000086,3.6089240000000005,14.2,5.754,0.2874014624345155,,0.803,0.75,0.724,0.922,0.85,0.899,,,1.32,"{""sst"": 0.1581, ""season"": 0.0869, ""tide"": 0.0617, ""moon"": 0.0437, ""pressure"": 0.0379, ""swell"": 0.0837}","front,chl",Strong El Nino,2.16,100.0
2026-10-05,coronados,Coronado Islands,offshore,white_seabass,White Seabass,pelagic,19.6,52.1,-32.5,22.6,79.4,workable,False,73.2038,3.5561250000000086,3.6089240000000005,14.2,5.754,0.2874014624345155,,0.02,0.5,0.721,0.365,0.85,0.846,,,0.872,"{""sst"": -0.7697, ""season"": 0.0, ""tide"": 0.0637, ""moon"": -0.0547, ""pressure"": 0.0346, ""swell"": 0.0686}","front,chl",Strong El Nino,2.16,0.0
2026-10-05,coronados,Coronado Islands,offshore,bluefin_tuna,Pacific Bluefin Tuna,tuna,80.1,62.5,17.6,92.1,79.4,workable,False,73.2038,3.5561250000000086,3.6089240000000005,14.2,5.754,0.2874014624345155,,0.568,0.8,0.843,0.713,0.85,0.899,,,1.256,"{""sst"": 0.0375, ""season"": 0.0968, ""tide"": 0.0307, ""moon"": 0.0521, ""pressure"": 0.0312, ""swell"": 0.1379}","front,chl",Strong El Nino,2.16,100.0
2026-10-05,coronados,Coronado Islands,offshore,yellowfin_tuna,Yellowfin Tuna,tuna,98.4,64.3,34.1,99.7,79.4,workable,False,73.2038,3.5561250000000086,3.6089240000000005,14.2,5.754,0.2874014624345155,,1.0,0.85,0.843,0.922,0.85,0.899,,,1.35,"{""sst"": 0.2997, ""season"": 0.1147, ""tide"": 0.0141, ""moon"": 0.0496, ""pressure"": 0.0287, ""swell"": 0.1109}","front,chl",Strong El Nino,2.16,100.0
2026-10-05,coronados,Coronado Islands,offshore,dorado,Dorado (Mahi-Mahi),tuna,98.3,48.7,49.6,99.7,79.4,workable,False,73.2038,3.5561250000000086,3.6089240000000005,14.2,5.754,0.2874014624345155,,1.0,0.8,0.843,0.922,0.85,0.899,,,1.35,"{""sst"": 0.3372, ""season"": 0.1016, ""tide"": 0.0141, ""moon"": 0.0331, ""pressure"": 0.0287, ""swell"": 0.0951}","front,chl",Strong El Nino,2.16,100.0
2026-10-06,coronados,Coronado Islands,offshore,calico_bass,Calico Bass (Kelp Bass),bass,83.0,64.5,18.5,92.9,82.9,workable,False,73.3856,3.820608000000007,4.3307088,12.1,6.071,0.19156317691553915,,1.0,0.7,0.686,0.898,1.0,0.772,,,1.138,"{""sst"": 0.1959, ""season"": 0.0805, ""tide"": 0.055, ""moon"": 0.0382, ""pressure"": 0.0603, ""swell"": 0.0661}",chl,Strong El Nino,2.16,100.0
2026-10-06,coronados,Coronado Islands,offshore,rockfish,Rockfish Complex,groundfish,56.0,66.5,-10.5,63.0,82.9,workable,False,73.3856,3.820608000000007,4.3307088,12.1,6.071,0.19156317691553915,,0.894,0.85,0.943,0.898,1.0,0.806,,,0.725,"{""sst"": 0.0903, ""season"": 0.0943, ""tide"": 0.1128, ""moon"": 0.013, ""pressure"": 0.0616, ""swell"": 0.1805}",chl,Strong El Nino,2.16,0.0
2026-10-06,coronados,Coronado Islands,offshore,sheephead,California Sheephead,groundfish,73.4,66.1,7.3,82.6,82.9,workable,False,73.3856,3.820608000000007,4.3307088,12.1,6.071,0.19156317691553915,,1.0,0.85,0.686,0.898,1.0,0.772,,,1.0,"{""sst"": 0.1356, ""season"": 0.0923, ""tide"": 0.0687, ""moon"": 0.0127, ""pressure"": 0.0603, ""swell"": 0.1323}",chl,Strong El Nino,2.16,100.0
2026-10-06,coronados,Coronado Islands,offshore,barracuda,California Barracuda,pelagic_inshore,78.6,62.4,16.2,88.4,82.9,workable,False,73.3856,3.820608000000007,4.3307088,12.1,6.071,0.19156317691553915,,0.774,0.6,0.686,0.898,1.0,0.772,,,1.206,"{""sst"": 0.1523, ""season"": 0.0424, ""tide"": 0.0515, ""moon"": 0.0272, ""pressure"": 0.0484, ""swell"": 0.0606}","front,chl",Strong El Nino,2.16,100.0
2026-10-06,coronados,Coronado Islands,offshore,bonito,Pacific Bonito,pelagic_inshore,98.0,65.4,32.6,99.5,82.9,workable,False,73.3856,3.820608000000007,4.3307088,12.1,6.071,0.19156317691553915,,1.0,0.75,0.865,0.898,1.0,0.835,,,1.344,"{""sst"": 0.2599, ""season"": 0.0912, ""tide"": 0.0686, ""moon"": 0.0146, ""pressure"": 0.052, ""swell"": 0.0898}","front,chl",Strong El Nino,2.16,100.0
2026-10-06,coronados,Coronado Islands,offshore,yellowtail,California Yellowtail,pelagic,93.1,64.8,28.3,97.8,82.9,workable,False,73.3856,3.820608000000007,4.3307088,12.1,6.071,0.19156317691553915,,0.774,0.75,0.686,0.898,1.0,0.835,,,1.344,"{""sst"": 0.1455, ""season"": 0.0869, ""tide"": 0.0527, ""moon"": 0.0418, ""pressure"": 0.0495, ""swell"": 0.0733}","front,chl",Strong El Nino,2.16,100.0
2026-10-06,coronados,Coronado Islands,offshore,white_seabass,White Seabass,pelagic,19.6,52.4,-32.8,22.1,82.9,workable,False,73.3856,3.820608000000007,4.3307088,12.1,6.071,0.19156317691553915,,0.02,0.5,0.643,0.386,1.0,0.772,,,0.862,"{""sst"": -0.7697, ""season"": 0.0, ""tide"": 0.0437, ""moon"": -0.0451, ""pressure"": 0.0452, ""swell"": 0.0567}","front,chl",Strong El Nino,2.16,0.0
2026-10-06,coronados,Coronado Islands,offshore,bluefin_tuna,Pacific Bluefin Tuna,tuna,82.8,62.5,20.3,92.7,82.9,workable,False,73.3856,3.820608000000007,4.3307088,12.1,6.071,0.19156317691553915,,0.532,0.8,0.865,0.808,1.0,0.835,,,1.275,"{""sst"": 0.0185, ""season"": 0.0968, ""tide"": 0.0323, ""moon"": 0.0707, ""pressure"": 0.0408, ""swell"": 0.1208}","front,chl",Strong El Nino,2.16,100.0
2026-10-06,coronados,Coronado Islands,offshore,yellowfin_tuna,Yellowfin Tuna,tuna,98.7,63.9,34.8,99.7,82.9,workable,False,73.3856,3.820608000000007,4.3307088,12.1,6.071,0.19156317691553915,,1.0,0.85,0.865,0.898,1.0,0.835,,,1.35,"{""sst"": 0.2997, ""season"": 0.1147, ""tide"": 0.0148, ""moon"": 0.0475, ""pressure"": 0.0375, ""swell"": 0.0971}","front,chl",Strong El Nino,2.16,100.0
2026-10-06,coronados,Coronado Islands,offshore,dorado,Dorado (Mahi-Mahi),tuna,98.6,47.9,50.7,99.7,82.9,workable,False,73.3856,3.820608000000007,4.3307088,12.1,6.071,0.19156317691553915,,1.0,0.8,0.865,0.898,1.0,0.835,,,1.35,"{""sst"": 0.3372, ""season"": 0.1016, ""tide"": 0.0148, ""moon"": 0.0316, ""pressure"": 0.0375, ""swell"": 0.0832}","front,chl",Strong El Nino,2.16,100.0
2026-10-07,coronados,Coronado Islands,offshore,calico_bass,Calico Bass (Kelp Bass),bass,73.3,64.6,8.7,88.9,73.0,5.2 ft seas,False,73.1246,3.6545172413793097,5.1837272,12.8,6.0760000000000005,0.11217175383480282,,1.0,0.7,0.649,0.878,0.85,0.685,,,1.132,"{""sst"": 0.1959, ""season"": 0.0805, ""tide"": 0.0453, ""moon"": 0.0367, ""pressure"": 0.0461, ""swell"": 0.0479}",chl,Strong El Nino,2.16,100.0
2026-10-07,coronados,Coronado Islands,offshore,rockfish,Rockfish Complex,groundfish,50.1,66.5,-16.4,60.7,73.0,5.2 ft seas,False,73.1246,3.6545172413793097,5.1837272,12.8,6.0760000000000005,0.11217175383480282,,0.926,0.85,0.925,0.878,0.85,0.726,,,0.737,"{""sst"": 0.0958, ""season"": 0.0943, ""tide"": 0.1093, ""moon"": 0.0125, ""pressure"": 0.0472, ""swell"": 0.1407}",chl,Strong El Nino,2.16,0.0
2026-10-07,coronados,Coronado Islands,offshore,sheephead,California Sheephead,groundfish,63.9,66.1,-2.2,77.5,73.0,5.2 ft seas,False,73.1246,3.6545172413793097,5.1837272,12.8,6.0760000000000005,0.11217175383480282,,1.0,0.85,0.649,0.878,0.85,0.685,,,1.0,"{""sst"": 0.1356, ""season"": 0.0923, ""tide"": 0.0566, ""moon"": 0.0122, ""pressure"": 0.0461, ""swell"": 0.0958}",chl,Strong El Nino,2.16,59.3
2026-10-07,coronados,Coronado Islands,offshore,barracuda,California Barracuda,pelagic_inshore,70.9,62.4,8.5,86.1,73.0,5.2 ft seas,False,73.1246,3.6545172413793097,5.1837272,12.8,6.0760000000000005,0.11217175383480282,,0.816,0.6,0.649,0.878,0.85,0.685,,,1.197,"{""sst"": 0.171, ""season"": 0.0424, ""tide"": 0.0424, ""moon"": 0.0262, ""pressure"": 0.037, ""swell"": 0.0439}","front,chl",Strong El Nino,2.16,100.0
2026-10-07,coronados,Coronado Islands,offshore,bonito,Pacific Bonito,pelagic_inshore,93.8,65.5,28.3,99.2,73.0,5.2 ft seas,False,73.1246,3.6545172413793097,5.1837272,12.8,6.0760000000000005,0.11217175383480282,,1.0,0.75,0.873,0.878,0.85,0.761,,,1.329,"{""sst"": 0.2599, ""season"": 0.0912, ""tide"": 0.0697, ""moon"": 0.0141, ""pressure"": 0.0398, ""swell"": 0.0734}","front,chl",Strong El Nino,2.16,100.0
2026-10-07,coronados,Coronado Islands,offshore,yellowtail,California Yellowtail,pelagic,84.3,64.9,19.4,97.1,73.0,5.2 ft seas,False,73.1246,3.6545172413793097,5.1837272,12.8,6.0760000000000005,0.11217175383480282,,0.816,0.75,0.649,0.878,0.85,0.761,,,1.329,"{""sst"": 0.1634, ""season"": 0.0869, ""tide"": 0.0434, ""moon"": 0.0402, ""pressure"": 0.0379, ""swell"": 0.0599}","front,chl",Strong El Nino,2.16,100.0
2026-10-07,coronados,Coronado Islands,offshore,white_seabass,White Seabass,pelagic,17.8,52.7,-34.9,21.6,73.0,5.2 ft seas,False,73.1246,3.6545172413793097,5.1837272,12.8,6.0760000000000005,0.11217175383480282,,0.02,0.5,0.578,0.426,0.85,0.685,,,0.868,"{""sst"": -0.7697, ""season"": 0.0, ""tide"": 0.0253, ""moon"": -0.028, ""pressure"": 0.0346, ""swell"": 0.0411}","front,chl",Strong El Nino,2.16,0.0
2026-10-07,coronados,Coronado Islands,offshore,bluefin_tuna,Pacific Bluefin Tuna,tuna,76.8,62.5,14.3,92.8,73.0,5.2 ft seas,False,73.1246,3.6545172413793097,5.1837272,12.8,6.0760000000000005,0.11217175383480282,,0.584,0.8,0.873,0.888,0.85,0.761,,,1.263,"{""sst"": 0.0455, ""season"": 0.0968, ""tide"": 0.0328, ""moon"": 0.0844, ""pressure"": 0.0312, ""swell"": 0.0987}","front,chl",Strong El Nino,2.16,100.0
2026-10-07,coronados,Coronado Islands,offshore,yellowfin_tuna,Yellowfin Tuna,tuna,96.2,63.3,32.9,99.5,73.0,5.2 ft seas,False,73.1246,3.6545172413793097,5.1837272,12.8,6.0760000000000005,0.11217175383480282,,1.0,0.85,0.873,0.878,0.85,0.761,,,1.35,"{""sst"": 0.2997, ""season"": 0.1147, ""tide"": 0.0151, ""moon"": 0.0457, ""pressure"": 0.0287, ""swell"": 0.0794}","front,chl",Strong El Nino,2.16,100.0
2026-10-07,coronados,Coronado Islands,offshore,dorado,Dorado (Mahi-Mahi),tuna,96.1,46.9,49.2,99.5,73.0,5.2 ft seas,False,73.1246,3.6545172413793097,5.1837272,12.8,6.0760000000000005,0.11217175383480282,,1.0,0.8,0.873,0.878,0.85,0.761,,,1.35,"{""sst"": 0.3372, ""season"": 0.1016, ""tide"": 0.0151, ""moon"": 0.0304, ""pressure"": 0.0287, ""swell"": 0.068}","front,chl",Strong El Nino,2.16,100.0
2026-10-08,coronados,Coronado Islands,offshore,calico_bass,Calico Bass (Kelp Bass),bass,79.9,64.6,15.3,92.4,78.6,workable,False,73.0706,3.6895942196531735,4.92126,9.4,5.896,0.052647815303152434,,1.0,0.7,0.799,0.863,0.85,0.712,,,1.133,"{""sst"": 0.1959, ""season"": 0.0805, ""tide"": 0.0815, ""moon"": 0.0356, ""pressure"": 0.0461, ""swell"": 0.0537}",chl,Strong El Nino,2.16,100.0
2026-10-08,coronados,Coronado Islands,offshore,rockfish,Rockfish Complex,groundfish,52.8,66.6,-13.8,61.4,78.6,workable,False,73.0706,3.6895942196531735,4.92126,9.4,5.896,0.052647815303152434,,0.932,0.85,0.925,0.863,0.85,0.75,,,0.734,"{""sst"": 0.0969, ""season"": 0.0943, ""tide"": 0.1094, ""moon"": 0.0121, ""pressure"": 0.0472, ""swell"": 0.1534}",chl,Strong El Nino,2.16,0.0
2026-10-08,coronados,Coronado Islands,offshore,sheephead,California Sheephead,groundfish,70.6,66.2,4.4,82.0,78.6,workable,False,73.0706,3.6895942196531735,4.92126,9.4,5.896,0.052647815303152434,,1.0,0.85,0.799,0.863,0.85,0.712,,,1.0,"{""sst"": 0.1356, ""season"": 0.0923, ""tide"": 0.1019, ""moon"": 0.0119, ""pressure"": 0.0461, ""swell"": 0.1075}",chl,Strong El Nino,2.16,100.0
2026-10-08,coronados,Coronado Islands,offshore,barracuda,California Barracuda,pelagic_inshore,77.4,62.4,15.0,89.9,78.6,workable,False,73.0706,3.6895942196531735,4.92126,9.4,5.896,0.052647815303152434,,0.825,0.6,0.799,0.863,0.85,0.712,,,1.199,"{""sst"": 0.1747, ""season"": 0.0424, ""tide"": 0.0763, ""moon"": 0.0254, ""pressure"": 0.037, ""swell"": 0.0493}","front,chl",Strong El Nino,2.16,100.0
2026-10-08,coronados,Coronado Islands,offshore,bonito,Pacific Bonito,pelagic_inshore,96.2,65.5,30.7,99.2,78.6,workable,False,73.0706,3.6895942196531735,4.92126,9.4,5.896,0.052647815303152434,,1.0,0.75,0.873,0.863,0.85,0.784,,,1.332,"{""sst"": 0.2599, ""season"": 0.0912, ""tide"": 0.0697, ""moon"": 0.0136, ""pressure"": 0.0398, ""swell"": 0.0786}","front,chl",Strong El Nino,2.16,100.0
2026-10-08,coronados,Coronado Islands,offshore,yellowtail,California Yellowtail,pelagic,91.8,64.9,26.9,98.2,78.6,workable,False,73.0706,3.6895942196531735,4.92126,9.4,5.896,0.052647815303152434,,0.825,0.75,0.799,0.863,0.85,0.784,,,1.332,"{""sst"": 0.167, ""season"": 0.0869, ""tide"": 0.0781, ""moon"": 0.039, ""pressure"": 0.0379, ""swell"": 0.0642}","front,chl",Strong El Nino,2.16,100.0
2026-10-08,coronados,Coronado Islands,offshore,white_seabass,White Seabass,pelagic,20.3,53.0,-32.7,23.6,78.6,workable,False,73.0706,3.6895942196531735,4.92126,9.4,5.896,0.052647815303152434,,0.02,0.5,0.808,0.493,0.85,0.712,,,0.867,"{""sst"": -0.7697, ""season"": 0.0, ""tide"": 0.0835, ""moon"": -0.0026, ""pressure"": 0.0346, ""swell"": 0.0461}","front,chl",Strong El Nino,2.16,0.0
2026-10-08,coronados,Coronado Islands,offshore,bluefin_tuna,Pacific Bluefin Tuna,tuna,82.2,62.5,19.7,94.2,78.6,workable,False,73.0706,3.6895942196531735,4.92126,9.4,5.896,0.052647815303152434,,0.594,0.8,0.873,0.947,0.85,0.784,,,1.266,"{""sst"": 0.0507, ""season"": 0.0968, ""tide"": 0.0328, ""moon"": 0.094, ""pressure"": 0.0312, ""swell"": 0.1057}","front,chl",Strong El Nino,2.16,100.0
2026-10-08,coronados,Coronado Islands,offshore,yellowfin_tuna,Yellowfin Tuna,tuna,97.7,62.8,34.9,99.6,78.6,workable,False,73.0706,3.6895942196531735,4.92126,9.4,5.896,0.052647815303152434,,1.0,0.85,0.873,0.863,0.85,0.784,,,1.35,"{""sst"": 0.2997, ""season"": 0.1147, ""tide"": 0.0151, ""moon"": 0.0443, ""pressure"": 0.0287, ""swell"": 0.085}","front,chl",Strong El Nino,2.16,100.0
2026-10-08,coronados,Coronado Islands,offshore,dorado,Dorado (Mahi-Mahi),tuna,97.6,45.9,51.7,99.6,78.6,workable,False,73.0706,3.6895942196531735,4.92126,9.4,5.896,0.052647815303152434,,1.0,0.8,0.873,0.863,0.85,0.784,,,1.35,"{""sst"": 0.3372, ""season"": 0.1016, ""tide"": 0.0151, ""moon"": 0.0295, ""pressure"": 0.0287, ""swell"": 0.0729}","front,chl",Strong El Nino,2.16,100.0
2026-10-09,coronados,Coronado Islands,offshore,calico_bass,Calico Bass (Kelp Bass),bass,72.4,64.6,7.8,90.3,69.4,5.2 ft seas,False,74.84,5.524702325581401,5.1837272,13.6,6.015000000000001,0.015097468607471298,,0.863,0.7,0.602,0.854,1.0,0.685,,,1.199,"{""sst"": 0.1542, ""season"": 0.0805, ""tide"": 0.0323, ""moon"": 0.0349, ""pressure"": 0.0603, ""swell"": 0.0479}",chl,Strong El Nino,2.16,100.0
2026-10-09,coronados,Coronado Islands,offshore,rockfish,Rockfish Complex,groundfish,38.7,66.6,-27.9,48.3,69.4,5.2 ft seas,False,74.84,5.524702325581401,5.1837272,13.6,6.015000000000001,0.015097468607471298,,0.715,0.85,0.915,0.854,1.0,0.726,,,0.602,"{""sst"": 0.0557, ""season"": 0.0943, ""tide"": 0.1074, ""moon"": 0.0119, ""pressure"": 0.0616, ""swell"": 0.1407}",chl,Strong El Nino,2.16,0.0
2026-10-09,coronados,Coronado Islands,offshore,sheephead,California Sheephead,groundfish,62.0,66.2,-4.2,77.3,69.4,5.2 ft seas,False,74.84,5.524702325581401,5.1837272,13.6,6.015000000000001,0.015097468607471298,,1.0,0.85,0.602,0.854,1.0,0.685,,,1.0,"{""sst"": 0.1356, ""season"": 0.0923, ""tide"": 0.0404, ""moon"": 0.0116, ""pressure"": 0.0603, ""swell"": 0.0958}",chl,Strong El Nino,2.16,57.4
2026-10-09,coronados,Coronado Islands,offshore,barracuda,California Barracuda,pelagic_inshore,64.4,62.4,2.0,80.4,69.4,5.2 ft seas,False,74.84,5.524702325581401,5.1837272,13.6,6.015000000000001,0.015097468607471298,,0.536,0.6,0.602,0.854,1.0,0.685,,,1.298,"{""sst"": 0.0243, ""season"": 0.0424, ""tide"": 0.0302, ""moon"": 0.0249, ""pressure"": 0.0484, ""swell"": 0.0439}","front,chl",Strong El Nino,2.16,57.9
2026-10-09,coronados,Coronado Islands,offshore,bonito,Pacific Bonito,pelagic_inshore,89.6,65.5,24.1,98.9,69.4,5.2 ft seas,False,74.84,5.524702325581401,5.1837272,13.6,6.015000000000001,0.015097468607471298,,0.863,0.75,0.878,0.854,1.0,0.761,,,1.35,"{""sst"": 0.2046, ""season"": 0.0912, ""tide"": 0.0704, ""moon"": 0.0134, ""pressure"": 0.052, ""swell"": 0.0734}","front,chl",Strong El Nino,2.16,100.0
2026-10-09,coronados,Coronado Islands,offshore,yellowtail,California Yellowtail,pelagic,72.2,64.9,7.3,90.1,69.4,5.2 ft seas,False,74.84,5.524702325581401,5.1837272,13.6,6.015000000000001,0.015097468607471298,,0.536,0.75,0.602,0.854,1.0,0.761,,,1.35,"{""sst"": 0.0233, ""season"": 0.0869, ""tide"": 0.031, ""moon"": 0.0382, ""pressure"": 0.0495, ""swell"": 0.0599}","front,chl",Strong El Nino,2.16,100.0
2026-10-09,coronados,Coronado Islands,offshore,white_seabass,White Seabass,pelagic,16.7,53.2,-36.5,20.8,69.4,5.2 ft seas,False,74.84,5.524702325581401,5.1837272,13.6,6.015000000000001,0.015097468607471298,,0.02,0.5,0.503,0.591,1.0,0.685,,,0.801,"{""sst"": -0.7697, ""season"": 0.0, ""tide"": 0.0011, ""moon"": 0.0291, ""pressure"": 0.0452, ""swell"": 0.0411}","front,chl",Strong El Nino,2.16,0.0
2026-10-09,coronados,Coronado Islands,offshore,bluefin_tuna,Pacific Bluefin Tuna,tuna,63.6,62.5,1.1,79.4,69.4,5.2 ft seas,False,74.84,5.524702325581401,5.1837272,13.6,6.015000000000001,0.015097468607471298,,0.247,0.8,0.878,0.985,1.0,0.761,,,1.35,"{""sst"": -0.207, ""season"": 0.0968, ""tide"": 0.0331, ""moon"": 0.0997, ""pressure"": 0.0408, ""swell"": 0.0987}","front,chl",Strong El Nino,2.16,75.4
2026-10-09,coronados,Coronado Islands,offshore,yellowfin_tuna,Yellowfin Tuna,tuna,95.3,62.5,32.8,99.6,69.4,5.2 ft seas,False,74.84,5.524702325581401,5.1837272,13.6,6.015000000000001,0.015097468607471298,,1.0,0.85,0.878,0.854,1.0,0.761,,,1.35,"{""sst"": 0.2997, ""season"": 0.1147, ""tide"": 0.0152, ""moon"": 0.0434, ""pressure"": 0.0375, ""swell"": 0.0794}","front,chl",Strong El Nino,2.16,100.0
2026-10-09,coronados,Coronado Islands,offshore,dorado,Dorado (Mahi-Mahi),tuna,95.2,45.2,50.0,99.6,69.4,5.2 ft seas,False,74.84,5.524702325581401,5.1837272,13.6,6.015000000000001,0.015097468607471298,,1.0,0.8,0.878,0.854,1.0,0.761,,,1.35,"{""sst"": 0.3372, ""season"": 0.1016, ""tide"": 0.0152, ""moon"": 0.0289, ""pressure"": 0.0375, ""swell"": 0.068}","front,chl",Strong El Nino,2.16,100.0
2026-10-10,coronados,Coronado Islands,offshore,calico_bass,Calico Bass (Kelp Bass),bass,73.8,64.6,9.2,92.2,68.8,workable,True,73.94,4.708694736842105,4.9868768,14.1,6.423,0.0002792167927752054,,1.0,0.7,0.612,0.85,1.0,0.705,,,1.17,"{""sst"": 0.1959, ""season"": 0.0805, ""tide"": 0.0352, ""moon"": 0.0346, ""pressure"": 0.0603, ""swell"": 0.0523}",chl,Strong El Nino,2.16,100.0
2026-10-10,coronados,Coronado Islands,offshore,rockfish,Rockfish Complex,groundfish,43.3,66.7,-23.4,54.3,68.8,workable,True,73.94,4.708694736842105,4.9868768,14.1,6.423,0.0002792167927752054,,0.826,0.85,0.877,0.85,1.0,0.744,,,0.661,"{""sst"": 0.078, ""season"": 0.0943, ""tide"": 0.0999, ""moon"": 0.0118, ""pressure"": 0.0616, ""swell"": 0.1503}",chl,Strong El Nino,2.16,0.0
2026-10-10,coronados,Coronado Islands,offshore,sheephead,California Sheephead,groundfish,62.4,66.2,-3.8,78.3,68.8,workable,True,73.94,4.708694736842105,4.9868768,14.1,6.423,0.0002792167927752054,,1.0,0.85,0.612,0.85,1.0,0.705,,,1.0,"{""sst"": 0.1356, ""season"": 0.0923, ""tide"": 0.0441, ""moon"": 0.0115, ""pressure"": 0.0603, ""swell"": 0.1046}",chl,Strong El Nino,2.16,57.7
2026-10-10,coronados,Coronado Islands,offshore,barracuda,California Barracuda,pelagic_inshore,67.9,62.4,5.5,85.1,68.8,workable,True,73.94,4.708694736842105,4.9868768,14.1,6.423,0.0002792167927752054,,0.683,0.6,0.612,0.85,1.0,0.705,,,1.254,"{""sst"": 0.1089, ""season"": 0.0424, ""tide"": 0.033, ""moon"": 0.0247, ""pressure"": 0.0484, ""swell"": 0.048}","front,chl",Strong El Nino,2.16,68.0
2026-10-10,coronados,Coronado Islands,offshore,bonito,Pacific Bonito,pelagic_inshore,93.8,65.5,28.3,99.4,68.8,workable,True,73.94,4.708694736842105,4.9868768,14.1,6.423,0.0002792167927752054,,1.0,0.75,0.895,0.85,1.0,0.778,,,1.35,"{""sst"": 0.2599, ""season"": 0.0912, ""tide"": 0.0727, ""moon"": 0.0133, ""pressure"": 0.052, ""swell"": 0.0773}","front,chl",Strong El Nino,2.16,100.0
2026-10-10,coronados,Coronado Islands,offshore,yellowtail,California Yellowtail,pelagic,78.3,64.9,13.4,95.6,68.8,workable,True,73.94,4.708694736842105,4.9868768,14.1,6.423,0.0002792167927752054,,0.683,0.75,0.612,0.85,1.0,0.778,,,1.35,"{""sst"": 0.104, ""season"": 0.0869, ""tide"": 0.0338, ""moon"": 0.0379, ""pressure"": 0.0495, ""swell"": 0.0631}","front,chl",Strong El Nino,2.16,100.0
2026-10-10,coronados,Coronado Islands,offshore,white_seabass,White Seabass,pelagic,17.9,53.5,-35.6,22.4,68.8,workable,True,73.94,4.708694736842105,4.9868768,14.1,6.423,0.0002792167927752054,,0.02,0.5,0.504,0.715,1.0,0.705,,,0.83,"{""sst"": -0.7697, ""season"": 0.0, ""tide"": 0.0013, ""moon"": 0.0622, ""pressure"": 0.0452, ""swell"": 0.0448}","front,chl",Strong El Nino,2.16,0.0
2026-10-10,coronados,Coronado Islands,offshore,bluefin_tuna,Pacific Bluefin Tuna,tuna,74.2,62.5,11.7,92.6,68.8,workable,True,73.94,4.708694736842105,4.9868768,14.1,6.423,0.0002792167927752054,,0.424,0.8,0.895,1.0,1.0,0.778,,,1.339,"{""sst"": -0.0487, ""season"": 0.0968, ""tide"": 0.0342, ""moon"": 0.1019, ""pressure"": 0.0408, ""swell"": 0.104}","front,chl",Strong El Nino,2.16,100.0
2026-10-10,coronados,Coronado Islands,offshore,yellowfin_tuna,Yellowfin Tuna,tuna,95.3,62.0,33.3,99.6,68.8,workable,True,73.94,4.708694736842105,4.9868768,14.1,6.423,0.0002792167927752054,,1.0,0.85,0.895,0.85,1.0,0.778,,,1.35,"{""sst"": 0.2997, ""season"": 0.1147, ""tide"": 0.0157, ""moon"": 0.043, ""pressure"": 0.0375, ""swell"": 0.0836}","front,chl",Strong El Nino,2.16,100.0
2026-10-10,coronados,Coronado Islands,offshore,dorado,Dorado (Mahi-Mahi),tuna,95.2,44.2,51.0,99.6,68.8,workable,True,73.94,4.708694736842105,4.9868768,14.1,6.423,0.0002792167927752054,,1.0,0.8,0.895,0.85,1.0,0.778,,,1.35,"{""sst"": 0.3372, ""season"": 0.1016, ""tide"": 0.0157, ""moon"": 0.0287, ""pressure"": 0.0375, ""swell"": 0.0717}","front,chl",Strong El Nino,2.16,100.0
2026-10-11,coronados,Coronado Islands,offshore,calico_bass,Calico Bass (Kelp Bass),bass,23.2,64.6,-41.4,60.7,5.0,"30 kt wind, 21.7 ft seas",True,73.58,4.448572941176465,21.7191608,30.5,6.516,0.007679795233243747,,1.0,0.7,0.625,0.852,0.85,0.05,,,1.16,"{""sst"": 0.1959, ""season"": 0.0805, ""tide"": 0.0387, ""moon"": 0.0348, ""pressure"": 0.0461, ""swell"": -0.3504}",chl,Strong El Nino,2.16,0.0
2026-10-11,coronados,Coronado Islands,offshore,rockfish,Rockfish Complex,groundfish,7.6,66.7,-59.1,20.0,5.0,"30 kt wind, 21.7 ft seas",True,73.58,4.448572941176465,21.7191608,30.5,6.516,0.007679795233243747,,0.87,0.85,0.876,0.852,0.85,0.05,,,0.68,"{""sst"": 0.0861, ""season"": 0.0943, ""tide"": 0.0998, ""moon"": 0.0118, ""pressure"": 0.0472, ""swell"": -0.8699}",chl,Strong El Nino,2.16,0.0
2026-10-11,coronados,Coronado Islands,offshore,sheephead,California Sheephead,groundfish,13.3,66.2,-52.9,34.6,5.0,"30 kt wind, 21.7 ft seas",True,73.58,4.448572941176465,21.7191608,30.5,6.516,0.007679795233243747,,1.0,0.85,0.625,0.852,0.85,0.05,,,1.0,"{""sst"": 0.1356, ""season"": 0.0923, ""tide"": 0.0484, ""moon"": 0.0116, ""pressure"": 0.0461, ""swell"": -0.7008}",chl,Strong El Nino,2.16,0.0
2026-10-11,coronados,Coronado Islands,offshore,barracuda,California Barracuda,pelagic_inshore,22.7,62.5,-39.8,59.4,5.0,"30 kt wind, 21.7 ft seas",True,73.58,4.448572941176465,21.7191608,30.5,6.516,0.007679795233243747,,0.742,0.6,0.625,0.852,0.85,0.05,,,1.24,"{""sst"": 0.1377, ""season"": 0.0424, ""tide"": 0.0362, ""moon"": 0.0248, ""pressure"": 0.037, ""swell"": -0.3213}","front,chl",Strong El Nino,2.16,0.0
2026-10-11,coronados,Coronado Islands,offshore,bonito,Pacific Bonito,pelagic_inshore,27.8,65.5,-37.7,72.7,5.0,"30 kt wind, 21.7 ft seas",True,73.58,4.448572941176465,21.7191608,30.5,6.516,0.007679795233243747,,1.0,0.75,0.895,0.852,0.85,0.05,,,1.35,"{""sst"": 0.2599, ""season"": 0.0912, ""tide"": 0.0728, ""moon"": 0.0133, ""pressure"": 0.0398, ""swell"": -0.403}","front,chl",Strong El Nino,2.16,18.0
2026-10-11,coronados,Coronado Islands,offshore,yellowtail,California Yellowtail,pelagic,25.9,64.9,-39.0,67.7,5.0,"30 kt wind, 21.7 ft seas",True,73.58,4.448572941176465,21.7191608,30.5,6.516,0.007679795233243747,,0.742,0.75,0.625,0.852,0.85,0.05,,,1.35,"{""sst"": 0.1316, ""season"": 0.0869, ""tide"": 0.0371, ""moon"": 0.0381, ""pressure"": 0.0379, ""swell"": -0.3289}","front,chl",Strong El Nino,2.16,0.0
2026-10-11,coronados,Coronado Islands,offshore,white_seabass,White Seabass,pelagic,6.3,53.8,-47.5,16.5,5.0,"30 kt wind, 21.7 ft seas",True,73.58,4.448572941176465,21.7191608,30.5,6.516,0.007679795233243747,,0.02,0.5,0.522,0.844,0.85,0.05,,,0.84,"{""sst"": -0.7697, ""season"": 0.0, ""tide"": 0.0076, ""moon"": 0.091, ""pressure"": 0.0346, ""swell"": -0.3003}","front,chl",Strong El Nino,2.16,0.0
2026-10-11,coronados,Coronado Islands,offshore,bluefin_tuna,Pacific Bluefin Tuna,tuna,19.0,62.5,-43.5,49.8,5.0,"30 kt wind, 21.7 ft seas",True,73.58,4.448572941176465,21.7191608,30.5,6.516,0.007679795233243747,,0.494,0.8,0.895,0.992,0.85,0.05,,,1.32,"{""sst"": -0.0034, ""season"": 0.0968, ""tide"": 0.0342, ""moon"": 0.1008, ""pressure"": 0.0312, ""swell"": -0.5418}","front,chl",Strong El Nino,2.16,0.0
2026-10-11,coronados,Coronado Islands,offshore,yellowfin_tuna,Yellowfin Tuna,tuna,27.6,61.4,-33.8,72.1,5.0,"30 kt wind, 21.7 ft seas",True,73.58,4.448572941176465,21.7191608,30.5,6.516,0.007679795233243747,,1.0,0.85,0.895,0.852,0.85,0.05,,,1.35,"{""sst"": 0.2997, ""season"": 0.1147, ""tide"": 0.0157, ""moon"": 0.0432, ""pressure"": 0.0287, ""swell"": -0.4356}","front,chl",Strong El Nino,2.16,60.7
2026-10-11,coronados,Coronado Islands,offshore,dorado,Dorado (Mahi-Mahi),tuna,29.7,42.9,-13.2,77.5,5.0,"30 kt wind, 21.7 ft seas",True,73.58,4.448572941176465,21.7191608,30.5,6.516,0.007679795233243747,,1.0,0.8,0.895,0.852,0.85,0.05,,,1.35,"{""sst"": 0.3372, ""season"": 0.1016, ""tide"": 0.0157, ""moon"": 0.0288, ""pressure"": 0.0287, ""swell"": -0.3734}","front,chl",Strong El Nino,2.16,70.5
2026-10-12,coronados,Coronado Islands,offshore,calico_bass,Calico Bass (Kelp Bass),bass,55.1,64.6,-9.5,78.7,53.9,8.0 ft seas,True,73.76,4.736886390532561,8.005249599999999,10.0,6.3100000000000005,0.035700175796790634,,1.0,0.7,0.624,0.859,0.4,0.397,,,1.171,"{""sst"": 0.1959, ""season"": 0.0805, ""tide"": 0.0387, ""moon"": 0.0353, ""pressure"": -0.0194, ""swell"": -0.0352}",chl,Strong El Nino,2.16,30.6
2026-10-12,coronados,Coronado Islands,offshore,rockfish,Rockfish Complex,groundfish,29.4,66.7,-37.3,42.0,53.9,8.0 ft seas,True,73.76,4.736886390532561,8.005249599999999,10.0,6.3100000000000005,0.035700175796790634,,0.848,0.85,0.906,0.859,0.4,0.46,,,0.659,"{""sst"": 0.0821, ""season"": 0.0943, ""tide"": 0.1057, ""moon"": 0.012, ""pressure"": -0.0198, ""swell"": -0.0318}",chl,Strong El Nino,2.16,0.0
2026-10-12,coronados,Coronado Islands,offshore,sheephead,California Sheephead,groundfish,42.7,66.2,-23.5,61.0,53.9,8.0 ft seas,True,73.76,4.736886390532561,8.005249599999999,10.0,6.3100000000000005,0.035700175796790634,,1.0,0.85,0.624,0.859,0.4,0.397,,,1.0,"{""sst"": 0.1356, ""season"": 0.0923, ""tide"": 0.0483, ""moon"": 0.0118, ""pressure"": -0.0194, ""swell"": -0.0704}",chl,Strong El Nino,2.16,41.0
2026-10-12,coronados,Coronado Islands,offshore,barracuda,California Barracuda,pelagic_inshore,52.6,62.5,-9.9,75.1,53.9,8.0 ft seas,True,73.76,4.736886390532561,8.005249599999999,10.0,6.3100000000000005,0.035700175796790634,,0.713,0.6,0.624,0.859,0.4,0.397,,,1.256,"{""sst"": 0.1236, ""season"": 0.0424, ""tide"": 0.0362, ""moon"": 0.0252, ""pressure"": -0.0156, ""swell"": -0.0323}","front,chl",Strong El Nino,2.16,32.0
2026-10-12,coronados,Coronado Islands,offshore,bonito,Pacific Bonito,pelagic_inshore,72.2,65.5,6.7,97.3,53.9,8.0 ft seas,True,73.76,4.736886390532561,8.005249599999999,10.0,6.3100000000000005,0.035700175796790634,,1.0,0.75,0.882,0.859,0.4,0.514,,,1.35,"{""sst"": 0.2599, ""season"": 0.0912, ""tide"": 0.0709, ""moon"": 0.0135, ""pressure"": -0.0167, ""swell"": 0.0047}","front,chl",Strong El Nino,2.16,100.0
2026-10-12,coronados,Coronado Islands,offshore,yellowtail,California Yellowtail,pelagic,61.8,64.9,-3.1,88.3,53.9,8.0 ft seas,True,73.76,4.736886390532561,8.005249599999999,10.0,6.3100000000000005,0.035700175796790634,,0.713,0.75,0.624,0.859,0.4,0.514,,,1.35,"{""sst"": 0.1181, ""season"": 0.0869, ""tide"": 0.037, ""moon"": 0.0386, ""pressure"": -0.0159, ""swell"": 0.0038}","front,chl",Strong El Nino,2.16,49.7
2026-10-12,coronados,Coronado Islands,offshore,white_seabass,White Seabass,pelagic,14.5,54.1,-39.6,20.8,53.9,8.0 ft seas,True,73.76,4.736886390532561,8.005249599999999,10.0,6.3100000000000005,0.035700175796790634,,0.02,0.5,0.534,0.948,0.4,0.397,,,0.829,"{""sst"": -0.7697, ""season"": 0.0, ""tide"": 0.0115, ""moon"": 0.1113, ""pressure"": -0.0146, ""swell"": -0.0302}","front,chl",Strong El Nino,2.16,0.0
2026-10-12,coronados,Coronado Islands,offshore,bluefin_tuna,Pacific Bluefin Tuna,tuna,57.0,62.5,-5.5,81.5,53.9,8.0 ft seas,True,73.76,4.736886390532561,8.005249599999999,10.0,6.3100000000000005,0.035700175796790634,,0.459,0.8,0.882,0.964,0.4,0.514,,,1.341,"{""sst"": -0.0251, ""season"": 0.0968, ""tide"": 0.0334, ""moon"": 0.0966, ""pressure"": -0.0131, ""swell"": 0.0063}","front,chl",Strong El Nino,2.16,29.0
2026-10-12,coronados,Coronado Islands,offshore,yellowfin_tuna,Yellowfin Tuna,tuna,75.4,60.7,14.7,98.3,53.9,8.0 ft seas,True,73.76,4.736886390532561,8.005249599999999,10.0,6.3100000000000005,0.035700175796790634,,1.0,0.85,0.882,0.859,0.4,0.514,,,1.35,"{""sst"": 0.2997, ""season"": 0.1147, ""tide"": 0.0153, ""moon"": 0.0439, ""pressure"": -0.0121, ""swell"": 0.0051}","front,chl",Strong El Nino,2.16,100.0
2026-10-12,coronados,Coronado Islands,offshore,dorado,Dorado (Mahi-Mahi),tuna,76.1,41.5,34.6,98.4,53.9,8.0 ft seas,True,73.76,4.736886390532561,8.005249599999999,10.0,6.3100000000000005,0.035700175796790634,,1.0,0.8,0.882,0.859,0.4,0.514,,,1.35,"{""sst"": 0.3372, ""season"": 0.1016, ""tide"": 0.0153, ""moon"": 0.0292, ""pressure"": -0.0121, ""swell"": 0.0044}","front,chl",Strong El Nino,2.16,100.0
2026-10-13,coronados,Coronado Islands,offshore,calico_bass,Calico Bass (Kelp Bass),bass,76.1,64.6,11.5,89.4,77.0,5.1 ft seas,True,74.03,5.117528571428565,5.1181104,10.6,5.854,0.0819335649033684,,0.995,0.7,0.615,0.87,0.6,0.692,,,1.184,"{""sst"": 0.1945, ""season"": 0.0805, ""tide"": 0.0361, ""moon"": 0.0362, ""pressure"": 0.0159, ""swell"": 0.0494}",chl,Strong El Nino,2.16,100.0
2026-10-13,coronados,Coronado Islands,offshore,rockfish,Rockfish Complex,groundfish,42.5,66.7,-24.2,50.0,77.0,5.1 ft seas,True,74.03,5.117528571428565,5.1181104,10.6,5.854,0.0819335649033684,,0.815,0.85,0.965,0.87,0.6,0.732,,,0.632,"{""sst"": 0.0759, ""season"": 0.0943, ""tide"": 0.1169, ""moon"": 0.0123, ""pressure"": 0.0162, ""swell"": 0.144}",chl,Strong El Nino,2.16,0.0
2026-10-13,coronados,Coronado Islands,offshore,sheephead,California Sheephead,groundfish,63.4,66.2,-2.8,74.6,77.0,5.1 ft seas,True,74.03,5.117528571428565,5.1181104,10.6,5.854,0.0819335649033684,,1.0,0.85,0.615,0.87,0.6,0.692,,,1.0,"{""sst"": 0.1356, ""season"": 0.0923, ""tide"": 0.0451, ""moon"": 0.0121, ""pressure"": 0.0159, ""swell"": 0.0988}",chl,Strong El Nino,2.16,58.7
2026-10-13,coronados,Coronado Islands,offshore,barracuda,California Barracuda,pelagic_inshore,70.5,62.4,8.1,82.9,77.0,5.1 ft seas,True,74.03,5.117528571428565,5.1181104,10.6,5.854,0.0819335649033684,,0.668,0.6,0.615,0.87,0.6,0.692,,,1.276,"{""sst"": 0.1013, ""season"": 0.0424, ""tide"": 0.0338, ""moon"": 0.0258, ""pressure"": 0.0127, ""swell"": 0.0453}","front,chl",Strong El Nino,2.16,100.0
2026-10-13,coronados,Coronado Islands,offshore,bonito,Pacific Bonito,pelagic_inshore,94.8,65.5,29.3,99.0,77.0,5.1 ft seas,True,74.03,5.117528571428565,5.1181104,10.6,5.854,0.0819335649033684,,0.995,0.75,0.856,0.87,0.6,0.766,,,1.35,"{""sst"": 0.2581, ""season"": 0.0912, ""tide"": 0.0671, ""moon"": 0.0139, ""pressure"": 0.0137, ""swell"": 0.0747}","front,chl",Strong El Nino,2.16,100.0
2026-10-13,coronados,Coronado Islands,offshore,yellowtail,California Yellowtail,pelagic,80.0,64.9,15.1,93.3,77.0,5.1 ft seas,True,74.03,5.117528571428565,5.1181104,10.6,5.854,0.0819335649033684,,0.668,0.75,0.615,0.87,0.6,0.766,,,1.35,"{""sst"": 0.0968, ""season"": 0.0869, ""tide"": 0.0346, ""moon"": 0.0396, ""pressure"": 0.013, ""swell"": 0.061}","front,chl",Strong El Nino,2.16,100.0
2026-10-13,coronados,Coronado Islands,offshore,white_seabass,White Seabass,pelagic,19.4,54.4,-35.0,22.8,77.0,5.1 ft seas,True,74.03,5.117528571428565,5.1181104,10.6,5.854,0.0819335649033684,,0.02,0.5,0.544,0.998,0.6,0.692,,,0.816,"{""sst"": -0.7697, ""season"": 0.0, ""tide"": 0.0146, ""moon"": 0.1202, ""pressure"": 0.0119, ""swell"": 0.0423}","front,chl",Strong El Nino,2.16,0.0
2026-10-13,coronados,Coronado Islands,offshore,bluefin_tuna,Pacific Bluefin Tuna,tuna,75.1,62.5,12.6,88.2,77.0,5.1 ft seas,True,74.03,5.117528571428565,5.1181104,10.6,5.854,0.0819335649033684,,0.406,0.8,0.856,0.918,0.6,0.766,,,1.35,"{""sst"": -0.0612, ""season"": 0.0968, ""tide"": 0.0316, ""moon"": 0.0894, ""pressure"": 0.0107, ""swell"": 0.1005}","front,chl",Strong El Nino,2.16,100.0
2026-10-13,coronados,Coronado Islands,offshore,yellowfin_tuna,Yellowfin Tuna,tuna,96.7,60.0,36.7,99.4,77.0,5.1 ft seas,True,74.03,5.117528571428565,5.1181104,10.6,5.854,0.0819335649033684,,1.0,0.85,0.856,0.87,0.6,0.766,,,1.35,"{""sst"": 0.2997, ""season"": 0.1147, ""tide"": 0.0145, ""moon"": 0.045, ""pressure"": 0.0099, ""swell"": 0.0808}","front,chl",Strong El Nino,2.16,100.0
2026-10-13,coronados,Coronado Islands,offshore,dorado,Dorado (Mahi-Mahi),tuna,96.6,40.0,56.6,99.4,77.0,5.1 ft seas,True,74.03,5.117528571428565,5.1181104,10.6,5.854,0.0819335649033684,,1.0,0.8,0.856,0.87,0.6,0.766,,,1.35,"{""sst"": 0.3372, ""season"": 0.1016, ""tide"": 0.0145, ""moon"": 0.03, ""pressure"": 0.0099, ""swell"": 0.0693}","front,chl",Strong El Nino,2.16,100.0
2026-10-14,coronados,Coronado Islands,offshore,calico_bass,Calico Bass (Kelp Bass),bass,80.0,64.6,15.4,90.4,82.3,workable,True,74.3,5.488879041916164,4.4619424,11.3,5.216,0.1434931801229401,,0.951,0.7,0.604,0.886,0.6,0.759,,,1.198,"{""sst"": 0.1817, ""season"": 0.0805, ""tide"": 0.0329, ""moon"": 0.0373, ""pressure"": 0.0159, ""swell"": 0.0635}",chl,Strong El Nino,2.16,100.0
2026-10-14,coronados,Coronado Islands,offshore,rockfish,Rockfish Complex,groundfish,43.4,66.6,-23.2,49.0,82.3,workable,True,74.3,5.488879041916164,4.4619424,11.3,5.216,0.1434931801229401,,0.782,0.85,0.956,0.886,0.6,0.794,,,0.605,"{""sst"": 0.0695, ""season"": 0.0943, ""tide"": 0.1153, ""moon"": 0.0127, ""pressure"": 0.0162, ""swell"": 0.1746}",chl,Strong El Nino,2.16,0.0
2026-10-14,coronados,Coronado Islands,offshore,sheephead,California Sheephead,groundfish,67.6,66.2,1.4,76.4,82.3,workable,True,74.3,5.488879041916164,4.4619424,11.3,5.216,0.1434931801229401,,1.0,0.85,0.604,0.886,0.6,0.759,,,1.0,"{""sst"": 0.1356, ""season"": 0.0923, ""tide"": 0.0411, ""moon"": 0.0124, ""pressure"": 0.0159, ""swell"": 0.1269}",chl,Strong El Nino,2.16,71.3
2026-10-14,coronados,Coronado Islands,offshore,barracuda,California Barracuda,pelagic_inshore,73.5,62.4,11.1,83.1,82.3,workable,True,74.3,5.488879041916164,4.4619424,11.3,5.216,0.1434931801229401,,0.624,0.6,0.604,0.886,0.6,0.759,,,1.296,"{""sst"": 0.0775, ""season"": 0.0424, ""tide"": 0.0308, ""moon"": 0.0266, ""pressure"": 0.0127, ""swell"": 0.0582}","front,chl",Strong El Nino,2.16,100.0
2026-10-14,coronados,Coronado Islands,offshore,bonito,Pacific Bonito,pelagic_inshore,96.1,65.5,30.6,98.9,82.3,workable,True,74.3,5.488879041916164,4.4619424,11.3,5.216,0.1434931801229401,,0.951,0.75,0.821,0.886,0.6,0.824,,,1.35,"{""sst"": 0.2411, ""season"": 0.0912, ""tide"": 0.0619, ""moon"": 0.0143, ""pressure"": 0.0137, ""swell"": 0.0874}","front,chl",Strong El Nino,2.16,100.0
2026-10-14,coronados,Coronado Islands,offshore,yellowtail,California Yellowtail,pelagic,82.1,64.9,17.2,92.4,82.3,workable,True,74.3,5.488879041916164,4.4619424,11.3,5.216,0.1434931801229401,,0.624,0.75,0.604,0.886,0.6,0.824,,,1.35,"{""sst"": 0.074, ""season"": 0.0869, ""tide"": 0.0315, ""moon"": 0.0409, ""pressure"": 0.013, ""swell"": 0.0713}","front,chl",Strong El Nino,2.16,100.0
2026-10-14,coronados,Coronado Islands,offshore,white_seabass,White Seabass,pelagic,20.1,54.7,-34.6,22.7,82.3,workable,True,74.3,5.488879041916164,4.4619424,11.3,5.216,0.1434931801229401,,0.02,0.5,0.558,0.979,0.6,0.759,,,0.802,"{""sst"": -0.7697, ""season"": 0.0, ""tide"": 0.0192, ""moon"": 0.1168, ""pressure"": 0.0119, ""swell"": 0.0544}","front,chl",Strong El Nino,2.16,0.0
2026-10-14,coronados,Coronado Islands,offshore,bluefin_tuna,Pacific Bluefin Tuna,tuna,75.3,62.5,12.8,85.0,82.3,workable,True,74.3,5.488879041916164,4.4619424,11.3,5.216,0.1434931801229401,,0.353,0.8,0.821,0.857,0.6,0.824,,,1.35,"{""sst"": -0.1022, ""season"": 0.0968, ""tide"": 0.0291, ""moon"": 0.0792, ""pressure"": 0.0107, ""swell"": 0.1175}","front,chl",Strong El Nino,2.16,100.0
2026-10-14,coronados,Coronado Islands,offshore,yellowfin_tuna,Yellowfin Tuna,tuna,98.1,59.3,38.8,99.5,82.3,workable,True,74.3,5.488879041916164,4.4619424,11.3,5.216,0.1434931801229401,,1.0,0.85,0.821,0.886,0.6,0.824,,,1.35,"{""sst"": 0.2997, ""season"": 0.1147, ""tide"": 0.0134, ""moon"": 0.0464, ""pressure"": 0.0099, ""swell"": 0.0945}","front,chl",Strong El Nino,2.16,100.0
2026-10-14,coronados,Coronado Islands,offshore,dorado,Dorado (Mahi-Mahi),tuna,98.0,38.4,59.6,99.5,82.3,workable,True,74.3,5.488879041916164,4.4619424,11.3,5.216,0.1434931801229401,,1.0,0.8,0.821,0.886,0.6,0.824,,,1.35,"{""sst"": 0.3372, ""season"": 0.1016, ""tide"": 0.0134, ""moon"": 0.0309, ""pressure"": 0.0099, ""swell"": 0.081}","front,chl",Strong El Nino,2.16,100.0
2026-10-15,coronados,Coronado Islands,offshore,calico_bass,Calico Bass (Kelp Bass),bass,84.6,64.6,20.0,93.4,84.4,workable,True,74.57,5.876219277108419,3.8713911999999997,12.6,4.498,0.21732990055544216,,0.907,0.7,0.601,0.904,0.85,0.819,,,1.212,"{""sst"": 0.1683, ""season"": 0.0805, ""tide"": 0.032, ""moon"": 0.0386, ""pressure"": 0.0461, ""swell"": 0.0751}",chl,Strong El Nino,2.16,100.0
2026-10-15,coronados,Coronado Islands,offshore,rockfish,Rockfish Complex,groundfish,43.4,66.6,-23.2,48.3,84.4,workable,True,74.57,5.876219277108419,3.8713911999999997,12.6,4.498,0.21732990055544216,,0.749,0.85,0.87,0.904,0.85,0.849,,,0.577,"{""sst"": 0.0628, ""season"": 0.0943, ""tide"": 0.0984, ""moon"": 0.0132, ""pressure"": 0.0472, ""swell"": 0.2002}",chl,Strong El Nino,2.16,0.0
2026-10-15,coronados,Coronado Islands,offshore,sheephead,California Sheephead,groundfish,72.4,66.2,6.2,80.6,84.4,workable,True,74.57,5.876219277108419,3.8713911999999997,12.6,4.498,0.21732990055544216,,1.0,0.85,0.601,0.904,0.85,0.819,,,1.0,"{""sst"": 0.1356, ""season"": 0.0923, ""tide"": 0.04, ""moon"": 0.0129, ""pressure"": 0.0461, ""swell"": 0.1502}",chl,Strong El Nino,2.16,100.0
2026-10-15,coronados,Coronado Islands,offshore,barracuda,California Barracuda,pelagic_inshore,76.6,62.4,14.2,85.2,84.4,workable,True,74.57,5.876219277108419,3.8713911999999997,12.6,4.498,0.21732990055544216,,0.58,0.6,0.601,0.904,0.85,0.819,,,1.317,"{""sst"": 0.0519, ""season"": 0.0424, ""tide"": 0.03, ""moon"": 0.0276, ""pressure"": 0.037, ""swell"": 0.0689}","front,chl",Strong El Nino,2.16,100.0
2026-10-15,coronados,Coronado Islands,offshore,bonito,Pacific Bonito,pelagic_inshore,97.1,65.5,31.6,99.1,84.4,workable,True,74.57,5.876219277108419,3.8713911999999997,12.6,4.498,0.21732990055544216,,0.907,0.75,0.782,0.904,0.85,0.876,,,1.35,"{""sst"": 0.2233, ""season"": 0.0912, ""tide"": 0.0559, ""moon"": 0.0148, ""pressure"": 0.0398, ""swell"": 0.098}","front,chl",Strong El Nino,2.16,100.0
2026-10-15,coronados,Coronado Islands,offshore,yellowtail,California Yellowtail,pelagic,84.1,64.9,19.2,93.1,84.4,workable,True,74.57,5.876219277108419,3.8713911999999997,12.6,4.498,0.21732990055544216,,0.58,0.75,0.601,0.904,0.85,0.876,,,1.35,"{""sst"": 0.0496, ""season"": 0.0869, ""tide"": 0.0307, ""moon"": 0.0423, ""pressure"": 0.0379, ""swell"": 0.08}","front,chl",Strong El Nino,2.16,100.0
2026-10-15,coronados,Coronado Islands,offshore,white_seabass,White Seabass,pelagic,20.6,55.0,-34.4,23.0,84.4,workable,True,74.57,5.876219277108419,3.8713911999999997,12.6,4.498,0.21732990055544216,,0.02,0.5,0.589,0.896,0.85,0.819,,,0.788,"{""sst"": -0.7697, ""season"": 0.0, ""tide"": 0.0284, ""moon"": 0.1014, ""pressure"": 0.0346, ""swell"": 0.0644}","front,chl",Strong El Nino,2.16,0.0
2026-10-15,coronados,Coronado Islands,offshore,bluefin_tuna,Pacific Bluefin Tuna,tuna,74.2,62.5,11.7,82.6,84.4,workable,True,74.57,5.876219277108419,3.8713911999999997,12.6,4.498,0.21732990055544216,,0.3,0.8,0.782,0.783,0.85,0.876,,,1.35,"{""sst"": -0.15, ""season"": 0.0968, ""tide"": 0.0263, ""moon"": 0.0659, ""pressure"": 0.0312, ""swell"": 0.1318}","front,chl",Strong El Nino,2.16,100.0
2026-10-15,coronados,Coronado Islands,offshore,yellowfin_tuna,Yellowfin Tuna,tuna,98.8,58.5,40.3,99.7,84.4,workable,True,74.57,5.876219277108419,3.8713911999999997,12.6,4.498,0.21732990055544216,,1.0,0.85,0.782,0.904,0.85,0.876,,,1.35,"{""sst"": 0.2997, ""season"": 0.1147, ""tide"": 0.0121, ""moon"": 0.048, ""pressure"": 0.0287, ""swell"": 0.106}","front,chl",Strong El Nino,2.16,100.0
2026-10-15,coronados,Coronado Islands,offshore,dorado,Dorado (Mahi-Mahi),tuna,98.7,36.5,62.2,99.6,84.4,workable,True,74.57,5.876219277108419,3.8713911999999997,12.6,4.498,0.21732990055544216,,1.0,0.8,0.782,0.904,0.85,0.876,,,1.35,"{""sst"": 0.3372, ""season"": 0.1016, ""tide"": 0.0121, ""moon"": 0.032, ""pressure"": 0.0287, ""swell"": 0.0908}","front,chl",Strong El Nino,2.16,100.0
2026-09-25,cortez_tanner,Cortez & Tanner Bank,offshore,rockfish,Rockfish Complex,groundfish,43.7,55.6,-11.9,56.9,64.4,"5.6 ft seas, long-range run",False,71.6,4.020084210526306,5.577427999999999,12.2,,0.9834832009922474,,1.0,0.9,,0.854,,0.689,,,0.711,"{""sst"": 0.147, ""season"": 0.1425, ""moon"": 0.0162, ""swell"": 0.1649}","tide,pressure,chl",Strong El Nino,2.16,53.8
2026-09-25,cortez_tanner,Cortez & Tanner Bank,offshore,yellowtail,California Yellowtail,pelagic,92.9,59.6,33.3,99.6,64.4,"5.6 ft seas, long-range run",False,71.6,4.020084210526306,5.577427999999999,12.2,,0.9834832009922474,,1.0,0.9,,0.854,,0.726,,,1.35,"{""sst"": 0.3033, ""season"": 0.1653, ""moon"": 0.0502, ""swell"": 0.07}","tide,pressure,front,chl",Strong El Nino,2.16,100.0
2026-09-25,cortez_tanner,Cortez & Tanner Bank,offshore,bluefin_tuna,Pacific Bluefin Tuna,tuna,86.0,56.3,29.7,98.9,64.4,"5.6 ft seas, long-range run",False,71.6,4.020084210526306,5.577427999999999,12.2,,0.9834832009922474,,0.882,0.95,,0.983,,0.726,,,1.289,"{""sst"": 0.1893, ""season"": 0.1498, ""moon"": 0.1127, ""swell"": 0.0995}","tide,pressure,front,chl",Strong El Nino,2.16,100.0
2026-09-25,cortez_tanner,Cortez & Tanner Bank,offshore,yellowfin_tuna,Yellowfin Tuna,tuna,94.4,45.1,49.3,99.7,64.4,"5.6 ft seas, long-range run",False,71.6,4.020084210526306,5.577427999999999,12.2,,0.9834832009922474,,1.0,1.0,,0.854,,0.726,,,1.35,"{""sst"": 0.3262, ""season"": 0.1631, ""moon"": 0.0472, ""swell"": 0.0768}","tide,pressure,front,chl",Strong El Nino,2.16,100.0
2026-09-25,cortez_tanner,Cortez & Tanner Bank,offshore,dorado,Dorado (Mahi-Mahi),tuna,91.8,15.0,76.8,99.5,64.4,"5.6 ft seas, long-range run",False,71.6,4.020084210526306,5.577427999999999,12.2,,0.9834832009922474,,0.902,1.0,,0.854,,0.726,,,1.35,"{""sst"": 0.3124, ""season"": 0.1631, ""moon"": 0.0315, ""swell"": 0.0659}","tide,pressure,front,chl",Strong El Nino,2.16,100.0
2026-09-26,cortez_tanner,Cortez & Tanner Bank,offshore,rockfish,Rockfish Complex,groundfish,38.4,55.3,-16.9,52.0,59.6,"6.4 ft seas, long-range run",False,72.14,4.600161627906985,6.3648296,9.0,,0.9995517538836435,,1.0,0.9,,0.85,1.0,0.614,,,0.669,"{""sst"": 0.1311, ""season"": 0.1271, ""moon"": 0.0143, ""pressure"": 0.0749, ""swell"": 0.0946}","tide,chl",Strong El Nino,2.16,45.4
2026-09-26,cortez_tanner,Cortez & Tanner Bank,offshore,yellowtail,California Yellowtail,pelagic,88.1,59.5,28.6,99.5,59.6,"6.4 ft seas, long-range run",False,72.14,4.600161627906985,6.3648296,9.0,,0.9995517538836435,,0.977,0.9,,0.85,1.0,0.657,,,1.35,"{""sst"": 0.268, ""season"": 0.1511, ""moon"": 0.0455, ""pressure"": 0.0594, ""swell"": 0.0469}","tide,front,chl",Strong El Nino,2.16,100.0
2026-09-26,cortez_tanner,Cortez & Tanner Bank,offshore,bluefin_tuna,Pacific Bluefin Tuna,tuna,80.7,56.1,24.6,98.6,59.6,"6.4 ft seas, long-range run",False,72.14,4.600161627906985,6.3648296,9.0,,0.9995517538836435,,0.777,0.95,,1.0,1.0,0.657,,,1.331,"{""sst"": 0.1376, ""season"": 0.1404, ""moon"": 0.1082, ""pressure"": 0.0433, ""swell"": 0.0684}","tide,front,chl",Strong El Nino,2.16,100.0
2026-09-26,cortez_tanner,Cortez & Tanner Bank,offshore,yellowfin_tuna,Yellowfin Tuna,tuna,90.5,44.6,45.9,99.6,59.6,"6.4 ft seas, long-range run",False,72.14,4.600161627906985,6.3648296,9.0,,0.9995517538836435,,1.0,1.0,,0.85,1.0,0.657,,,1.35,"{""sst"": 0.3081, ""season"": 0.154, ""moon"": 0.0442, ""pressure"": 0.0385, ""swell"": 0.0532}","tide,front,chl",Strong El Nino,2.16,100.0
2026-09-26,cortez_tanner,Cortez & Tanner Bank,offshore,dorado,Dorado (Mahi-Mahi),tuna,91.8,14.9,76.9,99.7,59.6,"6.4 ft seas, long-range run",False,72.14,4.600161627906985,6.3648296,9.0,,0.9995517538836435,,1.0,1.0,,0.85,1.0,0.657,,,1.35,"{""sst"": 0.3466, ""season"": 0.154, ""moon"": 0.0295, ""pressure"": 0.0385, ""swell"": 0.0456}","tide,front,chl",Strong El Nino,2.16,100.0
2026-09-27,cortez_tanner,Cortez & Tanner Bank,offshore,rockfish,Rockfish Complex,groundfish,41.2,55.0,-13.8,61.2,49.8,"6.4 ft seas, long-range run",False,70.2878,2.764383815028907,6.3648296,14.5,,0.9921059368700724,,1.0,0.9,,0.852,0.85,0.614,,,0.801,"{""sst"": 0.1311, ""season"": 0.1271, ""moon"": 0.0144, ""pressure"": 0.0574, ""swell"": 0.0946}","tide,chl",Strong El Nino,2.16,50.8
2026-09-27,cortez_tanner,Cortez & Tanner Bank,offshore,yellowtail,California Yellowtail,pelagic,74.1,59.2,14.9,98.6,49.8,"6.4 ft seas, long-range run",False,70.2878,2.764383815028907,6.3648296,14.5,,0.9921059368700724,,1.0,0.9,,0.852,0.85,0.657,,,1.249,"{""sst"": 0.2773, ""season"": 0.1511, ""moon"": 0.0457, ""pressure"": 0.0455, ""swell"": 0.0469}","tide,front,chl",Strong El Nino,2.16,100.0
2026-09-27,cortez_tanner,Cortez & Tanner Bank,offshore,bluefin_tuna,Pacific Bluefin Tuna,tuna,71.1,55.9,15.2,97.9,49.8,"6.4 ft seas, long-range run",False,70.2878,2.764383815028907,6.3648296,14.5,,0.9921059368700724,,1.0,0.95,,0.992,0.85,0.657,,,1.199,"{""sst"": 0.2166, ""season"": 0.1404, ""moon"": 0.1071, ""pressure"": 0.0332, ""swell"": 0.0684}","tide,front,chl",Strong El Nino,2.16,100.0
2026-09-27,cortez_tanner,Cortez & Tanner Bank,offshore,yellowfin_tuna,Yellowfin Tuna,tuna,82.0,44.3,37.7,99.6,49.8,"6.4 ft seas, long-range run",False,70.2878,2.764383815028907,6.3648296,14.5,,0.9921059368700724,,1.0,1.0,,0.852,0.85,0.657,,,1.35,"{""sst"": 0.3081, ""season"": 0.154, ""moon"": 0.0444, ""pressure"": 0.0295, ""swell"": 0.0532}","tide,front,chl",Strong El Nino,2.16,100.0
2026-09-27,cortez_tanner,Cortez & Tanner Bank,offshore,dorado,Dorado (Mahi-Mahi),tuna,63.5,14.9,48.6,93.4,49.8,"6.4 ft seas, long-range run",False,70.2878,2.764383815028907,6.3648296,14.5,,0.9921059368700724,,0.581,1.0,,0.852,0.85,0.657,,,1.35,"{""sst"": 0.0747, ""season"": 0.154, ""moon"": 0.0296, ""pressure"": 0.0295, ""swell"": 0.0456}","tide,front,chl",Strong El Nino,2.16,100.0
2026-09-28,cortez_tanner,Cortez & Tanner Bank,offshore,rockfish,Rockfish Complex,groundfish,19.3,54.9,-35.6,50.4,5.0,"22 kt wind, 9.3 ft seas, long-range run",False,69.53540000000001,2.026220689655176,9.3175856,21.9,,0.9600738604541995,,1.0,0.9,,0.86,1.0,0.336,,,0.854,"{""sst"": 0.1311, ""season"": 0.1271, ""moon"": 0.0147, ""pressure"": 0.0749, ""swell"": -0.1827}","tide,chl",Strong El Nino,2.16,0.0
2026-09-28,cortez_tanner,Cortez & Tanner Bank,offshore,yellowtail,California Yellowtail,pelagic,37.1,59.2,-22.1,95.0,5.0,"22 kt wind, 9.3 ft seas, long-range run",False,69.53540000000001,2.026220689655176,9.3175856,21.9,,0.9600738604541995,,1.0,0.9,,0.86,1.0,0.399,,,1.182,"{""sst"": 0.2773, ""season"": 0.1511, ""moon"": 0.0465, ""pressure"": 0.0594, ""swell"": -0.0388}","tide,front,chl",Strong El Nino,2.16,42.3
2026-09-28,cortez_tanner,Cortez & Tanner Bank,offshore,bluefin_tuna,Pacific Bluefin Tuna,tuna,34.2,55.8,-21.6,89.5,5.0,"22 kt wind, 9.3 ft seas, long-range run",False,69.53540000000001,2.026220689655176,9.3175856,21.9,,0.9600738604541995,,1.0,0.95,,0.96,1.0,0.399,,,1.146,"{""sst"": 0.2166, ""season"": 0.1404, ""moon"": 0.1019, ""pressure"": 0.0433, ""swell"": -0.0566}","tide,front,chl",Strong El Nino,2.16,0.3
2026-09-28,cortez_tanner,Cortez & Tanner Bank,offshore,yellowfin_tuna,Yellowfin Tuna,tuna,39.8,44.1,-4.3,97.5,5.0,"22 kt wind, 9.3 ft seas, long-range run",False,69.53540000000001,2.026220689655176,9.3175856,21.9,,0.9600738604541995,,0.886,1.0,,0.86,1.0,0.399,,,1.328,"{""sst"": 0.2544, ""season"": 0.154, ""moon"": 0.0452, ""pressure"": 0.0385, ""swell"": -0.044}","tide,front,chl",Strong El Nino,2.16,82.0
2026-09-28,cortez_tanner,Cortez & Tanner Bank,offshore,dorado,Dorado (Mahi-Mahi),tuna,27.7,14.9,12.8,72.3,5.0,"22 kt wind, 9.3 ft seas, long-range run",False,69.53540000000001,2.026220689655176,9.3175856,21.9,,0.9600738604541995,,0.396,1.0,,0.86,1.0,0.399,,,1.35,"{""sst"": -0.1164, ""season"": 0.154, ""moon"": 0.0301, ""pressure"": 0.0385, ""swell"": -0.0377}","tide,front,chl",Strong El Nino,2.16,96.4
2026-09-29,cortez_tanner,Cortez & Tanner Bank,offshore,rockfish,Rockfish Complex,groundfish,22.4,55.1,-32.7,51.4,13.4,"19 kt wind, 9.3 ft seas, long-range run",False,69.4022,1.8953691428571346,9.2519688,19.0,,0.9040301216596538,,1.0,0.9,,0.874,1.0,0.342,,,0.864,"{""sst"": 0.1311, ""season"": 0.1271, ""moon"": 0.0151, ""pressure"": 0.0749, ""swell"": -0.1743}","tide,chl",Strong El Nino,2.16,0.0
2026-09-29,cortez_tanner,Cortez & Tanner Bank,offshore,yellowtail,California Yellowtail,pelagic,42.1,59.3,-17.2,94.7,13.4,"19 kt wind, 9.3 ft seas, long-range run",False,69.4022,1.8953691428571346,9.2519688,19.0,,0.9040301216596538,,1.0,0.9,,0.874,1.0,0.404,,,1.171,"{""sst"": 0.2773, ""season"": 0.1511, ""moon"": 0.0479, ""pressure"": 0.0594, ""swell"": -0.0364}","tide,front,chl",Strong El Nino,2.16,50.3
2026-09-29,cortez_tanner,Cortez & Tanner Bank,offshore,bluefin_tuna,Pacific Bluefin Tuna,tuna,38.5,55.9,-17.4,88.2,13.4,"19 kt wind, 9.3 ft seas, long-range run",False,69.4022,1.8953691428571346,9.2519688,19.0,,0.9040301216596538,,1.0,0.95,,0.904,1.0,0.404,,,1.136,"{""sst"": 0.2166, ""season"": 0.1404, ""moon"": 0.0925, ""pressure"": 0.0433, ""swell"": -0.053}","tide,front,chl",Strong El Nino,2.16,29.8
2026-09-29,cortez_tanner,Cortez & Tanner Bank,offshore,yellowfin_tuna,Yellowfin Tuna,tuna,44.1,44.2,-0.1,96.7,13.4,"19 kt wind, 9.3 ft seas, long-range run",False,69.4022,1.8953691428571346,9.2519688,19.0,,0.9040301216596538,,0.854,1.0,,0.874,1.0,0.404,,,1.307,"{""sst"": 0.2377, ""season"": 0.154, ""moon"": 0.0465, ""pressure"": 0.0385, ""swell"": -0.0412}","tide,front,chl",Strong El Nino,2.16,86.1
2026-09-29,cortez_tanner,Cortez & Tanner Bank,offshore,dorado,Dorado (Mahi-Mahi),tuna,30.3,14.9,15.4,69.5,13.4,"19 kt wind, 9.3 ft seas, long-range run",False,69.4022,1.8953691428571346,9.2519688,19.0,,0.9040301216596538,,0.364,1.0,,0.874,1.0,0.404,,,1.35,"{""sst"": -0.1594, ""season"": 0.154, ""moon"": 0.031, ""pressure"": 0.0385, ""swell"": -0.0354}","tide,front,chl",Strong El Nino,2.16,100.0
2026-09-30,cortez_tanner,Cortez & Tanner Bank,offshore,rockfish,Rockfish Complex,groundfish,37.4,55.3,-17.9,56.8,47.4,"8.1 ft seas, long-range run",False,69.0854,1.5809215909090995,8.0708664,11.7,,0.8263179887803223,,1.0,0.9,,0.893,0.6,0.453,,,0.886,"{""sst"": 0.1311, ""season"": 0.1271, ""moon"": 0.0157, ""pressure"": 0.0197, ""swell"": -0.0449}","tide,chl",Strong El Nino,2.16,44.8
2026-09-30,cortez_tanner,Cortez & Tanner Bank,offshore,yellowtail,California Yellowtail,pelagic,61.8,59.4,2.4,93.2,47.4,"8.1 ft seas, long-range run",False,69.0854,1.5809215909090995,8.0708664,11.7,,0.8263179887803223,,1.0,0.9,,0.893,0.6,0.508,,,1.142,"{""sst"": 0.2773, ""season"": 0.1511, ""moon"": 0.0498, ""pressure"": 0.0156, ""swell"": 0.0027}","tide,front,chl",Strong El Nino,2.16,83.1
2026-09-30,cortez_tanner,Cortez & Tanner Bank,offshore,bluefin_tuna,Pacific Bluefin Tuna,tuna,57.5,56.1,1.4,87.4,47.4,"8.1 ft seas, long-range run",False,69.0854,1.5809215909090995,8.0708664,11.7,,0.8263179887803223,,1.0,0.95,,0.826,0.6,0.508,,,1.114,"{""sst"": 0.2166, ""season"": 0.1404, ""moon"": 0.0785, ""pressure"": 0.0114, ""swell"": 0.0039}","tide,front,chl",Strong El Nino,2.16,79.8
2026-09-30,cortez_tanner,Cortez & Tanner Bank,offshore,yellowfin_tuna,Yellowfin Tuna,tuna,62.3,44.3,18.0,93.8,47.4,"8.1 ft seas, long-range run",False,69.0854,1.5809215909090995,8.0708664,11.7,,0.8263179887803223,,0.776,1.0,,0.893,0.6,0.508,,,1.256,"{""sst"": 0.1953, ""season"": 0.154, ""moon"": 0.0484, ""pressure"": 0.0101, ""swell"": 0.003}","tide,front,chl",Strong El Nino,2.16,100.0
2026-09-30,cortez_tanner,Cortez & Tanner Bank,offshore,dorado,Dorado (Mahi-Mahi),tuna,39.9,14.9,25.0,60.6,47.4,"8.1 ft seas, long-range run",False,69.0854,1.5809215909090995,8.0708664,11.7,,0.8263179887803223,,0.286,1.0,,0.893,0.6,0.508,,,1.313,"{""sst"": -0.2794, ""season"": 0.154, ""moon"": 0.0322, ""pressure"": 0.0101, ""swell"": 0.0026}","tide,front,chl",Strong El Nino,2.16,100.0
2026-10-01,cortez_tanner,Cortez & Tanner Bank,offshore,rockfish,Rockfish Complex,groundfish,46.3,55.1,-8.8,66.0,54.0,"6.4 ft seas, long-range run",False,68.7506,1.2521389830508411,6.4304464,13.3,,0.7309239695760712,,1.0,0.85,,0.917,0.6,0.608,,,0.91,"{""sst"": 0.1311, ""season"": 0.1147, ""moon"": 0.0164, ""pressure"": 0.0197, ""swell"": 0.09}","tide,chl",Strong El Nino,2.16,56.6
2026-10-01,cortez_tanner,Cortez & Tanner Bank,offshore,yellowtail,California Yellowtail,pelagic,64.0,57.7,6.3,91.2,54.0,"6.4 ft seas, long-range run",False,68.7506,1.2521389830508411,6.4304464,13.3,,0.7309239695760712,,1.0,0.75,,0.917,0.6,0.651,,,1.113,"{""sst"": 0.2773, ""season"": 0.1043, ""moon"": 0.052, ""pressure"": 0.0156, ""swell"": 0.0454}","tide,front,chl",Strong El Nino,2.16,95.6
2026-10-01,cortez_tanner,Cortez & Tanner Bank,offshore,bluefin_tuna,Pacific Bluefin Tuna,tuna,60.3,55.0,5.3,86.0,54.0,"6.4 ft seas, long-range run",False,68.7506,1.2521389830508411,6.4304464,13.3,,0.7309239695760712,,1.0,0.8,,0.731,0.6,0.651,,,1.09,"{""sst"": 0.2166, ""season"": 0.1028, ""moon"": 0.0593, ""pressure"": 0.0114, ""swell"": 0.0662}","tide,front,chl",Strong El Nino,2.16,96.4
2026-10-01,cortez_tanner,Cortez & Tanner Bank,offshore,yellowfin_tuna,Yellowfin Tuna,tuna,61.4,43.3,18.1,87.6,54.0,"6.4 ft seas, long-range run",False,68.7506,1.2521389830508411,6.4304464,13.3,,0.7309239695760712,,0.694,0.85,,0.917,0.6,0.651,,,1.203,"{""sst"": 0.1457, ""season"": 0.1179, ""moon"": 0.0506, ""pressure"": 0.0101, ""swell"": 0.0515}","tide,front,chl",Strong El Nino,2.16,100.0
2026-10-01,cortez_tanner,Cortez & Tanner Bank,offshore,dorado,Dorado (Mahi-Mahi),tuna,33.9,14.4,19.5,48.3,54.0,"6.4 ft seas, long-range run",False,68.7506,1.2521389830508411,6.4304464,13.3,,0.7309239695760712,,0.204,0.8,,0.917,0.6,0.651,,,1.248,"{""sst"": -0.4485, ""season"": 0.1044, ""moon"": 0.0337, ""pressure"": 0.0101, ""swell"": 0.0441}","tide,front,chl",Strong El Nino,2.16,100.0
2026-10-02,cortez_tanner,Cortez & Tanner Bank,offshore,rockfish,Rockfish Complex,groundfish,52.7,54.9,-2.2,72.4,58.2,"5.5 ft seas, long-range run",False,68.8064,1.3390067796610055,5.5118111999999995,13.9,,0.6231352998941142,,1.0,0.85,,0.944,0.85,0.695,,,0.904,"{""sst"": 0.1311, ""season"": 0.1147, ""moon"": 0.0172, ""pressure"": 0.0574, ""swell"": 0.1512}","tide,chl",Strong El Nino,2.16,62.3
2026-10-02,cortez_tanner,Cortez & Tanner Bank,offshore,yellowtail,California Yellowtail,pelagic,70.5,57.6,12.9,94.9,58.2,"5.5 ft seas, long-range run",False,68.8064,1.3390067796610055,5.5118111999999995,13.9,,0.6231352998941142,,1.0,0.75,,0.944,0.85,0.732,,,1.121,"{""sst"": 0.2773, ""season"": 0.1043, ""moon"": 0.0545, ""pressure"": 0.0455, ""swell"": 0.0653}","tide,front,chl",Strong El Nino,2.16,100.0
2026-10-02,cortez_tanner,Cortez & Tanner Bank,offshore,bluefin_tuna,Pacific Bluefin Tuna,tuna,64.7,54.9,9.8,88.8,58.2,"5.5 ft seas, long-range run",False,68.8064,1.3390067796610055,5.5118111999999995,13.9,,0.6231352998941142,,1.0,0.8,,0.623,0.85,0.732,,,1.096,"{""sst"": 0.2166, ""season"": 0.1028, ""moon"": 0.0344, ""pressure"": 0.0332, ""swell"": 0.0953}","tide,front,chl",Strong El Nino,2.16,100.0
2026-10-02,cortez_tanner,Cortez & Tanner Bank,offshore,yellowfin_tuna,Yellowfin Tuna,tuna,68.0,42.9,25.1,92.9,58.2,"5.5 ft seas, long-range run",False,68.8064,1.3390067796610055,5.5118111999999995,13.9,,0.6231352998941142,,0.708,0.85,,0.944,0.85,0.732,,,1.217,"{""sst"": 0.1543, ""season"": 0.1179, ""moon"": 0.053, ""pressure"": 0.0295, ""swell"": 0.0741}","tide,front,chl",Strong El Nino,2.16,100.0
2026-10-02,cortez_tanner,Cortez & Tanner Bank,offshore,dorado,Dorado (Mahi-Mahi),tuna,38.4,14.4,24.0,52.7,58.2,"5.5 ft seas, long-range run",False,68.8064,1.3390067796610055,5.5118111999999995,13.9,,0.6231352998941142,,0.218,0.8,,0.944,0.85,0.732,,,1.265,"{""sst"": -0.416, ""season"": 0.1044, ""moon"": 0.0353, ""pressure"": 0.0295, ""swell"": 0.0635}","tide,front,chl",Strong El Nino,2.16,100.0
2026-10-03,cortez_tanner,Cortez & Tanner Bank,offshore,rockfish,Rockfish Complex,groundfish,62.3,55.1,7.2,77.7,69.4,long-range run,False,68.7704,1.3197966101694902,4.9868768,10.6,5.186,0.5090574688798968,,1.0,0.85,0.939,0.973,1.0,0.744,,,0.905,"{""sst"": 0.1078, ""season"": 0.0943, ""tide"": 0.112, ""moon"": 0.0148, ""pressure"": 0.0616, ""swell"": 0.1503}",chl,Strong El Nino,2.16,100.0
2026-10-03,cortez_tanner,Cortez & Tanner Bank,offshore,yellowtail,California Yellowtail,pelagic,77.4,57.7,19.7,94.9,69.4,long-range run,False,68.7704,1.3197966101694902,4.9868768,10.6,5.186,0.5090574688798968,,1.0,0.75,0.755,0.973,1.0,0.778,,,1.119,"{""sst"": 0.231, ""season"": 0.0869, ""tide"": 0.0688, ""moon"": 0.0475, ""pressure"": 0.0495, ""swell"": 0.0631}","front,chl",Strong El Nino,2.16,100.0
2026-10-03,cortez_tanner,Cortez & Tanner Bank,offshore,bluefin_tuna,Pacific Bluefin Tuna,tuna,70.6,55.0,15.6,88.2,69.4,long-range run,False,68.7704,1.3197966101694902,4.9868768,10.6,5.186,0.5090574688798968,,1.0,0.8,0.813,0.509,1.0,0.778,,,1.095,"{""sst"": 0.2039, ""season"": 0.0968, ""tide"": 0.0286, ""moon"": 0.0026, ""pressure"": 0.0408, ""swell"": 0.104}","front,chl",Strong El Nino,2.16,100.0
2026-10-03,cortez_tanner,Cortez & Tanner Bank,offshore,yellowfin_tuna,Yellowfin Tuna,tuna,76.1,42.8,33.3,93.9,69.4,long-range run,False,68.7704,1.3197966101694902,4.9868768,10.6,5.186,0.5090574688798968,,0.699,0.85,0.813,0.973,1.0,0.778,,,1.214,"{""sst"": 0.1447, ""season"": 0.1147, ""tide"": 0.0131, ""moon"": 0.054, ""pressure"": 0.0375, ""swell"": 0.0836}","front,chl",Strong El Nino,2.16,100.0
2026-10-03,cortez_tanner,Cortez & Tanner Bank,offshore,dorado,Dorado (Mahi-Mahi),tuna,42.8,14.4,28.4,53.5,69.4,long-range run,False,68.7704,1.3197966101694902,4.9868768,10.6,5.186,0.5090574688798968,,0.209,0.8,0.813,0.973,1.0,0.778,,,1.261,"{""sst"": -0.4249, ""season"": 0.1016, ""tide"": 0.0131, ""moon"": 0.036, ""pressure"": 0.0375, ""swell"": 0.0717}","front,chl",Strong El Nino,2.16,100.0
2026-10-04,cortez_tanner,Cortez & Tanner Bank,offshore,rockfish,Rockfish Complex,groundfish,56.5,55.2,1.3,68.9,72.2,long-range run,False,69.2708,1.8396915254237314,4.593176,8.5,2.2189999999999994,0.3950846566449676,,1.0,0.85,0.707,0.949,0.6,0.781,,,0.868,"{""sst"": 0.1078, ""season"": 0.0943, ""tide"": 0.0616, ""moon"": 0.0142, ""pressure"": 0.0162, ""swell"": 0.1687}",chl,Strong El Nino,2.16,78.7
2026-10-04,cortez_tanner,Cortez & Tanner Bank,offshore,yellowtail,California Yellowtail,pelagic,73.3,57.8,15.5,89.5,72.2,long-range run,False,69.2708,1.8396915254237314,4.593176,8.5,2.2189999999999994,0.3950846566449676,,1.0,0.75,0.45,0.949,0.6,0.812,,,1.166,"{""sst"": 0.231, ""season"": 0.0869, ""tide"": -0.0174, ""moon"": 0.0458, ""pressure"": 0.013, ""swell"": 0.0693}","front,chl",Strong El Nino,2.16,100.0
2026-10-04,cortez_tanner,Cortez & Tanner Bank,offshore,bluefin_tuna,Pacific Bluefin Tuna,tuna,74.5,55.1,19.4,90.9,72.2,long-range run,False,69.2708,1.8396915254237314,4.593176,8.5,2.2189999999999994,0.3950846566449676,,1.0,0.8,0.71,0.605,0.6,0.812,,,1.132,"{""sst"": 0.2039, ""season"": 0.0968, ""tide"": 0.0206, ""moon"": 0.028, ""pressure"": 0.0107, ""swell"": 0.1142}","front,chl",Strong El Nino,2.16,100.0
2026-10-04,cortez_tanner,Cortez & Tanner Bank,offshore,yellowfin_tuna,Yellowfin Tuna,tuna,87.0,42.7,44.3,98.0,72.2,long-range run,False,69.2708,1.8396915254237314,4.593176,8.5,2.2189999999999994,0.3950846566449676,,0.821,0.85,0.71,0.949,0.6,0.812,,,1.298,"{""sst"": 0.2146, ""season"": 0.1147, ""tide"": 0.0095, ""moon"": 0.0519, ""pressure"": 0.0099, ""swell"": 0.0918}","front,chl",Strong El Nino,2.16,100.0
2026-10-04,cortez_tanner,Cortez & Tanner Bank,offshore,dorado,Dorado (Mahi-Mahi),tuna,57.2,14.5,42.7,69.8,72.2,long-range run,False,69.2708,1.8396915254237314,4.593176,8.5,2.2189999999999994,0.3950846566449676,,0.331,0.8,0.71,0.949,0.6,0.812,,,1.35,"{""sst"": -0.2002, ""season"": 0.1016, ""tide"": 0.0095, ""moon"": 0.0346, ""pressure"": 0.0099, ""swell"": 0.0787}","front,chl",Strong El Nino,2.16,100.0
2026-10-05,cortez_tanner,Cortez & Tanner Bank,offshore,rockfish,Rockfish Complex,groundfish,53.7,55.3,-1.6,67.4,68.5,"5.1 ft seas, long-range run",False,70.2554,2.8856352272727293,5.0524936,12.1,5.754,0.2874014624345155,,1.0,0.85,0.994,0.922,0.85,0.738,,,0.792,"{""sst"": 0.1078, ""season"": 0.0943, ""tide"": 0.1221, ""moon"": 0.0136, ""pressure"": 0.0472, ""swell"": 0.1471}",chl,Strong El Nino,2.16,65.6
2026-10-05,cortez_tanner,Cortez & Tanner Bank,offshore,yellowtail,California Yellowtail,pelagic,84.6,57.9,26.7,98.0,68.5,"5.1 ft seas, long-range run",False,70.2554,2.8856352272727293,5.0524936,12.1,5.754,0.2874014624345155,,1.0,0.75,0.724,0.922,0.85,0.772,,,1.26,"{""sst"": 0.231, ""season"": 0.0869, ""tide"": 0.0617, ""moon"": 0.0437, ""pressure"": 0.0379, ""swell"": 0.0621}","front,chl",Strong El Nino,2.16,100.0
2026-10-05,cortez_tanner,Cortez & Tanner Bank,offshore,bluefin_tuna,Pacific Bluefin Tuna,tuna,80.6,55.2,25.4,96.8,68.5,"5.1 ft seas, long-range run",False,70.2554,2.8856352272727293,5.0524936,12.1,5.754,0.2874014624345155,,1.0,0.8,0.843,0.713,0.85,0.772,,,1.208,"{""sst"": 0.2039, ""season"": 0.0968, ""tide"": 0.0307, ""moon"": 0.0521, ""pressure"": 0.0312, ""swell"": 0.1022}","front,chl",Strong El Nino,2.16,100.0
2026-10-05,cortez_tanner,Cortez & Tanner Bank,offshore,yellowfin_tuna,Yellowfin Tuna,tuna,94.9,42.2,52.7,99.6,68.5,"5.1 ft seas, long-range run",False,70.2554,2.8856352272727293,5.0524936,12.1,5.754,0.2874014624345155,,1.0,0.85,0.843,0.922,0.85,0.772,,,1.35,"{""sst"": 0.2997, ""season"": 0.1147, ""tide"": 0.0141, ""moon"": 0.0496, ""pressure"": 0.0287, ""swell"": 0.0822}","front,chl",Strong El Nino,2.16,100.0
2026-10-05,cortez_tanner,Cortez & Tanner Bank,offshore,dorado,Dorado (Mahi-Mahi),tuna,73.5,14.5,59.0,92.1,68.5,"5.1 ft seas, long-range run",False,70.2554,2.8856352272727293,5.0524936,12.1,5.754,0.2874014624345155,,0.573,0.8,0.843,0.922,0.85,0.772,,,1.35,"{""sst"": 0.0659, ""season"": 0.1016, ""tide"": 0.0141, ""moon"": 0.0331, ""pressure"": 0.0287, ""swell"": 0.0705}","front,chl",Strong El Nino,2.16,100.0
2026-10-06,cortez_tanner,Cortez & Tanner Bank,offshore,rockfish,Rockfish Complex,groundfish,48.0,55.4,-7.4,63.0,63.3,"5.8 ft seas, long-range run",False,70.3994,3.083986285714303,5.8398952,9.8,6.071,0.19156317691553915,,1.0,0.85,0.943,0.898,0.85,0.664,,,0.778,"{""sst"": 0.1078, ""season"": 0.0943, ""tide"": 0.1128, ""moon"": 0.013, ""pressure"": 0.0472, ""swell"": 0.1071}",chl,Strong El Nino,2.16,58.2
2026-10-06,cortez_tanner,Cortez & Tanner Bank,offshore,yellowtail,California Yellowtail,pelagic,80.1,57.9,22.2,97.8,63.3,"5.8 ft seas, long-range run",False,70.3994,3.083986285714303,5.8398952,9.8,6.071,0.19156317691553915,,1.0,0.75,0.686,0.898,0.85,0.703,,,1.278,"{""sst"": 0.231, ""season"": 0.0869, ""tide"": 0.0527, ""moon"": 0.0418, ""pressure"": 0.0379, ""swell"": 0.0487}","front,chl",Strong El Nino,2.16,100.0
2026-10-06,cortez_tanner,Cortez & Tanner Bank,offshore,bluefin_tuna,Pacific Bluefin Tuna,tuna,77.9,55.2,22.7,97.1,63.3,"5.8 ft seas, long-range run",False,70.3994,3.083986285714303,5.8398952,9.8,6.071,0.19156317691553915,,1.0,0.8,0.865,0.808,0.85,0.703,,,1.222,"{""sst"": 0.2039, ""season"": 0.0968, ""tide"": 0.0323, ""moon"": 0.0707, ""pressure"": 0.0312, ""swell"": 0.0802}","front,chl",Strong El Nino,2.16,100.0
2026-10-06,cortez_tanner,Cortez & Tanner Bank,offshore,yellowfin_tuna,Yellowfin Tuna,tuna,90.9,41.7,49.2,99.5,63.3,"5.8 ft seas, long-range run",False,70.3994,3.083986285714303,5.8398952,9.8,6.071,0.19156317691553915,,1.0,0.85,0.865,0.898,0.85,0.703,,,1.35,"{""sst"": 0.2997, ""season"": 0.1147, ""tide"": 0.0148, ""moon"": 0.0475, ""pressure"": 0.0287, ""swell"": 0.0645}","front,chl",Strong El Nino,2.16,100.0
2026-10-06,cortez_tanner,Cortez & Tanner Bank,offshore,dorado,Dorado (Mahi-Mahi),tuna,71.3,14.5,56.8,93.0,63.3,"5.8 ft seas, long-range run",False,70.3994,3.083986285714303,5.8398952,9.8,6.071,0.19156317691553915,,0.608,0.8,0.865,0.898,0.85,0.703,,,1.35,"{""sst"": 0.095, ""season"": 0.1016, ""tide"": 0.0148, ""moon"": 0.0316, ""pressure"": 0.0287, ""swell"": 0.0553}","front,chl",Strong El Nino,2.16,100.0
2026-10-07,cortez_tanner,Cortez & Tanner Bank,offshore,rockfish,Rockfish Complex,groundfish,47.3,55.3,-8.0,64.4,59.1,"6.4 ft seas, long-range run",False,69.6794,2.4222517241379364,6.4304464,11.8,6.0760000000000005,0.11217175383480282,,1.0,0.85,0.925,0.878,0.85,0.608,,,0.826,"{""sst"": 0.1078, ""season"": 0.0943, ""tide"": 0.1093, ""moon"": 0.0125, ""pressure"": 0.0472, ""swell"": 0.074}",chl,Strong El Nino,2.16,57.4
2026-10-07,cortez_tanner,Cortez & Tanner Bank,offshore,yellowtail,California Yellowtail,pelagic,72.1,57.9,14.2,95.6,59.1,"6.4 ft seas, long-range run",False,69.6794,2.4222517241379364,6.4304464,11.8,6.0760000000000005,0.11217175383480282,,1.0,0.75,0.649,0.878,0.85,0.651,,,1.218,"{""sst"": 0.231, ""season"": 0.0869, ""tide"": 0.0434, ""moon"": 0.0402, ""pressure"": 0.0379, ""swell"": 0.0378}","front,chl",Strong El Nino,2.16,100.0
2026-10-07,cortez_tanner,Cortez & Tanner Bank,offshore,bluefin_tuna,Pacific Bluefin Tuna,tuna,71.9,55.2,16.7,95.5,59.1,"6.4 ft seas, long-range run",False,69.6794,2.4222517241379364,6.4304464,11.8,6.0760000000000005,0.11217175383480282,,1.0,0.8,0.873,0.888,0.85,0.651,,,1.174,"{""sst"": 0.2039, ""season"": 0.0968, ""tide"": 0.0328, ""moon"": 0.0844, ""pressure"": 0.0312, ""swell"": 0.0623}","front,chl",Strong El Nino,2.16,100.0
2026-10-07,cortez_tanner,Cortez & Tanner Bank,offshore,yellowfin_tuna,Yellowfin Tuna,tuna,83.2,41.1,42.1,99.0,59.1,"6.4 ft seas, long-range run",False,69.6794,2.4222517241379364,6.4304464,11.8,6.0760000000000005,0.11217175383480282,,0.921,0.85,0.873,0.878,0.85,0.651,,,1.35,"{""sst"": 0.2644, ""season"": 0.1147, ""tide"": 0.0151, ""moon"": 0.0457, ""pressure"": 0.0287, ""swell"": 0.0501}","front,chl",Strong El Nino,2.16,100.0
2026-10-07,cortez_tanner,Cortez & Tanner Bank,offshore,dorado,Dorado (Mahi-Mahi),tuna,57.4,14.5,42.9,78.2,59.1,"6.4 ft seas, long-range run",False,69.6794,2.4222517241379364,6.4304464,11.8,6.0760000000000005,0.11217175383480282,,0.431,0.8,0.873,0.878,0.85,0.651,,,1.35,"{""sst"": -0.0717, ""season"": 0.1016, ""tide"": 0.0151, ""moon"": 0.0304, ""pressure"": 0.0287, ""swell"": 0.0429}","front,chl",Strong El Nino,2.16,100.0
2026-10-08,cortez_tanner,Cortez & Tanner Bank,offshore,rockfish,Rockfish Complex,groundfish,45.9,55.4,-9.5,64.1,56.4,"6.4 ft seas, long-range run",False,69.6974,2.4805456647398785,6.4304464,12.7,5.896,0.052647815303152434,,1.0,0.85,0.925,0.863,0.85,0.608,,,0.821,"{""sst"": 0.1078, ""season"": 0.0943, ""tide"": 0.1094, ""moon"": 0.0121, ""pressure"": 0.0472, ""swell"": 0.074}",chl,Strong El Nino,2.16,56.3
2026-10-08,cortez_tanner,Cortez & Tanner Bank,offshore,yellowtail,California Yellowtail,pelagic,73.0,58.0,15.0,97.0,56.4,"6.4 ft seas, long-range run",False,69.6974,2.4805456647398785,6.4304464,12.7,5.896,0.052647815303152434,,1.0,0.75,0.799,0.863,0.85,0.651,,,1.223,"{""sst"": 0.231, ""season"": 0.0869, ""tide"": 0.0781, ""moon"": 0.039, ""pressure"": 0.0379, ""swell"": 0.0378}","front,chl",Strong El Nino,2.16,100.0
2026-10-08,cortez_tanner,Cortez & Tanner Bank,offshore,bluefin_tuna,Pacific Bluefin Tuna,tuna,71.1,55.2,15.9,96.0,56.4,"6.4 ft seas, long-range run",False,69.6974,2.4805456647398785,6.4304464,12.7,5.896,0.052647815303152434,,1.0,0.8,0.873,0.947,0.85,0.651,,,1.179,"{""sst"": 0.2039, ""season"": 0.0968, ""tide"": 0.0328, ""moon"": 0.094, ""pressure"": 0.0312, ""swell"": 0.0623}","front,chl",Strong El Nino,2.16,100.0
2026-10-08,cortez_tanner,Cortez & Tanner Bank,offshore,yellowfin_tuna,Yellowfin Tuna,tuna,81.3,40.8,40.5,99.0,56.4,"6.4 ft seas, long-range run",False,69.6974,2.4805456647398785,6.4304464,12.7,5.896,0.052647815303152434,,0.926,0.85,0.873,0.863,0.85,0.651,,,1.35,"{""sst"": 0.2664, ""season"": 0.1147, ""tide"": 0.0151, ""moon"": 0.0443, ""pressure"": 0.0287, ""swell"": 0.0501}","front,chl",Strong El Nino,2.16,100.0
2026-10-08,cortez_tanner,Cortez & Tanner Bank,offshore,dorado,Dorado (Mahi-Mahi),tuna,56.2,14.5,41.7,78.5,56.4,"6.4 ft seas, long-range run",False,69.6974,2.4805456647398785,6.4304464,12.7,5.896,0.052647815303152434,,0.436,0.8,0.873,0.863,0.85,0.651,,,1.35,"{""sst"": -0.0668, ""season"": 0.1016, ""tide"": 0.0151, ""moon"": 0.0295, ""pressure"": 0.0287, ""swell"": 0.0429}","front,chl",Strong El Nino,2.16,100.0
2026-10-09,cortez_tanner,Cortez & Tanner Bank,offshore,rockfish,Rockfish Complex,groundfish,36.8,55.6,-18.8,55.0,49.0,"6.7 ft seas, long-range run",False,71.24,4.0671627906976795,6.6929136,14.1,6.015000000000001,0.015097468607471298,,1.0,0.85,0.915,0.854,1.0,0.583,,,0.707,"{""sst"": 0.1078, ""season"": 0.0943, ""tide"": 0.1074, ""moon"": 0.0119, ""pressure"": 0.0616, ""swell"": 0.0583}",chl,Strong El Nino,2.16,44.0
2026-10-09,cortez_tanner,Cortez & Tanner Bank,offshore,yellowtail,California Yellowtail,pelagic,72.2,58.1,14.1,98.3,49.0,"6.7 ft seas, long-range run",False,71.24,4.0671627906976795,6.6929136,14.1,6.015000000000001,0.015097468607471298,,1.0,0.75,0.602,0.854,1.0,0.629,,,1.35,"{""sst"": 0.231, ""season"": 0.0869, ""tide"": 0.031, ""moon"": 0.0382, ""pressure"": 0.0495, ""swell"": 0.0327}","front,chl",Strong El Nino,2.16,100.0
2026-10-09,cortez_tanner,Cortez & Tanner Bank,offshore,bluefin_tuna,Pacific Bluefin Tuna,tuna,72.2,55.4,16.8,98.4,49.0,"6.7 ft seas, long-range run",False,71.24,4.0671627906976795,6.6929136,14.1,6.015000000000001,0.015097468607471298,,0.953,0.8,0.878,0.985,1.0,0.629,,,1.293,"{""sst"": 0.1897, ""season"": 0.0968, ""tide"": 0.0331, ""moon"": 0.0997, ""pressure"": 0.0408, ""swell"": 0.0538}","front,chl",Strong El Nino,2.16,100.0
2026-10-09,cortez_tanner,Cortez & Tanner Bank,offshore,yellowfin_tuna,Yellowfin Tuna,tuna,78.5,40.5,38.0,99.4,49.0,"6.7 ft seas, long-range run",False,71.24,4.0671627906976795,6.6929136,14.1,6.015000000000001,0.015097468607471298,,1.0,0.85,0.878,0.854,1.0,0.629,,,1.35,"{""sst"": 0.2997, ""season"": 0.1147, ""tide"": 0.0152, ""moon"": 0.0434, ""pressure"": 0.0375, ""swell"": 0.0433}","front,chl",Strong El Nino,2.16,100.0
2026-10-09,cortez_tanner,Cortez & Tanner Bank,offshore,dorado,Dorado (Mahi-Mahi),tuna,71.3,14.5,56.8,98.1,49.0,"6.7 ft seas, long-range run",False,71.24,4.0671627906976795,6.6929136,14.1,6.015000000000001,0.015097468607471298,,0.814,0.8,0.878,0.854,1.0,0.629,,,1.35,"{""sst"": 0.237, ""season"": 0.1016, ""tide"": 0.0152, ""moon"": 0.0289, ""pressure"": 0.0375, ""swell"": 0.0371}","front,chl",Strong El Nino,2.16,100.0
2026-10-10,cortez_tanner,Cortez & Tanner Bank,offshore,rockfish,Rockfish Complex,groundfish,23.8,55.6,-31.8,54.1,13.8,"21 kt wind, 7.7 ft seas, long-range run",True,70.61,3.4870736842105288,7.6771655999999995,21.3,6.423,0.0002792167927752054,,1.0,0.85,0.877,0.85,1.0,0.491,,,0.749,"{""sst"": 0.1078, ""season"": 0.0943, ""tide"": 0.0999, ""moon"": 0.0118, ""pressure"": 0.0616, ""swell"": -0.0072}",chl,Strong El Nino,2.16,0.0
2026-10-10,cortez_tanner,Cortez & Tanner Bank,offshore,yellowtail,California Yellowtail,pelagic,45.3,58.1,-12.8,97.3,13.8,"21 kt wind, 7.7 ft seas, long-range run",True,70.61,3.4870736842105288,7.6771655999999995,21.3,6.423,0.0002792167927752054,,1.0,0.75,0.612,0.85,1.0,0.542,,,1.314,"{""sst"": 0.231, ""season"": 0.0869, ""tide"": 0.0338, ""moon"": 0.0379, ""pressure"": 0.0495, ""swell"": 0.0116}","front,chl",Strong El Nino,2.16,53.6
2026-10-10,cortez_tanner,Cortez & Tanner Bank,offshore,bluefin_tuna,Pacific Bluefin Tuna,tuna,45.2,55.4,-10.2,97.2,13.8,"21 kt wind, 7.7 ft seas, long-range run",True,70.61,3.4870736842105288,7.6771655999999995,21.3,6.423,0.0002792167927752054,,1.0,0.8,0.895,1.0,1.0,0.542,,,1.251,"{""sst"": 0.2039, ""season"": 0.0968, ""tide"": 0.0342, ""moon"": 0.1019, ""pressure"": 0.0408, ""swell"": 0.0191}","front,chl",Strong El Nino,2.16,45.6
2026-10-10,cortez_tanner,Cortez & Tanner Bank,offshore,yellowfin_tuna,Yellowfin Tuna,tuna,50.2,39.9,10.3,99.1,13.8,"21 kt wind, 7.7 ft seas, long-range run",True,70.61,3.4870736842105288,7.6771655999999995,21.3,6.423,0.0002792167927752054,,1.0,0.85,0.895,0.85,1.0,0.542,,,1.35,"{""sst"": 0.2997, ""season"": 0.1147, ""tide"": 0.0157, ""moon"": 0.043, ""pressure"": 0.0375, ""swell"": 0.0154}","front,chl",Strong El Nino,2.16,91.3
2026-10-10,cortez_tanner,Cortez & Tanner Bank,offshore,dorado,Dorado (Mahi-Mahi),tuna,41.3,14.5,26.8,93.3,13.8,"21 kt wind, 7.7 ft seas, long-range run",True,70.61,3.4870736842105288,7.6771655999999995,21.3,6.423,0.0002792167927752054,,0.659,0.8,0.895,0.85,1.0,0.542,,,1.35,"{""sst"": 0.1347, ""season"": 0.1016, ""tide"": 0.0157, ""moon"": 0.0287, ""pressure"": 0.0375, ""swell"": 0.0132}","front,chl",Strong El Nino,2.16,100.0
2026-10-11,cortez_tanner,Cortez & Tanner Bank,offshore,rockfish,Rockfish Complex,groundfish,9.2,55.6,-46.4,24.2,5.0,"23 kt wind, 15.5 ft seas, long-range run",True,69.8,2.7222035294117717,15.485564799999999,22.9,6.516,0.007679795233243747,,1.0,0.85,0.876,0.852,0.85,0.05,,,0.804,"{""sst"": 0.1078, ""season"": 0.0943, ""tide"": 0.0998, ""moon"": 0.0118, ""pressure"": 0.0472, ""swell"": -0.8699}",chl,Strong El Nino,2.16,0.0
2026-10-11,cortez_tanner,Cortez & Tanner Bank,offshore,yellowtail,California Yellowtail,pelagic,26.4,58.1,-31.7,68.9,5.0,"23 kt wind, 15.5 ft seas, long-range run",True,69.8,2.7222035294117717,15.485564799999999,22.9,6.516,0.007679795233243747,,1.0,0.75,0.625,0.852,0.85,0.05,,,1.245,"{""sst"": 0.231, ""season"": 0.0869, ""tide"": 0.0371, ""moon"": 0.0381, ""pressure"": 0.0379, ""swell"": -0.3289}","front,chl",Strong El Nino,2.16,16.4
2026-10-11,cortez_tanner,Cortez & Tanner Bank,offshore,bluefin_tuna,Pacific Bluefin Tuna,tuna,21.2,55.4,-34.2,55.5,5.0,"23 kt wind, 15.5 ft seas, long-range run",True,69.8,2.7222035294117717,15.485564799999999,22.9,6.516,0.007679795233243747,,1.0,0.8,0.895,0.992,0.85,0.05,,,1.196,"{""sst"": 0.2039, ""season"": 0.0968, ""tide"": 0.0342, ""moon"": 0.1008, ""pressure"": 0.0312, ""swell"": -0.5418}","front,chl",Strong El Nino,2.16,0.0
2026-10-11,cortez_tanner,Cortez & Tanner Bank,offshore,yellowfin_tuna,Yellowfin Tuna,tuna,27.0,39.5,-12.5,70.6,5.0,"23 kt wind, 15.5 ft seas, long-range run",True,69.8,2.7222035294117717,15.485564799999999,22.9,6.516,0.007679795233243747,,0.951,0.85,0.895,0.852,0.85,0.05,,,1.35,"{""sst"": 0.278, ""season"": 0.1147, ""tide"": 0.0157, ""moon"": 0.0432, ""pressure"": 0.0287, ""swell"": -0.4356}","front,chl",Strong El Nino,2.16,74.3
2026-10-11,cortez_tanner,Cortez & Tanner Bank,offshore,dorado,Dorado (Mahi-Mahi),tuna,20.3,14.6,5.7,53.2,5.0,"23 kt wind, 15.5 ft seas, long-range run",True,69.8,2.7222035294117717,15.485564799999999,22.9,6.516,0.007679795233243747,,0.461,0.8,0.895,0.852,0.85,0.05,,,1.35,"{""sst"": -0.0395, ""season"": 0.1016, ""tide"": 0.0157, ""moon"": 0.0288, ""pressure"": 0.0287, ""swell"": -0.3734}","front,chl",Strong El Nino,2.16,92.3
2026-10-12,cortez_tanner,Cortez & Tanner Bank,offshore,rockfish,Rockfish Complex,groundfish,27.6,55.5,-27.9,48.1,34.5,"9.8 ft seas, long-range run",True,68.72,1.6856520710059186,9.84252,13.6,6.3100000000000005,0.035700175796790634,,1.0,0.85,0.906,0.859,0.4,0.286,,,0.879,"{""sst"": 0.1078, ""season"": 0.0943, ""tide"": 0.1057, ""moon"": 0.012, ""pressure"": -0.0198, ""swell"": -0.2105}",chl,Strong El Nino,2.16,27.3
2026-10-12,cortez_tanner,Cortez & Tanner Bank,offshore,yellowtail,California Yellowtail,pelagic,45.9,58.1,-12.2,79.9,34.5,"9.8 ft seas, long-range run",True,68.72,1.6856520710059186,9.84252,13.6,6.3100000000000005,0.035700175796790634,,1.0,0.75,0.624,0.859,0.4,0.353,,,1.152,"{""sst"": 0.231, ""season"": 0.0869, ""tide"": 0.037, ""moon"": 0.0386, ""pressure"": -0.0159, ""swell"": -0.0498}","front,chl",Strong El Nino,2.16,53.8
2026-10-12,cortez_tanner,Cortez & Tanner Bank,offshore,bluefin_tuna,Pacific Bluefin Tuna,tuna,45.0,55.3,-10.3,78.4,34.5,"9.8 ft seas, long-range run",True,68.72,1.6856520710059186,9.84252,13.6,6.3100000000000005,0.035700175796790634,,1.0,0.8,0.882,0.964,0.4,0.353,,,1.121,"{""sst"": 0.2039, ""season"": 0.0968, ""tide"": 0.0334, ""moon"": 0.0966, ""pressure"": -0.0131, ""swell"": -0.0821}","front,chl",Strong El Nino,2.16,45.4
2026-10-12,cortez_tanner,Cortez & Tanner Bank,offshore,yellowfin_tuna,Yellowfin Tuna,tuna,46.2,38.9,7.3,80.3,34.5,"9.8 ft seas, long-range run",True,68.72,1.6856520710059186,9.84252,13.6,6.3100000000000005,0.035700175796790634,,0.686,0.85,0.882,0.859,0.4,0.353,,,1.273,"{""sst"": 0.137, ""season"": 0.1147, ""tide"": 0.0153, ""moon"": 0.0439, ""pressure"": -0.0121, ""swell"": -0.066}","front,chl",Strong El Nino,2.16,88.8
2026-10-12,cortez_tanner,Cortez & Tanner Bank,offshore,dorado,Dorado (Mahi-Mahi),tuna,26.3,14.5,11.8,45.7,34.5,"9.8 ft seas, long-range run",True,68.72,1.6856520710059186,9.84252,13.6,6.3100000000000005,0.035700175796790634,,0.196,0.8,0.882,0.859,0.4,0.353,,,1.334,"{""sst"": -0.4546, ""season"": 0.1016, ""tide"": 0.0153, ""moon"": 0.0292, ""pressure"": -0.0121, ""swell"": -0.0566}","front,chl",Strong El Nino,2.16,94.3
2026-10-13,cortez_tanner,Cortez & Tanner Bank,offshore,rockfish,Rockfish Complex,groundfish,39.0,55.1,-16.1,64.8,38.6,"7.5 ft seas, long-range run",True,68.18,1.1992071428571478,7.545932,15.2,5.854,0.0819335649033684,,1.0,0.85,0.965,0.87,0.6,0.503,,,0.914,"{""sst"": 0.1078, ""season"": 0.0943, ""tide"": 0.1169, ""moon"": 0.0123, ""pressure"": 0.0162, ""swell"": 0.0023}",chl,Strong El Nino,2.16,46.7
2026-10-13,cortez_tanner,Cortez & Tanner Bank,offshore,yellowtail,California Yellowtail,pelagic,50.7,57.8,-7.1,84.3,38.6,"7.5 ft seas, long-range run",True,68.18,1.1992071428571478,7.545932,15.2,5.854,0.0819335649033684,,1.0,0.75,0.615,0.87,0.6,0.554,,,1.108,"{""sst"": 0.231, ""season"": 0.0869, ""tide"": 0.0346, ""moon"": 0.0396, ""pressure"": 0.013, ""swell"": 0.0146}","front,chl",Strong El Nino,2.16,59.6
2026-10-13,cortez_tanner,Cortez & Tanner Bank,offshore,bluefin_tuna,Pacific Bluefin Tuna,tuna,51.5,55.0,-3.5,85.7,38.6,"7.5 ft seas, long-range run",True,68.18,1.1992071428571478,7.545932,15.2,5.854,0.0819335649033684,,1.0,0.8,0.856,0.918,0.6,0.554,,,1.086,"{""sst"": 0.2039, ""season"": 0.0968, ""tide"": 0.0316, ""moon"": 0.0894, ""pressure"": 0.0107, ""swell"": 0.0241}","front,chl",Strong El Nino,2.16,58.5
2026-10-13,cortez_tanner,Cortez & Tanner Bank,offshore,yellowfin_tuna,Yellowfin Tuna,tuna,46.0,38.1,7.9,76.5,38.6,"7.5 ft seas, long-range run",True,68.18,1.1992071428571478,7.545932,15.2,5.854,0.0819335649033684,,0.554,0.85,0.856,0.87,0.6,0.554,,,1.194,"{""sst"": 0.0444, ""season"": 0.1147, ""tide"": 0.0145, ""moon"": 0.045, ""pressure"": 0.0099, ""swell"": 0.0193}","front,chl",Strong El Nino,2.16,88.5
2026-10-13,cortez_tanner,Cortez & Tanner Bank,offshore,dorado,Dorado (Mahi-Mahi),tuna,16.3,14.5,1.8,27.1,38.6,"7.5 ft seas, long-range run",True,68.18,1.1992071428571478,7.545932,15.2,5.854,0.0819335649033684,,0.064,0.8,0.856,0.87,0.6,0.554,,,1.237,"{""sst"": -0.9993, ""season"": 0.1016, ""tide"": 0.0145, ""moon"": 0.03, ""pressure"": 0.0099, ""swell"": 0.0166}","front,chl",Strong El Nino,2.16,91.8
2026-10-14,cortez_tanner,Cortez & Tanner Bank,offshore,rockfish,Rockfish Complex,groundfish,46.0,55.0,-9.0,71.2,45.5,"6.3 ft seas, long-range run",True,67.91,0.9968443113772452,6.299212799999999,15.7,5.216,0.1434931801229401,,1.0,0.85,0.956,0.886,0.6,0.621,,,0.928,"{""sst"": 0.1078, ""season"": 0.0943, ""tide"": 0.1153, ""moon"": 0.0127, ""pressure"": 0.0162, ""swell"": 0.0816}",chl,Strong El Nino,2.16,56.6
2026-10-14,cortez_tanner,Cortez & Tanner Bank,offshore,yellowtail,California Yellowtail,pelagic,54.9,57.7,-2.8,84.9,45.5,"6.3 ft seas, long-range run",True,67.91,0.9968443113772452,6.299212799999999,15.7,5.216,0.1434931801229401,,1.0,0.75,0.604,0.886,0.6,0.663,,,1.09,"{""sst"": 0.231, ""season"": 0.0869, ""tide"": 0.0315, ""moon"": 0.0409, ""pressure"": 0.013, ""swell"": 0.0403}","front,chl",Strong El Nino,2.16,63.7
2026-10-14,cortez_tanner,Cortez & Tanner Bank,offshore,bluefin_tuna,Pacific Bluefin Tuna,tuna,56.3,54.9,1.4,87.1,45.5,"6.3 ft seas, long-range run",True,67.91,0.9968443113772452,6.299212799999999,15.7,5.216,0.1434931801229401,,1.0,0.8,0.821,0.857,0.6,0.663,,,1.072,"{""sst"": 0.2039, ""season"": 0.0968, ""tide"": 0.0291, ""moon"": 0.0792, ""pressure"": 0.0107, ""swell"": 0.0664}","front,chl",Strong El Nino,2.16,76.0
2026-10-14,cortez_tanner,Cortez & Tanner Bank,offshore,yellowfin_tuna,Yellowfin Tuna,tuna,47.1,37.3,9.8,72.9,45.5,"6.3 ft seas, long-range run",True,67.91,0.9968443113772452,6.299212799999999,15.7,5.216,0.1434931801229401,,0.488,0.85,0.821,0.886,0.6,0.663,,,1.161,"{""sst"": -0.0105, ""season"": 0.1147, ""tide"": 0.0134, ""moon"": 0.0464, ""pressure"": 0.0099, ""swell"": 0.0534}","front,chl",Strong El Nino,2.16,89.3
2026-10-14,cortez_tanner,Cortez & Tanner Bank,offshore,dorado,Dorado (Mahi-Mahi),tuna,9.9,14.4,-4.5,15.3,45.5,"6.3 ft seas, long-range run",True,67.91,0.9968443113772452,6.299212799999999,15.7,5.216,0.1434931801229401,,0.02,0.8,0.821,0.886,0.6,0.663,,,1.197,"{""sst"": -1.5659, ""season"": 0.1016, ""tide"": 0.0134, ""moon"": 0.0309, ""pressure"": 0.0099, ""swell"": 0.0457}","front,chl",Strong El Nino,2.16,41.5
2026-10-15,cortez_tanner,Cortez & Tanner Bank,offshore,rockfish,Rockfish Complex,groundfish,55.6,54.9,0.7,74.3,61.3,"5.2 ft seas, long-range run",True,68.18,1.3459120481927727,5.249344000000001,13.6,4.498,0.21732990055544216,,1.0,0.85,0.87,0.904,0.85,0.72,,,0.903,"{""sst"": 0.1078, ""season"": 0.0943, ""tide"": 0.0984, ""moon"": 0.0132, ""pressure"": 0.0472, ""swell"": 0.1375}",chl,Strong El Nino,2.16,76.5
2026-10-15,cortez_tanner,Cortez & Tanner Bank,offshore,yellowtail,California Yellowtail,pelagic,68.3,57.6,10.7,91.2,61.3,"5.2 ft seas, long-range run",True,68.18,1.3459120481927727,5.249344000000001,13.6,4.498,0.21732990055544216,,1.0,0.75,0.601,0.904,0.85,0.755,,,1.121,"{""sst"": 0.231, ""season"": 0.0869, ""tide"": 0.0307, ""moon"": 0.0423, ""pressure"": 0.0379, ""swell"": 0.0589}","front,chl",Strong El Nino,2.16,100.0
2026-10-15,cortez_tanner,Cortez & Tanner Bank,offshore,bluefin_tuna,Pacific Bluefin Tuna,tuna,69.1,54.8,14.3,92.1,61.3,"5.2 ft seas, long-range run",True,68.18,1.3459120481927727,5.249344000000001,13.6,4.498,0.21732990055544216,,1.0,0.8,0.782,0.783,0.85,0.755,,,1.097,"{""sst"": 0.2039, ""season"": 0.0968, ""tide"": 0.0263, ""moon"": 0.0659, ""pressure"": 0.0312, ""swell"": 0.0969}","front,chl",Strong El Nino,2.16,100.0
2026-10-15,cortez_tanner,Cortez & Tanner Bank,offshore,yellowfin_tuna,Yellowfin Tuna,tuna,63.1,36.2,26.9,84.4,61.3,"5.2 ft seas, long-range run",True,68.18,1.3459120481927727,5.249344000000001,13.6,4.498,0.21732990055544216,,0.554,0.85,0.782,0.904,0.85,0.755,,,1.218,"{""sst"": 0.0444, ""season"": 0.1147, ""tide"": 0.0121, ""moon"": 0.048, ""pressure"": 0.0287, ""swell"": 0.0779}","front,chl",Strong El Nino,2.16,100.0
2026-10-15,cortez_tanner,Cortez & Tanner Bank,offshore,dorado,Dorado (Mahi-Mahi),tuna,22.2,14.4,7.8,29.7,61.3,"5.2 ft seas, long-range run",True,68.18,1.3459120481927727,5.249344000000001,13.6,4.498,0.21732990055544216,,0.064,0.8,0.782,0.904,0.85,0.755,,,1.266,"{""sst"": -0.9993, ""season"": 0.1016, ""tide"": 0.0121, ""moon"": 0.032, ""pressure"": 0.0287, ""swell"": 0.0668}","front,chl",Strong El Nino,2.16,92.6
2026-09-25,la_jolla,La Jolla Kelp & Canyon,nearshore,california_halibut,California Halibut,flatfish,11.7,55.4,-43.7,11.7,100.0,workable,False,74.39,3.936073684210527,3.28084,8.5,,0.9834832009922474,,0.02,0.65,,0.982,,0.812,,,0.787,"{""sst"": -1.4306, ""season"": 0.0833, ""moon"": 0.0536, ""swell"": 0.077}","tide,pressure,chl",Strong El Nino,2.16,0.0
2026-09-25,la_jolla,La Jolla Kelp & Canyon,nearshore,calico_bass,Calico Bass (Kelp Bass),bass,97.4,69.1,28.3,97.4,100.0,workable,False,74.39,3.936073684210527,3.28084,8.5,,0.9834832009922474,,0.936,0.9,,0.854,,0.879,,,1.142,"{""sst"": 0.2399, ""season"": 0.1902, ""moon"": 0.0472, ""swell"": 0.1162}","tide,pressure,chl",Strong El Nino,2.16,100.0
2026-09-25,la_jolla,La Jolla Kelp & Canyon,nearshore,rockfish,Rockfish Complex,groundfish,62.5,69.0,-6.5,62.5,100.0,workable,False,74.39,3.936073684210527,3.28084,8.5,,0.9834832009922474,,0.771,0.9,,0.854,,0.905,,,0.717,"{""sst"": 0.0918, ""season"": 0.1425, ""moon"": 0.0162, ""swell"": 0.3057}","tide,pressure,chl",Strong El Nino,2.16,23.2
2026-09-25,la_jolla,La Jolla Kelp & Canyon,nearshore,sheephead,California Sheephead,groundfish,92.5,69.1,23.4,92.5,100.0,workable,False,74.39,3.936073684210527,3.28084,8.5,,0.9834832009922474,,1.0,0.95,,0.854,,0.879,,,1.0,"{""sst"": 0.1949, ""season"": 0.1605, ""moon"": 0.0167, ""swell"": 0.247}","tide,pressure,chl",Strong El Nino,2.16,100.0
2026-09-25,la_jolla,La Jolla Kelp & Canyon,nearshore,barracuda,California Barracuda,pelagic_inshore,89.2,67.6,21.6,89.2,100.0,workable,False,74.39,3.936073684210527,3.28084,8.5,,0.9834832009922474,,0.61,0.85,,0.854,,0.879,,,1.213,"{""sst"": 0.0901, ""season"": 0.1608, ""moon"": 0.0325, ""swell"": 0.1027}","tide,pressure,front,chl",Strong El Nino,2.16,100.0
2026-09-25,la_jolla,La Jolla Kelp & Canyon,nearshore,bonito,Pacific Bonito,pelagic_inshore,99.7,69.0,30.7,99.7,100.0,workable,False,74.39,3.936073684210527,3.28084,8.5,,0.9834832009922474,,0.936,0.95,,0.854,,0.927,,,1.35,"{""sst"": 0.2941, ""season"": 0.1805, ""moon"": 0.0167, ""swell"": 0.1351}","tide,pressure,front,chl",Strong El Nino,2.16,100.0
2026-09-25,la_jolla,La Jolla Kelp & Canyon,nearshore,yellowtail,California Yellowtail,pelagic,97.1,67.6,29.5,97.1,100.0,workable,False,74.39,3.936073684210527,3.28084,8.5,,0.9834832009922474,,0.61,0.9,,0.854,,0.927,,,1.35,"{""sst"": 0.0867, ""season"": 0.1653, ""moon"": 0.0502, ""swell"": 0.1158}","tide,pressure,front,chl",Strong El Nino,2.16,100.0
2026-09-25,la_jolla,La Jolla Kelp & Canyon,nearshore,white_seabass,White Seabass,pelagic,16.3,50.7,-34.4,16.3,100.0,workable,False,74.39,3.936073684210527,3.28084,8.5,,0.9834832009922474,,0.02,0.55,,0.351,,0.879,,,0.858,"{""sst"": -1.0116, ""season"": 0.0272, ""moon"": -0.0812, ""swell"": 0.0968}","tide,pressure,front,chl",Strong El Nino,2.16,0.0
2026-09-26,la_jolla,La Jolla Kelp & Canyon,nearshore,california_halibut,California Halibut,flatfish,14.3,55.7,-41.4,14.3,100.0,workable,False,74.3,3.9191232558139575,3.8713911999999997,7.9,,0.9995517538836435,,0.02,0.65,,1.0,1.0,0.74,,,0.788,"{""sst"": -1.2694, ""season"": 0.0739, ""moon"": 0.0488, ""pressure"": 0.0781, ""swell"": 0.0552}","tide,chl",Strong El Nino,2.16,0.0
2026-09-26,la_jolla,La Jolla Kelp & Canyon,nearshore,calico_bass,Calico Bass (Kelp Bass),bass,97.4,69.1,28.3,97.4,100.0,workable,False,74.3,3.9191232558139575,3.8713911999999997,7.9,,0.9995517538836435,,0.951,0.9,,0.85,1.0,0.819,,,1.141,"{""sst"": 0.2199, ""season"": 0.1701, ""moon"": 0.0419, ""pressure"": 0.073, ""swell"": 0.0909}","tide,chl",Strong El Nino,2.16,100.0
2026-09-26,la_jolla,La Jolla Kelp & Canyon,nearshore,rockfish,Rockfish Complex,groundfish,61.9,69.1,-7.2,61.9,100.0,workable,False,74.3,3.9191232558139575,3.8713911999999997,7.9,,0.9995517538836435,,0.782,0.9,,0.85,1.0,0.849,,,0.718,"{""sst"": 0.0845, ""season"": 0.1271, ""moon"": 0.0143, ""pressure"": 0.0749, ""swell"": 0.2435}","tide,chl",Strong El Nino,2.16,19.4
2026-09-26,la_jolla,La Jolla Kelp & Canyon,nearshore,sheephead,California Sheephead,groundfish,91.0,69.1,21.9,91.0,100.0,workable,False,74.3,3.9191232558139575,3.8713911999999997,7.9,,0.9995517538836435,,1.0,0.95,,0.85,1.0,0.819,,,1.0,"{""sst"": 0.1733, ""season"": 0.1426, ""moon"": 0.0147, ""pressure"": 0.077, ""swell"": 0.1919}","tide,chl",Strong El Nino,2.16,100.0
2026-09-26,la_jolla,La Jolla Kelp & Canyon,nearshore,barracuda,California Barracuda,pelagic_inshore,91.2,67.6,23.6,91.2,100.0,workable,False,74.3,3.9191232558139575,3.8713911999999997,7.9,,0.9995517538836435,,0.624,0.85,,0.85,1.0,0.819,,,1.212,"{""sst"": 0.0925, ""season"": 0.1474, ""moon"": 0.0295, ""pressure"": 0.0578, ""swell"": 0.0823}","tide,front,chl",Strong El Nino,2.16,100.0
2026-09-26,la_jolla,La Jolla Kelp & Canyon,nearshore,bonito,Pacific Bonito,pelagic_inshore,99.7,69.0,30.7,99.7,100.0,workable,False,74.3,3.9191232558139575,3.8713911999999997,7.9,,0.9995517538836435,,0.951,0.95,,0.85,1.0,0.876,,,1.35,"{""sst"": 0.2755, ""season"": 0.165, ""moon"": 0.0152, ""pressure"": 0.0594, ""swell"": 0.112}","tide,front,chl",Strong El Nino,2.16,100.0
2026-09-26,la_jolla,La Jolla Kelp & Canyon,nearshore,yellowtail,California Yellowtail,pelagic,97.7,67.6,30.1,97.7,100.0,workable,False,74.3,3.9191232558139575,3.8713911999999997,7.9,,0.9995517538836435,,0.624,0.9,,0.85,1.0,0.876,,,1.35,"{""sst"": 0.0888, ""season"": 0.1511, ""moon"": 0.0455, ""pressure"": 0.0594, ""swell"": 0.096}","tide,front,chl",Strong El Nino,2.16,100.0
2026-09-26,la_jolla,La Jolla Kelp & Canyon,nearshore,white_seabass,White Seabass,pelagic,18.4,51.0,-32.6,18.4,100.0,workable,False,74.3,3.9191232558139575,3.8713911999999997,7.9,,0.9995517538836435,,0.02,0.55,,0.35,1.0,0.819,,,0.859,"{""sst"": -0.9318, ""season"": 0.0251, ""moon"": -0.075, ""pressure"": 0.0547, ""swell"": 0.0779}","tide,front,chl",Strong El Nino,2.16,0.0
2026-09-27,la_jolla,La Jolla Kelp & Canyon,nearshore,california_halibut,California Halibut,flatfish,34.6,55.9,-21.3,34.6,100.0,workable,False,73.10300000000001,2.791030057803482,4.1994752,6.2,,0.9921059368700724,,0.167,0.65,,0.991,0.85,0.7,,,0.849,"{""sst"": -0.4336, ""season"": 0.0739, ""moon"": 0.0482, ""pressure"": 0.0598, ""swell"": 0.0473}","tide,chl",Strong El Nino,2.16,0.0
2026-09-27,la_jolla,La Jolla Kelp & Canyon,nearshore,calico_bass,Calico Bass (Kelp Bass),bass,96.0,69.1,26.9,96.0,100.0,workable,False,73.10300000000001,2.791030057803482,4.1994752,6.2,,0.9921059368700724,,1.0,0.9,,0.852,0.85,0.786,,,1.1,"{""sst"": 0.2371, ""season"": 0.1701, ""moon"": 0.0421, ""pressure"": 0.0559, ""swell"": 0.0832}","tide,chl",Strong El Nino,2.16,100.0
2026-09-27,la_jolla,La Jolla Kelp & Canyon,nearshore,rockfish,Rockfish Complex,groundfish,68.7,69.0,-0.3,68.7,100.0,workable,False,73.10300000000001,2.791030057803482,4.1994752,6.2,,0.9921059368700724,,0.928,0.9,,0.852,0.85,0.819,,,0.799,"{""sst"": 0.1171, ""season"": 0.1271, ""moon"": 0.0144, ""pressure"": 0.0574, ""swell"": 0.2265}","tide,chl",Strong El Nino,2.16,66.7
2026-09-27,la_jolla,La Jolla Kelp & Canyon,nearshore,sheephead,California Sheephead,groundfish,88.0,69.0,19.0,88.0,100.0,workable,False,73.10300000000001,2.791030057803482,4.1994752,6.2,,0.9921059368700724,,1.0,0.95,,0.852,0.85,0.786,,,1.0,"{""sst"": 0.1733, ""season"": 0.1426, ""moon"": 0.0148, ""pressure"": 0.059, ""swell"": 0.1757}","tide,chl",Strong El Nino,2.16,100.0
2026-09-27,la_jolla,La Jolla Kelp & Canyon,nearshore,barracuda,California Barracuda,pelagic_inshore,94.0,67.6,26.4,94.0,100.0,workable,False,73.10300000000001,2.791030057803482,4.1994752,6.2,,0.9921059368700724,,0.82,0.85,,0.852,0.85,0.786,,,1.151,"{""sst"": 0.206, ""season"": 0.1474, ""moon"": 0.0296, ""pressure"": 0.0442, ""swell"": 0.0753}","tide,front,chl",Strong El Nino,2.16,100.0
2026-09-27,la_jolla,La Jolla Kelp & Canyon,nearshore,bonito,Pacific Bonito,pelagic_inshore,99.3,69.0,30.3,99.3,100.0,workable,False,73.10300000000001,2.791030057803482,4.1994752,6.2,,0.9921059368700724,,1.0,0.95,,0.852,0.85,0.847,,,1.251,"{""sst"": 0.2971, ""season"": 0.165, ""moon"": 0.0152, ""pressure"": 0.0455, ""swell"": 0.1054}","tide,front,chl",Strong El Nino,2.16,100.0
2026-09-27,la_jolla,La Jolla Kelp & Canyon,nearshore,yellowtail,California Yellowtail,pelagic,98.0,67.6,30.4,98.0,100.0,workable,False,73.10300000000001,2.791030057803482,4.1994752,6.2,,0.9921059368700724,,0.82,0.9,,0.852,0.85,0.847,,,1.251,"{""sst"": 0.1978, ""season"": 0.1511, ""moon"": 0.0457, ""pressure"": 0.0455, ""swell"": 0.0903}","tide,front,chl",Strong El Nino,2.16,100.0
2026-09-27,la_jolla,La Jolla Kelp & Canyon,nearshore,white_seabass,White Seabass,pelagic,18.9,51.3,-32.4,18.9,100.0,workable,False,73.10300000000001,2.791030057803482,4.1994752,6.2,,0.9921059368700724,,0.02,0.55,,0.35,0.85,0.786,,,0.9,"{""sst"": -0.9318, ""season"": 0.0251, ""moon"": -0.0751, ""pressure"": 0.0419, ""swell"": 0.0713}","tide,front,chl",Strong El Nino,2.16,0.0
2026-09-28,la_jolla,La Jolla Kelp & Canyon,nearshore,california_halibut,California Halibut,flatfish,39.0,56.2,-17.2,39.3,98.8,workable,False,72.788,2.541879310344825,4.6587928,8.9,,0.9600738604541995,,0.218,0.65,,0.956,1.0,0.643,,,0.863,"{""sst"": -0.3274, ""season"": 0.0739, ""moon"": 0.0457, ""pressure"": 0.0781, ""swell"": 0.0355}","tide,chl",Strong El Nino,2.16,0.0
2026-09-28,la_jolla,La Jolla Kelp & Canyon,nearshore,calico_bass,Calico Bass (Kelp Bass),bass,95.6,69.1,26.5,95.9,98.8,workable,False,72.788,2.541879310344825,4.6587928,8.9,,0.9600738604541995,,1.0,0.9,,0.86,1.0,0.739,,,1.092,"{""sst"": 0.2371, ""season"": 0.1701, ""moon"": 0.0428, ""pressure"": 0.073, ""swell"": 0.0719}","tide,chl",Strong El Nino,2.16,100.0
2026-09-28,la_jolla,La Jolla Kelp & Canyon,nearshore,rockfish,Rockfish Complex,groundfish,69.8,68.9,0.9,70.3,98.8,workable,False,72.788,2.541879310344825,4.6587928,8.9,,0.9600738604541995,,0.967,0.9,,0.86,1.0,0.775,,,0.817,"{""sst"": 0.1248, ""season"": 0.1271, ""moon"": 0.0147, ""pressure"": 0.0749, ""swell"": 0.2015}","tide,chl",Strong El Nino,2.16,80.6
2026-09-28,la_jolla,La Jolla Kelp & Canyon,nearshore,sheephead,California Sheephead,groundfish,86.8,69.0,17.8,87.5,98.8,workable,False,72.788,2.541879310344825,4.6587928,8.9,,0.9600738604541995,,1.0,0.95,,0.86,1.0,0.739,,,1.0,"{""sst"": 0.1733, ""season"": 0.1426, ""moon"": 0.0151, ""pressure"": 0.077, ""swell"": 0.1517}","tide,chl",Strong El Nino,2.16,100.0
2026-09-28,la_jolla,La Jolla Kelp & Canyon,nearshore,barracuda,California Barracuda,pelagic_inshore,94.5,67.6,26.9,94.9,98.8,workable,False,72.788,2.541879310344825,4.6587928,8.9,,0.9600738604541995,,0.871,0.85,,0.86,1.0,0.739,,,1.137,"{""sst"": 0.2314, ""season"": 0.1474, ""moon"": 0.0301, ""pressure"": 0.0578, ""swell"": 0.065}","tide,front,chl",Strong El Nino,2.16,100.0
2026-09-28,la_jolla,La Jolla Kelp & Canyon,nearshore,bonito,Pacific Bonito,pelagic_inshore,99.2,69.0,30.2,99.2,98.8,workable,False,72.788,2.541879310344825,4.6587928,8.9,,0.9600738604541995,,1.0,0.95,,0.86,1.0,0.807,,,1.229,"{""sst"": 0.2971, ""season"": 0.165, ""moon"": 0.0155, ""pressure"": 0.0594, ""swell"": 0.0956}","tide,front,chl",Strong El Nino,2.16,100.0
2026-09-28,la_jolla,La Jolla Kelp & Canyon,nearshore,yellowtail,California Yellowtail,pelagic,98.1,67.6,30.5,98.3,98.8,workable,False,72.788,2.541879310344825,4.6587928,8.9,,0.9600738604541995,,0.871,0.9,,0.86,1.0,0.807,,,1.229,"{""sst"": 0.2221, ""season"": 0.1511, ""moon"": 0.0465, ""pressure"": 0.0594, ""swell"": 0.082}","tide,front,chl",Strong El Nino,2.16,100.0
2026-09-28,la_jolla,La Jolla Kelp & Canyon,nearshore,white_seabass,White Seabass,pelagic,25.4,51.5,-26.1,25.6,98.8,workable,False,72.788,2.541879310344825,4.6587928,8.9,,0.9600738604541995,,0.055,0.55,,0.35,1.0,0.739,,,0.908,"{""sst"": -0.6409, ""season"": 0.0251, ""moon"": -0.0751, ""pressure"": 0.0547, ""swell"": 0.0616}","tide,front,chl",Strong El Nino,2.16,0.0
2026-09-29,la_jolla,La Jolla Kelp & Canyon,nearshore,california_halibut,California Halibut,flatfish,39.6,56.4,-16.8,41.0,94.8,5.2 ft seas,False,72.59179999999999,2.4136354285714248,5.1837272,8.7,,0.9040301216596538,,0.25,0.65,,0.894,1.0,0.579,,,0.87,"{""sst"": -0.2733, ""season"": 0.0739, ""moon"": 0.041, ""pressure"": 0.0781, ""swell"": 0.0207}","tide,chl",Strong El Nino,2.16,0.0
2026-09-29,la_jolla,La Jolla Kelp & Canyon,nearshore,calico_bass,Calico Bass (Kelp Bass),bass,93.3,69.0,24.3,95.2,94.8,5.2 ft seas,False,72.59179999999999,2.4136354285714248,5.1837272,8.7,,0.9040301216596538,,1.0,0.9,,0.874,1.0,0.685,,,1.087,"{""sst"": 0.2371, ""season"": 0.1701, ""moon"": 0.0441, ""pressure"": 0.073, ""swell"": 0.058}","tide,chl",Strong El Nino,2.16,100.0
2026-09-29,la_jolla,La Jolla Kelp & Canyon,nearshore,rockfish,Rockfish Complex,groundfish,67.0,68.9,-1.9,69.3,94.8,5.2 ft seas,False,72.59179999999999,2.4136354285714248,5.1837272,8.7,,0.9040301216596538,,0.991,0.9,,0.874,1.0,0.726,,,0.826,"{""sst"": 0.1294, ""season"": 0.1271, ""moon"": 0.0151, ""pressure"": 0.0749, ""swell"": 0.1712}","tide,chl",Strong El Nino,2.16,49.7
2026-09-29,la_jolla,La Jolla Kelp & Canyon,nearshore,sheephead,California Sheephead,groundfish,82.2,68.9,13.3,85.0,94.8,5.2 ft seas,False,72.59179999999999,2.4136354285714248,5.1837272,8.7,,0.9040301216596538,,1.0,0.95,,0.874,1.0,0.685,,,1.0,"{""sst"": 0.1733, ""season"": 0.1426, ""moon"": 0.0155, ""pressure"": 0.077, ""swell"": 0.1224}","tide,chl",Strong El Nino,2.16,100.0
2026-09-29,la_jolla,La Jolla Kelp & Canyon,nearshore,barracuda,California Barracuda,pelagic_inshore,92.8,67.6,25.2,94.8,94.8,5.2 ft seas,False,72.59179999999999,2.4136354285714248,5.1837272,8.7,,0.9040301216596538,,0.903,0.85,,0.874,1.0,0.685,,,1.13,"{""sst"": 0.2465, ""season"": 0.1474, ""moon"": 0.031, ""pressure"": 0.0578, ""swell"": 0.0525}","tide,front,chl",Strong El Nino,2.16,100.0
2026-09-29,la_jolla,La Jolla Kelp & Canyon,nearshore,bonito,Pacific Bonito,pelagic_inshore,98.6,69.0,29.6,99.0,94.8,5.2 ft seas,False,72.59179999999999,2.4136354285714248,5.1837272,8.7,,0.9040301216596538,,1.0,0.95,,0.874,1.0,0.761,,,1.217,"{""sst"": 0.2971, ""season"": 0.165, ""moon"": 0.016, ""pressure"": 0.0594, ""swell"": 0.0839}","tide,front,chl",Strong El Nino,2.16,100.0
2026-09-29,la_jolla,La Jolla Kelp & Canyon,nearshore,yellowtail,California Yellowtail,pelagic,97.5,67.6,29.9,98.2,94.8,5.2 ft seas,False,72.59179999999999,2.4136354285714248,5.1837272,8.7,,0.9040301216596538,,0.903,0.9,,0.874,1.0,0.761,,,1.217,"{""sst"": 0.2366, ""season"": 0.1511, ""moon"": 0.0479, ""pressure"": 0.0594, ""swell"": 0.0719}","tide,front,chl",Strong El Nino,2.16,100.0
2026-09-29,la_jolla,La Jolla Kelp & Canyon,nearshore,white_seabass,White Seabass,pelagic,28.1,51.8,-23.7,29.0,94.8,5.2 ft seas,False,72.59179999999999,2.4136354285714248,5.1837272,8.7,,0.9040301216596538,,0.087,0.55,,0.35,1.0,0.685,,,0.913,"{""sst"": -0.5073, ""season"": 0.0251, ""moon"": -0.0751, ""pressure"": 0.0547, ""swell"": 0.0497}","tide,front,chl",Strong El Nino,2.16,0.0
2026-09-30,la_jolla,La Jolla Kelp & Canyon,nearshore,california_halibut,California Halibut,flatfish,43.5,56.7,-13.2,43.5,100.0,workable,False,72.2858,2.168069318181807,3.7401576,9.5,,0.8263179887803223,,0.3,0.65,,0.809,0.6,0.756,,,0.883,"{""sst"": -0.2015, ""season"": 0.0739, ""moon"": 0.0339, ""pressure"": 0.0205, ""swell"": 0.0582}","tide,chl",Strong El Nino,2.16,1.6
2026-09-30,la_jolla,La Jolla Kelp & Canyon,nearshore,calico_bass,Calico Bass (Kelp Bass),bass,93.9,69.0,24.9,93.9,100.0,workable,False,72.2858,2.168069318181807,3.7401576,9.5,,0.8263179887803223,,1.0,0.9,,0.893,0.6,0.832,,,1.078,"{""sst"": 0.2371, ""season"": 0.1701, ""moon"": 0.0458, ""pressure"": 0.0192, ""swell"": 0.0939}","tide,chl",Strong El Nino,2.16,100.0
2026-09-30,la_jolla,La Jolla Kelp & Canyon,nearshore,rockfish,Rockfish Complex,groundfish,72.7,68.9,3.8,72.7,100.0,workable,False,72.2858,2.168069318181807,3.7401576,9.5,,0.8263179887803223,,1.0,0.9,,0.893,0.6,0.862,,,0.844,"{""sst"": 0.1311, ""season"": 0.1271, ""moon"": 0.0157, ""pressure"": 0.0197, ""swell"": 0.2502}","tide,chl",Strong El Nino,2.16,100.0
2026-09-30,la_jolla,La Jolla Kelp & Canyon,nearshore,sheephead,California Sheephead,groundfish,86.7,68.9,17.8,86.7,100.0,workable,False,72.2858,2.168069318181807,3.7401576,9.5,,0.8263179887803223,,1.0,0.95,,0.893,0.6,0.832,,,1.0,"{""sst"": 0.1733, ""season"": 0.1426, ""moon"": 0.0161, ""pressure"": 0.0203, ""swell"": 0.1982}","tide,chl",Strong El Nino,2.16,100.0
2026-09-30,la_jolla,La Jolla Kelp & Canyon,nearshore,barracuda,California Barracuda,pelagic_inshore,94.9,67.6,27.3,94.9,100.0,workable,False,72.2858,2.168069318181807,3.7401576,9.5,,0.8263179887803223,,0.953,0.85,,0.893,0.6,0.832,,,1.117,"{""sst"": 0.2689, ""season"": 0.1474, ""moon"": 0.0322, ""pressure"": 0.0152, ""swell"": 0.085}","tide,front,chl",Strong El Nino,2.16,100.0
2026-09-30,la_jolla,La Jolla Kelp & Canyon,nearshore,bonito,Pacific Bonito,pelagic_inshore,98.6,69.0,29.6,98.6,100.0,workable,False,72.2858,2.168069318181807,3.7401576,9.5,,0.8263179887803223,,1.0,0.95,,0.893,0.6,0.887,,,1.195,"{""sst"": 0.2971, ""season"": 0.165, ""moon"": 0.0166, ""pressure"": 0.0156, ""swell"": 0.1147}","tide,front,chl",Strong El Nino,2.16,100.0
2026-09-30,la_jolla,La Jolla Kelp & Canyon,nearshore,yellowtail,California Yellowtail,pelagic,98.0,67.6,30.4,98.0,100.0,workable,False,72.2858,2.168069318181807,3.7401576,9.5,,0.8263179887803223,,0.953,0.9,,0.893,0.6,0.887,,,1.195,"{""sst"": 0.2581, ""season"": 0.1511, ""moon"": 0.0498, ""pressure"": 0.0156, ""swell"": 0.0983}","tide,front,chl",Strong El Nino,2.16,100.0
2026-09-30,la_jolla,La Jolla Kelp & Canyon,nearshore,white_seabass,White Seabass,pelagic,33.1,52.0,-18.9,33.1,100.0,workable,False,72.2858,2.168069318181807,3.7401576,9.5,,0.8263179887803223,,0.137,0.55,,0.35,0.6,0.832,,,0.922,"{""sst"": -0.3755, ""season"": 0.0251, ""moon"": -0.0751, ""pressure"": 0.0144, ""swell"": 0.0805}","tide,front,chl",Strong El Nino,2.16,0.3
2026-10-01,la_jolla,La Jolla Kelp & Canyon,nearshore,california_halibut,California Halibut,flatfish,40.3,54.0,-13.7,40.3,100.0,workable,False,72.2876,2.219827118644062,3.2152232,9.1,,0.7309239695760712,,0.3,0.5,,0.704,0.6,0.82,,,0.88,"{""sst"": -0.2019, ""season"": 0.0, ""moon"": 0.0241, ""pressure"": 0.0205, ""swell"": 0.0697}","tide,chl",Strong El Nino,2.16,0.0
2026-10-01,la_jolla,La Jolla Kelp & Canyon,nearshore,calico_bass,Calico Bass (Kelp Bass),bass,89.7,65.3,24.4,89.7,100.0,workable,False,72.2876,2.219827118644062,3.2152232,9.1,,0.7309239695760712,,1.0,0.7,,0.917,0.6,0.886,,,1.08,"{""sst"": 0.2371, ""season"": 0.0974, ""moon"": 0.0479, ""pressure"": 0.0192, ""swell"": 0.1054}","tide,chl",Strong El Nino,2.16,100.0
2026-10-01,la_jolla,La Jolla Kelp & Canyon,nearshore,rockfish,Rockfish Complex,groundfish,73.4,68.2,5.2,73.4,100.0,workable,False,72.2876,2.219827118644062,3.2152232,9.1,,0.7309239695760712,,1.0,0.85,,0.917,0.6,0.911,,,0.84,"{""sst"": 0.1311, ""season"": 0.1147, ""moon"": 0.0164, ""pressure"": 0.0197, ""swell"": 0.2758}","tide,chl",Strong El Nino,2.16,100.0
2026-10-01,la_jolla,La Jolla Kelp & Canyon,nearshore,sheephead,California Sheephead,groundfish,86.7,67.7,19.0,86.7,100.0,workable,False,72.2876,2.219827118644062,3.2152232,9.1,,0.7309239695760712,,1.0,0.85,,0.917,0.6,0.886,,,1.0,"{""sst"": 0.1733, ""season"": 0.1179, ""moon"": 0.0169, ""pressure"": 0.0203, ""swell"": 0.2225}","tide,chl",Strong El Nino,2.16,100.0
2026-10-01,la_jolla,La Jolla Kelp & Canyon,nearshore,barracuda,California Barracuda,pelagic_inshore,89.0,63.0,26.0,89.0,100.0,workable,False,72.2876,2.219827118644062,3.2152232,9.1,,0.7309239695760712,,0.953,0.6,,0.917,0.6,0.886,,,1.12,"{""sst"": 0.2688, ""season"": 0.0506, ""moon"": 0.0337, ""pressure"": 0.0152, ""swell"": 0.0954}","tide,front,chl",Strong El Nino,2.16,100.0
2026-10-01,la_jolla,La Jolla Kelp & Canyon,nearshore,bonito,Pacific Bonito,pelagic_inshore,97.8,66.1,31.7,97.8,100.0,workable,False,72.2876,2.219827118644062,3.2152232,9.1,,0.7309239695760712,,1.0,0.75,,0.917,0.6,0.933,,,1.2,"{""sst"": 0.2971, ""season"": 0.1043, ""moon"": 0.0173, ""pressure"": 0.0156, ""swell"": 0.1248}","tide,front,chl",Strong El Nino,2.16,100.0
2026-10-01,la_jolla,La Jolla Kelp & Canyon,nearshore,yellowtail,California Yellowtail,pelagic,97.2,65.4,31.8,97.2,100.0,workable,False,72.2876,2.219827118644062,3.2152232,9.1,,0.7309239695760712,,0.953,0.75,,0.917,0.6,0.933,,,1.2,"{""sst"": 0.258, ""season"": 0.1043, ""moon"": 0.052, ""pressure"": 0.0156, ""swell"": 0.1069}","tide,front,chl",Strong El Nino,2.16,100.0
2026-10-01,la_jolla,La Jolla Kelp & Canyon,nearshore,white_seabass,White Seabass,pelagic,32.5,51.2,-18.7,32.5,100.0,workable,False,72.2876,2.219827118644062,3.2152232,9.1,,0.7309239695760712,,0.136,0.5,,0.35,0.6,0.886,,,0.92,"{""sst"": -0.3761, ""season"": 0.0, ""moon"": -0.075, ""pressure"": 0.0144, ""swell"": 0.0903}","tide,front,chl",Strong El Nino,2.16,0.0
2026-10-02,la_jolla,La Jolla Kelp & Canyon,nearshore,california_halibut,California Halibut,flatfish,37.1,54.2,-17.1,37.1,100.0,workable,False,72.6404,2.6493966101695037,3.0839895999999998,9.3,,0.6231352998941142,,0.242,0.5,,0.585,0.85,0.836,,,0.857,"{""sst"": -0.2861, ""season"": 0.0, ""moon"": 0.0111, ""pressure"": 0.0598, ""swell"": 0.0725}","tide,chl",Strong El Nino,2.16,0.0
2026-10-02,la_jolla,La Jolla Kelp & Canyon,nearshore,calico_bass,Calico Bass (Kelp Bass),bass,93.8,65.3,28.5,93.8,100.0,workable,False,72.6404,2.6493966101695037,3.0839895999999998,9.3,,0.6231352998941142,,1.0,0.7,,0.944,0.85,0.899,,,1.095,"{""sst"": 0.2371, ""season"": 0.0974, ""moon"": 0.0502, ""pressure"": 0.0559, ""swell"": 0.1082}","tide,chl",Strong El Nino,2.16,100.0
2026-10-02,la_jolla,La Jolla Kelp & Canyon,nearshore,rockfish,Rockfish Complex,groundfish,73.7,68.2,5.5,73.7,100.0,workable,False,72.6404,2.6493966101695037,3.0839895999999998,9.3,,0.6231352998941142,,0.985,0.85,,0.944,0.85,0.924,,,0.809,"{""sst"": 0.1283, ""season"": 0.1147, ""moon"": 0.0172, ""pressure"": 0.0574, ""swell"": 0.282}","tide,chl",Strong El Nino,2.16,100.0
2026-10-02,la_jolla,La Jolla Kelp & Canyon,nearshore,sheephead,California Sheephead,groundfish,90.7,67.6,23.1,90.7,100.0,workable,False,72.6404,2.6493966101695037,3.0839895999999998,9.3,,0.6231352998941142,,1.0,0.85,,0.944,0.85,0.899,,,1.0,"{""sst"": 0.1733, ""season"": 0.1179, ""moon"": 0.0177, ""pressure"": 0.059, ""swell"": 0.2284}","tide,chl",Strong El Nino,2.16,100.0
2026-10-02,la_jolla,La Jolla Kelp & Canyon,nearshore,barracuda,California Barracuda,pelagic_inshore,91.4,63.0,28.4,91.4,100.0,workable,False,72.6404,2.6493966101695037,3.0839895999999998,9.3,,0.6231352998941142,,0.895,0.6,,0.944,0.85,0.899,,,1.143,"{""sst"": 0.2428, ""season"": 0.0506, ""moon"": 0.0353, ""pressure"": 0.0442, ""swell"": 0.0979}","tide,front,chl",Strong El Nino,2.16,100.0
2026-10-02,la_jolla,La Jolla Kelp & Canyon,nearshore,bonito,Pacific Bonito,pelagic_inshore,98.9,66.1,32.8,98.9,100.0,workable,False,72.6404,2.6493966101695037,3.0839895999999998,9.3,,0.6231352998941142,,1.0,0.75,,0.944,0.85,0.944,,,1.238,"{""sst"": 0.2971, ""season"": 0.1043, ""moon"": 0.0182, ""pressure"": 0.0455, ""swell"": 0.1272}","tide,front,chl",Strong El Nino,2.16,100.0
2026-10-02,la_jolla,La Jolla Kelp & Canyon,nearshore,yellowtail,California Yellowtail,pelagic,98.2,65.4,32.8,98.2,100.0,workable,False,72.6404,2.6493966101695037,3.0839895999999998,9.3,,0.6231352998941142,,0.895,0.75,,0.944,0.85,0.944,,,1.238,"{""sst"": 0.2331, ""season"": 0.1043, ""moon"": 0.0545, ""pressure"": 0.0455, ""swell"": 0.109}","tide,front,chl",Strong El Nino,2.16,100.0
2026-10-02,la_jolla,La Jolla Kelp & Canyon,nearshore,white_seabass,White Seabass,pelagic,28.1,51.5,-23.4,28.1,100.0,workable,False,72.6404,2.6493966101695037,3.0839895999999998,9.3,,0.6231352998941142,,0.079,0.5,,0.351,0.85,0.899,,,0.905,"{""sst"": -0.5351, ""season"": 0.0, ""moon"": -0.0747, ""pressure"": 0.0419, ""swell"": 0.0927}","tide,front,chl",Strong El Nino,2.16,0.0
2026-10-03,la_jolla,La Jolla Kelp & Canyon,nearshore,california_halibut,California Halibut,flatfish,32.7,54.6,-21.9,32.7,100.0,workable,False,73.35679999999999,3.4573016949152446,2.8871392,7.9,5.061,0.5090574688798968,,0.125,0.5,0.726,0.46,0.85,0.861,,,0.813,"{""sst"": -0.4085, ""season"": 0.0, ""tide"": 0.0944, ""moon"": -0.0044, ""pressure"": 0.0447, ""swell"": 0.0572}",chl,Strong El Nino,2.16,0.0
2026-10-03,la_jolla,La Jolla Kelp & Canyon,nearshore,calico_bass,Calico Bass (Kelp Bass),bass,94.2,65.3,28.9,94.2,100.0,workable,False,73.35679999999999,3.4573016949152446,2.8871392,7.9,5.061,0.5090574688798968,,1.0,0.7,0.75,0.973,0.85,0.92,,,1.124,"{""sst"": 0.1959, ""season"": 0.0805, ""tide"": 0.0706, ""moon"": 0.0434, ""pressure"": 0.0461, ""swell"": 0.0927}",chl,Strong El Nino,2.16,100.0
2026-10-03,la_jolla,La Jolla Kelp & Canyon,nearshore,rockfish,Rockfish Complex,groundfish,68.2,68.2,0.0,68.2,100.0,workable,False,73.35679999999999,3.4573016949152446,2.8871392,7.9,5.061,0.5090574688798968,,0.897,0.85,0.925,0.973,0.85,0.942,,,0.751,"{""sst"": 0.0909, ""season"": 0.0943, ""tide"": 0.1094, ""moon"": 0.0148, ""pressure"": 0.0472, ""swell"": 0.2394}",chl,Strong El Nino,2.16,59.8
2026-10-03,la_jolla,La Jolla Kelp & Canyon,nearshore,sheephead,California Sheephead,groundfish,87.7,67.6,20.1,87.7,100.0,workable,False,73.35679999999999,3.4573016949152446,2.8871392,7.9,5.061,0.5090574688798968,,1.0,0.85,0.75,0.973,0.85,0.92,,,1.0,"{""sst"": 0.1356, ""season"": 0.0923, ""tide"": 0.0883, ""moon"": 0.0145, ""pressure"": 0.0461, ""swell"": 0.1854}",chl,Strong El Nino,2.16,100.0
2026-10-03,la_jolla,La Jolla Kelp & Canyon,nearshore,barracuda,California Barracuda,pelagic_inshore,89.9,63.0,26.9,89.9,100.0,workable,False,73.35679999999999,3.4573016949152446,2.8871392,7.9,5.061,0.5090574688798968,,0.778,0.6,0.75,0.973,0.85,0.92,,,1.187,"{""sst"": 0.1544, ""season"": 0.0424, ""tide"": 0.0661, ""moon"": 0.031, ""pressure"": 0.037, ""swell"": 0.085}","front,chl",Strong El Nino,2.16,100.0
2026-10-03,la_jolla,La Jolla Kelp & Canyon,nearshore,bonito,Pacific Bonito,pelagic_inshore,99.3,66.1,33.2,99.3,100.0,workable,False,73.35679999999999,3.4573016949152446,2.8871392,7.9,5.061,0.5090574688798968,,1.0,0.75,0.807,0.973,0.85,0.962,,,1.311,"{""sst"": 0.2599, ""season"": 0.0912, ""tide"": 0.0598, ""moon"": 0.0166, ""pressure"": 0.0398, ""swell"": 0.1145}","front,chl",Strong El Nino,2.16,100.0
2026-10-03,la_jolla,La Jolla Kelp & Canyon,nearshore,yellowtail,California Yellowtail,pelagic,98.0,65.4,32.6,98.0,100.0,workable,False,73.35679999999999,3.4573016949152446,2.8871392,7.9,5.061,0.5090574688798968,,0.778,0.75,0.75,0.973,0.85,0.962,,,1.311,"{""sst"": 0.1475, ""season"": 0.0869, ""tide"": 0.0677, ""moon"": 0.0475, ""pressure"": 0.0379, ""swell"": 0.0934}","front,chl",Strong El Nino,2.16,100.0
2026-10-03,la_jolla,La Jolla Kelp & Canyon,nearshore,white_seabass,White Seabass,pelagic,23.2,51.8,-28.6,23.2,100.0,workable,False,73.35679999999999,3.4573016949152446,2.8871392,7.9,5.061,0.5090574688798968,,0.02,0.5,0.795,0.352,0.85,0.92,,,0.876,"{""sst"": -0.7697, ""season"": 0.0, ""tide"": 0.0806, ""moon"": -0.0611, ""pressure"": 0.0346, ""swell"": 0.0795}","front,chl",Strong El Nino,2.16,0.0
2026-10-04,la_jolla,La Jolla Kelp & Canyon,nearshore,california_halibut,California Halibut,flatfish,21.4,54.9,-33.5,22.8,90.9,workable,False,73.6988,3.880850847457623,2.4934384,14.6,2.063,0.3950846566449676,,0.069,0.5,0.406,0.565,0.6,0.909,,,0.79,"{""sst"": -0.5829, ""season"": 0.0, ""tide"": -0.0527, ""moon"": 0.0065, ""pressure"": 0.0154, ""swell"": 0.0629}",chl,Strong El Nino,2.16,0.0
2026-10-04,la_jolla,La Jolla Kelp & Canyon,nearshore,calico_bass,Calico Bass (Kelp Bass),bass,80.9,65.3,15.6,85.9,90.9,workable,False,73.6988,3.880850847457623,2.4934384,14.6,2.063,0.3950846566449676,,1.0,0.7,0.44,0.949,0.6,0.96,,,1.14,"{""sst"": 0.1959, ""season"": 0.0805, ""tide"": -0.0224, ""moon"": 0.0418, ""pressure"": 0.0159, ""swell"": 0.0992}",chl,Strong El Nino,2.16,100.0
2026-10-04,la_jolla,La Jolla Kelp & Canyon,nearshore,rockfish,Rockfish Complex,groundfish,57.0,68.2,-11.2,60.6,90.9,workable,False,73.6988,3.880850847457623,2.4934384,14.6,2.063,0.3950846566449676,,0.855,0.85,0.689,0.949,0.6,0.979,,,0.721,"{""sst"": 0.0835, ""season"": 0.0943, ""tide"": 0.0571, ""moon"": 0.0142, ""pressure"": 0.0162, ""swell"": 0.254}",chl,Strong El Nino,2.16,0.0
2026-10-04,la_jolla,La Jolla Kelp & Canyon,nearshore,sheephead,California Sheephead,groundfish,72.2,67.6,4.6,76.7,90.9,workable,False,73.6988,3.880850847457623,2.4934384,14.6,2.063,0.3950846566449676,,1.0,0.85,0.44,0.949,0.6,0.96,,,1.0,"{""sst"": 0.1356, ""season"": 0.0923, ""tide"": -0.028, ""moon"": 0.0139, ""pressure"": 0.0159, ""swell"": 0.1985}",chl,Strong El Nino,2.16,100.0
2026-10-04,la_jolla,La Jolla Kelp & Canyon,nearshore,barracuda,California Barracuda,pelagic_inshore,75.5,63.0,12.5,80.3,90.9,workable,False,73.6988,3.880850847457623,2.4934384,14.6,2.063,0.3950846566449676,,0.723,0.6,0.44,0.949,0.6,0.96,,,1.21,"{""sst"": 0.1284, ""season"": 0.0424, ""tide"": -0.0209, ""moon"": 0.0298, ""pressure"": 0.0127, ""swell"": 0.091}","front,chl",Strong El Nino,2.16,100.0
2026-10-04,la_jolla,La Jolla Kelp & Canyon,nearshore,bonito,Pacific Bonito,pelagic_inshore,98.6,66.1,32.5,99.3,90.9,workable,False,73.6988,3.880850847457623,2.4934384,14.6,2.063,0.3950846566449676,,1.0,0.75,0.702,0.949,0.6,0.996,,,1.349,"{""sst"": 0.2599, ""season"": 0.0912, ""tide"": 0.0424, ""moon"": 0.016, ""pressure"": 0.0137, ""swell"": 0.1206}","front,chl",Strong El Nino,2.16,100.0
2026-10-04,la_jolla,La Jolla Kelp & Canyon,nearshore,yellowtail,California Yellowtail,pelagic,89.7,65.4,24.3,94.1,90.9,workable,False,73.6988,3.880850847457623,2.4934384,14.6,2.063,0.3950846566449676,,0.723,0.75,0.44,0.949,0.6,0.996,,,1.349,"{""sst"": 0.1227, ""season"": 0.0869, ""tide"": -0.0214, ""moon"": 0.0458, ""pressure"": 0.013, ""swell"": 0.0985}","front,chl",Strong El Nino,2.16,100.0
2026-10-04,la_jolla,La Jolla Kelp & Canyon,nearshore,white_seabass,White Seabass,pelagic,18.8,52.1,-33.3,20.0,90.9,workable,False,73.6988,3.880850847457623,2.4934384,14.6,2.063,0.3950846566449676,,0.02,0.5,0.415,0.356,0.6,0.96,,,0.86,"{""sst"": -0.7697, ""season"": 0.0, ""tide"": -0.0323, ""moon"": -0.0592, ""pressure"": 0.0119, ""swell"": 0.0851}","front,chl",Strong El Nino,2.16,0.0
2026-10-05,la_jolla,La Jolla Kelp & Canyon,nearshore,california_halibut,California Halibut,flatfish,18.1,55.2,-37.1,18.1,100.0,workable,False,74.0444,4.32768068181818,3.0183728000000003,10.3,5.446,0.2874014624345155,,0.02,0.5,0.693,0.684,0.85,0.845,,,0.766,"{""sst"": -0.9487, ""season"": 0.0, ""tide"": 0.0823, ""moon"": 0.0165, ""pressure"": 0.0447, ""swell"": 0.0552}",chl,Strong El Nino,2.16,0.0
2026-10-05,la_jolla,La Jolla Kelp & Canyon,nearshore,calico_bass,Calico Bass (Kelp Bass),bass,94.8,65.3,29.5,94.8,100.0,workable,False,74.0444,4.32768068181818,3.0183728000000003,10.3,5.446,0.2874014624345155,,0.993,0.7,0.713,0.922,0.85,0.906,,,1.156,"{""sst"": 0.1938, ""season"": 0.0805, ""tide"": 0.0616, ""moon"": 0.0399, ""pressure"": 0.0461, ""swell"": 0.0905}",chl,Strong El Nino,2.16,100.0
2026-10-05,la_jolla,La Jolla Kelp & Canyon,nearshore,rockfish,Rockfish Complex,groundfish,61.7,68.1,-6.4,61.7,100.0,workable,False,74.0444,4.32768068181818,3.0183728000000003,10.3,5.446,0.2874014624345155,,0.813,0.85,0.974,0.922,0.85,0.93,,,0.688,"{""sst"": 0.0756, ""season"": 0.0943, ""tide"": 0.1186, ""moon"": 0.0136, ""pressure"": 0.0472, ""swell"": 0.2344}",chl,Strong El Nino,2.16,18.9
2026-10-05,la_jolla,La Jolla Kelp & Canyon,nearshore,sheephead,California Sheephead,groundfish,86.3,67.6,18.7,86.3,100.0,workable,False,74.0444,4.32768068181818,3.0183728000000003,10.3,5.446,0.2874014624345155,,1.0,0.85,0.713,0.922,0.85,0.906,,,1.0,"{""sst"": 0.1356, ""season"": 0.0923, ""tide"": 0.0771, ""moon"": 0.0133, ""pressure"": 0.0461, ""swell"": 0.181}",chl,Strong El Nino,2.16,100.0
2026-10-05,la_jolla,La Jolla Kelp & Canyon,nearshore,barracuda,California Barracuda,pelagic_inshore,87.4,63.0,24.4,87.4,100.0,workable,False,74.0444,4.32768068181818,3.0183728000000003,10.3,5.446,0.2874014624345155,,0.666,0.6,0.713,0.922,0.85,0.906,,,1.234,"{""sst"": 0.1, ""season"": 0.0424, ""tide"": 0.0577, ""moon"": 0.0285, ""pressure"": 0.037, ""swell"": 0.083}","front,chl",Strong El Nino,2.16,100.0
2026-10-05,la_jolla,La Jolla Kelp & Canyon,nearshore,bonito,Pacific Bonito,pelagic_inshore,99.5,66.0,33.5,99.5,100.0,workable,False,74.0444,4.32768068181818,3.0183728000000003,10.3,5.446,0.2874014624345155,,0.993,0.75,0.829,0.922,0.85,0.95,,,1.35,"{""sst"": 0.2572, ""season"": 0.0912, ""tide"": 0.0632, ""moon"": 0.0153, ""pressure"": 0.0398, ""swell"": 0.1124}","front,chl",Strong El Nino,2.16,100.0
2026-10-05,la_jolla,La Jolla Kelp & Canyon,nearshore,yellowtail,California Yellowtail,pelagic,97.1,65.4,31.7,97.1,100.0,workable,False,74.0444,4.32768068181818,3.0183728000000003,10.3,5.446,0.2874014624345155,,0.666,0.75,0.713,0.922,0.85,0.95,,,1.35,"{""sst"": 0.0956, ""season"": 0.0869, ""tide"": 0.0591, ""moon"": 0.0437, ""pressure"": 0.0379, ""swell"": 0.0917}","front,chl",Strong El Nino,2.16,100.0
2026-10-05,la_jolla,La Jolla Kelp & Canyon,nearshore,white_seabass,White Seabass,pelagic,22.0,52.4,-30.4,22.0,100.0,workable,False,74.0444,4.32768068181818,3.0183728000000003,10.3,5.446,0.2874014624345155,,0.02,0.5,0.717,0.365,0.85,0.906,,,0.844,"{""sst"": -0.7697, ""season"": 0.0, ""tide"": 0.0627, ""moon"": -0.0547, ""pressure"": 0.0346, ""swell"": 0.0776}","front,chl",Strong El Nino,2.16,0.0
2026-10-06,la_jolla,La Jolla Kelp & Canyon,nearshore,california_halibut,California Halibut,flatfish,17.6,55.6,-38.0,17.6,100.0,workable,False,74.3144,4.727550857142859,3.4120736000000003,7.6,5.657,0.19156317691553915,,0.02,0.5,0.65,0.789,1.0,0.796,,,0.745,"{""sst"": -0.9487, ""season"": 0.0, ""tide"": 0.0661, ""moon"": 0.024, ""pressure"": 0.0584, ""swell"": 0.049}",chl,Strong El Nino,2.16,0.0
2026-10-06,la_jolla,La Jolla Kelp & Canyon,nearshore,calico_bass,Calico Bass (Kelp Bass),bass,94.4,65.3,29.1,94.4,100.0,workable,False,74.3144,4.727550857142859,3.4120736000000003,7.6,5.657,0.19156317691553915,,0.949,0.7,0.666,0.898,1.0,0.866,,,1.17,"{""sst"": 0.181, ""season"": 0.0805, ""tide"": 0.0499, ""moon"": 0.0382, ""pressure"": 0.0603, ""swell"": 0.0836}",chl,Strong El Nino,2.16,100.0
2026-10-06,la_jolla,La Jolla Kelp & Canyon,nearshore,rockfish,Rockfish Complex,groundfish,58.8,68.1,-9.3,58.8,100.0,workable,False,74.3144,4.727550857142859,3.4120736000000003,7.6,5.657,0.19156317691553915,,0.78,0.85,0.986,0.898,1.0,0.893,,,0.66,"{""sst"": 0.0691, ""season"": 0.0943, ""tide"": 0.1208, ""moon"": 0.013, ""pressure"": 0.0616, ""swell"": 0.219}",chl,Strong El Nino,2.16,0.0
2026-10-06,la_jolla,La Jolla Kelp & Canyon,nearshore,sheephead,California Sheephead,groundfish,85.0,67.6,17.4,85.0,100.0,workable,False,74.3144,4.727550857142859,3.4120736000000003,7.6,5.657,0.19156317691553915,,1.0,0.85,0.666,0.898,1.0,0.866,,,1.0,"{""sst"": 0.1356, ""season"": 0.0923, ""tide"": 0.0624, ""moon"": 0.0127, ""pressure"": 0.0603, ""swell"": 0.1672}",chl,Strong El Nino,2.16,100.0
2026-10-06,la_jolla,La Jolla Kelp & Canyon,nearshore,barracuda,California Barracuda,pelagic_inshore,86.2,63.0,23.2,86.2,100.0,workable,False,74.3144,4.727550857142859,3.4120736000000003,7.6,5.657,0.19156317691553915,,0.622,0.6,0.666,0.898,1.0,0.866,,,1.255,"{""sst"": 0.0762, ""season"": 0.0424, ""tide"": 0.0467, ""moon"": 0.0272, ""pressure"": 0.0484, ""swell"": 0.0766}","front,chl",Strong El Nino,2.16,100.0
2026-10-06,la_jolla,La Jolla Kelp & Canyon,nearshore,bonito,Pacific Bonito,pelagic_inshore,99.5,66.0,33.5,99.5,100.0,workable,False,74.3144,4.727550857142859,3.4120736000000003,7.6,5.657,0.19156317691553915,,0.949,0.75,0.846,0.898,1.0,0.916,,,1.35,"{""sst"": 0.2402, ""season"": 0.0912, ""tide"": 0.0658, ""moon"": 0.0146, ""pressure"": 0.052, ""swell"": 0.1059}","front,chl",Strong El Nino,2.16,100.0
2026-10-06,la_jolla,La Jolla Kelp & Canyon,nearshore,yellowtail,California Yellowtail,pelagic,96.0,65.3,30.7,96.0,100.0,workable,False,74.3144,4.727550857142859,3.4120736000000003,7.6,5.657,0.19156317691553915,,0.622,0.75,0.666,0.898,1.0,0.916,,,1.35,"{""sst"": 0.0728, ""season"": 0.0869, ""tide"": 0.0478, ""moon"": 0.0418, ""pressure"": 0.0495, ""swell"": 0.0864}","front,chl",Strong El Nino,2.16,100.0
2026-10-06,la_jolla,La Jolla Kelp & Canyon,nearshore,white_seabass,White Seabass,pelagic,21.5,52.8,-31.3,21.5,100.0,workable,False,74.3144,4.727550857142859,3.4120736000000003,7.6,5.657,0.19156317691553915,,0.02,0.5,0.63,0.386,1.0,0.866,,,0.83,"{""sst"": -0.7697, ""season"": 0.0, ""tide"": 0.0402, ""moon"": -0.0451, ""pressure"": 0.0452, ""swell"": 0.0716}","front,chl",Strong El Nino,2.16,0.0
2026-10-07,la_jolla,La Jolla Kelp & Canyon,nearshore,california_halibut,California Halibut,flatfish,20.2,56.1,-35.9,20.2,100.0,workable,False,73.913,4.457731034482748,4.0682416,8.0,5.589,0.11217175383480282,,0.034,0.5,0.608,0.877,0.85,0.716,,,0.759,"{""sst"": -0.7905, ""season"": 0.0, ""tide"": 0.0495, ""moon"": 0.0296, ""pressure"": 0.0447, ""swell"": 0.0378}",chl,Strong El Nino,2.16,0.0
2026-10-07,la_jolla,La Jolla Kelp & Canyon,nearshore,calico_bass,Calico Bass (Kelp Bass),bass,92.4,65.3,27.1,92.4,100.0,workable,False,73.913,4.457731034482748,4.0682416,8.0,5.589,0.11217175383480282,,1.0,0.7,0.623,0.878,0.85,0.799,,,1.16,"{""sst"": 0.1959, ""season"": 0.0805, ""tide"": 0.0384, ""moon"": 0.0367, ""pressure"": 0.0461, ""swell"": 0.0713}",chl,Strong El Nino,2.16,100.0
2026-10-07,la_jolla,La Jolla Kelp & Canyon,nearshore,rockfish,Rockfish Complex,groundfish,58.5,68.2,-9.7,58.5,100.0,workable,False,73.913,4.457731034482748,4.0682416,8.0,5.589,0.11217175383480282,,0.829,0.85,0.976,0.878,0.85,0.831,,,0.679,"{""sst"": 0.0787, ""season"": 0.0943, ""tide"": 0.119, ""moon"": 0.0125, ""pressure"": 0.0472, ""swell"": 0.1919}",chl,Strong El Nino,2.16,0.0
2026-10-07,la_jolla,La Jolla Kelp & Canyon,nearshore,sheephead,California Sheephead,groundfish,80.6,67.6,13.0,80.6,100.0,workable,False,73.913,4.457731034482748,4.0682416,8.0,5.589,0.11217175383480282,,1.0,0.85,0.623,0.878,0.85,0.799,,,1.0,"{""sst"": 0.1356, ""season"": 0.0923, ""tide"": 0.048, ""moon"": 0.0122, ""pressure"": 0.0461, ""swell"": 0.1426}",chl,Strong El Nino,2.16,100.0
2026-10-07,la_jolla,La Jolla Kelp & Canyon,nearshore,barracuda,California Barracuda,pelagic_inshore,85.3,63.0,22.3,85.3,100.0,workable,False,73.913,4.457731034482748,4.0682416,8.0,5.589,0.11217175383480282,,0.688,0.6,0.623,0.878,0.85,0.799,,,1.241,"{""sst"": 0.1111, ""season"": 0.0424, ""tide"": 0.0359, ""moon"": 0.0262, ""pressure"": 0.037, ""swell"": 0.0654}","front,chl",Strong El Nino,2.16,100.0
2026-10-07,la_jolla,La Jolla Kelp & Canyon,nearshore,bonito,Pacific Bonito,pelagic_inshore,99.4,66.1,33.3,99.4,100.0,workable,False,73.913,4.457731034482748,4.0682416,8.0,5.589,0.11217175383480282,,1.0,0.75,0.851,0.878,0.85,0.858,,,1.35,"{""sst"": 0.2599, ""season"": 0.0912, ""tide"": 0.0664, ""moon"": 0.0141, ""pressure"": 0.0398, ""swell"": 0.0946}","front,chl",Strong El Nino,2.16,100.0
2026-10-07,la_jolla,La Jolla Kelp & Canyon,nearshore,yellowtail,California Yellowtail,pelagic,96.0,65.4,30.6,96.0,100.0,workable,False,73.913,4.457731034482748,4.0682416,8.0,5.589,0.11217175383480282,,0.688,0.75,0.623,0.878,0.85,0.858,,,1.35,"{""sst"": 0.1062, ""season"": 0.0869, ""tide"": 0.0368, ""moon"": 0.0402, ""pressure"": 0.0379, ""swell"": 0.0772}","front,chl",Strong El Nino,2.16,100.0
2026-10-07,la_jolla,La Jolla Kelp & Canyon,nearshore,white_seabass,White Seabass,pelagic,21.2,53.3,-32.1,21.2,100.0,workable,False,73.913,4.457731034482748,4.0682416,8.0,5.589,0.11217175383480282,,0.02,0.5,0.561,0.426,0.85,0.799,,,0.84,"{""sst"": -0.7697, ""season"": 0.0, ""tide"": 0.02, ""moon"": -0.028, ""pressure"": 0.0346, ""swell"": 0.0611}","front,chl",Strong El Nino,2.16,0.0
2026-10-08,la_jolla,La Jolla Kelp & Canyon,nearshore,california_halibut,California Halibut,flatfish,27.7,56.5,-28.8,27.7,100.0,workable,False,73.634,4.299149132947974,4.1338584,7.9,5.356,0.052647815303152434,,0.08,0.5,0.743,0.942,0.85,0.708,,,0.768,"{""sst"": -0.5409, ""season"": 0.0, ""tide"": 0.1001, ""moon"": 0.0333, ""pressure"": 0.0447, ""swell"": 0.0366}",chl,Strong El Nino,2.16,0.0
2026-10-08,la_jolla,La Jolla Kelp & Canyon,nearshore,calico_bass,Calico Bass (Kelp Bass),bass,94.1,65.3,28.8,94.1,100.0,workable,False,73.634,4.299149132947974,4.1338584,7.9,5.356,0.052647815303152434,,1.0,0.7,0.762,0.863,0.85,0.792,,,1.155,"{""sst"": 0.1959, ""season"": 0.0805, ""tide"": 0.0732, ""moon"": 0.0356, ""pressure"": 0.0461, ""swell"": 0.07}",chl,Strong El Nino,2.16,100.0
2026-10-08,la_jolla,La Jolla Kelp & Canyon,nearshore,rockfish,Rockfish Complex,groundfish,59.8,68.2,-8.4,59.8,100.0,workable,False,73.634,4.299149132947974,4.1338584,7.9,5.356,0.052647815303152434,,0.863,0.85,0.989,0.863,0.85,0.825,,,0.69,"{""sst"": 0.0849, ""season"": 0.0943, ""tide"": 0.1213, ""moon"": 0.0121, ""pressure"": 0.0472, ""swell"": 0.1891}",chl,Strong El Nino,2.16,7.4
2026-10-08,la_jolla,La Jolla Kelp & Canyon,nearshore,sheephead,California Sheephead,groundfish,83.9,67.6,16.3,83.9,100.0,workable,False,73.634,4.299149132947974,4.1338584,7.9,5.356,0.052647815303152434,,1.0,0.85,0.762,0.863,0.85,0.792,,,1.0,"{""sst"": 0.1356, ""season"": 0.0923, ""tide"": 0.0915, ""moon"": 0.0119, ""pressure"": 0.0461, ""swell"": 0.1401}",chl,Strong El Nino,2.16,100.0
2026-10-08,la_jolla,La Jolla Kelp & Canyon,nearshore,barracuda,California Barracuda,pelagic_inshore,89.3,63.0,26.3,89.3,100.0,workable,False,73.634,4.299149132947974,4.1338584,7.9,5.356,0.052647815303152434,,0.733,0.6,0.762,0.863,0.85,0.792,,,1.232,"{""sst"": 0.1335, ""season"": 0.0424, ""tide"": 0.0685, ""moon"": 0.0254, ""pressure"": 0.037, ""swell"": 0.0642}","front,chl",Strong El Nino,2.16,100.0
2026-10-08,la_jolla,La Jolla Kelp & Canyon,nearshore,bonito,Pacific Bonito,pelagic_inshore,99.4,66.1,33.3,99.4,100.0,workable,False,73.634,4.299149132947974,4.1338584,7.9,5.356,0.052647815303152434,,1.0,0.75,0.845,0.863,0.85,0.853,,,1.35,"{""sst"": 0.2599, ""season"": 0.0912, ""tide"": 0.0656, ""moon"": 0.0136, ""pressure"": 0.0398, ""swell"": 0.0934}","front,chl",Strong El Nino,2.16,100.0
2026-10-08,la_jolla,La Jolla Kelp & Canyon,nearshore,yellowtail,California Yellowtail,pelagic,97.7,65.4,32.3,97.7,100.0,workable,False,73.634,4.299149132947974,4.1338584,7.9,5.356,0.052647815303152434,,0.733,0.75,0.762,0.863,0.85,0.853,,,1.35,"{""sst"": 0.1276, ""season"": 0.0869, ""tide"": 0.0702, ""moon"": 0.039, ""pressure"": 0.0379, ""swell"": 0.0762}","front,chl",Strong El Nino,2.16,100.0
2026-10-08,la_jolla,La Jolla Kelp & Canyon,nearshore,white_seabass,White Seabass,pelagic,23.2,53.7,-30.5,23.2,100.0,workable,False,73.634,4.299149132947974,4.1338584,7.9,5.356,0.052647815303152434,,0.02,0.5,0.777,0.493,0.85,0.792,,,0.845,"{""sst"": -0.7697, ""season"": 0.0, ""tide"": 0.0767, ""moon"": -0.0026, ""pressure"": 0.0346, ""swell"": 0.06}","front,chl",Strong El Nino,2.16,0.0
2026-10-09,la_jolla,La Jolla Kelp & Canyon,nearshore,california_halibut,California Halibut,flatfish,16.6,56.8,-40.2,16.6,100.0,workable,False,74.12,4.880480232558142,4.3307088,8.3,5.472,0.015097468607471298,,0.02,0.5,0.555,0.983,1.0,0.684,,,0.736,"{""sst"": -0.9487, ""season"": 0.0, ""tide"": 0.0264, ""moon"": 0.0356, ""pressure"": 0.0584, ""swell"": 0.0329}",chl,Strong El Nino,2.16,0.0
2026-10-09,la_jolla,La Jolla Kelp & Canyon,nearshore,calico_bass,Calico Bass (Kelp Bass),bass,92.3,65.3,27.0,92.3,100.0,workable,False,74.12,4.880480232558142,4.3307088,8.3,5.472,0.015097468607471298,,0.98,0.7,0.569,0.854,1.0,0.772,,,1.176,"{""sst"": 0.1903, ""season"": 0.0805, ""tide"": 0.0226, ""moon"": 0.0349, ""pressure"": 0.0603, ""swell"": 0.0661}",chl,Strong El Nino,2.16,100.0
2026-10-09,la_jolla,La Jolla Kelp & Canyon,nearshore,rockfish,Rockfish Complex,groundfish,55.7,68.2,-12.5,55.7,100.0,workable,False,74.12,4.880480232558142,4.3307088,8.3,5.472,0.015097468607471298,,0.804,0.85,0.975,0.854,1.0,0.806,,,0.649,"{""sst"": 0.0738, ""season"": 0.0943, ""tide"": 0.1188, ""moon"": 0.0119, ""pressure"": 0.0616, ""swell"": 0.1805}",chl,Strong El Nino,2.16,0.0
2026-10-09,la_jolla,La Jolla Kelp & Canyon,nearshore,sheephead,California Sheephead,groundfish,79.2,67.6,11.6,79.2,100.0,workable,False,74.12,4.880480232558142,4.3307088,8.3,5.472,0.015097468607471298,,1.0,0.85,0.569,0.854,1.0,0.772,,,1.0,"{""sst"": 0.1356, ""season"": 0.0923, ""tide"": 0.0282, ""moon"": 0.0116, ""pressure"": 0.0603, ""swell"": 0.1323}",chl,Strong El Nino,2.16,100.0
2026-10-09,la_jolla,La Jolla Kelp & Canyon,nearshore,barracuda,California Barracuda,pelagic_inshore,84.5,63.0,21.5,84.5,100.0,workable,False,74.12,4.880480232558142,4.3307088,8.3,5.472,0.015097468607471298,,0.654,0.6,0.569,0.854,1.0,0.772,,,1.264,"{""sst"": 0.0935, ""season"": 0.0424, ""tide"": 0.0211, ""moon"": 0.0249, ""pressure"": 0.0484, ""swell"": 0.0606}","front,chl",Strong El Nino,2.16,100.0
2026-10-09,la_jolla,La Jolla Kelp & Canyon,nearshore,bonito,Pacific Bonito,pelagic_inshore,99.4,66.1,33.3,99.4,100.0,workable,False,74.12,4.880480232558142,4.3307088,8.3,5.472,0.015097468607471298,,0.98,0.75,0.851,0.854,1.0,0.835,,,1.35,"{""sst"": 0.2525, ""season"": 0.0912, ""tide"": 0.0665, ""moon"": 0.0134, ""pressure"": 0.052, ""swell"": 0.0898}","front,chl",Strong El Nino,2.16,100.0
2026-10-09,la_jolla,La Jolla Kelp & Canyon,nearshore,yellowtail,California Yellowtail,pelagic,94.9,65.4,29.5,94.9,100.0,workable,False,74.12,4.880480232558142,4.3307088,8.3,5.472,0.015097468607471298,,0.654,0.75,0.569,0.854,1.0,0.835,,,1.35,"{""sst"": 0.0894, ""season"": 0.0869, ""tide"": 0.0216, ""moon"": 0.0382, ""pressure"": 0.0495, ""swell"": 0.0733}","front,chl",Strong El Nino,2.16,100.0
2026-10-09,la_jolla,La Jolla Kelp & Canyon,nearshore,white_seabass,White Seabass,pelagic,21.6,54.0,-32.4,21.6,100.0,workable,False,74.12,4.880480232558142,4.3307088,8.3,5.472,0.015097468607471298,,0.02,0.5,0.478,0.591,1.0,0.772,,,0.824,"{""sst"": -0.7697, ""season"": 0.0, ""tide"": -0.0079, ""moon"": 0.0291, ""pressure"": 0.0452, ""swell"": 0.0567}","front,chl",Strong El Nino,2.16,0.0
2026-10-10,la_jolla,La Jolla Kelp & Canyon,nearshore,california_halibut,California Halibut,flatfish,26.0,57.1,-31.1,28.4,87.4,workable,True,73.49,4.340873684210507,4.0682416,15.6,5.891,0.0002792167927752054,,0.103,0.5,0.568,1.0,1.0,0.716,,,0.766,"{""sst"": -0.4648, ""season"": 0.0, ""tide"": 0.0321, ""moon"": 0.0365, ""pressure"": 0.0584, ""swell"": 0.0378}",chl,Strong El Nino,2.16,0.0
2026-10-10,la_jolla,La Jolla Kelp & Canyon,nearshore,calico_bass,Calico Bass (Kelp Bass),bass,84.8,65.3,19.5,92.1,87.4,workable,True,73.49,4.340873684210507,4.0682416,15.6,5.891,0.0002792167927752054,,1.0,0.7,0.58,0.85,1.0,0.799,,,1.156,"{""sst"": 0.1959, ""season"": 0.0805, ""tide"": 0.0257, ""moon"": 0.0346, ""pressure"": 0.0603, ""swell"": 0.0713}",chl,Strong El Nino,2.16,100.0
2026-10-10,la_jolla,La Jolla Kelp & Canyon,nearshore,rockfish,Rockfish Complex,groundfish,55.2,68.2,-13.0,60.1,87.4,workable,True,73.49,4.340873684210507,4.0682416,15.6,5.891,0.0002792167927752054,,0.881,0.85,0.937,0.85,1.0,0.831,,,0.687,"{""sst"": 0.0881, ""season"": 0.0943, ""tide"": 0.1117, ""moon"": 0.0118, ""pressure"": 0.0616, ""swell"": 0.1919}",chl,Strong El Nino,2.16,0.0
2026-10-10,la_jolla,La Jolla Kelp & Canyon,nearshore,sheephead,California Sheephead,groundfish,73.8,67.6,6.2,80.4,87.4,workable,True,73.49,4.340873684210507,4.0682416,15.6,5.891,0.0002792167927752054,,1.0,0.85,0.58,0.85,1.0,0.799,,,1.0,"{""sst"": 0.1356, ""season"": 0.0923, ""tide"": 0.0321, ""moon"": 0.0115, ""pressure"": 0.0603, ""swell"": 0.1426}",chl,Strong El Nino,2.16,100.0
2026-10-10,la_jolla,La Jolla Kelp & Canyon,nearshore,barracuda,California Barracuda,pelagic_inshore,80.4,63.0,17.4,87.5,87.4,workable,True,73.49,4.340873684210507,4.0682416,15.6,5.891,0.0002792167927752054,,0.757,0.6,0.58,0.85,1.0,0.799,,,1.234,"{""sst"": 0.1445, ""season"": 0.0424, ""tide"": 0.0241, ""moon"": 0.0247, ""pressure"": 0.0484, ""swell"": 0.0654}","front,chl",Strong El Nino,2.16,100.0
2026-10-10,la_jolla,La Jolla Kelp & Canyon,nearshore,bonito,Pacific Bonito,pelagic_inshore,98.7,66.1,32.6,99.5,87.4,workable,True,73.49,4.340873684210507,4.0682416,15.6,5.891,0.0002792167927752054,,1.0,0.75,0.868,0.85,1.0,0.858,,,1.35,"{""sst"": 0.2599, ""season"": 0.0912, ""tide"": 0.0689, ""moon"": 0.0133, ""pressure"": 0.052, ""swell"": 0.0946}","front,chl",Strong El Nino,2.16,100.0
2026-10-10,la_jolla,La Jolla Kelp & Canyon,nearshore,yellowtail,California Yellowtail,pelagic,93.1,65.4,27.7,97.0,87.4,workable,True,73.49,4.340873684210507,4.0682416,15.6,5.891,0.0002792167927752054,,0.757,0.75,0.58,0.85,1.0,0.858,,,1.35,"{""sst"": 0.1381, ""season"": 0.0869, ""tide"": 0.0246, ""moon"": 0.0379, ""pressure"": 0.0495, ""swell"": 0.0772}","front,chl",Strong El Nino,2.16,100.0
2026-10-10,la_jolla,La Jolla Kelp & Canyon,nearshore,white_seabass,White Seabass,pelagic,21.1,54.2,-33.1,22.9,87.4,workable,True,73.49,4.340873684210507,4.0682416,15.6,5.891,0.0002792167927752054,,0.02,0.5,0.478,0.715,1.0,0.799,,,0.844,"{""sst"": -0.7697, ""season"": 0.0, ""tide"": -0.0078, ""moon"": 0.0622, ""pressure"": 0.0452, ""swell"": 0.0611}","front,chl",Strong El Nino,2.16,0.0
2026-10-11,la_jolla,La Jolla Kelp & Canyon,nearshore,california_halibut,California Halibut,flatfish,11.6,57.5,-45.9,23.9,20.9,"21 kt wind, 15.4 ft seas",True,73.22,4.192242352941179,15.419948,20.6,6.0280000000000005,0.007679795233243747,,0.147,0.5,0.582,0.992,0.85,0.05,,,0.774,"{""sst"": -0.36, ""season"": 0.0, ""tide"": 0.0383, ""moon"": 0.036, ""pressure"": 0.0447, ""swell"": -0.2424}",chl,Strong El Nino,2.16,0.0
2026-10-11,la_jolla,La Jolla Kelp & Canyon,nearshore,calico_bass,Calico Bass (Kelp Bass),bass,29.0,65.3,-36.3,59.7,20.9,"21 kt wind, 15.4 ft seas",True,73.22,4.192242352941179,15.419948,20.6,6.0280000000000005,0.007679795233243747,,1.0,0.7,0.593,0.852,0.85,0.05,,,1.151,"{""sst"": 0.1959, ""season"": 0.0805, ""tide"": 0.0298, ""moon"": 0.0348, ""pressure"": 0.0461, ""swell"": -0.3504}",chl,Strong El Nino,2.16,0.0
2026-10-11,la_jolla,La Jolla Kelp & Canyon,nearshore,rockfish,Rockfish Complex,groundfish,10.2,68.2,-58.0,20.9,20.9,"21 kt wind, 15.4 ft seas",True,73.22,4.192242352941179,15.419948,20.6,6.0280000000000005,0.007679795233243747,,0.914,0.85,0.93,0.852,0.85,0.05,,,0.698,"{""sst"": 0.0938, ""season"": 0.0943, ""tide"": 0.1104, ""moon"": 0.0118, ""pressure"": 0.0472, ""swell"": -0.8699}",chl,Strong El Nino,2.16,0.0
2026-10-11,la_jolla,La Jolla Kelp & Canyon,nearshore,sheephead,California Sheephead,groundfish,16.6,67.6,-51.0,34.3,20.9,"21 kt wind, 15.4 ft seas",True,73.22,4.192242352941179,15.419948,20.6,6.0280000000000005,0.007679795233243747,,1.0,0.85,0.593,0.852,0.85,0.05,,,1.0,"{""sst"": 0.1356, ""season"": 0.0923, ""tide"": 0.0373, ""moon"": 0.0116, ""pressure"": 0.0461, ""swell"": -0.7008}",chl,Strong El Nino,2.16,0.0
2026-10-11,la_jolla,La Jolla Kelp & Canyon,nearshore,barracuda,California Barracuda,pelagic_inshore,29.1,63.0,-33.9,59.8,20.9,"21 kt wind, 15.4 ft seas",True,73.22,4.192242352941179,15.419948,20.6,6.0280000000000005,0.007679795233243747,,0.801,0.6,0.593,0.852,0.85,0.05,,,1.226,"{""sst"": 0.1643, ""season"": 0.0424, ""tide"": 0.0279, ""moon"": 0.0248, ""pressure"": 0.037, ""swell"": -0.3213}","front,chl",Strong El Nino,2.16,0.0
2026-10-11,la_jolla,La Jolla Kelp & Canyon,nearshore,bonito,Pacific Bonito,pelagic_inshore,35.2,66.1,-30.9,72.4,20.9,"21 kt wind, 15.4 ft seas",True,73.22,4.192242352941179,15.419948,20.6,6.0280000000000005,0.007679795233243747,,1.0,0.75,0.871,0.852,0.85,0.05,,,1.35,"{""sst"": 0.2599, ""season"": 0.0912, ""tide"": 0.0694, ""moon"": 0.0133, ""pressure"": 0.0398, ""swell"": -0.403}","front,chl",Strong El Nino,2.16,26.8
2026-10-11,la_jolla,La Jolla Kelp & Canyon,nearshore,yellowtail,California Yellowtail,pelagic,33.4,65.4,-32.0,68.8,20.9,"21 kt wind, 15.4 ft seas",True,73.22,4.192242352941179,15.419948,20.6,6.0280000000000005,0.007679795233243747,,0.801,0.75,0.593,0.852,0.85,0.05,,,1.35,"{""sst"": 0.157, ""season"": 0.0869, ""tide"": 0.0286, ""moon"": 0.0381, ""pressure"": 0.0379, ""swell"": -0.3289}","front,chl",Strong El Nino,2.16,3.6
2026-10-11,la_jolla,La Jolla Kelp & Canyon,nearshore,white_seabass,White Seabass,pelagic,8.0,54.6,-46.6,16.5,20.9,"21 kt wind, 15.4 ft seas",True,73.22,4.192242352941179,15.419948,20.6,6.0280000000000005,0.007679795233243747,,0.02,0.5,0.496,0.844,0.85,0.05,,,0.849,"{""sst"": -0.7697, ""season"": 0.0, ""tide"": -0.0013, ""moon"": 0.091, ""pressure"": 0.0346, ""swell"": -0.3003}","front,chl",Strong El Nino,2.16,0.0
2026-10-12,la_jolla,La Jolla Kelp & Canyon,nearshore,california_halibut,California Halibut,flatfish,30.3,57.9,-27.6,33.8,84.5,6.6 ft seas,True,72.59,3.697231952662719,6.56168,8.1,5.892,0.035700175796790634,,0.25,0.5,0.584,0.961,0.4,0.41,,,0.8,"{""sst"": -0.2039, ""season"": 0.0, ""tide"": 0.0391, ""moon"": 0.0344, ""pressure"": -0.0188, ""swell"": -0.0208}",chl,Strong El Nino,2.16,0.0
2026-10-12,la_jolla,La Jolla Kelp & Canyon,nearshore,calico_bass,Calico Bass (Kelp Bass),bass,71.3,65.3,6.0,79.3,84.5,6.6 ft seas,True,72.59,3.697231952662719,6.56168,8.1,5.892,0.035700175796790634,,1.0,0.7,0.597,0.859,0.4,0.544,,,1.133,"{""sst"": 0.1959, ""season"": 0.0805, ""tide"": 0.0309, ""moon"": 0.0353, ""pressure"": -0.0194, ""swell"": 0.0129}",chl,Strong El Nino,2.16,100.0
2026-10-12,la_jolla,La Jolla Kelp & Canyon,nearshore,rockfish,Rockfish Complex,groundfish,47.9,68.2,-20.3,53.3,84.5,6.6 ft seas,True,72.59,3.697231952662719,6.56168,8.1,5.892,0.035700175796790634,,0.991,0.85,0.954,0.859,0.4,0.596,,,0.734,"{""sst"": 0.1064, ""season"": 0.0943, ""tide"": 0.1148, ""moon"": 0.012, ""pressure"": -0.0198, ""swell"": 0.0662}",chl,Strong El Nino,2.16,0.0
2026-10-12,la_jolla,La Jolla Kelp & Canyon,nearshore,sheephead,California Sheephead,groundfish,59.7,67.6,-7.9,66.5,84.5,6.6 ft seas,True,72.59,3.697231952662719,6.56168,8.1,5.892,0.035700175796790634,,1.0,0.85,0.597,0.859,0.4,0.544,,,1.0,"{""sst"": 0.1356, ""season"": 0.0923, ""tide"": 0.0386, ""moon"": 0.0118, ""pressure"": -0.0194, ""swell"": 0.0258}",chl,Strong El Nino,2.16,53.6
2026-10-12,la_jolla,La Jolla Kelp & Canyon,nearshore,barracuda,California Barracuda,pelagic_inshore,72.7,63.0,9.7,80.9,84.5,6.6 ft seas,True,72.59,3.697231952662719,6.56168,8.1,5.892,0.035700175796790634,,0.904,0.6,0.597,0.859,0.4,0.544,,,1.2,"{""sst"": 0.2064, ""season"": 0.0424, ""tide"": 0.0289, ""moon"": 0.0252, ""pressure"": -0.0156, ""swell"": 0.0118}","front,chl",Strong El Nino,2.16,100.0
2026-10-12,la_jolla,La Jolla Kelp & Canyon,nearshore,bonito,Pacific Bonito,pelagic_inshore,93.8,66.1,27.7,97.9,84.5,6.6 ft seas,True,72.59,3.697231952662719,6.56168,8.1,5.892,0.035700175796790634,,1.0,0.75,0.861,0.859,0.4,0.64,,,1.333,"{""sst"": 0.2599, ""season"": 0.0912, ""tide"": 0.0679, ""moon"": 0.0135, ""pressure"": -0.0167, ""swell"": 0.0432}","front,chl",Strong El Nino,2.16,100.0
2026-10-12,la_jolla,La Jolla Kelp & Canyon,nearshore,yellowtail,California Yellowtail,pelagic,86.9,65.4,21.5,94.9,84.5,6.6 ft seas,True,72.59,3.697231952662719,6.56168,8.1,5.892,0.035700175796790634,,0.904,0.75,0.597,0.859,0.4,0.64,,,1.333,"{""sst"": 0.1973, ""season"": 0.0869, ""tide"": 0.0296, ""moon"": 0.0386, ""pressure"": -0.0159, ""swell"": 0.0353}","front,chl",Strong El Nino,2.16,100.0
2026-10-12,la_jolla,La Jolla Kelp & Canyon,nearshore,white_seabass,White Seabass,pelagic,28.7,55.0,-26.3,31.9,84.5,6.6 ft seas,True,72.59,3.697231952662719,6.56168,8.1,5.892,0.035700175796790634,,0.087,0.5,0.511,0.948,0.4,0.544,,,0.867,"{""sst"": -0.4183, ""season"": 0.0, ""tide"": 0.0039, ""moon"": 0.1113, ""pressure"": -0.0146, ""swell"": 0.0111}","front,chl",Strong El Nino,2.16,0.0
2026-10-13,la_jolla,La Jolla Kelp & Canyon,nearshore,california_halibut,California Halibut,flatfish,38.9,58.4,-19.5,38.9,100.0,workable,True,72.32,3.5712107142857263,4.1338584,10.4,5.519,0.0819335649033684,,0.294,0.5,0.577,0.91,0.6,0.708,,,0.807,"{""sst"": -0.1561, ""season"": 0.0, ""tide"": 0.036, ""moon"": 0.0315, ""pressure"": 0.0154, ""swell"": 0.0366}",chl,Strong El Nino,2.16,0.0
2026-10-13,la_jolla,La Jolla Kelp & Canyon,nearshore,calico_bass,Calico Bass (Kelp Bass),bass,86.6,65.3,21.3,86.6,100.0,workable,True,72.32,3.5712107142857263,4.1338584,10.4,5.519,0.0819335649033684,,1.0,0.7,0.593,0.87,0.6,0.792,,,1.129,"{""sst"": 0.1959, ""season"": 0.0805, ""tide"": 0.0297, ""moon"": 0.0362, ""pressure"": 0.0159, ""swell"": 0.07}",chl,Strong El Nino,2.16,100.0
2026-10-13,la_jolla,La Jolla Kelp & Canyon,nearshore,rockfish,Rockfish Complex,groundfish,63.9,68.2,-4.3,63.9,100.0,workable,True,72.32,3.5712107142857263,4.1338584,10.4,5.519,0.0819335649033684,,1.0,0.85,0.998,0.87,0.6,0.825,,,0.743,"{""sst"": 0.1078, ""season"": 0.0943, ""tide"": 0.1228, ""moon"": 0.0123, ""pressure"": 0.0162, ""swell"": 0.1891}",chl,Strong El Nino,2.16,32.8
2026-10-13,la_jolla,La Jolla Kelp & Canyon,nearshore,sheephead,California Sheephead,groundfish,77.1,67.6,9.5,77.1,100.0,workable,True,72.32,3.5712107142857263,4.1338584,10.4,5.519,0.0819335649033684,,1.0,0.85,0.593,0.87,0.6,0.792,,,1.0,"{""sst"": 0.1356, ""season"": 0.0923, ""tide"": 0.0371, ""moon"": 0.0121, ""pressure"": 0.0159, ""swell"": 0.1401}",chl,Strong El Nino,2.16,100.0
2026-10-13,la_jolla,La Jolla Kelp & Canyon,nearshore,barracuda,California Barracuda,pelagic_inshore,88.6,63.0,25.6,88.6,100.0,workable,True,72.32,3.5712107142857263,4.1338584,10.4,5.519,0.0819335649033684,,0.948,0.6,0.593,0.87,0.6,0.792,,,1.193,"{""sst"": 0.2231, ""season"": 0.0424, ""tide"": 0.0278, ""moon"": 0.0258, ""pressure"": 0.0127, ""swell"": 0.0642}","front,chl",Strong El Nino,2.16,100.0
2026-10-13,la_jolla,La Jolla Kelp & Canyon,nearshore,bonito,Pacific Bonito,pelagic_inshore,99.0,66.1,32.9,99.0,100.0,workable,True,72.32,3.5712107142857263,4.1338584,10.4,5.519,0.0819335649033684,,1.0,0.75,0.839,0.87,0.6,0.853,,,1.321,"{""sst"": 0.2599, ""season"": 0.0912, ""tide"": 0.0647, ""moon"": 0.0139, ""pressure"": 0.0137, ""swell"": 0.0934}","front,chl",Strong El Nino,2.16,100.0
2026-10-13,la_jolla,La Jolla Kelp & Canyon,nearshore,yellowtail,California Yellowtail,pelagic,97.6,65.4,32.2,97.6,100.0,workable,True,72.32,3.5712107142857263,4.1338584,10.4,5.519,0.0819335649033684,,0.948,0.75,0.593,0.87,0.6,0.853,,,1.321,"{""sst"": 0.2132, ""season"": 0.0869, ""tide"": 0.0284, ""moon"": 0.0396, ""pressure"": 0.013, ""swell"": 0.0762}","front,chl",Strong El Nino,2.16,100.0
2026-10-13,la_jolla,La Jolla Kelp & Canyon,nearshore,white_seabass,White Seabass,pelagic,38.7,55.4,-16.7,38.7,100.0,workable,True,72.32,3.5712107142857263,4.1338584,10.4,5.519,0.0819335649033684,,0.131,0.5,0.525,0.998,0.6,0.792,,,0.871,"{""sst"": -0.3202, ""season"": 0.0, ""tide"": 0.0084, ""moon"": 0.1202, ""pressure"": 0.0119, ""swell"": 0.06}","front,chl",Strong El Nino,2.16,2.7
2026-10-14,la_jolla,La Jolla Kelp & Canyon,nearshore,california_halibut,California Halibut,flatfish,39.4,58.8,-19.4,39.4,100.0,workable,True,72.23,3.609862275449103,3.6745408000000004,7.1,4.971,0.1434931801229401,,0.309,0.5,0.567,0.842,0.6,0.764,,,0.805,"{""sst"": -0.1418, ""season"": 0.0, ""tide"": 0.0319, ""moon"": 0.0274, ""pressure"": 0.0154, ""swell"": 0.0446}",chl,Strong El Nino,2.16,0.0
2026-10-14,la_jolla,La Jolla Kelp & Canyon,nearshore,calico_bass,Calico Bass (Kelp Bass),bass,87.4,65.3,22.1,87.4,100.0,workable,True,72.23,3.609862275449103,3.6745408000000004,7.1,4.971,0.1434931801229401,,1.0,0.7,0.588,0.886,0.6,0.839,,,1.13,"{""sst"": 0.1959, ""season"": 0.0805, ""tide"": 0.0282, ""moon"": 0.0373, ""pressure"": 0.0159, ""swell"": 0.0788}",chl,Strong El Nino,2.16,100.0
2026-10-14,la_jolla,La Jolla Kelp & Canyon,nearshore,rockfish,Rockfish Complex,groundfish,64.1,68.2,-4.1,64.1,100.0,workable,True,72.23,3.609862275449103,3.6745408000000004,7.1,4.971,0.1434931801229401,,1.0,0.85,0.929,0.886,0.6,0.868,,,0.74,"{""sst"": 0.1078, ""season"": 0.0943, ""tide"": 0.1102, ""moon"": 0.0127, ""pressure"": 0.0162, ""swell"": 0.2084}",chl,Strong El Nino,2.16,33.3
2026-10-14,la_jolla,La Jolla Kelp & Canyon,nearshore,sheephead,California Sheephead,groundfish,78.3,67.6,10.7,78.3,100.0,workable,True,72.23,3.609862275449103,3.6745408000000004,7.1,4.971,0.1434931801229401,,1.0,0.85,0.588,0.886,0.6,0.839,,,1.0,"{""sst"": 0.1356, ""season"": 0.0923, ""tide"": 0.0353, ""moon"": 0.0124, ""pressure"": 0.0159, ""swell"": 0.1576}",chl,Strong El Nino,2.16,100.0
2026-10-14,la_jolla,La Jolla Kelp & Canyon,nearshore,barracuda,California Barracuda,pelagic_inshore,89.9,63.0,26.9,89.9,100.0,workable,True,72.23,3.609862275449103,3.6745408000000004,7.1,4.971,0.1434931801229401,,0.962,0.6,0.588,0.886,0.6,0.839,,,1.195,"{""sst"": 0.2284, ""season"": 0.0424, ""tide"": 0.0264, ""moon"": 0.0266, ""pressure"": 0.0127, ""swell"": 0.0723}","front,chl",Strong El Nino,2.16,100.0
2026-10-14,la_jolla,La Jolla Kelp & Canyon,nearshore,bonito,Pacific Bonito,pelagic_inshore,99.1,66.1,33.0,99.1,100.0,workable,True,72.23,3.609862275449103,3.6745408000000004,7.1,4.971,0.1434931801229401,,1.0,0.75,0.809,0.886,0.6,0.893,,,1.325,"{""sst"": 0.2599, ""season"": 0.0912, ""tide"": 0.0601, ""moon"": 0.0143, ""pressure"": 0.0137, ""swell"": 0.1015}","front,chl",Strong El Nino,2.16,100.0
2026-10-14,la_jolla,La Jolla Kelp & Canyon,nearshore,yellowtail,California Yellowtail,pelagic,98.0,65.4,32.6,98.0,100.0,workable,True,72.23,3.609862275449103,3.6745408000000004,7.1,4.971,0.1434931801229401,,0.962,0.75,0.588,0.886,0.6,0.893,,,1.325,"{""sst"": 0.2183, ""season"": 0.0869, ""tide"": 0.027, ""moon"": 0.0409, ""pressure"": 0.013, ""swell"": 0.0828}","front,chl",Strong El Nino,2.16,100.0
2026-10-14,la_jolla,La Jolla Kelp & Canyon,nearshore,white_seabass,White Seabass,pelagic,40.0,55.7,-15.7,40.0,100.0,workable,True,72.23,3.609862275449103,3.6745408000000004,7.1,4.971,0.1434931801229401,,0.146,0.5,0.545,0.979,0.6,0.839,,,0.87,"{""sst"": -0.2948, ""season"": 0.0, ""tide"": 0.015, ""moon"": 0.1168, ""pressure"": 0.0119, ""swell"": 0.0675}","front,chl",Strong El Nino,2.16,4.6
2026-10-15,la_jolla,La Jolla Kelp & Canyon,nearshore,california_halibut,California Halibut,flatfish,41.1,59.1,-18.0,41.1,100.0,workable,True,72.14,3.63676987951807,3.2152232,7.7,4.342,0.21732990055544216,,0.324,0.5,0.569,0.761,0.85,0.82,,,0.804,"{""sst"": -0.1281, ""season"": 0.0, ""tide"": 0.0326, ""moon"": 0.0221, ""pressure"": 0.0447, ""swell"": 0.0521}",chl,Strong El Nino,2.16,0.0
2026-10-15,la_jolla,La Jolla Kelp & Canyon,nearshore,calico_bass,Calico Bass (Kelp Bass),bass,91.2,65.3,25.9,91.2,100.0,workable,True,72.14,3.63676987951807,3.2152232,7.7,4.342,0.21732990055544216,,1.0,0.7,0.595,0.904,0.85,0.886,,,1.131,"{""sst"": 0.1959, ""season"": 0.0805, ""tide"": 0.0302, ""moon"": 0.0386, ""pressure"": 0.0461, ""swell"": 0.0871}",chl,Strong El Nino,2.16,100.0
2026-10-15,la_jolla,La Jolla Kelp & Canyon,nearshore,rockfish,Rockfish Complex,groundfish,66.2,68.2,-2.0,66.2,100.0,workable,True,72.14,3.63676987951807,3.2152232,7.7,4.342,0.21732990055544216,,1.0,0.85,0.853,0.904,0.85,0.911,,,0.738,"{""sst"": 0.1078, ""season"": 0.0943, ""tide"": 0.0949, ""moon"": 0.0132, ""pressure"": 0.0472, ""swell"": 0.2268}",chl,Strong El Nino,2.16,36.6
2026-10-15,la_jolla,La Jolla Kelp & Canyon,nearshore,sheephead,California Sheephead,groundfish,82.3,67.6,14.7,82.3,100.0,workable,True,72.14,3.63676987951807,3.2152232,7.7,4.342,0.21732990055544216,,1.0,0.85,0.595,0.904,0.85,0.886,,,1.0,"{""sst"": 0.1356, ""season"": 0.0923, ""tide"": 0.0378, ""moon"": 0.0129, ""pressure"": 0.0461, ""swell"": 0.1741}",chl,Strong El Nino,2.16,100.0
2026-10-15,la_jolla,La Jolla Kelp & Canyon,nearshore,barracuda,California Barracuda,pelagic_inshore,93.1,63.0,30.1,93.1,100.0,workable,True,72.14,3.63676987951807,3.2152232,7.7,4.342,0.21732990055544216,,0.977,0.6,0.595,0.904,0.85,0.886,,,1.196,"{""sst"": 0.2337, ""season"": 0.0424, ""tide"": 0.0283, ""moon"": 0.0276, ""pressure"": 0.037, ""swell"": 0.0798}","front,chl",Strong El Nino,2.16,100.0
2026-10-15,la_jolla,La Jolla Kelp & Canyon,nearshore,bonito,Pacific Bonito,pelagic_inshore,99.3,66.1,33.2,99.3,100.0,workable,True,72.14,3.63676987951807,3.2152232,7.7,4.342,0.21732990055544216,,1.0,0.75,0.775,0.904,0.85,0.933,,,1.327,"{""sst"": 0.2599, ""season"": 0.0912, ""tide"": 0.0547, ""moon"": 0.0148, ""pressure"": 0.0398, ""swell"": 0.1092}","front,chl",Strong El Nino,2.16,100.0
2026-10-15,la_jolla,La Jolla Kelp & Canyon,nearshore,yellowtail,California Yellowtail,pelagic,98.7,65.4,33.3,98.7,100.0,workable,True,72.14,3.63676987951807,3.2152232,7.7,4.342,0.21732990055544216,,0.977,0.75,0.595,0.904,0.85,0.933,,,1.327,"{""sst"": 0.2233, ""season"": 0.0869, ""tide"": 0.029, ""moon"": 0.0423, ""pressure"": 0.0379, ""swell"": 0.0891}","front,chl",Strong El Nino,2.16,100.0
2026-10-15,la_jolla,La Jolla Kelp & Canyon,nearshore,white_seabass,White Seabass,pelagic,42.0,56.1,-14.1,42.0,100.0,workable,True,72.14,3.63676987951807,3.2152232,7.7,4.342,0.21732990055544216,,0.16,0.5,0.586,0.896,0.85,0.886,,,0.869,"{""sst"": -0.2718, ""season"": 0.0, ""tide"": 0.0277, ""moon"": 0.1014, ""pressure"": 0.0346, ""swell"": 0.0746}","front,chl",Strong El Nino,2.16,12.6
2026-09-25,mission_bay,Mission Bay,inshore,california_halibut,California Halibut,flatfish,14.1,55.1,-41.0,14.1,100.0,workable,False,73.94,3.687842105263158,3.4776904,9.3,,0.9834832009922474,,0.03,0.65,,0.982,,0.788,,,0.801,"{""sst"": -1.2534, ""season"": 0.0833, ""moon"": 0.0536, ""swell"": 0.0722}","tide,pressure,chl",Strong El Nino,2.16,0.0
2026-09-25,mission_bay,Mission Bay,inshore,sand_bass,Barred Sand Bass,bass,97.1,65.0,32.1,97.1,100.0,workable,False,73.94,3.687842105263158,3.4776904,9.3,,0.9834832009922474,,1.0,0.7,,0.854,,0.859,,,1.199,"{""sst"": 0.2971, ""season"": 0.1154, ""moon"": 0.0459, ""swell"": 0.0774}","tide,pressure,chl",Strong El Nino,2.16,100.0
2026-09-25,mission_bay,Mission Bay,inshore,spotted_bay_bass,Spotted Bay Bass,bass,99.4,65.3,34.1,99.4,100.0,workable,False,73.94,3.687842105263158,3.4776904,9.3,,0.9834832009922474,,1.0,0.95,,0.982,,1.0,,,1.199,"{""sst"": 0.3151, ""season"": 0.2042, ""moon"": 0.092, ""swell"": 0.063}","tide,pressure,chl",Strong El Nino,2.16,100.0
2026-09-26,mission_bay,Mission Bay,inshore,california_halibut,California Halibut,flatfish,13.5,46.5,-33.0,13.5,100.0,workable,False,76.51458333333333,4.634806133980149,4.1338584,8.4,,0.9995517538836435,,0.02,0.65,,1.0,1.0,0.708,,,0.75,"{""sst"": -1.2694, ""season"": 0.0739, ""moon"": 0.0488, ""pressure"": 0.0781, ""swell"": 0.0489}","tide,chl",Strong El Nino,2.16,0.0
2026-09-26,mission_bay,Mission Bay,inshore,sand_bass,Barred Sand Bass,bass,87.6,65.0,22.6,87.6,100.0,workable,False,76.51458333333333,4.634806133980149,4.1338584,8.4,,0.9995517538836435,,0.589,0.7,,0.85,1.0,0.792,,,1.25,"{""sst"": 0.0632, ""season"": 0.1035, ""moon"": 0.0408, ""pressure"": 0.0711, ""swell"": 0.059}","tide,chl",Strong El Nino,2.16,100.0
2026-09-26,mission_bay,Mission Bay,inshore,spotted_bay_bass,Spotted Bay Bass,bass,99.5,65.3,34.2,99.5,100.0,workable,False,76.51458333333333,4.634806133980149,4.1338584,8.4,,0.9995517538836435,,0.937,0.95,,1.0,1.0,1.0,,,1.25,"{""sst"": 0.2416, ""season"": 0.1728, ""moon"": 0.0799, ""pressure"": 0.1066, ""swell"": 0.0533}","tide,chl",Strong El Nino,2.16,100.0
2026-09-27,mission_bay,Mission Bay,inshore,california_halibut,California Halibut,flatfish,13.2,46.8,-33.6,13.2,100.0,workable,False,76.38958333333333,4.559112927244712,4.4619424,3.9,,0.9921059368700724,,0.02,0.65,,0.991,0.85,0.668,,,0.754,"{""sst"": -1.2694, ""season"": 0.0739, ""moon"": 0.0482, ""pressure"": 0.0598, ""swell"": 0.0407}","tide,chl",Strong El Nino,2.16,0.0
2026-09-27,mission_bay,Mission Bay,inshore,sand_bass,Barred Sand Bass,bass,86.6,65.0,21.6,86.6,100.0,workable,False,76.38958333333333,4.559112927244712,4.4619424,3.9,,0.9921059368700724,,0.61,0.7,,0.852,0.85,0.759,,,1.246,"{""sst"": 0.0763, ""season"": 0.1035, ""moon"": 0.041, ""pressure"": 0.0544, ""swell"": 0.0535}","tide,chl",Strong El Nino,2.16,100.0
2026-09-27,mission_bay,Mission Bay,inshore,spotted_bay_bass,Spotted Bay Bass,bass,99.4,65.3,34.1,99.4,100.0,workable,False,76.38958333333333,4.559112927244712,4.4619424,3.9,,0.9921059368700724,,0.952,0.95,,0.991,0.85,0.987,,,1.246,"{""sst"": 0.2478, ""season"": 0.1728, ""moon"": 0.079, ""pressure"": 0.0816, ""swell"": 0.0523}","tide,chl",Strong El Nino,2.16,100.0
2026-09-28,mission_bay,Mission Bay,inshore,california_halibut,California Halibut,flatfish,13.1,47.1,-34.0,13.3,96.8,workable,False,76.28999999999999,4.506693199710284,4.92126,8.8,,0.9600738604541995,,0.02,0.65,,0.956,1.0,0.611,,,0.757,"{""sst"": -1.2694, ""season"": 0.0739, ""moon"": 0.0457, ""pressure"": 0.0781, ""swell"": 0.0283}","tide,chl",Strong El Nino,2.16,0.0
2026-09-28,mission_bay,Mission Bay,inshore,sand_bass,Barred Sand Bass,bass,86.2,65.0,21.2,88.0,96.8,workable,False,76.28999999999999,4.506693199710284,4.92126,8.8,,0.9600738604541995,,0.626,0.7,,0.86,1.0,0.712,,,1.243,"{""sst"": 0.0864, ""season"": 0.1035, ""moon"": 0.0417, ""pressure"": 0.0711, ""swell"": 0.0453}","tide,chl",Strong El Nino,2.16,100.0
2026-09-28,mission_bay,Mission Bay,inshore,spotted_bay_bass,Spotted Bay Bass,bass,99.4,65.3,34.1,99.5,96.8,workable,False,76.28999999999999,4.506693199710284,4.92126,8.8,,0.9600738604541995,,0.964,0.95,,0.956,1.0,0.963,,,1.243,"{""sst"": 0.2527, ""season"": 0.1728, ""moon"": 0.0748, ""pressure"": 0.1066, ""swell"": 0.0504}","tide,chl",Strong El Nino,2.16,100.0
2026-09-29,mission_bay,Mission Bay,inshore,california_halibut,California Halibut,flatfish,12.6,47.4,-34.8,13.2,92.4,5.5 ft seas,False,76.0525,4.314212449366778,5.5118111999999995,8.4,,0.9040301216596538,,0.02,0.65,,0.894,1.0,0.539,,,0.767,"{""sst"": -1.2694, ""season"": 0.0739, ""moon"": 0.041, ""pressure"": 0.0781, ""swell"": 0.0105}","tide,chl",Strong El Nino,2.16,0.0
2026-09-29,mission_bay,Mission Bay,inshore,sand_bass,Barred Sand Bass,bass,84.1,65.0,19.1,88.5,92.4,5.5 ft seas,False,76.0525,4.314212449366778,5.5118111999999995,8.4,,0.9040301216596538,,0.665,0.7,,0.874,1.0,0.651,,,1.233,"{""sst"": 0.1095, ""season"": 0.1035, ""moon"": 0.043, ""pressure"": 0.0711, ""swell"": 0.0339}","tide,chl",Strong El Nino,2.16,100.0
2026-09-29,mission_bay,Mission Bay,inshore,spotted_bay_bass,Spotted Bay Bass,bass,99.0,65.3,33.7,99.5,92.4,5.5 ft seas,False,76.0525,4.314212449366778,5.5118111999999995,8.4,,0.9040301216596538,,0.994,0.95,,0.894,1.0,0.933,,,1.233,"{""sst"": 0.2641, ""season"": 0.1728, ""moon"": 0.0671, ""pressure"": 0.1066, ""swell"": 0.048}","tide,chl",Strong El Nino,2.16,100.0
2026-09-30,mission_bay,Mission Bay,inshore,california_halibut,California Halibut,flatfish,12.9,47.6,-34.7,12.9,100.0,workable,False,76.06125,4.354984959810466,4.0026247999999995,8.4,,0.8263179887803223,,0.02,0.65,,0.809,0.6,0.724,,,0.765,"{""sst"": -1.2694, ""season"": 0.0739, ""moon"": 0.0339, ""pressure"": 0.0205, ""swell"": 0.0521}","tide,chl",Strong El Nino,2.16,0.0
2026-09-30,mission_bay,Mission Bay,inshore,sand_bass,Barred Sand Bass,bass,86.5,65.0,21.5,86.5,100.0,workable,False,76.06125,4.354984959810466,4.0026247999999995,8.4,,0.8263179887803223,,0.663,0.7,,0.893,0.6,0.806,,,1.235,"{""sst"": 0.1087, ""season"": 0.1035, ""moon"": 0.0446, ""pressure"": 0.0187, ""swell"": 0.0612}","tide,chl",Strong El Nino,2.16,100.0
2026-09-30,mission_bay,Mission Bay,inshore,spotted_bay_bass,Spotted Bay Bass,bass,98.6,65.3,33.3,98.6,100.0,workable,False,76.06125,4.354984959810466,4.0026247999999995,8.4,,0.8263179887803223,,0.992,0.95,,0.809,0.6,1.0,,,1.235,"{""sst"": 0.2637, ""season"": 0.1728, ""moon"": 0.0555, ""pressure"": 0.028, ""swell"": 0.0533}","tide,chl",Strong El Nino,2.16,100.0
2026-10-01,mission_bay,Mission Bay,inshore,california_halibut,California Halibut,flatfish,11.9,45.1,-33.2,11.9,100.0,workable,False,76.16291666666666,4.481471883207121,3.4776904,9.2,,0.7309239695760712,,0.02,0.5,,0.704,0.6,0.788,,,0.758,"{""sst"": -1.2694, ""season"": 0.0, ""moon"": 0.0241, ""pressure"": 0.0205, ""swell"": 0.0641}","tide,chl",Strong El Nino,2.16,0.0
2026-10-01,mission_bay,Mission Bay,inshore,sand_bass,Barred Sand Bass,bass,78.5,59.4,19.1,78.5,100.0,workable,False,76.16291666666666,4.481471883207121,3.4776904,9.2,,0.7309239695760712,,0.647,0.5,,0.917,0.6,0.859,,,1.242,"{""sst"": 0.099, ""season"": 0.0, ""moon"": 0.0467, ""pressure"": 0.0187, ""swell"": 0.0694}","tide,chl",Strong El Nino,2.16,100.0
2026-10-01,mission_bay,Mission Bay,inshore,spotted_bay_bass,Spotted Bay Bass,bass,97.3,63.6,33.7,97.3,100.0,workable,False,76.16291666666666,4.481471883207121,3.4776904,9.2,,0.7309239695760712,,0.98,0.8,,0.704,0.6,1.0,,,1.242,"{""sst"": 0.2588, ""season"": 0.1265, ""moon"": 0.0395, ""pressure"": 0.028, ""swell"": 0.0533}","tide,chl",Strong El Nino,2.16,100.0
2026-10-02,mission_bay,Mission Bay,inshore,california_halibut,California Halibut,flatfish,12.3,45.2,-32.9,12.3,100.0,workable,False,76.0525,4.388729383095949,3.3464568,8.8,,0.6231352998941142,,0.02,0.5,,0.585,0.85,0.804,,,0.763,"{""sst"": -1.2694, ""season"": 0.0, ""moon"": 0.0111, ""pressure"": 0.0598, ""swell"": 0.067}","tide,chl",Strong El Nino,2.16,0.0
2026-10-02,mission_bay,Mission Bay,inshore,sand_bass,Barred Sand Bass,bass,82.2,59.4,22.8,82.2,100.0,workable,False,76.0525,4.388729383095949,3.3464568,8.8,,0.6231352998941142,,0.665,0.5,,0.944,0.85,0.873,,,1.237,"{""sst"": 0.1095, ""season"": 0.0, ""moon"": 0.0489, ""pressure"": 0.0544, ""swell"": 0.0714}","tide,chl",Strong El Nino,2.16,100.0
2026-10-02,mission_bay,Mission Bay,inshore,spotted_bay_bass,Spotted Bay Bass,bass,98.1,63.6,34.5,98.1,100.0,workable,False,76.0525,4.388729383095949,3.3464568,8.8,,0.6231352998941142,,0.994,0.8,,0.585,0.85,1.0,,,1.237,"{""sst"": 0.2641, ""season"": 0.1265, ""moon"": 0.0182, ""pressure"": 0.0816, ""swell"": 0.0533}","tide,chl",Strong El Nino,2.16,100.0
2026-10-03,mission_bay,Mission Bay,inshore,california_halibut,California Halibut,flatfish,17.7,45.4,-27.7,17.7,100.0,workable,False,76.13000000000001,4.505696431383171,3.0183728000000003,11.0,5.186,0.5090574688798968,,0.02,0.5,0.732,0.46,0.85,0.845,,,0.757,"{""sst"": -0.9487, ""season"": 0.0, ""tide"": 0.0964, ""moon"": -0.0044, ""pressure"": 0.0447, ""swell"": 0.0552}",chl,Strong El Nino,2.16,0.0
2026-10-03,mission_bay,Mission Bay,inshore,sand_bass,Barred Sand Bass,bass,84.4,59.4,25.0,84.4,100.0,workable,False,76.13000000000001,4.505696431383171,3.0183728000000003,11.0,5.186,0.5090574688798968,,0.652,0.5,0.755,0.973,0.85,0.906,,,1.243,"{""sst"": 0.0848, ""season"": 0.0, ""tide"": 0.0702, ""moon"": 0.0425, ""pressure"": 0.0452, ""swell"": 0.0633}",chl,Strong El Nino,2.16,100.0
2026-10-03,mission_bay,Mission Bay,inshore,spotted_bay_bass,Spotted Bay Bass,bass,95.7,63.6,32.1,95.7,100.0,workable,False,76.13000000000001,4.505696431383171,3.0183728000000003,11.0,5.186,0.5090574688798968,,0.984,0.8,0.732,0.46,0.85,1.0,,,1.243,"{""sst"": 0.1575, ""season"": 0.0765, ""tide"": 0.1508, ""moon"": -0.0058, ""pressure"": 0.0494, ""swell"": 0.0322}",chl,Strong El Nino,2.16,100.0
2026-10-04,mission_bay,Mission Bay,inshore,california_halibut,California Halibut,flatfish,14.6,45.8,-31.2,14.6,100.0,workable,False,76.59625,5.042830222542193,2.6246720000000003,8.7,2.2189999999999994,0.3950846566449676,,0.02,0.5,0.418,0.565,0.6,0.893,,,0.728,"{""sst"": -0.9487, ""season"": 0.0, ""tide"": -0.0455, ""moon"": 0.0065, ""pressure"": 0.0154, ""swell"": 0.061}",chl,Strong El Nino,2.16,0.0
2026-10-04,mission_bay,Mission Bay,inshore,sand_bass,Barred Sand Bass,bass,74.0,59.4,14.6,74.0,100.0,workable,False,76.59625,5.042830222542193,2.6246720000000003,8.7,2.2189999999999994,0.3950846566449676,,0.576,0.5,0.45,0.949,0.6,0.946,,,1.272,"{""sst"": 0.0451, ""season"": 0.0, ""tide"": -0.0178, ""moon"": 0.0409, ""pressure"": 0.0155, ""swell"": 0.0679}",chl,Strong El Nino,2.16,100.0
2026-10-04,mission_bay,Mission Bay,inshore,spotted_bay_bass,Spotted Bay Bass,bass,78.2,63.6,14.6,78.2,100.0,workable,False,76.59625,5.042830222542193,2.6246720000000003,8.7,2.2189999999999994,0.3950846566449676,,0.927,0.8,0.418,0.565,0.6,1.0,,,1.272,"{""sst"": 0.1436, ""season"": 0.0765, ""tide"": -0.0712, ""moon"": 0.0086, ""pressure"": 0.017, ""swell"": 0.0322}",chl,Strong El Nino,2.16,100.0
2026-10-05,mission_bay,Mission Bay,inshore,california_halibut,California Halibut,flatfish,16.9,46.2,-29.3,16.9,100.0,workable,False,76.76458333333333,5.285061295252262,3.1496063999999997,8.7,5.754,0.2874014624345155,,0.02,0.5,0.706,0.684,0.85,0.828,,,0.715,"{""sst"": -0.9487, ""season"": 0.0, ""tide"": 0.087, ""moon"": 0.0165, ""pressure"": 0.0447, ""swell"": 0.0532}",chl,Strong El Nino,2.16,0.0
2026-10-05,mission_bay,Mission Bay,inshore,sand_bass,Barred Sand Bass,bass,81.6,59.4,22.2,81.6,100.0,workable,False,76.76458333333333,5.285061295252262,3.1496063999999997,8.7,5.754,0.2874014624345155,,0.548,0.5,0.724,0.922,0.85,0.893,,,1.285,"{""sst"": 0.0295, ""season"": 0.0, ""tide"": 0.063, ""moon"": 0.039, ""pressure"": 0.0452, ""swell"": 0.0617}",chl,Strong El Nino,2.16,100.0
2026-10-05,mission_bay,Mission Bay,inshore,spotted_bay_bass,Spotted Bay Bass,bass,96.8,63.6,33.2,96.8,100.0,workable,False,76.76458333333333,5.285061295252262,3.1496063999999997,8.7,5.754,0.2874014624345155,,0.906,0.8,0.706,0.684,0.85,1.0,,,1.285,"{""sst"": 0.1383, ""season"": 0.0765, ""tide"": 0.1362, ""moon"": 0.0218, ""pressure"": 0.0494, ""swell"": 0.0322}",chl,Strong El Nino,2.16,100.0
2026-10-06,mission_bay,Mission Bay,inshore,california_halibut,California Halibut,flatfish,16.6,46.7,-30.1,16.6,100.0,workable,False,76.95333333333333,5.561044430812814,3.6089240000000005,9.1,6.071,0.19156317691553915,,0.02,0.5,0.672,0.789,1.0,0.772,,,0.7,"{""sst"": -0.9487, ""season"": 0.0, ""tide"": 0.0746, ""moon"": 0.024, ""pressure"": 0.0584, ""swell"": 0.0457}",chl,Strong El Nino,2.16,0.0
2026-10-06,mission_bay,Mission Bay,inshore,sand_bass,Barred Sand Bass,bass,80.8,59.4,21.4,80.8,100.0,workable,False,76.95333333333333,5.561044430812814,3.6089240000000005,9.1,6.071,0.19156317691553915,,0.518,0.5,0.686,0.898,1.0,0.846,,,1.3,"{""sst"": 0.0111, ""season"": 0.0, ""tide"": 0.0538, ""moon"": 0.0374, ""pressure"": 0.059, ""swell"": 0.0559}",chl,Strong El Nino,2.16,100.0
2026-10-06,mission_bay,Mission Bay,inshore,spotted_bay_bass,Spotted Bay Bass,bass,97.1,63.6,33.5,97.1,100.0,workable,False,76.95333333333333,5.561044430812814,3.6089240000000005,9.1,6.071,0.19156317691553915,,0.883,0.8,0.672,0.789,1.0,1.0,,,1.3,"{""sst"": 0.1323, ""season"": 0.0765, ""tide"": 0.1167, ""moon"": 0.0318, ""pressure"": 0.0645, ""swell"": 0.0322}",chl,Strong El Nino,2.16,100.0
2026-10-07,mission_bay,Mission Bay,inshore,california_halibut,California Halibut,flatfish,16.0,47.2,-31.2,16.0,100.0,workable,False,76.87875000000001,5.589281007755744,4.4619424,8.6,6.0760000000000005,0.11217175383480282,,0.02,0.5,0.636,0.877,0.85,0.668,,,0.698,"{""sst"": -0.9487, ""season"": 0.0, ""tide"": 0.0609, ""moon"": 0.0296, ""pressure"": 0.0447, ""swell"": 0.0304}",chl,Strong El Nino,2.16,0.0
2026-10-07,mission_bay,Mission Bay,inshore,sand_bass,Barred Sand Bass,bass,78.6,59.4,19.2,78.6,100.0,workable,False,76.87875000000001,5.589281007755744,4.4619424,8.6,6.0760000000000005,0.11217175383480282,,0.53,0.5,0.649,0.878,0.85,0.759,,,1.302,"{""sst"": 0.0185, ""season"": 0.0, ""tide"": 0.0443, ""moon"": 0.0359, ""pressure"": 0.0452, ""swell"": 0.0444}",chl,Strong El Nino,2.16,100.0
2026-10-07,mission_bay,Mission Bay,inshore,spotted_bay_bass,Spotted Bay Bass,bass,96.2,63.6,32.6,96.2,100.0,workable,False,76.87875000000001,5.589281007755744,4.4619424,8.6,6.0760000000000005,0.11217175383480282,,0.892,0.8,0.636,0.877,0.85,0.987,,,1.302,"{""sst"": 0.1347, ""season"": 0.0765, ""tide"": 0.0953, ""moon"": 0.0392, ""pressure"": 0.0494, ""swell"": 0.0316}",chl,Strong El Nino,2.16,100.0
2026-10-08,mission_bay,Mission Bay,inshore,california_halibut,California Halibut,flatfish,16.9,47.7,-30.8,16.9,100.0,workable,False,76.81958333333334,5.631401696052151,4.3307088,8.6,5.896,0.052647815303152434,,0.02,0.5,0.784,0.942,0.85,0.684,,,0.696,"{""sst"": -0.9487, ""season"": 0.0, ""tide"": 0.1136, ""moon"": 0.0333, ""pressure"": 0.0447, ""swell"": 0.0329}",chl,Strong El Nino,2.16,0.0
2026-10-08,mission_bay,Mission Bay,inshore,sand_bass,Barred Sand Bass,bass,82.1,59.4,22.7,82.1,100.0,workable,False,76.81958333333334,5.631401696052151,4.3307088,8.6,5.896,0.052647815303152434,,0.539,0.5,0.799,0.863,0.85,0.772,,,1.304,"{""sst"": 0.0242, ""season"": 0.0, ""tide"": 0.0798, ""moon"": 0.0349, ""pressure"": 0.0452, ""swell"": 0.0462}",chl,Strong El Nino,2.16,100.0
2026-10-08,mission_bay,Mission Bay,inshore,spotted_bay_bass,Spotted Bay Bass,bass,98.5,63.6,34.9,98.5,100.0,workable,False,76.81958333333334,5.631401696052151,4.3307088,8.6,5.896,0.052647815303152434,,0.9,0.8,0.784,0.942,0.85,0.993,,,1.304,"{""sst"": 0.1366, ""season"": 0.0765, ""tide"": 0.1777, ""moon"": 0.0442, ""pressure"": 0.0494, ""swell"": 0.0319}",chl,Strong El Nino,2.16,100.0
2026-10-09,mission_bay,Mission Bay,inshore,california_halibut,California Halibut,flatfish,15.9,48.3,-32.4,15.9,99.3,workable,False,76.65343511450382,5.574032238448581,4.593176,9.0,6.015000000000001,0.015097468607471298,,0.02,0.5,0.591,0.983,1.0,0.651,,,0.699,"{""sst"": -0.9487, ""season"": 0.0, ""tide"": 0.0424, ""moon"": 0.0356, ""pressure"": 0.0584, ""swell"": 0.0279}",chl,Strong El Nino,2.16,0.0
2026-10-09,mission_bay,Mission Bay,inshore,sand_bass,Barred Sand Bass,bass,79.7,59.4,20.3,80.0,99.3,workable,False,76.65343511450382,5.574032238448581,4.593176,9.0,6.015000000000001,0.015097468607471298,,0.567,0.5,0.602,0.854,1.0,0.745,,,1.301,"{""sst"": 0.0399, ""season"": 0.0, ""tide"": 0.0316, ""moon"": 0.0342, ""pressure"": 0.059, ""swell"": 0.0425}",chl,Strong El Nino,2.16,100.0
2026-10-09,mission_bay,Mission Bay,inshore,spotted_bay_bass,Spotted Bay Bass,bass,96.1,63.6,32.5,96.2,99.3,workable,False,76.65343511450382,5.574032238448581,4.593176,9.0,6.015000000000001,0.015097468607471298,,0.92,0.8,0.591,0.983,1.0,0.98,,,1.301,"{""sst"": 0.1418, ""season"": 0.0765, ""tide"": 0.0663, ""moon"": 0.0472, ""pressure"": 0.0645, ""swell"": 0.0313}",chl,Strong El Nino,2.16,100.0
2026-10-10,mission_bay,Mission Bay,inshore,california_halibut,California Halibut,flatfish,29.7,57.0,-27.3,30.8,94.4,workable,True,73.31,4.389284210526313,4.265092,13.6,6.423,0.0002792167927752054,,0.133,0.5,0.604,1.0,1.0,0.692,,,0.763,"{""sst"": -0.391, ""season"": 0.0, ""tide"": 0.0477, ""moon"": 0.0365, ""pressure"": 0.0584, ""swell"": 0.0342}",chl,Strong El Nino,2.16,0.0
2026-10-10,mission_bay,Mission Bay,inshore,sand_bass,Barred Sand Bass,bass,88.5,59.4,29.1,91.7,94.4,workable,True,73.31,4.389284210526313,4.265092,13.6,6.423,0.0002792167927752054,,1.0,0.5,0.612,0.85,1.0,0.779,,,1.237,"{""sst"": 0.2212, ""season"": 0.0, ""tide"": 0.0345, ""moon"": 0.0339, ""pressure"": 0.059, ""swell"": 0.0471}",chl,Strong El Nino,2.16,100.0
2026-10-10,mission_bay,Mission Bay,inshore,spotted_bay_bass,Spotted Bay Bass,bass,93.4,63.6,29.8,95.4,94.4,workable,True,73.31,4.389284210526313,4.265092,13.6,6.423,0.0002792167927752054,,1.0,0.8,0.604,1.0,1.0,0.997,,,1.237,"{""sst"": 0.1612, ""season"": 0.0765, ""tide"": 0.0746, ""moon"": 0.0483, ""pressure"": 0.0645, ""swell"": 0.0321}",chl,Strong El Nino,2.16,100.0
2026-10-11,mission_bay,Mission Bay,inshore,california_halibut,California Halibut,flatfish,10.2,57.4,-47.2,25.5,7.9,"24 kt wind, 16.6 ft seas",True,73.03999999999999,4.230391764705885,16.6010504,24.3,6.516,0.007679795233243747,,0.177,0.5,0.616,0.992,0.85,0.05,,,0.772,"{""sst"": -0.3064, ""season"": 0.0, ""tide"": 0.0527, ""moon"": 0.036, ""pressure"": 0.0447, ""swell"": -0.2424}",chl,Strong El Nino,2.16,0.0
2026-10-11,mission_bay,Mission Bay,inshore,sand_bass,Barred Sand Bass,bass,27.1,59.4,-32.3,67.4,7.9,"24 kt wind, 16.6 ft seas",True,73.03999999999999,4.230391764705885,16.6010504,24.3,6.516,0.007679795233243747,,1.0,0.5,0.625,0.852,0.85,0.05,,,1.228,"{""sst"": 0.2212, ""season"": 0.0, ""tide"": 0.0379, ""moon"": 0.034, ""pressure"": 0.0452, ""swell"": -0.245}",chl,Strong El Nino,2.16,0.0
2026-10-11,mission_bay,Mission Bay,inshore,spotted_bay_bass,Spotted Bay Bass,bass,36.9,63.6,-26.7,91.7,7.9,"24 kt wind, 16.6 ft seas",True,73.03999999999999,4.230391764705885,16.6010504,24.3,6.516,0.007679795233243747,,1.0,0.8,0.616,0.992,0.85,0.367,,,1.228,"{""sst"": 0.1612, ""season"": 0.0765, ""tide"": 0.0825, ""moon"": 0.0478, ""pressure"": 0.0494, ""swell"": -0.0144}",chl,Strong El Nino,2.16,0.0
2026-10-12,mission_bay,Mission Bay,inshore,california_halibut,California Halibut,flatfish,29.9,57.8,-27.9,34.0,81.5,7.0 ft seas,True,72.5,3.8182366863905344,6.9553808,8.9,6.3100000000000005,0.035700175796790634,,0.265,0.5,0.614,0.961,0.4,0.362,,,0.794,"{""sst"": -0.1871, ""season"": 0.0, ""tide"": 0.0518, ""moon"": 0.0344, ""pressure"": -0.0188, ""swell"": -0.034}",chl,Strong El Nino,2.16,0.0
2026-10-12,mission_bay,Mission Bay,inshore,sand_bass,Barred Sand Bass,bass,69.9,59.4,10.5,79.4,81.5,7.0 ft seas,True,72.5,3.8182366863905344,6.9553808,8.9,6.3100000000000005,0.035700175796790634,,1.0,0.5,0.624,0.859,0.4,0.504,,,1.206,"{""sst"": 0.2212, ""season"": 0.0, ""tide"": 0.0378, ""moon"": 0.0345, ""pressure"": -0.019, ""swell"": 0.0009}",chl,Strong El Nino,2.16,83.3
2026-10-12,mission_bay,Mission Bay,inshore,spotted_bay_bass,Spotted Bay Bass,bass,76.7,63.6,13.1,87.2,81.5,7.0 ft seas,True,72.5,3.8182366863905344,6.9553808,8.9,6.3100000000000005,0.035700175796790634,,1.0,0.8,0.614,0.961,0.4,0.859,,,1.206,"{""sst"": 0.1612, ""season"": 0.0765, ""tide"": 0.0811, ""moon"": 0.0456, ""pressure"": -0.0208, ""swell"": 0.0252}",chl,Strong El Nino,2.16,100.0
2026-10-13,mission_bay,Mission Bay,inshore,california_halibut,California Halibut,flatfish,39.4,58.2,-18.8,39.4,100.0,workable,True,72.23,3.6783214285714223,4.3963256,10.8,5.854,0.0819335649033684,,0.309,0.5,0.601,0.91,0.6,0.676,,,0.801,"{""sst"": -0.1418, ""season"": 0.0, ""tide"": 0.0465, ""moon"": 0.0315, ""pressure"": 0.0154, ""swell"": 0.0317}",chl,Strong El Nino,2.16,12.8
2026-10-13,mission_bay,Mission Bay,inshore,sand_bass,Barred Sand Bass,bass,85.3,59.4,25.9,85.3,100.0,workable,True,72.23,3.6783214285714223,4.3963256,10.8,5.854,0.0819335649033684,,1.0,0.5,0.615,0.87,0.6,0.765,,,1.199,"{""sst"": 0.2212, ""season"": 0.0, ""tide"": 0.0353, ""moon"": 0.0354, ""pressure"": 0.0155, ""swell"": 0.0453}",chl,Strong El Nino,2.16,100.0
2026-10-13,mission_bay,Mission Bay,inshore,spotted_bay_bass,Spotted Bay Bass,bass,89.5,63.6,25.9,89.5,100.0,workable,True,72.23,3.6783214285714223,4.3963256,10.8,5.854,0.0819335649033684,,1.0,0.8,0.601,0.91,0.6,0.99,,,1.199,"{""sst"": 0.1612, ""season"": 0.0765, ""tide"": 0.0728, ""moon"": 0.0418, ""pressure"": 0.017, ""swell"": 0.0318}",chl,Strong El Nino,2.16,100.0
2026-10-14,mission_bay,Mission Bay,inshore,california_halibut,California Halibut,flatfish,39.0,58.6,-19.6,39.0,100.0,workable,True,72.23,3.7967173652694726,3.8713911999999997,7.0,5.216,0.1434931801229401,,0.309,0.5,0.585,0.842,0.6,0.74,,,0.795,"{""sst"": -0.1418, ""season"": 0.0, ""tide"": 0.0395, ""moon"": 0.0274, ""pressure"": 0.0154, ""swell"": 0.0413}",chl,Strong El Nino,2.16,11.7
2026-10-14,mission_bay,Mission Bay,inshore,sand_bass,Barred Sand Bass,bass,86.2,59.4,26.8,86.2,100.0,workable,True,72.23,3.7967173652694726,3.8713911999999997,7.0,5.216,0.1434931801229401,,1.0,0.5,0.604,0.886,0.6,0.819,,,1.205,"{""sst"": 0.2212, ""season"": 0.0, ""tide"": 0.0322, ""moon"": 0.0365, ""pressure"": 0.0155, ""swell"": 0.0525}",chl,Strong El Nino,2.16,100.0
2026-10-14,mission_bay,Mission Bay,inshore,spotted_bay_bass,Spotted Bay Bass,bass,88.6,63.6,25.0,88.6,100.0,workable,True,72.23,3.7967173652694726,3.8713911999999997,7.0,5.216,0.1434931801229401,,1.0,0.8,0.585,0.842,0.6,1.0,,,1.205,"{""sst"": 0.1612, ""season"": 0.0765, ""tide"": 0.0619, ""moon"": 0.0364, ""pressure"": 0.017, ""swell"": 0.0322}",chl,Strong El Nino,2.16,100.0
2026-10-15,mission_bay,Mission Bay,inshore,california_halibut,California Halibut,flatfish,41.4,59.0,-17.6,41.4,100.0,workable,True,72.05,3.731790361445775,3.4120736000000003,9.3,4.498,0.21732990055544216,,0.339,0.5,0.576,0.761,0.85,0.796,,,0.798,"{""sst"": -0.115, ""season"": 0.0, ""tide"": 0.0358, ""moon"": 0.0221, ""pressure"": 0.0447, ""swell"": 0.049}",chl,Strong El Nino,2.16,15.8
2026-10-15,mission_bay,Mission Bay,inshore,sand_bass,Barred Sand Bass,bass,89.1,59.4,29.7,89.1,100.0,workable,True,72.05,3.731790361445775,3.4120736000000003,9.3,4.498,0.21732990055544216,,1.0,0.5,0.601,0.904,0.85,0.866,,,1.202,"{""sst"": 0.2212, ""season"": 0.0, ""tide"": 0.0313, ""moon"": 0.0378, ""pressure"": 0.0452, ""swell"": 0.0584}",chl,Strong El Nino,2.16,100.0
2026-10-15,mission_bay,Mission Bay,inshore,spotted_bay_bass,Spotted Bay Bass,bass,90.0,63.6,26.4,90.0,100.0,workable,True,72.05,3.731790361445775,3.4120736000000003,9.3,4.498,0.21732990055544216,,1.0,0.8,0.576,0.761,0.85,1.0,,,1.202,"{""sst"": 0.1612, ""season"": 0.0765, ""tide"": 0.056, ""moon"": 0.0293, ""pressure"": 0.0494, ""swell"": 0.0322}",chl,Strong El Nino,2.16,100.0
2026-09-25,nine_mile,9-Mile Bank & 43-Fathom,offshore,rockfish,Rockfish Complex,groundfish,65.2,67.5,-2.3,67.8,94.1,workable,False,74.12,3.2958526315789527,3.9370079999999996,13.2,,0.9834832009922474,,1.0,0.9,,0.854,,0.843,,,0.763,"{""sst"": 0.147, ""season"": 0.1425, ""moon"": 0.0162, ""swell"": 0.2693}","tide,pressure,chl",Strong El Nino,2.16,55.2
2026-09-25,nine_mile,9-Mile Bank & 43-Fathom,offshore,barracuda,California Barracuda,pelagic_inshore,84.8,67.0,17.8,88.2,94.1,workable,False,74.12,3.2958526315789527,3.9370079999999996,13.2,,0.9834832009922474,,0.654,0.85,,0.854,,0.812,,,1.178,"{""sst"": 0.1219, ""season"": 0.1608, ""moon"": 0.0325, ""swell"": 0.0882}","tide,pressure,front,chl",Strong El Nino,2.16,100.0
2026-09-25,nine_mile,9-Mile Bank & 43-Fathom,offshore,bonito,Pacific Bonito,pelagic_inshore,99.4,68.4,31.0,99.6,94.1,workable,False,74.12,3.2958526315789527,3.9370079999999996,13.2,,0.9834832009922474,,0.98,0.95,,0.854,,0.87,,,1.297,"{""sst"": 0.3156, ""season"": 0.1805, ""moon"": 0.0167, ""swell"": 0.1211}","tide,pressure,front,chl",Strong El Nino,2.16,100.0
2026-09-25,nine_mile,9-Mile Bank & 43-Fathom,offshore,yellowtail,California Yellowtail,pelagic,94.8,67.1,27.7,96.4,94.1,workable,False,74.12,3.2958526315789527,3.9370079999999996,13.2,,0.9834832009922474,,0.654,0.9,,0.854,,0.87,,,1.297,"{""sst"": 0.1173, ""season"": 0.1653, ""moon"": 0.0502, ""swell"": 0.1038}","tide,pressure,front,chl",Strong El Nino,2.16,100.0
2026-09-25,nine_mile,9-Mile Bank & 43-Fathom,offshore,bluefin_tuna,Pacific Bluefin Tuna,tuna,82.4,64.1,18.3,85.7,94.1,workable,False,74.12,3.2958526315789527,3.9370079999999996,13.2,,0.9834832009922474,,0.388,0.95,,0.983,,0.87,,,1.237,"{""sst"": -0.0841, ""season"": 0.1498, ""moon"": 0.1127, ""swell"": 0.1476}","tide,pressure,front,chl",Strong El Nino,2.16,100.0
2026-09-25,nine_mile,9-Mile Bank & 43-Fathom,offshore,yellowfin_tuna,Yellowfin Tuna,tuna,99.7,68.1,31.6,99.8,94.1,workable,False,74.12,3.2958526315789527,3.9370079999999996,13.2,,0.9834832009922474,,1.0,1.0,,0.854,,0.87,,,1.35,"{""sst"": 0.3262, ""season"": 0.1631, ""moon"": 0.0472, ""swell"": 0.114}","tide,pressure,front,chl",Strong El Nino,2.16,100.0
2026-09-25,nine_mile,9-Mile Bank & 43-Fathom,offshore,dorado,Dorado (Mahi-Mahi),tuna,99.7,61.0,38.7,99.8,94.1,workable,False,74.12,3.2958526315789527,3.9370079999999996,13.2,,0.9834832009922474,,1.0,1.0,,0.854,,0.87,,,1.35,"{""sst"": 0.367, ""season"": 0.1631, ""moon"": 0.0315, ""swell"": 0.0977}","tide,pressure,front,chl",Strong El Nino,2.16,100.0
2026-09-26,nine_mile,9-Mile Bank & 43-Fathom,offshore,rockfish,Rockfish Complex,groundfish,65.0,67.5,-2.5,65.3,99.3,workable,False,74.21,3.445430232558124,4.593176,9.9,,0.9995517538836435,,1.0,0.9,,0.85,1.0,0.781,,,0.752,"{""sst"": 0.1311, ""season"": 0.1271, ""moon"": 0.0143, ""pressure"": 0.0749, ""swell"": 0.2051}","tide,chl",Strong El Nino,2.16,54.6
2026-09-26,nine_mile,9-Mile Bank & 43-Fathom,offshore,barracuda,California Barracuda,pelagic_inshore,88.4,67.0,21.4,88.8,99.3,workable,False,74.21,3.445430232558124,4.593176,9.9,,0.9995517538836435,,0.639,0.85,,0.85,1.0,0.745,,,1.186,"{""sst"": 0.1022, ""season"": 0.1474, ""moon"": 0.0295, ""pressure"": 0.0578, ""swell"": 0.0665}","tide,front,chl",Strong El Nino,2.16,100.0
2026-09-26,nine_mile,9-Mile Bank & 43-Fathom,offshore,bonito,Pacific Bonito,pelagic_inshore,99.6,68.4,31.2,99.6,99.3,workable,False,74.21,3.445430232558124,4.593176,9.9,,0.9995517538836435,,0.966,0.95,,0.85,1.0,0.812,,,1.31,"{""sst"": 0.2821, ""season"": 0.165, ""moon"": 0.0152, ""pressure"": 0.0594, ""swell"": 0.0971}","tide,front,chl",Strong El Nino,2.16,100.0
2026-09-26,nine_mile,9-Mile Bank & 43-Fathom,offshore,yellowtail,California Yellowtail,pelagic,96.7,67.1,29.6,96.8,99.3,workable,False,74.21,3.445430232558124,4.593176,9.9,,0.9995517538836435,,0.639,0.9,,0.85,1.0,0.812,,,1.31,"{""sst"": 0.0981, ""season"": 0.1511, ""moon"": 0.0455, ""pressure"": 0.0594, ""swell"": 0.0832}","tide,front,chl",Strong El Nino,2.16,100.0
2026-09-26,nine_mile,9-Mile Bank & 43-Fathom,offshore,bluefin_tuna,Pacific Bluefin Tuna,tuna,85.5,64.1,21.4,85.9,99.3,workable,False,74.21,3.445430232558124,4.593176,9.9,,0.9995517538836435,,0.371,0.95,,1.0,1.0,0.812,,,1.248,"{""sst"": -0.0934, ""season"": 0.1404, ""moon"": 0.1082, ""pressure"": 0.0433, ""swell"": 0.1213}","tide,front,chl",Strong El Nino,2.16,100.0
2026-09-26,nine_mile,9-Mile Bank & 43-Fathom,offshore,yellowfin_tuna,Yellowfin Tuna,tuna,99.8,68.1,31.7,99.8,99.3,workable,False,74.21,3.445430232558124,4.593176,9.9,,0.9995517538836435,,1.0,1.0,,0.85,1.0,0.812,,,1.35,"{""sst"": 0.3081, ""season"": 0.154, ""moon"": 0.0442, ""pressure"": 0.0385, ""swell"": 0.0944}","tide,front,chl",Strong El Nino,2.16,100.0
2026-09-26,nine_mile,9-Mile Bank & 43-Fathom,offshore,dorado,Dorado (Mahi-Mahi),tuna,99.8,60.5,39.3,99.8,99.3,workable,False,74.21,3.445430232558124,4.593176,9.9,,0.9995517538836435,,1.0,1.0,,0.85,1.0,0.812,,,1.35,"{""sst"": 0.3466, ""season"": 0.154, ""moon"": 0.0295, ""pressure"": 0.0385, ""swell"": 0.0809}","tide,front,chl",Strong El Nino,2.16,100.0
2026-09-27,nine_mile,9-Mile Bank & 43-Fathom,offshore,rockfish,Rockfish Complex,groundfish,71.6,67.4,4.2,73.3,96.3,workable,False,72.4028,1.6910011560693476,4.9868768,9.7,,0.9921059368700724,,1.0,0.9,,0.852,0.85,0.744,,,0.878,"{""sst"": 0.1311, ""season"": 0.1271, ""moon"": 0.0144, ""pressure"": 0.0574, ""swell"": 0.1828}","tide,chl",Strong El Nino,2.16,100.0
2026-09-27,nine_mile,9-Mile Bank & 43-Fathom,offshore,barracuda,California Barracuda,pelagic_inshore,91.2,67.0,24.2,93.0,96.3,workable,False,72.4028,1.6910011560693476,4.9868768,9.7,,0.9921059368700724,,0.934,0.85,,0.852,0.85,0.705,,,1.091,"{""sst"": 0.2605, ""season"": 0.1474, ""moon"": 0.0296, ""pressure"": 0.0442, ""swell"": 0.0573}","tide,front,chl",Strong El Nino,2.16,100.0
2026-09-27,nine_mile,9-Mile Bank & 43-Fathom,offshore,bonito,Pacific Bonito,pelagic_inshore,97.4,68.4,29.0,98.0,96.3,workable,False,72.4028,1.6910011560693476,4.9868768,9.7,,0.9921059368700724,,1.0,0.95,,0.852,0.85,0.778,,,1.152,"{""sst"": 0.2971, ""season"": 0.165, ""moon"": 0.0152, ""pressure"": 0.0455, ""swell"": 0.0884}","tide,front,chl",Strong El Nino,2.16,100.0
2026-09-27,nine_mile,9-Mile Bank & 43-Fathom,offshore,yellowtail,California Yellowtail,pelagic,96.0,67.1,28.9,96.9,96.3,workable,False,72.4028,1.6910011560693476,4.9868768,9.7,,0.9921059368700724,,0.934,0.9,,0.852,0.85,0.778,,,1.152,"{""sst"": 0.25, ""season"": 0.1511, ""moon"": 0.0457, ""pressure"": 0.0455, ""swell"": 0.0758}","tide,front,chl",Strong El Nino,2.16,100.0
2026-09-27,nine_mile,9-Mile Bank & 43-Fathom,offshore,bluefin_tuna,Pacific Bluefin Tuna,tuna,90.9,64.1,26.8,92.7,96.3,workable,False,72.4028,1.6910011560693476,4.9868768,9.7,,0.9921059368700724,,0.725,0.95,,0.992,0.85,0.778,,,1.122,"{""sst"": 0.1161, ""season"": 0.1404, ""moon"": 0.1071, ""pressure"": 0.0332, ""swell"": 0.1105}","tide,front,chl",Strong El Nino,2.16,100.0
2026-09-27,nine_mile,9-Mile Bank & 43-Fathom,offshore,yellowfin_tuna,Yellowfin Tuna,tuna,99.2,68.1,31.1,99.4,96.3,workable,False,72.4028,1.6910011560693476,4.9868768,9.7,,0.9921059368700724,,1.0,1.0,,0.852,0.85,0.778,,,1.274,"{""sst"": 0.3081, ""season"": 0.154, ""moon"": 0.0444, ""pressure"": 0.0295, ""swell"": 0.0859}","tide,front,chl",Strong El Nino,2.16,100.0
2026-09-27,nine_mile,9-Mile Bank & 43-Fathom,offshore,dorado,Dorado (Mahi-Mahi),tuna,99.6,60.1,39.5,99.7,96.3,workable,False,72.4028,1.6910011560693476,4.9868768,9.7,,0.9921059368700724,,1.0,1.0,,0.852,0.85,0.778,,,1.335,"{""sst"": 0.3466, ""season"": 0.154, ""moon"": 0.0296, ""pressure"": 0.0295, ""swell"": 0.0737}","tide,front,chl",Strong El Nino,2.16,100.0
2026-09-28,nine_mile,9-Mile Bank & 43-Fathom,offshore,rockfish,Rockfish Complex,groundfish,65.2,67.3,-2.1,71.0,87.4,5.8 ft seas,False,72.3236,1.662527586206906,5.8398952,12.5,,0.9600738604541995,,1.0,0.9,,0.86,1.0,0.664,,,0.88,"{""sst"": 0.1311, ""season"": 0.1271, ""moon"": 0.0147, ""pressure"": 0.0749, ""swell"": 0.1302}","tide,chl",Strong El Nino,2.16,55.2
2026-09-28,nine_mile,9-Mile Bank & 43-Fathom,offshore,barracuda,California Barracuda,pelagic_inshore,85.6,67.0,18.6,92.7,87.4,5.8 ft seas,False,72.3236,1.662527586206906,5.8398952,12.5,,0.9600738604541995,,0.947,0.85,,0.86,1.0,0.618,,,1.09,"{""sst"": 0.2662, ""season"": 0.1474, ""moon"": 0.0301, ""pressure"": 0.0578, ""swell"": 0.0353}","tide,front,chl",Strong El Nino,2.16,100.0
2026-09-28,nine_mile,9-Mile Bank & 43-Fathom,offshore,bonito,Pacific Bonito,pelagic_inshore,94.9,68.4,26.5,97.8,87.4,5.8 ft seas,False,72.3236,1.662527586206906,5.8398952,12.5,,0.9600738604541995,,1.0,0.95,,0.86,1.0,0.703,,,1.15,"{""sst"": 0.2971, ""season"": 0.165, ""moon"": 0.0155, ""pressure"": 0.0594, ""swell"": 0.0682}","tide,front,chl",Strong El Nino,2.16,100.0
2026-09-28,nine_mile,9-Mile Bank & 43-Fathom,offshore,yellowtail,California Yellowtail,pelagic,92.9,67.1,25.8,96.9,87.4,5.8 ft seas,False,72.3236,1.662527586206906,5.8398952,12.5,,0.9600738604541995,,0.947,0.9,,0.86,1.0,0.703,,,1.15,"{""sst"": 0.2555, ""season"": 0.1511, ""moon"": 0.0465, ""pressure"": 0.0594, ""swell"": 0.0585}","tide,front,chl",Strong El Nino,2.16,100.0
2026-09-28,nine_mile,9-Mile Bank & 43-Fathom,offshore,bluefin_tuna,Pacific Bluefin Tuna,tuna,84.2,64.1,20.1,91.6,87.4,5.8 ft seas,False,72.3236,1.662527586206906,5.8398952,12.5,,0.9600738604541995,,0.741,0.95,,0.96,1.0,0.703,,,1.12,"{""sst"": 0.1228, ""season"": 0.1404, ""moon"": 0.1019, ""pressure"": 0.0433, ""swell"": 0.0853}","tide,front,chl",Strong El Nino,2.16,100.0
2026-09-28,nine_mile,9-Mile Bank & 43-Fathom,offshore,yellowfin_tuna,Yellowfin Tuna,tuna,98.3,68.0,30.3,99.3,87.4,5.8 ft seas,False,72.3236,1.662527586206906,5.8398952,12.5,,0.9600738604541995,,1.0,1.0,,0.86,1.0,0.703,,,1.269,"{""sst"": 0.3081, ""season"": 0.154, ""moon"": 0.0452, ""pressure"": 0.0385, ""swell"": 0.0663}","tide,front,chl",Strong El Nino,2.16,100.0
2026-09-28,nine_mile,9-Mile Bank & 43-Fathom,offshore,dorado,Dorado (Mahi-Mahi),tuna,99.1,59.7,39.4,99.7,87.4,5.8 ft seas,False,72.3236,1.662527586206906,5.8398952,12.5,,0.9600738604541995,,1.0,1.0,,0.86,1.0,0.703,,,1.329,"{""sst"": 0.3466, ""season"": 0.154, ""moon"": 0.0301, ""pressure"": 0.0385, ""swell"": 0.0568}","tide,front,chl",Strong El Nino,2.16,100.0
2026-09-29,nine_mile,9-Mile Bank & 43-Fathom,offshore,rockfish,Rockfish Complex,groundfish,62.2,67.3,-5.1,68.5,85.9,6.4 ft seas,False,72.2696,1.6761908571428563,6.3648296,10.9,,0.9040301216596538,,1.0,0.9,,0.874,1.0,0.614,,,0.879,"{""sst"": 0.1311, ""season"": 0.1271, ""moon"": 0.0151, ""pressure"": 0.0749, ""swell"": 0.0946}","tide,chl",Strong El Nino,2.16,42.1
2026-09-29,nine_mile,9-Mile Bank & 43-Fathom,offshore,barracuda,California Barracuda,pelagic_inshore,83.9,67.0,16.9,92.1,85.9,6.4 ft seas,False,72.2696,1.6761908571428563,6.3648296,10.9,,0.9040301216596538,,0.956,0.85,,0.874,1.0,0.564,,,1.091,"{""sst"": 0.27, ""season"": 0.1474, ""moon"": 0.031, ""pressure"": 0.0578, ""swell"": 0.0202}","tide,front,chl",Strong El Nino,2.16,100.0
2026-09-29,nine_mile,9-Mile Bank & 43-Fathom,offshore,bonito,Pacific Bonito,pelagic_inshore,93.6,68.4,25.2,97.5,85.9,6.4 ft seas,False,72.2696,1.6761908571428563,6.3648296,10.9,,0.9040301216596538,,1.0,0.95,,0.874,1.0,0.657,,,1.151,"{""sst"": 0.2971, ""season"": 0.165, ""moon"": 0.016, ""pressure"": 0.0594, ""swell"": 0.0547}","tide,front,chl",Strong El Nino,2.16,100.0
2026-09-29,nine_mile,9-Mile Bank & 43-Fathom,offshore,yellowtail,California Yellowtail,pelagic,91.8,67.1,24.7,96.7,85.9,6.4 ft seas,False,72.2696,1.6761908571428563,6.3648296,10.9,,0.9040301216596538,,0.956,0.9,,0.874,1.0,0.657,,,1.151,"{""sst"": 0.2592, ""season"": 0.1511, ""moon"": 0.0479, ""pressure"": 0.0594, ""swell"": 0.0469}","tide,front,chl",Strong El Nino,2.16,100.0
2026-09-29,nine_mile,9-Mile Bank & 43-Fathom,offshore,bluefin_tuna,Pacific Bluefin Tuna,tuna,81.6,64.0,17.6,89.8,85.9,6.4 ft seas,False,72.2696,1.6761908571428563,6.3648296,10.9,,0.9040301216596538,,0.751,0.95,,0.904,1.0,0.657,,,1.121,"{""sst"": 0.1272, ""season"": 0.1404, ""moon"": 0.0925, ""pressure"": 0.0433, ""swell"": 0.0684}","tide,front,chl",Strong El Nino,2.16,100.0
2026-09-29,nine_mile,9-Mile Bank & 43-Fathom,offshore,yellowfin_tuna,Yellowfin Tuna,tuna,97.8,68.0,29.8,99.2,85.9,6.4 ft seas,False,72.2696,1.6761908571428563,6.3648296,10.9,,0.9040301216596538,,1.0,1.0,,0.874,1.0,0.657,,,1.272,"{""sst"": 0.3081, ""season"": 0.154, ""moon"": 0.0465, ""pressure"": 0.0385, ""swell"": 0.0532}","tide,front,chl",Strong El Nino,2.16,100.0
2026-09-29,nine_mile,9-Mile Bank & 43-Fathom,offshore,dorado,Dorado (Mahi-Mahi),tuna,98.9,59.1,39.8,99.6,85.9,6.4 ft seas,False,72.2696,1.6761908571428563,6.3648296,10.9,,0.9040301216596538,,1.0,1.0,,0.874,1.0,0.657,,,1.332,"{""sst"": 0.3466, ""season"": 0.154, ""moon"": 0.031, ""pressure"": 0.0385, ""swell"": 0.0456}","tide,front,chl",Strong El Nino,2.16,100.0
2026-09-30,nine_mile,9-Mile Bank & 43-Fathom,offshore,rockfish,Rockfish Complex,groundfish,72.7,67.3,5.4,73.2,98.8,workable,False,72.0284,1.4921693181818227,4.6587928,10.9,,0.8263179887803223,,1.0,0.9,,0.893,0.6,0.775,,,0.893,"{""sst"": 0.1311, ""season"": 0.1271, ""moon"": 0.0157, ""pressure"": 0.0197, ""swell"": 0.2015}","tide,chl",Strong El Nino,2.16,100.0
2026-09-30,nine_mile,9-Mile Bank & 43-Fathom,offshore,barracuda,California Barracuda,pelagic_inshore,92.3,67.0,25.3,92.8,98.8,workable,False,72.0284,1.4921693181818227,4.6587928,10.9,,0.8263179887803223,,0.995,0.85,,0.893,0.6,0.739,,,1.081,"{""sst"": 0.2869, ""season"": 0.1474, ""moon"": 0.0322, ""pressure"": 0.0152, ""swell"": 0.065}","tide,front,chl",Strong El Nino,2.16,100.0
2026-09-30,nine_mile,9-Mile Bank & 43-Fathom,offshore,bonito,Pacific Bonito,pelagic_inshore,96.8,68.4,28.4,97.1,98.8,workable,False,72.0284,1.4921693181818227,4.6587928,10.9,,0.8263179887803223,,1.0,0.95,,0.893,0.6,0.807,,,1.134,"{""sst"": 0.2971, ""season"": 0.165, ""moon"": 0.0166, ""pressure"": 0.0156, ""swell"": 0.0956}","tide,front,chl",Strong El Nino,2.16,100.0
2026-09-30,nine_mile,9-Mile Bank & 43-Fathom,offshore,yellowtail,California Yellowtail,pelagic,96.3,67.1,29.2,96.6,98.8,workable,False,72.0284,1.4921693181818227,4.6587928,10.9,,0.8263179887803223,,0.995,0.9,,0.893,0.6,0.807,,,1.134,"{""sst"": 0.2754, ""season"": 0.1511, ""moon"": 0.0498, ""pressure"": 0.0156, ""swell"": 0.082}","tide,front,chl",Strong El Nino,2.16,100.0
2026-09-30,nine_mile,9-Mile Bank & 43-Fathom,offshore,bluefin_tuna,Pacific Bluefin Tuna,tuna,90.2,64.0,26.2,90.9,98.8,workable,False,72.0284,1.4921693181818227,4.6587928,10.9,,0.8263179887803223,,0.798,0.95,,0.826,0.6,0.807,,,1.107,"{""sst"": 0.1463, ""season"": 0.1404, ""moon"": 0.0785, ""pressure"": 0.0114, ""swell"": 0.1196}","tide,front,chl",Strong El Nino,2.16,100.0
2026-09-30,nine_mile,9-Mile Bank & 43-Fathom,offshore,yellowfin_tuna,Yellowfin Tuna,tuna,99.1,68.0,31.1,99.2,98.8,workable,False,72.0284,1.4921693181818227,4.6587928,10.9,,0.8263179887803223,,1.0,1.0,,0.893,0.6,0.807,,,1.242,"{""sst"": 0.3081, ""season"": 0.154, ""moon"": 0.0484, ""pressure"": 0.0101, ""swell"": 0.093}","tide,front,chl",Strong El Nino,2.16,100.0
2026-09-30,nine_mile,9-Mile Bank & 43-Fathom,offshore,dorado,Dorado (Mahi-Mahi),tuna,99.5,58.7,40.8,99.5,98.8,workable,False,72.0284,1.4921693181818227,4.6587928,10.9,,0.8263179887803223,,1.0,1.0,,0.893,0.6,0.807,,,1.295,"{""sst"": 0.3466, ""season"": 0.154, ""moon"": 0.0322, ""pressure"": 0.0101, ""swell"": 0.0797}","tide,front,chl",Strong El Nino,2.16,100.0
2026-10-01,nine_mile,9-Mile Bank & 43-Fathom,offshore,rockfish,Rockfish Complex,groundfish,71.7,66.7,5.0,72.6,98.0,workable,False,72.3434,1.8449389830508522,4.0682416,12.4,,0.7309239695760712,,1.0,0.85,,0.917,0.6,0.831,,,0.867,"{""sst"": 0.1311, ""season"": 0.1147, ""moon"": 0.0164, ""pressure"": 0.0197, ""swell"": 0.2334}","tide,chl",Strong El Nino,2.16,100.0
2026-10-01,nine_mile,9-Mile Bank & 43-Fathom,offshore,barracuda,California Barracuda,pelagic_inshore,84.5,62.5,22.0,85.6,98.0,workable,False,72.3434,1.8449389830508522,4.0682416,12.4,,0.7309239695760712,,0.944,0.6,,0.917,0.6,0.799,,,1.1,"{""sst"": 0.2648, ""season"": 0.0506, ""moon"": 0.0337, ""pressure"": 0.0152, ""swell"": 0.0781}","tide,front,chl",Strong El Nino,2.16,100.0
2026-10-01,nine_mile,9-Mile Bank & 43-Fathom,offshore,bonito,Pacific Bonito,pelagic_inshore,95.9,65.5,30.4,96.4,98.0,workable,False,72.3434,1.8449389830508522,4.0682416,12.4,,0.7309239695760712,,1.0,0.75,,0.917,0.6,0.858,,,1.166,"{""sst"": 0.2971, ""season"": 0.1043, ""moon"": 0.0173, ""pressure"": 0.0156, ""swell"": 0.1081}","tide,front,chl",Strong El Nino,2.16,100.0
2026-10-01,nine_mile,9-Mile Bank & 43-Fathom,offshore,yellowtail,California Yellowtail,pelagic,94.9,64.9,30.0,95.5,98.0,workable,False,72.3434,1.8449389830508522,4.0682416,12.4,,0.7309239695760712,,0.944,0.75,,0.917,0.6,0.858,,,1.166,"{""sst"": 0.2542, ""season"": 0.1043, ""moon"": 0.052, ""pressure"": 0.0156, ""swell"": 0.0926}","tide,front,chl",Strong El Nino,2.16,100.0
2026-10-01,nine_mile,9-Mile Bank & 43-Fathom,offshore,bluefin_tuna,Pacific Bluefin Tuna,tuna,85.9,62.5,23.4,87.1,98.0,workable,False,72.3434,1.8449389830508522,4.0682416,12.4,,0.7309239695760712,,0.737,0.8,,0.731,0.6,0.858,,,1.133,"{""sst"": 0.1211, ""season"": 0.1028, ""moon"": 0.0593, ""pressure"": 0.0114, ""swell"": 0.1351}","tide,front,chl",Strong El Nino,2.16,100.0
2026-10-01,nine_mile,9-Mile Bank & 43-Fathom,offshore,yellowfin_tuna,Yellowfin Tuna,tuna,99.2,66.3,32.9,99.4,98.0,workable,False,72.3434,1.8449389830508522,4.0682416,12.4,,0.7309239695760712,,1.0,0.85,,0.917,0.6,0.858,,,1.299,"{""sst"": 0.3081, ""season"": 0.1179, ""moon"": 0.0506, ""pressure"": 0.0101, ""swell"": 0.1051}","tide,front,chl",Strong El Nino,2.16,100.0
2026-10-01,nine_mile,9-Mile Bank & 43-Fathom,offshore,dorado,Dorado (Mahi-Mahi),tuna,99.5,56.3,43.2,99.6,98.0,workable,False,72.3434,1.8449389830508522,4.0682416,12.4,,0.7309239695760712,,1.0,0.8,,0.917,0.6,0.858,,,1.35,"{""sst"": 0.3466, ""season"": 0.1044, ""moon"": 0.0337, ""pressure"": 0.0101, ""swell"": 0.0901}","tide,front,chl",Strong El Nino,2.16,100.0
2026-10-02,nine_mile,9-Mile Bank & 43-Fathom,offshore,rockfish,Rockfish Complex,groundfish,74.7,66.6,8.1,74.7,100.0,workable,False,72.5144,2.079884745762712,3.8713911999999997,11.7,,0.6231352998941142,,1.0,0.85,,0.944,0.85,0.849,,,0.85,"{""sst"": 0.1311, ""season"": 0.1147, ""moon"": 0.0172, ""pressure"": 0.0574, ""swell"": 0.2435}","tide,chl",Strong El Nino,2.16,100.0
2026-10-02,nine_mile,9-Mile Bank & 43-Fathom,offshore,barracuda,California Barracuda,pelagic_inshore,88.5,62.4,26.1,88.5,100.0,workable,False,72.5144,2.079884745762712,3.8713911999999997,11.7,,0.6231352998941142,,0.916,0.6,,0.944,0.85,0.819,,,1.112,"{""sst"": 0.2522, ""season"": 0.0506, ""moon"": 0.0353, ""pressure"": 0.0442, ""swell"": 0.0823}","tide,front,chl",Strong El Nino,2.16,100.0
2026-10-02,nine_mile,9-Mile Bank & 43-Fathom,offshore,bonito,Pacific Bonito,pelagic_inshore,97.9,65.5,32.4,97.9,100.0,workable,False,72.5144,2.079884745762712,3.8713911999999997,11.7,,0.6231352998941142,,1.0,0.75,,0.944,0.85,0.876,,,1.187,"{""sst"": 0.2971, ""season"": 0.1043, ""moon"": 0.0182, ""pressure"": 0.0455, ""swell"": 0.112}","tide,front,chl",Strong El Nino,2.16,100.0
2026-10-02,nine_mile,9-Mile Bank & 43-Fathom,offshore,yellowtail,California Yellowtail,pelagic,97.0,64.9,32.1,97.0,100.0,workable,False,72.5144,2.079884745762712,3.8713911999999997,11.7,,0.6231352998941142,,0.916,0.75,,0.944,0.85,0.876,,,1.187,"{""sst"": 0.2422, ""season"": 0.1043, ""moon"": 0.0545, ""pressure"": 0.0455, ""swell"": 0.096}","tide,front,chl",Strong El Nino,2.16,100.0
2026-10-02,nine_mile,9-Mile Bank & 43-Fathom,offshore,bluefin_tuna,Pacific Bluefin Tuna,tuna,87.2,62.5,24.7,87.2,100.0,workable,False,72.5144,2.079884745762712,3.8713911999999997,11.7,,0.6231352998941142,,0.703,0.8,,0.623,0.85,0.876,,,1.15,"{""sst"": 0.1066, ""season"": 0.1028, ""moon"": 0.0344, ""pressure"": 0.0332, ""swell"": 0.1401}","tide,front,chl",Strong El Nino,2.16,100.0
2026-10-02,nine_mile,9-Mile Bank & 43-Fathom,offshore,yellowfin_tuna,Yellowfin Tuna,tuna,99.7,66.3,33.4,99.7,100.0,workable,False,72.5144,2.079884745762712,3.8713911999999997,11.7,,0.6231352998941142,,1.0,0.85,,0.944,0.85,0.876,,,1.337,"{""sst"": 0.3081, ""season"": 0.1179, ""moon"": 0.053, ""pressure"": 0.0295, ""swell"": 0.1089}","tide,front,chl",Strong El Nino,2.16,100.0
2026-10-02,nine_mile,9-Mile Bank & 43-Fathom,offshore,dorado,Dorado (Mahi-Mahi),tuna,99.7,55.8,43.9,99.7,100.0,workable,False,72.5144,2.079884745762712,3.8713911999999997,11.7,,0.6231352998941142,,1.0,0.8,,0.944,0.85,0.876,,,1.35,"{""sst"": 0.3466, ""season"": 0.1044, ""moon"": 0.0353, ""pressure"": 0.0295, ""swell"": 0.0934}","tide,front,chl",Strong El Nino,2.16,100.0
2026-10-03,nine_mile,9-Mile Bank & 43-Fathom,offshore,rockfish,Rockfish Complex,groundfish,70.9,66.6,4.3,74.2,93.1,workable,False,73.0022,2.649294915254231,3.4776904,13.4,5.186,0.5090574688798968,,1.0,0.85,0.939,0.973,1.0,0.887,,,0.809,"{""sst"": 0.1078, ""season"": 0.0943, ""tide"": 0.112, ""moon"": 0.0148, ""pressure"": 0.0616, ""swell"": 0.2164}",chl,Strong El Nino,2.16,100.0
2026-10-03,nine_mile,9-Mile Bank & 43-Fathom,offshore,barracuda,California Barracuda,pelagic_inshore,85.1,62.4,22.7,89.1,93.1,workable,False,73.0022,2.649294915254231,3.4776904,13.4,5.186,0.5090574688798968,,0.836,0.6,0.755,0.973,1.0,0.859,,,1.143,"{""sst"": 0.1794, ""season"": 0.0424, ""tide"": 0.0672, ""moon"": 0.031, ""pressure"": 0.0484, ""swell"": 0.0756}","front,chl",Strong El Nino,2.16,100.0
2026-10-03,nine_mile,9-Mile Bank & 43-Fathom,offshore,bonito,Pacific Bonito,pelagic_inshore,98.0,65.5,32.5,98.8,93.1,workable,False,73.0022,2.649294915254231,3.4776904,13.4,5.186,0.5090574688798968,,1.0,0.75,0.813,0.973,1.0,0.91,,,1.238,"{""sst"": 0.2599, ""season"": 0.0912, ""tide"": 0.0607, ""moon"": 0.0166, ""pressure"": 0.052, ""swell"": 0.1048}","front,chl",Strong El Nino,2.16,100.0
2026-10-03,nine_mile,9-Mile Bank & 43-Fathom,offshore,yellowtail,California Yellowtail,pelagic,95.7,64.9,30.8,97.3,93.1,workable,False,73.0022,2.649294915254231,3.4776904,13.4,5.186,0.5090574688798968,,0.836,0.75,0.755,0.973,1.0,0.91,,,1.238,"{""sst"": 0.1715, ""season"": 0.0869, ""tide"": 0.0688, ""moon"": 0.0475, ""pressure"": 0.0495, ""swell"": 0.0856}","front,chl",Strong El Nino,2.16,100.0
2026-10-03,nine_mile,9-Mile Bank & 43-Fathom,offshore,bluefin_tuna,Pacific Bluefin Tuna,tuna,82.1,62.5,19.6,85.9,93.1,workable,False,73.0022,2.649294915254231,3.4776904,13.4,5.186,0.5090574688798968,,0.608,0.8,0.813,0.509,1.0,0.91,,,1.191,"{""sst"": 0.0573, ""season"": 0.0968, ""tide"": 0.0286, ""moon"": 0.0026, ""pressure"": 0.0408, ""swell"": 0.1409}","front,chl",Strong El Nino,2.16,100.0
2026-10-03,nine_mile,9-Mile Bank & 43-Fathom,offshore,yellowfin_tuna,Yellowfin Tuna,tuna,99.6,66.2,33.4,99.8,93.1,workable,False,73.0022,2.649294915254231,3.4776904,13.4,5.186,0.5090574688798968,,1.0,0.85,0.813,0.973,1.0,0.91,,,1.35,"{""sst"": 0.2997, ""season"": 0.1147, ""tide"": 0.0131, ""moon"": 0.054, ""pressure"": 0.0375, ""swell"": 0.1133}","front,chl",Strong El Nino,2.16,100.0
2026-10-03,nine_mile,9-Mile Bank & 43-Fathom,offshore,dorado,Dorado (Mahi-Mahi),tuna,99.5,55.1,44.4,99.7,93.1,workable,False,73.0022,2.649294915254231,3.4776904,13.4,5.186,0.5090574688798968,,1.0,0.8,0.813,0.973,1.0,0.91,,,1.35,"{""sst"": 0.3372, ""season"": 0.1016, ""tide"": 0.0131, ""moon"": 0.036, ""pressure"": 0.0375, ""swell"": 0.0971}","front,chl",Strong El Nino,2.16,100.0
2026-10-04,nine_mile,9-Mile Bank & 43-Fathom,offshore,rockfish,Rockfish Complex,groundfish,58.9,66.6,-7.7,66.7,81.9,workable,False,73.2182,2.9375593220338914,3.0839895999999998,15.7,2.2189999999999994,0.3950846566449676,,1.0,0.85,0.707,0.949,0.6,0.924,,,0.788,"{""sst"": 0.1078, ""season"": 0.0943, ""tide"": 0.0616, ""moon"": 0.0142, ""pressure"": 0.0162, ""swell"": 0.2319}",chl,Strong El Nino,2.16,39.1
2026-10-04,nine_mile,9-Mile Bank & 43-Fathom,offshore,barracuda,California Barracuda,pelagic_inshore,70.0,62.4,7.6,79.3,81.9,workable,False,73.2182,2.9375593220338914,3.0839895999999998,15.7,2.2189999999999994,0.3950846566449676,,0.801,0.6,0.45,0.949,0.6,0.899,,,1.159,"{""sst"": 0.1644, ""season"": 0.0424, ""tide"": -0.017, ""moon"": 0.0298, ""pressure"": 0.0127, ""swell"": 0.0819}","front,chl",Strong El Nino,2.16,100.0
2026-10-04,nine_mile,9-Mile Bank & 43-Fathom,offshore,bonito,Pacific Bonito,pelagic_inshore,94.1,65.5,28.6,98.4,81.9,workable,False,73.2182,2.9375593220338914,3.0839895999999998,15.7,2.2189999999999994,0.3950846566449676,,1.0,0.75,0.71,0.949,0.6,0.944,,,1.264,"{""sst"": 0.2599, ""season"": 0.0912, ""tide"": 0.0438, ""moon"": 0.016, ""pressure"": 0.0137, ""swell"": 0.1113}","front,chl",Strong El Nino,2.16,100.0
2026-10-04,nine_mile,9-Mile Bank & 43-Fathom,offshore,yellowtail,California Yellowtail,pelagic,81.2,64.9,16.3,91.9,81.9,workable,False,73.2182,2.9375593220338914,3.0839895999999998,15.7,2.2189999999999994,0.3950846566449676,,0.801,0.75,0.45,0.949,0.6,0.944,,,1.264,"{""sst"": 0.1571, ""season"": 0.0869, ""tide"": -0.0174, ""moon"": 0.0458, ""pressure"": 0.013, ""swell"": 0.0909}","front,chl",Strong El Nino,2.16,100.0
2026-10-04,nine_mile,9-Mile Bank & 43-Fathom,offshore,bluefin_tuna,Pacific Bluefin Tuna,tuna,75.2,62.5,12.7,85.3,81.9,workable,False,73.2182,2.9375593220338914,3.0839895999999998,15.7,2.2189999999999994,0.3950846566449676,,0.565,0.8,0.71,0.605,0.6,0.944,,,1.212,"{""sst"": 0.0361, ""season"": 0.0968, ""tide"": 0.0206, ""moon"": 0.028, ""pressure"": 0.0107, ""swell"": 0.1497}","front,chl",Strong El Nino,2.16,100.0
2026-10-04,nine_mile,9-Mile Bank & 43-Fathom,offshore,yellowfin_tuna,Yellowfin Tuna,tuna,98.5,66.2,32.3,99.7,81.9,workable,False,73.2182,2.9375593220338914,3.0839895999999998,15.7,2.2189999999999994,0.3950846566449676,,1.0,0.85,0.71,0.949,0.6,0.944,,,1.35,"{""sst"": 0.2997, ""season"": 0.1147, ""tide"": 0.0095, ""moon"": 0.0519, ""pressure"": 0.0099, ""swell"": 0.1203}","front,chl",Strong El Nino,2.16,100.0
2026-10-04,nine_mile,9-Mile Bank & 43-Fathom,offshore,dorado,Dorado (Mahi-Mahi),tuna,98.4,54.5,43.9,99.6,81.9,workable,False,73.2182,2.9375593220338914,3.0839895999999998,15.7,2.2189999999999994,0.3950846566449676,,1.0,0.8,0.71,0.949,0.6,0.944,,,1.35,"{""sst"": 0.3372, ""season"": 0.1016, ""tide"": 0.0095, ""moon"": 0.0346, ""pressure"": 0.0099, ""swell"": 0.1031}","front,chl",Strong El Nino,2.16,100.0
2026-10-05,nine_mile,9-Mile Bank & 43-Fathom,offshore,rockfish,Rockfish Complex,groundfish,68.6,66.5,2.1,68.6,100.0,workable,False,73.54220000000001,3.3374965909090974,3.7401576,11.9,5.754,0.2874014624345155,,1.0,0.85,0.994,0.922,0.85,0.862,,,0.76,"{""sst"": 0.1078, ""season"": 0.0943, ""tide"": 0.1221, ""moon"": 0.0136, ""pressure"": 0.0472, ""swell"": 0.2057}",chl,Strong El Nino,2.16,83.3
2026-10-05,nine_mile,9-Mile Bank & 43-Fathom,offshore,barracuda,California Barracuda,pelagic_inshore,86.3,62.4,23.9,86.3,100.0,workable,False,73.54220000000001,3.3374965909090974,3.7401576,11.9,5.754,0.2874014624345155,,0.748,0.6,0.724,0.922,0.85,0.832,,,1.18,"{""sst"": 0.1406, ""season"": 0.0424, ""tide"": 0.0602, ""moon"": 0.0285, ""pressure"": 0.037, ""swell"": 0.0711}","front,chl",Strong El Nino,2.16,100.0
2026-10-05,nine_mile,9-Mile Bank & 43-Fathom,offshore,bonito,Pacific Bonito,pelagic_inshore,99.2,65.5,33.7,99.2,100.0,workable,False,73.54220000000001,3.3374965909090974,3.7401576,11.9,5.754,0.2874014624345155,,1.0,0.75,0.843,0.922,0.85,0.887,,,1.3,"{""sst"": 0.2599, ""season"": 0.0912, ""tide"": 0.0653, ""moon"": 0.0153, ""pressure"": 0.0398, ""swell"": 0.1003}","front,chl",Strong El Nino,2.16,100.0
2026-10-05,nine_mile,9-Mile Bank & 43-Fathom,offshore,yellowtail,California Yellowtail,pelagic,96.9,64.9,32.0,96.9,100.0,workable,False,73.54220000000001,3.3374965909090974,3.7401576,11.9,5.754,0.2874014624345155,,0.748,0.75,0.724,0.922,0.85,0.887,,,1.3,"{""sst"": 0.1343, ""season"": 0.0869, ""tide"": 0.0617, ""moon"": 0.0437, ""pressure"": 0.0379, ""swell"": 0.0819}","front,chl",Strong El Nino,2.16,100.0
2026-10-05,nine_mile,9-Mile Bank & 43-Fathom,offshore,bluefin_tuna,Pacific Bluefin Tuna,tuna,87.7,62.5,25.2,87.7,100.0,workable,False,73.54220000000001,3.3374965909090974,3.7401576,11.9,5.754,0.2874014624345155,,0.502,0.8,0.843,0.713,0.85,0.887,,,1.24,"{""sst"": 0.001, ""season"": 0.0968, ""tide"": 0.0307, ""moon"": 0.0521, ""pressure"": 0.0312, ""swell"": 0.1349}","front,chl",Strong El Nino,2.16,100.0
2026-10-05,nine_mile,9-Mile Bank & 43-Fathom,offshore,yellowfin_tuna,Yellowfin Tuna,tuna,99.7,66.2,33.5,99.7,100.0,workable,False,73.54220000000001,3.3374965909090974,3.7401576,11.9,5.754,0.2874014624345155,,1.0,0.85,0.843,0.922,0.85,0.887,,,1.35,"{""sst"": 0.2997, ""season"": 0.1147, ""tide"": 0.0141, ""moon"": 0.0496, ""pressure"": 0.0287, ""swell"": 0.1085}","front,chl",Strong El Nino,2.16,100.0
2026-10-05,nine_mile,9-Mile Bank & 43-Fathom,offshore,dorado,Dorado (Mahi-Mahi),tuna,99.7,53.9,45.8,99.7,100.0,workable,False,73.54220000000001,3.3374965909090974,3.7401576,11.9,5.754,0.2874014624345155,,1.0,0.8,0.843,0.922,0.85,0.887,,,1.35,"{""sst"": 0.3372, ""season"": 0.1016, ""tide"": 0.0141, ""moon"": 0.0331, ""pressure"": 0.0287, ""swell"": 0.093}","front,chl",Strong El Nino,2.16,100.0
2026-10-06,nine_mile,9-Mile Bank & 43-Fathom,offshore,rockfish,Rockfish Complex,groundfish,61.3,66.5,-5.2,67.1,86.8,workable,False,73.4648,3.354706285714286,4.3307088,14.7,6.071,0.19156317691553915,,1.0,0.85,0.943,0.898,1.0,0.806,,,0.758,"{""sst"": 0.1078, ""season"": 0.0943, ""tide"": 0.1128, ""moon"": 0.013, ""pressure"": 0.0616, ""swell"": 0.1805}",chl,Strong El Nino,2.16,41.5
2026-10-06,nine_mile,9-Mile Bank & 43-Fathom,offshore,barracuda,California Barracuda,pelagic_inshore,78.7,62.4,16.3,86.1,86.8,workable,False,73.4648,3.354706285714286,4.3307088,14.7,6.071,0.19156317691553915,,0.761,0.6,0.686,0.898,1.0,0.772,,,1.181,"{""sst"": 0.1464, ""season"": 0.0424, ""tide"": 0.0515, ""moon"": 0.0272, ""pressure"": 0.0484, ""swell"": 0.0606}","front,chl",Strong El Nino,2.16,100.0
2026-10-06,nine_mile,9-Mile Bank & 43-Fathom,offshore,bonito,Pacific Bonito,pelagic_inshore,98.0,65.4,32.6,99.2,86.8,workable,False,73.4648,3.354706285714286,4.3307088,14.7,6.071,0.19156317691553915,,1.0,0.75,0.865,0.898,1.0,0.835,,,1.302,"{""sst"": 0.2599, ""season"": 0.0912, ""tide"": 0.0686, ""moon"": 0.0146, ""pressure"": 0.052, ""swell"": 0.0898}","front,chl",Strong El Nino,2.16,100.0
2026-10-06,nine_mile,9-Mile Bank & 43-Fathom,offshore,yellowtail,California Yellowtail,pelagic,92.4,64.8,27.6,96.8,86.8,workable,False,73.4648,3.354706285714286,4.3307088,14.7,6.071,0.19156317691553915,,0.761,0.75,0.686,0.898,1.0,0.835,,,1.302,"{""sst"": 0.1399, ""season"": 0.0869, ""tide"": 0.0527, ""moon"": 0.0418, ""pressure"": 0.0495, ""swell"": 0.0733}","front,chl",Strong El Nino,2.16,100.0
2026-10-06,nine_mile,9-Mile Bank & 43-Fathom,offshore,bluefin_tuna,Pacific Bluefin Tuna,tuna,82.2,62.5,19.7,90.0,86.8,workable,False,73.4648,3.354706285714286,4.3307088,14.7,6.071,0.19156317691553915,,0.517,0.8,0.865,0.808,1.0,0.835,,,1.242,"{""sst"": 0.0098, ""season"": 0.0968, ""tide"": 0.0323, ""moon"": 0.0707, ""pressure"": 0.0408, ""swell"": 0.1208}","front,chl",Strong El Nino,2.16,100.0
2026-10-06,nine_mile,9-Mile Bank & 43-Fathom,offshore,yellowfin_tuna,Yellowfin Tuna,tuna,99.1,66.2,32.9,99.7,86.8,workable,False,73.4648,3.354706285714286,4.3307088,14.7,6.071,0.19156317691553915,,1.0,0.85,0.865,0.898,1.0,0.835,,,1.35,"{""sst"": 0.2997, ""season"": 0.1147, ""tide"": 0.0148, ""moon"": 0.0475, ""pressure"": 0.0375, ""swell"": 0.0971}","front,chl",Strong El Nino,2.16,100.0
2026-10-06,nine_mile,9-Mile Bank & 43-Fathom,offshore,dorado,Dorado (Mahi-Mahi),tuna,99.0,53.1,45.9,99.7,86.8,workable,False,73.4648,3.354706285714286,4.3307088,14.7,6.071,0.19156317691553915,,1.0,0.8,0.865,0.898,1.0,0.835,,,1.35,"{""sst"": 0.3372, ""season"": 0.1016, ""tide"": 0.0148, ""moon"": 0.0316, ""pressure"": 0.0375, ""swell"": 0.0832}","front,chl",Strong El Nino,2.16,100.0
2026-10-07,nine_mile,9-Mile Bank & 43-Fathom,offshore,rockfish,Rockfish Complex,groundfish,61.6,66.5,-4.9,63.7,94.8,5.2 ft seas,False,73.283,3.282082758620703,5.1837272,9.9,6.0760000000000005,0.11217175383480282,,1.0,0.85,0.925,0.878,0.85,0.726,,,0.764,"{""sst"": 0.1078, ""season"": 0.0943, ""tide"": 0.1093, ""moon"": 0.0125, ""pressure"": 0.0472, ""swell"": 0.1407}",chl,Strong El Nino,2.16,41.5
2026-10-07,nine_mile,9-Mile Bank & 43-Fathom,offshore,barracuda,California Barracuda,pelagic_inshore,80.9,62.4,18.5,83.7,94.8,5.2 ft seas,False,73.283,3.282082758620703,5.1837272,9.9,6.0760000000000005,0.11217175383480282,,0.79,0.6,0.649,0.878,0.85,0.685,,,1.177,"{""sst"": 0.1598, ""season"": 0.0424, ""tide"": 0.0424, ""moon"": 0.0262, ""pressure"": 0.037, ""swell"": 0.0439}","front,chl",Strong El Nino,2.16,100.0
2026-10-07,nine_mile,9-Mile Bank & 43-Fathom,offshore,bonito,Pacific Bonito,pelagic_inshore,98.4,65.5,32.9,98.9,94.8,5.2 ft seas,False,73.283,3.282082758620703,5.1837272,9.9,6.0760000000000005,0.11217175383480282,,1.0,0.75,0.873,0.878,0.85,0.761,,,1.295,"{""sst"": 0.2599, ""season"": 0.0912, ""tide"": 0.0697, ""moon"": 0.0141, ""pressure"": 0.0398, ""swell"": 0.0734}","front,chl",Strong El Nino,2.16,100.0
2026-10-07,nine_mile,9-Mile Bank & 43-Fathom,offshore,yellowtail,California Yellowtail,pelagic,94.2,64.9,29.3,95.8,94.8,5.2 ft seas,False,73.283,3.282082758620703,5.1837272,9.9,6.0760000000000005,0.11217175383480282,,0.79,0.75,0.649,0.878,0.85,0.761,,,1.295,"{""sst"": 0.1527, ""season"": 0.0869, ""tide"": 0.0434, ""moon"": 0.0402, ""pressure"": 0.0379, ""swell"": 0.0599}","front,chl",Strong El Nino,2.16,100.0
2026-10-07,nine_mile,9-Mile Bank & 43-Fathom,offshore,bluefin_tuna,Pacific Bluefin Tuna,tuna,86.8,62.5,24.3,89.8,94.8,5.2 ft seas,False,73.283,3.282082758620703,5.1837272,9.9,6.0760000000000005,0.11217175383480282,,0.553,0.8,0.873,0.888,0.85,0.761,,,1.236,"{""sst"": 0.0294, ""season"": 0.0968, ""tide"": 0.0328, ""moon"": 0.0844, ""pressure"": 0.0312, ""swell"": 0.0987}","front,chl",Strong El Nino,2.16,100.0
2026-10-07,nine_mile,9-Mile Bank & 43-Fathom,offshore,yellowfin_tuna,Yellowfin Tuna,tuna,99.3,66.2,33.1,99.5,94.8,5.2 ft seas,False,73.283,3.282082758620703,5.1837272,9.9,6.0760000000000005,0.11217175383480282,,1.0,0.85,0.873,0.878,0.85,0.761,,,1.35,"{""sst"": 0.2997, ""season"": 0.1147, ""tide"": 0.0151, ""moon"": 0.0457, ""pressure"": 0.0287, ""swell"": 0.0794}","front,chl",Strong El Nino,2.16,100.0
2026-10-07,nine_mile,9-Mile Bank & 43-Fathom,offshore,dorado,Dorado (Mahi-Mahi),tuna,99.3,52.1,47.2,99.5,94.8,5.2 ft seas,False,73.283,3.282082758620703,5.1837272,9.9,6.0760000000000005,0.11217175383480282,,1.0,0.8,0.873,0.878,0.85,0.761,,,1.35,"{""sst"": 0.3372, ""season"": 0.1016, ""tide"": 0.0151, ""moon"": 0.0304, ""pressure"": 0.0287, ""swell"": 0.068}","front,chl",Strong El Nino,2.16,100.0
2026-10-08,nine_mile,9-Mile Bank & 43-Fathom,offshore,rockfish,Rockfish Complex,groundfish,63.2,66.6,-3.4,64.3,97.3,workable,False,73.2362,3.351277456647395,4.8556432,11.5,5.896,0.052647815303152434,,1.0,0.85,0.925,0.863,0.85,0.757,,,0.759,"{""sst"": 0.1078, ""season"": 0.0943, ""tide"": 0.1094, ""moon"": 0.0121, ""pressure"": 0.0472, ""swell"": 0.1565}",chl,Strong El Nino,2.16,44.5
2026-10-08,nine_mile,9-Mile Bank & 43-Fathom,offshore,barracuda,California Barracuda,pelagic_inshore,86.1,62.4,23.7,87.6,97.3,workable,False,73.2362,3.351277456647395,4.8556432,11.5,5.896,0.052647815303152434,,0.798,0.6,0.799,0.863,0.85,0.719,,,1.181,"{""sst"": 0.1631, ""season"": 0.0424, ""tide"": 0.0763, ""moon"": 0.0254, ""pressure"": 0.037, ""swell"": 0.0506}","front,chl",Strong El Nino,2.16,100.0
2026-10-08,nine_mile,9-Mile Bank & 43-Fathom,offshore,bonito,Pacific Bonito,pelagic_inshore,98.8,65.5,33.3,99.0,97.3,workable,False,73.2362,3.351277456647395,4.8556432,11.5,5.896,0.052647815303152434,,1.0,0.75,0.873,0.863,0.85,0.789,,,1.302,"{""sst"": 0.2599, ""season"": 0.0912, ""tide"": 0.0697, ""moon"": 0.0136, ""pressure"": 0.0398, ""swell"": 0.0799}","front,chl",Strong El Nino,2.16,100.0
2026-10-08,nine_mile,9-Mile Bank & 43-Fathom,offshore,yellowtail,California Yellowtail,pelagic,96.9,64.9,32.0,97.4,97.3,workable,False,73.2362,3.351277456647395,4.8556432,11.5,5.896,0.052647815303152434,,0.798,0.75,0.799,0.863,0.85,0.789,,,1.302,"{""sst"": 0.1559, ""season"": 0.0869, ""tide"": 0.0781, ""moon"": 0.039, ""pressure"": 0.0379, ""swell"": 0.0652}","front,chl",Strong El Nino,2.16,100.0
2026-10-08,nine_mile,9-Mile Bank & 43-Fathom,offshore,bluefin_tuna,Pacific Bluefin Tuna,tuna,90.6,62.5,28.1,92.0,97.3,workable,False,73.2362,3.351277456647395,4.8556432,11.5,5.896,0.052647815303152434,,0.562,0.8,0.873,0.947,0.85,0.789,,,1.241,"{""sst"": 0.0342, ""season"": 0.0968, ""tide"": 0.0328, ""moon"": 0.094, ""pressure"": 0.0312, ""swell"": 0.1074}","front,chl",Strong El Nino,2.16,100.0
2026-10-08,nine_mile,9-Mile Bank & 43-Fathom,offshore,yellowfin_tuna,Yellowfin Tuna,tuna,99.5,65.6,33.9,99.6,97.3,workable,False,73.2362,3.351277456647395,4.8556432,11.5,5.896,0.052647815303152434,,1.0,0.85,0.873,0.863,0.85,0.789,,,1.35,"{""sst"": 0.2997, ""season"": 0.1147, ""tide"": 0.0151, ""moon"": 0.0443, ""pressure"": 0.0287, ""swell"": 0.0864}","front,chl",Strong El Nino,2.16,100.0
2026-10-08,nine_mile,9-Mile Bank & 43-Fathom,offshore,dorado,Dorado (Mahi-Mahi),tuna,99.5,51.1,48.4,99.6,97.3,workable,False,73.2362,3.351277456647395,4.8556432,11.5,5.896,0.052647815303152434,,1.0,0.8,0.873,0.863,0.85,0.789,,,1.35,"{""sst"": 0.3372, ""season"": 0.1016, ""tide"": 0.0151, ""moon"": 0.0295, ""pressure"": 0.0287, ""swell"": 0.074}","front,chl",Strong El Nino,2.16,100.0
2026-10-09,nine_mile,9-Mile Bank & 43-Fathom,offshore,rockfish,Rockfish Complex,groundfish,50.9,66.6,-15.7,52.7,94.8,5.2 ft seas,False,75.02,5.218074418604644,5.1837272,11.2,6.015000000000001,0.015097468607471298,,1.0,0.85,0.915,0.854,1.0,0.726,,,0.624,"{""sst"": 0.1078, ""season"": 0.0943, ""tide"": 0.1074, ""moon"": 0.0119, ""pressure"": 0.0616, ""swell"": 0.1407}",chl,Strong El Nino,2.16,27.6
2026-10-09,nine_mile,9-Mile Bank & 43-Fathom,offshore,barracuda,California Barracuda,pelagic_inshore,75.2,62.4,12.8,77.8,94.8,5.2 ft seas,False,75.02,5.218074418604644,5.1837272,11.2,6.015000000000001,0.015097468607471298,,0.507,0.6,0.602,0.854,1.0,0.685,,,1.282,"{""sst"": 0.0047, ""season"": 0.0424, ""tide"": 0.0302, ""moon"": 0.0249, ""pressure"": 0.0484, ""swell"": 0.0439}","front,chl",Strong El Nino,2.16,100.0
2026-10-09,nine_mile,9-Mile Bank & 43-Fathom,offshore,bonito,Pacific Bonito,pelagic_inshore,98.1,65.5,32.6,98.7,94.8,5.2 ft seas,False,75.02,5.218074418604644,5.1837272,11.2,6.015000000000001,0.015097468607471298,,0.833,0.75,0.878,0.854,1.0,0.761,,,1.35,"{""sst"": 0.1916, ""season"": 0.0912, ""tide"": 0.0704, ""moon"": 0.0134, ""pressure"": 0.052, ""swell"": 0.0734}","front,chl",Strong El Nino,2.16,100.0
2026-10-09,nine_mile,9-Mile Bank & 43-Fathom,offshore,yellowtail,California Yellowtail,pelagic,85.5,64.9,20.6,88.4,94.8,5.2 ft seas,False,75.02,5.218074418604644,5.1837272,11.2,6.015000000000001,0.015097468607471298,,0.507,0.75,0.602,0.854,1.0,0.761,,,1.35,"{""sst"": 0.0045, ""season"": 0.0869, ""tide"": 0.031, ""moon"": 0.0382, ""pressure"": 0.0495, ""swell"": 0.0599}","front,chl",Strong El Nino,2.16,100.0
2026-10-09,nine_mile,9-Mile Bank & 43-Fathom,offshore,bluefin_tuna,Pacific Bluefin Tuna,tuna,73.3,62.5,10.8,75.9,94.8,5.2 ft seas,False,75.02,5.218074418604644,5.1837272,11.2,6.015000000000001,0.015097468607471298,,0.212,0.8,0.878,0.985,1.0,0.761,,,1.35,"{""sst"": -0.2522, ""season"": 0.0968, ""tide"": 0.0331, ""moon"": 0.0997, ""pressure"": 0.0408, ""swell"": 0.0987}","front,chl",Strong El Nino,2.16,100.0
2026-10-09,nine_mile,9-Mile Bank & 43-Fathom,offshore,yellowfin_tuna,Yellowfin Tuna,tuna,99.4,65.2,34.2,99.6,94.8,5.2 ft seas,False,75.02,5.218074418604644,5.1837272,11.2,6.015000000000001,0.015097468607471298,,1.0,0.85,0.878,0.854,1.0,0.761,,,1.35,"{""sst"": 0.2997, ""season"": 0.1147, ""tide"": 0.0152, ""moon"": 0.0434, ""pressure"": 0.0375, ""swell"": 0.0794}","front,chl",Strong El Nino,2.16,100.0
2026-10-09,nine_mile,9-Mile Bank & 43-Fathom,offshore,dorado,Dorado (Mahi-Mahi),tuna,99.4,50.3,49.1,99.6,94.8,5.2 ft seas,False,75.02,5.218074418604644,5.1837272,11.2,6.015000000000001,0.015097468607471298,,1.0,0.8,0.878,0.854,1.0,0.761,,,1.35,"{""sst"": 0.3372, ""season"": 0.1016, ""tide"": 0.0152, ""moon"": 0.0289, ""pressure"": 0.0375, ""swell"": 0.068}","front,chl",Strong El Nino,2.16,100.0
2026-10-10,nine_mile,9-Mile Bank & 43-Fathom,offshore,rockfish,Rockfish Complex,groundfish,45.8,66.7,-20.9,52.8,79.7,workable,True,74.93,5.217389473684207,4.9868768,15.4,6.423,0.0002792167927752054,,1.0,0.85,0.877,0.85,1.0,0.744,,,0.624,"{""sst"": 0.1078, ""season"": 0.0943, ""tide"": 0.0999, ""moon"": 0.0118, ""pressure"": 0.0616, ""swell"": 0.1503}",chl,Strong El Nino,2.16,21.9
2026-10-10,nine_mile,9-Mile Bank & 43-Fathom,offshore,barracuda,California Barracuda,pelagic_inshore,68.7,62.4,6.3,79.1,79.7,workable,True,74.93,5.217389473684207,4.9868768,15.4,6.423,0.0002792167927752054,,0.521,0.6,0.612,0.85,1.0,0.705,,,1.282,"{""sst"": 0.0146, ""season"": 0.0424, ""tide"": 0.033, ""moon"": 0.0247, ""pressure"": 0.0484, ""swell"": 0.048}","front,chl",Strong El Nino,2.16,85.0
2026-10-10,nine_mile,9-Mile Bank & 43-Fathom,offshore,bonito,Pacific Bonito,pelagic_inshore,95.1,65.5,29.6,98.9,79.7,workable,True,74.93,5.217389473684207,4.9868768,15.4,6.423,0.0002792167927752054,,0.848,0.75,0.895,0.85,1.0,0.778,,,1.35,"{""sst"": 0.1981, ""season"": 0.0912, ""tide"": 0.0727, ""moon"": 0.0133, ""pressure"": 0.052, ""swell"": 0.0773}","front,chl",Strong El Nino,2.16,100.0
2026-10-10,nine_mile,9-Mile Bank & 43-Fathom,offshore,yellowtail,California Yellowtail,pelagic,77.9,64.9,13.0,89.8,79.7,workable,True,74.93,5.217389473684207,4.9868768,15.4,6.423,0.0002792167927752054,,0.521,0.75,0.612,0.85,1.0,0.778,,,1.35,"{""sst"": 0.014, ""season"": 0.0869, ""tide"": 0.0338, ""moon"": 0.0379, ""pressure"": 0.0495, ""swell"": 0.0631}","front,chl",Strong El Nino,2.16,100.0
2026-10-10,nine_mile,9-Mile Bank & 43-Fathom,offshore,bluefin_tuna,Pacific Bluefin Tuna,tuna,68.0,62.5,5.5,78.3,79.7,workable,True,74.93,5.217389473684207,4.9868768,15.4,6.423,0.0002792167927752054,,0.23,0.8,0.895,1.0,1.0,0.778,,,1.35,"{""sst"": -0.2287, ""season"": 0.0968, ""tide"": 0.0342, ""moon"": 0.1019, ""pressure"": 0.0408, ""swell"": 0.104}","front,chl",Strong El Nino,2.16,100.0
2026-10-10,nine_mile,9-Mile Bank & 43-Fathom,offshore,yellowfin_tuna,Yellowfin Tuna,tuna,98.0,64.7,33.3,99.6,79.7,workable,True,74.93,5.217389473684207,4.9868768,15.4,6.423,0.0002792167927752054,,1.0,0.85,0.895,0.85,1.0,0.778,,,1.35,"{""sst"": 0.2997, ""season"": 0.1147, ""tide"": 0.0157, ""moon"": 0.043, ""pressure"": 0.0375, ""swell"": 0.0836}","front,chl",Strong El Nino,2.16,100.0
2026-10-10,nine_mile,9-Mile Bank & 43-Fathom,offshore,dorado,Dorado (Mahi-Mahi),tuna,98.0,49.4,48.6,99.6,79.7,workable,True,74.93,5.217389473684207,4.9868768,15.4,6.423,0.0002792167927752054,,1.0,0.8,0.895,0.85,1.0,0.778,,,1.35,"{""sst"": 0.3372, ""season"": 0.1016, ""tide"": 0.0157, ""moon"": 0.0287, ""pressure"": 0.0375, ""swell"": 0.0717}","front,chl",Strong El Nino,2.16,100.0
2026-10-11,nine_mile,9-Mile Bank & 43-Fathom,offshore,rockfish,Rockfish Complex,groundfish,7.6,66.7,-59.1,19.9,5.0,"31 kt wind, 19.5 ft seas",True,74.3,4.697491764705873,19.488189600000002,31.3,6.516,0.007679795233243747,,1.0,0.85,0.876,0.852,0.85,0.05,,,0.662,"{""sst"": 0.1078, ""season"": 0.0943, ""tide"": 0.0998, ""moon"": 0.0118, ""pressure"": 0.0472, ""swell"": -0.8699}",chl,Strong El Nino,2.16,0.0
2026-10-11,nine_mile,9-Mile Bank & 43-Fathom,offshore,barracuda,California Barracuda,pelagic_inshore,21.6,62.5,-40.9,56.5,5.0,"31 kt wind, 19.5 ft seas",True,74.3,4.697491764705873,19.488189600000002,31.3,6.516,0.007679795233243747,,0.624,0.6,0.625,0.852,0.85,0.05,,,1.254,"{""sst"": 0.0775, ""season"": 0.0424, ""tide"": 0.0362, ""moon"": 0.0248, ""pressure"": 0.037, ""swell"": -0.3213}","front,chl",Strong El Nino,2.16,0.0
2026-10-11,nine_mile,9-Mile Bank & 43-Fathom,offshore,bonito,Pacific Bonito,pelagic_inshore,27.3,65.5,-38.2,71.3,5.0,"31 kt wind, 19.5 ft seas",True,74.3,4.697491764705873,19.488189600000002,31.3,6.516,0.007679795233243747,,0.951,0.75,0.895,0.852,0.85,0.05,,,1.35,"{""sst"": 0.2411, ""season"": 0.0912, ""tide"": 0.0728, ""moon"": 0.0133, ""pressure"": 0.0398, ""swell"": -0.403}","front,chl",Strong El Nino,2.16,15.6
2026-10-11,nine_mile,9-Mile Bank & 43-Fathom,offshore,yellowtail,California Yellowtail,pelagic,24.4,64.9,-40.5,63.9,5.0,"31 kt wind, 19.5 ft seas",True,74.3,4.697491764705873,19.488189600000002,31.3,6.516,0.007679795233243747,,0.624,0.75,0.625,0.852,0.85,0.05,,,1.35,"{""sst"": 0.074, ""season"": 0.0869, ""tide"": 0.0371, ""moon"": 0.0381, ""pressure"": 0.0379, ""swell"": -0.3289}","front,chl",Strong El Nino,2.16,0.0
2026-10-11,nine_mile,9-Mile Bank & 43-Fathom,offshore,bluefin_tuna,Pacific Bluefin Tuna,tuna,17.5,62.5,-45.0,45.7,5.0,"31 kt wind, 19.5 ft seas",True,74.3,4.697491764705873,19.488189600000002,31.3,6.516,0.007679795233243747,,0.353,0.8,0.895,0.992,0.85,0.05,,,1.338,"{""sst"": -0.1022, ""season"": 0.0968, ""tide"": 0.0342, ""moon"": 0.1008, ""pressure"": 0.0312, ""swell"": -0.5418}","front,chl",Strong El Nino,2.16,0.0
2026-10-11,nine_mile,9-Mile Bank & 43-Fathom,offshore,yellowfin_tuna,Yellowfin Tuna,tuna,27.6,64.1,-36.5,72.1,5.0,"31 kt wind, 19.5 ft seas",True,74.3,4.697491764705873,19.488189600000002,31.3,6.516,0.007679795233243747,,1.0,0.85,0.895,0.852,0.85,0.05,,,1.35,"{""sst"": 0.2997, ""season"": 0.1147, ""tide"": 0.0157, ""moon"": 0.0432, ""pressure"": 0.0287, ""swell"": -0.4356}","front,chl",Strong El Nino,2.16,59.3
2026-10-11,nine_mile,9-Mile Bank & 43-Fathom,offshore,dorado,Dorado (Mahi-Mahi),tuna,29.7,48.3,-18.6,77.5,5.0,"31 kt wind, 19.5 ft seas",True,74.3,4.697491764705873,19.488189600000002,31.3,6.516,0.007679795233243747,,1.0,0.8,0.895,0.852,0.85,0.05,,,1.35,"{""sst"": 0.3372, ""season"": 0.1016, ""tide"": 0.0157, ""moon"": 0.0288, ""pressure"": 0.0287, ""swell"": -0.3734}","front,chl",Strong El Nino,2.16,68.0
2026-10-12,nine_mile,9-Mile Bank & 43-Fathom,offshore,rockfish,Rockfish Complex,groundfish,39.2,66.7,-27.5,46.2,76.5,7.6 ft seas,True,73.85,4.353678106508866,7.6115488,11.3,6.3100000000000005,0.035700175796790634,,1.0,0.85,0.906,0.859,0.4,0.497,,,0.687,"{""sst"": 0.1078, ""season"": 0.0943, ""tide"": 0.1057, ""moon"": 0.012, ""pressure"": -0.0198, ""swell"": -0.0024}",chl,Strong El Nino,2.16,17.8
2026-10-12,nine_mile,9-Mile Bank & 43-Fathom,offshore,barracuda,California Barracuda,pelagic_inshore,63.0,62.5,0.5,74.4,76.5,7.6 ft seas,True,73.85,4.353678106508866,7.6115488,11.3,6.3100000000000005,0.035700175796790634,,0.698,0.6,0.624,0.859,0.4,0.437,,,1.235,"{""sst"": 0.1163, ""season"": 0.0424, ""tide"": 0.0362, ""moon"": 0.0252, ""pressure"": -0.0156, ""swell"": -0.0188}","front,chl",Strong El Nino,2.16,56.6
2026-10-12,nine_mile,9-Mile Bank & 43-Fathom,offshore,bonito,Pacific Bonito,pelagic_inshore,88.4,65.5,22.9,97.6,76.5,7.6 ft seas,True,73.85,4.353678106508866,7.6115488,11.3,6.3100000000000005,0.035700175796790634,,1.0,0.75,0.882,0.859,0.4,0.548,,,1.35,"{""sst"": 0.2599, ""season"": 0.0912, ""tide"": 0.0709, ""moon"": 0.0135, ""pressure"": -0.0167, ""swell"": 0.0161}","front,chl",Strong El Nino,2.16,100.0
2026-10-12,nine_mile,9-Mile Bank & 43-Fathom,offshore,yellowtail,California Yellowtail,pelagic,75.0,64.9,10.1,88.5,76.5,7.6 ft seas,True,73.85,4.353678106508866,7.6115488,11.3,6.3100000000000005,0.035700175796790634,,0.698,0.75,0.624,0.859,0.4,0.548,,,1.35,"{""sst"": 0.1111, ""season"": 0.0869, ""tide"": 0.037, ""moon"": 0.0386, ""pressure"": -0.0159, ""swell"": 0.0131}","front,chl",Strong El Nino,2.16,100.0
2026-10-12,nine_mile,9-Mile Bank & 43-Fathom,offshore,bluefin_tuna,Pacific Bluefin Tuna,tuna,67.9,62.5,5.4,80.1,76.5,7.6 ft seas,True,73.85,4.353678106508866,7.6115488,11.3,6.3100000000000005,0.035700175796790634,,0.441,0.8,0.882,0.964,0.4,0.548,,,1.313,"{""sst"": -0.0367, ""season"": 0.0968, ""tide"": 0.0334, ""moon"": 0.0966, ""pressure"": -0.0131, ""swell"": 0.0216}","front,chl",Strong El Nino,2.16,100.0
2026-10-12,nine_mile,9-Mile Bank & 43-Fathom,offshore,yellowfin_tuna,Yellowfin Tuna,tuna,92.1,63.5,28.6,98.5,76.5,7.6 ft seas,True,73.85,4.353678106508866,7.6115488,11.3,6.3100000000000005,0.035700175796790634,,1.0,0.85,0.882,0.859,0.4,0.548,,,1.35,"{""sst"": 0.2997, ""season"": 0.1147, ""tide"": 0.0153, ""moon"": 0.0439, ""pressure"": -0.0121, ""swell"": 0.0174}","front,chl",Strong El Nino,2.16,100.0
2026-10-12,nine_mile,9-Mile Bank & 43-Fathom,offshore,dorado,Dorado (Mahi-Mahi),tuna,92.6,47.2,45.4,98.6,76.5,7.6 ft seas,True,73.85,4.353678106508866,7.6115488,11.3,6.3100000000000005,0.035700175796790634,,1.0,0.8,0.882,0.859,0.4,0.548,,,1.35,"{""sst"": 0.3372, ""season"": 0.1016, ""tide"": 0.0153, ""moon"": 0.0292, ""pressure"": -0.0121, ""swell"": 0.0149}","front,chl",Strong El Nino,2.16,100.0
2026-10-13,nine_mile,9-Mile Bank & 43-Fathom,offshore,rockfish,Rockfish Complex,groundfish,54.6,66.7,-12.1,55.9,96.3,workable,True,73.85,4.4500178571428535,4.9868768,9.9,5.854,0.0819335649033684,,1.0,0.85,0.965,0.87,0.6,0.744,,,0.68,"{""sst"": 0.1078, ""season"": 0.0943, ""tide"": 0.1169, ""moon"": 0.0123, ""pressure"": 0.0162, ""swell"": 0.1503}",chl,Strong El Nino,2.16,30.6
2026-10-13,nine_mile,9-Mile Bank & 43-Fathom,offshore,barracuda,California Barracuda,pelagic_inshore,80.0,62.4,17.6,82.0,96.3,workable,True,73.85,4.4500178571428535,4.9868768,9.9,5.854,0.0819335649033684,,0.698,0.6,0.615,0.87,0.6,0.705,,,1.24,"{""sst"": 0.1163, ""season"": 0.0424, ""tide"": 0.0338, ""moon"": 0.0258, ""pressure"": 0.0127, ""swell"": 0.048}","front,chl",Strong El Nino,2.16,100.0
2026-10-13,nine_mile,9-Mile Bank & 43-Fathom,offshore,bonito,Pacific Bonito,pelagic_inshore,98.8,65.5,33.3,99.1,96.3,workable,True,73.85,4.4500178571428535,4.9868768,9.9,5.854,0.0819335649033684,,1.0,0.75,0.856,0.87,0.6,0.778,,,1.35,"{""sst"": 0.2599, ""season"": 0.0912, ""tide"": 0.0671, ""moon"": 0.0139, ""pressure"": 0.0137, ""swell"": 0.0773}","front,chl",Strong El Nino,2.16,100.0
2026-10-13,nine_mile,9-Mile Bank & 43-Fathom,offshore,yellowtail,California Yellowtail,pelagic,92.8,64.9,27.9,94.3,96.3,workable,True,73.85,4.4500178571428535,4.9868768,9.9,5.854,0.0819335649033684,,0.698,0.75,0.615,0.87,0.6,0.778,,,1.35,"{""sst"": 0.1111, ""season"": 0.0869, ""tide"": 0.0346, ""moon"": 0.0396, ""pressure"": 0.013, ""swell"": 0.0631}","front,chl",Strong El Nino,2.16,100.0
2026-10-13,nine_mile,9-Mile Bank & 43-Fathom,offshore,bluefin_tuna,Pacific Bluefin Tuna,tuna,86.6,62.5,24.1,88.7,96.3,workable,True,73.85,4.4500178571428535,4.9868768,9.9,5.854,0.0819335649033684,,0.441,0.8,0.856,0.918,0.6,0.778,,,1.32,"{""sst"": -0.0367, ""season"": 0.0968, ""tide"": 0.0316, ""moon"": 0.0894, ""pressure"": 0.0107, ""swell"": 0.104}","front,chl",Strong El Nino,2.16,100.0
2026-10-13,nine_mile,9-Mile Bank & 43-Fathom,offshore,yellowfin_tuna,Yellowfin Tuna,tuna,99.3,63.0,36.3,99.5,96.3,workable,True,73.85,4.4500178571428535,4.9868768,9.9,5.854,0.0819335649033684,,1.0,0.85,0.856,0.87,0.6,0.778,,,1.35,"{""sst"": 0.2997, ""season"": 0.1147, ""tide"": 0.0145, ""moon"": 0.045, ""pressure"": 0.0099, ""swell"": 0.0836}","front,chl",Strong El Nino,2.16,100.0
2026-10-13,nine_mile,9-Mile Bank & 43-Fathom,offshore,dorado,Dorado (Mahi-Mahi),tuna,99.3,46.1,53.2,99.4,96.3,workable,True,73.85,4.4500178571428535,4.9868768,9.9,5.854,0.0819335649033684,,1.0,0.8,0.856,0.87,0.6,0.778,,,1.35,"{""sst"": 0.3372, ""season"": 0.1016, ""tide"": 0.0145, ""moon"": 0.03, ""pressure"": 0.0099, ""swell"": 0.0717}","front,chl",Strong El Nino,2.16,100.0
2026-10-14,nine_mile,9-Mile Bank & 43-Fathom,offshore,rockfish,Rockfish Complex,groundfish,54.0,66.6,-12.6,54.0,100.0,workable,True,74.3,4.983273053892219,4.4619424,9.9,5.216,0.1434931801229401,,1.0,0.85,0.956,0.886,0.6,0.794,,,0.641,"{""sst"": 0.1078, ""season"": 0.0943, ""tide"": 0.1153, ""moon"": 0.0127, ""pressure"": 0.0162, ""swell"": 0.1746}",chl,Strong El Nino,2.16,29.8
2026-10-14,nine_mile,9-Mile Bank & 43-Fathom,offshore,barracuda,California Barracuda,pelagic_inshore,81.3,62.4,18.9,81.3,100.0,workable,True,74.3,4.983273053892219,4.4619424,9.9,5.216,0.1434931801229401,,0.624,0.6,0.604,0.886,0.6,0.759,,,1.269,"{""sst"": 0.0775, ""season"": 0.0424, ""tide"": 0.0308, ""moon"": 0.0266, ""pressure"": 0.0127, ""swell"": 0.0582}","front,chl",Strong El Nino,2.16,100.0
2026-10-14,nine_mile,9-Mile Bank & 43-Fathom,offshore,bonito,Pacific Bonito,pelagic_inshore,98.9,65.5,33.4,98.9,100.0,workable,True,74.3,4.983273053892219,4.4619424,9.9,5.216,0.1434931801229401,,0.951,0.75,0.821,0.886,0.6,0.824,,,1.35,"{""sst"": 0.2411, ""season"": 0.0912, ""tide"": 0.0619, ""moon"": 0.0143, ""pressure"": 0.0137, ""swell"": 0.0874}","front,chl",Strong El Nino,2.16,100.0
2026-10-14,nine_mile,9-Mile Bank & 43-Fathom,offshore,yellowtail,California Yellowtail,pelagic,92.4,64.9,27.5,92.4,100.0,workable,True,74.3,4.983273053892219,4.4619424,9.9,5.216,0.1434931801229401,,0.624,0.75,0.604,0.886,0.6,0.824,,,1.35,"{""sst"": 0.074, ""season"": 0.0869, ""tide"": 0.0315, ""moon"": 0.0409, ""pressure"": 0.013, ""swell"": 0.0713}","front,chl",Strong El Nino,2.16,100.0
2026-10-14,nine_mile,9-Mile Bank & 43-Fathom,offshore,bluefin_tuna,Pacific Bluefin Tuna,tuna,85.0,62.5,22.5,85.0,100.0,workable,True,74.3,4.983273053892219,4.4619424,9.9,5.216,0.1434931801229401,,0.353,0.8,0.821,0.857,0.6,0.824,,,1.35,"{""sst"": -0.1022, ""season"": 0.0968, ""tide"": 0.0291, ""moon"": 0.0792, ""pressure"": 0.0107, ""swell"": 0.1175}","front,chl",Strong El Nino,2.16,100.0
2026-10-14,nine_mile,9-Mile Bank & 43-Fathom,offshore,yellowfin_tuna,Yellowfin Tuna,tuna,99.5,62.5,37.0,99.5,100.0,workable,True,74.3,4.983273053892219,4.4619424,9.9,5.216,0.1434931801229401,,1.0,0.85,0.821,0.886,0.6,0.824,,,1.35,"{""sst"": 0.2997, ""season"": 0.1147, ""tide"": 0.0134, ""moon"": 0.0464, ""pressure"": 0.0099, ""swell"": 0.0945}","front,chl",Strong El Nino,2.16,100.0
2026-10-14,nine_mile,9-Mile Bank & 43-Fathom,offshore,dorado,Dorado (Mahi-Mahi),tuna,99.5,45.2,54.3,99.5,100.0,workable,True,74.3,4.983273053892219,4.4619424,9.9,5.216,0.1434931801229401,,1.0,0.8,0.821,0.886,0.6,0.824,,,1.35,"{""sst"": 0.3372, ""season"": 0.1016, ""tide"": 0.0134, ""moon"": 0.0309, ""pressure"": 0.0099, ""swell"": 0.081}","front,chl",Strong El Nino,2.16,100.0
2026-10-15,nine_mile,9-Mile Bank & 43-Fathom,offshore,rockfish,Rockfish Complex,groundfish,54.5,66.6,-12.1,54.7,99.5,workable,True,74.48,5.269662650602427,3.7401576,12.1,4.498,0.21732990055544216,,1.0,0.85,0.87,0.904,0.85,0.862,,,0.621,"{""sst"": 0.1078, ""season"": 0.0943, ""tide"": 0.0984, ""moon"": 0.0132, ""pressure"": 0.0472, ""swell"": 0.2057}",chl,Strong El Nino,2.16,30.3
2026-10-15,nine_mile,9-Mile Bank & 43-Fathom,offshore,barracuda,California Barracuda,pelagic_inshore,83.8,62.4,21.4,84.0,99.5,workable,True,74.48,5.269662650602427,3.7401576,12.1,4.498,0.21732990055544216,,0.595,0.6,0.601,0.904,0.85,0.832,,,1.285,"{""sst"": 0.0606, ""season"": 0.0424, ""tide"": 0.03, ""moon"": 0.0276, ""pressure"": 0.037, ""swell"": 0.0711}","front,chl",Strong El Nino,2.16,100.0
2026-10-15,nine_mile,9-Mile Bank & 43-Fathom,offshore,bonito,Pacific Bonito,pelagic_inshore,99.1,65.5,33.6,99.2,99.5,workable,True,74.48,5.269662650602427,3.7401576,12.1,4.498,0.21732990055544216,,0.922,0.75,0.782,0.904,0.85,0.887,,,1.35,"{""sst"": 0.2293, ""season"": 0.0912, ""tide"": 0.0559, ""moon"": 0.0148, ""pressure"": 0.0398, ""swell"": 0.1003}","front,chl",Strong El Nino,2.16,100.0
2026-10-15,nine_mile,9-Mile Bank & 43-Fathom,offshore,yellowtail,California Yellowtail,pelagic,93.5,64.9,28.6,93.7,99.5,workable,True,74.48,5.269662650602427,3.7401576,12.1,4.498,0.21732990055544216,,0.595,0.75,0.601,0.904,0.85,0.887,,,1.35,"{""sst"": 0.0579, ""season"": 0.0869, ""tide"": 0.0307, ""moon"": 0.0423, ""pressure"": 0.0379, ""swell"": 0.0819}","front,chl",Strong El Nino,2.16,100.0
2026-10-15,nine_mile,9-Mile Bank & 43-Fathom,offshore,bluefin_tuna,Pacific Bluefin Tuna,tuna,84.0,62.5,21.5,84.3,99.5,workable,True,74.48,5.269662650602427,3.7401576,12.1,4.498,0.21732990055544216,,0.318,0.8,0.782,0.783,0.85,0.887,,,1.35,"{""sst"": -0.1332, ""season"": 0.0968, ""tide"": 0.0263, ""moon"": 0.0659, ""pressure"": 0.0312, ""swell"": 0.1349}","front,chl",Strong El Nino,2.16,100.0
2026-10-15,nine_mile,9-Mile Bank & 43-Fathom,offshore,yellowfin_tuna,Yellowfin Tuna,tuna,99.7,61.8,37.9,99.7,99.5,workable,True,74.48,5.269662650602427,3.7401576,12.1,4.498,0.21732990055544216,,1.0,0.85,0.782,0.904,0.85,0.887,,,1.35,"{""sst"": 0.2997, ""season"": 0.1147, ""tide"": 0.0121, ""moon"": 0.048, ""pressure"": 0.0287, ""swell"": 0.1085}","front,chl",Strong El Nino,2.16,100.0
2026-10-15,nine_mile,9-Mile Bank & 43-Fathom,offshore,dorado,Dorado (Mahi-Mahi),tuna,99.6,43.9,55.7,99.7,99.5,workable,True,74.48,5.269662650602427,3.7401576,12.1,4.498,0.21732990055544216,,1.0,0.8,0.782,0.904,0.85,0.887,,,1.35,"{""sst"": 0.3372, ""season"": 0.1016, ""tide"": 0.0121, ""moon"": 0.032, ""pressure"": 0.0287, ""swell"": 0.093}","front,chl",Strong El Nino,2.16,100.0
2026-09-25,outer_banks,302 / 371 / Hidden Bank,offshore,rockfish,Rockfish Complex,groundfish,59.3,67.5,-8.2,72.1,72.6,workable,False,72.68,2.2560631578947437,4.4619424,14.2,,0.9834832009922474,,1.0,0.9,,0.854,,0.794,,,0.838,"{""sst"": 0.147, ""season"": 0.1425, ""moon"": 0.0162, ""swell"": 0.2381}","tide,pressure,chl",Strong El Nino,2.16,41.0
2026-09-25,outer_banks,302 / 371 / Hidden Bank,offshore,sheephead,California Sheephead,groundfish,71.5,66.3,5.2,87.1,72.6,workable,False,72.68,2.2560631578947437,4.4619424,14.2,,0.9834832009922474,,1.0,0.95,,0.854,,0.759,,,1.0,"{""sst"": 0.1949, ""season"": 0.1605, ""moon"": 0.0167, ""swell"": 0.1825}","tide,pressure,chl",Strong El Nino,2.16,100.0
2026-09-25,outer_banks,302 / 371 / Hidden Bank,offshore,bonito,Pacific Bonito,pelagic_inshore,92.6,68.4,24.2,99.0,72.6,workable,False,72.68,2.2560631578947437,4.4619424,14.2,,0.9834832009922474,,1.0,0.95,,0.854,,0.824,,,1.203,"{""sst"": 0.3249, ""season"": 0.1805, ""moon"": 0.0167, ""swell"": 0.1092}","tide,pressure,front,chl",Strong El Nino,2.16,100.0
2026-09-25,outer_banks,302 / 371 / Hidden Bank,offshore,yellowtail,California Yellowtail,pelagic,86.6,67.1,19.5,97.9,72.6,workable,False,72.68,2.2560631578947437,4.4619424,14.2,,0.9834832009922474,,0.889,0.9,,0.854,,0.824,,,1.203,"{""sst"": 0.2517, ""season"": 0.1653, ""moon"": 0.0502, ""swell"": 0.0936}","tide,pressure,front,chl",Strong El Nino,2.16,100.0
2026-09-25,outer_banks,302 / 371 / Hidden Bank,offshore,white_seabass,White Seabass,pelagic,20.9,50.4,-29.5,25.5,72.6,workable,False,72.68,2.2560631578947437,4.4619424,14.2,,0.9834832009922474,,0.072,0.55,,0.351,,0.759,,,0.919,"{""sst"": -0.6079, ""season"": 0.0272, ""moon"": -0.0812, ""swell"": 0.0715}","tide,pressure,front,chl",Strong El Nino,2.16,0.0
2026-09-25,outer_banks,302 / 371 / Hidden Bank,offshore,bluefin_tuna,Pacific Bluefin Tuna,tuna,78.2,64.1,14.1,94.1,72.6,workable,False,72.68,2.2560631578947437,4.4619424,14.2,,0.9834832009922474,,0.671,0.95,,0.983,,0.824,,,1.162,"{""sst"": 0.0979, ""season"": 0.1498, ""moon"": 0.1127, ""swell"": 0.1332}","tide,pressure,front,chl",Strong El Nino,2.16,100.0
2026-09-25,outer_banks,302 / 371 / Hidden Bank,offshore,yellowfin_tuna,Yellowfin Tuna,tuna,97.8,68.1,29.7,99.8,72.6,workable,False,72.68,2.2560631578947437,4.4619424,14.2,,0.9834832009922474,,1.0,1.0,,0.854,,0.824,,,1.35,"{""sst"": 0.3262, ""season"": 0.1631, ""moon"": 0.0472, ""swell"": 0.1028}","tide,pressure,front,chl",Strong El Nino,2.16,100.0
2026-09-25,outer_banks,302 / 371 / Hidden Bank,offshore,dorado,Dorado (Mahi-Mahi),tuna,98.0,57.8,40.2,99.8,72.6,workable,False,72.68,2.2560631578947437,4.4619424,14.2,,0.9834832009922474,,1.0,1.0,,0.854,,0.824,,,1.35,"{""sst"": 0.367, ""season"": 0.1631, ""moon"": 0.0315, ""swell"": 0.0881}","tide,pressure,front,chl",Strong El Nino,2.16,100.0
2026-09-26,outer_banks,302 / 371 / Hidden Bank,offshore,rockfish,Rockfish Complex,groundfish,57.5,67.5,-10.0,67.3,77.6,5.1 ft seas,False,73.04,2.654769767441877,5.0524936,11.8,,0.9995517538836435,,1.0,0.9,,0.85,0.85,0.738,,,0.809,"{""sst"": 0.1311, ""season"": 0.1271, ""moon"": 0.0143, ""pressure"": 0.0574, ""swell"": 0.1789}","tide,chl",Strong El Nino,2.16,37.2
2026-09-26,outer_banks,302 / 371 / Hidden Bank,offshore,sheephead,California Sheephead,groundfish,71.8,66.2,5.6,84.1,77.6,5.1 ft seas,False,73.04,2.654769767441877,5.0524936,11.8,,0.9995517538836435,,1.0,0.95,,0.85,0.85,0.698,,,1.0,"{""sst"": 0.1733, ""season"": 0.1426, ""moon"": 0.0147, ""pressure"": 0.059, ""swell"": 0.13}","tide,chl",Strong El Nino,2.16,100.0
2026-09-26,outer_banks,302 / 371 / Hidden Bank,offshore,bonito,Pacific Bonito,pelagic_inshore,95.2,68.4,26.8,99.1,77.6,5.1 ft seas,False,73.04,2.654769767441877,5.0524936,11.8,,0.9995517538836435,,1.0,0.95,,0.85,0.85,0.772,,,1.239,"{""sst"": 0.2971, ""season"": 0.165, ""moon"": 0.0152, ""pressure"": 0.0455, ""swell"": 0.0869}","tide,front,chl",Strong El Nino,2.16,100.0
2026-09-26,outer_banks,302 / 371 / Hidden Bank,offshore,yellowtail,California Yellowtail,pelagic,88.9,67.1,21.8,97.6,77.6,5.1 ft seas,False,73.04,2.654769767441877,5.0524936,11.8,,0.9995517538836435,,0.83,0.9,,0.85,0.85,0.772,,,1.239,"{""sst"": 0.2028, ""season"": 0.1511, ""moon"": 0.0455, ""pressure"": 0.0455, ""swell"": 0.0745}","tide,front,chl",Strong El Nino,2.16,100.0
2026-09-26,outer_banks,302 / 371 / Hidden Bank,offshore,white_seabass,White Seabass,pelagic,15.9,50.5,-34.6,18.6,77.6,5.1 ft seas,False,73.04,2.654769767441877,5.0524936,11.8,,0.9995517538836435,,0.02,0.55,,0.35,0.85,0.698,,,0.904,"{""sst"": -0.9318, ""season"": 0.0251, ""moon"": -0.075, ""pressure"": 0.0419, ""swell"": 0.0528}","tide,front,chl",Strong El Nino,2.16,0.0
2026-09-26,outer_banks,302 / 371 / Hidden Bank,offshore,bluefin_tuna,Pacific Bluefin Tuna,tuna,79.6,64.1,15.5,92.7,77.6,5.1 ft seas,False,73.04,2.654769767441877,5.0524936,11.8,,0.9995517538836435,,0.6,0.95,,1.0,0.85,0.772,,,1.191,"{""sst"": 0.0571, ""season"": 0.1404, ""moon"": 0.1082, ""pressure"": 0.0332, ""swell"": 0.1086}","tide,front,chl",Strong El Nino,2.16,100.0
2026-09-26,outer_banks,302 / 371 / Hidden Bank,offshore,yellowfin_tuna,Yellowfin Tuna,tuna,98.2,68.1,30.1,99.7,77.6,5.1 ft seas,False,73.04,2.654769767441877,5.0524936,11.8,,0.9995517538836435,,1.0,1.0,,0.85,0.85,0.772,,,1.35,"{""sst"": 0.3081, ""season"": 0.154, ""moon"": 0.0442, ""pressure"": 0.0295, ""swell"": 0.0845}","tide,front,chl",Strong El Nino,2.16,100.0
2026-09-26,outer_banks,302 / 371 / Hidden Bank,offshore,dorado,Dorado (Mahi-Mahi),tuna,98.4,57.5,40.9,99.8,77.6,5.1 ft seas,False,73.04,2.654769767441877,5.0524936,11.8,,0.9995517538836435,,1.0,1.0,,0.85,0.85,0.772,,,1.35,"{""sst"": 0.3466, ""season"": 0.154, ""moon"": 0.0295, ""pressure"": 0.0295, ""swell"": 0.0724}","tide,front,chl",Strong El Nino,2.16,100.0
2026-09-27,outer_banks,302 / 371 / Hidden Bank,offshore,rockfish,Rockfish Complex,groundfish,54.5,67.4,-12.9,65.7,73.9,5.5 ft seas,False,72.9554,2.610853179190741,5.5118111999999995,9.7,,0.9921059368700724,,1.0,0.9,,0.852,0.85,0.695,,,0.812,"{""sst"": 0.1311, ""season"": 0.1271, ""moon"": 0.0144, ""pressure"": 0.0574, ""swell"": 0.1512}","tide,chl",Strong El Nino,2.16,31.7
2026-09-27,outer_banks,302 / 371 / Hidden Bank,offshore,sheephead,California Sheephead,groundfish,67.9,66.0,1.9,81.8,73.9,5.5 ft seas,False,72.9554,2.610853179190741,5.5118111999999995,9.7,,0.9921059368700724,,1.0,0.95,,0.852,0.85,0.651,,,1.0,"{""sst"": 0.1733, ""season"": 0.1426, ""moon"": 0.0148, ""pressure"": 0.059, ""swell"": 0.1029}","tide,chl",Strong El Nino,2.16,92.1
2026-09-27,outer_banks,302 / 371 / Hidden Bank,offshore,bonito,Pacific Bonito,pelagic_inshore,92.8,68.4,24.4,98.9,73.9,5.5 ft seas,False,72.9554,2.610853179190741,5.5118111999999995,9.7,,0.9921059368700724,,1.0,0.95,,0.852,0.85,0.732,,,1.235,"{""sst"": 0.2971, ""season"": 0.165, ""moon"": 0.0152, ""pressure"": 0.0455, ""swell"": 0.0762}","tide,front,chl",Strong El Nino,2.16,100.0
2026-09-27,outer_banks,302 / 371 / Hidden Bank,offshore,yellowtail,California Yellowtail,pelagic,86.0,67.1,18.9,97.4,73.9,5.5 ft seas,False,72.9554,2.610853179190741,5.5118111999999995,9.7,,0.9921059368700724,,0.844,0.9,,0.852,0.85,0.732,,,1.235,"{""sst"": 0.2094, ""season"": 0.1511, ""moon"": 0.0457, ""pressure"": 0.0455, ""swell"": 0.0653}","tide,front,chl",Strong El Nino,2.16,100.0
2026-09-27,outer_banks,302 / 371 / Hidden Bank,offshore,white_seabass,White Seabass,pelagic,16.8,50.7,-33.9,20.2,73.9,5.5 ft seas,False,72.9554,2.610853179190741,5.5118111999999995,9.7,,0.9921059368700724,,0.027,0.55,,0.35,0.85,0.651,,,0.906,"{""sst"": -0.8419, ""season"": 0.0251, ""moon"": -0.0751, ""pressure"": 0.0419, ""swell"": 0.0418}","tide,front,chl",Strong El Nino,2.16,0.0
2026-09-27,outer_banks,302 / 371 / Hidden Bank,offshore,bluefin_tuna,Pacific Bluefin Tuna,tuna,76.7,64.1,12.6,92.1,73.9,5.5 ft seas,False,72.9554,2.610853179190741,5.5118111999999995,9.7,,0.9921059368700724,,0.617,0.95,,0.992,0.85,0.732,,,1.188,"{""sst"": 0.0656, ""season"": 0.1404, ""moon"": 0.1071, ""pressure"": 0.0332, ""swell"": 0.0953}","tide,front,chl",Strong El Nino,2.16,100.0
2026-09-27,outer_banks,302 / 371 / Hidden Bank,offshore,yellowfin_tuna,Yellowfin Tuna,tuna,97.3,68.1,29.2,99.7,73.9,5.5 ft seas,False,72.9554,2.610853179190741,5.5118111999999995,9.7,,0.9921059368700724,,1.0,1.0,,0.852,0.85,0.732,,,1.35,"{""sst"": 0.3081, ""season"": 0.154, ""moon"": 0.0444, ""pressure"": 0.0295, ""swell"": 0.0741}","tide,front,chl",Strong El Nino,2.16,100.0
2026-09-27,outer_banks,302 / 371 / Hidden Bank,offshore,dorado,Dorado (Mahi-Mahi),tuna,97.7,57.1,40.6,99.7,73.9,5.5 ft seas,False,72.9554,2.610853179190741,5.5118111999999995,9.7,,0.9921059368700724,,1.0,1.0,,0.852,0.85,0.732,,,1.35,"{""sst"": 0.3466, ""season"": 0.154, ""moon"": 0.0296, ""pressure"": 0.0295, ""swell"": 0.0635}","tide,front,chl",Strong El Nino,2.16,100.0
2026-09-28,outer_banks,302 / 371 / Hidden Bank,offshore,rockfish,Rockfish Complex,groundfish,50.7,67.3,-16.6,73.8,51.7,6.6 ft seas,False,70.7684,0.4598482758620577,6.6272968,15.0,,0.9600738604541995,,1.0,0.9,,0.86,1.0,0.59,,,0.967,"{""sst"": 0.1311, ""season"": 0.1271, ""moon"": 0.0147, ""pressure"": 0.0749, ""swell"": 0.0757}","tide,chl",Strong El Nino,2.16,27.3
2026-09-28,outer_banks,302 / 371 / Hidden Bank,offshore,sheephead,California Sheephead,groundfish,52.8,65.8,-13.0,76.9,51.7,6.6 ft seas,False,70.7684,0.4598482758620577,6.6272968,15.0,,0.9600738604541995,,0.98,0.95,,0.86,1.0,0.538,,,1.0,"{""sst"": 0.1682, ""season"": 0.1426, ""moon"": 0.0151, ""pressure"": 0.077, ""swell"": 0.0281}","tide,chl",Strong El Nino,2.16,67.8
2026-09-28,outer_banks,302 / 371 / Hidden Bank,offshore,bonito,Pacific Bonito,pelagic_inshore,64.1,68.4,-4.3,92.9,51.7,6.6 ft seas,False,70.7684,0.4598482758620577,6.6272968,15.0,,0.9600738604541995,,1.0,0.95,,0.86,1.0,0.634,,,1.041,"{""sst"": 0.2971, ""season"": 0.165, ""moon"": 0.0155, ""pressure"": 0.0594, ""swell"": 0.0476}","tide,front,chl",Strong El Nino,2.16,58.2
2026-09-28,outer_banks,302 / 371 / Hidden Bank,offshore,yellowtail,California Yellowtail,pelagic,63.5,67.1,-3.6,92.2,51.7,6.6 ft seas,False,70.7684,0.4598482758620577,6.6272968,15.0,,0.9600738604541995,,1.0,0.9,,0.86,1.0,0.634,,,1.041,"{""sst"": 0.2773, ""season"": 0.1511, ""moon"": 0.0465, ""pressure"": 0.0594, ""swell"": 0.0408}","tide,front,chl",Strong El Nino,2.16,51.4
2026-09-28,outer_banks,302 / 371 / Hidden Bank,offshore,white_seabass,White Seabass,pelagic,31.8,50.8,-19.0,46.3,51.7,6.6 ft seas,False,70.7684,0.4598482758620577,6.6272968,15.0,,0.9600738604541995,,0.384,0.55,,0.35,1.0,0.538,,,0.983,"{""sst"": -0.076, ""season"": 0.0251, ""moon"": -0.0751, ""pressure"": 0.0547, ""swell"": 0.0114}","tide,front,chl",Strong El Nino,2.16,0.0
2026-09-28,outer_banks,302 / 371 / Hidden Bank,offshore,bluefin_tuna,Pacific Bluefin Tuna,tuna,62.1,64.1,-2.0,90.6,51.7,6.6 ft seas,False,70.7684,0.4598482758620577,6.6272968,15.0,,0.9600738604541995,,1.0,0.95,,0.96,1.0,0.634,,,1.033,"{""sst"": 0.2166, ""season"": 0.1404, ""moon"": 0.1019, ""pressure"": 0.0433, ""swell"": 0.0595}","tide,front,chl",Strong El Nino,2.16,49.7
2026-09-28,outer_banks,302 / 371 / Hidden Bank,offshore,yellowfin_tuna,Yellowfin Tuna,tuna,66.6,68.0,-1.4,95.1,51.7,6.6 ft seas,False,70.7684,0.4598482758620577,6.6272968,15.0,,0.9600738604541995,,1.0,1.0,,0.86,1.0,0.634,,,1.074,"{""sst"": 0.3081, ""season"": 0.154, ""moon"": 0.0452, ""pressure"": 0.0385, ""swell"": 0.0462}","tide,front,chl",Strong El Nino,2.16,83.3
2026-09-28,outer_banks,302 / 371 / Hidden Bank,offshore,dorado,Dorado (Mahi-Mahi),tuna,57.5,56.8,0.7,83.8,51.7,6.6 ft seas,False,70.7684,0.4598482758620577,6.6272968,15.0,,0.9600738604541995,,0.698,1.0,,0.86,1.0,0.634,,,1.091,"{""sst"": 0.167, ""season"": 0.154, ""moon"": 0.0301, ""pressure"": 0.0385, ""swell"": 0.0396}","tide,front,chl",Strong El Nino,2.16,84.4
2026-09-29,outer_banks,302 / 371 / Hidden Bank,offshore,rockfish,Rockfish Complex,groundfish,55.6,67.3,-11.7,74.6,60.8,6.8 ft seas,False,70.4714,0.19197257142857893,6.7585304,12.7,,0.9040301216596538,,1.0,0.9,,0.874,1.0,0.577,,,0.986,"{""sst"": 0.1311, ""season"": 0.1271, ""moon"": 0.0151, ""pressure"": 0.0749, ""swell"": 0.066}","tide,chl",Strong El Nino,2.16,33.6
2026-09-29,outer_banks,302 / 371 / Hidden Bank,offshore,sheephead,California Sheephead,groundfish,55.7,65.6,-9.9,74.8,60.8,6.8 ft seas,False,70.4714,0.19197257142857893,6.7585304,12.7,,0.9040301216596538,,0.907,0.95,,0.874,1.0,0.524,,,1.0,"{""sst"": 0.1489, ""season"": 0.1426, ""moon"": 0.0155, ""pressure"": 0.077, ""swell"": 0.0183}","tide,chl",Strong El Nino,2.16,69.7
2026-09-29,outer_banks,302 / 371 / Hidden Bank,offshore,bonito,Pacific Bonito,pelagic_inshore,67.8,68.4,-0.6,90.9,60.8,6.8 ft seas,False,70.4714,0.19197257142857893,6.7585304,12.7,,0.9040301216596538,,1.0,0.95,,0.874,1.0,0.623,,,1.017,"{""sst"": 0.2971, ""season"": 0.165, ""moon"": 0.016, ""pressure"": 0.0594, ""swell"": 0.0439}","tide,front,chl",Strong El Nino,2.16,68.3
2026-09-29,outer_banks,302 / 371 / Hidden Bank,offshore,yellowtail,California Yellowtail,pelagic,67.2,67.1,0.1,90.2,60.8,6.8 ft seas,False,70.4714,0.19197257142857893,6.7585304,12.7,,0.9040301216596538,,1.0,0.9,,0.874,1.0,0.623,,,1.017,"{""sst"": 0.2773, ""season"": 0.1511, ""moon"": 0.0479, ""pressure"": 0.0594, ""swell"": 0.0376}","tide,front,chl",Strong El Nino,2.16,70.5
2026-09-29,outer_banks,302 / 371 / Hidden Bank,offshore,white_seabass,White Seabass,pelagic,35.9,50.9,-15.0,48.2,60.8,6.8 ft seas,False,70.4714,0.19197257142857893,6.7585304,12.7,,0.9040301216596538,,0.433,0.55,,0.35,1.0,0.524,,,0.993,"{""sst"": -0.0416, ""season"": 0.0251, ""moon"": -0.0751, ""pressure"": 0.0547, ""swell"": 0.0074}","tide,front,chl",Strong El Nino,2.16,0.0
2026-09-29,outer_banks,302 / 371 / Hidden Bank,offshore,bluefin_tuna,Pacific Bluefin Tuna,tuna,65.3,64.0,1.3,87.7,60.8,6.8 ft seas,False,70.4714,0.19197257142857893,6.7585304,12.7,,0.9040301216596538,,1.0,0.95,,0.904,1.0,0.623,,,1.014,"{""sst"": 0.2166, ""season"": 0.1404, ""moon"": 0.0925, ""pressure"": 0.0433, ""swell"": 0.0549}","tide,front,chl",Strong El Nino,2.16,100.0
2026-09-29,outer_banks,302 / 371 / Hidden Bank,offshore,yellowfin_tuna,Yellowfin Tuna,tuna,69.3,68.0,1.3,92.6,60.8,6.8 ft seas,False,70.4714,0.19197257142857893,6.7585304,12.7,,0.9040301216596538,,1.0,1.0,,0.874,1.0,0.623,,,1.031,"{""sst"": 0.3081, ""season"": 0.154, ""moon"": 0.0465, ""pressure"": 0.0385, ""swell"": 0.0427}","tide,front,chl",Strong El Nino,2.16,100.0
2026-09-29,outer_banks,302 / 371 / Hidden Bank,offshore,dorado,Dorado (Mahi-Mahi),tuna,56.1,56.5,-0.4,75.3,60.8,6.8 ft seas,False,70.4714,0.19197257142857893,6.7585304,12.7,,0.9040301216596538,,0.625,1.0,,0.874,1.0,0.623,,,1.038,"{""sst"": 0.112, ""season"": 0.154, ""moon"": 0.031, ""pressure"": 0.0385, ""swell"": 0.0366}","tide,front,chl",Strong El Nino,2.16,83.3
2026-09-30,outer_banks,302 / 371 / Hidden Bank,offshore,rockfish,Rockfish Complex,groundfish,63.5,67.3,-3.8,77.3,72.5,5.6 ft seas,False,70.3202,0.06781704545454659,5.577427999999999,12.2,,0.8263179887803223,,1.0,0.9,,0.893,0.6,0.689,,,0.995,"{""sst"": 0.1311, ""season"": 0.1271, ""moon"": 0.0157, ""pressure"": 0.0197, ""swell"": 0.1471}","tide,chl",Strong El Nino,2.16,49.2
2026-09-30,outer_banks,302 / 371 / Hidden Bank,offshore,sheephead,California Sheephead,groundfish,62.3,65.5,-3.2,75.8,72.5,5.6 ft seas,False,70.3202,0.06781704545454659,5.577427999999999,12.2,,0.8263179887803223,,0.87,0.95,,0.893,0.6,0.645,,,1.0,"{""sst"": 0.1385, ""season"": 0.1426, ""moon"": 0.0161, ""pressure"": 0.0203, ""swell"": 0.0989}","tide,chl",Strong El Nino,2.16,76.0
2026-09-30,outer_banks,302 / 371 / Hidden Bank,offshore,bonito,Pacific Bonito,pelagic_inshore,73.0,68.4,4.6,88.9,72.5,5.6 ft seas,False,70.3202,0.06781704545454659,5.577427999999999,12.2,,0.8263179887803223,,1.0,0.95,,0.893,0.6,0.726,,,1.006,"{""sst"": 0.2971, ""season"": 0.165, ""moon"": 0.0166, ""pressure"": 0.0156, ""swell"": 0.0746}","tide,front,chl",Strong El Nino,2.16,100.0
2026-09-30,outer_banks,302 / 371 / Hidden Bank,offshore,yellowtail,California Yellowtail,pelagic,72.1,67.1,5.0,87.9,72.5,5.6 ft seas,False,70.3202,0.06781704545454659,5.577427999999999,12.2,,0.8263179887803223,,1.0,0.9,,0.893,0.6,0.726,,,1.006,"{""sst"": 0.2773, ""season"": 0.1511, ""moon"": 0.0498, ""pressure"": 0.0156, ""swell"": 0.064}","tide,front,chl",Strong El Nino,2.16,100.0
2026-09-30,outer_banks,302 / 371 / Hidden Bank,offshore,white_seabass,White Seabass,pelagic,40.1,51.0,-10.9,48.8,72.5,5.6 ft seas,False,70.3202,0.06781704545454659,5.577427999999999,12.2,,0.8263179887803223,,0.458,0.55,,0.35,0.6,0.645,,,0.998,"{""sst"": -0.0256, ""season"": 0.0251, ""moon"": -0.0751, ""pressure"": 0.0144, ""swell"": 0.0402}","tide,front,chl",Strong El Nino,2.16,0.0
2026-09-30,outer_banks,302 / 371 / Hidden Bank,offshore,bluefin_tuna,Pacific Bluefin Tuna,tuna,70.8,64.0,6.8,86.2,72.5,5.6 ft seas,False,70.3202,0.06781704545454659,5.577427999999999,12.2,,0.8263179887803223,,1.0,0.95,,0.826,0.6,0.726,,,1.005,"{""sst"": 0.2166, ""season"": 0.1404, ""moon"": 0.0785, ""pressure"": 0.0114, ""swell"": 0.0933}","tide,front,chl",Strong El Nino,2.16,100.0
2026-09-30,outer_banks,302 / 371 / Hidden Bank,offshore,yellowfin_tuna,Yellowfin Tuna,tuna,75.1,68.0,7.1,91.4,72.5,5.6 ft seas,False,70.3202,0.06781704545454659,5.577427999999999,12.2,,0.8263179887803223,,1.0,1.0,,0.893,0.6,0.726,,,1.011,"{""sst"": 0.3081, ""season"": 0.154, ""moon"": 0.0484, ""pressure"": 0.0101, ""swell"": 0.0726}","tide,front,chl",Strong El Nino,2.16,100.0
2026-09-30,outer_banks,302 / 371 / Hidden Bank,offshore,dorado,Dorado (Mahi-Mahi),tuna,58.4,56.3,2.1,71.2,72.5,5.6 ft seas,False,70.3202,0.06781704545454659,5.577427999999999,12.2,,0.8263179887803223,,0.588,1.0,,0.893,0.6,0.726,,,1.013,"{""sst"": 0.0814, ""season"": 0.154, ""moon"": 0.0322, ""pressure"": 0.0101, ""swell"": 0.0622}","tide,front,chl",Strong El Nino,2.16,85.8
2026-10-01,outer_banks,302 / 371 / Hidden Bank,offshore,rockfish,Rockfish Complex,groundfish,64.2,66.7,-2.5,74.9,78.2,workable,False,71.114,0.8715661016949099,4.92126,12.1,,0.7309239695760712,,1.0,0.85,,0.917,0.6,0.75,,,0.937,"{""sst"": 0.1311, ""season"": 0.1147, ""moon"": 0.0164, ""pressure"": 0.0197, ""swell"": 0.1866}","tide,chl",Strong El Nino,2.16,52.7
2026-10-01,outer_banks,302 / 371 / Hidden Bank,offshore,sheephead,California Sheephead,groundfish,68.3,64.4,3.9,79.7,78.2,workable,False,71.114,0.8715661016949099,4.92126,12.1,,0.7309239695760712,,1.0,0.85,,0.917,0.6,0.712,,,1.0,"{""sst"": 0.1733, ""season"": 0.1179, ""moon"": 0.0169, ""pressure"": 0.0203, ""swell"": 0.1374}","tide,chl",Strong El Nino,2.16,92.6
2026-10-01,outer_banks,302 / 371 / Hidden Bank,offshore,bonito,Pacific Bonito,pelagic_inshore,78.1,65.5,12.6,91.0,78.2,workable,False,71.114,0.8715661016949099,4.92126,12.1,,0.7309239695760712,,1.0,0.75,,0.917,0.6,0.784,,,1.078,"{""sst"": 0.2971, ""season"": 0.1043, ""moon"": 0.0173, ""pressure"": 0.0156, ""swell"": 0.0899}","tide,front,chl",Strong El Nino,2.16,100.0
2026-10-01,outer_banks,302 / 371 / Hidden Bank,offshore,yellowtail,California Yellowtail,pelagic,78.3,64.9,13.4,91.2,78.2,workable,False,71.114,0.8715661016949099,4.92126,12.1,,0.7309239695760712,,1.0,0.75,,0.917,0.6,0.784,,,1.078,"{""sst"": 0.2773, ""season"": 0.1043, ""moon"": 0.052, ""pressure"": 0.0156, ""swell"": 0.077}","tide,front,chl",Strong El Nino,2.16,100.0
2026-10-01,outer_banks,302 / 371 / Hidden Bank,offshore,white_seabass,White Seabass,pelagic,36.6,50.1,-13.5,42.7,78.2,workable,False,71.114,0.8715661016949099,4.92126,12.1,,0.7309239695760712,,0.328,0.5,,0.35,0.6,0.712,,,0.969,"{""sst"": -0.122, ""season"": 0.0, ""moon"": -0.075, ""pressure"": 0.0144, ""swell"": 0.0558}","tide,front,chl",Strong El Nino,2.16,0.0
2026-10-01,outer_banks,302 / 371 / Hidden Bank,offshore,bluefin_tuna,Pacific Bluefin Tuna,tuna,74.8,62.5,12.3,87.2,78.2,workable,False,71.114,0.8715661016949099,4.92126,12.1,,0.7309239695760712,,0.978,0.8,,0.731,0.6,0.784,,,1.063,"{""sst"": 0.2095, ""season"": 0.1028, ""moon"": 0.0593, ""pressure"": 0.0114, ""swell"": 0.1123}","tide,front,chl",Strong El Nino,2.16,100.0
2026-10-01,outer_banks,302 / 371 / Hidden Bank,offshore,yellowfin_tuna,Yellowfin Tuna,tuna,86.9,66.3,20.6,96.8,78.2,workable,False,71.114,0.8715661016949099,4.92126,12.1,,0.7309239695760712,,1.0,0.85,,0.917,0.6,0.784,,,1.141,"{""sst"": 0.3081, ""season"": 0.1179, ""moon"": 0.0506, ""pressure"": 0.0101, ""swell"": 0.0874}","tide,front,chl",Strong El Nino,2.16,100.0
2026-10-01,outer_banks,302 / 371 / Hidden Bank,offshore,dorado,Dorado (Mahi-Mahi),tuna,78.7,54.3,24.4,91.6,78.2,workable,False,71.114,0.8715661016949099,4.92126,12.1,,0.7309239695760712,,0.783,0.8,,0.917,0.6,0.784,,,1.173,"{""sst"": 0.2242, ""season"": 0.1044, ""moon"": 0.0337, ""pressure"": 0.0101, ""swell"": 0.0749}","tide,front,chl",Strong El Nino,2.16,100.0
2026-10-02,outer_banks,302 / 371 / Hidden Bank,offshore,rockfish,Rockfish Complex,groundfish,69.1,66.6,2.5,77.8,82.8,workable,False,71.4686,1.2463525423728754,4.3963256,10.5,,0.6231352998941142,,1.0,0.85,,0.944,0.85,0.8,,,0.91,"{""sst"": 0.1311, ""season"": 0.1147, ""moon"": 0.0172, ""pressure"": 0.0574, ""swell"": 0.2159}","tide,chl",Strong El Nino,2.16,94.0
2026-10-02,outer_banks,302 / 371 / Hidden Bank,offshore,sheephead,California Sheephead,groundfish,75.7,64.2,11.5,85.2,82.8,workable,False,71.4686,1.2463525423728754,4.3963256,10.5,,0.6231352998941142,,1.0,0.85,,0.944,0.85,0.765,,,1.0,"{""sst"": 0.1733, ""season"": 0.1179, ""moon"": 0.0177, ""pressure"": 0.059, ""swell"": 0.1656}","tide,chl",Strong El Nino,2.16,100.0
2026-10-02,outer_banks,302 / 371 / Hidden Bank,offshore,bonito,Pacific Bonito,pelagic_inshore,87.0,65.5,21.5,95.5,82.8,workable,False,71.4686,1.2463525423728754,4.3963256,10.5,,0.6231352998941142,,1.0,0.75,,0.944,0.85,0.83,,,1.112,"{""sst"": 0.2971, ""season"": 0.1043, ""moon"": 0.0182, ""pressure"": 0.0455, ""swell"": 0.1013}","tide,front,chl",Strong El Nino,2.16,100.0
2026-10-02,outer_banks,302 / 371 / Hidden Bank,offshore,yellowtail,California Yellowtail,pelagic,87.2,64.9,22.3,95.6,82.8,workable,False,71.4686,1.2463525423728754,4.3963256,10.5,,0.6231352998941142,,1.0,0.75,,0.944,0.85,0.83,,,1.112,"{""sst"": 0.2773, ""season"": 0.1043, ""moon"": 0.0545, ""pressure"": 0.0455, ""swell"": 0.0868}","tide,front,chl",Strong El Nino,2.16,100.0
2026-10-02,outer_banks,302 / 371 / Hidden Bank,offshore,white_seabass,White Seabass,pelagic,36.7,50.1,-13.4,41.4,82.8,workable,False,71.4686,1.2463525423728754,4.3963256,10.5,,0.6231352998941142,,0.27,0.5,,0.351,0.85,0.765,,,0.955,"{""sst"": -0.1782, ""season"": 0.0, ""moon"": -0.0747, ""pressure"": 0.0419, ""swell"": 0.0672}","tide,front,chl",Strong El Nino,2.16,0.0
2026-10-02,outer_banks,302 / 371 / Hidden Bank,offshore,bluefin_tuna,Pacific Bluefin Tuna,tuna,78.5,62.5,16.0,88.4,82.8,workable,False,71.4686,1.2463525423728754,4.3963256,10.5,,0.6231352998941142,,0.908,0.8,,0.623,0.85,0.83,,,1.09,"{""sst"": 0.1865, ""season"": 0.1028, ""moon"": 0.0344, ""pressure"": 0.0332, ""swell"": 0.1266}","tide,front,chl",Strong El Nino,2.16,100.0
2026-10-02,outer_banks,302 / 371 / Hidden Bank,offshore,yellowfin_tuna,Yellowfin Tuna,tuna,95.5,66.3,29.2,98.7,82.8,workable,False,71.4686,1.2463525423728754,4.3963256,10.5,,0.6231352998941142,,1.0,0.85,,0.944,0.85,0.83,,,1.202,"{""sst"": 0.3081, ""season"": 0.1179, ""moon"": 0.053, ""pressure"": 0.0295, ""swell"": 0.0985}","tide,front,chl",Strong El Nino,2.16,100.0
2026-10-02,outer_banks,302 / 371 / Hidden Bank,offshore,dorado,Dorado (Mahi-Mahi),tuna,93.4,54.1,39.3,98.0,82.8,workable,False,71.4686,1.2463525423728754,4.3963256,10.5,,0.6231352998941142,,0.87,0.8,,0.944,0.85,0.83,,,1.247,"{""sst"": 0.2768, ""season"": 0.1044, ""moon"": 0.0353, ""pressure"": 0.0295, ""swell"": 0.0844}","tide,front,chl",Strong El Nino,2.16,100.0
2026-10-03,outer_banks,302 / 371 / Hidden Bank,offshore,rockfish,Rockfish Complex,groundfish,60.5,66.6,-6.1,75.0,70.3,workable,False,72.3614,2.18817966101696,3.8713911999999997,15.8,5.186,0.5090574688798968,,1.0,0.85,0.939,0.973,0.85,0.849,,,0.842,"{""sst"": 0.1078, ""season"": 0.0943, ""tide"": 0.112, ""moon"": 0.0148, ""pressure"": 0.0472, ""swell"": 0.2002}",chl,Strong El Nino,2.16,42.1
2026-10-03,outer_banks,302 / 371 / Hidden Bank,offshore,sheephead,California Sheephead,groundfish,68.4,64.0,4.4,84.8,70.3,workable,False,72.3614,2.18817966101696,3.8713911999999997,15.8,5.186,0.5090574688798968,,1.0,0.85,0.755,0.973,0.85,0.819,,,1.0,"{""sst"": 0.1356, ""season"": 0.0923, ""tide"": 0.0897, ""moon"": 0.0145, ""pressure"": 0.0461, ""swell"": 0.1502}",chl,Strong El Nino,2.16,93.4
2026-10-03,outer_banks,302 / 371 / Hidden Bank,offshore,bonito,Pacific Bonito,pelagic_inshore,85.1,65.5,19.6,97.9,70.3,workable,False,72.3614,2.18817966101696,3.8713911999999997,15.8,5.186,0.5090574688798968,,1.0,0.75,0.813,0.973,0.85,0.876,,,1.197,"{""sst"": 0.2599, ""season"": 0.0912, ""tide"": 0.0607, ""moon"": 0.0166, ""pressure"": 0.0398, ""swell"": 0.098}","front,chl",Strong El Nino,2.16,100.0
2026-10-03,outer_banks,302 / 371 / Hidden Bank,offshore,yellowtail,California Yellowtail,pelagic,82.2,64.9,17.3,96.9,70.3,workable,False,72.3614,2.18817966101696,3.8713911999999997,15.8,5.186,0.5090574688798968,,0.941,0.75,0.755,0.973,0.85,0.876,,,1.197,"{""sst"": 0.2108, ""season"": 0.0869, ""tide"": 0.0688, ""moon"": 0.0475, ""pressure"": 0.0379, ""swell"": 0.08}","front,chl",Strong El Nino,2.16,100.0
2026-10-03,outer_banks,302 / 371 / Hidden Bank,offshore,white_seabass,White Seabass,pelagic,30.0,50.3,-20.3,37.2,70.3,workable,False,72.3614,2.18817966101696,3.8713911999999997,15.8,5.186,0.5090574688798968,,0.124,0.5,0.797,0.352,0.85,0.819,,,0.921,"{""sst"": -0.3328, ""season"": 0.0, ""tide"": 0.081, ""moon"": -0.0611, ""pressure"": 0.0346, ""swell"": 0.0644}","front,chl",Strong El Nino,2.16,0.0
2026-10-03,outer_banks,302 / 371 / Hidden Bank,offshore,bluefin_tuna,Pacific Bluefin Tuna,tuna,69.9,62.5,7.4,86.7,70.3,workable,False,72.3614,2.18817966101696,3.8713911999999997,15.8,5.186,0.5090574688798968,,0.733,0.8,0.813,0.509,0.85,0.876,,,1.158,"{""sst"": 0.1126, ""season"": 0.0968, ""tide"": 0.0286, ""moon"": 0.0026, ""pressure"": 0.0312, ""swell"": 0.1318}","front,chl",Strong El Nino,2.16,100.0
2026-10-03,outer_banks,302 / 371 / Hidden Bank,offshore,yellowfin_tuna,Yellowfin Tuna,tuna,96.6,66.2,30.4,99.7,70.3,workable,False,72.3614,2.18817966101696,3.8713911999999997,15.8,5.186,0.5090574688798968,,1.0,0.85,0.813,0.973,0.85,0.876,,,1.35,"{""sst"": 0.2997, ""season"": 0.1147, ""tide"": 0.0131, ""moon"": 0.054, ""pressure"": 0.0287, ""swell"": 0.106}","front,chl",Strong El Nino,2.16,100.0
2026-10-03,outer_banks,302 / 371 / Hidden Bank,offshore,dorado,Dorado (Mahi-Mahi),tuna,96.3,53.6,42.7,99.7,70.3,workable,False,72.3614,2.18817966101696,3.8713911999999997,15.8,5.186,0.5090574688798968,,1.0,0.8,0.813,0.973,0.85,0.876,,,1.35,"{""sst"": 0.3372, ""season"": 0.1016, ""tide"": 0.0131, ""moon"": 0.036, ""pressure"": 0.0287, ""swell"": 0.0908}","front,chl",Strong El Nino,2.16,100.0
2026-10-04,outer_banks,302 / 371 / Hidden Bank,offshore,rockfish,Rockfish Complex,groundfish,49.9,66.6,-16.7,68.5,58.2,19 kt wind,False,72.599,2.472335593220336,3.4776904,19.2,2.2189999999999994,0.3950846566449676,,1.0,0.85,0.707,0.949,0.6,0.887,,,0.822,"{""sst"": 0.1078, ""season"": 0.0943, ""tide"": 0.0616, ""moon"": 0.0142, ""pressure"": 0.0162, ""swell"": 0.2164}",chl,Strong El Nino,2.16,27.0
2026-10-04,outer_banks,302 / 371 / Hidden Bank,offshore,sheephead,California Sheephead,groundfish,54.3,63.9,-9.6,74.6,58.2,19 kt wind,False,72.599,2.472335593220336,3.4776904,19.2,2.2189999999999994,0.3950846566449676,,1.0,0.85,0.45,0.949,0.6,0.859,,,1.0,"{""sst"": 0.1356, ""season"": 0.0923, ""tide"": -0.0227, ""moon"": 0.0139, ""pressure"": 0.0159, ""swell"": 0.1648}",chl,Strong El Nino,2.16,68.9
2026-10-04,outer_banks,302 / 371 / Hidden Bank,offshore,bonito,Pacific Bonito,pelagic_inshore,75.6,65.5,10.1,97.5,58.2,19 kt wind,False,72.599,2.472335593220336,3.4776904,19.2,2.2189999999999994,0.3950846566449676,,1.0,0.75,0.71,0.949,0.6,0.91,,,1.223,"{""sst"": 0.2599, ""season"": 0.0912, ""tide"": 0.0438, ""moon"": 0.016, ""pressure"": 0.0137, ""swell"": 0.1048}","front,chl",Strong El Nino,2.16,100.0
2026-10-04,outer_banks,302 / 371 / Hidden Bank,offshore,yellowtail,California Yellowtail,pelagic,67.1,64.9,2.2,91.9,58.2,19 kt wind,False,72.599,2.472335593220336,3.4776904,19.2,2.2189999999999994,0.3950846566449676,,0.902,0.75,0.45,0.949,0.6,0.91,,,1.223,"{""sst"": 0.1967, ""season"": 0.0869, ""tide"": -0.0174, ""moon"": 0.0458, ""pressure"": 0.013, ""swell"": 0.0856}","front,chl",Strong El Nino,2.16,65.6
2026-10-04,outer_banks,302 / 371 / Hidden Bank,offshore,white_seabass,White Seabass,pelagic,21.6,50.5,-28.9,29.7,58.2,19 kt wind,False,72.599,2.472335593220336,3.4776904,19.2,2.2189999999999994,0.3950846566449676,,0.085,0.5,0.425,0.356,0.6,0.859,,,0.911,"{""sst"": -0.4223, ""season"": 0.0, ""tide"": -0.0285, ""moon"": -0.0592, ""pressure"": 0.0119, ""swell"": 0.0706}","front,chl",Strong El Nino,2.16,0.0
2026-10-04,outer_banks,302 / 371 / Hidden Bank,offshore,bluefin_tuna,Pacific Bluefin Tuna,tuna,63.4,62.5,0.9,87.0,58.2,19 kt wind,False,72.599,2.472335593220336,3.4776904,19.2,2.2189999999999994,0.3950846566449676,,0.687,0.8,0.71,0.605,0.6,0.91,,,1.178,"{""sst"": 0.0933, ""season"": 0.0968, ""tide"": 0.0206, ""moon"": 0.028, ""pressure"": 0.0107, ""swell"": 0.1409}","front,chl",Strong El Nino,2.16,69.7
2026-10-04,outer_banks,302 / 371 / Hidden Bank,offshore,yellowfin_tuna,Yellowfin Tuna,tuna,89.5,66.2,23.3,99.6,58.2,19 kt wind,False,72.599,2.472335593220336,3.4776904,19.2,2.2189999999999994,0.3950846566449676,,1.0,0.85,0.71,0.949,0.6,0.91,,,1.35,"{""sst"": 0.2997, ""season"": 0.1147, ""tide"": 0.0095, ""moon"": 0.0519, ""pressure"": 0.0099, ""swell"": 0.1133}","front,chl",Strong El Nino,2.16,100.0
2026-10-04,outer_banks,302 / 371 / Hidden Bank,offshore,dorado,Dorado (Mahi-Mahi),tuna,88.7,53.2,35.5,99.6,58.2,19 kt wind,False,72.599,2.472335593220336,3.4776904,19.2,2.2189999999999994,0.3950846566449676,,1.0,0.8,0.71,0.949,0.6,0.91,,,1.35,"{""sst"": 0.3372, ""season"": 0.1016, ""tide"": 0.0095, ""moon"": 0.0346, ""pressure"": 0.0099, ""swell"": 0.0971}","front,chl",Strong El Nino,2.16,100.0
2026-10-05,outer_banks,302 / 371 / Hidden Bank,offshore,rockfish,Rockfish Complex,groundfish,63.4,66.5,-3.1,70.3,84.9,workable,False,72.9608,2.8979181818181843,4.1338584,10.2,5.754,0.2874014624345155,,1.0,0.85,0.994,0.922,0.85,0.825,,,0.791,"{""sst"": 0.1078, ""season"": 0.0943, ""tide"": 0.1221, ""moon"": 0.0136, ""pressure"": 0.0472, ""swell"": 0.1891}",chl,Strong El Nino,2.16,48.9
2026-10-05,outer_banks,302 / 371 / Hidden Bank,offshore,sheephead,California Sheephead,groundfish,74.9,63.6,11.3,83.1,84.9,workable,False,72.9608,2.8979181818181843,4.1338584,10.2,5.754,0.2874014624345155,,1.0,0.85,0.724,0.922,0.85,0.792,,,1.0,"{""sst"": 0.1356, ""season"": 0.0923, ""tide"": 0.0804, ""moon"": 0.0133, ""pressure"": 0.0461, ""swell"": 0.1401}",chl,Strong El Nino,2.16,100.0
2026-10-05,outer_banks,302 / 371 / Hidden Bank,offshore,bonito,Pacific Bonito,pelagic_inshore,96.3,65.5,30.8,98.8,84.9,workable,False,72.9608,2.8979181818181843,4.1338584,10.2,5.754,0.2874014624345155,,1.0,0.75,0.843,0.922,0.85,0.853,,,1.261,"{""sst"": 0.2599, ""season"": 0.0912, ""tide"": 0.0653, ""moon"": 0.0153, ""pressure"": 0.0398, ""swell"": 0.0934}","front,chl",Strong El Nino,2.16,100.0
2026-10-05,outer_banks,302 / 371 / Hidden Bank,offshore,yellowtail,California Yellowtail,pelagic,91.8,64.9,26.9,97.0,84.9,workable,False,72.9608,2.8979181818181843,4.1338584,10.2,5.754,0.2874014624345155,,0.843,0.75,0.724,0.922,0.85,0.853,,,1.261,"{""sst"": 0.1741, ""season"": 0.0869, ""tide"": 0.0617, ""moon"": 0.0437, ""pressure"": 0.0379, ""swell"": 0.0762}","front,chl",Strong El Nino,2.16,100.0
2026-10-05,outer_banks,302 / 371 / Hidden Bank,offshore,white_seabass,White Seabass,pelagic,22.2,50.7,-28.5,24.6,84.9,workable,False,72.9608,2.8979181818181843,4.1338584,10.2,5.754,0.2874014624345155,,0.026,0.5,0.721,0.365,0.85,0.792,,,0.896,"{""sst"": -0.7033, ""season"": 0.0, ""tide"": 0.0637, ""moon"": -0.0547, ""pressure"": 0.0346, ""swell"": 0.06}","front,chl",Strong El Nino,2.16,0.0
2026-10-05,outer_banks,302 / 371 / Hidden Bank,offshore,bluefin_tuna,Pacific Bluefin Tuna,tuna,81.1,62.5,18.6,89.9,84.9,workable,False,72.9608,2.8979181818181843,4.1338584,10.2,5.754,0.2874014624345155,,0.616,0.8,0.843,0.713,0.85,0.853,,,1.209,"{""sst"": 0.0612, ""season"": 0.0968, ""tide"": 0.0307, ""moon"": 0.0521, ""pressure"": 0.0312, ""swell"": 0.1256}","front,chl",Strong El Nino,2.16,100.0
2026-10-05,outer_banks,302 / 371 / Hidden Bank,offshore,yellowfin_tuna,Yellowfin Tuna,tuna,98.9,66.2,32.7,99.7,84.9,workable,False,72.9608,2.8979181818181843,4.1338584,10.2,5.754,0.2874014624345155,,1.0,0.85,0.843,0.922,0.85,0.853,,,1.35,"{""sst"": 0.2997, ""season"": 0.1147, ""tide"": 0.0141, ""moon"": 0.0496, ""pressure"": 0.0287, ""swell"": 0.101}","front,chl",Strong El Nino,2.16,100.0
2026-10-05,outer_banks,302 / 371 / Hidden Bank,offshore,dorado,Dorado (Mahi-Mahi),tuna,98.8,52.7,46.1,99.6,84.9,workable,False,72.9608,2.8979181818181843,4.1338584,10.2,5.754,0.2874014624345155,,1.0,0.8,0.843,0.922,0.85,0.853,,,1.35,"{""sst"": 0.3372, ""season"": 0.1016, ""tide"": 0.0141, ""moon"": 0.0331, ""pressure"": 0.0287, ""swell"": 0.0865}","front,chl",Strong El Nino,2.16,100.0
2026-10-06,outer_banks,302 / 371 / Hidden Bank,offshore,rockfish,Rockfish Complex,groundfish,54.2,66.5,-12.3,63.6,77.3,workable,False,73.634,3.627894857142863,4.92126,12.3,6.071,0.19156317691553915,,1.0,0.85,0.943,0.898,1.0,0.75,,,0.739,"{""sst"": 0.1078, ""season"": 0.0943, ""tide"": 0.1128, ""moon"": 0.013, ""pressure"": 0.0616, ""swell"": 0.1534}",chl,Strong El Nino,2.16,31.4
2026-10-06,outer_banks,302 / 371 / Hidden Bank,offshore,sheephead,California Sheephead,groundfish,68.7,63.4,5.3,80.6,77.3,workable,False,73.634,3.627894857142863,4.92126,12.3,6.071,0.19156317691553915,,1.0,0.85,0.686,0.898,1.0,0.712,,,1.0,"{""sst"": 0.1356, ""season"": 0.0923, ""tide"": 0.0687, ""moon"": 0.0127, ""pressure"": 0.0603, ""swell"": 0.1075}",chl,Strong El Nino,2.16,95.4
2026-10-06,outer_banks,302 / 371 / Hidden Bank,offshore,bonito,Pacific Bonito,pelagic_inshore,96.1,65.4,30.7,99.3,77.3,workable,False,73.634,3.627894857142863,4.92126,12.3,6.071,0.19156317691553915,,1.0,0.75,0.865,0.898,1.0,0.784,,,1.327,"{""sst"": 0.2599, ""season"": 0.0912, ""tide"": 0.0686, ""moon"": 0.0146, ""pressure"": 0.052, ""swell"": 0.0786}","front,chl",Strong El Nino,2.16,100.0
2026-10-06,outer_banks,302 / 371 / Hidden Bank,offshore,yellowtail,California Yellowtail,pelagic,86.3,64.8,21.5,96.7,77.3,workable,False,73.634,3.627894857142863,4.92126,12.3,6.071,0.19156317691553915,,0.733,0.75,0.686,0.898,1.0,0.784,,,1.327,"{""sst"": 0.1276, ""season"": 0.0869, ""tide"": 0.0527, ""moon"": 0.0418, ""pressure"": 0.0495, ""swell"": 0.0642}","front,chl",Strong El Nino,2.16,100.0
2026-10-06,outer_banks,302 / 371 / Hidden Bank,offshore,white_seabass,White Seabass,pelagic,18.8,50.9,-32.1,22.0,77.3,workable,False,73.634,3.627894857142863,4.92126,12.3,6.071,0.19156317691553915,,0.02,0.5,0.643,0.386,1.0,0.712,,,0.869,"{""sst"": -0.7697, ""season"": 0.0, ""tide"": 0.0437, ""moon"": -0.0451, ""pressure"": 0.0452, ""swell"": 0.0461}","front,chl",Strong El Nino,2.16,0.0
2026-10-06,outer_banks,302 / 371 / Hidden Bank,offshore,bluefin_tuna,Pacific Bluefin Tuna,tuna,75.2,62.5,12.7,88.3,77.3,workable,False,73.634,3.627894857142863,4.92126,12.3,6.071,0.19156317691553915,,0.484,0.8,0.865,0.808,1.0,0.784,,,1.261,"{""sst"": -0.0097, ""season"": 0.0968, ""tide"": 0.0323, ""moon"": 0.0707, ""pressure"": 0.0408, ""swell"": 0.1057}","front,chl",Strong El Nino,2.16,100.0
2026-10-06,outer_banks,302 / 371 / Hidden Bank,offshore,yellowfin_tuna,Yellowfin Tuna,tuna,97.7,66.2,31.5,99.6,77.3,workable,False,73.634,3.627894857142863,4.92126,12.3,6.071,0.19156317691553915,,1.0,0.85,0.865,0.898,1.0,0.784,,,1.35,"{""sst"": 0.2997, ""season"": 0.1147, ""tide"": 0.0148, ""moon"": 0.0475, ""pressure"": 0.0375, ""swell"": 0.085}","front,chl",Strong El Nino,2.16,100.0
2026-10-06,outer_banks,302 / 371 / Hidden Bank,offshore,dorado,Dorado (Mahi-Mahi),tuna,97.6,52.2,45.4,99.6,77.3,workable,False,73.634,3.627894857142863,4.92126,12.3,6.071,0.19156317691553915,,1.0,0.8,0.865,0.898,1.0,0.784,,,1.35,"{""sst"": 0.3372, ""season"": 0.1016, ""tide"": 0.0148, ""moon"": 0.0316, ""pressure"": 0.0375, ""swell"": 0.0729}","front,chl",Strong El Nino,2.16,100.0
2026-10-07,outer_banks,302 / 371 / Hidden Bank,offshore,rockfish,Rockfish Complex,groundfish,45.2,66.5,-21.3,58.0,65.9,5.8 ft seas,False,73.8464,3.9036310344827427,5.8398952,13.2,6.0760000000000005,0.11217175383480282,,1.0,0.85,0.925,0.878,0.85,0.664,,,0.719,"{""sst"": 0.1078, ""season"": 0.0943, ""tide"": 0.1093, ""moon"": 0.0125, ""pressure"": 0.0472, ""swell"": 0.1071}",chl,Strong El Nino,2.16,21.9
2026-10-07,outer_banks,302 / 371 / Hidden Bank,offshore,sheephead,California Sheephead,groundfish,58.5,63.2,-4.7,75.1,65.9,5.8 ft seas,False,73.8464,3.9036310344827427,5.8398952,13.2,6.0760000000000005,0.11217175383480282,,1.0,0.85,0.649,0.878,0.85,0.618,,,1.0,"{""sst"": 0.1356, ""season"": 0.0923, ""tide"": 0.0566, ""moon"": 0.0122, ""pressure"": 0.0461, ""swell"": 0.0645}",chl,Strong El Nino,2.16,72.1
2026-10-07,outer_banks,302 / 371 / Hidden Bank,offshore,bonito,Pacific Bonito,pelagic_inshore,89.7,65.5,24.2,99.2,65.9,5.8 ft seas,False,73.8464,3.9036310344827427,5.8398952,13.2,6.0760000000000005,0.11217175383480282,,1.0,0.75,0.873,0.878,0.85,0.703,,,1.35,"{""sst"": 0.2599, ""season"": 0.0912, ""tide"": 0.0697, ""moon"": 0.0141, ""pressure"": 0.0398, ""swell"": 0.0597}","front,chl",Strong El Nino,2.16,100.0
2026-10-07,outer_banks,302 / 371 / Hidden Bank,offshore,yellowtail,California Yellowtail,pelagic,76.0,64.9,11.1,95.3,65.9,5.8 ft seas,False,73.8464,3.9036310344827427,5.8398952,13.2,6.0760000000000005,0.11217175383480282,,0.698,0.75,0.649,0.878,0.85,0.703,,,1.35,"{""sst"": 0.1114, ""season"": 0.0869, ""tide"": 0.0434, ""moon"": 0.0402, ""pressure"": 0.0379, ""swell"": 0.0487}","front,chl",Strong El Nino,2.16,100.0
2026-10-07,outer_banks,302 / 371 / Hidden Bank,offshore,white_seabass,White Seabass,pelagic,16.4,51.1,-34.7,21.1,65.9,5.8 ft seas,False,73.8464,3.9036310344827427,5.8398952,13.2,6.0760000000000005,0.11217175383480282,,0.02,0.5,0.578,0.426,0.85,0.618,,,0.859,"{""sst"": -0.7697, ""season"": 0.0, ""tide"": 0.0253, ""moon"": -0.028, ""pressure"": 0.0346, ""swell"": 0.0276}","front,chl",Strong El Nino,2.16,0.0
2026-10-07,outer_banks,302 / 371 / Hidden Bank,offshore,bluefin_tuna,Pacific Bluefin Tuna,tuna,66.6,62.5,4.1,85.5,65.9,5.8 ft seas,False,73.8464,3.9036310344827427,5.8398952,13.2,6.0760000000000005,0.11217175383480282,,0.442,0.8,0.873,0.888,0.85,0.703,,,1.281,"{""sst"": -0.0362, ""season"": 0.0968, ""tide"": 0.0328, ""moon"": 0.0844, ""pressure"": 0.0312, ""swell"": 0.0802}","front,chl",Strong El Nino,2.16,100.0
2026-10-07,outer_banks,302 / 371 / Hidden Bank,offshore,yellowfin_tuna,Yellowfin Tuna,tuna,92.4,65.9,26.5,99.5,65.9,5.8 ft seas,False,73.8464,3.9036310344827427,5.8398952,13.2,6.0760000000000005,0.11217175383480282,,1.0,0.85,0.873,0.878,0.85,0.703,,,1.35,"{""sst"": 0.2997, ""season"": 0.1147, ""tide"": 0.0151, ""moon"": 0.0457, ""pressure"": 0.0287, ""swell"": 0.0645}","front,chl",Strong El Nino,2.16,100.0
2026-10-07,outer_banks,302 / 371 / Hidden Bank,offshore,dorado,Dorado (Mahi-Mahi),tuna,92.4,51.6,40.8,99.5,65.9,5.8 ft seas,False,73.8464,3.9036310344827427,5.8398952,13.2,6.0760000000000005,0.11217175383480282,,1.0,0.8,0.873,0.878,0.85,0.703,,,1.35,"{""sst"": 0.3372, ""season"": 0.1016, ""tide"": 0.0151, ""moon"": 0.0304, ""pressure"": 0.0287, ""swell"": 0.0553}","front,chl",Strong El Nino,2.16,100.0
2026-10-08,outer_banks,302 / 371 / Hidden Bank,offshore,rockfish,Rockfish Complex,groundfish,49.2,66.6,-17.4,59.8,72.7,5.4 ft seas,False,73.70779999999999,3.8400138728323583,5.3805776,12.5,5.896,0.052647815303152434,,1.0,0.85,0.925,0.863,0.85,0.707,,,0.724,"{""sst"": 0.1078, ""season"": 0.0943, ""tide"": 0.1094, ""moon"": 0.0121, ""pressure"": 0.0472, ""swell"": 0.131}",chl,Strong El Nino,2.16,26.5
2026-10-08,outer_banks,302 / 371 / Hidden Bank,offshore,sheephead,California Sheephead,groundfish,66.1,63.0,3.1,80.4,72.7,5.4 ft seas,False,73.70779999999999,3.8400138728323583,5.3805776,12.5,5.896,0.052647815303152434,,1.0,0.85,0.799,0.863,0.85,0.665,,,1.0,"{""sst"": 0.1356, ""season"": 0.0923, ""tide"": 0.1019, ""moon"": 0.0119, ""pressure"": 0.0461, ""swell"": 0.0867}",chl,Strong El Nino,2.16,82.5
2026-10-08,outer_banks,302 / 371 / Hidden Bank,offshore,bonito,Pacific Bonito,pelagic_inshore,94.1,65.5,28.6,99.2,72.7,5.4 ft seas,False,73.70779999999999,3.8400138728323583,5.3805776,12.5,5.896,0.052647815303152434,,1.0,0.75,0.873,0.863,0.85,0.743,,,1.346,"{""sst"": 0.2599, ""season"": 0.0912, ""tide"": 0.0697, ""moon"": 0.0136, ""pressure"": 0.0398, ""swell"": 0.0694}","front,chl",Strong El Nino,2.16,100.0
2026-10-08,outer_banks,302 / 371 / Hidden Bank,offshore,yellowtail,California Yellowtail,pelagic,84.3,64.9,19.4,97.1,72.7,5.4 ft seas,False,73.70779999999999,3.8400138728323583,5.3805776,12.5,5.896,0.052647815303152434,,0.721,0.75,0.799,0.863,0.85,0.743,,,1.346,"{""sst"": 0.122, ""season"": 0.0869, ""tide"": 0.0781, ""moon"": 0.039, ""pressure"": 0.0379, ""swell"": 0.0567}","front,chl",Strong El Nino,2.16,100.0
2026-10-08,outer_banks,302 / 371 / Hidden Bank,offshore,white_seabass,White Seabass,pelagic,19.1,51.4,-32.3,23.2,72.7,5.4 ft seas,False,73.70779999999999,3.8400138728323583,5.3805776,12.5,5.896,0.052647815303152434,,0.02,0.5,0.808,0.493,0.85,0.665,,,0.862,"{""sst"": -0.7697, ""season"": 0.0, ""tide"": 0.0835, ""moon"": -0.0026, ""pressure"": 0.0346, ""swell"": 0.0372}","front,chl",Strong El Nino,2.16,0.0
2026-10-08,outer_banks,302 / 371 / Hidden Bank,offshore,bluefin_tuna,Pacific Bluefin Tuna,tuna,73.0,62.5,10.5,88.7,72.7,5.4 ft seas,False,73.70779999999999,3.8400138728323583,5.3805776,12.5,5.896,0.052647815303152434,,0.469,0.8,0.873,0.947,0.85,0.743,,,1.276,"{""sst"": -0.0187, ""season"": 0.0968, ""tide"": 0.0328, ""moon"": 0.094, ""pressure"": 0.0312, ""swell"": 0.0933}","front,chl",Strong El Nino,2.16,100.0
2026-10-08,outer_banks,302 / 371 / Hidden Bank,offshore,yellowfin_tuna,Yellowfin Tuna,tuna,95.9,65.5,30.4,99.5,72.7,5.4 ft seas,False,73.70779999999999,3.8400138728323583,5.3805776,12.5,5.896,0.052647815303152434,,1.0,0.85,0.873,0.863,0.85,0.743,,,1.35,"{""sst"": 0.2997, ""season"": 0.1147, ""tide"": 0.0151, ""moon"": 0.0443, ""pressure"": 0.0287, ""swell"": 0.075}","front,chl",Strong El Nino,2.16,100.0
2026-10-08,outer_banks,302 / 371 / Hidden Bank,offshore,dorado,Dorado (Mahi-Mahi),tuna,95.9,50.9,45.0,99.5,72.7,5.4 ft seas,False,73.70779999999999,3.8400138728323583,5.3805776,12.5,5.896,0.052647815303152434,,1.0,0.8,0.873,0.863,0.85,0.743,,,1.35,"{""sst"": 0.3372, ""season"": 0.1016, ""tide"": 0.0151, ""moon"": 0.0295, ""pressure"": 0.0287, ""swell"": 0.0643}","front,chl",Strong El Nino,2.16,100.0
2026-10-09,outer_banks,302 / 371 / Hidden Bank,offshore,rockfish,Rockfish Complex,groundfish,44.9,66.6,-21.7,55.6,70.5,5.7 ft seas,False,74.3,4.498220930232563,5.7086616,12.4,6.015000000000001,0.015097468607471298,,1.0,0.85,0.915,0.854,1.0,0.676,,,0.676,"{""sst"": 0.1078, ""season"": 0.0943, ""tide"": 0.1074, ""moon"": 0.0119, ""pressure"": 0.0616, ""swell"": 0.1141}",chl,Strong El Nino,2.16,21.6
2026-10-09,outer_banks,302 / 371 / Hidden Bank,offshore,sheephead,California Sheephead,groundfish,61.0,62.8,-1.8,75.4,70.5,5.7 ft seas,False,74.3,4.498220930232563,5.7086616,12.4,6.015000000000001,0.015097468607471298,,1.0,0.85,0.602,0.854,1.0,0.631,,,1.0,"{""sst"": 0.1356, ""season"": 0.0923, ""tide"": 0.0404, ""moon"": 0.0116, ""pressure"": 0.0603, ""swell"": 0.071}",chl,Strong El Nino,2.16,74.6
2026-10-09,outer_banks,302 / 371 / Hidden Bank,offshore,bonito,Pacific Bonito,pelagic_inshore,92.4,65.5,26.9,99.2,70.5,5.7 ft seas,False,74.3,4.498220930232563,5.7086616,12.4,6.015000000000001,0.015097468607471298,,0.951,0.75,0.878,0.854,1.0,0.715,,,1.35,"{""sst"": 0.2411, ""season"": 0.0912, ""tide"": 0.0704, ""moon"": 0.0134, ""pressure"": 0.052, ""swell"": 0.0625}","front,chl",Strong El Nino,2.16,100.0
2026-10-09,outer_banks,302 / 371 / Hidden Bank,offshore,yellowtail,California Yellowtail,pelagic,76.0,64.9,11.1,93.3,70.5,5.7 ft seas,False,74.3,4.498220930232563,5.7086616,12.4,6.015000000000001,0.015097468607471298,,0.624,0.75,0.602,0.854,1.0,0.715,,,1.35,"{""sst"": 0.074, ""season"": 0.0869, ""tide"": 0.031, ""moon"": 0.0382, ""pressure"": 0.0495, ""swell"": 0.051}","front,chl",Strong El Nino,2.16,100.0
2026-10-09,outer_banks,302 / 371 / Hidden Bank,offshore,white_seabass,White Seabass,pelagic,17.4,51.7,-34.3,21.6,70.5,5.7 ft seas,False,74.3,4.498220930232563,5.7086616,12.4,6.015000000000001,0.015097468607471298,,0.02,0.5,0.503,0.591,1.0,0.631,,,0.838,"{""sst"": -0.7697, ""season"": 0.0, ""tide"": 0.0011, ""moon"": 0.0291, ""pressure"": 0.0452, ""swell"": 0.0304}","front,chl",Strong El Nino,2.16,0.0
2026-10-09,outer_banks,302 / 371 / Hidden Bank,offshore,bluefin_tuna,Pacific Bluefin Tuna,tuna,68.9,62.5,6.4,85.2,70.5,5.7 ft seas,False,74.3,4.498220930232563,5.7086616,12.4,6.015000000000001,0.015097468607471298,,0.353,0.8,0.878,0.985,1.0,0.715,,,1.324,"{""sst"": -0.1022, ""season"": 0.0968, ""tide"": 0.0331, ""moon"": 0.0997, ""pressure"": 0.0408, ""swell"": 0.0841}","front,chl",Strong El Nino,2.16,100.0
2026-10-09,outer_banks,302 / 371 / Hidden Bank,offshore,yellowfin_tuna,Yellowfin Tuna,tuna,95.2,65.2,30.0,99.5,70.5,5.7 ft seas,False,74.3,4.498220930232563,5.7086616,12.4,6.015000000000001,0.015097468607471298,,1.0,0.85,0.878,0.854,1.0,0.715,,,1.35,"{""sst"": 0.2997, ""season"": 0.1147, ""tide"": 0.0152, ""moon"": 0.0434, ""pressure"": 0.0375, ""swell"": 0.0676}","front,chl",Strong El Nino,2.16,100.0
2026-10-09,outer_banks,302 / 371 / Hidden Bank,offshore,dorado,Dorado (Mahi-Mahi),tuna,95.2,50.3,44.9,99.5,70.5,5.7 ft seas,False,74.3,4.498220930232563,5.7086616,12.4,6.015000000000001,0.015097468607471298,,1.0,0.8,0.878,0.854,1.0,0.715,,,1.35,"{""sst"": 0.3372, ""season"": 0.1016, ""tide"": 0.0152, ""moon"": 0.0289, ""pressure"": 0.0375, ""swell"": 0.0579}","front,chl",Strong El Nino,2.16,100.0
2026-10-10,outer_banks,302 / 371 / Hidden Bank,offshore,rockfish,Rockfish Complex,groundfish,37.7,66.7,-29.0,55.0,51.6,5.6 ft seas,True,74.3,4.553757894736847,5.6430448,16.8,6.423,0.0002792167927752054,,1.0,0.85,0.877,0.85,1.0,0.682,,,0.672,"{""sst"": 0.1078, ""season"": 0.0943, ""tide"": 0.0999, ""moon"": 0.0118, ""pressure"": 0.0616, ""swell"": 0.1175}",chl,Strong El Nino,2.16,16.9
2026-10-10,outer_banks,302 / 371 / Hidden Bank,offshore,sheephead,California Sheephead,groundfish,52.1,62.6,-10.5,75.9,51.6,5.6 ft seas,True,74.3,4.553757894736847,5.6430448,16.8,6.423,0.0002792167927752054,,1.0,0.85,0.612,0.85,1.0,0.638,,,1.0,"{""sst"": 0.1356, ""season"": 0.0923, ""tide"": 0.0441, ""moon"": 0.0115, ""pressure"": 0.0603, ""swell"": 0.0742}",chl,Strong El Nino,2.16,67.8
2026-10-10,outer_banks,302 / 371 / Hidden Bank,offshore,bonito,Pacific Bonito,pelagic_inshore,79.0,65.5,13.5,99.2,51.6,5.6 ft seas,True,74.3,4.553757894736847,5.6430448,16.8,6.423,0.0002792167927752054,,0.951,0.75,0.895,0.85,1.0,0.72,,,1.35,"{""sst"": 0.2411, ""season"": 0.0912, ""tide"": 0.0727, ""moon"": 0.0133, ""pressure"": 0.052, ""swell"": 0.0639}","front,chl",Strong El Nino,2.16,100.0
2026-10-10,outer_banks,302 / 371 / Hidden Bank,offshore,yellowtail,California Yellowtail,pelagic,64.7,64.9,-0.2,93.5,51.6,5.6 ft seas,True,74.3,4.553757894736847,5.6430448,16.8,6.423,0.0002792167927752054,,0.624,0.75,0.612,0.85,1.0,0.72,,,1.35,"{""sst"": 0.074, ""season"": 0.0869, ""tide"": 0.0338, ""moon"": 0.0379, ""pressure"": 0.0495, ""swell"": 0.0522}","front,chl",Strong El Nino,2.16,54.1
2026-10-10,outer_banks,302 / 371 / Hidden Bank,offshore,white_seabass,White Seabass,pelagic,15.3,51.9,-36.6,22.3,51.6,5.6 ft seas,True,74.3,4.553757894736847,5.6430448,16.8,6.423,0.0002792167927752054,,0.02,0.5,0.504,0.715,1.0,0.638,,,0.836,"{""sst"": -0.7697, ""season"": 0.0, ""tide"": 0.0013, ""moon"": 0.0622, ""pressure"": 0.0452, ""swell"": 0.0318}","front,chl",Strong El Nino,2.16,0.0
2026-10-10,outer_banks,302 / 371 / Hidden Bank,offshore,bluefin_tuna,Pacific Bluefin Tuna,tuna,58.9,62.5,-3.6,85.9,51.6,5.6 ft seas,True,74.3,4.553757894736847,5.6430448,16.8,6.423,0.0002792167927752054,,0.353,0.8,0.895,1.0,1.0,0.72,,,1.328,"{""sst"": -0.1022, ""season"": 0.0968, ""tide"": 0.0342, ""moon"": 0.1019, ""pressure"": 0.0408, ""swell"": 0.0859}","front,chl",Strong El Nino,2.16,33.9
2026-10-10,outer_banks,302 / 371 / Hidden Bank,offshore,yellowfin_tuna,Yellowfin Tuna,tuna,82.7,64.9,17.8,99.5,51.6,5.6 ft seas,True,74.3,4.553757894736847,5.6430448,16.8,6.423,0.0002792167927752054,,1.0,0.85,0.895,0.85,1.0,0.72,,,1.35,"{""sst"": 0.2997, ""season"": 0.1147, ""tide"": 0.0157, ""moon"": 0.043, ""pressure"": 0.0375, ""swell"": 0.0691}","front,chl",Strong El Nino,2.16,100.0
2026-10-10,outer_banks,302 / 371 / Hidden Bank,offshore,dorado,Dorado (Mahi-Mahi),tuna,82.7,49.8,32.9,99.5,51.6,5.6 ft seas,True,74.3,4.553757894736847,5.6430448,16.8,6.423,0.0002792167927752054,,1.0,0.8,0.895,0.85,1.0,0.72,,,1.35,"{""sst"": 0.3372, ""season"": 0.1016, ""tide"": 0.0157, ""moon"": 0.0287, ""pressure"": 0.0375, ""swell"": 0.0592}","front,chl",Strong El Nino,2.16,100.0
2026-10-11,outer_banks,302 / 371 / Hidden Bank,offshore,rockfish,Rockfish Complex,groundfish,7.7,66.7,-59.0,20.2,5.0,"29 kt wind, 21.3 ft seas",True,74.21000000000001,4.537058823529435,21.259843200000002,28.8,6.516,0.007679795233243747,,1.0,0.85,0.876,0.852,0.85,0.05,,,0.673,"{""sst"": 0.1078, ""season"": 0.0943, ""tide"": 0.0998, ""moon"": 0.0118, ""pressure"": 0.0472, ""swell"": -0.8699}",chl,Strong El Nino,2.16,0.0
2026-10-11,outer_banks,302 / 371 / Hidden Bank,offshore,sheephead,California Sheephead,groundfish,13.3,62.3,-49.0,34.6,5.0,"29 kt wind, 21.3 ft seas",True,74.21000000000001,4.537058823529435,21.259843200000002,28.8,6.516,0.007679795233243747,,1.0,0.85,0.625,0.852,0.85,0.05,,,1.0,"{""sst"": 0.1356, ""season"": 0.0923, ""tide"": 0.0484, ""moon"": 0.0116, ""pressure"": 0.0461, ""swell"": -0.7008}",chl,Strong El Nino,2.16,0.0
2026-10-11,outer_banks,302 / 371 / Hidden Bank,offshore,bonito,Pacific Bonito,pelagic_inshore,27.4,65.5,-38.1,71.7,5.0,"29 kt wind, 21.3 ft seas",True,74.21000000000001,4.537058823529435,21.259843200000002,28.8,6.516,0.007679795233243747,,0.966,0.75,0.895,0.852,0.85,0.05,,,1.35,"{""sst"": 0.2468, ""season"": 0.0912, ""tide"": 0.0728, ""moon"": 0.0133, ""pressure"": 0.0398, ""swell"": -0.403}","front,chl",Strong El Nino,2.16,3.6
2026-10-11,outer_banks,302 / 371 / Hidden Bank,offshore,yellowtail,California Yellowtail,pelagic,24.6,64.9,-40.3,64.4,5.0,"29 kt wind, 21.3 ft seas",True,74.21000000000001,4.537058823529435,21.259843200000002,28.8,6.516,0.007679795233243747,,0.639,0.75,0.625,0.852,0.85,0.05,,,1.35,"{""sst"": 0.0818, ""season"": 0.0869, ""tide"": 0.0371, ""moon"": 0.0381, ""pressure"": 0.0379, ""swell"": -0.3289}","front,chl",Strong El Nino,2.16,0.0
2026-10-11,outer_banks,302 / 371 / Hidden Bank,offshore,white_seabass,White Seabass,pelagic,6.3,52.1,-45.8,16.4,5.0,"29 kt wind, 21.3 ft seas",True,74.21000000000001,4.537058823529435,21.259843200000002,28.8,6.516,0.007679795233243747,,0.02,0.5,0.522,0.844,0.85,0.05,,,0.837,"{""sst"": -0.7697, ""season"": 0.0, ""tide"": 0.0076, ""moon"": 0.091, ""pressure"": 0.0346, ""swell"": -0.3003}","front,chl",Strong El Nino,2.16,0.0
2026-10-11,outer_banks,302 / 371 / Hidden Bank,offshore,bluefin_tuna,Pacific Bluefin Tuna,tuna,17.6,62.5,-44.9,46.0,5.0,"29 kt wind, 21.3 ft seas",True,74.21000000000001,4.537058823529435,21.259843200000002,28.8,6.516,0.007679795233243747,,0.371,0.8,0.895,0.992,0.85,0.05,,,1.327,"{""sst"": -0.0879, ""season"": 0.0968, ""tide"": 0.0342, ""moon"": 0.1008, ""pressure"": 0.0312, ""swell"": -0.5418}","front,chl",Strong El Nino,2.16,0.0
2026-10-11,outer_banks,302 / 371 / Hidden Bank,offshore,yellowfin_tuna,Yellowfin Tuna,tuna,27.6,64.5,-36.9,72.1,5.0,"29 kt wind, 21.3 ft seas",True,74.21000000000001,4.537058823529435,21.259843200000002,28.8,6.516,0.007679795233243747,,1.0,0.85,0.895,0.852,0.85,0.05,,,1.35,"{""sst"": 0.2997, ""season"": 0.1147, ""tide"": 0.0157, ""moon"": 0.0432, ""pressure"": 0.0287, ""swell"": -0.4356}","front,chl",Strong El Nino,2.16,59.8
2026-10-11,outer_banks,302 / 371 / Hidden Bank,offshore,dorado,Dorado (Mahi-Mahi),tuna,29.7,49.0,-19.3,77.5,5.0,"29 kt wind, 21.3 ft seas",True,74.21000000000001,4.537058823529435,21.259843200000002,28.8,6.516,0.007679795233243747,,1.0,0.8,0.895,0.852,0.85,0.05,,,1.35,"{""sst"": 0.3372, ""season"": 0.1016, ""tide"": 0.0157, ""moon"": 0.0288, ""pressure"": 0.0287, ""swell"": -0.3734}","front,chl",Strong El Nino,2.16,70.5
2026-10-12,outer_banks,302 / 371 / Hidden Bank,offshore,rockfish,Rockfish Complex,groundfish,29.7,66.7,-37.0,44.2,49.7,8.5 ft seas,True,73.67,4.089152662721901,8.530184,9.4,6.3100000000000005,0.035700175796790634,,1.0,0.85,0.906,0.859,0.4,0.41,,,0.706,"{""sst"": 0.1078, ""season"": 0.0943, ""tide"": 0.1057, ""moon"": 0.012, ""pressure"": -0.0198, ""swell"": -0.0748}",chl,Strong El Nino,2.16,0.0
2026-10-12,outer_banks,302 / 371 / Hidden Bank,offshore,sheephead,California Sheephead,groundfish,39.2,61.9,-22.7,58.3,49.7,8.5 ft seas,True,73.67,4.089152662721901,8.530184,9.4,6.3100000000000005,0.035700175796790634,,1.0,0.85,0.624,0.859,0.4,0.343,,,1.0,"{""sst"": 0.1356, ""season"": 0.0923, ""tide"": 0.0483, ""moon"": 0.0118, ""pressure"": -0.0194, ""swell"": -0.1146}",chl,Strong El Nino,2.16,63.4
2026-10-12,outer_banks,302 / 371 / Hidden Bank,offshore,bonito,Pacific Bonito,pelagic_inshore,68.2,65.5,2.7,96.8,49.7,8.5 ft seas,True,73.67,4.089152662721901,8.530184,9.4,6.3100000000000005,0.035700175796790634,,1.0,0.75,0.882,0.859,0.4,0.468,,,1.35,"{""sst"": 0.2599, ""season"": 0.0912, ""tide"": 0.0709, ""moon"": 0.0135, ""pressure"": -0.0167, ""swell"": -0.0117}","front,chl",Strong El Nino,2.16,68.6
2026-10-12,outer_banks,302 / 371 / Hidden Bank,offshore,yellowtail,California Yellowtail,pelagic,59.0,64.9,-5.9,87.7,49.7,8.5 ft seas,True,73.67,4.089152662721901,8.530184,9.4,6.3100000000000005,0.035700175796790634,,0.727,0.75,0.624,0.859,0.4,0.468,,,1.35,"{""sst"": 0.1249, ""season"": 0.0869, ""tide"": 0.037, ""moon"": 0.0386, ""pressure"": -0.0159, ""swell"": -0.0096}","front,chl",Strong El Nino,2.16,38.5
2026-10-12,outer_banks,302 / 371 / Hidden Bank,offshore,white_seabass,White Seabass,pelagic,14.1,52.4,-38.3,20.9,49.7,8.5 ft seas,True,73.67,4.089152662721901,8.530184,9.4,6.3100000000000005,0.035700175796790634,,0.02,0.5,0.534,0.948,0.4,0.343,,,0.853,"{""sst"": -0.7697, ""season"": 0.0, ""tide"": 0.0115, ""moon"": 0.1113, ""pressure"": -0.0146, ""swell"": -0.0491}","front,chl",Strong El Nino,2.16,0.0
2026-10-12,outer_banks,302 / 371 / Hidden Bank,offshore,bluefin_tuna,Pacific Bluefin Tuna,tuna,52.3,62.5,-10.2,77.8,49.7,8.5 ft seas,True,73.67,4.089152662721901,8.530184,9.4,6.3100000000000005,0.035700175796790634,,0.477,0.8,0.882,0.964,0.4,0.468,,,1.294,"{""sst"": -0.014, ""season"": 0.0968, ""tide"": 0.0334, ""moon"": 0.0966, ""pressure"": -0.0131, ""swell"": -0.0157}","front,chl",Strong El Nino,2.16,18.9
2026-10-12,outer_banks,302 / 371 / Hidden Bank,offshore,yellowfin_tuna,Yellowfin Tuna,tuna,71.2,64.0,7.2,97.9,49.7,8.5 ft seas,True,73.67,4.089152662721901,8.530184,9.4,6.3100000000000005,0.035700175796790634,,1.0,0.85,0.882,0.859,0.4,0.468,,,1.35,"{""sst"": 0.2997, ""season"": 0.1147, ""tide"": 0.0153, ""moon"": 0.0439, ""pressure"": -0.0121, ""swell"": -0.0127}","front,chl",Strong El Nino,2.16,100.0
2026-10-12,outer_banks,302 / 371 / Hidden Bank,offshore,dorado,Dorado (Mahi-Mahi),tuna,72.0,48.1,23.9,98.2,49.7,8.5 ft seas,True,73.67,4.089152662721901,8.530184,9.4,6.3100000000000005,0.035700175796790634,,1.0,0.8,0.882,0.859,0.4,0.468,,,1.35,"{""sst"": 0.3372, ""season"": 0.1016, ""tide"": 0.0153, ""moon"": 0.0292, ""pressure"": -0.0121, ""swell"": -0.0109}","front,chl",Strong El Nino,2.16,100.0
2026-10-13,outer_banks,302 / 371 / Hidden Bank,offshore,rockfish,Rockfish Complex,groundfish,47.2,66.7,-19.5,57.8,71.8,5.8 ft seas,True,73.22,3.7296321428571417,5.7742784,10.7,5.854,0.0819335649033684,,1.0,0.85,0.965,0.87,0.6,0.67,,,0.731,"{""sst"": 0.1078, ""season"": 0.0943, ""tide"": 0.1169, ""moon"": 0.0123, ""pressure"": 0.0162, ""swell"": 0.1106}",chl,Strong El Nino,2.16,23.0
2026-10-13,outer_banks,302 / 371 / Hidden Bank,offshore,sheephead,California Sheephead,groundfish,59.0,61.6,-2.6,72.3,71.8,5.8 ft seas,True,73.22,3.7296321428571417,5.7742784,10.7,5.854,0.0819335649033684,,1.0,0.85,0.615,0.87,0.6,0.625,,,1.0,"{""sst"": 0.1356, ""season"": 0.0923, ""tide"": 0.0451, ""moon"": 0.0121, ""pressure"": 0.0159, ""swell"": 0.0678}",chl,Strong El Nino,2.16,73.0
2026-10-13,outer_banks,302 / 371 / Hidden Bank,offshore,bonito,Pacific Bonito,pelagic_inshore,90.5,65.5,25.0,98.8,71.8,5.8 ft seas,True,73.22,3.7296321428571417,5.7742784,10.7,5.854,0.0819335649033684,,1.0,0.75,0.856,0.87,0.6,0.709,,,1.336,"{""sst"": 0.2599, ""season"": 0.0912, ""tide"": 0.0671, ""moon"": 0.0139, ""pressure"": 0.0137, ""swell"": 0.0611}","front,chl",Strong El Nino,2.16,100.0
2026-10-13,outer_banks,302 / 371 / Hidden Bank,offshore,yellowtail,California Yellowtail,pelagic,79.8,64.9,14.9,95.4,71.8,5.8 ft seas,True,73.22,3.7296321428571417,5.7742784,10.7,5.854,0.0819335649033684,,0.801,0.75,0.615,0.87,0.6,0.709,,,1.336,"{""sst"": 0.157, ""season"": 0.0869, ""tide"": 0.0346, ""moon"": 0.0396, ""pressure"": 0.013, ""swell"": 0.0499}","front,chl",Strong El Nino,2.16,100.0
2026-10-13,outer_banks,302 / 371 / Hidden Bank,offshore,white_seabass,White Seabass,pelagic,19.5,52.7,-33.2,23.9,71.8,5.8 ft seas,True,73.22,3.7296321428571417,5.7742784,10.7,5.854,0.0819335649033684,,0.02,0.5,0.544,0.998,0.6,0.625,,,0.866,"{""sst"": -0.7697, ""season"": 0.0, ""tide"": 0.0146, ""moon"": 0.1202, ""pressure"": 0.0119, ""swell"": 0.029}","front,chl",Strong El Nino,2.16,0.0
2026-10-13,outer_banks,302 / 371 / Hidden Bank,offshore,bluefin_tuna,Pacific Bluefin Tuna,tuna,73.2,62.5,10.7,89.7,71.8,5.8 ft seas,True,73.22,3.7296321428571417,5.7742784,10.7,5.854,0.0819335649033684,,0.565,0.8,0.856,0.918,0.6,0.709,,,1.269,"{""sst"": 0.0359, ""season"": 0.0968, ""tide"": 0.0316, ""moon"": 0.0894, ""pressure"": 0.0107, ""swell"": 0.0822}","front,chl",Strong El Nino,2.16,100.0
2026-10-13,outer_banks,302 / 371 / Hidden Bank,offshore,yellowfin_tuna,Yellowfin Tuna,tuna,94.2,63.5,30.7,99.3,71.8,5.8 ft seas,True,73.22,3.7296321428571417,5.7742784,10.7,5.854,0.0819335649033684,,1.0,0.85,0.856,0.87,0.6,0.709,,,1.35,"{""sst"": 0.2997, ""season"": 0.1147, ""tide"": 0.0145, ""moon"": 0.045, ""pressure"": 0.0099, ""swell"": 0.0661}","front,chl",Strong El Nino,2.16,100.0
2026-10-13,outer_banks,302 / 371 / Hidden Bank,offshore,dorado,Dorado (Mahi-Mahi),tuna,94.2,47.1,47.1,99.3,71.8,5.8 ft seas,True,73.22,3.7296321428571417,5.7742784,10.7,5.854,0.0819335649033684,,1.0,0.8,0.856,0.87,0.6,0.709,,,1.35,"{""sst"": 0.3372, ""season"": 0.1016, ""tide"": 0.0145, ""moon"": 0.03, ""pressure"": 0.0099, ""swell"": 0.0566}","front,chl",Strong El Nino,2.16,100.0
2026-10-14,outer_banks,302 / 371 / Hidden Bank,offshore,rockfish,Rockfish Complex,groundfish,52.0,66.6,-14.6,60.7,78.1,workable,True,73.04,3.6296514970059945,4.9868768,12.0,5.216,0.1434931801229401,,1.0,0.85,0.956,0.886,0.6,0.744,,,0.739,"{""sst"": 0.1078, ""season"": 0.0943, ""tide"": 0.1153, ""moon"": 0.0127, ""pressure"": 0.0162, ""swell"": 0.1503}",chl,Strong El Nino,2.16,28.4
2026-10-14,outer_banks,302 / 371 / Hidden Bank,offshore,sheephead,California Sheephead,groundfish,64.1,61.2,2.9,74.7,78.1,workable,True,73.04,3.6296514970059945,4.9868768,12.0,5.216,0.1434931801229401,,1.0,0.85,0.604,0.886,0.6,0.705,,,1.0,"{""sst"": 0.1356, ""season"": 0.0923, ""tide"": 0.0411, ""moon"": 0.0124, ""pressure"": 0.0159, ""swell"": 0.1046}",chl,Strong El Nino,2.16,79.5
2026-10-14,outer_banks,302 / 371 / Hidden Bank,offshore,bonito,Pacific Bonito,pelagic_inshore,94.2,65.5,28.7,98.8,78.1,workable,True,73.04,3.6296514970059945,4.9868768,12.0,5.216,0.1434931801229401,,1.0,0.75,0.821,0.886,0.6,0.778,,,1.327,"{""sst"": 0.2599, ""season"": 0.0912, ""tide"": 0.0619, ""moon"": 0.0143, ""pressure"": 0.0137, ""swell"": 0.0773}","front,chl",Strong El Nino,2.16,100.0
2026-10-14,outer_banks,302 / 371 / Hidden Bank,offshore,yellowtail,California Yellowtail,pelagic,85.2,64.9,20.3,96.1,78.1,workable,True,73.04,3.6296514970059945,4.9868768,12.0,5.216,0.1434931801229401,,0.83,0.75,0.604,0.886,0.6,0.778,,,1.327,"{""sst"": 0.169, ""season"": 0.0869, ""tide"": 0.0315, ""moon"": 0.0409, ""pressure"": 0.013, ""swell"": 0.0631}","front,chl",Strong El Nino,2.16,100.0
2026-10-14,outer_banks,302 / 371 / Hidden Bank,offshore,white_seabass,White Seabass,pelagic,20.9,52.9,-32.0,24.4,78.1,workable,True,73.04,3.6296514970059945,4.9868768,12.0,5.216,0.1434931801229401,,0.02,0.5,0.558,0.979,0.6,0.705,,,0.869,"{""sst"": -0.7697, ""season"": 0.0, ""tide"": 0.0192, ""moon"": 0.1168, ""pressure"": 0.0119, ""swell"": 0.0448}","front,chl",Strong El Nino,2.16,0.0
2026-10-14,outer_banks,302 / 371 / Hidden Bank,offshore,bluefin_tuna,Pacific Bluefin Tuna,tuna,78.6,62.5,16.1,91.5,78.1,workable,True,73.04,3.6296514970059945,4.9868768,12.0,5.216,0.1434931801229401,,0.6,0.8,0.821,0.857,0.6,0.778,,,1.261,"{""sst"": 0.0537, ""season"": 0.0968, ""tide"": 0.0291, ""moon"": 0.0792, ""pressure"": 0.0107, ""swell"": 0.104}","front,chl",Strong El Nino,2.16,100.0
2026-10-14,outer_banks,302 / 371 / Hidden Bank,offshore,yellowfin_tuna,Yellowfin Tuna,tuna,97.0,63.0,34.0,99.5,78.1,workable,True,73.04,3.6296514970059945,4.9868768,12.0,5.216,0.1434931801229401,,1.0,0.85,0.821,0.886,0.6,0.778,,,1.35,"{""sst"": 0.2997, ""season"": 0.1147, ""tide"": 0.0134, ""moon"": 0.0464, ""pressure"": 0.0099, ""swell"": 0.0836}","front,chl",Strong El Nino,2.16,100.0
2026-10-14,outer_banks,302 / 371 / Hidden Bank,offshore,dorado,Dorado (Mahi-Mahi),tuna,96.9,46.2,50.7,99.4,78.1,workable,True,73.04,3.6296514970059945,4.9868768,12.0,5.216,0.1434931801229401,,1.0,0.8,0.821,0.886,0.6,0.778,,,1.35,"{""sst"": 0.3372, ""season"": 0.1016, ""tide"": 0.0134, ""moon"": 0.0309, ""pressure"": 0.0099, ""swell"": 0.0717}","front,chl",Strong El Nino,2.16,100.0
2026-10-15,outer_banks,302 / 371 / Hidden Bank,offshore,rockfish,Rockfish Complex,groundfish,58.3,66.6,-8.3,65.3,83.4,workable,True,72.68,3.3601554216867555,4.265092,12.1,4.498,0.21732990055544216,,1.0,0.85,0.87,0.904,0.85,0.812,,,0.758,"{""sst"": 0.1078, ""season"": 0.0943, ""tide"": 0.0984, ""moon"": 0.0132, ""pressure"": 0.0472, ""swell"": 0.1833}",chl,Strong El Nino,2.16,38.8
2026-10-15,outer_banks,302 / 371 / Hidden Bank,offshore,sheephead,California Sheephead,groundfish,70.8,60.8,10.0,79.3,83.4,workable,True,72.68,3.3601554216867555,4.265092,12.1,4.498,0.21732990055544216,,1.0,0.85,0.601,0.904,0.85,0.779,,,1.0,"{""sst"": 0.1356, ""season"": 0.0923, ""tide"": 0.04, ""moon"": 0.0129, ""pressure"": 0.0461, ""swell"": 0.1349}",chl,Strong El Nino,2.16,100.0
2026-10-15,outer_banks,302 / 371 / Hidden Bank,offshore,bonito,Pacific Bonito,pelagic_inshore,96.7,65.5,31.2,99.0,83.4,workable,True,72.68,3.3601554216867555,4.265092,12.1,4.498,0.21732990055544216,,1.0,0.75,0.782,0.904,0.85,0.841,,,1.302,"{""sst"": 0.2599, ""season"": 0.0912, ""tide"": 0.0559, ""moon"": 0.0148, ""pressure"": 0.0398, ""swell"": 0.091}","front,chl",Strong El Nino,2.16,100.0
2026-10-15,outer_banks,302 / 371 / Hidden Bank,offshore,yellowtail,California Yellowtail,pelagic,92.1,64.9,27.2,97.4,83.4,workable,True,72.68,3.3601554216867555,4.265092,12.1,4.498,0.21732990055544216,,0.889,0.75,0.601,0.904,0.85,0.841,,,1.302,"{""sst"": 0.1918, ""season"": 0.0869, ""tide"": 0.0307, ""moon"": 0.0423, ""pressure"": 0.0379, ""swell"": 0.0743}","front,chl",Strong El Nino,2.16,100.0
2026-10-15,outer_banks,302 / 371 / Hidden Bank,offshore,white_seabass,White Seabass,pelagic,30.8,53.2,-22.4,34.6,83.4,workable,True,72.68,3.3601554216867555,4.265092,12.1,4.498,0.21732990055544216,,0.072,0.5,0.589,0.896,0.85,0.779,,,0.879,"{""sst"": -0.4625, ""season"": 0.0, ""tide"": 0.0284, ""moon"": 0.1014, ""pressure"": 0.0346, ""swell"": 0.0578}","front,chl",Strong El Nino,2.16,0.0
2026-10-15,outer_banks,302 / 371 / Hidden Bank,offshore,bluefin_tuna,Pacific Bluefin Tuna,tuna,85.1,62.5,22.6,94.1,83.4,workable,True,72.68,3.3601554216867555,4.265092,12.1,4.498,0.21732990055544216,,0.671,0.8,0.782,0.783,0.85,0.841,,,1.242,"{""sst"": 0.0864, ""season"": 0.0968, ""tide"": 0.0263, ""moon"": 0.0659, ""pressure"": 0.0312, ""swell"": 0.1224}","front,chl",Strong El Nino,2.16,100.0
2026-10-15,outer_banks,302 / 371 / Hidden Bank,offshore,yellowfin_tuna,Yellowfin Tuna,tuna,98.6,62.5,36.1,99.6,83.4,workable,True,72.68,3.3601554216867555,4.265092,12.1,4.498,0.21732990055544216,,1.0,0.85,0.782,0.904,0.85,0.841,,,1.35,"{""sst"": 0.2997, ""season"": 0.1147, ""tide"": 0.0121, ""moon"": 0.048, ""pressure"": 0.0287, ""swell"": 0.0984}","front,chl",Strong El Nino,2.16,100.0
2026-10-15,outer_banks,302 / 371 / Hidden Bank,offshore,dorado,Dorado (Mahi-Mahi),tuna,98.5,45.2,53.3,99.6,83.4,workable,True,72.68,3.3601554216867555,4.265092,12.1,4.498,0.21732990055544216,,1.0,0.8,0.782,0.904,0.85,0.841,,,1.35,"{""sst"": 0.3372, ""season"": 0.1016, ""tide"": 0.0121, ""moon"": 0.032, ""pressure"": 0.0287, ""swell"": 0.0843}","front,chl",Strong El Nino,2.16,100.0
2026-09-25,pt_loma_kelp,Point Loma Kelp,nearshore,california_halibut,California Halibut,flatfish,25.0,55.7,-30.7,25.0,100.0,workable,False,73.49,3.2586421052631493,3.7401576,9.2,,0.9834832009922474,,0.103,0.65,,0.982,,0.756,,,0.824,"{""sst"": -0.7009, ""season"": 0.0833, ""moon"": 0.0536, ""swell"": 0.0656}","tide,pressure,chl",Strong El Nino,2.16,0.0
2026-09-25,pt_loma_kelp,Point Loma Kelp,nearshore,calico_bass,Calico Bass (Kelp Bass),bass,97.1,68.4,28.7,97.1,100.0,workable,False,73.49,3.2586421052631493,3.7401576,9.2,,0.9834832009922474,,1.0,0.9,,0.854,,0.832,,,1.117,"{""sst"": 0.265, ""season"": 0.1902, ""moon"": 0.0472, ""swell"": 0.105}","tide,pressure,chl",Strong El Nino,2.16,100.0
2026-09-25,pt_loma_kelp,Point Loma Kelp,nearshore,sand_bass,Barred Sand Bass,bass,96.3,65.2,31.1,96.3,100.0,workable,False,73.49,3.2586421052631493,3.7401576,9.2,,0.9834832009922474,,1.0,0.7,,0.854,,0.832,,,1.176,"{""sst"": 0.2971, ""season"": 0.1154, ""moon"": 0.0459, ""swell"": 0.0728}","tide,pressure,chl",Strong El Nino,2.16,100.0
2026-09-25,pt_loma_kelp,Point Loma Kelp,nearshore,rockfish,Rockfish Complex,groundfish,59.7,66.6,-6.9,59.7,100.0,workable,False,73.49,3.2586421052631493,3.7401576,9.2,,0.9834832009922474,,0.512,0.9,,0.854,,0.862,,,0.765,"{""sst"": 0.0051, ""season"": 0.1425, ""moon"": 0.0162, ""swell"": 0.2805}","tide,pressure,chl",Strong El Nino,2.16,12.8
2026-09-25,pt_loma_kelp,Point Loma Kelp,nearshore,sheephead,California Sheephead,groundfish,90.6,67.6,23.0,90.6,100.0,workable,False,73.49,3.2586421052631493,3.7401576,9.2,,0.9834832009922474,,1.0,0.95,,0.854,,0.832,,,1.0,"{""sst"": 0.1949, ""season"": 0.1605, ""moon"": 0.0167, ""swell"": 0.223}","tide,pressure,chl",Strong El Nino,2.16,100.0
2026-09-25,pt_loma_kelp,Point Loma Kelp,nearshore,barracuda,California Barracuda,pelagic_inshore,93.6,67.0,26.6,93.6,100.0,workable,False,73.49,3.2586421052631493,3.7401576,9.2,,0.9834832009922474,,0.757,0.85,,0.854,,0.832,,,1.176,"{""sst"": 0.1883, ""season"": 0.1608, ""moon"": 0.0325, ""swell"": 0.0927}","tide,pressure,front,chl",Strong El Nino,2.16,100.0
2026-09-25,pt_loma_kelp,Point Loma Kelp,nearshore,bonito,Pacific Bonito,pelagic_inshore,99.7,68.4,31.3,99.7,100.0,workable,False,73.49,3.2586421052631493,3.7401576,9.2,,0.9834832009922474,,1.0,0.95,,0.854,,0.887,,,1.293,"{""sst"": 0.3249, ""season"": 0.1805, ""moon"": 0.0167, ""swell"": 0.1254}","tide,pressure,front,chl",Strong El Nino,2.16,100.0
2026-09-25,pt_loma_kelp,Point Loma Kelp,nearshore,yellowtail,California Yellowtail,pelagic,98.2,67.1,31.1,98.2,100.0,workable,False,73.49,3.2586421052631493,3.7401576,9.2,,0.9834832009922474,,0.757,0.9,,0.854,,0.887,,,1.293,"{""sst"": 0.1812, ""season"": 0.1653, ""moon"": 0.0502, ""swell"": 0.1075}","tide,pressure,front,chl",Strong El Nino,2.16,100.0
2026-09-25,pt_loma_kelp,Point Loma Kelp,nearshore,white_seabass,White Seabass,pelagic,16.6,51.2,-34.6,16.6,100.0,workable,False,73.49,3.2586421052631493,3.7401576,9.2,,0.9834832009922474,,0.02,0.55,,0.351,,0.832,,,0.883,"{""sst"": -1.0116, ""season"": 0.0272, ""moon"": -0.0812, ""swell"": 0.0874}","tide,pressure,front,chl",Strong El Nino,2.16,0.0
2026-09-26,pt_loma_kelp,Point Loma Kelp,nearshore,california_halibut,California Halibut,flatfish,24.4,56.1,-31.7,24.4,100.0,workable,False,73.67,3.5343732558139607,4.265092,7.8,,0.9995517538836435,,0.074,0.65,,1.0,1.0,0.692,,,0.809,"{""sst"": -0.754, ""season"": 0.0739, ""moon"": 0.0488, ""pressure"": 0.0781, ""swell"": 0.0457}","tide,chl",Strong El Nino,2.16,0.0
2026-09-26,pt_loma_kelp,Point Loma Kelp,nearshore,calico_bass,Calico Bass (Kelp Bass),bass,97.3,68.4,28.9,97.3,100.0,workable,False,73.67,3.5343732558139607,4.265092,7.8,,0.9995517538836435,,1.0,0.9,,0.85,1.0,0.779,,,1.127,"{""sst"": 0.2371, ""season"": 0.1701, ""moon"": 0.0419, ""pressure"": 0.073, ""swell"": 0.0816}","tide,chl",Strong El Nino,2.16,100.0
2026-09-26,pt_loma_kelp,Point Loma Kelp,nearshore,sand_bass,Barred Sand Bass,bass,97.0,65.2,31.8,97.0,100.0,workable,False,73.67,3.5343732558139607,4.265092,7.8,,0.9995517538836435,,1.0,0.7,,0.85,1.0,0.779,,,1.191,"{""sst"": 0.2666, ""season"": 0.1035, ""moon"": 0.0408, ""pressure"": 0.0711, ""swell"": 0.0568}","tide,chl",Strong El Nino,2.16,100.0
2026-09-26,pt_loma_kelp,Point Loma Kelp,nearshore,rockfish,Rockfish Complex,groundfish,57.6,66.7,-9.1,57.6,100.0,workable,False,73.67,3.5343732558139607,4.265092,7.8,,0.9995517538836435,,0.49,0.9,,0.85,1.0,0.812,,,0.746,"{""sst"": -0.0037, ""season"": 0.1271, ""moon"": 0.0143, ""pressure"": 0.0749, ""swell"": 0.223}","tide,chl",Strong El Nino,2.16,0.0
2026-09-26,pt_loma_kelp,Point Loma Kelp,nearshore,sheephead,California Sheephead,groundfish,89.3,67.6,21.7,89.3,100.0,workable,False,73.67,3.5343732558139607,4.265092,7.8,,0.9995517538836435,,1.0,0.95,,0.85,1.0,0.779,,,1.0,"{""sst"": 0.1733, ""season"": 0.1426, ""moon"": 0.0147, ""pressure"": 0.077, ""swell"": 0.1724}","tide,chl",Strong El Nino,2.16,100.0
2026-09-26,pt_loma_kelp,Point Loma Kelp,nearshore,barracuda,California Barracuda,pelagic_inshore,93.8,67.0,26.8,93.8,100.0,workable,False,73.67,3.5343732558139607,4.265092,7.8,,0.9995517538836435,,0.727,0.85,,0.85,1.0,0.779,,,1.191,"{""sst"": 0.1561, ""season"": 0.1474, ""moon"": 0.0295, ""pressure"": 0.0578, ""swell"": 0.0739}","tide,front,chl",Strong El Nino,2.16,100.0
2026-09-26,pt_loma_kelp,Point Loma Kelp,nearshore,bonito,Pacific Bonito,pelagic_inshore,99.7,68.4,31.3,99.7,100.0,workable,False,73.67,3.5343732558139607,4.265092,7.8,,0.9995517538836435,,1.0,0.95,,0.85,1.0,0.841,,,1.318,"{""sst"": 0.2971, ""season"": 0.165, ""moon"": 0.0152, ""pressure"": 0.0594, ""swell"": 0.104}","tide,front,chl",Strong El Nino,2.16,100.0
2026-09-26,pt_loma_kelp,Point Loma Kelp,nearshore,yellowtail,California Yellowtail,pelagic,98.4,67.1,31.3,98.4,100.0,workable,False,73.67,3.5343732558139607,4.265092,7.8,,0.9995517538836435,,0.727,0.9,,0.85,1.0,0.841,,,1.318,"{""sst"": 0.1499, ""season"": 0.1511, ""moon"": 0.0455, ""pressure"": 0.0594, ""swell"": 0.0892}","tide,front,chl",Strong El Nino,2.16,100.0
2026-09-26,pt_loma_kelp,Point Loma Kelp,nearshore,white_seabass,White Seabass,pelagic,18.5,51.5,-33.0,18.5,100.0,workable,False,73.67,3.5343732558139607,4.265092,7.8,,0.9995517538836435,,0.02,0.55,,0.35,1.0,0.779,,,0.873,"{""sst"": -0.9318, ""season"": 0.0251, ""moon"": -0.075, ""pressure"": 0.0547, ""swell"": 0.07}","tide,front,chl",Strong El Nino,2.16,0.0
2026-09-27,pt_loma_kelp,Point Loma Kelp,nearshore,california_halibut,California Halibut,flatfish,43.6,56.4,-12.8,44.0,98.3,workable,False,72.32900000000001,2.281963005780355,4.7244095999999995,4.9,,0.9921059368700724,,0.293,0.65,,0.991,0.85,0.635,,,0.877,"{""sst"": -0.2109, ""season"": 0.0739, ""moon"": 0.0482, ""pressure"": 0.0598, ""swell"": 0.0338}","tide,chl",Strong El Nino,2.16,0.0
2026-09-27,pt_loma_kelp,Point Loma Kelp,nearshore,calico_bass,Calico Bass (Kelp Bass),bass,94.0,68.3,25.7,94.6,98.3,workable,False,72.32900000000001,2.281963005780355,4.7244095999999995,4.9,,0.9921059368700724,,1.0,0.9,,0.852,0.85,0.732,,,1.082,"{""sst"": 0.2371, ""season"": 0.1701, ""moon"": 0.0421, ""pressure"": 0.0559, ""swell"": 0.0702}","tide,chl",Strong El Nino,2.16,100.0
2026-09-27,pt_loma_kelp,Point Loma Kelp,nearshore,sand_bass,Barred Sand Bass,bass,92.5,65.2,27.3,93.3,98.3,workable,False,72.32900000000001,2.281963005780355,4.7244095999999995,4.9,,0.9921059368700724,,1.0,0.7,,0.852,0.85,0.732,,,1.123,"{""sst"": 0.2666, ""season"": 0.1035, ""moon"": 0.041, ""pressure"": 0.0544, ""swell"": 0.0489}","tide,chl",Strong El Nino,2.16,100.0
2026-09-27,pt_loma_kelp,Point Loma Kelp,nearshore,rockfish,Rockfish Complex,groundfish,64.7,66.8,-2.1,65.4,98.3,workable,False,72.32900000000001,2.281963005780355,4.7244095999999995,4.9,,0.9921059368700724,,0.654,0.9,,0.852,0.85,0.769,,,0.836,"{""sst"": 0.0509, ""season"": 0.1271, ""moon"": 0.0144, ""pressure"": 0.0574, ""swell"": 0.1978}","tide,chl",Strong El Nino,2.16,51.9
2026-09-27,pt_loma_kelp,Point Loma Kelp,nearshore,sheephead,California Sheephead,groundfish,84.7,67.5,17.2,85.6,98.3,workable,False,72.32900000000001,2.281963005780355,4.7244095999999995,4.9,,0.9921059368700724,,1.0,0.95,,0.852,0.85,0.732,,,1.0,"{""sst"": 0.1733, ""season"": 0.1426, ""moon"": 0.0148, ""pressure"": 0.059, ""swell"": 0.1482}","tide,chl",Strong El Nino,2.16,100.0
2026-09-27,pt_loma_kelp,Point Loma Kelp,nearshore,barracuda,California Barracuda,pelagic_inshore,94.7,67.0,27.7,95.2,98.3,workable,False,72.32900000000001,2.281963005780355,4.7244095999999995,4.9,,0.9921059368700724,,0.946,0.85,,0.852,0.85,0.732,,,1.123,"{""sst"": 0.2658, ""season"": 0.1474, ""moon"": 0.0296, ""pressure"": 0.0442, ""swell"": 0.0635}","tide,front,chl",Strong El Nino,2.16,100.0
2026-09-27,pt_loma_kelp,Point Loma Kelp,nearshore,bonito,Pacific Bonito,pelagic_inshore,98.7,68.4,30.3,98.9,98.3,workable,False,72.32900000000001,2.281963005780355,4.7244095999999995,4.9,,0.9921059368700724,,1.0,0.95,,0.852,0.85,0.801,,,1.205,"{""sst"": 0.2971, ""season"": 0.165, ""moon"": 0.0152, ""pressure"": 0.0455, ""swell"": 0.0942}","tide,front,chl",Strong El Nino,2.16,100.0
2026-09-27,pt_loma_kelp,Point Loma Kelp,nearshore,yellowtail,California Yellowtail,pelagic,98.0,67.1,30.9,98.3,98.3,workable,False,72.32900000000001,2.281963005780355,4.7244095999999995,4.9,,0.9921059368700724,,0.946,0.9,,0.852,0.85,0.801,,,1.205,"{""sst"": 0.2552, ""season"": 0.1511, ""moon"": 0.0457, ""pressure"": 0.0455, ""swell"": 0.0808}","tide,front,chl",Strong El Nino,2.16,100.0
2026-09-27,pt_loma_kelp,Point Loma Kelp,nearshore,white_seabass,White Seabass,pelagic,32.3,51.8,-19.5,32.7,98.3,workable,False,72.32900000000001,2.281963005780355,4.7244095999999995,4.9,,0.9921059368700724,,0.13,0.55,,0.35,0.85,0.732,,,0.918,"{""sst"": -0.3908, ""season"": 0.0251, ""moon"": -0.0751, ""pressure"": 0.0419, ""swell"": 0.0602}","tide,front,chl",Strong El Nino,2.16,0.0
2026-09-28,pt_loma_kelp,Point Loma Kelp,nearshore,california_halibut,California Halibut,flatfish,48.5,56.7,-8.2,50.2,94.8,5.2 ft seas,False,71.807,1.8336103448275907,5.1837272,8.5,,0.9600738604541995,,0.378,0.65,,0.956,1.0,0.579,,,0.901,"{""sst"": -0.1101, ""season"": 0.0739, ""moon"": 0.0457, ""pressure"": 0.0781, ""swell"": 0.0207}","tide,chl",Strong El Nino,2.16,2.7
2026-09-28,pt_loma_kelp,Point Loma Kelp,nearshore,calico_bass,Calico Bass (Kelp Bass),bass,91.9,68.3,23.6,94.1,94.8,5.2 ft seas,False,71.807,1.8336103448275907,5.1837272,8.5,,0.9600738604541995,,1.0,0.9,,0.86,1.0,0.685,,,1.066,"{""sst"": 0.2371, ""season"": 0.1701, ""moon"": 0.0428, ""pressure"": 0.073, ""swell"": 0.058}","tide,chl",Strong El Nino,2.16,100.0
2026-09-28,pt_loma_kelp,Point Loma Kelp,nearshore,sand_bass,Barred Sand Bass,bass,89.6,65.1,24.5,92.4,94.8,5.2 ft seas,False,71.807,1.8336103448275907,5.1837272,8.5,,0.9600738604541995,,1.0,0.7,,0.86,1.0,0.685,,,1.099,"{""sst"": 0.2666, ""season"": 0.1035, ""moon"": 0.0417, ""pressure"": 0.0711, ""swell"": 0.0404}","tide,chl",Strong El Nino,2.16,100.0
2026-09-28,pt_loma_kelp,Point Loma Kelp,nearshore,rockfish,Rockfish Complex,groundfish,66.2,66.8,-0.6,68.5,94.8,5.2 ft seas,False,71.807,1.8336103448275907,5.1837272,8.5,,0.9600738604541995,,0.718,0.9,,0.86,1.0,0.726,,,0.868,"{""sst"": 0.0686, ""season"": 0.1271, ""moon"": 0.0147, ""pressure"": 0.0749, ""swell"": 0.1712}","tide,chl",Strong El Nino,2.16,64.5
2026-09-28,pt_loma_kelp,Point Loma Kelp,nearshore,sheephead,California Sheephead,groundfish,82.1,67.5,14.6,85.0,94.8,5.2 ft seas,False,71.807,1.8336103448275907,5.1837272,8.5,,0.9600738604541995,,1.0,0.95,,0.86,1.0,0.685,,,1.0,"{""sst"": 0.1733, ""season"": 0.1426, ""moon"": 0.0151, ""pressure"": 0.077, ""swell"": 0.1224}","tide,chl",Strong El Nino,2.16,100.0
2026-09-28,pt_loma_kelp,Point Loma Kelp,nearshore,barracuda,California Barracuda,pelagic_inshore,93.6,67.0,26.6,95.4,94.8,5.2 ft seas,False,71.807,1.8336103448275907,5.1837272,8.5,,0.9600738604541995,,1.0,0.85,,0.86,1.0,0.685,,,1.099,"{""sst"": 0.2888, ""season"": 0.1474, ""moon"": 0.0301, ""pressure"": 0.0578, ""swell"": 0.0525}","tide,front,chl",Strong El Nino,2.16,100.0
2026-09-28,pt_loma_kelp,Point Loma Kelp,nearshore,bonito,Pacific Bonito,pelagic_inshore,97.7,68.4,29.3,98.4,94.8,5.2 ft seas,False,71.807,1.8336103448275907,5.1837272,8.5,,0.9600738604541995,,1.0,0.95,,0.86,1.0,0.761,,,1.165,"{""sst"": 0.2971, ""season"": 0.165, ""moon"": 0.0155, ""pressure"": 0.0594, ""swell"": 0.0839}","tide,front,chl",Strong El Nino,2.16,100.0
2026-09-28,pt_loma_kelp,Point Loma Kelp,nearshore,yellowtail,California Yellowtail,pelagic,97.3,67.1,30.2,98.1,94.8,5.2 ft seas,False,71.807,1.8336103448275907,5.1837272,8.5,,0.9600738604541995,,1.0,0.9,,0.86,1.0,0.761,,,1.165,"{""sst"": 0.2773, ""season"": 0.1511, ""moon"": 0.0465, ""pressure"": 0.0594, ""swell"": 0.0719}","tide,front,chl",Strong El Nino,2.16,100.0
2026-09-28,pt_loma_kelp,Point Loma Kelp,nearshore,white_seabass,White Seabass,pelagic,37.3,52.1,-14.8,38.6,94.8,5.2 ft seas,False,71.807,1.8336103448275907,5.1837272,8.5,,0.9600738604541995,,0.215,0.55,,0.35,1.0,0.685,,,0.934,"{""sst"": -0.2445, ""season"": 0.0251, ""moon"": -0.0751, ""pressure"": 0.0547, ""swell"": 0.0497}","tide,front,chl",Strong El Nino,2.16,0.0
2026-09-29,pt_loma_kelp,Point Loma Kelp,nearshore,california_halibut,California Halibut,flatfish,46.1,57.0,-10.9,49.2,90.4,5.8 ft seas,False,71.7746,1.87765714285716,5.7742784,8.2,,0.9040301216596538,,0.383,0.65,,0.894,1.0,0.507,,,0.899,"{""sst"": -0.1046, ""season"": 0.0739, ""moon"": 0.041, ""pressure"": 0.0781, ""swell"": 0.0019}","tide,chl",Strong El Nino,2.16,0.8
2026-09-29,pt_loma_kelp,Point Loma Kelp,nearshore,calico_bass,Calico Bass (Kelp Bass),bass,88.1,68.3,19.8,93.3,90.4,5.8 ft seas,False,71.7746,1.87765714285716,5.7742784,8.2,,0.9040301216596538,,1.0,0.9,,0.874,1.0,0.625,,,1.068,"{""sst"": 0.2371, ""season"": 0.1701, ""moon"": 0.0441, ""pressure"": 0.073, ""swell"": 0.041}","tide,chl",Strong El Nino,2.16,100.0
2026-09-29,pt_loma_kelp,Point Loma Kelp,nearshore,sand_bass,Barred Sand Bass,bass,86.2,65.1,21.1,91.8,90.4,5.8 ft seas,False,71.7746,1.87765714285716,5.7742784,8.2,,0.9040301216596538,,1.0,0.7,,0.874,1.0,0.625,,,1.101,"{""sst"": 0.2666, ""season"": 0.1035, ""moon"": 0.043, ""pressure"": 0.0711, ""swell"": 0.0285}","tide,chl",Strong El Nino,2.16,100.0
2026-09-29,pt_loma_kelp,Point Loma Kelp,nearshore,rockfish,Rockfish Complex,groundfish,61.8,66.8,-5.0,65.9,90.4,5.8 ft seas,False,71.7746,1.87765714285716,5.7742784,8.2,,0.9040301216596538,,0.722,0.9,,0.874,1.0,0.67,,,0.865,"{""sst"": 0.0696, ""season"": 0.1271, ""moon"": 0.0151, ""pressure"": 0.0749, ""swell"": 0.1345}","tide,chl",Strong El Nino,2.16,29.5
2026-09-29,pt_loma_kelp,Point Loma Kelp,nearshore,sheephead,California Sheephead,groundfish,76.9,67.4,9.5,82.0,90.4,5.8 ft seas,False,71.7746,1.87765714285716,5.7742784,8.2,,0.9040301216596538,,1.0,0.95,,0.874,1.0,0.625,,,1.0,"{""sst"": 0.1733, ""season"": 0.1426, ""moon"": 0.0155, ""pressure"": 0.077, ""swell"": 0.0866}","tide,chl",Strong El Nino,2.16,100.0
2026-09-29,pt_loma_kelp,Point Loma Kelp,nearshore,barracuda,California Barracuda,pelagic_inshore,90.6,67.0,23.6,94.8,90.4,5.8 ft seas,False,71.7746,1.87765714285716,5.7742784,8.2,,0.9040301216596538,,1.0,0.85,,0.874,1.0,0.625,,,1.101,"{""sst"": 0.2888, ""season"": 0.1474, ""moon"": 0.031, ""pressure"": 0.0578, ""swell"": 0.0371}","tide,front,chl",Strong El Nino,2.16,100.0
2026-09-29,pt_loma_kelp,Point Loma Kelp,nearshore,bonito,Pacific Bonito,pelagic_inshore,96.5,68.4,28.1,98.2,90.4,5.8 ft seas,False,71.7746,1.87765714285716,5.7742784,8.2,,0.9040301216596538,,1.0,0.95,,0.874,1.0,0.709,,,1.169,"{""sst"": 0.2971, ""season"": 0.165, ""moon"": 0.016, ""pressure"": 0.0594, ""swell"": 0.0698}","tide,front,chl",Strong El Nino,2.16,100.0
2026-09-29,pt_loma_kelp,Point Loma Kelp,nearshore,yellowtail,California Yellowtail,pelagic,96.1,67.1,29.0,98.0,90.4,5.8 ft seas,False,71.7746,1.87765714285716,5.7742784,8.2,,0.9040301216596538,,1.0,0.9,,0.874,1.0,0.709,,,1.169,"{""sst"": 0.2773, ""season"": 0.1511, ""moon"": 0.0479, ""pressure"": 0.0594, ""swell"": 0.0599}","tide,front,chl",Strong El Nino,2.16,100.0
2026-09-29,pt_loma_kelp,Point Loma Kelp,nearshore,white_seabass,White Seabass,pelagic,35.9,52.3,-16.4,38.3,90.4,5.8 ft seas,False,71.7746,1.87765714285716,5.7742784,8.2,,0.9040301216596538,,0.22,0.55,,0.35,1.0,0.625,,,0.932,"{""sst"": -0.2375, ""season"": 0.0251, ""moon"": -0.0751, ""pressure"": 0.0547, ""swell"": 0.0351}","tide,front,chl",Strong El Nino,2.16,0.0
2026-09-30,pt_loma_kelp,Point Loma Kelp,nearshore,california_halibut,California Halibut,flatfish,49.7,57.2,-7.5,49.7,100.0,workable,False,71.6234,1.7917772727272734,4.1994752,8.3,,0.8263179887803223,,0.408,0.65,,0.809,0.6,0.7,,,0.903,"{""sst"": -0.08, ""season"": 0.0739, ""moon"": 0.0339, ""pressure"": 0.0205, ""swell"": 0.0473}","tide,chl",Strong El Nino,2.16,10.1
2026-09-30,pt_loma_kelp,Point Loma Kelp,nearshore,calico_bass,Calico Bass (Kelp Bass),bass,92.4,68.3,24.1,92.4,100.0,workable,False,71.6234,1.7917772727272734,4.1994752,8.3,,0.8263179887803223,,1.0,0.9,,0.893,0.6,0.786,,,1.065,"{""sst"": 0.2371, ""season"": 0.1701, ""moon"": 0.0458, ""pressure"": 0.0192, ""swell"": 0.0832}","tide,chl",Strong El Nino,2.16,100.0
2026-09-30,pt_loma_kelp,Point Loma Kelp,nearshore,sand_bass,Barred Sand Bass,bass,89.6,65.1,24.5,89.6,100.0,workable,False,71.6234,1.7917772727272734,4.1994752,8.3,,0.8263179887803223,,1.0,0.7,,0.893,0.6,0.786,,,1.097,"{""sst"": 0.2666, ""season"": 0.1035, ""moon"": 0.0446, ""pressure"": 0.0187, ""swell"": 0.0579}","tide,chl",Strong El Nino,2.16,100.0
2026-09-30,pt_loma_kelp,Point Loma Kelp,nearshore,rockfish,Rockfish Complex,groundfish,69.2,66.9,2.3,69.2,100.0,workable,False,71.6234,1.7917772727272734,4.1994752,8.3,,0.8263179887803223,,0.741,0.9,,0.893,0.6,0.819,,,0.871,"{""sst"": 0.0744, ""season"": 0.1271, ""moon"": 0.0157, ""pressure"": 0.0197, ""swell"": 0.2265}","tide,chl",Strong El Nino,2.16,100.0
2026-09-30,pt_loma_kelp,Point Loma Kelp,nearshore,sheephead,California Sheephead,groundfish,84.8,67.4,17.4,84.8,100.0,workable,False,71.6234,1.7917772727272734,4.1994752,8.3,,0.8263179887803223,,1.0,0.95,,0.893,0.6,0.786,,,1.0,"{""sst"": 0.1733, ""season"": 0.1426, ""moon"": 0.0161, ""pressure"": 0.0203, ""swell"": 0.1757}","tide,chl",Strong El Nino,2.16,100.0
2026-09-30,pt_loma_kelp,Point Loma Kelp,nearshore,barracuda,California Barracuda,pelagic_inshore,94.5,67.0,27.5,94.5,100.0,workable,False,71.6234,1.7917772727272734,4.1994752,8.3,,0.8263179887803223,,1.0,0.85,,0.893,0.6,0.786,,,1.097,"{""sst"": 0.2888, ""season"": 0.1474, ""moon"": 0.0322, ""pressure"": 0.0152, ""swell"": 0.0753}","tide,front,chl",Strong El Nino,2.16,100.0
2026-09-30,pt_loma_kelp,Point Loma Kelp,nearshore,bonito,Pacific Bonito,pelagic_inshore,97.9,68.4,29.5,97.9,100.0,workable,False,71.6234,1.7917772727272734,4.1994752,8.3,,0.8263179887803223,,1.0,0.95,,0.893,0.6,0.847,,,1.161,"{""sst"": 0.2971, ""season"": 0.165, ""moon"": 0.0166, ""pressure"": 0.0156, ""swell"": 0.1054}","tide,front,chl",Strong El Nino,2.16,100.0
2026-09-30,pt_loma_kelp,Point Loma Kelp,nearshore,yellowtail,California Yellowtail,pelagic,97.6,67.1,30.5,97.6,100.0,workable,False,71.6234,1.7917772727272734,4.1994752,8.3,,0.8263179887803223,,1.0,0.9,,0.893,0.6,0.847,,,1.161,"{""sst"": 0.2773, ""season"": 0.1511, ""moon"": 0.0498, ""pressure"": 0.0156, ""swell"": 0.0903}","tide,front,chl",Strong El Nino,2.16,100.0
2026-09-30,pt_loma_kelp,Point Loma Kelp,nearshore,white_seabass,White Seabass,pelagic,39.4,52.6,-13.2,39.4,100.0,workable,False,71.6234,1.7917772727272734,4.1994752,8.3,,0.8263179887803223,,0.245,0.55,,0.35,0.6,0.786,,,0.935,"{""sst"": -0.2067, ""season"": 0.0251, ""moon"": -0.0751, ""pressure"": 0.0144, ""swell"": 0.0713}","tide,front,chl",Strong El Nino,2.16,0.0
2026-10-01,pt_loma_kelp,Point Loma Kelp,nearshore,california_halibut,California Halibut,flatfish,43.6,54.5,-10.9,43.6,100.0,workable,False,71.8754,2.0986271186440746,3.6745408000000004,9.5,,0.7309239695760712,,0.367,0.5,,0.704,0.6,0.764,,,0.887,"{""sst"": -0.1219, ""season"": 0.0, ""moon"": 0.0241, ""pressure"": 0.0205, ""swell"": 0.0597}","tide,chl",Strong El Nino,2.16,0.0
2026-10-01,pt_loma_kelp,Point Loma Kelp,nearshore,calico_bass,Calico Bass (Kelp Bass),bass,88.4,64.6,23.8,88.4,100.0,workable,False,71.8754,2.0986271186440746,3.6745408000000004,9.5,,0.7309239695760712,,1.0,0.7,,0.917,0.6,0.839,,,1.076,"{""sst"": 0.2371, ""season"": 0.0974, ""moon"": 0.0479, ""pressure"": 0.0192, ""swell"": 0.0954}","tide,chl",Strong El Nino,2.16,100.0
2026-10-01,pt_loma_kelp,Point Loma Kelp,nearshore,sand_bass,Barred Sand Bass,bass,82.9,60.1,22.8,82.9,100.0,workable,False,71.8754,2.0986271186440746,3.6745408000000004,9.5,,0.7309239695760712,,1.0,0.5,,0.917,0.6,0.839,,,1.113,"{""sst"": 0.2666, ""season"": 0.0, ""moon"": 0.0467, ""pressure"": 0.0187, ""swell"": 0.0664}","tide,chl",Strong El Nino,2.16,100.0
2026-10-01,pt_loma_kelp,Point Loma Kelp,nearshore,rockfish,Rockfish Complex,groundfish,68.0,66.4,1.6,68.0,100.0,workable,False,71.8754,2.0986271186440746,3.6745408000000004,9.5,,0.7309239695760712,,0.71,0.85,,0.917,0.6,0.868,,,0.849,"{""sst"": 0.0664, ""season"": 0.1147, ""moon"": 0.0164, ""pressure"": 0.0197, ""swell"": 0.2534}","tide,chl",Strong El Nino,2.16,89.1
2026-10-01,pt_loma_kelp,Point Loma Kelp,nearshore,sheephead,California Sheephead,groundfish,84.9,66.3,18.6,84.9,100.0,workable,False,71.8754,2.0986271186440746,3.6745408000000004,9.5,,0.7309239695760712,,1.0,0.85,,0.917,0.6,0.839,,,1.0,"{""sst"": 0.1733, ""season"": 0.1179, ""moon"": 0.0169, ""pressure"": 0.0203, ""swell"": 0.2014}","tide,chl",Strong El Nino,2.16,100.0
2026-10-01,pt_loma_kelp,Point Loma Kelp,nearshore,barracuda,California Barracuda,pelagic_inshore,89.5,62.5,27.0,89.5,100.0,workable,False,71.8754,2.0986271186440746,3.6745408000000004,9.5,,0.7309239695760712,,1.0,0.6,,0.917,0.6,0.839,,,1.113,"{""sst"": 0.2888, ""season"": 0.0506, ""moon"": 0.0337, ""pressure"": 0.0152, ""swell"": 0.0863}","tide,front,chl",Strong El Nino,2.16,100.0
2026-10-01,pt_loma_kelp,Point Loma Kelp,nearshore,bonito,Pacific Bonito,pelagic_inshore,97.3,65.5,31.8,97.3,100.0,workable,False,71.8754,2.0986271186440746,3.6745408000000004,9.5,,0.7309239695760712,,1.0,0.75,,0.917,0.6,0.893,,,1.189,"{""sst"": 0.2971, ""season"": 0.1043, ""moon"": 0.0173, ""pressure"": 0.0156, ""swell"": 0.1159}","tide,front,chl",Strong El Nino,2.16,100.0
2026-10-01,pt_loma_kelp,Point Loma Kelp,nearshore,yellowtail,California Yellowtail,pelagic,97.2,64.9,32.3,97.2,100.0,workable,False,71.8754,2.0986271186440746,3.6745408000000004,9.5,,0.7309239695760712,,1.0,0.75,,0.917,0.6,0.893,,,1.189,"{""sst"": 0.2773, ""season"": 0.1043, ""moon"": 0.052, ""pressure"": 0.0156, ""swell"": 0.0994}","tide,front,chl",Strong El Nino,2.16,100.0
2026-10-01,pt_loma_kelp,Point Loma Kelp,nearshore,white_seabass,White Seabass,pelagic,36.4,51.8,-15.4,36.4,100.0,workable,False,71.8754,2.0986271186440746,3.6745408000000004,9.5,,0.7309239695760712,,0.204,0.5,,0.35,0.6,0.839,,,0.924,"{""sst"": -0.26, ""season"": 0.0, ""moon"": -0.075, ""pressure"": 0.0144, ""swell"": 0.0818}","tide,front,chl",Strong El Nino,2.16,0.0
2026-10-02,pt_loma_kelp,Point Loma Kelp,nearshore,california_halibut,California Halibut,flatfish,43.8,54.7,-10.9,43.8,100.0,workable,False,71.951,2.247477966101684,3.6089240000000005,10.7,,0.6231352998941142,,0.355,0.5,,0.585,0.85,0.772,,,0.879,"{""sst"": -0.1354, ""season"": 0.0, ""moon"": 0.0111, ""pressure"": 0.0598, ""swell"": 0.0612}","tide,chl",Strong El Nino,2.16,0.0
2026-10-02,pt_loma_kelp,Point Loma Kelp,nearshore,calico_bass,Calico Bass (Kelp Bass),bass,92.2,64.6,27.6,92.2,100.0,workable,False,71.951,2.247477966101684,3.6089240000000005,10.7,,0.6231352998941142,,1.0,0.7,,0.944,0.85,0.846,,,1.081,"{""sst"": 0.2371, ""season"": 0.0974, ""moon"": 0.0502, ""pressure"": 0.0559, ""swell"": 0.0968}","tide,chl",Strong El Nino,2.16,100.0
2026-10-02,pt_loma_kelp,Point Loma Kelp,nearshore,sand_bass,Barred Sand Bass,bass,86.8,60.1,26.7,86.8,100.0,workable,False,71.951,2.247477966101684,3.6089240000000005,10.7,,0.6231352998941142,,1.0,0.5,,0.944,0.85,0.846,,,1.121,"{""sst"": 0.2666, ""season"": 0.0, ""moon"": 0.0489, ""pressure"": 0.0544, ""swell"": 0.0674}","tide,chl",Strong El Nino,2.16,100.0
2026-10-02,pt_loma_kelp,Point Loma Kelp,nearshore,rockfish,Rockfish Complex,groundfish,69.8,66.4,3.4,69.8,100.0,workable,False,71.951,2.247477966101684,3.6089240000000005,10.7,,0.6231352998941142,,0.701,0.85,,0.944,0.85,0.874,,,0.838,"{""sst"": 0.0639, ""season"": 0.1147, ""moon"": 0.0172, ""pressure"": 0.0574, ""swell"": 0.2567}","tide,chl",Strong El Nino,2.16,100.0
2026-10-02,pt_loma_kelp,Point Loma Kelp,nearshore,sheephead,California Sheephead,groundfish,88.6,66.2,22.4,88.6,100.0,workable,False,71.951,2.247477966101684,3.6089240000000005,10.7,,0.6231352998941142,,1.0,0.85,,0.944,0.85,0.846,,,1.0,"{""sst"": 0.1733, ""season"": 0.1179, ""moon"": 0.0177, ""pressure"": 0.059, ""swell"": 0.2045}","tide,chl",Strong El Nino,2.16,100.0
2026-10-02,pt_loma_kelp,Point Loma Kelp,nearshore,barracuda,California Barracuda,pelagic_inshore,92.6,62.4,30.2,92.6,100.0,workable,False,71.951,2.247477966101684,3.6089240000000005,10.7,,0.6231352998941142,,1.0,0.6,,0.944,0.85,0.846,,,1.121,"{""sst"": 0.2888, ""season"": 0.0506, ""moon"": 0.0353, ""pressure"": 0.0442, ""swell"": 0.0876}","tide,front,chl",Strong El Nino,2.16,100.0
2026-10-02,pt_loma_kelp,Point Loma Kelp,nearshore,bonito,Pacific Bonito,pelagic_inshore,98.3,65.5,32.8,98.3,100.0,workable,False,71.951,2.247477966101684,3.6089240000000005,10.7,,0.6231352998941142,,1.0,0.75,,0.944,0.85,0.899,,,1.202,"{""sst"": 0.2971, ""season"": 0.1043, ""moon"": 0.0182, ""pressure"": 0.0455, ""swell"": 0.1172}","tide,front,chl",Strong El Nino,2.16,100.0
2026-10-02,pt_loma_kelp,Point Loma Kelp,nearshore,yellowtail,California Yellowtail,pelagic,98.3,64.9,33.4,98.3,100.0,workable,False,71.951,2.247477966101684,3.6089240000000005,10.7,,0.6231352998941142,,1.0,0.75,,0.944,0.85,0.899,,,1.202,"{""sst"": 0.2773, ""season"": 0.1043, ""moon"": 0.0545, ""pressure"": 0.0455, ""swell"": 0.1005}","tide,front,chl",Strong El Nino,2.16,100.0
2026-10-02,pt_loma_kelp,Point Loma Kelp,nearshore,white_seabass,White Seabass,pelagic,36.6,52.0,-15.4,36.6,100.0,workable,False,71.951,2.247477966101684,3.6089240000000005,10.7,,0.6231352998941142,,0.191,0.5,,0.351,0.85,0.846,,,0.919,"{""sst"": -0.2781, ""season"": 0.0, ""moon"": -0.0747, ""pressure"": 0.0419, ""swell"": 0.083}","tide,front,chl",Strong El Nino,2.16,0.0
2026-10-03,pt_loma_kelp,Point Loma Kelp,nearshore,california_halibut,California Halibut,flatfish,37.2,55.0,-17.8,37.2,100.0,workable,False,72.96260000000001,3.350461016949154,3.1496063999999997,11.1,5.186,0.5090574688798968,,0.189,0.5,0.732,0.46,0.85,0.828,,,0.819,"{""sst"": -0.286, ""season"": 0.0, ""tide"": 0.0964, ""moon"": -0.0044, ""pressure"": 0.0447, ""swell"": 0.0532}",chl,Strong El Nino,2.16,0.0
2026-10-03,pt_loma_kelp,Point Loma Kelp,nearshore,calico_bass,Calico Bass (Kelp Bass),bass,93.8,64.6,29.2,93.8,100.0,workable,False,72.96260000000001,3.350461016949154,3.1496063999999997,11.1,5.186,0.5090574688798968,,1.0,0.7,0.755,0.973,0.85,0.893,,,1.121,"{""sst"": 0.1959, ""season"": 0.0805, ""tide"": 0.0718, ""moon"": 0.0434, ""pressure"": 0.0461, ""swell"": 0.0882}",chl,Strong El Nino,2.16,100.0
2026-10-03,pt_loma_kelp,Point Loma Kelp,nearshore,sand_bass,Barred Sand Bass,bass,91.6,60.0,31.6,91.6,100.0,workable,False,72.96260000000001,3.350461016949154,3.1496063999999997,11.1,5.186,0.5090574688798968,,1.0,0.5,0.755,0.973,0.85,0.893,,,1.181,"{""sst"": 0.2212, ""season"": 0.0, ""tide"": 0.0702, ""moon"": 0.0425, ""pressure"": 0.0452, ""swell"": 0.0617}",chl,Strong El Nino,2.16,100.0
2026-10-03,pt_loma_kelp,Point Loma Kelp,nearshore,rockfish,Rockfish Complex,groundfish,63.8,66.5,-2.7,63.8,100.0,workable,False,72.96260000000001,3.350461016949154,3.1496063999999997,11.1,5.186,0.5090574688798968,,0.577,0.85,0.939,0.973,0.85,0.918,,,0.759,"{""sst"": 0.0222, ""season"": 0.0943, ""tide"": 0.112, ""moon"": 0.0148, ""pressure"": 0.0472, ""swell"": 0.2293}",chl,Strong El Nino,2.16,33.6
2026-10-03,pt_loma_kelp,Point Loma Kelp,nearshore,sheephead,California Sheephead,groundfish,87.1,66.2,20.9,87.1,100.0,workable,False,72.96260000000001,3.350461016949154,3.1496063999999997,11.1,5.186,0.5090574688798968,,1.0,0.85,0.755,0.973,0.85,0.893,,,1.0,"{""sst"": 0.1356, ""season"": 0.0923, ""tide"": 0.0897, ""moon"": 0.0145, ""pressure"": 0.0461, ""swell"": 0.1764}",chl,Strong El Nino,2.16,100.0
2026-10-03,pt_loma_kelp,Point Loma Kelp,nearshore,barracuda,California Barracuda,pelagic_inshore,91.6,62.4,29.2,91.6,100.0,workable,False,72.96260000000001,3.350461016949154,3.1496063999999997,11.1,5.186,0.5090574688798968,,0.843,0.6,0.755,0.973,0.85,0.893,,,1.181,"{""sst"": 0.1821, ""season"": 0.0424, ""tide"": 0.0672, ""moon"": 0.031, ""pressure"": 0.037, ""swell"": 0.0809}","front,chl",Strong El Nino,2.16,100.0
2026-10-03,pt_loma_kelp,Point Loma Kelp,nearshore,bonito,Pacific Bonito,pelagic_inshore,99.3,65.5,33.8,99.3,100.0,workable,False,72.96260000000001,3.350461016949154,3.1496063999999997,11.1,5.186,0.5090574688798968,,1.0,0.75,0.813,0.973,0.85,0.939,,,1.302,"{""sst"": 0.2599, ""season"": 0.0912, ""tide"": 0.0607, ""moon"": 0.0166, ""pressure"": 0.0398, ""swell"": 0.1102}","front,chl",Strong El Nino,2.16,100.0
2026-10-03,pt_loma_kelp,Point Loma Kelp,nearshore,yellowtail,California Yellowtail,pelagic,98.3,64.9,33.4,98.3,100.0,workable,False,72.96260000000001,3.350461016949154,3.1496063999999997,11.1,5.186,0.5090574688798968,,0.843,0.75,0.755,0.973,0.85,0.939,,,1.302,"{""sst"": 0.174, ""season"": 0.0869, ""tide"": 0.0688, ""moon"": 0.0475, ""pressure"": 0.0379, ""swell"": 0.09}","front,chl",Strong El Nino,2.16,100.0
2026-10-03,pt_loma_kelp,Point Loma Kelp,nearshore,white_seabass,White Seabass,pelagic,24.7,52.3,-27.6,24.7,100.0,workable,False,72.96260000000001,3.350461016949154,3.1496063999999997,11.1,5.186,0.5090574688798968,,0.026,0.5,0.797,0.352,0.85,0.893,,,0.879,"{""sst"": -0.706, ""season"": 0.0, ""tide"": 0.081, ""moon"": -0.0611, ""pressure"": 0.0346, ""swell"": 0.0756}","front,chl",Strong El Nino,2.16,0.0
2026-10-04,pt_loma_kelp,Point Loma Kelp,nearshore,california_halibut,California Halibut,flatfish,26.2,55.3,-29.1,26.2,100.0,workable,False,73.4432,3.917522033898294,2.7559055999999997,11.2,2.2189999999999994,0.3950846566449676,,0.111,0.5,0.418,0.565,0.6,0.877,,,0.788,"{""sst"": -0.4438, ""season"": 0.0, ""tide"": -0.0455, ""moon"": 0.0065, ""pressure"": 0.0154, ""swell"": 0.0591}",chl,Strong El Nino,2.16,0.0
2026-10-04,pt_loma_kelp,Point Loma Kelp,nearshore,calico_bass,Calico Bass (Kelp Bass),bass,86.0,64.6,21.4,86.0,100.0,workable,False,73.4432,3.917522033898294,2.7559055999999997,11.2,2.2189999999999994,0.3950846566449676,,1.0,0.7,0.45,0.949,0.6,0.933,,,1.141,"{""sst"": 0.1959, ""season"": 0.0805, ""tide"": -0.0182, ""moon"": 0.0418, ""pressure"": 0.0159, ""swell"": 0.0949}",chl,Strong El Nino,2.16,100.0
2026-10-04,pt_loma_kelp,Point Loma Kelp,nearshore,sand_bass,Barred Sand Bass,bass,83.9,60.0,23.9,83.9,100.0,workable,False,73.4432,3.917522033898294,2.7559055999999997,11.2,2.2189999999999994,0.3950846566449676,,1.0,0.5,0.45,0.949,0.6,0.933,,,1.212,"{""sst"": 0.2212, ""season"": 0.0, ""tide"": -0.0178, ""moon"": 0.0409, ""pressure"": 0.0155, ""swell"": 0.0664}",chl,Strong El Nino,2.16,100.0
2026-10-04,pt_loma_kelp,Point Loma Kelp,nearshore,rockfish,Rockfish Complex,groundfish,55.5,66.5,-11.0,55.5,100.0,workable,False,73.4432,3.917522033898294,2.7559055999999997,11.2,2.2189999999999994,0.3950846566449676,,0.518,0.85,0.707,0.949,0.6,0.955,,,0.718,"{""sst"": 0.0055, ""season"": 0.0943, ""tide"": 0.0616, ""moon"": 0.0142, ""pressure"": 0.0162, ""swell"": 0.2443}",chl,Strong El Nino,2.16,0.0
2026-10-04,pt_loma_kelp,Point Loma Kelp,nearshore,sheephead,California Sheephead,groundfish,76.5,66.1,10.4,76.5,100.0,workable,False,73.4432,3.917522033898294,2.7559055999999997,11.2,2.2189999999999994,0.3950846566449676,,1.0,0.85,0.45,0.949,0.6,0.933,,,1.0,"{""sst"": 0.1356, ""season"": 0.0923, ""tide"": -0.0227, ""moon"": 0.0139, ""pressure"": 0.0159, ""swell"": 0.1899}",chl,Strong El Nino,2.16,100.0
2026-10-04,pt_loma_kelp,Point Loma Kelp,nearshore,barracuda,California Barracuda,pelagic_inshore,82.0,62.4,19.6,82.0,100.0,workable,False,73.4432,3.917522033898294,2.7559055999999997,11.2,2.2189999999999994,0.3950846566449676,,0.764,0.6,0.45,0.949,0.6,0.933,,,1.212,"{""sst"": 0.148, ""season"": 0.0424, ""tide"": -0.017, ""moon"": 0.0298, ""pressure"": 0.0127, ""swell"": 0.087}","front,chl",Strong El Nino,2.16,100.0
2026-10-04,pt_loma_kelp,Point Loma Kelp,nearshore,bonito,Pacific Bonito,pelagic_inshore,99.3,65.5,33.8,99.3,100.0,workable,False,73.4432,3.917522033898294,2.7559055999999997,11.2,2.2189999999999994,0.3950846566449676,,1.0,0.75,0.71,0.949,0.6,0.973,,,1.35,"{""sst"": 0.2599, ""season"": 0.0912, ""tide"": 0.0438, ""moon"": 0.016, ""pressure"": 0.0137, ""swell"": 0.1165}","front,chl",Strong El Nino,2.16,100.0
2026-10-04,pt_loma_kelp,Point Loma Kelp,nearshore,yellowtail,California Yellowtail,pelagic,95.1,64.9,30.2,95.1,100.0,workable,False,73.4432,3.917522033898294,2.7559055999999997,11.2,2.2189999999999994,0.3950846566449676,,0.764,0.75,0.45,0.949,0.6,0.973,,,1.35,"{""sst"": 0.1414, ""season"": 0.0869, ""tide"": -0.0174, ""moon"": 0.0458, ""pressure"": 0.013, ""swell"": 0.0951}","front,chl",Strong El Nino,2.16,100.0
2026-10-04,pt_loma_kelp,Point Loma Kelp,nearshore,white_seabass,White Seabass,pelagic,20.0,52.6,-32.6,20.0,100.0,workable,False,73.4432,3.917522033898294,2.7559055999999997,11.2,2.2189999999999994,0.3950846566449676,,0.02,0.5,0.425,0.356,0.6,0.933,,,0.859,"{""sst"": -0.7697, ""season"": 0.0, ""tide"": -0.0285, ""moon"": -0.0592, ""pressure"": 0.0119, ""swell"": 0.0814}","front,chl",Strong El Nino,2.16,0.0
2026-10-05,pt_loma_kelp,Point Loma Kelp,nearshore,california_halibut,California Halibut,flatfish,32.8,55.6,-22.8,32.8,100.0,workable,False,73.301,3.8711147727272675,3.28084,10.4,5.754,0.2874014624345155,,0.134,0.5,0.706,0.684,0.85,0.812,,,0.791,"{""sst"": -0.3877, ""season"": 0.0, ""tide"": 0.087, ""moon"": 0.0165, ""pressure"": 0.0447, ""swell"": 0.0511}",chl,Strong El Nino,2.16,0.0
2026-10-05,pt_loma_kelp,Point Loma Kelp,nearshore,calico_bass,Calico Bass (Kelp Bass),bass,94.0,64.5,29.5,94.0,100.0,workable,False,73.301,3.8711147727272675,3.28084,10.4,5.754,0.2874014624345155,,1.0,0.7,0.724,0.922,0.85,0.879,,,1.139,"{""sst"": 0.1959, ""season"": 0.0805, ""tide"": 0.0644, ""moon"": 0.0399, ""pressure"": 0.0461, ""swell"": 0.0859}",chl,Strong El Nino,2.16,100.0
2026-10-05,pt_loma_kelp,Point Loma Kelp,nearshore,sand_bass,Barred Sand Bass,bass,92.4,60.0,32.4,92.4,100.0,workable,False,73.301,3.8711147727272675,3.28084,10.4,5.754,0.2874014624345155,,1.0,0.5,0.724,0.922,0.85,0.879,,,1.209,"{""sst"": 0.2212, ""season"": 0.0, ""tide"": 0.063, ""moon"": 0.039, ""pressure"": 0.0452, ""swell"": 0.0601}",chl,Strong El Nino,2.16,100.0
2026-10-05,pt_loma_kelp,Point Loma Kelp,nearshore,rockfish,Rockfish Complex,groundfish,60.2,66.5,-6.3,60.2,100.0,workable,False,73.301,3.8711147727272675,3.28084,10.4,5.754,0.2874014624345155,,0.535,0.85,0.994,0.922,0.85,0.905,,,0.721,"{""sst"": 0.0106, ""season"": 0.0943, ""tide"": 0.1221, ""moon"": 0.0136, ""pressure"": 0.0472, ""swell"": 0.2242}",chl,Strong El Nino,2.16,18.3
2026-10-05,pt_loma_kelp,Point Loma Kelp,nearshore,sheephead,California Sheephead,groundfish,85.8,66.1,19.7,85.8,100.0,workable,False,73.301,3.8711147727272675,3.28084,10.4,5.754,0.2874014624345155,,1.0,0.85,0.724,0.922,0.85,0.879,,,1.0,"{""sst"": 0.1356, ""season"": 0.0923, ""tide"": 0.0804, ""moon"": 0.0133, ""pressure"": 0.0461, ""swell"": 0.1718}",chl,Strong El Nino,2.16,100.0
2026-10-05,pt_loma_kelp,Point Loma Kelp,nearshore,barracuda,California Barracuda,pelagic_inshore,90.6,62.4,28.2,90.6,100.0,workable,False,73.301,3.8711147727272675,3.28084,10.4,5.754,0.2874014624345155,,0.788,0.6,0.724,0.922,0.85,0.879,,,1.209,"{""sst"": 0.1585, ""season"": 0.0424, ""tide"": 0.0602, ""moon"": 0.0285, ""pressure"": 0.037, ""swell"": 0.0788}","front,chl",Strong El Nino,2.16,100.0
2026-10-05,pt_loma_kelp,Point Loma Kelp,nearshore,bonito,Pacific Bonito,pelagic_inshore,99.5,65.5,34.0,99.5,100.0,workable,False,73.301,3.8711147727272675,3.28084,10.4,5.754,0.2874014624345155,,1.0,0.75,0.843,0.922,0.85,0.927,,,1.348,"{""sst"": 0.2599, ""season"": 0.0912, ""tide"": 0.0653, ""moon"": 0.0153, ""pressure"": 0.0398, ""swell"": 0.1081}","front,chl",Strong El Nino,2.16,100.0
2026-10-05,pt_loma_kelp,Point Loma Kelp,nearshore,yellowtail,California Yellowtail,pelagic,98.3,64.9,33.4,98.3,100.0,workable,False,73.301,3.8711147727272675,3.28084,10.4,5.754,0.2874014624345155,,0.788,0.75,0.724,0.922,0.85,0.927,,,1.348,"{""sst"": 0.1514, ""season"": 0.0869, ""tide"": 0.0617, ""moon"": 0.0437, ""pressure"": 0.0379, ""swell"": 0.0882}","front,chl",Strong El Nino,2.16,100.0
2026-10-05,pt_loma_kelp,Point Loma Kelp,nearshore,white_seabass,White Seabass,pelagic,22.4,52.8,-30.4,22.4,100.0,workable,False,73.301,3.8711147727272675,3.28084,10.4,5.754,0.2874014624345155,,0.02,0.5,0.721,0.365,0.85,0.879,,,0.861,"{""sst"": -0.7697, ""season"": 0.0, ""tide"": 0.0637, ""moon"": -0.0547, ""pressure"": 0.0346, ""swell"": 0.0736}","front,chl",Strong El Nino,2.16,0.0
2026-10-06,pt_loma_kelp,Point Loma Kelp,nearshore,california_halibut,California Halibut,flatfish,31.6,55.9,-24.3,31.6,100.0,workable,False,73.3604,4.036535999999984,3.8713911999999997,11.2,6.071,0.19156317691553915,,0.124,0.5,0.672,0.789,1.0,0.74,,,0.782,"{""sst"": -0.4098, ""season"": 0.0, ""tide"": 0.0746, ""moon"": 0.024, ""pressure"": 0.0584, ""swell"": 0.0413}",chl,Strong El Nino,2.16,0.0
2026-10-06,pt_loma_kelp,Point Loma Kelp,nearshore,calico_bass,Calico Bass (Kelp Bass),bass,93.9,64.5,29.4,93.9,100.0,workable,False,73.3604,4.036535999999984,3.8713911999999997,11.2,6.071,0.19156317691553915,,1.0,0.7,0.686,0.898,1.0,0.819,,,1.145,"{""sst"": 0.1959, ""season"": 0.0805, ""tide"": 0.055, ""moon"": 0.0382, ""pressure"": 0.0603, ""swell"": 0.0751}",chl,Strong El Nino,2.16,100.0
2026-10-06,pt_loma_kelp,Point Loma Kelp,nearshore,sand_bass,Barred Sand Bass,bass,92.6,60.0,32.6,92.6,100.0,workable,False,73.3604,4.036535999999984,3.8713911999999997,11.2,6.071,0.19156317691553915,,1.0,0.5,0.686,0.898,1.0,0.819,,,1.218,"{""sst"": 0.2212, ""season"": 0.0, ""tide"": 0.0538, ""moon"": 0.0374, ""pressure"": 0.059, ""swell"": 0.0525}",chl,Strong El Nino,2.16,100.0
2026-10-06,pt_loma_kelp,Point Loma Kelp,nearshore,rockfish,Rockfish Complex,groundfish,57.9,66.5,-8.6,57.9,100.0,workable,False,73.3604,4.036535999999984,3.8713911999999997,11.2,6.071,0.19156317691553915,,0.528,0.85,0.943,0.898,1.0,0.849,,,0.709,"{""sst"": 0.0085, ""season"": 0.0943, ""tide"": 0.1128, ""moon"": 0.013, ""pressure"": 0.0616, ""swell"": 0.2002}",chl,Strong El Nino,2.16,0.0
2026-10-06,pt_loma_kelp,Point Loma Kelp,nearshore,sheephead,California Sheephead,groundfish,84.1,66.1,18.0,84.1,100.0,workable,False,73.3604,4.036535999999984,3.8713911999999997,11.2,6.071,0.19156317691553915,,1.0,0.85,0.686,0.898,1.0,0.819,,,1.0,"{""sst"": 0.1356, ""season"": 0.0923, ""tide"": 0.0687, ""moon"": 0.0127, ""pressure"": 0.0603, ""swell"": 0.1502}",chl,Strong El Nino,2.16,100.0
2026-10-06,pt_loma_kelp,Point Loma Kelp,nearshore,barracuda,California Barracuda,pelagic_inshore,90.2,62.4,27.8,90.2,100.0,workable,False,73.3604,4.036535999999984,3.8713911999999997,11.2,6.071,0.19156317691553915,,0.778,0.6,0.686,0.898,1.0,0.819,,,1.218,"{""sst"": 0.1541, ""season"": 0.0424, ""tide"": 0.0515, ""moon"": 0.0272, ""pressure"": 0.0484, ""swell"": 0.0689}","front,chl",Strong El Nino,2.16,100.0
2026-10-06,pt_loma_kelp,Point Loma Kelp,nearshore,bonito,Pacific Bonito,pelagic_inshore,99.6,65.4,34.2,99.6,100.0,workable,False,73.3604,4.036535999999984,3.8713911999999997,11.2,6.071,0.19156317691553915,,1.0,0.75,0.865,0.898,1.0,0.876,,,1.35,"{""sst"": 0.2599, ""season"": 0.0912, ""tide"": 0.0686, ""moon"": 0.0146, ""pressure"": 0.052, ""swell"": 0.098}","front,chl",Strong El Nino,2.16,100.0
2026-10-06,pt_loma_kelp,Point Loma Kelp,nearshore,yellowtail,California Yellowtail,pelagic,98.1,64.8,33.3,98.1,100.0,workable,False,73.3604,4.036535999999984,3.8713911999999997,11.2,6.071,0.19156317691553915,,0.778,0.75,0.686,0.898,1.0,0.876,,,1.35,"{""sst"": 0.1473, ""season"": 0.0869, ""tide"": 0.0527, ""moon"": 0.0418, ""pressure"": 0.0495, ""swell"": 0.08}","front,chl",Strong El Nino,2.16,100.0
2026-10-06,pt_loma_kelp,Point Loma Kelp,nearshore,white_seabass,White Seabass,pelagic,22.1,53.2,-31.1,22.1,100.0,workable,False,73.3604,4.036535999999984,3.8713911999999997,11.2,6.071,0.19156317691553915,,0.02,0.5,0.643,0.386,1.0,0.819,,,0.855,"{""sst"": -0.7697, ""season"": 0.0, ""tide"": 0.0437, ""moon"": -0.0451, ""pressure"": 0.0452, ""swell"": 0.0644}","front,chl",Strong El Nino,2.16,0.0
2026-10-07,pt_loma_kelp,Point Loma Kelp,nearshore,california_halibut,California Halibut,flatfish,34.2,56.3,-22.1,34.5,98.8,workable,False,73.0274,3.8126586206896462,4.6587928,9.4,6.0760000000000005,0.11217175383480282,,0.179,0.5,0.636,0.877,0.85,0.643,,,0.794,"{""sst"": -0.303, ""season"": 0.0, ""tide"": 0.0609, ""moon"": 0.0296, ""pressure"": 0.0447, ""swell"": 0.0265}",chl,Strong El Nino,2.16,0.0
2026-10-07,pt_loma_kelp,Point Loma Kelp,nearshore,calico_bass,Calico Bass (Kelp Bass),bass,89.7,64.6,25.1,90.4,98.8,workable,False,73.0274,3.8126586206896462,4.6587928,9.4,6.0760000000000005,0.11217175383480282,,1.0,0.7,0.649,0.878,0.85,0.739,,,1.137,"{""sst"": 0.1959, ""season"": 0.0805, ""tide"": 0.0453, ""moon"": 0.0367, ""pressure"": 0.0461, ""swell"": 0.0594}",chl,Strong El Nino,2.16,100.0
2026-10-07,pt_loma_kelp,Point Loma Kelp,nearshore,sand_bass,Barred Sand Bass,bass,88.2,60.0,28.2,88.9,98.8,workable,False,73.0274,3.8126586206896462,4.6587928,9.4,6.0760000000000005,0.11217175383480282,,1.0,0.5,0.649,0.878,0.85,0.739,,,1.206,"{""sst"": 0.2212, ""season"": 0.0, ""tide"": 0.0443, ""moon"": 0.0359, ""pressure"": 0.0452, ""swell"": 0.0415}",chl,Strong El Nino,2.16,100.0
2026-10-07,pt_loma_kelp,Point Loma Kelp,nearshore,rockfish,Rockfish Complex,groundfish,56.4,66.5,-10.1,56.8,98.8,workable,False,73.0274,3.8126586206896462,4.6587928,9.4,6.0760000000000005,0.11217175383480282,,0.569,0.85,0.925,0.878,0.85,0.775,,,0.725,"{""sst"": 0.0201, ""season"": 0.0943, ""tide"": 0.1093, ""moon"": 0.0125, ""pressure"": 0.0472, ""swell"": 0.1657}",chl,Strong El Nino,2.16,0.0
2026-10-07,pt_loma_kelp,Point Loma Kelp,nearshore,sheephead,California Sheephead,groundfish,78.7,66.1,12.6,79.3,98.8,workable,False,73.0274,3.8126586206896462,4.6587928,9.4,6.0760000000000005,0.11217175383480282,,1.0,0.85,0.649,0.878,0.85,0.739,,,1.0,"{""sst"": 0.1356, ""season"": 0.0923, ""tide"": 0.0566, ""moon"": 0.0122, ""pressure"": 0.0461, ""swell"": 0.1187}",chl,Strong El Nino,2.16,100.0
2026-10-07,pt_loma_kelp,Point Loma Kelp,nearshore,barracuda,California Barracuda,pelagic_inshore,87.5,62.4,25.1,88.2,98.8,workable,False,73.0274,3.8126586206896462,4.6587928,9.4,6.0760000000000005,0.11217175383480282,,0.832,0.6,0.649,0.878,0.85,0.739,,,1.206,"{""sst"": 0.1777, ""season"": 0.0424, ""tide"": 0.0424, ""moon"": 0.0262, ""pressure"": 0.037, ""swell"": 0.0544}","front,chl",Strong El Nino,2.16,100.0
2026-10-07,pt_loma_kelp,Point Loma Kelp,nearshore,bonito,Pacific Bonito,pelagic_inshore,99.3,65.5,33.8,99.4,98.8,workable,False,73.0274,3.8126586206896462,4.6587928,9.4,6.0760000000000005,0.11217175383480282,,1.0,0.75,0.873,0.878,0.85,0.807,,,1.343,"{""sst"": 0.2599, ""season"": 0.0912, ""tide"": 0.0697, ""moon"": 0.0141, ""pressure"": 0.0398, ""swell"": 0.0837}","front,chl",Strong El Nino,2.16,100.0
2026-10-07,pt_loma_kelp,Point Loma Kelp,nearshore,yellowtail,California Yellowtail,pelagic,97.6,64.9,32.7,97.8,98.8,workable,False,73.0274,3.8126586206896462,4.6587928,9.4,6.0760000000000005,0.11217175383480282,,0.832,0.75,0.649,0.878,0.85,0.807,,,1.343,"{""sst"": 0.1698, ""season"": 0.0869, ""tide"": 0.0434, ""moon"": 0.0402, ""pressure"": 0.0379, ""swell"": 0.0683}","front,chl",Strong El Nino,2.16,100.0
2026-10-07,pt_loma_kelp,Point Loma Kelp,nearshore,white_seabass,White Seabass,pelagic,21.5,53.5,-32.0,21.7,98.8,workable,False,73.0274,3.8126586206896462,4.6587928,9.4,6.0760000000000005,0.11217175383480282,,0.02,0.5,0.578,0.426,0.85,0.739,,,0.863,"{""sst"": -0.7697, ""season"": 0.0, ""tide"": 0.0253, ""moon"": -0.028, ""pressure"": 0.0346, ""swell"": 0.0509}","front,chl",Strong El Nino,2.16,0.0
2026-10-08,pt_loma_kelp,Point Loma Kelp,nearshore,california_halibut,California Halibut,flatfish,39.8,56.7,-16.9,39.8,99.8,workable,False,72.7214,3.6209549132947956,4.5275592,8.7,5.896,0.052647815303152434,,0.229,0.5,0.784,0.942,0.85,0.66,,,0.804,"{""sst"": -0.2304, ""season"": 0.0, ""tide"": 0.1136, ""moon"": 0.0333, ""pressure"": 0.0447, ""swell"": 0.0291}",chl,Strong El Nino,2.16,0.0
2026-10-08,pt_loma_kelp,Point Loma Kelp,nearshore,calico_bass,Calico Bass (Kelp Bass),bass,92.7,64.6,28.1,92.8,99.8,workable,False,72.7214,3.6209549132947956,4.5275592,8.7,5.896,0.052647815303152434,,1.0,0.7,0.799,0.863,0.85,0.752,,,1.13,"{""sst"": 0.1959, ""season"": 0.0805, ""tide"": 0.0815, ""moon"": 0.0356, ""pressure"": 0.0461, ""swell"": 0.0621}",chl,Strong El Nino,2.16,100.0
2026-10-08,pt_loma_kelp,Point Loma Kelp,nearshore,sand_bass,Barred Sand Bass,bass,91.2,60.0,31.2,91.3,99.8,workable,False,72.7214,3.6209549132947956,4.5275592,8.7,5.896,0.052647815303152434,,1.0,0.5,0.799,0.863,0.85,0.752,,,1.196,"{""sst"": 0.2212, ""season"": 0.0, ""tide"": 0.0798, ""moon"": 0.0349, ""pressure"": 0.0452, ""swell"": 0.0434}",chl,Strong El Nino,2.16,100.0
2026-10-08,pt_loma_kelp,Point Loma Kelp,nearshore,rockfish,Rockfish Complex,groundfish,58.8,66.6,-7.8,58.8,99.8,workable,False,72.7214,3.6209549132947956,4.5275592,8.7,5.896,0.052647815303152434,,0.606,0.85,0.925,0.863,0.85,0.788,,,0.739,"{""sst"": 0.03, ""season"": 0.0943, ""tide"": 0.1094, ""moon"": 0.0121, ""pressure"": 0.0472, ""swell"": 0.1717}",chl,Strong El Nino,2.16,7.4
2026-10-08,pt_loma_kelp,Point Loma Kelp,nearshore,sheephead,California Sheephead,groundfish,83.3,66.2,17.1,83.4,99.8,workable,False,72.7214,3.6209549132947956,4.5275592,8.7,5.896,0.052647815303152434,,1.0,0.85,0.799,0.863,0.85,0.752,,,1.0,"{""sst"": 0.1356, ""season"": 0.0923, ""tide"": 0.1019, ""moon"": 0.0119, ""pressure"": 0.0461, ""swell"": 0.1242}",chl,Strong El Nino,2.16,100.0
2026-10-08,pt_loma_kelp,Point Loma Kelp,nearshore,barracuda,California Barracuda,pelagic_inshore,92.1,62.4,29.7,92.2,99.8,workable,False,72.7214,3.6209549132947956,4.5275592,8.7,5.896,0.052647815303152434,,0.882,0.6,0.799,0.863,0.85,0.752,,,1.196,"{""sst"": 0.1981, ""season"": 0.0424, ""tide"": 0.0763, ""moon"": 0.0254, ""pressure"": 0.037, ""swell"": 0.057}","front,chl",Strong El Nino,2.16,100.0
2026-10-08,pt_loma_kelp,Point Loma Kelp,nearshore,bonito,Pacific Bonito,pelagic_inshore,99.3,65.5,33.8,99.3,99.8,workable,False,72.7214,3.6209549132947956,4.5275592,8.7,5.896,0.052647815303152434,,1.0,0.75,0.873,0.863,0.85,0.818,,,1.326,"{""sst"": 0.2599, ""season"": 0.0912, ""tide"": 0.0697, ""moon"": 0.0136, ""pressure"": 0.0398, ""swell"": 0.0862}","front,chl",Strong El Nino,2.16,100.0
2026-10-08,pt_loma_kelp,Point Loma Kelp,nearshore,yellowtail,California Yellowtail,pelagic,98.6,64.9,33.7,98.6,99.8,workable,False,72.7214,3.6209549132947956,4.5275592,8.7,5.896,0.052647815303152434,,0.882,0.75,0.799,0.863,0.85,0.818,,,1.326,"{""sst"": 0.1893, ""season"": 0.0869, ""tide"": 0.0781, ""moon"": 0.039, ""pressure"": 0.0379, ""swell"": 0.0703}","front,chl",Strong El Nino,2.16,100.0
2026-10-08,pt_loma_kelp,Point Loma Kelp,nearshore,white_seabass,White Seabass,pelagic,31.6,53.9,-22.3,31.7,99.8,workable,False,72.7214,3.6209549132947956,4.5275592,8.7,5.896,0.052647815303152434,,0.066,0.5,0.808,0.493,0.85,0.752,,,0.87,"{""sst"": -0.486, ""season"": 0.0, ""tide"": 0.0835, ""moon"": -0.0026, ""pressure"": 0.0346, ""swell"": 0.0532}","front,chl",Strong El Nino,2.16,0.0
2026-10-09,pt_loma_kelp,Point Loma Kelp,nearshore,california_halibut,California Halibut,flatfish,20.9,57.0,-36.1,21.3,97.8,workable,False,73.85,4.838818604651152,4.7900263999999995,9.3,6.015000000000001,0.015097468607471298,,0.045,0.5,0.591,0.983,1.0,0.627,,,0.739,"{""sst"": -0.713, ""season"": 0.0, ""tide"": 0.0424, ""moon"": 0.0356, ""pressure"": 0.0584, ""swell"": 0.0239}",chl,Strong El Nino,2.16,0.0
2026-10-09,pt_loma_kelp,Point Loma Kelp,nearshore,calico_bass,Calico Bass (Kelp Bass),bass,91.6,64.6,27.0,92.6,97.8,workable,False,73.85,4.838818604651152,4.7900263999999995,9.3,6.015000000000001,0.015097468607471298,,1.0,0.7,0.602,0.854,1.0,0.725,,,1.174,"{""sst"": 0.1959, ""season"": 0.0805, ""tide"": 0.0323, ""moon"": 0.0349, ""pressure"": 0.0603, ""swell"": 0.0566}",chl,Strong El Nino,2.16,100.0
2026-10-09,pt_loma_kelp,Point Loma Kelp,nearshore,sand_bass,Barred Sand Bass,bass,91.3,60.1,31.2,92.4,97.8,workable,False,73.85,4.838818604651152,4.7900263999999995,9.3,6.015000000000001,0.015097468607471298,,1.0,0.5,0.602,0.854,1.0,0.725,,,1.261,"{""sst"": 0.2212, ""season"": 0.0, ""tide"": 0.0316, ""moon"": 0.0342, ""pressure"": 0.059, ""swell"": 0.0396}",chl,Strong El Nino,2.16,100.0
2026-10-09,pt_loma_kelp,Point Loma Kelp,nearshore,rockfish,Rockfish Complex,groundfish,49.1,66.6,-17.5,49.8,97.8,workable,False,73.85,4.838818604651152,4.7900263999999995,9.3,6.015000000000001,0.015097468607471298,,0.468,0.85,0.915,0.854,1.0,0.763,,,0.652,"{""sst"": -0.0102, ""season"": 0.0943, ""tide"": 0.1074, ""moon"": 0.0119, ""pressure"": 0.0616, ""swell"": 0.1596}",chl,Strong El Nino,2.16,0.0
2026-10-09,pt_loma_kelp,Point Loma Kelp,nearshore,sheephead,California Sheephead,groundfish,77.6,66.2,11.4,78.7,97.8,workable,False,73.85,4.838818604651152,4.7900263999999995,9.3,6.015000000000001,0.015097468607471298,,1.0,0.85,0.602,0.854,1.0,0.725,,,1.0,"{""sst"": 0.1356, ""season"": 0.0923, ""tide"": 0.0404, ""moon"": 0.0116, ""pressure"": 0.0603, ""swell"": 0.1132}",chl,Strong El Nino,2.16,100.0
2026-10-09,pt_loma_kelp,Point Loma Kelp,nearshore,barracuda,California Barracuda,pelagic_inshore,85.1,62.4,22.7,86.3,97.8,workable,False,73.85,4.838818604651152,4.7900263999999995,9.3,6.015000000000001,0.015097468607471298,,0.698,0.6,0.602,0.854,1.0,0.725,,,1.261,"{""sst"": 0.1163, ""season"": 0.0424, ""tide"": 0.0302, ""moon"": 0.0249, ""pressure"": 0.0484, ""swell"": 0.0519}","front,chl",Strong El Nino,2.16,100.0
2026-10-09,pt_loma_kelp,Point Loma Kelp,nearshore,bonito,Pacific Bonito,pelagic_inshore,99.4,65.5,33.9,99.5,97.8,workable,False,73.85,4.838818604651152,4.7900263999999995,9.3,6.015000000000001,0.015097468607471298,,1.0,0.75,0.878,0.854,1.0,0.795,,,1.35,"{""sst"": 0.2599, ""season"": 0.0912, ""tide"": 0.0704, ""moon"": 0.0134, ""pressure"": 0.052, ""swell"": 0.0812}","front,chl",Strong El Nino,2.16,100.0
2026-10-09,pt_loma_kelp,Point Loma Kelp,nearshore,yellowtail,California Yellowtail,pelagic,95.3,64.9,30.4,95.9,97.8,workable,False,73.85,4.838818604651152,4.7900263999999995,9.3,6.015000000000001,0.015097468607471298,,0.698,0.75,0.602,0.854,1.0,0.795,,,1.35,"{""sst"": 0.1111, ""season"": 0.0869, ""tide"": 0.031, ""moon"": 0.0382, ""pressure"": 0.0495, ""swell"": 0.0663}","front,chl",Strong El Nino,2.16,100.0
2026-10-09,pt_loma_kelp,Point Loma Kelp,nearshore,white_seabass,White Seabass,pelagic,21.3,54.1,-32.8,21.6,97.8,workable,False,73.85,4.838818604651152,4.7900263999999995,9.3,6.015000000000001,0.015097468607471298,,0.02,0.5,0.503,0.591,1.0,0.725,,,0.826,"{""sst"": -0.7697, ""season"": 0.0, ""tide"": 0.0011, ""moon"": 0.0291, ""pressure"": 0.0452, ""swell"": 0.0485}","front,chl",Strong El Nino,2.16,0.0
2026-10-10,pt_loma_kelp,Point Loma Kelp,nearshore,california_halibut,California Halibut,flatfish,28.1,57.3,-29.2,28.1,100.0,workable,True,73.49,4.566042105263151,4.4619424,12.0,6.423,0.0002792167927752054,,0.103,0.5,0.604,1.0,1.0,0.668,,,0.753,"{""sst"": -0.4648, ""season"": 0.0, ""tide"": 0.0477, ""moon"": 0.0365, ""pressure"": 0.0584, ""swell"": 0.0304}",chl,Strong El Nino,2.16,0.0
2026-10-10,pt_loma_kelp,Point Loma Kelp,nearshore,calico_bass,Calico Bass (Kelp Bass),bass,92.7,64.6,28.1,92.7,100.0,workable,True,73.49,4.566042105263151,4.4619424,12.0,6.423,0.0002792167927752054,,1.0,0.7,0.612,0.85,1.0,0.759,,,1.164,"{""sst"": 0.1959, ""season"": 0.0805, ""tide"": 0.0352, ""moon"": 0.0346, ""pressure"": 0.0603, ""swell"": 0.0635}",chl,Strong El Nino,2.16,100.0
2026-10-10,pt_loma_kelp,Point Loma Kelp,nearshore,sand_bass,Barred Sand Bass,bass,92.1,60.1,32.0,92.1,100.0,workable,True,73.49,4.566042105263151,4.4619424,12.0,6.423,0.0002792167927752054,,1.0,0.5,0.612,0.85,1.0,0.759,,,1.247,"{""sst"": 0.2212, ""season"": 0.0, ""tide"": 0.0345, ""moon"": 0.0339, ""pressure"": 0.059, ""swell"": 0.0444}",chl,Strong El Nino,2.16,100.0
2026-10-10,pt_loma_kelp,Point Loma Kelp,nearshore,rockfish,Rockfish Complex,groundfish,52.4,66.7,-14.3,52.4,100.0,workable,True,73.49,4.566042105263151,4.4619424,12.0,6.423,0.0002792167927752054,,0.512,0.85,0.877,0.85,1.0,0.794,,,0.671,"{""sst"": 0.0038, ""season"": 0.0943, ""tide"": 0.0999, ""moon"": 0.0118, ""pressure"": 0.0616, ""swell"": 0.1746}",chl,Strong El Nino,2.16,0.0
2026-10-10,pt_loma_kelp,Point Loma Kelp,nearshore,sheephead,California Sheephead,groundfish,80.1,66.2,13.9,80.1,100.0,workable,True,73.49,4.566042105263151,4.4619424,12.0,6.423,0.0002792167927752054,,1.0,0.85,0.612,0.85,1.0,0.759,,,1.0,"{""sst"": 0.1356, ""season"": 0.0923, ""tide"": 0.0441, ""moon"": 0.0115, ""pressure"": 0.0603, ""swell"": 0.1269}",chl,Strong El Nino,2.16,100.0
2026-10-10,pt_loma_kelp,Point Loma Kelp,nearshore,barracuda,California Barracuda,pelagic_inshore,88.5,62.4,26.1,88.5,100.0,workable,True,73.49,4.566042105263151,4.4619424,12.0,6.423,0.0002792167927752054,,0.757,0.6,0.612,0.85,1.0,0.759,,,1.247,"{""sst"": 0.1445, ""season"": 0.0424, ""tide"": 0.033, ""moon"": 0.0247, ""pressure"": 0.0484, ""swell"": 0.0582}","front,chl",Strong El Nino,2.16,100.0
2026-10-10,pt_loma_kelp,Point Loma Kelp,nearshore,bonito,Pacific Bonito,pelagic_inshore,99.5,65.5,34.0,99.5,100.0,workable,True,73.49,4.566042105263151,4.4619424,12.0,6.423,0.0002792167927752054,,1.0,0.75,0.895,0.85,1.0,0.824,,,1.35,"{""sst"": 0.2599, ""season"": 0.0912, ""tide"": 0.0727, ""moon"": 0.0133, ""pressure"": 0.052, ""swell"": 0.0874}","front,chl",Strong El Nino,2.16,100.0
2026-10-10,pt_loma_kelp,Point Loma Kelp,nearshore,yellowtail,California Yellowtail,pelagic,97.1,64.9,32.2,97.1,100.0,workable,True,73.49,4.566042105263151,4.4619424,12.0,6.423,0.0002792167927752054,,0.757,0.75,0.612,0.85,1.0,0.824,,,1.35,"{""sst"": 0.1381, ""season"": 0.0869, ""tide"": 0.0338, ""moon"": 0.0379, ""pressure"": 0.0495, ""swell"": 0.0713}","front,chl",Strong El Nino,2.16,100.0
2026-10-10,pt_loma_kelp,Point Loma Kelp,nearshore,white_seabass,White Seabass,pelagic,22.8,54.4,-31.6,22.8,100.0,workable,True,73.49,4.566042105263151,4.4619424,12.0,6.423,0.0002792167927752054,,0.02,0.5,0.504,0.715,1.0,0.759,,,0.836,"{""sst"": -0.7697, ""season"": 0.0, ""tide"": 0.0013, ""moon"": 0.0622, ""pressure"": 0.0452, ""swell"": 0.0544}","front,chl",Strong El Nino,2.16,0.0
2026-10-11,pt_loma_kelp,Point Loma Kelp,nearshore,california_halibut,California Halibut,flatfish,10.5,57.6,-47.1,26.3,7.9,"24 kt wind, 18.0 ft seas",True,72.95,4.130714117647059,17.9790032,24.3,6.516,0.007679795233243747,,0.191,0.5,0.616,0.992,0.85,0.05,,,0.777,"{""sst"": -0.2829, ""season"": 0.0, ""tide"": 0.0527, ""moon"": 0.036, ""pressure"": 0.0447, ""swell"": -0.2424}",chl,Strong El Nino,2.16,0.0
2026-10-11,pt_loma_kelp,Point Loma Kelp,nearshore,calico_bass,Calico Bass (Kelp Bass),bass,24.1,64.6,-40.5,60.1,7.9,"24 kt wind, 18.0 ft seas",True,72.95,4.130714117647059,17.9790032,24.3,6.516,0.007679795233243747,,1.0,0.7,0.625,0.852,0.85,0.05,,,1.149,"{""sst"": 0.1959, ""season"": 0.0805, ""tide"": 0.0387, ""moon"": 0.0348, ""pressure"": 0.0461, ""swell"": -0.3504}",chl,Strong El Nino,2.16,0.0
2026-10-11,pt_loma_kelp,Point Loma Kelp,nearshore,sand_bass,Barred Sand Bass,bass,27.0,60.1,-33.1,67.1,7.9,"24 kt wind, 18.0 ft seas",True,72.95,4.130714117647059,17.9790032,24.3,6.516,0.007679795233243747,,1.0,0.5,0.625,0.852,0.85,0.05,,,1.223,"{""sst"": 0.2212, ""season"": 0.0, ""tide"": 0.0379, ""moon"": 0.034, ""pressure"": 0.0452, ""swell"": -0.245}",chl,Strong El Nino,2.16,0.0
2026-10-11,pt_loma_kelp,Point Loma Kelp,nearshore,rockfish,Rockfish Complex,groundfish,7.8,66.7,-58.9,19.4,7.9,"24 kt wind, 18.0 ft seas",True,72.95,4.130714117647059,17.9790032,24.3,6.516,0.007679795233243747,,0.578,0.85,0.876,0.852,0.85,0.05,,,0.703,"{""sst"": 0.0227, ""season"": 0.0943, ""tide"": 0.0998, ""moon"": 0.0118, ""pressure"": 0.0472, ""swell"": -0.8699}",chl,Strong El Nino,2.16,0.0
2026-10-11,pt_loma_kelp,Point Loma Kelp,nearshore,sheephead,California Sheephead,groundfish,13.9,66.2,-52.3,34.6,7.9,"24 kt wind, 18.0 ft seas",True,72.95,4.130714117647059,17.9790032,24.3,6.516,0.007679795233243747,,1.0,0.85,0.625,0.852,0.85,0.05,,,1.0,"{""sst"": 0.1356, ""season"": 0.0923, ""tide"": 0.0484, ""moon"": 0.0116, ""pressure"": 0.0461, ""swell"": -0.7008}",chl,Strong El Nino,2.16,0.0
2026-10-11,pt_loma_kelp,Point Loma Kelp,nearshore,barracuda,California Barracuda,pelagic_inshore,24.6,62.5,-37.9,61.3,7.9,"24 kt wind, 18.0 ft seas",True,72.95,4.130714117647059,17.9790032,24.3,6.516,0.007679795233243747,,0.845,0.6,0.625,0.852,0.85,0.05,,,1.223,"{""sst"": 0.183, ""season"": 0.0424, ""tide"": 0.0362, ""moon"": 0.0248, ""pressure"": 0.037, ""swell"": -0.3213}","front,chl",Strong El Nino,2.16,0.0
2026-10-11,pt_loma_kelp,Point Loma Kelp,nearshore,bonito,Pacific Bonito,pelagic_inshore,29.2,65.5,-36.3,72.7,7.9,"24 kt wind, 18.0 ft seas",True,72.95,4.130714117647059,17.9790032,24.3,6.516,0.007679795233243747,,1.0,0.75,0.895,0.852,0.85,0.05,,,1.35,"{""sst"": 0.2599, ""season"": 0.0912, ""tide"": 0.0728, ""moon"": 0.0133, ""pressure"": 0.0398, ""swell"": -0.403}","front,chl",Strong El Nino,2.16,23.0
2026-10-11,pt_loma_kelp,Point Loma Kelp,nearshore,yellowtail,California Yellowtail,pelagic,28.4,64.9,-36.5,70.7,7.9,"24 kt wind, 18.0 ft seas",True,72.95,4.130714117647059,17.9790032,24.3,6.516,0.007679795233243747,,0.845,0.75,0.625,0.852,0.85,0.05,,,1.35,"{""sst"": 0.1748, ""season"": 0.0869, ""tide"": 0.0371, ""moon"": 0.0381, ""pressure"": 0.0379, ""swell"": -0.3289}","front,chl",Strong El Nino,2.16,0.0
2026-10-11,pt_loma_kelp,Point Loma Kelp,nearshore,white_seabass,White Seabass,pelagic,7.3,54.7,-47.4,18.1,7.9,"24 kt wind, 18.0 ft seas",True,72.95,4.130714117647059,17.9790032,24.3,6.516,0.007679795233243747,,0.028,0.5,0.522,0.844,0.85,0.05,,,0.851,"{""sst"": -0.6879, ""season"": 0.0, ""tide"": 0.0076, ""moon"": 0.091, ""pressure"": 0.0346, ""swell"": -0.3003}","front,chl",Strong El Nino,2.16,0.0
2026-10-12,pt_loma_kelp,Point Loma Kelp,nearshore,california_halibut,California Halibut,flatfish,29.3,58.0,-28.7,33.7,79.5,7.2 ft seas,True,72.5,3.7994485207100723,7.217848000000001,8.9,6.3100000000000005,0.035700175796790634,,0.265,0.5,0.614,0.961,0.4,0.33,,,0.795,"{""sst"": -0.1871, ""season"": 0.0, ""tide"": 0.0518, ""moon"": 0.0344, ""pressure"": -0.0188, ""swell"": -0.0438}",chl,Strong El Nino,2.16,0.0
2026-10-12,pt_loma_kelp,Point Loma Kelp,nearshore,calico_bass,Calico Bass (Kelp Bass),bass,68.1,64.6,3.5,78.6,79.5,7.2 ft seas,True,72.5,3.7994485207100723,7.217848000000001,8.9,6.3100000000000005,0.035700175796790634,,1.0,0.7,0.624,0.859,0.4,0.477,,,1.137,"{""sst"": 0.1959, ""season"": 0.0805, ""tide"": 0.0387, ""moon"": 0.0353, ""pressure"": -0.0194, ""swell"": -0.0071}",chl,Strong El Nino,2.16,66.7
2026-10-12,pt_loma_kelp,Point Loma Kelp,nearshore,sand_bass,Barred Sand Bass,bass,68.4,60.1,8.3,78.9,79.5,7.2 ft seas,True,72.5,3.7994485207100723,7.217848000000001,8.9,6.3100000000000005,0.035700175796790634,,1.0,0.5,0.624,0.859,0.4,0.477,,,1.205,"{""sst"": 0.2212, ""season"": 0.0, ""tide"": 0.0378, ""moon"": 0.0345, ""pressure"": -0.019, ""swell"": -0.005}",chl,Strong El Nino,2.16,74.9
2026-10-12,pt_loma_kelp,Point Loma Kelp,nearshore,rockfish,Rockfish Complex,groundfish,40.6,66.7,-26.1,46.8,79.5,7.2 ft seas,True,72.5,3.7994485207100723,7.217848000000001,8.9,6.3100000000000005,0.035700175796790634,,0.634,0.85,0.906,0.859,0.4,0.534,,,0.726,"{""sst"": 0.0368, ""season"": 0.0943, ""tide"": 0.1057, ""moon"": 0.012, ""pressure"": -0.0198, ""swell"": 0.0248}",chl,Strong El Nino,2.16,0.0
2026-10-12,pt_loma_kelp,Point Loma Kelp,nearshore,sheephead,California Sheephead,groundfish,55.9,66.2,-10.3,64.5,79.5,7.2 ft seas,True,72.5,3.7994485207100723,7.217848000000001,8.9,6.3100000000000005,0.035700175796790634,,1.0,0.85,0.624,0.859,0.4,0.477,,,1.0,"{""sst"": 0.1356, ""season"": 0.0923, ""tide"": 0.0483, ""moon"": 0.0118, ""pressure"": -0.0194, ""swell"": -0.0142}",chl,Strong El Nino,2.16,33.3
2026-10-12,pt_loma_kelp,Point Loma Kelp,nearshore,barracuda,California Barracuda,pelagic_inshore,70.1,62.5,7.6,80.8,79.5,7.2 ft seas,True,72.5,3.7994485207100723,7.217848000000001,8.9,6.3100000000000005,0.035700175796790634,,0.918,0.6,0.624,0.859,0.4,0.477,,,1.205,"{""sst"": 0.2121, ""season"": 0.0424, ""tide"": 0.0362, ""moon"": 0.0252, ""pressure"": -0.0156, ""swell"": -0.0065}","front,chl",Strong El Nino,2.16,100.0
2026-10-12,pt_loma_kelp,Point Loma Kelp,nearshore,bonito,Pacific Bonito,pelagic_inshore,90.8,65.5,25.3,97.7,79.5,7.2 ft seas,True,72.5,3.7994485207100723,7.217848000000001,8.9,6.3100000000000005,0.035700175796790634,,1.0,0.75,0.882,0.859,0.4,0.583,,,1.342,"{""sst"": 0.2599, ""season"": 0.0912, ""tide"": 0.0709, ""moon"": 0.0135, ""pressure"": -0.0167, ""swell"": 0.0267}","front,chl",Strong El Nino,2.16,100.0
2026-10-12,pt_loma_kelp,Point Loma Kelp,nearshore,yellowtail,California Yellowtail,pelagic,84.3,64.9,19.4,95.2,79.5,7.2 ft seas,True,72.5,3.7994485207100723,7.217848000000001,8.9,6.3100000000000005,0.035700175796790634,,0.918,0.75,0.624,0.859,0.4,0.583,,,1.342,"{""sst"": 0.2027, ""season"": 0.0869, ""tide"": 0.037, ""moon"": 0.0386, ""pressure"": -0.0159, ""swell"": 0.0218}","front,chl",Strong El Nino,2.16,100.0
2026-10-12,pt_loma_kelp,Point Loma Kelp,nearshore,white_seabass,White Seabass,pelagic,28.3,55.0,-26.7,32.7,79.5,7.2 ft seas,True,72.5,3.7994485207100723,7.217848000000001,8.9,6.3100000000000005,0.035700175796790634,,0.102,0.5,0.534,0.948,0.4,0.477,,,0.863,"{""sst"": -0.3809, ""season"": 0.0, ""tide"": 0.0115, ""moon"": 0.1113, ""pressure"": -0.0146, ""swell"": -0.0061}","front,chl",Strong El Nino,2.16,0.0
2026-10-13,pt_loma_kelp,Point Loma Kelp,nearshore,california_halibut,California Halibut,flatfish,39.1,58.3,-19.2,39.3,99.3,workable,True,72.23,3.6545892857142803,4.593176,10.8,5.854,0.0819335649033684,,0.309,0.5,0.601,0.91,0.6,0.651,,,0.803,"{""sst"": -0.1418, ""season"": 0.0, ""tide"": 0.0465, ""moon"": 0.0315, ""pressure"": 0.0154, ""swell"": 0.0279}",chl,Strong El Nino,2.16,0.0
2026-10-13,pt_loma_kelp,Point Loma Kelp,nearshore,calico_bass,Calico Bass (Kelp Bass),bass,86.2,64.6,21.6,86.6,99.3,workable,True,72.23,3.6545892857142803,4.593176,10.8,5.854,0.0819335649033684,,1.0,0.7,0.615,0.87,0.6,0.745,,,1.132,"{""sst"": 0.1959, ""season"": 0.0805, ""tide"": 0.0361, ""moon"": 0.0362, ""pressure"": 0.0159, ""swell"": 0.0607}",chl,Strong El Nino,2.16,100.0
2026-10-13,pt_loma_kelp,Point Loma Kelp,nearshore,sand_bass,Barred Sand Bass,bass,84.6,60.1,24.5,85.0,99.3,workable,True,72.23,3.6545892857142803,4.593176,10.8,5.854,0.0819335649033684,,1.0,0.5,0.615,0.87,0.6,0.745,,,1.197,"{""sst"": 0.2212, ""season"": 0.0, ""tide"": 0.0353, ""moon"": 0.0354, ""pressure"": 0.0155, ""swell"": 0.0425}",chl,Strong El Nino,2.16,100.0
2026-10-13,pt_loma_kelp,Point Loma Kelp,nearshore,rockfish,Rockfish Complex,groundfish,57.7,66.7,-9.0,58.0,99.3,workable,True,72.23,3.6545892857142803,4.593176,10.8,5.854,0.0819335649033684,,0.667,0.85,0.965,0.87,0.6,0.781,,,0.737,"{""sst"": 0.0447, ""season"": 0.0943, ""tide"": 0.1169, ""moon"": 0.0123, ""pressure"": 0.0162, ""swell"": 0.1687}",chl,Strong El Nino,2.16,0.0
2026-10-13,pt_loma_kelp,Point Loma Kelp,nearshore,sheephead,California Sheephead,groundfish,75.9,66.2,9.7,76.3,99.3,workable,True,72.23,3.6545892857142803,4.593176,10.8,5.854,0.0819335649033684,,1.0,0.85,0.615,0.87,0.6,0.745,,,1.0,"{""sst"": 0.1356, ""season"": 0.0923, ""tide"": 0.0451, ""moon"": 0.0121, ""pressure"": 0.0159, ""swell"": 0.1215}",chl,Strong El Nino,2.16,100.0
2026-10-13,pt_loma_kelp,Point Loma Kelp,nearshore,barracuda,California Barracuda,pelagic_inshore,88.8,62.4,26.4,89.2,99.3,workable,True,72.23,3.6545892857142803,4.593176,10.8,5.854,0.0819335649033684,,0.962,0.6,0.615,0.87,0.6,0.745,,,1.197,"{""sst"": 0.2284, ""season"": 0.0424, ""tide"": 0.0338, ""moon"": 0.0258, ""pressure"": 0.0127, ""swell"": 0.0557}","front,chl",Strong El Nino,2.16,100.0
2026-10-13,pt_loma_kelp,Point Loma Kelp,nearshore,bonito,Pacific Bonito,pelagic_inshore,98.9,65.5,33.4,99.0,99.3,workable,True,72.23,3.6545892857142803,4.593176,10.8,5.854,0.0819335649033684,,1.0,0.75,0.856,0.87,0.6,0.812,,,1.329,"{""sst"": 0.2599, ""season"": 0.0912, ""tide"": 0.0671, ""moon"": 0.0139, ""pressure"": 0.0137, ""swell"": 0.0849}","front,chl",Strong El Nino,2.16,100.0
2026-10-13,pt_loma_kelp,Point Loma Kelp,nearshore,yellowtail,California Yellowtail,pelagic,97.8,64.9,32.9,97.9,99.3,workable,True,72.23,3.6545892857142803,4.593176,10.8,5.854,0.0819335649033684,,0.962,0.75,0.615,0.87,0.6,0.812,,,1.329,"{""sst"": 0.2183, ""season"": 0.0869, ""tide"": 0.0346, ""moon"": 0.0396, ""pressure"": 0.013, ""swell"": 0.0693}","front,chl",Strong El Nino,2.16,100.0
2026-10-13,pt_loma_kelp,Point Loma Kelp,nearshore,white_seabass,White Seabass,pelagic,39.3,55.4,-16.1,39.4,99.3,workable,True,72.23,3.6545892857142803,4.593176,10.8,5.854,0.0819335649033684,,0.146,0.5,0.544,0.998,0.6,0.745,,,0.868,"{""sst"": -0.2948, ""season"": 0.0, ""tide"": 0.0146, ""moon"": 0.1202, ""pressure"": 0.0119, ""swell"": 0.0521}","front,chl",Strong El Nino,2.16,0.0
2026-10-14,pt_loma_kelp,Point Loma Kelp,nearshore,california_halibut,California Halibut,flatfish,39.0,58.6,-19.6,39.0,100.0,workable,True,72.23,3.759176047904191,4.0026247999999995,7.0,5.216,0.1434931801229401,,0.309,0.5,0.585,0.842,0.6,0.724,,,0.797,"{""sst"": -0.1418, ""season"": 0.0, ""tide"": 0.0395, ""moon"": 0.0274, ""pressure"": 0.0154, ""swell"": 0.0389}",chl,Strong El Nino,2.16,0.0
2026-10-14,pt_loma_kelp,Point Loma Kelp,nearshore,calico_bass,Calico Bass (Kelp Bass),bass,87.7,64.6,23.1,87.7,100.0,workable,True,72.23,3.759176047904191,4.0026247999999995,7.0,5.216,0.1434931801229401,,1.0,0.7,0.604,0.886,0.6,0.806,,,1.135,"{""sst"": 0.1959, ""season"": 0.0805, ""tide"": 0.0329, ""moon"": 0.0373, ""pressure"": 0.0159, ""swell"": 0.0726}",chl,Strong El Nino,2.16,100.0
2026-10-14,pt_loma_kelp,Point Loma Kelp,nearshore,sand_bass,Barred Sand Bass,bass,85.9,60.1,25.8,85.9,100.0,workable,True,72.23,3.759176047904191,4.0026247999999995,7.0,5.216,0.1434931801229401,,1.0,0.5,0.604,0.886,0.6,0.806,,,1.203,"{""sst"": 0.2212, ""season"": 0.0, ""tide"": 0.0322, ""moon"": 0.0365, ""pressure"": 0.0155, ""swell"": 0.0507}",chl,Strong El Nino,2.16,100.0
2026-10-14,pt_loma_kelp,Point Loma Kelp,nearshore,rockfish,Rockfish Complex,groundfish,58.8,66.6,-7.8,58.8,100.0,workable,True,72.23,3.759176047904191,4.0026247999999995,7.0,5.216,0.1434931801229401,,0.667,0.85,0.956,0.886,0.6,0.837,,,0.729,"{""sst"": 0.0447, ""season"": 0.0943, ""tide"": 0.1153, ""moon"": 0.0127, ""pressure"": 0.0162, ""swell"": 0.1947}",chl,Strong El Nino,2.16,7.4
2026-10-14,pt_loma_kelp,Point Loma Kelp,nearshore,sheephead,California Sheephead,groundfish,77.8,66.2,11.6,77.8,100.0,workable,True,72.23,3.759176047904191,4.0026247999999995,7.0,5.216,0.1434931801229401,,1.0,0.85,0.604,0.886,0.6,0.806,,,1.0,"{""sst"": 0.1356, ""season"": 0.0923, ""tide"": 0.0411, ""moon"": 0.0124, ""pressure"": 0.0159, ""swell"": 0.1452}",chl,Strong El Nino,2.16,100.0
2026-10-14,pt_loma_kelp,Point Loma Kelp,nearshore,barracuda,California Barracuda,pelagic_inshore,90.4,62.4,28.0,90.4,100.0,workable,True,72.23,3.759176047904191,4.0026247999999995,7.0,5.216,0.1434931801229401,,0.962,0.6,0.604,0.886,0.6,0.806,,,1.203,"{""sst"": 0.2284, ""season"": 0.0424, ""tide"": 0.0308, ""moon"": 0.0266, ""pressure"": 0.0127, ""swell"": 0.0666}","front,chl",Strong El Nino,2.16,100.0
2026-10-14,pt_loma_kelp,Point Loma Kelp,nearshore,bonito,Pacific Bonito,pelagic_inshore,99.1,65.5,33.6,99.1,100.0,workable,True,72.23,3.759176047904191,4.0026247999999995,7.0,5.216,0.1434931801229401,,1.0,0.75,0.821,0.886,0.6,0.864,,,1.338,"{""sst"": 0.2599, ""season"": 0.0912, ""tide"": 0.0619, ""moon"": 0.0143, ""pressure"": 0.0137, ""swell"": 0.0957}","front,chl",Strong El Nino,2.16,100.0
2026-10-14,pt_loma_kelp,Point Loma Kelp,nearshore,yellowtail,California Yellowtail,pelagic,98.2,64.9,33.3,98.2,100.0,workable,True,72.23,3.759176047904191,4.0026247999999995,7.0,5.216,0.1434931801229401,,0.962,0.75,0.604,0.886,0.6,0.864,,,1.338,"{""sst"": 0.2183, ""season"": 0.0869, ""tide"": 0.0315, ""moon"": 0.0409, ""pressure"": 0.013, ""swell"": 0.0781}","front,chl",Strong El Nino,2.16,100.0
2026-10-14,pt_loma_kelp,Point Loma Kelp,nearshore,white_seabass,White Seabass,pelagic,39.7,55.6,-15.9,39.7,100.0,workable,True,72.23,3.759176047904191,4.0026247999999995,7.0,5.216,0.1434931801229401,,0.146,0.5,0.558,0.979,0.6,0.806,,,0.865,"{""sst"": -0.2948, ""season"": 0.0, ""tide"": 0.0192, ""moon"": 0.1168, ""pressure"": 0.0119, ""swell"": 0.0622}","front,chl",Strong El Nino,2.16,0.0
2026-10-15,pt_loma_kelp,Point Loma Kelp,nearshore,california_halibut,California Halibut,flatfish,39.9,58.9,-19.0,39.9,100.0,workable,True,72.23,3.867137349397595,3.4776904,9.3,4.498,0.21732990055544216,,0.309,0.5,0.576,0.761,0.85,0.788,,,0.791,"{""sst"": -0.1418, ""season"": 0.0, ""tide"": 0.0358, ""moon"": 0.0221, ""pressure"": 0.0447, ""swell"": 0.0479}",chl,Strong El Nino,2.16,0.0
2026-10-15,pt_loma_kelp,Point Loma Kelp,nearshore,calico_bass,Calico Bass (Kelp Bass),bass,91.5,64.6,26.9,91.5,100.0,workable,True,72.23,3.867137349397595,3.4776904,9.3,4.498,0.21732990055544216,,1.0,0.7,0.601,0.904,0.85,0.859,,,1.139,"{""sst"": 0.1959, ""season"": 0.0805, ""tide"": 0.032, ""moon"": 0.0386, ""pressure"": 0.0461, ""swell"": 0.0824}",chl,Strong El Nino,2.16,100.0
2026-10-15,pt_loma_kelp,Point Loma Kelp,nearshore,sand_bass,Barred Sand Bass,bass,89.6,60.0,29.6,89.6,100.0,workable,True,72.23,3.867137349397595,3.4776904,9.3,4.498,0.21732990055544216,,1.0,0.5,0.601,0.904,0.85,0.859,,,1.209,"{""sst"": 0.2212, ""season"": 0.0, ""tide"": 0.0313, ""moon"": 0.0378, ""pressure"": 0.0452, ""swell"": 0.0576}",chl,Strong El Nino,2.16,100.0
2026-10-15,pt_loma_kelp,Point Loma Kelp,nearshore,rockfish,Rockfish Complex,groundfish,60.3,66.6,-6.3,60.3,100.0,workable,True,72.23,3.867137349397595,3.4776904,9.3,4.498,0.21732990055544216,,0.667,0.85,0.87,0.904,0.85,0.887,,,0.722,"{""sst"": 0.0447, ""season"": 0.0943, ""tide"": 0.0984, ""moon"": 0.0132, ""pressure"": 0.0472, ""swell"": 0.2164}",chl,Strong El Nino,2.16,18.6
2026-10-15,pt_loma_kelp,Point Loma Kelp,nearshore,sheephead,California Sheephead,groundfish,81.8,66.2,15.6,81.8,100.0,workable,True,72.23,3.867137349397595,3.4776904,9.3,4.498,0.21732990055544216,,1.0,0.85,0.601,0.904,0.85,0.859,,,1.0,"{""sst"": 0.1356, ""season"": 0.0923, ""tide"": 0.04, ""moon"": 0.0129, ""pressure"": 0.0461, ""swell"": 0.1648}",chl,Strong El Nino,2.16,100.0
2026-10-15,pt_loma_kelp,Point Loma Kelp,nearshore,barracuda,California Barracuda,pelagic_inshore,93.3,62.4,30.9,93.3,100.0,workable,True,72.23,3.867137349397595,3.4776904,9.3,4.498,0.21732990055544216,,0.962,0.6,0.601,0.904,0.85,0.859,,,1.209,"{""sst"": 0.2284, ""season"": 0.0424, ""tide"": 0.03, ""moon"": 0.0276, ""pressure"": 0.037, ""swell"": 0.0756}","front,chl",Strong El Nino,2.16,100.0
2026-10-15,pt_loma_kelp,Point Loma Kelp,nearshore,bonito,Pacific Bonito,pelagic_inshore,99.4,65.5,33.9,99.4,100.0,workable,True,72.23,3.867137349397595,3.4776904,9.3,4.498,0.21732990055544216,,1.0,0.75,0.782,0.904,0.85,0.91,,,1.348,"{""sst"": 0.2599, ""season"": 0.0912, ""tide"": 0.0559, ""moon"": 0.0148, ""pressure"": 0.0398, ""swell"": 0.1048}","front,chl",Strong El Nino,2.16,100.0
2026-10-15,pt_loma_kelp,Point Loma Kelp,nearshore,yellowtail,California Yellowtail,pelagic,98.8,64.9,33.9,98.8,100.0,workable,True,72.23,3.867137349397595,3.4776904,9.3,4.498,0.21732990055544216,,0.962,0.75,0.601,0.904,0.85,0.91,,,1.348,"{""sst"": 0.2183, ""season"": 0.0869, ""tide"": 0.0307, ""moon"": 0.0423, ""pressure"": 0.0379, ""swell"": 0.0856}","front,chl",Strong El Nino,2.16,100.0
2026-10-15,pt_loma_kelp,Point Loma Kelp,nearshore,white_seabass,White Seabass,pelagic,40.5,55.9,-15.4,40.5,100.0,workable,True,72.23,3.867137349397595,3.4776904,9.3,4.498,0.21732990055544216,,0.146,0.5,0.589,0.896,0.85,0.859,,,0.861,"{""sst"": -0.2948, ""season"": 0.0, ""tide"": 0.0284, ""moon"": 0.1014, ""pressure"": 0.0346, ""swell"": 0.0706}","front,chl",Strong El Nino,2.16,1.1
2026-09-25,sd_bay,San Diego Bay,inshore,california_halibut,California Halibut,flatfish,26.8,55.6,-28.8,26.8,100.0,workable,False,73.4,3.2604210526315995,3.3464568,9.6,,0.9834832009922474,,0.118,0.65,,0.982,,0.804,,,0.824,"{""sst"": -0.6417, ""season"": 0.0833, ""moon"": 0.0536, ""swell"": 0.0755}","tide,pressure,chl",Strong El Nino,2.16,0.0
2026-09-25,sd_bay,San Diego Bay,inshore,sand_bass,Barred Sand Bass,bass,96.6,65.0,31.6,96.6,100.0,workable,False,73.4,3.2604210526315995,3.3464568,9.6,,0.9834832009922474,,1.0,0.7,,0.854,,0.873,,,1.176,"{""sst"": 0.2971, ""season"": 0.1154, ""moon"": 0.0459, ""swell"": 0.0796}","tide,pressure,chl",Strong El Nino,2.16,100.0
2026-09-25,sd_bay,San Diego Bay,inshore,spotted_bay_bass,Spotted Bay Bass,bass,99.2,65.3,33.9,99.2,100.0,workable,False,73.4,3.2604210526315995,3.3464568,9.6,,0.9834832009922474,,1.0,0.95,,0.982,,1.0,,,1.176,"{""sst"": 0.3151, ""season"": 0.2042, ""moon"": 0.092, ""swell"": 0.063}","tide,pressure,chl",Strong El Nino,2.16,100.0
2026-09-26,sd_bay,San Diego Bay,inshore,california_halibut,California Halibut,flatfish,13.6,46.5,-32.9,13.6,100.0,workable,False,76.51458333333333,4.634806133980149,3.8057744,8.5,,0.9995517538836435,,0.02,0.65,,1.0,1.0,0.748,,,0.75,"{""sst"": -1.2694, ""season"": 0.0739, ""moon"": 0.0488, ""pressure"": 0.0781, ""swell"": 0.0567}","tide,chl",Strong El Nino,2.16,0.0
2026-09-26,sd_bay,San Diego Bay,inshore,sand_bass,Barred Sand Bass,bass,88.1,65.0,23.1,88.1,100.0,workable,False,76.51458333333333,4.634806133980149,3.8057744,8.5,,0.9995517538836435,,0.589,0.7,,0.85,1.0,0.826,,,1.25,"{""sst"": 0.0632, ""season"": 0.1035, ""moon"": 0.0408, ""pressure"": 0.0711, ""swell"": 0.0643}","tide,chl",Strong El Nino,2.16,100.0
2026-09-26,sd_bay,San Diego Bay,inshore,spotted_bay_bass,Spotted Bay Bass,bass,99.5,65.3,34.2,99.5,100.0,workable,False,76.51458333333333,4.634806133980149,3.8057744,8.5,,0.9995517538836435,,0.937,0.95,,1.0,1.0,1.0,,,1.25,"{""sst"": 0.2416, ""season"": 0.1728, ""moon"": 0.0799, ""pressure"": 0.1066, ""swell"": 0.0533}","tide,chl",Strong El Nino,2.16,100.0
2026-09-27,sd_bay,San Diego Bay,inshore,california_halibut,California Halibut,flatfish,13.3,46.8,-33.5,13.3,100.0,workable,False,76.38958333333333,4.559112927244712,4.265092,5.3,,0.9921059368700724,,0.02,0.65,,0.991,0.85,0.692,,,0.754,"{""sst"": -1.2694, ""season"": 0.0739, ""moon"": 0.0482, ""pressure"": 0.0598, ""swell"": 0.0457}","tide,chl",Strong El Nino,2.16,0.0
2026-09-27,sd_bay,San Diego Bay,inshore,sand_bass,Barred Sand Bass,bass,86.8,65.0,21.8,86.8,100.0,workable,False,76.38958333333333,4.559112927244712,4.265092,5.3,,0.9921059368700724,,0.61,0.7,,0.852,0.85,0.779,,,1.246,"{""sst"": 0.0763, ""season"": 0.1035, ""moon"": 0.041, ""pressure"": 0.0544, ""swell"": 0.0568}","tide,chl",Strong El Nino,2.16,100.0
2026-09-27,sd_bay,San Diego Bay,inshore,spotted_bay_bass,Spotted Bay Bass,bass,99.4,65.3,34.1,99.4,100.0,workable,False,76.38958333333333,4.559112927244712,4.265092,5.3,,0.9921059368700724,,0.952,0.95,,0.991,0.85,0.997,,,1.246,"{""sst"": 0.2478, ""season"": 0.1728, ""moon"": 0.079, ""pressure"": 0.0816, ""swell"": 0.0531}","tide,chl",Strong El Nino,2.16,100.0
2026-09-28,sd_bay,San Diego Bay,inshore,california_halibut,California Halibut,flatfish,13.4,47.1,-33.7,13.4,99.3,workable,False,76.28999999999999,4.506693199710284,4.593176,9.6,,0.9600738604541995,,0.02,0.65,,0.956,1.0,0.651,,,0.757,"{""sst"": -1.2694, ""season"": 0.0739, ""moon"": 0.0457, ""pressure"": 0.0781, ""swell"": 0.0373}","tide,chl",Strong El Nino,2.16,0.0
2026-09-28,sd_bay,San Diego Bay,inshore,sand_bass,Barred Sand Bass,bass,88.2,65.0,23.2,88.6,99.3,workable,False,76.28999999999999,4.506693199710284,4.593176,9.6,,0.9600738604541995,,0.626,0.7,,0.86,1.0,0.745,,,1.243,"{""sst"": 0.0864, ""season"": 0.1035, ""moon"": 0.0417, ""pressure"": 0.0711, ""swell"": 0.0512}","tide,chl",Strong El Nino,2.16,100.0
2026-09-28,sd_bay,San Diego Bay,inshore,spotted_bay_bass,Spotted Bay Bass,bass,99.5,65.3,34.2,99.5,99.3,workable,False,76.28999999999999,4.506693199710284,4.593176,9.6,,0.9600738604541995,,0.964,0.95,,0.956,1.0,0.98,,,1.243,"{""sst"": 0.2527, ""season"": 0.1728, ""moon"": 0.0748, ""pressure"": 0.1066, ""swell"": 0.0518}","tide,chl",Strong El Nino,2.16,100.0
2026-09-29,sd_bay,San Diego Bay,inshore,california_halibut,California Halibut,flatfish,13.0,47.4,-34.4,13.4,95.8,5.1 ft seas,False,76.0525,4.314212449366778,5.0524936,8.6,,0.9040301216596538,,0.02,0.65,,0.894,1.0,0.595,,,0.767,"{""sst"": -1.2694, ""season"": 0.0739, ""moon"": 0.041, ""pressure"": 0.0781, ""swell"": 0.0245}","tide,chl",Strong El Nino,2.16,0.0
2026-09-29,sd_bay,San Diego Bay,inshore,sand_bass,Barred Sand Bass,bass,86.8,65.0,21.8,89.2,95.8,5.1 ft seas,False,76.0525,4.314212449366778,5.0524936,8.6,,0.9040301216596538,,0.665,0.7,,0.874,1.0,0.698,,,1.233,"{""sst"": 0.1095, ""season"": 0.1035, ""moon"": 0.043, ""pressure"": 0.0711, ""swell"": 0.0428}","tide,chl",Strong El Nino,2.16,100.0
2026-09-29,sd_bay,San Diego Bay,inshore,spotted_bay_bass,Spotted Bay Bass,bass,99.3,65.3,34.0,99.5,95.8,5.1 ft seas,False,76.0525,4.314212449366778,5.0524936,8.6,,0.9040301216596538,,0.994,0.95,,0.894,1.0,0.956,,,1.233,"{""sst"": 0.2641, ""season"": 0.1728, ""moon"": 0.0671, ""pressure"": 0.1066, ""swell"": 0.0499}","tide,chl",Strong El Nino,2.16,100.0
2026-09-30,sd_bay,San Diego Bay,inshore,california_halibut,California Halibut,flatfish,12.9,47.6,-34.7,12.9,100.0,workable,False,76.06125,4.354984959810466,3.8057744,8.7,,0.8263179887803223,,0.02,0.65,,0.809,0.6,0.748,,,0.765,"{""sst"": -1.2694, ""season"": 0.0739, ""moon"": 0.0339, ""pressure"": 0.0205, ""swell"": 0.0567}","tide,chl",Strong El Nino,2.16,0.0
2026-09-30,sd_bay,San Diego Bay,inshore,sand_bass,Barred Sand Bass,bass,86.8,65.0,21.8,86.8,100.0,workable,False,76.06125,4.354984959810466,3.8057744,8.7,,0.8263179887803223,,0.663,0.7,,0.893,0.6,0.826,,,1.235,"{""sst"": 0.1087, ""season"": 0.1035, ""moon"": 0.0446, ""pressure"": 0.0187, ""swell"": 0.0643}","tide,chl",Strong El Nino,2.16,100.0
2026-09-30,sd_bay,San Diego Bay,inshore,spotted_bay_bass,Spotted Bay Bass,bass,98.6,65.3,33.3,98.6,100.0,workable,False,76.06125,4.354984959810466,3.8057744,8.7,,0.8263179887803223,,0.992,0.95,,0.809,0.6,1.0,,,1.235,"{""sst"": 0.2637, ""season"": 0.1728, ""moon"": 0.0555, ""pressure"": 0.028, ""swell"": 0.0533}","tide,chl",Strong El Nino,2.16,100.0
2026-10-01,sd_bay,San Diego Bay,inshore,california_halibut,California Halibut,flatfish,11.9,45.1,-33.2,11.9,100.0,workable,False,76.16291666666666,4.481471883207121,3.3464568,10.1,,0.7309239695760712,,0.02,0.5,,0.704,0.6,0.804,,,0.758,"{""sst"": -1.2694, ""season"": 0.0, ""moon"": 0.0241, ""pressure"": 0.0205, ""swell"": 0.067}","tide,chl",Strong El Nino,2.16,0.0
2026-10-01,sd_bay,San Diego Bay,inshore,sand_bass,Barred Sand Bass,bass,78.6,59.4,19.2,78.6,100.0,workable,False,76.16291666666666,4.481471883207121,3.3464568,10.1,,0.7309239695760712,,0.647,0.5,,0.917,0.6,0.873,,,1.242,"{""sst"": 0.099, ""season"": 0.0, ""moon"": 0.0467, ""pressure"": 0.0187, ""swell"": 0.0714}","tide,chl",Strong El Nino,2.16,100.0
2026-10-01,sd_bay,San Diego Bay,inshore,spotted_bay_bass,Spotted Bay Bass,bass,97.3,63.6,33.7,97.3,100.0,workable,False,76.16291666666666,4.481471883207121,3.3464568,10.1,,0.7309239695760712,,0.98,0.8,,0.704,0.6,1.0,,,1.242,"{""sst"": 0.2588, ""season"": 0.1265, ""moon"": 0.0395, ""pressure"": 0.028, ""swell"": 0.0533}","tide,chl",Strong El Nino,2.16,100.0
2026-10-02,sd_bay,San Diego Bay,inshore,california_halibut,California Halibut,flatfish,12.3,45.2,-32.9,12.3,100.0,workable,False,76.0525,4.388729383095949,3.2152232,10.2,,0.6231352998941142,,0.02,0.5,,0.585,0.85,0.82,,,0.763,"{""sst"": -1.2694, ""season"": 0.0, ""moon"": 0.0111, ""pressure"": 0.0598, ""swell"": 0.0697}","tide,chl",Strong El Nino,2.16,0.0
2026-10-02,sd_bay,San Diego Bay,inshore,sand_bass,Barred Sand Bass,bass,82.3,59.4,22.9,82.3,100.0,workable,False,76.0525,4.388729383095949,3.2152232,10.2,,0.6231352998941142,,0.665,0.5,,0.944,0.85,0.886,,,1.237,"{""sst"": 0.1095, ""season"": 0.0, ""moon"": 0.0489, ""pressure"": 0.0544, ""swell"": 0.0734}","tide,chl",Strong El Nino,2.16,100.0
2026-10-02,sd_bay,San Diego Bay,inshore,spotted_bay_bass,Spotted Bay Bass,bass,98.1,63.6,34.5,98.1,100.0,workable,False,76.0525,4.388729383095949,3.2152232,10.2,,0.6231352998941142,,0.994,0.8,,0.585,0.85,1.0,,,1.237,"{""sst"": 0.2641, ""season"": 0.1265, ""moon"": 0.0182, ""pressure"": 0.0816, ""swell"": 0.0533}","tide,chl",Strong El Nino,2.16,100.0
2026-10-03,sd_bay,San Diego Bay,inshore,california_halibut,California Halibut,flatfish,17.8,45.4,-27.6,17.8,100.0,workable,False,76.13000000000001,4.505696431383171,2.8215224,10.1,5.186,0.5090574688798968,,0.02,0.5,0.732,0.46,0.85,0.869,,,0.757,"{""sst"": -0.9487, ""season"": 0.0, ""tide"": 0.0964, ""moon"": -0.0044, ""pressure"": 0.0447, ""swell"": 0.0581}",chl,Strong El Nino,2.16,0.0
2026-10-03,sd_bay,San Diego Bay,inshore,sand_bass,Barred Sand Bass,bass,84.6,59.4,25.2,84.6,100.0,workable,False,76.13000000000001,4.505696431383171,2.8215224,10.1,5.186,0.5090574688798968,,0.652,0.5,0.755,0.973,0.85,0.926,,,1.243,"{""sst"": 0.0848, ""season"": 0.0, ""tide"": 0.0702, ""moon"": 0.0425, ""pressure"": 0.0452, ""swell"": 0.0656}",chl,Strong El Nino,2.16,100.0
2026-10-03,sd_bay,San Diego Bay,inshore,spotted_bay_bass,Spotted Bay Bass,bass,95.7,63.6,32.1,95.7,100.0,workable,False,76.13000000000001,4.505696431383171,2.8215224,10.1,5.186,0.5090574688798968,,0.984,0.8,0.732,0.46,0.85,1.0,,,1.243,"{""sst"": 0.1575, ""season"": 0.0765, ""tide"": 0.1508, ""moon"": -0.0058, ""pressure"": 0.0494, ""swell"": 0.0322}",chl,Strong El Nino,2.16,100.0
2026-10-04,sd_bay,San Diego Bay,inshore,california_halibut,California Halibut,flatfish,14.7,45.8,-31.1,14.7,100.0,workable,False,76.59625,5.042830222542193,2.4278216,11.4,2.2189999999999994,0.3950846566449676,,0.02,0.5,0.418,0.565,0.6,0.917,,,0.728,"{""sst"": -0.9487, ""season"": 0.0, ""tide"": -0.0455, ""moon"": 0.0065, ""pressure"": 0.0154, ""swell"": 0.0638}",chl,Strong El Nino,2.16,0.0
2026-10-04,sd_bay,San Diego Bay,inshore,sand_bass,Barred Sand Bass,bass,74.2,59.4,14.8,74.2,100.0,workable,False,76.59625,5.042830222542193,2.4278216,11.4,2.2189999999999994,0.3950846566449676,,0.576,0.5,0.45,0.949,0.6,0.967,,,1.272,"{""sst"": 0.0451, ""season"": 0.0, ""tide"": -0.0178, ""moon"": 0.0409, ""pressure"": 0.0155, ""swell"": 0.0701}",chl,Strong El Nino,2.16,100.0
2026-10-04,sd_bay,San Diego Bay,inshore,spotted_bay_bass,Spotted Bay Bass,bass,78.2,63.6,14.6,78.2,100.0,workable,False,76.59625,5.042830222542193,2.4278216,11.4,2.2189999999999994,0.3950846566449676,,0.927,0.8,0.418,0.565,0.6,1.0,,,1.272,"{""sst"": 0.1436, ""season"": 0.0765, ""tide"": -0.0712, ""moon"": 0.0086, ""pressure"": 0.017, ""swell"": 0.0322}",chl,Strong El Nino,2.16,100.0
2026-10-05,sd_bay,San Diego Bay,inshore,california_halibut,California Halibut,flatfish,17.0,46.2,-29.2,17.0,100.0,workable,False,76.76458333333333,5.285061295252262,2.8215224,10.4,5.754,0.2874014624345155,,0.02,0.5,0.706,0.684,0.85,0.869,,,0.715,"{""sst"": -0.9487, ""season"": 0.0, ""tide"": 0.087, ""moon"": 0.0165, ""pressure"": 0.0447, ""swell"": 0.0581}",chl,Strong El Nino,2.16,0.0
2026-10-05,sd_bay,San Diego Bay,inshore,sand_bass,Barred Sand Bass,bass,81.9,59.4,22.5,81.9,100.0,workable,False,76.76458333333333,5.285061295252262,2.8215224,10.4,5.754,0.2874014624345155,,0.548,0.5,0.724,0.922,0.85,0.926,,,1.285,"{""sst"": 0.0295, ""season"": 0.0, ""tide"": 0.063, ""moon"": 0.039, ""pressure"": 0.0452, ""swell"": 0.0656}",chl,Strong El Nino,2.16,100.0
2026-10-05,sd_bay,San Diego Bay,inshore,spotted_bay_bass,Spotted Bay Bass,bass,96.8,63.6,33.2,96.8,100.0,workable,False,76.76458333333333,5.285061295252262,2.8215224,10.4,5.754,0.2874014624345155,,0.906,0.8,0.706,0.684,0.85,1.0,,,1.285,"{""sst"": 0.1383, ""season"": 0.0765, ""tide"": 0.1362, ""moon"": 0.0218, ""pressure"": 0.0494, ""swell"": 0.0322}",chl,Strong El Nino,2.16,100.0
2026-10-06,sd_bay,San Diego Bay,inshore,california_halibut,California Halibut,flatfish,16.6,46.7,-30.1,16.6,100.0,workable,False,76.95333333333333,5.561044430812814,3.4120736000000003,12.0,6.071,0.19156317691553915,,0.02,0.5,0.672,0.789,1.0,0.796,,,0.7,"{""sst"": -0.9487, ""season"": 0.0, ""tide"": 0.0746, ""moon"": 0.024, ""pressure"": 0.0584, ""swell"": 0.049}",chl,Strong El Nino,2.16,0.0
2026-10-06,sd_bay,San Diego Bay,inshore,sand_bass,Barred Sand Bass,bass,81.0,59.4,21.6,81.0,100.0,workable,False,76.95333333333333,5.561044430812814,3.4120736000000003,12.0,6.071,0.19156317691553915,,0.518,0.5,0.686,0.898,1.0,0.866,,,1.3,"{""sst"": 0.0111, ""season"": 0.0, ""tide"": 0.0538, ""moon"": 0.0374, ""pressure"": 0.059, ""swell"": 0.0584}",chl,Strong El Nino,2.16,100.0
2026-10-06,sd_bay,San Diego Bay,inshore,spotted_bay_bass,Spotted Bay Bass,bass,97.1,63.6,33.5,97.1,100.0,workable,False,76.95333333333333,5.561044430812814,3.4120736000000003,12.0,6.071,0.19156317691553915,,0.883,0.8,0.672,0.789,1.0,1.0,,,1.3,"{""sst"": 0.1323, ""season"": 0.0765, ""tide"": 0.1167, ""moon"": 0.0318, ""pressure"": 0.0645, ""swell"": 0.0322}",chl,Strong El Nino,2.16,100.0
2026-10-07,sd_bay,San Diego Bay,inshore,california_halibut,California Halibut,flatfish,16.1,47.2,-31.1,16.1,100.0,workable,False,76.87875000000001,5.589281007755744,4.1338584,9.6,6.0760000000000005,0.11217175383480282,,0.02,0.5,0.636,0.877,0.85,0.708,,,0.698,"{""sst"": -0.9487, ""season"": 0.0, ""tide"": 0.0609, ""moon"": 0.0296, ""pressure"": 0.0447, ""swell"": 0.0366}",chl,Strong El Nino,2.16,0.0
2026-10-07,sd_bay,San Diego Bay,inshore,sand_bass,Barred Sand Bass,bass,78.9,59.4,19.5,78.9,100.0,workable,False,76.87875000000001,5.589281007755744,4.1338584,9.6,6.0760000000000005,0.11217175383480282,,0.53,0.5,0.649,0.878,0.85,0.792,,,1.302,"{""sst"": 0.0185, ""season"": 0.0, ""tide"": 0.0443, ""moon"": 0.0359, ""pressure"": 0.0452, ""swell"": 0.049}",chl,Strong El Nino,2.16,100.0
2026-10-07,sd_bay,San Diego Bay,inshore,spotted_bay_bass,Spotted Bay Bass,bass,96.2,63.6,32.6,96.2,100.0,workable,False,76.87875000000001,5.589281007755744,4.1338584,9.6,6.0760000000000005,0.11217175383480282,,0.892,0.8,0.636,0.877,0.85,1.0,,,1.302,"{""sst"": 0.1347, ""season"": 0.0765, ""tide"": 0.0953, ""moon"": 0.0392, ""pressure"": 0.0494, ""swell"": 0.0322}",chl,Strong El Nino,2.16,100.0
2026-10-08,sd_bay,San Diego Bay,inshore,california_halibut,California Halibut,flatfish,16.9,47.7,-30.8,16.9,100.0,workable,False,76.81958333333334,5.631401696052151,4.0682416,9.1,5.896,0.052647815303152434,,0.02,0.5,0.784,0.942,0.85,0.716,,,0.696,"{""sst"": -0.9487, ""season"": 0.0, ""tide"": 0.1136, ""moon"": 0.0333, ""pressure"": 0.0447, ""swell"": 0.0378}",chl,Strong El Nino,2.16,0.0
2026-10-08,sd_bay,San Diego Bay,inshore,sand_bass,Barred Sand Bass,bass,82.4,59.4,23.0,82.4,100.0,workable,False,76.81958333333334,5.631401696052151,4.0682416,9.1,5.896,0.052647815303152434,,0.539,0.5,0.799,0.863,0.85,0.799,,,1.304,"{""sst"": 0.0242, ""season"": 0.0, ""tide"": 0.0798, ""moon"": 0.0349, ""pressure"": 0.0452, ""swell"": 0.0499}",chl,Strong El Nino,2.16,100.0
2026-10-08,sd_bay,San Diego Bay,inshore,spotted_bay_bass,Spotted Bay Bass,bass,98.5,63.6,34.9,98.5,100.0,workable,False,76.81958333333334,5.631401696052151,4.0682416,9.1,5.896,0.052647815303152434,,0.9,0.8,0.784,0.942,0.85,1.0,,,1.304,"{""sst"": 0.1366, ""season"": 0.0765, ""tide"": 0.1777, ""moon"": 0.0442, ""pressure"": 0.0494, ""swell"": 0.0322}",chl,Strong El Nino,2.16,100.0
2026-10-09,sd_bay,San Diego Bay,inshore,california_halibut,California Halibut,flatfish,16.0,48.3,-32.3,16.0,100.0,workable,False,76.65343511450382,5.574032238448581,4.3307088,9.7,6.015000000000001,0.015097468607471298,,0.02,0.5,0.591,0.983,1.0,0.684,,,0.699,"{""sst"": -0.9487, ""season"": 0.0, ""tide"": 0.0424, ""moon"": 0.0356, ""pressure"": 0.0584, ""swell"": 0.0329}",chl,Strong El Nino,2.16,0.0
2026-10-09,sd_bay,San Diego Bay,inshore,sand_bass,Barred Sand Bass,bass,80.3,59.4,20.9,80.3,100.0,workable,False,76.65343511450382,5.574032238448581,4.3307088,9.7,6.015000000000001,0.015097468607471298,,0.567,0.5,0.602,0.854,1.0,0.772,,,1.301,"{""sst"": 0.0399, ""season"": 0.0, ""tide"": 0.0316, ""moon"": 0.0342, ""pressure"": 0.059, ""swell"": 0.0462}",chl,Strong El Nino,2.16,100.0
2026-10-09,sd_bay,San Diego Bay,inshore,spotted_bay_bass,Spotted Bay Bass,bass,96.3,63.6,32.7,96.3,100.0,workable,False,76.65343511450382,5.574032238448581,4.3307088,9.7,6.015000000000001,0.015097468607471298,,0.92,0.8,0.591,0.983,1.0,0.993,,,1.301,"{""sst"": 0.1418, ""season"": 0.0765, ""tide"": 0.0663, ""moon"": 0.0472, ""pressure"": 0.0645, ""swell"": 0.0319}",chl,Strong El Nino,2.16,100.0
2026-10-10,sd_bay,San Diego Bay,inshore,california_halibut,California Halibut,flatfish,29.4,57.4,-28.0,29.4,100.0,workable,True,73.4,4.601200000000006,4.0026247999999995,10.5,6.423,0.0002792167927752054,,0.118,0.5,0.604,1.0,1.0,0.724,,,0.752,"{""sst"": -0.4256, ""season"": 0.0, ""tide"": 0.0477, ""moon"": 0.0365, ""pressure"": 0.0584, ""swell"": 0.0389}",chl,Strong El Nino,2.16,0.0
2026-10-10,sd_bay,San Diego Bay,inshore,sand_bass,Barred Sand Bass,bass,92.6,59.4,33.2,92.6,100.0,workable,True,73.4,4.601200000000006,4.0026247999999995,10.5,6.423,0.0002792167927752054,,1.0,0.5,0.612,0.85,1.0,0.806,,,1.248,"{""sst"": 0.2212, ""season"": 0.0, ""tide"": 0.0345, ""moon"": 0.0339, ""pressure"": 0.059, ""swell"": 0.0507}",chl,Strong El Nino,2.16,100.0
2026-10-10,sd_bay,San Diego Bay,inshore,spotted_bay_bass,Spotted Bay Bass,bass,95.8,63.6,32.2,95.8,100.0,workable,True,73.4,4.601200000000006,4.0026247999999995,10.5,6.423,0.0002792167927752054,,1.0,0.8,0.604,1.0,1.0,1.0,,,1.248,"{""sst"": 0.1612, ""season"": 0.0765, ""tide"": 0.0746, ""moon"": 0.0483, ""pressure"": 0.0645, ""swell"": 0.0322}",chl,Strong El Nino,2.16,100.0
2026-10-11,sd_bay,San Diego Bay,inshore,california_halibut,California Halibut,flatfish,9.5,57.8,-48.3,23.6,7.9,"24 kt wind, 16.3 ft seas",True,73.22,4.527095294117643,16.2729664,24.3,6.516,0.007679795233243747,,0.147,0.5,0.616,0.992,0.85,0.05,,,0.756,"{""sst"": -0.36, ""season"": 0.0, ""tide"": 0.0527, ""moon"": 0.036, ""pressure"": 0.0447, ""swell"": -0.2424}",chl,Strong El Nino,2.16,0.0
2026-10-11,sd_bay,San Diego Bay,inshore,sand_bass,Barred Sand Bass,bass,27.4,59.4,-32.0,68.3,7.9,"24 kt wind, 16.3 ft seas",True,73.22,4.527095294117643,16.2729664,24.3,6.516,0.007679795233243747,,1.0,0.5,0.625,0.852,0.85,0.05,,,1.244,"{""sst"": 0.2212, ""season"": 0.0, ""tide"": 0.0379, ""moon"": 0.034, ""pressure"": 0.0452, ""swell"": -0.245}",chl,Strong El Nino,2.16,0.0
2026-10-11,sd_bay,San Diego Bay,inshore,spotted_bay_bass,Spotted Bay Bass,bass,37.5,63.6,-26.1,92.8,7.9,"24 kt wind, 16.3 ft seas",True,73.22,4.527095294117643,16.2729664,24.3,6.516,0.007679795233243747,,1.0,0.8,0.616,0.992,0.85,0.383,,,1.244,"{""sst"": 0.1612, ""season"": 0.0765, ""tide"": 0.0825, ""moon"": 0.0478, ""pressure"": 0.0494, ""swell"": -0.0124}",chl,Strong El Nino,2.16,0.0
2026-10-12,sd_bay,San Diego Bay,inshore,california_halibut,California Halibut,flatfish,30.2,58.2,-28.0,33.5,85.0,6.5 ft seas,True,72.59,4.023042603550294,6.4960632,8.9,6.3100000000000005,0.035700175796790634,,0.25,0.5,0.614,0.961,0.4,0.418,,,0.783,"{""sst"": -0.2039, ""season"": 0.0, ""tide"": 0.0518, ""moon"": 0.0344, ""pressure"": -0.0188, ""swell"": -0.0188}",chl,Strong El Nino,2.16,0.0
2026-10-12,sd_bay,San Diego Bay,inshore,sand_bass,Barred Sand Bass,bass,73.0,59.4,13.6,80.9,85.0,6.5 ft seas,True,72.59,4.023042603550294,6.4960632,8.9,6.3100000000000005,0.035700175796790634,,1.0,0.5,0.624,0.859,0.4,0.551,,,1.217,"{""sst"": 0.2212, ""season"": 0.0, ""tide"": 0.0378, ""moon"": 0.0345, ""pressure"": -0.019, ""swell"": 0.0103}",chl,Strong El Nino,2.16,100.0
2026-10-12,sd_bay,San Diego Bay,inshore,spotted_bay_bass,Spotted Bay Bass,bass,79.5,63.6,15.9,88.1,85.0,6.5 ft seas,True,72.59,4.023042603550294,6.4960632,8.9,6.3100000000000005,0.035700175796790634,,1.0,0.8,0.614,0.961,0.4,0.883,,,1.217,"{""sst"": 0.1612, ""season"": 0.0765, ""tide"": 0.0811, ""moon"": 0.0456, ""pressure"": -0.0208, ""swell"": 0.0264}",chl,Strong El Nino,2.16,100.0
2026-10-13,sd_bay,San Diego Bay,inshore,california_halibut,California Halibut,flatfish,38.5,58.6,-20.1,38.5,100.0,workable,True,72.32,3.8829857142857094,4.0682416,10.8,5.854,0.0819335649033684,,0.294,0.5,0.601,0.91,0.6,0.716,,,0.79,"{""sst"": -0.1561, ""season"": 0.0, ""tide"": 0.0465, ""moon"": 0.0315, ""pressure"": 0.0154, ""swell"": 0.0378}",chl,Strong El Nino,2.16,11.2
2026-10-13,sd_bay,San Diego Bay,inshore,sand_bass,Barred Sand Bass,bass,86.5,59.4,27.1,86.5,100.0,workable,True,72.32,3.8829857142857094,4.0682416,10.8,5.854,0.0819335649033684,,1.0,0.5,0.615,0.87,0.6,0.799,,,1.21,"{""sst"": 0.2212, ""season"": 0.0, ""tide"": 0.0353, ""moon"": 0.0354, ""pressure"": 0.0155, ""swell"": 0.0499}",chl,Strong El Nino,2.16,100.0
2026-10-13,sd_bay,San Diego Bay,inshore,spotted_bay_bass,Spotted Bay Bass,bass,90.4,63.6,26.8,90.4,100.0,workable,True,72.32,3.8829857142857094,4.0682416,10.8,5.854,0.0819335649033684,,1.0,0.8,0.601,0.91,0.6,1.0,,,1.21,"{""sst"": 0.1612, ""season"": 0.0765, ""tide"": 0.0728, ""moon"": 0.0418, ""pressure"": 0.017, ""swell"": 0.0322}",chl,Strong El Nino,2.16,100.0
2026-10-14,sd_bay,San Diego Bay,inshore,california_halibut,California Halibut,flatfish,39.0,59.0,-20.0,39.0,100.0,workable,True,72.23,3.903316167664684,3.5433072,7.0,5.216,0.1434931801229401,,0.309,0.5,0.585,0.842,0.6,0.78,,,0.789,"{""sst"": -0.1418, ""season"": 0.0, ""tide"": 0.0395, ""moon"": 0.0274, ""pressure"": 0.0154, ""swell"": 0.0468}",chl,Strong El Nino,2.16,11.7
2026-10-14,sd_bay,San Diego Bay,inshore,sand_bass,Barred Sand Bass,bass,87.0,59.4,27.6,87.0,100.0,workable,True,72.23,3.903316167664684,3.5433072,7.0,5.216,0.1434931801229401,,1.0,0.5,0.604,0.886,0.6,0.853,,,1.211,"{""sst"": 0.2212, ""season"": 0.0, ""tide"": 0.0322, ""moon"": 0.0365, ""pressure"": 0.0155, ""swell"": 0.0568}",chl,Strong El Nino,2.16,100.0
2026-10-14,sd_bay,San Diego Bay,inshore,spotted_bay_bass,Spotted Bay Bass,bass,89.0,63.6,25.4,89.0,100.0,workable,True,72.23,3.903316167664684,3.5433072,7.0,5.216,0.1434931801229401,,1.0,0.8,0.585,0.842,0.6,1.0,,,1.211,"{""sst"": 0.1612, ""season"": 0.0765, ""tide"": 0.0619, ""moon"": 0.0364, ""pressure"": 0.017, ""swell"": 0.0322}",chl,Strong El Nino,2.16,100.0
2026-10-15,sd_bay,San Diego Bay,inshore,california_halibut,California Halibut,flatfish,40.5,59.3,-18.8,40.5,100.0,workable,True,72.14,3.926743373493977,3.1496063999999997,9.3,4.498,0.21732990055544216,,0.324,0.5,0.576,0.761,0.85,0.828,,,0.788,"{""sst"": -0.1281, ""season"": 0.0, ""tide"": 0.0358, ""moon"": 0.0221, ""pressure"": 0.0447, ""swell"": 0.0532}",chl,Strong El Nino,2.16,14.5
2026-10-15,sd_bay,San Diego Bay,inshore,sand_bass,Barred Sand Bass,bass,90.2,59.4,30.8,90.2,100.0,workable,True,72.14,3.926743373493977,3.1496063999999997,9.3,4.498,0.21732990055544216,,1.0,0.5,0.601,0.904,0.85,0.893,,,1.212,"{""sst"": 0.2212, ""season"": 0.0, ""tide"": 0.0313, ""moon"": 0.0378, ""pressure"": 0.0452, ""swell"": 0.0617}",chl,Strong El Nino,2.16,100.0
2026-10-15,sd_bay,San Diego Bay,inshore,spotted_bay_bass,Spotted Bay Bass,bass,90.8,63.6,27.2,90.8,100.0,workable,True,72.14,3.926743373493977,3.1496063999999997,9.3,4.498,0.21732990055544216,,1.0,0.8,0.576,0.761,0.85,1.0,,,1.212,"{""sst"": 0.1612, ""season"": 0.0765, ""tide"": 0.056, ""moon"": 0.0293, ""pressure"": 0.0494, ""swell"": 0.0322}",chl,Strong El Nino,2.16,100.0
2026-09-25,surf_zone,Del Mar to Imperial Beach Surf,inshore,california_halibut,California Halibut,flatfish,11.6,55.7,-44.1,11.6,100.0,workable,False,74.48,4.096452631578956,3.1496063999999997,8.7,,0.9834832009922474,,0.02,0.65,,0.982,,0.828,,,0.779,"{""sst"": -1.4306, ""season"": 0.0833, ""moon"": 0.0536, ""swell"": 0.0801}","tide,pressure,chl",Strong El Nino,2.16,0.0
2026-09-25,surf_zone,Del Mar to Imperial Beach Surf,inshore,calico_bass,Calico Bass (Kelp Bass),bass,97.4,69.1,28.3,97.4,100.0,workable,False,74.48,4.096452631578956,3.1496063999999997,8.7,,0.9834832009922474,,0.922,0.9,,0.854,,0.893,,,1.147,"{""sst"": 0.2338, ""season"": 0.1902, ""moon"": 0.0472, ""swell"": 0.1194}","tide,pressure,chl",Strong El Nino,2.16,100.0
2026-09-25,surf_zone,Del Mar to Imperial Beach Surf,inshore,sand_bass,Barred Sand Bass,bass,96.8,65.7,31.1,96.8,100.0,workable,False,74.48,4.096452631578956,3.1496063999999997,8.7,,0.9834832009922474,,0.922,0.7,,0.854,,0.893,,,1.221,"{""sst"": 0.2621, ""season"": 0.1154, ""moon"": 0.0459, ""swell"": 0.0828}","tide,pressure,chl",Strong El Nino,2.16,100.0
2026-09-25,surf_zone,Del Mar to Imperial Beach Surf,inshore,corbina,California Corbina,surf,98.7,66.4,32.3,98.7,100.0,workable,False,74.48,4.096452631578956,3.1496063999999997,8.7,,0.9834832009922474,,0.922,0.9,,0.854,,0.663,,,1.295,"{""sst"": 0.2518, ""season"": 0.1902, ""moon"": 0.0315, ""swell"": 0.0581}","tide,pressure,chl",Strong El Nino,2.16,100.0
2026-09-25,surf_zone,Del Mar to Imperial Beach Surf,inshore,barred_surfperch,Barred Surfperch,surf,13.2,43.8,-30.6,13.2,100.0,workable,False,74.48,4.096452631578956,3.1496063999999997,8.7,,0.9834832009922474,,0.02,0.45,,0.854,,0.828,,,0.631,"{""sst"": -1.0116, ""season"": -0.0361, ""moon"": 0.0306, ""swell"": 0.1443}","tide,pressure,chl",Strong El Nino,2.16,0.0
2026-09-26,surf_zone,Del Mar to Imperial Beach Surf,inshore,california_halibut,California Halibut,flatfish,45.7,63.9,-18.2,45.7,100.0,workable,False,71.66208333333334,4.291251049040298,3.7401576,10.8,,0.9995517538836435,,0.402,0.65,,1.0,1.0,0.756,,,0.768,"{""sst"": -0.0862, ""season"": 0.0739, ""moon"": 0.0488, ""pressure"": 0.0781, ""swell"": 0.0582}","tide,chl",Strong El Nino,2.16,0.0
2026-09-26,surf_zone,Del Mar to Imperial Beach Surf,inshore,calico_bass,Calico Bass (Kelp Bass),bass,98.2,69.1,29.1,98.2,100.0,workable,False,71.66208333333334,4.291251049040298,3.7401576,10.8,,0.9995517538836435,,1.0,0.9,,0.85,1.0,0.832,,,1.154,"{""sst"": 0.2371, ""season"": 0.1701, ""moon"": 0.0419, ""pressure"": 0.073, ""swell"": 0.0939}","tide,chl",Strong El Nino,2.16,100.0
2026-09-26,surf_zone,Del Mar to Imperial Beach Surf,inshore,sand_bass,Barred Sand Bass,bass,98.1,65.7,32.4,98.1,100.0,workable,False,71.66208333333334,4.291251049040298,3.7401576,10.8,,0.9995517538836435,,1.0,0.7,,0.85,1.0,0.832,,,1.232,"{""sst"": 0.2666, ""season"": 0.1035, ""moon"": 0.0408, ""pressure"": 0.0711, ""swell"": 0.0654}","tide,chl",Strong El Nino,2.16,100.0
2026-09-26,surf_zone,Del Mar to Imperial Beach Surf,inshore,corbina,California Corbina,surf,98.9,66.4,32.5,98.9,100.0,workable,False,71.66208333333334,4.291251049040298,3.7401576,10.8,,0.9995517538836435,,1.0,0.9,,0.85,1.0,0.56,,,1.309,"{""sst"": 0.2696, ""season"": 0.1796, ""moon"": 0.0295, ""pressure"": 0.0385, ""swell"": 0.0219}","tide,chl",Strong El Nino,2.16,100.0
2026-09-26,surf_zone,Del Mar to Imperial Beach Surf,inshore,barred_surfperch,Barred Surfperch,surf,20.8,54.6,-33.8,20.8,100.0,workable,False,71.66208333333334,4.291251049040298,3.7401576,10.8,,0.9995517538836435,,0.075,0.45,,0.85,1.0,0.756,,,0.614,"{""sst"": -0.5484, ""season"": -0.0333, ""moon"": 0.0279, ""pressure"": 0.0547, ""swell"": 0.1088}","tide,chl",Strong El Nino,2.16,0.0
2026-09-27,surf_zone,Del Mar to Imperial Beach Surf,inshore,california_halibut,California Halibut,flatfish,36.3,63.9,-27.6,36.3,100.0,workable,False,72.4125,5.144770570500754,4.0026247999999995,8.4,,0.9921059368700724,,0.279,0.65,,0.991,0.85,0.724,,,0.722,"{""sst"": -0.2297, ""season"": 0.0739, ""moon"": 0.0482, ""pressure"": 0.0598, ""swell"": 0.0521}","tide,chl",Strong El Nino,2.16,0.0
2026-09-27,surf_zone,Del Mar to Imperial Beach Surf,inshore,calico_bass,Calico Bass (Kelp Bass),bass,98.2,69.1,29.1,98.2,100.0,workable,False,72.4125,5.144770570500754,4.0026247999999995,8.4,,0.9921059368700724,,1.0,0.9,,0.852,0.85,0.806,,,1.185,"{""sst"": 0.2371, ""season"": 0.1701, ""moon"": 0.0421, ""pressure"": 0.0559, ""swell"": 0.0879}","tide,chl",Strong El Nino,2.16,100.0
2026-09-27,surf_zone,Del Mar to Imperial Beach Surf,inshore,sand_bass,Barred Sand Bass,bass,98.4,65.7,32.7,98.4,100.0,workable,False,72.4125,5.144770570500754,4.0026247999999995,8.4,,0.9921059368700724,,1.0,0.7,,0.852,0.85,0.806,,,1.278,"{""sst"": 0.2666, ""season"": 0.1035, ""moon"": 0.041, ""pressure"": 0.0544, ""swell"": 0.0612}","tide,chl",Strong El Nino,2.16,100.0
2026-09-27,surf_zone,Del Mar to Imperial Beach Surf,inshore,corbina,California Corbina,surf,99.0,66.3,32.7,99.0,100.0,workable,False,72.4125,5.144770570500754,4.0026247999999995,8.4,,0.9921059368700724,,1.0,0.9,,0.852,0.85,0.514,,,1.35,"{""sst"": 0.2696, ""season"": 0.1796, ""moon"": 0.0296, ""pressure"": 0.0295, ""swell"": 0.0052}","tide,chl",Strong El Nino,2.16,100.0
2026-09-27,surf_zone,Del Mar to Imperial Beach Surf,inshore,barred_surfperch,Barred Surfperch,surf,12.1,54.9,-42.8,12.1,100.0,workable,False,72.4125,5.144770570500754,4.0026247999999995,8.4,,0.9921059368700724,,0.02,0.45,,0.852,0.85,0.724,,,0.537,"{""sst"": -0.9318, ""season"": -0.0333, ""moon"": 0.028, ""pressure"": 0.0419, ""swell"": 0.0974}","tide,chl",Strong El Nino,2.16,0.0
2026-09-28,surf_zone,Del Mar to Imperial Beach Surf,inshore,california_halibut,California Halibut,flatfish,31.4,63.9,-32.5,31.4,100.0,workable,False,72.825,5.672496210966472,4.3963256,10.3,,0.9600738604541995,,0.212,0.65,,0.956,1.0,0.676,,,0.694,"{""sst"": -0.3385, ""season"": 0.0739, ""moon"": 0.0457, ""pressure"": 0.0781, ""swell"": 0.0424}","tide,chl",Strong El Nino,2.16,0.0
2026-09-28,surf_zone,Del Mar to Imperial Beach Surf,inshore,calico_bass,Calico Bass (Kelp Bass),bass,98.6,69.1,29.5,98.6,100.0,workable,False,72.825,5.672496210966472,4.3963256,10.3,,0.9600738604541995,,1.0,0.9,,0.86,1.0,0.765,,,1.204,"{""sst"": 0.2371, ""season"": 0.1701, ""moon"": 0.0428, ""pressure"": 0.073, ""swell"": 0.0784}","tide,chl",Strong El Nino,2.16,100.0
2026-09-28,surf_zone,Del Mar to Imperial Beach Surf,inshore,sand_bass,Barred Sand Bass,bass,98.9,65.6,33.3,98.9,100.0,workable,False,72.825,5.672496210966472,4.3963256,10.3,,0.9600738604541995,,1.0,0.7,,0.86,1.0,0.765,,,1.306,"{""sst"": 0.2666, ""season"": 0.1035, ""moon"": 0.0417, ""pressure"": 0.0711, ""swell"": 0.0546}","tide,chl",Strong El Nino,2.16,100.0
2026-09-28,surf_zone,Del Mar to Imperial Beach Surf,inshore,corbina,California Corbina,surf,98.7,66.3,32.4,98.7,100.0,workable,False,72.825,5.672496210966472,4.3963256,10.3,,0.9600738604541995,,1.0,0.9,,0.86,1.0,0.445,,,1.35,"{""sst"": 0.2696, ""season"": 0.1796, ""moon"": 0.0301, ""pressure"": 0.0385, ""swell"": -0.0228}","tide,chl",Strong El Nino,2.16,100.0
2026-09-28,surf_zone,Del Mar to Imperial Beach Surf,inshore,barred_surfperch,Barred Surfperch,surf,11.0,55.1,-44.1,11.0,100.0,workable,False,72.825,5.672496210966472,4.3963256,10.3,,0.9600738604541995,,0.02,0.45,,0.86,1.0,0.676,,,0.489,"{""sst"": -0.9318, ""season"": -0.0333, ""moon"": 0.0285, ""pressure"": 0.0547, ""swell"": 0.0792}","tide,chl",Strong El Nino,2.16,0.0
2026-09-29,surf_zone,Del Mar to Imperial Beach Surf,inshore,california_halibut,California Halibut,flatfish,52.7,63.8,-11.1,54.2,95.8,5.1 ft seas,False,70.50083333333333,3.415671192133786,5.0524936,9.3,,0.9040301216596538,,0.592,0.65,,0.894,1.0,0.595,,,0.816,"{""sst"": 0.0663, ""season"": 0.0739, ""moon"": 0.041, ""pressure"": 0.0781, ""swell"": 0.0245}","tide,chl",Strong El Nino,2.16,0.0
2026-09-29,surf_zone,Del Mar to Imperial Beach Surf,inshore,calico_bass,Calico Bass (Kelp Bass),bass,95.6,69.0,26.6,96.6,95.8,5.1 ft seas,False,70.50083333333333,3.415671192133786,5.0524936,9.3,,0.9040301216596538,,1.0,0.9,,0.874,1.0,0.698,,,1.123,"{""sst"": 0.2371, ""season"": 0.1701, ""moon"": 0.0441, ""pressure"": 0.073, ""swell"": 0.0616}","tide,chl",Strong El Nino,2.16,100.0
2026-09-29,surf_zone,Del Mar to Imperial Beach Surf,inshore,sand_bass,Barred Sand Bass,bass,95.3,65.6,29.7,96.4,95.8,5.1 ft seas,False,70.50083333333333,3.415671192133786,5.0524936,9.3,,0.9040301216596538,,1.0,0.7,,0.874,1.0,0.698,,,1.184,"{""sst"": 0.2666, ""season"": 0.1035, ""moon"": 0.043, ""pressure"": 0.0711, ""swell"": 0.0428}","tide,chl",Strong El Nino,2.16,100.0
2026-09-29,surf_zone,Del Mar to Imperial Beach Surf,inshore,corbina,California Corbina,surf,93.2,66.2,27.0,94.8,95.8,5.1 ft seas,False,70.50083333333333,3.415671192133786,5.0524936,9.3,,0.9040301216596538,,1.0,0.9,,0.874,1.0,0.33,,,1.246,"{""sst"": 0.2696, ""season"": 0.1796, ""moon"": 0.031, ""pressure"": 0.0385, ""swell"": -0.0809}","tide,chl",Strong El Nino,2.16,100.0
2026-09-29,surf_zone,Del Mar to Imperial Beach Surf,inshore,barred_surfperch,Barred Surfperch,surf,30.9,55.2,-24.3,31.7,95.8,5.1 ft seas,False,70.50083333333333,3.415671192133786,5.0524936,9.3,,0.9040301216596538,,0.265,0.45,,0.874,1.0,0.595,,,0.693,"{""sst"": -0.1839, ""season"": -0.0333, ""moon"": 0.0294, ""pressure"": 0.0547, ""swell"": 0.0459}","tide,chl",Strong El Nino,2.16,0.0
2026-09-30,surf_zone,Del Mar to Imperial Beach Surf,inshore,california_halibut,California Halibut,flatfish,40.5,63.8,-23.3,40.5,100.0,workable,False,71.78375,4.7443101381915085,3.5433072,10.0,,0.8263179887803223,,0.382,0.65,,0.809,0.6,0.78,,,0.744,"{""sst"": -0.1062, ""season"": 0.0739, ""moon"": 0.0339, ""pressure"": 0.0205, ""swell"": 0.0627}","tide,chl",Strong El Nino,2.16,0.0
2026-09-30,surf_zone,Del Mar to Imperial Beach Surf,inshore,calico_bass,Calico Bass (Kelp Bass),bass,97.4,69.0,28.4,97.4,100.0,workable,False,71.78375,4.7443101381915085,3.5433072,10.0,,0.8263179887803223,,1.0,0.9,,0.893,0.6,0.853,,,1.171,"{""sst"": 0.2371, ""season"": 0.1701, ""moon"": 0.0458, ""pressure"": 0.0192, ""swell"": 0.0983}","tide,chl",Strong El Nino,2.16,100.0
2026-09-30,surf_zone,Del Mar to Imperial Beach Surf,inshore,sand_bass,Barred Sand Bass,bass,97.5,65.6,31.9,97.5,100.0,workable,False,71.78375,4.7443101381915085,3.5433072,10.0,,0.8263179887803223,,1.0,0.7,,0.893,0.6,0.853,,,1.256,"{""sst"": 0.2666, ""season"": 0.1035, ""moon"": 0.0446, ""pressure"": 0.0187, ""swell"": 0.0684}","tide,chl",Strong El Nino,2.16,100.0
2026-09-30,surf_zone,Del Mar to Imperial Beach Surf,inshore,corbina,California Corbina,surf,99.0,66.2,32.8,99.0,100.0,workable,False,71.78375,4.7443101381915085,3.5433072,10.0,,0.8263179887803223,,1.0,0.9,,0.893,0.6,0.594,,,1.342,"{""sst"": 0.2696, ""season"": 0.1796, ""moon"": 0.0322, ""pressure"": 0.0101, ""swell"": 0.0335}","tide,chl",Strong El Nino,2.16,100.0
2026-09-30,surf_zone,Del Mar to Imperial Beach Surf,inshore,barred_surfperch,Barred Surfperch,surf,17.2,55.3,-38.1,17.2,100.0,workable,False,71.78375,4.7443101381915085,3.5433072,10.0,,0.8263179887803223,,0.055,0.45,,0.893,0.6,0.78,,,0.573,"{""sst"": -0.6373, ""season"": -0.0333, ""moon"": 0.0305, ""pressure"": 0.0144, ""swell"": 0.1171}","tide,chl",Strong El Nino,2.16,0.0
2026-10-01,surf_zone,Del Mar to Imperial Beach Surf,inshore,california_halibut,California Halibut,flatfish,36.0,60.6,-24.6,36.0,100.0,workable,False,71.95833333333333,4.955103036409682,3.0183728000000003,9.1,,0.7309239695760712,,0.353,0.5,,0.704,0.6,0.845,,,0.732,"{""sst"": -0.1368, ""season"": 0.0, ""moon"": 0.0241, ""pressure"": 0.0205, ""swell"": 0.0738}","tide,chl",Strong El Nino,2.16,0.0
2026-10-01,surf_zone,Del Mar to Imperial Beach Surf,inshore,calico_bass,Calico Bass (Kelp Bass),bass,95.6,65.3,30.3,95.6,100.0,workable,False,71.95833333333333,4.955103036409682,3.0183728000000003,9.1,,0.7309239695760712,,1.0,0.7,,0.917,0.6,0.906,,,1.178,"{""sst"": 0.2371, ""season"": 0.0974, ""moon"": 0.0479, ""pressure"": 0.0192, ""swell"": 0.1095}","tide,chl",Strong El Nino,2.16,100.0
2026-10-01,surf_zone,Del Mar to Imperial Beach Surf,inshore,sand_bass,Barred Sand Bass,bass,94.1,60.5,33.6,94.1,100.0,workable,False,71.95833333333333,4.955103036409682,3.0183728000000003,9.1,,0.7309239695760712,,1.0,0.5,,0.917,0.6,0.906,,,1.268,"{""sst"": 0.2666, ""season"": 0.0, ""moon"": 0.0467, ""pressure"": 0.0187, ""swell"": 0.0762}","tide,chl",Strong El Nino,2.16,100.0
2026-10-01,surf_zone,Del Mar to Imperial Beach Surf,inshore,corbina,California Corbina,surf,97.5,60.5,37.0,97.5,100.0,workable,False,71.95833333333333,4.955103036409682,3.0183728000000003,9.1,,0.7309239695760712,,1.0,0.6,,0.917,0.6,0.686,,,1.35,"{""sst"": 0.2696, ""season"": 0.0557, ""moon"": 0.0337, ""pressure"": 0.0101, ""swell"": 0.0615}","tide,chl",Strong El Nino,2.16,100.0
2026-10-01,surf_zone,Del Mar to Imperial Beach Surf,inshore,barred_surfperch,Barred Surfperch,surf,15.1,59.4,-44.3,15.1,100.0,workable,False,71.95833333333333,4.955103036409682,3.0183728000000003,9.1,,0.7309239695760712,,0.027,0.6,,0.917,0.6,0.845,,,0.554,"{""sst"": -0.847, ""season"": 0.0576, ""moon"": 0.0319, ""pressure"": 0.0144, ""swell"": 0.1379}","tide,chl",Strong El Nino,2.16,0.0
2026-10-02,surf_zone,Del Mar to Imperial Beach Surf,inshore,california_halibut,California Halibut,flatfish,42.5,60.6,-18.1,42.5,100.0,workable,False,71.36,4.364678809941424,2.952756,8.0,,0.6231352998941142,,0.451,0.5,,0.585,0.85,0.853,,,0.764,"{""sst"": -0.0405, ""season"": 0.0, ""moon"": 0.0111, ""pressure"": 0.0598, ""swell"": 0.0752}","tide,chl",Strong El Nino,2.16,0.0
2026-10-02,surf_zone,Del Mar to Imperial Beach Surf,inshore,calico_bass,Calico Bass (Kelp Bass),bass,96.5,65.3,31.2,96.5,100.0,workable,False,71.36,4.364678809941424,2.952756,8.0,,0.6231352998941142,,1.0,0.7,,0.944,0.85,0.913,,,1.157,"{""sst"": 0.2371, ""season"": 0.0974, ""moon"": 0.0502, ""pressure"": 0.0559, ""swell"": 0.1109}","tide,chl",Strong El Nino,2.16,100.0
2026-10-02,surf_zone,Del Mar to Imperial Beach Surf,inshore,sand_bass,Barred Sand Bass,bass,94.8,60.5,34.3,94.8,100.0,workable,False,71.36,4.364678809941424,2.952756,8.0,,0.6231352998941142,,1.0,0.5,,0.944,0.85,0.913,,,1.236,"{""sst"": 0.2666, ""season"": 0.0, ""moon"": 0.0489, ""pressure"": 0.0544, ""swell"": 0.0772}","tide,chl",Strong El Nino,2.16,100.0
2026-10-02,surf_zone,Del Mar to Imperial Beach Surf,inshore,corbina,California Corbina,surf,97.4,60.5,36.9,97.4,100.0,workable,False,71.36,4.364678809941424,2.952756,8.0,,0.6231352998941142,,1.0,0.6,,0.944,0.85,0.697,,,1.314,"{""sst"": 0.2696, ""season"": 0.0557, ""moon"": 0.0353, ""pressure"": 0.0295, ""swell"": 0.0647}","tide,chl",Strong El Nino,2.16,100.0
2026-10-02,surf_zone,Del Mar to Imperial Beach Surf,inshore,barred_surfperch,Barred Surfperch,surf,26.7,59.4,-32.7,26.7,100.0,workable,False,71.36,4.364678809941424,2.952756,8.0,,0.6231352998941142,,0.125,0.6,,0.944,0.85,0.853,,,0.607,"{""sst"": -0.4024, ""season"": 0.0576, ""moon"": 0.0335, ""pressure"": 0.0419, ""swell"": 0.1404}","tide,chl",Strong El Nino,2.16,0.0
2026-10-03,surf_zone,Del Mar to Imperial Beach Surf,inshore,california_halibut,California Halibut,flatfish,51.5,60.6,-9.1,51.5,100.0,workable,False,70.52083333333333,3.5483162307590703,2.7559055999999997,6.4,5.061,0.5090574688798968,,0.588,0.5,0.726,0.46,0.85,0.877,,,0.808,"{""sst"": 0.0479, ""season"": 0.0, ""tide"": 0.0944, ""moon"": -0.0044, ""pressure"": 0.0447, ""swell"": 0.0591}",chl,Strong El Nino,2.16,0.0
2026-10-03,surf_zone,Del Mar to Imperial Beach Surf,inshore,calico_bass,Calico Bass (Kelp Bass),bass,94.5,65.3,29.2,94.5,100.0,workable,False,70.52083333333333,3.5483162307590703,2.7559055999999997,6.4,5.061,0.5090574688798968,,1.0,0.7,0.75,0.973,0.85,0.933,,,1.128,"{""sst"": 0.1959, ""season"": 0.0805, ""tide"": 0.0706, ""moon"": 0.0434, ""pressure"": 0.0461, ""swell"": 0.0949}",chl,Strong El Nino,2.16,100.0
2026-10-03,surf_zone,Del Mar to Imperial Beach Surf,inshore,sand_bass,Barred Sand Bass,bass,92.5,60.5,32.0,92.5,100.0,workable,False,70.52083333333333,3.5483162307590703,2.7559055999999997,6.4,5.061,0.5090574688798968,,1.0,0.5,0.75,0.973,0.85,0.933,,,1.192,"{""sst"": 0.2212, ""season"": 0.0, ""tide"": 0.0691, ""moon"": 0.0425, ""pressure"": 0.0452, ""swell"": 0.0664}",chl,Strong El Nino,2.16,100.0
2026-10-03,surf_zone,Del Mar to Imperial Beach Surf,inshore,corbina,California Corbina,surf,96.0,60.5,35.5,96.0,100.0,workable,False,70.52083333333333,3.5483162307590703,2.7559055999999997,6.4,5.061,0.5090574688798968,,1.0,0.6,0.768,0.973,0.85,0.732,,,1.255,"{""sst"": 0.2022, ""season"": 0.0418, ""tide"": 0.1074, ""moon"": 0.0277, ""pressure"": 0.0221, ""swell"": 0.0556}",chl,Strong El Nino,2.16,100.0
2026-10-03,surf_zone,Del Mar to Imperial Beach Surf,inshore,barred_surfperch,Barred Surfperch,surf,39.9,59.4,-19.5,39.9,100.0,workable,False,70.52083333333333,3.5483162307590703,2.7559055999999997,6.4,5.061,0.5090574688798968,,0.262,0.6,0.75,0.973,0.85,0.877,,,0.681,"{""sst"": -0.1485, ""season"": 0.0456, ""tide"": 0.0846, ""moon"": 0.0277, ""pressure"": 0.0332, ""swell"": 0.117}",chl,Strong El Nino,2.16,0.0
2026-10-04,surf_zone,Del Mar to Imperial Beach Surf,inshore,california_halibut,California Halibut,flatfish,39.3,60.5,-21.2,39.3,100.0,workable,False,71.19541666666667,4.255902531302468,2.3622047999999998,7.8,2.063,0.3950846566449676,,0.478,0.5,0.406,0.565,0.6,0.925,,,0.77,"{""sst"": -0.0132, ""season"": 0.0, ""tide"": -0.0527, ""moon"": 0.0065, ""pressure"": 0.0154, ""swell"": 0.0648}",chl,Strong El Nino,2.16,0.0
2026-10-04,surf_zone,Del Mar to Imperial Beach Surf,inshore,calico_bass,Calico Bass (Kelp Bass),bass,87.1,65.3,21.8,87.1,100.0,workable,False,71.19541666666667,4.255902531302468,2.3622047999999998,7.8,2.063,0.3950846566449676,,1.0,0.7,0.44,0.949,0.6,0.973,,,1.153,"{""sst"": 0.1959, ""season"": 0.0805, ""tide"": -0.0224, ""moon"": 0.0418, ""pressure"": 0.0159, ""swell"": 0.1013}",chl,Strong El Nino,2.16,100.0
2026-10-04,surf_zone,Del Mar to Imperial Beach Surf,inshore,sand_bass,Barred Sand Bass,bass,85.2,60.5,24.7,85.2,100.0,workable,False,71.19541666666667,4.255902531302468,2.3622047999999998,7.8,2.063,0.3950846566449676,,1.0,0.5,0.44,0.949,0.6,0.973,,,1.23,"{""sst"": 0.2212, ""season"": 0.0, ""tide"": -0.0219, ""moon"": 0.0409, ""pressure"": 0.0155, ""swell"": 0.0709}",chl,Strong El Nino,2.16,100.0
2026-10-04,surf_zone,Del Mar to Imperial Beach Surf,inshore,corbina,California Corbina,surf,95.8,60.5,35.3,95.8,100.0,workable,False,71.19541666666667,4.255902531302468,2.3622047999999998,7.8,2.063,0.3950846566449676,,1.0,0.6,0.65,0.949,0.6,0.801,,,1.306,"{""sst"": 0.2022, ""season"": 0.0418, ""tide"": 0.0657, ""moon"": 0.0267, ""pressure"": 0.0076, ""swell"": 0.0687}",chl,Strong El Nino,2.16,100.0
2026-10-04,surf_zone,Del Mar to Imperial Beach Surf,inshore,barred_surfperch,Barred Surfperch,surf,28.2,59.5,-31.3,28.2,100.0,workable,False,71.19541666666667,4.255902531302468,2.3622047999999998,7.8,2.063,0.3950846566449676,,0.151,0.6,0.44,0.949,0.6,0.925,,,0.617,"{""sst"": -0.2738, ""season"": 0.0456, ""tide"": -0.0268, ""moon"": 0.0267, ""pressure"": 0.0114, ""swell"": 0.1282}",chl,Strong El Nino,2.16,0.0
2026-10-05,surf_zone,Del Mar to Imperial Beach Surf,inshore,california_halibut,California Halibut,flatfish,45.4,60.5,-15.1,45.4,100.0,workable,False,71.31458333333333,4.427626314366719,2.8215224,7.7,5.446,0.2874014624345155,,0.459,0.5,0.693,0.684,0.85,0.869,,,0.761,"{""sst"": -0.0255, ""season"": 0.0, ""tide"": 0.0823, ""moon"": 0.0165, ""pressure"": 0.0447, ""swell"": 0.0581}",chl,Strong El Nino,2.16,0.0
2026-10-05,surf_zone,Del Mar to Imperial Beach Surf,inshore,calico_bass,Calico Bass (Kelp Bass),bass,95.2,65.3,29.9,95.2,100.0,workable,False,71.31458333333333,4.427626314366719,2.8215224,7.7,5.446,0.2874014624345155,,1.0,0.7,0.713,0.922,0.85,0.926,,,1.159,"{""sst"": 0.1959, ""season"": 0.0805, ""tide"": 0.0616, ""moon"": 0.0399, ""pressure"": 0.0461, ""swell"": 0.0938}",chl,Strong El Nino,2.16,100.0
2026-10-05,surf_zone,Del Mar to Imperial Beach Surf,inshore,sand_bass,Barred Sand Bass,bass,94.2,60.5,33.7,94.2,100.0,workable,False,71.31458333333333,4.427626314366719,2.8215224,7.7,5.446,0.2874014624345155,,1.0,0.5,0.713,0.922,0.85,0.926,,,1.239,"{""sst"": 0.2212, ""season"": 0.0, ""tide"": 0.0603, ""moon"": 0.039, ""pressure"": 0.0452, ""swell"": 0.0656}",chl,Strong El Nino,2.16,100.0
2026-10-05,surf_zone,Del Mar to Imperial Beach Surf,inshore,corbina,California Corbina,surf,97.8,60.4,37.4,97.8,100.0,workable,False,71.31458333333333,4.427626314366719,2.8215224,7.7,5.446,0.2874014624345155,,1.0,0.6,0.807,0.922,0.85,0.72,,,1.319,"{""sst"": 0.2022, ""season"": 0.0418, ""tide"": 0.1198, ""moon"": 0.0255, ""pressure"": 0.0221, ""swell"": 0.0533}",chl,Strong El Nino,2.16,100.0
2026-10-05,surf_zone,Del Mar to Imperial Beach Surf,inshore,barred_surfperch,Barred Surfperch,surf,29.7,59.6,-29.9,29.7,100.0,workable,False,71.31458333333333,4.427626314366719,2.8215224,7.7,5.446,0.2874014624345155,,0.132,0.6,0.713,0.922,0.85,0.869,,,0.602,"{""sst"": -0.3053, ""season"": 0.0456, ""tide"": 0.0739, ""moon"": 0.0255, ""pressure"": 0.0332, ""swell"": 0.1151}",chl,Strong El Nino,2.16,0.0
2026-10-06,surf_zone,Del Mar to Imperial Beach Surf,inshore,california_halibut,California Halibut,flatfish,43.1,60.5,-17.4,43.1,100.0,workable,False,71.54875,4.763022695466063,3.2152232,8.1,5.657,0.19156317691553915,,0.42,0.5,0.65,0.789,1.0,0.82,,,0.743,"{""sst"": -0.0511, ""season"": 0.0, ""tide"": 0.0661, ""moon"": 0.024, ""pressure"": 0.0584, ""swell"": 0.0521}",chl,Strong El Nino,2.16,0.0
2026-10-06,surf_zone,Del Mar to Imperial Beach Surf,inshore,calico_bass,Calico Bass (Kelp Bass),bass,95.4,65.3,30.1,95.4,100.0,workable,False,71.54875,4.763022695466063,3.2152232,8.1,5.657,0.19156317691553915,,1.0,0.7,0.666,0.898,1.0,0.886,,,1.171,"{""sst"": 0.1959, ""season"": 0.0805, ""tide"": 0.0499, ""moon"": 0.0382, ""pressure"": 0.0603, ""swell"": 0.0871}",chl,Strong El Nino,2.16,100.0
2026-10-06,surf_zone,Del Mar to Imperial Beach Surf,inshore,sand_bass,Barred Sand Bass,bass,94.7,60.5,34.2,94.7,100.0,workable,False,71.54875,4.763022695466063,3.2152232,8.1,5.657,0.19156317691553915,,1.0,0.5,0.666,0.898,1.0,0.886,,,1.257,"{""sst"": 0.2212, ""season"": 0.0, ""tide"": 0.0489, ""moon"": 0.0374, ""pressure"": 0.059, ""swell"": 0.0609}",chl,Strong El Nino,2.16,100.0
2026-10-06,surf_zone,Del Mar to Imperial Beach Surf,inshore,corbina,California Corbina,surf,98.1,60.4,37.7,98.1,100.0,workable,False,71.54875,4.763022695466063,3.2152232,8.1,5.657,0.19156317691553915,,1.0,0.6,0.827,0.898,1.0,0.651,,,1.343,"{""sst"": 0.2022, ""season"": 0.0418, ""tide"": 0.1258, ""moon"": 0.0244, ""pressure"": 0.0289, ""swell"": 0.0386}",chl,Strong El Nino,2.16,100.0
2026-10-06,surf_zone,Del Mar to Imperial Beach Surf,inshore,barred_surfperch,Barred Surfperch,surf,25.7,59.8,-34.1,25.7,100.0,workable,False,71.54875,4.763022695466063,3.2152232,8.1,5.657,0.19156317691553915,,0.094,0.6,0.666,0.898,1.0,0.82,,,0.571,"{""sst"": -0.3837, ""season"": 0.0456, ""tide"": 0.0598, ""moon"": 0.0244, ""pressure"": 0.0433, ""swell"": 0.1032}",chl,Strong El Nino,2.16,0.0
2026-10-07,surf_zone,Del Mar to Imperial Beach Surf,inshore,california_halibut,California Halibut,flatfish,35.3,60.5,-25.2,35.3,100.0,workable,False,72.2925,5.6231264588741965,3.8057744,7.8,5.589,0.11217175383480282,,0.299,0.5,0.608,0.877,0.85,0.748,,,0.696,"{""sst"": -0.1517, ""season"": 0.0, ""tide"": 0.0495, ""moon"": 0.0296, ""pressure"": 0.0447, ""swell"": 0.0424}",chl,Strong El Nino,2.16,0.0
2026-10-07,surf_zone,Del Mar to Imperial Beach Surf,inshore,calico_bass,Calico Bass (Kelp Bass),bass,94.8,65.3,29.5,94.8,100.0,workable,False,72.2925,5.6231264588741965,3.8057744,7.8,5.589,0.11217175383480282,,1.0,0.7,0.623,0.878,0.85,0.826,,,1.202,"{""sst"": 0.1959, ""season"": 0.0805, ""tide"": 0.0384, ""moon"": 0.0367, ""pressure"": 0.0461, ""swell"": 0.0763}",chl,Strong El Nino,2.16,100.0
2026-10-07,surf_zone,Del Mar to Imperial Beach Surf,inshore,sand_bass,Barred Sand Bass,bass,94.8,60.5,34.3,94.8,100.0,workable,False,72.2925,5.6231264588741965,3.8057744,7.8,5.589,0.11217175383480282,,1.0,0.5,0.623,0.878,0.85,0.826,,,1.304,"{""sst"": 0.2212, ""season"": 0.0, ""tide"": 0.0376, ""moon"": 0.0359, ""pressure"": 0.0452, ""swell"": 0.0534}",chl,Strong El Nino,2.16,100.0
2026-10-07,surf_zone,Del Mar to Imperial Beach Surf,inshore,corbina,California Corbina,surf,97.4,60.5,36.9,97.4,100.0,workable,False,72.2925,5.6231264588741965,3.8057744,7.8,5.589,0.11217175383480282,,1.0,0.6,0.818,0.878,0.85,0.548,,,1.35,"{""sst"": 0.2022, ""season"": 0.0418, ""tide"": 0.1229, ""moon"": 0.0235, ""pressure"": 0.0221, ""swell"": 0.0134}",chl,Strong El Nino,2.16,100.0
2026-10-07,surf_zone,Del Mar to Imperial Beach Surf,inshore,barred_surfperch,Barred Surfperch,surf,14.9,60.1,-45.2,14.9,100.0,workable,False,72.2925,5.6231264588741965,3.8057744,7.8,5.589,0.11217175383480282,,0.02,0.6,0.623,0.878,0.85,0.748,,,0.494,"{""sst"": -0.7377, ""season"": 0.0456, ""tide"": 0.046, ""moon"": 0.0235, ""pressure"": 0.0332, ""swell"": 0.0839}",chl,Strong El Nino,2.16,0.0
2026-10-08,surf_zone,Del Mar to Imperial Beach Surf,inshore,california_halibut,California Halibut,flatfish,41.7,60.5,-18.8,41.7,100.0,workable,False,71.72887029288704,5.177419335057621,3.8713911999999997,7.8,5.356,0.052647815303152434,,0.391,0.5,0.743,0.942,0.85,0.74,,,0.72,"{""sst"": -0.0725, ""season"": 0.0, ""tide"": 0.1001, ""moon"": 0.0333, ""pressure"": 0.0447, ""swell"": 0.0413}",chl,Strong El Nino,2.16,0.0
2026-10-08,surf_zone,Del Mar to Imperial Beach Surf,inshore,calico_bass,Calico Bass (Kelp Bass),bass,95.7,65.3,30.4,95.7,100.0,workable,False,71.72887029288704,5.177419335057621,3.8713911999999997,7.8,5.356,0.052647815303152434,,1.0,0.7,0.762,0.863,0.85,0.819,,,1.186,"{""sst"": 0.1959, ""season"": 0.0805, ""tide"": 0.0732, ""moon"": 0.0356, ""pressure"": 0.0461, ""swell"": 0.0751}",chl,Strong El Nino,2.16,100.0
2026-10-08,surf_zone,Del Mar to Imperial Beach Surf,inshore,sand_bass,Barred Sand Bass,bass,95.5,60.5,35.0,95.5,100.0,workable,False,71.72887029288704,5.177419335057621,3.8713911999999997,7.8,5.356,0.052647815303152434,,1.0,0.5,0.762,0.863,0.85,0.819,,,1.28,"{""sst"": 0.2212, ""season"": 0.0, ""tide"": 0.0716, ""moon"": 0.0349, ""pressure"": 0.0452, ""swell"": 0.0525}",chl,Strong El Nino,2.16,100.0
2026-10-08,surf_zone,Del Mar to Imperial Beach Surf,inshore,corbina,California Corbina,surf,97.2,60.5,36.7,97.2,100.0,workable,False,71.72887029288704,5.177419335057621,3.8713911999999997,7.8,5.356,0.052647815303152434,,1.0,0.6,0.811,0.863,0.85,0.537,,,1.35,"{""sst"": 0.2022, ""season"": 0.0418, ""tide"": 0.121, ""moon"": 0.0227, ""pressure"": 0.0221, ""swell"": 0.0103}",chl,Strong El Nino,2.16,100.0
2026-10-08,surf_zone,Del Mar to Imperial Beach Surf,inshore,barred_surfperch,Barred Surfperch,surf,21.9,60.5,-38.6,21.9,100.0,workable,False,71.72887029288704,5.177419335057621,3.8713911999999997,7.8,5.356,0.052647815303152434,,0.064,0.6,0.762,0.863,0.85,0.74,,,0.534,"{""sst"": -0.4701, ""season"": 0.0456, ""tide"": 0.0877, ""moon"": 0.0227, ""pressure"": 0.0332, ""swell"": 0.0817}",chl,Strong El Nino,2.16,0.0
2026-10-09,surf_zone,Del Mar to Imperial Beach Surf,inshore,california_halibut,California Halibut,flatfish,41.9,60.6,-18.7,41.9,100.0,workable,False,71.34580152671755,4.873902008607089,4.1338584,8.1,5.472,0.015097468607471298,,0.454,0.5,0.555,0.983,1.0,0.708,,,0.737,"{""sst"": -0.0288, ""season"": 0.0, ""tide"": 0.0264, ""moon"": 0.0356, ""pressure"": 0.0584, ""swell"": 0.0366}",chl,Strong El Nino,2.16,0.0
2026-10-09,surf_zone,Del Mar to Imperial Beach Surf,inshore,calico_bass,Calico Bass (Kelp Bass),bass,92.9,65.3,27.6,92.9,100.0,workable,False,71.34580152671755,4.873902008607089,4.1338584,8.1,5.472,0.015097468607471298,,1.0,0.7,0.569,0.854,1.0,0.792,,,1.175,"{""sst"": 0.1959, ""season"": 0.0805, ""tide"": 0.0226, ""moon"": 0.0349, ""pressure"": 0.0603, ""swell"": 0.07}",chl,Strong El Nino,2.16,100.0
2026-10-09,surf_zone,Del Mar to Imperial Beach Surf,inshore,sand_bass,Barred Sand Bass,bass,92.5,60.5,32.0,92.5,100.0,workable,False,71.34580152671755,4.873902008607089,4.1338584,8.1,5.472,0.015097468607471298,,1.0,0.5,0.569,0.854,1.0,0.792,,,1.263,"{""sst"": 0.2212, ""season"": 0.0, ""tide"": 0.0221, ""moon"": 0.0342, ""pressure"": 0.059, ""swell"": 0.049}",chl,Strong El Nino,2.16,100.0
2026-10-09,surf_zone,Del Mar to Imperial Beach Surf,inshore,corbina,California Corbina,surf,97.1,60.5,36.6,97.1,100.0,workable,False,71.34580152671755,4.873902008607089,4.1338584,8.1,5.472,0.015097468607471298,,1.0,0.6,0.818,0.854,1.0,0.491,,,1.35,"{""sst"": 0.2022, ""season"": 0.0418, ""tide"": 0.1231, ""moon"": 0.0223, ""pressure"": 0.0289, ""swell"": -0.0028}",chl,Strong El Nino,2.16,100.0
2026-10-09,surf_zone,Del Mar to Imperial Beach Surf,inshore,barred_surfperch,Barred Surfperch,surf,25.3,60.7,-35.4,25.3,100.0,workable,False,71.34580152671755,4.873902008607089,4.1338584,8.1,5.472,0.015097468607471298,,0.127,0.6,0.569,0.854,1.0,0.708,,,0.561,"{""sst"": -0.3143, ""season"": 0.0456, ""tide"": 0.027, ""moon"": 0.0223, ""pressure"": 0.0433, ""swell"": 0.0724}",chl,Strong El Nino,2.16,0.0
2026-10-10,surf_zone,Del Mar to Imperial Beach Surf,inshore,california_halibut,California Halibut,flatfish,21.4,57.3,-35.9,21.6,98.9,workable,True,73.85,4.7418315789473695,3.8713911999999997,12.3,5.891,0.0002792167927752054,,0.045,0.5,0.568,1.0,1.0,0.74,,,0.744,"{""sst"": -0.713, ""season"": 0.0, ""tide"": 0.0321, ""moon"": 0.0365, ""pressure"": 0.0584, ""swell"": 0.0413}",chl,Strong El Nino,2.16,0.0
2026-10-10,surf_zone,Del Mar to Imperial Beach Surf,inshore,calico_bass,Calico Bass (Kelp Bass),bass,92.7,65.3,27.4,93.2,98.9,workable,True,73.85,4.7418315789473695,3.8713911999999997,12.3,5.891,0.0002792167927752054,,1.0,0.7,0.58,0.85,1.0,0.819,,,1.171,"{""sst"": 0.1959, ""season"": 0.0805, ""tide"": 0.0257, ""moon"": 0.0346, ""pressure"": 0.0603, ""swell"": 0.0751}",chl,Strong El Nino,2.16,100.0
2026-10-10,surf_zone,Del Mar to Imperial Beach Surf,inshore,sand_bass,Barred Sand Bass,bass,92.0,60.5,31.5,92.5,98.9,workable,True,73.85,4.7418315789473695,3.8713911999999997,12.3,5.891,0.0002792167927752054,,1.0,0.5,0.58,0.85,1.0,0.819,,,1.256,"{""sst"": 0.2212, ""season"": 0.0, ""tide"": 0.0252, ""moon"": 0.0339, ""pressure"": 0.059, ""swell"": 0.0525}",chl,Strong El Nino,2.16,100.0
2026-10-10,surf_zone,Del Mar to Imperial Beach Surf,inshore,corbina,California Corbina,surf,96.9,60.5,36.4,97.1,98.9,workable,True,73.85,4.7418315789473695,3.8713911999999997,12.3,5.891,0.0002792167927752054,,1.0,0.6,0.798,0.85,1.0,0.537,,,1.341,"{""sst"": 0.2022, ""season"": 0.0418, ""tide"": 0.1168, ""moon"": 0.0221, ""pressure"": 0.0289, ""swell"": 0.0103}",chl,Strong El Nino,2.16,100.0
2026-10-10,surf_zone,Del Mar to Imperial Beach Surf,inshore,barred_surfperch,Barred Surfperch,surf,17.0,52.8,-35.8,17.1,98.9,workable,True,73.85,4.7418315789473695,3.8713911999999997,12.3,5.891,0.0002792167927752054,,0.02,0.6,0.58,0.85,1.0,0.74,,,0.573,"{""sst"": -0.7377, ""season"": 0.0456, ""tide"": 0.0308, ""moon"": 0.0221, ""pressure"": 0.0433, ""swell"": 0.0817}",chl,Strong El Nino,2.16,0.0
2026-10-11,surf_zone,Del Mar to Imperial Beach Surf,inshore,california_halibut,California Halibut,flatfish,10.7,57.6,-46.9,22.0,21.2,"20 kt wind, 14.3 ft seas",True,73.4,4.412075294117656,14.3044624,20.5,6.0280000000000005,0.007679795233243747,,0.118,0.5,0.582,0.992,0.85,0.05,,,0.762,"{""sst"": -0.4256, ""season"": 0.0, ""tide"": 0.0383, ""moon"": 0.036, ""pressure"": 0.0447, ""swell"": -0.2424}",chl,Strong El Nino,2.16,0.0
2026-10-11,surf_zone,Del Mar to Imperial Beach Surf,inshore,calico_bass,Calico Bass (Kelp Bass),bass,29.3,65.3,-36.0,60.1,21.2,"20 kt wind, 14.3 ft seas",True,73.4,4.412075294117656,14.3044624,20.5,6.0280000000000005,0.007679795233243747,,1.0,0.7,0.593,0.852,0.85,0.05,,,1.159,"{""sst"": 0.1959, ""season"": 0.0805, ""tide"": 0.0298, ""moon"": 0.0348, ""pressure"": 0.0461, ""swell"": -0.3504}",chl,Strong El Nino,2.16,0.0
2026-10-11,surf_zone,Del Mar to Imperial Beach Surf,inshore,sand_bass,Barred Sand Bass,bass,32.9,60.5,-27.6,67.4,21.2,"20 kt wind, 14.3 ft seas",True,73.4,4.412075294117656,14.3044624,20.5,6.0280000000000005,0.007679795233243747,,1.0,0.5,0.593,0.852,0.85,0.05,,,1.238,"{""sst"": 0.2212, ""season"": 0.0, ""tide"": 0.0292, ""moon"": 0.034, ""pressure"": 0.0452, ""swell"": -0.245}",chl,Strong El Nino,2.16,13.4
2026-10-11,surf_zone,Del Mar to Imperial Beach Surf,inshore,corbina,California Corbina,surf,34.5,60.5,-26.0,70.7,21.2,"20 kt wind, 14.3 ft seas",True,73.4,4.412075294117656,14.3044624,20.5,6.0280000000000005,0.007679795233243747,,1.0,0.6,0.801,0.852,0.85,0.05,,,1.318,"{""sst"": 0.2022, ""season"": 0.0418, ""tide"": 0.1178, ""moon"": 0.0222, ""pressure"": 0.0221, ""swell"": -0.3358}",chl,Strong El Nino,2.16,35.2
2026-10-11,surf_zone,Del Mar to Imperial Beach Surf,inshore,barred_surfperch,Barred Surfperch,surf,5.0,53.3,-48.3,10.2,21.2,"20 kt wind, 14.3 ft seas",True,73.4,4.412075294117656,14.3044624,20.5,6.0280000000000005,0.007679795233243747,,0.02,0.6,0.593,0.852,0.85,0.05,,,0.603,"{""sst"": -0.7377, ""season"": 0.0456, ""tide"": 0.0357, ""moon"": 0.0222, ""pressure"": 0.0332, ""swell"": -0.4797}",chl,Strong El Nino,2.16,0.0
2026-10-12,surf_zone,Del Mar to Imperial Beach Surf,inshore,california_halibut,California Halibut,flatfish,29.6,58.0,-28.4,32.4,86.9,6.2 ft seas,True,72.77,3.9049349112426057,6.2335959999999995,8.1,5.892,0.035700175796790634,,0.221,0.5,0.584,0.961,0.4,0.45,,,0.789,"{""sst"": -0.2408, ""season"": 0.0, ""tide"": 0.0391, ""moon"": 0.0344, ""pressure"": -0.0188, ""swell"": -0.011}",chl,Strong El Nino,2.16,0.0
2026-10-12,surf_zone,Del Mar to Imperial Beach Surf,inshore,calico_bass,Calico Bass (Kelp Bass),bass,73.7,65.3,8.4,80.5,86.9,6.2 ft seas,True,72.77,3.9049349112426057,6.2335959999999995,8.1,5.892,0.035700175796790634,,1.0,0.7,0.597,0.859,0.4,0.578,,,1.141,"{""sst"": 0.1959, ""season"": 0.0805, ""tide"": 0.0309, ""moon"": 0.0353, ""pressure"": -0.0194, ""swell"": 0.022}",chl,Strong El Nino,2.16,100.0
2026-10-12,surf_zone,Del Mar to Imperial Beach Surf,inshore,sand_bass,Barred Sand Bass,bass,73.5,60.5,13.0,80.3,86.9,6.2 ft seas,True,72.77,3.9049349112426057,6.2335959999999995,8.1,5.892,0.035700175796790634,,1.0,0.5,0.597,0.859,0.4,0.578,,,1.211,"{""sst"": 0.2212, ""season"": 0.0, ""tide"": 0.0302, ""moon"": 0.0345, ""pressure"": -0.019, ""swell"": 0.0154}",chl,Strong El Nino,2.16,100.0
2026-10-12,surf_zone,Del Mar to Imperial Beach Surf,inshore,corbina,California Corbina,surf,68.0,60.5,7.5,74.3,86.9,6.2 ft seas,True,72.77,3.9049349112426057,6.2335959999999995,8.1,5.892,0.035700175796790634,,1.0,0.6,0.733,0.859,0.4,0.123,,,1.281,"{""sst"": 0.2022, ""season"": 0.0418, ""tide"": 0.0957, ""moon"": 0.0225, ""pressure"": -0.0093, ""swell"": -0.2046}",chl,Strong El Nino,2.16,85.2
2026-10-12,surf_zone,Del Mar to Imperial Beach Surf,inshore,barred_surfperch,Barred Surfperch,surf,15.2,53.7,-38.5,16.6,86.9,6.2 ft seas,True,72.77,3.9049349112426057,6.2335959999999995,8.1,5.892,0.035700175796790634,,0.02,0.6,0.597,0.859,0.4,0.45,,,0.649,"{""sst"": -0.7377, ""season"": 0.0456, ""tide"": 0.037, ""moon"": 0.0225, ""pressure"": -0.0139, ""swell"": -0.0218}",chl,Strong El Nino,2.16,0.0
2026-10-13,surf_zone,Del Mar to Imperial Beach Surf,inshore,california_halibut,California Halibut,flatfish,37.3,58.4,-21.1,37.3,100.0,workable,True,72.5,3.7732499999999902,3.9370079999999996,10.3,5.519,0.0819335649033684,,0.265,0.5,0.577,0.91,0.6,0.732,,,0.796,"{""sst"": -0.1871, ""season"": 0.0, ""tide"": 0.036, ""moon"": 0.0315, ""pressure"": 0.0154, ""swell"": 0.0401}",chl,Strong El Nino,2.16,0.0
2026-10-13,surf_zone,Del Mar to Imperial Beach Surf,inshore,calico_bass,Calico Bass (Kelp Bass),bass,87.5,65.3,22.2,87.5,100.0,workable,True,72.5,3.7732499999999902,3.9370079999999996,10.3,5.519,0.0819335649033684,,1.0,0.7,0.593,0.87,0.6,0.812,,,1.136,"{""sst"": 0.1959, ""season"": 0.0805, ""tide"": 0.0297, ""moon"": 0.0362, ""pressure"": 0.0159, ""swell"": 0.0739}",chl,Strong El Nino,2.16,100.0
2026-10-13,surf_zone,Del Mar to Imperial Beach Surf,inshore,sand_bass,Barred Sand Bass,bass,85.6,60.5,25.1,85.6,100.0,workable,True,72.5,3.7732499999999902,3.9370079999999996,10.3,5.519,0.0819335649033684,,1.0,0.5,0.593,0.87,0.6,0.812,,,1.204,"{""sst"": 0.2212, ""season"": 0.0, ""tide"": 0.029, ""moon"": 0.0354, ""pressure"": 0.0155, ""swell"": 0.0516}",chl,Strong El Nino,2.16,100.0
2026-10-13,surf_zone,Del Mar to Imperial Beach Surf,inshore,corbina,California Corbina,surf,91.8,60.5,31.3,91.8,100.0,workable,True,72.5,3.7732499999999902,3.9370079999999996,10.3,5.519,0.0819335649033684,,1.0,0.6,0.709,0.87,0.6,0.525,,,1.272,"{""sst"": 0.2022, ""season"": 0.0418, ""tide"": 0.0873, ""moon"": 0.0231, ""pressure"": 0.0076, ""swell"": 0.0071}",chl,Strong El Nino,2.16,100.0
2026-10-13,surf_zone,Del Mar to Imperial Beach Surf,inshore,barred_surfperch,Barred Surfperch,surf,19.2,54.2,-35.0,19.2,100.0,workable,True,72.5,3.7732499999999902,3.9370079999999996,10.3,5.519,0.0819335649033684,,0.02,0.6,0.593,0.87,0.6,0.732,,,0.66,"{""sst"": -0.7377, ""season"": 0.0456, ""tide"": 0.0355, ""moon"": 0.0231, ""pressure"": 0.0114, ""swell"": 0.0794}",chl,Strong El Nino,2.16,0.0
2026-10-14,surf_zone,Del Mar to Imperial Beach Surf,inshore,california_halibut,California Halibut,flatfish,40.2,58.9,-18.7,40.2,100.0,workable,True,72.14,3.551173652694615,3.4776904,7.4,4.971,0.1434931801229401,,0.324,0.5,0.567,0.842,0.6,0.788,,,0.808,"{""sst"": -0.1281, ""season"": 0.0, ""tide"": 0.0319, ""moon"": 0.0274, ""pressure"": 0.0154, ""swell"": 0.0479}",chl,Strong El Nino,2.16,0.0
2026-10-14,surf_zone,Del Mar to Imperial Beach Surf,inshore,calico_bass,Calico Bass (Kelp Bass),bass,87.6,65.3,22.3,87.6,100.0,workable,True,72.14,3.551173652694615,3.4776904,7.4,4.971,0.1434931801229401,,1.0,0.7,0.588,0.886,0.6,0.859,,,1.128,"{""sst"": 0.1959, ""season"": 0.0805, ""tide"": 0.0282, ""moon"": 0.0373, ""pressure"": 0.0159, ""swell"": 0.0824}",chl,Strong El Nino,2.16,100.0
2026-10-14,surf_zone,Del Mar to Imperial Beach Surf,inshore,sand_bass,Barred Sand Bass,bass,85.3,60.5,24.8,85.3,100.0,workable,True,72.14,3.551173652694615,3.4776904,7.4,4.971,0.1434931801229401,,1.0,0.5,0.588,0.886,0.6,0.859,,,1.192,"{""sst"": 0.2212, ""season"": 0.0, ""tide"": 0.0276, ""moon"": 0.0365, ""pressure"": 0.0155, ""swell"": 0.0576}",chl,Strong El Nino,2.16,100.0
2026-10-14,surf_zone,Del Mar to Imperial Beach Surf,inshore,corbina,California Corbina,surf,84.0,60.5,23.5,84.0,100.0,workable,True,72.14,3.551173652694615,3.4776904,7.4,4.971,0.1434931801229401,,1.0,0.6,0.475,0.886,0.6,0.606,,,1.256,"{""sst"": 0.2022, ""season"": 0.0418, ""tide"": -0.0126, ""moon"": 0.0238, ""pressure"": 0.0076, ""swell"": 0.0279}",chl,Strong El Nino,2.16,100.0
2026-10-14,surf_zone,Del Mar to Imperial Beach Surf,inshore,barred_surfperch,Barred Surfperch,surf,20.1,54.7,-34.6,20.1,100.0,workable,True,72.14,3.551173652694615,3.4776904,7.4,4.971,0.1434931801229401,,0.02,0.6,0.588,0.886,0.6,0.788,,,0.68,"{""sst"": -0.7377, ""season"": 0.0456, ""tide"": 0.0338, ""moon"": 0.0238, ""pressure"": 0.0114, ""swell"": 0.0948}",chl,Strong El Nino,2.16,0.0
2026-10-15,surf_zone,Del Mar to Imperial Beach Surf,inshore,california_halibut,California Halibut,flatfish,41.9,59.2,-17.3,41.9,100.0,workable,True,72.05,3.5794734939758968,3.0839895999999998,7.7,4.342,0.21732990055544216,,0.339,0.5,0.569,0.761,0.85,0.836,,,0.807,"{""sst"": -0.115, ""season"": 0.0, ""tide"": 0.0326, ""moon"": 0.0221, ""pressure"": 0.0447, ""swell"": 0.0542}",chl,Strong El Nino,2.16,0.0
2026-10-15,surf_zone,Del Mar to Imperial Beach Surf,inshore,calico_bass,Calico Bass (Kelp Bass),bass,91.2,65.3,25.9,91.2,100.0,workable,True,72.05,3.5794734939758968,3.0839895999999998,7.7,4.342,0.21732990055544216,,1.0,0.7,0.595,0.904,0.85,0.899,,,1.129,"{""sst"": 0.1959, ""season"": 0.0805, ""tide"": 0.0302, ""moon"": 0.0386, ""pressure"": 0.0461, ""swell"": 0.0894}",chl,Strong El Nino,2.16,100.0
2026-10-15,surf_zone,Del Mar to Imperial Beach Surf,inshore,sand_bass,Barred Sand Bass,bass,88.7,60.5,28.2,88.7,100.0,workable,True,72.05,3.5794734939758968,3.0839895999999998,7.7,4.342,0.21732990055544216,,1.0,0.5,0.595,0.904,0.85,0.899,,,1.193,"{""sst"": 0.2212, ""season"": 0.0, ""tide"": 0.0296, ""moon"": 0.0378, ""pressure"": 0.0452, ""swell"": 0.0625}",chl,Strong El Nino,2.16,100.0
2026-10-15,surf_zone,Del Mar to Imperial Beach Surf,inshore,corbina,California Corbina,surf,86.6,60.5,26.1,86.6,100.0,workable,True,72.05,3.5794734939758968,3.0839895999999998,7.7,4.342,0.21732990055544216,,1.0,0.6,0.471,0.904,0.85,0.674,,,1.258,"{""sst"": 0.2022, ""season"": 0.0418, ""tide"": -0.0149, ""moon"": 0.0247, ""pressure"": 0.0221, ""swell"": 0.0436}",chl,Strong El Nino,2.16,100.0
2026-10-15,surf_zone,Del Mar to Imperial Beach Surf,inshore,barred_surfperch,Barred Surfperch,surf,20.7,55.1,-34.4,20.7,100.0,workable,True,72.05,3.5794734939758968,3.0839895999999998,7.7,4.342,0.21732990055544216,,0.02,0.6,0.595,0.904,0.85,0.836,,,0.678,"{""sst"": -0.7377, ""season"": 0.0456, ""tide"": 0.0362, ""moon"": 0.0247, ""pressure"": 0.0332, ""swell"": 0.1072}",chl,Strong El Nino,2.16,0.0
