tide_station,date,shore_sst_f,shore_sst_min_f,shore_sst_max_f,n_obs
9410170,2015-01-01,61.15991379310345,61.0,61.5,232
9410170,2015-01-02,60.74683544303797,60.6,61.2,237
9410170,2015-01-03,60.42161016949152,60.1,60.8,236
9410170,2015-01-04,60.213247863247865,59.9,60.6,234
9410170,2015-01-05,60.10675105485232,59.7,60.8,237
9410170,2015-01-06,60.14340425531916,59.9,60.6,235
9410170,2015-01-07,60.172246696035245,59.9,60.4,227
9410170,2015-01-08,60.26324786324786,60.1,60.6,234
9410170,2015-01-09,60.363675213675215,60.3,60.4,234
9410170,2015-01-10,60.47179487179487,60.3,60.8,234
9410170,2015-01-11,60.58632478632479,60.4,60.6,234
9410170,2015-01-12,60.921888412017175,60.6,61.5,233
9410170,2015-01-13,61.18622222222222,60.8,61.7,225
9410170,2015-01-14,61.167094017094016,61.0,61.5,234
9410170,2015-01-15,61.15564853556486,61.0,61.7,239
9410170,2015-01-16,61.22708333333333,61.0,61.7,240
9410170,2015-01-17,61.375,61.2,61.7,240
9410170,2015-01-18,61.45166666666667,61.2,62.2,240
9410170,2015-01-19,61.580416666666665,61.2,62.2,240
9410170,2015-01-20,61.781666666666666,61.5,62.2,240
9410170,2015-01-21,61.96208333333333,61.7,62.4,240
9410170,2015-01-22,62.107083333333335,61.9,62.6,240
9410170,2015-01-23,62.10041666666667,61.9,62.4,240
9410170,2015-01-24,61.96833333333333,61.7,62.1,240
9410170,2015-01-25,62.07666666666667,61.9,62.2,240
9410170,2015-01-26,62.09583333333333,61.9,62.1,240
9410170,2015-01-27,62.19875,61.9,62.8,240
9410170,2015-01-28,62.24,62.1,62.6,240
9410170,2015-01-29,62.24937238493724,62.2,62.4,239
9410170,2015-01-30,62.3,62.2,62.4,240
9410170,2015-01-31,62.49791666666667,62.2,63.1,240
9410170,2015-02-01,62.74708333333333,62.4,63.5,240
9410170,2015-02-02,62.90375,62.4,63.5,240
9410170,2015-02-03,63.0475,62.6,63.9,240
9410170,2015-02-04,63.285833333333336,63.0,63.9,240
9410170,2015-02-05,63.4542372881356,63.1,64.2,236
9410170,2015-02-06,63.658750000000005,63.3,64.2,240
9410170,2015-02-07,63.86625,63.5,64.2,240
9410170,2015-02-08,64.09375,63.9,64.6,240
9410170,2015-02-09,64.38833333333334,64.0,64.9,240
9410170,2015-02-10,64.56166666666667,64.2,64.9,240
9410170,2015-02-11,64.67625,64.2,65.3,240
9410170,2015-02-12,64.52291666666666,64.2,65.1,240
9410170,2015-02-13,64.40666666666667,63.9,65.1,240
9410170,2015-02-14,64.4375,63.5,65.1,240
9410170,2015-02-15,64.595,63.7,65.3,240
9410170,2015-02-16,64.7125,63.7,65.3,240
9410170,2015-02-17,64.78208333333333,63.3,65.5,240
9410170,2015-02-18,64.72291666666666,63.7,65.1,240
9410170,2015-02-19,64.82857142857142,64.0,65.3,238
9410170,2015-02-20,64.91791666666667,64.6,65.1,240
9410170,2015-02-21,64.8546218487395,64.6,65.3,238
9410170,2015-02-22,64.79208333333334,64.6,64.9,240
9410170,2015-02-23,64.77,64.6,65.1,240
9410170,2015-02-24,64.86291666666666,64.6,65.1,240
9410170,2015-02-25,65.08624999999999,64.6,65.7,240
9410170,2015-02-26,65.00893617021276,64.8,65.3,235
9410170,2015-02-27,64.97567567567567,64.8,65.3,222
9410170,2015-02-28,64.84070796460178,64.6,65.1,226
9410170,2015-03-01,64.77767441860466,64.4,64.9,215
9410170,2015-03-02,64.365,64.2,64.6,240
9410170,2015-03-03,64.39083333333333,64.0,64.9,240
9410170,2015-03-04,64.43333333333334,64.0,64.9,240
9410170,2015-03-05,64.48166666666667,64.0,65.1,240
9410170,2015-03-06,64.57224669603524,64.0,65.3,227
9410170,2015-03-07,64.75585585585586,64.2,65.5,222
9410170,2015-03-08,65.003125,64.4,65.7,224
9410170,2015-03-09,65.34958333333333,64.8,66.0,240
9410170,2015-03-10,65.60560344827586,65.1,66.2,232
9410170,2015-03-11,65.71025641025642,65.3,66.0,234
9410170,2015-03-12,65.90210970464136,65.5,66.4,237
9410170,2015-03-13,66.16458333333334,65.7,66.7,240
9410170,2015-03-14,66.44625,65.8,67.3,240
9410170,2015-03-15,66.71,65.7,67.5,240
9410170,2015-03-16,66.83305084745763,65.7,67.6,236
9410170,2015-03-17,67.05739130434782,66.0,67.8,230
9410170,2015-03-18,67.32606837606838,66.6,68.0,234
9410170,2015-03-19,67.38991596638655,66.0,68.0,238
9410170,2015-03-20,67.79567099567099,67.3,68.5,231
9410170,2015-03-21,68.25502183406114,67.6,69.1,229
9410170,2015-03-22,68.40208333333334,67.6,69.1,240
9410170,2015-03-23,68.52624999999999,67.6,69.3,240
9410170,2015-03-24,68.79458333333334,68.0,69.8,240
9410170,2015-03-25,69.03513513513514,68.4,70.0,185
9410170,2015-03-26,69.29957264957265,68.5,70.3,234
9410170,2015-03-27,69.37312775330396,68.4,70.2,227
9410170,2015-03-28,69.26538461538462,67.8,69.8,234
9410170,2015-03-29,69.08202764976959,68.0,69.6,217
9410170,2015-03-30,68.68009478672985,66.7,69.8,211
9410170,2015-03-31,68.36708333333333,66.4,69.4,240
9410170,2015-04-01,68.425,67.1,69.4,240
9410170,2015-04-02,68.76969696969698,68.0,69.6,231
9410170,2015-04-03,68.90833333333333,68.0,69.8,228
9410170,2015-04-04,69.08508771929824,68.4,70.0,228
9410170,2015-04-05,69.40560344827587,68.7,70.2,232
9410170,2015-04-06,69.30893617021276,68.7,69.8,235
9410170,2015-04-07,69.158547008547,68.5,69.6,234
9410170,2015-04-08,68.95213675213675,67.8,69.3,234
9410170,2015-04-09,68.2147186147186,67.1,69.6,231
9410170,2015-04-10,67.86625,67.1,68.4,240
9410170,2015-04-11,67.07489539748954,65.5,67.8,239
9410170,2015-04-12,67.23549783549784,66.4,68.0,231
9410170,2015-04-13,67.65438596491228,66.6,68.2,228
9410170,2015-04-14,67.16896551724139,65.5,68.0,232
9410170,2015-04-15,67.08,66.4,68.0,225
9410170,2015-04-16,67.48205128205127,66.2,68.5,234
9410170,2015-04-17,67.37688888888889,66.0,68.2,225
9410170,2015-04-18,67.43836206896552,66.0,68.7,232
9410170,2015-04-19,67.740756302521,66.4,68.7,238
9410170,2015-04-20,67.83125,66.6,68.7,240
9410170,2015-04-21,67.71367521367522,66.7,68.5,234
9410170,2015-04-22,67.26478260869565,66.0,67.8,230
9410170,2015-04-23,66.97533632286995,65.8,68.0,223
9410170,2015-04-24,66.95217391304348,66.2,67.6,230
9410170,2015-04-25,67.20502283105023,66.7,67.6,219
9410170,2015-04-26,67.37423580786026,66.6,68.2,229
9410170,2015-04-27,67.59061032863849,66.4,68.4,213
9410170,2015-04-28,67.77452830188679,66.7,68.7,212
9410170,2015-04-29,68.01181434599155,66.7,68.9,237
9410170,2015-04-30,68.2012987012987,66.4,69.3,231
9410170,2015-05-01,68.49954954954954,67.1,69.4,222
9410170,2015-05-02,68.12681818181818,65.8,69.1,220
9410170,2015-05-03,68.35518867924529,66.9,69.3,212
9410170,2015-05-04,68.2339534883721,66.0,68.9,215
9410170,2015-05-05,67.80909090909091,65.7,68.5,220
9410170,2015-05-06,67.64636363636365,66.0,68.5,220
9410170,2015-05-07,67.49771689497717,66.0,68.0,219
9410170,2015-05-08,67.03376623376624,66.2,67.8,231
9410170,2015-05-09,66.80083333333333,65.7,67.6,240
9410170,2015-05-10,67.14611872146119,66.4,67.8,219
9410170,2015-05-11,67.48173515981735,66.6,68.2,219
9410170,2015-05-12,67.63377777777778,66.6,68.4,225
9410170,2015-05-13,67.23130434782608,66.4,68.0,230
9410170,2015-05-14,66.98904109589041,65.3,67.6,219
9410170,2015-05-15,66.66192660550459,66.4,67.1,218
9410170,2015-05-16,66.67219730941704,65.5,67.5,223
9410170,2015-05-17,66.990625,66.2,67.6,224
9410170,2015-05-18,67.18370044052863,66.4,67.8,227
9410170,2015-05-19,67.65777777777778,66.4,68.7,225
9410170,2015-05-20,67.95590909090909,66.9,68.7,220
9410170,2015-05-21,68.10811965811966,67.5,68.4,234
9410170,2015-05-22,68.39625000000001,67.8,69.1,240
9410170,2015-05-23,68.64833333333333,68.2,69.1,240
9410170,2015-05-24,68.53166666666668,67.8,69.1,240
9410170,2015-05-25,67.83208333333333,66.0,68.5,240
9410170,2015-05-26,67.24666666666666,66.9,67.6,240
9410170,2015-05-27,66.44916666666667,65.8,67.1,240
9410170,2015-05-28,65.6275,62.8,66.6,240
9410170,2015-05-29,65.74375,62.8,66.9,240
9410170,2015-05-30,65.60924369747899,64.0,66.9,238
9410170,2015-05-31,65.95125,64.8,66.7,240
9410170,2015-06-01,66.47875,65.7,67.8,240
9410170,2015-06-02,66.63583333333334,63.7,68.2,240
9410170,2015-06-03,66.8210970464135,64.0,68.2,237
9410170,2015-06-04,66.84705882352941,64.6,68.0,238
9410170,2015-06-05,66.75416666666666,64.4,68.2,240
9410170,2015-06-06,67.3575,65.8,68.5,240
9410170,2015-06-07,67.88416666666667,66.9,68.9,240
9410170,2015-06-08,68.50251046025105,67.1,69.6,239
9410170,2015-06-09,68.665,67.3,69.4,240
9410170,2015-06-10,67.99125,66.2,68.7,240
9410170,2015-06-11,67.87041666666667,66.0,68.5,240
9410170,2015-06-12,67.89333333333333,66.7,68.4,240
9410170,2015-06-13,67.92708333333333,66.9,68.5,240
9410170,2015-06-14,68.26291666666667,67.8,68.7,240
9410170,2015-06-15,68.64666666666668,67.6,69.6,240
9410170,2015-06-16,69.06333333333333,67.5,70.2,240
9410170,2015-06-17,69.16416666666667,67.6,70.5,240
9410170,2015-06-18,69.76208333333334,68.2,71.1,240
9410170,2015-06-19,70.19539748953976,68.9,71.4,239
9410170,2015-06-20,70.80916666666667,69.8,71.8,240
9410170,2015-06-21,71.14458333333333,69.8,72.1,240
9410170,2015-06-22,71.9727659574468,71.1,73.2,235
9410170,2015-06-23,72.52708333333334,71.8,73.8,240
9410170,2015-06-24,73.31833333333334,72.5,74.3,240
9410170,2015-06-25,73.69125000000001,73.0,74.3,240
9410170,2015-06-26,73.73625,72.9,74.1,240
9410170,2015-06-27,73.28125,72.1,74.1,240
9410170,2015-06-28,72.59750000000001,69.8,73.4,240
9410170,2015-06-29,72.1276150627615,69.6,73.4,239
9410170,2015-06-30,71.64208333333333,69.3,72.7,240
9410170,2015-07-01,71.44,68.4,73.0,240
9410170,2015-07-02,71.64708333333333,68.9,73.0,240
9410170,2015-07-03,71.84016736401674,68.5,73.2,239
9410170,2015-07-04,71.50833333333334,68.5,72.5,240
9410170,2015-07-05,71.12416666666667,68.5,71.8,240
9410170,2015-07-06,70.45291666666667,68.7,71.1,240
9410170,2015-07-07,70.53502304147466,69.3,71.2,217
9410170,2015-07-08,70.28085106382979,68.9,71.4,235
9410170,2015-07-09,70.56094420600859,68.5,71.4,233
9410170,2015-07-10,70.85020920502092,69.4,71.8,239
9410170,2015-07-11,70.93708333333333,69.8,71.8,240
9410170,2015-07-12,71.51083333333332,70.7,72.3,240
9410170,2015-07-13,71.75701357466063,70.0,72.9,221
9410170,2015-07-14,72.1863829787234,71.1,73.0,235
9410170,2015-07-15,72.44225941422594,71.8,73.4,239
9410170,2015-07-16,72.91476793248945,72.0,73.8,237
9410170,2015-07-17,73.19319148936171,72.3,74.1,235
9410170,2015-07-18,72.92058823529413,71.2,73.2,238
9410170,2015-07-19,72.57268907563025,71.2,73.0,238
9410170,2015-07-20,72.71589958158995,70.9,74.8,239
9410170,2015-07-21,73.82625,72.1,75.2,240
9410170,2015-07-22,74.77208333333333,73.8,75.7,240
9410170,2015-07-23,75.10208333333334,74.5,75.9,240
9410170,2015-07-24,75.23375,74.1,76.1,240
9410170,2015-07-25,75.2825,72.9,76.3,240
9410170,2015-07-26,75.05,71.2,76.1,240
9410170,2015-07-27,74.83666666666666,72.1,75.9,240
9410170,2015-07-28,74.17458333333335,72.7,75.6,240
9410170,2015-07-29,74.40958333333333,73.4,75.4,240
9410170,2015-07-30,74.91004184100419,73.8,75.9,239
9410170,2015-07-31,74.99666666666667,72.7,76.1,240
9410170,2015-08-01,74.77916666666667,73.0,75.7,240
9410170,2015-08-02,74.47573221757322,72.7,75.4,239
9410170,2015-08-03,74.53916666666667,72.5,75.9,240
9410170,2015-08-04,74.62625,72.9,75.9,240
9410170,2015-08-05,74.76666666666667,73.2,75.9,240
9410170,2015-08-06,74.97208333333333,72.9,75.7,240
9410170,2015-08-07,74.75481171548118,72.9,75.7,239
9410170,2015-08-08,74.78916666666667,73.9,75.6,240
9410170,2015-08-09,73.80916666666667,72.0,75.2,240
9410170,2015-08-10,73.63000000000001,72.7,74.5,240
9410170,2015-08-11,73.95481171548117,73.0,74.8,239
9410170,2015-08-12,74.18571428571428,73.2,75.0,231
9410170,2015-08-13,74.41636363636364,72.7,75.6,220
9410170,2015-08-14,74.56833333333334,72.7,75.7,240
9410170,2015-08-15,74.67458333333335,72.1,75.7,240
9410170,2015-08-16,74.72083333333333,72.7,75.9,240
9410170,2015-08-17,74.69791666666667,73.4,75.7,240
9410170,2015-08-18,74.95291666666667,73.2,76.3,240
9410170,2015-08-19,75.63666666666667,73.8,76.6,240
9410170,2015-08-20,76.0439330543933,75.0,76.6,239
9410170,2015-08-21,76.11125,75.6,76.8,240
9410170,2015-08-22,76.50041666666667,75.9,77.0,240
9410170,2015-08-23,76.49375,75.6,77.0,240
9410170,2015-08-24,76.18041666666666,73.8,77.0,240
9410170,2015-08-25,75.23583333333333,73.9,76.8,240
9410170,2015-08-26,75.44267782426778,74.8,76.5,239
9410170,2015-08-27,76.29333333333334,75.2,77.0,240
9410170,2015-08-28,76.85579399141632,76.1,77.9,233
9410170,2015-08-29,77.31333333333333,76.3,78.1,240
9410170,2015-08-30,77.65124999999999,76.5,78.4,240
9410170,2015-08-31,77.69333333333334,76.8,78.3,240
9410170,2015-09-01,77.28083333333333,76.3,77.7,240
9410170,2015-09-02,77.31125,76.8,77.9,240
9410170,2015-09-03,77.35458333333334,77.0,77.7,240
9410170,2015-09-04,77.295,77.0,77.5,240
9410170,2015-09-05,77.32541666666667,76.8,77.7,240
9410170,2015-09-06,77.14708333333333,76.5,77.7,240
9410170,2015-09-07,77.17958333333333,76.1,77.9,240
9410170,2015-09-08,76.88708333333334,75.9,77.7,240
9410170,2015-09-09,76.685,75.7,77.9,240
9410170,2015-09-10,76.78500000000001,75.6,77.9,240
9410170,2015-09-11,76.97166666666666,76.3,77.7,240
9410170,2015-09-12,77.43791666666667,76.5,78.4,240
9410170,2015-09-13,77.94541666666667,77.4,78.8,240
9410170,2015-09-14,78.09875000000001,77.5,78.8,240
9410170,2015-09-15,78.0425,77.9,78.4,240
9410170,2015-09-16,78.12436974789915,77.9,78.4,238
9410170,2015-09-17,78.33708333333333,77.9,78.8,240
9410170,2015-09-18,78.48166666666665,78.1,79.0,240
9410170,2015-09-19,78.69067796610169,78.3,79.3,236
9410170,2015-09-20,78.56416666666668,77.7,79.2,240
9410170,2015-09-21,78.25941422594143,77.0,79.2,239
9410170,2015-09-22,77.67665198237884,76.1,78.8,227
9410170,2015-09-23,77.4031746031746,75.9,78.6,189
9410170,2015-09-24,77.23482142857144,76.1,77.9,224
9410170,2015-09-25,77.24453781512605,76.3,78.1,238
9410170,2015-09-26,77.28403361344539,75.6,78.1,238
9410170,2015-09-27,77.41004184100419,74.7,78.4,239
9410170,2015-09-28,77.27196652719665,74.7,78.1,239
9410170,2015-09-29,77.0958158995816,75.2,77.9,239
9410170,2015-09-30,76.84875000000001,75.4,77.4,240
9410170,2015-10-01,76.77708333333334,75.0,77.4,240
9410170,2015-10-02,76.73541666666667,75.0,77.2,240
9410170,2015-10-03,76.25,74.7,77.0,240
9410170,2015-10-04,75.76833333333335,75.4,76.5,240
9410170,2015-10-05,75.00458333333333,73.9,75.7,240
9410170,2015-10-06,74.70083333333334,74.3,75.0,240
9410170,2015-10-07,74.98625,74.5,75.6,240
9410170,2015-10-08,75.18791666666667,74.8,75.7,240
9410170,2015-10-09,75.32708333333333,75.0,75.9,240
9410170,2015-10-10,75.45125,75.0,76.3,240
9410170,2015-10-11,75.69083333333333,75.4,76.5,240
9410170,2015-10-12,75.57,75.2,75.9,240
9410170,2015-10-13,75.93666666666667,75.4,76.8,240
9410170,2015-10-14,76.16041666666666,75.2,76.8,240
9410170,2015-10-15,76.29666666666667,75.9,76.6,240
9410170,2015-10-16,75.88916666666667,75.6,76.3,240
9410170,2015-10-17,75.81833333333334,75.6,76.1,240
9410170,2015-10-18,75.66541666666667,75.6,75.9,240
9410170,2015-10-19,75.51833333333335,75.4,75.6,240
9410170,2015-10-20,75.51791666666666,75.2,75.9,240
9410170,2015-10-21,75.48333333333333,74.8,75.9,240
9410170,2015-10-22,75.17833333333333,74.7,75.7,240
9410170,2015-10-23,75.13666666666667,74.8,75.6,240
9410170,2015-10-24,75.07041666666667,74.7,75.6,240
9410170,2015-10-25,74.75875,74.5,75.2,240
9410170,2015-10-26,74.42625,73.9,75.0,240
9410170,2015-10-27,74.08125,73.8,74.5,240
9410170,2015-10-28,73.69749999999999,72.3,74.1,240
9410170,2015-10-29,73.41416666666667,72.3,73.8,240
9410170,2015-10-30,73.23416666666667,73.0,73.6,240
9410170,2015-10-31,73.06333333333333,72.9,73.4,240
9410170,2015-11-01,73.09416666666668,72.7,73.6,240
9410170,2015-11-02,73.08874999999999,72.9,73.4,240
9410170,2015-11-03,72.39166666666667,72.1,72.9,240
9410170,2015-11-04,71.59291666666667,70.9,72.1,240
9410170,2015-11-05,71.73916666666666,71.1,72.1,240
9410170,2015-11-06,71.24125000000001,71.1,71.6,240
9410170,2015-11-07,70.88916666666667,70.7,71.2,240
9410170,2015-11-08,70.47833333333332,70.2,71.1,240
9410170,2015-11-09,70.15666666666667,69.8,70.5,240
9410170,2015-11-10,69.41416666666667,69.1,69.8,240
9410170,2015-11-11,68.90669456066946,68.7,69.3,239
9410170,2015-11-12,68.55625,68.4,68.7,240
9410170,2015-11-13,68.13625,67.8,68.5,240
9410170,2015-11-14,67.8575,67.5,68.4,240
9410170,2015-11-15,67.51291666666665,67.1,67.8,240
9410170,2015-11-16,66.38833333333334,66.0,67.1,240
9410170,2015-11-17,65.98166666666667,65.8,66.4,240
9410170,2015-11-18,65.83,65.5,66.2,240
9410170,2015-11-19,65.69833333333334,65.5,66.0,240
9410170,2015-11-20,65.49583333333334,65.3,66.0,240
9410170,2015-11-21,65.55333333333333,65.3,65.7,240
9410170,2015-11-22,65.5572033898305,65.5,65.8,236
9410170,2015-11-23,65.57416666666667,65.5,65.7,240
9410170,2015-11-24,65.66541666666667,65.5,66.4,240
9410170,2015-11-25,65.44083333333333,65.1,65.7,240
9410170,2015-11-26,65.11666666666666,64.9,65.5,240
9410170,2015-11-27,65.02083333333333,64.8,65.3,240
9410170,2015-11-28,64.82458333333334,64.6,65.1,240
9410170,2015-11-29,64.65458333333333,64.4,65.1,240
9410170,2015-11-30,64.265,64.0,64.6,240
9410170,2015-12-01,63.9652719665272,63.7,64.2,239
9410170,2015-12-02,63.863179916318,63.5,64.6,239
9410170,2015-12-03,63.627500000000005,63.5,63.9,240
9410170,2015-12-04,63.4975,63.3,63.7,240
9410170,2015-12-05,63.47666666666667,63.3,63.7,240
9410170,2015-12-06,63.33083333333333,63.1,63.7,240
9410170,2015-12-07,63.32583333333333,63.1,63.7,240
9410170,2015-12-08,63.35583333333333,63.1,63.7,240
9410170,2015-12-09,63.48235294117647,63.3,63.7,238
9410170,2015-12-10,63.68067226890757,63.3,64.2,238
9410170,2015-12-11,63.8125,63.5,64.0,240
9410170,2015-12-12,63.55875,63.1,64.2,240
9410170,2015-12-13,63.4775,63.0,64.2,240
9410170,2015-12-14,62.81916666666667,62.6,63.3,240
9410170,2015-12-15,62.41666666666666,62.1,62.8,240
9410170,2015-12-16,62.02719665271967,61.9,62.2,239
9410170,2015-12-17,61.660833333333336,61.3,61.9,240
9410170,2015-12-18,61.45397489539749,61.3,61.9,239
9410170,2015-12-19,61.32708333333333,61.2,61.5,240
9410170,2015-12-20,61.29041666666667,61.2,61.7,240
9410170,2015-12-21,61.09375,61.0,61.5,240
9410170,2015-12-22,61.27974683544304,60.8,61.5,237
9410170,2015-12-23,61.53458333333333,61.3,62.2,240
9410170,2015-12-24,61.68666666666666,61.2,62.6,240
9410170,2015-12-25,61.50291666666667,61.2,61.9,240
9410170,2015-12-26,60.97731092436975,60.6,61.3,238
9410170,2015-12-27,60.55416666666667,60.1,61.0,240
9410170,2015-12-28,60.27142857142857,59.9,60.6,238
9410170,2015-12-29,60.01799163179916,59.7,60.3,239
9410170,2015-12-30,59.74453781512605,59.5,60.1,238
9410170,2015-12-31,59.5725,59.4,60.1,240
9410170,2016-01-01,59.38151260504202,59.2,59.7,238
9410170,2016-01-02,59.24333333333333,59.0,59.4,240
9410170,2016-01-03,59.05690376569038,59.0,59.2,239
9410170,2016-01-04,59.02761506276151,58.8,59.4,239
9410170,2016-01-05,59.34117647058824,59.0,59.5,238
9410170,2016-01-06,59.1163179916318,59.0,59.2,239
9410170,2016-01-07,58.6907949790795,58.3,59.2,239
9410170,2016-01-08,58.87583333333334,58.6,59.4,240
9410170,2016-01-09,58.89083333333333,58.6,59.4,240
9410170,2016-01-10,58.81087866108786,58.6,59.0,239
9410170,2016-01-11,58.78075313807531,58.6,59.2,239
9410170,2016-01-12,58.88375,58.6,59.5,240
9410170,2016-01-13,58.89745762711864,58.6,59.2,236
9410170,2016-01-14,59.16271186440678,58.8,59.7,236
9410170,2016-01-15,59.24100418410042,59.0,59.4,239
9410170,2016-01-16,59.44303797468354,59.2,59.9,237
9410170,2016-01-17,59.60889830508474,59.4,60.1,236
9410170,2016-01-18,59.654621848739495,59.5,59.9,238
9410170,2016-01-19,59.82083333333333,59.5,60.1,240
9410170,2016-01-20,60.29625,59.9,61.0,240
9410170,2016-01-21,60.60878661087866,60.3,61.0,239
9410170,2016-01-22,60.95042735042735,60.6,61.3,234
9410170,2016-01-23,61.02136752136752,60.8,61.3,234
9410170,2016-01-24,61.11923076923077,60.8,61.5,234
9410170,2016-01-25,61.21991341991342,60.8,61.5,231
9410170,2016-01-26,61.20987124463519,60.8,61.5,233
9410170,2016-01-27,61.05957446808511,60.8,61.3,235
9410170,2016-01-28,60.96410256410257,60.6,61.5,234
9410170,2016-01-29,61.189029535864975,60.8,61.9,237
9410170,2016-01-30,61.19539748953975,60.8,61.7,239
9410170,2016-01-31,61.05611814345992,60.6,61.5,237
9410170,2016-02-01,59.96778242677824,59.7,60.6,239
9410170,2016-02-02,59.87615062761506,59.5,60.4,239
9410170,2016-02-03,59.998333333333335,59.7,60.4,240
9410170,2016-02-04,59.98333333333333,59.7,60.4,240
9410170,2016-02-05,60.018410041841,59.5,60.8,239
9410170,2016-02-06,60.04243697478992,59.7,60.8,238
9410170,2016-02-07,60.10167364016736,59.7,60.6,239
9410170,2016-02-08,60.33416666666667,59.9,61.2,240
9410170,2016-02-09,60.61875,60.1,61.2,240
9410170,2016-02-10,60.71375,60.3,61.2,240
9410170,2016-02-11,61.020833333333336,60.6,61.7,240
9410170,2016-02-12,61.3125,60.8,62.1,240
9410170,2016-02-13,61.57625,61.0,62.2,240
9410170,2016-02-14,61.787083333333335,61.3,62.4,240
9410170,2016-02-15,62.04541666666667,61.5,62.8,240
9410170,2016-02-16,62.27489539748954,61.7,63.0,239
9410170,2016-02-17,62.680416666666666,62.1,63.5,240
9410170,2016-02-18,62.88291666666667,62.6,63.5,240
9410170,2016-02-19,63.181666666666665,62.8,63.9,240
9410170,2016-02-20,63.39958333333333,63.0,64.0,240
9410170,2016-02-21,63.65958333333333,63.1,64.2,240
9410170,2016-02-22,63.88666666666666,63.5,64.6,240
9410170,2016-02-23,63.99791666666667,63.5,64.8,240
9410170,2016-02-24,64.2347280334728,63.7,64.8,239
9410170,2016-02-25,64.2510460251046,63.9,64.9,239
9410170,2016-02-26,64.41458333333334,64.0,65.1,240
9410170,2016-02-27,64.61208333333333,64.0,65.3,240
9410170,2016-02-28,64.98291666666667,64.2,65.7,240
9410170,2016-02-29,65.22708333333334,64.4,65.8,240
9410170,2016-03-01,65.63208333333333,65.1,66.4,240
9410170,2016-03-02,65.57791666666667,65.1,66.4,240
9410170,2016-03-03,65.48791666666666,64.8,66.2,240
9410170,2016-03-04,65.52541666666667,64.8,66.4,240
9410170,2016-03-05,65.67,65.1,66.2,240
9410170,2016-03-06,65.69875,65.3,66.0,240
9410170,2016-03-07,65.09916666666668,64.8,65.7,240
9410170,2016-03-08,64.64166666666667,63.5,65.1,240
9410170,2016-03-09,64.51041666666667,63.3,65.1,240
9410170,2016-03-10,64.59083333333334,64.0,65.3,240
9410170,2016-03-11,64.70208333333333,63.9,65.5,240
9410170,2016-03-12,64.46,64.0,64.8,240
9410170,2016-03-13,64.52304347826087,64.0,65.1,230
9410170,2016-03-14,64.75375,64.2,65.3,240
9410170,2016-03-15,64.95875,64.4,65.7,240
9410170,2016-03-16,65.09243697478992,64.0,66.0,238
9410170,2016-03-17,65.36208333333333,63.7,66.6,240
9410170,2016-03-18,65.55333333333333,63.9,66.7,240
9410170,2016-03-19,65.58375,64.2,66.4,240
9410170,2016-03-20,65.76625,64.4,66.6,240
9410170,2016-03-21,65.82583333333334,64.9,66.4,240
9410170,2016-03-22,65.76708333333333,65.3,66.2,240
9410170,2016-03-23,65.69708333333332,65.1,66.4,240
9410170,2016-03-24,65.57625,64.4,66.4,240
9410170,2016-03-25,65.47,64.4,66.4,240
9410170,2016-03-26,65.43166666666667,64.2,66.4,240
9410170,2016-03-27,65.82083333333334,65.1,66.6,240
9410170,2016-03-28,65.92708333333333,65.7,66.2,240
9410170,2016-03-29,65.50583333333333,65.1,65.8,240
9410170,2016-03-30,65.50958333333332,64.9,66.2,240
9410170,2016-03-31,65.43291666666667,64.8,66.4,240
9410170,2016-04-01,65.58541666666666,65.1,66.2,240
9410170,2016-04-02,65.96833333333333,64.9,66.7,240
9410170,2016-04-03,66.23208333333334,65.7,66.9,240
9410170,2016-04-04,66.51541666666667,66.0,67.3,240
9410170,2016-04-05,66.57583333333334,65.5,67.1,240
9410170,2016-04-06,66.4525,65.1,67.1,240
9410170,2016-04-07,65.91583333333332,64.4,66.6,240
9410170,2016-04-08,65.45291666666667,64.4,65.8,240
9410170,2016-04-09,65.63129770992367,64.4,80.6,131
9410170,2016-04-10,65.73333333333333,65.3,66.0,27
9410170,2016-04-11,65.69916666666667,64.8,66.4,240
9410170,2016-04-12,66.07541666666667,65.1,66.9,240
9410170,2016-04-13,66.40375,65.7,67.1,240
9410170,2016-04-14,66.84,66.2,67.5,240
9410170,2016-04-15,67.0325,66.6,67.6,240
9410170,2016-04-16,67.14416666666666,66.6,67.8,240
9410170,2016-04-17,67.345,66.7,68.2,240
9410170,2016-04-18,67.66443514644351,67.1,68.4,239
9410170,2016-04-19,67.68708333333333,66.7,68.7,240
9410170,2016-04-20,67.77791666666667,66.6,68.7,240
9410170,2016-04-21,67.71124999999999,66.7,68.5,240
9410170,2016-04-22,67.93458333333334,67.3,68.7,240
9410170,2016-04-23,68.06764705882352,66.9,68.9,238
9410170,2016-04-24,67.93458333333334,66.9,68.9,240
9410170,2016-04-25,67.82916666666667,67.1,68.2,240
9410170,2016-04-26,67.70083333333334,66.9,68.5,240
9410170,2016-04-27,67.76625,66.9,68.4,240
9410170,2016-04-28,67.65124999999999,67.3,68.2,240
9410170,2016-04-29,67.57740585774059,66.9,68.2,239
9410170,2016-04-30,67.55941422594142,67.3,68.0,239
9410170,2016-05-01,67.39958333333333,66.4,67.8,240
9410170,2016-05-02,67.55271966527197,66.7,68.2,239
9410170,2016-05-03,67.845,67.3,68.7,240
9410170,2016-05-04,68.04083333333332,67.1,68.7,240
9410170,2016-05-05,67.80416666666666,66.2,68.4,240
9410170,2016-05-06,67.52916666666667,66.0,68.2,240
9410170,2016-05-07,67.58708333333333,66.4,68.4,240
9410170,2016-05-08,67.71374999999999,66.2,68.4,240
9410170,2016-05-09,67.98333333333333,67.3,68.7,240
9410170,2016-05-10,68.17625,67.6,68.9,240
9410170,2016-05-11,68.20458333333333,67.3,68.7,240
9410170,2016-05-12,68.24375,67.5,68.9,240
9410170,2016-05-13,68.52375,67.3,69.3,240
9410170,2016-05-14,68.16271186440677,66.7,69.3,236
9410170,2016-05-15,67.48125,67.1,67.8,240
9410170,2016-05-16,67.38666666666667,66.6,67.8,240
9410170,2016-05-17,67.27708333333334,66.9,67.8,240
9410170,2016-05-18,67.31958333333333,66.9,67.8,240
9410170,2016-05-19,67.8475,67.3,68.5,240
9410170,2016-05-20,68.25833333333334,67.6,68.9,240
9410170,2016-05-21,68.40625,67.8,68.9,240
9410170,2016-05-22,68.74291666666666,68.0,69.4,240
9410170,2016-05-23,68.87458333333333,68.2,69.6,240
9410170,2016-05-24,68.87824267782428,68.2,69.3,239
9410170,2016-05-25,69.0072340425532,68.2,69.6,235
9410170,2016-05-26,68.90756302521008,68.4,69.4,238
9410170,2016-05-27,68.79083333333332,68.0,69.4,240
9410170,2016-05-28,68.32291666666667,67.1,68.9,240
9410170,2016-05-29,67.985,67.6,68.2,240
9410170,2016-05-30,67.51375,66.4,68.0,240
9410170,2016-05-31,67.25583333333333,66.7,67.8,240
9410170,2016-06-01,67.23347280334728,65.8,67.8,239
9410170,2016-06-02,67.78125,66.9,69.1,240
9410170,2016-06-03,68.45564853556485,67.1,69.4,239
9410170,2016-06-04,68.83682008368201,66.4,70.0,239
9410170,2016-06-05,68.6991489361702,66.7,69.6,235
9410170,2016-06-06,68.46416666666667,65.5,69.8,240
9410170,2016-06-07,68.11,65.5,69.4,240
9410170,2016-06-08,68.21708333333333,65.5,69.3,240
9410170,2016-06-09,68.25416666666666,65.7,69.6,240
9410170,2016-06-10,68.97375000000001,66.6,70.0,240
9410170,2016-06-11,69.33500000000001,68.9,69.8,240
9410170,2016-06-12,69.23333333333333,68.7,69.8,240
9410170,2016-06-13,69.49789029535864,69.1,70.0,237
9410170,2016-06-14,69.7004329004329,69.4,70.2,231
9410170,2016-06-15,70.35083333333334,69.6,71.1,240
9410170,2016-06-16,71.00416666666666,70.3,71.8,240
9410170,2016-06-17,71.63333333333334,70.9,72.5,240
9410170,2016-06-18,71.80041666666666,70.3,72.5,240
9410170,2016-06-19,71.6875,68.4,73.2,240
9410170,2016-06-20,71.6375,69.8,73.2,240
9410170,2016-06-21,71.42583333333333,69.1,72.3,240
9410170,2016-06-22,71.7325,69.3,73.4,240
9410170,2016-06-23,72.58083333333335,70.5,73.9,240
9410170,2016-06-24,72.90041666666667,71.4,73.6,240
9410170,2016-06-25,72.87666666666665,71.4,73.8,240
9410170,2016-06-26,73.57375,72.5,74.5,240
9410170,2016-06-27,74.48833333333333,73.6,75.6,240
9410170,2016-06-28,75.03489361702128,74.1,75.9,235
9410170,2016-06-29,75.54791666666667,74.7,76.3,240
9410170,2016-06-30,75.58125,74.3,76.1,240
9410170,2016-07-01,75.42791666666668,73.9,75.9,240
9410170,2016-07-02,75.62208333333334,75.0,76.5,240
9410170,2016-07-03,75.65249999999999,74.3,76.3,240
9410170,2016-07-04,75.72,75.0,76.6,240
9410170,2016-07-05,76.0694560669456,75.0,77.0,239
9410170,2016-07-06,76.11875,74.3,77.0,240
9410170,2016-07-07,75.97142857142856,74.1,77.2,224
9410170,2016-07-08,76.08117154811715,74.1,77.2,239
9410170,2016-07-09,76.30874999999999,75.0,77.2,240
9410170,2016-07-10,76.84458333333333,76.1,77.5,240
9410170,2016-07-11,76.94166666666666,76.1,77.4,240
9410170,2016-07-12,77.0125,75.9,78.1,240
9410170,2016-07-13,77.42791666666668,76.1,78.3,240
9410170,2016-07-14,77.3675,75.9,78.3,240
9410170,2016-07-15,77.72916666666667,77.0,78.3,240
9410170,2016-07-16,78.06791666666666,77.5,78.8,240
9410170,2016-07-17,78.18041666666666,76.5,79.0,240
9410170,2016-07-18,78.14458333333333,75.9,79.2,240
9410170,2016-07-19,78.25125,76.8,79.3,240
9410170,2016-07-20,78.39121338912133,76.3,79.5,239
9410170,2016-07-21,78.58541666666666,75.6,80.2,240
9410170,2016-07-22,78.27583333333334,75.2,79.9,240
9410170,2016-07-23,77.59583333333333,75.4,78.3,240
9410170,2016-07-24,77.75416666666666,76.1,79.0,240
9410170,2016-07-25,77.78262711864407,76.6,78.4,236
9410170,2016-07-26,78.11291666666666,77.2,79.0,240
9410170,2016-07-27,78.6325,77.5,79.5,240
9410170,2016-07-28,78.93958333333333,77.7,79.7,240
9410170,2016-07-29,78.77740585774059,77.0,79.7,239
9410170,2016-07-30,78.58166666666666,76.6,79.5,240
9410170,2016-07-31,79.02875,78.1,79.9,240
9410170,2016-08-01,79.42916666666666,78.6,80.2,240
9410170,2016-08-02,79.64750000000001,78.8,80.4,240
9410170,2016-08-03,79.81583333333333,79.0,80.6,240
9410170,2016-08-04,79.81841004184102,79.2,80.6,239
9410170,2016-08-05,79.86125,79.3,80.4,240
9410170,2016-08-06,79.86541666666668,79.3,80.2,240
9410170,2016-08-07,79.844769874477,79.3,80.1,239
9410170,2016-08-08,79.12166666666667,77.7,79.9,240
9410170,2016-08-09,78.80833333333334,78.1,79.7,240
9410170,2016-08-10,79.0075,78.4,79.7,240
9410170,2016-08-11,79.18625,77.5,79.9,240
9410170,2016-08-12,78.54291666666667,77.0,79.2,240
9410170,2016-08-13,77.96958333333333,76.1,79.0,240
9410170,2016-08-14,78.24708333333334,75.4,79.3,240
9410170,2016-08-15,77.89208333333333,75.2,79.2,240
9410170,2016-08-16,77.55125,74.7,79.0,240
9410170,2016-08-17,77.13000000000001,74.1,78.6,240
9410170,2016-08-18,76.83583333333333,73.8,78.4,240
9410170,2016-08-19,76.42208333333333,73.4,77.9,240
9410170,2016-08-20,76.12291666666667,73.8,77.4,240
9410170,2016-08-21,75.87458333333332,73.6,77.0,240
9410170,2016-08-22,76.01666666666667,73.6,77.4,240
9410170,2016-08-23,75.84416666666667,74.3,76.8,240
9410170,2016-08-24,75.87124999999999,73.9,76.8,240
9410170,2016-08-25,76.095,74.7,76.8,240
9410170,2016-08-26,75.37958333333333,73.8,76.8,240
9410170,2016-08-27,74.95125,74.1,75.7,240
9410170,2016-08-28,75.1675,74.1,75.7,240
9410170,2016-08-29,75.20583333333335,72.7,76.3,240
9410170,2016-08-30,75.10791666666667,72.1,76.5,240
9410170,2016-08-31,75.37416666666667,73.6,76.6,240
9410170,2016-09-01,75.44375,73.6,76.6,240
9410170,2016-09-02,75.42125,74.1,76.5,240
9410170,2016-09-03,75.42541666666666,74.8,75.9,240
9410170,2016-09-04,75.37375,74.8,75.7,240
9410170,2016-09-05,75.28541666666666,74.7,75.7,240
9410170,2016-09-06,75.35083333333334,74.7,76.1,240
9410170,2016-09-07,75.63166666666666,75.2,76.1,240
9410170,2016-09-08,75.67,75.2,76.1,240
9410170,2016-09-09,75.67333333333335,75.2,76.1,240
9410170,2016-09-10,75.32083333333334,74.5,75.7,240
9410170,2016-09-11,74.65416666666667,72.9,75.6,240
9410170,2016-09-12,73.51083333333332,71.1,75.4,240
9410170,2016-09-13,72.80666666666666,71.6,73.9,240
9410170,2016-09-14,72.53,70.7,73.4,240
9410170,2016-09-15,72.47166666666666,70.7,73.6,240
9410170,2016-09-16,72.17489539748954,70.2,73.2,239
9410170,2016-09-17,72.11541666666668,70.5,72.9,240
9410170,2016-09-18,72.28666666666666,69.4,73.2,240
9410170,2016-09-19,72.07124999999999,70.2,72.7,240
9410170,2016-09-20,71.98208333333334,70.5,72.3,240
9410170,2016-09-21,72.08125,70.9,72.5,240
9410170,2016-09-22,72.35041666666666,71.4,73.0,240
9410170,2016-09-23,72.27375,71.4,72.7,240
9410170,2016-09-24,72.41833333333334,71.6,73.2,240
9410170,2016-09-25,72.55083333333333,72.1,73.0,240
9410170,2016-09-26,72.55583333333334,71.8,73.0,240
9410170,2016-09-27,73.08416666666668,72.3,73.9,240
9410170,2016-09-28,73.67125,73.0,74.5,240
9410170,2016-09-29,73.94747899159664,73.2,75.0,238
9410170,2016-09-30,74.23125,73.6,75.0,240
9410170,2016-10-01,74.28999999999999,73.8,75.0,240
9410170,2016-10-02,74.34750000000001,73.8,74.8,240
9410170,2016-10-03,74.35833333333333,73.9,74.7,240
9410170,2016-10-04,74.2425,73.9,74.7,240
9410170,2016-10-05,74.1325,73.9,74.5,240
9410170,2016-10-06,73.92625,73.4,74.5,240
9410170,2016-10-07,73.78958333333334,72.7,74.3,240
9410170,2016-10-08,73.47782426778242,72.7,74.1,239
9410170,2016-10-09,73.35708333333334,72.1,74.1,240
9410170,2016-10-10,72.73333333333333,70.9,73.8,240
9410170,2016-10-11,71.98833333333333,70.5,73.4,240
9410170,2016-10-12,71.67375,70.7,72.3,240
9410170,2016-10-13,71.75541666666666,71.2,72.3,240
9410170,2016-10-14,71.57333333333332,70.5,72.0,240
9410170,2016-10-15,71.28333333333333,69.3,71.8,240
9410170,2016-10-16,71.11999999999999,68.5,71.6,240
9410170,2016-10-17,70.89916666666666,68.5,71.4,240
9410170,2016-10-18,70.74499999999999,68.0,71.2,240
9410170,2016-10-19,70.55833333333334,68.7,71.1,240
9410170,2016-10-20,70.32166666666667,68.5,70.7,240
9410170,2016-10-21,70.2075,68.4,70.7,240
9410170,2016-10-22,70.5125,69.8,71.1,240
9410170,2016-10-23,70.21806722689077,69.8,70.7,238
9410170,2016-10-24,70.08220338983051,69.8,70.2,236
9410170,2016-10-25,70.2218487394958,70.0,70.5,238
9410170,2016-10-26,70.31380753138075,70.0,70.7,239
9410170,2016-10-27,70.25958333333332,70.0,70.5,240
9410170,2016-10-28,70.27624999999999,70.0,70.7,240
9410170,2016-10-29,70.42125,70.2,70.9,240
9410170,2016-10-30,70.26083333333332,70.0,70.5,240
9410170,2016-10-31,70.39121338912133,70.2,70.7,239
9410170,2016-11-01,70.23291666666667,70.0,70.5,240
9410170,2016-11-02,70.09041666666667,69.8,70.5,240
9410170,2016-11-03,69.84958333333333,69.1,70.3,240
9410170,2016-11-04,69.75062761506277,69.4,70.3,239
9410170,2016-11-05,69.76583333333333,69.4,70.2,240
9410170,2016-11-06,69.69208333333333,69.3,70.2,240
9410170,2016-11-07,69.57041666666667,69.1,70.0,240
9410170,2016-11-08,69.32416666666667,68.7,69.8,240
9410170,2016-11-09,68.93514644351464,68.7,69.4,239
9410170,2016-11-10,69.02833333333334,68.4,69.8,240
9410170,2016-11-11,69.4675,69.1,70.0,240
9410170,2016-11-12,69.28625000000001,68.9,69.6,240
9410170,2016-11-13,69.30208333333333,68.9,70.0,240
9410170,2016-11-14,69.46541666666667,69.1,70.2,240
9410170,2016-11-15,69.37381974248927,69.1,69.8,233
9410170,2016-11-16,69.22666666666667,68.7,69.4,240
9410170,2016-11-17,68.87750000000001,68.5,69.1,240
9410170,2016-11-18,68.76333333333334,68.5,69.1,240
9410170,2016-11-19,68.56583333333333,68.5,68.7,240
9410170,2016-11-20,68.51208333333334,68.4,68.7,240
9410170,2016-11-21,68.475,68.4,68.5,240
9410170,2016-11-22,68.49375,68.4,68.9,240
9410170,2016-11-23,68.38958333333333,68.2,68.5,240
9410170,2016-11-24,68.22142857142858,68.0,68.7,238
9410170,2016-11-25,67.98083333333334,67.8,68.4,240
9410170,2016-11-26,67.5725,67.3,67.8,240
9410170,2016-11-27,67.01833333333333,66.9,67.3,240
9410170,2016-11-28,66.77250000000001,66.7,66.9,240
9410170,2016-11-29,66.7218487394958,66.6,67.1,238
9410170,2016-11-30,66.35583333333334,66.2,66.6,240
9410170,2016-12-01,66.08333333333333,65.8,66.4,240
9410170,2016-12-02,65.83054393305439,65.7,66.0,239
9410170,2016-12-03,65.41932773109244,65.3,65.7,238
9410170,2016-12-04,65.17416666666666,64.9,65.5,240
9410170,2016-12-05,65.07583333333334,64.9,65.3,240
9410170,2016-12-06,64.99083333333333,64.9,65.1,240
9410170,2016-12-07,64.88326359832637,64.8,65.1,239
9410170,2016-12-08,64.85333333333332,64.6,65.1,240
9410170,2016-12-09,64.7125,64.4,64.8,240
9410170,2016-12-10,64.5,64.0,64.8,240
9410170,2016-12-11,64.4825,64.0,64.6,240
9410170,2016-12-12,64.4875,64.0,64.8,240
9410170,2016-12-13,64.46778242677824,64.0,64.6,239
9410170,2016-12-14,64.33874999999999,63.9,64.6,240
9410170,2016-12-15,64.30627615062762,64.0,64.4,239
9410170,2016-12-16,64.23,64.0,64.4,240
9410170,2016-12-17,63.97229437229437,63.5,64.2,231
9410170,2016-12-18,63.62083333333333,63.5,63.9,240
9410170,2016-12-19,63.391666666666666,63.1,63.7,240
9410170,2016-12-20,63.33933054393306,63.1,63.9,239
9410170,2016-12-21,63.2175,63.1,63.5,240
9410170,2016-12-22,63.31666666666667,63.3,63.5,240
9410170,2016-12-23,63.23583333333333,63.1,63.3,240
9410170,2016-12-24,62.71282051282051,62.1,63.1,234
9410170,2016-12-25,62.62041666666666,62.2,63.1,240
9410170,2016-12-26,62.435833333333335,62.2,62.8,240
9410170,2016-12-27,62.25,62.1,62.8,240
9410170,2016-12-28,62.11375,61.9,62.4,240
9410170,2016-12-29,62.096250000000005,61.7,62.6,240
9410170,2016-12-30,62.07000000000001,61.7,62.2,240
9410170,2016-12-31,61.94833333333334,61.9,62.1,240
9410170,2017-01-01,61.90833333333333,61.7,62.1,240
9410170,2017-01-02,61.740833333333335,61.5,61.9,240
9410170,2017-01-03,61.65583333333333,61.5,61.7,240
9410170,2017-01-04,61.72083333333333,61.5,62.1,240
9410170,2017-01-05,61.62416666666668,61.5,61.7,240
9410170,2017-01-06,61.75750000000001,61.5,62.1,240
9410170,2017-01-07,61.86333333333334,61.5,62.2,240
9410170,2017-01-08,61.95020920502092,61.7,62.2,239
9410170,2017-01-09,61.99875,61.7,62.2,240
9410170,2017-01-10,62.19041666666667,61.7,62.8,240
9410170,2017-01-11,62.145,61.7,62.4,240
9410170,2017-01-12,62.03833333333333,61.7,62.1,240
9410170,2017-01-13,62.031666666666666,61.7,62.1,240
9410170,2017-01-14,62.155,61.9,62.6,240
9410170,2017-01-15,62.16583333333334,61.9,62.4,240
9410170,2017-01-16,62.15541666666668,61.9,62.4,240
9410170,2017-01-17,62.28403361344538,62.1,62.6,238
9410170,2017-01-18,62.3510460251046,62.1,62.6,239
9410170,2017-01-19,62.20583333333333,62.1,62.4,240
9410170,2017-01-20,61.85791666666667,61.2,62.2,240
9410170,2017-01-21,61.41125,60.6,61.9,240
9410170,2017-01-22,61.399579831932776,61.0,61.7,238
9410170,2017-01-23,61.09125,60.8,61.3,240
9410170,2017-01-24,61.020833333333336,60.6,61.2,240
9410170,2017-01-25,60.84083333333333,60.6,61.0,240
9410170,2017-01-26,60.77,60.6,61.0,240
9410170,2017-01-27,60.66416666666667,60.4,61.2,240
9410170,2017-01-28,60.56541666666667,60.1,61.0,240
9410170,2017-01-29,60.65083333333334,60.3,61.2,240
9410170,2017-01-30,60.7725,60.4,61.3,240
9410170,2017-01-31,60.955000000000005,60.4,61.9,240
9410170,2017-02-01,61.15166666666666,60.8,61.7,240
9410170,2017-02-02,61.187916666666666,61.0,61.5,240
9410170,2017-02-03,61.31512605042017,60.8,61.7,238
9410170,2017-02-04,61.55833333333333,61.0,62.1,240
9410170,2017-02-05,61.538912133891216,61.0,61.9,239
9410170,2017-02-06,61.41008403361344,61.2,61.7,238
9410170,2017-02-07,61.6725,61.3,62.2,240
9410170,2017-02-08,62.15208333333333,61.7,62.8,240
9410170,2017-02-09,62.61101694915254,62.1,63.3,236
9410170,2017-02-10,62.84117647058824,62.4,63.1,238
9410170,2017-02-11,62.94083333333333,62.6,63.3,240
9410170,2017-02-12,62.98291666666667,62.2,63.5,240
9410170,2017-02-13,63.05648535564853,62.2,63.7,239
9410170,2017-02-14,63.18625,62.4,63.9,240
9410170,2017-02-15,63.30416666666667,62.8,63.9,240
9410170,2017-02-16,63.44666666666667,62.8,64.0,240
9410170,2017-02-17,63.220416666666665,63.0,63.5,240
9410170,2017-02-18,63.111297071129705,62.6,63.7,239
9410170,2017-02-19,63.32666666666667,63.1,63.5,240
9410170,2017-02-20,63.58083333333333,63.1,64.6,240
9410170,2017-02-21,63.80875,63.3,64.4,240
9410170,2017-02-22,63.673221757322175,62.8,64.2,239
9410170,2017-02-23,63.49618644067797,63.0,64.0,236
9410170,2017-02-24,63.410924369747896,62.8,64.0,238
9410170,2017-02-25,63.28786610878661,62.4,63.7,239
9410170,2017-02-26,63.004583333333336,62.2,63.5,240
9410170,2017-02-27,62.77791666666667,62.4,63.1,240
9410170,2017-02-28,62.33375,62.1,62.6,240
9410170,2017-03-01,62.63583333333334,62.1,63.9,240
9410170,2017-03-02,62.60666666666667,62.1,63.5,240
9410170,2017-03-03,62.57291666666666,62.1,63.7,240
9410170,2017-03-04,62.7475,61.9,63.5,240
9410170,2017-03-05,63.28833333333333,62.4,63.9,240
9410170,2017-03-06,63.17625,62.8,63.9,240
9410170,2017-03-07,62.76125,61.7,63.9,240
9410170,2017-03-08,62.73041666666666,61.7,63.9,240
9410170,2017-03-09,63.05333333333333,62.1,64.4,240
9410170,2017-03-10,63.57041666666667,62.6,64.8,240
9410170,2017-03-11,63.925,63.0,65.1,240
9410170,2017-03-12,64.30478260869566,63.3,65.5,230
9410170,2017-03-13,64.72803347280335,63.7,66.0,239
9410170,2017-03-14,65.08208333333333,64.2,66.2,240
9410170,2017-03-15,65.41589958158995,64.6,66.6,239
9410170,2017-03-16,65.99291666666666,64.6,67.3,240
9410170,2017-03-17,66.32375,64.4,67.5,240
9410170,2017-03-18,67.27916666666667,65.5,68.7,240
9410170,2017-03-19,67.7075,65.7,68.7,240
9410170,2017-03-20,68.02291666666666,66.4,68.5,240
9410170,2017-03-21,67.2725,66.4,67.8,240
9410170,2017-03-22,67.265,65.3,67.6,240
9410170,2017-03-23,66.06666666666666,64.6,67.5,240
9410170,2017-03-24,65.25166666666667,63.7,66.6,240
9410170,2017-03-25,65.5125,64.4,66.6,240
9410170,2017-03-26,65.78083333333333,64.8,66.6,240
9410170,2017-03-27,65.92041666666667,64.9,66.7,240
9410170,2017-03-28,66.01324786324787,65.1,67.1,234
9410170,2017-03-29,66.12583333333333,65.1,67.3,240
9410170,2017-03-30,66.16708333333334,64.9,66.9,240
9410170,2017-03-31,66.16166666666666,65.1,67.1,240
9410170,2017-04-01,66.26583333333333,64.8,67.3,240
9410170,2017-04-02,66.55833333333334,65.1,67.8,240
9410170,2017-04-03,66.98410041841004,65.8,67.8,239
9410170,2017-04-04,66.73398058252428,65.5,67.8,206
9410170,2017-04-05,66.02149122807018,64.2,67.3,228
9410170,2017-04-06,66.01279069767442,64.4,67.5,172
9410170,2017-04-07,66.52083333333333,64.9,68.0,240
9410170,2017-04-08,66.675,65.3,68.0,240
9410170,2017-04-09,66.53389121338913,65.3,67.5,239
9410170,2017-04-10,66.37208333333334,64.9,67.8,240
9410170,2017-04-11,66.5213389121339,65.3,68.0,239
9410170,2017-04-12,66.84166666666667,65.1,68.0,240
9410170,2017-04-13,67.1175,65.3,68.4,240
9410170,2017-04-14,67.41924686192468,64.9,68.5,239
9410170,2017-04-15,67.13375,64.9,68.4,240
9410170,2017-04-16,67.87416666666667,66.0,68.7,240
9410170,2017-04-17,67.918410041841,66.4,68.9,239
9410170,2017-04-18,67.64811715481171,65.7,69.1,239
9410170,2017-04-19,68.47666666666667,67.3,69.3,240
9410170,2017-04-20,67.74708333333334,63.5,68.9,240
9410170,2017-04-21,66.52624999999999,61.9,68.7,240
9410170,2017-04-22,65.69,61.0,68.0,240
9410170,2017-04-23,65.68117154811715,63.1,67.6,239
9410170,2017-04-24,66.43958333333333,64.9,67.8,240
9410170,2017-04-25,66.87708333333333,65.7,67.8,240
9410170,2017-04-26,67.41208333333333,66.4,68.5,240
9410170,2017-04-27,67.95625,66.7,68.7,240
9410170,2017-04-28,68.23177966101694,66.4,69.4,236
9410170,2017-04-29,68.63708333333334,66.9,69.8,240
9410170,2017-04-30,68.9890756302521,67.6,70.2,238
9410170,2017-05-01,69.19041666666666,67.3,70.9,240
9410170,2017-05-02,69.5625,67.3,71.2,240
9410170,2017-05-03,70.10000000000001,69.3,71.1,239
9410170,2017-05-04,70.42583333333333,68.9,71.2,240
9410170,2017-05-05,69.88125,68.7,70.9,240
9410170,2017-05-06,69.37666666666668,69.1,70.0,240
9410170,2017-05-07,68.61,68.2,69.1,240
9410170,2017-05-08,68.25899581589958,67.6,68.9,239
9410170,2017-05-09,68.46208333333334,68.0,68.9,240
9410170,2017-05-10,68.57740585774059,67.5,69.3,239
9410170,2017-05-11,68.69333333333334,68.0,69.6,240
9410170,2017-05-12,68.81541666666666,68.0,69.3,240
9410170,2017-05-13,68.96340425531915,67.5,70.2,235
9410170,2017-05-14,68.98067226890757,67.5,70.2,238
9410170,2017-05-15,69.13083333333334,68.4,69.4,240
9410170,2017-05-16,69.04458333333334,68.5,69.6,240
9410170,2017-05-17,69.20962343096234,68.5,70.2,239
9410170,2017-05-18,69.52330508474576,68.7,70.3,236
9410170,2017-05-19,70.125,68.9,70.9,240
9410170,2017-05-20,70.01916666666666,69.3,70.7,240
9410170,2017-05-21,69.34083333333334,66.2,70.9,240
9410170,2017-05-22,69.03333333333333,66.2,70.5,240
9410170,2017-05-23,68.57166666666667,66.0,70.0,240
9410170,2017-05-24,68.40875,64.9,70.3,240
9410170,2017-05-25,68.06041666666667,65.3,69.4,240
9410170,2017-05-26,67.77541666666667,64.8,69.3,240
9410170,2017-05-27,67.79291666666667,65.1,68.9,240
9410170,2017-05-28,67.70666666666666,64.9,69.1,240
9410170,2017-05-29,67.61966527196653,64.6,68.2,239
9410170,2017-05-30,67.37333333333333,64.9,68.4,240
9410170,2017-05-31,67.02208333333333,65.1,67.6,240
9410170,2017-06-01,67.09708333333333,66.2,67.6,240
9410170,2017-06-02,67.87583333333333,66.2,68.7,240
9410170,2017-06-03,67.77916666666667,66.6,68.5,240
9410170,2017-06-04,67.84708333333333,66.9,68.2,240
9410170,2017-06-05,68.04083333333332,67.6,68.2,240
9410170,2017-06-06,68.13333333333334,67.8,68.4,240
9410170,2017-06-07,68.40041666666667,68.0,68.7,240
9410170,2017-06-08,68.99499999999999,68.4,70.0,240
9410170,2017-06-09,69.80916666666667,69.1,70.7,240
9410170,2017-06-10,70.27541666666666,69.8,70.5,240
9410170,2017-06-11,70.33333333333333,69.8,70.9,240
9410170,2017-06-12,70.63625,69.8,71.6,240
9410170,2017-06-13,71.06125,70.2,72.1,240
9410170,2017-06-14,71.30166666666668,70.3,73.0,240
9410170,2017-06-15,71.425,69.1,72.7,240
9410170,2017-06-16,71.5425,68.2,72.7,240
9410170,2017-06-17,72.36833333333334,70.0,73.2,240
9410170,2017-06-18,73.08958333333334,72.7,73.8,240
9410170,2017-06-19,72.83874999999999,70.5,73.8,240
9410170,2017-06-20,71.39333333333335,68.9,73.4,240
9410170,2017-06-21,70.61833333333334,66.7,72.3,240
9410170,2017-06-22,70.13166666666666,66.7,71.8,240
9410170,2017-06-23,70.23765690376568,67.1,72.0,239
9410170,2017-06-24,70.14958333333334,67.3,71.8,240
9410170,2017-06-25,70.10916666666667,66.0,72.1,240
9410170,2017-06-26,69.77333333333333,65.8,71.8,240
9410170,2017-06-27,70.55125,65.8,72.5,240
9410170,2017-06-28,70.66958333333334,67.5,72.3,240
9410170,2017-06-29,70.44958333333334,68.0,72.1,240
9410170,2017-06-30,71.47166666666666,70.2,72.7,240
9410170,2017-07-01,71.98375,71.6,72.5,240
9410170,2017-07-02,71.82,70.0,72.9,240
9410170,2017-07-03,72.60708333333334,70.7,73.6,240
9410170,2017-07-04,72.97291666666666,72.0,73.8,240
9410170,2017-07-05,73.1525,71.1,74.3,240
9410170,2017-07-06,73.47958333333332,71.4,75.0,240
9410170,2017-07-07,73.43791666666667,71.2,74.8,240
9410170,2017-07-08,73.49291666666666,72.1,74.7,240
9410170,2017-07-09,73.84125,72.9,74.7,240
9410170,2017-07-10,74.68958333333333,73.2,76.1,240
9410170,2017-07-11,75.90541666666667,75.2,76.8,240
9410170,2017-07-12,76.40208333333334,75.2,77.5,240
9410170,2017-07-13,76.70708333333333,75.7,77.5,240
9410170,2017-07-14,76.50999999999999,75.4,77.0,240
9410170,2017-07-15,76.28583333333333,73.9,77.0,240
9410170,2017-07-16,76.00541666666666,74.8,77.0,240
9410170,2017-07-17,76.50166666666668,75.2,77.7,240
9410170,2017-07-18,76.94083333333333,75.0,77.7,240
9410170,2017-07-19,76.67782426778243,74.7,78.1,239
9410170,2017-07-20,76.87625,76.1,77.7,240
9410170,2017-07-21,77.37875000000001,76.5,78.4,240
9410170,2017-07-22,77.77291666666666,77.0,78.4,240
9410170,2017-07-23,77.95666666666666,77.2,78.8,240
9410170,2017-07-24,77.88166666666666,75.9,78.4,240
9410170,2017-07-25,77.575,76.1,77.9,240
9410170,2017-07-26,77.5425,75.9,78.4,240
9410170,2017-07-27,77.06375,75.0,77.9,240
9410170,2017-07-28,76.29416666666665,73.6,77.2,240
9410170,2017-07-29,76.17708333333333,73.6,77.5,240
9410170,2017-07-30,76.95833333333333,75.9,77.7,240
9410170,2017-07-31,77.16916666666667,73.6,77.7,240
9410170,2017-08-01,74.74958333333333,71.1,77.2,240
9410170,2017-08-02,74.47375000000001,70.5,76.3,240
9410170,2017-08-03,74.67208333333333,70.5,76.6,240
9410170,2017-08-04,75.03708333333334,72.0,76.6,240
9410170,2017-08-05,74.99041666666668,73.6,76.1,240
9410170,2017-08-06,75.26916666666668,74.5,75.9,240
9410170,2017-08-07,75.77,74.8,76.5,240
9410170,2017-08-08,75.77291666666666,73.2,77.0,240
9410170,2017-08-09,75.33416666666668,72.3,76.5,240
9410170,2017-08-10,75.02916666666667,72.9,76.3,240
9410170,2017-08-11,75.07124999999999,72.7,76.1,240
9410170,2017-08-12,74.67208333333333,72.7,75.7,240
9410170,2017-08-13,74.46499999999999,71.4,75.7,240
9410170,2017-08-14,74.77208333333333,71.8,76.1,240
9410170,2017-08-15,74.57416666666667,73.8,75.7,240
9410170,2017-08-16,74.31166666666667,72.9,75.2,240
9410170,2017-08-17,74.0475,72.1,75.0,240
9410170,2017-08-18,74.12349397590361,73.0,74.8,166
9410170,2017-08-19,74.1404255319149,72.9,74.8,235
9410170,2017-08-20,74.25125,73.0,75.2,240
9410170,2017-08-21,74.15333333333334,72.5,75.2,240
9410170,2017-08-22,74.095,72.1,75.0,240
9410170,2017-08-23,73.69333333333334,71.4,74.1,240
9410170,2017-08-24,72.71833333333333,71.4,73.2,240
9410170,2017-08-25,72.27583333333334,70.7,72.9,240
9410170,2017-08-26,72.53208333333333,71.6,73.4,240
9410170,2017-08-27,73.00166666666668,71.6,73.6,240
9410170,2017-08-28,73.42041666666667,72.0,74.3,240
9410170,2017-08-29,73.83583333333333,73.0,75.2,240
9410170,2017-08-30,73.22875,68.0,75.2,240
9410170,2017-08-31,73.04833333333333,68.4,75.0,240
9410170,2017-09-01,73.74291666666666,68.9,76.3,240
9410170,2017-09-02,72.84375,69.4,75.0,240
9410170,2017-09-03,73.24833333333332,71.8,74.3,240
9410170,2017-09-04,73.48666666666666,73.2,73.8,240
9410170,2017-09-05,73.95666666666666,73.2,74.7,240
9410170,2017-09-06,74.52416666666666,73.8,75.2,240
9410170,2017-09-07,74.8723849372385,74.1,75.6,239
9410170,2017-09-08,75.22583333333334,74.7,75.9,240
9410170,2017-09-09,75.09416666666667,74.1,75.7,240
9410170,2017-09-10,74.75787234042552,72.5,75.6,235
9410170,2017-09-11,74.62958333333333,71.4,76.1,240
9410170,2017-09-12,74.92916666666666,73.6,75.9,240
9410170,2017-09-13,74.12291666666667,71.2,75.4,240
9410170,2017-09-14,72.82708333333333,70.9,74.3,240
9410170,2017-09-15,72.2875,70.2,73.8,240
9410170,2017-09-16,72.17583333333333,70.7,73.2,240
9410170,2017-09-17,72.41916666666665,70.0,73.2,240
9410170,2017-09-18,72.36291666666666,70.7,73.4,240
9410170,2017-09-19,72.38541666666667,71.1,73.2,240
9410170,2017-09-20,72.49208333333333,71.4,73.2,240
9410170,2017-09-21,72.24749999999999,71.1,72.7,240
9410170,2017-09-22,72.15833333333333,71.6,72.7,240
9410170,2017-09-23,72.4225,72.1,72.9,240
9410170,2017-09-24,72.50166666666668,72.0,73.0,240
9410170,2017-09-25,72.6697247706422,72.3,73.4,218
9410170,2017-09-26,72.9175,72.5,73.6,240
9410170,2017-09-27,73.05625,72.1,73.9,240
9410170,2017-09-28,73.065,71.6,73.8,240
9410170,2017-09-29,72.82124999999999,71.2,73.9,240
9410170,2017-09-30,72.65,70.5,73.8,240
9410170,2017-10-01,72.19416666666666,70.9,73.2,240
9410170,2017-10-02,72.33999999999999,71.8,73.0,240
9410170,2017-10-03,72.795,72.3,73.4,240
9410170,2017-10-04,73.00583333333334,72.7,73.4,240
9410170,2017-10-05,73.13416666666667,72.7,73.8,240
9410170,2017-10-06,73.39,73.0,73.8,240
9410170,2017-10-07,73.62875000000001,73.2,74.3,240
9410170,2017-10-08,73.76125,73.6,74.1,240
9410170,2017-10-09,73.835,73.6,74.3,240
9410170,2017-10-10,74.03708333333334,73.8,74.5,240
9410170,2017-10-11,74.03958333333334,73.8,74.5,240
9410170,2017-10-12,74.07958333333333,73.8,74.5,240
9410170,2017-10-13,74.18166666666667,73.9,74.5,240
9410170,2017-10-14,74.26916666666668,73.9,74.7,240
9410170,2017-10-15,74.17708333333333,73.8,74.7,240
9410170,2017-10-16,74.11166666666666,73.6,74.7,240
9410170,2017-10-17,74.02700421940928,73.4,74.7,237
9410170,2017-10-18,73.8575,73.4,74.5,240
9410170,2017-10-19,73.77647058823528,73.2,74.1,238
9410170,2017-10-20,73.35416666666667,73.2,73.8,240
9410170,2017-10-21,73.1975,73.0,73.4,240
9410170,2017-10-22,73.09541666666668,72.9,73.4,240
9410170,2017-10-23,72.84083333333334,72.1,73.4,240
9410170,2017-10-24,72.55083333333333,71.4,73.0,240
9410170,2017-10-25,72.15541666666667,70.2,72.9,240
9410170,2017-10-26,71.52291666666666,70.0,72.5,240
9410170,2017-10-27,71.68333333333334,70.3,72.5,240
9410170,2017-10-28,71.27375,70.0,72.1,240
9410170,2017-10-29,71.07750000000001,70.2,71.4,240
9410170,2017-10-30,70.76208333333334,70.5,71.4,240
9410170,2017-10-31,70.61083333333335,70.5,70.9,240
9410170,2017-11-01,70.715,70.5,70.9,240
9410170,2017-11-02,70.80291666666668,70.5,71.2,240
9410170,2017-11-03,70.70333333333333,70.5,70.9,240
9410170,2017-11-04,70.58,70.3,70.9,240
9410170,2017-11-05,70.62083333333334,70.3,70.9,240
9410170,2017-11-06,70.44833333333332,70.3,70.7,240
9410170,2017-11-07,70.26416666666665,69.8,70.3,240
9410170,2017-11-08,69.99166666666666,69.6,70.2,240
9410170,2017-11-09,69.785,69.6,70.2,240
9410170,2017-11-10,69.73583333333333,69.4,70.2,240
9410170,2017-11-11,69.65833333333333,69.4,70.0,240
9410170,2017-11-12,69.23,69.1,69.6,240
9410170,2017-11-13,68.9475,68.7,69.3,240
9410170,2017-11-14,68.80333333333333,68.5,69.1,240
9410170,2017-11-15,68.5425,68.2,68.9,240
9410170,2017-11-16,68.32625,68.0,68.7,240
9410170,2017-11-17,68.0,67.8,68.4,240
9410170,2017-11-18,67.91833333333334,67.6,68.2,240
9410170,2017-11-19,67.66291666666666,67.3,68.0,240
9410170,2017-11-20,67.33583333333333,66.9,67.8,240
9410170,2017-11-21,67.13,66.7,67.6,240
9410170,2017-11-22,66.86610878661088,66.6,67.3,239
9410170,2017-11-23,66.80875,66.4,67.1,240
9410170,2017-11-24,66.75666666666667,66.4,67.1,240
9410170,2017-11-25,66.81541666666666,66.4,67.1,240
9410170,2017-11-26,66.8375,66.4,67.1,240
9410170,2017-11-27,66.63458333333332,66.6,66.9,240
9410170,2017-11-28,66.38833333333334,66.2,66.6,240
9410170,2017-11-29,66.455,66.4,66.7,240
9410170,2017-11-30,66.48333333333333,66.4,66.7,240
9410170,2017-12-01,66.44333333333334,66.2,66.9,240
9410170,2017-12-02,66.47708333333334,66.2,67.1,240
9410170,2017-12-03,66.4875,66.4,66.7,240
9410170,2017-12-04,66.33333333333333,66.2,66.6,240
9410170,2017-12-05,66.09333333333333,65.8,66.2,240
9410170,2017-12-06,65.68125,65.5,65.8,240
9410170,2017-12-07,65.39833333333334,65.3,65.5,240
9410170,2017-12-08,65.0925,64.9,65.3,240
9410170,2017-12-09,64.94874999999999,64.8,65.1,240
9410170,2017-12-10,64.8025,64.6,64.9,240
9410170,2017-12-11,64.81791666666666,64.6,65.1,240
9410170,2017-12-12,64.6775,64.6,64.8,240
9410170,2017-12-13,64.51916666666666,64.4,64.8,240
9410170,2017-12-14,64.275,64.0,64.6,240
9410170,2017-12-15,63.92666666666666,63.7,64.2,240
9410170,2017-12-16,63.69083333333334,63.5,63.9,240
9410170,2017-12-17,63.549166666666665,63.3,63.7,240
9410170,2017-12-18,63.47416666666666,63.3,63.7,240
9410170,2017-12-19,63.35416666666666,63.1,63.7,240
9410170,2017-12-20,63.318333333333335,63.1,63.7,240
9410170,2017-12-21,63.20208333333333,63.0,63.3,240
9410170,2017-12-22,62.97208333333333,62.8,63.1,240
9410170,2017-12-23,62.66416666666667,62.4,62.8,240
9410170,2017-12-24,62.583333333333336,62.2,63.0,240
9410170,2017-12-25,62.49333333333333,62.2,63.0,240
9410170,2017-12-26,62.31583333333333,62.2,62.4,240
9410170,2017-12-27,62.21833333333333,62.1,62.4,240
9410170,2017-12-28,62.22916666666666,62.2,62.6,240
9410170,2017-12-29,62.2275,62.2,62.4,240
9410170,2017-12-30,62.439166666666665,62.2,62.8,240
9410170,2017-12-31,62.4975,62.4,62.8,240
9410170,2018-01-01,62.595,62.4,63.1,240
9410170,2018-01-02,62.75083333333334,62.6,63.1,240
9410170,2018-01-03,62.865,62.8,63.0,240
9410170,2018-01-04,63.01458333333333,62.8,63.5,240
9410170,2018-01-05,63.19083333333333,63.0,63.7,240
9410170,2018-01-06,63.34583333333333,63.1,63.7,240
9410170,2018-01-07,63.5325,63.3,64.0,240
9410170,2018-01-08,63.53083333333333,63.5,63.7,240
9410170,2018-01-09,63.7225,63.5,63.9,240
9410170,2018-01-10,63.71666666666667,63.5,63.9,240
9410170,2018-01-11,63.90416666666667,63.7,64.4,240
9410170,2018-01-12,64.01791666666666,63.7,64.6,240
9410170,2018-01-13,64.09666666666666,63.9,64.6,240
9410170,2018-01-14,64.13375,63.9,64.4,240
9410170,2018-01-15,64.22208333333333,63.9,64.8,240
9410170,2018-01-16,64.2725,64.0,64.8,240
9410170,2018-01-17,64.31833333333333,64.0,64.8,240
9410170,2018-01-18,64.39833333333334,64.2,64.9,240
9410170,2018-01-19,64.295,64.0,64.6,240
9410170,2018-01-20,63.85672268907563,63.7,64.0,238
9410170,2018-01-21,63.73291666666667,63.5,64.0,240
9410170,2018-01-22,63.71458333333333,63.5,64.0,240
9410170,2018-01-23,63.64458333333334,63.3,64.0,240
9410170,2018-01-24,63.64,63.3,64.0,240
9410170,2018-01-25,63.517500000000005,63.3,63.9,240
9410170,2018-01-26,63.318333333333335,63.1,63.7,240
9410170,2018-01-27,63.23166666666667,63.0,63.7,240
9410170,2018-01-28,63.18208333333334,62.8,63.7,240
9410170,2018-01-29,63.17791666666667,63.0,63.7,240
9410170,2018-01-30,63.0925,63.0,63.3,240
9410170,2018-01-31,63.05041666666667,62.8,63.5,240
9410170,2018-02-01,63.155,62.8,64.0,240
9410170,2018-02-02,63.2825,63.0,64.0,240
9410170,2018-02-03,63.46,63.1,63.9,240
9410170,2018-02-04,63.700833333333335,63.3,64.4,240
9410170,2018-02-05,63.85875,63.5,64.2,240
9410170,2018-02-06,64.1525,63.9,64.8,240
9410170,2018-02-07,64.29875,63.9,64.8,240
9410170,2018-02-08,64.44416666666667,64.0,64.9,240
9410170,2018-02-09,64.54583333333333,64.2,64.9,240
9410170,2018-02-10,64.585,64.4,64.8,240
9410170,2018-02-11,64.71625,64.4,65.5,240
9410170,2018-02-12,64.76875,64.6,64.9,240
9410170,2018-02-13,64.69330543933054,64.4,65.3,239
9410170,2018-02-14,64.88708333333334,64.6,65.5,240
9410170,2018-02-15,65.035,64.8,65.5,240
9410170,2018-02-16,65.11875,64.8,65.7,240
9410170,2018-02-17,65.13583333333334,64.8,65.5,240
9410170,2018-02-18,65.23083333333334,64.9,65.7,240
9410170,2018-02-19,64.76333333333334,64.2,65.3,240
9410170,2018-02-20,64.27624999999999,63.9,64.6,240
9410170,2018-02-21,64.26958333333333,63.7,64.6,240
9410170,2018-02-22,64.06208333333333,63.9,64.4,240
9410170,2018-02-23,63.560833333333335,63.3,64.0,240
9410170,2018-02-24,63.38416666666667,63.1,63.7,240
9410170,2018-02-25,63.285,63.0,63.7,240
9410170,2018-02-26,63.18458333333333,62.8,64.0,240
9410170,2018-02-27,63.025,62.8,63.3,240
9410170,2018-02-28,62.92916666666667,62.6,63.5,240
9410170,2018-03-01,62.82333333333334,62.4,63.3,240
9410170,2018-03-02,62.85125,62.4,63.5,240
9410170,2018-03-03,62.93291666666666,62.6,63.3,240
9410170,2018-03-04,62.92083333333333,62.6,63.1,240
9410170,2018-03-05,62.96333333333333,62.6,63.5,240
9410170,2018-03-06,63.157916666666665,62.6,63.9,240
9410170,2018-03-07,63.37916666666667,63.0,63.9,240
9410170,2018-03-08,63.485,63.1,63.9,240
9410170,2018-03-09,63.78083333333333,63.1,64.4,240
9410170,2018-03-10,63.60916666666667,63.3,63.9,240
9410170,2018-03-11,63.6991304347826,63.3,64.4,230
9410170,2018-03-12,64.28958333333334,63.7,64.8,240
9410170,2018-03-13,64.55833333333334,64.0,64.9,240
9410170,2018-03-14,64.82041666666666,64.4,65.5,240
9410170,2018-03-15,64.925,64.6,65.3,240
9410170,2018-03-16,64.93583333333332,64.6,65.3,240
9410170,2018-03-17,64.93583333333332,64.6,65.1,240
9410170,2018-03-18,64.75041666666667,64.4,65.1,240
9410170,2018-03-19,64.81750000000001,64.2,65.5,240
9410170,2018-03-20,64.96125,64.4,65.7,240
9410170,2018-03-21,65.07958333333333,64.4,65.7,240
9410170,2018-03-22,64.81958333333334,64.2,65.3,240
9410170,2018-03-23,64.74666666666667,63.9,65.5,240
9410170,2018-03-24,65.16791666666667,64.2,65.8,240
9410170,2018-03-25,65.01958333333333,63.9,65.8,240
9410170,2018-03-26,64.34435146443515,62.6,65.3,239
9410170,2018-03-27,64.31666666666666,62.8,65.3,240
9410170,2018-03-28,64.49875,63.1,65.5,240
9410170,2018-03-29,64.85291666666666,63.0,65.8,240
9410170,2018-03-30,65.09791666666666,63.5,65.8,240
9410170,2018-03-31,65.16166666666668,64.0,65.7,240
9410170,2018-04-01,65.3225,64.2,66.2,240
9410170,2018-04-02,65.0725,64.0,65.5,240
9410170,2018-04-03,65.29291666666667,64.6,66.2,240
9410170,2018-04-04,65.30166666666666,64.6,65.7,240
9410170,2018-04-05,65.52583333333334,64.8,66.4,240
9410170,2018-04-06,66.17029288702929,65.3,67.1,239
9410170,2018-04-07,66.26962025316456,65.7,67.1,158
9410170,2018-04-08,67.27698744769874,66.2,68.4,239
9410170,2018-04-09,67.29583333333333,66.4,68.4,240
9410170,2018-04-10,67.70291666666667,66.2,68.7,240
9410170,2018-04-11,65.90225225225225,62.1,68.5,222
9410170,2018-04-12,64.12575107296136,62.4,65.7,233
9410170,2018-04-13,63.98916666666666,62.4,65.7,240
9410170,2018-04-14,63.79041666666667,62.1,65.8,240
9410170,2018-04-15,63.59875,60.6,65.5,240
9410170,2018-04-16,63.56375,60.4,65.3,240
9410170,2018-04-17,63.04625,59.0,64.4,240
9410170,2018-04-18,62.11,58.8,64.2,240
9410170,2018-04-19,62.52041666666666,58.8,64.0,240
9410170,2018-04-20,61.65833333333333,58.5,63.7,240
9410170,2018-04-21,61.70916666666667,59.7,63.7,240
9410170,2018-04-22,61.51375,59.5,64.4,240
9410170,2018-04-23,61.93541666666667,59.9,64.4,240
9410170,2018-04-24,62.83916666666666,61.0,65.3,240
9410170,2018-04-25,63.06875,61.3,65.5,240
9410170,2018-04-26,63.2375,61.5,65.5,240
9410170,2018-04-27,63.44041666666667,61.2,65.5,240
9410170,2018-04-28,63.46192468619247,60.4,65.7,239
9410170,2018-04-29,63.72291666666667,61.9,65.3,240
9410170,2018-04-30,63.61875,61.9,64.9,240
9410170,2018-05-01,63.34125,61.2,64.2,240
9410170,2018-05-02,62.93708333333333,61.2,64.2,240
9410170,2018-05-03,63.40166666666666,61.3,64.6,240
9410170,2018-05-04,63.68458333333333,62.2,65.1,240
9410170,2018-05-05,63.79,61.2,65.7,240
9410170,2018-05-06,61.57,59.4,64.8,240
9410170,2018-05-07,59.97916666666666,57.6,64.2,240
9410170,2018-05-08,59.53781512605042,57.0,63.3,238
9410170,2018-05-09,60.32875,57.4,63.0,240
9410170,2018-05-10,61.78666666666666,59.2,66.4,240
9410170,2018-05-11,63.09791666666667,61.2,64.4,240
9410170,2018-05-12,63.85958333333333,63.0,64.8,240
9410170,2018-05-13,64.32125,63.5,65.5,240
9410170,2018-05-14,64.78125,63.5,65.7,240
9410170,2018-05-15,65.00083682008369,63.1,66.4,239
9410170,2018-05-16,64.96875,62.6,66.6,240
9410170,2018-05-17,64.89916666666666,61.9,66.2,240
9410170,2018-05-18,64.7112970711297,61.7,66.0,239
9410170,2018-05-19,64.67112970711297,61.7,66.0,239
9410170,2018-05-20,64.64791666666666,62.6,66.2,240
9410170,2018-05-21,64.67916666666666,63.0,66.0,240
9410170,2018-05-22,64.8975,63.1,66.2,240
9410170,2018-05-23,64.96512605042017,63.7,65.8,238
9410170,2018-05-24,65.3579831932773,64.6,65.8,238
9410170,2018-05-25,65.54083333333332,64.2,66.6,240
9410170,2018-05-26,65.75333333333333,64.8,66.6,240
9410170,2018-05-27,65.595,63.7,67.5,240
9410170,2018-05-28,65.50669456066946,61.9,67.5,239
9410170,2018-05-29,65.06569037656904,61.9,66.7,239
9410170,2018-05-30,64.94708333333332,62.4,66.6,240
9410170,2018-05-31,65.35666666666667,63.3,67.1,240
9410170,2018-06-01,65.79875,63.9,67.3,240
9410170,2018-06-02,66.3625,64.9,67.8,240
9410170,2018-06-03,66.73916666666666,65.7,68.2,240
9410170,2018-06-04,66.34125,64.8,67.5,240
9410170,2018-06-05,65.74602510460251,63.7,67.3,239
9410170,2018-06-06,66.41166666666666,64.2,68.2,240
9410170,2018-06-07,67.23125,64.4,69.6,240
9410170,2018-06-08,67.56987447698745,65.1,70.2,239
9410170,2018-06-09,67.88416666666667,65.8,70.2,240
9410170,2018-06-10,68.42426778242678,67.1,70.7,239
9410170,2018-06-11,69.01416666666667,67.8,70.9,240
9410170,2018-06-12,69.73791666666666,68.2,72.1,240
9410170,2018-06-13,70.34644351464435,68.5,72.3,239
9410170,2018-06-14,70.79208333333332,68.5,72.7,240
9410170,2018-06-15,71.06375,69.1,73.0,240
9410170,2018-06-16,71.14142259414226,69.3,72.0,239
9410170,2018-06-17,70.76791666666666,68.5,71.8,240
9410170,2018-06-18,71.10416666666667,70.2,72.0,240
9410170,2018-06-19,71.37916666666666,70.7,72.0,240
9410170,2018-06-20,70.09327731092438,68.2,71.8,238
9410170,2018-06-21,69.20458333333333,66.7,70.9,240
9410170,2018-06-22,69.75333333333333,67.6,72.1,240
9410170,2018-06-23,69.64285714285714,67.6,70.9,238
9410170,2018-06-24,69.51666666666667,67.6,71.1,240
9410170,2018-06-25,70.16958333333334,68.4,72.0,240
9410170,2018-06-26,70.73,69.3,72.1,240
9410170,2018-06-27,70.6975,68.2,72.9,240
9410170,2018-06-28,70.85208333333334,66.9,73.0,240
9410170,2018-06-29,70.35916666666667,67.5,72.0,240
9410170,2018-06-30,70.43881856540085,67.6,72.3,237
9410170,2018-07-01,71.15458333333332,68.9,72.9,240
9410170,2018-07-02,72.03791666666666,70.3,73.6,240
9410170,2018-07-03,72.5325,71.6,73.6,240
9410170,2018-07-04,72.16708333333332,70.0,73.8,240
9410170,2018-07-05,71.05916666666667,67.3,73.9,240
9410170,2018-07-06,68.73666666666666,64.8,73.8,240
9410170,2018-07-07,67.06125,64.4,71.1,240
9410170,2018-07-08,69.70460251046026,66.0,73.2,239
9410170,2018-07-09,72.42875000000001,69.4,75.6,240
9410170,2018-07-10,73.63333333333334,71.2,74.8,240
9410170,2018-07-11,74.4675,73.2,76.6,240
9410170,2018-07-12,75.35416666666667,73.9,77.7,240
9410170,2018-07-13,76.14958333333334,74.3,77.7,240
9410170,2018-07-14,76.8575,74.8,78.6,240
9410170,2018-07-15,76.77458333333334,73.9,78.3,240
9410170,2018-07-16,77.07280334728034,74.1,78.6,239
9410170,2018-07-17,77.71966527196653,75.2,79.3,239
9410170,2018-07-18,78.05833333333334,76.3,80.1,240
9410170,2018-07-19,77.44791666666667,75.7,79.9,240
9410170,2018-07-20,77.83791666666666,75.6,80.2,240
9410170,2018-07-21,77.81971830985916,74.7,80.6,213
9410170,2018-07-22,77.2650655021834,73.2,80.6,229
9410170,2018-07-23,76.13875,71.1,79.9,240
9410170,2018-07-24,75.92041666666667,72.3,80.1,240
9410170,2018-07-25,77.16638655462184,73.0,80.6,238
9410170,2018-07-26,78.89203980099502,75.4,80.6,201
9410170,2018-07-27,79.3991452991453,77.9,80.6,117
9410170,2018-07-28,79.99080459770114,79.3,80.6,87
9410170,2018-07-29,80.19655172413792,79.9,80.6,29
9410170,2019-03-19,76.96744186046512,76.5,78.4,43
9410170,2019-03-20,76.57,76.3,77.2,40
9410170,2019-03-21,62.11822429906543,61.3,62.6,214
9410170,2019-03-22,62.29583333333333,61.7,63.0,240
9410170,2019-03-23,62.54541666666667,61.7,63.3,240
9410170,2019-03-24,62.8875,62.1,63.7,240
9410170,2019-03-25,63.2025,62.2,64.0,240
9410170,2019-03-26,63.26583333333333,62.6,63.9,240
9410170,2019-03-27,63.142500000000005,62.4,63.9,240
9410170,2019-03-28,63.16166666666666,62.1,64.4,240
9410170,2019-03-29,62.50916666666667,61.0,64.4,240
9410170,2019-03-30,61.94166666666667,59.5,63.5,240
9410170,2019-03-31,61.89083333333333,60.1,63.3,240
9410170,2019-04-01,62.11833333333333,60.4,63.7,240
9410170,2019-04-02,62.49125,61.2,64.0,240
9410170,2019-04-03,63.10208333333333,61.7,64.4,240
9410170,2019-04-04,63.33625,62.4,64.4,240
9410170,2019-04-05,63.615,62.8,64.6,240
9410170,2019-04-06,64.04375,63.1,65.1,240
9410170,2019-04-07,64.48958333333333,63.3,65.7,240
9410170,2019-04-08,64.82958333333333,63.5,66.4,240
9410170,2019-04-09,65.35375,63.9,66.2,240
9410170,2019-04-10,65.33,64.2,66.0,240
9410170,2019-04-11,64.99083333333333,63.5,66.2,240
9410170,2019-04-12,64.88833333333334,63.3,66.7,240
9410170,2019-04-13,64.30291666666668,61.9,66.6,240
9410170,2019-04-14,63.9675,61.3,66.2,240
9410170,2019-04-15,63.88041666666666,62.1,66.0,240
9410170,2019-04-16,64.01171548117155,62.1,65.5,239
9410170,2019-04-17,64.01,61.9,65.7,240
9410170,2019-04-18,64.31875,62.2,66.2,240
9410170,2019-04-19,64.32625,61.7,65.8,240
9410170,2019-04-20,64.36375,61.9,65.8,240
9410170,2019-04-21,64.405,62.1,65.7,240
9410170,2019-04-22,64.63000000000001,62.2,66.2,240
9410170,2019-04-23,64.94,63.1,66.6,240
9410170,2019-04-24,64.93541666666667,63.3,66.4,240
9410170,2019-04-25,65.52875,64.2,67.3,240
9410170,2019-04-26,65.7425,64.2,67.8,240
9410170,2019-04-27,66.11004184100418,64.0,68.0,239
9410170,2019-04-28,66.1025,64.4,67.1,240
9410170,2019-04-29,65.41208333333333,63.7,66.7,240
9410170,2019-04-30,65.28291666666667,64.4,66.4,240
9410170,2019-05-01,65.31208333333333,64.4,66.4,240
9410170,2019-05-02,65.62708333333333,64.6,66.7,240
9410170,2019-05-03,65.97666666666666,64.9,67.1,240
9410170,2019-05-04,66.27541666666667,64.8,67.8,240
9410170,2019-05-05,66.56375,65.5,67.8,240
9410170,2019-05-06,66.69583333333334,64.6,68.2,240
9410170,2019-05-07,66.54875,64.8,67.8,240
9410170,2019-05-08,66.19166666666666,63.9,67.1,240
9410170,2019-05-09,65.93291666666667,64.0,67.3,240
9410170,2019-05-10,65.56208333333333,63.5,66.7,240
9410170,2019-05-11,65.425,63.9,66.7,240
9410170,2019-05-12,65.76458333333333,64.0,67.6,240
9410170,2019-05-13,66.17708333333333,64.9,67.6,240
9410170,2019-05-14,66.58458333333333,65.3,68.2,240
9410170,2019-05-15,66.8475,65.5,67.8,240
9410170,2019-05-16,66.82708333333333,65.3,67.5,240
9410170,2019-05-17,66.60416666666667,64.8,67.6,240
9410170,2019-05-18,66.64083333333333,64.6,67.8,240
9410170,2019-05-19,66.54791666666667,63.9,67.3,240
9410170,2019-05-20,66.32208333333332,64.8,67.1,240
9410170,2019-05-21,66.15732217573222,64.8,66.6,239
9410170,2019-05-22,65.74916666666667,64.0,66.2,240
9410170,2019-05-23,65.355,63.5,66.7,240
9410170,2019-05-24,65.01464435146444,63.0,66.9,239
9410170,2019-05-25,65.00375,63.1,66.4,240
9410170,2019-05-26,65.08416666666668,64.0,66.0,240
9410170,2019-05-27,65.63416666666667,64.8,66.9,240
9410170,2019-05-28,64.78166666666667,62.6,66.7,240
9410170,2019-05-29,65.07291666666667,62.2,67.3,240
9410170,2019-05-30,65.16375,63.3,67.3,240
9410170,2019-05-31,65.02958333333333,63.5,66.0,240
9410170,2019-06-01,65.48166666666667,64.0,66.7,240
9410170,2019-06-02,65.96583333333334,64.8,66.9,240
9410170,2019-06-03,66.10625,64.2,66.7,240
9410170,2019-06-04,65.95648535564854,64.6,66.4,239
9410170,2019-06-05,65.88375,64.0,66.7,240
9410170,2019-06-06,65.99833333333333,64.0,66.9,240
9410170,2019-06-07,65.97875,64.2,66.7,240
9410170,2019-06-08,66.22625,64.8,67.5,240
9410170,2019-06-09,66.79458333333334,65.5,68.2,240
9410170,2019-06-10,67.49499999999999,65.7,69.1,240
9410170,2019-06-11,68.06416666666667,67.1,70.2,240
9410170,2019-06-12,68.7887029288703,67.6,70.5,239
9410170,2019-06-13,69.06291666666667,67.5,70.3,240
9410170,2019-06-14,69.42803347280335,67.8,70.7,239
9410170,2019-06-15,69.65249999999999,68.2,71.1,240
9410170,2019-06-16,69.34644351464435,67.3,70.3,239
9410170,2019-06-17,68.61333333333333,65.7,70.0,240
9410170,2019-06-18,68.29541666666667,66.6,70.0,240
9410170,2019-06-19,68.57016806722689,66.9,70.2,238
9410170,2019-06-20,68.40583333333333,66.7,69.4,240
9410170,2019-06-21,68.57958333333333,66.6,69.4,240
9410170,2019-06-22,68.96916666666667,67.3,70.0,240
9410170,2019-06-23,69.00083333333333,68.4,69.6,240
9410170,2019-06-24,68.94916666666667,68.4,69.3,240
9410170,2019-06-25,68.45146443514645,67.1,69.1,239
9410170,2019-06-26,68.57625,67.1,69.8,240
9410170,2019-06-27,68.27624999999999,65.3,70.2,240
9410170,2019-06-28,68.225,66.0,70.2,240
9410170,2019-06-29,67.7542735042735,66.6,69.1,234
9410170,2019-06-30,68.035,66.4,70.3,240
9410170,2019-07-01,68.32,65.7,71.1,240
9410170,2019-07-02,68.3925,65.8,70.0,240
9410170,2019-07-03,68.56083333333332,66.2,70.2,240
9410170,2019-07-04,68.93625,65.7,70.7,240
9410170,2019-07-05,69.5235294117647,66.7,71.2,238
9410170,2019-07-06,69.64683544303797,67.1,70.9,237
9410170,2019-07-07,69.99873949579832,68.4,71.1,238
9410170,2019-07-08,70.29152542372881,69.4,71.4,236
9410170,2019-07-09,70.79704641350212,69.6,72.0,237
9410170,2019-07-10,71.33375527426159,70.2,72.3,237
9410170,2019-07-11,71.92127659574469,71.1,72.9,235
9410170,2019-07-12,71.95446808510638,70.2,73.4,235
9410170,2019-07-13,71.48290598290598,69.1,73.6,234
9410170,2019-07-14,71.37754237288135,69.3,73.6,236
9410170,2019-07-15,71.20717299578058,67.8,73.8,237
9410170,2019-07-16,70.7163179916318,67.8,72.7,239
9410170,2019-07-17,70.33417721518988,68.0,72.1,237
9410170,2019-07-18,71.25744680851064,68.5,72.9,235
9410170,2019-07-19,71.61991525423728,69.8,73.2,236
9410170,2019-07-20,72.13516949152543,70.5,73.2,236
9410170,2019-07-21,72.09747899159665,70.9,73.0,238
9410170,2019-07-22,71.25523012552301,69.6,73.6,239
9410170,2019-07-23,70.43,66.0,73.2,240
9410170,2019-07-24,68.44125000000001,64.6,72.7,240
9410170,2019-07-25,68.83458333333333,63.9,72.7,240
9410170,2019-07-26,71.07416666666667,66.6,75.0,240
9410170,2019-07-27,71.96166666666666,66.6,74.8,240
9410170,2019-07-28,71.08,66.9,73.2,240
9410170,2019-07-29,70.60375,68.4,73.0,240
9410170,2019-07-30,70.46416666666667,67.3,71.8,240
9410170,2019-07-31,70.94250000000001,68.7,73.0,240
9410170,2019-08-01,71.48333333333333,69.1,73.2,240
9410170,2019-08-02,71.48625,68.5,73.0,240
9410170,2019-08-03,71.26333333333334,68.5,72.7,240
9410170,2019-08-04,71.11208333333335,69.1,72.7,240
9410170,2019-08-05,71.07291666666667,68.9,72.5,240
9410170,2019-08-06,71.14708333333333,69.4,72.3,240
9410170,2019-08-07,70.93249999999999,68.9,72.5,240
9410170,2019-08-08,71.28875,67.8,73.4,240
9410170,2019-08-09,70.27916666666667,66.6,73.0,240
9410170,2019-08-10,70.7825,66.6,73.2,240
9410170,2019-08-11,70.60125,68.4,72.9,240
9410170,2019-08-12,70.52125,68.2,72.9,240
9410170,2019-08-13,70.69708333333332,68.5,73.0,240
9410170,2019-08-14,70.88166666666666,68.4,72.9,240
9410170,2019-08-15,70.78958333333334,68.0,72.9,240
9410170,2019-08-16,70.44541666666667,68.0,72.1,240
9410170,2019-08-17,70.52333333333333,68.5,72.1,240
9410170,2019-08-18,70.76708333333333,69.3,72.5,240
9410170,2019-08-19,70.66333333333334,68.5,72.7,240
9410170,2019-08-20,70.71666666666667,68.5,72.9,240
9410170,2019-08-21,70.44791666666667,68.4,72.9,240
9410170,2019-08-22,70.095,67.5,71.4,240
9410170,2019-08-23,71.26,69.8,72.7,240
9410170,2019-08-24,72.34291666666667,70.2,73.8,240
9410170,2019-08-25,72.16791666666667,69.6,74.7,240
9410170,2019-08-26,72.02,70.0,74.1,240
9410170,2019-08-27,72.1213389121339,70.5,74.1,239
9410170,2019-08-28,72.75188284518829,71.4,74.1,239
9410170,2019-08-29,73.08874999999999,72.0,74.5,240
9410170,2019-08-30,73.33166666666666,70.3,74.8,240
9410170,2019-08-31,73.37333333333332,70.7,74.8,240
9410170,2019-09-01,73.12083333333334,70.7,74.5,240
9410170,2019-09-02,72.93041666666666,70.3,74.5,240
9410170,2019-09-03,73.32666666666667,71.6,74.8,240
9410170,2019-09-04,73.45791666666668,72.0,74.5,240
9410170,2019-09-05,73.09541666666668,71.2,75.4,240
9410170,2019-09-06,73.74058577405857,70.9,76.1,239
9410170,2019-09-07,73.47991631799164,70.5,75.9,239
9410170,2019-09-08,73.52250000000001,70.7,75.6,240
9410170,2019-09-09,72.97250000000001,71.6,74.7,240
9410170,2019-09-10,73.06333333333333,72.1,73.8,240
9410170,2019-09-11,73.23833333333333,72.1,74.3,240
9410170,2019-09-12,73.60791666666667,72.5,74.8,240
9410170,2019-09-13,73.77666666666667,72.7,75.0,240
9410170,2019-09-14,73.7425,72.3,75.0,240
9410170,2019-09-15,73.94416666666666,72.9,75.2,240
9410170,2019-09-16,73.9925,72.9,75.0,240
9410170,2019-09-17,73.68416666666667,72.0,74.8,240
9410170,2019-09-18,73.14833333333333,71.4,74.3,240
9410170,2019-09-19,72.51208333333334,71.2,73.2,240
9410170,2019-09-20,72.61458333333333,71.2,73.8,240
9410170,2019-09-21,72.86458333333333,71.8,73.8,240
9410170,2019-09-22,72.12375,70.3,73.4,240
9410170,2019-09-23,72.53166666666667,70.3,74.5,240
9410170,2019-09-24,72.16166666666666,71.1,73.6,240
9410170,2019-09-25,71.75916666666667,70.3,72.7,240
9410170,2019-09-26,71.66708333333332,69.6,72.9,240
9410170,2019-09-27,71.85833333333333,70.9,72.5,240
9410170,2019-09-28,72.02,71.6,72.5,240
9410170,2019-09-29,72.01083333333332,70.9,72.5,240
9410170,2019-09-30,71.65208333333334,70.9,72.1,240
9410170,2019-10-01,71.71166666666666,71.2,72.1,240
9410170,2019-10-02,71.74083333333333,71.4,72.0,240
9410170,2019-10-03,71.74583333333334,70.9,72.1,240
9410170,2019-10-04,71.38125,70.7,71.8,240
9410170,2019-10-05,70.90166666666667,70.2,71.6,240
9410170,2019-10-06,70.0175,68.2,71.6,240
9410170,2019-10-07,69.32583333333334,67.8,70.7,240
9410170,2019-10-08,69.09833333333333,67.8,70.7,240
9410170,2019-10-09,69.03416666666666,67.6,70.2,240
9410170,2019-10-10,69.20875,67.6,70.3,240
9410170,2019-10-11,69.36166666666666,68.5,70.0,240
9410170,2019-10-12,69.44833333333332,68.9,70.2,240
9410170,2019-10-13,69.58833333333334,69.3,70.3,240
9410170,2019-10-14,69.68625,69.3,70.3,240
9410170,2019-10-15,69.70794979079498,69.3,70.2,239
9410170,2019-10-16,69.63000000000001,68.5,70.3,240
9410170,2019-10-17,69.68702928870293,68.5,70.3,239
9410170,2019-10-18,69.77083333333333,68.4,70.3,240
9410170,2019-10-19,69.62458333333332,68.4,70.0,240
9410170,2019-10-20,69.57166666666667,69.1,70.2,240
9410170,2019-10-21,69.49125,69.1,69.8,240
9410170,2019-10-22,69.24958333333333,68.5,70.3,240
9410170,2019-10-23,68.845,67.8,69.6,240
9410170,2019-10-24,68.795,67.6,70.0,240
9410170,2019-10-25,68.66083333333333,66.6,70.0,240
9410170,2019-10-26,68.51589958158996,66.7,69.6,239
9410170,2019-10-27,67.95416666666667,65.3,68.9,240
9410170,2019-10-28,67.6275,66.0,68.5,240
9410170,2019-10-29,67.90124999999999,67.1,68.4,240
9410170,2019-10-30,67.86749999999999,67.3,68.2,240
9410170,2019-10-31,67.60249999999999,67.3,68.0,240
9410170,2019-11-01,67.18284518828452,66.9,67.5,239
9410170,2019-11-02,67.08666666666666,66.9,67.3,240
9410170,2019-11-03,66.92333333333333,66.6,67.1,240
9410170,2019-11-04,66.86625000000001,66.6,67.3,240
9410170,2019-11-05,66.87625,66.6,67.3,240
9410170,2019-11-06,66.91625,66.6,67.5,240
9410170,2019-11-07,66.90416666666667,66.7,67.3,240
9410170,2019-11-08,66.95833333333333,66.7,67.5,240
9410170,2019-11-09,66.92,66.6,67.3,240
9410170,2019-11-10,67.0175,66.7,67.3,240
9410170,2019-11-11,67.12916666666666,66.9,67.5,240
9410170,2019-11-12,67.08083333333333,66.7,67.5,240
9410170,2019-11-13,67.03208333333333,66.6,67.3,240
9410170,2019-11-14,66.98607594936709,66.7,67.3,237
9410170,2019-11-15,66.94583333333334,66.4,67.3,240
9410170,2019-11-16,66.91333333333334,66.6,67.3,240
9410170,2019-11-17,66.95583333333333,66.7,67.3,240
9410170,2019-11-18,66.97364016736402,66.7,67.3,239
9410170,2019-11-19,67.0375,66.9,67.3,240
9410170,2019-11-20,66.6125,66.2,67.1,240
9410170,2019-11-21,66.2725,65.8,66.6,240
9410170,2019-11-22,66.0725,65.7,66.4,240
9410170,2019-11-23,65.80791666666667,65.7,66.0,240
9410170,2019-11-24,65.56416666666667,65.3,65.8,240
9410170,2019-11-25,65.1225,64.8,65.5,240
9410170,2019-11-26,64.85708333333334,64.4,65.1,240
9410170,2019-11-27,64.37041666666667,63.7,64.8,240
9410170,2019-11-28,63.70583333333333,63.0,64.2,240
9410170,2019-11-29,63.00125,62.8,63.3,240
9410170,2019-11-30,62.61083333333333,62.4,63.0,240
9410170,2019-12-01,62.36583333333333,62.1,62.6,240
9410170,2019-12-02,62.12416666666668,61.9,62.2,240
9410170,2019-12-03,62.06485355648535,61.9,62.1,239
9410170,2019-12-04,61.92,61.9,62.1,240
9410170,2019-12-05,61.87083333333333,61.7,61.9,240
9410170,2019-12-06,61.873333333333335,61.7,61.9,240
9410170,2019-12-07,61.92916666666667,61.9,62.1,240
9410170,2019-12-08,62.016666666666666,61.9,62.1,240
9410170,2019-12-09,62.04375,61.7,62.4,240
9410170,2019-12-10,62.03416666666667,61.9,62.4,240
9410170,2019-12-11,62.06778242677824,61.9,62.2,239
9410170,2019-12-12,62.10041666666667,61.9,62.4,240
9410170,2019-12-13,62.19875,61.9,62.6,240
9410170,2019-12-14,62.295,62.1,62.6,240
9410170,2019-12-15,62.21625,62.1,62.4,240
9410170,2019-12-16,62.03625,61.7,62.2,240
9410170,2019-12-17,61.6175,61.3,61.9,240
9410170,2019-12-18,61.165,60.8,61.3,240
9410170,2019-12-19,60.78416666666666,60.6,61.2,240
9410170,2019-12-20,60.59125,60.3,61.2,240
9410170,2019-12-21,60.44083333333333,60.3,60.6,240
9410170,2019-12-22,60.22625,59.9,60.4,240
9410170,2019-12-23,59.87,59.7,60.1,240
9410170,2019-12-24,59.73916666666666,59.5,60.1,240
9410170,2019-12-25,59.56958333333333,59.4,59.9,240
9410170,2019-12-26,59.22666666666667,58.8,59.5,240
9410170,2019-12-27,58.82,58.5,59.2,240
9410170,2019-12-28,58.64875,58.5,59.0,240
9410170,2019-12-29,58.535833333333336,58.1,58.8,240
9410170,2019-12-30,58.404583333333335,58.1,58.6,240
9410170,2019-12-31,58.344166666666666,57.9,58.6,240
9410170,2020-01-01,58.380833333333335,57.9,58.5,240
9410170,2020-01-02,58.51625,58.1,58.8,240
9410170,2020-01-03,58.56041666666667,58.3,58.8,240
9410170,2020-01-04,58.69458333333333,58.5,59.0,240
9410170,2020-01-05,58.73916666666666,58.5,59.0,240
9410170,2020-01-06,58.8025,58.6,59.4,240
9410170,2020-01-07,58.97166666666667,58.5,59.4,240
9410170,2020-01-08,59.00333333333333,58.8,59.4,240
9410170,2020-01-09,59.00916666666667,58.8,59.2,240
9410170,2020-01-10,59.0075,58.6,59.4,240
9410170,2020-01-11,59.04083333333333,58.8,59.4,240
9410170,2020-01-12,59.05583333333333,58.8,59.4,240
9410170,2020-01-13,59.04416666666667,58.8,59.4,240
9410170,2020-01-14,59.1025,58.8,59.4,240
9410170,2020-01-15,59.0775,58.8,59.4,240
9410170,2020-01-16,59.0725,59.0,59.2,240
9410170,2020-01-17,59.0975,58.8,59.2,240
9410170,2020-01-18,59.20791666666666,58.8,59.5,240
9410170,2020-01-19,59.25708333333333,59.0,59.5,240
9410170,2020-01-20,59.2475,59.2,59.4,240
9410170,2020-01-21,59.297916666666666,59.2,59.5,240
9410170,2020-01-22,59.4425,59.2,59.9,240
9410170,2020-01-23,59.63291666666667,59.4,60.1,240
9410170,2020-01-24,59.8125,59.5,60.3,240
9410170,2020-01-25,60.03125,59.7,60.4,240
9410170,2020-01-26,60.175,59.9,60.4,240
9410170,2020-01-27,60.25125,60.1,60.6,240
9410170,2020-01-28,60.35125,60.1,60.6,240
9410170,2020-01-29,60.48083333333333,60.3,60.8,240
9410170,2020-01-30,60.52552301255231,60.3,60.8,239
9410170,2020-01-31,60.55625,60.3,61.0,240
9410170,2020-02-01,60.65,60.4,61.0,240
9410170,2020-02-02,60.86291666666667,60.4,61.3,240
9410170,2020-02-03,60.83916666666666,60.6,61.2,240
9410170,2020-02-04,60.43875,60.3,60.6,240
9410170,2020-02-05,60.1125,59.9,60.3,240
9410170,2020-02-06,59.935,59.5,60.3,240
9410170,2020-02-07,59.82625,59.4,60.3,240
9410170,2020-02-08,59.90958333333333,59.4,60.4,240
9410170,2020-02-09,59.83541666666667,59.4,60.1,240
9410170,2020-02-10,59.625,59.2,59.9,240
9410170,2020-02-11,59.60416666666666,59.2,59.9,240
9410170,2020-02-12,59.65833333333333,59.4,60.1,240
9410170,2020-02-13,59.87583333333334,59.5,60.4,240
9410170,2020-02-14,60.04083333333333,59.7,60.4,240
9410170,2020-02-15,60.20916666666666,59.9,60.8,240
9410170,2020-02-16,60.41041666666667,60.1,61.0,240
9410170,2020-02-17,60.5825,60.1,61.2,240
9410170,2020-02-18,60.766666666666666,60.4,61.2,240
9410170,2020-02-19,61.03702127659575,60.6,61.5,235
9410170,2020-02-20,61.22928870292887,60.8,61.7,239
9410170,2020-02-21,61.31940928270043,60.6,61.7,237
9410170,2020-02-22,61.424166666666665,60.8,61.9,240
9410170,2020-02-23,61.54416666666667,60.6,62.1,240
9410170,2020-02-24,61.673750000000005,61.0,62.2,240
9410170,2020-02-25,61.88166666666667,61.3,62.6,240
9410170,2020-02-26,62.08193277310925,61.7,62.6,238
9410170,2020-02-27,62.12142857142857,61.9,62.4,238
9410170,2020-02-28,62.242916666666666,61.9,62.8,240
9410170,2020-02-29,62.412083333333335,61.9,63.0,240
9410170,2020-03-01,62.44666666666667,62.2,62.6,240
9410170,2020-03-02,62.282500000000006,61.9,62.6,240
9410170,2020-03-03,62.28916666666667,61.9,63.1,240
9410170,2020-03-04,62.50958333333333,61.7,63.5,240
9410170,2020-03-05,62.68541666666667,61.9,63.5,240
9410170,2020-03-06,63.024166666666666,62.2,63.9,240
9410170,2020-03-07,63.17041666666667,62.2,63.7,240
9410170,2020-03-08,63.23913043478261,62.1,64.0,230
9410170,2020-03-09,63.26916666666667,61.9,64.0,240
9410170,2020-03-10,63.21083333333333,62.1,63.7,240
9410170,2020-03-11,63.46541666666667,62.4,64.2,240
9410170,2020-03-12,63.63291666666667,62.8,64.0,240
9410170,2020-03-13,63.59916317991632,63.0,63.7,239
9410170,2020-03-14,63.61833333333333,63.1,64.2,240
9410170,2020-03-15,63.70958333333333,63.3,64.2,240
9410170,2020-03-16,63.73166666666667,63.3,64.0,240
9410170,2020-03-17,63.88,63.5,64.4,240
9410170,2020-03-18,63.61416666666666,63.3,63.9,240
9410170,2020-03-19,63.43305439330544,63.1,63.9,239
9410170,2020-03-20,63.5325,63.1,63.9,240
9410170,2020-03-21,63.66833333333333,63.1,64.4,240
9410170,2020-03-22,63.82458333333333,63.1,64.4,240
9410170,2020-03-23,64.0875,63.5,64.8,240
9410170,2020-03-24,64.25166666666667,63.7,64.9,240
9410170,2020-03-25,64.2925,63.9,64.8,240
9410170,2020-03-26,64.03541666666666,63.5,64.2,240
9410170,2020-03-27,63.83291666666666,63.0,64.8,240
9410170,2020-03-28,63.48583333333333,62.6,64.4,240
9410170,2020-03-29,63.419583333333335,62.4,64.6,240
9410170,2020-03-30,63.04958333333333,61.5,64.4,240
9410170,2020-03-31,62.107083333333335,61.2,63.3,240
9410170,2020-04-01,62.38416666666667,60.8,64.2,240
9410170,2020-04-02,63.25333333333333,61.5,64.4,240
9410170,2020-04-03,62.67458333333333,60.6,64.0,240
9410170,2020-04-04,62.943333333333335,61.7,64.2,240
9410170,2020-04-05,62.98833333333334,61.9,64.0,240
9410170,2020-04-06,63.037083333333335,61.9,63.7,240
9410170,2020-04-07,63.1475,62.2,63.7,240
9410170,2020-04-08,63.11666666666667,62.4,63.9,240
9410170,2020-04-09,63.01875,62.4,63.5,240
9410170,2020-04-10,62.83458333333333,62.4,63.1,240
9410170,2020-04-11,62.68625,62.1,64.0,240
9410170,2020-04-12,62.836666666666666,62.1,63.3,240
9410170,2020-04-13,62.84458333333334,62.4,63.9,240
9410170,2020-04-14,62.87083333333333,62.1,64.2,240
9410170,2020-04-15,62.967083333333335,62.1,65.1,240
9410170,2020-04-16,62.98416666666667,61.5,66.4,240
9410170,2020-04-17,62.90833333333333,61.3,65.7,240
9410170,2020-04-18,63.02625,61.3,65.7,240
9410170,2020-04-19,62.35083333333333,61.0,63.7,240
9410170,2020-04-20,62.208333333333336,60.8,63.5,240
9410170,2020-04-21,62.04041666666667,60.4,63.9,240
9410170,2020-04-22,62.192083333333336,60.3,64.9,240
9410170,2020-04-23,62.005833333333335,60.6,63.5,240
9410170,2020-04-24,62.556666666666665,60.3,65.8,240
9410170,2020-04-25,62.60625,60.1,64.9,240
9410170,2020-04-26,62.63166666666667,60.4,65.5,240
9410170,2020-04-27,63.57416666666666,60.6,66.4,240
9410170,2020-04-28,64.64625,62.1,67.3,240
9410170,2020-04-29,65.3375,63.9,67.8,240
9410170,2020-04-30,65.94291666666666,64.4,67.6,240
9410170,2020-05-01,65.77875,64.4,68.0,240
9410170,2020-05-02,66.85083333333333,65.1,68.5,240
9410170,2020-05-03,67.53625000000001,66.4,68.9,240
9410170,2020-05-04,68.02583333333332,67.1,69.6,240
9410170,2020-05-05,68.42541666666666,66.6,70.3,240
9410170,2020-05-06,68.18583333333333,65.7,70.2,240
9410170,2020-05-07,67.81833333333333,64.8,69.6,240
9410170,2020-05-08,67.73916666666666,65.3,69.4,240
9410170,2020-05-09,68.12041666666667,65.8,69.6,240
9410170,2020-05-10,68.4175,66.6,69.4,240
9410170,2020-05-11,68.73833333333333,67.3,70.0,240
9410170,2020-05-12,69.17541666666666,67.6,70.5,240
9410170,2020-05-13,68.97666666666667,67.8,70.3,240
9410170,2020-05-14,68.30251046025104,66.9,70.0,239
9410170,2020-05-15,68.50791666666667,66.0,70.7,240
9410170,2020-05-16,68.42375,64.8,70.7,240
9410170,2020-05-17,68.38208333333334,66.2,70.0,240
9410170,2020-05-18,68.41499999999999,66.6,70.2,240
9410170,2020-05-19,68.29708333333333,66.9,69.1,240
9410170,2020-05-20,67.89041666666667,65.5,69.6,240
9410170,2020-05-21,67.39083333333333,64.6,70.2,240
9410170,2020-05-22,67.0875,65.1,68.9,240
9410170,2020-05-23,67.35916666666667,64.9,69.1,240
9410170,2020-05-24,67.81875,66.0,69.6,240
9410170,2020-05-25,68.33791666666666,66.6,70.2,240
9410170,2020-05-26,68.31208333333333,66.4,70.2,240
9410170,2020-05-27,68.515,66.2,70.3,240
9410170,2020-05-28,67.78958333333334,64.9,70.2,240
9410170,2020-05-29,67.21833333333333,64.6,69.4,240
9410170,2020-05-30,67.5907949790795,64.8,69.3,239
9410170,2020-05-31,66.60625,64.6,69.1,240
9410170,2020-06-01,65.92916666666666,64.2,68.5,240
9410170,2020-06-02,66.31416666666667,63.5,67.8,240
9410170,2020-06-03,66.73666666666666,63.5,68.7,240
9410170,2020-06-04,67.02666666666667,63.1,69.1,240
9410170,2020-06-05,67.30458333333334,64.6,68.9,240
9410170,2020-06-06,68.01583333333333,65.3,69.6,240
9410170,2020-06-07,68.40375,66.6,69.8,240
9410170,2020-06-08,68.67083333333333,66.7,70.0,240
9410170,2020-06-09,68.575,66.2,69.8,240
9410170,2020-06-10,67.89583333333333,65.5,69.4,240
9410170,2020-06-11,67.61338912133891,64.9,70.3,239
9410170,2020-06-12,68.62426778242678,65.5,71.1,239
9410170,2020-06-13,69.20916666666668,65.8,72.0,240
9410170,2020-06-14,69.68661087866109,67.1,71.8,239
9410170,2020-06-15,69.84750000000001,66.7,71.8,240
9410170,2020-06-16,69.71916666666667,68.2,71.2,240
9410170,2020-06-17,69.32208333333332,66.9,71.1,240
9410170,2020-06-18,69.52666666666667,68.5,70.7,240
9410170,2020-06-19,69.88410041841004,68.9,71.1,239
9410170,2020-06-20,69.99541666666667,69.1,70.3,240
9410170,2020-06-21,69.6175,67.3,70.3,240
9410170,2020-06-22,69.12833333333333,66.9,71.2,240
9410170,2020-06-23,69.06875,65.8,71.1,240
9410170,2020-06-24,68.18958333333333,65.5,69.8,240
9410170,2020-06-25,67.80625,65.5,69.8,240
9410170,2020-06-26,67.8275,65.3,69.8,240
9410170,2020-06-27,67.86666666666666,65.7,70.3,240
9410170,2020-06-28,67.75583333333333,64.9,70.2,240
9410170,2020-06-29,68.25291666666666,66.0,70.2,240
9410170,2020-06-30,67.87333333333333,66.2,69.4,240
9410170,2020-07-01,68.20375,66.9,69.3,240
9410170,2020-07-02,68.8425,67.3,70.7,240
9410170,2020-07-03,69.32605042016806,66.9,71.2,238
9410170,2020-07-04,69.81050420168067,68.0,72.0,238
9410170,2020-07-05,69.80042553191488,67.1,72.3,235
9410170,2020-07-06,69.74208333333333,67.6,71.6,240
9410170,2020-07-07,70.23598326359833,68.2,72.1,239
9410170,2020-07-08,70.90458333333332,69.1,72.5,240
9410170,2020-07-09,71.7475,69.8,73.0,240
9410170,2020-07-10,72.35958333333333,70.5,73.9,240
9410170,2020-07-11,73.01625,71.6,74.1,240
9410170,2020-07-12,71.97916666666667,67.3,74.5,240
9410170,2020-07-13,72.22166666666666,67.1,75.4,240
9410170,2020-07-14,74.29083333333332,70.5,76.6,240
9410170,2020-07-15,73.38458333333332,67.6,75.9,240
9410170,2020-07-16,72.02125,66.9,74.1,240
9410170,2020-07-17,70.92041666666667,67.6,73.6,240
9410170,2020-07-18,70.57208333333332,68.2,72.5,240
9410170,2020-07-19,70.04541666666667,66.6,72.3,240
9410170,2020-07-20,69.71000000000001,66.0,72.9,240
9410170,2020-07-21,69.56192468619247,65.5,73.2,239
9410170,2020-07-22,69.2425,66.0,71.4,240
9410170,2020-07-23,68.9125,65.5,71.1,240
9410170,2020-07-24,68.6225,66.0,70.5,240
9410170,2020-07-25,69.18791666666667,66.7,71.2,240
9410170,2020-07-26,69.56,67.6,71.1,240
9410170,2020-07-27,69.64083333333333,67.5,71.1,240
9410170,2020-07-28,69.46333333333334,67.8,71.1,240
9410170,2020-07-29,68.95625,67.3,70.5,240
9410170,2020-07-30,68.43598326359833,64.8,70.3,239
9410170,2020-07-31,68.25625,64.2,71.4,240
9410170,2020-08-01,67.65208333333334,64.6,70.2,240
9410170,2020-08-02,67.64083333333333,64.2,70.3,240
9410170,2020-08-03,67.89583333333333,65.1,70.2,240
9410170,2020-08-04,68.22791666666667,65.8,70.0,240
9410170,2020-08-05,68.84791666666666,66.6,70.2,240
9410170,2020-08-06,69.74624999999999,67.8,71.1,240
9410170,2020-08-07,70.43916666666668,69.1,71.8,240
9410170,2020-08-08,71.00708333333334,70.0,72.1,240
9410170,2020-08-09,71.41916666666665,70.5,72.3,240
9410170,2020-08-10,71.46625,70.0,72.3,240
9410170,2020-08-11,71.04375,65.8,72.3,240
9410170,2020-08-12,69.93708333333333,63.5,72.0,240
9410170,2020-08-13,68.11333333333333,62.8,72.7,240
9410170,2020-08-14,67.71416666666667,62.2,72.0,240
9410170,2020-08-15,68.49958333333333,65.5,72.3,240
9410170,2020-08-16,69.85333333333332,66.2,72.3,240
9410170,2020-08-17,70.37708333333333,68.2,72.5,240
9410170,2020-08-18,71.39375,69.6,73.2,240
9410170,2020-08-19,72.32,71.2,73.9,240
9410170,2020-08-20,73.10416666666667,72.0,74.1,240
9410170,2020-08-21,73.6975,72.9,74.5,240
9410170,2020-08-22,74.35375,73.0,75.2,240
9410170,2020-08-23,75.13708333333334,74.1,76.1,240
9410170,2020-08-24,75.71799163179915,75.0,76.3,239
9410170,2020-08-25,76.05443037974685,75.4,76.5,237
9410170,2020-08-26,75.95208333333333,74.8,76.8,240
9410170,2020-08-27,74.26458333333333,68.5,76.3,240
9410170,2020-08-28,72.68291666666667,66.9,75.2,240
9410170,2020-08-29,71.64750000000001,67.1,74.7,240
9410170,2020-08-30,71.08291666666668,67.6,73.6,240
9410170,2020-08-31,70.53375,68.2,72.5,240
9410170,2020-09-01,70.59083333333334,68.2,73.0,240
9410170,2020-09-02,70.52583333333334,68.4,72.5,240
9410170,2020-09-03,70.66932773109244,68.7,72.1,238
9410170,2020-09-04,70.75208333333333,69.3,73.0,240
9410170,2020-09-05,71.03166666666667,69.3,72.9,240
9410170,2020-09-06,70.35732217573222,68.9,71.8,239
9410170,2020-09-07,71.24789915966386,68.9,72.3,238
9410170,2020-09-08,71.4327731092437,68.9,72.7,238
9410170,2020-09-09,71.865,69.8,73.2,240
9410170,2020-09-10,71.56861924686191,70.3,73.0,239
9410170,2020-09-11,71.0831223628692,70.0,72.3,237
9410170,2020-09-12,71.15677966101696,69.8,72.3,236
9410170,2020-09-13,71.00334728033472,69.8,72.3,239
9410170,2020-09-14,71.26,69.8,72.9,240
9410170,2020-09-15,71.35536480686694,69.6,72.9,233
9410170,2020-09-16,71.10603448275862,68.5,73.0,232
9410170,2020-09-17,70.95375,68.0,72.5,240
9410170,2020-09-18,70.73125,68.0,72.5,240
9410170,2020-09-19,70.65875,67.5,72.3,240
9410170,2020-09-20,70.53125,68.0,72.1,240
9410170,2020-09-21,70.72,68.7,72.1,240
9410170,2020-09-22,70.80292887029289,68.5,72.1,239
9410170,2020-09-23,70.60083333333334,68.9,72.0,240
9410170,2020-09-24,70.1275,68.7,71.8,240
9410170,2020-09-25,70.42958333333333,68.7,71.8,240
9410170,2020-09-26,70.83891213389121,69.4,72.5,239
9410170,2020-09-27,71.08666666666666,69.6,72.0,240
9410170,2020-09-28,71.4887029288703,69.8,73.0,239
9410170,2020-09-29,71.7969696969697,70.7,73.0,231
9410170,2020-09-30,71.81422413793103,70.7,73.2,232
9410170,2020-10-01,71.70510638297873,70.2,73.0,235
9410170,2020-10-02,71.47422222222222,69.4,72.9,225
9410170,2020-10-03,71.65109170305676,70.0,72.9,229
9410170,2020-10-04,71.66304347826087,70.0,72.7,230
9410170,2020-10-05,71.82339449541284,70.3,73.0,218
9410170,2020-10-06,71.84046511627906,70.7,72.7,215
9410170,2020-10-07,72.14999999999999,70.9,73.4,234
9410170,2020-10-08,72.34644351464435,71.6,73.0,239
9410170,2020-10-09,71.985,70.5,72.7,240
9410170,2020-10-10,71.9292372881356,70.2,73.0,236
9410170,2020-10-11,71.50502092050209,70.3,72.7,239
9410170,2020-10-12,70.79915966386555,69.1,72.5,238
9410170,2020-10-13,70.66317991631799,69.3,72.3,239
9410170,2020-10-14,70.5707627118644,68.9,72.0,236
9410170,2020-10-15,70.49191489361702,68.0,72.1,235
9410170,2020-10-16,70.40041841004184,67.1,72.1,239
9410170,2020-10-17,70.27541666666666,67.5,71.8,240
9410170,2020-10-18,70.44375,67.6,71.8,240
9410170,2020-10-19,70.54583333333333,68.2,71.6,240
9410170,2020-10-20,70.59748953974895,69.1,71.6,239
9410170,2020-10-21,70.6225,69.3,71.6,240
9410170,2020-10-22,70.60875,69.6,71.4,240
9410170,2020-10-23,70.43445378151262,70.0,71.1,238
9410170,2020-10-24,70.08500000000001,69.3,70.7,240
9410170,2020-10-25,69.78208333333333,68.7,70.2,240
9410170,2020-10-26,69.56554621848738,68.9,70.3,238
9410170,2020-10-27,69.14309623430962,68.7,69.6,239
9410170,2020-10-28,68.83333333333333,68.4,69.4,240
9410170,2020-10-29,68.62310924369748,68.0,69.3,238
9410170,2020-10-30,68.44875,67.8,68.9,240
9410170,2020-10-31,68.29583333333333,67.5,68.7,240
9410170,2020-11-01,68.14728033472804,67.5,68.7,239
9410170,2020-11-02,68.0925,67.1,68.7,240
9410170,2020-11-03,68.15416666666667,67.1,68.9,240
9410170,2020-11-04,68.21583333333334,67.5,68.7,240
9410170,2020-11-05,68.16208333333333,67.3,68.7,240
9410170,2020-11-06,68.20333333333333,67.8,68.4,240
9410170,2020-11-07,67.72125,67.1,68.2,240
9410170,2020-11-08,66.90084033613445,66.0,67.1,238
9410170,2020-11-09,66.27383966244726,65.8,66.9,237
9410170,2020-11-10,66.13472803347281,65.5,66.6,239
9410170,2020-11-11,65.67791666666668,65.3,66.0,240
9410170,2020-11-12,64.94666666666667,63.3,65.5,240
9410170,2020-11-13,64.44644351464436,62.8,64.9,239
9410170,2020-11-14,64.09075630252102,62.2,64.6,238
9410170,2020-11-15,63.65822784810127,61.5,64.2,237
9410170,2020-11-16,63.36903765690377,60.8,64.0,239
9410170,2020-11-17,63.18875,61.2,63.9,240
9410170,2020-11-18,63.20458333333333,61.5,63.9,240
9410170,2020-11-19,63.21458333333333,62.4,63.7,240
9410170,2020-11-20,63.19791666666666,62.8,63.5,240
9410170,2020-11-21,63.105,62.8,63.5,240
9410170,2020-11-22,62.925,62.4,63.5,240
9410170,2020-11-23,62.86333333333334,62.4,63.1,240
9410170,2020-11-24,62.86875,62.4,63.3,240
9410170,2020-11-25,62.87791666666667,62.4,63.3,240
9410170,2020-11-26,62.82958333333333,62.4,63.1,240
9410170,2020-11-27,62.74583333333333,62.2,63.0,240
9410170,2020-11-28,62.498333333333335,62.2,62.8,240
9410170,2020-11-29,62.298750000000005,62.1,62.6,240
9410170,2020-11-30,62.17791666666667,61.9,62.4,240
9410170,2020-12-01,62.00416666666667,61.7,62.2,240
9410170,2020-12-02,61.9075,61.7,62.1,240
9410170,2020-12-03,61.723333333333336,61.3,61.9,240
9410170,2020-12-04,61.50666666666667,61.3,61.7,240
9410170,2020-12-05,61.34125,61.2,61.5,240
9410170,2020-12-06,61.2575,61.0,61.3,240
9410170,2020-12-07,60.973333333333336,60.6,61.2,240
9410170,2020-12-08,60.88666666666666,60.6,61.0,240
9410170,2020-12-09,60.82958333333333,60.6,61.3,240
9410170,2020-12-10,60.73583333333333,60.6,61.0,240
9410170,2020-12-11,60.57166666666667,60.4,60.8,240
9410170,2020-12-12,60.22,59.5,60.6,240
9410170,2020-12-13,60.02208333333333,59.4,60.3,240
9410170,2020-12-14,59.873728813559325,59.5,60.1,236
9410170,2020-12-15,59.825,59.5,60.1,240
9410170,2020-12-16,59.705000000000005,59.5,59.9,240
9410170,2020-12-17,59.555,59.4,59.7,240
9410170,2020-12-18,59.596250000000005,59.4,59.9,240
9410170,2020-12-19,59.575833333333335,59.4,60.1,240
9410170,2020-12-20,59.46875,59.2,59.9,240
9410170,2020-12-21,59.406666666666666,59.2,59.7,240
9410170,2020-12-22,59.53416666666667,59.4,59.9,240
9410170,2020-12-23,59.4975,59.4,59.7,240
9410170,2020-12-24,59.39708333333333,59.2,59.5,240
9410170,2020-12-25,59.23416666666667,59.0,59.5,240
9410170,2020-12-26,59.19833333333334,59.0,59.4,240
9410170,2020-12-27,59.20333333333334,59.0,59.4,240
9410170,2020-12-28,59.120000000000005,59.0,59.4,240
9410170,2020-12-29,59.105,58.8,59.4,240
9410170,2020-12-30,58.91333333333333,58.6,59.2,240
9410170,2020-12-31,58.71583333333333,58.6,59.0,240
9410170,2021-01-01,58.611297071129705,58.5,58.8,239
9410170,2021-01-02,58.562916666666666,58.5,58.6,240
9410170,2021-01-03,58.586666666666666,58.5,58.8,240
9410170,2021-01-04,58.59458333333334,58.5,59.0,240
9410170,2021-01-05,58.57666666666667,58.5,58.8,240
9410170,2021-01-06,58.61083333333333,58.5,59.2,240
9410170,2021-01-07,58.69125,58.3,59.4,240
9410170,2021-01-08,58.66041666666667,58.5,59.0,240
9410170,2021-01-09,58.61,58.5,58.8,240
9410170,2021-01-10,58.57291666666666,58.5,58.8,240
9410170,2021-01-11,58.47291666666667,58.3,58.8,240
9410170,2021-01-12,58.37291666666667,58.1,58.6,240
9410170,2021-01-13,58.27791666666666,57.9,58.6,240
9410170,2021-01-14,58.26416666666667,57.9,58.6,240
9410170,2021-01-15,58.34583333333333,58.1,58.6,240
9410170,2021-01-16,58.44166666666667,58.1,58.8,240
9410170,2021-01-17,58.57833333333333,58.3,59.0,240
9410170,2021-01-18,58.77916666666667,58.6,59.0,240
9410170,2021-01-19,58.8225,58.8,59.0,240
9410170,2021-01-20,58.6175,58.6,58.8,240
9410170,2021-01-21,58.95041666666667,58.6,59.7,240
9410170,2021-01-22,58.98333333333333,58.8,59.2,240
9410170,2021-01-23,58.98916666666666,58.8,59.0,240
9410170,2021-01-24,58.91458333333333,58.5,59.2,240
9410170,2021-01-25,58.55833333333333,57.9,59.0,240
9410170,2021-01-26,57.750416666666666,57.6,58.1,240
9410170,2021-01-27,57.78958333333333,57.6,58.1,240
9410170,2021-01-28,57.87416666666666,57.6,58.3,240
9410170,2021-01-29,57.87125,57.6,58.1,240
9410170,2021-01-30,57.76,57.6,58.3,240
9410170,2021-01-31,57.78208333333334,57.6,58.1,240
9410170,2021-02-01,57.89416666666667,57.7,58.1,240
9410170,2021-02-02,58.111666666666665,57.9,58.5,240
9410170,2021-02-03,58.36291666666667,58.1,58.8,240
9410170,2021-02-04,58.6825,58.3,59.2,240
9410170,2021-02-05,58.94416666666667,58.6,59.5,240
9410170,2021-02-06,59.068333333333335,58.6,59.7,240
9410170,2021-02-07,59.3375,59.0,59.7,240
9410170,2021-02-08,59.49791666666667,59.2,59.9,240
9410170,2021-02-09,59.43416666666667,59.0,59.7,240
9410170,2021-02-10,59.40669456066946,58.8,59.7,239
9410170,2021-02-11,59.52708333333333,59.0,60.1,240
9410170,2021-02-12,59.74666666666667,59.4,60.1,240
9410170,2021-02-13,59.693333333333335,59.5,59.9,240
9410170,2021-02-14,59.81333333333334,59.5,60.1,240
9410170,2021-02-15,59.7925,59.7,60.1,240
9410170,2021-02-16,60.075833333333335,59.9,60.6,240
9410170,2021-02-17,60.18291666666666,59.7,60.8,240
9410170,2021-02-18,60.26,59.9,60.6,240
9410170,2021-02-19,60.4725,60.1,61.2,240
9410170,2021-02-20,60.53333333333333,60.1,61.0,240
9410170,2021-02-21,60.595,60.3,61.5,240
9410170,2021-02-22,60.645,60.3,61.2,240
9410170,2021-02-23,60.72803347280335,60.1,61.5,239
9410170,2021-02-24,60.864583333333336,59.9,61.5,240
9410170,2021-02-25,60.87154811715481,59.5,61.5,239
9410170,2021-02-26,60.82666666666667,59.5,61.5,240
9410170,2021-02-27,60.89625,59.5,61.7,240
9410170,2021-02-28,60.99875,60.1,61.5,240
9410170,2021-03-01,61.00791666666667,60.1,61.7,240
9410170,2021-03-02,60.99708333333333,60.3,61.5,240
9410170,2021-03-03,60.73,60.1,61.2,240
9410170,2021-03-04,60.945,60.4,61.9,240
9410170,2021-03-05,61.08583333333333,60.3,61.9,240
9410170,2021-03-06,61.3025,60.6,62.1,240
9410170,2021-03-07,61.4,60.8,61.9,240
9410170,2021-03-08,61.474058577405856,60.6,62.1,239
9410170,2021-03-09,61.51958333333334,60.8,62.1,240
9410170,2021-03-10,61.475,60.4,61.9,240
9410170,2021-03-11,61.24375,60.1,61.9,240
9410170,2021-03-12,61.09458333333334,60.1,61.7,240
9410170,2021-03-13,61.01458333333333,60.1,61.5,240
9410170,2021-03-14,61.05652173913043,60.3,61.7,230
9410170,2021-03-15,61.04166666666666,60.6,61.2,240
9410170,2021-03-16,60.66041666666667,60.3,61.3,240
9410170,2021-03-17,60.74916666666666,60.1,61.5,240
9410170,2021-03-18,60.879583333333336,60.1,61.7,240
9410170,2021-03-19,60.9275,59.9,62.1,240
9410170,2021-03-20,60.77875,59.4,61.9,240
9410170,2021-03-21,60.33708333333333,58.5,61.7,240
9410170,2021-03-22,59.93875,57.7,61.5,240
9410170,2021-03-23,60.51416666666667,58.3,61.7,240
9410170,2021-03-24,59.649166666666666,57.6,61.2,240
9410170,2021-03-25,59.6875,58.6,60.8,240
9410170,2021-03-26,59.84916666666666,58.3,61.0,240
9410170,2021-03-27,60.13958333333333,58.6,61.2,240
9410170,2021-03-28,60.40291666666667,58.8,61.7,240
9410170,2021-03-29,60.74458333333334,59.0,62.1,240
9410170,2021-03-30,61.2125,59.7,62.2,240
9410170,2021-03-31,61.53916666666667,59.7,62.6,240
9410170,2021-04-01,62.24708333333333,60.4,63.7,240
9410170,2021-04-02,62.71041666666667,61.2,63.7,240
9410170,2021-04-03,63.03458333333333,62.1,64.2,240
9410170,2021-04-04,63.33916666666666,62.4,64.8,240
9410170,2021-04-05,63.77833333333333,62.6,65.1,240
9410170,2021-04-06,63.96625,62.2,65.5,240
9410170,2021-04-07,64.10924369747899,62.6,65.8,238
9410170,2021-04-08,64.40625,63.1,66.0,240
9410170,2021-04-09,64.6125,63.0,66.2,240
9410170,2021-04-10,64.89,63.0,66.4,240
9410170,2021-04-11,65.06625,63.3,66.2,240
9410170,2021-04-12,65.18041666666666,64.0,66.0,240
9410170,2021-04-13,65.13458333333332,63.9,65.7,240
9410170,2021-04-14,65.13833333333334,63.9,66.0,240
9410170,2021-04-15,65.19874999999999,64.2,66.0,240
9410170,2021-04-16,65.37875,64.4,66.4,240
9410170,2021-04-17,65.56,64.6,66.6,240
9410170,2021-04-18,65.56416666666667,64.4,66.9,240
9410170,2021-04-19,65.08041666666666,62.2,66.7,240
9410170,2021-04-20,64.20878661087866,61.7,66.2,239
9410170,2021-04-21,64.2234309623431,62.2,65.3,239
9410170,2021-04-22,63.860416666666666,62.4,64.8,240
9410170,2021-04-23,63.16833333333333,62.1,64.0,240
9410170,2021-04-24,63.437916666666666,62.2,64.6,240
9410170,2021-04-25,63.57541666666667,61.3,64.9,240
9410170,2021-04-26,63.31208333333333,60.4,64.4,240
9410170,2021-04-27,62.83375,58.8,64.4,240
9410170,2021-04-28,62.68083333333333,59.2,64.6,240
9410170,2021-04-29,63.04541666666667,59.2,65.3,240
9410170,2021-04-30,63.4025,60.6,65.7,240
9410170,2021-05-01,64.13666666666667,61.7,65.7,240
9410170,2021-05-02,64.08541666666666,62.4,65.3,240
9410170,2021-05-03,64.41625,63.1,65.8,240
9410170,2021-05-04,65.05916666666667,63.5,66.7,240
9410170,2021-05-05,65.37416666666667,63.9,67.1,240
9410170,2021-05-06,65.70833333333333,64.6,66.9,240
9410170,2021-05-07,66.25041666666667,65.3,67.6,240
9410170,2021-05-08,66.58375,65.8,67.5,240
9410170,2021-05-09,67.00041666666667,66.0,68.0,240
9410170,2021-05-10,67.30583333333333,66.6,67.8,240
9410170,2021-05-11,67.59125,66.9,68.5,240
9410170,2021-05-12,67.71041666666666,67.3,68.4,240
9410170,2021-05-13,68.00125523012552,67.3,68.9,239
9410170,2021-05-14,68.14625,67.3,68.9,240
9410170,2021-05-15,68.26916666666666,67.5,68.9,240
9410170,2021-05-16,68.08708333333333,67.5,68.7,240
9410170,2021-05-17,67.43541666666667,66.6,67.8,240
9410170,2021-05-18,67.00791666666666,66.2,68.2,240
9410170,2021-05-19,66.33916666666667,63.7,67.6,240
9410170,2021-05-20,66.0175,63.9,67.3,240
9410170,2021-05-21,65.6375,63.9,66.6,240
9410170,2021-05-22,64.86276150627616,63.3,66.0,239
9410170,2021-05-23,65.21,63.1,66.6,240
9410170,2021-05-24,65.35583333333334,62.1,67.1,240
9410170,2021-05-25,65.17958333333334,61.2,67.3,240
9410170,2021-05-26,65.71208333333333,61.5,67.1,240
9410170,2021-05-27,65.96041666666666,62.8,68.2,240
9410170,2021-05-28,66.42583333333333,63.0,68.0,240
9410170,2021-05-29,66.55916666666667,64.0,67.5,240
9410170,2021-05-30,66.66666666666667,64.8,67.5,240
9410170,2021-05-31,66.94791666666667,65.5,68.2,240
9410170,2021-06-01,67.42708333333333,66.2,68.7,240
9410170,2021-06-02,67.5925,66.4,68.5,240
9410170,2021-06-03,67.8525,67.1,68.9,240
9410170,2021-06-04,67.95916666666666,67.1,69.3,240
9410170,2021-06-05,68.475,67.3,69.8,240
9410170,2021-06-06,68.88333333333334,68.2,69.8,240
9410170,2021-06-07,69.03875,68.2,69.4,240
9410170,2021-06-08,69.23125,68.5,70.5,240
9410170,2021-06-09,69.50416666666666,68.5,70.5,240
9410170,2021-06-10,69.65083333333334,68.9,70.9,240
9410170,2021-06-11,69.83916666666667,67.8,71.4,240
9410170,2021-06-12,70.04458333333334,68.4,71.6,240
9410170,2021-06-13,70.25083333333333,68.4,71.8,240
9410170,2021-06-14,70.3575,68.5,71.6,240
9410170,2021-06-15,69.86541666666668,68.4,71.6,240
9410170,2021-06-16,69.39625,66.9,70.5,240
9410170,2021-06-17,69.69372384937238,68.4,71.1,239
9410170,2021-06-18,70.27875,68.7,71.6,240
9410170,2021-06-19,70.08291666666668,69.1,71.6,240
9410170,2021-06-20,70.24166666666666,69.4,71.4,240
9410170,2021-06-21,70.805,69.1,72.3,240
9410170,2021-06-22,70.94791666666667,68.7,71.8,240
9410170,2021-06-23,70.71589958158995,67.6,72.0,239
9410170,2021-06-24,70.38374999999999,66.7,72.1,240
9410170,2021-06-25,70.025,67.1,72.0,240
9410170,2021-06-26,69.86458333333333,66.7,72.0,240
9410170,2021-06-27,69.61416666666668,66.9,71.4,240
9410170,2021-06-28,69.33458333333333,66.7,70.9,240
9410170,2021-06-29,69.30874999999999,67.1,70.3,240
9410170,2021-06-30,69.63640167364017,68.4,70.7,239
9410170,2021-07-01,70.2925,69.4,71.4,240
9410170,2021-07-02,71.11999999999999,69.8,72.1,240
9410170,2021-07-03,71.57666666666665,70.9,72.3,240
9410170,2021-07-04,71.86708333333333,71.1,72.9,240
9410170,2021-07-05,72.26916666666666,71.2,73.4,240
9410170,2021-07-06,72.62833333333333,70.5,73.9,240
9410170,2021-07-07,72.09208333333332,70.0,73.8,240
9410170,2021-07-08,72.03708333333334,70.0,73.8,240
9410170,2021-07-09,72.42416666666666,70.5,74.3,240
9410170,2021-07-10,72.955,70.3,74.8,240
9410170,2021-07-11,73.26041666666667,71.6,74.7,240
9410170,2021-07-12,73.3275,71.1,74.8,240
9410170,2021-07-13,73.90541666666667,72.3,75.2,240
9410170,2021-07-14,74.37083333333334,72.9,75.4,240
9410170,2021-07-15,74.51916666666666,73.0,75.4,240
9410170,2021-07-16,74.98291666666667,73.8,75.7,240
9410170,2021-07-17,75.27041666666668,74.7,76.1,240
9410170,2021-07-18,75.52,74.3,76.6,240
9410170,2021-07-19,74.29583333333333,70.5,76.6,240
9410170,2021-07-20,73.67708333333333,69.6,76.3,240
9410170,2021-07-21,73.29690265486725,69.6,76.1,226
9410170,2021-07-22,71.95732484076433,68.7,74.1,157
9410170,2021-07-23,72.94541666666667,70.0,74.8,240
9410170,2021-07-24,73.29375,70.0,74.8,240
9410170,2021-07-25,73.17833333333333,70.9,74.5,240
9410170,2021-07-26,73.01208333333334,71.2,74.1,240
9410170,2021-07-27,73.09708333333333,71.1,74.5,240
9410170,2021-07-28,73.03500000000001,70.7,74.1,240
9410170,2021-07-29,72.81916666666666,70.9,74.3,240
9410170,2021-07-30,72.3125,67.6,73.8,240
9410170,2021-07-31,71.67458333333335,63.9,73.6,240
9410170,2021-08-01,70.18708333333333,62.8,72.9,240
9410170,2021-08-02,67.4075,61.3,72.5,240
9410170,2021-08-03,67.54683544303798,62.4,72.0,158
9410170,2021-08-04,66.97416666666666,61.9,70.7,240
9410170,2021-08-05,66.59625,63.1,70.7,240
9410170,2021-08-06,67.50375,63.9,69.8,240
9410170,2021-08-07,68.4525,66.0,69.8,240
9410170,2021-08-08,69.26208333333334,67.5,70.9,240
9410170,2021-08-09,70.11416666666668,67.8,71.8,240
9410170,2021-08-10,70.66000000000001,67.8,72.1,240
9410170,2021-08-11,70.95,69.1,72.1,240
9410170,2021-08-12,71.615,70.3,72.5,240
9410170,2021-08-13,72.07875,70.9,73.4,240
9410170,2021-08-14,72.55791666666667,71.4,73.2,240
9410170,2021-08-15,72.49791666666667,70.7,73.2,240
9410170,2021-08-16,71.84708333333333,70.2,73.2,240
9410170,2021-08-17,72.17916666666666,70.7,73.6,240
9410170,2021-08-18,72.3425,70.9,73.4,240
9410170,2021-08-19,73.035,71.4,74.5,240
9410170,2021-08-20,73.02916666666667,70.9,73.9,240
9410170,2021-08-21,72.75125,70.7,73.9,240
9410170,2021-08-22,72.55583333333334,69.3,73.8,240
9410170,2021-08-23,72.33375,70.2,73.6,240
9410170,2021-08-24,71.97291666666666,69.8,73.2,240
9410170,2021-08-25,71.75416666666666,69.8,73.2,240
9410170,2021-08-26,71.77458333333334,70.2,73.0,240
9410170,2021-08-27,71.59958333333334,69.4,73.4,240
9410170,2021-08-28,70.76291666666665,66.9,72.5,240
9410170,2021-08-29,70.28125,63.3,72.7,240
9410170,2021-08-30,69.37833333333333,64.0,72.7,240
9410170,2021-08-31,68.84708333333333,63.0,72.9,240
9410170,2021-09-01,70.47333333333333,65.1,72.9,240
9410170,2021-09-02,71.11458333333333,68.0,72.9,240
9410170,2021-09-03,69.02291666666666,66.9,70.7,240
9410170,2021-09-04,68.6175,66.9,70.2,240
9410170,2021-09-05,68.80708333333334,66.9,70.2,240
9410170,2021-09-06,69.28625000000001,66.2,70.5,240
9410170,2021-09-07,69.5125,67.3,71.4,240
9410170,2021-09-08,70.36722689075631,68.5,71.6,238
9410170,2021-09-09,71.23375,70.2,72.1,240
9410170,2021-09-10,71.89166666666667,70.7,72.7,240
9410170,2021-09-11,72.20208333333333,71.1,72.9,240
9410170,2021-09-12,72.26,70.5,72.9,240
9410170,2021-09-13,71.82291666666667,70.3,72.7,240
9410170,2021-09-14,70.30625,66.9,72.5,240
9410170,2021-09-15,70.13374999999999,65.5,72.5,240
9410170,2021-09-16,69.69666666666667,66.9,71.6,240
9410170,2021-09-17,69.42125,67.8,71.1,240
9410170,2021-09-18,69.47916666666667,66.7,70.9,240
9410170,2021-09-19,69.29708333333333,66.2,70.9,240
9410170,2021-09-20,69.04083333333332,66.6,70.7,240
9410170,2021-09-21,69.13833333333334,66.9,71.1,240
9410170,2021-09-22,69.38541666666667,67.1,70.9,240
9410170,2021-09-23,69.54583333333333,68.0,70.7,240
9410170,2021-09-24,69.47,68.0,70.2,240
9410170,2021-09-25,69.18333333333334,67.3,70.3,240
9410170,2021-09-26,69.24,67.1,70.2,240
9410170,2021-09-27,68.19958333333334,66.7,69.3,240
9410170,2021-09-28,67.91583333333332,66.4,69.1,240
9410170,2021-09-29,68.23791666666666,66.0,69.4,240
9410170,2021-09-30,68.17,65.8,69.8,240
9410170,2021-10-01,67.56958333333334,66.7,68.7,240
9410170,2021-10-02,67.65791666666667,66.4,69.1,240
9410170,2021-10-03,67.97875,66.9,69.4,240
9410170,2021-10-04,68.10833333333333,66.6,69.3,240
9410170,2021-10-05,68.38875,66.6,69.8,240
9410170,2021-10-06,68.58125,67.1,69.4,240
9410170,2021-10-07,68.81083333333332,68.2,69.3,240
9410170,2021-10-08,68.75458333333333,67.1,69.3,240
9410170,2021-10-09,68.83583333333333,67.3,69.3,240
9410170,2021-10-10,68.85249999999999,67.3,69.3,240
9410170,2021-10-11,68.58500000000001,67.6,69.3,240
9410170,2021-10-12,68.07541666666667,67.8,68.5,240
9410170,2021-10-13,67.57791666666667,66.9,68.2,240
9410170,2021-10-14,66.84291666666667,65.7,67.8,240
9410170,2021-10-15,66.57866108786611,65.5,68.0,239
9410170,2021-10-16,66.215,65.1,67.5,240
9410170,2021-10-17,66.06125,64.2,67.1,240
9410170,2021-10-18,65.92274678111588,64.0,66.7,233
9410170,2021-10-19,65.59,63.7,66.4,240
9410170,2021-10-20,65.59291666666667,64.0,66.4,240
9410170,2021-10-21,65.63916666666667,64.8,66.2,240
9410170,2021-10-22,65.83208333333333,65.3,66.4,240
9410170,2021-10-23,65.87875,64.9,66.4,240
9410170,2021-10-24,66.11375000000001,64.8,66.6,240
9410170,2021-10-25,66.03458333333333,65.3,66.4,240
9410170,2021-10-26,66.04875,65.3,66.6,240
9410170,2021-10-27,65.96791666666667,65.5,66.7,240
9410170,2021-10-28,65.69375,65.1,66.2,240
9410170,2021-10-29,65.34583333333333,64.8,65.8,240
9410170,2021-10-30,65.475,63.7,66.4,240
9410170,2021-10-31,65.10958333333333,64.2,66.2,240
9410170,2021-11-01,65.24375,64.8,65.8,240
9410170,2021-11-02,65.36291666666666,64.9,66.0,240
9410170,2021-11-03,65.28583333333333,64.6,66.0,240
9410170,2021-11-04,65.12583333333333,63.0,65.8,240
9410170,2021-11-05,64.80625,62.6,65.7,240
9410170,2021-11-06,64.69291666666666,62.4,65.7,240
9410170,2021-11-07,64.67708333333333,62.6,65.5,240
9410170,2021-11-08,64.63458333333332,63.0,65.3,240
9410170,2021-11-09,64.89541666666666,63.9,65.5,240
9410170,2021-11-10,65.09708333333333,64.4,65.7,240
9410170,2021-11-11,65.00458333333333,64.4,65.5,240
9410170,2021-11-12,64.79708333333333,63.9,65.3,240
9410170,2021-11-13,64.79291666666667,63.7,65.5,240
9410170,2021-11-14,64.88125,63.5,65.7,240
9410170,2021-11-15,64.86916666666667,64.0,65.7,240
9410170,2021-11-16,64.65732217573222,63.0,65.1,239
9410170,2021-11-17,64.46903765690377,63.0,65.1,239
9410170,2021-11-18,64.31208333333333,63.3,64.9,240
9410170,2021-11-19,64.32458333333334,63.7,64.8,240
9410170,2021-11-20,64.36208333333333,63.9,64.6,240
9410170,2021-11-21,64.2475,63.3,64.8,240
9410170,2021-11-22,64.14458333333333,63.1,64.6,240
9410170,2021-11-23,64.04208333333334,63.5,64.4,240
9410170,2021-11-24,64.0225,63.7,64.2,240
9410170,2021-11-25,63.88,63.5,64.2,240
9410170,2021-11-26,63.755833333333335,63.3,63.9,240
9410170,2021-11-27,63.43416666666666,63.1,63.7,240
9410170,2021-11-28,63.39,63.1,63.9,240
9410170,2021-11-29,63.35291666666667,63.0,64.0,240
9410170,2021-11-30,63.45,63.1,63.9,240
9410170,2021-12-01,63.3652719665272,62.6,63.7,239
9410170,2021-12-02,63.4025,62.6,63.7,240
9410170,2021-12-03,63.24208333333333,62.4,63.7,240
9410170,2021-12-04,63.14625,62.8,63.3,240
9410170,2021-12-05,63.05375,62.8,63.3,240
9410170,2021-12-06,62.904583333333335,62.6,63.1,240
9410170,2021-12-07,62.70583333333333,62.6,63.0,240
9410170,2021-12-08,62.4775,62.2,62.6,240
9410170,2021-12-09,62.33916666666666,62.2,62.6,240
9410170,2021-12-10,62.1475,61.9,62.4,240
9410170,2021-12-11,61.905,61.7,62.2,240
9410170,2021-12-12,61.70166666666667,61.5,61.9,240
9410170,2021-12-13,61.520833333333336,61.3,61.7,240
9410170,2021-12-14,61.19581589958159,61.0,61.3,239
9410170,2021-12-15,60.7825,60.4,61.2,240
9410170,2021-12-16,60.35625,60.3,60.4,240
9410170,2021-12-17,60.345,60.1,60.6,240
9410170,2021-12-18,60.158750000000005,59.9,60.4,240
9410170,2021-12-19,60.005,59.7,60.3,240
9410170,2021-12-20,59.799166666666665,59.7,59.9,240
9410170,2021-12-21,59.64142259414226,59.5,59.7,239
9410170,2021-12-22,59.60083333333333,59.5,59.9,240
9410170,2021-12-23,59.6,59.5,59.7,240
9410170,2021-12-24,59.6075,59.4,59.9,240
9410170,2021-12-25,59.585,59.5,59.7,240
9410170,2021-12-26,59.51833333333333,59.4,59.7,240
9410170,2021-12-27,59.46458333333333,59.4,59.5,240
9410170,2021-12-28,59.1925,59.0,59.4,240
9410170,2021-12-29,59.017500000000005,58.8,59.2,240
9410170,2021-12-30,58.806666666666665,58.6,59.0,240
9410170,2021-12-31,58.82333333333334,58.6,59.2,240
9410170,2022-01-01,58.72166666666667,58.6,59.0,240
9410170,2022-01-02,58.65708333333334,58.5,59.0,240
9410170,2022-01-03,58.57625,58.5,58.8,240
9410170,2022-01-04,58.48416666666667,58.3,58.6,240
9410170,2022-01-05,58.4575,58.3,58.6,240
9410170,2022-01-06,58.46375,58.3,58.6,240
9410170,2022-01-07,58.52625,58.5,58.6,240
9410170,2022-01-08,58.54833333333333,58.5,58.6,240
9410170,2022-01-09,58.76041666666666,58.5,59.2,240
9410170,2022-01-10,58.75833333333333,58.6,59.2,240
9410170,2022-01-11,58.78958333333333,58.6,59.5,240
9410170,2022-01-12,58.751666666666665,58.6,59.2,240
9410170,2022-01-13,58.74916666666666,58.6,59.0,240
9410170,2022-01-14,58.9425,58.6,59.4,240
9410170,2022-01-15,58.99,58.8,59.0,240
9410170,2022-01-16,59.08833333333334,59.0,59.2,240
9410170,2022-01-17,59.35416666666666,59.2,59.7,240
9410170,2022-01-18,59.62291666666667,59.4,60.1,240
9410170,2022-01-19,59.81666666666667,59.5,60.1,240
9410170,2022-01-20,59.92166666666667,59.7,60.3,240
9410170,2022-01-21,60.001666666666665,59.7,60.3,240
9410170,2022-01-22,60.08083333333333,59.9,60.3,240
9410170,2022-01-23,60.16333333333333,59.9,60.6,240
9410170,2022-01-24,60.135,59.9,60.4,240
9410170,2022-01-25,60.22375,59.9,60.6,240
9410170,2022-01-26,60.38823529411764,60.1,60.8,238
9410170,2022-01-27,60.344166666666666,60.1,60.8,240
9410170,2022-01-28,60.3075,60.1,60.6,240
9410170,2022-01-29,60.13166666666667,59.9,60.3,240
9410170,2022-01-30,59.954166666666666,59.5,60.3,240
9410170,2022-01-31,59.806666666666665,59.4,60.1,240
9410170,2022-02-01,59.64041666666667,59.4,59.9,240
9410170,2022-02-02,59.64225941422594,59.2,59.9,239
9410170,2022-02-03,59.54,59.4,59.7,240
9410170,2022-02-04,59.48833333333334,59.4,59.7,240
9410170,2022-02-05,59.435,59.2,59.7,240
9410170,2022-02-06,59.4975,59.2,59.9,240
9410170,2022-02-07,59.66583333333333,59.2,60.3,240
9410170,2022-02-08,59.781666666666666,59.4,60.6,240
9410170,2022-02-09,59.78277310924369,59.4,60.8,238
9410170,2022-02-10,59.95458333333333,59.5,61.0,240
9410170,2022-02-11,60.17875,59.9,60.8,240
9410170,2022-02-12,60.4475,60.1,61.2,240
9410170,2022-02-13,60.700833333333335,60.3,61.2,240
9410170,2022-02-14,60.84458333333334,60.4,61.3,240
9410170,2022-02-15,60.93,60.6,61.2,240
9410170,2022-02-16,60.68083333333333,60.3,61.0,240
9410170,2022-02-17,60.75833333333333,60.4,61.2,240
9410170,2022-02-18,60.76,60.4,61.2,240
9410170,2022-02-19,60.84916666666666,60.6,61.3,240
9410170,2022-02-20,61.0325,60.8,61.3,240
9410170,2022-02-21,61.16708333333334,61.0,61.3,240
9410170,2022-02-22,60.99333333333333,60.8,61.2,240
9410170,2022-02-23,60.469327731092434,60.3,60.8,238
9410170,2022-02-24,60.42583333333333,60.1,60.8,240
9410170,2022-02-25,60.28458333333333,60.1,60.6,240
9410170,2022-02-26,60.21208333333333,59.7,60.6,240
9410170,2022-02-27,60.115,59.7,60.6,240
9410170,2022-02-28,59.99166666666667,58.8,60.6,240
9410170,2022-03-01,60.0675,58.8,60.6,240
9410170,2022-03-02,60.20458333333333,58.8,60.8,240
9410170,2022-03-03,60.31041666666667,59.2,60.8,240
9410170,2022-03-04,60.53125,60.1,61.2,240
9410170,2022-03-05,60.474583333333335,60.1,60.6,240
9410170,2022-03-06,60.53083333333333,60.1,61.0,240
9410170,2022-03-07,60.73625,60.3,61.3,240
9410170,2022-03-08,60.986666666666665,60.4,61.7,240
9410170,2022-03-09,61.20916666666667,60.6,61.7,240
9410170,2022-03-10,61.471250000000005,61.0,62.2,240
9410170,2022-03-11,61.56875,61.2,62.2,240
9410170,2022-03-12,61.72666666666667,61.2,62.6,240
9410170,2022-03-13,61.93739130434783,61.3,62.6,230
9410170,2022-03-14,62.13666666666666,61.3,63.0,240
9410170,2022-03-15,62.36708333333333,61.5,63.3,240
9410170,2022-03-16,62.629583333333336,61.5,63.5,240
9410170,2022-03-17,62.736666666666665,61.2,63.7,240
9410170,2022-03-18,62.95,61.5,64.0,240
9410170,2022-03-19,63.21375,61.7,64.0,240
9410170,2022-03-20,63.13375,61.7,63.9,240
9410170,2022-03-21,63.04041666666667,61.0,64.0,240
9410170,2022-03-22,63.17333333333333,61.3,64.8,240
9410170,2022-03-23,63.19041666666667,61.5,64.2,240
9410170,2022-03-24,63.29665271966527,61.9,64.4,239
9410170,2022-03-25,63.06166666666666,61.5,64.9,240
9410170,2022-03-26,62.92166666666667,60.6,64.8,240
9410170,2022-03-27,63.096250000000005,60.8,65.3,240
9410170,2022-03-28,63.055416666666666,61.5,64.8,240
9410170,2022-03-29,63.435833333333335,61.9,64.9,240
9410170,2022-03-30,63.76652719665272,62.1,65.1,239
9410170,2022-03-31,64.02928870292887,62.8,64.8,239
9410170,2022-04-01,64.27416666666666,63.0,65.3,240
9410170,2022-04-02,64.45458333333333,63.3,64.9,240
9410170,2022-04-03,64.40708333333333,63.5,64.8,240
9410170,2022-04-04,64.66416666666666,63.7,65.8,240
9410170,2022-04-05,64.72625000000001,64.0,66.0,240
9410170,2022-04-06,64.90333333333334,64.0,66.4,240
9410170,2022-04-07,64.82375,63.7,66.0,240
9410170,2022-04-08,64.19541666666666,62.8,65.3,240
9410170,2022-04-09,65.10208333333334,63.0,66.9,240
9410170,2022-04-10,66.21666666666667,64.9,67.1,240
9410170,2022-04-11,65.735,63.7,66.7,240
9410170,2022-04-12,65.29708333333333,64.0,66.2,240
9410170,2022-04-13,64.92958333333334,64.2,65.7,240
9410170,2022-04-14,65.15458333333333,64.6,66.0,240
9410170,2022-04-15,65.35333333333332,64.4,66.4,240
9410170,2022-04-16,65.57458333333334,64.0,66.4,240
9410170,2022-04-17,65.44208333333333,62.6,66.6,240
9410170,2022-04-18,65.17458333333333,62.2,66.7,240
9410170,2022-04-19,65.015,61.9,66.9,240
9410170,2022-04-20,64.88458333333332,61.9,66.7,240
9410170,2022-04-21,64.45708333333333,61.7,66.4,240
9410170,2022-04-22,63.767500000000005,61.5,65.7,240
9410170,2022-04-23,63.135,60.4,65.5,240
9410170,2022-04-24,62.19583333333333,58.6,65.1,240
9410170,2022-04-25,62.34125,59.4,64.6,240
9410170,2022-04-26,62.38284518828452,60.4,64.8,239
9410170,2022-04-27,63.27708333333333,61.0,64.9,240
9410170,2022-04-28,63.56375,61.7,65.3,240
9410170,2022-04-29,63.92541666666667,62.2,65.5,240
9410170,2022-04-30,64.46208333333333,63.0,66.2,240
9410170,2022-05-01,64.81291666666667,63.5,65.5,240
9410170,2022-05-02,65.07949790794979,63.9,66.6,239
9410170,2022-05-03,65.51583333333333,63.9,66.4,240
9410170,2022-05-04,65.918410041841,64.4,67.3,239
9410170,2022-05-05,66.47196652719666,65.3,67.6,239
9410170,2022-05-06,66.74208333333334,65.7,68.4,240
9410170,2022-05-07,66.75500000000001,65.5,68.0,240
9410170,2022-05-08,67.44291666666666,66.6,68.0,240
9410170,2022-05-09,67.36083333333333,66.0,68.2,240
9410170,2022-05-10,66.96875,66.2,67.8,240
9410170,2022-05-11,66.48291666666667,65.7,67.5,240
9410170,2022-05-12,65.78375,63.9,67.3,240
9410170,2022-05-13,65.28583333333333,63.0,67.5,240
9410170,2022-05-14,65.21708333333333,62.2,67.1,240
9410170,2022-05-15,65.26708333333333,60.8,67.1,240
9410170,2022-05-16,65.28333333333333,61.5,67.1,240
9410170,2022-05-17,65.50333333333334,62.1,66.9,240
9410170,2022-05-18,65.99539748953974,63.0,67.5,239
9410170,2022-05-19,66.21374999999999,63.5,67.3,240
9410170,2022-05-20,66.06166666666667,64.0,67.1,240
9410170,2022-05-21,66.15208333333334,64.6,67.3,240
9410170,2022-05-22,66.42708333333333,65.5,67.5,240
9410170,2022-05-23,66.65708333333333,66.0,67.6,240
9410170,2022-05-24,66.68666666666667,66.0,67.5,240
9410170,2022-05-25,66.83541666666666,66.2,68.0,240
9410170,2022-05-26,67.285,66.2,68.4,240
9410170,2022-05-27,67.66958333333334,66.4,68.7,240
9410170,2022-05-28,67.64791666666666,66.4,68.0,240
9410170,2022-05-29,67.80458333333334,66.7,68.9,240
9410170,2022-05-30,68.1975,66.9,69.6,240
9410170,2022-05-31,68.46276150627615,67.1,70.0,239
9410170,2022-06-01,69.09916666666666,67.6,70.3,240
9410170,2022-06-02,69.23,68.0,70.3,240
9410170,2022-06-03,69.405,68.2,70.3,240
9410170,2022-06-04,69.69708333333332,69.1,70.3,240
9410170,2022-06-05,70.04833333333335,69.1,70.9,240
9410170,2022-06-06,70.52416666666666,70.0,71.8,240
9410170,2022-06-07,70.9620253164557,70.3,72.1,237
9410170,2022-06-08,70.95666666666666,70.2,72.1,240
9410170,2022-06-09,70.68333333333334,70.0,72.3,240
9410170,2022-06-10,70.94016736401674,70.3,72.3,239
9410170,2022-06-11,71.51541666666667,70.2,73.0,240
9410170,2022-06-12,71.86083333333333,69.8,73.2,240
9410170,2022-06-13,71.64875,69.1,72.3,240
9410170,2022-06-14,71.64166666666667,69.6,73.0,240
9410170,2022-06-15,72.06958333333334,69.8,73.6,240
9410170,2022-06-16,72.3675,70.0,73.8,240
9410170,2022-06-17,72.67083333333333,70.5,73.6,240
9410170,2022-06-18,72.92958333333333,72.0,73.6,240
9410170,2022-06-19,73.07041666666667,71.8,74.1,240
9410170,2022-06-20,73.37583333333333,72.1,74.5,240
9410170,2022-06-21,73.43583333333332,72.3,74.5,240
9410170,2022-06-22,73.34208333333332,72.3,74.5,240
9410170,2022-06-23,72.58041666666666,69.8,73.9,240
9410170,2022-06-24,72.16416666666667,67.8,74.1,240
9410170,2022-06-25,71.6125,68.4,73.8,240
9410170,2022-06-26,70.80666666666666,66.7,73.9,240
9410170,2022-06-27,70.40166666666667,66.4,73.8,240
9410170,2022-06-28,70.0325,66.2,73.6,240
9410170,2022-06-29,70.10458333333332,66.6,73.4,240
9410170,2022-06-30,70.82416666666667,67.5,73.0,240
9410170,2022-07-01,71.81041666666667,69.1,73.2,240
9410170,2022-07-02,72.38625,70.5,73.6,240
9410170,2022-07-03,72.7142259414226,70.7,73.8,239
9410170,2022-07-04,72.67458333333335,70.3,73.6,240
9410170,2022-07-05,72.32375,70.5,73.9,240
9410170,2022-07-06,72.20416666666667,70.9,72.9,240
9410170,2022-07-07,71.48416666666667,68.5,73.2,240
9410170,2022-07-08,70.5075,64.2,73.2,240
9410170,2022-07-09,70.48416666666667,65.8,72.9,240
9410170,2022-07-10,68.95166666666667,65.5,71.6,240
9410170,2022-07-11,68.9625,65.3,71.4,240
9410170,2022-07-12,68.55690376569036,63.7,71.2,239
9410170,2022-07-13,68.27833333333334,63.0,71.1,240
9410170,2022-07-14,68.0025,63.5,70.3,240
9410170,2022-07-15,68.02375,63.7,70.3,240
9410170,2022-07-16,68.34291666666667,65.7,70.5,240
9410170,2022-07-17,68.43833333333333,65.8,70.2,240
9410170,2022-07-18,69.23125,67.3,70.7,240
9410170,2022-07-19,69.98625,68.4,71.2,240
9410170,2022-07-20,70.22250000000001,68.4,71.4,240
9410170,2022-07-21,70.76333333333334,69.1,72.3,240
9410170,2022-07-22,71.14541666666668,69.6,72.7,240
9410170,2022-07-23,71.42833333333333,70.2,72.9,240
9410170,2022-07-24,71.875,70.7,73.2,240
9410170,2022-07-25,72.33333333333333,71.4,73.4,240
9410170,2022-07-26,72.86458333333333,71.4,74.5,240
9410170,2022-07-27,73.06569037656904,70.9,74.5,239
9410170,2022-07-28,72.59708333333333,70.0,74.7,240
9410170,2022-07-29,71.73583333333333,69.3,73.2,240
9410170,2022-07-30,71.75708333333334,69.8,74.1,240
9410170,2022-07-31,72.29375,70.3,73.8,240
9410170,2022-08-01,72.63333333333334,70.3,74.5,240
9410170,2022-08-02,72.81375,70.9,74.7,240
9410170,2022-08-03,72.48041666666667,70.5,74.3,240
9410170,2022-08-04,72.25125,68.2,73.9,240
9410170,2022-08-05,71.50958333333332,67.3,73.9,240
9410170,2022-08-06,71.18870292887028,66.2,73.6,239
9410170,2022-08-07,69.12625,64.8,72.7,240
9410170,2022-08-08,68.97208333333333,66.2,71.8,240
9410170,2022-08-09,70.01875,67.1,73.6,240
9410170,2022-08-10,70.60375,66.9,73.6,240
9410170,2022-08-11,71.1275,66.9,73.6,240
9410170,2022-08-12,71.07916666666667,67.3,73.4,240
9410170,2022-08-13,71.24811715481171,67.6,73.2,239
9410170,2022-08-14,71.67333333333333,68.0,73.4,240
9410170,2022-08-15,72.41291666666666,70.2,73.6,240
9410170,2022-08-16,72.91166666666666,71.6,74.1,240
9410170,2022-08-17,72.955,70.7,74.7,240
9410170,2022-08-18,73.02208333333333,70.3,74.7,240
9410170,2022-08-19,71.85875,68.5,74.5,240
9410170,2022-08-20,72.85166666666667,69.3,74.5,240
9410170,2022-08-21,73.05166666666668,70.3,74.5,240
9410170,2022-08-22,72.75458333333333,71.1,74.5,240
9410170,2022-08-23,71.64958333333334,70.3,73.4,240
9410170,2022-08-24,72.125,71.1,73.6,240
9410170,2022-08-25,72.86875,71.4,74.3,240
9410170,2022-08-26,73.8225,72.7,75.4,240
9410170,2022-08-27,74.04041666666667,72.7,75.4,240
9410170,2022-08-28,74.12541666666667,72.7,75.2,240
9410170,2022-08-29,74.42291666666667,72.9,75.6,240
9410170,2022-08-30,74.21166666666666,72.3,75.7,240
9410170,2022-08-31,73.55983263598326,71.4,75.0,239
9410170,2022-09-01,72.32208333333332,70.3,74.1,240
9410170,2022-09-02,72.20083333333334,68.9,75.0,240
9410170,2022-09-03,72.50125,67.5,76.5,240
9410170,2022-09-04,73.65166666666667,70.7,76.1,240
9410170,2022-09-05,73.75125,70.2,75.9,240
9410170,2022-09-06,74.02458333333334,71.6,76.6,240
9410170,2022-09-07,74.355,73.0,76.3,240
9410170,2022-09-08,74.45958333333333,71.8,75.7,240
9410170,2022-09-09,74.04791666666667,71.2,75.6,240
9410170,2022-09-10,73.56750000000001,70.7,74.8,240
9410170,2022-09-11,73.67875000000001,71.4,75.4,240
9410170,2022-09-12,73.85625,72.0,75.2,240
9410170,2022-09-13,74.18083333333334,72.0,75.2,240
9410170,2022-09-14,74.16499999999999,73.2,74.7,240
9410170,2022-09-15,74.52416666666666,73.6,75.6,240
9410170,2022-09-16,74.65791666666668,73.8,75.4,240
9410170,2022-09-17,74.63000000000001,74.1,75.2,240
9410170,2022-09-18,74.58291666666668,74.1,75.2,240
9410170,2022-09-19,74.5475,73.8,75.6,240
9410170,2022-09-20,74.4475,73.8,75.2,240
9410170,2022-09-21,74.40543933054394,73.6,75.0,239
9410170,2022-09-22,74.09958333333334,72.1,75.4,240
9410170,2022-09-23,73.18083333333334,70.5,75.2,240
9410170,2022-09-24,72.52083333333333,70.5,74.5,240
9410170,2022-09-25,71.98291666666667,69.4,74.1,240
9410170,2022-09-26,71.58208333333333,68.7,73.4,240
9410170,2022-09-27,71.34083333333334,68.2,73.4,240
9410170,2022-09-28,71.43458333333334,68.9,73.0,240
9410170,2022-09-29,71.31750000000001,69.3,72.9,240
9410170,2022-09-30,71.15958333333333,68.9,72.5,240
9410170,2022-10-01,70.88625,68.9,71.8,240
9410170,2022-10-02,70.82333333333332,69.3,72.0,240
9410170,2022-10-03,70.35875,69.1,71.6,240
9410170,2022-10-04,69.63875,67.5,71.2,240
9410170,2022-10-05,69.45041666666665,68.2,71.2,240
9410170,2022-10-06,69.56916666666666,68.2,70.9,240
9410170,2022-10-07,69.50291666666666,67.3,70.9,240
9410170,2022-10-08,69.75541666666666,67.8,71.1,240
9410170,2022-10-09,69.97125,68.4,71.1,240
9410170,2022-10-10,70.09875000000001,68.2,70.9,240
9410170,2022-10-11,70.10125,68.4,70.9,240
9410170,2022-10-12,70.16125000000001,69.1,70.7,240
9410170,2022-10-13,70.08375,68.9,70.7,240
9410170,2022-10-14,69.77749999999999,68.5,70.3,240
9410170,2022-10-15,69.43875,68.2,70.0,240
9410170,2022-10-16,69.01166666666667,68.5,69.6,240
9410170,2022-10-17,69.08625,68.2,70.0,240
9410170,2022-10-18,68.5625,67.3,69.6,240
9410170,2022-10-19,68.08833333333334,66.6,69.8,240
9410170,2022-10-20,67.72875,66.4,69.4,240
9410170,2022-10-21,68.10583333333334,67.1,69.1,240
9410170,2022-10-22,68.50416666666666,67.6,69.1,240
9410170,2022-10-23,68.46083333333334,67.8,69.1,240
9410170,2022-10-24,68.44125000000001,68.0,68.9,240
9410170,2022-10-25,68.44979079497908,68.0,68.7,239
9410170,2022-10-26,68.56875,68.2,68.9,240
9410170,2022-10-27,68.675,68.2,69.1,240
9410170,2022-10-28,68.67541666666668,68.0,69.1,240
9410170,2022-10-29,68.68249999999999,68.0,69.1,240
9410170,2022-10-30,68.74666666666667,68.4,69.1,240
9410170,2022-10-31,68.66083333333334,68.2,68.9,240
9410170,2022-11-01,68.66666666666667,68.4,68.9,240
9410170,2022-11-02,68.47782426778242,68.2,68.7,239
9410170,2022-11-03,67.53916666666666,67.1,68.2,240
9410170,2022-11-04,67.13833333333334,66.7,67.5,240
9410170,2022-11-05,66.48166666666667,65.3,66.9,240
9410170,2022-11-06,66.05291666666668,63.9,66.6,240
9410170,2022-11-07,65.765,63.9,66.2,240
9410170,2022-11-08,65.6775,64.8,66.0,240
9410170,2022-11-09,65.3625,64.9,65.7,240
9410170,2022-11-10,65.15208333333334,64.6,65.3,240
9410170,2022-11-11,64.72333333333333,63.7,65.1,240
9410170,2022-11-12,64.46416666666667,64.0,64.8,240
9410170,2022-11-13,64.43583333333333,64.0,64.6,240
9410170,2022-11-14,64.26166666666667,64.0,64.6,240
9410170,2022-11-15,64.10916666666667,63.9,64.4,240
9410170,2022-11-16,64.08166666666666,63.9,64.6,240
9410170,2022-11-17,63.99125,63.9,64.4,240
9410170,2022-11-18,63.8225,63.7,64.2,240
9410170,2022-11-19,63.692083333333336,63.3,64.0,240
9410170,2022-11-20,63.43416666666667,63.1,63.7,240
9410170,2022-11-21,63.16791666666666,63.0,63.5,240
9410170,2022-11-22,62.9775,62.8,63.3,240
9410170,2022-11-23,62.693333333333335,62.2,63.0,240
9410170,2022-11-24,62.435,62.2,62.6,240
9410170,2022-11-25,62.22166666666667,61.9,62.4,240
9410170,2022-11-26,62.079166666666666,61.7,62.2,240
9410170,2022-11-27,61.969166666666666,61.7,62.1,240
9410170,2022-11-28,61.7975,61.7,61.9,240
9410170,2022-11-29,61.700833333333335,61.5,61.9,240
9410170,2022-11-30,61.51583333333333,61.5,61.7,240
9410170,2022-12-01,61.35916666666666,61.3,61.7,240
9410170,2022-12-02,61.31875,61.2,61.5,240
9410170,2022-12-03,61.30166666666666,61.2,61.5,240
9410170,2022-12-04,61.312916666666666,61.2,61.5,240
9410170,2022-12-05,61.39125,61.2,61.7,240
9410170,2022-12-06,61.31666666666667,61.2,61.5,240
9410170,2022-12-07,61.25271966527197,61.2,61.3,239
9410170,2022-12-08,61.06583333333334,60.6,61.2,240
9410170,2022-12-09,60.87833333333333,60.6,61.0,240
9410170,2022-12-10,60.695,60.4,60.8,240
9410170,2022-12-11,60.45041666666667,60.3,60.6,240
9410170,2022-12-12,60.21666666666667,59.9,60.3,240
9410170,2022-12-13,60.0071129707113,59.9,60.1,239
9410170,2022-12-14,59.80376569037657,59.7,60.1,239
9410170,2022-12-15,59.58666666666667,59.5,59.9,240
9410170,2022-12-16,59.5625,59.4,60.1,240
9410170,2022-12-17,59.44041666666666,59.4,59.5,240
9410170,2022-12-18,59.36541666666667,59.2,59.7,240
9410170,2022-12-19,59.185833333333335,59.0,59.4,240
9410170,2022-12-20,59.00666666666667,58.8,59.4,240
9410170,2022-12-21,58.810833333333335,58.6,59.2,240
9410170,2022-12-22,58.63166666666667,58.5,58.8,240
9410170,2022-12-23,58.58625,58.1,59.0,240
9410170,2022-12-24,58.60625,58.3,59.0,240
9410170,2022-12-25,58.60625,58.3,58.8,240
9410170,2022-12-26,58.65541666666666,58.5,58.8,240
9410170,2022-12-27,58.74083333333333,58.6,58.8,240
9410170,2022-12-28,58.861666666666665,58.6,59.2,240
9410170,2022-12-29,58.92999999999999,58.8,59.2,240
9410170,2022-12-30,59.0325,58.8,59.2,240
9410170,2022-12-31,59.13250000000001,59.0,59.4,240
9410170,2023-01-01,59.1225,58.8,59.2,240
9410170,2023-01-02,58.943333333333335,58.6,59.2,240
9410170,2023-01-03,58.8625,58.6,59.0,240
9410170,2023-01-04,58.94166666666667,58.6,59.2,240
9410170,2023-01-05,59.06666666666667,58.8,59.2,240
9410170,2023-01-06,59.13208333333333,58.8,59.7,240
9410170,2023-01-07,59.17083333333333,59.0,59.4,240
9410170,2023-01-08,59.20583333333333,59.0,59.5,240
9410170,2023-01-09,59.2825,59.0,59.4,240
9410170,2023-01-10,59.299166666666665,59.2,59.4,240
9410170,2023-01-11,59.27666666666666,59.0,59.5,240
9410170,2023-01-12,59.27,59.0,59.4,240
9410170,2023-01-13,59.30791666666666,59.2,59.5,240
9410170,2023-01-14,59.33416666666667,59.2,59.4,240
9410170,2023-01-15,59.28333333333333,59.2,59.4,240
9410170,2023-01-16,59.25416666666667,59.2,59.4,240
9410170,2023-01-17,58.88625,58.5,59.2,240
9410170,2023-01-18,58.89833333333333,58.6,59.2,240
9410170,2023-01-19,58.63416666666667,58.3,58.8,240
9410170,2023-01-20,58.57,58.3,58.8,240
9410170,2023-01-21,58.57375,58.3,59.0,240
9410170,2023-01-22,58.49791666666667,58.3,58.8,240
9410170,2023-01-23,58.33208333333333,58.1,58.6,240
9410170,2023-01-24,58.15208333333333,57.7,58.6,240
9410170,2023-01-25,58.07291666666666,57.6,58.5,240
9410170,2023-01-26,57.935833333333335,57.7,58.1,240
9410170,2023-01-27,57.79708333333333,57.4,58.1,240
9410170,2023-01-28,57.7125,57.6,57.9,240
9410170,2023-01-29,57.6625,57.6,57.7,240
9410170,2023-01-30,57.54083333333333,57.4,57.6,240
9410170,2023-01-31,57.440000000000005,57.2,57.7,240
9410170,2023-02-01,57.42,57.2,57.9,240
9410170,2023-02-02,57.52625,57.2,58.1,240
9410170,2023-02-03,57.69458333333333,57.4,58.1,240
9410170,2023-02-04,57.82833333333333,57.4,58.5,240
9410170,2023-02-05,57.97583333333333,57.7,58.3,240
9410170,2023-02-06,58.079166666666666,57.7,58.5,240
9410170,2023-02-07,58.15125,57.7,58.6,240
9410170,2023-02-08,58.26083333333334,57.9,58.8,240
9410170,2023-02-09,58.30791666666666,57.9,59.0,240
9410170,2023-02-10,58.32208333333333,58.1,59.0,240
9410170,2023-02-11,58.37083333333333,58.1,58.8,240
9410170,2023-02-12,58.2125,57.7,58.6,240
9410170,2023-02-13,58.4425,57.9,59.0,240
9410170,2023-02-14,58.43666666666666,58.1,58.6,240
9410170,2023-02-15,57.836666666666666,57.4,58.3,240
9410170,2023-02-16,57.556666666666665,57.2,57.9,240
9410170,2023-02-17,57.46208333333333,57.0,57.7,240
9410170,2023-02-18,57.391666666666666,56.8,57.7,240
9410170,2023-02-19,57.34583333333333,56.8,57.7,240
9410170,2023-02-20,57.33625,56.7,57.7,240
9410170,2023-02-21,57.46625,56.8,57.9,240
9410170,2023-02-22,57.21171548117155,56.8,57.6,239
9410170,2023-02-23,56.94125,56.7,57.2,240
9410170,2023-02-24,56.821666666666665,56.7,57.0,240
9410170,2023-02-25,56.67416666666667,56.3,56.8,240
9410170,2023-02-26,56.41833333333333,55.9,56.7,240
9410170,2023-02-27,56.81916666666667,56.5,57.4,240
9410170,2023-02-28,57.03083333333333,56.7,57.6,240
9410170,2023-03-01,56.965,56.5,57.2,240
9410170,2023-03-02,56.73375,56.5,57.2,240
9410170,2023-03-03,56.86166666666667,56.7,57.6,240
9410170,2023-03-04,56.95666666666667,56.8,57.4,240
9410170,2023-03-05,57.20666666666667,56.8,57.7,240
9410170,2023-03-06,57.379583333333336,57.0,57.9,240
9410170,2023-03-07,57.54666666666667,57.0,58.1,240
9410170,2023-03-08,57.67958333333333,57.0,58.3,240
9410170,2023-03-09,57.805,57.2,58.6,240
9410170,2023-03-10,57.77,57.2,58.3,240
9410170,2023-03-11,57.919583333333335,57.6,58.5,240
9410170,2023-03-12,58.62913043478261,57.7,59.9,230
9410170,2023-03-13,58.47833333333333,57.4,60.1,240
9410170,2023-03-14,58.35583333333333,57.2,59.4,240
9410170,2023-03-15,58.69083333333333,57.0,59.5,240
9410170,2023-03-16,58.65375,57.6,59.5,240
9410170,2023-03-17,58.76458333333333,57.6,60.1,240
9410170,2023-03-18,59.25291666666667,58.3,60.6,240
9410170,2023-03-19,59.52375,58.6,60.4,240
9410170,2023-03-20,59.75416666666667,58.5,60.6,240
9410170,2023-03-21,59.76083333333334,58.8,60.3,240
9410170,2023-03-22,59.876987447698745,59.2,60.6,239
9410170,2023-03-23,60.09375,59.7,60.6,240
9410170,2023-03-24,60.28083333333333,59.7,61.2,240
9410170,2023-03-25,60.44083333333333,59.9,61.3,240
9410170,2023-03-26,60.58,59.9,61.5,240
9410170,2023-03-27,60.515,59.9,61.5,240
9410170,2023-03-28,60.45041666666667,59.7,61.9,240
9410170,2023-03-29,60.275,59.5,60.8,240
9410170,2023-03-30,60.21833333333333,59.4,61.0,240
9410170,2023-03-31,59.85541666666666,58.5,61.2,240
9410170,2023-04-01,59.7575,58.6,60.8,240
9410170,2023-04-02,60.10125,59.2,61.3,240
9410170,2023-04-03,60.40958333333333,59.5,61.0,240
9410170,2023-04-04,59.954166666666666,59.0,60.6,240
9410170,2023-04-05,59.723333333333336,58.8,60.8,240
9410170,2023-04-06,59.51875,58.1,61.0,240
9410170,2023-04-07,59.47666666666667,57.7,61.2,240
9410170,2023-04-08,59.75,57.7,61.7,240
9410170,2023-04-09,59.8425,57.6,61.7,240
9410170,2023-04-10,59.560833333333335,57.4,61.7,240
9410170,2023-04-11,59.2325,57.0,61.7,240
9410170,2023-04-12,58.91297071129707,55.9,61.2,239
9410170,2023-04-13,59.87625,58.5,61.0,240
9410170,2023-04-14,59.14958333333333,57.4,60.8,240
9410170,2023-04-15,59.66041666666667,58.1,61.3,240
9410170,2023-04-16,59.74375,59.2,60.4,240
9410170,2023-04-17,59.78875,59.0,60.6,240
9410170,2023-04-18,60.18541666666667,59.4,61.5,240
9410170,2023-04-19,60.46333333333334,59.0,61.7,240
9410170,2023-04-20,60.660833333333336,59.4,62.1,240
9410170,2023-04-21,60.95458333333333,59.5,62.8,240
9410170,2023-04-22,61.20583333333333,59.5,63.9,240
9410170,2023-04-23,61.56375,59.7,62.8,240
9410170,2023-04-24,62.03723849372385,60.6,63.7,239
9410170,2023-04-25,62.67041666666667,61.3,64.6,240
9410170,2023-04-26,63.28125,62.1,65.1,240
9410170,2023-04-27,63.81166666666666,62.4,65.3,240
9410170,2023-04-28,63.83958333333333,62.6,65.3,240
9410170,2023-04-29,63.971250000000005,62.6,65.3,240
9410170,2023-04-30,63.86375,62.4,65.1,240
9410170,2023-05-01,63.66625,62.6,64.8,240
9410170,2023-05-02,63.9575,63.0,65.1,240
9410170,2023-05-03,63.9975,63.0,65.1,240
9410170,2023-05-04,64.11864406779661,63.0,65.1,236
9410170,2023-05-05,64.26327433628319,63.1,65.1,226
9410170,2023-05-06,64.56375,63.3,65.8,240
9410170,2023-05-07,64.81833333333333,63.7,66.4,240
9410170,2023-05-08,65.19875,63.3,66.7,240
9410170,2023-05-09,65.6425,63.9,66.7,240
9410170,2023-05-10,65.60208333333334,63.9,66.4,240
9410170,2023-05-11,65.30041666666666,63.3,66.7,240
9410170,2023-05-12,64.29708333333333,62.4,65.5,240
9410170,2023-05-13,63.49708333333333,61.7,64.9,240
9410170,2023-05-14,63.22083333333333,61.5,65.1,240
9410170,2023-05-15,63.40125,62.2,65.3,240
9410170,2023-05-16,63.673750000000005,62.1,65.7,240
9410170,2023-05-17,63.775416666666665,61.5,64.8,240
9410170,2023-05-18,63.45,61.9,64.6,240
9410170,2023-05-19,63.67333333333333,61.9,64.8,240
9410170,2023-05-20,63.9225,62.2,64.9,240
9410170,2023-05-21,64.18666666666667,62.4,65.7,240
9410170,2023-05-22,64.37958333333333,63.0,65.1,240
9410170,2023-05-23,64.41749999999999,62.8,65.1,240
9410170,2023-05-24,64.565,63.7,65.3,240
9410170,2023-05-25,64.89333333333333,64.0,65.8,240
9410170,2023-05-26,65.21291666666667,64.4,66.0,240
9410170,2023-05-27,65.46666666666667,65.1,65.8,240
9410170,2023-05-28,65.62125,65.3,66.0,240
9410170,2023-05-29,65.53666666666666,65.1,66.0,240
9410170,2023-05-30,65.22384937238493,64.8,65.7,239
9410170,2023-05-31,65.01583333333333,64.2,65.7,240
9410170,2023-06-01,64.99708333333334,63.7,65.5,240
9410170,2023-06-02,65.0025,63.1,66.2,240
9410170,2023-06-03,65.08916666666667,63.5,66.2,240
9410170,2023-06-04,65.01791666666666,63.0,66.7,240
9410170,2023-06-05,64.84125,61.7,66.4,240
9410170,2023-06-06,64.79041666666667,62.2,66.2,240
9410170,2023-06-07,65.14041666666667,62.2,66.2,240
9410170,2023-06-08,65.34166666666667,63.5,66.4,240
9410170,2023-06-09,65.66916666666667,64.4,66.4,240
9410170,2023-06-10,65.75791666666666,64.9,66.4,240
9410170,2023-06-11,65.63333333333334,64.9,66.4,240
9410170,2023-06-12,65.53208333333333,64.9,66.4,240
9410170,2023-06-13,65.5825,64.6,66.0,240
9410170,2023-06-14,65.65020920502091,64.6,66.2,239
9410170,2023-06-15,66.03291666666667,64.6,67.5,240
9410170,2023-06-16,66.34833333333333,64.6,68.2,240
9410170,2023-06-17,66.57583333333334,64.4,68.4,240
9410170,2023-06-18,66.30875,63.7,68.4,240
9410170,2023-06-19,66.31625,63.9,68.7,240
9410170,2023-06-20,66.80208333333333,64.4,68.9,240
9410170,2023-06-21,66.95791666666666,64.4,69.1,240
9410170,2023-06-22,66.94041666666666,64.6,68.4,240
9410170,2023-06-23,67.46333333333334,66.4,68.5,240
9410170,2023-06-24,67.62958333333333,66.0,68.9,240
9410170,2023-06-25,67.82791666666667,65.5,69.4,240
9410170,2023-06-26,67.62041666666667,64.8,69.6,240
9410170,2023-06-27,67.26583333333333,62.8,70.3,240
9410170,2023-06-28,66.84625,62.1,69.1,240
9410170,2023-06-29,66.61958333333334,63.1,69.1,240
9410170,2023-06-30,66.64458333333333,65.1,68.7,240
9410170,2023-07-01,67.18833333333333,65.7,69.3,240
9410170,2023-07-02,67.74083333333333,64.8,69.8,240
9410170,2023-07-03,67.82958333333333,63.5,70.0,240
9410170,2023-07-04,68.05708333333332,64.9,70.2,240
9410170,2023-07-05,67.96916666666667,64.6,70.0,240
9410170,2023-07-06,67.8975,64.9,70.0,240
9410170,2023-07-07,67.98291666666667,65.1,69.8,240
9410170,2023-07-08,67.89458333333333,66.2,69.6,240
9410170,2023-07-09,68.18083333333333,66.7,69.6,240
9410170,2023-07-10,68.87333333333332,67.6,70.0,240
9410170,2023-07-11,69.04583333333333,67.5,70.3,240
9410170,2023-07-12,68.64,65.7,71.4,240
9410170,2023-07-13,68.15791666666667,64.2,71.2,240
9410170,2023-07-14,67.54041666666667,64.2,71.1,240
9410170,2023-07-15,67.85666666666667,64.8,70.7,240
9410170,2023-07-16,68.2625,65.7,70.7,240
9410170,2023-07-17,69.04291666666667,66.7,71.4,240
9410170,2023-07-18,70.24208333333333,68.5,72.1,240
9410170,2023-07-19,70.61087866108787,68.7,72.1,239
9410170,2023-07-20,70.67458333333335,68.9,72.7,240
9410170,2023-07-21,70.78708333333334,69.1,72.7,240
9410170,2023-07-22,70.64916666666666,68.9,72.1,240
9410170,2023-07-23,70.4475,69.3,71.8,240
9410170,2023-07-24,71.07708333333333,68.7,72.7,240
9410170,2023-07-25,71.80958333333334,69.3,73.2,240
9410170,2023-07-26,70.87541666666667,68.5,72.9,240
9410170,2023-07-27,71.35333333333332,68.9,74.5,240
9410170,2023-07-28,71.75375000000001,69.8,73.6,240
9410170,2023-07-29,72.09375,70.7,73.8,240
9410170,2023-07-30,72.51208333333334,71.2,73.9,240
9410170,2023-07-31,72.91333333333334,71.6,73.8,240
9410170,2023-08-01,73.4225,71.8,75.4,240
9410170,2023-08-02,73.94166666666666,72.1,75.6,240
9410170,2023-08-03,74.16208333333334,72.5,75.4,240
9410170,2023-08-04,74.09541666666668,72.1,75.4,240
9410170,2023-08-05,74.12394957983193,72.9,75.2,238
9410170,2023-08-06,74.05291666666668,72.7,75.0,240
9410170,2023-08-07,73.67833333333333,71.8,74.8,240
9410170,2023-08-08,73.21208333333334,70.9,75.4,240
9410170,2023-08-09,74.08583333333333,71.6,75.9,240
9410170,2023-08-10,73.85,71.6,75.7,240
9410170,2023-08-11,73.99833333333332,72.7,75.0,240
9410170,2023-08-12,73.88791666666665,73.0,75.2,240
9410170,2023-08-13,73.85708333333334,71.2,75.4,240
9410170,2023-08-14,73.18916666666668,69.8,75.2,240
9410170,2023-08-15,72.43875,68.7,74.8,240
9410170,2023-08-16,71.82468619246862,68.4,74.5,239
9410170,2023-08-17,71.46125,67.6,73.8,240
9410170,2023-08-18,71.00791666666667,68.0,73.6,240
9410170,2023-08-19,70.10208333333334,68.2,72.1,240
9410170,2023-08-20,69.64583333333333,67.3,70.7,240
9410170,2023-08-21,69.53625000000001,68.2,70.2,240
9410170,2023-08-22,69.52583333333334,66.0,71.8,240
9410170,2023-08-23,69.05125,65.3,71.4,240
9410170,2023-08-24,68.67,65.8,71.1,240
9410170,2023-08-25,68.24916666666667,64.4,70.9,240
9410170,2023-08-26,68.33541666666666,66.0,70.5,240
9410170,2023-08-27,68.89541666666668,66.4,71.4,240
9410170,2023-08-28,68.90833333333333,66.2,72.0,240
9410170,2023-08-29,69.045,65.5,72.1,240
9410170,2023-08-30,69.235,64.8,71.8,240
9410170,2023-08-31,69.48833333333333,66.0,71.6,240
9410170,2023-09-01,69.92666666666668,67.6,71.4,240
9410170,2023-09-02,70.48666666666666,68.2,72.1,240
9410170,2023-09-03,71.22416666666666,69.8,72.1,240
9410170,2023-09-04,71.55333333333333,70.7,72.3,240
9410170,2023-09-05,71.64333333333333,70.7,72.3,240
9410170,2023-09-06,72.0525,71.2,72.9,240
9410170,2023-09-07,71.88833333333334,70.7,73.0,240
9410170,2023-09-08,71.99499999999999,70.7,73.4,240
9410170,2023-09-09,72.32708333333333,70.2,74.1,240
9410170,2023-09-10,72.1575,70.2,74.3,240
9410170,2023-09-11,71.89750000000001,70.2,73.4,240
9410170,2023-09-12,71.79375,70.3,73.0,240
9410170,2023-09-13,72.22208333333333,70.5,73.4,240
9410170,2023-09-14,72.31416666666668,71.1,73.8,240
9410170,2023-09-15,72.2975,71.2,73.0,240
9410170,2023-09-16,72.00333333333333,71.1,72.5,240
9410170,2023-09-17,71.39833333333333,70.2,72.1,240
9410170,2023-09-18,71.31583333333333,70.2,72.1,240
9410170,2023-09-19,71.00083333333333,69.4,72.1,240
9410170,2023-09-20,70.79166666666667,69.1,71.8,240
9410170,2023-09-21,70.54041666666667,68.9,71.4,240
9410170,2023-09-22,69.27333333333333,67.1,70.9,240
9410170,2023-09-23,69.02875,67.6,70.5,240
9410170,2023-09-24,68.90916666666666,67.8,70.7,240
9410170,2023-09-25,68.86416666666668,67.3,70.3,240
9410170,2023-09-26,68.89208333333333,67.1,70.5,240
9410170,2023-09-27,68.71541666666667,66.2,70.2,240
9410170,2023-09-28,68.79166666666667,66.6,70.3,240
9410170,2023-09-29,68.925,66.7,70.0,240
9410170,2023-09-30,68.9875,67.5,70.0,240
9410170,2023-10-01,69.19541666666667,68.4,69.8,240
9410170,2023-10-02,69.29083333333332,68.4,69.6,240
9410170,2023-10-03,69.50708333333334,68.7,70.2,240
9410170,2023-10-04,69.76541666666667,68.9,70.7,240
9410170,2023-10-05,69.98208333333334,69.4,70.9,240
9410170,2023-10-06,69.43125,68.5,70.5,240
9410170,2023-10-07,69.07907949790795,67.6,70.2,239
9410170,2023-10-08,69.43625,68.0,70.5,240
9410170,2023-10-09,69.11,67.6,70.5,240
9410170,2023-10-10,68.63541666666667,67.5,69.6,240
9410170,2023-10-11,68.78125,67.1,70.0,240
9410170,2023-10-12,68.83041666666666,67.1,69.8,240
9410170,2023-10-13,68.91833333333334,67.3,70.0,240
9410170,2023-10-14,69.18744769874476,67.8,70.2,239
9410170,2023-10-15,69.37041666666667,68.0,70.2,240
9410170,2023-10-16,69.42625,67.8,70.3,240
9410170,2023-10-17,69.45875,68.2,70.5,240
9410170,2023-10-18,69.47333333333333,68.0,70.5,240
9410170,2023-10-19,69.50833333333334,67.8,70.5,240
9410170,2023-10-20,69.50791666666667,67.6,70.3,240
9410170,2023-10-21,69.66291666666666,68.9,70.3,240
9410170,2023-10-22,69.31333333333333,68.5,70.0,240
9410170,2023-10-23,68.66541666666667,67.3,69.8,240
9410170,2023-10-24,68.16958333333334,66.9,69.6,240
9410170,2023-10-25,68.04625,66.6,69.3,240
9410170,2023-10-26,67.58916666666667,65.7,68.9,240
9410170,2023-10-27,67.61791666666666,65.1,68.9,240
9410170,2023-10-28,67.39625,64.9,68.7,240
9410170,2023-10-29,67.09166666666667,64.4,68.4,240
9410170,2023-10-30,66.635,64.0,67.5,240
9410170,2023-10-31,66.28,64.6,67.3,240
9410170,2023-11-01,65.97291666666666,64.4,66.9,240
9410170,2023-11-02,65.81125,64.2,66.7,240
9410170,2023-11-03,65.86791666666667,65.5,66.2,240
9410170,2023-11-04,65.39416666666666,64.8,66.0,240
9410170,2023-11-05,65.27125,64.8,65.8,240
9410170,2023-11-06,65.12583333333333,64.6,66.2,240
9410170,2023-11-07,65.05541666666666,64.4,65.8,240
9410170,2023-11-08,65.27291666666666,64.8,65.8,240
9410170,2023-11-09,65.21791666666667,64.8,65.7,240
9410170,2023-11-10,65.08291666666666,64.6,65.5,240
9410170,2023-11-11,64.89583333333333,64.4,65.3,240
9410170,2023-11-12,64.67416666666666,63.9,65.1,240
9410170,2023-11-13,64.42291666666667,63.1,64.8,240
9410170,2023-11-14,64.27375,63.3,64.8,240
9410170,2023-11-15,64.10041666666667,63.0,64.6,240
9410170,2023-11-16,63.94083333333334,62.8,64.6,240
9410170,2023-11-17,64.07958333333333,63.3,64.8,240
9410170,2023-11-18,64.23791666666666,63.7,64.6,240
9410170,2023-11-19,64.58,64.0,64.8,240
9410170,2023-11-20,64.65791666666667,64.4,65.1,240
9410170,2023-11-21,64.68916666666667,64.2,65.5,240
9410170,2023-11-22,64.63125,64.4,64.9,240
9410170,2023-11-23,64.51416666666667,64.2,64.8,240
9410170,2023-11-24,64.375,64.0,64.6,240
9410170,2023-11-25,64.18708333333333,63.9,64.4,240
9410170,2023-11-26,63.9675,63.5,64.2,240
9410170,2023-11-27,63.744166666666665,63.3,63.9,240
9410170,2023-11-28,63.50875,63.0,63.7,240
9410170,2023-11-29,63.301673640167365,63.1,63.5,239
9410170,2023-11-30,63.22291666666667,63.0,63.5,240
9410170,2023-12-01,63.25125,63.0,63.5,240
9410170,2023-12-02,63.2,63.0,63.5,240
9410170,2023-12-03,63.0825,63.0,63.3,240
9410170,2023-12-04,63.020833333333336,63.0,63.1,240
9410170,2023-12-05,62.9775,62.8,63.5,240
9410170,2023-12-06,63.07291666666666,62.8,63.5,240
9410170,2023-12-07,63.10333333333333,63.0,63.3,240
9410170,2023-12-08,63.127500000000005,63.0,63.3,240
9410170,2023-12-09,63.0325,62.8,63.1,240
9410170,2023-12-10,62.765,62.6,63.0,240
9410170,2023-12-11,62.45333333333333,62.2,62.6,240
9410170,2023-12-12,62.36583333333333,62.2,62.6,240
9410170,2023-12-13,62.251250000000006,62.1,62.4,240
9410170,2023-12-14,62.169583333333335,62.1,62.4,240
9410170,2023-12-15,62.05,61.9,62.2,240
9410170,2023-12-16,61.950833333333335,61.7,62.2,240
9410170,2023-12-17,61.80083333333334,61.7,62.1,240
9410170,2023-12-18,61.7325,61.5,62.1,240
9410170,2023-12-19,61.825833333333335,61.7,62.2,240
9410170,2023-12-20,61.986666666666665,61.9,62.2,240
9410170,2023-12-21,62.1225,61.9,62.2,240
9410170,2023-12-22,62.16541666666667,62.1,62.4,240
9410170,2023-12-23,62.1675,61.9,62.4,240
9410170,2023-12-24,62.252500000000005,62.1,62.6,240
9410170,2023-12-25,62.251250000000006,62.1,62.4,240
9410170,2023-12-26,62.306666666666665,62.2,62.6,240
9410170,2023-12-27,62.33583333333333,62.2,62.6,240
9410170,2023-12-28,62.3375,62.2,62.6,240
9410170,2023-12-29,62.2875,62.2,62.4,240
9410170,2023-12-30,62.315000000000005,62.2,62.6,240
9410170,2023-12-31,62.2,62.2,62.2,240
9410170,2024-01-01,62.125416666666666,62.1,62.2,240
9410170,2024-01-02,62.11583333333333,61.9,62.6,240
9410170,2024-01-03,61.9225,61.7,62.1,240
9410170,2024-01-04,61.720000000000006,61.5,62.1,240
9410170,2024-01-05,61.61333333333334,61.5,61.9,240
9410170,2024-01-06,61.415,61.3,61.7,240
9410170,2024-01-07,61.0975,60.6,61.5,240
9410170,2024-01-08,60.462916666666665,60.3,60.8,240
9410170,2024-01-09,60.18666666666666,60.1,60.4,240
9410170,2024-01-10,59.855,59.5,60.1,240
9410170,2024-01-11,59.55291666666667,59.2,59.9,240
9410170,2024-01-12,59.21666666666667,59.0,59.4,240
9410170,2024-01-13,58.939166666666665,58.8,59.2,240
9410170,2024-01-14,58.78666666666666,58.6,59.0,240
9410170,2024-01-15,58.74666666666666,58.6,59.0,240
9410170,2024-01-16,58.829166666666666,58.6,59.2,240
9410170,2024-01-17,58.96317991631799,58.8,59.4,239
9410170,2024-01-18,59.23291666666667,58.8,59.9,240
9410170,2024-01-19,59.33041666666667,59.0,59.7,240
9410170,2024-01-20,59.345,59.2,59.5,240
9410170,2024-01-21,59.37916666666667,59.2,59.5,240
9410170,2024-01-22,59.38166666666667,59.2,59.5,240
9410170,2024-01-23,59.6125,59.2,60.1,240
9410170,2024-01-24,59.73333333333333,59.5,60.1,240
9410170,2024-01-25,59.97112970711297,59.7,60.4,239
9410170,2024-01-26,60.141666666666666,59.9,60.6,240
9410170,2024-01-27,60.30833333333333,59.9,60.8,240
9410170,2024-01-28,60.405,60.1,61.0,240
9410170,2024-01-29,60.47541666666667,60.1,61.0,240
9410170,2024-01-30,60.56458333333333,60.3,61.2,240
9410170,2024-01-31,60.6025,60.4,61.0,240
9410170,2024-02-01,60.54583333333333,60.4,60.8,240
9410170,2024-02-02,60.302083333333336,59.9,60.6,240
9410170,2024-02-03,60.41625,60.1,60.6,240
9410170,2024-02-04,60.41541666666667,60.1,60.6,240
9410170,2024-02-05,60.34708333333333,60.3,60.4,240
9410170,2024-02-06,60.145833333333336,59.9,60.3,240
9410170,2024-02-07,59.94666666666667,59.5,60.1,240
9410170,2024-02-08,59.70502092050209,59.5,59.9,239
9410170,2024-02-09,59.50916666666667,59.5,59.7,240
9410170,2024-02-10,59.54083333333333,59.2,60.1,240
9410170,2024-02-11,59.52333333333333,59.2,60.1,240
9410170,2024-02-12,59.5,59.2,59.9,240
9410170,2024-02-13,59.55875,59.2,60.3,240
9410170,2024-02-14,59.6305439330544,59.2,60.3,239
9410170,2024-02-15,59.78208333333334,59.4,60.4,240
9410170,2024-02-16,59.80875,59.5,60.4,240
9410170,2024-02-17,59.80166666666666,59.4,60.3,240
9410170,2024-02-18,59.658750000000005,59.4,60.3,240
9410170,2024-02-19,59.82541666666667,59.2,60.6,240
9410170,2024-02-20,59.940000000000005,59.4,60.3,240
9410170,2024-02-21,60.156666666666666,59.5,61.0,240
9410170,2024-02-22,60.53208333333334,60.1,61.3,240
9410170,2024-02-23,60.79416666666667,60.3,61.5,240
9410170,2024-02-24,61.00666666666667,60.4,61.5,240
9410170,2024-02-25,61.17083333333333,60.6,61.7,240
9410170,2024-02-26,61.14041666666667,60.8,61.5,240
9410170,2024-02-27,61.25541666666666,60.8,62.1,240
9410170,2024-02-28,61.581512605042015,61.0,62.8,238
9410170,2024-02-29,61.65416666666667,61.2,62.2,240
9410170,2024-03-01,62.017916666666665,61.2,62.8,240
9410170,2024-03-02,62.187916666666666,61.2,62.8,240
9410170,2024-03-03,62.33083333333333,61.9,62.8,240
9410170,2024-03-04,62.14708333333333,61.2,63.0,240
9410170,2024-03-05,61.935,61.2,62.8,240
9410170,2024-03-06,62.07708333333333,61.3,62.8,240
9410170,2024-03-07,62.27458333333333,61.7,63.0,240
9410170,2024-03-08,62.400416666666665,61.7,63.1,240
9410170,2024-03-09,62.56541666666667,61.3,63.5,240
9410170,2024-03-10,62.55347826086956,61.3,63.5,230
9410170,2024-03-11,62.525416666666665,61.2,63.5,240
9410170,2024-03-12,62.533750000000005,61.5,63.3,240
9410170,2024-03-13,62.68284518828453,61.3,63.7,239
9410170,2024-03-14,62.55291666666667,61.5,63.1,240
9410170,2024-03-15,62.57166666666667,62.1,63.3,240
9410170,2024-03-16,62.77791666666667,62.2,63.9,240
9410170,2024-03-17,63.01375,62.1,64.0,240
9410170,2024-03-18,62.844166666666666,62.1,63.5,240
9410170,2024-03-19,63.07154811715481,62.1,64.4,239
9410170,2024-03-20,63.48,62.4,64.6,240
9410170,2024-03-21,63.85916666666667,63.0,65.3,240
9410170,2024-03-22,64.04583333333333,63.1,65.3,240
9410170,2024-03-23,63.97208333333334,63.0,64.6,240
9410170,2024-03-24,63.54166666666666,62.4,64.0,240
9410170,2024-03-25,63.180416666666666,62.1,64.0,240
9410170,2024-03-26,62.906666666666666,61.5,63.9,240
9410170,2024-03-27,62.69416666666667,61.9,64.0,240
9410170,2024-03-28,62.76625,61.0,64.0,240
9410170,2024-03-29,62.55958333333333,61.2,63.9,240
9410170,2024-03-30,61.63375,60.6,62.2,240
9410170,2024-03-31,61.83208333333334,60.6,62.6,240
9410170,2024-04-01,61.94291666666666,60.4,63.5,240
9410170,2024-04-02,61.29666666666667,59.9,63.5,240
9410170,2024-04-03,61.64208333333333,60.3,63.3,240
9410170,2024-04-04,62.00125,60.4,63.5,240
9410170,2024-04-05,61.989583333333336,61.2,62.8,240
9410170,2024-04-06,61.76401673640167,60.4,63.0,239
9410170,2024-04-07,61.915,60.6,63.0,240
9410170,2024-04-08,61.96041666666667,60.4,63.0,240
9410170,2024-04-09,62.04958333333333,60.6,63.5,240
9410170,2024-04-10,62.23221757322176,60.8,63.5,239
9410170,2024-04-11,62.7,60.8,64.4,240
9410170,2024-04-12,62.69166666666667,61.2,63.5,240
9410170,2024-04-13,62.3575,61.3,63.0,240
9410170,2024-04-14,62.88416666666667,61.7,63.9,240
9410170,2024-04-15,63.15708333333334,61.9,64.2,240
9410170,2024-04-16,63.360416666666666,62.2,64.6,240
9410170,2024-04-17,63.47208333333333,61.9,64.6,240
9410170,2024-04-18,63.92025862068966,62.6,64.9,232
9410170,2024-04-19,64.29004329004329,63.1,65.7,231
9410170,2024-04-20,64.63166666666667,63.7,65.8,240
9410170,2024-04-21,64.75833333333334,63.5,66.0,240
9410170,2024-04-22,64.67125,63.5,65.5,240
9410170,2024-04-23,64.47625,63.0,65.5,240
9410170,2024-04-24,64.56066945606695,63.3,66.0,239
9410170,2024-04-25,64.31208333333333,62.2,65.5,240
9410170,2024-04-26,64.1775,62.6,65.3,240
9410170,2024-04-27,64.02416666666666,62.2,65.7,240
9410170,2024-04-28,63.62125,61.7,65.3,240
9410170,2024-04-29,63.34708333333333,61.3,65.3,240
9410170,2024-04-30,63.626666666666665,61.5,66.0,240
9410170,2024-05-01,64.36708333333334,62.8,66.6,240
9410170,2024-05-02,64.87166666666667,62.8,66.4,240
9410170,2024-05-03,65.075,63.7,66.6,240
9410170,2024-05-04,65.40208333333334,64.8,66.2,240
9410170,2024-05-05,65.70708333333333,64.9,66.2,240
9410170,2024-05-06,65.78458333333333,64.4,66.9,240
9410170,2024-05-07,65.83041666666666,63.9,66.9,240
9410170,2024-05-08,65.9625,63.9,66.9,240
9410170,2024-05-09,66.13608695652174,64.4,67.3,230
9410170,2024-05-10,66.36066945606694,64.8,67.1,239
9410170,2024-05-11,66.3475,65.5,66.9,240
9410170,2024-05-12,66.61583333333333,65.3,67.8,240
9410170,2024-05-13,66.06375,64.8,66.9,240
9410170,2024-05-14,65.6375,63.9,67.3,240
9410170,2024-05-15,65.49791666666667,63.7,66.7,240
9410170,2024-05-16,65.55899581589958,64.0,66.9,239
9410170,2024-05-17,65.30458333333334,63.1,66.2,240
9410170,2024-05-18,65.01333333333334,62.8,66.9,240
9410170,2024-05-19,65.08916666666667,63.1,66.6,240
9410170,2024-05-20,64.76,62.6,66.7,240
9410170,2024-05-21,64.85291666666667,63.3,66.7,240
9410170,2024-05-22,64.99625,63.3,67.1,240
9410170,2024-05-23,64.93291666666667,63.1,66.2,240
9410170,2024-05-24,65.2175,63.5,66.6,240
9410170,2024-05-25,65.41416666666666,63.7,66.4,240
9410170,2024-05-26,65.54375,63.9,66.9,240
9410170,2024-05-27,65.64166666666667,64.0,66.6,240
9410170,2024-05-28,65.7325,64.0,66.7,240
9410170,2024-05-29,65.51548117154812,63.5,66.9,239
9410170,2024-05-30,65.0725,63.1,67.1,240
9410170,2024-05-31,65.67666666666666,64.0,67.5,240
9410170,2024-06-01,65.88875,64.9,67.5,240
9410170,2024-06-02,65.97541666666667,64.4,66.9,240
9410170,2024-06-03,66.34458333333333,64.8,67.5,240
9410170,2024-06-04,66.6675,64.9,67.5,240
9410170,2024-06-05,66.91875,65.1,67.6,240
9410170,2024-06-06,67.00416666666666,65.3,68.2,240
9410170,2024-06-07,67.045,65.7,67.8,240
9410170,2024-06-08,67.12541666666667,66.0,68.0,240
9410170,2024-06-09,67.41041666666666,66.2,68.4,240
9410170,2024-06-10,67.75916666666667,66.4,68.9,240
9410170,2024-06-11,67.89541666666666,67.3,68.2,240
9410170,2024-06-12,68.32845188284519,67.5,69.1,239
9410170,2024-06-13,68.76416666666667,68.0,69.4,240
9410170,2024-06-14,69.21166666666666,68.5,70.2,240
9410170,2024-06-15,69.41291666666666,65.7,70.7,240
9410170,2024-06-16,68.55708333333334,65.5,69.8,240
9410170,2024-06-17,68.31416666666668,65.5,70.2,240
9410170,2024-06-18,68.2836820083682,65.8,70.0,239
9410170,2024-06-19,68.82791666666667,67.3,70.2,240
9410170,2024-06-20,69.28625000000001,68.4,70.7,240
9410170,2024-06-21,69.69958333333334,67.3,71.4,240
9410170,2024-06-22,69.69666666666667,66.2,72.0,240
9410170,2024-06-23,69.2925,66.0,72.3,240
9410170,2024-06-24,69.10833333333333,65.7,71.8,240
9410170,2024-06-25,69.50500000000001,66.0,72.1,240
9410170,2024-06-26,70.51583333333333,68.0,72.5,240
9410170,2024-06-27,70.85916666666667,69.4,72.5,240
9410170,2024-06-28,71.34166666666667,70.2,72.3,240
9410170,2024-06-29,71.89125,70.9,73.2,240
9410170,2024-06-30,72.51541666666667,71.6,73.4,240
9410170,2024-07-01,72.04708333333333,70.0,73.4,240
9410170,2024-07-02,71.69583333333334,69.6,73.9,240
9410170,2024-07-03,72.02605042016808,70.2,73.9,238
9410170,2024-07-04,72.03166666666667,68.7,74.1,240
9410170,2024-07-05,71.16499999999999,67.6,74.1,240
9410170,2024-07-06,70.72208333333333,68.0,72.5,240
9410170,2024-07-07,71.51583333333333,68.9,73.4,240
9410170,2024-07-08,72.14,70.2,74.1,240
9410170,2024-07-09,72.81548117154813,70.7,74.8,239
9410170,2024-07-10,72.45208333333333,71.1,74.1,240
9410170,2024-07-11,71.96458333333334,70.3,73.6,240
9410170,2024-07-12,71.50083333333333,69.6,73.4,240
9410170,2024-07-13,72.40502092050208,69.6,74.3,239
9410170,2024-07-14,73.19083333333333,68.4,74.8,240
9410170,2024-07-15,72.07208333333332,66.0,74.3,240
9410170,2024-07-16,70.55874999999999,67.5,72.7,240
9410170,2024-07-17,70.05291666666668,66.2,72.9,240
9410170,2024-07-18,70.1625,67.6,72.9,240
9410170,2024-07-19,70.57625,68.5,72.9,240
9410170,2024-07-20,70.83874999999999,66.9,73.4,240
9410170,2024-07-21,70.1775,66.9,72.3,240
9410170,2024-07-22,69.9125,66.9,72.3,240
9410170,2024-07-23,70.41833333333334,67.5,72.3,240
9410170,2024-07-24,71.29833333333333,68.5,72.9,240
9410170,2024-07-25,71.59666666666666,69.4,73.0,240
9410170,2024-07-26,71.40083333333334,69.1,73.2,240
9410170,2024-07-27,71.64750000000001,68.5,73.2,240
9410170,2024-07-28,71.20166666666667,66.7,73.2,240
9410170,2024-07-29,70.27208333333333,63.3,72.9,240
9410170,2024-07-30,68.84083333333334,63.7,72.1,240
9410170,2024-07-31,68.55,65.1,71.6,240
9410170,2024-08-01,68.47541666666666,65.5,71.2,240
9410170,2024-08-02,68.66000000000001,65.8,71.2,240
9410170,2024-08-03,68.76666666666667,65.8,71.2,240
9410170,2024-08-04,68.97291666666666,66.0,71.8,240
9410170,2024-08-05,68.83514644351463,66.0,71.2,239
9410170,2024-08-06,68.50833333333334,65.8,70.5,240
9410170,2024-08-07,69.11291666666666,67.1,70.9,240
9410170,2024-08-08,69.43458333333334,67.8,71.2,240
9410170,2024-08-09,70.96833333333333,69.1,72.5,240
9410170,2024-08-10,71.81625000000001,70.5,72.9,240
9410170,2024-08-11,71.77916666666667,70.3,73.0,240
9410170,2024-08-12,72.4875,69.8,74.8,240
9410170,2024-08-13,73.29458333333334,71.1,75.6,240
9410170,2024-08-14,73.83999999999999,71.2,75.4,240
9410170,2024-08-15,74.21333333333334,72.3,75.9,240
9410170,2024-08-16,73.89875,72.9,75.0,240
9410170,2024-08-17,74.29916666666666,73.4,75.2,240
9410170,2024-08-18,74.67875000000001,74.1,75.7,240
9410170,2024-08-19,75.07791666666667,74.3,76.1,240
9410170,2024-08-20,75.34875000000001,73.6,76.5,240
9410170,2024-08-21,75.37916666666666,73.9,76.3,240
9410170,2024-08-22,75.44208333333333,73.8,76.5,240
9410170,2024-08-23,75.72291666666666,74.5,76.5,240
9410170,2024-08-24,75.95,75.4,76.5,240
9410170,2024-08-25,76.25958333333332,75.7,76.8,240
9410170,2024-08-26,76.29125,75.2,77.0,240
9410170,2024-08-27,76.25958333333332,75.4,77.2,240
9410170,2024-08-28,75.57573221757322,73.0,77.0,239
9410170,2024-08-29,74.81708333333333,73.2,76.1,240
9410170,2024-08-30,73.97708333333334,72.1,75.2,240
9410170,2024-08-31,73.70541666666666,71.4,75.4,240
9410170,2024-09-01,73.11,70.9,74.7,240
9410170,2024-09-02,73.04958333333335,71.6,74.3,240
9410170,2024-09-03,73.41916666666665,71.8,74.8,240
9410170,2024-09-04,73.89916666666666,72.3,75.2,240
9410170,2024-09-05,74.03916666666667,72.5,75.2,240
9410170,2024-09-06,73.78458333333333,72.3,75.0,240
9410170,2024-09-07,73.65791666666668,71.6,75.4,240
9410170,2024-09-08,74.2,72.0,76.3,240
9410170,2024-09-09,74.43666666666667,70.9,76.8,240
9410170,2024-09-10,74.04708333333333,71.6,76.1,240
9410170,2024-09-11,73.58791666666666,70.5,75.9,240
9410170,2024-09-12,73.59708333333333,70.2,75.7,240
9410170,2024-09-13,73.33083333333335,70.2,74.8,240
9410170,2024-09-14,73.12083333333334,72.0,74.1,240
9410170,2024-09-15,72.7475,70.7,73.8,240
9410170,2024-09-16,72.35291666666667,70.0,73.2,240
9410170,2024-09-17,71.90083333333334,69.3,73.0,240
9410170,2024-09-18,71.25083333333333,68.9,72.3,240
9410170,2024-09-19,70.95833333333333,68.5,72.1,240
9410170,2024-09-20,70.85291666666667,68.4,71.6,240
9410170,2024-09-21,70.85,69.1,71.4,240
9410170,2024-09-22,71.00041666666667,69.1,71.6,240
9410170,2024-09-23,71.09041666666667,68.5,71.6,240
9410170,2024-09-24,70.93708333333333,69.3,71.6,240
9410170,2024-09-25,70.15564853556485,68.9,71.4,239
9410170,2024-09-26,69.29416666666665,67.6,70.7,240
9410170,2024-09-27,68.58791666666666,67.3,70.2,240
9410170,2024-09-28,68.84625,66.9,70.2,240
9410170,2024-09-29,68.81041666666667,66.9,70.2,240
9410170,2024-09-30,68.71291666666666,66.7,70.0,240
9410170,2024-10-01,68.65583333333333,66.7,70.0,240
9410170,2024-10-02,68.52041666666668,66.2,70.0,240
9410170,2024-10-03,68.1425,66.2,69.4,240
9410170,2024-10-04,68.19083333333334,66.4,69.3,240
9410170,2024-10-05,68.14458333333333,66.6,69.4,240
9410170,2024-10-06,68.27875,66.6,69.3,240
9410170,2024-10-07,68.41291666666667,66.2,69.3,240
9410170,2024-10-08,68.78291666666668,67.5,69.6,240
9410170,2024-10-09,69.04791666666667,68.0,69.6,240
9410170,2024-10-10,68.53291666666668,67.6,69.4,240
9410170,2024-10-11,68.07907949790795,66.9,69.3,239
9410170,2024-10-12,67.74541666666667,66.4,69.3,240
9410170,2024-10-13,67.01833333333333,65.3,68.9,240
9410170,2024-10-14,67.40666666666667,65.1,69.1,240
9410170,2024-10-15,67.10916666666667,64.4,68.9,240
9410170,2024-10-16,66.49539748953974,64.4,68.4,239
9410170,2024-10-17,66.15916666666666,62.6,67.8,240
9410170,2024-10-18,66.23125,62.6,67.6,240
9410170,2024-10-19,66.00916666666667,62.8,67.3,240
9410170,2024-10-20,66.02541666666667,63.7,67.1,240
9410170,2024-10-21,66.13000000000001,64.2,67.1,240
9410170,2024-10-22,66.49166666666666,64.9,67.1,240
9410170,2024-10-23,66.51541666666667,65.8,67.1,240
9410170,2024-10-24,66.6,65.8,67.5,240
9410170,2024-10-25,66.75958333333334,66.0,67.8,240
9410170,2024-10-26,66.82208333333334,65.8,67.6,240
9410170,2024-10-27,66.93,66.4,67.8,240
9410170,2024-10-28,67.13749999999999,66.7,67.5,240
9410170,2024-10-29,66.87125,66.4,67.3,240
9410170,2024-10-30,66.86541666666668,66.4,67.3,240
9410170,2024-10-31,66.7625,66.4,67.1,240
9410170,2024-11-01,66.56875,65.5,66.9,240
9410170,2024-11-02,66.30875,64.8,66.9,240
9410170,2024-11-03,66.25958333333332,64.8,66.7,240
9410170,2024-11-04,66.12416666666667,64.8,66.7,240
9410170,2024-11-05,65.86166666666666,64.2,66.4,240
9410170,2024-11-06,65.58208333333333,63.9,66.4,240
9410170,2024-11-07,65.26583333333333,64.4,66.2,240
9410170,2024-11-08,64.835,64.2,65.7,240
9410170,2024-11-09,64.22583333333334,63.7,64.8,240
9410170,2024-11-10,64.11208333333333,63.1,64.9,240
9410170,2024-11-11,64.05958333333334,62.6,64.6,240
9410170,2024-11-12,63.958333333333336,63.1,64.6,240
9410170,2024-11-13,63.89,63.3,64.4,240
9410170,2024-11-14,63.736250000000005,63.3,64.0,240
9410170,2024-11-15,63.360416666666666,62.4,63.7,240
9410170,2024-11-16,62.66041666666667,60.8,63.3,240
9410170,2024-11-17,62.50625,59.7,63.0,240
9410170,2024-11-18,62.142500000000005,61.2,62.6,240
9410170,2024-11-19,62.01625,61.7,62.2,240
9410170,2024-11-20,61.78208333333334,61.5,62.2,240
9410170,2024-11-21,61.7725,61.7,61.9,240
9410170,2024-11-22,61.689958158995815,61.5,62.1,239
9410170,2024-11-23,61.715833333333336,61.5,61.9,240
9410170,2024-11-24,61.79666666666667,61.5,62.1,240
9410170,2024-11-25,61.927083333333336,61.5,62.6,240
9410170,2024-11-26,61.88375,61.5,62.2,240
9410170,2024-11-27,61.836666666666666,61.5,62.2,240
9410170,2024-11-28,61.74333333333333,61.3,62.1,240
9410170,2024-11-29,61.53875,61.0,61.9,240
9410170,2024-11-30,61.21083333333333,59.9,61.7,240
9410170,2024-12-01,60.89416666666667,59.4,61.5,240
9410170,2024-12-02,60.895,59.7,61.3,240
9410170,2024-12-03,60.74458333333334,59.5,61.2,240
9410170,2024-12-04,60.67154811715481,59.5,61.2,239
9410170,2024-12-05,60.58,59.7,61.2,240
9410170,2024-12-06,60.7375,60.4,61.2,240
9410170,2024-12-07,60.60333333333333,59.9,61.0,240
9410170,2024-12-08,60.6775,60.4,61.0,240
9410170,2024-12-09,60.62625,60.3,61.2,240
9410170,2024-12-10,60.46208333333333,60.1,61.0,240
9410170,2024-12-11,60.126666666666665,59.5,60.4,240
9410170,2024-12-12,59.83541666666667,59.2,60.3,240
9410170,2024-12-13,59.65958333333333,58.5,60.1,240
9410170,2024-12-14,59.59333333333333,58.8,59.9,240
9410170,2024-12-15,59.462916666666665,58.5,59.9,240
9410170,2024-12-16,59.40125,59.2,59.5,240
9410170,2024-12-17,59.302083333333336,58.8,59.5,240
9410170,2024-12-18,59.18833333333334,58.6,59.5,240
9410170,2024-12-19,59.086666666666666,58.8,59.5,240
9410170,2024-12-20,59.17916666666667,59.0,59.5,240
9410170,2024-12-21,59.35791666666667,59.0,59.5,240
9410170,2024-12-22,59.31541666666667,59.2,59.5,240
9410170,2024-12-23,59.51958333333334,59.2,59.9,240
9410170,2024-12-24,59.455416666666665,59.4,59.5,240
9410170,2024-12-25,59.42875,59.2,59.7,240
9410170,2024-12-26,59.470416666666665,59.4,59.7,240
9410170,2024-12-27,59.395,59.2,59.5,240
9410170,2024-12-28,59.335,59.2,59.5,240
9410170,2024-12-29,59.345,59.0,59.5,240
9410170,2024-12-30,59.355,59.2,59.5,240
9410170,2024-12-31,59.19375,58.5,59.4,240
9410170,2025-01-01,58.9025,58.3,59.2,240
9410170,2025-01-02,58.82125,58.5,59.2,240
9410170,2025-01-03,58.7225,58.5,59.0,240
9410170,2025-01-04,58.642500000000005,58.3,59.0,240
9410170,2025-01-05,58.60375,58.5,59.0,240
9410170,2025-01-06,58.645833333333336,58.5,59.0,240
9410170,2025-01-07,58.6475,58.1,59.2,240
9410170,2025-01-08,58.60916666666666,58.3,58.8,240
9410170,2025-01-09,58.57208333333333,58.3,59.0,240
9410170,2025-01-10,58.435833333333335,58.1,58.6,240
9410170,2025-01-11,58.30958333333333,58.1,58.6,240
9410170,2025-01-12,58.1225,57.9,58.5,240
9410170,2025-01-13,57.855,57.6,58.1,240
9410170,2025-01-14,57.52708333333333,56.7,57.9,240
9410170,2025-01-15,57.2875,56.8,57.6,240
9410170,2025-01-16,57.1175,56.8,57.4,240
9410170,2025-01-17,57.06333333333334,56.8,57.4,240
9410170,2025-01-18,57.1375,56.8,57.6,240
9410170,2025-01-19,57.3225,57.0,57.6,240
9410170,2025-01-20,57.1925,56.8,57.6,240
9410170,2025-01-21,57.2475,57.0,57.6,240
9410170,2025-01-22,57.22833333333333,57.0,57.9,240
9410170,2025-01-23,57.20041666666667,56.5,57.9,240
9410170,2025-01-24,57.05916666666667,56.5,57.4,240
9410170,2025-01-25,56.92666666666666,56.5,57.2,240
9410170,2025-01-26,56.892500000000005,56.7,57.2,240
9410170,2025-01-27,56.91166666666666,56.3,57.2,240
9410170,2025-01-28,56.85041666666667,56.5,57.2,240
9410170,2025-01-29,56.94435146443515,56.7,57.2,239
9410170,2025-01-30,57.1625,57.0,57.4,240
9410170,2025-01-31,57.285,57.0,57.6,240
9410170,2025-02-01,57.40416666666667,57.2,57.7,240
9410170,2025-02-02,57.611250000000005,57.4,58.1,240
9410170,2025-02-03,57.910833333333336,57.6,58.3,240
9410170,2025-02-04,57.9925,57.7,58.3,240
9410170,2025-02-05,58.39541666666666,57.9,59.4,240
9410170,2025-02-06,58.5925,58.1,59.2,240
9410170,2025-02-07,58.75333333333333,58.5,59.0,240
9410170,2025-02-08,58.905,58.6,59.2,240
9410170,2025-02-09,59.07833333333333,58.8,59.4,240
9410170,2025-02-10,59.20958333333333,58.8,59.5,240
9410170,2025-02-11,59.189166666666665,59.0,59.4,240
9410170,2025-02-12,58.905,58.5,59.2,240
9410170,2025-02-13,58.77708333333333,58.5,59.0,240
9410170,2025-02-14,58.939166666666665,58.6,59.4,240
9410170,2025-02-15,59.024166666666666,58.5,59.5,240
9410170,2025-02-16,59.24083333333333,58.8,59.9,240
9410170,2025-02-17,59.62458333333333,59.0,60.3,240
9410170,2025-02-18,59.76375,59.4,60.3,240
9410170,2025-02-19,59.91799163179916,59.4,60.8,239
9410170,2025-02-20,60.254583333333336,59.7,61.2,240
9410170,2025-02-21,60.532916666666665,59.5,61.3,240
9410170,2025-02-22,60.74083333333333,60.1,61.5,240
9410170,2025-02-23,60.93333333333333,60.4,61.9,240
9410170,2025-02-24,61.26125,60.8,62.1,240
9410170,2025-02-25,61.391666666666666,60.4,62.4,240
9410170,2025-02-26,61.46458333333333,59.9,62.4,240
9410170,2025-02-27,61.49583333333333,59.7,62.8,240
9410170,2025-02-28,61.63333333333333,59.7,62.6,240
9410170,2025-03-01,61.611666666666665,60.3,62.4,240
9410170,2025-03-02,61.77166666666667,60.4,62.2,240
9410170,2025-03-03,61.54,60.4,61.9,240
9410170,2025-03-04,61.32875,59.9,62.2,240
9410170,2025-03-05,61.27583333333334,60.3,62.1,240
9410170,2025-03-06,61.30416666666667,61.0,61.7,240
9410170,2025-03-07,61.12166666666667,60.3,61.9,240
9410170,2025-03-08,60.94291666666666,59.9,61.9,240
9410170,2025-03-09,60.91217391304348,59.5,62.1,230
9410170,2025-03-10,60.89208333333333,59.9,61.9,240
9410170,2025-03-11,60.62125,59.4,61.3,240
9410170,2025-03-12,60.55041666666667,59.4,61.5,240
9410170,2025-03-13,60.58125,59.7,61.0,240
9410170,2025-03-14,60.215,59.4,60.4,240
9410170,2025-03-15,60.2325,59.4,61.0,240
9410170,2025-03-16,60.39375,59.7,61.2,240
9410170,2025-03-17,60.719166666666666,59.9,61.5,240
9410170,2025-03-18,60.89666666666667,60.4,61.5,240
9410170,2025-03-19,61.0326359832636,60.3,62.1,239
9410170,2025-03-20,60.76833333333333,59.7,62.4,240
9410170,2025-03-21,60.08291666666666,58.6,61.9,240
9410170,2025-03-22,60.0525,58.6,61.9,240
9410170,2025-03-23,60.80166666666666,59.9,62.6,240
9410170,2025-03-24,60.587916666666665,58.8,62.2,240
9410170,2025-03-25,60.618143459915615,59.0,62.6,237
9410170,2025-03-26,60.50294117647059,59.7,61.5,238
9410170,2025-03-27,60.59291666666666,59.2,61.9,240
9410170,2025-03-28,60.72583333333333,58.8,61.9,240
9410170,2025-03-29,60.645,58.3,62.1,240
9410170,2025-03-30,60.76958333333334,58.5,62.2,240
9410170,2025-03-31,60.82217573221757,58.8,61.9,239
9410170,2025-04-01,61.099583333333335,58.8,61.9,240
9410170,2025-04-02,60.91583333333333,59.2,61.7,240
9410170,2025-04-03,60.7425,59.2,62.1,240
9410170,2025-04-04,60.22583333333333,58.3,62.2,240
9410170,2025-04-05,60.23708333333333,57.9,62.2,240
9410170,2025-04-06,60.117916666666666,57.9,61.9,240
9410170,2025-04-07,60.236666666666665,58.3,62.2,240
9410170,2025-04-08,60.458333333333336,58.8,62.4,240
9410170,2025-04-09,61.04333333333333,59.4,62.4,240
9410170,2025-04-10,61.625416666666666,60.1,63.3,240
9410170,2025-04-11,61.88875,60.4,63.3,240
9410170,2025-04-12,62.13666666666666,60.4,63.5,240
9410170,2025-04-13,62.33166666666667,61.2,64.0,240
9410170,2025-04-14,62.732083333333335,61.7,64.0,240
9410170,2025-04-15,62.88166666666667,61.3,64.0,240
9410170,2025-04-16,63.07740585774059,61.5,64.4,239
9410170,2025-04-17,63.52625,61.9,64.9,240
9410170,2025-04-18,63.123333333333335,62.1,63.5,240
9410170,2025-04-19,63.09291666666666,61.9,64.2,240
9410170,2025-04-20,62.91875,61.2,64.2,240
9410170,2025-04-21,62.28541666666667,60.1,64.8,240
9410170,2025-04-22,62.02375,59.4,63.7,240
9410170,2025-04-23,62.14541666666666,59.9,64.2,240
9410170,2025-04-24,62.4275,60.4,64.4,240
9410170,2025-04-25,62.58875,59.9,64.2,240
9410170,2025-04-26,62.48375,60.1,63.9,240
9410170,2025-04-27,62.690000000000005,60.6,63.9,240
9410170,2025-04-28,62.79375,60.4,64.4,240
9410170,2025-04-29,63.29041666666667,61.3,65.1,240
9410170,2025-04-30,63.63723849372385,61.2,65.1,239
9410170,2025-05-01,64.00375,61.7,65.3,240
9410170,2025-05-02,63.969166666666666,62.4,64.8,240
9410170,2025-05-03,63.86,62.6,64.8,240
9410170,2025-05-04,63.72708333333333,62.8,64.2,240
9410170,2025-05-05,62.75,61.3,64.2,240
9410170,2025-05-06,62.937916666666666,61.9,64.0,240
9410170,2025-05-07,63.43666666666666,62.4,64.8,240
9410170,2025-05-08,64.13333333333334,63.5,65.3,240
9410170,2025-05-09,64.93166666666667,63.9,66.6,240
9410170,2025-05-10,65.22458333333333,63.7,67.3,240
9410170,2025-05-11,65.26166666666667,63.3,67.3,240
9410170,2025-05-12,65.52125,63.9,67.3,240
9410170,2025-05-13,65.83541666666666,64.4,67.1,240
9410170,2025-05-14,66.11999999999999,64.6,67.6,240
9410170,2025-05-15,66.31708333333333,64.6,68.0,240
9410170,2025-05-16,66.38541666666667,64.9,67.8,240
9410170,2025-05-17,66.29166666666667,64.9,66.7,240
9410170,2025-05-18,66.30166666666666,64.8,67.5,240
9410170,2025-05-19,66.61541666666666,65.3,68.0,240
9410170,2025-05-20,66.96875,65.7,68.7,240
9410170,2025-05-21,67.7,65.3,69.3,240
9410170,2025-05-22,67.72208333333333,66.0,69.8,240
9410170,2025-05-23,67.84791666666666,66.6,69.3,240
9410170,2025-05-24,68.34708333333333,66.9,69.6,240
9410170,2025-05-25,68.58874999999999,66.9,69.6,240
9410170,2025-05-26,68.97416666666666,67.1,70.3,240
9410170,2025-05-27,69.21374999999999,66.9,70.3,240
9410170,2025-05-28,68.84541666666668,66.4,69.8,240
9410170,2025-05-29,68.49,66.6,69.6,240
9410170,2025-05-30,68.61958333333334,66.7,69.8,240
9410170,2025-05-31,68.70625,67.3,70.2,240
9410170,2025-06-01,68.32916666666667,66.7,69.8,240
9410170,2025-06-02,68.55958333333334,66.6,70.3,240
9410170,2025-06-03,68.38291666666667,66.2,69.6,240
9410170,2025-06-04,67.98791666666666,65.5,68.9,240
9410170,2025-06-05,67.02083333333333,65.3,68.0,240
9410170,2025-06-06,65.79625,64.6,66.7,240
9410170,2025-06-07,65.44083333333333,64.6,66.2,240
9410170,2025-06-08,65.00541666666666,63.0,66.4,240
9410170,2025-06-09,65.11708333333334,62.8,67.1,240
9410170,2025-06-10,65.33125,63.1,67.6,240
9410170,2025-06-11,65.43916666666667,62.4,67.3,240
9410170,2025-06-12,65.39333333333333,62.6,66.9,240
9410170,2025-06-13,65.90124999999999,63.5,67.6,240
9410170,2025-06-14,66.62375,63.9,68.4,240
9410170,2025-06-15,67.27791666666667,65.5,69.1,240
9410170,2025-06-16,67.97625,66.2,69.3,240
9410170,2025-06-17,68.04769874476987,66.6,70.2,239
9410170,2025-06-18,67.7276150627615,66.0,69.1,239
9410170,2025-06-19,68.83458333333333,66.9,70.9,240
9410170,2025-06-20,69.345,67.6,70.9,240
9410170,2025-06-21,69.32666666666667,68.4,70.0,240
9410170,2025-06-22,69.88291666666667,68.9,71.2,240
9410170,2025-06-23,70.12625,68.0,71.4,240
9410170,2025-06-24,70.32541666666665,68.5,71.8,240
9410170,2025-06-25,70.67866108786612,68.5,72.1,239
9410170,2025-06-26,70.65708333333333,68.7,72.5,240
9410170,2025-06-27,70.67291666666667,68.7,72.1,240
9410170,2025-06-28,71.04083333333332,68.4,72.5,240
9410170,2025-06-29,71.24708333333334,68.7,72.1,240
9410170,2025-06-30,71.08999999999999,69.3,72.3,240
9410170,2025-07-01,70.11583333333333,68.0,72.0,240
9410170,2025-07-02,69.51708333333333,63.9,71.8,240
9410170,2025-07-03,68.2875,64.4,71.2,240
9410170,2025-07-04,69.61541666666668,64.8,72.7,240
9410170,2025-07-05,69.72416666666666,64.6,72.5,240
9410170,2025-07-06,68.96569037656903,64.0,71.6,239
9410170,2025-07-07,68.36458333333333,64.8,71.1,240
9410170,2025-07-08,68.38208333333334,65.5,70.2,240
9410170,2025-07-09,68.24937238493725,64.8,71.1,239
9410170,2025-07-10,68.165,64.8,70.9,240
9410170,2025-07-11,67.81541666666666,65.1,70.2,240
9410170,2025-07-12,68.28458333333333,65.7,70.2,240
9410170,2025-07-13,69.15416666666667,66.2,71.1,240
9410170,2025-07-14,69.7025,67.6,70.9,240
9410170,2025-07-15,69.80625,68.0,70.9,240
9410170,2025-07-16,70.36333333333333,69.1,71.4,240
9410170,2025-07-17,70.87541666666667,70.2,71.6,240
9410170,2025-07-18,71.15958333333333,70.7,71.8,240
9410170,2025-07-19,71.29666666666667,70.3,71.8,240
9410170,2025-07-20,71.59583333333333,70.5,72.5,240
9410170,2025-07-21,71.71374999999999,70.0,72.7,240
9410170,2025-07-22,71.80208333333333,70.0,72.9,240
9410170,2025-07-23,71.95210084033613,69.1,73.2,238
9410170,2025-07-24,71.81041666666667,68.4,73.4,240
9410170,2025-07-25,71.63458333333332,68.4,73.2,240
9410170,2025-07-26,71.25208333333333,68.2,73.0,240
9410170,2025-07-27,70.69083333333333,68.2,72.5,240
9410170,2025-07-28,70.71916666666667,68.4,72.5,240
9410170,2025-07-29,70.01916666666666,67.8,72.0,240
9410170,2025-07-30,69.13833333333334,66.6,71.6,240
9410170,2025-07-31,69.26083333333332,64.8,71.1,240
9410170,2025-08-01,69.12208333333334,64.9,71.6,240
9410170,2025-08-02,69.31958333333334,65.8,71.1,240
9410170,2025-08-03,69.29916666666666,64.4,71.4,240
9410170,2025-08-04,68.94291666666666,66.2,72.3,240
9410170,2025-08-05,69.37083333333334,66.7,72.1,240
9410170,2025-08-06,70.0765690376569,68.7,72.1,239
9410170,2025-08-07,70.48666666666666,69.3,72.3,240
9410170,2025-08-08,70.74833333333332,68.5,72.1,240
9410170,2025-08-09,70.91458333333334,68.7,72.5,240
9410170,2025-08-10,71.07,68.9,72.7,240
9410170,2025-08-11,71.09166666666667,69.1,72.3,240
9410170,2025-08-12,71.00625,69.1,72.0,240
9410170,2025-08-13,70.86375,69.4,71.6,240
9410170,2025-08-14,71.14208333333335,70.3,71.6,240
9410170,2025-08-15,71.34333333333333,71.1,71.6,240
9410170,2025-08-16,71.70460251046026,71.4,72.0,239
9410170,2025-08-17,72.20416666666667,71.6,73.0,240
9410170,2025-08-18,72.39458333333333,71.4,73.9,240
9410170,2025-08-19,72.92541666666668,72.0,74.3,240
9410170,2025-08-20,73.17291666666667,71.8,74.8,240
9410170,2025-08-21,73.22250000000001,71.4,74.3,240
9410170,2025-08-22,73.47833333333332,72.3,74.8,240
9410170,2025-08-23,74.05416666666666,72.7,75.2,240
9410170,2025-08-24,74.66416666666667,73.4,75.6,240
9410170,2025-08-25,74.99125000000001,74.3,75.6,240
9410170,2025-08-26,75.28875,74.8,75.9,240
9410170,2025-08-27,75.3887029288703,74.7,76.3,239
9410170,2025-08-28,74.99833333333332,73.8,75.6,240
9410170,2025-08-29,74.84083333333334,73.2,76.3,240
9410170,2025-08-30,74.3,71.8,76.1,240
9410170,2025-08-31,74.15458333333332,70.9,76.1,240
9410170,2025-09-01,72.85208333333334,69.1,75.9,240
9410170,2025-09-02,72.905,68.5,76.3,240
9410170,2025-09-03,71.39291666666666,67.5,75.4,240
9410170,2025-09-04,71.83500000000001,69.3,74.7,240
9410170,2025-09-05,71.75833333333334,69.8,73.9,240
9410170,2025-09-06,71.69875,68.5,74.3,240
9410170,2025-09-07,71.77208333333333,68.7,73.8,240
9410170,2025-09-08,71.88791666666665,68.7,73.8,240
9410170,2025-09-09,71.95152838427948,69.3,73.6,229
9410170,2025-09-10,72.27532467532467,69.3,73.6,231
9410170,2025-09-11,72.26291666666665,69.8,73.4,240
9410170,2025-09-12,72.06302521008404,69.4,73.2,238
9410170,2025-09-13,72.14583333333333,69.8,73.0,240
9410170,2025-09-14,71.82083333333334,70.3,72.7,240
9410170,2025-09-15,71.28708333333334,68.9,72.9,240
9410170,2025-09-16,71.4275,69.4,73.6,240
9410170,2025-09-17,71.13333333333334,69.1,72.9,240
9410170,2025-09-18,71.01166666666667,69.8,72.7,240
9410170,2025-09-19,71.37124999999999,69.3,73.0,240
9410170,2025-09-20,71.33,68.7,73.0,240
9410170,2025-09-21,70.64958333333334,68.4,72.3,240
9410170,2025-09-22,70.48808510638298,68.4,72.0,235
9410170,2025-09-23,70.27958333333332,68.0,71.8,240
9410170,2025-09-24,70.61208333333335,68.4,72.1,240
9410170,2025-09-25,70.45333333333333,68.2,72.0,240
9410170,2025-09-26,69.84541666666668,68.2,71.2,240
9410170,2025-09-27,69.74125000000001,68.5,70.9,240
9410170,2025-09-28,70.34208333333332,68.7,71.6,240
9410170,2025-09-29,70.06583333333333,68.4,71.4,240
9410170,2025-09-30,69.92125,68.5,71.6,240
9410170,2025-10-01,69.85708333333334,68.2,71.2,240
9410170,2025-10-02,69.80749999999999,68.7,70.9,240
9410170,2025-10-03,69.84621848739496,68.9,70.7,238
9410170,2025-10-04,69.6975,68.0,70.9,240
9410170,2025-10-05,69.53083333333333,67.1,70.9,240
9410170,2025-10-06,69.26291666666665,66.7,70.5,240
9410170,2025-10-07,69.14916666666666,66.2,70.2,240
9410170,2025-10-08,69.04083333333332,66.6,70.2,240
9410170,2025-10-09,68.78416666666666,66.0,70.0,240
9410170,2025-10-10,68.49375,66.2,69.8,240
9410170,2025-10-11,68.14541666666666,65.7,69.6,240
9410170,2025-10-12,68.13791666666667,65.7,69.4,240
9410170,2025-10-13,67.86083333333333,67.3,68.7,240
9410170,2025-10-14,67.32875,66.7,68.0,240
9410170,2025-10-15,67.49083333333333,66.7,68.4,240
9410170,2025-10-16,67.56916666666667,67.3,68.0,240
9410170,2025-10-17,67.58691983122363,66.9,68.2,237
9410170,2025-10-18,67.53846153846153,66.4,68.4,234
9410170,2025-10-19,67.64152542372881,66.7,68.4,236
9410170,2025-10-20,67.69874476987448,66.9,68.4,239
9410170,2025-10-21,67.6425,66.6,68.2,240
9410170,2025-10-22,67.7347280334728,66.7,68.4,239
9410170,2025-10-23,67.66916666666667,66.4,68.4,240
9410170,2025-10-24,67.64333333333333,66.2,68.4,240
9410170,2025-10-25,67.75875,66.4,68.2,240
9410170,2025-10-26,67.69623430962343,66.4,68.2,239
9410170,2025-10-27,67.95541666666666,66.6,68.7,240
9410170,2025-10-28,67.63766233766233,66.4,68.5,231
9410170,2025-10-29,66.81814159292036,65.8,67.8,226
9410170,2025-10-30,66.3340425531915,65.5,67.6,235
9410170,2025-10-31,66.62875,65.8,68.2,240
9410170,2025-11-01,66.71350210970465,65.8,67.6,237
9410170,2025-11-02,66.90458333333333,66.2,67.8,240
9410170,2025-11-03,67.1225,66.7,67.8,240
9410170,2025-11-04,67.32468619246862,66.6,67.8,239
9410170,2025-11-05,67.22203389830509,65.1,67.6,236
9410170,2025-11-06,66.86791666666666,64.6,67.5,240
9410170,2025-11-07,66.47833333333332,64.0,67.5,240
9410170,2025-11-08,66.19327731092437,64.6,67.3,238
9410170,2025-11-09,66.21208333333333,64.2,66.9,240
9410170,2025-11-10,66.31864406779661,64.8,66.9,236
9410170,2025-11-11,66.50791666666666,65.5,67.1,240
9410170,2025-11-12,66.3125,65.3,67.1,240
9410170,2025-11-13,66.17112970711297,64.8,67.1,239
9410170,2025-11-14,65.89246861924686,64.9,66.6,239
9410170,2025-11-15,65.6213389121339,64.9,66.0,239
9410170,2025-11-16,65.44,64.4,66.0,240
9410170,2025-11-17,65.47041666666667,64.2,65.8,240
9410170,2025-11-18,65.40900900900901,64.8,65.7,222
9410170,2025-11-19,64.96666666666667,63.9,65.5,234
9410170,2025-11-20,64.87672413793103,64.4,65.1,232
9410170,2025-11-21,64.71666666666667,64.2,65.1,240
9410170,2025-11-22,64.39375,63.9,64.8,240
9410170,2025-11-23,64.32541666666667,63.7,64.6,240
9410170,2025-11-24,64.31308016877638,64.0,64.6,237
9410170,2025-11-25,64.32166666666667,64.0,64.6,240
9410170,2025-11-26,64.20753138075314,64.0,64.4,239
9410170,2025-11-27,64.21176470588236,64.0,64.6,238
9410170,2025-11-28,64.22916666666667,64.0,64.8,240
9410170,2025-11-29,64.25083333333333,64.0,64.8,240
9410170,2025-11-30,64.24435146443516,64.0,64.6,239
9410170,2025-12-01,64.20833333333333,64.0,64.4,240
9410170,2025-12-02,64.13559322033899,63.9,64.4,236
9410170,2025-12-03,64.06764705882352,63.9,64.4,238
9410170,2025-12-04,63.815000000000005,63.5,64.0,240
9410170,2025-12-05,63.495,63.0,63.7,240
9410170,2025-12-06,63.27333333333333,63.0,63.5,240
9410170,2025-12-07,63.18361344537816,63.0,63.5,238
9410170,2025-12-08,63.187916666666666,63.0,63.5,240
9410170,2025-12-09,63.15439330543933,63.0,63.3,239
9410170,2025-12-10,63.13933054393305,63.0,63.3,239
9410170,2025-12-11,63.17881355932204,63.1,63.5,236
9410170,2025-12-12,63.33416666666667,63.1,63.9,240
9410170,2025-12-13,63.292920353982296,63.1,63.7,226
9410170,2025-12-14,63.25299145299146,63.1,63.5,234
9410170,2025-12-15,63.25333333333333,63.1,63.5,240
9410170,2025-12-16,63.26083333333334,63.1,63.5,240
9410170,2025-12-17,63.295,63.1,63.7,240
9410170,2025-12-18,63.28075313807531,63.1,63.7,239
9410170,2025-12-19,63.33916666666666,63.1,63.7,240
9410170,2025-12-20,63.30916666666666,63.1,63.5,240
9410170,2025-12-21,63.34583333333333,63.1,63.7,240
9410170,2025-12-22,63.35916666666666,63.3,63.5,240
9410170,2025-12-23,63.29416666666666,63.1,63.3,240
9410170,2025-12-24,63.26694915254237,63.1,63.3,236
9410170,2025-12-25,63.24579831932773,63.0,63.7,238
9410170,2025-12-26,63.18912133891214,63.0,63.5,239
9410170,2025-12-27,63.2142259414226,63.0,63.5,239
9410170,2025-12-28,63.06652719665272,62.8,63.3,239
9410170,2025-12-29,62.952789699570815,62.6,63.3,233
9410170,2025-12-30,62.81680672268907,62.6,63.0,238
9410170,2025-12-31,62.76317991631799,62.6,62.8,239
9410170,2026-01-01,62.66333333333333,62.6,62.8,240
9410170,2026-01-02,62.8198312236287,62.6,63.1,237
9410170,2026-01-03,63.04666666666666,62.6,63.3,240
9410170,2026-01-04,63.193333333333335,62.6,63.5,240
9410170,2026-01-05,63.38410041841004,63.0,63.9,239
9410170,2026-01-06,63.30166666666666,63.1,63.5,240
9410170,2026-01-07,63.2493670886076,63.0,63.7,237
9410170,2026-01-08,63.12050209205021,63.0,63.3,239
9410170,2026-01-09,62.9275,62.6,63.3,240
9410170,2026-01-10,62.62833333333333,62.4,63.0,240
9410170,2026-01-11,62.40375,62.1,62.6,240
9410170,2026-01-12,62.255042016806726,62.1,62.6,238
9410170,2026-01-13,62.06541666666667,61.9,62.6,240
9410170,2026-01-14,61.93541666666667,61.7,62.4,240
9410170,2026-01-15,61.94556962025317,61.7,62.4,237
9410170,2026-01-16,62.017500000000005,61.5,62.8,240
9410170,2026-01-17,61.92083333333333,61.5,62.4,240
9410170,2026-01-18,61.79833333333333,61.2,62.2,240
9410170,2026-01-19,61.71791666666666,61.2,62.4,240
9410170,2026-01-20,61.724583333333335,61.2,62.1,240
9410170,2026-01-21,61.68151260504202,61.3,61.9,238
9410170,2026-01-22,61.66033755274262,61.3,61.9,237
9410170,2026-01-23,61.80169491525424,61.5,62.1,236
9410170,2026-01-24,61.81596638655463,61.7,62.1,238
9410170,2026-01-25,61.866666666666674,61.5,62.4,234
9410170,2026-01-26,61.85485232067511,61.5,62.4,237
9410170,2026-01-27,61.71012658227848,61.3,62.1,237
9410170,2026-01-28,61.55,61.3,61.7,236
9410170,2026-01-29,61.52625,61.2,61.9,240
9410170,2026-01-30,61.59791666666667,61.2,62.1,240
9410170,2026-01-31,61.66666666666666,61.2,62.2,240
9410170,2026-02-01,61.794067796610165,61.2,62.2,236
9410170,2026-02-02,61.97264957264957,61.3,62.4,234
9410170,2026-02-03,62.15083333333334,61.7,62.6,240
9410170,2026-02-04,62.26801801801802,61.9,62.6,222
9410170,2026-02-05,62.4525,62.2,63.0,240
9410170,2026-02-06,62.77203389830509,62.4,63.1,236
9410170,2026-02-07,62.98916666666666,62.6,63.5,240
9410170,2026-02-08,63.29493670886076,62.8,64.2,237
9410170,2026-02-09,63.1764705882353,62.8,63.7,238
9410170,2026-02-10,63.33598326359832,63.0,63.7,239
9410170,2026-02-11,63.33109243697479,63.1,63.5,238
9410170,2026-02-12,63.3075,63.1,63.7,240
9410170,2026-02-13,63.49748953974896,63.1,63.9,239
9410170,2026-02-14,63.60978723404255,63.1,63.9,235
9410170,2026-02-15,63.65230125523012,63.3,63.9,239
9410170,2026-02-16,63.209583333333335,63.0,63.7,240
9410170,2026-02-17,63.031666666666666,62.4,63.7,240
9410170,2026-02-18,62.70042194092827,62.2,63.1,237
9410170,2026-02-19,62.23628691983122,61.9,62.4,237
9410170,2026-02-20,62.07698744769874,61.5,62.4,239
9410170,2026-02-21,61.95375,61.5,62.4,240
9410170,2026-02-22,62.04468085106383,61.7,62.6,235
9410170,2026-02-23,62.10462184873949,61.7,63.0,238
9410170,2026-02-24,62.11625,61.7,63.1,240
9410170,2026-02-25,62.125416666666666,61.3,63.3,240
9410170,2026-02-26,62.06875,60.8,63.7,240
9410170,2026-02-27,62.13713080168776,60.6,64.0,237
9410170,2026-02-28,62.46,60.8,64.0,240
9410170,2026-03-01,62.71548117154812,61.0,64.4,239
9410170,2026-03-02,62.92791666666667,61.2,64.2,240
9410170,2026-03-03,63.18474576271186,61.7,64.4,236
9410170,2026-03-04,63.44811715481172,62.1,64.4,239
9410170,2026-03-05,63.67875,62.8,64.4,240
9410170,2026-03-06,63.61333333333334,62.8,64.4,240
9410170,2026-03-07,63.470416666666665,62.6,64.4,240
9410170,2026-03-08,63.367699115044246,62.6,64.2,226
9410170,2026-03-09,63.51958333333334,63.0,64.2,240
9410170,2026-03-10,63.70583333333333,63.0,64.6,240
9410170,2026-03-11,63.90291666666666,63.0,65.1,240
9410170,2026-03-12,63.7068085106383,62.8,65.1,235
9410170,2026-03-13,63.856086956521736,62.4,64.9,230
9410170,2026-03-14,64.46083333333334,63.1,65.7,240
9410170,2026-03-15,65.00381355932203,63.9,66.6,236
9410170,2026-03-16,65.40083333333332,64.4,66.6,240
9410170,2026-03-17,65.76851063829787,64.6,67.1,235
9410170,2026-03-18,66.31949152542373,64.9,67.6,236
9410170,2026-03-19,66.90962343096234,65.5,68.0,239
9410170,2026-03-20,67.60042735042735,66.4,69.1,234
9410170,2026-03-21,68.0275,66.7,69.3,240
9410170,2026-03-22,68.32124999999999,66.7,69.6,240
9410170,2026-03-23,68.51841004184101,67.1,69.8,239
9410170,2026-03-24,68.69,67.6,70.0,240
9410170,2026-03-25,69.12016806722689,67.5,70.7,238
9410170,2026-03-26,69.00508474576272,67.6,70.7,236
9410170,2026-03-27,68.87833333333333,67.1,70.7,240
9410170,2026-03-28,68.72916666666667,67.1,70.3,240
9410170,2026-03-29,68.59833333333333,67.1,70.3,240
9410170,2026-03-30,68.59375,66.6,70.2,240
9410170,2026-03-31,68.19786324786324,66.2,69.4,234
9410170,2026-04-01,68.17038626609443,66.6,69.8,233
9410170,2026-04-02,68.23541666666667,66.4,69.1,240
9410170,2026-04-03,68.25041666666667,66.7,69.3,240
9410170,2026-04-04,68.13966244725738,66.7,69.8,237
9410170,2026-04-05,68.17791666666668,66.6,69.8,240
9410170,2026-04-06,68.30506329113925,66.6,70.0,237
9410170,2026-04-07,68.06694560669456,66.4,69.6,239
9410170,2026-04-08,67.32635983263599,65.5,69.8,239
9410170,2026-04-09,67.18686440677966,65.1,69.3,236
9410170,2026-04-10,67.6525,65.7,70.3,240
9410170,2026-04-11,68.23347280334728,66.0,69.6,239
9410170,2026-04-12,67.9,65.7,69.1,240
9410170,2026-04-13,67.60991379310344,66.0,68.5,232
9410170,2026-04-14,67.3397489539749,66.2,68.5,239
9410170,2026-04-15,67.48,66.0,68.7,240
9410170,2026-04-16,67.4367088607595,64.9,68.7,237
9410170,2026-04-17,67.39375,65.1,68.7,240
9410170,2026-04-18,67.41288343558281,64.9,69.3,163
9410170,2026-04-19,67.7125,65.3,69.4,240
9410170,2026-04-20,68.085,65.7,69.6,240
9410170,2026-04-21,68.26291666666667,66.0,69.6,240
9410170,2026-04-22,68.45583333333335,66.9,69.4,240
9410170,2026-04-23,68.35708333333334,67.3,69.8,240
9410170,2026-04-24,67.87416666666667,65.7,69.3,240
9410170,2026-04-25,67.83625,66.0,68.9,240
9410170,2026-04-26,67.59291666666667,66.7,68.5,240
9410170,2026-04-27,66.99041666666668,65.1,68.0,240
9410170,2026-04-28,66.82458333333334,65.3,68.4,240
9410170,2026-04-29,66.85666666666667,65.1,68.2,240
9410170,2026-04-30,66.47916666666667,64.9,67.6,240
9410170,2026-05-01,66.38791666666667,64.8,68.0,240
9410170,2026-05-02,66.50916666666667,64.0,67.8,240
9410170,2026-05-03,66.33291666666666,64.0,67.6,240
9410170,2026-05-04,66.34041666666667,64.4,67.6,240
9410170,2026-05-05,66.29958333333333,64.6,67.5,240
9410170,2026-05-06,66.2025,64.6,67.6,240
9410170,2026-05-07,65.8575,64.4,67.3,240
9410170,2026-05-08,65.95958333333333,64.0,68.0,240
9410170,2026-05-09,66.74208333333334,64.0,68.7,240
9410170,2026-05-10,66.96987447698744,63.1,69.6,239
9410170,2026-05-11,67.31833333333333,63.1,69.6,240
9410170,2026-05-12,66.61999999999999,64.0,68.5,240
9410170,2026-05-13,66.25958333333332,64.8,68.0,240
9410170,2026-05-14,66.5225,64.4,68.4,240
9410170,2026-05-15,66.93,64.8,68.5,240
9410170,2026-05-16,67.385,64.9,68.7,240
9410170,2026-05-17,67.53416666666666,65.3,68.5,240
9410170,2026-05-18,67.9525,66.2,69.3,240
9410170,2026-05-19,68.2325,66.2,69.4,240
9410170,2026-05-20,68.87958333333333,67.3,70.3,240
9410170,2026-05-21,69.18791666666667,67.6,70.5,240
9410170,2026-05-22,69.56,68.4,70.9,240
9410170,2026-05-23,69.86666666666666,68.9,70.9,240
9410170,2026-05-24,69.90333333333334,69.4,70.3,240
9410170,2026-05-25,69.49291666666666,68.9,70.2,240
9410170,2026-05-26,69.12583333333333,67.6,70.2,240
9410170,2026-05-27,68.65416666666667,67.6,69.6,240
9410170,2026-05-28,68.1175,66.7,69.4,240
9410170,2026-05-29,67.99708333333334,66.6,69.4,240
9410170,2026-05-30,67.73916666666666,65.3,69.8,240
9410170,2026-05-31,67.49416666666667,64.6,70.3,240
9410170,2026-06-01,67.76083333333334,65.3,70.0,240
9410170,2026-06-02,68.09375,65.7,70.2,240
9410170,2026-06-03,68.28458333333333,66.4,69.8,240
9410170,2026-06-04,68.06541666666666,66.2,69.4,240
9410170,2026-06-05,68.04708333333333,66.4,69.1,240
9410170,2026-06-06,68.78208333333333,67.1,70.0,240
9410170,2026-06-07,69.5475,67.8,70.7,240
9410170,2026-06-08,70.09708333333333,68.9,71.1,240
9410170,2026-06-09,70.5775,69.4,71.8,240
9410170,2026-06-10,71.04583333333333,70.0,72.5,240
9410170,2026-06-11,71.69458333333334,70.7,73.2,240
9410170,2026-06-12,72.13374999999999,71.1,73.4,240
9410170,2026-06-13,72.26125,69.3,73.9,240
9410170,2026-06-14,71.7075,67.3,73.9,240
9410170,2026-06-15,70.845,65.7,73.4,240
9410170,2026-06-16,70.11458333333333,65.3,73.2,240
9410170,2026-06-17,69.72666666666667,65.7,72.5,240
9410170,2026-06-18,69.00458333333333,65.5,71.4,240
9410170,2026-06-19,68.95625,65.7,70.7,240
9410170,2026-06-20,68.54833333333333,66.2,70.3,240
9410170,2026-06-21,68.62958333333333,66.0,70.9,240
9410170,2026-06-22,68.66499999999999,64.4,70.9,240
9410170,2026-06-23,68.41875,63.7,70.5,240
9410170,2026-06-24,68.44208333333333,65.3,70.9,240
9410170,2026-06-25,68.0625,65.1,70.5,240
9410170,2026-06-26,68.39333333333335,66.2,70.3,240
9410170,2026-06-27,68.11458333333333,66.0,70.0,240
9410170,2026-06-28,68.83166666666666,66.6,70.5,240
9410170,2026-06-29,69.04833333333333,67.5,70.9,240
9410170,2026-06-30,69.555,67.5,71.2,240
9410170,2026-07-01,69.83458333333333,67.6,71.1,240
9410170,2026-07-02,70.35,68.5,71.8,240
9410170,2026-07-03,70.935,69.6,72.0,240
9410170,2026-07-04,71.13416666666667,69.8,72.3,240
9410170,2026-07-05,71.40124999999999,69.6,72.5,240
9410170,2026-07-06,71.24916666666667,68.7,72.5,240
9410170,2026-07-07,71.60666666666665,68.5,73.4,240
9410170,2026-07-08,71.37833333333333,66.4,72.9,240
9410170,2026-07-09,70.14458333333333,67.1,72.0,240
9410170,2026-07-10,69.65333333333334,67.1,71.8,240
9410170,2026-07-11,70.20333333333333,68.2,72.1,240
9410170,2026-07-12,70.5775,68.5,72.1,240
9410170,2026-07-13,71.09125,69.3,73.2,240
9410170,2026-07-14,71.62875000000001,69.8,73.4,240
9410170,2026-07-15,72.055,70.2,73.6,240
9410170,2026-07-16,72.48375,70.2,73.8,240
9410170,2026-07-17,72.92041666666667,70.7,73.9,240
9410170,2026-07-18,73.71458333333334,72.7,74.8,240
9410170,2026-07-19,74.36875,73.6,75.0,240
9410170,2026-07-20,75.00166666666668,74.3,75.7,240
9410170,2026-07-21,75.50291666666666,74.8,76.6,240
9410170,2026-07-22,75.87625,75.4,76.5,240
9410170,2026-07-23,76.20291666666667,75.2,77.2,240
9410170,2026-07-24,75.82583333333334,73.8,77.5,240
9410170,2026-07-25,75.5375,73.4,77.2,240
9410170,2026-07-26,75.19041666666666,73.4,77.0,240
9410170,2026-07-27,75.82958333333333,73.9,77.7,240
9410170,2026-07-28,75.96791666666667,74.1,77.9,240
9410170,2026-07-29,76.4575,75.2,78.1,240
9410170,2026-07-30,76.90916666666666,75.6,78.3,240
9410170,2026-07-31,77.17,75.9,78.4,240
9410170,2026-08-01,77.48541666666667,76.5,78.6,240
9410170,2026-08-02,77.61583333333333,76.1,78.6,240
9410170,2026-08-03,77.7425,77.0,78.6,240
9410170,2026-08-04,76.86041666666667,75.6,77.5,240
9410170,2026-08-05,76.60583333333334,74.7,77.4,240
9410170,2026-08-06,75.94916666666667,73.4,77.5,240
9410170,2026-08-07,75.63041666666666,70.9,77.4,240
9410170,2026-08-08,74.30416666666666,69.6,76.8,240
9410170,2026-08-09,73.90208333333334,70.9,76.8,240
9410170,2026-08-10,74.09583333333333,71.4,76.5,240
9410170,2026-08-11,74.43333333333334,70.5,77.0,240
9410170,2026-08-12,74.43916666666668,70.5,76.1,240
9410170,2026-08-13,74.20375,70.7,75.9,240
9410170,2026-08-14,74.21374999999999,72.0,75.7,240
9410170,2026-08-15,74.73291666666667,72.9,75.7,240
9410170,2026-08-16,74.98208333333334,73.6,75.9,240
9410170,2026-08-17,74.75333333333333,73.2,75.7,240
9410170,2026-08-18,74.75083333333333,72.3,75.9,240
9410170,2026-08-19,73.27208333333333,68.5,75.9,240
9410170,2026-08-20,72.30458333333333,68.9,75.7,240
9410170,2026-08-21,72.06208333333333,68.4,76.5,240
9410170,2026-08-22,73.06625000000001,69.1,77.0,240
9410170,2026-08-23,73.55416666666666,69.3,76.3,240
9410170,2026-08-24,73.1675,70.3,75.6,240
9410170,2026-08-25,73.61916666666666,72.1,75.9,240
9410170,2026-08-26,74.18166666666666,72.3,75.0,240
9410170,2026-08-27,74.74541666666667,73.4,75.7,240
9410170,2026-08-28,75.04097222222222,73.8,75.9,144
9410230,2015-01-01,60.93191489361702,59.5,61.9,235
9410230,2015-01-02,61.09873417721519,60.4,61.7,237
9410230,2015-01-03,60.88601694915254,60.4,61.5,236
9410230,2015-01-04,60.787763713080174,60.3,61.3,237
9410230,2015-01-05,60.71021276595744,59.9,61.5,235
9410230,2015-01-06,60.67051282051282,60.1,61.3,234
9410230,2015-01-07,60.96550218340612,60.4,61.7,229
9410230,2015-01-08,61.32863247863248,60.4,61.7,234
9410230,2015-01-09,61.37457627118644,60.3,61.9,236
9410230,2015-01-10,61.41313559322034,60.8,62.2,236
9410230,2015-01-11,61.42382978723404,60.8,61.5,235
9410230,2015-01-12,61.83076923076923,61.2,62.4,234
9410230,2015-01-13,62.45474137931034,62.1,63.1,232
9410230,2015-01-14,62.11515151515152,61.3,63.1,231
9410230,2015-01-15,62.14375,61.7,62.6,240
9410230,2015-01-16,61.73166666666667,61.2,62.4,240
9410230,2015-01-17,61.860416666666666,61.2,63.0,240
9410230,2015-01-18,61.8275,60.4,62.6,240
9410230,2015-01-19,61.795,61.2,62.8,240
9410230,2015-01-20,61.855,61.0,62.1,240
9410230,2015-01-21,61.73791666666667,61.3,62.4,240
9410230,2015-01-22,61.6075,59.9,62.4,240
9410230,2015-01-23,61.899166666666666,60.6,63.3,240
9410230,2015-01-24,61.63041666666666,61.2,62.4,240
9410230,2015-01-25,61.73583333333333,61.0,62.4,240
9410230,2015-01-26,61.755,61.3,62.1,240
9410230,2015-01-27,61.91875,61.3,62.8,240
9410230,2015-01-28,61.96208333333333,61.7,62.2,240
9410230,2015-01-29,62.07416666666667,61.5,62.4,240
9410230,2015-01-30,61.965,61.9,62.1,240
9410230,2015-01-31,61.76416666666667,61.0,62.6,240
9410230,2015-02-01,62.07744680851064,61.7,62.8,235
9410230,2015-02-02,62.10958333333333,61.9,62.4,240
9410230,2015-02-03,61.98125,61.2,62.8,240
9410230,2015-02-04,61.87708333333333,60.4,62.6,240
9410230,2015-02-05,61.88898305084746,61.0,62.6,236
9410230,2015-02-06,62.21583333333333,61.7,63.0,240
9410230,2015-02-07,62.36291666666667,61.3,63.1,240
9410230,2015-02-08,62.66041666666667,62.1,63.0,240
9410230,2015-02-09,62.36,60.8,62.8,240
9410230,2015-02-10,62.16583333333333,60.4,63.0,240
9410230,2015-02-11,62.20125,61.5,62.8,240
9410230,2015-02-12,62.245,61.7,63.3,240
9410230,2015-02-13,62.09458333333334,61.7,62.8,240
9410230,2015-02-14,62.09333333333333,60.8,63.0,240
9410230,2015-02-15,62.6325,61.7,64.0,240
9410230,2015-02-16,63.14708333333333,62.2,64.0,240
9410230,2015-02-17,63.4875,62.4,64.9,240
9410230,2015-02-18,63.64833333333333,62.8,64.4,240
9410230,2015-02-19,63.20550847457627,61.5,64.0,236
9410230,2015-02-20,63.44833333333334,62.2,64.4,240
9410230,2015-02-21,63.42510460251046,62.6,64.2,239
9410230,2015-02-22,63.20125,63.0,63.9,240
9410230,2015-02-23,63.107083333333335,62.6,63.9,240
9410230,2015-02-24,63.24125,62.6,64.0,240
9410230,2015-02-25,63.24541666666666,60.1,64.2,240
9410230,2015-02-26,63.42350427350428,62.8,64.0,234
9410230,2015-02-27,62.60888888888889,61.3,63.5,225
9410230,2015-02-28,62.61674008810573,62.1,63.1,227
9410230,2015-03-01,62.234272300469485,61.3,62.8,213
9410230,2015-03-02,61.98130434782609,61.3,62.4,230
9410230,2015-03-03,62.0375,61.3,63.1,240
9410230,2015-03-04,62.2475,61.7,63.1,240
9410230,2015-03-05,62.42833333333333,61.7,64.8,240
9410230,2015-03-06,62.400000000000006,62.1,63.1,228
9410230,2015-03-07,61.99684684684685,59.5,63.0,222
9410230,2015-03-08,62.21422222222223,59.7,63.7,225
9410230,2015-03-09,62.65375,60.8,64.2,240
9410230,2015-03-10,62.4301724137931,59.4,63.7,232
9410230,2015-03-11,61.80296610169491,59.2,63.1,236
9410230,2015-03-12,61.55042016806723,58.5,63.5,238
9410230,2015-03-13,62.00083333333334,58.5,64.0,240
9410230,2015-03-14,61.54375,58.8,63.1,240
9410230,2015-03-15,60.98041666666666,57.7,63.5,240
9410230,2015-03-16,61.642978723404255,58.1,63.9,235
9410230,2015-03-17,62.3174672489083,59.0,63.9,229
9410230,2015-03-18,63.59047619047619,61.2,64.8,231
9410230,2015-03-19,64.31176470588235,63.5,65.5,238
9410230,2015-03-20,64.65438596491228,62.2,66.4,228
9410230,2015-03-21,65.02345132743362,61.9,66.6,226
9410230,2015-03-22,64.72,60.3,66.7,240
9410230,2015-03-23,63.8375,58.8,65.5,240
9410230,2015-03-24,63.3397489539749,58.3,65.1,239
9410230,2015-03-25,64.42008547008547,61.0,66.2,234
9410230,2015-03-26,64.38749999999999,62.1,65.5,144
9410230,2015-03-28,65.87203389830508,63.7,67.1,118
9410230,2015-03-29,65.54772727272727,62.6,67.8,220
9410230,2015-03-30,65.6280193236715,61.5,67.1,207
9410230,2015-03-31,65.35583333333334,61.0,67.6,240
9410230,2015-04-01,65.4275,58.5,67.8,240
9410230,2015-04-02,66.08333333333333,62.8,67.1,234
9410230,2015-04-03,65.93815789473685,62.4,67.5,228
9410230,2015-04-04,66.05176991150442,61.0,68.0,226
9410230,2015-04-05,65.34957264957265,57.0,67.1,234
9410230,2015-04-06,65.5635593220339,62.8,66.7,236
9410230,2015-04-07,63.16101694915254,55.8,65.8,236
9410230,2015-04-08,64.92595744680851,63.5,66.2,235
9410230,2015-04-09,62.42652173913044,55.4,66.0,230
9410230,2015-04-10,63.13625,57.2,65.8,240
9410230,2015-04-11,62.15416666666667,55.4,65.8,240
9410230,2015-04-12,60.72692307692308,54.5,63.7,234
9410230,2015-04-13,62.184649122807016,57.7,64.6,228
9410230,2015-04-14,62.68369098712446,56.8,65.1,233
9410230,2015-04-15,62.8530701754386,56.8,65.5,228
9410230,2015-04-16,61.63504273504274,54.9,66.2,234
9410230,2015-04-17,60.98185840707964,54.1,65.7,226
9410230,2015-04-18,59.86324786324786,53.6,65.3,234
9410230,2015-04-19,60.130379746835445,53.4,64.6,237
9410230,2015-04-20,60.33489361702128,53.8,64.8,235
9410230,2015-04-21,61.0480686695279,55.4,64.0,233
9410230,2015-04-22,61.30614035087719,57.6,63.3,228
9410230,2015-04-23,61.62533936651584,56.5,63.0,221
9410230,2015-04-24,61.9,57.9,63.1,232
9410230,2015-04-25,62.808837209302325,60.6,63.7,215
9410230,2015-04-26,62.33652173913043,58.8,64.0,230
9410230,2015-04-27,62.46682027649769,58.6,64.4,217
9410230,2015-04-28,63.10566037735849,59.0,66.4,212
9410230,2015-04-29,63.27016806722689,58.6,66.0,238
9410230,2015-04-30,64.11528384279475,60.1,66.7,229
9410230,2015-05-01,64.23363228699552,60.4,66.9,223
9410230,2015-05-02,63.98590909090909,59.9,67.1,220
9410230,2015-05-03,65.63239436619719,62.6,66.9,213
9410230,2015-05-04,65.66330275229357,62.4,67.1,218
9410230,2015-05-05,65.79681818181818,63.1,66.6,220
9410230,2015-05-06,65.56255707762557,62.6,66.6,219
9410230,2015-05-07,65.0909090909091,63.5,65.7,220
9410230,2015-05-08,64.20172413793104,63.0,64.8,232
9410230,2015-05-09,63.67,60.3,65.3,240
9410230,2015-05-10,63.80678733031674,56.8,66.2,221
9410230,2015-05-11,61.95982142857143,55.8,65.3,224
9410230,2015-05-12,62.145777777777774,57.0,64.6,225
9410230,2015-05-13,62.87510729613734,59.4,64.0,233
9410230,2015-05-14,62.77477477477478,59.7,63.7,222
9410230,2015-05-15,62.08,59.0,62.6,225
9410230,2015-05-16,61.894520547945206,57.0,63.1,219
9410230,2015-05-17,61.30313901345291,57.4,63.0,223
9410230,2015-05-18,62.57389380530974,59.9,64.0,226
9410230,2015-05-19,63.03955555555555,62.2,64.6,225
9410230,2015-05-20,63.7046511627907,62.6,64.9,215
9410230,2015-05-21,64.19574468085106,63.0,65.3,235
9410230,2015-05-22,64.78375,63.7,66.2,240
9410230,2015-05-23,65.64041666666667,64.2,67.5,240
9410230,2015-05-24,65.59583333333333,63.7,66.6,240
9410230,2015-05-25,65.55833333333334,62.8,66.4,240
9410230,2015-05-26,65.24499999999999,61.3,65.8,240
9410230,2015-05-27,65.15791666666667,63.7,65.5,240
9410230,2015-05-28,64.8786610878661,63.9,65.5,239
9410230,2015-05-29,65.40041666666667,64.2,66.2,240
9410230,2015-05-30,65.50458333333333,63.7,66.6,240
9410230,2015-05-31,65.57875,63.0,66.6,240
9410230,2015-06-01,65.55458333333334,63.0,68.7,240
9410230,2015-06-02,64.74041666666668,56.5,69.1,240
9410230,2015-06-03,65.47405857740586,55.0,68.2,239
9410230,2015-06-04,64.1025,54.7,67.1,240
9410230,2015-06-05,64.15666666666667,54.3,67.3,240
9410230,2015-06-06,65.91708333333334,57.7,68.7,240
9410230,2015-06-07,61.6675,52.7,67.6,240
9410230,2015-06-08,59.30333333333333,52.7,67.3,240
9410230,2015-06-09,57.912083333333335,52.3,64.4,240
9410230,2015-06-10,58.8725,52.3,63.5,240
9410230,2015-06-11,59.76166666666666,53.6,63.5,240
9410230,2015-06-12,60.27708333333333,54.3,63.3,240
9410230,2015-06-13,63.21416666666666,58.6,65.1,240
9410230,2015-06-14,64.11541666666668,60.1,65.5,240
9410230,2015-06-15,60.67833333333333,56.3,64.8,240
9410230,2015-06-16,62.19875,57.4,64.6,240
9410230,2015-06-17,63.29375,56.1,66.7,240
9410230,2015-06-18,62.01,56.5,66.7,240
9410230,2015-06-19,63.68,57.2,67.1,240
9410230,2015-06-20,66.03541666666666,59.2,68.2,240
9410230,2015-06-21,67.25375,61.2,69.1,240
9410230,2015-06-22,67.99655172413793,64.0,70.9,232
9410230,2015-06-23,68.69121338912134,61.7,71.4,239
9410230,2015-06-24,69.16666666666667,62.2,71.1,240
9410230,2015-06-25,69.69875,65.1,72.0,240
9410230,2015-06-26,68.88125,61.5,71.8,240
9410230,2015-06-27,68.63333333333334,61.2,71.8,240
9410230,2015-06-28,67.77,63.5,70.0,240
9410230,2015-06-29,68.17731092436975,64.8,69.4,238
9410230,2015-06-30,68.52666666666667,63.0,70.5,240
9410230,2015-07-01,69.86458333333333,67.6,72.1,240
9410230,2015-07-02,70.63708333333334,64.4,72.7,240
9410230,2015-07-03,70.78166666666667,65.7,73.2,240
9410230,2015-07-04,70.275,60.8,72.1,240
9410230,2015-07-05,69.69583333333334,63.0,71.1,240
9410230,2015-07-06,69.73708333333335,66.6,70.5,240
9410230,2015-07-07,69.4962441314554,64.4,70.3,213
9410230,2015-07-08,69.24444444444445,64.9,70.3,234
9410230,2015-07-09,70.09655172413792,68.2,71.2,232
9410230,2015-07-10,70.10297872340426,62.1,71.6,235
9410230,2015-07-11,69.1655462184874,60.4,72.0,238
9410230,2015-07-12,68.86485355648536,58.8,72.3,239
9410230,2015-07-13,67.27535545023697,61.5,71.8,211
9410230,2015-07-14,67.50171673819743,62.2,70.5,233
9410230,2015-07-15,68.82627118644068,64.2,70.7,236
9410230,2015-07-16,68.13516949152542,62.2,71.6,236
9410230,2015-07-17,67.74937238493725,63.0,71.4,239
9410230,2015-07-18,65.05470085470085,60.6,71.4,234
9410230,2015-07-19,64.83030303030303,59.4,68.2,231
9410230,2015-07-20,66.80083333333333,62.4,69.3,240
9410230,2015-07-21,70.23875,65.5,73.2,240
9410230,2015-07-22,72.47583333333334,68.0,74.5,240
9410230,2015-07-23,72.18125,66.6,74.1,240
9410230,2015-07-24,70.08791666666666,63.3,73.9,240
9410230,2015-07-25,67.91916666666667,63.3,75.4,240
9410230,2015-07-26,71.81333333333333,64.4,74.8,240
9410230,2015-07-27,72.61999999999999,68.0,74.8,240
9410230,2015-07-28,71.48208333333334,66.4,74.3,240
9410230,2015-07-29,71.5075,65.8,74.1,240
9410230,2015-07-30,71.29205020920502,67.1,74.8,239
9410230,2015-07-31,69.23875,61.9,74.1,240
9410230,2015-08-01,68.6425,61.9,72.9,240
9410230,2015-08-02,68.08333333333333,61.9,72.3,240
9410230,2015-08-03,68.4675,60.1,73.0,240
9410230,2015-08-04,67.66791666666667,59.4,71.8,240
9410230,2015-08-05,66.32083333333334,59.2,71.8,240
9410230,2015-08-06,65.34166666666667,58.8,71.6,240
9410230,2015-08-07,66.28041666666667,58.1,70.7,240
9410230,2015-08-08,67.67041666666667,61.5,70.7,240
9410230,2015-08-09,67.44833333333334,62.4,71.1,240
9410230,2015-08-10,68.58,64.4,70.5,240
9410230,2015-08-11,69.60418410041842,65.3,71.2,239
9410230,2015-08-12,69.83218884120171,63.9,72.0,233
9410230,2015-08-13,70.10046728971963,65.8,73.6,214
9410230,2015-08-14,70.46485355648535,64.0,73.2,239
9410230,2015-08-15,70.36903765690377,63.9,74.5,239
9410230,2015-08-16,69.65541666666667,62.8,74.3,240
9410230,2015-08-17,70.39708333333333,64.4,73.8,240
9410230,2015-08-18,71.94958333333334,70.0,73.6,240
9410230,2015-08-19,71.13891213389121,66.2,74.1,239
9410230,2015-08-20,72.30791666666667,69.3,73.4,240
9410230,2015-08-21,73.11416666666668,70.9,74.5,240
9410230,2015-08-22,73.49163179916317,68.9,74.8,239
9410230,2015-08-23,74.10916666666667,72.1,74.8,240
9410230,2015-08-24,73.40791666666668,69.8,74.8,240
9410230,2015-08-25,72.20376569037657,68.4,74.3,239
9410230,2015-08-26,72.5744769874477,69.8,74.3,239
9410230,2015-08-27,72.65249999999999,70.9,75.2,240
9410230,2015-08-28,73.47768240343348,71.2,75.4,233
9410230,2015-08-29,74.28916666666667,71.1,78.3,240
9410230,2015-08-30,74.805,69.4,77.9,240
9410230,2015-08-31,74.38000000000001,69.1,76.3,240
9410230,2015-09-01,72.91958333333334,65.5,75.0,240
9410230,2015-09-02,73.01416666666667,66.9,75.6,240
9410230,2015-09-03,73.03625000000001,65.8,75.2,240
9410230,2015-09-04,73.36999999999999,68.5,75.0,240
9410230,2015-09-05,73.51958333333333,70.5,74.8,240
9410230,2015-09-06,72.94541666666667,68.5,75.2,240
9410230,2015-09-07,73.42208333333333,69.1,75.9,240
9410230,2015-09-08,73.33458333333333,69.6,76.1,240
9410230,2015-09-09,72.60666666666665,67.8,76.6,240
9410230,2015-09-10,73.84416666666667,70.2,77.2,240
9410230,2015-09-11,74.3925,70.2,76.6,240
9410230,2015-09-12,73.51541666666667,69.6,75.9,240
9410230,2015-09-13,74.02916666666667,70.7,76.3,240
9410230,2015-09-14,75.31004184100418,71.8,77.2,239
9410230,2015-09-15,75.59,73.6,76.5,240
9410230,2015-09-16,75.43583333333332,74.7,77.0,240
9410230,2015-09-17,75.67708333333333,74.8,76.8,240
9410230,2015-09-18,75.76916666666666,75.0,76.6,240
9410230,2015-09-19,75.59208333333332,72.1,77.4,240
9410230,2015-09-20,75.21708333333332,72.3,76.3,240
9410230,2015-09-21,75.43374999999999,73.6,76.1,240
9410230,2015-09-22,75.10249999999999,74.1,76.1,240
9410230,2015-09-23,75.07333333333332,72.1,76.1,240
9410230,2015-09-24,73.80083333333333,67.8,76.3,240
9410230,2015-09-25,72.95791666666668,70.5,75.6,240
9410230,2015-09-26,73.36666666666666,70.3,77.4,240
9410230,2015-09-27,72.40375,67.5,76.5,240
9410230,2015-09-28,71.76041666666667,66.4,75.0,240
9410230,2015-09-29,70.46083333333333,64.8,74.5,240
9410230,2015-09-30,69.66000000000001,65.1,73.4,240
9410230,2015-10-01,70.88000000000001,64.8,73.4,240
9410230,2015-10-02,71.58375,67.3,73.6,240
9410230,2015-10-03,70.74875,65.8,73.2,240
9410230,2015-10-04,71.73125,67.3,72.5,240
9410230,2015-10-05,70.86958333333334,66.0,72.1,240
9410230,2015-10-06,70.77333333333333,68.0,72.3,240
9410230,2015-10-07,71.39625,69.8,72.7,240
9410230,2015-10-08,71.05333333333333,69.1,72.1,240
9410230,2015-10-09,71.60958333333333,68.0,72.5,240
9410230,2015-10-10,71.04583333333333,67.6,73.0,240
9410230,2015-10-11,71.29916666666666,68.7,73.0,240
9410230,2015-10-12,71.06666666666666,67.5,73.0,240
9410230,2015-10-13,72.39958333333334,68.9,75.4,240
9410230,2015-10-14,73.2025,71.1,75.4,240
9410230,2015-10-15,72.39041666666667,70.0,73.8,240
9410230,2015-10-16,72.68416666666667,71.6,73.0,240
9410230,2015-10-17,72.41708333333332,71.4,73.0,240
9410230,2015-10-18,72.08541666666666,70.2,72.7,240
9410230,2015-10-19,71.52125,70.0,72.3,240
9410230,2015-10-20,70.82,69.1,72.0,240
9410230,2015-10-21,71.87824267782426,71.2,72.5,239
9410230,2015-10-22,72.70166666666667,72.0,73.6,240
9410230,2015-10-23,73.08833333333334,72.7,73.6,240
9410230,2015-10-24,72.90708333333333,72.3,73.8,240
9410230,2015-10-25,72.54875,71.8,72.9,240
9410230,2015-10-26,72.23291666666665,70.9,73.2,240
9410230,2015-10-27,71.61375,69.3,72.7,240
9410230,2015-10-28,70.86541666666668,64.9,71.8,240
9410230,2015-10-29,70.75458333333333,69.1,71.8,240
9410230,2015-10-30,69.15124999999999,66.4,70.7,240
9410230,2015-10-31,68.86333333333333,66.0,70.7,240
9410230,2015-11-01,69.44458333333334,67.1,70.9,240
9410230,2015-11-02,69.55708333333334,67.8,70.5,240
9410230,2015-11-03,69.18291666666667,68.5,69.6,240
9410230,2015-11-04,68.04875,65.1,68.9,240
9410230,2015-11-05,67.55083333333333,66.6,68.4,240
9410230,2015-11-06,67.34625,66.4,68.4,240
9410230,2015-11-07,67.24666666666666,66.4,68.2,240
9410230,2015-11-08,67.74125,67.1,68.4,240
9410230,2015-11-09,67.84666666666666,67.1,68.4,240
9410230,2015-11-10,66.88786610878661,66.2,67.5,239
9410230,2015-11-11,66.28791666666667,64.9,66.9,240
9410230,2015-11-12,66.07166666666667,64.6,67.1,240
9410230,2015-11-13,65.98041666666667,65.3,67.5,240
9410230,2015-11-14,66.42125,65.3,67.8,240
9410230,2015-11-15,66.57531380753139,66.0,67.1,239
9410230,2015-11-16,66.05042016806723,64.8,66.7,238
9410230,2015-11-17,65.69458333333334,64.9,66.4,240
9410230,2015-11-18,66.06916666666667,64.8,67.1,240
9410230,2015-11-19,67.28893617021276,66.0,68.2,235
9410230,2015-11-20,67.25041666666667,66.6,68.0,240
9410230,2015-11-21,67.45666666666666,67.1,67.6,240
9410230,2015-11-22,67.31125,66.9,67.6,240
9410230,2015-11-23,67.19125,66.6,68.2,240
9410230,2015-11-24,66.90124999999999,66.2,67.5,240
9410230,2015-11-25,66.14708333333333,65.7,66.7,240
9410230,2015-11-26,65.72416666666666,65.1,66.0,240
9410230,2015-11-27,65.45875,64.9,65.8,240
9410230,2015-11-28,65.06333333333333,64.4,65.7,240
9410230,2015-11-29,64.92375,63.7,65.5,240
9410230,2015-11-30,64.46610878661087,63.7,65.1,239
9410230,2015-12-01,64.45769230769231,63.9,65.1,234
9410230,2015-12-02,64.45583333333333,63.7,65.3,240
9410230,2015-12-03,64.67208333333333,63.9,65.5,240
9410230,2015-12-04,65.2540909090909,64.8,65.8,220
9410230,2015-12-05,65.20416666666667,64.9,65.5,240
9410230,2015-12-06,65.18786610878661,64.6,65.8,239
9410230,2015-12-07,65.535,65.1,66.0,240
9410230,2015-12-08,65.19375,64.9,65.8,240
9410230,2015-12-09,65.2337552742616,64.8,65.8,237
9410230,2015-12-10,65.57436974789915,65.3,66.0,238
9410230,2015-12-11,64.95875,64.2,65.7,240
9410230,2015-12-12,64.39623430962344,63.7,64.9,239
9410230,2015-12-13,64.21416666666667,63.5,64.8,240
9410230,2015-12-14,63.577824267782425,62.8,64.2,239
9410230,2015-12-15,63.51848739495798,62.6,64.0,238
9410230,2015-12-16,63.04393305439331,62.4,63.5,239
9410230,2015-12-17,62.60376569037657,61.7,63.3,239
9410230,2015-12-18,62.55916666666667,61.7,63.5,240
9410230,2015-12-19,63.04583333333333,62.2,63.9,240
9410230,2015-12-20,63.31666666666667,62.8,63.7,240
9410230,2015-12-21,63.1825,62.4,63.7,240
9410230,2015-12-22,63.08361344537815,63.0,63.3,238
9410230,2015-12-23,63.04725738396625,62.8,63.3,237
9410230,2015-12-24,62.82625,62.6,63.1,240
9410230,2015-12-25,61.97666666666667,60.8,62.6,240
9410230,2015-12-26,61.48708333333333,60.6,62.2,240
9410230,2015-12-27,61.35541666666666,60.4,61.9,240
9410230,2015-12-28,60.728870292887024,60.1,61.2,239
9410230,2015-12-29,60.18,59.4,60.8,240
9410230,2015-12-30,59.9425,59.0,60.6,240
9410230,2015-12-31,59.915,59.0,60.8,240
9410230,2016-01-01,59.846638655462186,58.6,60.8,238
9410230,2016-01-02,60.160833333333336,59.4,61.0,240
9410230,2016-01-03,60.30543933054393,59.7,61.0,239
9410230,2016-01-04,60.44083333333333,60.1,60.8,240
9410230,2016-01-05,61.07196652719666,60.4,61.2,239
9410230,2016-01-06,60.78033472803347,60.3,61.2,239
9410230,2016-01-07,60.84267782426778,60.4,61.2,239
9410230,2016-01-08,60.95,60.4,61.3,240
9410230,2016-01-09,60.845416666666665,60.4,61.3,240
9410230,2016-01-10,60.80708333333333,60.3,61.0,240
9410230,2016-01-11,60.54625,60.3,61.2,240
9410230,2016-01-12,60.49208333333333,60.1,61.2,240
9410230,2016-01-13,60.42719665271967,60.1,61.0,239
9410230,2016-01-14,60.4228813559322,60.1,60.8,236
9410230,2016-01-15,60.35738396624472,60.1,60.6,237
9410230,2016-01-16,60.65063291139241,60.3,61.2,237
9410230,2016-01-17,60.618410041841,60.3,61.2,239
9410230,2016-01-18,60.52666666666666,60.4,60.8,240
9410230,2016-01-19,60.60251046025105,60.4,61.0,239
9410230,2016-01-20,61.07166666666667,60.6,61.9,240
9410230,2016-01-21,61.17196652719665,60.8,61.7,239
9410230,2016-01-22,60.94592274678112,60.3,61.5,233
9410230,2016-01-23,60.84493392070484,60.6,61.2,227
9410230,2016-01-24,60.74622222222222,60.3,61.3,225
9410230,2016-01-25,60.82017543859649,60.3,61.9,228
9410230,2016-01-26,60.709606986899566,60.1,61.5,229
9410230,2016-01-27,60.40172413793103,59.9,61.0,232
9410230,2016-01-28,60.57608695652174,59.9,61.5,230
9410230,2016-01-29,60.85836909871245,60.1,61.5,233
9410230,2016-01-30,60.81638655462184,60.3,61.3,238
9410230,2016-01-31,60.99282700421941,60.3,61.2,237
9410230,2016-02-01,59.55146443514644,58.6,60.3,239
9410230,2016-02-02,59.12352941176471,58.3,59.7,238
9410230,2016-02-03,59.41512605042016,58.3,60.6,238
9410230,2016-02-04,59.70886075949367,58.8,60.6,237
9410230,2016-02-05,59.32941176470588,58.8,60.3,238
9410230,2016-02-06,59.465,58.8,60.8,240
9410230,2016-02-07,59.30291666666667,58.8,60.1,240
9410230,2016-02-08,59.57740585774059,58.6,61.0,239
9410230,2016-02-09,59.48041666666666,58.1,60.8,240
9410230,2016-02-10,59.516317991631794,58.5,60.8,239
9410230,2016-02-11,60.530252100840336,59.2,62.2,238
9410230,2016-02-12,60.889029535864985,60.3,62.1,237
9410230,2016-02-13,60.86624472573839,60.4,61.9,237
9410230,2016-02-14,60.63151260504201,59.9,61.5,238
9410230,2016-02-15,60.6465811965812,60.1,61.9,234
9410230,2016-02-16,60.9425,60.4,62.1,240
9410230,2016-02-17,61.1936974789916,60.4,62.1,238
9410230,2016-02-18,61.50423728813559,60.8,62.6,236
9410230,2016-02-19,61.42226890756302,60.8,62.2,238
9410230,2016-02-20,61.49453781512605,60.6,62.8,238
9410230,2016-02-21,61.74285714285714,60.8,62.8,238
9410230,2016-02-22,61.78067226890756,61.0,63.0,238
9410230,2016-02-23,61.88432203389831,60.6,63.7,236
9410230,2016-02-24,62.11025641025641,61.0,63.1,234
9410230,2016-02-25,61.57445887445888,61.0,62.8,231
9410230,2016-02-26,61.57081545064378,61.0,62.2,233
9410230,2016-02-27,61.90805084745762,60.8,63.7,236
9410230,2016-02-28,62.44142259414226,61.0,63.7,239
9410230,2016-02-29,62.23670886075949,60.6,63.1,237
9410230,2016-03-01,62.64453781512605,60.3,64.0,238
9410230,2016-03-02,63.17333333333333,61.9,64.6,240
9410230,2016-03-03,62.45208333333333,60.6,63.5,240
9410230,2016-03-04,62.59125,60.6,63.7,240
9410230,2016-03-05,63.12125,62.2,64.0,240
9410230,2016-03-06,63.492916666666666,63.0,64.4,240
9410230,2016-03-07,62.62458333333333,62.1,63.1,240
9410230,2016-03-08,62.10541666666666,61.3,63.0,240
9410230,2016-03-09,62.22958333333334,60.8,63.9,240
9410230,2016-03-10,62.248333333333335,60.6,63.3,240
9410230,2016-03-11,62.60958333333333,60.1,63.3,240
9410230,2016-03-12,62.04291666666666,60.3,63.0,240
9410230,2016-03-13,62.05956521739131,59.2,63.5,230
9410230,2016-03-14,62.05791666666666,60.8,63.1,240
9410230,2016-03-15,61.876666666666665,60.4,63.3,240
9410230,2016-03-16,61.80635593220339,58.8,63.7,236
9410230,2016-03-17,62.26916666666667,58.8,64.4,240
9410230,2016-03-18,62.45666666666667,59.9,64.4,240
9410230,2016-03-19,63.244166666666665,61.2,64.8,240
9410230,2016-03-20,63.2175,61.0,64.8,240
9410230,2016-03-21,62.735,59.4,64.0,240
9410230,2016-03-22,61.74458333333334,60.1,62.8,240
9410230,2016-03-23,61.024166666666666,59.5,63.1,240
9410230,2016-03-24,60.71416666666666,58.6,63.3,240
9410230,2016-03-25,60.53333333333333,57.9,62.4,240
9410230,2016-03-26,61.0425,57.7,63.0,240
9410230,2016-03-27,61.75083333333334,59.2,63.3,240
9410230,2016-03-28,61.942083333333336,61.0,62.4,240
9410230,2016-03-29,61.7225,61.0,62.6,240
9410230,2016-03-30,61.42166666666667,55.9,62.2,240
9410230,2016-03-31,61.80916666666667,59.5,63.7,240
9410230,2016-04-01,62.33598326359832,61.0,63.3,239
9410230,2016-04-02,62.55375,59.5,64.2,240
9410230,2016-04-03,62.25666666666667,60.6,63.7,240
9410230,2016-04-04,61.39708333333333,57.2,63.9,240
9410230,2016-04-05,61.16836734693877,57.6,62.6,98
9410230,2016-04-07,61.64042553191489,60.1,62.4,47
9410230,2016-04-08,61.36,56.8,63.1,240
9410230,2016-04-09,61.58958333333333,59.5,63.0,240
9410230,2016-04-10,61.87833333333334,60.6,62.6,240
9410230,2016-04-11,62.27875,60.8,63.7,240
9410230,2016-04-12,62.642500000000005,61.5,64.0,240
9410230,2016-04-13,63.34291666666666,61.7,64.8,240
9410230,2016-04-14,63.4,60.1,64.8,240
9410230,2016-04-15,63.6525,60.1,65.3,240
9410230,2016-04-16,64.28458333333333,61.7,66.0,240
9410230,2016-04-17,64.30416666666666,61.9,65.8,240
9410230,2016-04-18,64.14708333333333,61.5,65.5,240
9410230,2016-04-19,64.0175,61.5,66.0,240
9410230,2016-04-20,64.09791666666666,62.6,66.7,240
9410230,2016-04-21,63.85958333333333,61.2,66.7,240
9410230,2016-04-22,64.35541666666667,62.6,65.8,240
9410230,2016-04-23,64.46208333333333,60.8,65.8,240
9410230,2016-04-24,63.90375,60.1,65.3,240
9410230,2016-04-25,64.46974789915966,63.9,65.1,238
9410230,2016-04-26,64.2092050209205,62.8,65.3,239
9410230,2016-04-27,64.48458333333333,63.1,65.3,240
9410230,2016-04-28,64.82,64.2,65.7,240
9410230,2016-04-29,65.03458333333333,63.1,66.2,240
9410230,2016-04-30,65.23583333333333,64.6,66.2,240
9410230,2016-05-01,65.03263598326359,62.6,66.0,239
9410230,2016-05-02,65.39708333333333,63.0,67.5,240
9410230,2016-05-03,65.72916666666667,64.4,67.1,240
9410230,2016-05-04,66.41666666666667,64.9,67.6,240
9410230,2016-05-05,66.33083333333333,65.3,66.9,240
9410230,2016-05-06,65.41666666666667,63.0,67.1,240
9410230,2016-05-07,65.39791666666666,62.1,66.9,240
9410230,2016-05-08,66.24375,64.9,68.2,240
9410230,2016-05-09,66.50625,63.9,68.0,240
9410230,2016-05-10,65.94541666666666,59.7,68.2,240
9410230,2016-05-11,66.04916666666666,64.8,66.6,240
9410230,2016-05-12,65.03791666666667,62.6,66.0,240
9410230,2016-05-13,64.29583333333333,61.2,66.2,240
9410230,2016-05-14,64.04375,59.7,65.3,240
9410230,2016-05-15,63.77833333333333,59.9,65.3,240
9410230,2016-05-16,65.06822033898305,63.5,66.0,236
9410230,2016-05-17,64.76875,62.8,65.3,240
9410230,2016-05-18,65.36,64.9,66.4,240
9410230,2016-05-19,65.83965517241379,64.6,67.1,232
9410230,2016-05-20,65.75583333333333,64.2,66.6,240
9410230,2016-05-21,65.84958333333333,60.4,67.3,240
9410230,2016-05-22,66.50791666666666,64.9,68.0,240
9410230,2016-05-23,66.69708333333332,63.3,68.2,240
9410230,2016-05-24,66.33021276595746,57.0,68.2,235
9410230,2016-05-25,66.66304347826087,56.7,69.4,230
9410230,2016-05-26,66.79406779661016,58.8,68.5,236
9410230,2016-05-27,66.66652719665272,62.6,68.0,239
9410230,2016-05-28,66.16208333333333,60.4,68.2,240
9410230,2016-05-29,66.12083333333334,61.7,66.9,240
9410230,2016-05-30,65.20666666666666,60.3,66.7,240
9410230,2016-05-31,64.14602510460251,57.6,66.6,239
9410230,2016-06-01,64.27541666666667,61.3,65.5,240
9410230,2016-06-02,63.55583333333333,60.1,65.5,240
9410230,2016-06-03,63.98786610878661,60.4,66.7,239
9410230,2016-06-04,62.95458333333333,56.8,67.1,240
9410230,2016-06-05,62.68702928870293,56.5,66.9,239
9410230,2016-06-06,61.236250000000005,55.0,64.9,240
9410230,2016-06-07,60.5325,54.3,64.8,240
9410230,2016-06-08,61.4325,55.6,64.8,240
9410230,2016-06-09,62.325,54.5,64.4,240
9410230,2016-06-10,63.318333333333335,59.7,65.3,240
9410230,2016-06-11,65.27875,64.8,66.2,240
9410230,2016-06-12,65.6510460251046,63.3,66.6,239
9410230,2016-06-13,66.53109243697479,61.9,68.0,238
9410230,2016-06-14,65.98448275862069,61.2,67.5,232
9410230,2016-06-15,66.09125,63.9,67.5,240
9410230,2016-06-16,67.24541666666667,65.5,68.9,240
9410230,2016-06-17,65.55583333333333,60.3,69.6,240
9410230,2016-06-18,64.60041666666667,58.8,68.4,240
9410230,2016-06-19,64.07375,58.6,67.5,240
9410230,2016-06-20,64.36958333333334,58.1,69.8,240
9410230,2016-06-21,68.12083333333334,65.1,69.4,240
9410230,2016-06-22,68.10916666666667,62.8,71.2,240
9410230,2016-06-23,68.67416666666666,63.3,71.4,240
9410230,2016-06-24,69.15166666666667,64.2,71.2,240
9410230,2016-06-25,68.33458333333333,64.4,70.5,240
9410230,2016-06-26,66.87125,62.1,69.4,240
9410230,2016-06-27,68.37208333333334,62.6,71.2,240
9410230,2016-06-28,67.80416666666666,61.7,72.0,240
9410230,2016-06-29,68.25625,63.5,73.9,240
9410230,2016-06-30,70.85648535564854,65.1,73.9,239
9410230,2016-07-01,69.46125,63.0,71.4,240
9410230,2016-07-02,71.14625,65.5,72.7,240
9410230,2016-07-03,70.8875,63.1,72.7,240
9410230,2016-07-04,71.14583333333333,67.8,73.2,240
9410230,2016-07-05,70.51916666666666,63.5,74.3,240
9410230,2016-07-06,70.58125,63.7,74.3,240
9410230,2016-07-07,67.7688888888889,59.5,73.9,225
9410230,2016-07-08,68.34583333333333,59.2,74.3,240
9410230,2016-07-09,67.20041666666667,59.0,73.9,240
9410230,2016-07-10,68.31,58.6,74.8,240
9410230,2016-07-11,69.91208333333334,64.4,73.6,240
9410230,2016-07-12,71.44166666666666,68.0,72.7,240
9410230,2016-07-13,71.02583333333334,65.8,74.1,240
9410230,2016-07-14,71.07625,64.9,74.5,240
9410230,2016-07-15,72.71333333333334,69.4,74.8,240
9410230,2016-07-16,74.04541666666667,71.1,75.7,240
9410230,2016-07-17,73.36708333333333,64.4,75.4,240
9410230,2016-07-18,74.09375,68.4,76.3,240
9410230,2016-07-19,74.64041666666667,70.9,76.6,240
9410230,2016-07-20,73.96666666666667,65.7,76.6,240
9410230,2016-07-21,72.76541666666667,64.0,77.2,240
9410230,2016-07-22,70.865,61.7,76.6,240
9410230,2016-07-23,73.54541666666667,64.0,76.6,240
9410230,2016-07-24,74.6175,69.1,76.3,240
9410230,2016-07-25,73.33208333333333,64.9,75.7,240
9410230,2016-07-26,72.56,66.6,75.6,240
9410230,2016-07-27,71.89583333333333,67.6,76.8,240
9410230,2016-07-28,71.29416666666665,66.9,77.4,240
9410230,2016-07-29,70.79333333333334,63.9,76.8,240
9410230,2016-07-30,71.71875,62.6,75.6,240
9410230,2016-07-31,72.425,65.3,75.9,240
9410230,2016-08-01,74.34541666666668,66.9,77.7,240
9410230,2016-08-02,72.73791666666666,65.7,78.3,240
9410230,2016-08-03,71.81583333333333,66.9,75.9,240
9410230,2016-08-04,73.73430962343096,71.1,75.4,239
9410230,2016-08-05,72.22291666666666,67.5,74.7,240
9410230,2016-08-06,73.27250000000001,69.3,74.1,240
9410230,2016-08-07,70.47958333333332,63.5,74.3,240
9410230,2016-08-08,70.82375,62.4,73.8,240
9410230,2016-08-09,71.00416666666666,62.4,74.7,240
9410230,2016-08-10,73.45958333333333,66.9,76.1,240
9410230,2016-08-11,73.87875000000001,69.1,76.3,240
9410230,2016-08-12,73.05916666666667,65.7,76.5,240
9410230,2016-08-13,71.9275,66.4,76.1,240
9410230,2016-08-14,69.89333333333335,63.3,74.8,240
9410230,2016-08-15,66.19875,61.3,71.6,240
9410230,2016-08-16,63.314166666666665,58.6,69.3,240
9410230,2016-08-17,60.70291666666667,57.0,64.4,240
9410230,2016-08-18,61.65416666666667,57.4,67.8,240
9410230,2016-08-19,63.9326359832636,59.7,68.5,239
9410230,2016-08-20,63.18666666666666,60.4,66.9,240
9410230,2016-08-21,64.5225,60.3,68.5,240
9410230,2016-08-22,65.94916666666667,61.2,70.2,240
9410230,2016-08-23,65.59125,60.6,70.5,240
9410230,2016-08-24,66.08833333333334,61.3,71.8,240
9410230,2016-08-25,66.27541666666667,61.3,70.5,240
9410230,2016-08-26,67.24833333333333,62.1,70.7,240
9410230,2016-08-27,68.40458333333332,62.8,71.2,240
9410230,2016-08-28,68.80333333333333,63.3,70.3,240
9410230,2016-08-29,68.38291666666667,62.6,70.9,240
9410230,2016-08-30,70.28333333333333,66.4,72.9,240
9410230,2016-08-31,70.79333333333334,65.5,73.4,240
9410230,2016-09-01,70.7575,62.6,73.8,240
9410230,2016-09-02,70.83041666666666,63.7,74.1,240
9410230,2016-09-03,70.8625,63.7,72.5,240
9410230,2016-09-04,70.54666666666667,64.4,72.1,240
9410230,2016-09-05,70.92217573221758,66.0,72.3,239
9410230,2016-09-06,70.06041666666667,63.7,72.5,240
9410230,2016-09-07,69.88916666666667,61.3,72.1,240
9410230,2016-09-08,70.63374999999999,66.2,72.3,240
9410230,2016-09-09,70.73916666666668,61.2,72.7,240
9410230,2016-09-10,69.03375,63.7,72.1,240
9410230,2016-09-11,66.62510460251046,61.5,71.2,239
9410230,2016-09-12,65.24830508474577,60.4,69.4,236
9410230,2016-09-13,64.85833333333333,57.4,67.3,240
9410230,2016-09-14,63.73686440677966,57.4,67.1,236
9410230,2016-09-15,61.65696202531646,57.7,66.7,237
9410230,2016-09-16,62.2982062780269,60.4,64.9,223
9410230,2016-09-17,64.51016949152542,61.9,67.3,236
9410230,2016-09-18,65.61757322175733,61.3,67.3,239
9410230,2016-09-19,65.36778242677823,62.2,66.6,239
9410230,2016-09-20,66.34916666666666,63.3,68.2,240
9410230,2016-09-21,67.57958333333333,64.8,69.4,240
9410230,2016-09-22,68.54330357142858,66.2,69.8,224
9410230,2016-09-23,68.66244343891402,64.9,70.0,221
9410230,2016-09-24,67.76333333333334,61.2,70.7,240
9410230,2016-09-25,64.03,59.0,67.8,240
9410230,2016-09-26,61.63291666666667,57.6,64.4,240
9410230,2016-09-27,62.90291666666667,58.5,65.8,240
9410230,2016-09-28,62.22541666666667,57.2,65.7,240
9410230,2016-09-29,63.85958333333333,58.1,66.6,240
9410230,2016-09-30,64.95916666666668,61.2,68.0,240
9410230,2016-10-01,66.10333333333332,63.0,69.4,240
9410230,2016-10-02,68.30502092050209,62.2,70.7,239
9410230,2016-10-03,68.74083333333333,62.6,70.3,240
9410230,2016-10-04,67.95041666666667,62.2,69.4,240
9410230,2016-10-05,68.22791666666667,64.6,69.6,240
9410230,2016-10-06,68.09,63.1,69.6,240
9410230,2016-10-07,68.02083333333333,65.5,69.3,240
9410230,2016-10-08,66.68041666666666,62.4,68.4,240
9410230,2016-10-09,66.31833333333333,63.1,68.0,240
9410230,2016-10-10,66.13791666666667,61.9,69.1,240
9410230,2016-10-11,65.68458333333334,61.7,66.9,240
9410230,2016-10-12,64.92916666666666,60.4,67.1,240
9410230,2016-10-13,63.48416666666667,59.7,66.7,240
9410230,2016-10-14,64.94250000000001,61.5,66.7,240
9410230,2016-10-15,63.8125,59.7,66.0,240
9410230,2016-10-16,64.22875,63.0,65.5,240
9410230,2016-10-17,64.95458333333333,61.5,66.0,240
9410230,2016-10-18,65.23083333333334,62.2,66.6,240
9410230,2016-10-19,65.00500000000001,59.4,66.0,240
9410230,2016-10-20,64.61291666666666,58.6,66.4,240
9410230,2016-10-21,64.09,58.5,67.3,240
9410230,2016-10-22,63.19581589958159,59.7,67.1,239
9410230,2016-10-23,62.89117647058824,60.3,65.8,238
9410230,2016-10-24,62.56340425531915,60.8,64.2,235
9410230,2016-10-25,61.47436974789916,59.2,63.5,238
9410230,2016-10-26,62.2425,60.3,64.0,240
9410230,2016-10-27,63.43458333333333,61.0,64.9,240
9410230,2016-10-28,64.47958333333334,61.9,65.7,240
9410230,2016-10-29,64.98571428571428,63.7,66.0,175
9410230,2016-10-30,65.30083333333333,62.1,66.6,240
9410230,2016-10-31,65.3675,62.4,66.4,240
9410230,2016-11-01,65.405,63.0,66.4,240
9410230,2016-11-02,65.48958333333333,62.6,66.6,240
9410230,2016-11-03,65.11,59.7,66.7,240
9410230,2016-11-04,65.5,62.4,66.6,239
9410230,2016-11-05,66.03083333333333,65.3,66.9,240
9410230,2016-11-06,65.86083333333333,65.1,66.6,240
9410230,2016-11-07,65.70458333333333,64.4,66.9,240
9410230,2016-11-08,64.42708333333333,61.5,65.8,240
9410230,2016-11-09,62.35125,59.7,64.6,240
9410230,2016-11-10,62.17166666666667,59.7,63.7,240
9410230,2016-11-11,63.56166666666666,61.0,65.5,240
9410230,2016-11-12,64.89833333333334,61.2,66.9,240
9410230,2016-11-13,66.20625,62.6,67.6,240
9410230,2016-11-14,66.18291666666667,64.4,67.1,240
9410230,2016-11-15,65.84487179487179,63.0,66.9,234
9410230,2016-11-16,65.09958333333333,61.3,66.4,240
9410230,2016-11-17,63.85083333333333,61.2,65.7,240
9410230,2016-11-18,63.19958333333333,60.8,64.4,240
9410230,2016-11-19,62.93541666666667,60.1,63.9,240
9410230,2016-11-20,63.58125,62.4,64.4,240
9410230,2016-11-21,63.93833333333334,63.0,64.8,240
9410230,2016-11-22,63.24166666666667,61.2,64.2,240
9410230,2016-11-23,63.19458333333333,62.6,64.0,240
9410230,2016-11-24,62.96945606694561,62.2,63.5,239
9410230,2016-11-25,62.485416666666666,61.5,63.0,240
9410230,2016-11-26,61.93541666666667,61.0,62.4,240
9410230,2016-11-27,62.157740585774064,61.7,62.6,239
9410230,2016-11-28,61.46333333333334,59.2,62.1,240
9410230,2016-11-29,61.55583333333333,59.7,62.4,240
9410230,2016-11-30,61.01673640167364,58.3,62.1,239
9410230,2016-12-01,59.99458333333334,55.4,61.0,240
9410230,2016-12-02,60.03083333333333,57.7,61.2,240
9410230,2016-12-03,59.28200836820084,58.6,60.1,239
9410230,2016-12-04,59.10875,58.3,59.9,240
9410230,2016-12-05,58.97583333333333,58.5,59.4,240
9410230,2016-12-06,59.2975,58.1,60.1,240
9410230,2016-12-07,59.81,59.0,60.3,240
9410230,2016-12-08,59.97208333333333,59.4,60.8,240
9410230,2016-12-09,60.255,59.4,60.8,240
9410230,2016-12-10,60.25355648535565,59.2,60.8,239
9410230,2016-12-11,60.43125,58.8,61.7,240
9410230,2016-12-12,60.89958333333333,58.5,62.1,240
9410230,2016-12-13,60.750416666666666,57.9,61.9,240
9410230,2016-12-14,59.97875,57.2,61.3,240
9410230,2016-12-15,59.93625,58.3,60.6,240
9410230,2016-12-16,58.810833333333335,57.7,60.3,240
9410230,2016-12-17,59.133189655172416,57.2,59.7,232
9410230,2016-12-18,58.47208333333333,56.5,59.4,240
9410230,2016-12-19,58.12625,57.0,58.6,240
9410230,2016-12-20,58.63109243697479,57.6,59.2,238
9410230,2016-12-21,59.18083333333333,58.8,59.7,240
9410230,2016-12-22,59.62458333333333,59.2,60.4,240
9410230,2016-12-23,60.415,60.3,60.6,240
9410230,2016-12-24,59.91130434782609,59.2,60.4,230
9410230,2016-12-25,59.9436974789916,59.0,60.4,238
9410230,2016-12-26,59.720416666666665,59.2,60.3,240
9410230,2016-12-27,59.016666666666666,57.7,60.4,240
9410230,2016-12-28,58.763333333333335,57.9,59.9,240
9410230,2016-12-29,58.88583333333334,58.5,59.5,240
9410230,2016-12-30,60.141422594142256,59.0,60.6,239
9410230,2016-12-31,60.40291666666667,59.9,60.6,240
9410230,2017-01-01,60.181589958159,59.5,60.6,239
9410230,2017-01-02,60.10502092050209,59.9,60.3,239
9410230,2017-01-03,59.8475,59.2,60.3,240
9410230,2017-01-04,59.89,59.4,60.6,240
9410230,2017-01-05,59.838750000000005,59.2,60.1,240
9410230,2017-01-06,60.01583333333333,59.5,60.6,240
9410230,2017-01-07,59.86833333333333,59.2,60.6,240
9410230,2017-01-08,59.90083333333334,59.4,60.4,240
9410230,2017-01-09,60.04,59.4,60.3,240
9410230,2017-01-10,60.27573221757322,58.8,61.5,239
9410230,2017-01-11,59.70625,58.3,60.3,240
9410230,2017-01-12,59.31625,58.5,59.9,240
9410230,2017-01-13,59.23708333333333,58.3,59.5,240
9410230,2017-01-14,59.24,57.7,59.9,240
9410230,2017-01-15,59.075833333333335,56.7,59.5,240
9410230,2017-01-16,59.35333333333333,58.3,60.1,240
9410230,2017-01-17,59.56234309623431,58.8,60.6,239
9410230,2017-01-18,59.6502538071066,59.0,60.4,197
9410230,2017-01-19,59.43849372384937,58.6,59.9,239
9410230,2017-01-20,59.11046025104602,58.3,59.2,239
9410230,2017-01-21,58.76744186046512,58.5,59.0,86
9410230,2017-01-22,59.013502109704646,58.8,59.2,237
9410230,2017-01-23,58.78041666666666,58.5,59.0,240
9410230,2017-01-24,58.63679653679654,58.3,59.0,231
9410230,2017-01-25,58.775,58.3,59.5,240
9410230,2017-01-26,58.75,58.1,59.5,240
9410230,2017-01-27,58.587916666666665,57.9,59.4,240
9410230,2017-01-28,58.73291666666667,57.7,60.3,240
9410230,2017-01-29,58.91875,58.3,60.3,240
9410230,2017-01-30,58.75375,58.1,59.9,240
9410230,2017-01-31,58.50541666666666,57.7,59.5,240
9410230,2017-02-01,58.83598326359832,58.1,59.5,239
9410230,2017-02-02,58.667782426778246,57.0,59.4,239
9410230,2017-02-03,58.73583333333333,57.6,59.5,240
9410230,2017-02-04,59.0071129707113,58.1,59.7,239
9410230,2017-02-05,58.7744769874477,58.3,59.2,239
9410230,2017-02-06,58.77130801687763,58.3,59.0,237
9410230,2017-02-07,59.14375,59.0,59.5,240
9410230,2017-02-08,59.19041666666667,58.8,59.7,240
9410230,2017-02-09,59.26958333333334,58.3,59.9,240
9410230,2017-02-10,59.22731092436975,57.2,59.7,238
9410230,2017-02-11,59.10875,57.4,59.5,240
9410230,2017-02-12,58.74625,55.8,59.7,240
9410230,2017-02-13,58.600836820083686,55.2,60.3,239
9410230,2017-02-14,59.325,58.1,60.4,240
9410230,2017-02-15,59.10375,57.6,60.4,240
9410230,2017-02-16,59.02166666666667,57.7,60.1,240
9410230,2017-02-17,58.35291666666667,57.2,59.2,240
9410230,2017-02-18,58.97824267782427,58.3,59.4,239
9410230,2017-02-19,59.28075313807531,59.0,59.7,239
9410230,2017-02-20,59.58625,58.6,61.2,240
9410230,2017-02-21,59.60166666666667,58.3,60.6,240
9410230,2017-02-22,59.92194092827004,58.8,60.8,237
9410230,2017-02-23,59.24170212765957,58.5,59.7,235
9410230,2017-02-24,58.673750000000005,57.2,59.7,240
9410230,2017-02-25,59.16125,58.3,60.3,240
9410230,2017-02-26,59.0375,56.8,59.5,240
9410230,2017-02-27,58.32291666666666,57.9,58.6,240
9410230,2017-02-28,58.37791666666667,57.6,59.4,240
9410230,2017-03-01,58.92875,57.9,60.8,240
9410230,2017-03-02,59.001666666666665,58.5,60.1,240
9410230,2017-03-03,59.17041666666667,58.6,60.3,240
9410230,2017-03-04,59.09916666666666,58.6,59.7,240
9410230,2017-03-05,59.4825,59.0,60.1,240
9410230,2017-03-06,59.38916666666667,58.5,60.1,240
9410230,2017-03-07,59.78916666666667,58.8,60.8,240
9410230,2017-03-08,59.704166666666666,58.5,61.9,240
9410230,2017-03-09,59.935833333333335,57.9,62.6,240
9410230,2017-03-10,60.080000000000005,57.6,63.0,240
9410230,2017-03-11,60.64083333333333,57.9,62.1,240
9410230,2017-03-12,60.60652173913044,58.8,61.9,230
9410230,2017-03-13,60.8,59.4,61.9,240
9410230,2017-03-14,60.58833333333334,57.7,62.4,240
9410230,2017-03-15,60.6020920502092,58.8,61.9,239
9410230,2017-03-16,60.45916666666667,57.4,63.0,240
9410230,2017-03-17,60.989121338912135,58.5,62.2,239
9410230,2017-03-18,60.47083333333333,57.0,61.9,240
9410230,2017-03-19,60.71125,57.4,62.8,240
9410230,2017-03-20,61.43125,58.5,63.5,240
9410230,2017-03-21,61.81625,58.6,63.7,240
9410230,2017-03-22,62.685,60.6,63.7,240
9410230,2017-03-23,62.47573221757322,61.7,63.3,239
9410230,2017-03-24,62.29748953974896,60.6,63.9,239
9410230,2017-03-25,61.57041666666667,57.7,63.3,240
9410230,2017-03-26,61.73416666666667,57.4,63.7,240
9410230,2017-03-27,61.69916666666666,56.7,63.9,240
9410230,2017-03-28,61.30384615384615,55.4,64.8,234
9410230,2017-03-29,61.92888888888889,59.2,64.2,180
9410230,2017-03-30,61.096774193548384,59.5,62.2,93
9410230,2017-04-02,62.67,59.9,65.1,240
9410230,2017-04-03,62.777637130801686,61.0,63.7,237
9410230,2017-04-04,62.45166666666667,59.2,64.0,240
9410230,2017-04-05,61.23389121338912,56.5,63.5,239
9410230,2017-04-06,61.8694560669456,57.2,64.0,239
9410230,2017-04-07,61.525941422594144,55.6,64.4,239
9410230,2017-04-08,61.36443514644352,57.9,63.3,239
9410230,2017-04-09,60.61715481171548,57.2,62.4,239
9410230,2017-04-10,60.981589958159,56.8,63.3,239
9410230,2017-04-11,60.40378151260504,56.1,63.7,238
9410230,2017-04-12,61.08995815899581,56.7,63.7,239
9410230,2017-04-13,60.82133891213389,55.9,63.9,239
9410230,2017-04-14,61.13012552301255,56.1,63.0,239
9410230,2017-04-15,59.30583333333333,55.0,63.1,240
9410230,2017-04-16,58.56765957446808,53.6,63.3,235
9410230,2017-04-17,58.12208333333333,53.6,63.7,240
9410230,2017-04-18,58.917647058823526,53.6,63.1,238
9410230,2017-04-19,60.09041666666667,54.0,63.1,240
9410230,2017-04-20,59.83125,54.9,63.1,240
9410230,2017-04-21,59.135,55.2,63.5,240
9410230,2017-04-22,59.53541666666667,53.8,64.8,240
9410230,2017-04-23,62.26569037656904,56.3,65.3,239
9410230,2017-04-24,62.51757322175733,60.1,63.9,239
9410230,2017-04-25,62.92426778242677,61.3,64.0,239
9410230,2017-04-26,63.30962343096234,59.9,65.1,239
9410230,2017-04-27,63.19583333333333,57.6,64.9,240
9410230,2017-04-28,62.46208333333333,57.4,65.5,240
9410230,2017-04-29,60.490794979079496,55.2,64.8,239
9410230,2017-04-30,60.52208333333333,53.1,64.0,240
9410230,2017-05-01,61.56,55.2,64.8,240
9410230,2017-05-02,61.80333333333333,55.0,66.0,240
9410230,2017-05-03,64.70962343096234,57.2,68.2,239
9410230,2017-05-04,64.34435146443515,55.0,68.5,239
9410230,2017-05-05,62.186554621848735,55.4,66.6,238
9410230,2017-05-06,62.614830508474576,55.8,64.6,236
9410230,2017-05-07,62.72100840336135,62.2,63.3,238
9410230,2017-05-08,62.00291666666667,57.6,64.4,240
9410230,2017-05-09,62.46016949152543,59.7,63.3,236
9410230,2017-05-10,63.025416666666665,59.5,64.6,240
9410230,2017-05-11,62.09621848739496,55.4,65.3,238
9410230,2017-05-12,61.522689075630254,55.4,64.2,238
9410230,2017-05-13,62.306302521008405,59.5,64.9,238
9410230,2017-05-14,62.39747899159664,58.6,63.9,238
9410230,2017-05-15,63.74008438818565,62.8,64.9,237
9410230,2017-05-16,64.40379746835444,63.5,65.8,237
9410230,2017-05-17,64.98083333333334,63.9,66.2,240
9410230,2017-05-18,65.55217391304348,61.9,67.5,230
9410230,2017-05-19,65.44201680672269,61.0,68.0,238
9410230,2017-05-20,63.53220338983051,57.4,66.9,236
9410230,2017-05-21,63.291525423728814,58.1,67.8,236
9410230,2017-05-22,62.785,56.1,68.5,240
9410230,2017-05-23,60.29333333333333,54.5,66.6,240
9410230,2017-05-24,57.78666666666666,53.4,63.5,240
9410230,2017-05-25,59.4625,53.2,63.9,240
9410230,2017-05-26,60.27208333333333,53.4,64.9,240
9410230,2017-05-27,61.986666666666665,55.8,64.0,240
9410230,2017-05-28,60.46,55.4,64.2,240
9410230,2017-05-29,60.55125,54.9,63.7,240
9410230,2017-05-30,62.30125523012552,56.8,63.5,239
9410230,2017-05-31,62.70375,59.7,63.1,240
9410230,2017-06-01,63.44708333333333,62.2,64.6,240
9410230,2017-06-02,64.2,59.9,65.7,240
9410230,2017-06-03,64.16317991631799,59.5,65.5,239
9410230,2017-06-04,64.82374999999999,63.7,65.3,240
9410230,2017-06-05,64.91625,62.6,65.5,240
9410230,2017-06-06,64.78875,61.7,65.1,240
9410230,2017-06-07,64.77791666666666,62.6,65.5,240
9410230,2017-06-08,65.63000000000001,62.8,67.6,240
9410230,2017-06-09,66.24458333333334,61.5,68.4,240
9410230,2017-06-10,66.20833333333333,61.5,67.8,240
9410230,2017-06-11,66.37,62.4,67.3,240
9410230,2017-06-12,66.63138075313807,64.4,68.4,239
9410230,2017-06-13,66.87833333333333,61.5,69.3,240
9410230,2017-06-14,67.24208333333334,59.7,70.7,240
9410230,2017-06-15,68.18041666666666,62.4,71.2,240
9410230,2017-06-16,67.98125,58.5,71.8,240
9410230,2017-06-17,69.87458333333333,65.8,72.7,240
9410230,2017-06-18,70.43291666666667,66.7,72.5,240
9410230,2017-06-19,69.17541666666666,64.2,72.0,240
9410230,2017-06-20,66.62041666666667,57.4,70.7,240
9410230,2017-06-21,61.08625,53.1,68.2,240
9410230,2017-06-22,61.985,53.6,66.2,240
9410230,2017-06-23,64.47041666666667,61.9,66.0,240
9410230,2017-06-24,62.92541666666667,56.8,66.2,240
9410230,2017-06-25,59.435833333333335,54.0,65.1,240
9410230,2017-06-26,61.215,54.0,66.6,240
9410230,2017-06-27,63.314166666666665,55.2,70.3,240
9410230,2017-06-28,63.76833333333333,55.8,69.4,240
9410230,2017-06-29,63.47875,54.5,69.3,240
9410230,2017-06-30,64.60791666666667,56.7,68.9,240
9410230,2017-07-01,65.05,57.4,68.9,240
9410230,2017-07-02,66.00833333333334,60.4,68.9,240
9410230,2017-07-03,67.89125,64.4,70.3,240
9410230,2017-07-04,66.01583333333333,58.8,70.3,240
9410230,2017-07-05,64.86083333333333,57.7,69.8,240
9410230,2017-07-06,66.19666666666667,58.3,71.8,240
9410230,2017-07-07,66.09625,57.9,73.0,240
9410230,2017-07-08,67.96,61.5,71.4,240
9410230,2017-07-09,70.51166666666667,63.7,73.4,240
9410230,2017-07-10,72.70291666666667,65.1,74.8,240
9410230,2017-07-11,72.87208333333334,67.5,75.9,240
9410230,2017-07-12,72.33874999999999,66.0,76.5,240
9410230,2017-07-13,73.40958333333333,66.4,76.5,240
9410230,2017-07-14,74.59166666666667,71.2,76.5,240
9410230,2017-07-15,73.48291666666667,65.5,76.5,240
9410230,2017-07-16,72.88166666666666,64.2,75.4,240
9410230,2017-07-17,75.23458333333333,72.0,76.5,240
9410230,2017-07-18,74.975,70.5,77.4,240
9410230,2017-07-19,73.85249999999999,67.1,77.9,240
9410230,2017-07-20,72.73291666666667,65.8,76.5,240
9410230,2017-07-21,73.145,65.1,76.5,240
9410230,2017-07-22,74.95416666666667,66.4,76.5,240
9410230,2017-07-23,75.43125,72.3,76.6,240
9410230,2017-07-24,75.10416666666667,68.0,77.2,240
9410230,2017-07-25,74.91958333333334,67.6,76.3,240
9410230,2017-07-26,74.93666666666667,68.7,76.1,240
9410230,2017-07-27,74.58375,68.2,76.5,240
9410230,2017-07-28,73.92791666666668,65.8,76.5,240
9410230,2017-07-29,73.46583333333334,67.3,76.6,240
9410230,2017-07-30,73.77208333333333,64.4,76.5,240
9410230,2017-07-31,73.27875,63.5,75.7,240
9410230,2017-08-01,72.52291666666666,64.0,75.7,240
9410230,2017-08-02,71.03583333333333,65.3,75.2,240
9410230,2017-08-03,71.71166666666666,64.9,75.6,240
9410230,2017-08-04,71.59750000000001,65.3,76.3,240
9410230,2017-08-05,68.91625,60.4,76.8,240
9410230,2017-08-06,69.6225,60.6,75.9,240
9410230,2017-08-07,67.34916666666666,60.1,75.0,240
9410230,2017-08-08,64.8775,59.2,73.6,240
9410230,2017-08-09,64.85625,58.1,71.8,240
9410230,2017-08-10,63.84916666666666,58.1,69.8,240
9410230,2017-08-11,62.78833333333333,57.7,69.4,240
9410230,2017-08-12,63.42125,57.4,69.8,240
9410230,2017-08-13,65.98166666666667,59.0,71.6,240
9410230,2017-08-14,67.64333333333333,62.1,71.1,240
9410230,2017-08-15,67.39666666666668,61.5,69.3,240
9410230,2017-08-16,67.88916666666667,61.7,72.0,240
9410230,2017-08-17,68.88958333333333,60.6,73.0,240
9410230,2017-08-18,69.97749999999999,63.1,73.8,240
9410230,2017-08-19,67.61708333333334,60.4,72.7,240
9410230,2017-08-20,69.14125,59.5,73.2,240
9410230,2017-08-21,72.21791666666667,66.7,73.8,240
9410230,2017-08-22,72.11458333333333,65.7,73.8,240
9410230,2017-08-23,72.14291666666666,67.5,73.0,240
9410230,2017-08-24,71.16416666666667,64.6,72.3,240
9410230,2017-08-25,70.95625,67.3,72.0,240
9410230,2017-08-26,70.14625,63.5,72.3,240
9410230,2017-08-27,70.5075,65.5,71.6,240
9410230,2017-08-28,69.20958333333333,64.4,72.3,240
9410230,2017-08-29,69.7475,63.7,73.0,240
9410230,2017-08-30,68.61416666666668,61.7,74.3,240
9410230,2017-08-31,69.09916666666666,61.5,74.3,240
9410230,2017-09-01,70.52875,63.5,73.6,240
9410230,2017-09-02,71.00166666666668,63.9,76.8,240
9410230,2017-09-03,71.13875,61.3,75.7,240
9410230,2017-09-04,73.40458333333332,70.9,74.3,240
9410230,2017-09-05,72.52583333333334,69.8,74.1,240
9410230,2017-09-06,72.32333333333332,65.8,74.7,240
9410230,2017-09-07,70.25864978902953,61.9,73.8,237
9410230,2017-09-08,71.195,66.2,73.2,240
9410230,2017-09-09,71.16208333333334,63.7,73.8,240
9410230,2017-09-10,70.56750000000001,60.8,73.8,240
9410230,2017-09-11,70.195,62.1,74.8,240
9410230,2017-09-12,70.82541666666665,63.0,73.6,240
9410230,2017-09-13,69.97875,64.9,72.3,240
9410230,2017-09-14,70.80958333333334,66.2,72.7,240
9410230,2017-09-15,71.06,69.3,73.2,240
9410230,2017-09-16,71.2075,69.6,72.3,240
9410230,2017-09-17,71.50708333333334,70.5,72.5,240
9410230,2017-09-18,71.77125,68.9,73.6,240
9410230,2017-09-19,71.065,68.0,72.7,240
9410230,2017-09-20,70.14125,66.4,71.2,240
9410230,2017-09-21,69.93875,69.3,70.5,240
9410230,2017-09-22,69.71715481171549,67.6,70.5,239
9410230,2017-09-23,69.41541666666667,64.2,70.5,240
9410230,2017-09-24,68.355,61.7,70.5,240
9410230,2017-09-25,68.54916666666666,63.3,72.1,240
9410230,2017-09-26,69.17541666666666,64.8,71.6,240
9410230,2017-09-27,70.06750000000001,68.2,72.1,240
9410230,2017-09-28,69.94225941422594,68.0,71.1,239
9410230,2017-09-29,69.80333333333333,64.2,71.6,240
9410230,2017-09-30,70.62083333333334,66.6,72.5,240
9410230,2017-10-01,70.34375,64.6,71.2,240
9410230,2017-10-02,71.02958333333332,70.3,72.0,240
9410230,2017-10-03,70.61458333333333,67.5,71.6,240
9410230,2017-10-04,70.57083333333334,69.8,72.0,240
9410230,2017-10-05,70.19208333333333,67.6,71.8,240
9410230,2017-10-06,68.73291666666667,65.1,71.2,240
9410230,2017-10-07,67.83041666666666,63.5,70.0,240
9410230,2017-10-08,68.13125,64.9,69.4,240
9410230,2017-10-09,69.975,66.9,71.8,240
9410230,2017-10-10,70.43374999999999,66.6,72.3,240
9410230,2017-10-11,70.33208333333333,67.5,71.6,240
9410230,2017-10-12,69.89958333333334,65.7,71.8,240
9410230,2017-10-13,69.69291666666666,66.0,71.2,240
9410230,2017-10-14,69.72041666666668,66.6,71.1,240
9410230,2017-10-15,70.05625,67.5,72.3,240
9410230,2017-10-16,70.41541666666667,67.6,71.8,240
9410230,2017-10-17,69.91208333333334,67.6,73.0,240
9410230,2017-10-18,70.91791666666667,65.8,72.7,240
9410230,2017-10-19,71.77322175732218,69.8,72.5,239
9410230,2017-10-20,71.6075,68.9,72.3,240
9410230,2017-10-21,69.12291666666667,60.1,71.4,240
9410230,2017-10-22,68.70875,63.3,70.9,240
9410230,2017-10-23,67.57125,61.9,70.2,240
9410230,2017-10-24,66.63875,60.4,71.1,240
9410230,2017-10-25,67.51916666666666,61.7,70.5,240
9410230,2017-10-26,67.84583333333333,64.8,70.2,240
9410230,2017-10-27,69.56833333333334,65.8,70.9,240
9410230,2017-10-28,69.64375,66.0,71.8,240
9410230,2017-10-29,70.72083333333333,67.6,71.8,240
9410230,2017-10-30,70.93291666666667,69.4,71.2,240
9410230,2017-10-31,70.50874999999999,67.6,71.4,240
9410230,2017-11-01,69.90541666666667,65.7,71.1,240
9410230,2017-11-02,68.80916666666667,64.9,70.7,240
9410230,2017-11-03,68.75625,65.5,70.2,240
9410230,2017-11-04,68.80541666666666,65.8,70.9,240
9410230,2017-11-05,68.60916666666667,66.2,69.6,240
9410230,2017-11-06,67.99791666666667,65.8,69.3,240
9410230,2017-11-07,67.72970711297071,66.6,68.7,239
9410230,2017-11-08,67.25208333333333,65.7,68.0,240
9410230,2017-11-09,67.0375,64.2,68.4,240
9410230,2017-11-10,66.91125000000001,64.2,68.2,240
9410230,2017-11-11,66.78708333333333,63.5,68.0,240
9410230,2017-11-12,66.81291666666667,66.2,67.5,240
9410230,2017-11-13,66.68666666666667,65.7,67.3,240
9410230,2017-11-14,66.78625000000001,65.8,67.6,240
9410230,2017-11-15,66.45416666666667,65.3,67.3,240
9410230,2017-11-16,65.9275,61.9,67.1,240
9410230,2017-11-17,65.6875,62.4,67.1,240
9410230,2017-11-18,64.54291666666667,62.2,66.2,240
9410230,2017-11-19,63.63583333333334,61.7,65.7,240
9410230,2017-11-20,63.73875,61.3,64.6,240
9410230,2017-11-21,64.08,63.1,64.8,240
9410230,2017-11-22,63.97583333333333,63.0,64.8,240
9410230,2017-11-23,65.47958333333334,63.5,67.5,240
9410230,2017-11-24,67.24499999999999,65.7,68.9,240
9410230,2017-11-25,68.23125,66.0,68.7,240
9410230,2017-11-26,66.90833333333333,64.9,68.5,240
9410230,2017-11-27,65.56375,64.4,67.6,240
9410230,2017-11-28,65.29916666666666,64.6,65.7,240
9410230,2017-11-29,65.84375,65.3,66.7,240
9410230,2017-11-30,65.9025,65.5,66.2,240
9410230,2017-12-01,66.02125,65.5,66.9,240
9410230,2017-12-02,66.08208333333333,64.4,66.7,240
9410230,2017-12-03,66.29708333333333,64.6,67.1,240
9410230,2017-12-04,66.11666666666666,64.4,67.3,240
9410230,2017-12-05,65.70208333333333,64.6,66.4,240
9410230,2017-12-06,65.43791666666667,64.4,66.7,240
9410230,2017-12-07,65.21166666666666,64.8,65.7,240
9410230,2017-12-08,65.41749999999999,64.8,66.2,240
9410230,2017-12-09,65.3175,64.6,65.8,240
9410230,2017-12-10,65.86333333333333,65.3,66.4,240
9410230,2017-12-11,66.15708333333333,65.8,66.7,240
9410230,2017-12-12,66.29166666666667,65.8,66.7,240
9410230,2017-12-13,66.3375,65.7,67.1,240
9410230,2017-12-14,66.25458333333333,65.5,66.9,240
9410230,2017-12-15,66.36333333333333,65.7,67.3,240
9410230,2017-12-16,66.5325,66.0,66.9,240
9410230,2017-12-17,66.64291666666666,66.0,67.5,240
9410230,2017-12-18,66.81875,66.2,67.6,240
9410230,2017-12-19,66.82875,66.0,67.5,240
9410230,2017-12-20,66.8375,66.4,67.5,240
9410230,2017-12-21,66.42125,65.7,67.1,240
9410230,2017-12-22,66.19291666666668,65.5,66.9,240
9410230,2017-12-23,66.17291666666667,65.5,66.7,240
9410230,2017-12-24,66.10875,65.3,66.9,240
9410230,2017-12-25,66.07291666666667,65.5,66.6,240
9410230,2017-12-26,66.15291666666667,65.5,66.7,240
9410230,2017-12-27,66.59166666666667,66.0,67.8,240
9410230,2017-12-28,66.73,66.0,67.6,240
9410230,2017-12-29,67.04333333333334,65.8,68.4,240
9410230,2017-12-30,67.45875,66.9,68.4,240
9410230,2017-12-31,67.07625,66.4,67.6,240
9410230,2018-01-01,66.845,66.4,67.5,240
9410230,2018-01-02,66.65333333333334,65.7,67.6,240
9410230,2018-01-03,66.15106382978723,65.8,66.4,94
9410230,2018-08-09,73.46867469879517,71.1,77.2,83
9410230,2018-08-10,74.97208333333333,70.2,79.2,240
9410230,2018-08-11,74.35,67.1,77.9,240
9410230,2018-08-12,74.98166666666665,67.5,78.8,240
9410230,2018-08-13,75.33723849372385,67.5,79.2,239
9410230,2018-08-14,72.78291666666668,63.7,77.9,240
9410230,2018-08-15,70.60041666666666,62.1,75.9,240
9410230,2018-08-16,72.16875,63.3,75.2,240
9410230,2018-08-17,72.75958333333332,64.2,76.3,240
9410230,2018-08-18,71.30833333333334,63.3,76.1,240
9410230,2018-08-19,72.235,64.6,76.5,240
9410230,2018-08-20,72.60375,61.3,75.9,240
9410230,2018-08-21,73.61583333333333,65.1,76.5,240
9410230,2018-08-22,73.57208333333332,65.3,77.2,240
9410230,2018-08-23,73.93221757322175,64.8,78.4,239
9410230,2018-08-24,72.6,62.1,77.2,240
9410230,2018-08-25,73.15208333333334,64.2,76.8,240
9410230,2018-08-26,72.42382978723404,60.8,76.8,235
9410230,2018-08-27,71.9337552742616,61.2,76.5,237
9410230,2018-08-28,72.34034334763948,63.5,76.5,233
9410230,2018-08-29,72.14583333333333,64.9,76.5,240
9410230,2018-08-30,70.12719665271968,60.8,76.3,239
9410230,2018-08-31,71.34243697478992,66.0,75.6,238
9410230,2018-09-01,72.19041666666666,66.9,74.1,240
9410230,2018-09-02,73.23625,72.3,74.7,240
9410230,2018-09-03,74.43291666666667,70.2,74.8,240
9410230,2018-09-04,73.94083333333333,68.4,74.5,240
9410230,2018-09-05,74.22625,68.9,75.6,240
9410230,2018-09-06,72.65791666666668,64.0,75.0,240
9410230,2018-09-07,71.22749999999999,61.5,73.8,240
9410230,2018-09-08,70.565,62.8,74.1,240
9410230,2018-09-09,70.24291666666666,62.4,73.8,240
9410230,2018-09-10,68.58958333333334,59.9,72.1,240
9410230,2018-09-11,70.40249999999999,59.5,73.4,240
9410230,2018-09-12,71.6213389121339,62.8,73.6,239
9410230,2018-09-13,72.2866108786611,68.2,73.8,239
9410230,2018-09-14,70.88458333333332,64.0,73.8,240
9410230,2018-09-15,70.79708333333333,63.0,74.1,240
9410230,2018-09-16,70.27949790794979,61.2,73.4,239
9410230,2018-09-17,69.53125,61.2,72.5,240
9410230,2018-09-18,69.35541666666667,59.2,72.5,240
9410230,2018-09-19,69.88666666666667,61.9,72.1,240
9410230,2018-09-20,70.17583333333333,65.5,71.6,240
9410230,2018-09-21,70.06778242677825,64.0,72.0,239
9410230,2018-09-22,69.52916666666667,63.5,71.4,240
9410230,2018-09-23,68.55708333333334,63.3,71.8,240
9410230,2018-09-24,69.31875,63.3,70.7,240
9410230,2018-09-25,69.50125,65.3,71.1,240
9410230,2018-09-26,68.26541666666667,61.2,70.5,240
9410230,2018-09-27,67.54416666666667,61.3,69.4,240
9410230,2018-09-28,67.33874999999999,62.4,69.6,240
9410230,2018-09-29,67.17573221757323,60.6,69.4,239
9410230,2018-09-30,66.1,59.7,69.6,240
9410230,2018-10-01,65.42791666666668,59.5,68.5,240
9410230,2018-10-02,65.4125,58.3,69.1,240
9410230,2018-10-03,66.10666666666667,59.7,69.1,240
9410230,2018-10-04,67.76416666666667,63.5,70.3,240
9410230,2018-10-05,65.73333333333333,61.5,69.8,240
9410230,2018-10-06,65.2050209205021,61.9,67.6,239
9410230,2018-10-07,64.97364016736401,62.8,66.2,239
9410230,2018-10-08,65.20416666666667,59.5,67.1,240
9410230,2018-10-09,65.92573839662447,61.7,67.5,237
9410230,2018-10-10,66.3475,62.6,67.8,240
9410230,2018-10-11,67.00836820083683,65.1,67.8,239
9410230,2018-10-12,66.37339055793991,63.1,67.5,233
9410230,2018-10-13,65.71659388646289,61.2,67.1,229
9410230,2018-10-14,65.09163179916318,62.4,66.6,239
9410230,2018-10-15,64.98661087866108,62.4,66.6,239
9410230,2018-10-16,64.2765690376569,60.8,66.0,239
9410230,2018-10-17,65.02510460251047,63.5,66.4,239
9410230,2018-10-18,65.295,64.8,65.8,240
9410230,2018-10-19,64.87740585774058,63.7,65.8,239
9410230,2018-10-20,64.97416666666666,63.3,65.8,240
9410230,2018-10-21,65.40546218487395,61.7,66.6,238
9410230,2018-10-22,65.93179916317992,64.6,66.7,239
9410230,2018-10-23,66.14458333333333,65.3,66.7,240
9410230,2018-10-24,66.26291666666667,64.8,67.5,240
9410230,2018-10-25,66.40458333333333,64.0,67.1,240
9410230,2018-10-26,66.31208333333333,62.4,66.9,240
9410230,2018-10-27,66.24058577405857,63.3,67.1,239
9410230,2018-10-28,66.2975,63.3,67.1,240
9410230,2018-10-29,66.49625,64.8,67.3,240
9410230,2018-10-30,66.60041666666667,65.5,67.1,240
9410230,2018-10-31,66.96541666666667,66.2,67.8,240
9410230,2018-11-01,66.7355648535565,66.0,68.0,239
9410230,2018-11-02,66.56527196652719,65.1,67.6,239
9410230,2018-11-03,66.50583333333333,64.9,67.8,240
9410230,2018-11-04,66.54873949579832,64.2,67.3,238
9410230,2018-11-05,65.9071129707113,63.5,66.9,239
9410230,2018-11-06,66.30420168067226,64.0,67.6,238
9410230,2018-11-07,66.69330543933054,66.0,67.1,239
9410230,2018-11-08,67.01476793248945,66.6,67.8,237
9410230,2018-11-09,66.71,66.2,67.3,240
9410230,2018-11-10,66.2675,65.3,66.7,240
9410230,2018-11-11,65.6953781512605,64.0,66.6,238
9410230,2018-11-12,64.89662447257383,62.8,65.7,237
9410230,2018-11-13,63.90627615062762,60.8,64.8,239
9410230,2018-11-14,64.23849372384937,63.3,65.1,239
9410230,2018-11-15,64.27166666666668,63.7,64.9,240
9410230,2018-11-16,64.23655462184874,63.3,65.3,238
9410230,2018-11-17,64.44208333333333,63.7,65.1,240
9410230,2018-11-18,64.645,63.9,65.5,240
9410230,2018-11-19,65.025,64.4,65.8,240
9410230,2018-11-20,65.135,64.2,66.7,240
9410230,2018-11-21,65.25732217573221,64.6,66.2,239
9410230,2018-11-22,65.37698744769875,64.9,66.0,239
9410230,2018-11-23,64.865,64.2,65.3,240
9410230,2018-11-24,64.51757322175732,63.7,65.3,239
9410230,2018-11-25,64.3652719665272,63.5,65.3,239
9410230,2018-11-26,64.37071129707113,63.5,65.3,239
9410230,2018-11-27,63.78535564853557,60.4,64.6,239
9410230,2018-11-28,63.83881856540085,59.7,64.6,237
9410230,2018-11-29,64.25949367088607,63.9,64.6,237
9410230,2018-11-30,63.76512605042017,63.5,64.2,238
9410230,2018-12-01,63.642916666666665,63.3,64.2,240
9410230,2018-12-02,63.02,62.4,63.5,240
9410230,2018-12-03,62.75708333333333,62.1,63.5,240
9410230,2018-12-04,62.39705882352941,61.7,63.0,238
9410230,2018-12-05,61.912083333333335,61.3,62.4,240
9410230,2018-12-06,61.98117154811715,61.7,62.2,239
9410230,2018-12-07,62.23041666666666,61.7,63.0,240
9410230,2018-12-08,62.810041841004185,62.1,63.7,239
9410230,2018-12-09,62.782083333333325,61.9,63.3,240
9410230,2018-12-10,62.37071129707113,61.9,62.8,239
9410230,2018-12-11,62.36958333333334,61.9,62.8,240
9410230,2018-12-12,62.423750000000005,61.9,63.0,240
9410230,2018-12-13,62.44177215189874,61.9,62.8,237
9410230,2018-12-14,62.267647058823535,62.1,62.4,238
9410230,2018-12-15,62.33305439330544,61.7,63.0,239
9410230,2018-12-16,62.23054393305439,61.7,62.8,239
9410230,2018-12-17,62.32458333333333,61.9,62.8,240
9410230,2018-12-18,62.6347280334728,62.2,63.3,239
9410230,2018-12-19,62.41338912133891,62.1,63.0,239
9410230,2018-12-20,62.57949790794979,62.2,63.1,239
9410230,2018-12-21,62.46218487394958,61.9,62.8,238
9410230,2018-12-22,62.24388185654009,61.3,63.0,237
9410230,2018-12-23,62.133050847457625,59.4,62.8,236
9410230,2018-12-24,61.79621848739496,59.5,62.4,238
9410230,2018-12-25,61.54644351464435,60.1,62.1,239
9410230,2018-12-26,61.11392405063291,60.4,61.7,237
9410230,2018-12-27,60.90333333333333,60.3,61.3,240
9410230,2018-12-28,60.45439330543933,59.9,61.0,239
9410230,2018-12-29,60.38958333333333,59.9,61.0,240
9410230,2018-12-30,60.28410041841004,59.7,60.8,239
9410230,2018-12-31,60.28535564853556,59.9,60.4,239
9410230,2019-01-01,59.79125,59.4,60.1,240
9410230,2019-01-02,59.54831932773109,59.2,60.1,238
9410230,2019-01-03,59.75564853556485,58.6,61.2,239
9410230,2019-01-04,60.16166666666666,59.5,61.0,240
9410230,2019-01-05,59.67541666666667,59.2,60.1,240
9410230,2019-01-06,59.86108786610878,59.4,60.4,239
9410230,2019-01-07,59.88619246861924,59.5,60.4,239
9410230,2019-01-08,60.23333333333333,59.9,60.8,240
9410230,2019-01-09,60.29375,59.9,60.8,240
9410230,2019-01-10,60.311764705882354,60.1,60.8,238
9410230,2019-01-11,60.525941422594144,60.3,60.8,239
9410230,2019-01-12,60.7673640167364,60.4,61.2,239
9410230,2019-01-13,60.619166666666665,60.3,60.8,240
9410230,2019-01-14,60.42666666666666,60.4,60.6,240
9410230,2019-01-15,60.43080168776371,60.3,60.6,237
9410230,2019-01-16,60.71645569620253,60.6,61.0,237
9410230,2019-01-17,60.63489361702128,60.6,60.8,235
9410230,2019-01-18,60.73682008368201,60.4,61.3,239
9410230,2019-01-19,60.77991631799163,60.4,61.9,239
9410230,2019-01-20,60.89665271966527,60.4,61.9,239
9410230,2019-01-21,60.48410041841005,59.9,61.0,239
9410230,2019-01-22,59.892468619246856,59.0,61.0,239
9410230,2019-01-23,59.53403361344538,58.1,60.4,238
9410230,2019-01-24,59.69205020920502,59.0,60.8,239
9410230,2019-01-25,59.59916666666666,58.8,60.6,240
9410230,2019-01-26,59.52468619246861,59.0,60.3,239
9410230,2019-01-27,59.48781512605042,59.0,60.8,238
9410230,2019-01-28,59.7744769874477,59.2,61.3,239
9410230,2019-01-29,60.00083682008368,59.5,61.0,239
9410230,2019-01-30,59.974058577405856,59.2,60.6,239
9410230,2019-01-31,60.2020920502092,59.9,60.8,239
9410230,2019-02-01,60.14831932773109,59.7,60.6,238
9410230,2019-02-02,60.2,60.1,60.3,240
9410230,2019-02-03,60.12092050209205,59.7,60.6,239
9410230,2019-02-04,60.10672268907563,59.9,60.4,238
9410230,2019-02-05,59.81638655462184,59.0,60.3,238
9410230,2019-02-06,59.60251046025105,58.8,60.3,239
9410230,2019-02-07,59.507594936708855,58.5,60.3,237
9410230,2019-02-08,59.73682008368201,58.8,60.6,239
9410230,2019-02-09,59.75732217573222,59.2,60.4,239
9410230,2019-02-10,59.28953974895398,58.8,59.7,239
9410230,2019-02-11,59.17625,58.5,59.9,240
9410230,2019-02-12,59.22384937238494,58.8,59.9,239
9410230,2019-02-13,59.0234309623431,58.6,59.2,239
9410230,2019-02-14,59.11898734177216,59.0,59.4,237
9410230,2019-02-15,59.29831932773109,58.8,59.9,238
9410230,2019-02-16,59.2961373390558,59.0,59.7,233
9410230,2019-02-17,58.70882352941177,58.3,59.2,238
9410230,2019-02-18,58.55798319327731,57.7,59.5,238
9410230,2019-02-19,58.57958333333333,57.7,59.5,240
9410230,2019-02-20,57.82983193277311,57.6,58.5,238
9410230,2019-02-21,56.99456066945607,56.5,57.6,239
9410230,2019-02-22,57.55146443514644,56.5,58.6,239
9410230,2019-02-23,57.48117154811715,56.1,59.4,239
9410230,2019-02-24,57.60333333333333,56.5,59.0,240
9410230,2019-02-25,57.60041841004184,56.7,59.7,239
9410230,2019-02-26,57.71715481171548,57.0,58.5,239
9410230,2019-02-27,57.58912133891213,56.5,59.4,239
9410230,2019-02-28,57.8725,56.5,59.9,240
9410230,2019-03-01,58.281666666666666,57.2,59.5,240
9410230,2019-03-02,57.312916666666666,56.1,59.0,240
9410230,2019-03-03,57.8626050420168,57.2,59.0,238
9410230,2019-03-04,58.60210084033613,57.6,59.4,238
9410230,2019-03-05,58.567083333333336,57.2,60.1,240
9410230,2019-03-06,58.23041666666666,56.8,58.8,240
9410230,2019-03-07,58.71583333333333,57.4,59.7,240
9410230,2019-03-08,59.16041666666667,58.1,59.9,240
9410230,2019-03-09,59.25523012552301,57.7,60.3,239
9410230,2019-03-10,59.095652173913045,57.2,60.1,230
9410230,2019-03-11,58.49372384937239,57.2,59.4,239
9410230,2019-03-12,58.87208333333333,57.7,60.3,240
9410230,2019-03-13,59.00126582278481,57.9,59.7,237
9410230,2019-03-14,59.39831223628692,57.4,60.8,237
9410230,2019-03-15,59.58284518828452,57.4,61.2,239
9410230,2019-03-16,59.705416666666665,57.6,61.7,240
9410230,2019-03-17,60.21416666666666,57.9,63.7,240
9410230,2019-03-18,60.53125,57.9,62.2,240
9410230,2019-03-19,60.97708333333333,60.3,61.9,240
9410230,2019-03-20,60.541004184100416,60.1,61.3,239
9410230,2019-03-21,60.33625,59.9,60.6,240
9410230,2019-03-22,60.09083333333333,58.5,61.3,240
9410230,2019-03-23,60.74017467248908,58.6,62.2,229
9410230,2019-03-24,60.80583333333333,58.6,61.7,240
9410230,2019-03-25,60.81375,58.6,62.4,240
9410230,2019-03-26,60.22083333333333,58.8,61.7,240
9410230,2019-03-27,60.57333333333334,58.8,61.7,240
9410230,2019-03-28,60.940000000000005,58.5,62.2,240
9410230,2019-03-29,61.16541666666667,59.0,62.6,240
9410230,2019-03-30,60.56791666666666,57.2,62.8,240
9410230,2019-03-31,60.16583333333333,56.5,63.0,240
9410230,2019-04-01,59.91541666666667,56.1,63.1,240
9410230,2019-04-02,59.54083333333333,56.3,61.9,240
9410230,2019-04-03,60.568333333333335,57.4,62.2,240
9410230,2019-04-04,60.5125,57.0,62.4,240
9410230,2019-04-05,60.2425,57.0,62.6,240
9410230,2019-04-06,61.54708333333333,57.6,64.2,240
9410230,2019-04-07,60.09875,56.7,62.8,240
9410230,2019-04-08,60.21625,58.1,62.8,240
9410230,2019-04-09,61.28333333333333,59.7,63.0,240
9410230,2019-04-10,60.39446808510639,57.6,61.9,235
9410230,2019-04-11,59.91375,57.2,62.1,240
9410230,2019-04-12,60.86958333333334,58.1,62.8,240
9410230,2019-04-13,61.29041666666667,57.0,64.4,240
9410230,2019-04-14,60.89708333333333,55.0,63.5,240
9410230,2019-04-15,60.33416666666667,55.2,63.1,240
9410230,2019-04-16,60.204166666666666,55.9,62.2,240
9410230,2019-04-17,60.99541666666666,55.8,63.7,240
9410230,2019-04-18,60.99583333333333,55.2,63.7,240
9410230,2019-04-19,61.37708333333333,57.2,63.5,240
9410230,2019-04-20,62.30083333333334,59.5,63.7,240
9410230,2019-04-21,62.585,59.9,63.5,240
9410230,2019-04-22,62.08583333333333,57.6,64.0,240
9410230,2019-04-23,62.01041666666666,57.0,63.9,240
9410230,2019-04-24,63.21464435146443,58.8,65.5,239
9410230,2019-04-25,63.88416666666667,59.2,66.4,240
9410230,2019-04-26,63.75333333333333,59.5,66.2,240
9410230,2019-04-27,64.3655462184874,60.1,66.6,238
9410230,2019-04-28,65.37791666666666,63.5,66.7,240
9410230,2019-04-29,64.12375,60.8,64.9,240
9410230,2019-04-30,63.752500000000005,62.4,64.2,240
9410230,2019-05-01,64.23875,63.3,65.5,240
9410230,2019-05-02,64.09416666666667,60.8,65.8,240
9410230,2019-05-03,63.5475,59.0,66.4,240
9410230,2019-05-04,63.611666666666665,59.9,66.9,240
9410230,2019-05-05,64.06041666666667,59.0,66.6,240
9410230,2019-05-06,64.37916666666666,57.7,67.3,240
9410230,2019-05-07,65.15416666666667,59.7,66.9,240
9410230,2019-05-08,63.89333333333333,58.6,65.8,240
9410230,2019-05-09,63.84291666666666,60.1,66.0,240
9410230,2019-05-10,63.47208333333333,58.6,64.8,240
9410230,2019-05-11,64.32166666666667,63.3,65.5,240
9410230,2019-05-12,64.71083333333334,61.5,66.6,240
9410230,2019-05-13,65.04458333333334,60.8,65.8,240
9410230,2019-05-14,65.1025,58.8,66.7,240
9410230,2019-05-15,64.11999999999999,58.8,65.8,240
9410230,2019-05-16,64.45333333333333,60.3,65.8,240
9410230,2019-05-17,64.38786610878661,61.2,65.8,239
9410230,2019-05-18,63.8625,57.4,66.0,240
9410230,2019-05-19,64.34458333333333,59.7,65.1,240
9410230,2019-05-20,64.05588235294117,62.4,65.1,238
9410230,2019-05-21,63.65690376569037,63.1,64.2,239
9410230,2019-05-22,63.36793248945148,61.7,64.2,237
9410230,2019-05-23,63.63875,61.2,65.1,240
9410230,2019-05-24,62.73765690376569,57.9,65.8,239
9410230,2019-05-25,63.07166666666667,59.5,66.0,240
9410230,2019-05-26,63.44375,61.3,65.1,240
9410230,2019-05-27,63.55458333333333,61.2,65.5,240
9410230,2019-05-28,63.03333333333333,59.2,64.8,240
9410230,2019-05-29,63.83208333333334,56.8,66.4,240
9410230,2019-05-30,62.61625,55.4,66.6,240
9410230,2019-05-31,62.26,54.1,66.4,240
9410230,2019-06-01,63.26083333333334,55.9,65.1,240
9410230,2019-06-02,63.9675,59.9,65.3,240
9410230,2019-06-03,62.815000000000005,55.4,65.3,240
9410230,2019-06-04,63.03833333333333,57.6,65.1,240
9410230,2019-06-05,62.36987447698745,56.8,64.8,239
9410230,2019-06-06,62.65416666666667,57.6,64.4,240
9410230,2019-06-07,63.84875,59.9,64.9,240
9410230,2019-06-08,64.43125,58.5,66.4,240
9410230,2019-06-09,65.66375,63.9,68.0,240
9410230,2019-06-10,65.82083333333334,63.0,67.6,240
9410230,2019-06-11,65.86416666666666,57.7,68.7,240
9410230,2019-06-12,67.09159663865546,61.9,69.1,238
9410230,2019-06-13,65.27583333333334,57.9,68.4,240
9410230,2019-06-14,63.97866108786611,57.9,68.5,239
9410230,2019-06-15,65.58541666666666,58.3,68.7,240
9410230,2019-06-16,66.57,61.0,68.7,240
9410230,2019-06-17,65.36416666666666,59.7,67.1,240
9410230,2019-06-18,65.66541666666667,60.3,67.8,240
9410230,2019-06-19,62.52447257383966,56.3,67.5,237
9410230,2019-06-20,65.53625000000001,60.4,67.1,240
9410230,2019-06-21,65.50125,59.0,67.6,240
9410230,2019-06-22,66.30958333333334,62.2,67.8,240
9410230,2019-06-23,67.47791666666666,65.3,68.2,240
9410230,2019-06-24,67.47041666666667,65.5,68.4,240
9410230,2019-06-25,66.86317991631799,62.8,67.8,239
9410230,2019-06-26,66.13708333333334,61.3,67.6,240
9410230,2019-06-27,65.33416666666668,58.8,68.5,240
9410230,2019-06-28,62.895833333333336,57.2,68.5,240
9410230,2019-06-29,61.140851063829786,55.8,67.1,235
9410230,2019-06-30,59.9375,55.8,65.7,240
9410230,2019-07-01,59.66708333333334,55.0,65.7,240
9410230,2019-07-02,61.45333333333333,55.2,66.0,240
9410230,2019-07-03,62.215,55.4,64.8,240
9410230,2019-07-04,63.17698744769875,56.3,66.7,239
9410230,2019-07-05,63.34514767932489,55.0,66.9,237
9410230,2019-07-06,64.08523206751055,54.9,67.1,237
9410230,2019-07-07,66.33823529411765,61.7,67.5,238
9410230,2019-07-08,67.18162393162393,66.2,68.2,234
9410230,2019-07-09,67.75714285714287,64.9,68.9,238
9410230,2019-07-10,67.60504201680672,60.6,70.0,238
9410230,2019-07-11,67.52649572649572,61.2,70.3,234
9410230,2019-07-12,67.16371308016878,61.0,70.5,237
9410230,2019-07-13,68.15274261603376,60.4,70.9,237
9410230,2019-07-14,68.29033613445378,62.6,70.7,238
9410230,2019-07-15,68.62194092827004,61.9,71.1,237
9410230,2019-07-16,69.30600858369098,62.6,71.6,233
9410230,2019-07-17,68.36936170212766,62.2,70.0,235
9410230,2019-07-18,69.1409282700422,64.8,71.1,237
9410230,2019-07-19,69.80085836909872,64.6,71.4,233
9410230,2019-07-20,71.05983263598326,67.1,72.5,239
9410230,2019-07-21,71.2560669456067,66.0,73.6,239
9410230,2019-07-22,69.06958333333334,63.3,73.0,240
9410230,2019-07-23,68.40875,62.6,71.6,240
9410230,2019-07-24,69.16166666666666,64.0,75.0,240
9410230,2019-07-25,70.51208333333334,64.8,73.6,240
9410230,2019-07-26,70.43166666666666,65.1,73.8,240
9410230,2019-07-27,70.54458333333334,65.1,74.3,240
9410230,2019-07-28,72.41041666666666,66.6,76.1,240
9410230,2019-07-29,71.47166666666666,64.0,76.1,240
9410230,2019-07-30,71.53416666666666,62.2,74.8,240
9410230,2019-07-31,72.20041666666665,64.6,74.7,240
9410230,2019-08-01,71.67625,62.4,74.8,240
9410230,2019-08-02,69.02583333333334,58.3,73.8,240
9410230,2019-08-03,67.68041666666666,57.9,72.9,240
9410230,2019-08-04,66.62083333333334,56.8,72.3,240
9410230,2019-08-05,64.61958333333334,55.8,71.4,240
9410230,2019-08-06,65.06291666666667,57.4,70.5,240
9410230,2019-08-07,64.7275,56.1,70.3,240
9410230,2019-08-08,65.82583333333334,59.2,70.5,240
9410230,2019-08-09,68.00833333333334,60.8,70.5,240
9410230,2019-08-10,68.49333333333334,63.5,71.2,240
9410230,2019-08-11,69.325,64.6,71.6,240
9410230,2019-08-12,68.78833333333334,59.9,72.0,240
9410230,2019-08-13,68.93708333333333,62.8,71.8,240
9410230,2019-08-14,67.70958333333333,60.1,72.0,240
9410230,2019-08-15,66.94560669456067,61.3,70.7,239
9410230,2019-08-16,66.40291666666667,58.8,72.7,240
9410230,2019-08-17,67.7375,58.8,71.8,240
9410230,2019-08-18,67.64583333333333,60.1,71.6,240
9410230,2019-08-19,67.12541666666667,57.6,71.8,240
9410230,2019-08-20,64.11125,57.6,70.9,240
9410230,2019-08-21,61.73,56.5,68.7,240
9410230,2019-08-22,63.074476987447696,56.3,65.8,239
9410230,2019-08-23,66.68791666666667,64.9,68.4,240
9410230,2019-08-24,68.63916666666667,64.2,71.1,240
9410230,2019-08-25,69.05166666666668,63.1,70.5,240
9410230,2019-08-26,68.76958333333333,62.4,73.0,240
9410230,2019-08-27,69.96916666666667,63.7,73.8,240
9410230,2019-08-28,70.96708333333332,66.2,73.9,240
9410230,2019-08-29,72.38374999999999,68.5,75.0,240
9410230,2019-08-30,70.51255230125523,65.5,75.4,239
9410230,2019-08-31,71.82208333333332,66.0,76.5,240
9410230,2019-09-01,73.84375,67.8,76.3,240
9410230,2019-09-02,73.76291666666665,67.5,78.1,240
9410230,2019-09-03,74.69,70.5,78.3,240
9410230,2019-09-04,74.79367088607594,68.9,77.9,237
9410230,2019-09-05,74.59791666666666,68.5,77.7,240
9410230,2019-09-06,75.12916666666666,67.6,78.8,240
9410230,2019-09-07,73.1765690376569,63.3,78.8,239
9410230,2019-09-08,73.04625,61.9,77.0,240
9410230,2019-09-09,73.99083333333333,66.0,76.3,240
9410230,2019-09-10,75.12616033755275,74.5,75.7,237
9410230,2019-09-11,73.84916666666666,71.1,75.4,240
9410230,2019-09-12,74.68541666666667,73.2,75.7,240
9410230,2019-09-13,74.44624999999999,72.5,75.4,240
9410230,2019-09-14,71.05416666666666,63.9,74.5,240
9410230,2019-09-15,70.23166666666665,61.7,75.6,240
9410230,2019-09-16,68.96125,62.2,76.1,240
9410230,2019-09-17,69.705,63.7,74.5,240
9410230,2019-09-18,68.6531380753138,61.9,73.9,239
9410230,2019-09-19,67.86541666666668,60.8,70.7,240
9410230,2019-09-20,68.50416666666666,62.1,71.4,240
9410230,2019-09-21,68.22958333333334,60.3,72.3,240
9410230,2019-09-22,67.51833333333333,61.7,72.3,240
9410230,2019-09-23,68.9525,62.1,72.3,240
9410230,2019-09-24,68.3375,63.5,71.4,240
9410230,2019-09-25,68.10291666666667,61.5,70.9,240
9410230,2019-09-26,69.69333333333334,68.5,70.3,240
9410230,2019-09-27,70.22625,69.8,70.7,240
9410230,2019-09-28,70.55774058577406,70.3,71.1,239
9410230,2019-09-29,70.51708333333333,69.4,71.4,240
9410230,2019-09-30,70.11375,68.2,71.2,240
9410230,2019-10-01,68.14958333333333,59.9,70.2,240
9410230,2019-10-02,68.03166666666667,61.9,70.0,240
9410230,2019-10-03,68.75874999999999,60.4,70.3,240
9410230,2019-10-04,68.12625,62.2,70.2,240
9410230,2019-10-05,67.385,61.2,70.3,240
9410230,2019-10-06,66.89166666666667,62.8,69.1,240
9410230,2019-10-07,66.72291666666666,61.0,70.0,240
9410230,2019-10-08,66.02624999999999,60.8,68.9,240
9410230,2019-10-09,66.06875,60.3,69.3,240
9410230,2019-10-10,66.745,63.5,68.7,240
9410230,2019-10-11,66.66333333333334,61.5,68.7,240
9410230,2019-10-12,65.48833333333333,60.1,68.4,240
9410230,2019-10-13,64.60791666666667,59.5,68.9,240
9410230,2019-10-14,64.89416666666666,58.3,68.7,240
9410230,2019-10-15,64.69541666666666,59.0,68.2,240
9410230,2019-10-16,63.685833333333335,56.5,67.6,240
9410230,2019-10-17,65.18649789029536,56.8,67.5,237
9410230,2019-10-18,65.74083333333334,59.5,67.6,240
9410230,2019-10-19,63.96541666666667,57.9,67.8,240
9410230,2019-10-20,63.91583333333333,57.7,66.6,240
9410230,2019-10-21,62.77875,57.0,67.1,240
9410230,2019-10-22,62.37708333333333,57.9,66.7,240
9410230,2019-10-23,62.85458333333334,57.4,67.3,240
9410230,2019-10-24,63.843514644351465,59.0,66.9,239
9410230,2019-10-25,64.52083333333333,60.6,66.6,240
9410230,2019-10-26,66.58,62.1,68.5,240
9410230,2019-10-27,67.46778242677824,64.0,68.0,239
9410230,2019-10-28,67.75291666666666,67.1,68.4,240
9410230,2019-10-29,67.31958333333333,66.2,68.0,240
9410230,2019-10-30,65.81541666666666,63.1,67.5,240
9410230,2019-10-31,64.48875000000001,63.7,65.5,240
9410230,2019-11-01,63.80041841004184,63.3,64.4,239
9410230,2019-11-02,63.73416666666667,63.1,64.4,240
9410230,2019-11-03,64.03333333333333,62.8,65.7,240
9410230,2019-11-04,64.73083333333334,62.4,65.5,240
9410230,2019-11-05,64.79458333333334,63.5,65.5,240
9410230,2019-11-06,64.62125,61.9,65.5,240
9410230,2019-11-07,64.30708333333334,62.4,65.3,240
9410230,2019-11-08,63.672916666666666,62.6,64.4,240
9410230,2019-11-09,63.086666666666666,62.1,64.8,240
9410230,2019-11-10,64.84541666666667,63.1,66.2,240
9410230,2019-11-11,65.525,64.0,66.4,240
9410230,2019-11-12,64.4125,62.2,65.5,240
9410230,2019-11-13,63.83958333333333,62.1,65.1,240
9410230,2019-11-14,63.49075630252101,61.0,64.0,238
9410230,2019-11-15,62.82666666666667,61.3,63.9,240
9410230,2019-11-16,62.69916666666666,61.7,63.3,240
9410230,2019-11-17,62.36,60.8,63.9,240
9410230,2019-11-18,62.33556485355649,61.7,63.3,239
9410230,2019-11-19,62.36958333333334,61.7,62.8,240
9410230,2019-11-20,62.501666666666665,62.2,62.8,240
9410230,2019-11-21,62.77708333333333,62.4,63.5,240
9410230,2019-11-22,63.54541666666667,62.8,64.4,240
9410230,2019-11-23,63.59708333333333,63.0,64.4,240
9410230,2019-11-24,63.24916666666666,62.1,64.6,240
9410230,2019-11-25,62.7825,61.2,63.5,240
9410230,2019-11-26,62.285,61.0,62.8,240
9410230,2019-11-27,61.927083333333336,59.9,62.2,240
9410230,2019-11-28,61.49958333333333,61.0,62.1,240
9410230,2019-11-29,61.17958333333333,60.8,61.7,240
9410230,2019-11-30,61.22708333333333,60.6,61.5,240
9410230,2019-12-01,61.529583333333335,61.0,62.2,240
9410230,2019-12-02,61.63791666666667,61.2,62.1,240
9410230,2019-12-03,61.55439330543933,61.3,61.7,239
9410230,2019-12-04,61.5,61.5,61.5,238
9410230,2019-12-05,61.848333333333336,61.3,62.4,240
9410230,2019-12-06,61.99666666666667,61.7,62.4,240
9410230,2019-12-07,62.20125,62.1,62.4,240
9410230,2019-12-08,62.30083333333334,62.1,62.6,240
9410230,2019-12-09,62.16041666666667,61.9,62.4,240
9410230,2019-12-10,62.23389121338912,61.5,62.8,239
9410230,2019-12-11,62.139330543933056,61.7,62.6,239
9410230,2019-12-12,61.9625,60.8,62.8,240
9410230,2019-12-13,61.76208333333333,59.7,62.4,240
9410230,2019-12-14,61.68625,60.8,62.1,240
9410230,2019-12-15,61.598333333333336,60.8,61.9,240
9410230,2019-12-16,61.18708333333333,60.4,62.1,240
9410230,2019-12-17,60.71631799163181,59.9,61.5,239
9410230,2019-12-18,60.223333333333336,59.4,60.8,240
9410230,2019-12-19,60.12166666666667,58.8,60.8,240
9410230,2019-12-20,60.2425,59.5,61.0,240
9410230,2019-12-21,60.119166666666665,59.5,60.6,240
9410230,2019-12-22,60.185,59.7,60.4,240
9410230,2019-12-23,60.024166666666666,59.5,60.3,240
9410230,2019-12-24,60.12916666666667,59.9,60.4,240
9410230,2019-12-25,59.649166666666666,59.0,60.1,240
9410230,2019-12-26,59.43833333333334,59.2,59.7,240
9410230,2019-12-27,59.55458333333333,59.2,60.1,240
9410230,2019-12-28,59.21375,58.8,59.7,240
9410230,2019-12-29,59.25333333333333,58.6,59.9,240
9410230,2019-12-30,59.21833333333333,58.8,59.4,240
9410230,2019-12-31,59.27625,58.8,60.1,240
9410230,2020-01-01,59.23375,58.5,59.9,240
9410230,2020-01-02,59.67,59.2,60.3,240
9410230,2020-01-03,59.7975,59.4,60.4,240
9410230,2020-01-04,60.35375,59.5,61.2,240
9410230,2020-01-05,60.59333333333333,60.1,61.5,240
9410230,2020-01-06,60.27125,59.5,61.0,240
9410230,2020-01-07,60.486666666666665,59.7,61.3,240
9410230,2020-01-08,60.376666666666665,59.7,61.0,240
9410230,2020-01-09,60.4225,60.1,60.8,240
9410230,2020-01-10,60.32217573221757,59.7,61.3,239
9410230,2020-01-11,60.38541666666666,59.5,61.2,240
9410230,2020-01-12,60.30125,59.7,60.8,240
9410230,2020-01-13,59.924166666666665,59.2,60.3,240
9410230,2020-01-14,59.98375,59.4,60.6,240
9410230,2020-01-15,59.83958333333333,59.0,60.4,240
9410230,2020-01-16,59.65416666666667,59.4,60.1,240
9410230,2020-01-17,59.72875,59.2,60.4,240
9410230,2020-01-18,59.544583333333335,58.6,60.6,240
9410230,2020-01-19,59.84166666666667,59.2,60.8,240
9410230,2020-01-20,59.7875,59.0,60.1,240
9410230,2020-01-21,59.71791666666668,59.4,60.3,240
9410230,2020-01-22,59.79333333333333,59.4,60.8,240
9410230,2020-01-23,59.87125,59.4,60.8,240
9410230,2020-01-24,59.994166666666665,59.4,61.0,240
9410230,2020-01-25,60.26541666666666,59.9,60.6,240
9410230,2020-01-26,60.05333333333333,59.7,60.3,240
9410230,2020-01-27,60.12791666666667,59.5,60.8,240
9410230,2020-01-28,60.08416666666667,59.7,61.2,240
9410230,2020-01-29,59.900416666666665,59.5,60.6,240
9410230,2020-01-30,60.11708333333333,59.2,61.2,240
9410230,2020-01-31,60.22541666666667,59.5,60.8,240
9410230,2020-02-01,60.12125,59.5,61.0,240
9410230,2020-02-02,60.25333333333333,59.7,61.0,240
9410230,2020-02-03,60.14333333333333,59.5,60.6,240
9410230,2020-02-04,59.15083333333334,58.3,59.9,240
9410230,2020-02-05,58.88916666666667,57.9,59.9,240
9410230,2020-02-06,59.083333333333336,57.9,60.1,240
9410230,2020-02-07,59.28208333333334,58.6,60.6,240
9410230,2020-02-08,58.94416666666667,58.3,60.1,240
9410230,2020-02-09,58.81333333333334,57.6,59.2,240
9410230,2020-02-10,58.62208333333333,57.0,59.2,240
9410230,2020-02-11,58.59583333333333,57.9,59.2,240
9410230,2020-02-12,58.899166666666666,57.9,59.7,240
9410230,2020-02-13,59.3575,57.9,60.4,240
9410230,2020-02-14,59.92833333333333,59.2,61.0,240
9410230,2020-02-15,59.81625,58.6,60.8,240
9410230,2020-02-16,59.93,58.8,61.0,240
9410230,2020-02-17,59.88375,59.2,60.6,240
9410230,2020-02-18,60.031666666666666,59.2,61.0,240
9410230,2020-02-19,60.047457627118646,59.5,60.8,236
9410230,2020-02-20,60.01966527196653,59.4,60.4,239
9410230,2020-02-21,60.38193277310924,59.4,61.3,238
9410230,2020-02-22,60.19791666666666,57.9,60.8,240
9410230,2020-02-23,60.33682008368201,59.4,61.3,239
9410230,2020-02-24,60.44583333333333,58.6,61.7,240
9410230,2020-02-25,60.52708333333333,59.9,61.2,240
9410230,2020-02-26,60.06386554621849,58.8,61.7,238
9410230,2020-02-27,59.739495798319325,57.9,61.0,238
9410230,2020-02-28,59.69916666666666,58.1,60.6,240
9410230,2020-02-29,60.53666666666666,59.7,61.7,240
9410230,2020-03-01,60.4675,60.3,60.8,240
9410230,2020-03-02,60.53875,59.7,61.3,240
9410230,2020-03-03,60.72833333333333,59.7,61.9,240
9410230,2020-03-04,60.99583333333333,59.0,62.1,240
9410230,2020-03-05,61.41166666666666,60.4,62.4,240
9410230,2020-03-06,61.42666666666666,59.4,62.6,240
9410230,2020-03-07,61.62625,59.0,63.3,240
9410230,2020-03-08,61.3295652173913,57.4,63.1,230
9410230,2020-03-09,60.54208333333334,57.0,61.9,240
9410230,2020-03-10,60.62625,58.5,61.5,240
9410230,2020-03-11,61.39083333333333,60.6,62.8,240
9410230,2020-03-12,61.76625,61.3,62.4,240
9410230,2020-03-13,61.17196652719665,60.8,61.3,239
9410230,2020-03-14,61.270833333333336,60.6,62.1,240
9410230,2020-03-15,61.53041666666666,61.0,62.2,240
9410230,2020-03-16,61.74,61.3,62.2,240
9410230,2020-03-17,61.74541666666666,61.2,62.6,240
9410230,2020-03-18,61.18666666666666,60.4,61.9,240
9410230,2020-03-19,60.7275,59.9,61.7,240
9410230,2020-03-20,60.708333333333336,59.2,61.3,240
9410230,2020-03-21,61.450833333333335,60.6,62.8,240
9410230,2020-03-22,61.34458333333334,60.1,62.1,240
9410230,2020-03-23,61.830000000000005,59.2,63.3,240
9410230,2020-03-24,62.09375,60.4,63.0,240
9410230,2020-03-25,62.57083333333333,61.9,63.1,240
9410230,2020-03-26,61.865,61.0,62.8,240
9410230,2020-03-27,61.08708333333333,58.6,63.0,240
9410230,2020-03-28,60.7375,57.9,62.2,240
9410230,2020-03-29,61.217083333333335,59.7,63.1,240
9410230,2020-03-30,61.33125,59.5,62.8,240
9410230,2020-03-31,59.9025,58.1,61.2,240
9410230,2020-04-01,59.26458333333333,55.8,61.3,240
9410230,2020-04-02,58.96041666666667,55.0,60.4,240
9410230,2020-04-03,58.560833333333335,55.0,61.2,240
9410230,2020-04-04,60.34125,59.2,61.5,240
9410230,2020-04-05,60.915,60.3,61.7,240
9410230,2020-04-06,61.05416666666667,60.8,61.7,240
9410230,2020-04-07,60.6875,59.9,61.2,240
9410230,2020-04-08,60.40166666666666,59.7,61.3,240
9410230,2020-04-09,60.57791666666666,60.3,61.0,240
9410230,2020-04-10,60.33,59.9,60.6,240
9410230,2020-04-11,60.49708333333333,59.5,62.4,240
9410230,2020-04-12,61.06375,59.9,62.4,240
9410230,2020-04-13,61.087916666666665,59.9,62.4,240
9410230,2020-04-14,61.806666666666665,59.4,63.3,240
9410230,2020-04-15,60.17458333333333,57.7,64.9,240
9410230,2020-04-16,61.20875,57.6,63.9,240
9410230,2020-04-17,62.13875,57.7,64.8,240
9410230,2020-04-18,62.585,59.0,64.4,240
9410230,2020-04-19,62.33416666666667,59.5,63.7,240
9410230,2020-04-20,61.805416666666666,59.2,63.9,240
9410230,2020-04-21,62.3125,58.8,64.2,240
9410230,2020-04-22,61.36666666666667,57.7,66.4,240
9410230,2020-04-23,61.16333333333333,57.2,66.7,240
9410230,2020-04-24,60.68458333333333,54.9,71.8,240
9410230,2020-04-25,60.5475,54.5,70.7,240
9410230,2020-04-26,62.05583333333333,54.5,70.5,240
9410230,2020-04-27,62.875416666666666,55.8,69.3,240
9410230,2020-04-28,64.29958333333333,57.9,67.8,240
9410230,2020-04-29,63.880833333333335,57.9,67.3,240
9410230,2020-04-30,63.55125,56.7,69.1,240
9410230,2020-05-01,64.77916666666667,55.2,69.8,240
9410230,2020-05-02,66.77416666666666,62.6,70.3,240
9410230,2020-05-03,67.03291666666667,57.7,72.0,240
9410230,2020-05-04,67.3125,61.7,72.5,240
9410230,2020-05-05,65.70541666666666,60.1,73.0,240
9410230,2020-05-06,62.88875,55.4,71.4,240
9410230,2020-05-07,63.04958333333333,57.0,68.4,240
9410230,2020-05-08,67.33541666666666,61.3,71.1,240
9410230,2020-05-09,67.28541666666666,59.2,70.2,240
9410230,2020-05-10,67.77583333333334,59.4,69.6,240
9410230,2020-05-11,67.54291666666667,61.3,70.5,240
9410230,2020-05-12,66.605,58.6,72.3,240
9410230,2020-05-13,67.15041666666667,60.8,70.3,240
9410230,2020-05-14,66.95690376569038,59.0,70.7,239
9410230,2020-05-15,66.42083333333333,56.8,70.0,240
9410230,2020-05-16,66.58958333333334,59.5,70.2,240
9410230,2020-05-17,67.21916666666667,63.1,68.5,240
9410230,2020-05-18,65.47208333333333,53.8,69.1,240
9410230,2020-05-19,67.51958333333333,64.0,68.9,240
9410230,2020-05-20,62.88368200836821,54.3,68.4,239
9410230,2020-05-21,61.672916666666666,54.0,69.1,240
9410230,2020-05-22,63.36833333333333,55.2,67.5,240
9410230,2020-05-23,63.88208333333333,55.4,67.1,240
9410230,2020-05-24,64.02916666666667,57.0,67.5,240
9410230,2020-05-25,63.23791666666667,55.4,68.2,240
9410230,2020-05-26,63.24916666666666,56.3,68.7,240
9410230,2020-05-27,62.1225,54.7,68.7,240
9410230,2020-05-28,60.614583333333336,54.1,67.5,240
9410230,2020-05-29,60.717083333333335,54.7,63.7,240
9410230,2020-05-30,64.29414225941423,57.9,66.4,239
9410230,2020-05-31,61.16541666666667,55.9,64.2,240
9410230,2020-06-01,59.30291666666667,55.2,63.3,240
9410230,2020-06-02,62.155,54.9,66.0,240
9410230,2020-06-03,64.79958333333333,61.3,68.9,240
9410230,2020-06-04,67.15208333333334,63.3,68.5,240
9410230,2020-06-05,65.9625,62.8,67.3,240
9410230,2020-06-06,65.40791666666667,62.8,66.9,240
9410230,2020-06-07,66.2775,64.4,67.8,240
9410230,2020-06-08,65.97625,63.7,67.5,240
9410230,2020-06-09,65.48541666666667,61.7,67.8,240
9410230,2020-06-10,65.64791666666666,59.7,71.2,240
9410230,2020-06-11,66.49541666666667,59.4,69.4,240
9410230,2020-06-12,68.00627615062761,62.8,69.8,239
9410230,2020-06-13,68.77125,63.5,70.7,240
9410230,2020-06-14,69.5725,68.0,70.7,240
9410230,2020-06-15,69.68333333333334,67.6,70.7,240
9410230,2020-06-16,69.31791666666666,68.2,70.2,240
9410230,2020-06-17,68.86666666666666,68.2,69.6,240
9410230,2020-06-18,68.53291666666668,67.5,69.6,240
9410230,2020-06-19,69.3205020920502,68.4,70.3,239
9410230,2020-06-20,69.38708333333334,67.6,70.0,240
9410230,2020-06-21,68.6,65.1,69.6,240
9410230,2020-06-22,68.76208333333334,65.5,69.8,240
9410230,2020-06-23,68.6,64.0,69.6,240
9410230,2020-06-24,67.70958333333334,64.0,69.1,240
9410230,2020-06-25,67.42625,64.0,68.4,240
9410230,2020-06-26,67.8875,65.7,69.8,240
9410230,2020-06-27,67.94,65.1,70.2,240
9410230,2020-06-28,68.57375,66.2,69.4,240
9410230,2020-06-29,68.32041666666667,67.1,69.4,240
9410230,2020-06-30,66.75,62.4,69.8,240
9410230,2020-07-01,66.97833333333334,61.0,69.4,240
9410230,2020-07-02,65.66848739495798,56.3,70.9,238
9410230,2020-07-03,65.3581589958159,58.8,70.0,239
9410230,2020-07-04,65.32352941176471,57.7,71.2,238
9410230,2020-07-05,66.89623430962344,59.0,72.5,239
9410230,2020-07-06,69.24058577405857,61.5,73.0,239
9410230,2020-07-07,69.73054393305439,61.9,73.8,239
9410230,2020-07-08,70.70458333333333,60.8,73.6,240
9410230,2020-07-09,71.90708333333333,65.5,74.7,240
9410230,2020-07-10,72.30416666666666,66.4,74.3,240
9410230,2020-07-11,71.41583333333332,61.3,75.2,240
9410230,2020-07-12,71.81916666666666,64.6,75.9,240
9410230,2020-07-13,72.64333333333335,66.0,75.6,240
9410230,2020-07-14,72.86583333333333,64.0,75.0,240
9410230,2020-07-15,72.82,63.3,75.6,240
9410230,2020-07-16,71.67125,64.9,76.1,240
9410230,2020-07-17,69.13666666666667,58.8,75.0,240
9410230,2020-07-18,63.91833333333333,55.8,73.9,240
9410230,2020-07-19,60.49125,54.5,71.8,240
9410230,2020-07-20,57.80833333333333,54.3,62.8,240
9410230,2020-07-21,58.98702928870293,54.0,64.6,239
9410230,2020-07-22,61.59041666666667,56.3,64.6,240
9410230,2020-07-23,63.66625,56.1,67.3,240
9410230,2020-07-24,64.09875000000001,55.8,69.8,240
9410230,2020-07-25,64.73833333333333,55.4,70.3,240
9410230,2020-07-26,64.03541666666666,55.0,70.2,240
9410230,2020-07-27,62.33916666666666,54.5,69.4,240
9410230,2020-07-28,58.50833333333333,54.5,64.8,240
9410230,2020-07-29,58.520833333333336,54.1,64.2,240
9410230,2020-07-30,57.544351464435145,54.3,63.7,239
9410230,2020-07-31,58.142916666666665,54.1,60.8,240
9410230,2020-08-01,58.50916666666667,54.5,61.0,240
9410230,2020-08-02,60.35541666666666,55.2,64.8,240
9410230,2020-08-03,63.56541666666667,56.5,67.3,240
9410230,2020-08-04,64.18625,57.6,67.8,240
9410230,2020-08-05,65.54083333333332,59.5,68.5,240
9410230,2020-08-06,67.7675,61.9,70.2,240
9410230,2020-08-07,67.91416666666666,61.7,71.6,240
9410230,2020-08-08,67.49833333333333,62.4,71.6,240
9410230,2020-08-09,66.38666666666667,60.3,70.3,240
9410230,2020-08-10,63.89,58.1,69.4,240
9410230,2020-08-11,61.73458333333333,56.8,67.1,240
9410230,2020-08-12,59.62916666666667,56.1,66.4,240
9410230,2020-08-13,59.38583333333334,54.3,64.8,240
9410230,2020-08-14,60.02125,54.7,63.1,240
9410230,2020-08-15,63.080000000000005,58.6,68.9,240
9410230,2020-08-16,67.35333333333334,61.5,70.9,240
9410230,2020-08-17,71.30375000000001,68.5,73.6,240
9410230,2020-08-18,72.07291666666667,64.8,74.7,240
9410230,2020-08-19,73.40208333333334,68.4,75.7,240
9410230,2020-08-20,74.95375,71.8,77.5,240
9410230,2020-08-21,75.27583333333334,72.1,77.0,240
9410230,2020-08-22,73.57833333333333,62.6,78.4,240
9410230,2020-08-23,73.84083333333334,59.7,78.1,240
9410230,2020-08-24,71.98151260504201,65.3,77.4,238
9410230,2020-08-25,67.47679324894514,63.0,73.4,237
9410230,2020-08-26,65.43,61.3,69.4,240
9410230,2020-08-27,63.51875,59.0,65.8,240
9410230,2020-08-28,63.02333333333333,58.8,66.4,240
9410230,2020-08-29,61.25375,57.0,65.8,240
9410230,2020-08-30,60.443333333333335,55.2,66.6,240
9410230,2020-08-31,59.97268907563025,55.8,65.5,238
9410230,2020-09-01,62.5475,56.8,66.2,240
9410230,2020-09-02,61.906666666666666,56.5,65.8,240
9410230,2020-09-03,63.14058577405858,56.8,66.6,239
9410230,2020-09-04,65.29208333333334,59.5,69.1,240
9410230,2020-09-05,66.02,62.6,68.4,240
9410230,2020-09-06,67.01541666666667,62.6,72.5,240
9410230,2020-09-07,70.50801687763713,64.4,73.2,237
9410230,2020-09-08,71.56218487394958,69.4,72.7,238
9410230,2020-09-09,71.89041666666667,68.5,73.4,240
9410230,2020-09-10,70.97415254237289,61.7,72.9,236
9410230,2020-09-11,71.24411764705881,68.9,72.3,238
9410230,2020-09-12,71.01841004184101,68.0,72.0,239
9410230,2020-09-13,70.48242677824267,63.9,72.5,239
9410230,2020-09-14,69.78151260504201,64.6,72.1,238
9410230,2020-09-15,70.52317596566525,66.4,72.0,233
9410230,2020-09-16,69.0525641025641,62.6,71.6,234
9410230,2020-09-17,69.49833333333332,63.3,71.6,240
9410230,2020-09-18,69.09625,61.7,71.8,240
9410230,2020-09-19,69.65958333333333,61.7,72.7,240
9410230,2020-09-20,69.70625,61.9,72.5,240
9410230,2020-09-21,68.2975,60.3,71.8,240
9410230,2020-09-22,66.7397489539749,59.5,71.8,239
9410230,2020-09-23,64.20041666666667,57.9,70.2,240
9410230,2020-09-24,64.26359832635983,58.6,70.0,239
9410230,2020-09-25,66.66083333333333,59.0,70.3,240
9410230,2020-09-26,68.27489539748954,61.9,70.9,239
9410230,2020-09-27,68.90249999999999,62.8,70.9,240
9410230,2020-09-28,68.67824267782426,62.2,71.1,239
9410230,2020-09-29,66.34077253218884,59.7,70.5,233
9410230,2020-09-30,66.18689956331878,61.2,69.6,229
9410230,2020-10-01,66.61502145922746,61.3,69.4,233
9410230,2020-10-02,65.51298701298701,59.9,69.8,231
9410230,2020-10-03,65.72850877192982,60.3,69.4,228
9410230,2020-10-04,65.90810810810811,60.1,70.0,222
9410230,2020-10-05,66.60896860986547,61.0,69.6,223
9410230,2020-10-06,65.53750000000001,59.7,69.1,216
9410230,2020-10-07,65.88484848484849,60.3,69.8,231
9410230,2020-10-08,67.51974789915967,60.6,70.5,238
9410230,2020-10-09,68.48708333333335,63.3,70.0,240
9410230,2020-10-10,69.98059071729958,68.2,71.1,237
9410230,2020-10-11,70.15774058577406,68.2,71.4,239
9410230,2020-10-12,69.35084745762711,64.2,71.2,236
9410230,2020-10-13,68.54560669456068,63.0,70.5,239
9410230,2020-10-14,67.35126050420168,59.2,70.3,238
9410230,2020-10-15,69.03106382978723,61.7,72.0,235
9410230,2020-10-16,67.48995815899582,64.0,70.3,239
9410230,2020-10-17,67.66916666666667,59.4,70.9,240
9410230,2020-10-18,67.77,61.3,71.1,240
9410230,2020-10-19,67.02833333333334,63.0,70.9,240
9410230,2020-10-20,66.48075313807531,59.0,70.2,239
9410230,2020-10-21,67.03333333333333,61.3,70.5,240
9410230,2020-10-22,67.90083333333332,63.1,70.0,240
9410230,2020-10-23,68.43865546218487,62.1,70.3,238
9410230,2020-10-24,68.81916666666666,60.8,70.0,240
9410230,2020-10-25,68.38655462184875,61.2,69.6,238
9410230,2020-10-26,64.52563025210084,59.5,69.1,238
9410230,2020-10-27,63.41715481171549,59.2,66.6,239
9410230,2020-10-28,63.29041666666667,59.9,66.9,240
9410230,2020-10-29,62.9126582278481,59.9,65.1,237
9410230,2020-10-30,62.39493670886076,57.7,64.4,237
9410230,2020-10-31,62.74541666666666,57.4,64.6,240
9410230,2020-11-01,62.866386554621855,59.2,64.6,238
9410230,2020-11-02,63.85625,58.1,67.5,240
9410230,2020-11-03,65.18416666666667,61.0,66.7,240
9410230,2020-11-04,64.69250000000001,62.1,65.7,240
9410230,2020-11-05,63.315000000000005,58.6,64.8,240
9410230,2020-11-06,63.815000000000005,61.3,64.9,240
9410230,2020-11-07,64.52875,64.0,64.9,240
9410230,2020-11-08,64.42742616033756,63.7,65.1,237
9410230,2020-11-09,63.76877637130802,62.8,64.4,237
9410230,2020-11-10,63.15336134453781,59.7,64.2,238
9410230,2020-11-11,61.87029288702929,59.2,63.3,239
9410230,2020-11-12,60.21171548117155,56.7,61.9,239
9410230,2020-11-13,60.01218487394958,57.0,61.2,238
9410230,2020-11-14,59.789958158995816,56.1,61.3,239
9410230,2020-11-15,59.81097046413503,58.5,61.3,237
9410230,2020-11-16,59.97615062761506,58.3,62.1,239
9410230,2020-11-17,59.655,58.3,61.0,240
9410230,2020-11-18,59.90375,58.6,61.0,240
9410230,2020-11-19,59.367916666666666,57.7,60.4,240
9410230,2020-11-20,59.81666666666667,57.4,61.5,240
9410230,2020-11-21,59.9875,57.9,60.4,240
9410230,2020-11-22,60.07416666666666,58.6,61.9,240
9410230,2020-11-23,60.82791666666667,58.8,61.7,240
9410230,2020-11-24,61.409205020920496,60.4,62.1,239
9410230,2020-11-25,61.959583333333335,61.5,62.4,240
9410230,2020-11-26,62.056666666666665,61.3,62.8,240
9410230,2020-11-27,61.87583333333334,61.0,62.6,240
9410230,2020-11-28,61.50125,61.0,62.1,240
9410230,2020-11-29,61.16625,60.1,62.1,240
9410230,2020-11-30,61.23125,60.6,62.1,240
9410230,2020-12-01,60.91041666666667,59.7,62.1,240
9410230,2020-12-02,60.20958333333333,59.0,60.8,240
9410230,2020-12-03,59.79,59.0,60.8,240
9410230,2020-12-04,59.79416666666667,58.6,60.6,240
9410230,2020-12-05,60.14041666666667,59.5,60.8,240
9410230,2020-12-06,60.711666666666666,60.1,61.3,240
9410230,2020-12-07,60.69125,60.1,61.2,240
9410230,2020-12-08,61.24875,60.6,61.9,240
9410230,2020-12-09,61.64666666666667,61.2,62.1,240
9410230,2020-12-10,61.49791666666667,61.0,61.9,240
9410230,2020-12-11,61.58958333333333,60.6,62.2,240
9410230,2020-12-12,60.0125,58.5,61.5,240
9410230,2020-12-13,60.07875,59.2,61.2,240
9410230,2020-12-14,60.32723404255319,59.0,61.0,235
9410230,2020-12-15,60.02916666666667,57.6,61.0,240
9410230,2020-12-16,59.765,59.4,60.4,240
9410230,2020-12-17,59.515,59.2,59.9,240
9410230,2020-12-18,59.66,58.8,60.3,240
9410230,2020-12-19,59.49166666666667,58.8,60.3,240
9410230,2020-12-20,59.43291666666666,58.8,60.1,240
9410230,2020-12-21,59.68833333333334,59.0,60.6,240
9410230,2020-12-22,59.9875,59.5,60.4,240
9410230,2020-12-23,59.99916666666666,59.4,60.4,240
9410230,2020-12-24,59.10166666666667,58.5,59.7,240
9410230,2020-12-25,58.94041666666667,58.5,59.9,240
9410230,2020-12-26,59.17041666666667,58.6,60.1,240
9410230,2020-12-27,58.94125,58.5,59.4,240
9410230,2020-12-28,58.85083333333333,58.6,59.2,240
9410230,2020-12-29,58.835,58.6,59.2,240
9410230,2020-12-30,58.7875,58.3,59.5,240
9410230,2020-12-31,58.58375,58.3,58.8,240
9410230,2021-01-01,58.60583333333333,57.7,59.4,240
9410230,2021-01-02,58.36541666666666,57.7,59.0,240
9410230,2021-01-03,58.27166666666666,57.4,59.0,240
9410230,2021-01-04,58.25,57.7,58.8,240
9410230,2021-01-05,57.95916666666667,57.7,58.5,240
9410230,2021-01-06,57.76025104602511,57.4,58.1,239
9410230,2021-01-07,57.84916666666666,57.4,58.5,240
9410230,2021-01-08,57.82833333333333,56.8,58.6,240
9410230,2021-01-09,57.90833333333333,57.0,59.0,240
9410230,2021-01-10,57.556666666666665,55.2,58.6,240
9410230,2021-01-11,56.65333333333333,54.3,58.1,240
9410230,2021-01-12,57.10458333333334,55.2,58.6,240
9410230,2021-01-13,57.30791666666666,56.3,58.5,240
9410230,2021-01-14,57.44083333333334,56.1,59.0,240
9410230,2021-01-15,57.43666666666666,56.7,58.8,240
9410230,2021-01-16,58.06166666666666,57.0,59.0,240
9410230,2021-01-17,58.32625,57.2,59.7,240
9410230,2021-01-18,58.43375,57.2,59.2,240
9410230,2021-01-19,58.08916666666666,56.5,58.5,240
9410230,2021-01-20,58.154583333333335,56.8,58.6,240
9410230,2021-01-21,59.50125,58.5,60.6,240
9410230,2021-01-22,60.555416666666666,60.1,60.8,240
9410230,2021-01-23,60.190000000000005,59.9,60.4,240
9410230,2021-01-24,60.03958333333333,59.5,60.8,240
9410230,2021-01-25,59.095416666666665,58.1,59.9,240
9410230,2021-01-26,57.94303797468354,57.2,58.5,237
9410230,2021-01-27,57.84458333333334,57.2,58.3,240
9410230,2021-01-28,57.719166666666666,57.2,58.3,240
9410230,2021-01-29,58.1675,57.6,58.5,240
9410230,2021-01-30,58.1175,57.4,58.8,240
9410230,2021-01-31,58.12416666666666,57.6,58.8,240
9410230,2021-02-01,58.0725,57.7,58.5,240
9410230,2021-02-02,58.125416666666666,57.7,58.8,240
9410230,2021-02-03,57.794583333333335,57.4,58.5,240
9410230,2021-02-04,57.92333333333333,57.4,58.6,240
9410230,2021-02-05,57.95291666666667,57.4,58.8,240
9410230,2021-02-06,58.022083333333335,57.6,58.8,240
9410230,2021-02-07,58.17958333333333,57.0,59.2,240
9410230,2021-02-08,58.05916666666667,57.2,59.0,240
9410230,2021-02-09,57.90166666666666,57.6,58.3,240
9410230,2021-02-10,58.1172268907563,57.6,58.6,238
9410230,2021-02-11,58.47291666666667,57.7,59.9,240
9410230,2021-02-12,58.617916666666666,58.1,59.2,240
9410230,2021-02-13,58.10041666666667,57.6,58.6,240
9410230,2021-02-14,58.44225941422594,57.7,59.2,239
9410230,2021-02-15,58.22833333333333,57.6,58.6,240
9410230,2021-02-16,58.630833333333335,58.1,59.2,240
9410230,2021-02-17,58.55416666666667,57.7,59.4,240
9410230,2021-02-18,58.57083333333333,57.7,59.2,240
9410230,2021-02-19,58.70666666666667,57.6,60.3,240
9410230,2021-02-20,58.17583333333334,56.8,59.4,240
9410230,2021-02-21,57.26958333333334,56.3,58.3,240
9410230,2021-02-22,57.18833333333334,56.1,58.5,240
9410230,2021-02-23,57.1418410041841,55.8,58.6,239
9410230,2021-02-24,57.845416666666665,56.7,58.6,240
9410230,2021-02-25,58.06820083682008,56.7,59.4,239
9410230,2021-02-26,57.92541666666667,56.5,60.6,240
9410230,2021-02-27,58.09,56.8,59.4,240
9410230,2021-02-28,57.76916666666667,55.9,59.4,240
9410230,2021-03-01,57.81875,55.0,59.9,240
9410230,2021-03-02,58.60083333333333,56.5,60.8,240
9410230,2021-03-03,57.79833333333333,56.1,59.2,240
9410230,2021-03-04,58.09125,57.2,59.2,240
9410230,2021-03-05,58.39708333333333,57.7,59.0,240
9410230,2021-03-06,58.32625,57.2,59.4,240
9410230,2021-03-07,58.235416666666666,57.2,59.2,240
9410230,2021-03-08,58.20875,57.0,58.8,240
9410230,2021-03-09,58.67583333333334,57.7,59.9,240
9410230,2021-03-10,58.91333333333333,58.5,59.7,240
9410230,2021-03-11,59.25083333333334,58.1,60.4,240
9410230,2021-03-12,59.24166666666667,57.6,60.4,240
9410230,2021-03-13,59.13166666666667,57.0,59.9,240
9410230,2021-03-14,58.71521739130435,55.8,59.9,230
9410230,2021-03-15,58.51375,55.6,59.4,240
9410230,2021-03-16,58.21882845188284,57.6,59.2,239
9410230,2021-03-17,58.71541666666667,57.2,60.1,240
9410230,2021-03-18,58.38410041841004,56.1,59.7,239
9410230,2021-03-19,57.67791666666667,55.4,59.9,240
9410230,2021-03-20,57.40833333333333,55.8,59.2,240
9410230,2021-03-21,57.08541666666667,54.9,59.0,240
9410230,2021-03-22,57.04333333333333,54.1,58.6,240
9410230,2021-03-23,57.93541666666667,56.7,59.0,240
9410230,2021-03-24,58.052083333333336,55.2,59.4,240
9410230,2021-03-25,57.93208333333334,54.5,59.0,240
9410230,2021-03-26,58.51291666666667,57.6,59.9,240
9410230,2021-03-27,57.37125,54.5,60.4,240
9410230,2021-03-28,56.57125,53.8,59.2,240
9410230,2021-03-29,58.22416666666666,55.0,60.8,240
9410230,2021-03-30,59.9725,58.1,61.3,240
9410230,2021-03-31,60.1625,55.2,62.2,240
9410230,2021-04-01,59.46583333333333,55.9,62.4,240
9410230,2021-04-02,60.4225,55.6,61.3,240
9410230,2021-04-03,60.31333333333334,57.0,61.5,240
9410230,2021-04-04,59.97208333333333,56.7,62.2,240
9410230,2021-04-05,61.26291666666667,56.7,62.8,240
9410230,2021-04-06,61.985,56.7,64.0,240
9410230,2021-04-07,62.74705882352941,58.1,64.2,238
9410230,2021-04-08,63.096250000000005,58.1,65.1,240
9410230,2021-04-09,62.454166666666666,56.7,65.3,240
9410230,2021-04-10,62.90541666666666,56.3,65.8,240
9410230,2021-04-11,63.4825,59.2,65.3,240
9410230,2021-04-12,64.39333333333333,62.4,65.8,240
9410230,2021-04-13,63.98083333333333,60.3,64.9,240
9410230,2021-04-14,62.596250000000005,57.9,64.2,240
9410230,2021-04-15,63.065000000000005,58.3,65.1,240
9410230,2021-04-16,61.842083333333335,55.8,65.3,240
9410230,2021-04-17,62.51416666666667,55.0,65.5,240
9410230,2021-04-18,61.95041666666667,54.0,65.8,240
9410230,2021-04-19,61.50125,54.7,66.7,240
9410230,2021-04-20,62.78666666666666,55.4,65.5,240
9410230,2021-04-21,62.32166666666667,61.5,62.8,240
9410230,2021-04-22,61.51,61.0,62.2,240
9410230,2021-04-23,61.662083333333335,61.0,62.6,240
9410230,2021-04-24,61.548750000000005,58.5,63.3,240
9410230,2021-04-25,60.81583333333333,54.1,63.7,240
9410230,2021-04-26,60.1255230125523,53.6,62.6,239
9410230,2021-04-27,58.660833333333336,52.5,62.8,240
9410230,2021-04-28,57.1225,52.0,61.7,240
9410230,2021-04-29,58.85333333333333,52.3,62.8,240
9410230,2021-04-30,59.13333333333333,53.2,64.0,240
9410230,2021-05-01,61.66708333333334,54.9,65.1,240
9410230,2021-05-02,62.97958333333334,60.1,63.9,240
9410230,2021-05-03,63.53916666666667,62.6,65.1,240
9410230,2021-05-04,63.76583333333333,58.8,65.7,240
9410230,2021-05-05,64.08916666666667,58.3,66.4,240
9410230,2021-05-06,64.77791666666667,62.4,65.8,240
9410230,2021-05-07,64.72875,61.9,67.3,240
9410230,2021-05-08,64.76916666666666,61.0,66.0,240
9410230,2021-05-09,65.26666666666667,64.2,66.2,240
9410230,2021-05-10,64.51666666666667,59.0,65.8,240
9410230,2021-05-11,65.33291666666666,63.9,66.4,240
9410230,2021-05-12,64.28200836820083,59.2,66.0,239
9410230,2021-05-13,63.82742616033755,58.8,65.8,237
9410230,2021-05-14,63.54083333333333,58.1,65.3,240
9410230,2021-05-15,64.12125,58.8,65.8,240
9410230,2021-05-16,64.665,61.0,65.7,240
9410230,2021-05-17,65.075,63.7,65.8,240
9410230,2021-05-18,65.12708333333333,61.2,66.9,240
9410230,2021-05-19,65.15020920502091,59.0,66.9,239
9410230,2021-05-20,65.50375,61.2,66.4,240
9410230,2021-05-21,65.66541666666667,64.8,66.4,240
9410230,2021-05-22,65.83375,64.8,66.9,240
9410230,2021-05-23,66.37916666666666,65.1,68.2,240
9410230,2021-05-24,65.90208333333334,61.0,68.5,240
9410230,2021-05-25,65.45833333333333,59.4,68.2,240
9410230,2021-05-26,66.49625,64.6,67.3,240
9410230,2021-05-27,66.53583333333333,65.1,68.2,240
9410230,2021-05-28,66.93583333333333,62.1,69.1,240
9410230,2021-05-29,67.55375,59.5,68.4,240
9410230,2021-05-30,66.24625,58.5,68.0,240
9410230,2021-05-31,66.71083333333334,62.8,68.5,240
9410230,2021-06-01,66.60666666666667,61.7,68.0,240
9410230,2021-06-02,65.83583333333334,59.4,67.3,240
9410230,2021-06-03,65.51125,57.2,67.8,240
9410230,2021-06-04,65.96458333333334,58.5,68.0,240
9410230,2021-06-05,67.00125,64.0,68.5,240
9410230,2021-06-06,67.87583333333333,65.1,69.1,240
9410230,2021-06-07,66.97791666666666,66.0,67.8,240
9410230,2021-06-08,66.54708333333333,65.7,68.0,240
9410230,2021-06-09,66.57166666666667,64.2,67.5,240
9410230,2021-06-10,65.73916666666666,62.6,67.6,240
9410230,2021-06-11,65.19208333333333,58.3,69.1,240
9410230,2021-06-12,66.16443514644351,59.2,69.3,239
9410230,2021-06-13,66.77333333333334,60.1,70.0,240
9410230,2021-06-14,65.20958333333333,58.3,69.4,240
9410230,2021-06-15,64.08583333333334,57.4,69.4,240
9410230,2021-06-16,64.845,55.6,68.0,240
9410230,2021-06-17,66.18249999999999,62.4,67.1,240
9410230,2021-06-18,66.18125,63.9,67.6,240
9410230,2021-06-19,66.92719665271967,66.2,68.0,239
9410230,2021-06-20,67.31916666666667,64.2,68.4,240
9410230,2021-06-21,67.25833333333334,64.8,69.1,240
9410230,2021-06-22,66.45708333333333,64.0,67.5,240
9410230,2021-06-23,65.84833333333333,60.4,67.6,240
9410230,2021-06-24,66.2525,61.0,67.6,240
9410230,2021-06-25,65.80916666666667,59.0,68.0,240
9410230,2021-06-26,64.8275,57.7,68.2,240
9410230,2021-06-27,66.14625,59.0,68.4,240
9410230,2021-06-28,66.47958333333334,58.3,68.5,240
9410230,2021-06-29,67.4175,63.9,68.2,240
9410230,2021-06-30,66.62259414225942,64.4,68.4,239
9410230,2021-07-01,67.625,64.9,69.6,240
9410230,2021-07-02,67.11083333333333,63.9,69.4,240
9410230,2021-07-03,67.9075,64.8,69.3,240
9410230,2021-07-04,68.26401673640167,64.4,70.2,239
9410230,2021-07-05,68.10916666666667,64.2,70.5,240
9410230,2021-07-06,68.63541666666667,61.9,70.7,240
9410230,2021-07-07,69.54208333333332,64.0,71.4,240
9410230,2021-07-08,70.7189075630252,68.5,72.3,238
9410230,2021-07-09,69.3275,59.7,72.7,240
9410230,2021-07-10,68.89,61.3,72.7,240
9410230,2021-07-11,71.80291666666668,66.2,73.0,240
9410230,2021-07-12,72.04833333333333,69.8,73.0,240
9410230,2021-07-13,71.96359832635983,61.9,74.3,239
9410230,2021-07-14,71.6875,65.1,73.0,240
9410230,2021-07-15,71.89916666666666,66.7,74.7,240
9410230,2021-07-16,72.98958333333333,68.2,75.6,240
9410230,2021-07-17,71.77708333333334,64.0,75.9,240
9410230,2021-07-18,72.45291666666667,67.5,74.8,240
9410230,2021-07-19,72.63333333333334,66.2,75.9,240
9410230,2021-07-20,69.55708333333334,62.1,75.2,240
9410230,2021-07-21,66.33539823008849,58.6,75.4,226
9410230,2021-07-22,69.84973544973545,59.9,73.8,189
9410230,2021-07-23,68.94541666666667,59.5,73.6,240
9410230,2021-07-24,67.77083333333333,58.8,73.2,240
9410230,2021-07-25,68.35125,59.0,72.9,240
9410230,2021-07-26,70.34291666666667,61.5,72.9,240
9410230,2021-07-27,68.98833333333333,62.2,72.1,240
9410230,2021-07-28,66.97083333333333,61.7,70.9,240
9410230,2021-07-29,64.51041666666667,59.7,70.5,240
9410230,2021-07-30,62.00416666666667,56.1,68.4,240
9410230,2021-07-31,59.0602510460251,54.9,63.9,239
9410230,2021-08-01,56.969166666666666,54.1,61.2,240
9410230,2021-08-02,56.55136363636363,54.5,59.4,220
9410230,2021-08-03,57.24166666666667,54.9,60.8,240
9410230,2021-08-04,58.23041666666666,54.3,63.3,240
9410230,2021-08-05,59.93666666666666,55.6,64.6,240
9410230,2021-08-06,64.01083333333334,58.5,68.7,240
9410230,2021-08-07,66.93416666666667,59.9,69.4,240
9410230,2021-08-08,65.9,59.9,69.8,240
9410230,2021-08-09,66.25500000000001,60.6,70.3,240
9410230,2021-08-10,65.58791666666667,58.6,70.0,240
9410230,2021-08-11,63.57416666666666,57.2,69.6,240
9410230,2021-08-12,62.67916666666667,56.8,68.4,240
9410230,2021-08-13,64.19708333333332,58.8,69.3,240
9410230,2021-08-14,63.79708333333333,59.7,70.7,240
9410230,2021-08-15,63.220416666666665,57.9,68.7,240
9410230,2021-08-16,67.155,59.5,71.1,240
9410230,2021-08-17,69.86166666666666,61.9,72.0,240
9410230,2021-08-18,70.30916666666667,66.0,71.8,240
9410230,2021-08-19,70.42416666666666,61.3,72.5,240
9410230,2021-08-20,68.27583333333334,59.2,72.5,240
9410230,2021-08-21,67.74708333333334,61.0,72.1,240
9410230,2021-08-22,70.39375,64.0,72.0,240
9410230,2021-08-23,70.87375,67.8,72.3,240
9410230,2021-08-24,70.60962343096234,66.7,72.3,239
9410230,2021-08-25,69.48541666666667,66.2,71.4,240
9410230,2021-08-26,67.76708333333333,63.7,69.3,240
9410230,2021-08-27,68.0925,64.0,71.2,240
9410230,2021-08-28,68.6675,66.4,69.6,240
9410230,2021-08-29,68.24333333333333,65.1,69.3,240
9410230,2021-08-30,66.90333333333334,62.1,68.4,240
9410230,2021-08-31,66.50666666666667,63.0,68.5,240
9410230,2021-09-01,68.53333333333333,62.4,69.8,240
9410230,2021-09-02,68.08375,61.5,70.7,240
9410230,2021-09-03,62.6375,57.4,68.4,240
9410230,2021-09-04,59.20166666666667,56.1,66.6,240
9410230,2021-09-05,58.66625,55.6,63.1,240
9410230,2021-09-06,63.78833333333333,57.7,68.2,240
9410230,2021-09-07,67.71166666666666,64.4,70.9,240
9410230,2021-09-08,67.75774058577406,63.0,71.1,239
9410230,2021-09-09,65.44458333333334,61.3,71.6,240
9410230,2021-09-10,64.80041666666666,61.3,70.0,240
9410230,2021-09-11,62.30458333333333,58.3,67.5,240
9410230,2021-09-12,62.65125,58.3,65.7,240
9410230,2021-09-13,61.830000000000005,58.6,64.4,240
9410230,2021-09-14,62.864583333333336,57.7,68.5,240
9410230,2021-09-15,64.85166666666666,59.2,69.8,240
9410230,2021-09-16,64.68208333333334,59.7,68.0,240
9410230,2021-09-17,65.2525,59.9,69.3,240
9410230,2021-09-18,63.83041666666667,58.5,67.1,240
9410230,2021-09-19,61.91833333333333,57.0,66.2,240
9410230,2021-09-20,61.65416666666667,56.7,66.6,240
9410230,2021-09-21,60.94791666666666,55.0,66.4,240
9410230,2021-09-22,61.58625,56.3,64.8,240
9410230,2021-09-23,62.748333333333335,57.7,66.6,240
9410230,2021-09-24,63.54375,58.5,67.8,240
9410230,2021-09-25,62.52916666666667,57.2,66.0,240
9410230,2021-09-26,63.336666666666666,58.1,65.1,240
9410230,2021-09-27,62.63333333333333,58.6,65.1,240
9410230,2021-09-28,62.04958333333333,57.9,64.6,240
9410230,2021-09-29,64.04625,59.9,67.1,240
9410230,2021-09-30,65.69291666666666,62.1,68.5,240
9410230,2021-10-01,64.54708333333333,59.7,67.6,240
9410230,2021-10-02,64.14875,60.8,67.1,240
9410230,2021-10-03,63.75125,59.2,67.1,240
9410230,2021-10-04,63.85208333333333,60.3,66.6,240
9410230,2021-10-05,63.22541666666667,59.7,65.7,240
9410230,2021-10-06,64.96041666666666,63.0,66.2,240
9410230,2021-10-07,65.08,60.4,66.6,240
9410230,2021-10-08,65.67708333333333,61.9,66.7,240
9410230,2021-10-09,66.27333333333334,64.8,67.3,240
9410230,2021-10-10,65.95625,61.2,68.4,240
9410230,2021-10-11,65.14769874476988,61.0,67.3,239
9410230,2021-10-12,65.52791666666667,63.3,66.4,240
9410230,2021-10-13,64.60125523012552,60.6,66.2,239
9410230,2021-10-14,63.01201716738197,58.1,64.8,233
9410230,2021-10-15,62.4420814479638,58.1,63.9,221
9410230,2021-10-16,63.59916666666666,59.7,66.2,240
9410230,2021-10-17,64.45625,59.5,66.6,240
9410230,2021-10-18,65.41541666666667,61.5,66.2,240
9410230,2021-10-19,64.66958333333334,61.0,66.4,240
9410230,2021-10-20,64.92833333333333,63.1,66.7,240
9410230,2021-10-21,64.845,62.2,66.0,240
9410230,2021-10-22,64.16,60.8,65.5,240
9410230,2021-10-23,63.49666666666667,60.1,64.8,240
9410230,2021-10-24,64.20916666666668,61.5,65.5,240
9410230,2021-10-25,64.31171548117155,61.9,65.1,239
9410230,2021-10-26,64.23361344537815,62.2,65.3,238
9410230,2021-10-27,63.9928870292887,63.1,64.9,239
9410230,2021-10-28,62.99166666666667,58.1,64.6,240
9410230,2021-10-29,62.80041666666667,57.9,64.8,240
9410230,2021-10-30,64.015,62.2,64.8,240
9410230,2021-10-31,65.2,63.9,66.0,240
9410230,2021-11-01,64.87333333333333,59.7,66.0,240
9410230,2021-11-02,63.21333333333333,58.6,65.3,240
9410230,2021-11-03,60.76541666666667,57.6,63.0,240
9410230,2021-11-04,61.298750000000005,57.2,63.1,240
9410230,2021-11-05,62.110416666666666,57.9,63.9,240
9410230,2021-11-06,63.41875,61.0,64.6,240
9410230,2021-11-07,63.548750000000005,60.1,64.8,240
9410230,2021-11-08,63.27833333333333,59.5,64.6,240
9410230,2021-11-09,63.313750000000006,60.6,64.6,240
9410230,2021-11-10,63.10458333333334,60.1,64.2,240
9410230,2021-11-11,63.38541666666666,61.2,64.2,240
9410230,2021-11-12,63.3625,61.0,64.4,240
9410230,2021-11-13,62.55875,60.3,63.7,240
9410230,2021-11-14,62.02916666666667,61.2,63.1,240
9410230,2021-11-15,62.33125,60.1,64.6,240
9410230,2021-11-16,61.86875,60.6,63.0,240
9410230,2021-11-17,62.58075313807531,60.1,63.9,239
9410230,2021-11-18,63.1575,62.8,63.5,240
9410230,2021-11-19,62.75958333333333,61.3,63.1,240
9410230,2021-11-20,62.704166666666666,62.1,63.3,240
9410230,2021-11-21,61.8675,58.8,63.3,240
9410230,2021-11-22,62.33541666666667,60.4,63.0,240
9410230,2021-11-23,62.85958333333333,62.1,63.5,240
9410230,2021-11-24,63.44916666666666,61.9,64.4,240
9410230,2021-11-25,62.96208333333333,61.0,63.7,240
9410230,2021-11-26,61.50416666666667,59.4,62.4,240
9410230,2021-11-27,61.857083333333335,60.6,63.0,240
9410230,2021-11-28,62.50916666666667,61.7,63.5,240
9410230,2021-11-29,62.62625,61.2,64.0,240
9410230,2021-11-30,63.18333333333333,62.2,63.9,240
9410230,2021-12-01,63.209623430962345,62.8,63.7,239
9410230,2021-12-02,62.92,61.3,63.5,240
9410230,2021-12-03,61.763333333333335,60.3,63.0,240
9410230,2021-12-04,61.66166666666666,61.2,62.1,240
9410230,2021-12-05,60.83708333333333,58.5,61.5,240
9410230,2021-12-06,59.99333333333333,57.0,60.6,240
9410230,2021-12-07,59.81666666666667,58.8,60.1,240
9410230,2021-12-08,60.724583333333335,59.7,61.5,240
9410230,2021-12-09,61.3075,60.4,61.9,240
9410230,2021-12-10,60.09875,57.6,61.0,240
9410230,2021-12-11,60.53958333333333,59.4,61.5,240
9410230,2021-12-12,60.78208333333334,60.1,61.3,240
9410230,2021-12-13,60.42208333333333,59.5,60.6,240
9410230,2021-12-14,60.35791666666667,60.1,60.6,240
9410230,2021-12-15,60.30416666666667,59.5,60.8,240
9410230,2021-12-16,60.17333333333333,59.7,60.4,240
9410230,2021-12-17,60.150416666666665,59.5,60.8,240
9410230,2021-12-18,59.79291666666666,58.8,60.4,240
9410230,2021-12-19,59.58875,58.8,60.1,240
9410230,2021-12-20,59.38458333333333,59.0,59.9,240
9410230,2021-12-21,59.22803347280335,59.0,59.5,239
9410230,2021-12-22,59.15,58.8,59.5,240
9410230,2021-12-23,59.02,58.1,59.2,240
9410230,2021-12-24,58.94666666666667,58.5,59.4,240
9410230,2021-12-25,59.330416666666665,59.0,59.7,240
9410230,2021-12-26,59.254583333333336,58.8,59.5,240
9410230,2021-12-27,59.02333333333333,58.6,59.4,240
9410230,2021-12-28,58.78541666666667,58.5,59.2,240
9410230,2021-12-29,58.940000000000005,58.6,59.2,240
9410230,2021-12-30,58.994166666666665,58.8,59.4,240
9410230,2021-12-31,59.37291666666667,59.0,59.7,240
9410230,2022-01-01,59.48916666666666,59.2,60.1,240
9410230,2022-01-02,59.25375,58.3,60.1,240
9410230,2022-01-03,59.25916666666667,58.5,60.1,240
9410230,2022-01-04,58.95958333333333,58.1,59.7,240
9410230,2022-01-05,58.78916666666667,58.1,59.4,240
9410230,2022-01-06,58.8136170212766,58.3,59.4,235
9410230,2022-01-07,58.66458333333333,58.3,59.2,240
9410230,2022-01-08,58.67791666666667,58.3,59.0,240
9410230,2022-01-09,58.812916666666666,58.1,59.7,240
9410230,2022-01-10,58.7125,58.3,59.0,240
9410230,2022-01-11,58.40958333333333,57.9,58.8,240
9410230,2022-01-12,58.48041666666666,58.1,59.0,240
9410230,2022-01-13,58.5525,58.3,59.0,240
9410230,2022-01-14,58.80166666666666,58.5,59.5,240
9410230,2022-01-15,58.70458333333333,58.5,59.0,240
9410230,2022-01-16,58.96833333333333,58.6,59.4,240
9410230,2022-01-17,59.70375,59.0,60.3,240
9410230,2022-01-18,60.15208333333333,59.5,60.8,240
9410230,2022-01-19,59.92875,58.8,60.4,240
9410230,2022-01-20,59.517500000000005,58.8,60.3,240
9410230,2022-01-21,59.05625,58.6,59.5,240
9410230,2022-01-22,58.68875,57.6,59.4,240
9410230,2022-01-23,58.57322175732217,57.9,60.1,239
9410230,2022-01-24,58.60041666666667,57.7,59.4,240
9410230,2022-01-25,59.46666666666667,58.8,60.1,240
9410230,2022-01-26,59.93529411764706,59.2,61.0,238
9410230,2022-01-27,59.935833333333335,59.2,61.0,240
9410230,2022-01-28,59.86708333333333,59.2,60.4,240
9410230,2022-01-29,59.9375,59.5,60.4,240
9410230,2022-01-30,59.763333333333335,59.0,60.4,240
9410230,2022-01-31,59.85166666666667,59.5,60.3,240
9410230,2022-02-01,59.56583333333334,59.2,59.7,240
9410230,2022-02-02,59.50625,58.8,60.3,240
9410230,2022-02-03,59.18666666666668,57.7,59.9,240
9410230,2022-02-04,59.037083333333335,58.3,59.9,240
9410230,2022-02-05,58.90833333333333,57.0,60.1,240
9410230,2022-02-06,58.58458333333333,56.8,59.4,240
9410230,2022-02-07,58.93666666666666,57.6,60.1,240
9410230,2022-02-08,58.94791666666666,58.3,60.3,240
9410230,2022-02-09,58.74686192468619,57.9,59.4,239
9410230,2022-02-10,59.0775,57.6,60.1,240
9410230,2022-02-11,58.806694560669456,56.5,59.7,239
9410230,2022-02-12,59.25625,57.4,60.3,240
9410230,2022-02-13,59.37708333333333,58.3,60.3,240
9410230,2022-02-14,59.360416666666666,58.5,60.6,240
9410230,2022-02-15,59.5075,59.0,60.6,240
9410230,2022-02-16,59.2275,58.5,60.1,240
9410230,2022-02-17,59.64375,58.8,61.0,240
9410230,2022-02-18,59.81791666666666,58.5,60.8,240
9410230,2022-02-19,59.98,59.2,61.9,240
9410230,2022-02-20,60.09,58.8,61.5,240
9410230,2022-02-21,59.87416666666666,59.4,60.6,240
9410230,2022-02-22,59.185,58.8,59.5,240
9410230,2022-02-23,58.51974789915967,57.9,59.0,238
9410230,2022-02-24,58.63625,57.6,59.9,240
9410230,2022-02-25,58.5675,57.0,59.5,240
9410230,2022-02-26,58.70875,57.6,60.3,240
9410230,2022-02-27,58.31458333333333,57.4,60.1,240
9410230,2022-02-28,58.21958333333334,56.8,59.7,240
9410230,2022-03-01,57.95333333333333,55.9,59.5,240
9410230,2022-03-02,58.314166666666665,57.4,59.7,240
9410230,2022-03-03,58.68083333333333,56.5,60.1,240
9410230,2022-03-04,58.89791666666667,58.3,59.7,240
9410230,2022-03-05,59.18075313807532,58.8,59.7,239
9410230,2022-03-06,58.9575,58.3,59.5,240
9410230,2022-03-07,59.09291666666666,57.9,60.4,240
9410230,2022-03-08,59.12458333333333,57.2,61.2,240
9410230,2022-03-09,58.80958333333333,56.3,60.3,240
9410230,2022-03-10,59.04291666666666,57.2,59.9,240
9410230,2022-03-11,59.580000000000005,58.3,61.2,240
9410230,2022-03-12,59.766666666666666,58.3,62.4,240
9410230,2022-03-13,60.17521739130434,58.8,61.3,230
9410230,2022-03-14,60.085,59.2,61.7,240
9410230,2022-03-15,60.05583333333333,59.0,61.3,240
9410230,2022-03-16,60.29416666666667,59.0,62.4,240
9410230,2022-03-17,60.71208333333333,59.4,64.6,240
9410230,2022-03-18,60.85791666666667,56.3,63.9,240
9410230,2022-03-19,60.64208333333333,55.4,62.8,240
9410230,2022-03-20,60.27907949790795,55.9,61.7,239
9410230,2022-03-21,59.005833333333335,54.1,61.3,240
9410230,2022-03-22,57.9925,53.6,61.7,240
9410230,2022-03-23,58.13666666666666,53.4,61.5,240
9410230,2022-03-24,57.13416666666667,52.9,61.3,240
9410230,2022-03-25,57.015,53.1,60.6,240
9410230,2022-03-26,57.27916666666667,53.1,61.2,240
9410230,2022-03-27,58.27125,52.5,61.3,240
9410230,2022-03-28,58.83166666666667,55.2,60.3,240
9410230,2022-03-29,60.05291666666667,59.2,61.3,240
9410230,2022-03-30,60.86974789915966,58.6,62.1,238
9410230,2022-03-31,60.90836820083682,57.6,61.7,239
9410230,2022-04-01,61.208333333333336,60.3,62.6,240
9410230,2022-04-02,61.31791666666667,58.6,61.7,240
9410230,2022-04-03,61.3575,58.6,61.9,240
9410230,2022-04-04,60.98458333333333,58.8,62.6,240
9410230,2022-04-05,60.05708333333334,57.9,62.1,240
9410230,2022-04-06,59.55958333333333,57.4,61.7,240
9410230,2022-04-07,59.20708333333334,55.2,62.4,240
9410230,2022-04-08,60.255,57.6,62.8,240
9410230,2022-04-09,61.555,57.4,64.2,240
9410230,2022-04-10,62.84583333333333,61.7,63.3,240
9410230,2022-04-11,62.87791666666667,62.4,63.7,240
9410230,2022-04-12,63.13781512605042,62.1,64.2,238
9410230,2022-04-13,62.47833333333333,60.3,63.5,240
9410230,2022-04-14,61.66791666666666,56.1,63.7,240
9410230,2022-04-15,61.427083333333336,55.0,64.0,240
9410230,2022-04-16,62.07291666666666,55.6,64.9,240
9410230,2022-04-17,62.04291666666666,56.1,64.4,240
9410230,2022-04-18,59.44708333333333,54.1,63.7,240
9410230,2022-04-19,58.07,54.3,62.2,240
9410230,2022-04-20,58.705416666666665,54.7,62.4,240
9410230,2022-04-21,59.06958333333333,54.5,61.7,240
9410230,2022-04-22,59.80625,54.7,61.5,240
9410230,2022-04-23,58.0275,53.1,61.3,240
9410230,2022-04-24,57.450833333333335,52.5,61.3,240
9410230,2022-04-25,56.35416666666666,52.5,60.8,240
9410230,2022-04-26,56.50292887029289,52.2,62.1,239
9410230,2022-04-27,57.52833333333333,52.9,59.9,240
9410230,2022-04-28,59.63333333333333,58.3,61.2,240
9410230,2022-04-29,59.23305439330544,54.9,61.3,239
9410230,2022-04-30,60.392500000000005,54.1,63.0,240
9410230,2022-05-01,60.66166666666666,55.6,62.1,240
9410230,2022-05-02,61.283750000000005,58.3,62.6,240
9410230,2022-05-03,62.23458333333333,61.7,63.0,240
9410230,2022-05-04,62.49748953974896,61.7,63.7,239
9410230,2022-05-05,62.20583333333333,59.7,64.0,240
9410230,2022-05-06,62.455000000000005,59.2,64.4,240
9410230,2022-05-07,63.821666666666665,60.8,65.5,240
9410230,2022-05-08,64.16176470588235,62.4,64.9,238
9410230,2022-05-09,64.13544303797468,63.3,64.9,237
9410230,2022-05-10,64.49411764705883,62.6,66.0,238
9410230,2022-05-11,64.34705882352941,61.9,65.7,238
9410230,2022-05-12,63.91125,61.3,65.5,240
9410230,2022-05-13,63.72666666666667,57.7,66.6,240
9410230,2022-05-14,62.61708333333333,57.0,66.7,240
9410230,2022-05-15,62.59875,55.4,65.5,240
9410230,2022-05-16,63.00916666666667,59.7,65.1,240
9410230,2022-05-17,63.674895397489536,61.5,65.1,239
9410230,2022-05-18,64.23054393305439,60.6,66.0,239
9410230,2022-05-19,64.42833333333333,60.6,65.7,240
9410230,2022-05-20,63.88250000000001,63.5,64.4,240
9410230,2022-05-21,63.598333333333336,63.1,64.2,240
9410230,2022-05-22,64.11666666666666,63.5,64.9,240
9410230,2022-05-23,64.30208333333333,63.1,65.1,240
9410230,2022-05-24,64.42416666666666,62.8,65.3,240
9410230,2022-05-25,64.28291666666667,60.4,65.8,240
9410230,2022-05-26,64.8525,61.0,66.0,240
9410230,2022-05-27,65.53708333333333,62.4,66.9,240
9410230,2022-05-28,65.56583333333333,63.9,66.6,240
9410230,2022-05-29,65.94083333333333,64.9,67.1,240
9410230,2022-05-30,66.47958333333334,65.1,67.6,240
9410230,2022-05-31,66.59957983193277,64.4,68.0,238
9410230,2022-06-01,66.365,61.3,68.7,240
9410230,2022-06-02,66.02166666666668,59.4,68.7,240
9410230,2022-06-03,66.68833333333333,62.4,68.2,240
9410230,2022-06-04,67.36958333333332,63.9,68.4,240
9410230,2022-06-05,67.74083333333333,62.2,70.0,240
9410230,2022-06-06,68.80336134453782,64.8,70.2,238
9410230,2022-06-07,68.55847457627118,67.1,69.8,236
9410230,2022-06-08,67.53708333333333,64.9,68.7,240
9410230,2022-06-09,66.63,65.3,68.2,240
9410230,2022-06-10,67.4,66.6,68.5,239
9410230,2022-06-11,66.71708333333333,61.0,68.9,240
9410230,2022-06-12,66.76833333333333,61.0,68.9,240
9410230,2022-06-13,66.83583333333334,61.0,68.0,240
9410230,2022-06-14,67.48583333333333,63.7,68.7,240
9410230,2022-06-15,67.88625,65.5,69.3,240
9410230,2022-06-16,68.74791666666667,64.9,70.9,240
9410230,2022-06-17,69.78458333333333,68.2,71.1,240
9410230,2022-06-18,69.47531380753138,65.7,70.5,239
9410230,2022-06-19,70.04291666666667,68.5,71.6,240
9410230,2022-06-20,70.04458333333334,67.3,72.5,240
9410230,2022-06-21,70.55874999999999,67.8,72.5,240
9410230,2022-06-22,71.31458333333333,70.3,72.7,240
9410230,2022-06-23,70.80625,66.2,72.9,240
9410230,2022-06-24,66.95916666666668,57.0,71.8,240
9410230,2022-06-25,63.2725,55.4,71.8,240
9410230,2022-06-26,61.68333333333333,55.4,68.4,240
9410230,2022-06-27,62.10541666666666,56.8,67.6,240
9410230,2022-06-28,60.15333333333333,54.9,66.4,240
9410230,2022-06-29,64.125,57.6,69.6,240
9410230,2022-06-30,65.38625,58.8,69.4,240
9410230,2022-07-01,65.62291666666667,59.0,72.5,240
9410230,2022-07-02,66.35916666666667,59.9,72.0,240
9410230,2022-07-03,66.59125,57.0,71.2,240
9410230,2022-07-04,66.67791666666668,56.5,71.8,240
9410230,2022-07-05,67.32291666666667,57.7,72.9,240
9410230,2022-07-06,68.09539748953975,56.7,72.1,239
9410230,2022-07-07,65.67416666666666,57.7,71.2,240
9410230,2022-07-08,66.35041666666667,57.0,71.8,240
9410230,2022-07-09,66.54791666666667,59.2,72.1,240
9410230,2022-07-10,65.18375,56.8,70.7,240
9410230,2022-07-11,63.27916666666667,56.5,70.5,240
9410230,2022-07-12,65.11041666666667,57.7,69.4,240
9410230,2022-07-13,62.895833333333336,54.9,68.9,240
9410230,2022-07-14,63.10833333333333,55.4,68.5,240
9410230,2022-07-15,63.205416666666665,55.9,68.5,240
9410230,2022-07-16,62.935833333333335,55.6,68.2,240
9410230,2022-07-17,64.25,59.5,68.2,240
9410230,2022-07-18,64.83166666666666,61.2,68.2,240
9410230,2022-07-19,64.88208333333334,60.1,68.2,240
9410230,2022-07-20,67.20541666666666,62.6,69.4,240
9410230,2022-07-21,67.235,60.4,71.2,240
9410230,2022-07-22,68.87916666666666,62.4,73.0,240
9410230,2022-07-23,70.17583333333333,63.1,72.1,240
9410230,2022-07-24,69.84041666666667,63.1,72.3,240
9410230,2022-07-25,69.92666666666668,62.2,72.3,240
9410230,2022-07-26,69.22666666666667,62.1,73.4,240
9410230,2022-07-27,70.53708333333334,61.7,73.8,240
9410230,2022-07-28,67.27083333333333,56.8,73.4,240
9410230,2022-07-29,70.66583333333332,59.7,73.4,240
9410230,2022-07-30,70.92625,61.3,75.0,240
9410230,2022-07-31,71.10166666666667,63.3,74.7,240
9410230,2022-08-01,71.92083333333333,62.8,75.7,240
9410230,2022-08-02,71.73416666666667,61.2,75.6,240
9410230,2022-08-03,69.62541666666667,58.3,74.1,240
9410230,2022-08-04,67.34916666666666,57.7,73.0,240
9410230,2022-08-05,66.5275,58.5,72.9,240
9410230,2022-08-06,60.367916666666666,56.1,70.9,240
9410230,2022-08-07,58.86083333333333,55.6,65.3,240
9410230,2022-08-08,63.14625,56.7,67.1,240
9410230,2022-08-09,64.91833333333334,59.4,70.0,240
9410230,2022-08-10,64.00208333333333,57.9,68.5,240
9410230,2022-08-11,65.32,61.2,70.3,240
9410230,2022-08-12,64.49458333333334,59.5,72.0,240
9410230,2022-08-13,68.38666666666667,60.4,73.2,240
9410230,2022-08-14,69.17583333333333,61.2,75.2,240
9410230,2022-08-15,71.44666666666667,61.7,75.7,240
9410230,2022-08-16,69.01,60.1,74.7,240
9410230,2022-08-17,69.22250000000001,60.8,75.2,240
9410230,2022-08-18,70.4,60.4,75.7,240
9410230,2022-08-19,66.75416666666666,58.1,75.0,240
9410230,2022-08-20,70.5075,64.8,73.6,240
9410230,2022-08-21,71.77333333333333,67.8,72.7,240
9410230,2022-08-22,71.12333333333332,64.8,73.0,240
9410230,2022-08-23,69.80125,59.5,73.9,240
9410230,2022-08-24,72.39666666666668,62.1,75.4,240
9410230,2022-08-25,73.98916666666668,68.4,76.5,240
9410230,2022-08-26,72.28375,63.7,76.1,240
9410230,2022-08-27,71.52749999999999,60.4,76.3,240
9410230,2022-08-28,71.36666666666666,60.6,75.4,240
9410230,2022-08-29,70.87583333333333,62.4,75.4,240
9410230,2022-08-30,65.41875,59.2,74.5,240
9410230,2022-08-31,61.355,56.8,67.8,240
9410230,2022-09-01,62.48916666666666,56.1,69.6,240
9410230,2022-09-02,65.91083333333333,59.0,72.1,240
9410230,2022-09-03,67.71458333333334,62.1,72.0,240
9410230,2022-09-04,69.64916666666666,60.4,74.5,240
9410230,2022-09-05,74.1675,68.9,77.0,240
9410230,2022-09-06,75.46208333333334,71.6,77.5,240
9410230,2022-09-07,73.05208333333333,65.8,76.3,240
9410230,2022-09-08,71.02208333333333,65.1,75.6,240
9410230,2022-09-09,66.6275,61.3,73.6,240
9410230,2022-09-10,68.57,63.7,70.2,240
9410230,2022-09-11,69.77583333333334,65.1,71.8,240
9410230,2022-09-12,69.83208333333333,66.2,71.6,240
9410230,2022-09-13,68.2375,65.3,71.2,240
9410230,2022-09-14,68.30791666666667,64.8,70.0,240
9410230,2022-09-15,70.30541666666666,68.4,72.1,240
9410230,2022-09-16,70.60458333333332,67.8,71.6,240
9410230,2022-09-17,70.60666666666665,67.5,72.0,240
9410230,2022-09-18,70.23416666666667,65.8,71.6,240
9410230,2022-09-19,70.41499999999999,67.1,72.3,240
9410230,2022-09-20,70.875,67.6,72.1,240
9410230,2022-09-21,70.76208333333334,68.5,72.0,240
9410230,2022-09-22,68.20708333333333,65.1,71.2,240
9410230,2022-09-23,67.55875,63.1,71.2,240
9410230,2022-09-24,68.46374999999999,62.8,71.8,240
9410230,2022-09-25,68.83541666666666,63.9,72.7,240
9410230,2022-09-26,68.54791666666667,63.0,72.3,240
9410230,2022-09-27,69.19291666666666,63.1,73.6,240
9410230,2022-09-28,70.12333333333332,64.6,73.4,240
9410230,2022-09-29,71.18833333333333,66.4,73.2,240
9410230,2022-09-30,70.91499999999999,66.6,73.2,240
9410230,2022-10-01,68.76958333333333,59.4,72.7,240
9410230,2022-10-02,67.36958333333334,62.6,72.1,240
9410230,2022-10-03,64.49,61.2,70.0,240
9410230,2022-10-04,63.9175,59.5,66.2,240
9410230,2022-10-05,64.32666666666667,61.2,66.0,240
9410230,2022-10-06,66.60125,63.3,68.9,240
9410230,2022-10-07,66.27083333333333,63.0,68.7,240
9410230,2022-10-08,66.63916666666667,61.9,70.3,240
9410230,2022-10-09,66.57833333333333,63.1,69.1,240
9410230,2022-10-10,66.29666666666667,62.2,69.1,240
9410230,2022-10-11,65.99291666666666,61.0,69.4,240
9410230,2022-10-12,66.74,62.4,68.9,240
9410230,2022-10-13,67.33625,64.4,68.5,240
9410230,2022-10-14,66.53,63.0,67.8,240
9410230,2022-10-15,66.42999999999999,62.6,68.0,240
9410230,2022-10-16,67.22833333333332,64.0,69.4,240
9410230,2022-10-17,66.37333333333333,61.5,69.6,240
9410230,2022-10-18,65.64375,62.1,68.2,240
9410230,2022-10-19,65.0175,59.0,68.0,240
9410230,2022-10-20,65.69250000000001,60.3,68.7,240
9410230,2022-10-21,66.89166666666667,61.7,68.7,240
9410230,2022-10-22,67.84333333333333,62.2,68.5,240
9410230,2022-10-23,68.32416666666667,67.6,69.1,240
9410230,2022-10-24,68.23,65.5,69.4,240
9410230,2022-10-25,67.77791666666667,65.5,69.3,240
9410230,2022-10-26,66.06166666666667,60.4,68.5,240
9410230,2022-10-27,66.99583333333334,63.9,68.2,240
9410230,2022-10-28,67.17083333333333,63.7,68.9,240
9410230,2022-10-29,67.01333333333334,63.5,68.7,240
9410230,2022-10-30,67.43083333333333,65.7,68.5,240
9410230,2022-10-31,66.83291666666666,63.1,68.0,240
9410230,2022-11-01,66.86958333333332,64.8,67.8,240
9410230,2022-11-02,67.42375,66.6,67.8,240
9410230,2022-11-03,65.95042735042735,64.9,66.7,234
9410230,2022-11-04,64.20083333333334,61.2,65.5,240
9410230,2022-11-05,63.22416666666666,59.9,64.6,240
9410230,2022-11-06,62.16583333333333,59.0,63.7,240
9410230,2022-11-07,63.38708333333333,61.5,64.4,240
9410230,2022-11-08,63.6723849372385,59.7,64.6,239
9410230,2022-11-09,64.26041666666667,63.7,64.6,240
9410230,2022-11-10,63.36,60.6,64.2,240
9410230,2022-11-11,62.818333333333335,60.4,63.9,240
9410230,2022-11-12,62.84125,61.5,63.7,240
9410230,2022-11-13,63.12708333333333,62.4,63.7,240
9410230,2022-11-14,62.47291666666667,61.0,63.3,240
9410230,2022-11-15,62.37166666666667,61.5,63.1,240
9410230,2022-11-16,62.000416666666666,61.5,62.4,240
9410230,2022-11-17,61.60208333333333,60.3,62.1,240
9410230,2022-11-18,61.795,61.0,62.4,240
9410230,2022-11-19,62.35,61.7,63.3,240
9410230,2022-11-20,62.419583333333335,61.5,63.7,240
9410230,2022-11-21,62.513333333333335,61.7,63.5,240
9410230,2022-11-22,62.51208333333333,61.3,63.9,240
9410230,2022-11-23,62.317083333333336,59.4,63.7,240
9410230,2022-11-24,60.700833333333335,57.9,62.4,240
9410230,2022-11-25,60.08083333333333,57.7,62.4,240
9410230,2022-11-26,59.63958333333333,58.5,60.3,240
9410230,2022-11-27,60.19083333333333,59.4,61.3,240
9410230,2022-11-28,59.85625,58.1,60.3,240
9410230,2022-11-29,59.77458333333333,59.0,60.3,240
9410230,2022-11-30,59.236666666666665,57.7,59.7,240
9410230,2022-12-01,59.4775,59.2,59.7,240
9410230,2022-12-02,59.64833333333333,59.0,60.3,240
9410230,2022-12-03,59.59291666666668,59.4,59.9,240
9410230,2022-12-04,59.46791666666666,59.2,60.3,240
9410230,2022-12-05,59.80125,59.2,60.6,240
9410230,2022-12-06,59.7,58.5,60.3,240
9410230,2022-12-07,59.9275,58.8,60.6,240
9410230,2022-12-08,60.01041666666666,59.5,60.4,240
9410230,2022-12-09,59.49958333333333,58.6,59.9,240
9410230,2022-12-10,59.4075,57.9,60.6,240
9410230,2022-12-11,57.99041666666667,57.0,59.2,240
9410230,2022-12-12,57.89375,57.2,58.5,240
9410230,2022-12-13,57.88375,56.7,58.8,240
9410230,2022-12-14,58.15,57.4,58.8,240
9410230,2022-12-15,57.974583333333335,57.0,58.3,240
9410230,2022-12-16,58.15166666666666,57.6,58.6,240
9410230,2022-12-17,58.12083333333333,57.9,58.5,240
9410230,2022-12-18,58.22625,57.2,58.8,240
9410230,2022-12-19,58.17625,57.2,59.2,240
9410230,2022-12-20,57.95291666666667,57.6,58.8,240
9410230,2022-12-21,58.10833333333333,57.2,59.0,240
9410230,2022-12-22,58.48916666666666,57.9,59.4,240
9410230,2022-12-23,58.81208333333333,57.9,59.7,240
9410230,2022-12-24,58.5475,57.7,59.4,240
9410230,2022-12-25,58.32458333333333,57.9,59.0,240
9410230,2022-12-26,58.19291666666666,57.7,58.8,240
9410230,2022-12-27,57.97833333333333,57.7,58.3,240
9410230,2022-12-28,58.22970711297071,57.7,59.0,239
9410230,2022-12-29,58.5775,58.3,59.2,240
9410230,2022-12-30,59.04833333333333,58.8,59.4,240
9410230,2022-12-31,58.91791666666666,58.1,59.2,240
9410230,2023-01-01,58.69237288135593,58.5,59.0,236
9410230,2023-01-02,58.725,58.6,59.0,240
9410230,2023-01-03,58.59583333333333,58.5,58.8,240
9410230,2023-01-04,58.842083333333335,58.5,59.4,240
9410230,2023-01-05,58.60458333333334,58.5,58.8,240
9410230,2023-01-06,58.74875,58.5,59.2,240
9410230,2023-01-07,58.74083333333333,58.3,59.2,240
9410230,2023-01-08,58.79958333333333,58.3,59.4,240
9410230,2023-01-09,58.62583333333334,58.5,59.0,240
9410230,2023-01-10,58.58541666666667,58.5,58.8,240
9410230,2023-01-11,58.66333333333333,58.5,59.0,240
9410230,2023-01-12,58.67875,58.5,59.0,240
9410230,2023-01-13,58.6525,58.3,59.2,240
9410230,2023-01-14,58.60375,58.5,58.8,240
9410230,2023-01-15,58.58125,58.5,58.8,240
9410230,2023-01-16,58.59916666666666,58.5,58.8,240
9410230,2023-01-17,58.160504201680666,57.9,58.5,238
9410230,2023-01-18,58.64,58.1,59.2,240
9410230,2023-01-19,58.724583333333335,58.3,59.7,240
9410230,2023-01-20,58.486666666666665,57.9,59.0,240
9410230,2023-01-21,58.41916666666667,57.9,59.2,240
9410230,2023-01-22,58.200833333333335,57.6,58.8,240
9410230,2023-01-23,57.90416666666667,57.4,58.3,240
9410230,2023-01-24,57.829166666666666,57.4,58.8,240
9410230,2023-01-25,57.52708333333333,56.8,58.1,240
9410230,2023-01-26,57.01291666666667,55.2,57.6,240
9410230,2023-01-27,57.1375,56.5,58.8,240
9410230,2023-01-28,56.93875,56.1,57.4,240
9410230,2023-01-29,56.875,55.9,57.2,240
9410230,2023-01-30,56.90375,56.7,57.2,240
9410230,2023-01-31,57.05416666666667,56.7,57.7,240
9410230,2023-02-01,57.107083333333335,56.3,58.1,240
9410230,2023-02-02,57.461666666666666,56.7,58.6,240
9410230,2023-02-03,57.29083333333333,56.7,58.6,240
9410230,2023-02-04,57.33833333333334,56.8,58.6,240
9410230,2023-02-05,57.56041666666667,57.0,58.3,240
9410230,2023-02-06,57.44625,56.8,57.9,240
9410230,2023-02-07,57.41791666666666,56.8,58.3,240
9410230,2023-02-08,57.26833333333333,56.3,58.3,240
9410230,2023-02-09,57.192083333333336,55.4,57.9,240
9410230,2023-02-10,56.55916666666667,53.8,57.7,240
9410230,2023-02-11,57.0,55.9,57.7,239
9410230,2023-02-12,56.99541666666666,55.9,57.7,240
9410230,2023-02-13,56.91708333333334,56.1,57.6,240
9410230,2023-02-14,56.945378151260506,56.7,57.2,238
9410230,2023-02-15,56.81806722689076,56.3,57.4,238
9410230,2023-02-16,56.07458333333333,55.6,56.7,240
9410230,2023-02-17,56.21833333333333,55.2,57.2,240
9410230,2023-02-18,56.44916666666666,54.9,57.7,240
9410230,2023-02-19,56.25666666666667,55.2,56.7,240
9410230,2023-02-20,56.33958333333333,55.2,57.7,240
9410230,2023-02-21,56.68708333333333,55.9,57.4,240
9410230,2023-02-22,56.388888888888886,55.9,56.7,234
9410230,2023-02-23,56.28458333333333,55.8,56.8,240
9410230,2023-02-24,55.99916666666666,55.8,56.3,240
9410230,2023-02-25,55.46666666666667,55.2,55.8,240
9410230,2023-02-26,55.625,54.9,56.8,240
9410230,2023-02-27,56.02666666666666,54.9,57.2,240
9410230,2023-02-28,56.806666666666665,56.1,57.9,240
9410230,2023-03-01,56.38425531914893,55.8,57.2,235
9410230,2023-03-02,56.25916666666667,55.2,57.2,240
9410230,2023-03-03,56.8525,55.6,58.3,240
9410230,2023-03-04,56.84916666666666,55.9,57.6,240
9410230,2023-03-05,57.04625,55.8,58.1,240
9410230,2023-03-06,56.925,55.4,57.9,240
9410230,2023-03-07,56.85291666666667,55.4,57.9,240
9410230,2023-03-08,56.55458333333333,55.0,57.9,240
9410230,2023-03-09,56.638333333333335,54.7,59.2,240
9410230,2023-03-10,55.97208333333333,54.0,57.2,240
9410230,2023-03-11,56.26541666666667,54.0,57.4,240
9410230,2023-03-12,56.915217391304346,55.9,58.3,230
9410230,2023-03-13,57.18833333333334,54.9,59.2,240
9410230,2023-03-14,56.85,54.1,58.3,240
9410230,2023-03-15,56.29708333333333,54.9,57.9,240
9410230,2023-03-16,57.31166666666666,56.1,59.2,240
9410230,2023-03-17,57.76458333333333,55.0,59.9,240
9410230,2023-03-18,57.74666666666667,56.5,59.5,240
9410230,2023-03-19,58.32375,56.7,59.9,240
9410230,2023-03-20,57.86083333333333,56.1,59.4,240
9410230,2023-03-21,57.02625,56.3,58.1,240
9410230,2023-03-22,57.274166666666666,56.3,58.3,240
9410230,2023-03-23,57.98166666666667,57.6,58.5,240
9410230,2023-03-24,58.35333333333333,57.6,59.5,240
9410230,2023-03-25,58.30166666666666,57.4,59.5,240
9410230,2023-03-26,58.30291666666667,55.4,59.5,240
9410230,2023-03-27,57.81125,56.1,58.8,240
9410230,2023-03-28,58.48333333333333,56.3,60.1,240
9410230,2023-03-29,57.85625,56.8,58.6,240
9410230,2023-03-30,57.90833333333333,57.2,59.0,240
9410230,2023-03-31,58.23291666666667,57.2,59.5,240
9410230,2023-04-01,58.29416666666667,54.7,61.2,240
9410230,2023-04-02,58.6475,56.3,61.0,240
9410230,2023-04-03,59.255,57.6,60.4,240
9410230,2023-04-04,56.29958158995816,54.3,58.8,239
9410230,2023-04-05,55.855,54.5,58.1,240
9410230,2023-04-06,56.36208333333333,53.4,59.4,240
9410230,2023-04-07,56.22375,52.5,59.7,240
9410230,2023-04-08,55.56333333333334,52.5,58.8,240
9410230,2023-04-09,55.22208333333333,53.2,57.0,240
9410230,2023-04-10,54.672916666666666,52.2,57.0,240
9410230,2023-04-11,55.1225,52.9,57.7,240
9410230,2023-04-12,54.05125,51.8,57.7,240
9410230,2023-04-13,54.89458333333334,54.3,55.4,240
9410230,2023-04-14,55.89083333333333,54.9,57.2,240
9410230,2023-04-15,57.76041666666666,56.5,59.5,240
9410230,2023-04-16,57.68833333333334,55.0,59.5,240
9410230,2023-04-17,56.96583333333333,54.0,58.5,240
9410230,2023-04-18,58.3225,55.8,60.3,240
9410230,2023-04-19,59.0975,57.2,60.8,240
9410230,2023-04-20,59.36583333333333,57.4,61.0,240
9410230,2023-04-21,58.86958333333334,56.7,60.4,240
9410230,2023-04-22,58.68541666666667,55.6,63.0,240
9410230,2023-04-23,59.11208333333333,54.3,61.2,240
9410230,2023-04-24,61.20958333333333,59.4,62.8,240
9410230,2023-04-25,62.15333333333333,60.6,63.3,240
9410230,2023-04-26,61.33541666666667,58.6,62.4,240
9410230,2023-04-27,59.766666666666666,56.5,61.7,240
9410230,2023-04-28,59.26541666666667,56.8,60.8,240
9410230,2023-04-29,58.07541666666667,55.0,60.4,240
9410230,2023-04-30,58.00833333333333,54.5,60.3,240
9410230,2023-05-01,59.279583333333335,55.0,60.8,240
9410230,2023-05-02,61.02,57.6,63.0,240
9410230,2023-05-03,60.69708333333333,57.7,62.8,240
9410230,2023-05-04,60.93559322033898,59.7,61.7,236
9410230,2023-05-05,61.438528138528135,58.6,63.3,231
9410230,2023-05-06,61.357083333333335,55.6,64.0,240
9410230,2023-05-07,62.52041666666666,59.9,64.6,240
9410230,2023-05-08,62.71625,57.2,65.5,240
9410230,2023-05-09,63.10208333333333,58.6,65.1,240
9410230,2023-05-10,64.43458333333334,63.1,66.0,240
9410230,2023-05-11,64.53625000000001,60.1,66.2,240
9410230,2023-05-12,64.00833333333334,56.7,65.5,240
9410230,2023-05-13,63.35166666666667,58.6,65.1,240
9410230,2023-05-14,63.251250000000006,58.5,64.2,240
9410230,2023-05-15,63.297916666666666,61.7,63.9,240
9410230,2023-05-16,62.173750000000005,54.9,64.8,240
9410230,2023-05-17,61.66375,56.8,63.7,240
9410230,2023-05-18,61.24708333333333,55.9,63.7,240
9410230,2023-05-19,61.66916666666667,55.2,63.3,240
9410230,2023-05-20,60.73083333333333,57.2,63.3,240
9410230,2023-05-21,61.88166666666667,59.2,64.0,240
9410230,2023-05-22,62.89041666666667,61.3,64.0,240
9410230,2023-05-23,62.665,60.3,63.1,240
9410230,2023-05-24,62.81666666666667,58.6,63.5,240
9410230,2023-05-25,63.17875,59.9,64.2,240
9410230,2023-05-26,64.34083333333334,63.7,65.3,240
9410230,2023-05-27,65.07833333333333,64.2,65.7,240
9410230,2023-05-28,64.49791666666667,63.3,64.9,240
9410230,2023-05-29,64.00750000000001,62.8,64.6,240
9410230,2023-05-30,64.06208333333333,60.3,64.8,240
9410230,2023-05-31,64.43125,63.7,65.3,240
9410230,2023-06-01,64.02541666666667,60.3,65.3,240
9410230,2023-06-02,64.29916666666666,59.9,65.5,240
9410230,2023-06-03,63.46791666666666,59.7,64.9,240
9410230,2023-06-04,61.91375,56.7,64.8,240
9410230,2023-06-05,60.92541666666667,55.4,63.9,240
9410230,2023-06-06,60.3575,55.6,63.1,240
9410230,2023-06-07,60.66041666666667,55.9,64.4,240
9410230,2023-06-08,60.84875,55.0,64.4,240
9410230,2023-06-09,61.22166666666667,54.9,63.9,240
9410230,2023-06-10,59.87,55.6,62.8,240
9410230,2023-06-11,60.14416666666667,55.4,63.1,240
9410230,2023-06-12,61.4375,57.0,63.9,240
9410230,2023-06-13,62.067083333333336,57.2,63.9,240
9410230,2023-06-14,60.431666666666665,55.6,62.8,240
9410230,2023-06-15,59.93458333333333,55.2,63.0,240
9410230,2023-06-16,59.78625,54.9,64.2,240
9410230,2023-06-17,58.08833333333334,54.1,62.1,240
9410230,2023-06-18,59.13333333333333,56.3,61.7,240
9410230,2023-06-19,60.20625,55.9,63.7,240
9410230,2023-06-20,61.99958333333333,55.9,65.1,240
9410230,2023-06-21,61.189166666666665,55.4,65.7,240
9410230,2023-06-22,62.75416666666667,56.3,65.7,240
9410230,2023-06-23,64.06708333333333,59.0,66.7,240
9410230,2023-06-24,64.77125,59.5,67.5,240
9410230,2023-06-25,64.89791666666666,58.6,68.0,240
9410230,2023-06-26,64.6525,58.6,68.7,240
9410230,2023-06-27,64.07166666666667,56.3,69.1,240
9410230,2023-06-28,64.57833333333333,58.6,68.0,240
9410230,2023-06-29,63.64541666666666,59.0,68.5,240
9410230,2023-06-30,64.16875,61.2,69.3,240
9410230,2023-07-01,65.28833333333334,58.8,68.7,240
9410230,2023-07-02,63.855,58.8,69.3,240
9410230,2023-07-03,62.0275,57.2,66.7,240
9410230,2023-07-04,59.204166666666666,54.7,64.2,240
9410230,2023-07-05,61.24916666666666,56.3,65.5,240
9410230,2023-07-06,62.60541666666666,57.7,66.2,240
9410230,2023-07-07,65.28625000000001,61.0,67.3,240
9410230,2023-07-08,66.93125,62.4,68.7,240
9410230,2023-07-09,66.60166666666666,61.0,68.5,240
9410230,2023-07-10,66.41625,60.3,68.5,240
9410230,2023-07-11,67.1775,63.3,68.5,240
9410230,2023-07-12,67.00375,64.0,70.0,240
9410230,2023-07-13,67.54875,63.9,71.6,240
9410230,2023-07-14,67.75916666666667,63.7,72.1,240
9410230,2023-07-15,69.12791666666666,64.8,72.7,240
9410230,2023-07-16,69.58416666666668,64.0,72.3,240
9410230,2023-07-17,70.14041666666667,66.0,72.3,240
9410230,2023-07-18,68.51666666666667,63.3,72.0,240
9410230,2023-07-19,66.4725,59.0,71.6,240
9410230,2023-07-20,62.42958333333333,55.9,71.2,240
9410230,2023-07-21,63.85208333333333,58.1,70.0,240
9410230,2023-07-22,64.91083333333333,58.8,70.9,240
9410230,2023-07-23,67.57083333333334,62.6,70.0,240
9410230,2023-07-24,67.93416666666667,64.6,70.2,240
9410230,2023-07-25,67.215,62.8,71.2,240
9410230,2023-07-26,66.72875,61.5,70.2,240
9410230,2023-07-27,68.73916666666668,63.0,73.4,240
9410230,2023-07-28,70.40625,64.0,72.3,240
9410230,2023-07-29,70.97958333333332,66.0,73.0,240
9410230,2023-07-30,71.10208333333334,64.9,73.0,240
9410230,2023-07-31,71.14750000000001,66.9,72.7,240
9410230,2023-08-01,71.16000000000001,65.3,72.9,240
9410230,2023-08-02,71.78958333333334,65.3,74.5,240
9410230,2023-08-03,71.58708333333334,64.9,74.1,240
9410230,2023-08-04,70.73041666666667,63.5,74.1,240
9410230,2023-08-05,70.56066945606695,62.8,73.9,239
9410230,2023-08-06,70.96374999999999,65.5,73.6,240
9410230,2023-08-07,71.53333333333333,63.7,74.7,240
9410230,2023-08-08,71.1875,63.1,74.7,240
9410230,2023-08-09,69.6775,63.0,74.3,240
9410230,2023-08-10,71.42875000000001,64.6,73.8,240
9410230,2023-08-11,72.37708333333333,65.7,73.2,240
9410230,2023-08-12,70.78416666666666,64.6,73.0,240
9410230,2023-08-13,68.89583333333333,61.2,72.3,240
9410230,2023-08-14,67.46916666666667,62.8,71.6,240
9410230,2023-08-15,64.57166666666667,59.2,68.9,240
9410230,2023-08-16,64.055,57.9,68.5,240
9410230,2023-08-17,64.46541666666667,60.4,68.7,240
9410230,2023-08-18,63.492916666666666,59.5,66.6,240
9410230,2023-08-19,63.755,60.1,68.2,240
9410230,2023-08-20,62.16541666666667,55.8,66.9,240
9410230,2023-08-21,59.450833333333335,55.6,62.4,240
9410230,2023-08-22,60.39625,58.8,63.5,240
9410230,2023-08-23,61.005,58.5,63.3,240
9410230,2023-08-24,61.867916666666666,60.8,63.5,240
9410230,2023-08-25,61.16583333333333,60.3,62.8,240
9410230,2023-08-26,61.524166666666666,59.4,63.1,240
9410230,2023-08-27,62.59666666666667,59.9,65.5,240
9410230,2023-08-28,64.83958333333334,60.1,69.6,240
9410230,2023-08-29,64.17458333333333,59.7,70.3,240
9410230,2023-08-30,67.40625,62.6,71.6,240
9410230,2023-08-31,68.78541666666666,61.5,71.4,240
9410230,2023-09-01,68.43625,61.5,70.2,240
9410230,2023-09-02,68.5925,61.2,70.5,240
9410230,2023-09-03,68.68541666666667,64.8,70.9,240
9410230,2023-09-04,67.87625,63.5,71.6,240
9410230,2023-09-05,68.13791666666667,64.4,69.3,240
9410230,2023-09-06,67.97708333333334,64.8,70.5,240
9410230,2023-09-07,67.79666666666667,64.8,70.3,240
9410230,2023-09-08,67.18541666666667,64.4,69.8,240
9410230,2023-09-09,67.19958333333334,62.6,71.4,240
9410230,2023-09-10,66.53708333333333,63.7,69.4,240
9410230,2023-09-11,66.93166666666667,64.4,69.3,240
9410230,2023-09-12,69.05583333333334,66.0,70.9,240
9410230,2023-09-13,70.42041666666667,67.1,72.0,240
9410230,2023-09-14,69.29041666666667,64.2,72.3,240
9410230,2023-09-15,68.63833333333334,62.8,71.4,240
9410230,2023-09-16,70.32666666666667,66.0,71.2,240
9410230,2023-09-17,69.42083333333333,64.8,70.7,240
9410230,2023-09-18,69.46833333333333,64.2,72.1,240
9410230,2023-09-19,69.09750000000001,63.5,71.6,240
9410230,2023-09-20,70.0525,64.8,71.4,240
9410230,2023-09-21,69.6275,63.7,71.2,240
9410230,2023-09-22,67.65166666666667,62.6,70.2,240
9410230,2023-09-23,65.44166666666666,60.6,68.7,240
9410230,2023-09-24,62.47583333333333,59.0,68.9,240
9410230,2023-09-25,63.346250000000005,59.5,67.3,240
9410230,2023-09-26,61.76458333333333,59.5,63.9,240
9410230,2023-09-27,63.04644351464435,59.5,65.7,239
9410230,2023-09-28,65.34791666666666,60.8,67.8,240
9410230,2023-09-29,67.32875,62.4,69.1,240
9410230,2023-09-30,68.31375,65.3,69.4,240
9410230,2023-10-01,68.65916666666666,67.6,69.6,240
9410230,2023-10-02,67.61666666666666,62.8,69.8,240
9410230,2023-10-03,65.835,60.6,69.1,240
9410230,2023-10-04,65.53208333333333,60.6,69.6,240
9410230,2023-10-05,66.50916666666667,60.1,69.4,240
9410230,2023-10-06,66.52708333333334,61.7,69.3,240
9410230,2023-10-07,65.65708333333333,60.6,68.9,240
9410230,2023-10-08,65.68375,61.5,68.9,240
9410230,2023-10-09,62.281589958159,59.0,66.4,239
9410230,2023-10-10,62.84041666666667,59.0,65.5,240
9410230,2023-10-11,64.635,61.7,65.7,240
9410230,2023-10-12,65.45208333333333,64.2,67.1,240
9410230,2023-10-13,64.43791666666667,61.3,66.7,240
9410230,2023-10-14,64.2925,59.7,66.4,240
9410230,2023-10-15,64.13583333333334,61.3,66.4,240
9410230,2023-10-16,64.56083333333333,61.2,66.4,240
9410230,2023-10-17,65.44083333333333,62.1,68.0,240
9410230,2023-10-18,66.0,60.8,68.0,240
9410230,2023-10-19,64.24708333333334,60.3,67.1,240
9410230,2023-10-20,64.61791666666666,60.1,66.9,240
9410230,2023-10-21,65.55666666666667,61.7,67.3,240
9410230,2023-10-22,66.43249999999999,63.9,68.0,240
9410230,2023-10-23,67.35333333333332,63.7,68.4,240
9410230,2023-10-24,65.8375,61.7,67.8,240
9410230,2023-10-25,66.60041666666667,63.0,67.3,240
9410230,2023-10-26,66.65333333333334,63.3,67.8,240
9410230,2023-10-27,65.3975,60.4,67.8,240
9410230,2023-10-28,63.829166666666666,58.5,67.1,240
9410230,2023-10-29,64.24583333333334,59.4,66.7,240
9410230,2023-10-30,63.05041666666667,58.1,64.8,240
9410230,2023-10-31,61.899166666666666,59.5,64.0,240
9410230,2023-11-01,62.15,59.7,63.5,240
9410230,2023-11-02,62.844166666666666,61.0,64.6,240
9410230,2023-11-03,64.39541666666666,62.2,66.4,240
9410230,2023-11-04,64.24541666666667,60.3,66.2,240
9410230,2023-11-05,61.531666666666666,59.2,64.6,240
9410230,2023-11-06,60.84916666666666,59.4,61.9,240
9410230,2023-11-07,61.66791666666666,60.3,62.8,240
9410230,2023-11-08,61.83083333333333,61.3,63.1,240
9410230,2023-11-09,61.04041666666667,59.7,62.1,240
9410230,2023-11-10,60.97708333333333,59.0,62.1,240
9410230,2023-11-11,61.263333333333335,59.2,61.9,240
9410230,2023-11-12,61.26166666666666,60.4,61.9,240
9410230,2023-11-13,61.20041666666667,57.9,62.2,240
9410230,2023-11-14,61.736666666666665,61.2,63.0,240
9410230,2023-11-15,62.13958333333333,61.5,62.6,240
9410230,2023-11-16,63.4875,62.6,64.6,240
9410230,2023-11-17,63.56666666666667,61.5,64.6,240
9410230,2023-11-18,62.85333333333333,60.6,63.9,240
9410230,2023-11-19,63.24166666666667,62.2,64.4,240
9410230,2023-11-20,63.23125,62.6,64.0,240
9410230,2023-11-21,63.03666666666666,62.2,64.0,240
9410230,2023-11-22,62.6625,61.9,64.0,240
9410230,2023-11-23,62.54833333333333,61.7,63.3,240
9410230,2023-11-24,62.974583333333335,62.4,63.3,240
9410230,2023-11-25,62.58708333333333,61.5,63.5,240
9410230,2023-11-26,62.38458333333333,61.3,63.1,240
9410230,2023-11-27,62.16375,61.3,62.8,240
9410230,2023-11-28,62.31,61.7,63.1,240
9410230,2023-11-29,62.24125,61.7,62.8,240
9410230,2023-11-30,62.20916666666667,62.1,62.6,240
9410230,2023-12-01,62.16125,61.9,62.6,240
9410230,2023-12-02,61.96416666666666,61.0,62.6,240
9410230,2023-12-03,61.98041666666666,61.3,62.6,240
9410230,2023-12-04,61.869166666666665,61.5,62.4,240
9410230,2023-12-05,61.87291666666667,61.3,62.8,240
9410230,2023-12-06,62.05708333333334,61.5,62.6,240
9410230,2023-12-07,62.057500000000005,61.7,62.6,240
9410230,2023-12-08,61.99333333333333,61.5,62.4,240
9410230,2023-12-09,61.98291666666667,61.5,62.4,240
9410230,2023-12-10,62.00958333333334,61.3,62.8,240
9410230,2023-12-11,61.89541666666666,61.2,62.6,240
9410230,2023-12-12,61.9075,61.5,62.4,240
9410230,2023-12-13,62.00375,61.7,62.8,240
9410230,2023-12-14,61.95958333333333,61.3,63.0,240
9410230,2023-12-15,61.82666666666667,61.5,62.6,240
9410230,2023-12-16,61.91666666666666,61.3,62.8,240
9410230,2023-12-17,62.00875,61.5,62.4,240
9410230,2023-12-18,61.9825,61.7,62.4,240
9410230,2023-12-19,62.32416666666666,62.1,62.8,240
9410230,2023-12-20,62.14666666666667,61.9,62.6,240
9410230,2023-12-21,61.92791666666667,61.5,62.2,240
9410230,2023-12-22,62.60583333333333,61.9,63.1,240
9410230,2023-12-23,62.65125,62.2,63.1,240
9410230,2023-12-24,62.87166666666667,62.4,63.5,240
9410230,2023-12-25,62.8,62.2,63.3,240
9410230,2023-12-26,62.61583333333333,62.1,63.1,240
9410230,2023-12-27,62.60416666666666,62.4,63.1,240
9410230,2023-12-28,62.42791666666667,61.9,63.1,240
9410230,2023-12-29,62.19166666666667,61.9,62.6,240
9410230,2023-12-30,62.03458333333334,61.5,62.2,240
9410230,2023-12-31,61.88166666666667,61.7,62.1,240
9410230,2024-01-01,61.69916666666666,61.2,62.2,240
9410230,2024-01-02,61.623333333333335,61.0,62.1,240
9410230,2024-01-03,61.49041666666667,61.2,61.9,240
9410230,2024-01-04,61.010878661087865,60.6,61.3,239
9410230,2024-01-05,60.76625,60.1,61.3,240
9410230,2024-01-06,60.7025,60.1,61.3,240
9410230,2024-01-07,60.38127659574468,59.5,61.0,235
9410230,2024-01-08,59.437916666666666,58.6,59.9,240
9410230,2024-01-09,59.005,58.5,59.7,240
9410230,2024-01-10,58.52375,57.9,59.0,240
9410230,2024-01-11,58.482773109243695,58.1,58.8,238
9410230,2024-01-12,58.19456066945607,57.6,59.0,239
9410230,2024-01-13,57.93875,56.7,58.8,240
9410230,2024-01-14,57.61416666666666,57.2,57.9,240
9410230,2024-01-15,58.05166666666666,57.2,59.0,240
9410230,2024-01-16,58.45958333333333,57.9,59.4,240
9410230,2024-01-17,58.78791666666667,58.5,59.4,240
9410230,2024-01-18,59.005,57.6,59.9,240
9410230,2024-01-19,58.76291666666667,57.6,59.5,240
9410230,2024-01-20,58.705,58.1,59.0,240
9410230,2024-01-21,58.77833333333333,58.3,59.2,240
9410230,2024-01-22,59.068333333333335,58.8,59.4,240
9410230,2024-01-23,59.858995815899576,59.2,60.8,239
9410230,2024-01-24,60.06583333333333,59.7,60.3,240
9410230,2024-01-25,60.17125,59.2,60.6,240
9410230,2024-01-26,59.942083333333336,59.0,60.8,240
9410230,2024-01-27,59.74166666666667,58.5,61.2,240
9410230,2024-01-28,59.74083333333333,59.2,60.4,240
9410230,2024-01-29,59.842083333333335,59.0,60.8,240
9410230,2024-01-30,60.068333333333335,59.4,61.5,240
9410230,2024-01-31,60.26166666666666,59.9,60.6,240
9410230,2024-02-01,59.76375,59.0,60.1,240
9410230,2024-02-02,59.778333333333336,59.5,60.1,240
9410230,2024-02-03,59.67833333333333,59.4,60.1,240
9410230,2024-02-04,59.63916666666667,59.4,60.1,240
9410230,2024-02-05,59.37583333333334,59.2,59.5,240
9410230,2024-02-06,59.36208333333333,59.0,59.5,240
9410230,2024-02-07,58.925,58.6,59.4,240
9410230,2024-02-08,58.706694560669455,58.3,59.0,239
9410230,2024-02-09,58.76458333333333,58.3,59.5,240
9410230,2024-02-10,59.135,58.5,59.9,240
9410230,2024-02-11,59.33291666666666,58.5,60.4,240
9410230,2024-02-12,59.24,58.5,60.1,240
9410230,2024-02-13,59.5325,58.6,60.3,240
9410230,2024-02-14,60.00083682008368,59.0,61.2,239
9410230,2024-02-15,60.02375,59.2,60.4,240
9410230,2024-02-16,60.03833333333333,59.5,60.6,240
9410230,2024-02-17,59.70625,59.2,60.1,240
9410230,2024-02-18,59.62916666666667,59.0,60.3,240
9410230,2024-02-19,59.46791666666666,59.0,60.1,240
9410230,2024-02-20,59.67416666666667,59.5,59.9,240
9410230,2024-02-21,60.1475,59.5,61.2,240
9410230,2024-02-22,60.295,59.0,61.3,240
9410230,2024-02-23,60.19791666666666,59.4,61.2,240
9410230,2024-02-24,59.84125,58.6,60.8,240
9410230,2024-02-25,59.391666666666666,57.6,60.1,240
9410230,2024-02-26,59.32291666666666,57.6,60.1,240
9410230,2024-02-27,59.56333333333334,57.2,61.3,240
9410230,2024-02-28,60.10420168067227,57.7,61.7,238
9410230,2024-02-29,60.37916666666667,59.2,61.2,240
9410230,2024-03-01,60.818333333333335,59.4,61.9,240
9410230,2024-03-02,61.08375,60.6,61.5,240
9410230,2024-03-03,60.99541666666666,60.6,61.5,240
9410230,2024-03-04,61.055,60.3,61.9,240
9410230,2024-03-05,61.376666666666665,59.4,62.4,240
9410230,2024-03-06,61.58208333333334,60.8,62.2,240
9410230,2024-03-07,61.59333333333333,61.0,62.2,240
9410230,2024-03-08,61.8375,60.8,63.1,240
9410230,2024-03-09,61.64541666666666,58.5,64.2,240
9410230,2024-03-10,61.58869565217391,59.2,63.5,230
9410230,2024-03-11,61.157916666666665,58.3,62.2,240
9410230,2024-03-12,60.60625,56.8,61.9,240
9410230,2024-03-13,60.373640167364016,56.1,62.2,239
9410230,2024-03-14,60.14458333333334,56.1,61.5,240
9410230,2024-03-15,59.4075,56.3,60.1,240
9410230,2024-03-16,59.74875,57.7,60.8,240
9410230,2024-03-17,60.905,59.9,62.4,240
9410230,2024-03-18,61.0275,59.5,62.1,240
9410230,2024-03-19,60.930416666666666,59.2,62.8,240
9410230,2024-03-20,61.27916666666667,60.1,63.1,240
9410230,2024-03-21,61.6325,59.4,63.7,240
9410230,2024-03-22,61.85833333333333,60.3,64.4,240
9410230,2024-03-23,60.98125,59.0,63.5,240
9410230,2024-03-24,60.92333333333333,60.3,61.5,240
9410230,2024-03-25,60.181666666666665,57.7,61.5,240
9410230,2024-03-26,60.16791666666666,57.7,61.9,240
9410230,2024-03-27,58.95958333333333,54.9,61.2,240
9410230,2024-03-28,59.65208333333333,58.3,61.0,240
9410230,2024-03-29,59.65333333333333,57.2,61.7,240
9410230,2024-03-30,57.235,54.9,58.8,240
9410230,2024-03-31,57.087916666666665,55.2,58.1,240
9410230,2024-04-01,58.41125,57.6,60.1,240
9410230,2024-04-02,59.01,57.7,61.0,240
9410230,2024-04-03,60.5425,58.1,62.8,240
9410230,2024-04-04,62.06333333333334,59.2,63.5,240
9410230,2024-04-05,61.08375,59.7,62.2,240
9410230,2024-04-06,59.62833333333333,57.7,61.0,240
9410230,2024-04-07,59.641666666666666,55.0,61.9,240
9410230,2024-04-08,59.404583333333335,53.6,61.0,240
9410230,2024-04-09,59.86333333333334,54.7,63.1,240
9410230,2024-04-10,60.01882845188285,55.4,63.9,239
9410230,2024-04-11,60.43875,57.6,62.8,240
9410230,2024-04-12,59.65625,55.4,61.2,240
9410230,2024-04-13,59.19958333333333,54.3,60.1,240
9410230,2024-04-14,60.10125,59.0,61.7,240
9410230,2024-04-15,60.57574468085106,59.4,61.9,235
9410230,2024-04-16,61.365470852017935,58.1,63.7,223
9410230,2024-04-17,60.3725,54.7,68.2,240
9410230,2024-04-18,60.748333333333335,55.0,63.0,240
9410230,2024-04-19,60.77833333333333,55.9,63.3,240
9410230,2024-04-20,61.28833333333333,55.4,64.2,240
9410230,2024-04-21,60.8575,56.8,63.5,240
9410230,2024-04-22,60.4575,56.3,62.6,240
9410230,2024-04-23,60.5925,56.3,62.1,240
9410230,2024-04-24,61.591213389121336,56.7,63.5,239
9410230,2024-04-25,61.99875,57.7,63.9,240
9410230,2024-04-26,61.8675,58.3,62.8,240
9410230,2024-04-27,61.71375,59.7,63.3,240
9410230,2024-04-28,62.03208333333334,54.9,65.1,240
9410230,2024-04-29,62.20166666666667,56.1,65.3,240
9410230,2024-04-30,62.5225,58.1,64.4,240
9410230,2024-05-01,63.75708333333333,60.4,65.7,240
9410230,2024-05-02,63.535,57.2,65.3,240
9410230,2024-05-03,63.4025,57.7,65.5,240
9410230,2024-05-04,63.89416666666667,63.1,64.6,240
9410230,2024-05-05,64.085,62.6,65.3,240
9410230,2024-05-06,61.755833333333335,52.5,64.4,240
9410230,2024-05-07,62.79958333333333,59.7,64.4,240
9410230,2024-05-08,63.57833333333333,62.8,64.4,240
9410230,2024-05-09,63.84439655172414,61.7,65.7,232
9410230,2024-05-10,63.54166666666666,59.7,64.2,240
9410230,2024-05-11,62.96541666666667,57.7,64.2,240
9410230,2024-05-12,62.62041666666666,57.7,64.9,240
9410230,2024-05-13,62.63958333333333,56.1,64.8,240
9410230,2024-05-14,63.47416666666666,57.7,66.6,240
9410230,2024-05-15,63.58125,58.3,64.9,240
9410230,2024-05-16,64.18125,57.6,66.2,240
9410230,2024-05-17,64.36875,60.1,65.7,240
9410230,2024-05-18,63.96541666666667,57.4,66.7,240
9410230,2024-05-19,64.57916666666667,60.6,67.5,240
9410230,2024-05-20,63.97541666666667,58.3,66.2,240
9410230,2024-05-21,63.424166666666665,57.4,66.7,240
9410230,2024-05-22,63.69708333333333,58.8,66.9,240
9410230,2024-05-23,63.84,59.0,65.7,240
9410230,2024-05-24,64.10708333333334,61.0,65.7,240
9410230,2024-05-25,63.63791666666667,58.6,65.8,240
9410230,2024-05-26,62.71125,54.9,65.8,240
9410230,2024-05-27,61.91416666666667,55.0,64.9,240
9410230,2024-05-28,60.658750000000005,53.4,64.4,240
9410230,2024-05-29,60.1020920502092,52.5,64.6,239
9410230,2024-05-30,60.60375,52.3,63.9,240
9410230,2024-05-31,62.16666666666666,58.1,64.2,240
9410230,2024-06-01,63.15541666666666,56.5,64.9,240
9410230,2024-06-02,63.04666666666667,55.2,64.9,240
9410230,2024-06-03,63.818333333333335,63.0,64.9,240
9410230,2024-06-04,64.40958333333333,61.9,65.3,240
9410230,2024-06-05,63.95291666666667,62.1,65.3,240
9410230,2024-06-06,63.1875,60.3,64.6,240
9410230,2024-06-07,63.79583333333333,62.1,64.6,240
9410230,2024-06-08,64.04375,61.2,65.3,240
9410230,2024-06-09,63.92166666666667,56.8,65.7,240
9410230,2024-06-10,64.59333333333333,59.0,66.7,240
9410230,2024-06-11,65.18208333333334,60.3,66.4,240
9410230,2024-06-12,65.6326359832636,61.7,67.3,239
9410230,2024-06-13,65.79416666666667,61.3,67.8,240
9410230,2024-06-14,65.35791666666667,61.2,68.0,240
9410230,2024-06-15,62.99208333333333,58.3,66.4,240
9410230,2024-06-16,63.42166666666667,59.5,65.7,240
9410230,2024-06-17,64.94,60.8,66.7,240
9410230,2024-06-18,66.29583333333333,65.3,67.1,240
9410230,2024-06-19,66.7875,66.2,67.5,240
9410230,2024-06-20,66.31083333333333,60.3,68.7,240
9410230,2024-06-21,63.66875,54.3,68.7,240
9410230,2024-06-22,61.59,53.4,67.8,240
9410230,2024-06-23,58.44791666666666,53.1,65.3,240
9410230,2024-06-24,60.18375,53.1,67.8,240
9410230,2024-06-25,62.69583333333333,55.9,68.7,240
9410230,2024-06-26,65.8425,55.4,70.3,240
9410230,2024-06-27,67.79875,58.1,70.2,240
9410230,2024-06-28,68.27749999999999,62.1,69.8,240
9410230,2024-06-29,69.43875,66.0,71.6,240
9410230,2024-06-30,66.615,56.8,70.3,240
9410230,2024-07-01,66.83916666666667,58.6,70.2,240
9410230,2024-07-02,66.81208333333333,59.5,70.9,240
9410230,2024-07-03,68.57352941176471,59.9,72.0,238
9410230,2024-07-04,69.89416666666666,59.7,72.5,240
9410230,2024-07-05,70.52791666666667,66.4,72.7,240
9410230,2024-07-06,71.3675,64.2,73.6,240
9410230,2024-07-07,72.20958333333333,68.4,73.9,240
9410230,2024-07-08,70.35208333333334,60.8,73.4,240
9410230,2024-07-09,70.17958333333333,63.0,73.4,240
9410230,2024-07-10,70.2,63.7,72.5,240
9410230,2024-07-11,70.38708333333334,65.1,72.3,240
9410230,2024-07-12,68.51791666666666,63.7,71.6,240
9410230,2024-07-13,66.925,59.0,72.3,240
9410230,2024-07-14,65.49916666666667,59.5,72.5,240
9410230,2024-07-15,63.55708333333334,58.6,70.9,240
9410230,2024-07-16,63.875416666666666,57.4,69.4,240
9410230,2024-07-17,66.60208333333334,60.8,69.6,240
9410230,2024-07-18,66.47125,60.3,70.9,240
9410230,2024-07-19,64.82708333333333,58.1,70.3,240
9410230,2024-07-20,61.28666666666666,56.5,69.4,240
9410230,2024-07-21,64.97375000000001,57.2,69.6,240
9410230,2024-07-22,67.57,58.5,71.8,240
9410230,2024-07-23,66.18166666666667,56.7,73.2,240
9410230,2024-07-24,64.07,55.9,72.7,240
9410230,2024-07-25,61.85355648535565,55.2,70.0,239
9410230,2024-07-26,62.19583333333333,55.2,71.4,240
9410230,2024-07-27,62.62708333333333,53.6,72.1,240
9410230,2024-07-28,64.35875,54.7,71.4,240
9410230,2024-07-29,63.15541666666666,54.0,70.7,240
9410230,2024-07-30,65.52791666666667,56.5,71.1,240
9410230,2024-07-31,65.57083333333334,57.2,71.4,240
9410230,2024-08-01,64.68166666666667,57.9,70.5,240
9410230,2024-08-02,63.83375,55.8,70.2,240
9410230,2024-08-03,62.485,54.7,69.6,240
9410230,2024-08-04,61.19291666666666,54.5,68.4,240
9410230,2024-08-05,58.22845188284519,53.8,67.3,239
9410230,2024-08-06,59.989583333333336,53.6,66.0,240
9410230,2024-08-07,65.04958333333333,58.3,68.0,240
9410230,2024-08-08,68.83583333333333,62.4,72.1,240
9410230,2024-08-09,69.66708333333332,64.2,73.2,240
9410230,2024-08-10,69.78958333333334,64.2,73.4,240
9410230,2024-08-11,70.51875,64.0,74.3,240
9410230,2024-08-12,68.55774058577406,61.3,74.3,239
9410230,2024-08-13,68.98375,60.4,76.1,240
9410230,2024-08-14,72.1225,63.1,75.6,240
9410230,2024-08-15,71.06750000000001,63.1,75.9,240
9410230,2024-08-16,71.62041666666667,63.7,73.6,240
9410230,2024-08-17,72.84583333333333,65.7,74.7,240
9410230,2024-08-18,73.78541666666666,72.1,75.2,240
9410230,2024-08-19,72.47541666666666,67.6,75.2,240
9410230,2024-08-20,71.07583333333334,60.8,75.4,240
9410230,2024-08-21,72.16458333333334,62.1,76.1,240
9410230,2024-08-22,73.93958333333333,69.1,76.3,240
9410230,2024-08-23,72.54416666666665,64.9,75.9,240
9410230,2024-08-24,72.43249999999999,66.9,74.8,240
9410230,2024-08-25,71.09166666666667,63.1,74.8,240
9410230,2024-08-26,71.975,65.3,75.6,240
9410230,2024-08-27,72.53,64.6,75.6,240
9410230,2024-08-28,73.17907949790795,66.2,75.7,239
9410230,2024-08-29,72.83500000000001,64.9,75.9,240
9410230,2024-08-30,70.52666666666667,62.8,75.2,240
9410230,2024-08-31,70.59458333333333,64.8,74.5,240
9410230,2024-09-01,71.17541666666666,67.3,73.0,240
9410230,2024-09-02,72.105,68.9,73.9,240
9410230,2024-09-03,72.60458333333332,68.2,75.0,240
9410230,2024-09-04,71.91000000000001,67.1,74.7,240
9410230,2024-09-05,70.81958333333334,66.7,74.5,240
9410230,2024-09-06,72.10083333333334,67.5,75.6,240
9410230,2024-09-07,73.03916666666667,63.1,76.8,240
9410230,2024-09-08,70.5325,62.8,73.6,240
9410230,2024-09-09,69.18541666666667,65.5,73.0,240
9410230,2024-09-10,69.70875,66.7,72.7,240
9410230,2024-09-11,70.29083333333332,65.8,72.9,240
9410230,2024-09-12,71.825,70.2,73.0,240
9410230,2024-09-13,73.22708333333334,72.3,74.1,240
9410230,2024-09-14,73.53916666666667,73.0,74.7,240
9410230,2024-09-15,73.40291666666667,72.5,73.9,240
9410230,2024-09-16,72.77875,70.0,73.8,240
9410230,2024-09-17,71.23791666666666,65.3,73.0,240
9410230,2024-09-18,68.16041666666666,62.2,70.7,240
9410230,2024-09-19,67.93083333333333,62.1,70.0,240
9410230,2024-09-20,67.38791666666667,58.3,69.6,240
9410230,2024-09-21,65.19208333333333,58.3,68.0,240
9410230,2024-09-22,64.08458333333333,57.0,66.7,240
9410230,2024-09-23,60.924166666666665,55.0,63.9,240
9410230,2024-09-24,61.44625,57.6,63.9,240
9410230,2024-09-25,61.388702928870295,57.0,63.5,239
9410230,2024-09-26,61.73375,59.0,64.0,240
9410230,2024-09-27,61.36208333333333,59.2,63.3,240
9410230,2024-09-28,60.937916666666666,57.7,63.1,240
9410230,2024-09-29,60.982083333333335,58.5,62.8,240
9410230,2024-09-30,61.32458333333333,59.0,63.0,240
9410230,2024-10-01,61.086666666666666,56.8,63.0,240
9410230,2024-10-02,59.93625,56.8,62.6,240
9410230,2024-10-03,60.75875,57.0,63.0,240
9410230,2024-10-04,62.8875,61.7,64.2,240
9410230,2024-10-05,62.72583333333333,59.5,64.4,240
9410230,2024-10-06,60.748333333333335,59.5,64.0,240
9410230,2024-10-07,60.61,59.7,61.5,240
9410230,2024-10-08,60.44875,58.3,61.3,240
9410230,2024-10-09,60.92666666666666,59.0,63.0,240
9410230,2024-10-10,60.75333333333333,56.7,63.1,240
9410230,2024-10-11,60.840167364016736,59.0,63.3,239
9410230,2024-10-12,60.09083333333333,57.9,62.2,240
9410230,2024-10-13,61.221250000000005,58.3,64.8,240
9410230,2024-10-14,63.72625,57.9,65.7,240
9410230,2024-10-15,64.7525,60.6,66.2,240
9410230,2024-10-16,64.28619246861925,60.4,66.0,239
9410230,2024-10-17,64.41916666666667,60.1,66.0,240
9410230,2024-10-18,64.57791666666667,59.7,66.6,240
9410230,2024-10-19,63.90916666666667,59.7,67.5,240
9410230,2024-10-20,63.58083333333333,57.7,66.2,240
9410230,2024-10-21,63.635,59.9,66.4,240
9410230,2024-10-22,62.924166666666665,59.5,65.1,240
9410230,2024-10-23,63.54041666666667,60.8,67.6,240
9410230,2024-10-24,64.4675,61.9,66.6,240
9410230,2024-10-25,64.90083333333334,63.0,67.3,240
9410230,2024-10-26,64.52041666666666,63.3,65.7,240
9410230,2024-10-27,64.15458333333333,61.9,66.4,240
9410230,2024-10-28,65.21916666666667,63.3,65.8,240
9410230,2024-10-29,65.41416666666666,64.8,66.2,240
9410230,2024-10-30,64.14916666666666,59.9,65.8,240
9410230,2024-10-31,63.43333333333333,58.6,66.2,240
9410230,2024-11-01,62.77708333333333,56.5,65.5,240
9410230,2024-11-02,62.219166666666666,58.5,64.0,240
9410230,2024-11-03,62.50875,59.4,64.0,240
9410230,2024-11-04,62.58166666666667,59.5,64.6,240
9410230,2024-11-05,62.442083333333336,61.5,63.7,240
9410230,2024-11-06,61.54375,59.0,63.0,240
9410230,2024-11-07,61.250416666666666,59.7,62.8,240
9410230,2024-11-08,60.37041666666666,57.0,61.9,240
9410230,2024-11-09,60.4875,59.4,61.5,240
9410230,2024-11-10,60.82041666666667,59.5,62.2,240
9410230,2024-11-11,61.154583333333335,60.3,62.4,240
9410230,2024-11-12,61.505833333333335,59.4,62.6,240
9410230,2024-11-13,60.66458333333333,58.8,62.1,240
9410230,2024-11-14,60.404583333333335,57.6,61.9,240
9410230,2024-11-15,60.9625,60.3,61.5,240
9410230,2024-11-16,60.30083333333334,59.4,61.0,240
9410230,2024-11-17,59.63,55.9,61.3,240
9410230,2024-11-18,59.1625,55.4,60.1,240
9410230,2024-11-19,59.53,55.2,60.6,240
9410230,2024-11-20,59.18458333333333,55.6,60.8,240
9410230,2024-11-21,59.04375,58.5,59.7,240
9410230,2024-11-22,58.79208333333334,58.3,59.4,240
9410230,2024-11-23,58.53333333333333,57.0,59.4,240
9410230,2024-11-24,58.65375,56.8,59.5,240
9410230,2024-11-25,58.306666666666665,55.4,59.4,240
9410230,2024-11-26,58.35166666666667,56.7,59.4,240
9410230,2024-11-27,58.04041666666667,56.1,59.4,240
9410230,2024-11-28,57.599583333333335,55.4,59.2,240
9410230,2024-11-29,57.424166666666665,55.4,58.1,240
9410230,2024-11-30,58.2875,57.0,59.5,240
9410230,2024-12-01,59.46,58.5,60.4,240
9410230,2024-12-02,59.5325,57.4,60.4,240
9410230,2024-12-03,59.75416666666667,57.7,61.2,240
9410230,2024-12-04,59.64979079497908,55.6,60.8,239
9410230,2024-12-05,58.580000000000005,54.9,59.9,240
9410230,2024-12-06,58.4325,54.7,59.4,240
9410230,2024-12-07,57.333333333333336,54.3,58.5,240
9410230,2024-12-08,57.192083333333336,54.5,58.8,240
9410230,2024-12-09,57.68458333333333,54.3,58.8,240
9410230,2024-12-10,56.58541666666667,53.6,58.3,240
9410230,2024-12-11,55.83375,53.8,57.9,240
9410230,2024-12-12,55.739583333333336,53.2,57.4,240
9410230,2024-12-13,56.25291666666667,53.8,57.2,240
9410230,2024-12-14,56.42791666666667,54.7,57.7,240
9410230,2024-12-15,56.90208333333333,55.0,58.5,240
9410230,2024-12-16,56.54541666666667,54.3,57.7,240
9410230,2024-12-17,56.82333333333334,55.2,58.6,240
9410230,2024-12-18,56.81208333333333,55.4,58.5,240
9410230,2024-12-19,57.28333333333333,54.9,58.8,240
9410230,2024-12-20,57.51583333333334,55.6,58.8,240
9410230,2024-12-21,56.20291666666667,54.0,57.0,240
9410230,2024-12-22,55.70791666666666,54.7,56.3,240
9410230,2024-12-23,55.53833333333333,53.8,56.5,240
9410230,2024-12-24,55.376666666666665,54.1,56.8,240
9410230,2024-12-25,55.8725,55.2,56.8,240
9410230,2024-12-26,55.924166666666665,54.7,57.0,240
9410230,2024-12-27,56.02916666666667,55.0,56.8,240
9410230,2024-12-28,56.01208333333333,54.1,56.8,240
9410230,2024-12-29,55.98916666666666,55.0,56.3,240
9410230,2024-12-30,56.28041666666666,53.6,57.0,240
9410230,2024-12-31,56.65166666666666,53.8,57.7,240
9410230,2025-01-01,56.7975,54.5,57.9,240
9410230,2025-01-02,56.20666666666667,52.5,57.9,240
9410230,2025-01-03,56.145833333333336,52.3,57.4,240
9410230,2025-01-04,55.98708333333333,52.7,57.6,240
9410230,2025-01-05,56.06333333333334,53.1,57.4,240
9410230,2025-01-06,55.75,53.4,57.2,240
9410230,2025-01-07,55.39125,52.5,57.0,240
9410230,2025-01-08,55.46541666666666,53.2,56.5,240
9410230,2025-01-09,55.38333333333333,52.9,56.8,240
9410230,2025-01-10,56.005,54.5,57.0,240
9410230,2025-01-11,56.908750000000005,55.2,57.9,240
9410230,2025-01-12,57.32125,54.5,58.8,240
9410230,2025-01-13,56.817083333333336,54.7,57.9,240
9410230,2025-01-14,55.861666666666665,53.6,57.2,240
9410230,2025-01-15,55.26583333333333,53.8,56.1,240
9410230,2025-01-16,55.16541666666667,54.1,55.9,240
9410230,2025-01-17,56.18625,55.0,57.0,240
9410230,2025-01-18,56.96416666666666,55.9,57.9,240
9410230,2025-01-19,57.51291666666667,57.0,58.1,240
9410230,2025-01-20,57.71458333333333,57.2,58.3,240
9410230,2025-01-21,57.25375,56.5,58.3,240
9410230,2025-01-22,56.90916666666667,56.3,57.7,240
9410230,2025-01-23,56.51916666666667,55.8,57.6,240
9410230,2025-01-24,55.91958333333333,55.2,56.7,240
9410230,2025-01-25,55.7075,55.2,56.1,240
9410230,2025-01-26,56.032083333333325,55.6,56.7,240
9410230,2025-01-27,56.33458333333333,55.8,57.2,240
9410230,2025-01-28,56.782916666666665,55.9,57.9,240
9410230,2025-01-29,57.31297071129707,56.7,58.5,239
9410230,2025-01-30,57.68833333333334,56.5,58.5,240
9410230,2025-01-31,57.31208333333333,56.1,57.9,240
9410230,2025-02-01,57.09791666666667,55.8,58.3,240
9410230,2025-02-02,57.02791666666667,55.6,58.1,240
9410230,2025-02-03,56.42583333333334,55.0,57.2,240
9410230,2025-02-04,55.781666666666666,54.1,56.8,240
9410230,2025-02-05,56.0275,53.2,58.5,240
9410230,2025-02-06,55.85666666666667,53.1,57.7,240
9410230,2025-02-07,57.15166666666666,54.5,58.1,240
9410230,2025-02-08,57.65,56.5,58.6,240
9410230,2025-02-09,57.29833333333333,54.7,58.3,240
9410230,2025-02-10,57.40583333333333,55.4,58.5,240
9410230,2025-02-11,57.25083333333334,55.4,57.9,240
9410230,2025-02-12,56.861666666666665,56.3,57.2,240
9410230,2025-02-13,57.02833333333333,56.8,57.4,240
9410230,2025-02-14,57.30708333333334,56.8,58.1,240
9410230,2025-02-15,57.63041666666667,56.8,58.3,240
9410230,2025-02-16,58.04333333333333,57.6,59.0,240
9410230,2025-02-17,58.28416666666667,57.4,59.5,240
9410230,2025-02-18,58.33583333333333,57.0,59.2,240
9410230,2025-02-19,58.51966527196653,56.1,60.1,239
9410230,2025-02-20,58.735,57.9,59.7,240
9410230,2025-02-21,58.955416666666665,57.9,60.1,240
9410230,2025-02-22,59.13208333333333,58.3,61.0,240
9410230,2025-02-23,59.08083333333333,58.1,60.8,240
9410230,2025-02-24,59.29,58.1,60.4,240
9410230,2025-02-25,59.17208333333333,57.2,60.4,240
9410230,2025-02-26,58.69375,57.2,59.9,240
9410230,2025-02-27,58.20125,55.2,60.4,240
9410230,2025-02-28,58.310833333333335,55.2,59.5,240
9410230,2025-03-01,59.51,58.3,60.3,240
9410230,2025-03-02,59.486250000000005,56.1,60.3,240
9410230,2025-03-03,59.08541666666667,56.7,59.7,240
9410230,2025-03-04,57.99541666666666,54.1,59.5,240
9410230,2025-03-05,58.58291666666666,57.6,59.4,240
9410230,2025-03-06,57.49791666666667,54.5,58.6,240
9410230,2025-03-07,56.66,55.0,57.7,240
9410230,2025-03-08,56.97375,54.7,59.0,240
9410230,2025-03-09,56.91173913043479,53.8,60.4,230
9410230,2025-03-10,57.00833333333333,52.7,59.2,240
9410230,2025-03-11,56.65625,53.8,58.6,240
9410230,2025-03-12,57.33708333333333,56.3,58.5,240
9410230,2025-03-13,57.442083333333336,57.0,58.1,240
9410230,2025-03-14,57.15732217573222,56.8,57.4,239
9410230,2025-03-15,57.30875,56.7,58.3,240
9410230,2025-03-16,58.34791666666667,57.4,59.5,240
9410230,2025-03-17,59.00208333333333,57.0,60.3,240
9410230,2025-03-18,58.35208333333333,57.6,59.4,240
9410230,2025-03-19,57.508786610878666,56.8,58.6,239
9410230,2025-03-20,57.82208333333333,56.5,59.7,240
9410230,2025-03-21,57.81875,56.7,59.5,240
9410230,2025-03-22,58.505833333333335,56.8,60.1,240
9410230,2025-03-23,58.580416666666665,55.8,60.3,240
9410230,2025-03-24,59.11875,57.4,60.4,240
9410230,2025-03-25,59.07731092436975,57.0,59.9,238
9410230,2025-03-26,59.015189873417725,57.2,59.7,237
9410230,2025-03-27,58.46125,56.1,60.4,240
9410230,2025-03-28,58.4175,57.4,59.5,240
9410230,2025-03-29,58.462916666666665,57.4,59.5,240
9410230,2025-03-30,58.767916666666665,56.1,60.3,240
9410230,2025-03-31,57.01833333333333,52.2,58.6,240
9410230,2025-04-01,57.52291666666667,56.1,58.6,240
9410230,2025-04-02,56.08166666666667,54.3,57.4,240
9410230,2025-04-03,54.74958333333333,53.4,55.8,240
9410230,2025-04-04,54.67958333333333,52.9,56.8,240
9410230,2025-04-05,55.82666666666667,54.1,57.9,240
9410230,2025-04-06,55.98791666666667,54.0,57.7,240
9410230,2025-04-07,56.2668085106383,52.9,59.0,235
9410230,2025-04-08,57.488461538461536,55.6,59.4,234
9410230,2025-04-09,57.77675675675676,55.8,60.3,185
9410230,2025-04-10,59.642916666666665,57.7,61.0,240
9410230,2025-04-11,59.23916666666666,57.7,61.0,240
9410230,2025-04-12,59.68125,56.5,61.2,240
9410230,2025-04-13,60.02208333333333,55.2,62.1,240
9410230,2025-04-14,59.79041666666667,56.5,62.4,240
9410230,2025-04-15,58.37833333333333,54.5,61.5,240
9410230,2025-04-16,58.00125523012552,54.9,59.9,239
9410230,2025-04-17,59.33916666666666,56.8,60.4,240
9410230,2025-04-18,59.36583333333333,57.2,60.3,240
9410230,2025-04-19,58.82375,55.9,61.3,240
9410230,2025-04-20,60.43375,57.2,61.9,240
9410230,2025-04-21,60.48166666666667,57.4,62.6,240
9410230,2025-04-22,60.08833333333334,57.4,62.1,240
9410230,2025-04-23,60.39708333333333,57.9,62.2,240
9410230,2025-04-24,61.119166666666665,55.9,63.0,240
9410230,2025-04-25,62.47375,62.1,63.1,240
9410230,2025-04-26,62.09583333333333,61.3,63.0,240
9410230,2025-04-27,61.81166666666666,61.2,62.8,240
9410230,2025-04-28,62.19833333333334,60.4,63.1,240
9410230,2025-04-29,60.855,57.9,62.6,240
9410230,2025-04-30,61.08912133891213,57.2,63.0,239
9410230,2025-05-01,61.12708333333333,55.0,63.0,240
9410230,2025-05-02,62.0775,59.0,63.0,240
9410230,2025-05-03,63.001666666666665,62.6,63.3,240
9410230,2025-05-04,62.81541666666667,61.5,63.3,240
9410230,2025-05-05,62.34875,61.7,62.8,240
9410230,2025-05-06,62.485416666666666,62.1,63.0,240
9410230,2025-05-07,63.20875,62.2,64.8,240
9410230,2025-05-08,63.63541666666666,62.6,64.8,240
9410230,2025-05-09,63.53333333333333,61.2,64.6,240
9410230,2025-05-10,62.31333333333334,59.9,63.9,240
9410230,2025-05-11,63.75208333333333,59.4,66.6,240
9410230,2025-05-12,64.67458333333333,63.1,65.7,240
9410230,2025-05-13,64.465,63.5,65.1,240
9410230,2025-05-14,64.72916666666667,63.5,66.0,240
9410230,2025-05-15,64.9575,60.8,66.4,240
9410230,2025-05-16,64.38458333333332,57.7,66.6,240
9410230,2025-05-17,62.68375,53.4,65.7,240
9410230,2025-05-18,63.00833333333333,57.9,65.1,240
9410230,2025-05-19,62.5675,58.8,65.8,240
9410230,2025-05-20,62.72375,56.7,68.2,240
9410230,2025-05-21,64.42875,56.5,68.4,240
9410230,2025-05-22,67.015,63.7,68.7,240
9410230,2025-05-23,67.86541666666668,66.6,68.5,240
9410230,2025-05-24,67.92166666666667,66.7,68.9,240
9410230,2025-05-25,67.64458333333333,66.0,68.4,240
9410230,2025-05-26,67.195,61.3,69.1,240
9410230,2025-05-27,67.98,63.0,68.7,240
9410230,2025-05-28,67.50708333333334,63.3,68.5,240
9410230,2025-05-29,66.22875,60.4,67.6,240
9410230,2025-05-30,66.64333333333333,61.9,68.9,240
9410230,2025-05-31,65.17916666666666,59.2,68.0,240
9410230,2025-06-01,62.18708333333333,55.0,66.6,240
9410230,2025-06-02,62.39916317991632,56.5,65.3,239
9410230,2025-06-03,64.215,59.2,65.5,240
9410230,2025-06-04,58.75416666666667,53.8,63.7,240
9410230,2025-06-05,60.89541666666666,56.7,63.5,240
9410230,2025-06-06,61.211666666666666,58.5,63.1,240
9410230,2025-06-07,61.802083333333336,58.3,63.0,240
9410230,2025-06-08,62.09708333333333,57.2,63.5,240
9410230,2025-06-09,63.05125,60.6,64.0,240
9410230,2025-06-10,63.70041666666667,61.3,64.9,240
9410230,2025-06-11,64.33125,59.9,65.8,240
9410230,2025-06-12,64.48041666666667,60.8,65.8,240
9410230,2025-06-13,64.31416666666667,60.4,66.0,240
9410230,2025-06-14,65.72333333333333,63.7,67.1,240
9410230,2025-06-15,64.90708333333333,58.8,67.3,240
9410230,2025-06-16,66.58333333333333,63.9,68.9,240
9410230,2025-06-17,68.06,66.2,70.2,240
9410230,2025-06-18,68.9092050209205,65.1,70.3,239
9410230,2025-06-19,69.31958333333334,67.5,70.5,240
9410230,2025-06-20,69.54458333333334,67.5,70.7,240
9410230,2025-06-21,69.31791666666666,68.7,70.0,240
9410230,2025-06-22,69.33916666666667,68.5,70.3,240
9410230,2025-06-23,69.40124999999999,68.7,70.3,240
9410230,2025-06-24,70.10833333333333,69.1,71.8,240
9410230,2025-06-25,70.87364016736402,69.8,72.7,239
9410230,2025-06-26,70.89833333333334,67.1,71.8,240
9410230,2025-06-27,70.14583333333333,60.4,72.0,240
9410230,2025-06-28,65.8125,54.1,71.6,240
9410230,2025-06-29,63.52125,54.0,70.5,240
9410230,2025-06-30,59.82208333333333,53.8,68.4,240
9410230,2025-07-01,57.96041666666667,53.6,64.9,240
9410230,2025-07-02,59.158750000000005,53.8,64.0,240
9410230,2025-07-03,62.614583333333336,54.5,66.7,240
9410230,2025-07-04,65.80166666666666,59.9,69.4,240
9410230,2025-07-05,66.07583333333334,58.3,70.5,240
9410230,2025-07-06,65.05899581589958,56.5,70.2,239
9410230,2025-07-07,67.73458333333333,61.7,70.7,240
9410230,2025-07-08,63.7375,55.8,70.7,240
9410230,2025-07-09,61.64644351464435,55.0,69.3,239
9410230,2025-07-10,63.89791666666667,55.6,69.6,240
9410230,2025-07-11,69.18083333333334,61.2,70.5,240
9410230,2025-07-12,68.0,59.9,70.9,240
9410230,2025-07-13,64.44458333333334,57.9,70.7,240
9410230,2025-07-14,66.23166666666667,60.8,68.5,240
9410230,2025-07-15,66.69291666666666,61.2,69.6,240
9410230,2025-07-16,66.90708333333333,59.5,70.3,240
9410230,2025-07-17,67.395,61.3,70.5,240
9410230,2025-07-18,66.99541666666667,60.3,71.1,240
9410230,2025-07-19,66.16833333333334,59.7,71.1,240
9410230,2025-07-20,68.39041666666667,59.5,70.9,240
9410230,2025-07-21,68.74875,62.6,70.3,240
9410230,2025-07-22,69.01833333333335,62.4,71.1,240
9410230,2025-07-23,69.26890756302521,65.7,71.4,238
9410230,2025-07-24,68.64583333333333,60.4,71.4,240
9410230,2025-07-25,67.93083333333333,59.5,72.0,240
9410230,2025-07-26,69.39,61.5,71.2,240
9410230,2025-07-27,69.9075,64.6,72.1,240
9410230,2025-07-28,69.45291666666667,63.3,72.3,240
9410230,2025-07-29,68.40541666666667,63.0,71.6,240
9410230,2025-07-30,66.55041666666666,59.2,70.3,240
9410230,2025-07-31,65.20125,58.3,70.3,240
9410230,2025-08-01,64.27166666666668,55.2,70.5,240
9410230,2025-08-02,65.80333333333333,60.1,69.6,240
9410230,2025-08-03,64.68833333333333,57.0,69.6,240
9410230,2025-08-04,64.20416666666667,59.2,68.4,240
9410230,2025-08-05,67.1275,60.6,70.0,240
9410230,2025-08-06,69.42217573221758,66.9,70.3,239
9410230,2025-08-07,69.31416666666668,66.0,71.6,240
9410230,2025-08-08,69.43708333333333,64.0,72.0,240
9410230,2025-08-09,70.42333333333333,63.9,72.7,240
9410230,2025-08-10,71.14,64.9,73.2,240
9410230,2025-08-11,71.42875000000001,68.0,73.8,240
9410230,2025-08-12,71.57583333333334,67.6,72.9,240
9410230,2025-08-13,70.595,62.6,72.3,240
9410230,2025-08-14,71.06583333333333,68.7,71.8,240
9410230,2025-08-15,70.67666666666668,68.2,71.6,240
9410230,2025-08-16,70.58870292887029,69.1,71.4,239
9410230,2025-08-17,70.79208333333332,68.2,72.1,240
9410230,2025-08-18,71.8425,69.3,73.6,240
9410230,2025-08-19,71.98625,70.3,73.8,240
9410230,2025-08-20,72.32541666666665,70.5,74.1,240
9410230,2025-08-21,72.21583333333334,69.4,75.0,240
9410230,2025-08-22,72.10458333333332,66.2,75.2,240
9410230,2025-08-23,71.94833333333332,65.5,74.3,240
9410230,2025-08-24,71.55874999999999,65.1,74.1,240
9410230,2025-08-25,72.08041666666666,67.3,74.5,240
9410230,2025-08-26,71.83375,69.1,74.3,240
9410230,2025-08-27,71.83179916317991,67.1,74.3,239
9410230,2025-08-28,71.84083333333334,65.5,73.9,240
9410230,2025-08-29,72.29583333333333,68.2,74.3,240
9410230,2025-08-30,71.92916666666666,65.5,75.0,240
9410230,2025-08-31,70.8375,63.5,75.2,240
9410230,2025-09-01,71.06291666666667,63.5,74.3,240
9410230,2025-09-02,71.51833333333335,67.3,73.9,240
9410230,2025-09-03,70.85166666666667,65.1,74.3,240
9410230,2025-09-04,71.36791666666666,67.1,74.1,240
9410230,2025-09-05,71.63291666666667,66.4,74.3,240
9410230,2025-09-06,70.10791666666667,66.9,73.4,240
9410230,2025-09-07,70.37958333333333,64.9,75.4,240
9410230,2025-09-08,70.64958333333334,66.2,74.8,240
9410230,2025-09-09,67.3525641025641,60.8,72.3,234
9410230,2025-09-10,65.21068376068376,60.4,70.0,234
9410230,2025-09-11,65.41291666666667,59.5,69.6,240
9410230,2025-09-12,67.00084033613446,60.8,70.5,238
9410230,2025-09-13,68.41541666666667,63.1,70.2,240
9410230,2025-09-14,69.10292887029289,61.9,70.5,239
9410230,2025-09-15,69.93,68.0,71.1,240
9410230,2025-09-16,68.68583333333332,63.1,72.0,240
9410230,2025-09-17,67.23125,61.2,70.9,240
9410230,2025-09-18,67.77708333333334,63.3,71.1,240
9410230,2025-09-19,66.71916666666667,60.3,72.0,240
9410230,2025-09-20,66.1025,61.3,70.0,240
9410230,2025-09-21,61.38125,59.2,62.4,240
9410230,2025-09-22,61.37916666666667,59.4,62.6,240
9410230,2025-09-23,61.466945606694566,58.5,63.9,239
9410230,2025-09-24,63.35210084033613,59.9,67.3,238
9410230,2025-09-25,63.23916666666666,57.4,66.7,240
9410230,2025-09-26,63.59375,58.8,66.2,240
9410230,2025-09-27,65.66416666666666,61.7,68.2,240
9410230,2025-09-28,66.70625,62.6,68.9,240
9410230,2025-09-29,66.60083333333334,62.4,68.4,240
9410230,2025-09-30,67.06916666666667,62.6,69.1,240
9410230,2025-10-01,65.88416666666667,61.7,68.5,240
9410230,2025-10-02,66.57916666666667,62.4,68.7,240
9410230,2025-10-03,66.23791666666666,63.0,68.4,240
9410230,2025-10-04,66.94666666666667,63.7,68.7,240
9410230,2025-10-05,66.48208333333334,62.1,68.7,240
9410230,2025-10-06,66.32916666666667,59.7,68.2,240
9410230,2025-10-07,66.15333333333334,60.6,67.6,240
9410230,2025-10-08,64.51625,59.9,66.9,240
9410230,2025-10-09,62.315000000000005,59.0,65.3,240
9410230,2025-10-10,61.055,57.2,64.0,240
9410230,2025-10-11,60.687916666666666,57.4,63.9,240
9410230,2025-10-12,61.36,56.7,64.4,240
9410230,2025-10-13,61.95208333333333,60.3,62.8,240
9410230,2025-10-14,62.32166666666667,60.4,62.6,240
9410230,2025-10-15,63.107083333333335,61.5,64.0,240
9410230,2025-10-16,62.73,62.1,63.5,240
9410230,2025-10-17,62.505833333333335,61.7,63.5,240
9410230,2025-10-18,62.56541666666667,61.3,63.3,240
9410230,2025-10-19,62.83416666666667,61.9,64.4,240
9410230,2025-10-20,62.13933054393305,59.7,64.4,239
9410230,2025-10-21,62.28208333333334,61.0,63.3,240
9410230,2025-10-22,63.80125,62.2,65.3,240
9410230,2025-10-23,63.836666666666666,61.2,65.3,240
9410230,2025-10-24,64.21333333333334,58.8,66.0,240
9410230,2025-10-25,64.79083333333332,63.3,65.8,240
9410230,2025-10-26,64.84,63.5,65.8,240
9410230,2025-10-27,64.94874999999999,64.0,65.8,240
9410230,2025-10-28,64.75791666666666,63.9,65.7,240
9410230,2025-10-29,64.8475,63.7,65.5,240
9410230,2025-10-30,65.19041666666666,63.0,66.9,240
9410230,2025-10-31,66.35916666666667,64.9,66.9,240
9410230,2025-11-01,66.53583333333333,65.3,67.8,240
9410230,2025-11-02,66.71125,65.3,67.6,240
9410230,2025-11-03,66.6575,65.1,68.0,240
9410230,2025-11-04,66.53833333333334,65.3,67.8,240
9410230,2025-11-05,66.54666666666667,65.3,67.5,240
9410230,2025-11-06,65.52791666666667,61.5,66.6,240
9410230,2025-11-07,64.79583333333333,61.7,65.5,240
9410230,2025-11-08,65.37708333333333,64.4,66.0,240
9410230,2025-11-09,65.44375,64.6,65.7,240
9410230,2025-11-10,65.03833333333333,62.6,65.8,240
9410230,2025-11-11,64.98708333333333,63.3,65.8,240
9410230,2025-11-12,65.01625,64.2,65.5,240
9410230,2025-11-13,65.46541666666666,64.2,66.6,240
9410230,2025-11-14,65.61999999999999,64.2,66.4,240
9410230,2025-11-15,65.96416666666667,65.8,66.2,240
9410230,2025-11-16,65.91083333333333,65.5,66.2,240
9410230,2025-11-17,65.38541666666667,63.9,65.8,240
9410230,2025-11-18,64.335,63.5,65.5,240
9410230,2025-11-19,63.24333333333333,62.4,64.2,240
9410230,2025-11-20,62.92393162393163,62.4,63.5,234
9410230,2025-11-21,63.82208333333334,63.1,64.4,240
9410230,2025-11-22,63.83583333333333,63.7,64.0,240
9410230,2025-11-23,63.72875,63.3,64.0,240
9410230,2025-11-24,63.53666666666666,63.3,63.9,240
9410230,2025-11-25,63.36625,62.8,64.0,240
9410230,2025-11-26,63.22833333333333,62.8,63.9,240
9410230,2025-11-27,63.13291666666667,62.6,63.9,240
9410230,2025-11-28,63.22875,62.8,63.7,240
9410230,2025-11-29,63.25541666666666,62.8,64.0,240
9410230,2025-11-30,63.33875,63.0,63.9,240
9410230,2025-12-01,63.67583333333334,63.0,64.4,240
9410230,2025-12-02,64.00334728033474,63.5,64.6,239
9410230,2025-12-03,63.992916666666666,63.3,64.6,240
9410230,2025-12-04,63.06861924686192,62.4,63.9,239
9410230,2025-12-05,62.88368200836821,61.9,63.7,239
9410230,2025-12-06,62.660924369747896,62.1,63.1,238
9410230,2025-12-07,62.79916317991632,62.1,63.7,239
9410230,2025-12-08,62.748333333333335,61.2,63.3,240
9410230,2025-12-09,62.627500000000005,60.8,63.5,240
9410230,2025-12-10,62.77458333333333,60.8,64.2,240
9410230,2025-12-11,62.88744769874477,61.2,64.2,239
9410230,2025-12-12,62.93235294117647,62.1,63.3,238
9410230,2025-12-13,62.71223628691983,62.2,63.0,237
9410230,2025-12-14,62.76833333333333,62.6,63.1,240
9410230,2025-12-15,62.52301255230125,62.2,62.8,239
9410230,2025-12-16,62.37907949790795,62.1,62.8,239
9410230,2025-12-17,62.35125,61.9,62.8,240
9410230,2025-12-18,62.38875,62.1,63.0,240
9410230,2025-12-19,62.84041666666667,62.4,67.8,240
9410230,2025-12-20,62.61708333333333,62.1,63.0,240
9410230,2025-12-21,62.93416666666667,62.4,63.7,240
9410230,2025-12-22,62.93625,62.4,63.3,240
9410230,2025-12-23,63.940000000000005,62.4,65.5,240
9410230,2025-12-24,64.54791666666667,64.0,64.9,240
9410230,2025-12-25,64.82083333333334,64.4,65.3,240
9410230,2025-12-26,65.03208333333333,64.6,65.3,240
9410230,2025-12-27,64.93541666666667,64.6,65.5,240
9410230,2025-12-28,64.605,63.9,65.1,240
9410230,2025-12-29,64.44583333333334,63.5,65.3,240
9410230,2025-12-30,64.35333333333334,64.0,64.6,240
9410230,2025-12-31,64.18083333333334,63.5,64.6,240
9410230,2026-01-01,64.56291666666667,64.2,65.1,240
9410230,2026-01-02,65.1975,64.2,66.2,240
9410230,2026-01-03,65.41375,64.9,66.2,240
9410230,2026-01-04,65.24875,64.8,65.8,240
9410230,2026-01-05,64.59916666666666,62.6,65.5,240
9410230,2026-01-06,62.53916666666667,62.1,63.9,240
9410230,2026-01-07,62.450833333333335,61.5,64.0,240
9410230,2026-01-08,62.22166666666667,61.7,62.6,240
9410230,2026-01-09,61.52333333333333,60.4,62.1,240
9410230,2026-01-10,61.03208333333334,59.4,61.7,240
9410230,2026-01-11,61.12791666666667,60.1,62.2,240
9410230,2026-01-12,61.279583333333335,60.6,62.2,240
9410230,2026-01-13,61.07875,60.4,61.9,240
9410230,2026-01-14,60.86075949367088,60.4,61.5,237
9410230,2026-01-15,61.00333333333333,60.4,65.5,240
9410230,2026-01-16,62.51,60.6,67.5,240
9410230,2026-01-17,61.44083333333333,60.4,62.2,240
9410230,2026-01-18,60.97208333333333,58.5,61.7,240
9410230,2026-01-19,62.21666666666667,59.9,66.9,240
9410230,2026-01-20,62.59458333333334,61.0,67.1,240
9410230,2026-01-21,62.19219858156029,62.1,62.4,141
9410230,2026-01-22,62.11764705882353,62.1,62.2,34
9410230,2026-04-20,64.65569620253164,57.4,68.7,158
9410230,2026-04-21,64.94708333333332,58.5,68.0,240
9410230,2026-04-22,65.26958333333333,57.9,67.3,240
9410230,2026-04-23,64.00125,56.3,67.1,240
9410230,2026-04-24,63.91125,56.7,67.1,240
9410230,2026-04-25,64.70666666666666,60.6,65.8,240
9410230,2026-04-26,64.80125,63.9,65.8,240
9410230,2026-04-27,65.15375,63.5,66.4,240
9410230,2026-04-28,64.12208333333334,59.9,66.4,240
9410230,2026-04-29,63.27154811715481,56.5,66.2,239
9410230,2026-04-30,61.4025,56.8,64.9,240
9410230,2026-05-01,62.87625,59.2,64.9,240
9410230,2026-05-02,63.5425,57.2,64.9,240
9410230,2026-05-03,64.1425,61.2,65.3,240
9410230,2026-05-04,64.29458333333334,63.3,65.5,240
9410230,2026-05-05,64.06041666666667,61.9,65.5,240
9410230,2026-05-06,64.47416666666666,63.1,66.9,240
9410230,2026-05-07,64.94333333333333,61.9,67.1,240
9410230,2026-05-08,65.37041666666667,63.1,68.0,240
9410230,2026-05-09,65.8925,62.6,68.2,240
9410230,2026-05-10,65.91916666666667,58.1,69.4,240
9410230,2026-05-11,66.24375,61.2,68.2,240
9410230,2026-05-12,66.65625,64.2,67.6,240
9410230,2026-05-13,65.95625,60.6,68.5,240
9410230,2026-05-14,65.47541666666667,59.4,68.0,240
9410230,2026-05-15,65.85,60.3,67.6,240
9410230,2026-05-16,64.945,57.2,67.1,240
9410230,2026-05-17,65.53125,63.3,66.6,240
9410230,2026-05-18,66.11208333333333,65.1,67.5,240
9410230,2026-05-19,66.3264705882353,61.7,68.5,238
9410230,2026-05-20,66.00275862068965,62.2,68.7,145
9410230,2026-05-21,68.1495652173913,64.6,69.6,115
9410230,2026-05-22,67.24125,59.7,69.4,240
9410230,2026-05-23,67.10083333333334,59.5,69.3,240
9410230,2026-05-24,68.12666666666668,64.9,68.9,240
9410230,2026-05-25,66.01416666666667,61.3,68.4,240
9410230,2026-05-26,65.52583333333334,58.8,67.5,240
9410230,2026-05-27,66.01673640167364,65.3,66.7,239
9410230,2026-05-28,65.93166666666667,64.0,67.3,240
9410230,2026-05-29,65.99499999999999,62.2,68.0,240
9410230,2026-05-30,64.01625,57.6,68.5,240
9410230,2026-05-31,63.17458333333333,55.4,67.8,240
9410230,2026-06-01,63.34291666666666,54.7,66.9,240
9410230,2026-06-02,63.39748953974895,55.4,66.6,239
9410230,2026-06-03,63.16791666666666,55.9,66.7,240
9410230,2026-06-04,63.775416666666665,55.2,66.9,240
9410230,2026-06-05,64.06833333333333,57.6,66.0,240
9410230,2026-06-06,65.54791666666667,64.4,66.6,240
9410230,2026-06-07,66.9975,65.5,68.4,240
9410230,2026-06-08,67.52624999999999,60.3,69.4,240
9410230,2026-06-09,68.08708333333333,62.6,69.8,240
9410230,2026-06-10,69.10833333333333,64.4,70.5,240
9410230,2026-06-11,69.78625000000001,68.2,70.5,240
9410230,2026-06-12,70.00625,65.7,71.6,240
9410230,2026-06-13,69.7836820083682,68.0,71.2,239
9410230,2026-06-14,69.82916666666667,67.1,71.6,240
9410230,2026-06-15,68.80416666666666,61.7,70.5,240
9410230,2026-06-16,68.1602510460251,61.9,70.5,239
9410230,2026-06-17,67.81125,61.9,70.2,240
9410230,2026-06-18,66.52541666666667,60.1,69.1,240
9410230,2026-06-19,65.65541666666667,57.2,69.1,240
9410230,2026-06-20,66.18666666666667,60.6,68.5,240
9410230,2026-06-21,66.06166666666667,62.2,69.1,240
9410230,2026-06-22,65.56583333333333,59.5,69.8,240
9410230,2026-06-23,66.49041666666668,60.6,70.2,240
9410230,2026-06-24,65.93666666666667,59.4,68.9,240
9410230,2026-06-25,66.285,63.7,67.8,240
9410230,2026-06-26,67.23958333333333,63.9,69.6,240
9410230,2026-06-27,66.80125,59.0,68.2,240
9410230,2026-06-28,66.94875,61.5,68.0,240
9410230,2026-06-29,67.0775,60.1,69.6,240
9410230,2026-06-30,68.19525862068966,61.5,69.8,232
9410230,2026-07-01,67.39541666666666,62.2,69.6,240
9410230,2026-07-02,69.145,66.6,70.7,240
9410230,2026-07-03,70.37875000000001,67.3,72.1,240
9410230,2026-07-04,70.72333333333333,67.3,72.5,240
9410230,2026-07-05,71.64303797468355,69.1,73.0,237
9410230,2026-07-06,71.44833333333332,68.9,73.4,240
9410230,2026-07-07,70.6325,64.0,73.2,240
9410230,2026-07-08,71.74875,69.4,73.0,240
9410230,2026-07-09,71.00166666666668,66.7,72.3,240
9410230,2026-07-10,71.66666666666667,69.3,72.3,240
9410230,2026-07-11,72.35666666666665,69.1,74.1,240
9410230,2026-07-12,70.78916666666667,64.9,73.2,240
9410230,2026-07-13,70.38041666666666,66.2,73.4,240
9410230,2026-07-14,71.63541666666667,67.6,73.6,240
9410230,2026-07-15,72.095,67.6,73.8,240
9410230,2026-07-16,72.90541666666667,69.1,75.2,240
9410230,2026-07-17,73.54728033472803,72.0,74.5,239
9410230,2026-07-18,74.13166666666666,72.3,75.7,240
9410230,2026-07-19,73.67416666666666,71.4,76.3,240
9410230,2026-07-20,72.64416666666666,69.1,76.1,240
9410230,2026-07-21,73.47916666666667,68.0,75.6,240
9410230,2026-07-22,71.87458333333333,67.1,74.8,240
9410230,2026-07-23,70.50083333333333,65.1,74.8,240
9410230,2026-07-24,71.42083333333333,67.1,74.7,240
9410230,2026-07-25,73.40166666666667,65.7,75.9,240
9410230,2026-07-26,73.66875,67.8,76.5,240
9410230,2026-07-27,73.22416666666666,64.9,76.3,240
9410230,2026-07-28,73.58912133891214,66.2,75.7,239
9410230,2026-07-29,72.47250000000001,64.9,75.6,240
9410230,2026-07-30,73.67125,64.0,76.5,240
9410230,2026-07-31,73.59625,68.7,76.5,240
9410230,2026-08-01,73.42541666666666,67.8,77.5,240
9410230,2026-08-02,74.70794979079498,69.8,77.0,239
9410230,2026-08-03,74.34291666666667,66.9,77.5,240
9410230,2026-08-04,74.50958333333332,67.5,77.0,240
9410230,2026-08-05,75.44624999999999,68.0,76.6,240
9410230,2026-08-06,74.27416666666666,64.4,77.2,240
9410230,2026-08-07,71.39625,63.5,77.0,240
9410230,2026-08-08,69.22333333333333,63.1,76.3,240
9410230,2026-08-09,66.06416666666667,59.9,75.4,240
9410230,2026-08-10,68.75041666666667,61.2,74.3,240
9410230,2026-08-11,68.315,62.6,73.8,240
9410230,2026-08-12,67.725,61.7,73.2,240
9410230,2026-08-13,69.34416666666667,62.4,73.0,240
9410230,2026-08-14,69.4475,61.9,72.1,240
9410230,2026-08-15,67.19541666666666,60.8,72.0,240
9410230,2026-08-16,66.13916666666667,62.2,70.2,240
9410230,2026-08-17,65.01791666666666,62.2,69.6,240
9410230,2026-08-18,64.88625,61.5,70.9,240
9410230,2026-08-19,63.63933054393305,60.1,70.5,239
9410230,2026-08-20,64.56375,59.5,70.7,240
9410230,2026-08-21,65.2975,60.8,71.2,240
9410230,2026-08-22,66.94833333333334,63.5,70.5,240
9410230,2026-08-23,67.96916666666667,63.5,71.4,240
9410230,2026-08-24,68.85166666666667,62.8,72.3,240
9410230,2026-08-25,71.41125000000001,66.4,76.1,240
9410230,2026-08-26,73.36708333333333,68.4,77.5,240
9410230,2026-08-27,73.24833333333332,67.3,76.5,240
9410230,2026-08-28,72.29652777777778,70.3,73.8,144
9410170,2026-09-26,76.51458333333333,74.7,77.4,240
9410230,2026-09-26,71.66208333333334,67.6,73.9,240
9410170,2026-09-27,76.38958333333333,74.7,77.0,240
9410230,2026-09-27,72.4125,68.2,73.8,240
9410170,2026-09-28,76.28999999999999,74.1,77.0,240
9410170,2026-09-29,76.0525,73.9,76.8,240
9410230,2026-09-28,72.825,69.1,74.3,240
9410230,2026-09-29,70.50083333333333,67.8,72.9,240
9410170,2026-09-30,76.06125,74.1,76.6,240
9410230,2026-09-30,71.78375,69.3,72.9,240
9410170,2026-10-01,76.16291666666666,74.7,76.6,240
9410170,2026-10-02,76.0525,75.0,76.6,240
9410170,2026-10-03,76.13000000000001,75.4,76.6,240
9410170,2026-10-04,76.59625,76.3,77.0,240
9410170,2026-10-05,76.76458333333333,76.1,78.1,240
9410170,2026-10-06,76.95333333333333,75.7,78.3,240
9410170,2026-10-07,76.87875000000001,75.2,78.4,240
9410170,2026-10-08,76.71532846715328,75.0,77.7,137
9410230,2026-10-01,71.95833333333333,68.2,73.4,240
9410230,2026-10-02,71.36,68.7,73.0,240
9410230,2026-10-03,70.52083333333333,68.7,72.0,240
9410230,2026-10-04,71.19541666666667,69.6,72.5,240
9410230,2026-10-05,71.31458333333333,68.7,72.7,240
9410230,2026-10-06,71.54875,69.6,72.9,240
9410230,2026-10-07,72.2925,70.2,73.6,240
9410230,2026-10-08,71.37737226277372,68.5,72.9,137
