zone_id,doy,sst_norm,sst_sd,sst_p10,sst_p50,sst_p90,sst_n,sst_years
coronados,1,60.77790909090909,1.3935169004820307,58.97516,60.746,62.70116,165,12
coronados,2,60.71743855421687,1.3850397033435167,58.944199999999995,60.6794,62.672,166,12
coronados,3,60.650416766467075,1.3899948651050467,58.923320000000004,60.6596,62.62232,167,12
coronados,4,60.5934392857143,1.3995529363625099,58.90424,60.584900000000005,62.61944,168,12
coronados,5,60.553804733727794,1.4084887958633878,58.862480000000005,60.5048,62.61656,169,12
coronados,6,60.52871882352941,1.4156673131555555,58.77572,60.499399999999994,62.613679999999995,170,12
coronados,7,60.499831578947365,1.4239807191967042,58.7804,60.400400000000005,62.6108,171,12
coronados,8,60.49939,1.4320662834250744,58.77572,60.4814,62.597840000000005,180,12
coronados,9,60.44769000000001,1.4362063148774467,58.69652,60.3986,62.51108,180,12
coronados,10,60.3978,1.458261344947331,58.409420000000004,60.3896,62.3786,180,12
coronados,11,60.37966000000001,1.4784976334934767,58.36802,60.3896,62.3786,180,12
coronados,12,60.369080000000004,1.4952771500133195,58.30106,60.3986,62.3786,180,12
coronados,13,60.34018999999999,1.5174137510063026,58.28882,60.3986,62.3786,180,12
coronados,14,60.29683000000001,1.5248894777387758,58.22168,60.3986,62.32532,180,12
coronados,15,60.264179999999996,1.5431598371360373,58.21502,60.4274,62.28374,180,12
coronados,16,60.2305,1.5557609950577298,58.193780000000004,60.4274,62.280680000000004,180,12
coronados,17,60.21185,1.5717664765884831,58.0109,60.4274,62.2913,180,12
coronados,18,60.19511999999999,1.5716469347213433,57.9533,60.4175,62.280680000000004,180,12
coronados,19,60.17424,1.5879223207433932,57.90938,60.4319,62.2913,180,12
coronados,20,60.157820000000015,1.6070626888378527,57.838280000000005,60.4643,62.2913,180,12
coronados,21,60.14304,1.635808055888434,57.7931,60.4643,62.301559999999995,180,12
coronados,22,60.13201,1.6539344775379787,57.76016,60.4643,62.32532,180,12
coronados,23,60.12514999999999,1.6716190334573127,57.67466,60.476,62.371039999999994,180,12
coronados,24,60.12604999999999,1.6931863354116055,57.590599999999995,60.476,62.4353,180,12
coronados,25,60.116389999999996,1.6873324464750197,57.66026,60.4499,62.4353,180,12
coronados,26,60.091150000000006,1.675142573820419,57.668,60.4319,62.4353,180,12
coronados,27,60.05003,1.666833821193601,57.675920000000005,60.3662,62.4353,180,12
coronados,28,60.00363000000001,1.6631603314273462,57.609680000000004,60.323,62.4353,180,12
coronados,29,59.97860000000001,1.6597582578235328,57.609680000000004,60.2672,62.4353,180,12
coronados,30,59.95985,1.6567339906942782,57.54812,60.2051,62.4353,180,12
coronados,31,59.952389999999994,1.6664500657982175,57.54812,60.1745,62.46068,180,12
coronados,32,59.9575,1.6735081820925546,57.610760000000006,60.166399999999996,62.47184,180,12
coronados,33,59.957,1.6878741935961405,57.610760000000006,60.1421,62.48552,180,12
coronados,34,59.959649999999996,1.6839499764163501,57.675920000000005,60.0827,62.48552,180,12
coronados,35,59.963,1.6842148962527843,57.696979999999996,60.0467,62.54456,180,12
coronados,36,59.956900000000005,1.6880944733153973,57.71282,59.8136,62.54456,180,12
coronados,37,59.951980000000006,1.7171122635492662,57.71282,59.765,62.54978,180,12
coronados,38,59.96059000000001,1.7386004760491802,57.758359999999996,59.7083,62.56814,180,12
coronados,39,59.96578,1.7607968773815588,57.762499999999996,59.675,62.57768,180,12
coronados,40,59.985110000000006,1.784333173197222,57.762499999999996,59.740700000000004,62.57768,180,12
coronados,41,59.997139999999995,1.8071377597285914,57.762499999999996,59.7929,62.57768,180,12
coronados,42,60.010859999999994,1.8330698648280654,57.762499999999996,59.8046,62.57768,180,12
coronados,43,60.03289,1.8442501149193102,57.76988,59.9162,62.574079999999995,180,12
coronados,44,60.05429720670391,1.8526996445039232,57.77924,60.026,62.648599999999995,179,12
coronados,45,60.06094831460674,1.8577165377120022,57.79778,60.0305,62.58704,178,12
coronados,46,60.04203820224719,1.8535985507204382,57.79778,59.9297,62.55500000000001,178,12
coronados,47,60.013814606741576,1.8557884917503724,57.79778,59.8442,62.5433,178,12
coronados,48,59.999091011235954,1.8765784585229022,57.776,59.823499999999996,62.51918,178,12
coronados,49,59.98684494382022,1.897938018372692,57.7634,59.8343,62.496140000000004,178,12
coronados,50,59.96911797752809,1.9230764886652074,57.7634,59.8343,62.496140000000004,178,12
coronados,51,59.96024943820225,1.9480010068051314,57.776,59.8343,62.51918,178,12
coronados,52,59.95322134831461,1.9654394500040113,57.79238,59.8343,62.5433,178,12
coronados,53,59.93403820224719,1.974568237751735,57.79238,59.8208,62.5433,178,12
coronados,54,59.91460224719102,1.969733676108824,57.80984,59.8028,62.51918,178,12
coronados,55,59.88951348314607,1.982411749672834,57.79238,59.7641,62.5433,178,12
coronados,56,59.85756853932585,1.9822679194083148,57.665119999999995,59.7263,62.54546,178,12
coronados,57,59.82776741573035,1.9709582769119562,57.34886,59.7281,62.52404,178,12
coronados,58,59.797582022471914,1.9675276363754006,57.31106,59.7281,62.496140000000004,178,12
coronados,59,59.74886033519552,1.9798583750115202,57.13124,59.631800000000005,62.49416,179,12
coronados,60,59.71488,1.9876767113009208,57.13862,59.5895,62.51468,180,12
coronados,61,59.71293,1.9973878757072565,57.13826,59.5706,62.558060000000005,180,12
coronados,62,59.72982000000001,2.019435418761265,57.13826,59.6138,62.57174,180,12
coronados,63,59.74255,2.03663501625631,57.13826,59.6768,62.59406,180,12
coronados,64,59.76093000000001,2.0560133792442317,57.13826,59.6822,62.59406,180,12
coronados,65,59.79901000000001,2.0587414445040046,57.147619999999996,59.758700000000005,62.573,180,12
coronados,66,59.839270000000006,2.055951417754709,57.28712,59.8865,62.573,180,12
coronados,67,59.883559999999996,2.0517515292083828,57.28712,59.9243,62.558060000000005,180,12
coronados,68,59.92568,2.074637952513925,57.32042,59.960300000000004,62.562200000000004,180,12
coronados,69,59.97536,2.1061913226373985,57.34022,60.00620000000001,62.62034,180,12
coronados,70,60.04014,2.1241432241266947,57.38108,60.08630000000001,62.62034,180,12
coronados,71,60.109460000000006,2.146907614085663,57.401599999999995,60.2312,62.867839999999994,180,12
coronados,72,60.18108,2.169369634838346,57.42626,60.2483,63.0527,180,12
coronados,73,60.26426,2.2010333899934187,57.48188,60.294200000000004,63.322340000000004,180,12
coronados,74,60.364020000000004,2.2432487242674126,57.51176,60.3446,63.46814,180,12
coronados,75,60.46236999999999,2.2885425540916358,57.51176,60.465199999999996,63.86431999999999,180,12
coronados,76,60.56297,2.329710411186083,57.52796,60.5255,64.15303999999999,180,12
coronados,77,60.65144,2.3602908523926174,57.59042,60.5345,64.25546,180,12
coronados,78,60.73231,2.382494006278989,57.61076,60.5345,64.39766,180,12
coronados,79,60.80291000000001,2.400805386212984,57.669979999999995,60.5345,64.58108,180,12
coronados,80,60.862170000000006,2.4280372211881063,57.7751,60.578599999999994,64.70366,180,12
coronados,81,60.92714,2.4426312596856077,57.99344,60.587599999999995,64.85324,180,12
coronados,82,60.9741,2.4618563061597993,58.131139999999995,60.5624,64.88834,180,12
coronados,83,61.01438,2.4622972493998843,58.14842,60.5858,64.92182000000001,180,12
coronados,84,61.04041,2.4527465521910163,58.15346,60.5858,65.03378000000001,180,12
coronados,85,61.054849999999995,2.4428516161885647,58.28648,60.5858,65.05268000000001,180,12
coronados,86,61.08586,2.4321559731023026,58.29584,60.7208,65.22566,180,12
coronados,87,61.13147,2.418440703929824,58.450100000000006,60.839600000000004,65.22566,180,12
coronados,88,61.17145000000001,2.4113293738554007,58.54496,61.0214,65.12072,180,12
coronados,89,61.216530000000006,2.3895204246620483,58.56008,61.0565,65.11478,180,12
coronados,90,61.25789,2.357576082389916,58.614259999999994,61.1078,65.07860000000001,180,12
coronados,91,61.28694,2.3445997001930317,58.62344,61.1195,65.03936,180,12
coronados,92,61.314449999999994,2.331790106490346,58.66106,61.141099999999994,65.03378000000001,180,12
coronados,93,61.37354999999999,2.315893303654254,58.720279999999995,61.1969,64.93982,180,12
coronados,94,61.43732999999999,2.289519591430023,58.75718,61.2347,64.91822,180,12
coronados,95,61.48781,2.258875165795588,58.75718,61.378699999999995,64.86962,180,12
coronados,96,61.520590000000006,2.2306147787264003,58.75718,61.519999999999996,64.81255999999999,180,12
coronados,97,61.541380000000004,2.176731183953483,58.75718,61.5722,64.77926000000001,180,12
coronados,98,61.56395000000001,2.1311209773917885,58.75718,61.665800000000004,64.67918,180,12
coronados,99,61.59022,2.102610370492013,58.75718,61.7306,64.60987999999999,180,12
coronados,100,61.62685999999998,2.0752171845039102,58.75718,61.792699999999996,64.57694000000001,180,12
coronados,101,61.65908,2.078116786347275,58.716139999999996,61.8818,64.5584,180,12
coronados,102,61.68373999999999,2.1056492092893837,58.716139999999996,61.907,64.57694000000001,180,12
coronados,103,61.730340000000005,2.121048675901122,58.620920000000005,61.9169,64.60987999999999,180,12
coronados,104,61.782700000000006,2.13170572051648,58.74404,61.977199999999996,64.66982,180,12
coronados,105,61.83197,2.1452103966275393,58.76348,61.977199999999996,64.69232000000001,180,12
coronados,106,61.89455999999999,2.155217442414892,58.923140000000004,61.977199999999996,64.7663,180,12
coronados,107,61.97647,2.1462462678935355,58.99712,61.993399999999994,64.79204,180,12
coronados,108,62.03896,2.133457877074539,59.15822,62.025800000000004,64.80572000000001,180,12
coronados,109,62.089920000000006,2.1324532612821963,59.67806,62.025800000000004,64.81472,180,12
coronados,110,62.139419999999994,2.130559425379313,60.02258,62.008700000000005,64.81472,180,12
coronados,111,62.19873,2.1174057025668396,60.065780000000004,62.008700000000005,64.83758,180,12
coronados,112,62.27716999999999,2.115343634297277,60.09026,62.0447,64.85378,180,12
coronados,113,62.365669999999994,2.1142823085416698,60.15812,62.1491,65.11604,180,12
coronados,114,62.46914000000001,2.1197200350504817,60.28286,62.24900000000001,65.18246,180,12
coronados,115,62.58157999999999,2.1267943155902067,60.31886,62.369600000000005,65.28362,180,12
coronados,116,62.68673000000001,2.1124489355343536,60.32606,62.3885,65.31476,180,12
coronados,117,62.785799999999995,2.0743179933245934,60.6299,62.4326,65.45948,180,12
coronados,118,62.866820000000004,2.055721865205456,60.66752,62.4992,65.76728,180,12
coronados,119,62.93147,2.022344233690669,60.72224,62.5352,65.46686,180,12
coronados,120,62.98502,2.00665566843562,60.78686,62.5928,65.46686,180,12
coronados,121,63.02498999999999,1.9859465608854476,60.85922,62.5928,65.46686,180,12
coronados,122,63.05274000000001,1.992845885320004,60.8873,62.644999999999996,65.76116,180,12
coronados,123,63.0756,1.999596121231658,60.91268,62.7098,65.76116,180,12
coronados,124,63.09559,1.9791252465610705,60.993680000000005,62.727799999999995,65.76116,180,12
coronados,125,63.13826000000001,1.9599780325869631,60.993680000000005,62.7701,65.76116,180,12
coronados,126,63.20399,1.9558921293300964,60.969379999999994,62.8808,65.76116,180,12
coronados,127,63.26739,1.9330733970955833,60.993680000000005,63.0464,65.76116,180,12
coronados,128,63.30552,1.9027572276911013,61.08566,63.0734,65.76116,180,12
coronados,129,63.31396,1.8636752055245973,61.104020000000006,63.0788,65.76116,180,12
coronados,130,63.3018,1.82558217104578,61.155680000000004,63.080600000000004,65.76116,180,12
coronados,131,63.29005,1.775537125104879,61.16504,63.0824,65.76116,180,12
coronados,132,63.30784000000001,1.725052076474066,61.2149,63.0887,65.66396,180,12
coronados,133,63.32616,1.6746162241777458,61.24496,63.1328,65.66396,180,12
coronados,134,63.3486,1.6578443433614756,61.49804,63.1328,65.83298,180,12
coronados,135,63.391180000000006,1.628530627029527,61.53998,63.1526,65.83784,180,12
coronados,136,63.447919999999996,1.613203762059148,61.61899999999999,63.1643,65.8724,180,12
coronados,137,63.491199999999985,1.571483305847905,61.70576,63.1796,65.9048,180,12
coronados,138,63.52777,1.5341723697487708,61.71854,63.2273,65.90894,180,12
coronados,139,63.59381,1.5438454011631921,61.75382,63.3155,65.94692,180,12
coronados,140,63.646119999999996,1.5513647677135103,61.80530000000001,63.36410000000001,65.94692,180,12
coronados,141,63.67958000000001,1.550760669301525,62.00564,63.38120000000001,65.95988,180,12
coronados,142,63.73596,1.5558490881133813,62.048660000000005,63.4496,65.95988,180,12
coronados,143,63.80971,1.5557409809078044,62.08826,63.5342,65.95988,180,12
coronados,144,63.894479999999994,1.5532872178223445,62.12966,63.59,66.01946000000001,180,12
coronados,145,63.995380000000004,1.541734676954146,62.1374,63.6494,66.04339999999999,180,12
coronados,146,64.11263,1.5470371375687009,62.20382,63.8096,66.09362,180,12
coronados,147,64.21035,1.5763155997806186,62.20436,63.962599999999995,66.2099,180,12
coronados,148,64.29113,1.5865569424413795,62.47706,64.01660000000001,66.29342,180,12
coronados,149,64.38081999999999,1.5922258490735857,62.53016,64.0589,66.50438000000001,180,12
coronados,150,64.47682,1.5788039495472976,62.58704,64.229,66.56918,180,12
coronados,151,64.55409,1.5591107428604274,62.69108,64.3604,66.56054,180,12
coronados,152,64.66564000000001,1.5624631022450084,62.7449,64.70689999999999,66.69770000000001,180,12
coronados,153,64.78372,1.565284103236079,62.8079,64.84639999999999,66.80912,180,12
coronados,154,64.89425,1.5519494063738466,62.84084,65.00659999999999,66.92378,180,12
coronados,155,65.03005,1.556557059577538,62.878640000000004,65.1344,67.01378,180,12
coronados,156,65.17143,1.5665121531677777,62.92346,65.3099,67.17128000000001,180,12
coronados,157,65.29703,1.5740775319649511,62.962340000000005,65.42960000000001,67.2917,180,12
coronados,158,65.42007,1.5845222555435599,63.054680000000005,65.5565,67.39880000000001,180,12
coronados,159,65.55577,1.5857744914212926,63.2354,65.6636,67.51832,180,12
coronados,160,65.69493,1.5911323227790264,63.37274,65.77250000000001,67.55090000000001,180,12
coronados,161,65.83453,1.6096406471475928,63.38804,66.0425,67.76707999999999,180,12
coronados,162,65.98490000000001,1.6163345963550688,63.58028,66.2945,67.9532,180,12
coronados,163,66.14556,1.6126787821066488,63.61772,66.3998,68.10152,180,12
coronados,164,66.29848,1.5999498166152437,63.95251999999999,66.44390000000001,68.29106,180,12
coronados,165,66.43099999999998,1.5792134434231078,64.24195999999999,66.5402,68.53118,180,12
coronados,166,66.56897000000001,1.5437467635376478,64.598,66.6329,68.60947999999999,180,12
coronados,167,66.69843999999999,1.5341304412212038,64.85557999999999,66.69229999999999,68.71316,180,12
coronados,168,66.83929,1.516833612625677,64.9616,66.7553,68.82692,180,12
coronados,169,66.98055,1.518580243564775,65.05789999999999,66.85249999999999,68.99936,180,12
coronados,170,67.09791,1.526893181466516,65.20262,66.9425,69.05912,180,12
coronados,171,67.20284000000001,1.5372109318884377,65.3504,67.0874,69.11672,180,12
coronados,172,67.31768,1.5395982383283269,65.4251,67.20259999999999,69.17089999999999,180,12
coronados,173,67.45221,1.5292917828179207,65.50394,67.2485,69.39032,180,12
coronados,174,67.57666,1.5167862925888655,65.53922,67.42490000000001,69.43604,180,12
coronados,175,67.69208,1.5257616107315466,65.53922,67.7543,69.54674,180,12
coronados,176,67.77879,1.5310840346031829,65.58314,67.92349999999999,69.65419999999999,180,12
coronados,177,67.85637,1.5307492943730086,65.77232,68.06569999999999,69.73322,180,12
coronados,178,67.92249,1.5298307701019869,65.88535999999999,68.2169,69.81457999999999,180,12
coronados,179,67.99288999999999,1.5117238847046746,65.96258,68.3501,69.87776,180,12
coronados,180,68.10598,1.5112621821791599,66.03242,68.4239,69.96470000000001,180,12
coronados,181,68.24064999999999,1.5660688187215996,66.05348000000001,68.4923,70.10852,180,12
coronados,182,68.36889,1.6399148675648791,66.12692,68.6345,70.27088,180,12
coronados,183,68.49132,1.6987835767076456,66.12692,68.74520000000001,70.39453999999999,180,12
coronados,184,68.61717,1.6994734360939059,66.30476,68.88650000000001,70.5731,180,12
coronados,185,68.74515,1.686000983965597,66.42103999999999,68.9162,70.7468,180,12
coronados,186,68.88074,1.6580457598122207,66.6392,68.9846,70.96244,180,12
coronados,187,69.01982,1.649024091160905,66.97796,69.1286,70.99214,180,12
coronados,188,69.14559999999999,1.6597289677103855,67.14806,69.23570000000001,71.0348,180,12
coronados,189,69.28205,1.663881862060481,67.33364,69.3914,71.10554,180,12
coronados,190,69.39078,1.6346869028080848,67.46036,69.5093,71.12984,180,12
coronados,191,69.49409,1.6052699631675797,67.58816,69.59299999999999,71.16314,180,12
coronados,192,69.58741,1.6043476746417806,67.76456,69.64519999999999,71.22523999999999,180,12
coronados,193,69.70109,1.6011312571020755,68.11448,69.7226,71.37733999999999,180,12
coronados,194,69.81353999999999,1.6171074114883341,68.25164000000001,69.8261,71.69666000000001,180,12
coronados,195,69.91587,1.6448776969664498,68.25883999999999,70.05109999999999,71.7881,180,12
coronados,196,70.00271,1.6353012717870605,68.2997,70.11410000000001,71.8664,180,12
coronados,197,70.10477,1.59597065282591,68.44874,70.18879999999999,71.97998,180,12
coronados,198,70.22114,1.5841155571104424,68.46907999999999,70.2293,72.11228,180,12
coronados,199,70.31242,1.6226597345478513,68.62514,70.3382,72.20516,180,12
coronados,200,70.38636,1.655440707836439,68.6381,70.4354,72.31964,180,12
coronados,201,70.47504,1.6942600116258462,68.60696,70.4975,72.42656,180,12
coronados,202,70.56871999999998,1.7204778518492791,68.6381,70.583,72.65876,180,12
coronados,203,70.65517000000001,1.7514673016689868,68.6381,70.6658,72.70232,180,12
coronados,204,70.71546000000001,1.7876968440460734,68.6381,70.6991,72.78656,180,12
coronados,205,70.79953,1.8447405815985753,68.6408,70.75489999999999,73.13504,180,12
coronados,206,70.89865999999999,1.8934285445032422,68.6381,70.8683,73.24304000000001,180,12
coronados,207,71.00928,1.9565071420560167,68.60696,70.9664,73.56866,180,12
coronados,208,71.11002999999998,2.0063598144999375,68.54036,71.0969,73.69286000000001,180,12
coronados,209,71.20646,2.0306979714198,68.54036,71.18690000000001,73.75874,180,12
coronados,210,71.27659,2.0565057602696735,68.54036,71.2193,74.12558,180,12
coronados,211,71.31546,2.0979696184005725,68.46260000000001,71.2193,74.28956000000001,180,12
coronados,212,71.31244,2.164853964692983,68.45576,71.2193,74.39234,180,12
coronados,213,71.29580999999999,2.2173079402785594,68.41886,71.2031,74.4224,180,12
coronados,214,71.3064,2.249502283274703,68.41886,71.2193,74.4224,180,12
coronados,215,71.34459,2.2919743683450826,68.42605999999999,71.3219,74.50502,180,12
coronados,216,71.36338,2.325570255011535,68.42605999999999,71.3219,74.52716,180,12
coronados,217,71.36142999999998,2.361635742231058,68.41922,71.3219,74.60186,180,12
coronados,218,71.36887,2.384904093170229,68.40104,71.2355,74.66468,180,12
coronados,219,71.42401,2.394911211871664,68.41922,71.4587,74.66468,180,12
coronados,220,71.46835,2.3852547471201513,68.41922,71.483,74.6456,180,12
coronados,221,71.50134,2.352908420880481,68.44244,71.4938,74.60491999999999,180,12
coronados,222,71.52138,2.3077224371600815,68.46062,71.52529999999999,74.58764,180,12
coronados,223,71.54489,2.28011440772205,68.46728,71.59729999999999,74.58764,180,12
coronados,224,71.56074,2.2609879935537944,68.56844,71.6459,74.51168,180,12
coronados,225,71.58204,2.2567345190209642,68.56844,71.68010000000001,74.4971,180,12
coronados,226,71.61580000000001,2.2315989827172813,68.60408,71.7368,74.4971,180,12
coronados,227,71.65661999999999,2.1700236110344346,68.74124,71.816,74.47424000000001,180,12
coronados,228,71.67811999999999,2.1294803697579274,68.75798,71.816,74.40638,180,12
coronados,229,71.68176000000001,2.1259126844906433,68.75798,71.852,74.32286,180,12
coronados,230,71.63896,2.227692684381015,68.74124,71.8871,74.32286,180,12
coronados,231,71.60795999999999,2.317109030729996,68.71028,71.9213,74.32286,180,12
coronados,232,71.59807932960895,2.312716227405109,68.69876000000001,71.9276,74.33132,179,12
coronados,233,71.58966516853933,2.2953431093963625,68.68724,71.9213,74.30558,178,12
coronados,234,71.5556406779661,2.2667474405511068,68.67572,71.84479999999999,74.20352,177,12
coronados,235,71.53629431818182,2.23316917927904,68.7884,71.7503,74.1029,176,12
coronados,236,71.50104114285715,2.2305248736767407,68.74844,71.663,74.0786,175,12
coronados,237,71.48006206896552,2.220985052573572,68.61974,71.6009,74.05268,174,12
coronados,238,71.4640323699422,2.192386042196005,68.61847999999999,71.5568,73.97168,173,12
coronados,239,71.44544069767441,2.1652428386088425,68.46746,71.6099,73.94467999999999,172,12
coronados,240,71.43488421052632,2.1373404220960444,68.4554,71.663,73.9094,171,12
coronados,241,71.4387094117647,2.1194127574587593,68.44874,71.7305,73.89356000000001,170,12
coronados,242,71.45842840236686,2.1172879466875787,68.55188,71.7944,73.88888,169,12
coronados,243,71.49703571428572,2.1135178259558205,68.6921,71.9006,73.88816,168,12
coronados,244,71.54403832335329,2.098711984801387,68.85571999999999,71.915,73.89464000000001,167,12
coronados,245,71.62823614457831,1.9573350900358506,68.9873,71.9159,73.9049,166,12
coronados,246,71.69835636363636,1.8319124040556731,69.0764,71.915,73.95188,165,12
coronados,247,71.72241090909091,1.8220093648195173,69.12536,71.88980000000001,74.02856,165,12
coronados,248,71.72206181818181,1.8198581186479532,69.29492,71.789,74.07536,165,12
coronados,249,71.70242545454545,1.8573224220883182,68.99648,71.789,74.07536,165,12
coronados,250,71.64771636363635,1.8979178046496659,68.96804,71.7296,74.15312,165,12
coronados,251,71.59960727272727,1.9209495631944706,68.98604,71.7098,74.15312,165,12
coronados,252,71.54104727272728,1.9203712000028645,68.99648,71.5586,74.15312,165,12
coronados,253,71.46557818181819,1.910433345811718,68.99648,71.294,74.15312,165,12
coronados,254,71.4023709090909,1.9038009414102124,68.99648,71.2022,74.07536,165,12
coronados,255,71.3247309090909,1.8875239484385473,69.0116,71.024,74.00264,165,12
coronados,256,71.24525818181819,1.8788965060632454,69.04364,70.88,74.07536,165,12
coronados,257,71.16537090909092,1.8892839462061968,69.02924,70.8152,74.15312,165,12
coronados,258,71.07196727272728,1.8934689329751109,69.0116,70.727,74.25644,165,12
coronados,259,70.9583709090909,1.8734962060998444,68.9432,70.5632,74.33348000000001,165,12
coronados,260,70.81358545454546,1.853817653379712,68.78012000000001,70.4786,73.85864000000001,165,12
coronados,261,70.68590545454545,1.8105517184419213,68.71568,70.3562,73.51376,165,12
coronados,262,70.57946545454544,1.782591352999094,68.62748,70.2392,73.27004,165,12
coronados,263,70.47661454545454,1.7815457361603273,68.59976,70.1636,72.96908,165,12
coronados,264,70.38409454545454,1.760064410900592,68.4932,70.12219999999999,72.80852,165,12
coronados,265,70.32272,1.7673890120464255,68.44136,69.9566,72.7898,165,12
coronados,266,70.2880509090909,1.7796139668621955,68.40536,69.9404,72.55760000000001,165,12
coronados,267,70.23687636363637,1.8183286085092767,68.37223999999999,69.8576,72.47984000000001,165,12
coronados,268,70.18704363636364,1.864897993427291,68.30204,69.81620000000001,72.46256,165,12
coronados,269,70.12602909090909,1.8980806160440653,68.23472,69.7928,72.54608,165,12
coronados,270,70.06263636363636,1.9280738462824512,68.02844,69.7676,72.6404,165,12
coronados,271,69.98505090909092,1.950221871512103,67.87508000000001,69.5858,72.78152,165,12
coronados,272,69.89166909090909,1.9589594095141865,67.82864,69.44,72.78152,165,12
coronados,273,69.80104727272727,1.9405038386335811,67.75304,69.3752,72.6404,165,12
coronados,274,69.7208109090909,1.933326036533622,67.62236,69.34100000000001,72.5648,165,12
coronados,275,69.66935272727274,1.9395014115263332,67.52372,69.34100000000001,72.5648,165,12
coronados,276,69.58446909090908,1.937735025764717,67.38476,69.3032,72.5648,165,12
coronados,277,69.51405090909091,1.9393421423764654,67.34156,69.2564,72.5648,165,12
coronados,278,69.44738545454547,1.954473287859896,67.23212000000001,69.2492,72.5648,165,12
coronados,279,69.37738181818182,1.9708823398346955,67.19216,69.1664,72.5648,165,12
coronados,280,69.29555272727274,1.9777816482714838,67.0064,68.8982,72.5648,165,12
coronados,281,69.21909090909092,1.9673665041585782,66.93404,68.84960000000001,72.54608,165,12
coronados,282,69.16659636363636,1.9639270354874194,66.88328,68.84960000000001,72.54608,165,12
coronados,283,69.09553454545456,1.9814182415342552,66.80156,68.738,72.32792,165,12
coronados,284,69.0120690909091,2.0095356530320867,66.65827999999999,68.69120000000001,71.96684,165,12
coronados,285,68.92194909090908,2.0293179709322438,66.53084,68.6012,71.91428,165,12
coronados,286,68.83463272727273,2.027015200261983,66.43688,68.5904,71.5082,165,12
coronados,287,68.75916363636364,2.0228874361064753,66.34544,68.56700000000001,71.37068000000001,165,12
coronados,288,68.66725454545454,2.0391028854009683,66.30872,68.41040000000001,71.1518,165,12
coronados,289,68.5577709090909,2.0568866573294162,66.19496000000001,68.3798,70.95488,165,12
coronados,290,68.43696363636364,2.073499913281151,66.09164000000001,68.3366,70.93508,165,12
coronados,291,68.33643636363635,2.101206315577041,66.02036000000001,68.27,70.93508,165,12
coronados,292,68.23462181818181,2.1104395387781523,65.97392,68.2088,70.93508,165,12
coronados,293,68.12589090909091,2.104905782313511,65.87564,68.1458,70.93508,165,12
coronados,294,68.0162,2.0820256886726165,65.87024,67.78399999999999,70.93508,165,12
coronados,295,67.90528727272728,2.0592842482920757,65.80868,67.5014,70.93508,165,12
coronados,296,67.78128363636365,2.0329631488115374,65.74568,67.2998,70.93508,165,12
coronados,297,67.62997454545454,1.996576898174404,65.54984,67.1036,70.93508,165,12
coronados,298,67.49298909090909,1.9598668449362229,65.43068000000001,67.0694,70.93508,165,12
coronados,299,67.36216727272728,1.9437990933385727,65.36156,66.8588,70.88972,165,12
coronados,300,67.22992727272727,1.9475866940334265,65.04944,66.7868,70.25179999999999,165,12
coronados,301,67.08550181818183,1.9688131094173835,64.8248,66.695,69.14084,165,12
coronados,302,66.93984363636365,1.9655143838716131,64.69808,66.6104,69.00728,165,12
coronados,303,66.80641454545456,1.9794759113688596,64.56992,66.54560000000001,68.99,165,12
coronados,304,66.69008,1.9989996787173814,64.51483999999999,66.4142,68.99,165,12
coronados,305,66.57589454545456,2.0249960353545813,64.39099999999999,66.3944,68.91188,165,12
coronados,306,66.45528363636365,2.01627951520867,64.229,66.191,68.89099999999999,165,12
coronados,307,66.3144909090909,2.0140950737428924,64.12532,65.9858,68.89099999999999,165,12
coronados,308,66.18209818181819,2.012179967781355,63.9338,65.975,68.89099999999999,165,12
coronados,309,66.04808,2.029719814714312,63.60980000000001,65.7824,68.69876,165,12
coronados,310,65.91322181818182,2.051023525571536,63.57164,65.55199999999999,68.18936000000001,165,12
coronados,311,65.77472,2.066152394658056,63.52772,65.3702,68.01908,165,12
coronados,312,65.64926545454544,2.0624629071802616,63.41792,65.2226,67.95967999999999,165,12
coronados,313,65.51281454545455,2.043491112796878,63.35132,65.0552,67.847,165,12
coronados,314,65.3546,2.0223603218070494,63.14972,64.9886,67.67023999999999,165,12
coronados,315,65.20232000000001,2.0250513079678845,63.08888,64.9382,67.53200000000001,165,12
coronados,316,65.07528363636364,2.0549133518107547,62.542759999999994,64.9094,67.4186,165,12
coronados,317,64.95899272727274,2.076506199022996,62.38148,64.8536,67.38512,165,12
coronados,318,64.84369454545455,2.08805153386592,62.2742,64.8194,67.31636,165,12
coronados,319,64.7213927272727,2.095157289035943,61.92644000000001,64.7906,67.0496,165,12
coronados,320,64.60956363636365,2.0966604743074835,61.630520000000004,64.7456,66.96032,165,12
coronados,321,64.47944,2.115884276793154,61.493719999999996,64.7132,66.9956,165,12
coronados,322,64.35590545454545,2.1130638627547023,61.32812,64.5908,66.92216,165,12
coronados,323,64.23201090909092,2.095327725836881,61.23308,64.48100000000001,66.59024,165,12
coronados,324,64.09941090909092,2.0697142660403633,61.1636,64.40899999999999,66.3854,165,12
coronados,325,63.97451272727273,2.0567020659168853,60.82808,64.247,66.35516,165,12
coronados,326,63.83825818181819,2.045154444644192,60.238040000000005,64.1264,66.30008,165,12
coronados,327,63.70209090909091,2.0309570463513427,60.09476,63.98780000000001,66.14204000000001,165,12
coronados,328,63.57339636363635,2.0337049032249817,60.06884,63.9086,66.11,165,12
coronados,329,63.47506181818182,2.057429347347301,60.058040000000005,63.7502,66.07256,165,12
coronados,330,63.377130909090894,2.058330554843468,60.058040000000005,63.6926,66.0074,165,12
coronados,331,63.26972,2.0319877108328215,60.058040000000005,63.4334,65.9534,165,12
coronados,332,63.159603636363634,2.0029828638591813,60.0818,63.3236,65.92099999999999,165,12
coronados,333,63.05529090909091,1.9816924909062996,60.0818,63.2462,65.86376,165,12
coronados,334,62.96574909090908,1.9634458602602085,60.12356,63.1364,65.86376,165,12
coronados,335,62.87451636363637,1.9148579576783906,60.12788,62.9582,65.77916,165,12
coronados,336,62.81190909090909,1.8766835270523197,60.12788,62.9006,65.35003999999999,165,12
coronados,337,62.74377090909091,1.8553568045848459,60.14336,62.7332,64.79276,165,12
coronados,338,62.677890909090905,1.8464240135415007,60.14336,62.6972,64.79276,165,12
coronados,339,62.61802181818182,1.8591865316640672,60.12788,62.6522,64.83632,165,12
coronados,340,62.56727272727273,1.8733421343255663,60.11708,62.6396,64.86404,165,12
coronados,341,62.527269090909094,1.8872373945124445,60.09368,62.5838,64.86404,165,12
coronados,342,62.46299272727273,1.9054239462830145,60.02276,62.50279999999999,64.83632,165,12
coronados,343,62.40531636363636,1.9296909147262262,59.92556,62.47760000000001,64.77835999999999,165,12
coronados,344,62.352592727272736,1.9515810554635813,59.88128,62.4542,64.77835999999999,165,12
coronados,345,62.31256727272727,1.9586715650292426,59.83592,62.4542,64.71932,165,12
coronados,346,62.273796363636365,1.9609847486966447,59.57564,62.4164,64.69916,165,12
coronados,347,62.22252363636365,1.93477774919167,59.57564,62.3858,64.66604,165,12
coronados,348,62.17155636363636,1.896331082041953,59.70272,62.2886,64.63832000000001,165,12
coronados,349,62.11649818181818,1.8572312231919623,59.8694,62.2652,64.61276,165,12
coronados,350,62.04761818181818,1.8446032590576062,59.762119999999996,62.2328,64.57352,165,12
coronados,351,61.96439272727272,1.832087431598164,59.6336,62.23100000000001,64.4972,165,12
coronados,352,61.86310181818182,1.840995688263281,59.57276,62.1824,64.38884,165,12
coronados,353,61.770265454545445,1.822193225030791,59.366479999999996,62.02760000000001,64.27976,165,12
coronados,354,61.69177454545454,1.7841607988568138,59.30888,62.022200000000005,64.05188,165,12
coronados,355,61.601294545454564,1.727745933581281,59.230760000000004,61.9394,63.875840000000004,165,12
coronados,356,61.49866181818182,1.6750966147044282,59.230760000000004,61.8152,63.68684,165,12
coronados,357,61.40804,1.6498093896110484,59.22788,61.5992,63.506840000000004,165,12
coronados,358,61.322076363636356,1.6175276787276653,59.21708,61.331,63.417559999999995,165,12
coronados,359,61.246285350318466,1.59226677625679,59.2106,61.1582,63.37328,157,12
coronados,360,61.176940506329125,1.544036741338613,59.2115,60.974599999999995,63.318740000000005,158,12
coronados,361,61.10435849056603,1.5109873695449239,59.191520000000004,60.8198,63.220639999999996,159,12
coronados,362,61.02716,1.5092422532578615,59.120419999999996,60.8108,63.01525999999999,160,12
coronados,363,60.95041739130436,1.5099151400643853,58.9838,60.8018,62.807,161,12
coronados,364,60.89141111111112,1.4846384005031148,58.98758,60.7982,62.78882,162,12
coronados,365,60.84901963190184,1.4567918529502029,58.99136,60.7946,62.77064,163,12
coronados,366,60.802974390243904,1.4285298893403977,58.989200000000004,60.770300000000006,62.72906,164,12
cortez_tanner,1,60.07127272727272,1.5253379940662029,58.2116,60.2132,62.21084,165,12
cortez_tanner,2,60.006308433734944,1.5461337718756751,58.0226,59.9945,62.177,166,12
cortez_tanner,3,59.95176886227544,1.56378269543523,57.9236,59.9216,62.152879999999996,167,12
cortez_tanner,4,59.89600357142856,1.5778169974215763,57.84584,59.718199999999996,62.15125999999999,168,12
cortez_tanner,5,59.86179526627218,1.585486794850126,57.860960000000006,59.6732,62.16836,169,12
cortez_tanner,6,59.82258941176471,1.589468053216207,57.87716,59.6318,62.19464,170,12
cortez_tanner,7,59.78248421052633,1.602940987771739,57.891200000000005,59.592200000000005,62.1914,171,12
cortez_tanner,8,59.75981000000001,1.6265361248635195,57.749719999999996,59.5706,62.19554,180,12
cortez_tanner,9,59.72213000000001,1.6361872445434553,57.732980000000005,59.5193,62.2382,180,12
cortez_tanner,10,59.69559,1.650246939540773,57.67952,59.4293,62.288959999999996,180,12
cortez_tanner,11,59.68077999999999,1.657894130374653,57.668,59.4077,62.288959999999996,180,12
cortez_tanner,12,59.668899999999994,1.662254647413916,57.67952,59.4077,62.288959999999996,180,12
cortez_tanner,13,59.667460000000005,1.6579669701611222,57.7211,59.419399999999996,62.288959999999996,180,12
cortez_tanner,14,59.657239999999994,1.6567237592551292,57.73694,59.3798,62.310559999999995,180,12
cortez_tanner,15,59.64318000000001,1.6449043998098998,57.84314,59.3447,62.310559999999995,180,12
cortez_tanner,16,59.62718,1.6304643159637946,57.84404,59.3366,62.288959999999996,180,12
cortez_tanner,17,59.61065,1.6464512910495963,57.7589,59.306,62.288959999999996,180,12
cortez_tanner,18,59.58761999999999,1.6642598740319519,57.73694,59.283500000000004,62.288959999999996,180,12
cortez_tanner,19,59.58139,1.7002973807953903,57.70004,59.2619,62.288959999999996,180,12
cortez_tanner,20,59.585159999999995,1.7453222304845208,57.66926,59.2619,62.31812,180,12
cortez_tanner,21,59.59276,1.7794278164403823,57.6599,59.283500000000004,62.384539999999994,180,12
cortez_tanner,22,59.60204,1.7898277583121176,57.65144,59.2952,62.384539999999994,180,12
cortez_tanner,23,59.602230000000006,1.801861585154605,57.63704,59.306,62.384539999999994,180,12
cortez_tanner,24,59.60280999999999,1.8136382229370676,57.63074,59.306,62.384539999999994,180,12
cortez_tanner,25,59.60012,1.8172602913521054,57.63074,59.306,62.384539999999994,180,12
cortez_tanner,26,59.58488,1.815451008445846,57.56972,59.3006,62.384539999999994,180,12
cortez_tanner,27,59.57325000000001,1.8152815539040035,57.556400000000004,59.283500000000004,62.384539999999994,180,12
cortez_tanner,28,59.55772,1.8204978519271886,57.52364,59.2763,62.22182,180,12
cortez_tanner,29,59.542609999999996,1.823571217399357,57.51662,59.2394,62.03228,180,12
cortez_tanner,30,59.52506999999999,1.8220505176047974,57.4394,59.2205,62.0177,180,12
cortez_tanner,31,59.528789999999994,1.815836859538351,57.4394,59.2205,62.0177,180,12
cortez_tanner,32,59.55315,1.799523873201871,57.46226,59.2394,62.0177,180,12
cortez_tanner,33,59.57807,1.795794132416727,57.4394,59.2394,62.0177,180,12
cortez_tanner,34,59.59503999999999,1.7878841396228904,57.4394,59.2628,62.00006,180,12
cortez_tanner,35,59.60057,1.774549171794718,57.4187,59.2655,62.00006,180,12
cortez_tanner,36,59.58887999999999,1.7705149017940687,57.3755,59.2817,61.85606,180,12
cortez_tanner,37,59.56816,1.7835803720725507,57.2612,59.306,61.85606,180,12
cortez_tanner,38,59.55192,1.7845456287386656,57.22862,59.349199999999996,61.76912,180,12
cortez_tanner,39,59.54156,1.803576319384233,57.225739999999995,59.3798,61.78784,180,12
cortez_tanner,40,59.53296000000001,1.859332749950666,57.19712,59.3798,62.03768000000001,180,12
cortez_tanner,41,59.535720000000005,1.9229193525650716,56.99948,59.3798,62.13848,180,12
cortez_tanner,42,59.53989000000001,1.9620674669093088,56.95592,59.4032,62.23532,180,12
cortez_tanner,43,59.52454999999999,1.9747811107187037,56.95268000000001,59.4032,62.23532,180,12
cortez_tanner,44,59.51601675977653,1.9822917028021962,56.950160000000004,59.3816,62.24036,179,12
cortez_tanner,45,59.51185730337079,1.9878013426182009,56.9363,59.3771,62.28662,178,12
cortez_tanner,46,59.488437078651685,2.0001396271532976,56.923519999999996,59.3771,62.28662,178,12
cortez_tanner,47,59.45420674157303,2.023252881457772,56.82505999999999,59.3681,62.29148,178,12
cortez_tanner,48,59.40852921348314,2.041008935209503,56.707519999999995,59.400499999999994,62.28122,178,12
cortez_tanner,49,59.36386292134831,2.044893663715926,56.65532,59.4491,62.227940000000004,178,12
cortez_tanner,50,59.324404494382016,2.0439377792950064,56.59052,59.4833,62.074220000000004,178,12
cortez_tanner,51,59.29537191011236,2.050174367973004,56.49458,59.423,62.06882,178,12
cortez_tanner,52,59.27929325842697,2.0568908185937604,56.44544,59.3681,61.96028,178,12
cortez_tanner,53,59.263851685393256,2.065422626161087,56.423840000000006,59.3591,61.96028,178,12
cortez_tanner,54,59.252596629213485,2.0533296024408156,56.37056,59.3681,61.94839999999999,178,12
cortez_tanner,55,59.24075505617978,2.019918424655418,56.339960000000005,59.3906,61.885220000000004,178,12
cortez_tanner,56,59.225151685393264,1.9822340758441777,56.268679999999996,59.4185,61.86308,178,12
cortez_tanner,57,59.202540449438196,1.9652310158890292,56.2352,59.4185,61.727360000000004,178,12
cortez_tanner,58,59.180768539325825,1.989245950974366,56.07716,59.4365,61.69856,178,12
cortez_tanner,59,59.14983240223464,2.0267402978980735,55.97168,59.441,61.682,179,12
cortez_tanner,60,59.12315000000001,2.05943443490585,55.87142,59.4464,61.655719999999995,180,12
cortez_tanner,61,59.10336,2.0918737747150957,55.8194,59.454499999999996,61.582820000000005,180,12
cortez_tanner,62,59.08602,2.1074087165502995,55.6466,59.454499999999996,61.57057999999999,180,12
cortez_tanner,63,59.08153,2.1232101241980756,55.57838,59.4581,61.57057999999999,180,12
cortez_tanner,64,59.078500000000005,2.1447050385938464,55.544180000000004,59.5328,61.581199999999995,180,12
cortez_tanner,65,59.07925000000001,2.169165159687017,55.5134,59.5328,61.68092,180,12
cortez_tanner,66,59.08073,2.180335402672087,55.544180000000004,59.6372,61.68092,180,12
cortez_tanner,67,59.08346,2.197595573927898,55.544180000000004,59.7155,61.63556,180,12
cortez_tanner,68,59.09016999999999,2.1983503040249763,55.544180000000004,59.72,61.63556,180,12
cortez_tanner,69,59.09748000000002,2.200488191603281,55.56866,59.72,61.63556,180,12
cortez_tanner,70,59.12192999999999,2.2015592836256848,55.57262,59.6894,61.63556,180,12
cortez_tanner,71,59.14869000000001,2.209074590775273,55.5809,59.72,61.64204,180,12
cortez_tanner,72,59.170480000000005,2.209690239076598,55.60286000000001,59.7326,61.64204,180,12
cortez_tanner,73,59.203489999999995,2.207046800087515,55.87808,59.7326,61.64204,180,12
cortez_tanner,74,59.253080000000004,2.2111249565441833,55.9031,59.7452,61.78496,180,12
cortez_tanner,75,59.28611000000001,2.2130011476897113,55.9985,59.7551,61.78496,180,12
cortez_tanner,76,59.31321,2.195170213659649,56.09768,59.7776,61.78496,180,12
cortez_tanner,77,59.347199999999994,2.1799414616711275,56.11442,59.7776,61.78496,180,12
cortez_tanner,78,59.38754,2.1638094555564056,56.1461,59.7713,61.945519999999995,180,12
cortez_tanner,79,59.42089,2.1529938006927076,56.19956,59.7713,62.46446,180,12
cortez_tanner,80,59.446799999999996,2.131982129433421,56.27156,59.7713,62.46446,180,12
cortez_tanner,81,59.46109,2.1098689271979216,56.362460000000006,59.756,62.46446,180,12
cortez_tanner,82,59.46422999999999,2.073750506908927,56.431940000000004,59.7425,62.46446,180,12
cortez_tanner,83,59.47963999999999,2.0491086251092714,56.54678,59.7425,62.46446,180,12
cortez_tanner,84,59.48107,2.0325457254993826,56.58026,59.756,62.30102,180,12
cortez_tanner,85,59.46398,2.021426564145885,56.58026,59.7713,62.30102,180,12
cortez_tanner,86,59.45737999999999,2.0179899545292606,56.58836,59.756,62.30102,180,12
cortez_tanner,87,59.47473999999999,2.022187433349779,56.54678,59.756,62.30102,180,12
cortez_tanner,88,59.4974,2.0201792405681105,56.54678,59.762299999999996,62.30102,180,12
cortez_tanner,89,59.502979999999994,1.9859350093840453,56.83298,59.7785,62.08232,180,12
cortez_tanner,90,59.52049999999999,1.9538805100042078,56.954119999999996,59.7785,62.08232,180,12
cortez_tanner,91,59.53366999999999,1.9469238391677148,57.01604,59.762299999999996,62.08232,180,12
cortez_tanner,92,59.52910000000001,1.938768796954576,57.03152,59.738,62.08232,180,12
cortez_tanner,93,59.528620000000004,1.9152643853377052,57.086059999999996,59.684,61.867219999999996,180,12
cortez_tanner,94,59.52743,1.8851900340141758,57.20396,59.6228,61.78424,180,12
cortez_tanner,95,59.50892,1.887163876214027,57.131420000000006,59.533699999999996,61.60082,180,12
cortez_tanner,96,59.51624,1.8973810866265821,56.913799999999995,59.533699999999996,61.58534,180,12
cortez_tanner,97,59.5323,1.903451918380549,56.913799999999995,59.5958,61.58534,180,12
cortez_tanner,98,59.524499999999996,1.911539866385769,56.913799999999995,59.4662,61.64492,180,12
cortez_tanner,99,59.51434999999999,1.919385856954535,56.913799999999995,59.4401,61.8548,180,12
cortez_tanner,100,59.5124,1.934958882764393,56.913799999999995,59.3069,61.93616,180,12
cortez_tanner,101,59.510799999999996,1.9446834232173407,56.89724,59.2718,61.945879999999995,180,12
cortez_tanner,102,59.48900999999999,1.952051425766747,56.89328,59.257400000000004,62.03966,180,12
cortez_tanner,103,59.466240000000006,1.9526695043584301,56.88644,59.257400000000004,62.364200000000004,180,12
cortez_tanner,104,59.45473,1.9600642229217016,56.88644,59.2511,62.364200000000004,180,12
cortez_tanner,105,59.451280000000004,1.967340215808499,56.88644,59.225899999999996,62.364200000000004,180,12
cortez_tanner,106,59.46298,1.975575356753645,56.88644,59.216899999999995,62.364200000000004,180,12
cortez_tanner,107,59.4813,1.9777108519333022,56.88644,59.2124,62.34422,180,12
cortez_tanner,108,59.49039,1.9794845621380877,56.88644,59.216899999999995,62.319919999999996,180,12
cortez_tanner,109,59.4882,1.965924491806853,56.89328,59.2331,62.297959999999996,180,12
cortez_tanner,110,59.497150000000005,1.9353528641493132,56.94134,59.2565,62.29256,180,12
cortez_tanner,111,59.48599000000001,1.909319115500508,56.96204,59.2565,62.24522,180,12
cortez_tanner,112,59.463680000000004,1.9010585648160172,57.0677,59.2115,62.24522,180,12
cortez_tanner,113,59.456,1.893636151066434,57.0677,59.199799999999996,62.24522,180,12
cortez_tanner,114,59.45716,1.9033280733535252,56.96078,59.1917,62.29256,180,12
cortez_tanner,115,59.44932,1.9059494857041372,56.91794,59.1917,62.29256,180,12
cortez_tanner,116,59.44008,1.8951436964547808,56.96078,59.1755,62.24522,180,12
cortez_tanner,117,59.440630000000006,1.8785229727949657,57.0677,59.1629,62.22218,180,12
cortez_tanner,118,59.45476000000001,1.8475858920048063,57.1307,59.143100000000004,62.18942,180,12
cortez_tanner,119,59.44879000000001,1.8109222639122202,57.24176,59.126,62.090599999999995,180,12
cortez_tanner,120,59.43822,1.7704970262107835,57.504740000000005,59.1179,61.949479999999994,180,12
cortez_tanner,121,59.423190000000005,1.7251656450660617,57.53174,59.090900000000005,61.89043999999999,180,12
cortez_tanner,122,59.41478,1.697581652750226,57.5492,59.063900000000004,61.87262,180,12
cortez_tanner,123,59.43008000000001,1.6855717463222974,57.58178,59.063900000000004,61.89043999999999,180,12
cortez_tanner,124,59.48065,1.7076173802297074,57.722359999999995,59.1008,61.98584,180,12
cortez_tanner,125,59.54719000000001,1.71889025590779,57.78428,59.1278,62.02904,180,12
cortez_tanner,126,59.62003999999999,1.7177883613114229,57.78428,59.1899,62.16368,180,12
cortez_tanner,127,59.691779999999994,1.6904476426882884,57.81704,59.319500000000005,62.15558,180,12
cortez_tanner,128,59.746629999999996,1.656801375535901,57.87662,59.4113,62.03714,180,12
cortez_tanner,129,59.81347,1.5944410699600717,57.902179999999994,59.5895,62.0159,180,12
cortez_tanner,130,59.88764,1.5203639185640745,58.02602,59.6597,61.976479999999995,180,12
cortez_tanner,131,59.94519999999999,1.4657734907744042,58.079480000000004,59.7515,61.87586,180,12
cortez_tanner,132,60.002869999999994,1.4089646534337537,58.09982,59.7749,61.839499999999994,180,12
cortez_tanner,133,60.04351,1.3617741635547134,58.15742,59.8973,61.809259999999995,180,12
cortez_tanner,134,60.09517999999999,1.3303287006932787,58.44938,59.9162,61.839499999999994,180,12
cortez_tanner,135,60.14662000000001,1.3152870025356085,58.50338,59.936,61.864160000000005,180,12
cortez_tanner,136,60.19615999999999,1.3192694442559811,58.50338,60.0728,61.864160000000005,180,12
cortez_tanner,137,60.25166999999999,1.3023006345625892,58.69778,60.1727,61.864160000000005,180,12
cortez_tanner,138,60.27509,1.2890709360278554,58.734860000000005,60.206900000000005,61.81196,180,12
cortez_tanner,139,60.29071,1.2747293603921617,58.7507,60.2195,61.73726,180,12
cortez_tanner,140,60.31066,1.2815114872767805,58.76132,60.244699999999995,61.696940000000005,180,12
cortez_tanner,141,60.32604,1.2982876916287225,58.76132,60.26,61.67372,180,12
cortez_tanner,142,60.32952000000001,1.3205751302677042,58.699040000000004,60.26,61.65356,180,12
cortez_tanner,143,60.342369999999995,1.3484682174217708,58.699040000000004,60.2384,61.65356,180,12
cortez_tanner,144,60.34283,1.386992034547943,58.67834,60.2195,61.674980000000005,180,12
cortez_tanner,145,60.348310000000005,1.4262001804654834,58.66268,60.1988,61.78514,180,12
cortez_tanner,146,60.377890000000015,1.4487390735957697,58.66268,60.1835,61.92626,180,12
cortez_tanner,147,60.40838,1.4679687152223337,58.66268,60.1934,62.112019999999994,180,12
cortez_tanner,148,60.452470000000005,1.4889700455057544,58.66268,60.207800000000006,62.25026,180,12
cortez_tanner,149,60.502280000000006,1.499899512254183,58.768699999999995,60.2717,62.31974,180,12
cortez_tanner,150,60.54759000000001,1.4988107327601012,58.78832,60.35,62.31974,180,12
cortez_tanner,151,60.59636,1.4778896537152764,58.8326,60.3797,62.31974,180,12
cortez_tanner,152,60.651129999999995,1.4867060452613892,58.85708,60.3797,62.429359999999996,180,12
cortez_tanner,153,60.71831,1.4886861444814183,58.97174,60.4553,62.65148,180,12
cortez_tanner,154,60.77434,1.4800574237538686,59.03294,60.517399999999995,62.72708,180,12
cortez_tanner,155,60.821099999999994,1.4734359682056886,59.2421,60.5381,62.7575,180,12
cortez_tanner,156,60.87516,1.4560444193911888,59.32454,60.575900000000004,62.81401999999999,180,12
cortez_tanner,157,60.95705999999999,1.4318028099774138,59.3879,60.6515,63.119479999999996,180,12
cortez_tanner,158,61.04378,1.4055807830567133,59.47988,60.7415,63.26132,180,12
cortez_tanner,159,61.142659999999985,1.3673683577052784,59.574380000000005,60.8234,63.26132,180,12
cortez_tanner,160,61.24310000000001,1.347482513023834,59.69732,61.0844,63.26132,180,12
cortez_tanner,161,61.34631,1.3382629831114958,59.735839999999996,61.2455,63.26132,180,12
cortez_tanner,162,61.454719999999995,1.3459070997516918,59.811260000000004,61.4246,63.28508,180,12
cortez_tanner,163,61.55079,1.3619099556408796,59.81684,61.5002,63.29732,180,12
cortez_tanner,164,61.63794,1.3900630326771668,59.88884,61.5704,63.3776,180,12
cortez_tanner,165,61.74144999999999,1.4213881971843483,59.956880000000005,61.6685,63.46958,180,12
cortez_tanner,166,61.846779999999995,1.4505323635473713,59.956880000000005,61.7855,63.703579999999995,180,12
cortez_tanner,167,61.946909999999995,1.4695314416507048,59.98532,61.8845,63.847579999999994,180,12
cortez_tanner,168,62.08114,1.4958550536090787,60.048140000000004,62.003299999999996,63.93236,180,12
cortez_tanner,169,62.22178,1.5105146493716897,60.149480000000004,62.342600000000004,64.20146,180,12
cortez_tanner,170,62.3498,1.4981646295406597,60.26036,62.4533,64.49054,180,12
cortez_tanner,171,62.47239999999999,1.474537199926295,60.36386,62.641400000000004,64.56362,180,12
cortez_tanner,172,62.58445,1.446518927088263,60.535399999999996,62.6963,64.59548000000001,180,12
cortez_tanner,173,62.692769999999996,1.419468255065841,60.879560000000005,62.7449,64.59548000000001,180,12
cortez_tanner,174,62.78451,1.410988920017945,60.94112,62.834900000000005,64.60538,180,12
cortez_tanner,175,62.86634000000001,1.3870265966604876,61.009699999999995,62.9249,64.60538,180,12
cortez_tanner,176,62.926300000000005,1.3652345283204772,61.009699999999995,63.0257,64.60538,180,12
cortez_tanner,177,62.9798,1.3361090523518417,61.024280000000005,63.0437,64.60538,180,12
cortez_tanner,178,63.03778,1.3059061903221791,61.102940000000004,63.116600000000005,64.60538,180,12
cortez_tanner,179,63.11897999999999,1.263093160857736,61.29842,63.15350000000001,64.61006,180,12
cortez_tanner,180,63.20138999999999,1.2382546417794151,61.353139999999996,63.2813,64.6664,180,12
cortez_tanner,181,63.29712999999999,1.240605892787019,61.492279999999994,63.373099999999994,64.76468,180,12
cortez_tanner,182,63.39745,1.241191995083443,61.69442,63.437,64.80806,180,12
cortez_tanner,183,63.459450000000004,1.2727920416050627,61.73834,63.5396,64.83488,180,12
cortez_tanner,184,63.51701999999999,1.3026891107913283,61.74626,63.7124,64.84964,180,12
cortez_tanner,185,63.60571,1.331425357662957,61.763,63.79430000000001,64.91336,180,12
cortez_tanner,186,63.708650000000006,1.3747035122295692,61.774519999999995,63.963499999999996,65.07050000000001,180,12
cortez_tanner,187,63.85307999999999,1.4373057734183343,61.77722,64.0184,65.15834,180,12
cortez_tanner,188,64.00343,1.4766956710146124,62.0348,64.06880000000001,65.85422,180,12
cortez_tanner,189,64.14547999999999,1.4822356609048715,62.0933,64.29650000000001,66.07742,180,12
cortez_tanner,190,64.28331,1.47732431320272,62.26285999999999,64.3451,66.24374,180,12
cortez_tanner,191,64.42875999999998,1.4611999391943857,62.460139999999996,64.4756,66.33698,180,12
cortez_tanner,192,64.59131,1.456715713384088,62.54366,64.5728,66.57997999999999,180,12
cortez_tanner,193,64.76915,1.4600655867835175,62.9069,64.7348,66.71191999999999,180,12
cortez_tanner,194,64.93744,1.4666348273605176,63.275,64.8572,66.74216,180,12
cortez_tanner,195,65.07642,1.460636511147905,63.50378,64.91929999999999,66.84728000000001,180,12
cortez_tanner,196,65.19399,1.4441700562633963,63.56912,65.0804,67.13888,180,12
cortez_tanner,197,65.32542,1.4531151024013258,63.64904,65.2415,67.31474,180,12
cortez_tanner,198,65.48356,1.4687162597993129,63.7286,65.3729,67.48538,180,12
cortez_tanner,199,65.65392,1.465975407904582,63.82004,65.56909999999999,67.60831999999999,180,12
cortez_tanner,200,65.80288,1.4695697886944923,63.88214,65.81479999999999,67.81496,180,12
cortez_tanner,201,65.93627000000001,1.475261671549119,64.00364,65.99119999999999,67.98956,180,12
cortez_tanner,202,66.02682999999999,1.5152168815721125,64.08734,66.0506,68.08658,180,12
cortez_tanner,203,66.11282999999999,1.5660113622846001,64.08734,66.0947,68.38484,180,12
cortez_tanner,204,66.2164,1.6297975115000087,64.05566,66.1721,68.45072,180,12
cortez_tanner,205,66.33156,1.69473734902785,64.0832,66.2702,68.57311999999999,180,12
cortez_tanner,206,66.44348999999998,1.7428674709661534,64.0832,66.35749999999999,68.74952,180,12
cortez_tanner,207,66.53604,1.7761012913890195,64.0985,66.46369999999999,68.86652,180,12
cortez_tanner,208,66.6023,1.783980194857123,64.18364,66.49969999999999,68.90935999999999,180,12
cortez_tanner,209,66.65306000000001,1.8006344223866764,64.19462,66.5375,68.95903999999999,180,12
cortez_tanner,210,66.71119,1.817476546661553,64.24826,66.623,69.08864000000001,180,12
cortez_tanner,211,66.75259,1.832485023408584,64.18526,66.7382,69.1331,180,12
cortez_tanner,212,66.75638,1.8428668703193594,64.0913,66.7589,69.1331,180,12
cortez_tanner,213,66.72468,1.8704450604844032,63.83318,66.7877,69.1331,180,12
cortez_tanner,214,66.70384,1.930357289694603,63.80798,66.7877,69.1331,180,12
cortez_tanner,215,66.70762,2.0007896513864147,63.72734,66.7382,69.1331,180,12
cortez_tanner,216,66.74150999999999,2.054343567603576,63.71456,66.7589,69.25946,180,12
cortez_tanner,217,66.7891,2.1041249844454573,63.69494,66.8327,69.28753999999999,180,12
cortez_tanner,218,66.83307,2.163817869169803,63.57146,66.875,69.62270000000001,180,12
cortez_tanner,219,66.87343,2.2188501829304523,63.56192,66.875,69.65906,180,12
cortez_tanner,220,66.92878,2.2569024715477215,63.56678,67.0334,69.70532,180,12
cortez_tanner,221,67.00813000000001,2.2828522024190234,63.69494,67.1387,69.70532,180,12
cortez_tanner,222,67.08852000000002,2.3116661031245833,63.72734,67.14949999999999,69.77408,180,12
cortez_tanner,223,67.18144000000001,2.3486719333397974,63.77252,67.1981,69.8189,180,12
cortez_tanner,224,67.27545,2.377183695223823,63.814460000000004,67.2431,69.83492,180,12
cortez_tanner,225,67.37293,2.4003861135847506,64.12136000000001,67.289,70.08224000000001,180,12
cortez_tanner,226,67.49058000000001,2.424919097755473,64.32133999999999,67.3502,70.12454,180,12
cortez_tanner,227,67.62366,2.4423017438931383,64.54436,67.487,70.42712,180,12
cortez_tanner,228,67.77974999999999,2.4456195120479185,64.71248,67.6634,70.69586,180,12
cortez_tanner,229,67.91403,2.4318597900882453,64.74307999999999,67.8335,71.07854,180,12
cortez_tanner,230,68.02728,2.414301056481898,64.82336,68.0324,71.71141999999999,180,12
cortez_tanner,231,68.10659999999999,2.391423317846438,64.8401,68.13409999999999,71.7503,180,12
cortez_tanner,232,68.16601229050279,2.3329477466045874,65.15168,68.1368,71.71484,179,12
cortez_tanner,233,68.22179438202247,2.2631155007391413,65.3306,68.1746,71.44034,178,12
cortez_tanner,234,68.28142033898305,2.185000651662556,65.41051999999999,68.51480000000001,71.19572,177,12
cortez_tanner,235,68.31279090909091,2.1136802677327045,65.4899,68.6048,71.0798,176,12
cortez_tanner,236,68.3204,2.068229494702805,65.59952,68.6246,71.01068,175,12
cortez_tanner,237,68.32965862068966,2.028860008506256,65.73668,68.6246,70.86542,174,12
cortez_tanner,238,68.3219190751445,1.9990204125251352,65.69312000000001,68.6246,70.64635999999999,173,12
cortez_tanner,239,68.31150465116279,1.956242771914646,65.68736,68.6246,70.55672,172,12
cortez_tanner,240,68.32362105263157,1.893595573574268,65.7392,68.6246,70.5146,171,12
cortez_tanner,241,68.33720352941177,1.834404408765611,65.75486,68.6372,70.42766,170,12
cortez_tanner,242,68.34270295857988,1.7748212666694485,65.82524000000001,68.6498,70.38608,169,12
cortez_tanner,243,68.34092857142856,1.7275486076384752,65.94044,68.65520000000001,70.37528,168,12
cortez_tanner,244,68.341148502994,1.6751986242908803,66.11576,68.6498,70.32344,167,12
cortez_tanner,245,68.34132771084337,1.6219479370124585,66.11,68.6642,70.3238,166,12
cortez_tanner,246,68.34593818181818,1.586938433437499,66.10424,68.6732,70.277,165,12
cortez_tanner,247,68.34638545454547,1.6010706795025476,65.90624,68.6732,70.277,165,12
cortez_tanner,248,68.35237454545455,1.6220698105580182,65.82127999999999,68.7038,70.2878,165,12
cortez_tanner,249,68.33880363636364,1.6413781784283725,65.77448,68.6732,70.2662,165,12
cortez_tanner,250,68.33136363636363,1.6598026176028675,65.75576,68.6606,70.2662,165,12
cortez_tanner,251,68.32616,1.6748307207071378,65.73704,68.6498,70.2662,165,12
cortez_tanner,252,68.30991636363638,1.6842596219650399,65.65496,68.6174,70.2878,165,12
cortez_tanner,253,68.31096363636364,1.6874170943714366,65.74279999999999,68.6174,70.35656,165,12
cortez_tanner,254,68.31423636363637,1.694223728606132,65.77448,68.5886,70.41056,165,12
cortez_tanner,255,68.28229454545453,1.7137386608920047,65.77448,68.47879999999999,70.46996,165,12
cortez_tanner,256,68.24886909090908,1.7184459113034045,65.82127999999999,68.4662,70.46996,165,12
cortez_tanner,257,68.21128727272726,1.7351778035400307,65.88968,68.4284,70.48184,165,12
cortez_tanner,258,68.15315272727273,1.7294483039525486,65.92172,68.387,70.4732,165,12
cortez_tanner,259,68.08442545454545,1.7185755905887958,65.92172,68.1548,70.4732,165,12
cortez_tanner,260,68.01024363636363,1.7046117824349232,65.93288,68.0378,70.2878,165,12
cortez_tanner,261,67.9359309090909,1.697950563883549,65.93288,67.9946,70.17475999999999,165,12
cortez_tanner,262,67.87306181818181,1.6915496667067444,65.92172,67.97659999999999,69.9854,165,12
cortez_tanner,263,67.81390181818182,1.679925918607386,65.93288,67.7444,69.92708,165,12
cortez_tanner,264,67.75618181818182,1.678438593777574,65.92172,67.6364,69.88172,165,12
cortez_tanner,265,67.70086181818182,1.6874218294621692,65.9102,67.523,69.88172,165,12
cortez_tanner,266,67.63513454545455,1.6971981581078563,65.86916000000001,67.3862,69.8738,165,12
cortez_tanner,267,67.57586545454545,1.6982704141543588,65.7752,67.3466,69.809,165,12
cortez_tanner,268,67.51695636363637,1.6900135674260894,65.75251999999999,67.2188,69.61784,165,12
cortez_tanner,269,67.46796363636363,1.6789120750482416,65.69959999999999,67.19,69.55916,165,12
cortez_tanner,270,67.44025454545455,1.668793031982102,65.67332,67.19,69.49508,165,12
cortez_tanner,271,67.40868363636363,1.6484279090257443,65.66288,67.2062,69.41336,165,12
cortez_tanner,272,67.38867636363636,1.6262217518174626,65.61644000000001,67.289,69.3356,165,12
cortez_tanner,273,67.37299999999999,1.63739765794504,65.48864,67.289,69.45764000000001,165,12
cortez_tanner,274,67.35325454545455,1.6440946877015943,65.39359999999999,67.2278,69.65312,165,12
cortez_tanner,275,67.31992727272727,1.640676203558275,65.39359999999999,67.2278,69.52784,165,12
cortez_tanner,276,67.30191636363637,1.6354595517472543,65.39359999999999,67.1972,69.52784,165,12
cortez_tanner,277,67.28100363636362,1.6490925333786557,65.34320000000001,67.1972,69.52784,165,12
cortez_tanner,278,67.23288363636364,1.6714595430155992,65.282,67.1216,69.52784,165,12
cortez_tanner,279,67.18836363636363,1.69399881853743,65.23196,67.0406,69.52784,165,12
cortez_tanner,280,67.13956727272728,1.7046902881985608,65.23196,66.9938,69.52784,165,12
cortez_tanner,281,67.1084,1.7197484004864227,65.23519999999999,66.93440000000001,69.52784,165,12
cortez_tanner,282,67.07181090909091,1.7506844369232122,65.18876,66.9002,69.52784,165,12
cortez_tanner,283,67.02998545454545,1.769123060502512,65.15708000000001,66.7886,69.52784,165,12
cortez_tanner,284,66.99347272727272,1.7791403026826504,65.10272,66.7004,69.46088,165,12
cortez_tanner,285,66.96226181818182,1.7791147772264315,65.093,66.6788,69.39608,165,12
cortez_tanner,286,66.92725454545455,1.7884614167495407,65.03648,66.6446,69.39608,165,12
cortez_tanner,287,66.87951636363636,1.7967664316186382,64.88312,66.59960000000001,69.39608,165,12
cortez_tanner,288,66.81673454545455,1.7766603061627895,64.7546,66.596,69.00152,165,12
cortez_tanner,289,66.76782909090909,1.760618741052043,64.62752,66.596,68.96012,165,12
cortez_tanner,290,66.72690909090909,1.7517000761566166,64.62752,66.5402,68.92124,165,12
cortez_tanner,291,66.67493818181818,1.737096881275106,64.62752,66.389,68.92124,165,12
cortez_tanner,292,66.62373090909091,1.7042130153776864,64.62752,66.36019999999999,68.86112,165,12
cortez_tanner,293,66.58977090909092,1.6683406085023011,64.60952,66.30799999999999,68.81360000000001,165,12
cortez_tanner,294,66.55154545454546,1.62858748828752,64.58251999999999,66.30080000000001,68.71388,165,12
cortez_tanner,295,66.50633818181818,1.5974800160768736,64.52384,66.30080000000001,68.567,165,12
cortez_tanner,296,66.43717454545454,1.5724678530451144,64.4846,66.299,68.53028,165,12
cortez_tanner,297,66.36359272727273,1.5553718198538786,64.35608,66.2918,68.51048,165,12
cortez_tanner,298,66.27881818181817,1.5547947234623711,64.25132,66.29,68.3096,165,12
cortez_tanner,299,66.17894545454544,1.5624681209413112,64.18184000000001,66.1748,68.10404,165,12
cortez_tanner,300,66.06098545454545,1.5844477743186227,64.1192,66.137,67.9388,165,12
cortez_tanner,301,65.93699272727272,1.6077278755740987,63.90356,66.0884,67.78976,165,12
cortez_tanner,302,65.82241454545454,1.6352798139862923,63.66308,66.0488,67.73216,165,12
cortez_tanner,303,65.7305490909091,1.6829910069835734,63.57236,66.02539999999999,67.65584,165,12
cortez_tanner,304,65.63379636363636,1.7353021971266416,63.50288,65.94800000000001,67.57736,165,12
cortez_tanner,305,65.53743636363636,1.797656903464079,63.41683999999999,65.7698,67.57736,165,12
cortez_tanner,306,65.43445454545454,1.8426709878450023,63.30236,65.6366,67.53595999999999,165,12
cortez_tanner,307,65.33653454545455,1.8810130890175731,63.2642,65.4854,67.53595999999999,165,12
cortez_tanner,308,65.22856727272728,1.8928200787147755,63.25376000000001,65.3576,67.53164,165,12
cortez_tanner,309,65.12440727272728,1.8977598443364885,63.22352,65.309,67.35812,165,12
cortez_tanner,310,65.01537090909092,1.9165057985129927,62.931560000000005,65.1002,67.24940000000001,165,12
cortez_tanner,311,64.9125309090909,1.951504244654532,62.825359999999996,64.9976,67.1486,165,12
cortez_tanner,312,64.82096,1.9756550528628318,62.79692,64.8824,67.05608,165,12
cortez_tanner,313,64.74283999999999,1.9994802644443477,62.67848,64.5728,67.0352,165,12
cortez_tanner,314,64.65024363636364,2.000956036263632,62.610800000000005,64.4864,66.95815999999999,165,12
cortez_tanner,315,64.55169090909091,1.9885186773017314,62.231,64.40719999999999,66.94376,165,12
cortez_tanner,316,64.46278181818182,1.974248957268855,62.0492,64.3262,66.90164,165,12
cortez_tanner,317,64.37864,1.9401149546278775,61.9376,64.2902,66.82424,165,12
cortez_tanner,318,64.28597818181818,1.8940432047533349,61.7864,64.2524,66.55712000000001,165,12
cortez_tanner,319,64.19496363636364,1.8429964771445395,61.77344,64.19120000000001,66.28424,165,12
cortez_tanner,320,64.11237090909091,1.7786796727272025,61.77344,64.1768,66.25868,165,12
cortez_tanner,321,64.02935272727272,1.7106399824927752,61.77344,64.0904,66.101,165,12
cortez_tanner,322,63.94109818181818,1.6367570804189457,61.87496,64.049,66.04844,165,12
cortez_tanner,323,63.86546545454546,1.588179982299671,61.9376,63.824,65.92172,165,12
cortez_tanner,324,63.793814545454545,1.5528157616224911,61.953799999999994,63.68,65.87707999999999,165,12
cortez_tanner,325,63.727247272727276,1.5172176533878265,61.9052,63.671,65.71436,165,12
cortez_tanner,326,63.65962181818181,1.4609433162103178,61.893319999999996,63.564800000000005,65.64164000000001,165,12
cortez_tanner,327,63.5766909090909,1.4106906859553732,61.86704,63.5378,65.53291999999999,165,12
cortez_tanner,328,63.471996363636364,1.3629308570893124,61.68416,63.406400000000005,65.444,165,12
cortez_tanner,329,63.37782909090909,1.3779085548359227,61.46636,63.347,65.37992,165,12
cortez_tanner,330,63.29451636363636,1.4168150603227747,61.19816,63.194,65.35364,165,12
cortez_tanner,331,63.208378181818176,1.4381709052445035,61.138040000000004,63.1346,65.31404,165,12
cortez_tanner,332,63.11473454545455,1.446510432151709,61.08692,63.113,65.26112,165,12
cortez_tanner,333,63.02196363636364,1.462352232480381,61.02068,62.9456,65.01668,165,12
cortez_tanner,334,62.93727636363637,1.469597994553766,60.773360000000004,62.86280000000001,64.86224,165,12
cortez_tanner,335,62.834938181818174,1.4837869669290065,60.70496,62.8304,64.64624,165,12
cortez_tanner,336,62.73177090909091,1.5132868456433959,60.587959999999995,62.690000000000005,64.56415999999999,165,12
cortez_tanner,337,62.62423999999999,1.5602532554278394,60.513799999999996,62.6342,64.5512,165,12
cortez_tanner,338,62.52242545454546,1.5913532690477907,60.4202,62.549600000000005,64.51231999999999,165,12
cortez_tanner,339,62.422039999999996,1.6158616475428829,60.122840000000004,62.4812,64.47164000000001,165,12
cortez_tanner,340,62.328025454545454,1.6362959429035904,60.08756,62.3984,64.44644000000001,165,12
cortez_tanner,341,62.22333090909092,1.6598425991574703,60.05516,62.3876,64.38056,165,12
cortez_tanner,342,62.12135272727272,1.6805066121873253,60.003319999999995,62.3552,64.28012,165,12
cortez_tanner,343,62.0361309090909,1.7049771263260103,59.92592,62.3102,64.22936,165,12
cortez_tanner,344,61.95573090909092,1.7157444425166029,59.81648,62.1266,64.13936,165,12
cortez_tanner,345,61.880076363636356,1.7051600853925608,59.74268,62.0924,64.10083999999999,165,12
cortez_tanner,346,61.8046509090909,1.7005370438165885,59.66636,61.9934,64.05548,165,12
cortez_tanner,347,61.733785454545455,1.706856568561283,59.576,61.9646,64.05548,165,12
cortez_tanner,348,61.670665454545464,1.7063971197595607,59.546839999999996,61.86559999999999,64.03532,165,12
cortez_tanner,349,61.598927272727266,1.7066809849630917,59.44424,61.7648,64.00652,165,12
cortez_tanner,350,61.53679999999999,1.6998148988180748,59.33156,61.718,63.90356,165,12
cortez_tanner,351,61.46079636363636,1.6868238901344028,59.196920000000006,61.655,63.75488,165,12
cortez_tanner,352,61.378487272727284,1.6618435013769306,59.07956,61.37239999999999,63.63752,165,12
cortez_tanner,353,61.28628363636364,1.6324234967429265,59.063719999999996,61.241,63.41,165,12
cortez_tanner,354,61.19106909090908,1.5985945444021947,59.063719999999996,61.178,63.23036,165,12
cortez_tanner,355,61.089112727272735,1.5619953354433505,59.063719999999996,61.034,63.048919999999995,165,12
cortez_tanner,356,60.98314181818183,1.5536720600734157,58.88228,61.0196,62.80592,165,12
cortez_tanner,357,60.89765818181819,1.5505232864939786,58.87832,60.98,62.729600000000005,165,12
cortez_tanner,358,60.817040000000006,1.550084785596125,58.85168,60.944,62.63384,165,12
cortez_tanner,359,60.782630573248404,1.5378190727773362,58.85492,60.9098,62.615120000000005,157,12
cortez_tanner,360,60.70152405063291,1.536813945965296,58.7147,60.8612,62.49884,158,12
cortez_tanner,361,60.609969811320774,1.5232479203763833,58.60076,60.7766,62.4632,159,12
cortez_tanner,362,60.5050475,1.5065251349154702,58.56062,60.6983,62.4389,160,12
cortez_tanner,363,60.393390062111806,1.498392152909452,58.5032,60.6038,62.3948,161,12
cortez_tanner,364,60.283355555555566,1.4802912917974724,58.476560000000006,60.479600000000005,62.35664,162,12
cortez_tanner,365,60.191853987730056,1.465250543453926,58.46288,60.3572,62.21732,163,12
cortez_tanner,366,60.12615243902438,1.4897726458672755,58.4159,60.233000000000004,62.214079999999996,164,12
la_jolla,1,60.14672,1.3497705922154906,58.33724,60.0782,62.01068,165,12
la_jolla,2,60.108626506024095,1.3427518913475471,58.2305,60.1151,61.96730000000001,166,12
la_jolla,3,60.07387784431137,1.3474008868215033,58.22384,60.1214,61.956320000000005,167,12
la_jolla,4,60.04086071428572,1.352713498043362,58.21376,60.1151,62.02976,168,12
la_jolla,5,60.016691124260355,1.3628580668787442,58.2044,60.0854,62.027240000000006,169,12
la_jolla,6,59.97403294117646,1.379023255347826,58.18748000000001,60.0656,61.92338,170,12
la_jolla,7,59.93577894736841,1.3889337444160934,58.190000000000005,60.049400000000006,61.8494,171,12
la_jolla,8,59.93717000000001,1.404195643545427,58.185860000000005,60.0512,61.89098,180,12
la_jolla,9,59.901740000000004,1.4179161371612734,58.14842,59.8613,61.86992,180,12
la_jolla,10,59.872200000000014,1.4316798392137726,58.13348,59.831599999999995,61.86992,180,12
la_jolla,11,59.864850000000004,1.4604280642653562,58.11944,59.822599999999994,61.8872,180,12
la_jolla,12,59.87174999999999,1.481414791667772,58.0838,59.8208,61.98818000000001,180,12
la_jolla,13,59.87183,1.4925604389435765,58.0838,59.765,62.022560000000006,180,12
la_jolla,14,59.857420000000005,1.505572230952247,58.083439999999996,59.7542,62.022560000000006,180,12
la_jolla,15,59.85044,1.5218767366378767,57.9965,59.81,62.022560000000006,180,12
la_jolla,16,59.83096,1.5332050394972179,57.939980000000006,59.822599999999994,62.00276,180,12
la_jolla,17,59.801469999999995,1.5407038126858068,57.64154,59.8019,61.94714,180,12
la_jolla,18,59.77300000000001,1.5576066832370763,57.577459999999995,59.7686,61.938140000000004,180,12
la_jolla,19,59.74537,1.5771296360563944,57.503659999999996,59.7299,61.91492,180,12
la_jolla,20,59.71873,1.5991263452028386,57.390440000000005,59.7686,61.91492,180,12
la_jolla,21,59.71655,1.6204341527183665,57.390440000000005,59.787499999999994,61.938140000000004,180,12
la_jolla,22,59.722519999999996,1.6467026942944645,57.390440000000005,59.8019,61.94714,180,12
la_jolla,23,59.73202,1.6690817458884695,57.3602,59.8064,61.98602000000001,180,12
la_jolla,24,59.74190000000001,1.689719734719176,57.3602,59.828900000000004,62.004560000000005,180,12
la_jolla,25,59.74044000000001,1.695601885444159,57.3602,59.8316,62.004560000000005,180,12
la_jolla,26,59.735150000000004,1.691793541278855,57.3602,59.823499999999996,62.004560000000005,180,12
la_jolla,27,59.71324,1.6917205588810407,57.38936,59.8172,61.98764,180,12
la_jolla,28,59.67813999999999,1.7100703379829616,57.3602,59.7947,61.98764,180,12
la_jolla,29,59.650990000000014,1.7338364162559268,57.3548,59.758700000000005,62.004560000000005,180,12
la_jolla,30,59.629540000000006,1.7520314485200748,57.3467,59.696600000000004,62.04578,180,12
la_jolla,31,59.63063,1.7691504370852993,57.3467,59.6642,62.15053999999999,180,12
la_jolla,32,59.651180000000004,1.786584292257374,57.3467,59.6426,62.26898,180,12
la_jolla,33,59.6698,1.7906317798959068,57.3467,59.6327,62.352320000000006,180,12
la_jolla,34,59.68476,1.7910135269133485,57.39746,59.6192,62.35898,180,12
la_jolla,35,59.68959999999999,1.793164961393945,57.414559999999994,59.4932,62.4668,180,12
la_jolla,36,59.68022999999999,1.7989531484050445,57.39692,59.4608,62.4722,180,12
la_jolla,37,59.67383000000001,1.8022974402770062,57.3467,59.3645,62.53592,180,12
la_jolla,38,59.666850000000004,1.8138441230539706,57.414559999999994,59.3195,62.573899999999995,180,12
la_jolla,39,59.65550000000001,1.8232523623961765,57.45182,59.2898,62.71268,180,12
la_jolla,40,59.64829000000001,1.8463216195464072,57.45182,59.2772,62.72671999999999,180,12
la_jolla,41,59.640089999999994,1.868301071077663,57.45182,59.27,62.72671999999999,180,12
la_jolla,42,59.64339999999999,1.902381942864343,57.45182,59.2538,62.727439999999994,180,12
la_jolla,43,59.65625,1.913669071275789,57.50438,59.2538,62.727439999999994,180,12
la_jolla,44,59.665255865921786,1.90422855724038,57.53552,59.262800000000006,62.732479999999995,179,12
la_jolla,45,59.67143033707866,1.8952410670216355,57.54488,59.333,62.714839999999995,178,12
la_jolla,46,59.657606741573034,1.8991976767960501,57.49394,59.3411,62.58686,178,12
la_jolla,47,59.63676516853932,1.9050990704313635,57.38504,59.363600000000005,62.52458,178,12
la_jolla,48,59.61378988764045,1.9222608166829986,57.38504,59.363600000000005,62.52458,178,12
la_jolla,49,59.597104494382016,1.9414816339028156,57.214040000000004,59.363600000000005,62.52458,178,12
la_jolla,50,59.59407078651685,1.9629533155500047,57.214040000000004,59.363600000000005,62.52944,178,12
la_jolla,51,59.59467752808989,1.993361394106638,57.38504,59.363600000000005,62.574980000000004,178,12
la_jolla,52,59.60248426966292,2.0387908677326445,57.4196,59.363600000000005,62.574980000000004,178,12
la_jolla,53,59.598823595505614,2.0635923970433265,57.4196,59.3969,62.6477,178,12
la_jolla,54,59.600906741573034,2.0781006783709546,57.42212,59.378,62.68244,178,12
la_jolla,55,59.61423483146068,2.0763214160468313,57.42212,59.378,62.698640000000005,178,12
la_jolla,56,59.606337078651684,2.058491561504904,57.29684,59.378,62.68244,178,12
la_jolla,57,59.59892471910112,2.0319062596699875,57.21296,59.4194,62.68244,178,12
la_jolla,58,59.584949438202244,2.0206563396215573,57.21296,59.4194,62.6477,178,12
la_jolla,59,59.56049385474861,2.035286665538071,57.17552,59.3366,62.566520000000004,179,12
la_jolla,60,59.53332,2.0507278516685092,57.03458,59.240300000000005,62.558060000000005,180,12
la_jolla,61,59.52714,2.057156072481494,57.05402,59.225,62.558060000000005,180,12
la_jolla,62,59.52197999999999,2.071704790244447,57.04106,59.2124,62.558060000000005,180,12
la_jolla,63,59.532869999999996,2.0856682368972863,57.03566,59.225,62.558060000000005,180,12
la_jolla,64,59.55773,2.0974701559166213,57.03566,59.2619,62.558060000000005,180,12
la_jolla,65,59.57956000000001,2.0997453744435797,57.0119,59.4032,62.5253,180,12
la_jolla,66,59.616670000000006,2.090707552250937,57.02126,59.4842,62.68028,180,12
la_jolla,67,59.65603,2.070504842275977,57.03566,59.5913,62.690900000000006,180,12
la_jolla,68,59.701450000000015,2.0793347036435805,57.04106,59.63719999999999,62.71106,180,12
la_jolla,69,59.76151000000001,2.109218822194473,57.04808,59.657,62.7593,180,12
la_jolla,70,59.83184,2.1633402837268876,57.055279999999996,59.811800000000005,62.7593,180,12
la_jolla,71,59.909459999999996,2.2319064794788477,57.06302,59.9234,63.06026,180,12
la_jolla,72,59.97630999999999,2.2943670872049142,57.10046,59.9837,63.14036,180,12
la_jolla,73,60.05643,2.3599602993038893,57.137,60.096199999999996,63.2156,180,12
la_jolla,74,60.16177,2.4128790979280077,57.20792,60.1853,63.396139999999995,180,12
la_jolla,75,60.27404,2.458253612782818,57.21908,60.2906,63.48686,180,12
la_jolla,76,60.39101000000001,2.5076985741253655,57.25058,60.3887,63.57686,180,12
la_jolla,77,60.49872,2.531962395389158,57.331399999999995,60.4454,64.02127999999999,180,12
la_jolla,78,60.5995,2.551128661557709,57.4385,60.4796,64.08986,180,12
la_jolla,79,60.678299999999986,2.575729972618165,57.5384,60.505700000000004,64.2857,180,12
la_jolla,80,60.749190000000006,2.594605351442073,57.56864,60.52460000000001,64.34744,180,12
la_jolla,81,60.812039999999996,2.6019479165000154,57.61004,60.52460000000001,64.48064,180,12
la_jolla,82,60.85669999999999,2.6247497559889865,57.654680000000006,60.52460000000001,64.77619999999999,180,12
la_jolla,83,60.88819000000001,2.634960478838175,57.68996,60.52460000000001,65.65154,180,12
la_jolla,84,60.904889999999995,2.6342998382235843,57.6995,60.52460000000001,65.70985999999999,180,12
la_jolla,85,60.91219000000001,2.624143616903251,57.6914,60.515600000000006,65.70985999999999,180,12
la_jolla,86,60.94346000000001,2.5961943779739336,57.79598,60.5354,65.61914,180,12
la_jolla,87,60.99757,2.566764390732177,57.98264,60.5903,65.51564,180,12
la_jolla,88,61.05082999999999,2.544195904184956,58.0865,60.6623,65.51564,180,12
la_jolla,89,61.10143,2.5262979364429636,58.111700000000006,60.743300000000005,65.51564,180,12
la_jolla,90,61.142309999999995,2.5055638566350638,58.1144,60.85850000000001,65.40152,180,12
la_jolla,91,61.18845,2.506221509056631,58.14518,60.9053,65.51564,180,12
la_jolla,92,61.23538,2.5238614723603194,58.181000000000004,60.9053,65.61392,180,12
la_jolla,93,61.29393999999999,2.5261200585330266,58.1927,60.953,65.65802,180,12
la_jolla,94,61.36206,2.5079759669266295,58.3556,61.010600000000004,65.65802,180,12
la_jolla,95,61.41498000000001,2.4802975588384317,58.37684,61.194199999999995,65.61392,180,12
la_jolla,96,61.45889999999999,2.457184529056049,58.37684,61.3355,65.41196,180,12
la_jolla,97,61.492869999999996,2.4171162666428088,58.37684,61.464200000000005,65.36552,180,12
la_jolla,98,61.53255999999999,2.3807516881023587,58.37684,61.6289,65.32988,180,12
la_jolla,99,61.58173999999999,2.354696720833947,58.37684,61.7054,65.24636,180,12
la_jolla,100,61.63572,2.320410648650086,58.5068,61.7828,65.19901999999999,180,12
la_jolla,101,61.67690999999999,2.305338689718465,58.566919999999996,61.8494,64.99777999999999,180,12
la_jolla,102,61.70646,2.29394386968682,58.59266,61.8665,64.95008,180,12
la_jolla,103,61.73807000000001,2.2607884026986107,58.80722,61.895300000000006,64.75568,180,12
la_jolla,104,61.764500000000005,2.224854814370576,59.03924000000001,61.8989,64.75568,180,12
la_jolla,105,61.7997,2.1876640488973593,59.1872,61.8989,64.97924,180,12
la_jolla,106,61.84004,2.1355136640491863,59.2331,61.8989,64.78466,180,12
la_jolla,107,61.90147,2.061432229834664,59.27684,61.911500000000004,64.7753,180,12
la_jolla,108,61.95628000000001,2.013083774060452,59.32544,61.997,64.73696,180,12
la_jolla,109,62.00459,1.9961440959926915,59.335699999999996,62.0114,64.72004,180,12
la_jolla,110,62.07461000000001,1.9924351367052462,59.39978,62.024,64.72004,180,12
la_jolla,111,62.1447,2.001858937372877,59.61578,62.0915,64.73696,180,12
la_jolla,112,62.222739999999995,2.0153091674485664,59.697320000000005,62.1464,64.7753,180,12
la_jolla,113,62.32479,2.0141335888273293,59.8982,62.1986,64.80608,180,12
la_jolla,114,62.42523000000001,2.0150867627022606,59.98064,62.23909999999999,64.86674000000001,180,12
la_jolla,115,62.53495000000001,2.0460234467193033,59.9972,62.3102,64.88834,180,12
la_jolla,116,62.64551,2.072842086305606,60.03302,62.455999999999996,65.1902,180,12
la_jolla,117,62.748979999999996,2.0838340601430554,60.13238,62.5406,65.24114,180,12
la_jolla,118,62.85891,2.1009334083373887,60.21158,62.5946,65.28614,180,12
la_jolla,119,62.96580000000001,2.1106507183738543,60.25208,62.8043,65.35058,180,12
la_jolla,120,63.06876000000001,2.1227575066724125,60.355219999999996,62.9123,65.45048,180,12
la_jolla,121,63.16524999999999,2.1307617045863774,60.42866,62.975300000000004,65.46686,180,12
la_jolla,122,63.25057,2.1617249148739055,60.60272,63.1175,65.5286,180,12
la_jolla,123,63.326159999999994,2.1750528752732974,60.667159999999996,63.169700000000006,65.53076,180,12
la_jolla,124,63.39883,2.163362333012998,60.7199,63.2129,65.53076,180,12
la_jolla,125,63.478649999999995,2.1337700237742454,60.8756,63.3191,65.53076,180,12
la_jolla,126,63.56475,2.0768142810403054,61.285639999999994,63.3839,65.53076,180,12
la_jolla,127,63.64403,2.0030539595590104,61.438460000000006,63.5099,65.53076,180,12
la_jolla,128,63.70034999999999,1.9556476766094484,61.62584,63.5864,65.53076,180,12
la_jolla,129,63.74762,1.9087155218911958,61.70774,63.6323,65.55722,180,12
la_jolla,130,63.79307,1.8426161515021344,61.80728,63.6755,65.57665999999999,180,12
la_jolla,131,63.83038,1.7672292798103462,61.93058,63.688100000000006,65.57665999999999,180,12
la_jolla,132,63.88231999999999,1.6945490028174812,62.06684,63.698,65.55236000000001,180,12
la_jolla,133,63.92710999999999,1.622958552915153,62.17646,63.7412,65.58044,180,12
la_jolla,134,63.972840000000005,1.5746340939366548,62.21156,63.7853,65.69114,180,12
la_jolla,135,64.02415,1.539109253366662,62.24216,63.801500000000004,65.93414,180,12
la_jolla,136,64.0626,1.5326408428175944,62.276360000000004,63.8186,66.13466,180,12
la_jolla,137,64.09812,1.4945971565541962,62.2796,63.8591,66.19478000000001,180,12
la_jolla,138,64.14388,1.4663492965477336,62.28608,63.950900000000004,66.20197999999999,180,12
la_jolla,139,64.19344000000001,1.4371480551666462,62.315960000000004,64.0652,66.25436,180,12
la_jolla,140,64.23434,1.4144820517827865,62.646080000000005,64.1471,66.27686,180,12
la_jolla,141,64.27076000000001,1.4132265513858346,62.70026,64.1768,66.3098,180,12
la_jolla,142,64.334,1.4017759953022402,62.79548,64.2578,66.3098,180,12
la_jolla,143,64.39383,1.3777757726732467,62.850919999999995,64.29560000000001,66.27686,180,12
la_jolla,144,64.45898000000001,1.3590119151499562,62.91032,64.33070000000001,66.27686,180,12
la_jolla,145,64.52704999999999,1.35528642104635,62.94794,64.3829,66.3098,180,12
la_jolla,146,64.61935,1.3686389244132262,62.95424,64.517,66.36038,180,12
la_jolla,147,64.71184999999998,1.4036547690079129,62.95424,64.56379999999999,66.52436,180,12
la_jolla,148,64.79782,1.4131469039387694,62.996179999999995,64.6673,66.58466,180,12
la_jolla,149,64.89186000000001,1.4210989013974613,63.30452,64.8059,66.65071999999999,180,12
la_jolla,150,64.99562999999999,1.4082000310987752,63.38966,64.9688,66.77456,180,12
la_jolla,151,65.09945,1.3710670526859339,63.4739,65.02369999999999,66.80696,180,12
la_jolla,152,65.21455,1.357866276707318,63.48614,65.1596,67.01252,180,12
la_jolla,153,65.33161,1.3610491546831394,63.57488,65.2874,67.08974,180,12
la_jolla,154,65.46882,1.3804185693610733,63.66074,65.52770000000001,67.17992000000001,180,12
la_jolla,155,65.62313,1.4222543457915346,63.70430000000001,65.76259999999999,67.39466,180,12
la_jolla,156,65.78037,1.447604167242123,63.76442,65.9273,67.66322,180,12
la_jolla,157,65.92331,1.4847272083623297,63.76442,66.02359999999999,67.86914,180,12
la_jolla,158,66.06205000000001,1.51375075132957,63.81536,66.1172,68.02916,180,12
la_jolla,159,66.19532000000001,1.5357416739825431,64.01048,66.2423,68.18414,180,12
la_jolla,160,66.33503999999999,1.5661871198807777,64.18202000000001,66.4016,68.23976,180,12
la_jolla,161,66.46257,1.6212832462841165,64.36346,66.4997,68.31212,180,12
la_jolla,162,66.59342,1.6650691024766346,64.6412,66.5906,68.3924,180,12
la_jolla,163,66.74208,1.695162596917719,64.89949999999999,66.8003,68.64692000000001,180,12
la_jolla,164,66.87793000000002,1.7216846365401308,64.96232,66.9047,69.01303999999999,180,12
la_jolla,165,67.00518000000001,1.7404646321276251,64.98967999999999,67.118,69.13058,180,12
la_jolla,166,67.15339,1.7555875836022319,65.04943999999999,67.3502,69.20312,180,12
la_jolla,167,67.30089,1.7643834305375081,65.28992000000001,67.5626,69.3581,180,12
la_jolla,168,67.44285999999998,1.7706886963542312,65.5493,67.63730000000001,69.51325999999999,180,12
la_jolla,169,67.57753,1.7916760126458418,65.56028,67.7543,69.6794,180,12
la_jolla,170,67.71087000000001,1.8242876536721893,65.55578000000001,67.90549999999999,69.7991,180,12
la_jolla,171,67.8432,1.8466037520829162,65.55578000000001,67.9946,70.04444000000001,180,12
la_jolla,172,67.97732,1.8466956218665893,65.57882,68.1782,70.20230000000001,180,12
la_jolla,173,68.1253,1.829337478204066,65.67386,68.2961,70.30886000000001,180,12
la_jolla,174,68.27464,1.7934712947507616,65.7023,68.4788,70.45196,180,12
la_jolla,175,68.40632,1.7740644496615883,65.7023,68.55080000000001,70.56176,180,12
la_jolla,176,68.53335999999999,1.7431890955225149,65.8004,68.6408,70.76858,180,12
la_jolla,177,68.66841000000001,1.7199330644731954,65.8175,68.8892,70.93598,180,12
la_jolla,178,68.79102999999999,1.7106734448960812,65.9858,68.9279,71.13578,180,12
la_jolla,179,68.92863,1.680631819669292,66.91064,69.044,71.14946,180,12
la_jolla,180,69.09832,1.685099889033984,66.91784,69.1466,71.29778,180,12
la_jolla,181,69.25362000000001,1.7311923060398628,67.02314,69.3203,71.39714000000001,180,12
la_jolla,182,69.40614000000001,1.8053336810869722,67.09352,69.43639999999999,71.55518000000001,180,12
la_jolla,183,69.55626000000001,1.8499849121414036,67.16966000000001,69.6308,71.69432,180,12
la_jolla,184,69.72339,1.8555323606920513,67.4222,70.0565,71.906,180,12
la_jolla,185,69.88243999999999,1.8463206218958794,67.541,70.14920000000001,72.23072,180,12
la_jolla,186,70.02917,1.8232669556926295,67.64648,70.23830000000001,72.2984,180,12
la_jolla,187,70.18512,1.8088964998880566,67.86338,70.3391,72.49406,180,12
la_jolla,188,70.3414,1.805009524046741,68.13878,70.4174,72.58622000000001,180,12
la_jolla,189,70.50823999999999,1.7915314156161661,68.18737999999999,70.5803,72.76910000000001,180,12
la_jolla,190,70.6591,1.7616835166219358,68.3438,70.7333,72.82238,180,12
la_jolla,191,70.79247,1.7215431429567642,68.69984,70.8206,72.87656,180,12
la_jolla,192,70.89649,1.6916729726456854,68.87534000000001,70.94749999999999,72.88232,180,12
la_jolla,193,71.01707999999999,1.6730992150821125,68.9891,71.1104,73.06268,180,12
la_jolla,194,71.14514,1.6932446605927034,69.04364,71.1995,73.15196,180,12
la_jolla,195,71.24593,1.7223924310299539,69.22561999999999,71.31739999999999,73.35986,180,12
la_jolla,196,71.34224999999999,1.74623954225603,69.25532,71.375,73.44896,180,12
la_jolla,197,71.43988,1.7292628048717318,69.45296,71.4281,73.61888,180,12
la_jolla,198,71.53732,1.7265700209847061,69.4769,71.50640000000001,73.77278,180,12
la_jolla,199,71.60902,1.7794944192038518,69.48913999999999,71.5595,73.9274,180,12
la_jolla,200,71.6776,1.8164949187774058,69.48913999999999,71.7062,74.03216,180,12
la_jolla,201,71.76331,1.8545792233726126,69.48913999999999,71.8466,74.13548,180,12
la_jolla,202,71.83879,1.8920544380507358,69.4769,71.9204,74.28614,180,12
la_jolla,203,71.89532,1.9420272541626737,69.34136000000001,71.9924,74.37254,180,12
la_jolla,204,71.93704,2.013447611708577,69.27674,72.02029999999999,74.44292,180,12
la_jolla,205,71.98375999999999,2.0881468486214807,69.06830000000001,72.0626,74.54876,180,12
la_jolla,206,72.03792,2.161320538981542,69.06830000000001,72.086,74.65406,180,12
la_jolla,207,72.10548000000001,2.2424815240583404,69.06830000000001,72.12559999999999,74.72624,180,12
la_jolla,208,72.17051000000001,2.3167296504330257,69.02474,72.2102,74.9282,180,12
la_jolla,209,72.21073000000001,2.3663103821758664,69.02474,72.22460000000001,75.19063999999999,180,12
la_jolla,210,72.24676,2.409521631412719,69.06830000000001,72.2102,75.28352000000001,180,12
la_jolla,211,72.2707,2.4372073331132516,69.06830000000001,72.2102,75.37982,180,12
la_jolla,212,72.28162,2.4843303617252572,69.02474,72.17689999999999,75.61112,180,12
la_jolla,213,72.28294,2.5375401113509684,68.98298,72.14359999999999,75.66692,180,12
la_jolla,214,72.28196,2.5745094331991267,68.85194,72.12559999999999,75.66692,180,12
la_jolla,215,72.28511999999999,2.608530446158587,68.98298,72.0968,75.75583999999999,180,12
la_jolla,216,72.27931000000002,2.625674974781824,69.02474,71.9924,75.85592,180,12
la_jolla,217,72.26913,2.62959982396158,69.11366,71.924,76.05752,180,12
la_jolla,218,72.26836000000002,2.6090819757876313,69.13616,71.8871,75.85664,180,12
la_jolla,219,72.29225000000001,2.5587921918478367,69.39338,71.8871,75.75583999999999,180,12
la_jolla,220,72.29214999999999,2.4970625989719117,69.53558000000001,71.8871,75.67502,180,12
la_jolla,221,72.30175,2.4318054206631095,69.64196,71.8862,75.66458,180,12
la_jolla,222,72.30771,2.360044805300937,69.7928,71.86099999999999,75.52723999999999,180,12
la_jolla,223,72.30829,2.283359756684638,69.85508,71.82409999999999,75.2873,180,12
la_jolla,224,72.30364,2.223916936714999,69.8972,71.82409999999999,75.24986000000001,180,12
la_jolla,225,72.30011,2.1747685418512246,69.8972,71.8637,75.18704,180,12
la_jolla,226,72.29544999999999,2.135873941928703,69.8972,71.9276,75.16202000000001,180,12
la_jolla,227,72.27995,2.107546564705567,69.9044,71.9276,74.9057,180,12
la_jolla,228,72.25372,2.107994338516562,69.9044,71.9879,74.90156,180,12
la_jolla,229,72.24417,2.1279498679854325,69.8972,72.0158,74.90156,180,12
la_jolla,230,72.20139,2.23973026690778,69.7928,72.0932,74.90156,180,12
la_jolla,231,72.15769999999999,2.348418213447383,69.70406,72.4532,74.82596000000001,180,12
la_jolla,232,72.13882346368716,2.3418753810451234,69.64088,72.4964,74.74136,179,12
la_jolla,233,72.14572359550561,2.3345756356184224,69.63872,72.5702,74.6897,178,12
la_jolla,234,72.15180677966102,2.3394286018460995,69.63656,72.5954,74.6906,177,12
la_jolla,235,72.19383636363636,2.339640472999795,69.64699999999999,72.6521,74.7149,176,12
la_jolla,236,72.20792685714285,2.3397503735893137,69.63224,72.608,74.75648000000001,175,12
la_jolla,237,72.22244827586206,2.3430885327571502,69.6173,72.6017,74.80184000000001,174,12
la_jolla,238,72.24064393063583,2.36164483406056,69.59876,72.608,74.82632,173,12
la_jolla,239,72.26166744186047,2.375923242426938,69.56888000000001,72.6548,74.81048000000001,172,12
la_jolla,240,72.26944210526315,2.392626676930168,69.566,72.7376,74.9012,171,12
la_jolla,241,72.29500117647059,2.3978330083341084,69.56564,72.75290000000001,74.96978,170,12
la_jolla,242,72.3427928994083,2.3853095288705646,69.58904,72.7574,75.08408,169,12
la_jolla,243,72.42866428571428,2.3351761730533087,69.62089999999999,72.80780000000001,75.10442,168,12
la_jolla,244,72.50402035928143,2.2787793233754003,69.64735999999999,72.8978,75.11036000000001,167,12
la_jolla,245,72.60898674698797,2.129182840449763,69.77210000000001,72.9752,75.14240000000001,166,12
la_jolla,246,72.70252727272728,1.9929495787548115,69.87164,72.8978,75.32527999999999,165,12
la_jolla,247,72.74210545454547,1.9917328236394434,69.96812,72.86,75.41564000000001,165,12
la_jolla,248,72.73654181818182,2.0046302710034847,69.98144,72.76820000000001,75.51032000000001,165,12
la_jolla,249,72.69551272727273,2.0285441519078327,69.92132,72.7376,75.51032000000001,165,12
la_jolla,250,72.60769454545455,2.0939077007593565,69.78812,72.7268,75.48332,165,12
la_jolla,251,72.52600727272727,2.1622045007060766,69.73736000000001,72.6998,75.48332,165,12
la_jolla,252,72.42760727272727,2.223170022780689,69.68083999999999,72.59179999999999,75.48332,165,12
la_jolla,253,72.3014109090909,2.260318456438033,69.59408,72.3344,75.48332,165,12
la_jolla,254,72.19034545454547,2.2861176211512735,69.593,72.27680000000001,75.43148000000001,165,12
la_jolla,255,72.08846545454546,2.2983521048004802,69.53828,72.1148,75.38144,165,12
la_jolla,256,71.96763636363636,2.302713386343431,69.43352,71.9402,75.38144,165,12
la_jolla,257,71.82987636363636,2.3147908594854583,69.35072,71.7494,75.33608,165,12
la_jolla,258,71.65961818181817,2.308410732445031,69.22688,71.5676,75.33608,165,12
la_jolla,259,71.4768909090909,2.2684909633836843,69.12212000000001,71.31739999999999,75.19856,165,12
la_jolla,260,71.28999636363636,2.2234069965765872,69.01339999999999,71.2436,74.8832,165,12
la_jolla,261,71.11480727272726,2.161788561995843,68.73872,70.9862,74.53472,165,12
la_jolla,262,70.9540509090909,2.132753871847445,68.65052,70.7972,74.14591999999999,165,12
la_jolla,263,70.80709454545455,2.1368532897085757,68.60156,70.6676,73.4756,165,12
la_jolla,264,70.69022545454546,2.0972854710098705,68.50471999999999,70.5308,73.26968000000001,165,12
la_jolla,265,70.61479999999999,2.0484639462349326,68.50471999999999,70.3148,73.10012,165,12
la_jolla,266,70.54178545454545,2.005329413674501,68.50471999999999,70.2176,72.8258,165,12
la_jolla,267,70.46242181818181,1.9702690190240377,68.37152,70.0916,72.35852,165,12
la_jolla,268,70.37530181818182,1.9400342332431177,68.30168,70.0124,72.35852,165,12
la_jolla,269,70.28156000000001,1.8972428349401427,68.25164,69.85940000000001,72.32252,165,12
la_jolla,270,70.18920363636364,1.8392061498630368,68.30168,69.7856,72.13748,165,12
la_jolla,271,70.09714181818183,1.791468503364058,68.30168,69.7226,71.89772,165,12
la_jolla,272,70.0004109090909,1.7354354529465175,68.2466,69.6488,71.68928,165,12
la_jolla,273,69.91331272727273,1.6965399461617159,68.2466,69.5768,71.68928,165,12
la_jolla,274,69.83841090909091,1.6761991357124593,68.22176,69.48140000000001,71.6972,165,12
la_jolla,275,69.75605818181818,1.6660432932942717,68.11484,69.4274,71.6972,165,12
la_jolla,276,69.65789818181817,1.6542754452007795,68.0234,69.3896,71.68928,165,12
la_jolla,277,69.57041818181818,1.6634904179594836,67.97840000000001,69.3158,71.68928,165,12
la_jolla,278,69.48234909090908,1.6763537885010225,67.95500000000001,69.18440000000001,71.68928,165,12
la_jolla,279,69.36322181818181,1.7213273070679063,67.76636,69.0386,71.68928,165,12
la_jolla,280,69.24267636363636,1.7656685714292588,67.4672,68.90899999999999,71.68928,165,12
la_jolla,281,69.13357454545455,1.805853301332498,67.37252,68.8298,71.67164,165,12
la_jolla,282,69.05209454545455,1.8600832164132504,67.07444,68.7416,71.67164,165,12
la_jolla,283,68.97902545454545,1.9368601631989697,66.794,68.66239999999999,71.67164,165,12
la_jolla,284,68.87948,2.0092293187966863,65.87996,68.5814,71.58308,165,12
la_jolla,285,68.76952727272729,2.0722564969888837,65.84756,68.5112,71.62772,165,12
la_jolla,286,68.65415272727273,2.1178155609473377,65.82343999999999,68.4284,71.53016,165,12
la_jolla,287,68.55767272727273,2.1625319636257125,65.78348,68.3798,71.53016,165,12
la_jolla,288,68.47213454545455,2.1937531438558397,65.7752,68.3618,71.53016,165,12
la_jolla,289,68.37509818181819,2.2084313662248913,65.76512000000001,68.1584,71.46032,165,12
la_jolla,290,68.28436727272728,2.2112357354436187,65.75972,68.0846,71.402,165,12
la_jolla,291,68.21413454545456,2.227162833825247,65.59484,67.982,71.402,165,12
la_jolla,292,68.13516363636363,2.221921238562911,65.52284,67.8524,71.402,165,12
la_jolla,293,68.04879636363637,2.189730030633883,65.52284,67.7714,71.402,165,12
la_jolla,294,67.96798181818183,2.163684030155589,65.53652,67.6796,71.31092,165,12
la_jolla,295,67.87720727272728,2.13186704464522,65.51636,67.4276,71.20724,165,12
la_jolla,296,67.76977454545455,2.0902388953399598,65.45660000000001,67.307,71.07008,165,12
la_jolla,297,67.63538545454544,2.040863602660694,65.31872,67.1954,70.87747999999999,165,12
la_jolla,298,67.5013018181818,2.0091036675917993,65.21288,67.1126,70.6046,165,12
la_jolla,299,67.3796218181818,1.988445218833436,65.06312,67.0352,70.43612,165,12
la_jolla,300,67.26197818181818,1.9562206129039565,64.94684000000001,66.9542,70.20284,165,12
la_jolla,301,67.14402909090907,1.9312770497914058,64.8662,66.9218,69.94148,165,12
la_jolla,302,67.02313454545455,1.8844597567244488,64.83164000000001,66.74719999999999,69.5048,165,12
la_jolla,303,66.89387272727272,1.8444168149747007,64.64408,66.7076,69.38888,165,12
la_jolla,304,66.74651272727272,1.8447928810032967,64.58972000000001,66.56899999999999,69.23912,165,12
la_jolla,305,66.57533818181817,1.8547695245183538,64.41368,66.4556,68.64908,165,12
la_jolla,306,66.38764727272728,1.8509866046728947,64.27651999999999,66.3836,68.47268,165,12
la_jolla,307,66.20308727272727,1.849839078471278,64.00472,66.31700000000001,68.05004,165,12
la_jolla,308,66.02213818181818,1.8438214383174722,63.717079999999996,66.10820000000001,67.88588,165,12
la_jolla,309,65.83191636363638,1.8484703894093841,63.25304,65.93719999999999,67.81568,165,12
la_jolla,310,65.64664727272726,1.8499671075376378,62.94056,65.7428,67.65584,165,12
la_jolla,311,65.48649090909092,1.872341644800936,62.74256,65.66720000000001,67.50104,165,12
la_jolla,312,65.34769454545453,1.8918141985243577,62.51216,65.5754,67.47296,165,12
la_jolla,313,65.20788363636365,1.8631401002625132,62.40596,65.35940000000001,67.39592,165,12
la_jolla,314,65.05178545454547,1.8404578266003424,62.337920000000004,65.2478,67.31492,165,12
la_jolla,315,64.89302545454545,1.8396861406711154,62.18348,65.201,67.24796,165,12
la_jolla,316,64.75329090909091,1.8685609619475656,62.159,65.1578,67.1522,165,12
la_jolla,317,64.60632363636363,1.88947515031165,62.10464,64.8986,67.05499999999999,165,12
la_jolla,318,64.46355636363636,1.8866969215255567,62.0726,64.4108,67.03448,165,12
la_jolla,319,64.33839636363636,1.8756475605641136,62.065760000000004,64.2002,66.99019999999999,165,12
la_jolla,320,64.23940727272726,1.8669944883311733,62.031200000000005,64.10300000000001,66.9254,165,12
la_jolla,321,64.1399709090909,1.8696711469360445,62.015,64.0022,66.76736,165,12
la_jolla,322,64.0356909090909,1.8748264570685385,61.98836,63.9158,66.50095999999999,165,12
la_jolla,323,63.92327272727273,1.8759908953821018,61.832840000000004,63.8024,66.22628,165,12
la_jolla,324,63.814727272727275,1.87630524105363,61.47176,63.674600000000005,66.05743999999999,165,12
la_jolla,325,63.71085090909091,1.8753708348281863,61.270160000000004,63.5558,66.02431999999999,165,12
la_jolla,326,63.583749090909095,1.852877735249335,61.223,63.473,65.85944,165,12
la_jolla,327,63.448858181818174,1.8107531729033641,60.77552,63.406400000000005,65.70931999999999,165,12
la_jolla,328,63.317883636363625,1.8027941527275506,60.4454,63.3056,65.64704,165,12
la_jolla,329,63.22246181818181,1.797945450977809,60.38492,63.2804,65.51635999999999,165,12
la_jolla,330,63.11836727272728,1.7954015301007875,60.360800000000005,63.239,65.31944,165,12
la_jolla,331,62.99642545454547,1.7806140607247136,60.28844,63.2246,64.99616,165,12
la_jolla,332,62.86938909090909,1.7729174692599472,60.21104,63.1184,64.89716,165,12
la_jolla,333,62.740759999999995,1.7428542176556248,60.21104,63.014,64.8302,165,12
la_jolla,334,62.624872727272724,1.7019147746125085,60.18872,62.852,64.74776,165,12
la_jolla,335,62.50439272727273,1.656629455733937,60.131840000000004,62.6,64.5818,165,12
la_jolla,336,62.39860727272727,1.6133158986160374,60.08324,62.4236,64.45472,165,12
la_jolla,337,62.30414545454545,1.5767913308846522,60.027800000000006,62.351600000000005,64.31072,165,12
la_jolla,338,62.219349090909084,1.5533596398011609,59.9936,62.2328,64.07816,165,12
la_jolla,339,62.14350909090909,1.5436411494484428,59.97164,62.1212,64.07816,165,12
la_jolla,340,62.071410909090915,1.544279308310316,59.9324,61.961,64.07816,165,12
la_jolla,341,62.006610909090895,1.560629426218097,59.91332,61.8818,63.982040000000005,165,12
la_jolla,342,61.932843636363636,1.5824717441430307,59.89532,61.8584,63.982040000000005,165,12
la_jolla,343,61.853174545454564,1.6114724855817857,59.84924,61.754000000000005,63.982040000000005,165,12
la_jolla,344,61.75145818181819,1.633940301327301,59.73404,61.6874,63.7556,165,12
la_jolla,345,61.657094545454555,1.6495200786989654,59.64296,61.595600000000005,63.491,165,12
la_jolla,346,61.58708000000001,1.6705700557360506,59.37224,61.5812,63.41252,165,12
la_jolla,347,61.53874181818182,1.691170332252726,59.29268,61.547,63.4136,165,12
la_jolla,348,61.478458181818176,1.7099441157632196,59.0576,61.5164,63.4136,165,12
la_jolla,349,61.40625090909091,1.712704803157367,58.901,61.46059999999999,63.42656,165,12
la_jolla,350,61.329210909090904,1.7201284911243773,58.78184,61.3706,63.42656,165,12
la_jolla,351,61.24864727272727,1.7187395239437233,58.78184,61.268,63.38444,165,12
la_jolla,352,61.163665454545445,1.7057607928777254,58.7192,61.1438,63.34016,165,12
la_jolla,353,61.07519272727273,1.7001808527747593,58.67528,60.9386,63.32,165,12
la_jolla,354,60.98778909090909,1.6892888859292743,58.67528,60.8612,63.2966,165,12
la_jolla,355,60.89474545454545,1.660323209992801,58.702639999999995,60.7136,63.22604,165,12
la_jolla,356,60.803872727272726,1.6257201403311987,58.702639999999995,60.6542,63.151520000000005,165,12
la_jolla,357,60.730912727272724,1.596519351022933,58.702639999999995,60.6146,63.03704,165,12
la_jolla,358,60.66371272727272,1.576663473116245,58.702639999999995,60.4688,62.958200000000005,165,12
la_jolla,359,60.61407261146497,1.572520288753036,58.70876,60.3986,62.9546,157,12
la_jolla,360,60.57077341772151,1.544144554980983,58.70426,60.3536,62.91032,158,12
la_jolla,361,60.50722264150942,1.5080408108135053,58.654399999999995,60.3068,62.81636,159,12
la_jolla,362,60.42438500000001,1.4597317395575455,58.610839999999996,60.2843,62.66048,160,12
la_jolla,363,60.34570683229814,1.4273122254838033,58.6112,60.1826,62.474,161,12
la_jolla,364,60.28035555555556,1.4066277122941198,58.52516000000001,60.152,62.23873999999999,162,12
la_jolla,365,60.24022208588958,1.3802887232420622,58.496,60.1088,62.127320000000005,163,12
la_jolla,366,60.19368536585366,1.361378885620743,58.394299999999994,60.0656,62.105,164,12
mission_bay,1,59.961614545454545,1.3974554355761353,58.19972,59.802800000000005,61.94444,165,12
mission_bay,2,59.92123132530121,1.3812481069935927,58.1684,59.8343,61.8116,166,12
mission_bay,3,59.87348502994013,1.374172936874103,58.16012,59.8262,61.7612,167,12
mission_bay,4,59.82698214285715,1.3714353237917871,58.06634,59.8145,61.74248,168,12
mission_bay,5,59.79426863905326,1.383637563685516,58.008199999999995,59.802800000000005,61.67516,169,12
mission_bay,6,59.749774117647064,1.4109359732979592,57.97418,59.7893,61.66814,170,12
mission_bay,7,59.70917894736842,1.4312135865683049,57.8714,59.783,61.6262,171,12
mission_bay,8,59.70651,1.455132008490666,57.848000000000006,59.7893,61.63034,180,12
mission_bay,9,59.67784,1.47248081296033,57.77222,59.7767,61.63034,180,12
mission_bay,10,59.657900000000005,1.4902096368590934,57.67106,59.7425,61.66814,180,12
mission_bay,11,59.65542000000001,1.5188350218204678,57.64118,59.6903,61.67624,180,12
mission_bay,12,59.668549999999996,1.5437426878934788,57.54362,59.6903,61.708999999999996,180,12
mission_bay,13,59.689640000000004,1.5586111031636563,57.64118,59.6903,61.747699999999995,180,12
mission_bay,14,59.68489,1.572765391913238,57.64118,59.6714,61.80800000000001,180,12
mission_bay,15,59.67861,1.5912668461843111,57.54362,59.612899999999996,61.80800000000001,180,12
mission_bay,16,59.65921,1.6022275382631257,57.520759999999996,59.558,61.80944000000001,180,12
mission_bay,17,59.634220000000006,1.6132108164678032,57.44804,59.512100000000004,61.82348,180,12
mission_bay,18,59.60969000000001,1.629875877959139,57.336079999999995,59.5085,61.844719999999995,180,12
mission_bay,19,59.584999999999994,1.645601360526104,57.31448,59.5049,61.9529,180,12
mission_bay,20,59.56232,1.6598952104772648,57.20684,59.5049,61.96424,180,12
mission_bay,21,59.55753,1.67144937452767,57.20306,59.5049,61.99574,180,12
mission_bay,22,59.56257000000001,1.6866369161488792,57.20684,59.512100000000004,62.017160000000004,180,12
mission_bay,23,59.579809999999995,1.6964597003052495,57.20684,59.5796,62.02382,180,12
mission_bay,24,59.59121,1.7029653214123186,57.20306,59.629999999999995,62.02382,180,12
mission_bay,25,59.58371,1.6940039131526636,57.19334,59.6354,62.02058,180,12
mission_bay,26,59.56962,1.6822912383257205,57.14636,59.618300000000005,61.99574,180,12
mission_bay,27,59.54239,1.6755173029620258,57.11702,59.601200000000006,61.96424,180,12
mission_bay,28,59.49584,1.688879798177697,57.11162,59.5526,61.94966,180,12
mission_bay,29,59.460359999999994,1.7054969248361895,57.06878,59.512100000000004,61.96424,180,12
mission_bay,30,59.431760000000004,1.7193978177250795,57.0533,59.383399999999995,61.96424,180,12
mission_bay,31,59.427170000000004,1.7359368787889913,57.04178,59.327600000000004,62.06144,180,12
mission_bay,32,59.44329,1.7522236053163802,57.04178,59.3078,62.166560000000004,180,12
mission_bay,33,59.46133000000001,1.7567463785147193,57.04178,59.3078,62.166560000000004,180,12
mission_bay,34,59.46356,1.762784949907422,57.06878,59.2988,62.166560000000004,180,12
mission_bay,35,59.45458,1.7670066588259357,57.07364,59.2799,62.17358,180,12
mission_bay,36,59.43287,1.7670158898755344,57.077239999999996,59.25020000000001,62.17358,180,12
mission_bay,37,59.42238,1.7665513221177525,57.077239999999996,59.1665,62.20976,180,12
mission_bay,38,59.41581000000001,1.7732012283787826,57.09542,59.143100000000004,62.23622,180,12
mission_bay,39,59.40821999999999,1.7838915708587797,57.09542,59.1161,62.3039,180,12
mission_bay,40,59.41996000000001,1.8116131259647015,57.1055,59.1098,62.34746,180,12
mission_bay,41,59.43267,1.8358054385628624,57.17282,59.0873,62.34746,180,12
mission_bay,42,59.44529,1.874748506011752,57.17282,59.082800000000006,62.35466,180,12
mission_bay,43,59.46730000000001,1.8911992975993361,57.34778,59.082800000000006,62.35466,180,12
mission_bay,44,59.485597765363124,1.8873009864560883,57.3962,59.081,62.35772,179,12
mission_bay,45,59.504161797752815,1.8803645259956214,57.4439,59.091800000000006,62.360780000000005,178,12
mission_bay,46,59.49549550561798,1.88784949572543,57.3944,59.1062,62.360780000000005,178,12
mission_bay,47,59.47178202247191,1.9055329950318909,57.2639,59.120599999999996,62.3012,178,12
mission_bay,48,59.443710112359554,1.9337661442312841,57.09668,59.1233,62.3012,178,12
mission_bay,49,59.43403258426966,1.9556812885051345,57.03008,59.1449,62.3012,178,12
mission_bay,50,59.43748089887641,1.9774165286190173,56.98814,59.260099999999994,62.36294,178,12
mission_bay,51,59.45210337078651,2.0068642438413495,56.98814,59.260099999999994,62.408840000000005,178,12
mission_bay,52,59.4706191011236,2.052501331000148,56.98004,59.3348,62.4596,178,12
mission_bay,53,59.470315730337084,2.0739785070664927,56.98004,59.3348,62.510360000000006,178,12
mission_bay,54,59.46318651685392,2.07982893490336,56.98004,59.2763,62.510360000000006,178,12
mission_bay,55,59.45517752808989,2.0753153096082584,56.98004,59.2763,62.510360000000006,178,12
mission_bay,56,59.43403258426967,2.0578900213993956,56.94332,59.2763,62.41424,178,12
mission_bay,57,59.42012808988765,2.024298228122932,56.94332,59.2655,62.41424,178,12
mission_bay,58,59.39652584269664,2.003122306164223,56.94332,59.2655,62.39102,178,12
mission_bay,59,59.36094525139664,2.007195901021033,56.7536,59.2358,62.277080000000005,179,12
mission_bay,60,59.32326,2.0158094214588984,56.759,59.1926,62.22146,180,12
mission_bay,61,59.31679999999999,2.0156731219434216,56.994440000000004,59.1926,62.22146,180,12
mission_bay,62,59.31985,2.0167483506042108,57.037639999999996,59.1926,62.22146,180,12
mission_bay,63,59.340869999999995,2.0189512658416437,57.037639999999996,59.1926,62.22146,180,12
mission_bay,64,59.37454999999999,2.0173901381065606,57.08012,59.2115,62.22146,180,12
mission_bay,65,59.40442000000001,2.01148357112759,57.02648,59.240300000000005,62.21516,180,12
mission_bay,66,59.44667999999999,1.9974696033625998,57.03422,59.2979,62.22146,180,12
mission_bay,67,59.489319999999985,1.9836174728772458,57.08012,59.3348,62.26358,180,12
mission_bay,68,59.53821,2.0059635001469465,57.16904,59.3537,62.26358,180,12
mission_bay,69,59.60593999999999,2.0528308159315003,57.18164,59.5274,62.42882,180,12
mission_bay,70,59.68135,2.1069859439466665,57.19172,59.6138,62.48929999999999,180,12
mission_bay,71,59.75815,2.1711897682038463,57.22448,59.7047,62.71952,180,12
mission_bay,72,59.82394,2.2305678051480813,57.239959999999996,59.8379,62.7422,180,12
mission_bay,73,59.907599999999995,2.2860697609555376,57.2414,59.9261,62.982139999999994,180,12
mission_bay,74,60.02026,2.3457863919383954,57.268040000000006,59.9945,63.023360000000004,180,12
mission_bay,75,60.14046999999999,2.393837253488621,57.2945,60.0548,63.05558,180,12
mission_bay,76,60.260239999999996,2.442888593713617,57.30206,60.1934,63.26636,180,12
mission_bay,77,60.370650000000005,2.467413342792396,57.3116,60.253699999999995,63.7151,180,12
mission_bay,78,60.46169000000001,2.474211609912479,57.47072,60.3293,64.15412,180,12
mission_bay,79,60.52143,2.4855381613439795,57.52184,60.35,64.1732,180,12
mission_bay,80,60.57029999999999,2.507068761783939,57.56342,60.35,64.34978,180,12
mission_bay,81,60.61248,2.530123392632094,57.614360000000005,60.35,64.48190000000001,180,12
mission_bay,82,60.64967000000001,2.5665569233669228,57.64352,60.3293,64.5485,180,12
mission_bay,83,60.67957,2.590113424446352,57.669439999999994,60.2843,64.81526,180,12
mission_bay,84,60.69370000000001,2.597039163931575,57.71408,60.254599999999996,65.49458,180,12
mission_bay,85,60.706100000000006,2.5815080634752454,57.72002,60.2294,65.43626,180,12
mission_bay,86,60.74477999999999,2.550501079838428,57.75908,60.2411,65.26472,180,12
mission_bay,87,60.80844999999999,2.524252751413131,57.827479999999994,60.2843,65.00966000000001,180,12
mission_bay,88,60.873329999999996,2.511651289577388,57.87248,60.385999999999996,65.00966000000001,180,12
mission_bay,89,60.92934000000001,2.4878847867933,57.93026,60.461600000000004,65.00966000000001,180,12
mission_bay,90,60.966739999999994,2.4587898035074907,57.98966,60.575,64.92164,180,12
mission_bay,91,61.003080000000004,2.4411468371426617,58.16732,60.5912,64.92164,180,12
mission_bay,92,61.040040000000005,2.4372096891285584,58.23842,60.5912,64.92164,180,12
mission_bay,93,61.10581,2.4436640671278993,58.32428,60.6038,64.92164,180,12
mission_bay,94,61.187960000000004,2.444044889584002,58.416079999999994,60.7622,64.99688,180,12
mission_bay,95,61.26054,2.4136719520775416,58.43192,60.9737,64.92164,180,12
mission_bay,96,61.32483000000001,2.3755990649323095,58.454060000000005,61.2554,64.89536000000001,180,12
mission_bay,97,61.35945,2.313600766598832,58.454060000000005,61.414699999999996,64.84009999999999,180,12
mission_bay,98,61.39704,2.2578174554869745,58.454060000000005,61.5416,64.83398,180,12
mission_bay,99,61.44585,2.215342362622826,58.454060000000005,61.6946,64.82894,180,12
mission_bay,100,61.49459,2.1855105772453713,58.45964,61.745000000000005,64.76216,180,12
mission_bay,101,61.52709999999999,2.178747203192466,58.452980000000004,61.7765,64.71283999999999,180,12
mission_bay,102,61.551219999999994,2.1746461327082143,58.445240000000005,61.8026,64.50314,180,12
mission_bay,103,61.5665,2.1472400273829493,58.64234,61.7657,64.43294,180,12
mission_bay,104,61.58016,2.118247036663853,58.835660000000004,61.7657,64.4126,180,12
mission_bay,105,61.60870999999998,2.0895254488137307,58.93952,61.7981,64.34438,180,12
mission_bay,106,61.65687,2.054740452010543,58.96814,61.7981,64.34438,180,12
mission_bay,107,61.72439000000001,1.997357021182502,59.21654,61.8386,64.30298,180,12
mission_bay,108,61.782430000000005,1.9523253266855591,59.42768,61.862,64.17122,180,12
mission_bay,109,61.841449999999995,1.9304302358766012,59.585179999999994,61.862899999999996,64.30298,180,12
mission_bay,110,61.91821,1.9337064799275934,59.591660000000005,61.903400000000005,64.37624,180,12
mission_bay,111,61.99132000000001,1.9490829435185875,59.61974,61.9889,64.3919,180,12
mission_bay,112,62.08113999999999,1.966468472165863,59.64062,62.0105,64.4216,180,12
mission_bay,113,62.193509999999996,1.973762108375297,59.7551,62.0582,64.4999,180,12
mission_bay,114,62.298539999999996,1.9851718742301976,59.79056,62.090599999999995,64.52762,180,12
mission_bay,115,62.40953999999999,2.0176951443659084,59.7938,62.2589,64.73318,180,12
mission_bay,116,62.52111000000001,2.041968223180872,59.93636,62.3345,64.9139,180,12
mission_bay,117,62.61898000000001,2.058352138122621,59.96804,62.4011,65.19326,180,12
mission_bay,118,62.73887000000001,2.0843230206209644,60.027080000000005,62.460499999999996,65.40926,180,12
mission_bay,119,62.858219999999996,2.090031902790377,60.16658,62.6504,65.44094,180,12
mission_bay,120,62.96795999999999,2.092328940181679,60.33848,62.775499999999994,65.49818,180,12
mission_bay,121,63.064960000000006,2.0925170487441473,60.47726,62.8502,65.5322,180,12
mission_bay,122,63.15159000000001,2.1268946807296785,60.59786,62.9024,65.58098,180,12
mission_bay,123,63.23157,2.149035394419849,60.61586,63.0176,65.58098,180,12
mission_bay,124,63.29505,2.139025300178675,60.70406,63.116600000000005,65.58098,180,12
mission_bay,125,63.36781,2.107443571975642,60.79352,63.1832,65.58098,180,12
mission_bay,126,63.45449,2.0609576224327584,61.1096,63.3155,65.58098,180,12
mission_bay,127,63.53063,2.0012986040465477,61.21094,63.370400000000004,65.58098,180,12
mission_bay,128,63.57761000000001,1.959660046367637,61.41254,63.4289,65.58098,180,12
mission_bay,129,63.61923999999999,1.9107050894760607,61.42262,63.4451,65.58098,180,12
mission_bay,130,63.658390000000004,1.8475123050247533,61.60208,63.491,65.58098,180,12
mission_bay,131,63.69022999999999,1.772154482650959,61.73204,63.49550000000001,65.58098,180,12
mission_bay,132,63.74167,1.6890891832036705,61.91312,63.5099,65.5421,180,12
mission_bay,133,63.780969999999996,1.603506515636014,62.016980000000004,63.5414,65.507,180,12
mission_bay,134,63.83140000000001,1.5690412220996757,62.084300000000006,63.5441,65.5529,180,12
mission_bay,135,63.89533,1.5462229390341904,62.130919999999996,63.5837,66.18416,180,12
mission_bay,136,63.948589999999996,1.5511672373125118,62.1968,63.6674,66.36254,180,12
mission_bay,137,63.993080000000006,1.5159520529556119,62.24882,63.724999999999994,66.36254,180,12
mission_bay,138,64.03844000000001,1.4868243773618042,62.31542,63.788,66.36794,180,12
mission_bay,139,64.09526,1.4608061623561326,62.34548,63.88159999999999,66.36794,180,12
mission_bay,140,64.13956,1.4407372241340837,62.657239999999994,63.9473,66.36794,180,12
mission_bay,141,64.16861,1.4337274453706101,62.663,64.0571,66.36794,180,12
mission_bay,142,64.22630000000001,1.4325501670118168,62.70602,64.1894,66.36794,180,12
mission_bay,143,64.29061,1.4219365426403836,62.720600000000005,64.2389,66.36254,180,12
mission_bay,144,64.36513000000001,1.413851181231741,62.787380000000006,64.274,66.36254,180,12
mission_bay,145,64.44243,1.4060996808955344,62.88242,64.3775,66.36254,180,12
mission_bay,146,64.54349,1.4170339428562397,62.9654,64.43870000000001,66.36794,180,12
mission_bay,147,64.64491999999998,1.4525318141459562,62.9654,64.54310000000001,66.46982,180,12
mission_bay,148,64.73697,1.4671254547926558,63.080059999999996,64.6529,66.55838,180,12
mission_bay,149,64.82386,1.4698120460390716,63.143420000000006,64.76089999999999,66.6059,180,12
mission_bay,150,64.91469,1.4566212122925293,63.20714000000001,65.0075,66.7139,180,12
mission_bay,151,65.00194,1.4292352050882622,63.22388,65.15690000000001,66.74324,180,12
mission_bay,152,65.11131,1.4254139140935942,63.22388,65.22710000000001,66.84854,180,12
mission_bay,153,65.22340000000001,1.415654608477221,63.300920000000005,65.3621,67.06219999999999,180,12
mission_bay,154,65.35501,1.4223720840897316,63.41828,65.43860000000001,67.1576,180,12
mission_bay,155,65.51453,1.4614248474667788,63.55364,65.6555,67.33742,180,12
mission_bay,156,65.68525000000001,1.493028316812669,63.6413,65.77699999999999,67.57034,180,12
mission_bay,157,65.83862,1.521276893113004,63.6584,65.88319999999999,67.77554,180,12
mission_bay,158,65.98297000000001,1.5438374491785187,63.69098,65.9984,67.87454,180,12
mission_bay,159,66.12123,1.5556708128578023,63.83966,66.0866,68.01602,180,12
mission_bay,160,66.2703,1.5814913800749588,63.991220000000006,66.28729999999999,68.30726000000001,180,12
mission_bay,161,66.41101,1.631512965211626,64.25042,66.4628,68.36666000000001,180,12
mission_bay,162,66.55350999999999,1.6800798027434867,64.47614,66.5861,68.55674,180,12
mission_bay,163,66.70236,1.720977812276024,64.50206,66.77420000000001,68.69534,180,12
mission_bay,164,66.83752,1.76124035008597,64.52365999999999,66.8723,69.0503,180,12
mission_bay,165,66.96611,1.7879372222584968,64.68548,67.0829,69.15182,180,12
mission_bay,166,67.11234,1.7991004099535333,64.79114,67.3322,69.27529999999999,180,12
mission_bay,167,67.25144999999999,1.7995911098429267,64.95728000000001,67.4384,69.44864,180,12
mission_bay,168,67.39753,1.8021030689309308,65.19632,67.52029999999999,69.62072,180,12
mission_bay,169,67.52975999999998,1.8168362696098495,65.41015999999999,67.6634,69.68552,180,12
mission_bay,170,67.64753,1.8423723408819748,65.20675999999999,67.85419999999999,69.76886,180,12
mission_bay,171,67.75999999999999,1.8622002801395872,65.20675999999999,67.9271,69.91933999999999,180,12
mission_bay,172,67.87686000000001,1.8624422413930428,65.21611999999999,68.0153,70.06370000000001,180,12
mission_bay,173,68.0124,1.8518142737815275,65.31134,68.1683,70.13911999999999,180,12
mission_bay,174,68.14847999999999,1.8257280696758307,65.42042,68.3312,70.2014,180,12
mission_bay,175,68.26512000000001,1.810949167418033,65.4395,68.5985,70.27987999999999,180,12
mission_bay,176,68.37643,1.785521477678551,65.69257999999999,68.7641,70.4624,180,12
mission_bay,177,68.49016999999999,1.7606928344884563,65.8409,68.79830000000001,70.50416,180,12
mission_bay,178,68.59638000000001,1.7352088735024278,65.90156,68.81450000000001,70.55834000000002,180,12
mission_bay,179,68.71352,1.6769159926190926,66.76142,68.9531,70.55834000000002,180,12
mission_bay,180,68.88152000000001,1.6723182859223205,66.90722,69.1439,70.6406,180,12
mission_bay,181,69.03929000000001,1.7169833032346566,66.90722,69.27799999999999,70.95506,180,12
mission_bay,182,69.19158999999999,1.7922075701904747,66.91532000000001,69.3932,71.34026,180,12
mission_bay,183,69.3329,1.8384414641166142,66.95743999999999,69.5687,71.47274,180,12
mission_bay,184,69.50274,1.8439670236511416,67.03412,69.7415,71.735,180,12
mission_bay,185,69.66875,1.8310659057579142,67.35379999999999,69.9683,72.17096,180,12
mission_bay,186,69.821,1.799185381028665,67.53056,70.07990000000001,72.23252,180,12
mission_bay,187,69.97729,1.77467349654543,67.73917999999999,70.1447,72.2741,180,12
mission_bay,188,70.1254,1.7701286706379642,68.10260000000001,70.205,72.3335,180,12
mission_bay,189,70.28630000000001,1.7635094877249997,68.21024,70.2959,72.38462000000001,180,12
mission_bay,190,70.43506,1.7388426254071878,68.2475,70.3922,72.46724,180,12
mission_bay,191,70.56253000000001,1.7094609421143634,68.3069,70.4246,72.62006000000001,180,12
mission_bay,192,70.66872,1.6864448583869822,68.71856,70.52539999999999,72.71438,180,12
mission_bay,193,70.78867,1.665473383135546,69.0035,70.6631,72.76784,180,12
mission_bay,194,70.91174,1.668616221649196,69.12536,70.92949999999999,72.81968,180,12
mission_bay,195,70.9967,1.686720923623687,69.1385,71.0762,72.86054,180,12
mission_bay,196,71.08225,1.70297695452805,69.18152,71.1779,73.11758,180,12
mission_bay,197,71.17103999999999,1.673815743568866,69.26558,71.303,73.17157999999999,180,12
mission_bay,198,71.25883,1.6680516739011624,69.31454000000001,71.4128,73.3991,180,12
mission_bay,199,71.3151,1.721600538994433,69.36314,71.4668,73.61168,180,12
mission_bay,200,71.36478000000001,1.7639292551085866,69.36314,71.5523,73.69574,180,12
mission_bay,201,71.43771999999998,1.8132580486809222,69.31454000000001,71.70439999999999,73.84909999999999,180,12
mission_bay,202,71.50386,1.8677127304024201,69.27044,71.7305,74.0777,180,12
mission_bay,203,71.55499,1.9198984398506038,69.23336,71.7575,74.15078,180,12
mission_bay,204,71.58485999999999,1.972152059012165,68.9261,71.7575,74.18894,180,12
mission_bay,205,71.63091999999999,2.0393619831077685,68.83664,71.7638,74.33384000000001,180,12
mission_bay,206,71.68778,2.1015585576998186,68.83664,71.7773,74.46866,180,12
mission_bay,207,71.75154,2.1780193702449053,68.83664,71.80250000000001,74.56496,180,12
mission_bay,208,71.82400999999999,2.2471387612725233,68.81882,71.9474,74.72354,180,12
mission_bay,209,71.87912,2.28969066385267,68.81882,71.9996,74.90804,180,12
mission_bay,210,71.92115,2.3370479934616273,68.83664,72.0275,74.96654000000001,180,12
mission_bay,211,71.95126,2.3743788384196813,68.83664,72.0275,75.00416,180,12
mission_bay,212,71.96367,2.434562616859099,68.81882,71.9996,75.08948,180,12
mission_bay,213,71.97011,2.489747879387831,68.67608,71.98429999999999,75.10567999999999,180,12
mission_bay,214,71.98427000000001,2.5245060664940704,68.6777,71.98429999999999,75.16778000000001,180,12
mission_bay,215,72.00993000000001,2.5631712330277954,68.819,71.9393,75.33662,180,12
mission_bay,216,72.01435000000001,2.5832561252534014,68.83664,71.7602,75.74018,180,12
mission_bay,217,72.01481,2.5880705919132607,68.89532000000001,71.6675,75.80174000000001,180,12
mission_bay,218,72.01612,2.572315148385696,68.95094,71.6495,75.80174000000001,180,12
mission_bay,219,72.04691,2.5399851663909443,69.13598,71.6495,75.65432,180,12
mission_bay,220,72.0622,2.4951488586934256,69.1808,71.6495,75.51122,180,12
mission_bay,221,72.09024000000001,2.4415328530162235,69.188,71.6945,75.33662,180,12
mission_bay,222,72.11707,2.3810831839110342,69.34676,71.7413,75.25238,180,12
mission_bay,223,72.13351,2.3149598522309924,69.41857999999999,71.7413,75.10946,180,12
mission_bay,224,72.14236,2.26430394996617,69.48392,71.798,75.01298,180,12
mission_bay,225,72.14863000000001,2.2186616820071285,69.53953999999999,71.8421,74.91163999999999,180,12
mission_bay,226,72.14240000000001,2.172723087143831,69.56366,71.8421,74.76746,180,12
mission_bay,227,72.13114,2.126454815774538,69.63332,71.888,74.67692,180,12
mission_bay,228,72.11253,2.123499144881591,69.63782,71.92939999999999,74.67692,180,12
mission_bay,229,72.10718000000001,2.145871129339281,69.63314,71.98339999999999,74.6663,180,12
mission_bay,230,72.06043000000001,2.2612697882844097,69.53953999999999,72.06710000000001,74.65568,180,12
mission_bay,231,72.02073,2.370523337968801,69.48374,72.40549999999999,74.53832,180,12
mission_bay,232,72.00709162011172,2.3626581088730894,69.45836,72.47659999999999,74.4854,179,12
mission_bay,233,72.020997752809,2.3386525211023113,69.45134,72.50269999999999,74.45281999999999,178,12
mission_bay,234,72.02929491525424,2.3342723188752372,69.44432,72.4118,74.45515999999999,177,12
mission_bay,235,72.05307840909092,2.322104266980957,69.4787,72.4442,74.4755,176,12
mission_bay,236,72.03962171428572,2.3299608177326623,69.43028,72.4118,74.47676,175,12
mission_bay,237,72.03252758620688,2.339626868634594,69.36062,72.41,74.51456,174,12
mission_bay,238,72.0338520231214,2.3557684877217833,69.2924,72.4118,74.62364000000001,173,12
mission_bay,239,72.03986976744187,2.3679696440419247,69.24146,72.4568,74.52446,172,12
mission_bay,240,72.04428421052631,2.389063813575824,69.1628,72.4802,74.6474,171,12
mission_bay,241,72.07097529411764,2.398328405759148,69.15542,72.5216,74.76782,170,12
mission_bay,242,72.11354319526627,2.3875768193259432,69.15812,72.5108,74.84324000000001,169,12
mission_bay,243,72.18486071428572,2.346707074148916,69.18926,72.5585,74.84936,168,12
mission_bay,244,72.24740718562873,2.2988682023979212,69.26396,72.5702,74.85548,167,12
mission_bay,245,72.34266265060242,2.141989494907372,69.5921,72.7619,74.89580000000001,166,12
mission_bay,246,72.42661454545456,1.9939335971970196,69.68696,72.761,74.97536000000001,165,12
mission_bay,247,72.44884727272726,1.9888505480266265,69.68696,72.7142,75.06608,165,12
mission_bay,248,72.43218909090906,2.0130681462850646,69.64196,72.5702,75.137,165,12
mission_bay,249,72.38948,2.0372644095788326,69.59192,72.5666,75.20756,165,12
mission_bay,250,72.30281818181818,2.093301929304128,69.539,72.4928,75.20756,165,12
mission_bay,251,72.22704363636363,2.143186125337778,69.50336,72.428,75.20756,165,12
mission_bay,252,72.12970181818183,2.181294369329231,69.40688,72.1274,75.20756,165,12
mission_bay,253,72.01102181818182,2.2005584833276886,69.35324,71.9708,75.20756,165,12
mission_bay,254,71.91870909090909,2.216856649320466,69.35324,71.8754,75.20756,165,12
mission_bay,255,71.82942909090909,2.204335839719191,69.35324,71.7638,75.01424,165,12
mission_bay,256,71.71842909090908,2.193110519526063,69.34064,71.6972,74.88176,165,12
mission_bay,257,71.58936363636363,2.192524457162335,69.16964,71.5856,74.79248000000001,165,12
mission_bay,258,71.43225090909091,2.1687183129228877,68.94536000000001,71.339,74.70572,165,12
mission_bay,259,71.25536,2.106784558677732,68.92088,71.1698,74.67728,165,12
mission_bay,260,71.06949090909092,2.04550940145511,68.67356,70.86019999999999,74.55704,165,12
mission_bay,261,70.89712727272727,1.9834924282001363,68.55188,70.7486,73.56488,165,12
mission_bay,262,70.7494727272727,1.9621936304704946,68.35532,70.6568,73.36112,165,12
mission_bay,263,70.61103636363636,1.971486677150474,68.31212000000001,70.56139999999999,73.06124,165,12
mission_bay,264,70.49341454545454,1.9336433640408812,68.27324,70.5236,72.87187999999999,165,12
mission_bay,265,70.41575272727272,1.8934876052317577,68.27324,70.4246,72.35996,165,12
mission_bay,266,70.35189090909091,1.8530587218334968,68.2808,70.358,72.23756,165,12
mission_bay,267,70.27789454545454,1.8273918750922018,68.25524,70.169,72.23756,165,12
mission_bay,268,70.18622545454546,1.8099299054159106,68.23112,70.0556,72.23756,165,12
mission_bay,269,70.08169454545455,1.778030119304224,68.18216,69.9278,72.23252000000001,165,12
mission_bay,270,69.97834181818182,1.7437646023192328,68.17424,69.6812,72.18428,165,12
mission_bay,271,69.87617818181819,1.715974954052564,68.0648,69.602,72.04928,165,12
mission_bay,272,69.77514909090908,1.6999421669724526,67.9802,69.485,71.9474,165,12
mission_bay,273,69.68627272727274,1.682233625503917,67.91108,69.4022,71.90276,165,12
mission_bay,274,69.60739999999998,1.6877389938078435,67.82648,69.2798,71.8862,165,12
mission_bay,275,69.5248290909091,1.7045363491254801,67.74476,69.1376,71.8862,165,12
mission_bay,276,69.42198909090908,1.698367434354353,67.6994,68.99719999999999,71.8862,165,12
mission_bay,277,69.32448363636365,1.699377553202395,67.60364,68.9594,71.8862,165,12
mission_bay,278,69.23037090909091,1.7093771708781211,67.54064,68.79740000000001,71.8862,165,12
mission_bay,279,69.12268727272728,1.751198228989247,67.3124,68.783,71.8862,165,12
mission_bay,280,69.01004000000002,1.8055911004567944,67.14716,68.6516,71.84732,165,12
mission_bay,281,68.90096,1.8456270508499995,66.96824,68.5904,71.79548,165,12
mission_bay,282,68.8299090909091,1.8964632695901744,66.87212,68.4986,71.79548,165,12
mission_bay,283,68.76702909090909,1.9681302010834671,66.41852,68.4842,71.79548,165,12
mission_bay,284,68.67624363636364,2.030128691832448,65.93864,68.38159999999999,71.66731999999999,165,12
mission_bay,285,68.57053454545455,2.078175343803312,65.86196000000001,68.2466,71.54528,165,12
mission_bay,286,68.46770545454545,2.103211693480239,65.78132,68.063,71.4524,165,12
mission_bay,287,68.37930909090909,2.125153589451433,65.69564,68.02340000000001,71.39264,165,12
mission_bay,288,68.29077090909091,2.1418516534741663,65.63156000000001,67.9226,71.39264,165,12
mission_bay,289,68.19844727272728,2.147575394728749,65.56748,67.8866,71.28284000000001,165,12
mission_bay,290,68.11359636363636,2.149537836710512,65.54084,67.8146,71.28284000000001,165,12
mission_bay,291,68.04760727272728,2.171208474547477,65.50772,67.6994,71.28284000000001,165,12
mission_bay,292,67.98038545454546,2.1757498955715984,65.4764,67.5104,71.28284000000001,165,12
mission_bay,293,67.91164727272728,2.1586668331477528,65.49836,67.4672,71.2418,165,12
mission_bay,294,67.83072363636364,2.142993849333072,65.50772,67.36280000000001,71.19104,165,12
mission_bay,295,67.74185818181817,2.110856192721411,65.50772,67.1702,71.14496,165,12
mission_bay,296,67.63661818181819,2.0695783389103486,65.4062,67.1324,71.08196000000001,165,12
mission_bay,297,67.49243272727273,2.0131049217553376,65.26508000000001,67.00999999999999,70.76084,165,12
mission_bay,298,67.35073454545454,1.9588647460329043,65.15348,66.9542,70.67696,165,12
mission_bay,299,67.21702181818182,1.9177106548222091,65.0444,66.84620000000001,70.08404,165,12
mission_bay,300,67.0965090909091,1.879961743182953,64.77763999999999,66.7562,69.8432,165,12
mission_bay,301,66.97091272727273,1.8648912225245806,64.75135999999999,66.7328,69.57608,165,12
mission_bay,302,66.84649454545453,1.844178566239556,64.7024,66.6464,69.2006,165,12
mission_bay,303,66.71218181818183,1.8384933047521894,64.46768,66.56360000000001,69.09296,165,12
mission_bay,304,66.56820363636363,1.8505460974445314,64.38416,66.524,68.96156,165,12
mission_bay,305,66.40660727272727,1.8652890610868333,64.28659999999999,66.3314,68.8082,165,12
mission_bay,306,66.22632363636365,1.8719524280583428,64.15268,66.1982,68.49968,165,12
mission_bay,307,66.03962545454544,1.8714908653542002,63.9536,65.9318,68.11412,165,12
mission_bay,308,65.85058181818182,1.8616122910934847,63.6116,65.7464,67.97336,165,12
mission_bay,309,65.66241090909091,1.8586717005345703,63.119479999999996,65.6168,67.87688,165,12
mission_bay,310,65.48353454545455,1.8481076231943558,62.92472,65.5484,67.7048,165,12
mission_bay,311,65.32751272727273,1.8567522045018272,62.65364,65.3558,67.56044,165,12
mission_bay,312,65.19753090909091,1.8824305449117777,62.44196,65.2388,67.48772,165,12
mission_bay,313,65.05133818181818,1.8763399519872468,62.34548,65.1254,67.44128,165,12
mission_bay,314,64.89527272727274,1.8702067248576781,62.27456,64.9346,67.33832,165,12
mission_bay,315,64.72403272727273,1.8763247292007323,62.18924,64.8608,67.26415999999999,165,12
mission_bay,316,64.56911272727272,1.9052399241131264,62.1356,64.60159999999999,67.13564,165,12
mission_bay,317,64.41279636363635,1.9266098603217872,62.048480000000005,64.3226,67.00748,165,12
mission_bay,318,64.27589818181818,1.9300255165276685,61.959199999999996,64.2416,66.99488,165,12
mission_bay,319,64.14674545454545,1.917357301888256,61.8944,64.14620000000001,66.90056,165,12
mission_bay,320,64.03501454545454,1.915876692091465,61.84364,63.8798,66.8948,165,12
mission_bay,321,63.92232363636365,1.9242017592951373,61.78316,63.84739999999999,66.78464,165,12
mission_bay,322,63.81220727272728,1.9351119317082068,61.493,63.7448,66.65288,165,12
mission_bay,323,63.70752363636364,1.930039629755234,61.0898,63.6332,66.614,165,12
mission_bay,324,63.606003636363646,1.9240710401509795,60.917719999999996,63.554,66.4736,165,12
mission_bay,325,63.50037090909091,1.9135551751692064,60.675799999999995,63.365,66.09164,165,12
mission_bay,326,63.360079999999996,1.8891390457160055,60.31544,63.32,65.42240000000001,165,12
mission_bay,327,63.21077818181818,1.835607439968417,60.2276,63.2732,65.21468,165,12
mission_bay,328,63.087439999999994,1.820689764387756,60.127880000000005,63.1922,65.02928,165,12
mission_bay,329,62.98853818181819,1.8184781287361682,60.0854,63.1562,64.95692,165,12
mission_bay,330,62.900010909090895,1.808992968646361,60.05948,63.1274,64.72256,165,12
mission_bay,331,62.79844727272727,1.792426354018745,60.043639999999996,63.086,64.70528,165,12
mission_bay,332,62.69521454545455,1.7848569517817738,60.01448,63.0446,64.70528,165,12
mission_bay,333,62.582796363636355,1.7608990316718316,60.01448,62.9492,64.70528,165,12
mission_bay,334,62.470803636363634,1.717413209859913,60.008,62.726,64.52024,165,12
mission_bay,335,62.35510181818181,1.665460582690768,59.97704,62.5784,64.26427999999999,165,12
mission_bay,336,62.260476363636364,1.6185505143639078,59.939240000000005,62.2976,64.0976,165,12
mission_bay,337,62.18432,1.5836380271002737,59.9198,62.2382,64.0706,165,12
mission_bay,338,62.10058181818183,1.5745571308936022,59.9198,61.9718,64.0544,165,12
mission_bay,339,62.02229818181817,1.5693275528411614,59.9144,61.871,64.0544,165,12
mission_bay,340,61.94609818181819,1.5779575594184845,59.9144,61.8134,64.0544,165,12
mission_bay,341,61.89227272727274,1.596193198174332,59.89892,61.7576,63.995,165,12
mission_bay,342,61.83325454545455,1.6240960585798039,59.87372,61.7432,63.91544,165,12
mission_bay,343,61.75704363636364,1.6562014572100652,59.83844,61.7198,63.7412,165,12
mission_bay,344,61.66417454545453,1.6873612242360645,59.74628,61.7108,63.61052,165,12
mission_bay,345,61.56428000000001,1.709125584134022,59.51948,61.6226,63.48416,165,12
mission_bay,346,61.48635636363637,1.7344754883098437,59.253800000000005,61.5506,63.48416,165,12
mission_bay,347,61.42317090909091,1.756038081321415,59.15444,61.493,63.48416,165,12
mission_bay,348,61.35261090909091,1.7700669803028115,58.98884,61.4336,63.48416,165,12
mission_bay,349,61.27973818181819,1.7812330343726999,58.800560000000004,61.3706,63.48416,165,12
mission_bay,350,61.20335272727274,1.795920510882984,58.69256,61.25,63.48416,165,12
mission_bay,351,61.12788363636365,1.7987468400721716,58.6652,61.1762,63.43592,165,12
mission_bay,352,61.0271709090909,1.7934294387657084,58.48556,61.0718,63.34808,165,12
mission_bay,353,60.92993818181818,1.7870586689180659,58.45532,60.872,63.311,165,12
mission_bay,354,60.83943636363636,1.7761435786107929,58.45532,60.717200000000005,63.2462,165,12
mission_bay,355,60.75321090909091,1.745941822607227,58.45532,60.584,63.15404,165,12
mission_bay,356,60.66177090909092,1.7064390798662865,58.51544,60.3986,63.11588,165,12
mission_bay,357,60.58138181818182,1.6620964241962441,58.47872,60.3338,63.0608,165,12
mission_bay,358,60.507538181818184,1.6253351245607224,58.47872,60.2402,62.93012,165,12
mission_bay,359,60.45501910828025,1.616941686433014,58.493480000000005,60.1754,62.921839999999996,157,12
mission_bay,360,60.40638101265824,1.5996499967161164,58.445420000000006,60.1268,62.91878,158,12
mission_bay,361,60.33835094339623,1.5746081412013946,58.41824,60.062,62.834720000000004,159,12
mission_bay,362,60.25661375,1.5327863556728287,58.25876,60.004400000000004,62.57732,160,12
mission_bay,363,60.174975155279505,1.4968467571461286,58.2566,59.9306,62.195,161,12
mission_bay,364,60.09594444444444,1.4704272708576873,58.246880000000004,59.8442,62.118500000000004,162,12
mission_bay,365,60.051641717791405,1.4403583178087949,58.23716,59.8262,62.06756,163,12
mission_bay,366,60.00191951219512,1.4161861838568401,58.224920000000004,59.7929,62.02579999999999,164,12
nine_mile,1,60.88559272727271,1.5127924718458956,58.96184,60.71,63.032000000000004,165,12
nine_mile,2,60.85537710843374,1.4862947534929536,58.9379,60.6947,62.9798,166,12
nine_mile,3,60.81422754491018,1.4616428151213083,58.92188,60.6776,62.873960000000004,167,12
nine_mile,4,60.76979642857143,1.4427042434674213,58.89992,60.675799999999995,62.86802,168,12
nine_mile,5,60.7300449704142,1.4371132618862836,58.87652,60.6146,62.85344,169,12
nine_mile,6,60.680056470588234,1.4542223736617712,58.78904,60.5696,62.8178,170,12
nine_mile,7,60.651210526315786,1.4647104941432114,58.7894,60.5228,62.7314,171,12
nine_mile,8,60.654019999999996,1.465074915254255,58.78904,60.5399,62.690900000000006,180,12
nine_mile,9,60.61689,1.4613885369705166,58.7849,60.4715,62.690900000000006,180,12
nine_mile,10,60.58162000000001,1.4707671265714881,58.77356,60.4382,62.73662,180,12
nine_mile,11,60.564980000000006,1.4807094005858272,58.77356,60.429199999999994,62.78666,180,12
nine_mile,12,60.55253,1.4887339421815275,58.73342,60.4238,62.78666,180,12
nine_mile,13,60.53690000000001,1.48348636317314,58.649179999999994,60.4238,62.78666,180,12
nine_mile,14,60.50932000000002,1.4739207420304898,58.649179999999994,60.4238,62.73662,180,12
nine_mile,15,60.49341,1.4775667899942304,58.649179999999994,60.4238,62.65688,180,12
nine_mile,16,60.473060000000004,1.4782587065634778,58.63352,60.3986,62.625919999999994,180,12
nine_mile,17,60.44579,1.4884713325531005,58.58906,60.3905,62.576420000000006,180,12
nine_mile,18,60.422290000000004,1.5048432078945533,58.563500000000005,60.359899999999996,62.576420000000006,180,12
nine_mile,19,60.40881,1.5325851646244055,58.462700000000005,60.331100000000006,62.625919999999994,180,12
nine_mile,20,60.40643,1.5594597095427478,58.43372,60.3905,62.625919999999994,180,12
nine_mile,21,60.41353000000001,1.5752082885736292,58.32824,60.4049,62.6558,180,12
nine_mile,22,60.40462000000001,1.593745139491767,58.25750000000001,60.4238,62.725640000000006,180,12
nine_mile,23,60.39528,1.623293175928723,58.227439999999994,60.426500000000004,62.77226,180,12
nine_mile,24,60.395990000000005,1.6485581724477105,58.172720000000005,60.518299999999996,62.78018,180,12
nine_mile,25,60.38624,1.6599088826577975,58.13924,60.5399,62.725640000000006,180,12
nine_mile,26,60.35463,1.674419093661404,58.070119999999996,60.5102,62.725640000000006,180,12
nine_mile,27,60.307019999999994,1.681197326209399,58.04222,60.409400000000005,62.725640000000006,180,12
nine_mile,28,60.26256,1.7002554311421836,57.9065,60.359899999999996,62.724560000000004,180,12
nine_mile,29,60.2341,1.7197562020928643,57.85826,60.289699999999996,62.724560000000004,180,12
nine_mile,30,60.208040000000004,1.7361711040462402,57.84944,60.2033,62.76128,180,12
nine_mile,31,60.191129999999994,1.7589180727948843,57.842780000000005,60.0656,62.87378,180,12
nine_mile,32,60.185939999999995,1.7735550339020578,57.81182,60.0476,62.956939999999996,180,12
nine_mile,33,60.184279999999994,1.7861971861343275,57.81182,60.0476,62.98178,180,12
nine_mile,34,60.17788,1.7829306270370744,57.842780000000005,60.0449,62.956939999999996,180,12
nine_mile,35,60.16609,1.776432102207734,57.84944,60.0215,62.98178,180,12
nine_mile,36,60.14909000000001,1.7863130159523815,57.842780000000005,59.9891,63.02804,180,12
nine_mile,37,60.13886,1.8144400524310307,57.842780000000005,59.9648,63.14198,180,12
nine_mile,38,60.132110000000004,1.8356425410321389,57.84944,59.9315,63.14198,180,12
nine_mile,39,60.12475000000001,1.853731437808496,57.85304,59.9099,63.14198,180,12
nine_mile,40,60.12235999999999,1.8589028437562678,57.85664,59.9099,63.14198,180,12
nine_mile,41,60.12622,1.8638496013245118,57.899119999999996,59.9099,63.14198,180,12
nine_mile,42,60.13989,1.8822021658672936,57.91028,59.9531,63.14198,180,12
nine_mile,43,60.1518,1.8819645518185715,57.93692,59.9675,63.14198,180,12
nine_mile,44,60.15813407821229,1.872897914010281,57.95132,60.0098,63.133880000000005,179,12
nine_mile,45,60.16004943820225,1.8637864582177435,57.96428,60.0593,63.00806,178,12
nine_mile,46,60.144092134831475,1.8565749855884979,57.96428,60.0287,62.887280000000004,178,12
nine_mile,47,60.12686067415731,1.8562532553943858,57.96428,59.9846,62.856680000000004,178,12
nine_mile,48,60.10500786516854,1.866727707439706,57.94988,59.9279,62.759119999999996,178,12
nine_mile,49,60.09077977528089,1.892524299625607,57.93116,59.8784,62.759119999999996,178,12
nine_mile,50,60.08022247191012,1.926251062113768,57.90884,59.8154,62.759119999999996,178,12
nine_mile,51,60.074165168539324,1.9622535520150635,57.93116,59.8136,62.856680000000004,178,12
nine_mile,52,60.07432696629213,1.9860059553090337,57.964459999999995,59.8001,62.88602,178,12
nine_mile,53,60.065185393258425,1.9900515445188687,57.94736,59.7542,62.856680000000004,178,12
nine_mile,54,60.06291011235955,1.9908516490114823,57.94736,59.72540000000001,62.856680000000004,178,12
nine_mile,55,60.049329213483155,2.000865918574631,57.93278,59.714600000000004,62.856680000000004,178,12
nine_mile,56,60.027456179775285,1.9947506216256,57.86258,59.7524,62.759119999999996,178,12
nine_mile,57,60.0000617977528,1.9814349179351232,57.72614,59.774,62.758039999999994,178,12
nine_mile,58,59.96798539325843,1.987338174802762,57.5393,59.7542,62.71232,178,12
nine_mile,59,59.929101675977655,2.002733022800381,57.472879999999996,59.732600000000005,62.710879999999996,179,12
nine_mile,60,59.901770000000006,2.008961765652783,57.47774,59.714600000000004,62.70944,180,12
nine_mile,61,59.89213999999999,2.0150485165874086,57.47774,59.72540000000001,62.70944,180,12
nine_mile,62,59.88642,2.0298361453093863,57.47774,59.727199999999996,62.72132,180,12
nine_mile,63,59.88209,2.0493949380707326,57.47774,59.7542,62.84858,180,12
nine_mile,64,59.88944,2.0555249353766802,57.43382,59.779399999999995,62.72132,180,12
nine_mile,65,59.895019999999995,2.044987176597185,57.425000000000004,59.837900000000005,62.67398,180,12
nine_mile,66,59.914649999999995,2.0188867389600147,57.425000000000004,60.039500000000004,62.6459,180,12
nine_mile,67,59.93283,2.0010476502413206,57.425000000000004,60.061099999999996,62.56868,180,12
nine_mile,68,59.95536,2.013928869875051,57.43202,60.0998,62.573,180,12
nine_mile,69,59.985150000000004,2.034871461974878,57.43382,60.0998,62.67398,180,12
nine_mile,70,60.047979999999995,2.072278271051065,57.45344,60.0998,62.84858,180,12
nine_mile,71,60.120250000000006,2.1313231193440094,57.47018,60.1727,63.0329,180,12
nine_mile,72,60.18188,2.1815026633520964,57.61562,60.197,63.074839999999995,180,12
nine_mile,73,60.259159999999994,2.23346886844747,57.66044,60.2033,63.38786,180,12
nine_mile,74,60.358070000000005,2.294161739582266,57.66422,60.254599999999996,63.465259999999994,180,12
nine_mile,75,60.45190999999999,2.3524579269826407,57.67088,60.3185,63.62006,180,12
nine_mile,76,60.558780000000006,2.4040877118104933,57.68942,60.3437,63.6944,180,12
nine_mile,77,60.66724000000001,2.443879161894903,57.69626,60.359899999999996,64.07096,180,12
nine_mile,78,60.776900000000005,2.4796016452008343,57.73748,60.4301,64.15934000000001,180,12
nine_mile,79,60.86729,2.521937898506184,57.80102,60.4859,64.31233999999999,180,12
nine_mile,80,60.94761999999999,2.5546481907238645,57.94376,60.6335,64.68908,180,12
nine_mile,81,61.02788999999999,2.5819006073132815,57.99956,60.664100000000005,64.72706,180,12
nine_mile,82,61.10204,2.6004862991199573,58.0811,60.6956,65.29928,180,12
nine_mile,83,61.16201000000001,2.613365776995007,58.09946,60.6929,65.705,180,12
nine_mile,84,61.20003000000001,2.618644432677582,58.14158,60.6929,66.11864,180,12
nine_mile,85,61.21964000000001,2.6110533814201684,58.2323,60.708200000000005,66.11864,180,12
nine_mile,86,61.245720000000006,2.5831081782186143,58.24886,60.7667,65.95034,180,12
nine_mile,87,61.297369999999994,2.5556351760057594,58.34498,60.8414,65.7374,180,12
nine_mile,88,61.358619999999995,2.538189259475384,58.361360000000005,60.92959999999999,65.71652,180,12
nine_mile,89,61.414880000000004,2.5079612039446744,58.37414,60.9998,65.6834,180,12
nine_mile,90,61.46086,2.4750166058152927,58.39322,61.0763,65.60366,180,12
nine_mile,91,61.49604,2.4691209680854245,58.400059999999996,61.1681,65.58224,180,12
nine_mile,92,61.517160000000004,2.471616843115693,58.501039999999996,61.187,65.58224,180,12
nine_mile,93,61.566680000000005,2.449435413373968,58.66808,61.202299999999994,65.5484,180,12
nine_mile,94,61.61635999999999,2.402751806151955,58.84124,61.3454,65.52734000000001,180,12
nine_mile,95,61.64154,2.3560899279913157,58.84124,61.4768,65.52032,180,12
nine_mile,96,61.646390000000004,2.311688357074681,58.84124,61.5461,65.45984,180,12
nine_mile,97,61.64371,2.2620811980817765,58.84124,61.57040000000001,65.3216,180,12
nine_mile,98,61.654299999999985,2.2097632801758222,58.84124,61.6379,65.17022,180,12
nine_mile,99,61.68671000000001,2.1699256162392238,58.84124,61.7549,65.10434000000001,180,12
nine_mile,100,61.73691,2.1276827635879547,59.01188,61.894400000000005,64.94594000000001,180,12
nine_mile,101,61.782010000000014,2.0966179775024814,59.367380000000004,61.925,64.92254,180,12
nine_mile,102,61.81203,2.066477689422918,59.52164,61.925,64.72364,180,12
nine_mile,103,61.83072000000001,2.030636942274421,59.54108,61.921400000000006,64.6277,180,12
nine_mile,104,61.85883,1.993631843150171,59.57096,61.894400000000005,64.6277,180,12
nine_mile,105,61.90221,1.963045772726971,59.582119999999996,61.894400000000005,64.6277,180,12
nine_mile,106,61.95607,1.9281341324809305,59.75816,61.894400000000005,64.64588,180,12
nine_mile,107,62.025150000000004,1.8710397643344387,60.08702,61.9277,64.64588,180,12
nine_mile,108,62.073730000000005,1.8303352211789703,60.39104,61.9349,64.64444,180,12
nine_mile,109,62.12402,1.8240001222802078,60.4094,61.894400000000005,64.64444,180,12
nine_mile,110,62.203329999999994,1.8241699751090592,60.4742,61.894400000000005,64.72364,180,12
nine_mile,111,62.28840999999999,1.8209925472406925,60.536120000000004,61.9259,64.82426,180,12
nine_mile,112,62.39357,1.805912545563451,60.57914,61.982600000000005,64.91174000000001,180,12
nine_mile,113,62.498889999999996,1.7980412767087977,60.60524,62.117599999999996,64.93874,180,12
nine_mile,114,62.59214000000001,1.8127881198114715,60.60524,62.2949,64.97024,180,12
nine_mile,115,62.68748,1.8482203065374014,60.60524,62.3264,65.0372,180,12
nine_mile,116,62.779869999999995,1.8863165194063998,60.628280000000004,62.3444,65.19416,180,12
nine_mile,117,62.87222,1.9000180632014054,60.64322,62.4533,65.2118,180,12
nine_mile,118,62.96484999999999,1.9047051786556797,60.649879999999996,62.5685,65.39648,180,12
nine_mile,119,63.032819999999994,1.9060642915171166,60.71396000000001,62.7188,65.52122,180,12
nine_mile,120,63.08785,1.9120955936547062,60.839240000000004,62.8232,65.5484,180,12
nine_mile,121,63.133680000000005,1.9230677092464448,60.9998,62.8232,65.6618,180,12
nine_mile,122,63.17071,1.9699725430721364,61.00124,62.8394,66.01226,180,12
nine_mile,123,63.20088,2.0137201698049636,61.01168,62.8394,66.01226,180,12
nine_mile,124,63.216409999999996,2.0249708491756553,61.05938,62.838499999999996,66.01226,180,12
nine_mile,125,63.25423999999999,2.028637491883373,61.107260000000004,62.8457,66.01226,180,12
nine_mile,126,63.30722,2.0297556100351777,61.18214,62.9078,66.01226,180,12
nine_mile,127,63.33088000000001,2.0101569198148015,61.23686,62.9267,66.01226,180,12
nine_mile,128,63.35781,1.9757606301394255,61.2923,62.932100000000005,66.01226,180,12
nine_mile,129,63.37449000000001,1.9201431561243487,61.35008,62.96,65.75324,180,12
nine_mile,130,63.375110000000014,1.8624947361959292,61.464740000000006,63.02120000000001,65.6924,180,12
nine_mile,131,63.381,1.7951304556630874,61.4795,63.0734,65.57378,180,12
nine_mile,132,63.40575,1.741816877902282,61.5011,63.0851,65.51888,180,12
nine_mile,133,63.428309999999996,1.6958394325903892,61.64942,63.168800000000005,65.50934,180,12
nine_mile,134,63.45986,1.6864191929223837,61.679120000000005,63.1733,65.51888,180,12
nine_mile,135,63.492360000000005,1.6833241454047985,61.679120000000005,63.1994,65.61104,180,12
nine_mile,136,63.52870000000001,1.6801428835886976,61.679120000000005,63.221000000000004,65.72498,180,12
nine_mile,137,63.56924000000001,1.633886376854056,61.797560000000004,63.2462,65.72498,180,12
nine_mile,138,63.62067999999999,1.5794561024952536,61.9277,63.2705,65.90191999999999,180,12
nine_mile,139,63.69236,1.545508236978966,62.03966,63.3938,65.94962,180,12
nine_mile,140,63.74521,1.5280948460245938,62.07026,63.432500000000005,65.94962,180,12
nine_mile,141,63.791039999999995,1.5178430350538399,62.09942,63.4766,66.0308,180,12
nine_mile,142,63.870070000000005,1.5341670801881262,62.21966,63.620599999999996,66.0308,180,12
nine_mile,143,63.933339999999994,1.5255676041446482,62.23676,63.6944,66.0308,180,12
nine_mile,144,64.00755000000001,1.5259582894604897,62.34835999999999,63.732200000000006,66.07454,180,12
nine_mile,145,64.09329999999999,1.5333454118947794,62.3957,63.8294,66.12782,180,12
nine_mile,146,64.18939000000002,1.5556185016195343,62.3957,63.9833,66.21332000000001,180,12
nine_mile,147,64.2783,1.5846529069580901,62.3957,64.1885,66.2333,180,12
nine_mile,148,64.35598,1.5904687719216934,62.41586,64.42699999999999,66.34148,180,12
nine_mile,149,64.43903,1.5834504484417535,62.42486,64.5062,66.49213999999999,180,12
nine_mile,150,64.5374,1.5528406568205444,62.5415,64.5548,66.51716,180,12
nine_mile,151,64.62502,1.508987085787226,62.60702,64.6349,66.51716,180,12
nine_mile,152,64.73977,1.4957425178704264,62.740219999999994,64.70150000000001,66.75062,180,12
nine_mile,153,64.85915,1.4963723896262433,62.900780000000005,64.9481,66.81056000000001,180,12
nine_mile,154,64.98584,1.4975573634884736,62.97368,65.12180000000001,66.86528,180,12
nine_mile,155,65.12948,1.501024429265359,63.15836000000001,65.2244,66.92792,180,12
nine_mile,156,65.27347999999999,1.5042629931122176,63.27914,65.3819,67.03268,180,12
nine_mile,157,65.40701999999999,1.5108174983566949,63.30254,65.4368,67.08164000000001,180,12
nine_mile,158,65.54799000000001,1.5221821025079525,63.34466,65.6294,67.48555999999999,180,12
nine_mile,159,65.69003,1.513359378643214,63.5072,65.7707,67.71506000000001,180,12
nine_mile,160,65.83101,1.5128868288786226,63.55148,65.9534,67.81154,180,12
nine_mile,161,65.96359,1.5236357882769875,63.60242,66.1406,67.91216,180,12
nine_mile,162,66.09900999999999,1.5168341535937213,63.660920000000004,66.2756,67.96508,180,12
nine_mile,163,66.24631000000001,1.506896484680318,63.7601,66.3998,68.1953,180,12
nine_mile,164,66.39994,1.5001390260935612,64.29487999999999,66.5096,68.4401,180,12
nine_mile,165,66.53827000000001,1.4888035052710153,64.56146,66.6473,68.52217999999999,180,12
nine_mile,166,66.69053000000001,1.4822616455641742,65.06366000000001,66.749,68.62298,180,12
nine_mile,167,66.82708000000001,1.491222764829711,65.21539999999999,66.8219,68.72828,180,12
nine_mile,168,66.95865,1.5038958001873761,65.30684000000001,66.8732,68.89118,180,12
nine_mile,169,67.08416,1.5388243816294325,65.32268,66.9038,68.96678,180,12
nine_mile,170,67.20038999999998,1.5724990838199313,65.34608,67.0001,69.09962,180,12
nine_mile,171,67.31465,1.59723771582003,65.34608,67.0784,69.44432,180,12
nine_mile,172,67.44401,1.6253742618463674,65.36768000000001,67.21340000000001,69.64988,180,12
nine_mile,173,67.59481,1.6459687365460949,65.38622,67.3673,69.74204,180,12
nine_mile,174,67.73126,1.6628643559605274,65.3864,67.5212,69.7784,180,12
nine_mile,175,67.85319000000001,1.6728418790494437,65.3864,67.8038,69.87074,180,12
nine_mile,176,67.96544999999999,1.6747191005187874,65.43284,68.0891,70.04408000000001,180,12
nine_mile,177,68.08682,1.6746974517521145,65.61680000000001,68.3357,70.2662,180,12
nine_mile,178,68.19802,1.6757831770123308,65.82506000000001,68.4563,70.34270000000001,180,12
nine_mile,179,68.30623,1.666645126285757,66.06104,68.60929999999999,70.43809999999999,180,12
nine_mile,180,68.44209,1.6664118754588828,66.24158,68.7281,70.48418,180,12
nine_mile,181,68.58069,1.703924806518221,66.4268,68.9234,70.61576000000001,180,12
nine_mile,182,68.71640000000001,1.763605591524959,66.46621999999999,69.04400000000001,70.82258,180,12
nine_mile,183,68.85280000000002,1.7998033121588874,66.51536,69.29060000000001,70.92626,180,12
nine_mile,184,68.99619,1.7761210710752013,66.62984,69.3401,71.13686,180,12
nine_mile,185,69.12727000000001,1.7393744049041755,66.80732,69.3635,71.48606000000001,180,12
nine_mile,186,69.25188,1.7027550721038596,66.99542,69.3977,71.58614,180,12
nine_mile,187,69.37147,1.680885924361045,67.14158,69.4679,71.5973,180,12
nine_mile,188,69.48414,1.6840567274910374,67.18639999999999,69.5228,71.65075999999999,180,12
nine_mile,189,69.61393999999999,1.670135989900157,67.43588,69.6542,71.65724,180,12
nine_mile,190,69.73405000000001,1.6469040242817827,67.86014,69.6893,71.6909,180,12
nine_mile,191,69.84736000000001,1.6243194848249904,67.98308,69.7244,71.77622,180,12
nine_mile,192,69.94376999999999,1.6302818189352533,68.15552,69.773,71.90114,180,12
nine_mile,193,70.05762,1.6397631665892465,68.26208000000001,69.88550000000001,71.97188,180,12
nine_mile,194,70.177,1.6783179584360461,68.30708,70.03309999999999,72.28724,180,12
nine_mile,195,70.28109,1.7103241897632697,68.33048,70.4075,72.36104,180,12
nine_mile,196,70.37656,1.7378620769826716,68.55656,70.4975,72.54517999999999,180,12
nine_mile,197,70.48465,1.7257231168832534,68.60731999999999,70.6793,72.61772,180,12
nine_mile,198,70.59318,1.7325164439762308,68.61344,70.7306,72.69818000000001,180,12
nine_mile,199,70.6827,1.775839553563328,68.61344,70.7909,72.70376,180,12
nine_mile,200,70.76079000000001,1.8049419371060174,68.61344,70.80709999999999,72.74858,180,12
nine_mile,201,70.84904,1.8361282216153343,68.61344,70.8323,72.89834,180,12
nine_mile,202,70.94023,1.8619294457616846,68.61344,70.8917,73.13846000000001,180,12
nine_mile,203,71.00789,1.889865067250413,68.61344,70.94120000000001,73.21244,180,12
nine_mile,204,71.05494,1.9211843321097886,68.60767999999999,70.9907,73.23007999999999,180,12
nine_mile,205,71.13365,1.9818062049892968,68.60767999999999,71.0924,73.37227999999999,180,12
nine_mile,206,71.23357999999999,2.0480367027197417,68.61344,71.14189999999999,73.66964,180,12
nine_mile,207,71.32718999999999,2.107952761735779,68.711,71.31469999999999,73.85252,180,12
nine_mile,208,71.41884000000002,2.1375524528465712,68.78174,71.42,73.9832,180,12
nine_mile,209,71.48713000000001,2.1444119205806738,68.79164,71.45240000000001,74.22044,180,12
nine_mile,210,71.54654000000001,2.169078521122114,68.81953999999999,71.47399999999999,74.56712,180,12
nine_mile,211,71.58523000000001,2.174977650226145,68.8874,71.43620000000001,74.58512,180,12
nine_mile,212,71.58672,2.205495888510028,68.8874,71.40020000000001,74.6888,180,12
nine_mile,213,71.58275,2.2234064345845446,68.8874,71.40020000000001,74.6888,180,12
nine_mile,214,71.59714,2.236269657528885,68.90755999999999,71.40020000000001,74.6888,180,12
nine_mile,215,71.65032,2.2514793254422423,68.95778,71.3768,74.76476,180,12
nine_mile,216,71.68987999999999,2.272117169612282,68.96588,71.33,74.79356,180,12
nine_mile,217,71.70909999999999,2.2882944632661513,68.97632,71.31649999999999,74.90768,180,12
nine_mile,218,71.73768999999999,2.2889184199275867,68.97722,71.33,74.90768,180,12
nine_mile,219,71.80489,2.2735659701134914,69.01826,71.4002,74.80742000000001,180,12
nine_mile,220,71.83348,2.234974031778951,69.09008,71.4002,74.79356,180,12
nine_mile,221,71.85246,2.1763614004127865,69.11312,71.4173,74.77052,180,12
nine_mile,222,71.87374999999999,2.12781229302717,69.21086,71.43260000000001,74.76476,180,12
nine_mile,223,71.89496,2.10436181580043,69.15308,71.4434,74.76998,180,12
nine_mile,224,71.91903,2.088518058708871,69.152,71.483,74.76674,180,12
nine_mile,225,71.94507,2.069676304324317,69.20762,71.5829,74.6987,180,12
nine_mile,226,71.95398999999999,2.062321441144263,69.2933,71.79079999999999,74.66792,180,12
nine_mile,227,71.96587000000001,2.040287668453812,69.3023,71.83760000000001,74.633,180,12
nine_mile,228,71.96690000000001,2.047674731447858,69.2933,71.9303,74.61680000000001,180,12
nine_mile,229,71.96025,2.077805501124394,69.26468,72.03200000000001,74.60690000000001,180,12
nine_mile,230,71.90625999999999,2.197824934635892,69.15146,72.03200000000001,74.58476,180,12
nine_mile,231,71.86907,2.286404213834271,69.03986,72.0716,74.53634,180,12
nine_mile,232,71.87365027932961,2.2705170096622607,69.01016,72.0788,74.51132,179,12
nine_mile,233,71.88930449438202,2.243847007202385,69.08126,72.0716,74.48378000000001,178,12
nine_mile,234,71.88877288135593,2.223298448085727,69.13364,71.9456,74.45516,177,12
nine_mile,235,71.91261704545455,2.203475380015934,69.1853,71.9294,74.4899,176,12
nine_mile,236,71.91441371428573,2.203110987190569,69.17972,71.9132,74.49296000000001,175,12
nine_mile,237,71.90834827586207,2.189170611357838,69.22670000000001,71.9294,74.49602,174,12
nine_mile,238,71.8870739884393,2.1597509560521795,69.25964,71.9456,74.43392,173,12
nine_mile,239,71.85687674418604,2.123651324927273,69.26828,71.90780000000001,74.36768000000001,172,12
nine_mile,240,71.84416842105263,2.0940910207049033,69.2942,71.9114,74.2154,171,12
nine_mile,241,71.86276823529411,2.0485612495280376,69.42326000000001,71.9294,74.1992,170,12
nine_mile,242,71.88824497041419,2.0126631625934985,69.60236,72.041,74.1902,169,12
nine_mile,243,71.95213571428572,1.9597771708017966,69.75247999999999,72.149,74.2028,168,12
nine_mile,244,72.03780958083831,1.8971845237129912,69.99188,72.19399999999999,74.24348,167,12
nine_mile,245,72.15399879518073,1.710561294021527,70.08619999999999,72.3299,74.19290000000001,166,12
nine_mile,246,72.23988363636363,1.5379683913261681,70.12400000000001,72.3398,74.26652,165,12
nine_mile,247,72.25499272727274,1.528548573614199,70.12400000000001,72.32,74.32664,165,12
nine_mile,248,72.24791272727272,1.5487525882638906,70.08296,72.3182,74.37488,165,12
nine_mile,249,72.2160690909091,1.58865634216152,70.06136,72.2876,74.4116,165,12
nine_mile,250,72.14744,1.6252089734599153,70.00052,72.19579999999999,74.37488,165,12
nine_mile,251,72.08944727272727,1.651236371800397,69.93572,72.19579999999999,74.32664,165,12
nine_mile,252,72.03653818181819,1.6645199417246739,69.93572,72.1814,74.32664,165,12
nine_mile,253,71.99310909090909,1.6691703228140597,69.9314,72.113,74.35976000000001,165,12
nine_mile,254,71.97472727272728,1.6845501136535532,69.84031999999999,72.0734,74.35976000000001,165,12
nine_mile,255,71.9264,1.6936766083460373,69.81331999999999,71.924,74.35976000000001,165,12
nine_mile,256,71.85752,1.7175434324468952,69.81331999999999,71.7098,74.35976000000001,165,12
nine_mile,257,71.7947490909091,1.7593958594004329,69.7946,71.618,74.3918,165,12
nine_mile,258,71.6914618181818,1.7994772390780853,69.58652,71.48660000000001,74.41232,165,12
nine_mile,259,71.55234909090908,1.787449423422912,69.36332,71.4488,74.3918,165,12
nine_mile,260,71.41262545454545,1.766121924383235,69.31076,71.3372,74.34320000000001,165,12
nine_mile,261,71.28876363636364,1.7271596678309218,69.25244,71.2274,73.77296000000001,165,12
nine_mile,262,71.17239636363637,1.7454387772444635,69.14588,71.04560000000001,73.49972000000001,165,12
nine_mile,263,71.05625818181818,1.76883690502947,68.93024,70.9232,73.02056,165,12
nine_mile,264,70.97079636363637,1.7489436252015207,68.92772,70.7594,72.75236,165,12
nine_mile,265,70.92390909090909,1.746121595304171,68.93024,70.71260000000001,72.75236,165,12
nine_mile,266,70.88768000000002,1.7494748841141854,68.93024,70.7072,72.71276,165,12
nine_mile,267,70.83391999999999,1.7693799892176645,68.90863999999999,70.6802,72.71276,165,12
nine_mile,268,70.7699818181818,1.7889889421215717,68.77472,70.63159999999999,72.71276,165,12
nine_mile,269,70.69467636363638,1.799858204370654,68.72828,70.4012,72.75236,165,12
nine_mile,270,70.62447636363638,1.798991512808615,68.74124,70.232,73.01191999999999,165,12
nine_mile,271,70.55382909090909,1.7916064624302204,68.72323999999999,70.1132,72.9374,165,12
nine_mile,272,70.46507272727273,1.7775641198123757,68.66276,70.007,72.9374,165,12
nine_mile,273,70.38778181818182,1.7492524999815768,68.63936,69.9728,72.9374,165,12
nine_mile,274,70.3309018181818,1.7465729488536703,68.60947999999999,69.8846,72.9374,165,12
nine_mile,275,70.26230545454546,1.7418360173949947,68.48780000000001,69.78739999999999,72.9374,165,12
nine_mile,276,70.17476,1.7405193120753695,68.41256000000001,69.7082,72.9374,165,12
nine_mile,277,70.09724000000001,1.7542527962834469,68.40716,69.6506,72.9374,165,12
nine_mile,278,70.02910181818183,1.7938498423465992,68.34812,69.6416,72.9374,165,12
nine_mile,279,69.94160000000001,1.8508091521172507,68.20016,69.5552,72.9374,165,12
nine_mile,280,69.83955636363636,1.8881631696327064,68.03312,69.4868,72.9374,165,12
nine_mile,281,69.73022545454545,1.8925219225670535,67.84628,69.3914,72.9374,165,12
nine_mile,282,69.65860727272728,1.9111536416253938,67.5824,69.3284,72.9374,165,12
nine_mile,283,69.58248363636363,1.945859506506024,67.19467999999999,69.3014,72.9374,165,12
nine_mile,284,69.48898181818183,2.009326237010948,67.0568,69.1772,72.87584,165,12
nine_mile,285,69.40213454545454,2.0710220626498073,67.01576,69.0152,72.59756,165,12
nine_mile,286,69.32856363636364,2.108568600742095,66.97904,68.8586,72.28148,165,12
nine_mile,287,69.26893454545454,2.1332287888188826,66.89084,68.7758,72.23216000000001,165,12
nine_mile,288,69.18593818181819,2.163170870038814,66.85196,68.68039999999999,72.23216000000001,165,12
nine_mile,289,69.0751018181818,2.192437212118523,66.72344,68.6534,72.23216000000001,165,12
nine_mile,290,68.96304363636364,2.2286656590963747,66.46892,68.6156,72.23216000000001,165,12
nine_mile,291,68.87629454545454,2.2628567171224443,66.42644,68.57419999999999,72.23216000000001,165,12
nine_mile,292,68.81012,2.2523750023301963,66.36956,68.46979999999999,72.19652,165,12
nine_mile,293,68.74873454545454,2.21426166708538,66.29072,68.43379999999999,72.19652,165,12
nine_mile,294,68.68216727272728,2.1764363075058535,66.1802,68.396,72.19652,165,12
nine_mile,295,68.60688363636363,2.1467281282502553,66.1298,68.369,72.1166,165,12
nine_mile,296,68.51332727272728,2.123545256668084,66.11396,68.2502,72.03668,165,12
nine_mile,297,68.38467636363637,2.090134705831967,66.06824,68.0666,71.99311999999999,165,12
nine_mile,298,68.26078181818181,2.0594274798568066,65.91127999999999,67.8776,71.63096,165,12
nine_mile,299,68.14835272727272,2.0051151300673076,65.81515999999999,67.86500000000001,71.5226,165,12
nine_mile,300,68.02683636363636,1.9507324257105083,65.67872,67.8092,70.94839999999999,165,12
nine_mile,301,67.86484727272726,1.933254533970506,65.43824000000001,67.6472,70.0736,165,12
nine_mile,302,67.70441818181818,1.9137326341558953,65.31296,67.5068,69.95732,165,12
nine_mile,303,67.55776727272728,1.9122688867583086,65.23736,67.4114,69.75175999999999,165,12
nine_mile,304,67.42474181818181,1.9178436788732904,65.19776,67.3124,69.4544,165,12
nine_mile,305,67.28725454545454,1.9214569085454136,64.859,67.2116,69.33272,165,12
nine_mile,306,67.14129090909093,1.912991553212077,64.68404,67.1666,69.242,165,12
nine_mile,307,66.98171272727272,1.9090695302585028,64.55011999999999,67.0784,69.08648,165,12
nine_mile,308,66.8075490909091,1.897005486016798,64.42592,66.9416,68.98244,165,12
nine_mile,309,66.62560727272728,1.8808227056771427,64.3154,66.7814,68.79416,165,12
nine_mile,310,66.45105090909091,1.8710233968443057,64.14404,66.6374,68.62784,165,12
nine_mile,311,66.29797454545455,1.8808900855016382,64.04072,66.2162,68.57456,165,12
nine_mile,312,66.16384727272728,1.8814594218436782,63.80024,65.9318,68.468,165,12
nine_mile,313,66.00206545454546,1.8606821306443873,63.51008,65.7824,68.405,165,12
nine_mile,314,65.8145381818182,1.8544714997077694,63.32324,65.6978,68.31968,165,12
nine_mile,315,65.63749454545454,1.839822072198319,63.2174,65.5718,67.95752,165,12
nine_mile,316,65.51604363636363,1.864224824852532,63.07916,65.471,67.71956,165,12
nine_mile,317,65.39964363636365,1.8742813251721677,62.96648,65.3558,67.631,165,12
nine_mile,318,65.29140363636364,1.8691033994382378,62.77028,65.2316,67.45676,165,12
nine_mile,319,65.17561454545454,1.8740779293169731,62.66084,65.1362,67.42508000000001,165,12
nine_mile,320,65.05697818181818,1.8887341194978218,62.6414,65.0966,67.42328,165,12
nine_mile,321,64.92300363636363,1.9054980053842312,62.5172,65.0444,67.40276,165,12
nine_mile,322,64.79302181818181,1.9184924076101135,62.38688,64.9886,67.34552,165,12
nine_mile,323,64.66972727272727,1.910091049814362,62.2796,64.8878,67.30699999999999,165,12
nine_mile,324,64.56156363636362,1.9089844358272279,61.62296,64.8518,66.96319999999999,165,12
nine_mile,325,64.45692363636364,1.9066570482765888,61.1708,64.6628,66.92179999999999,165,12
nine_mile,326,64.32609090909091,1.892948640955401,61.0376,64.517,66.42356,165,12
nine_mile,327,64.1974509090909,1.8704346622336594,61.0376,64.2272,66.38648,165,12
nine_mile,328,64.10519272727272,1.8790885277359166,61.0376,64.1156,66.38648,165,12
nine_mile,329,64.03182909090908,1.8809531613642372,61.0376,64.05799999999999,66.36272,165,12
nine_mile,330,63.949825454545476,1.8690870887804225,61.0376,63.9104,66.30260000000001,165,12
nine_mile,331,63.85293090909091,1.8472300907369843,61.0376,63.8618,66.22807999999999,165,12
nine_mile,332,63.75238181818182,1.835081981264076,61.0376,63.83839999999999,66.21007999999999,165,12
nine_mile,333,63.641,1.8377061656368,60.94256,63.8096,66.21007999999999,165,12
nine_mile,334,63.53367636363636,1.8211542404606123,60.90404,63.741200000000006,66.21007999999999,165,12
nine_mile,335,63.44127636363637,1.7879062139795519,60.914840000000005,63.6566,66.02,165,12
nine_mile,336,63.36806545454546,1.7654473716401293,60.914840000000005,63.5792,65.65964,165,12
nine_mile,337,63.29018545454546,1.7446369228209249,60.910520000000005,63.4298,65.4746,165,12
nine_mile,338,63.2129490909091,1.7519758548362034,60.884240000000005,63.1238,65.58368,165,12
nine_mile,339,63.12744363636364,1.769005771485122,60.83636,63.0104,65.45732,165,12
nine_mile,340,63.036232727272726,1.789315988847913,60.69524,62.9618,65.20532,165,12
nine_mile,341,62.96157090909092,1.8175514026018023,60.63656,62.879000000000005,65.0822,165,12
nine_mile,342,62.876949090909086,1.853077509159678,60.54332,62.85379999999999,64.99508,165,12
nine_mile,343,62.784003636363636,1.87380413668815,60.2222,62.8196,64.90904,165,12
nine_mile,344,62.68824363636364,1.9003364625158317,60.012679999999996,62.7098,64.69051999999999,165,12
nine_mile,345,62.57741818181819,1.936059223521966,59.96768,62.6432,64.64444,165,12
nine_mile,346,62.46728,1.9697552146792496,59.83016,62.6216,64.63796,165,12
nine_mile,347,62.36773454545455,1.9785149308982075,59.758880000000005,62.5676,64.63004000000001,165,12
nine_mile,348,62.284629090909085,1.969025320509387,59.67932,62.50279999999999,64.60231999999999,165,12
nine_mile,349,62.206509090909094,1.9528052687819912,59.58572,62.3948,64.58648,165,12
nine_mile,350,62.11690181818183,1.9605485135441276,59.39312,62.2328,64.58648,165,12
nine_mile,351,62.01473818181818,1.9640417327812638,59.367920000000005,62.0384,64.57244,165,12
nine_mile,352,61.89958181818182,1.9702953680786757,59.27108,61.91780000000001,64.55372,165,12
nine_mile,353,61.792159999999996,1.9547283964786515,59.222120000000004,61.7864,64.51412,165,12
nine_mile,354,61.695167272727275,1.9219519394883116,59.222120000000004,61.7216,64.45652000000001,165,12
nine_mile,355,61.60309454545453,1.8825069230674545,59.222120000000004,61.5596,64.40108,165,12
nine_mile,356,61.5121890909091,1.8460710852595803,59.25596,61.491200000000006,64.26751999999999,165,12
nine_mile,357,61.43075272727272,1.7999004931697302,59.26604,61.3274,63.986,165,12
nine_mile,358,61.339378181818184,1.7595755549755188,59.25596,61.0826,63.83912,165,12
nine_mile,359,61.2660050955414,1.7404821244743924,59.22212,61.061,63.77288,157,12
nine_mile,360,61.21297468354429,1.7117885695584363,59.16866,60.9845,63.69332,158,12
nine_mile,361,61.164924528301874,1.6813849084818455,59.13716,61.061,63.5918,159,12
nine_mile,362,61.1074175,1.6490924769943152,59.1044,60.9872,63.532759999999996,160,12
nine_mile,363,61.04777391304349,1.6203576762755865,58.991,60.908,63.3074,161,12
nine_mile,364,60.98957777777778,1.5978216595265489,59.019800000000004,60.7739,63.18302,162,12
nine_mile,365,60.948958282208594,1.5685020126480496,59.0306,60.7262,63.097519999999996,163,12
nine_mile,366,60.90807682926828,1.5434041194788362,58.95698,60.702799999999996,63.0383,164,12
outer_banks,1,61.218680000000006,1.6318430253595575,59.26388,61.124,63.2714,165,12
outer_banks,2,61.177707228915665,1.6159900954754327,59.2214,61.115899999999996,63.2318,166,12
outer_banks,3,61.142441916167655,1.5914228557939256,59.27432,61.0466,63.22676,167,12
outer_banks,4,61.10836785714285,1.5627369407633898,59.3078,60.983599999999996,63.22622,168,12
outer_banks,5,61.07920236686391,1.548888201564834,59.3096,60.8954,63.225680000000004,169,12
outer_banks,6,61.04095647058824,1.5389233172315087,59.28998,60.8387,63.16628,170,12
outer_banks,7,61.0054105263158,1.5299814496781108,59.243,60.8378,63.1508,171,12
outer_banks,8,61.01736000000001,1.518135309093061,59.28998,60.8387,63.15494,180,12
outer_banks,9,60.98635000000001,1.5057819840970623,59.28998,60.817099999999996,63.15494,180,12
outer_banks,10,60.970499999999994,1.500803682128513,59.306180000000005,60.7793,63.16628,180,12
outer_banks,11,60.964369999999995,1.5077897864055276,59.2349,60.746,63.23036,180,12
outer_banks,12,60.95794,1.5058633944142714,59.11772,60.746,63.17456,180,12
outer_banks,13,60.93995,1.4897775221216738,59.12834,60.746,63.30758,180,12
outer_banks,14,60.90691,1.474467898762278,58.883720000000004,60.746,63.30758,180,12
outer_banks,15,60.871550000000006,1.4706405229197348,58.818020000000004,60.734300000000005,63.30758,180,12
outer_banks,16,60.82708,1.475801982084325,58.71812,60.725300000000004,63.15116,180,12
outer_banks,17,60.79420000000001,1.4923244019550141,58.69382,60.725300000000004,63.12974,180,12
outer_banks,18,60.76388999999999,1.504086551989976,58.63946,60.737899999999996,63.03992,180,12
outer_banks,19,60.73405,1.536052128403585,58.620020000000004,60.737899999999996,63.03992,180,12
outer_banks,20,60.704899999999995,1.5561066200491833,58.584199999999996,60.725300000000004,63.12974,180,12
outer_banks,21,60.69307,1.5843558999298286,58.56782,60.725300000000004,63.155120000000004,180,12
outer_banks,22,60.68260999999999,1.6034037970629087,58.56782,60.7199,63.21866,180,12
outer_banks,23,60.67011,1.626373486729046,58.532360000000004,60.737899999999996,63.21866,180,12
outer_banks,24,60.664500000000004,1.6550311843000378,58.3349,60.7892,63.21866,180,12
outer_banks,25,60.636399999999995,1.6709523082770232,58.243280000000006,60.7892,63.16718000000001,180,12
outer_banks,26,60.59843000000001,1.6648730952996127,58.243280000000006,60.769400000000005,63.022099999999995,180,12
outer_banks,27,60.5512,1.652526258245219,58.4069,60.7199,63.00878,180,12
outer_banks,28,60.51177,1.661550215976722,58.2188,60.6173,63.00878,180,12
outer_banks,29,60.49964,1.6747100897980844,58.201879999999996,60.549800000000005,63.00878,180,12
outer_banks,30,60.49399999999999,1.6788575584831422,58.19468,60.4418,62.98106,180,12
outer_banks,31,60.48818999999999,1.6842937876237427,58.19468,60.4058,62.98124,180,12
outer_banks,32,60.49794,1.6893596421136132,58.19468,60.4058,63.01994,180,12
outer_banks,33,60.51030000000001,1.7062367299256824,58.201879999999996,60.4058,63.10616,180,12
outer_banks,34,60.51981999999999,1.7055892740892422,58.33328,60.3869,63.120200000000004,180,12
outer_banks,35,60.53241,1.7038626899689298,58.41374,60.3698,63.120200000000004,180,12
outer_banks,36,60.52696999999999,1.7127666654475027,58.41374,60.3698,63.120200000000004,180,12
outer_banks,37,60.51828000000001,1.744371626081179,58.33328,60.3365,63.120200000000004,180,12
outer_banks,38,60.51928999999999,1.7660331430834686,58.41374,60.3266,63.21938,180,12
outer_banks,39,60.52362,1.7780034342866713,58.42022,60.3014,63.21938,180,12
outer_banks,40,60.541999999999994,1.7843254811187992,58.39898,60.3014,63.21938,180,12
outer_banks,41,60.55653,1.7930721678434955,58.39898,60.3176,63.21938,180,12
outer_banks,42,60.56949,1.81144374251636,58.39898,60.3266,63.21938,180,12
outer_banks,43,60.57419,1.8062344217371558,58.39898,60.3635,63.2174,180,12
outer_banks,44,60.58311508379888,1.7948683009951647,58.39556,60.3608,63.18788,179,12
outer_banks,45,60.58605280898876,1.788995859285339,58.35902,60.3815,63.08438,178,12
outer_banks,46,60.58155280898877,1.7746395344076105,58.35902,60.3464,62.91932,178,12
outer_banks,47,60.56361348314607,1.761146847404345,58.35902,60.3149,62.85884,178,12
outer_banks,48,60.543166292134835,1.7561177529559888,58.35146,60.2987,62.85056,178,12
outer_banks,49,60.536026966292134,1.7531494358306872,58.35146,60.3086,62.84462,178,12
outer_banks,50,60.52406404494382,1.76321893060136,58.35146,60.3086,62.826620000000005,178,12
outer_banks,51,60.512010112359555,1.7731340153827437,58.39214,60.2933,62.84462,178,12
outer_banks,52,60.49743820224719,1.771182598931666,58.409960000000005,60.27890000000001,62.85056,178,12
outer_banks,53,60.475888764044946,1.7580842537119419,58.409960000000005,60.2699,62.84462,178,12
outer_banks,54,60.46656516853934,1.7357509249838163,58.43588,60.2699,62.826620000000005,178,12
outer_banks,55,60.44545056179775,1.712707890874261,58.4456,60.260000000000005,62.80952,178,12
outer_banks,56,60.41969438202247,1.7025619138121648,58.4519,60.2528,62.76488,178,12
outer_banks,57,60.39915617977528,1.6816737618987727,58.51742,60.2528,62.67416,178,12
outer_banks,58,60.38193483146068,1.6814884127036829,58.4456,60.233000000000004,62.67416,178,12
outer_banks,59,60.34283016759776,1.695689983386987,58.43372,60.1952,62.70872,179,12
outer_banks,60,60.31255,1.7029267044820187,58.4456,60.171800000000005,62.728159999999995,180,12
outer_banks,61,60.30345,1.7116355270250447,58.53794,60.1484,62.75336,180,12
outer_banks,62,60.3,1.740113996265762,58.439659999999996,60.2006,62.8052,180,12
outer_banks,63,60.29569,1.7819797645428592,57.94034,60.2006,62.812219999999996,180,12
outer_banks,64,60.283030000000004,1.815906992853086,57.911359999999995,60.181700000000006,62.812219999999996,180,12
outer_banks,65,60.283899999999996,1.83051940847522,57.895520000000005,60.1934,62.812219999999996,180,12
outer_banks,66,60.29902,1.8336365595305215,57.895520000000005,60.206,62.79710000000001,180,12
outer_banks,67,60.324059999999996,1.8534715112684628,57.86690000000001,60.2267,62.781620000000004,180,12
outer_banks,68,60.35995,1.8924768360906468,57.86690000000001,60.2708,62.79710000000001,180,12
outer_banks,69,60.395959999999995,1.9357533594913692,57.895520000000005,60.3203,62.8169,180,12
outer_banks,70,60.460679999999996,1.9926175135614848,57.911359999999995,60.427400000000006,62.92292,180,12
outer_banks,71,60.54431,2.0498589177533013,57.92738,60.4814,63.08564,180,12
outer_banks,72,60.62185,2.0992907950493107,57.941959999999995,60.512,63.257720000000006,180,12
outer_banks,73,60.704249999999995,2.1563059117842087,57.97256,60.567800000000005,63.55364,180,12
outer_banks,74,60.79947,2.209727347722732,58.06814,60.6128,63.88195999999999,180,12
outer_banks,75,60.895379999999996,2.2670342555908465,58.06814,60.6596,64.22648,180,12
outer_banks,76,60.99045999999999,2.308032736510569,58.06814,60.729800000000004,64.26032,180,12
outer_banks,77,61.092819999999996,2.3297796295528306,58.09946,60.8288,64.33538,180,12
outer_banks,78,61.188950000000006,2.338526505452505,58.1801,60.8621,64.39802,180,12
outer_banks,79,61.26592000000001,2.3442127007619007,58.2242,60.8621,64.70546,180,12
outer_banks,80,61.331799999999994,2.355899624062794,58.33328,60.9143,64.89644,180,12
outer_banks,81,61.39601999999999,2.362855137148876,58.3817,60.9557,65.18678,180,12
outer_banks,82,61.441,2.360731286945214,58.49132,60.9953,65.27282,180,12
outer_banks,83,61.47786000000001,2.359128226912805,58.52588,60.998000000000005,65.45407999999999,180,12
outer_banks,84,61.48686,2.3624716780212434,58.52588,61.007,65.498,180,12
outer_banks,85,61.47371,2.3600272836482725,58.52102,61.001599999999996,65.498,180,12
outer_banks,86,61.46238,2.345034707379752,58.52102,61.001599999999996,65.45407999999999,180,12
outer_banks,87,61.47526,2.3330301649506873,58.52102,61.035799999999995,65.34896,180,12
outer_banks,88,61.50508000000001,2.3203726282911767,58.52102,61.0691,65.37326,180,12
outer_banks,89,61.543279999999996,2.296913051630079,58.52786,61.0925,65.38622000000001,180,12
outer_banks,90,61.5869,2.258540508366622,58.70516,61.147400000000005,65.38622000000001,180,12
outer_banks,91,61.63417999999999,2.251458585909818,58.748360000000005,61.1618,65.38622000000001,180,12
outer_banks,92,61.65603,2.2493243457268073,58.76132,61.1726,65.38622000000001,180,12
outer_banks,93,61.70226999999999,2.226117533322892,58.85474,61.2374,65.38622000000001,180,12
outer_banks,94,61.75497,2.197043479782743,58.928180000000005,61.3562,65.37326,180,12
outer_banks,95,61.784299999999995,2.1732343600465986,58.959500000000006,61.4084,65.34086,180,12
outer_banks,96,61.81161,2.146218544821118,58.959500000000006,61.455200000000005,65.24474000000001,180,12
outer_banks,97,61.84881000000001,2.1063380118136723,59.08694,61.525400000000005,65.11693999999999,180,12
outer_banks,98,61.87644999999999,2.0666592939482236,59.0873,61.6532,65.05897999999999,180,12
outer_banks,99,61.92031999999999,2.0268871126481103,59.09,61.780100000000004,64.9562,180,12
outer_banks,100,61.98249,1.998769163413956,59.41994,61.8404,64.9562,180,12
outer_banks,101,62.04441000000001,1.9825540982030418,59.4347,61.9178,64.9562,180,12
outer_banks,102,62.09065,1.970542528349368,59.43974,62.0492,64.9562,180,12
outer_banks,103,62.12738999999999,1.9545180928603436,59.50742,62.0492,64.98104000000001,180,12
outer_banks,104,62.17119,1.951279311994824,59.80442,62.0393,64.98104000000001,180,12
outer_banks,105,62.22045,1.9586489848245368,59.837,62.0168,65.06132,180,12
outer_banks,106,62.269330000000004,1.9560414283664935,59.92772,61.9637,65.084,180,12
outer_banks,107,62.33926999999999,1.9367549207387045,60.0665,61.9637,65.084,180,12
outer_banks,108,62.39417,1.9265686032440126,60.093320000000006,62.0168,65.084,180,12
outer_banks,109,62.44337,1.925789740807361,60.0665,62.0402,65.084,180,12
outer_banks,110,62.51372,1.9298910409628898,60.0665,62.1599,65.08670000000001,180,12
outer_banks,111,62.56789,1.9323297017073868,60.0665,62.160799999999995,65.08670000000001,180,12
outer_banks,112,62.622699999999995,1.9403895652749559,60.21788,62.187799999999996,65.20784,180,12
outer_banks,113,62.685930000000006,1.958266268720039,60.32336,62.2355,65.27029999999999,180,12
outer_banks,114,62.747550000000004,1.981821554056496,60.4904,62.29129999999999,65.42204000000001,180,12
outer_banks,115,62.81434,2.00456841612537,60.540620000000004,62.4011,65.67692,180,12
outer_banks,116,62.87105999999999,2.0230036039590447,60.63296,62.4083,65.76494000000001,180,12
outer_banks,117,62.919819999999994,2.021549311607948,60.64808,62.4893,65.79554,180,12
outer_banks,118,62.961090000000006,2.021832740931276,60.64808,62.5478,65.81498,180,12
outer_banks,119,62.983219999999996,2.0006367571937282,60.663380000000004,62.626999999999995,65.78816,180,12
outer_banks,120,62.985369999999996,1.9963865842395967,60.663380000000004,62.633300000000006,65.78816,180,12
outer_banks,121,62.986579999999975,1.9855645210075146,60.66266,62.6387,65.78816,180,12
outer_banks,122,62.99670999999999,1.9931237354784008,60.641239999999996,62.644099999999995,65.81552,180,12
outer_banks,123,63.00503,1.9961153618631167,60.66266,62.68820000000001,65.88517999999999,180,12
outer_banks,124,63.01288999999999,1.9734607714458765,60.707119999999996,62.703500000000005,65.88517999999999,180,12
outer_banks,125,63.01894,1.9410463233659607,60.71828,62.8232,65.81534,180,12
outer_banks,126,63.04516,1.9127578567937595,60.71828,62.838499999999996,65.81534,180,12
outer_banks,127,63.078739999999996,1.8691753217445908,60.72548,62.844800000000006,65.81534,180,12
outer_banks,128,63.107890000000005,1.8137407837157895,60.761300000000006,62.861000000000004,65.786,180,12
outer_banks,129,63.13575000000001,1.7653701210515818,60.9224,62.870000000000005,65.7536,180,12
outer_banks,130,63.139660000000006,1.716488171098057,61.06928,62.879000000000005,65.57342,180,12
outer_banks,131,63.14424,1.6569506909181326,61.24586,62.896100000000004,65.54246,180,12
outer_banks,132,63.16108,1.6004355771068306,61.29266,62.932100000000005,65.40026,180,12
outer_banks,133,63.184870000000004,1.5415692348017167,61.349,62.9393,65.40026,180,12
outer_banks,134,63.21527,1.5208475951214149,61.37546,62.9618,65.54246,180,12
outer_banks,135,63.253409999999995,1.5079961452872206,61.44386,62.9636,65.56424,180,12
outer_banks,136,63.30384000000001,1.5052735610468249,61.44386,63.013999999999996,65.6852,180,12
outer_banks,137,63.334250000000004,1.4761057039067846,61.47356,63.107600000000005,65.66018000000001,180,12
outer_banks,138,63.365379999999995,1.456541219180969,61.56895999999999,63.150800000000004,65.56424,180,12
outer_banks,139,63.429559999999995,1.4688629390064245,61.65068,63.2111,65.66018000000001,180,12
outer_banks,140,63.4841,1.4688396375690076,61.77884,63.251599999999996,65.6852,180,12
outer_banks,141,63.52787000000001,1.4713299457886055,61.806200000000004,63.2624,65.6852,180,12
outer_banks,142,63.57499000000001,1.4944834776361273,61.84202,63.3047,65.6852,180,12
outer_banks,143,63.616629999999994,1.504968579040586,61.84202,63.353300000000004,65.6861,180,12
outer_banks,144,63.659110000000005,1.5093995134808045,61.84202,63.383,65.6861,180,12
outer_banks,145,63.71741,1.498257164681535,62.013920000000006,63.4127,65.6861,180,12
outer_banks,146,63.78803000000001,1.4991403837760346,62.03642,63.4964,65.6861,180,12
outer_banks,147,63.867709999999995,1.520675806876703,62.082860000000004,63.5513,65.83118,180,12
outer_banks,148,63.9344,1.5319835883129869,62.11292,63.6944,65.96042,180,12
outer_banks,149,64.00312000000001,1.5413816325063476,62.21318,63.760999999999996,66.09056,180,12
outer_banks,150,64.07886,1.522648688416076,62.3273,63.7988,66.11738,180,12
outer_banks,151,64.13464,1.5118158342216665,62.39714,63.92659999999999,66.11828,180,12
outer_banks,152,64.2182,1.5194871845902749,62.44124,64.0652,66.2711,180,12
outer_banks,153,64.31489,1.523249776379509,62.481919999999995,64.0976,66.43112,180,12
outer_banks,154,64.41038,1.5232102632893285,62.53466,64.22,66.66368,180,12
outer_banks,155,64.52708,1.5302280334832783,62.54024,64.4981,66.71552,180,12
outer_banks,156,64.65522,1.536759362617381,62.56634,64.7852,66.74522,180,12
outer_banks,157,64.77419,1.5338895777633246,62.59604,64.8851,66.80048,180,12
outer_banks,158,64.89701000000001,1.5191535954614175,62.649680000000004,64.98859999999999,66.84782,180,12
outer_banks,159,65.01301,1.489433475332598,62.71502,65.201,66.89498,180,12
outer_banks,160,65.12749,1.4676277177432526,63.019220000000004,65.2784,66.89822000000001,180,12
outer_banks,161,65.24767,1.4549280614940743,63.26114,65.3783,66.99812,180,12
outer_banks,162,65.38267,1.450218627397744,63.46076,65.4764,67.19467999999999,180,12
outer_banks,163,65.52491,1.4428122963785017,63.60656,65.6087,67.51364,180,12
outer_banks,164,65.67187,1.433544543189106,63.7394,65.6744,67.676,180,12
outer_banks,165,65.81174,1.4095088303194852,63.932900000000004,65.7905,67.83584,180,12
outer_banks,166,65.94798,1.367042094646801,64.13558,65.8463,67.97858,180,12
outer_banks,167,66.07366999999999,1.353330316465159,64.55012,65.8877,68.04014,180,12
outer_banks,168,66.19618999999999,1.3471729945400022,64.65668,65.9624,68.12798000000001,180,12
outer_banks,169,66.30354,1.347287896371632,64.7681,66.00110000000001,68.20034,180,12
outer_banks,170,66.39263,1.3413854416257789,64.84442,66.0587,68.2466,180,12
outer_banks,171,66.48836,1.3331852006278737,64.9616,66.0731,68.2754,180,12
outer_banks,172,66.59616,1.3458175383978386,64.97312,66.2072,68.34146,180,12
outer_banks,173,66.73217,1.3812969561633532,65.00066,66.6167,68.38646,180,12
outer_banks,174,66.85848,1.3944376230272786,65.08436,66.76249999999999,68.48546,180,12
outer_banks,175,66.97051,1.3857998759605554,65.16968,66.9893,68.64403999999999,180,12
outer_banks,176,67.04723,1.3788796894499729,65.21738,67.15039999999999,68.74952,180,12
outer_banks,177,67.10937,1.3800791232235716,65.255,67.2467,68.90270000000001,180,12
outer_banks,178,67.16602999999999,1.3853083687890115,65.30036,67.3151,68.9252,180,12
outer_banks,179,67.22484,1.3919509227526508,65.32682,67.3709,68.98748,180,12
outer_banks,180,67.30768000000002,1.4044294378340083,65.35148,67.586,68.99918,180,12
outer_banks,181,67.39916,1.4333999468233118,65.50538,67.6634,69.15722,180,12
outer_banks,182,67.48319000000001,1.4659736190474293,65.59502,67.7624,69.20186000000001,180,12
outer_banks,183,67.56845,1.5152095130863874,65.64596,67.8218,69.33758,180,12
outer_banks,184,67.66778,1.5314265592621175,65.66252,67.9361,69.4481,180,12
outer_banks,185,67.77149999999999,1.5358869452545498,65.87888,68.03059999999999,69.6371,180,12
outer_banks,186,67.8729,1.540670071663843,65.93503999999999,68.07830000000001,69.6695,180,12
outer_banks,187,67.98035,1.5658758903815504,65.93503999999999,68.1701,69.69506,180,12
outer_banks,188,68.07086,1.5920194433135133,65.97932,68.2088,69.7865,180,12
outer_banks,189,68.19185,1.6244959163662132,66.01352,68.2979,69.92276,180,12
outer_banks,190,68.30488000000001,1.629014929898558,66.17173999999999,68.4086,70.10474,180,12
outer_banks,191,68.41917,1.620206746925257,66.23960000000001,68.60210000000001,70.23902,180,12
outer_banks,192,68.53573,1.6287672265247475,66.31898,68.6876,70.26350000000001,180,12
outer_banks,193,68.67488,1.6427873161423583,66.49538,68.8118,70.43018000000001,180,12
outer_banks,194,68.81546,1.6676641341447773,66.5618,68.8685,70.79468,180,12
outer_banks,195,68.94489,1.6943796430103981,67.0559,68.9864,70.9007,180,12
outer_banks,196,69.0714,1.6871894482214924,67.0559,69.05930000000001,71.02796000000001,180,12
outer_banks,197,69.20645,1.66334967629854,67.21285999999999,69.233,71.5217,180,12
outer_banks,198,69.32889,1.628833845626747,67.42688000000001,69.2933,71.59514,180,12
outer_banks,199,69.41788,1.6143354091480029,67.72208,69.3689,71.59514,180,12
outer_banks,200,69.52291000000001,1.6058730089248325,67.83368,69.4373,71.67704,180,12
outer_banks,201,69.62665,1.6109609063325663,67.85474,69.53630000000001,71.76578,180,12
outer_banks,202,69.71909,1.6041314907687516,67.88029999999999,69.6668,71.78486000000001,180,12
outer_banks,203,69.79998,1.602766796462784,67.88462,69.88640000000001,71.85542,180,12
outer_banks,204,69.85411,1.6015308439568845,67.88462,69.989,71.879,180,12
outer_banks,205,69.93553,1.6165546681361027,67.88462,70.0556,71.9753,180,12
outer_banks,206,70.03366,1.6120454403814886,67.88803999999999,70.1753,72.10526,180,12
outer_banks,207,70.12427,1.6086177170991753,67.88803999999999,70.2851,72.19058,180,12
outer_banks,208,70.20634,1.611770225788226,67.90747999999999,70.31569999999999,72.27554,180,12
outer_banks,209,70.27776,1.6219493741315756,67.90747999999999,70.3418,72.31964,180,12
outer_banks,210,70.33198,1.6485392439755189,67.90747999999999,70.37960000000001,72.39164000000001,180,12
outer_banks,211,70.37490999999999,1.6969902832884518,67.88462,70.5308,72.56696,180,12
outer_banks,212,70.38964999999999,1.7556390383608929,67.88029999999999,70.5299,72.58136,180,12
outer_banks,213,70.41921,1.802556843790224,67.88029999999999,70.5299,72.6908,180,12
outer_banks,214,70.48253,1.8367621698500272,67.88462,70.5416,72.75992,180,12
outer_banks,215,70.54701,1.8772514218083751,68.08964,70.67660000000001,72.81716,180,12
outer_banks,216,70.59707,1.918904541132168,68.17406000000001,70.7936,72.82238000000001,180,12
outer_banks,217,70.63133,1.9604765581258288,68.18162,70.7936,72.84541999999999,180,12
outer_banks,218,70.66512,2.00202229418491,68.18342,70.7936,72.96332000000001,180,12
outer_banks,219,70.7412,2.0227421369028327,68.18342,70.9277,73.00868,180,12
outer_banks,220,70.79923000000001,2.032523209647111,68.19818,70.9529,73.28858,180,12
outer_banks,221,70.86371,2.045018245567485,68.19818,70.99430000000001,73.69556,180,12
outer_banks,222,70.92062,2.0522834508727734,68.23057999999999,71.0087,73.814,180,12
outer_banks,223,70.97487000000001,2.074280367583125,68.25019999999999,71.078,73.84280000000001,180,12
outer_banks,224,71.01845,2.092379122837722,68.46079999999999,70.99430000000001,74.00822000000001,180,12
outer_banks,225,71.06337,2.111763810379091,68.48546,71.078,74.20694,180,12
outer_banks,226,71.1144,2.092865942531395,68.6246,71.1635,74.36192,180,12
outer_banks,227,71.18343999999999,2.0446427378742484,68.7227,71.2013,74.36192,180,12
outer_banks,228,71.23378,2.0276690773937935,68.72702,71.2607,74.20694,180,12
outer_banks,229,71.26071,2.026807613305209,68.72702,71.3021,74.19200000000001,180,12
outer_banks,230,71.24027000000001,2.1016115555667323,68.72108,71.36959999999999,74.18552,180,12
outer_banks,231,71.22254,2.1670137906045714,68.67698,71.3786,74.17994,180,12
outer_banks,232,71.24014078212291,2.1210550428208577,68.67175999999999,71.375,73.91336,179,12
outer_banks,233,71.26804157303371,2.0721587743907364,68.71243999999999,71.3894,73.82786,178,12
outer_banks,234,71.26558644067796,2.051840600156714,68.73295999999999,71.3822,73.82948,177,12
outer_banks,235,71.2895409090909,2.022345162154154,68.76050000000001,71.42269999999999,73.8311,176,12
outer_banks,236,71.29300228571428,1.9934499226260323,68.78696000000001,71.4254,73.7888,175,12
outer_banks,237,71.30050689655174,1.9565387495985067,68.78714,71.4443,73.71086000000001,174,12
outer_banks,238,71.28751791907516,1.900973625195434,68.84816000000001,71.4254,73.62536,173,12
outer_banks,239,71.27291279069767,1.840214507728739,68.96012,71.4002,73.59998,172,12
outer_banks,240,71.26932631578947,1.7846992464897422,69.29599999999999,71.375,73.553,171,12
outer_banks,241,71.26183294117646,1.7588197420606542,69.48086,71.31110000000001,73.40558,170,12
outer_banks,242,71.25286627218935,1.7574628175599234,69.45908,71.375,73.31288,169,12
outer_banks,243,71.26998928571427,1.7360177260138268,69.47978,71.4002,73.2074,168,12
outer_banks,244,71.31727065868265,1.7153645859373796,69.52532000000001,71.6216,73.18724,167,12
outer_banks,245,71.40224939759035,1.587621371614056,69.674,71.70259999999999,73.2236,166,12
outer_banks,246,71.4845490909091,1.4227601550703743,69.76472,71.6972,73.23044,165,12
outer_banks,247,71.52477090909092,1.41690266155417,69.79892,71.6954,73.26104,165,12
outer_banks,248,71.53864727272727,1.4173961063816316,69.80432,71.672,73.26104,165,12
outer_banks,249,71.54198545454545,1.4310037499846278,69.79892,71.672,73.26104,165,12
outer_banks,250,71.49854545454546,1.459923082565192,69.66535999999999,71.6054,73.26104,165,12
outer_banks,251,71.45356727272727,1.4973357547928023,69.62107999999999,71.5118,73.26104,165,12
outer_banks,252,71.40152,1.5482431306515638,69.54224,71.4362,73.32044,165,12
outer_banks,253,71.35931272727272,1.5966264898049212,69.48428000000001,71.393,73.36328,165,12
outer_banks,254,71.32667272727272,1.644295315457229,69.35036,71.3804,73.52492,165,12
outer_banks,255,71.28784727272728,1.6740721550860909,69.03572,71.3804,73.52492,165,12
outer_banks,256,71.25145454545455,1.6986553188838827,68.64656,71.3588,73.52492,165,12
outer_banks,257,71.20300727272728,1.739071135572358,68.54216,71.3228,73.52492,165,12
outer_banks,258,71.12773454545454,1.7722622769016447,68.50580000000001,71.2742,73.52492,165,12
outer_banks,259,71.02328,1.7750793084034162,68.50580000000001,71.1482,73.53068,165,12
outer_banks,260,70.90518909090908,1.7684774118494497,68.50580000000001,71.0798,72.75344,165,12
outer_banks,261,70.80998545454545,1.7642758876071563,68.50580000000001,70.85300000000001,72.55976,165,12
outer_banks,262,70.71467272727273,1.7806725278006226,68.46872,70.6118,72.55976,165,12
outer_banks,263,70.62901454545454,1.8015937244783642,68.36432,70.5146,72.55976,165,12
outer_banks,264,70.54846181818182,1.802921800939118,68.30456,70.4336,72.49964,165,12
outer_banks,265,70.49818181818182,1.817282920752201,68.28944,70.39399999999999,72.49964,165,12
outer_banks,266,70.46954545454544,1.8255693819929353,68.29448000000001,70.16,72.49964,165,12
outer_banks,267,70.44137818181818,1.8186776337819264,68.29448000000001,70.1078,72.49964,165,12
outer_banks,268,70.39633454545456,1.8095134024754722,68.30024,70.0682,72.48416,165,12
outer_banks,269,70.34424363636364,1.8000314662659855,68.32832,69.9044,72.48416,165,12
outer_banks,270,70.28817090909092,1.7823074069326807,68.46584,69.8126,72.653,165,12
outer_banks,271,70.23435636363637,1.7602790354016329,68.46584,69.7388,72.80132,165,12
outer_banks,272,70.18331272727274,1.7231843011563404,68.50292,69.7136,72.80132,165,12
outer_banks,273,70.13284727272728,1.6905250338846476,68.50292,69.6668,72.77432,165,12
outer_banks,274,70.10123272727272,1.6776119978302075,68.50292,69.656,72.77432,165,12
outer_banks,275,70.07957818181819,1.6840094532233056,68.50292,69.656,72.77432,165,12
outer_banks,276,70.02698545454545,1.7101500776481064,68.38232,69.5912,72.77432,165,12
outer_banks,277,69.97704363636363,1.7375302849892982,68.38232,69.5516,72.77432,165,12
outer_banks,278,69.92615272727272,1.7785491910050835,68.37296,69.5318,72.77432,165,12
outer_banks,279,69.87021090909091,1.8185096912574708,68.35784,69.467,72.77432,165,12
outer_banks,280,69.80624000000002,1.8674728018001807,68.33408,69.3464,72.77432,165,12
outer_banks,281,69.72990909090909,1.8903227149254689,68.0702,69.28880000000001,72.77432,165,12
outer_banks,282,69.66865454545453,1.9110229226540147,67.65008,69.2456,72.77432,165,12
outer_banks,283,69.6212,1.946494693344812,67.49636,69.2114,72.78728,165,12
outer_banks,284,69.56152727272726,1.9814722757476428,67.35848,69.1754,72.77432,165,12
outer_banks,285,69.48493454545455,2.0018616494389563,67.2062,69.0548,72.72176,165,12
outer_banks,286,69.41329454545453,2.010626473850406,67.15508,68.92699999999999,72.52628,165,12
outer_banks,287,69.35741818181818,2.0179657316361075,67.12736000000001,68.8694,72.35636,165,12
outer_banks,288,69.2932509090909,2.0118079325304548,67.12196,68.81899999999999,72.2282,165,12
outer_banks,289,69.21050545454545,2.016480131869929,67.10683999999999,68.7182,72.122,165,12
outer_banks,290,69.11187636363637,2.0349114806028137,67.04024,68.666,71.98052,165,12
outer_banks,291,69.02502909090909,2.041568341688004,67.00172,68.61019999999999,71.94416,165,12
outer_banks,292,68.94700727272728,2.034584560565898,66.93152,68.4608,71.94416,165,12
outer_banks,293,68.8655490909091,2.023954148431589,66.89624,68.423,71.94416,165,12
outer_banks,294,68.78144,2.0063076546172107,66.85988,68.3204,71.94416,165,12
outer_banks,295,68.70257818181818,1.9675700291275697,66.77996,68.3024,71.94416,165,12
outer_banks,296,68.61101818181818,1.9555240990237193,66.72236,68.2934,71.94416,165,12
outer_banks,297,68.5012509090909,1.944759420402977,66.59204,68.2268,71.86532,165,12
outer_banks,298,68.39204000000001,1.921522133076391,66.36055999999999,68.1782,71.6918,165,12
outer_banks,299,68.28313454545454,1.9109014972716276,66.218,68.0648,71.46284,165,12
outer_banks,300,68.18079636363636,1.9339128269345085,65.76728,68.027,71.13235999999999,165,12
outer_banks,301,68.05928,1.9531878421523392,65.53904,67.85600000000001,70.38716,165,12
outer_banks,302,67.92696363636364,1.9582778940632874,65.23844,67.7462,70.17836,165,12
outer_banks,303,67.79986181818182,1.981305413673716,65.21432,67.50319999999999,70.05416000000001,165,12
outer_banks,304,67.67187636363636,1.9871386988640942,65.15924,67.3916,69.9278,165,12
outer_banks,305,67.54729454545455,1.9786117235248732,65.11496,67.3142,69.85508,165,12
outer_banks,306,67.41711636363635,1.9543838219372658,65.01452,67.15039999999999,69.6866,165,12
outer_banks,307,67.27545090909089,1.933596977536634,64.9238,67.0244,69.61748,165,12
outer_banks,308,67.14526181818182,1.8974344746703136,64.8734,66.9398,69.44396,165,12
outer_banks,309,67.01516000000001,1.8898952535433957,64.68152,66.884,69.35936,165,12
outer_banks,310,66.8862909090909,1.8825652622321478,64.53680000000001,66.839,69.24704,165,12
outer_banks,311,66.76745818181818,1.8769803086429173,64.40035999999999,66.794,69.24704,165,12
outer_banks,312,66.6612690909091,1.8538994254898207,64.36256,66.6896,69.22148,165,12
outer_banks,313,66.54402909090909,1.815152045402546,64.3154,66.614,69.21896,165,12
outer_banks,314,66.41506181818181,1.80614237623405,64.29092,66.4772,69.08144,165,12
outer_banks,315,66.27954909090909,1.8140974693009657,64.175,66.3764,68.65052,165,12
outer_banks,316,66.15215272727274,1.8535209440928062,64.04288000000001,66.2954,68.46008,165,12
outer_banks,317,66.04332363636365,1.8654382173284707,64.013,66.2108,68.24012,165,12
outer_banks,318,65.93097090909092,1.8689627641509352,63.87872,66.1388,68.1854,165,12
outer_banks,319,65.82248000000001,1.8690786847156904,62.88116,65.993,68.13212,165,12
outer_banks,320,65.72343636363637,1.8647105418834007,62.4902,65.9624,68.0288,165,12
outer_banks,321,65.60535636363636,1.8836713829805523,62.13704,65.8904,67.94168,165,12
outer_banks,322,65.48801818181816,1.9144918644213917,62.03624,65.7302,67.87508,165,12
outer_banks,323,65.36939272727273,1.923566445990859,62.00996,65.56280000000001,67.80704,165,12
outer_banks,324,65.24163636363636,1.9167960298719935,62.00672000000001,65.5196,67.3592,165,12
outer_banks,325,65.10605818181817,1.908007782877487,61.991960000000006,65.4188,67.21736,165,12
outer_banks,326,64.94546545454546,1.911144973654203,61.96496,65.2334,67.00568,165,12
outer_banks,327,64.76787636363636,1.9287767903673734,61.858760000000004,65.1164,66.8318,165,12
outer_banks,328,64.60707636363635,1.9450550323235545,61.8116,64.9022,66.80444,165,12
outer_banks,329,64.47183636363636,1.941989954920232,61.60964,64.7294,66.74756,165,12
outer_banks,330,64.35434545454545,1.9282769146804557,61.6046,64.53320000000001,66.74756,165,12
outer_banks,331,64.25702545454544,1.8979282619205853,61.6046,64.4738,66.73747999999999,165,12
outer_banks,332,64.15263636363636,1.8673611430758705,61.53836,64.4036,66.65828,165,12
outer_banks,333,64.05362545454545,1.8524580978985907,61.3508,64.355,66.65828,165,12
outer_banks,334,63.955901818181815,1.8418459826261764,61.19816000000001,64.2218,66.65828,165,12
outer_banks,335,63.85833090909092,1.8112493285231015,61.10600000000001,64.1228,66.54668000000001,165,12
outer_banks,336,63.78347272727273,1.7831294935522917,61.079,63.9968,66.14312,165,12
outer_banks,337,63.717243636363634,1.7502433959062735,61.079,63.896,65.66828,165,12
outer_banks,338,63.639221818181824,1.7282667170823844,61.079,63.6998,65.63119999999999,165,12
outer_banks,339,63.55848363636363,1.7274720681900877,61.010239999999996,63.5612,65.63119999999999,165,12
outer_banks,340,63.47445090909091,1.7486696475940933,60.896480000000004,63.4586,65.59555999999999,165,12
outer_banks,341,63.418683636363625,1.7806498427468829,60.69668,63.365,65.5196,165,12
outer_banks,342,63.368763636363646,1.7887732343803322,60.63908,63.29299999999999,65.3882,165,12
outer_banks,343,63.310236363636356,1.8003167408681475,60.60596,63.2714,65.3882,165,12
outer_banks,344,63.24764,1.8167457636812192,60.54944,63.1688,65.3882,165,12
outer_banks,345,63.18384363636363,1.8312489347467438,60.51128,63.1418,65.3882,165,12
outer_banks,346,63.10102181818181,1.8510659507849008,60.47996,63.0914,65.3126,165,12
outer_banks,347,63.00596000000001,1.8393335755236946,60.44432,63.05,65.25284,165,12
outer_banks,348,62.91703999999999,1.8134443316517874,60.44432,62.94199999999999,65.22836,165,12
outer_banks,349,62.83221090909091,1.7775898031933153,60.40832,62.9096,65.20856,165,12
outer_banks,350,62.73807636363635,1.7603312946885497,60.3338,62.807,64.96736,165,12
outer_banks,351,62.62758909090909,1.749206631068196,60.25784,62.5946,64.77368,165,12
outer_banks,352,62.49235999999999,1.763317904212701,60.13904,62.5262,64.66784,165,12
outer_banks,353,62.36754909090909,1.774447709151896,60.105560000000004,62.4434,64.60484,165,12
outer_banks,354,62.25541454545455,1.7878814062218913,60.05336,62.33,64.56272,165,12
outer_banks,355,62.15259636363635,1.7736485271303253,60.02708,62.1122,64.49864,165,12
outer_banks,356,62.05406545454545,1.7461458702181274,59.9396,62.015,64.41368,165,12
outer_banks,357,61.96328,1.7176109624821982,59.87264,61.8584,64.32079999999999,165,12
outer_banks,358,61.87872363636364,1.6823055410362677,59.73512,61.7144,64.25168000000001,165,12
outer_banks,359,61.79202929936305,1.6707038482697114,59.62064,61.6424,64.1912,157,12
outer_banks,360,61.70427215189874,1.6456776521037026,59.56232,61.6109,64.16311999999999,158,12
outer_banks,361,61.61472075471696,1.616397128797325,59.49788,61.5596,64.08464,159,12
outer_banks,362,61.528538749999996,1.615211996677917,59.4698,61.4768,63.91256,160,12
outer_banks,363,61.44437763975155,1.628990912803658,59.4302,61.4336,63.7466,161,12
outer_banks,364,61.367266666666666,1.6363101337046704,59.41616,61.369699999999995,63.448699999999995,162,12
outer_banks,365,61.30005766871166,1.6415726673181084,59.3438,61.3094,63.284,163,12
outer_banks,366,61.24526951219512,1.6463260331442096,59.25866,61.24550000000001,63.23252,164,12
pt_loma_kelp,1,60.14027272727273,1.4934369324694823,58.2926,60.2006,62.097440000000006,165,12
pt_loma_kelp,2,60.106783132530126,1.4664233953744878,58.1738,60.2384,62.0402,166,12
pt_loma_kelp,3,60.065039520958074,1.436095631819096,58.12088,60.2348,61.99268,167,12
pt_loma_kelp,4,60.00983214285714,1.4146993081124422,58.12376,60.1331,61.86056,168,12
pt_loma_kelp,5,59.962627218934905,1.4177723122888293,58.07192,60.0656,61.69496,169,12
pt_loma_kelp,6,59.91939764705884,1.4398580666390128,58.00442,60.0422,61.692980000000006,170,12
pt_loma_kelp,7,59.888052631578944,1.4633735846571938,57.9326,60.0062,61.673,171,12
pt_loma_kelp,8,59.88960999999999,1.475722074222097,57.87068,60.0125,61.674980000000005,180,12
pt_loma_kelp,9,59.85628000000001,1.479678860462823,57.804260000000006,59.9999,61.674980000000005,180,12
pt_loma_kelp,10,59.82436,1.490184450718102,57.69464,59.969300000000004,61.692980000000006,180,12
pt_loma_kelp,11,59.80655,1.5025385079143108,57.62084,59.9144,61.69712,180,12
pt_loma_kelp,12,59.80561000000001,1.5163097178170326,57.56756,59.8343,61.73366,180,12
pt_loma_kelp,13,59.808130000000006,1.522955208587281,57.62084,59.7857,61.8755,180,12
pt_loma_kelp,14,59.79296000000001,1.529320526875183,57.62084,59.758700000000005,62.030480000000004,180,12
pt_loma_kelp,15,59.781879999999994,1.5424260208403395,57.684020000000004,59.6876,62.04506,180,12
pt_loma_kelp,16,59.75532000000001,1.5430394814733273,57.552080000000004,59.638999999999996,62.04902,180,12
pt_loma_kelp,17,59.729949999999995,1.551670977747653,57.526700000000005,59.6084,62.04902,180,12
pt_loma_kelp,18,59.702920000000006,1.5706314193545496,57.50168,59.5778,62.04992,180,12
pt_loma_kelp,19,59.677490000000006,1.5881251813478954,57.490520000000004,59.5553,62.10662,180,12
pt_loma_kelp,20,59.65866000000001,1.599862147818476,57.490520000000004,59.567,62.10662,180,12
pt_loma_kelp,21,59.65545,1.6092311319836103,57.490520000000004,59.567,62.10662,180,12
pt_loma_kelp,22,59.658739999999995,1.6217753612672157,57.490520000000004,59.5778,62.12156,180,12
pt_loma_kelp,23,59.66858000000001,1.638816919378191,57.490520000000004,59.6102,62.12498,180,12
pt_loma_kelp,24,59.68142000000001,1.6575202857577112,57.46064,59.6858,62.12498,180,12
pt_loma_kelp,25,59.683240000000005,1.6543136247077985,57.423739999999995,59.6858,62.12156,180,12
pt_loma_kelp,26,59.67563,1.6503135965373978,57.406819999999996,59.6669,62.10662,180,12
pt_loma_kelp,27,59.65673,1.654451639846925,57.406819999999996,59.6579,62.08394,180,12
pt_loma_kelp,28,59.62051999999999,1.671146336109659,57.3044,59.577799999999996,62.047579999999996,180,12
pt_loma_kelp,29,59.598169999999996,1.686217286073995,57.27776,59.547200000000004,62.047579999999996,180,12
pt_loma_kelp,30,59.580319999999986,1.6900307991772217,57.27776,59.5364,62.047579999999996,180,12
pt_loma_kelp,31,59.577009999999994,1.6992824493241276,57.262460000000004,59.5031,62.08232,180,12
pt_loma_kelp,32,59.57902000000001,1.71047986903999,57.23762,59.486000000000004,62.10698,180,12
pt_loma_kelp,33,59.58576,1.7098672675330695,57.23762,59.486000000000004,62.12498,180,12
pt_loma_kelp,34,59.59539,1.7103901213028214,57.262460000000004,59.4671,62.13542,180,12
pt_loma_kelp,35,59.597750000000005,1.7095413685168286,57.30206,59.4266,62.32676,180,12
pt_loma_kelp,36,59.58691000000001,1.7050846584955457,57.32078,59.372600000000006,62.34224,180,12
pt_loma_kelp,37,59.578340000000004,1.7147481589639895,57.32078,59.3654,62.455279999999995,180,12
pt_loma_kelp,38,59.572359999999996,1.7362001135080172,57.32204,59.36,62.48156,180,12
pt_loma_kelp,39,59.56275,1.7589587865851286,57.32204,59.345600000000005,62.48156,180,12
pt_loma_kelp,40,59.57043,1.7831963348101763,57.324020000000004,59.331199999999995,62.48498,180,12
pt_loma_kelp,41,59.58061999999999,1.8071995302587918,57.376039999999996,59.297,62.48498,180,12
pt_loma_kelp,42,59.59397999999999,1.8374706924854654,57.376039999999996,59.2691,62.48498,180,12
pt_loma_kelp,43,59.61482,1.8463867919587034,57.42716,59.2691,62.48498,180,12
pt_loma_kelp,44,59.626943016759775,1.8451179295747027,57.57332,59.2952,62.48516,179,12
pt_loma_kelp,45,59.63703820224719,1.8522635535956187,57.55568,59.36,62.48534,178,12
pt_loma_kelp,46,59.62540898876406,1.869423722899106,57.41708,59.342,62.48534,178,12
pt_loma_kelp,47,59.60650898876404,1.8911940951601087,57.359480000000005,59.342,62.44196,178,12
pt_loma_kelp,48,59.583189887640444,1.9255356972159965,57.359480000000005,59.2853,62.40974,178,12
pt_loma_kelp,49,59.57064044943821,1.9615562983444899,57.32258,59.3654,62.40974,178,12
pt_loma_kelp,50,59.563986516853944,1.9935492484307662,57.24338,59.4176,62.42108,178,12
pt_loma_kelp,51,59.56134719101124,2.031336420775888,57.24338,59.4536,62.42108,178,12
pt_loma_kelp,52,59.56823370786517,2.06403539358607,57.22322,59.4824,62.42108,178,12
pt_loma_kelp,53,59.561782022471895,2.0684462798879566,57.22322,59.4824,62.42108,178,12
pt_loma_kelp,54,59.55584606741573,2.0604641851851677,57.26336,59.4536,62.42108,178,12
pt_loma_kelp,55,59.54046516853932,2.047413563587444,57.26336,59.4032,62.42108,178,12
pt_loma_kelp,56,59.512817977528094,2.027005231713154,57.26336,59.3501,62.42108,178,12
pt_loma_kelp,57,59.4823191011236,1.9936757219432288,57.26336,59.315,62.396060000000006,178,12
pt_loma_kelp,58,59.44572247191011,1.975816871374894,57.26336,59.288,62.34926,178,12
pt_loma_kelp,59,59.407353072625696,1.973810377954916,57.21584,59.225,62.290400000000005,179,12
pt_loma_kelp,60,59.36815,1.970482545656629,57.22952,59.187200000000004,62.26178,180,12
pt_loma_kelp,61,59.358920000000005,1.9693504425083468,57.26912,59.187200000000004,62.26178,180,12
pt_loma_kelp,62,59.36485,1.9746017929795334,57.27848,59.187200000000004,62.26178,180,12
pt_loma_kelp,63,59.385200000000005,1.9855698985739345,57.2594,59.2079,62.285000000000004,180,12
pt_loma_kelp,64,59.41589000000002,1.9855736933548995,57.23366,59.2079,62.285000000000004,180,12
pt_loma_kelp,65,59.4397,1.977165911265514,57.146,59.2304,62.26178,180,12
pt_loma_kelp,66,59.47796,1.9623727733616985,57.146,59.3609,62.26178,180,12
pt_loma_kelp,67,59.51589,1.949911482107807,57.146,59.4041,62.285000000000004,180,12
pt_loma_kelp,68,59.56297,1.9757778521085512,57.15428,59.4437,62.267179999999996,180,12
pt_loma_kelp,69,59.622060000000005,2.020238104214617,57.17282,59.504000000000005,62.267179999999996,180,12
pt_loma_kelp,70,59.70033000000001,2.0775869494984454,57.18938,59.6156,62.34674,180,12
pt_loma_kelp,71,59.78352000000002,2.137334824338388,57.19424,59.828900000000004,62.4677,180,12
pt_loma_kelp,72,59.85566,2.187372560031758,57.248059999999995,59.8856,62.51522,180,12
pt_loma_kelp,73,59.943329999999996,2.2411224321181153,57.26048,59.9279,62.88422,180,12
pt_loma_kelp,74,60.049179999999986,2.3023096224900024,57.28622,59.9837,63.0743,180,12
pt_loma_kelp,75,60.16525000000001,2.361222949763876,57.28622,60.089,63.43178,180,12
pt_loma_kelp,76,60.27515000000001,2.4190329192727287,57.28622,60.1556,63.50576,180,12
pt_loma_kelp,77,60.37165,2.4488693632735683,57.28622,60.2222,63.63122,180,12
pt_loma_kelp,78,60.454800000000006,2.4567014961815743,57.34076,60.2663,64.03244,180,12
pt_loma_kelp,79,60.51217000000001,2.4695675358836624,57.51626,60.2663,64.30442000000001,180,12
pt_loma_kelp,80,60.56832000000001,2.4798006584689465,57.685460000000006,60.2834,64.44446,180,12
pt_loma_kelp,81,60.62199,2.497661549035563,57.7571,60.3176,64.56739999999999,180,12
pt_loma_kelp,82,60.66819000000001,2.53867451512678,57.7967,60.3248,64.85432,180,12
pt_loma_kelp,83,60.705799999999996,2.5620915389296206,57.847460000000005,60.314,65.08688000000001,180,12
pt_loma_kelp,84,60.72831000000001,2.573746916084771,57.8759,60.296,65.35346000000001,180,12
pt_loma_kelp,85,60.737700000000004,2.5657992066680806,57.88832,60.2987,65.47496,180,12
pt_loma_kelp,86,60.76264,2.5413735878072847,57.89264,60.314,65.22116,180,12
pt_loma_kelp,87,60.823139999999995,2.5232643191977164,57.902359999999994,60.3464,65.17598000000001,180,12
pt_loma_kelp,88,60.8921,2.5167659227556576,57.91352,60.5462,65.17598000000001,180,12
pt_loma_kelp,89,60.95629,2.4975367622036444,57.96644,60.5813,65.17598000000001,180,12
pt_loma_kelp,90,61.00114,2.4632493986511617,58.0046,60.637100000000004,65.14160000000001,180,12
pt_loma_kelp,91,61.04403,2.4302979260983144,58.05032,60.67400000000001,65.14160000000001,180,12
pt_loma_kelp,92,61.08603,2.4181429880854477,58.18208,60.6866,65.0813,180,12
pt_loma_kelp,93,61.14929,2.4209904956927524,58.295840000000005,60.7154,65.0813,180,12
pt_loma_kelp,94,61.22524,2.4175672235077093,58.48232,60.7847,65.0813,180,12
pt_loma_kelp,95,61.28945999999999,2.396243338470034,58.509679999999996,61.0493,65.07158,180,12
pt_loma_kelp,96,61.33587000000001,2.364831437551844,58.509679999999996,61.22839999999999,64.93621999999999,180,12
pt_loma_kelp,97,61.361489999999996,2.299500840590648,58.509679999999996,61.3625,64.82804,180,12
pt_loma_kelp,98,61.38684,2.2418418244303866,58.509679999999996,61.4048,64.77547999999999,180,12
pt_loma_kelp,99,61.423390000000005,2.1939910056470917,58.509679999999996,61.5218,64.63958,180,12
pt_loma_kelp,100,61.47417,2.1619453811957747,58.66286,61.6406,64.47883999999999,180,12
pt_loma_kelp,101,61.520219999999995,2.1590527614813717,58.66286,61.682,64.45868,180,12
pt_loma_kelp,102,61.547430000000006,2.1608294694838706,58.66286,61.6613,64.33484,180,12
pt_loma_kelp,103,61.56158,2.1365436338830137,58.67078,61.6451,64.32206,180,12
pt_loma_kelp,104,61.57764,2.100290343153037,58.95104,61.6451,64.32206,180,12
pt_loma_kelp,105,61.60847999999999,2.0693681400464023,58.98434,61.6451,64.24466,180,12
pt_loma_kelp,106,61.66438,2.044270245623035,59.04284,61.6451,64.33484,180,12
pt_loma_kelp,107,61.73850999999999,2.0010773929653176,59.188100000000006,61.6613,64.35248,180,12
pt_loma_kelp,108,61.79698,1.961995328680821,59.23094,61.7126,64.35248,180,12
pt_loma_kelp,109,61.85610000000001,1.9410783264138884,59.50598,61.736000000000004,64.35248,180,12
pt_loma_kelp,110,61.93229,1.9433961005668203,59.53802,61.7612,64.39568,180,12
pt_loma_kelp,111,62.01099000000001,1.9447099432755672,59.70344,61.79,64.40558,180,12
pt_loma_kelp,112,62.104000000000006,1.952327371233952,59.86472,61.8512,64.40917999999999,180,12
pt_loma_kelp,113,62.21464,1.9555302406738548,59.99846,61.930400000000006,64.54112,180,12
pt_loma_kelp,114,62.317040000000006,1.968596669598187,60.00728,62.0006,64.58126,180,12
pt_loma_kelp,115,62.42577,2.0073059653794796,60.13274,62.0717,64.7258,180,12
pt_loma_kelp,116,62.52911000000001,2.034734828923297,60.179,62.134699999999995,64.9481,180,12
pt_loma_kelp,117,62.62033,2.0487768632274452,60.245779999999996,62.1941,65.13872,180,12
pt_loma_kelp,118,62.730579999999996,2.068643870471181,60.25766,62.4785,65.4368,180,12
pt_loma_kelp,119,62.83841,2.087735689758285,60.306979999999996,62.6135,65.45894,180,12
pt_loma_kelp,120,62.931680000000014,2.0998420895776926,60.333439999999996,62.714299999999994,65.48504,180,12
pt_loma_kelp,121,63.008179999999996,2.1085007249956695,60.51758,62.7269,65.53202,180,12
pt_loma_kelp,122,63.07502999999999,2.1462476172673313,60.53882,62.7422,65.62166,180,12
pt_loma_kelp,123,63.14515,2.1673840860540725,60.556999999999995,62.8691,65.62166,180,12
pt_loma_kelp,124,63.19498,2.1514442451888973,60.65186,62.905100000000004,65.62166,180,12
pt_loma_kelp,125,63.2579,2.125443306135867,60.80306,62.941100000000006,65.62166,180,12
pt_loma_kelp,126,63.34292,2.0981008162983863,60.821059999999996,63.093199999999996,65.62166,180,12
pt_loma_kelp,127,63.41214,2.0464353432876847,61.06064,63.2678,65.62166,180,12
pt_loma_kelp,128,63.45506000000001,2.003500135129441,61.18376,63.3137,65.62166,180,12
pt_loma_kelp,129,63.49012,1.9563624376140694,61.223180000000006,63.32,65.62166,180,12
pt_loma_kelp,130,63.510829999999984,1.8986920365340365,61.34954,63.3335,65.62166,180,12
pt_loma_kelp,131,63.53063,1.8276404610145378,61.492279999999994,63.3605,65.62166,180,12
pt_loma_kelp,132,63.57546,1.7491118753759027,61.62026,63.471199999999996,65.55145999999999,180,12
pt_loma_kelp,133,63.61178999999999,1.6752357719864444,61.79522,63.488299999999995,65.45353999999999,180,12
pt_loma_kelp,134,63.6534,1.64228783982188,61.85084,63.4991,65.51870000000001,180,12
pt_loma_kelp,135,63.71282999999999,1.628211005292063,61.88198,63.5306,65.73794000000001,180,12
pt_loma_kelp,136,63.770270000000004,1.6281074832369233,61.96838,63.556700000000006,65.98903999999999,180,12
pt_loma_kelp,137,63.81912,1.5875396806337134,62.06738,63.603500000000004,66.15266,180,12
pt_loma_kelp,138,63.863240000000005,1.555240111214576,62.1302,63.629599999999996,66.24338,180,12
pt_loma_kelp,139,63.92162,1.5452609090105793,62.13362,63.6881,66.24338,180,12
pt_loma_kelp,140,63.96397,1.535228791563957,62.18564,63.830299999999994,66.26408,180,12
pt_loma_kelp,141,63.98576,1.5324398483770432,62.18564,63.8798,66.30116000000001,180,12
pt_loma_kelp,142,64.04448,1.5422100364312488,62.2076,64.0058,66.30116000000001,180,12
pt_loma_kelp,143,64.11308999999999,1.541882111627353,62.2076,64.094,66.26408,180,12
pt_loma_kelp,144,64.18851000000001,1.5320309129828926,62.26772,64.1066,66.2621,180,12
pt_loma_kelp,145,64.26604,1.512677900174382,62.426840000000006,64.15700000000001,66.24338,180,12
pt_loma_kelp,146,64.3626,1.5186028281682706,62.4695,64.3532,66.2621,180,12
pt_loma_kelp,147,64.46223,1.5536883718623675,62.4695,64.4765,66.4187,180,12
pt_loma_kelp,148,64.5483,1.5704079560355928,62.64428,64.5926,66.45038,180,12
pt_loma_kelp,149,64.63459,1.5729717915799208,62.6927,64.7807,66.47252,180,12
pt_loma_kelp,150,64.72433999999998,1.5555941631422492,62.771359999999994,64.8311,66.5861,180,12
pt_loma_kelp,151,64.80224999999999,1.5250451110646275,62.78756,64.8815,66.61958,180,12
pt_loma_kelp,152,64.90603,1.5124721692587013,62.90168,64.92920000000001,66.71714,180,12
pt_loma_kelp,153,65.01838000000001,1.4992722237600968,63.006260000000005,65.1173,66.83792,180,12
pt_loma_kelp,154,65.15478,1.499857274863476,63.18464,65.29820000000001,66.96248,180,12
pt_loma_kelp,155,65.31499000000001,1.5251348892848675,63.34574,65.4827,67.2413,180,12
pt_loma_kelp,156,65.48263,1.5397784078367323,63.54572,65.5808,67.44164,180,12
pt_loma_kelp,157,65.63278,1.5608009438073591,63.58082,65.75450000000001,67.54496,180,12
pt_loma_kelp,158,65.77491,1.5741232138601498,63.5846,65.88050000000001,67.74602,180,12
pt_loma_kelp,159,65.92197,1.5723423755374062,63.62852,65.9705,67.92206,180,12
pt_loma_kelp,160,66.081,1.581782545140681,63.74102,66.15950000000001,68.14526,180,12
pt_loma_kelp,161,66.23116000000002,1.6165759041288639,63.76262,66.3332,68.22949999999999,180,12
pt_loma_kelp,162,66.38463999999999,1.6591712064971693,63.8618,66.4844,68.53424000000001,180,12
pt_loma_kelp,163,66.53638000000001,1.690520688040444,63.9437,66.6482,68.70992,180,12
pt_loma_kelp,164,66.67571000000001,1.721375762674734,64.12801999999999,66.7157,68.91944000000001,180,12
pt_loma_kelp,165,66.80014999999999,1.7429697968036713,64.21442,66.86959999999999,68.98028,180,12
pt_loma_kelp,166,66.94301,1.742306142117491,64.61222,67.09819999999999,69.11294,180,12
pt_loma_kelp,167,67.08166,1.7456537617880277,65.21737999999999,67.217,69.21302,180,12
pt_loma_kelp,168,67.21805,1.7424606029386418,65.29784,67.3439,69.31598,180,12
pt_loma_kelp,169,67.33639000000001,1.757717047576424,65.30485999999999,67.4222,69.40076,180,12
pt_loma_kelp,170,67.44294000000001,1.7841429416267138,65.29621999999999,67.4708,69.62468,180,12
pt_loma_kelp,171,67.5434,1.8038449972428925,65.25356,67.5536,69.64196,180,12
pt_loma_kelp,172,67.65324000000001,1.80536043903029,65.25356,67.6814,69.6866,180,12
pt_loma_kelp,173,67.78534,1.8001058361064097,65.42204,67.7867,69.7766,180,12
pt_loma_kelp,174,67.91398000000001,1.790239306633825,65.46092,68.063,69.82826,180,12
pt_loma_kelp,175,68.02951999999999,1.7904866841387599,65.46092,68.1737,70.0538,180,12
pt_loma_kelp,176,68.13319999999999,1.776212531825032,65.5286,68.4113,70.22624,180,12
pt_loma_kelp,177,68.23522,1.7621878708332241,65.69384000000001,68.5616,70.28186,180,12
pt_loma_kelp,178,68.338,1.7441392699760603,65.86304,68.7929,70.28186,180,12
pt_loma_kelp,179,68.45557000000001,1.696616775495826,66.21764,68.9099,70.32758,180,12
pt_loma_kelp,180,68.61624,1.675135707254988,66.61634,69.0341,70.38338,180,12
pt_loma_kelp,181,68.77369,1.7156154999260733,66.7292,69.1772,70.54466000000001,180,12
pt_loma_kelp,182,68.92524,1.789933644087019,66.7292,69.3023,70.82509999999999,180,12
pt_loma_kelp,183,69.07516,1.8300531421169346,66.7292,69.3923,71.10104,180,12
pt_loma_kelp,184,69.24904,1.8234187197856677,66.83126,69.539,71.37878,180,12
pt_loma_kelp,185,69.41689,1.7937044985325383,67.03682,69.69200000000001,71.60108,180,12
pt_loma_kelp,186,69.57352,1.741919747056206,67.20872,69.7775,71.70134,180,12
pt_loma_kelp,187,69.72767,1.7146616685313534,67.52354000000001,69.9251,71.85254,180,12
pt_loma_kelp,188,69.87168,1.708919681563039,67.73432,69.9953,71.9906,180,12
pt_loma_kelp,189,70.0239,1.696519396922439,67.95482,70.0682,72.05468,180,12
pt_loma_kelp,190,70.15967999999998,1.6748282811802946,68.234,70.12219999999999,72.13496,180,12
pt_loma_kelp,191,70.27684,1.6475215782481558,68.46368000000001,70.17439999999999,72.22424,180,12
pt_loma_kelp,192,70.37172,1.6343242598058507,68.60731999999999,70.2635,72.27176,180,12
pt_loma_kelp,193,70.47858000000001,1.6241912930653435,68.71441999999999,70.3625,72.32936000000001,180,12
pt_loma_kelp,194,70.57267999999999,1.6298434754472897,68.9252,70.53620000000001,72.35474,180,12
pt_loma_kelp,195,70.64997,1.643114205692873,68.96732,70.6532,72.37832,180,12
pt_loma_kelp,196,70.73586999999999,1.6496096281025068,69.12914,70.7927,72.47912,180,12
pt_loma_kelp,197,70.82299,1.6042687913760711,69.2474,70.91329999999999,72.68396,180,12
pt_loma_kelp,198,70.91494999999999,1.5992394429608678,69.32911999999999,71.0555,73.02668,180,12
pt_loma_kelp,199,70.97057000000001,1.6535815194761558,69.32911999999999,71.06899999999999,73.3964,180,12
pt_loma_kelp,200,71.0254,1.702271895382772,69.30104,71.1788,73.46498,180,12
pt_loma_kelp,201,71.10939,1.7704605674527258,69.23894,71.2697,73.55102000000001,180,12
pt_loma_kelp,202,71.18708,1.8340293393777334,69.1358,71.2787,73.66118,180,12
pt_loma_kelp,203,71.24446,1.8936944143465637,69.02726,71.33449999999999,73.67612,180,12
pt_loma_kelp,204,71.27758,1.95493658884717,68.7425,71.3885,73.7033,180,12
pt_loma_kelp,205,71.3324,2.0250994612445488,68.66546,71.4065,74.14753999999999,180,12
pt_loma_kelp,206,71.40413,2.083591140205271,68.66546,71.4569,74.21666,180,12
pt_loma_kelp,207,71.48070000000001,2.1637677980833216,68.45648,71.5199,74.32538,180,12
pt_loma_kelp,208,71.56813,2.2293180763076306,68.43073999999999,71.5838,74.35525999999999,180,12
pt_loma_kelp,209,71.64837000000001,2.2706341768116296,68.43073999999999,71.7197,74.54732,180,12
pt_loma_kelp,210,71.7084,2.31881479512233,68.45648,71.8961,74.65406,180,12
pt_loma_kelp,211,71.74122,2.3594788640691036,68.45648,71.8466,74.73884,180,12
pt_loma_kelp,212,71.75346,2.4263804112897267,68.43073999999999,71.8466,74.78851999999999,180,12
pt_loma_kelp,213,71.75921000000001,2.476995645185546,68.40032,71.8466,74.83622,180,12
pt_loma_kelp,214,71.78464,2.5140380284853276,68.37295999999999,71.8538,74.84917999999999,180,12
pt_loma_kelp,215,71.81441000000001,2.557811688944391,68.40032,71.8538,75.00416,180,12
pt_loma_kelp,216,71.8186,2.5766564102604588,68.45342000000001,71.6828,75.0776,180,12
pt_loma_kelp,217,71.81348,2.5748864273570806,68.61128,71.6252,75.31088,180,12
pt_loma_kelp,218,71.81942,2.5529679592025993,68.69713999999999,71.6027,75.18776,180,12
pt_loma_kelp,219,71.86511,2.522054023608535,68.83915999999999,71.6504,75.0776,180,12
pt_loma_kelp,220,71.88896999999999,2.480608992399484,68.93636,71.6504,75.0101,180,12
pt_loma_kelp,221,71.91647,2.4310567569974624,69.04364,71.6828,74.85799999999999,180,12
pt_loma_kelp,222,71.94405,2.371005714233388,69.12536,71.70169999999999,74.82884,180,12
pt_loma_kelp,223,71.96264,2.311076956469918,69.16387999999999,71.70169999999999,74.82884,180,12
pt_loma_kelp,224,71.98150000000001,2.2677369178798243,69.1961,71.7503,74.66972,180,12
pt_loma_kelp,225,71.99894,2.2328001405054914,69.305,71.7503,74.63534,180,12
pt_loma_kelp,226,72.0037,2.1968221938256445,69.33434,71.8871,74.62616,180,12
pt_loma_kelp,227,72.00086999999999,2.146011683232371,69.41552,71.9465,74.59268,180,12
pt_loma_kelp,228,71.98076,2.138234185208275,69.41552,71.9861,74.59268,180,12
pt_loma_kelp,229,71.95938000000001,2.146862443920736,69.36962,71.9861,74.59268,180,12
pt_loma_kelp,230,71.89705000000001,2.2479592979152887,69.29906,72.1121,74.48468,180,12
pt_loma_kelp,231,71.84377,2.3429418896577117,69.18854,72.3029,74.40404000000001,180,12
pt_loma_kelp,232,71.83992290502793,2.340760718199464,69.17432000000001,72.3254,74.39504,179,12
pt_loma_kelp,233,71.85768314606742,2.3237076243458756,69.27638,72.5729,74.39576,178,12
pt_loma_kelp,234,71.8584779661017,2.315307015676602,69.26504,72.3254,74.45768000000001,177,12
pt_loma_kelp,235,71.87329318181818,2.2987729412410043,69.3167,72.3092,74.5736,176,12
pt_loma_kelp,236,71.85531200000001,2.309578820394271,69.24236,72.2228,74.57648,175,12
pt_loma_kelp,237,71.84503793103448,2.321755308896928,69.13328,72.2345,74.57666,174,12
pt_loma_kelp,238,71.83654913294798,2.328086072332421,69.02024,72.2462,74.56712,173,12
pt_loma_kelp,239,71.82041627906978,2.329147581887626,68.88524,72.2345,74.56945999999999,172,12
pt_loma_kelp,240,71.80995789473684,2.335248270989167,68.828,72.2462,74.5718,171,12
pt_loma_kelp,241,71.82820823529413,2.338345991918207,68.82692,72.2507,74.57558,170,12
pt_loma_kelp,242,71.86108520710059,2.333106187004653,68.86688,72.2516,74.58296,169,12
pt_loma_kelp,243,71.92056071428571,2.2948370861262823,68.90306,72.2696,74.57594,168,12
pt_loma_kelp,244,71.98624550898204,2.2506257606592355,68.98136,72.275,74.57612,167,12
pt_loma_kelp,245,72.09678915662651,2.100218249929339,69.29329999999999,72.3605,74.61770000000001,166,12
pt_loma_kelp,246,72.19141454545455,1.9625649741692426,69.39787999999999,72.311,74.75108,165,12
pt_loma_kelp,247,72.20209454545454,1.953108919766142,69.39787999999999,72.275,74.77088,165,12
pt_loma_kelp,248,72.17944727272726,1.9659619045624173,69.39787999999999,72.266,74.7824,165,12
pt_loma_kelp,249,72.14139636363636,1.986704011056421,69.28952,72.266,74.81228,165,12
pt_loma_kelp,250,72.05906545454546,2.040467569821794,69.25928,72.2462,74.84252,165,12
pt_loma_kelp,251,71.99022909090908,2.078442996308693,69.25928,72.2444,74.8796,165,12
pt_loma_kelp,252,71.9084,2.0866094507597723,69.28952,72.1022,74.8796,165,12
pt_loma_kelp,253,71.81089454545456,2.0903010487538114,69.2582,71.7872,74.8796,165,12
pt_loma_kelp,254,71.75914181818182,2.0838420836917955,69.2582,71.7152,74.84252,165,12
pt_loma_kelp,255,71.6996,2.059568737239579,69.2582,71.5964,74.7824,165,12
pt_loma_kelp,256,71.60101454545456,2.041339390235882,69.2582,71.4884,74.71003999999999,165,12
pt_loma_kelp,257,71.48908727272728,2.044890725244429,69.03968,71.2058,74.68915999999999,165,12
pt_loma_kelp,258,71.34904727272728,2.0526477290219525,68.9072,70.9754,74.68915999999999,165,12
pt_loma_kelp,259,71.18233454545454,2.0132283397281836,68.82944,70.8944,74.5916,165,12
pt_loma_kelp,260,70.99610545454546,1.9674810011868071,68.55296,70.6892,74.53399999999999,165,12
pt_loma_kelp,261,70.82537818181818,1.9256224805422906,68.33372,70.6766,73.27508,165,12
pt_loma_kelp,262,70.68963636363637,1.9166220941647192,68.25704,70.5704,73.19552,165,12
pt_loma_kelp,263,70.5570909090909,1.927749945004702,68.20268,70.52539999999999,73.17896,165,12
pt_loma_kelp,264,70.44185818181819,1.891070069772497,68.20196,70.4426,72.91616,165,12
pt_loma_kelp,265,70.37139636363636,1.8517944804409516,68.20196,70.3994,72.79195999999999,165,12
pt_loma_kelp,266,70.31872727272729,1.8133650496960008,68.23832,70.32560000000001,72.65588,165,12
pt_loma_kelp,267,70.25177818181817,1.7925237480507594,68.23832,70.2356,72.46148,165,12
pt_loma_kelp,268,70.17092,1.78357234549366,68.23832,69.9998,72.20588000000001,165,12
pt_loma_kelp,269,70.05457454545454,1.7648391794574698,68.15876,69.8342,72.20084,165,12
pt_loma_kelp,270,69.94164363636365,1.7416711557207416,67.99892,69.4868,72.21271999999999,165,12
pt_loma_kelp,271,69.84425818181818,1.7293935004853769,67.94131999999999,69.44,72.21271999999999,165,12
pt_loma_kelp,272,69.7426509090909,1.7266651349130118,67.65259999999999,69.4166,72.21271999999999,165,12
pt_loma_kelp,273,69.65400363636363,1.710941494555432,67.57592000000001,69.3518,72.11912,165,12
pt_loma_kelp,274,69.5776509090909,1.7260761344108508,67.51688,69.21679999999999,72.06404,165,12
pt_loma_kelp,275,69.49907272727273,1.7466540495544143,67.43696,69.15379999999999,72.0428,165,12
pt_loma_kelp,276,69.40104363636364,1.7310260465094145,67.37072,69.0386,71.97548,165,12
pt_loma_kelp,277,69.30829454545453,1.7498208716077108,67.28972,69.0188,71.97548,165,12
pt_loma_kelp,278,69.22310545454546,1.7831672742846711,67.21808,69.0152,71.97548,165,12
pt_loma_kelp,279,69.12506545454545,1.828286860286005,67.16696,68.9432,71.97548,165,12
pt_loma_kelp,280,69.02484363636364,1.8719417223147716,67.01144,68.8154,71.8682,165,12
pt_loma_kelp,281,68.91960363636363,1.909055416982086,66.90848,68.7056,71.78,165,12
pt_loma_kelp,282,68.84337090909091,1.9633405852736565,66.70076,68.6174,71.78,165,12
pt_loma_kelp,283,68.77079272727273,2.023510242959353,66.60788,68.4158,71.7206,165,12
pt_loma_kelp,284,68.68742545454545,2.080251861529487,66.05924,68.1656,71.64464,165,12
pt_loma_kelp,285,68.59383636363636,2.118109563977059,66.05924,68.0018,71.56112,165,12
pt_loma_kelp,286,68.49430181818181,2.1298409510775484,65.99552,67.9838,71.44628,165,12
pt_loma_kelp,287,68.41744727272726,2.133995143649,65.97356,67.937,71.28788,165,12
pt_loma_kelp,288,68.33644727272727,2.1420375234001154,65.9084,67.838,71.27132,165,12
pt_loma_kelp,289,68.24812727272726,2.1522241219872655,65.85188,67.7552,71.21804,165,12
pt_loma_kelp,290,68.16458545454545,2.1662534960284385,65.78744,67.721,71.21804,165,12
pt_loma_kelp,291,68.09557454545454,2.2022609209587904,65.76404000000001,67.69399999999999,71.21804,165,12
pt_loma_kelp,292,68.02613818181818,2.1936923944065545,65.7356,67.568,71.21804,165,12
pt_loma_kelp,293,67.95605818181818,2.1659606961073967,65.70788,67.5086,71.21804,165,12
pt_loma_kelp,294,67.88098181818182,2.133161717746137,65.61500000000001,67.3664,71.132,165,12
pt_loma_kelp,295,67.79197454545455,2.0927547104542863,65.70788,67.3052,71.07584,165,12
pt_loma_kelp,296,67.6869309090909,2.050936616929142,65.51492,67.2098,71.02832,165,12
pt_loma_kelp,297,67.54609454545454,1.9878368971178793,65.43788,67.0352,70.82204,165,12
pt_loma_kelp,298,67.40061090909091,1.9395689795585078,65.30864,66.9956,70.6802,165,12
pt_loma_kelp,299,67.25393818181817,1.9022580804643192,65.0264,66.9092,70.2644,165,12
pt_loma_kelp,300,67.11195636363637,1.8708775440721732,64.74488,66.84440000000001,69.90404,165,12
pt_loma_kelp,301,66.97091272727273,1.879456509049943,64.6304,66.74719999999999,69.47564,165,12
pt_loma_kelp,302,66.82479636363637,1.875542698628037,64.544,66.7094,69.0818,165,12
pt_loma_kelp,303,66.67549454545454,1.8893048264121415,64.32764,66.6212,68.98496,165,12
pt_loma_kelp,304,66.53141818181817,1.904906810577483,64.26284000000001,66.4718,68.97164,165,12
pt_loma_kelp,305,66.3827490909091,1.9079284041706708,64.06412,66.3494,68.81827999999999,165,12
pt_loma_kelp,306,66.21455272727273,1.9121419695341928,63.87728,66.2054,68.60695999999999,165,12
pt_loma_kelp,307,66.03003636363636,1.9060729953356121,63.70232,66.0272,68.28728,165,12
pt_loma_kelp,308,65.8496,1.876136320259038,63.462559999999996,65.9048,67.98272,165,12
pt_loma_kelp,309,65.67170545454545,1.8532150310998605,63.30308,65.5574,67.82396,165,12
pt_loma_kelp,310,65.50580000000001,1.8351412087623018,63.0536,65.3702,67.74404,165,12
pt_loma_kelp,311,65.36100363636365,1.8430211233749352,62.81888,65.1902,67.70876000000001,165,12
pt_loma_kelp,312,65.23628,1.8646457079027106,62.688559999999995,65.06960000000001,67.65476000000001,165,12
pt_loma_kelp,313,65.09821454545454,1.8602108986864956,62.6072,65.0138,67.6058,165,12
pt_loma_kelp,314,64.93672727272727,1.8618011972531137,62.44484,64.9238,67.50176,165,12
pt_loma_kelp,315,64.76948,1.8764545770954435,62.32676,64.7222,67.33724000000001,165,12
pt_loma_kelp,316,64.62088727272727,1.9100768922449822,62.237480000000005,64.5854,67.21088,165,12
pt_loma_kelp,317,64.48348727272726,1.9418813096143936,62.15504,64.40899999999999,67.14752,165,12
pt_loma_kelp,318,64.36269090909092,1.9576269179743693,62.078,64.301,67.12592000000001,165,12
pt_loma_kelp,319,64.24083636363638,1.9626282998947289,61.976839999999996,64.265,67.09352,165,12
pt_loma_kelp,320,64.1288981818182,1.9721823208423244,61.875679999999996,64.139,67.04024,165,12
pt_loma_kelp,321,64.02222909090911,1.9874566095284485,61.60676,63.95,66.93476,165,12
pt_loma_kelp,322,63.9191709090909,2.004778253446007,61.25756,63.8492,66.93476,165,12
pt_loma_kelp,323,63.801407272727275,2.015578320070205,61.0682,63.6872,66.89336,165,12
pt_loma_kelp,324,63.67923636363637,2.024176985450067,60.69524,63.6242,66.6356,165,12
pt_loma_kelp,325,63.56012,2.0061801838684237,60.35756,63.5414,65.97284,165,12
pt_loma_kelp,326,63.41578181818181,1.9593939865543772,60.2528,63.5036,65.61103999999999,165,12
pt_loma_kelp,327,63.26151636363635,1.8962800710444532,60.171079999999996,63.3884,65.39684,165,12
pt_loma_kelp,328,63.14188727272727,1.8716340522409187,60.08432,63.3398,65.2676,165,12
pt_loma_kelp,329,63.05979636363636,1.8636061299393907,60.08432,63.2048,65.17112,165,12
pt_loma_kelp,330,62.99014181818182,1.8471201012120333,60.14228,63.1652,65.17112,165,12
pt_loma_kelp,331,62.91608,1.823019365563491,60.15632,63.077,64.82696,165,12
pt_loma_kelp,332,62.82730181818181,1.8092086947826562,60.15632,63.0356,64.78052,165,12
pt_loma_kelp,333,62.72406909090909,1.7939169004402473,60.15632,62.988800000000005,64.78052,165,12
pt_loma_kelp,334,62.62228727272728,1.7566665723703434,60.15632,62.8772,64.68368000000001,165,12
pt_loma_kelp,335,62.517559999999996,1.7154837742193179,60.11096,62.6288,64.51376,165,12
pt_loma_kelp,336,62.429981818181815,1.6826475985443057,60.03716,62.5334,64.39999999999999,165,12
pt_loma_kelp,337,62.358483636363644,1.6596352233757945,60.021319999999996,62.4632,64.37876,165,12
pt_loma_kelp,338,62.28763999999999,1.6509064811084408,60.021319999999996,62.2706,64.37876,165,12
pt_loma_kelp,339,62.22194545454545,1.645913013047423,60.021319999999996,62.177,64.33052,165,12
pt_loma_kelp,340,62.1554,1.6616774944644812,60.021319999999996,62.0672,64.22864,165,12
pt_loma_kelp,341,62.10042909090909,1.6963254176493356,59.98028,62.0438,64.18328,165,12
pt_loma_kelp,342,62.04018909090909,1.7356202386487363,59.95328,62.024,64.11955999999999,165,12
pt_loma_kelp,343,61.96002909090908,1.7715081435215572,59.84564,61.8836,64.0994,165,12
pt_loma_kelp,344,61.86657090909091,1.8085734025245672,59.73944,61.8008,64.0994,165,12
pt_loma_kelp,345,61.765040000000006,1.83614665339686,59.47556,61.7144,64.0742,165,12
pt_loma_kelp,346,61.67696000000001,1.8570678534433478,59.389520000000005,61.6172,64.0742,165,12
pt_loma_kelp,347,61.60364,1.8608624909813896,59.3474,61.5668,64.04827999999999,165,12
pt_loma_kelp,348,61.53546909090909,1.8619815126606447,59.18072,61.5326,64.02452,165,12
pt_loma_kelp,349,61.46641454545454,1.8589429167115428,59.081,61.4876,63.982760000000006,165,12
pt_loma_kelp,350,61.38714909090909,1.8691046947219103,59.01836,61.3058,63.9122,165,12
pt_loma_kelp,351,61.30535272727273,1.866076107366302,58.9046,61.13119999999999,63.8312,165,12
pt_loma_kelp,352,61.1945490909091,1.8638841793356762,58.62416,61.0934,63.721759999999996,165,12
pt_loma_kelp,353,61.093498181818184,1.8603614215625246,58.567640000000004,61.0088,63.681799999999996,165,12
pt_loma_kelp,354,61.00081454545454,1.8454611459606929,58.567640000000004,60.85039999999999,63.58964,165,12
pt_loma_kelp,355,60.909756363636355,1.8092672058009271,58.567640000000004,60.782,63.43304,165,12
pt_loma_kelp,356,60.82182909090909,1.7656477240633313,58.567640000000004,60.6938,63.374719999999996,165,12
pt_loma_kelp,357,60.74125454545455,1.724951339909457,58.6148,60.5156,63.30992,165,12
pt_loma_kelp,358,60.66118181818182,1.6933262188148923,58.6148,60.39319999999999,63.23216,165,12
pt_loma_kelp,359,60.60488917197452,1.689506219837376,58.6238,60.3194,63.20624,157,12
pt_loma_kelp,360,60.55297848101265,1.6706334732914196,58.58222,60.2915,63.19274000000001,158,12
pt_loma_kelp,361,60.487083018867914,1.6493366682445836,58.469719999999995,60.242,63.033080000000005,159,12
pt_loma_kelp,362,60.41557625,1.6235984138620243,58.39934,60.2519,62.9141,160,12
pt_loma_kelp,363,60.33963602484473,1.5963500551082452,58.3916,60.2348,62.6558,161,12
pt_loma_kelp,364,60.266244444444446,1.571441757437619,58.3592,60.210499999999996,62.464999999999996,162,12
pt_loma_kelp,365,60.21917423312883,1.5382078884925985,58.33688,60.0656,62.28536,163,12
pt_loma_kelp,366,60.16793658536586,1.5152603486851592,58.3034,60.0422,62.17952,164,12
sd_bay,1,59.97093090909091,1.496089655369843,58.0604,59.9126,61.89836,165,12
sd_bay,2,59.9309469879518,1.4817959671709886,58.022600000000004,59.9495,61.853899999999996,166,12
sd_bay,3,59.87961796407186,1.4607270249304265,57.87356,59.9126,61.833560000000006,167,12
sd_bay,4,59.82064999999999,1.4438511537314838,57.82874,59.873900000000006,61.723220000000005,168,12
sd_bay,5,59.76691715976332,1.4459854730718227,57.71408,59.8712,61.60928,169,12
sd_bay,6,59.72133411764706,1.461164787498504,57.65234,59.864000000000004,61.59686000000001,170,12
sd_bay,7,59.687894736842104,1.4774577541193623,57.5798,59.8712,61.5632,171,12
sd_bay,8,59.691010000000006,1.4873008766811566,57.52292,59.873900000000006,61.56644,180,12
sd_bay,9,59.658350000000006,1.4893476959720342,57.46874,59.864000000000004,61.56644,180,12
sd_bay,10,59.62902,1.4962058923981445,57.45308,59.8334,61.59686000000001,180,12
sd_bay,11,59.614450000000005,1.505910315665185,57.45308,59.7902,61.5974,180,12
sd_bay,12,59.617340000000006,1.5183992383777547,57.4088,59.7344,61.621159999999996,180,12
sd_bay,13,59.62246,1.5296898668260803,57.4088,59.7119,61.70054,180,12
sd_bay,14,59.60592000000001,1.5405933023264724,57.35912,59.6075,61.80332000000001,180,12
sd_bay,15,59.592459999999996,1.5535809789899369,57.35912,59.489599999999996,61.810700000000004,180,12
sd_bay,16,59.5649,1.5522537210537266,57.34724,59.4554,61.80422000000001,180,12
sd_bay,17,59.53859000000001,1.5534921986595522,57.34382,59.3843,61.775059999999996,180,12
sd_bay,18,59.51363000000001,1.566460970200666,57.33068,59.3627,61.74446,180,12
sd_bay,19,59.48765000000001,1.5806375419590284,57.30044,59.3501,61.77668,180,12
sd_bay,20,59.470029999999994,1.5911099045185355,57.296119999999995,59.3627,61.77668,180,12
sd_bay,21,59.46119000000001,1.6000037659557633,57.296119999999995,59.3501,61.82114,180,12
sd_bay,22,59.46029000000001,1.611875395225029,57.296119999999995,59.3627,61.845620000000004,180,12
sd_bay,23,59.46466999999999,1.6248919487548987,57.296119999999995,59.4122,61.87712,180,12
sd_bay,24,59.47488000000001,1.6375985356135292,57.28334,59.4725,61.87748,180,12
sd_bay,25,59.47805000000002,1.6307876340683258,57.25058,59.498599999999996,61.87748,180,12
sd_bay,26,59.469770000000004,1.623560673228331,57.196760000000005,59.498599999999996,61.845620000000004,180,12
sd_bay,27,59.44716,1.6226703238315465,57.134299999999996,59.4617,61.779019999999996,180,12
sd_bay,28,59.409319999999994,1.6311643412609036,57.117200000000004,59.3843,61.774519999999995,180,12
sd_bay,29,59.388310000000004,1.639210199967038,57.0524,59.362700000000004,61.774519999999995,180,12
sd_bay,30,59.37133000000001,1.6425293939667238,57.0524,59.3564,61.774519999999995,180,12
sd_bay,31,59.370850000000004,1.6520002521236974,57.04988,59.3285,61.805119999999995,180,12
sd_bay,32,59.37704999999999,1.6635275716440987,57.04808,59.3168,61.89169999999999,180,12
sd_bay,33,59.38759,1.66399222042055,57.04808,59.3168,61.93292,180,12
sd_bay,34,59.397830000000006,1.6643015195335815,57.06212,59.2538,61.941919999999996,180,12
sd_bay,35,59.40214,1.6650507817712634,57.08426,59.1836,61.9664,180,12
sd_bay,36,59.394929999999995,1.6599190380034374,57.12224,59.171,61.98584,180,12
sd_bay,37,59.390249999999995,1.6679072120106366,57.12224,59.1305,61.98584,180,12
sd_bay,38,59.39271,1.6903554607201978,57.22988,59.0972,61.98584,180,12
sd_bay,39,59.38919,1.7166390490443557,57.22988,59.0972,62.10032,180,12
sd_bay,40,59.400800000000004,1.7472142123708285,57.28028,59.09,62.1815,180,12
sd_bay,41,59.41561999999998,1.778436020601894,57.295939999999995,59.0747,62.2733,180,12
sd_bay,42,59.434219999999996,1.816710132497629,57.307280000000006,59.0747,62.31974,180,12
sd_bay,43,59.457010000000004,1.8325420064114681,57.326,59.0837,62.31974,180,12
sd_bay,44,59.466903910614526,1.8369500415048365,57.36812,59.0774,62.320280000000004,179,12
sd_bay,45,59.476969662921356,1.845686079710516,57.354260000000004,59.1035,62.32082,178,12
sd_bay,46,59.468414606741575,1.8633538084874397,57.3224,59.1035,62.32352,178,12
sd_bay,47,59.449908988764044,1.8887423057243329,57.27164,59.12779999999999,62.386160000000004,178,12
sd_bay,48,59.426610112359555,1.923444008049247,57.21602,59.1566,62.298320000000004,178,12
sd_bay,49,59.41360561797753,1.958176363360756,57.11486,59.1746,62.26268,178,12
sd_bay,50,59.405080898876406,1.9896270442254527,57.1082,59.2115,62.26268,178,12
sd_bay,51,59.40431235955056,2.0271388073193615,57.1082,59.251099999999994,62.27924,178,12
sd_bay,52,59.41086516853934,2.0603812694780723,57.043220000000005,59.292500000000004,62.27924,178,12
sd_bay,53,59.40075280898877,2.0672582623330245,57.043220000000005,59.292500000000004,62.27924,178,12
sd_bay,54,59.39255168539325,2.0613812218042815,57.043220000000005,59.251099999999994,62.26268,178,12
sd_bay,55,59.37537078651685,2.04877651461192,57.043220000000005,59.2043,62.26268,178,12
sd_bay,56,59.34475056179776,2.0270628018178933,57.043220000000005,59.2043,62.26268,178,12
sd_bay,57,59.31597078651686,1.9919200218896913,57.043220000000005,59.152100000000004,62.204,178,12
sd_bay,58,59.283793258426954,1.9701403408554832,57.043220000000005,59.134100000000004,62.204,178,12
sd_bay,59,59.24981787709496,1.967692810738359,57.02324,59.1134,62.17376,179,12
sd_bay,60,59.21291000000001,1.966602497207391,57.03602,59.0216,62.12948,180,12
sd_bay,61,59.203700000000005,1.967686603503957,57.090920000000004,59.063,62.12948,180,12
sd_bay,62,59.21176,1.9721647140067144,57.1118,59.063,62.12948,180,12
sd_bay,63,59.23745000000001,1.9821242580236516,57.10856,59.102599999999995,62.17268,180,12
sd_bay,64,59.27642,1.9807725155244316,57.1343,59.1188,62.17268,180,12
sd_bay,65,59.31062000000001,1.9727942481464087,57.10388,59.134100000000004,62.05334,180,12
sd_bay,66,59.355140000000006,1.9600363143255437,57.09092,59.2619,62.17178,180,12
sd_bay,67,59.399319999999996,1.9494352956976366,57.1082,59.2916,62.1743,180,12
sd_bay,68,59.45078999999999,1.9758144765411294,57.10964,59.3303,62.18582,180,12
sd_bay,69,59.507490000000004,2.020225985176994,57.12782,59.357299999999995,62.27852,180,12
sd_bay,70,59.5814,2.075861075210819,57.149240000000006,59.5004,62.30318,180,12
sd_bay,71,59.66400999999999,2.136979124162458,57.156259999999996,59.6444,62.340619999999994,180,12
sd_bay,72,59.73709,2.1880475951310245,57.17138,59.8604,62.53448,180,12
sd_bay,73,59.823710000000005,2.2482192322645096,57.197300000000006,59.945,62.74832,180,12
sd_bay,74,59.93206,2.309615507520896,57.2162,59.9945,63.01346,180,12
sd_bay,75,60.051050000000004,2.3618004640315067,57.2162,59.9999,63.232519999999994,180,12
sd_bay,76,60.16346,2.412737754344683,57.26498,60.069199999999995,63.31136,180,12
sd_bay,77,60.26438,2.4373683749798585,57.26498,60.1232,63.503960000000006,180,12
sd_bay,78,60.34767000000001,2.439752427817033,57.34364,60.1691,63.9869,180,12
sd_bay,79,60.40314000000001,2.448796874983177,57.41996,60.197900000000004,64.15574,180,12
sd_bay,80,60.45453,2.460266497303532,57.56288,60.2132,64.32062,180,12
sd_bay,81,60.50303999999999,2.483386603561476,57.63902,60.2258,64.44572000000001,180,12
sd_bay,82,60.54625,2.5303188206276195,57.65054,60.2132,64.58504,180,12
sd_bay,83,60.58658999999999,2.5555665990847394,57.7292,60.215,64.66964,180,12
sd_bay,84,60.61689,2.5630038171697707,57.81542,60.215,65.26364,180,12
sd_bay,85,60.63426000000001,2.5487538282122926,57.864200000000004,60.2258,65.35778,180,12
sd_bay,86,60.66582,2.520375884097383,57.881299999999996,60.2321,64.79870000000001,180,12
sd_bay,87,60.726989999999994,2.50094173389226,57.94304,60.254599999999996,64.70258000000001,180,12
sd_bay,88,60.79543999999999,2.4884985745396833,57.9794,60.312200000000004,64.71878,180,12
sd_bay,89,60.857589999999995,2.4675535712851326,57.983,60.3743,64.76882,180,12
sd_bay,90,60.89791000000001,2.438310530246427,58.057520000000004,60.543499999999995,64.74038,180,12
sd_bay,91,60.935590000000005,2.41028697401495,58.07228,60.6065,64.74038,180,12
sd_bay,92,60.9754,2.3999159373546224,58.1108,60.62,64.71878,180,12
sd_bay,93,61.03879,2.406887726957527,58.24598,60.657799999999995,64.71878,180,12
sd_bay,94,61.11644999999999,2.411746106769855,58.351099999999995,60.7316,64.74038,180,12
sd_bay,95,61.186499999999995,2.3920562289966267,58.48808,60.9818,64.74038,180,12
sd_bay,96,61.24407,2.3559168070101864,58.5275,61.156400000000005,64.71878,180,12
sd_bay,97,61.277100000000004,2.2832020500963655,58.5275,61.352599999999995,64.68278,180,12
sd_bay,98,61.30674,2.222716976170476,58.5275,61.412000000000006,64.65956,180,12
sd_bay,99,61.34648000000001,2.1773948652861064,58.5275,61.5326,64.49378,180,12
sd_bay,100,61.39346000000001,2.1476166445152365,58.63226,61.6307,64.44968,180,12
sd_bay,101,61.43189,2.144109909139285,58.63226,61.6802,64.44194,180,12
sd_bay,102,61.45420000000001,2.1454360310036025,58.62956,61.664,64.14674,180,12
sd_bay,103,61.46696000000001,2.1215183680799368,58.63352,61.6442,64.13774,180,12
sd_bay,104,61.48297,2.0873219167447328,58.88138,61.6442,64.10426000000001,180,12
sd_bay,105,61.51921,2.056494822775044,58.88588,61.6442,64.07366,180,12
sd_bay,106,61.580439999999996,2.0282464921769083,58.96922,61.664,64.13774,180,12
sd_bay,107,61.65656999999999,1.9848392222266733,59.112500000000004,61.7027,64.20020000000001,180,12
sd_bay,108,61.71687,1.9458759108237147,59.17604,61.7477,64.20020000000001,180,12
sd_bay,109,61.777460000000005,1.9248450231920653,59.33156,61.7738,64.22287999999999,180,12
sd_bay,110,61.85213,1.927548633675518,59.44928,61.7738,64.2821,180,12
sd_bay,111,61.92269,1.9263430368296033,59.779759999999996,61.7918,64.29092,180,12
sd_bay,112,62.00445,1.9341121604833593,59.82512,61.7918,64.30315999999999,180,12
sd_bay,113,62.10386999999999,1.9423540893669324,59.91278,61.7918,64.4054,180,12
sd_bay,114,62.20302,1.9612897273116225,59.93114,61.911500000000004,64.47812,180,12
sd_bay,115,62.3142,2.006106488982991,59.95508,62.0456,64.72652000000001,180,12
sd_bay,116,62.42442,2.0319254253350203,60.15686,62.0681,64.985,180,12
sd_bay,117,62.52184,2.048240840347403,60.18224,62.1455,65.15402,180,12
sd_bay,118,62.638569999999994,2.0717010598908976,60.19124,62.4641,65.36551999999999,180,12
sd_bay,119,62.75333999999999,2.087277081653933,60.22274,62.645,65.41988,180,12
sd_bay,120,62.85048,2.0950858820119005,60.35504,62.7152,65.5115,180,12
sd_bay,121,62.93034000000001,2.1075153332669503,60.47456,62.7278,65.5277,180,12
sd_bay,122,63.00037000000001,2.1475748750131407,60.54728,62.7449,65.66468,180,12
sd_bay,123,63.07306,2.1701330651373043,60.57302,62.8574,65.66468,180,12
sd_bay,124,63.124449999999996,2.156670070920553,60.673100000000005,62.9078,65.66468,180,12
sd_bay,125,63.191199999999995,2.131714708342878,60.74096,62.943799999999996,65.66468,180,12
sd_bay,126,63.285050000000005,2.1082709275268074,60.7748,63.0617,65.66468,180,12
sd_bay,127,63.37069,2.05810822863942,61.028960000000005,63.2975,65.66468,180,12
sd_bay,128,63.42858999999999,2.0106249399282428,61.1762,63.3146,65.66468,180,12
sd_bay,129,63.46879,1.9596912924456105,61.22768000000001,63.3155,65.66468,180,12
sd_bay,130,63.49343999999999,1.8963865657831154,61.3238,63.3245,65.66468,180,12
sd_bay,131,63.514500000000005,1.8270984380559157,61.466359999999995,63.33710000000001,65.66468,180,12
sd_bay,132,63.56402,1.7474759515260887,61.64654,63.3767,65.6051,180,12
sd_bay,133,63.60337,1.6718379878572134,61.75544,63.444199999999995,65.4044,180,12
sd_bay,134,63.646730000000005,1.6366296131048157,61.775240000000004,63.4577,65.49889999999999,180,12
sd_bay,135,63.709450000000004,1.621874387861156,61.91024,63.4721,65.82002,180,12
sd_bay,136,63.77127,1.6177086219290806,61.946059999999996,63.4838,66.01964,180,12
sd_bay,137,63.82279,1.5771156471838637,62.09924,63.5306,66.18812,180,12
sd_bay,138,63.86951,1.5465361358018055,62.12822,63.603500000000004,66.26084,180,12
sd_bay,139,63.93219,1.534062175584372,62.15108,63.738499999999995,66.26084,180,12
sd_bay,140,63.97589,1.522343902634443,62.15846,63.9167,66.28009999999999,180,12
sd_bay,141,63.9985,1.5205928581390424,62.15846,63.9428,66.33734,180,12
sd_bay,142,64.05661,1.530848099448992,62.16062,64.0103,66.33734,180,12
sd_bay,143,64.12285,1.5307419008021916,62.16062,64.1084,66.28009999999999,180,12
sd_bay,144,64.19651999999999,1.522166156237725,62.24665999999999,64.1597,66.28009999999999,180,12
sd_bay,145,64.27561,1.5024724742122109,62.403980000000004,64.2209,66.27452,180,12
sd_bay,146,64.3762,1.5075058495675717,62.41964,64.37389999999999,66.27452,180,12
sd_bay,147,64.47761,1.543885861308602,62.41964,64.51429999999999,66.36758,180,12
sd_bay,148,64.56626,1.5635285475684326,62.65688,64.62049999999999,66.3962,180,12
sd_bay,149,64.65626,1.5728151710908078,62.71466,64.7852,66.50582,180,12
sd_bay,150,64.74855000000001,1.5614176311732062,62.88134,64.886,66.60968000000001,180,12
sd_bay,151,64.82776,1.5333462527769217,62.899519999999995,64.9085,66.60914,180,12
sd_bay,152,64.93057,1.5169243994780504,62.974759999999996,65.0102,66.76142,180,12
sd_bay,153,65.04034,1.4994228110962413,63.041900000000005,65.0957,66.9587,180,12
sd_bay,154,65.17326000000001,1.4984294008903167,63.239540000000005,65.2937,67.01432,180,12
sd_bay,155,65.33427999999999,1.529193612537568,63.40136,65.5205,67.33418,180,12
sd_bay,156,65.50091,1.5526769486723717,63.58316,65.6285,67.43228,180,12
sd_bay,157,65.64778,1.5796377577959915,63.58946,65.7167,67.62596,180,12
sd_bay,158,65.78932000000002,1.5966169749621946,63.59486,65.8715,67.78418,180,12
sd_bay,159,65.93764,1.5950651035066186,63.7061,65.9462,67.87598,180,12
sd_bay,160,66.09699,1.6030541048697216,63.76442,66.14779999999999,68.11898000000001,180,12
sd_bay,161,66.24636000000001,1.6397250166520712,63.779,66.281,68.25956000000001,180,12
sd_bay,162,66.39566,1.6855004871686654,63.89258,66.51679999999999,68.59796,180,12
sd_bay,163,66.5429,1.7222784344611803,63.97736,66.6266,68.7992,180,12
sd_bay,164,66.68011000000001,1.7564966681933387,64.01804,66.6905,68.96948,180,12
sd_bay,165,66.80236000000001,1.77695941879512,64.22288,66.8534,69.06506,180,12
sd_bay,166,66.93901,1.7738353452556441,64.6502,67.0451,69.20366,180,12
sd_bay,167,67.07474,1.7711189472529603,64.84154000000001,67.30879999999999,69.30788,180,12
sd_bay,168,67.21569,1.7654595677224012,64.92236000000001,67.3655,69.36188,180,12
sd_bay,169,67.33789000000002,1.780179091646454,65.12360000000001,67.4564,69.39734,180,12
sd_bay,170,67.44352,1.8037471771705804,64.92236000000001,67.5671,69.63296,180,12
sd_bay,171,67.54447,1.8199196770875021,64.8932,67.6841,69.63782,180,12
sd_bay,172,67.65492,1.8181149865732458,65.12036,67.7327,69.65798000000001,180,12
sd_bay,173,67.78652,1.8114593248624944,65.29352,67.8029,69.7487,180,12
sd_bay,174,67.91563,1.801513566185622,65.34121999999999,68.00450000000001,69.80504,180,12
sd_bay,175,68.03068999999999,1.8014702034665062,65.42924000000001,68.18090000000001,69.90944,180,12
sd_bay,176,68.13367000000001,1.7848112042591964,65.55991999999999,68.3753,70.11572,180,12
sd_bay,177,68.23184,1.7645702642245435,65.74514,68.5022,70.24676000000001,180,12
sd_bay,178,68.33019,1.7381608683160634,65.9075,68.6525,70.24676000000001,180,12
sd_bay,179,68.4434,1.687978426481854,66.17138,68.7812,70.28528,180,12
sd_bay,180,68.60358,1.6728006262672857,66.63542000000001,69.0926,70.37708,180,12
sd_bay,181,68.76643,1.7163691538800918,66.71966,69.2024,70.57598,180,12
sd_bay,182,68.92429,1.7964288826452985,66.71966,69.3095,70.71242,180,12
sd_bay,183,69.07399000000001,1.8393300477294574,66.71966,69.4058,71.15252,180,12
sd_bay,184,69.24237,1.8302898357620454,66.82622,69.5093,71.36564,180,12
sd_bay,185,69.40564,1.7962296395972313,67.05608000000001,69.6947,71.60054,180,12
sd_bay,186,69.55746,1.7414663631645375,67.17866,69.7829,71.64806,180,12
sd_bay,187,69.70942,1.7086435677486804,67.50824,69.9152,71.7917,180,12
sd_bay,188,69.85532,1.6994665724522746,67.67654,69.98089999999999,71.99276,180,12
sd_bay,189,70.00925000000001,1.6892119807536852,68.06750000000001,70.05199999999999,72.10508,180,12
sd_bay,190,70.14621000000001,1.6648931615729925,68.22446,70.1195,72.1544,180,12
sd_bay,191,70.26729999999999,1.637653217020587,68.387,70.2068,72.17240000000001,180,12
sd_bay,192,70.37047,1.6197989152357406,68.66654,70.26259999999999,72.18860000000001,180,12
sd_bay,193,70.48456000000002,1.6038571039875007,68.77904000000001,70.376,72.22136,180,12
sd_bay,194,70.58185999999999,1.6050420606612215,69.02348,70.6037,72.36014,180,12
sd_bay,195,70.65851,1.6169320477528668,69.03320000000001,70.6712,72.4064,180,12
sd_bay,196,70.74361,1.622022969655296,69.14336,70.7585,72.55705999999999,180,12
sd_bay,197,70.83035,1.5785264468509297,69.27008,70.952,72.64508,180,12
sd_bay,198,70.9228,1.5786756872729093,69.35090000000001,71.0528,72.96386,180,12
sd_bay,199,70.98145,1.6405927676354901,69.30662,71.1212,73.40198,180,12
sd_bay,200,71.04142999999999,1.6950664798650263,69.27008,71.1473,73.46462,180,12
sd_bay,201,71.12647,1.7652400273557054,69.2042,71.2652,73.56757999999999,180,12
sd_bay,202,71.20246,1.832966005701106,69.14677999999999,71.3264,73.62302,180,12
sd_bay,203,71.25574,1.8926019706733503,69.05426,71.38579999999999,73.71752000000001,180,12
sd_bay,204,71.28274000000002,1.9531081149180296,68.74736,71.4299,73.77224,180,12
sd_bay,205,71.33396,2.0250911791762993,68.71712,71.4587,74.19164,180,12
sd_bay,206,71.40113,2.090121996543684,68.71712,71.5127,74.29496,180,12
sd_bay,207,71.47215,2.1730701331855395,68.333,71.5451,74.30503999999999,180,12
sd_bay,208,71.55273000000001,2.240792297278331,68.3114,71.6072,74.45084,180,12
sd_bay,209,71.63056,2.285889540814357,68.31626,71.7368,74.57306000000001,180,12
sd_bay,210,71.69012,2.335801232034828,68.333,71.9195,74.66810000000001,180,12
sd_bay,211,71.7197,2.3788638948857628,68.333,71.87899999999999,74.79806,180,12
sd_bay,212,71.72442000000001,2.4452307832816893,68.31626,71.87899999999999,74.83496000000001,180,12
sd_bay,213,71.72279999999999,2.500118357600531,68.30654,71.8178,74.92334,180,12
sd_bay,214,71.74148,2.5367471977507123,68.26028,71.87270000000001,74.96186,180,12
sd_bay,215,71.76230999999999,2.5806076655893135,68.30654,71.8169,75.01028,180,12
sd_bay,216,71.76234,2.6009227203149043,68.33246,71.66210000000001,75.17498,180,12
sd_bay,217,71.75673,2.599480539553923,68.35424,71.5577,75.3044,180,12
sd_bay,218,71.76299,2.5784586733942887,68.67572,71.5118,75.19586,180,12
sd_bay,219,71.8082,2.5461948740299345,68.73331999999999,71.56309999999999,75.13771999999999,180,12
sd_bay,220,71.83222,2.504374625634023,68.75995999999999,71.5964,75.01028,180,12
sd_bay,221,71.85987,2.4528196756650518,68.93294,71.59909999999999,74.97554,180,12
sd_bay,222,71.88645000000001,2.397488943252244,68.98838,71.6648,74.84036,180,12
sd_bay,223,71.90673,2.342482711535685,69.05624,71.6648,74.8328,180,12
sd_bay,224,71.92328,2.3004390239824772,69.14372,71.6666,74.74316,180,12
sd_bay,225,71.93539000000001,2.2676516638370177,69.17756,71.6666,74.71994000000001,180,12
sd_bay,226,71.9385,2.2300595155522256,69.22940000000001,71.68100000000001,74.597,180,12
sd_bay,227,71.93973,2.178084537142337,69.30302,71.7413,74.52680000000001,180,12
sd_bay,228,71.92386,2.161270113634431,69.35018000000001,71.8115,74.52482,180,12
sd_bay,229,71.9046,2.165769469773068,69.35018000000001,71.8574,74.52482,180,12
sd_bay,230,71.84201999999999,2.2625567347409845,69.1808,72.1067,74.51798,180,12
sd_bay,231,71.7886,2.3524119012826152,69.16838,72.3407,74.46127999999999,180,12
sd_bay,232,71.78488715083799,2.3482409252775955,69.15596000000001,72.401,74.43787999999999,179,12
sd_bay,233,71.79929438202247,2.3320555307495,69.1808,72.43700000000001,74.41556,178,12
sd_bay,234,71.79886440677964,2.325841722251228,69.1808,72.401,74.47532,177,12
sd_bay,235,71.81192954545455,2.310191034681348,69.2411,72.32990000000001,74.5133,176,12
sd_bay,236,71.79123200000001,2.3209033734421545,69.1808,72.2048,74.50988,175,12
sd_bay,237,71.78232758620689,2.3293630592455865,69.05785999999999,72.2354,74.53184,174,12
sd_bay,238,71.77145780346822,2.331786063601628,68.9828,72.266,74.50628,173,12
sd_bay,239,71.75757325581397,2.33267418729575,68.81864,72.2381,74.471,172,12
sd_bay,240,71.74842105263157,2.337332991359031,68.7614,72.2102,74.47460000000001,171,12
sd_bay,241,71.76326,2.3402728504101535,68.75113999999999,72.2381,74.51672,170,12
sd_bay,242,71.79229112426034,2.337472362959469,68.77723999999999,72.266,74.5394,169,12
sd_bay,243,71.84888214285715,2.307259718069321,68.79632000000001,72.32,74.52176,168,12
sd_bay,244,71.91182035928144,2.2644876929741082,68.92016,72.3578,74.51708,167,12
sd_bay,245,72.0246481927711,2.115012198739028,69.23750000000001,72.3632,74.54390000000001,166,12
sd_bay,246,72.1227309090909,1.984385057865602,69.31184,72.3632,74.61824,165,12
sd_bay,247,72.13287636363636,1.9793143282426617,69.31184,72.3434,74.66288,165,12
sd_bay,248,72.11294545454545,1.9934872744384697,69.31184,72.257,74.68268,165,12
sd_bay,249,72.07755636363636,2.015837482085751,69.26684,72.24080000000001,74.70104,165,12
sd_bay,250,71.99711272727274,2.0656554697369316,69.22508,72.2102,74.70104,165,12
sd_bay,251,71.92657454545454,2.0999676572612347,69.22508,72.1328,74.71508,165,12
sd_bay,252,71.84110181818183,2.106076032910283,69.26684,71.9384,74.70212000000001,165,12
sd_bay,253,71.74392363636363,2.1076131097121693,69.22508,71.78540000000001,74.70212000000001,165,12
sd_bay,254,71.6843818181818,2.099404143783588,69.22508,71.7728,74.6816,165,12
sd_bay,255,71.61974545454545,2.0736796804835973,69.22508,71.5784,74.60672,165,12
sd_bay,256,71.52361454545455,2.055396376889043,69.22508,71.5118,74.53544,165,12
sd_bay,257,71.41387999999999,2.0551124386544397,68.94608,71.0096,74.53544,165,12
sd_bay,258,71.27369818181818,2.0547318168865596,68.8118,70.9538,74.53544,165,12
sd_bay,259,71.10844727272728,2.017246281430898,68.67824,70.7972,74.45156,165,12
sd_bay,260,70.91704727272727,1.980149792177092,68.414,70.6928,74.14808,165,12
sd_bay,261,70.74176,1.9368890901170965,68.18936000000001,70.59740000000001,73.12748,165,12
sd_bay,262,70.60549454545455,1.9243912846332751,68.04824,70.5146,73.04324,165,12
sd_bay,263,70.4718690909091,1.932102371631905,68.00431999999999,70.4624,72.95504,165,12
sd_bay,264,70.35527272727272,1.8937862382385997,68.00431999999999,70.376,72.86828,165,12
sd_bay,265,70.28381818181818,1.856680871460654,68.00431999999999,70.3148,72.57056,165,12
sd_bay,266,70.23024363636364,1.824072486401029,68.04824,70.286,72.48776000000001,165,12
sd_bay,267,70.1635890909091,1.8118351045218841,68.04824,70.2572,72.356,165,12
sd_bay,268,70.07831272727273,1.8102484786040416,68.027,70.0088,72.17815999999999,165,12
sd_bay,269,69.96291636363637,1.7981187371023089,67.93952,69.7388,72.1472,165,12
sd_bay,270,69.8506618181818,1.7836181594831715,67.9028,69.5228,72.13568,165,12
sd_bay,271,69.75088727272725,1.776812647286297,67.82972,69.4634,72.12524,165,12
sd_bay,272,69.64676,1.772665268389973,67.55503999999999,69.4454,72.09752,165,12
sd_bay,273,69.55604,1.7568469553401065,67.47872,69.3248,72.07412,165,12
sd_bay,274,69.48028727272727,1.7710608304120878,67.42724000000001,69.18260000000001,72.0626,165,12
sd_bay,275,69.40720727272728,1.7896801689865862,67.29728,69.0404,72.03596,165,12
sd_bay,276,69.30806545454546,1.7738606491263187,67.29728,68.9702,72.00356,165,12
sd_bay,277,69.20616363636364,1.791379802067386,67.18892,68.873,72.00356,165,12
sd_bay,278,69.11416727272727,1.8201860103673546,67.10288,68.8334,72.00356,165,12
sd_bay,279,69.00857818181817,1.8588953508400416,66.94844,68.7578,71.94092,165,12
sd_bay,280,68.90150545454547,1.8991058236820917,66.74936000000001,68.6822,71.8304,165,12
sd_bay,281,68.7942690909091,1.9334621490431885,66.59204,68.54,71.76416,165,12
sd_bay,282,68.71647636363636,1.9789547497843434,66.44012000000001,68.4752,71.76416,165,12
sd_bay,283,68.64644,2.038957542255834,66.26156,68.2322,71.64356,165,12
sd_bay,284,68.5613709090909,2.096335942666254,66.00416,68.0864,71.48876,165,12
sd_bay,285,68.45991636363637,2.129070080995826,65.95016000000001,67.94239999999999,71.48444,165,12
sd_bay,286,68.35514545454546,2.136191527948705,65.88896000000001,67.8434,71.37068,165,12
sd_bay,287,68.27281454545455,2.137714758010621,65.81156,67.7894,71.12912,165,12
sd_bay,288,68.18638181818183,2.1421848660652776,65.78636,67.6994,71.1248,165,12
sd_bay,289,68.09272727272727,2.1456893831178903,65.74388,67.6634,71.04164,165,12
sd_bay,290,68.00568363636363,2.15280801100112,65.66108,67.6346,70.9898,165,12
sd_bay,291,67.93667272727272,2.1823353530598992,65.62867999999999,67.55,70.9898,165,12
sd_bay,292,67.87057454545456,2.1717566077934363,65.58548,67.3016,70.9898,165,12
sd_bay,293,67.79949090909092,2.1478633976246893,65.54696,67.2674,70.9538,165,12
sd_bay,294,67.72353090909091,2.1258805813528068,65.49512,67.17920000000001,70.92392,165,12
sd_bay,295,67.63357454545454,2.090448710282968,65.58548,67.0676,70.87711999999999,165,12
sd_bay,296,67.52778909090908,2.0469432799527394,65.37992,66.9992,70.85983999999999,165,12
sd_bay,297,67.38370181818182,1.9829665164040464,65.2442,66.8912,70.6658,165,12
sd_bay,298,67.23364727272728,1.930121541338013,65.15276,66.7526,70.51388,165,12
sd_bay,299,67.08465090909091,1.8894001720322213,64.76684,66.7094,70.16036,165,12
sd_bay,300,66.9431490909091,1.868033210475992,64.56308,66.686,69.69488,165,12
sd_bay,301,66.80617454545455,1.8774064705570765,64.48424,66.668,69.3428,165,12
sd_bay,302,66.66100727272728,1.8764253107374278,64.35572,66.61580000000001,69.0314,165,12
sd_bay,303,66.51305818181818,1.892594828376933,64.17824,66.54740000000001,68.891,165,12
sd_bay,304,66.3677818181818,1.912426111159073,64.02776,66.26480000000001,68.86796,165,12
sd_bay,305,66.21643999999999,1.9184259128317651,63.84416,66.1622,68.756,165,12
sd_bay,306,66.04352,1.9292396052685077,63.674240000000005,66.0524,68.42012,165,12
sd_bay,307,65.85747636363637,1.9302982482144742,63.46508,65.7824,68.18612,165,12
sd_bay,308,65.67441090909091,1.9042698079808924,63.3506,65.6294,67.94995999999999,165,12
sd_bay,309,65.49571999999999,1.87605248532852,63.202999999999996,65.3486,67.76492,165,12
sd_bay,310,65.33108,1.850794355339376,62.80952,65.1632,67.6508,165,12
sd_bay,311,65.18640363636364,1.850958550941584,62.602520000000005,65.03,67.487,165,12
sd_bay,312,65.05989090909092,1.8683535454922435,62.4704,64.90039999999999,67.43192,165,12
sd_bay,313,64.92040727272726,1.8650755289604957,62.41064,64.7924,67.33076,165,12
sd_bay,314,64.75717454545453,1.8661339094193377,62.22595999999999,64.65379999999999,67.28432,165,12
sd_bay,315,64.59057090909091,1.8835013552546545,62.15828,64.53320000000001,67.2548,165,12
sd_bay,316,64.43699272727274,1.9188415586660243,62.09924,64.3982,67.1378,165,12
sd_bay,317,64.29346181818183,1.9482277867544235,62.00996,64.2182,67.12844,165,12
sd_bay,318,64.16582545454546,1.961365610146458,61.9412,64.0904,66.93224,165,12
sd_bay,319,64.03717454545455,1.964447215135961,61.810520000000004,63.9014,66.83576000000001,165,12
sd_bay,320,63.92370909090909,1.9740762798732765,61.77308,63.762800000000006,66.7634,165,12
sd_bay,321,63.81742181818181,1.988293031725673,61.385360000000006,63.6926,66.65972,165,12
sd_bay,322,63.71068727272727,2.000994520694453,61.02428,63.6314,66.56684,165,12
sd_bay,323,63.59428727272728,2.011276320574297,60.74996,63.5594,66.54416,165,12
sd_bay,324,63.47210545454544,2.0176626447649326,60.55988,63.428,66.42932,165,12
sd_bay,325,63.348069090909085,1.9978758026359684,60.10196,63.3686,65.95591999999999,165,12
sd_bay,326,63.20198545454546,1.946348360963721,60.0404,63.275,65.44436,165,12
sd_bay,327,63.042745454545454,1.8844698650741285,59.98064,63.1544,65.30216,165,12
sd_bay,328,62.91794545454545,1.8581798416945068,59.8604,63.1022,65.07356,165,12
sd_bay,329,62.834512727272724,1.853756611131202,59.8604,63.0356,64.8302,165,12
sd_bay,330,62.76427999999999,1.8392823471629813,59.916920000000005,62.8898,64.82372,165,12
sd_bay,331,62.68642181818183,1.811859294598646,59.916920000000005,62.879000000000005,64.697,165,12
sd_bay,332,62.59495999999999,1.7967265463994746,59.916920000000005,62.7854,64.64228,165,12
sd_bay,333,62.49302545454546,1.779667788971923,59.916920000000005,62.6018,64.64228,165,12
sd_bay,334,62.39638181818183,1.7455071910644337,59.916920000000005,62.501,64.4954,165,12
sd_bay,335,62.29208,1.7052792413918463,59.916920000000005,62.3966,64.22684,165,12
sd_bay,336,62.201370909090905,1.6743804976336398,59.8982,62.25079999999999,64.13396,165,12
sd_bay,337,62.12890181818183,1.6601143286545028,59.8658,62.2022,64.05296,165,12
sd_bay,338,62.05585454545455,1.6501783417829656,59.8658,62.0618,64.05296,165,12
sd_bay,339,61.99210181818181,1.6413837059193832,59.8658,61.9898,64.0436,165,12
sd_bay,340,61.927661818181825,1.6568722309127653,59.8658,61.871,64.03927999999999,165,12
sd_bay,341,61.87390181818182,1.6891498442705168,59.8442,61.8602,64.03927999999999,165,12
sd_bay,342,61.81871272727272,1.7251931984126363,59.828,61.754000000000005,64.03927999999999,165,12
sd_bay,343,61.742261818181824,1.7619749081320415,59.744479999999996,61.7342,64.03927999999999,165,12
sd_bay,344,61.64667636363637,1.7976033986302937,59.4302,61.6532,63.96583999999999,165,12
sd_bay,345,61.54476363636365,1.8235766646457048,59.178200000000004,61.5488,63.84884,165,12
sd_bay,346,61.45920363636365,1.8475529739225636,59.09324,61.5038,63.84884,165,12
sd_bay,347,61.38907999999999,1.862736313611988,59.04932,61.4354,63.84884,165,12
sd_bay,348,61.320570909090925,1.8754547781810724,59.00648,61.3256,63.788,165,12
sd_bay,349,61.252705454545456,1.8756438769014412,58.964,61.16,63.71096,165,12
sd_bay,350,61.17693090909091,1.8800705710229617,58.93916,61.01780000000001,63.66488,165,12
sd_bay,351,61.10354545454545,1.8690682411119932,58.77392,60.90260000000001,63.64328,165,12
sd_bay,352,61.000563636363644,1.8585467363917831,58.45712,60.8432,63.602959999999996,165,12
sd_bay,353,60.905392727272734,1.8502609035393618,58.36208,60.8144,63.52664,165,12
sd_bay,354,60.81461818181818,1.8359824904603967,58.36208,60.7496,63.408559999999994,165,12
sd_bay,355,60.727727272727265,1.8012364124963942,58.36208,60.6596,63.31244,165,12
sd_bay,356,60.63983272727273,1.7554341692529887,58.36208,60.458,63.25016,165,12
sd_bay,357,60.56209454545455,1.7152000160066143,58.4528,60.3338,63.18824,165,12
sd_bay,358,60.48700727272726,1.684780949775748,58.46468,60.2672,62.99636,165,12
sd_bay,359,60.43658343949045,1.6852857557227319,58.50752,60.233,62.99204,157,12
sd_bay,360,60.38889367088609,1.6700314228205688,58.37306,60.179,62.98988000000001,158,12
sd_bay,361,60.32266037735849,1.6510832948273941,58.31744,59.9702,62.91428,159,12
sd_bay,362,60.25245124999999,1.6224402940623637,58.27874,59.978300000000004,62.70818,160,12
sd_bay,363,60.1788099378882,1.5918689239069344,58.28,59.9486,62.4794,161,12
sd_bay,364,60.10538888888889,1.565587355460448,58.268660000000004,59.9306,62.19932,162,12
sd_bay,365,60.05720736196318,1.5324157558686073,58.24004,59.8982,62.13488,163,12
sd_bay,366,60.0036756097561,1.5120300880377768,58.11656,59.8451,62.04704,164,12
surf_zone,1,60.10437090909091,1.3446831225698377,58.45064,60.0404,61.89907999999999,165,12
surf_zone,2,60.058334939759035,1.3496939855576904,58.365500000000004,60.0413,61.9187,166,12
surf_zone,3,60.01563113772454,1.3577227427768592,58.30088,60.0404,61.88576,167,12
surf_zone,4,59.976360714285725,1.369306212939493,58.17776,60.035,61.95704,168,12
surf_zone,5,59.94135739644971,1.3783899840662415,58.1324,60.0296,61.95236,169,12
surf_zone,6,59.90620470588234,1.3830876019016065,58.08902,60.0026,61.85714,170,12
surf_zone,7,59.88141052631579,1.386673644502964,58.0388,59.9846,61.943,171,12
surf_zone,8,59.88561000000001,1.4079096210002358,58.03826,59.990899999999996,61.94876,180,12
surf_zone,9,59.855839999999986,1.425433540307089,58.03268,59.92700000000001,61.892779999999995,180,12
surf_zone,10,59.83119,1.4497437849187744,58.01666,59.8388,61.94876,180,12
surf_zone,11,59.816759999999995,1.4813645917148797,57.96266,59.682199999999995,62.0024,180,12
surf_zone,12,59.81343000000001,1.5049084658925553,57.891020000000005,59.7362,62.0024,180,12
surf_zone,13,59.80949999999999,1.5136478696500348,57.82064,59.7074,62.021119999999996,180,12
surf_zone,14,59.795,1.5244195951649615,57.783919999999995,59.6858,62.021119999999996,180,12
surf_zone,15,59.77772,1.5434093271411007,57.71714,59.6597,62.021119999999996,180,12
surf_zone,16,59.748650000000005,1.5581432562813256,57.59546,59.6498,62.0024,180,12
surf_zone,17,59.71949,1.5631311299071862,57.55712,59.636300000000006,61.973420000000004,180,12
surf_zone,18,59.69471,1.5820548041944886,57.471979999999995,59.645300000000006,61.973420000000004,180,12
surf_zone,19,59.67365000000001,1.6009123642961927,57.41564,59.6336,61.93454,180,12
surf_zone,20,59.656540000000014,1.6174589470272303,57.324920000000006,59.6498,61.93454,180,12
surf_zone,21,59.646939999999994,1.6415132414837479,57.20216,59.6552,61.93454,180,12
surf_zone,22,59.63464,1.6665937763517247,57.1721,59.6669,61.90772,180,12
surf_zone,23,59.63760999999999,1.6828992482913059,57.17246,59.6903,61.93454,180,12
surf_zone,24,59.64603999999999,1.7001334934639003,57.17246,59.7101,61.973420000000004,180,12
surf_zone,25,59.64366000000001,1.703774425741288,57.20216,59.7119,61.93454,180,12
surf_zone,26,59.63994,1.7024026773748213,57.21836,59.7119,61.92716,180,12
surf_zone,27,59.61856000000001,1.701219045457021,57.248960000000004,59.6903,61.92716,180,12
surf_zone,28,59.58146,1.7215059105849073,57.21836,59.6669,61.92716,180,12
surf_zone,29,59.557970000000005,1.742930423067321,57.20216,59.6435,61.93292,180,12
surf_zone,30,59.54086,1.7644305894489698,57.20216,59.568799999999996,61.93904,180,12
surf_zone,31,59.54549,1.7831480027400917,57.20216,59.5544,62.09762,180,12
surf_zone,32,59.56751,1.7990111289012678,57.20216,59.45,62.17628,180,12
surf_zone,33,59.58694,1.7996783289113287,57.21836,59.4005,62.28446,180,12
surf_zone,34,59.598000000000006,1.796442314298834,57.310520000000004,59.3789,62.30912,180,12
surf_zone,35,59.59806,1.800160194100675,57.32996,59.3411,62.46734,180,12
surf_zone,36,59.591089999999994,1.8033106576361524,57.32996,59.2979,62.476519999999994,180,12
surf_zone,37,59.589409999999994,1.8074288193128603,57.310520000000004,59.2628,62.51953999999999,180,12
surf_zone,38,59.58281999999999,1.81320516313519,57.49124,59.251099999999994,62.53286,180,12
surf_zone,39,59.56983,1.8180200920124325,57.51248,59.2466,62.53286,180,12
surf_zone,40,59.56295,1.8369946685373468,57.529399999999995,59.2304,62.61656,180,12
surf_zone,41,59.55787,1.852491651196893,57.529399999999995,59.214200000000005,62.6864,180,12
surf_zone,42,59.56294,1.8807331938761238,57.529399999999995,59.205200000000005,62.70728,180,12
surf_zone,43,59.57506,1.8878846274165575,57.56666,59.2286,62.70728,180,12
surf_zone,44,59.58311955307262,1.87857571789746,57.5888,59.2448,62.71196,179,12
surf_zone,45,59.5903191011236,1.864272965445131,57.5861,59.251099999999994,62.690000000000005,178,12
surf_zone,46,59.57748651685394,1.8636520038200803,57.53192,59.275400000000005,62.57246,178,12
surf_zone,47,59.55947640449439,1.8677715228244607,57.36506,59.3006,62.50424,178,12
surf_zone,48,59.54204269662921,1.8867099439579935,57.324740000000006,59.3087,62.50424,178,12
surf_zone,49,59.52973595505619,1.9148486195715504,57.11648,59.322199999999995,62.50424,178,12
surf_zone,50,59.52803707865169,1.9453368506112816,57.11648,59.322199999999995,62.54384,178,12
surf_zone,51,59.53288089887641,1.9905041508209287,57.23906,59.322199999999995,62.61782,178,12
surf_zone,52,59.53165730337078,2.0330046459015025,57.24626,59.322199999999995,62.64752,178,12
surf_zone,53,59.520382022471914,2.065193279230527,57.160759999999996,59.322199999999995,62.61674,178,12
surf_zone,54,59.51830898876405,2.0873251037199045,57.160759999999996,59.322199999999995,62.72582,178,12
surf_zone,55,59.52964494382022,2.0893272540379635,57.160759999999996,59.322199999999995,62.80142,178,12
surf_zone,56,59.529341573033705,2.0708048821276814,57.160759999999996,59.3519,62.7134,178,12
surf_zone,57,59.527066292134826,2.049108251818561,57.160759999999996,59.378,62.7134,178,12
surf_zone,58,59.515315730337086,2.039324653660617,57.160759999999996,59.4221,62.61674,178,12
surf_zone,59,59.48290279329609,2.057479614639007,57.03296,59.378,62.504239999999996,179,12
surf_zone,60,59.45559,2.0766024744746923,56.94350000000001,59.306,62.40848,180,12
surf_zone,61,59.45192,2.0876433989458096,56.93882000000001,59.283500000000004,62.40848,180,12
surf_zone,62,59.45537,2.1038656522388477,56.66684,59.2565,62.40848,180,12
surf_zone,63,59.46529000000002,2.114032738262804,56.66684,59.243,62.40848,180,12
surf_zone,64,59.48874999999999,2.109931529496162,56.66684,59.243,62.40848,180,12
surf_zone,65,59.51517000000001,2.09840648809104,56.735600000000005,59.319500000000005,62.40848,180,12
surf_zone,66,59.552020000000006,2.071932427027387,56.83838,59.504000000000005,62.491279999999996,180,12
surf_zone,67,59.59953000000001,2.0437403278270443,56.87492,59.639,62.57732,180,12
surf_zone,68,59.65515,2.038240857897925,56.8778,59.6408,62.720780000000005,180,12
surf_zone,69,59.72566,2.064693846381327,57.112700000000004,59.7038,62.72653999999999,180,12
surf_zone,70,59.797090000000004,2.1133368361234326,57.23924,59.792,62.72653999999999,180,12
surf_zone,71,59.87141999999999,2.195868459197991,57.28118,59.8928,62.80214,180,12
surf_zone,72,59.93816,2.2603067395931644,57.359120000000004,59.963,62.88566,180,12
surf_zone,73,60.01469,2.3255461964087676,57.359120000000004,60.0575,63.07394,180,12
surf_zone,74,60.121410000000004,2.3789761312321036,57.359120000000004,60.210499999999996,63.133520000000004,180,12
surf_zone,75,60.22969,2.4212209921567127,57.359120000000004,60.2708,63.18518,180,12
surf_zone,76,60.33866999999999,2.469443240032663,57.39656,60.3095,63.45734,180,12
surf_zone,77,60.435779999999994,2.5013260383222393,57.4322,60.350899999999996,63.81625999999999,180,12
surf_zone,78,60.533730000000006,2.524183058326819,57.502399999999994,60.3815,64.13792000000001,180,12
surf_zone,79,60.60685999999999,2.5498813152268514,57.57224,60.413000000000004,64.26338,180,12
surf_zone,80,60.67128999999999,2.5753800929454407,57.63056,60.413000000000004,64.28750000000001,180,12
surf_zone,81,60.73576,2.5920317755656277,57.64694,60.452600000000004,64.70348,180,12
surf_zone,82,60.77718,2.631220103340552,57.66926,60.452600000000004,64.96484000000001,180,12
surf_zone,83,60.80652999999999,2.651719109679016,57.66926,60.3959,65.31908,180,12
surf_zone,84,60.81659,2.65320979848179,57.66926,60.3959,65.53832,180,12
surf_zone,85,60.823499999999996,2.650559046207077,57.635419999999996,60.3959,65.53832,180,12
surf_zone,86,60.84811,2.6205056755621867,57.668,60.4229,65.52446,180,12
surf_zone,87,60.89794,2.5950640394591145,57.828920000000004,60.4922,65.36444,180,12
surf_zone,88,60.957899999999995,2.583084051344991,58.022059999999996,60.5975,65.36444,180,12
surf_zone,89,61.01591,2.5751776119924745,58.0883,60.6434,65.52446,180,12
surf_zone,90,61.067980000000006,2.564358596586731,58.133480000000006,60.6515,65.52446,180,12
surf_zone,91,61.123110000000004,2.5680375216349822,58.15076,60.6695,65.53832,180,12
surf_zone,92,61.174459999999996,2.5794886655300053,58.19432,60.6848,65.56118000000001,180,12
surf_zone,93,61.239839999999994,2.581521176032007,58.339940000000006,60.8549,65.56118000000001,180,12
surf_zone,94,61.317780000000006,2.570749095975355,58.35884,61.0034,65.56478000000001,180,12
surf_zone,95,61.3746,2.5397192813687943,58.37054,61.119499999999995,65.56478000000001,180,12
surf_zone,96,61.418009999999995,2.5104237627791566,58.35884,61.217600000000004,65.53832,180,12
surf_zone,97,61.45651,2.455097403183287,58.35884,61.4066,65.35832,180,12
surf_zone,98,61.50063,2.4150708503642977,58.35884,61.7234,65.33384000000001,180,12
surf_zone,99,61.55234,2.389828207930226,58.35884,61.807100000000005,65.20604,180,12
surf_zone,100,61.60355,2.350704027466794,58.419140000000006,61.845800000000004,65.16608000000001,180,12
surf_zone,101,61.63748,2.3242055493864746,58.53902000000001,61.870099999999994,65.15672,180,12
surf_zone,102,61.65496000000001,2.3021316321130336,58.541180000000004,61.8791,64.91354,180,12
surf_zone,103,61.67349,2.260470917296689,58.620560000000005,61.9196,64.4756,180,12
surf_zone,104,61.69465999999999,2.2049669951697033,58.90532,61.9322,64.47326,180,12
surf_zone,105,61.72897,2.1567237921771576,58.95608,61.9322,64.87574000000001,180,12
surf_zone,106,61.76318,2.096213860267519,58.95608,61.9322,64.70402,180,12
surf_zone,107,61.81178999999999,2.0206044181501843,58.95608,61.9439,64.61077999999999,180,12
surf_zone,108,61.85264,1.9741799455433322,59.020340000000004,61.965500000000006,64.4963,180,12
surf_zone,109,61.88937,1.955756561204062,59.095040000000004,61.965500000000006,64.45706000000001,180,12
surf_zone,110,61.95667999999999,1.9631323659655953,59.18036,61.99250000000001,64.4963,180,12
surf_zone,111,62.02888000000001,1.9911920991424084,59.38988,62.0168,64.61077999999999,180,12
surf_zone,112,62.11814000000001,2.0261896161578012,59.51156,62.06,64.69789999999999,180,12
surf_zone,113,62.22588999999999,2.0416686538686792,59.622620000000005,62.1068,64.7537,180,12
surf_zone,114,62.330619999999996,2.038451437777896,59.715140000000005,62.1194,64.80698,180,12
surf_zone,115,62.44267000000002,2.0584477796245744,59.8703,62.2661,64.89806,180,12
surf_zone,116,62.56398999999999,2.0851484848618784,59.973259999999996,62.4038,64.96322,180,12
surf_zone,117,62.68748,2.0998085748986446,60.02816000000001,62.47579999999999,65.2055,180,12
surf_zone,118,62.81484999999999,2.108479741332351,60.04994,62.562200000000004,65.24582000000001,180,12
surf_zone,119,62.93163999999999,2.1078431695553967,60.36404,62.789,65.2622,180,12
surf_zone,120,63.03904,2.0977784107806596,60.503,62.9987,65.2622,180,12
surf_zone,121,63.147690000000004,2.107532212974752,60.659240000000004,63.09140000000001,65.28398,180,12
surf_zone,122,63.25226000000001,2.1362841648591444,60.664640000000006,63.1373,65.33923999999999,180,12
surf_zone,123,63.345699999999994,2.1387199866865494,60.78074,63.207499999999996,65.38892,180,12
surf_zone,124,63.43917999999999,2.121190134485089,61.0178,63.274100000000004,65.38892,180,12
surf_zone,125,63.52860999999999,2.084174455889191,61.17494,63.3551,65.38892,180,12
surf_zone,126,63.61559999999999,2.017701063063671,61.3544,63.5774,65.38892,180,12
surf_zone,127,63.688430000000004,1.930662660022322,61.51928,63.688100000000006,65.38892,180,12
surf_zone,128,63.74326,1.87263747321807,61.6514,63.735800000000005,65.38892,180,12
surf_zone,129,63.80196,1.8393293633806893,61.85102,63.7745,65.44472,180,12
surf_zone,130,63.86485,1.799020685410902,61.87442,63.7808,65.52248,180,12
surf_zone,131,63.91721,1.7444842991746985,61.941739999999996,63.811400000000006,65.52248,180,12
surf_zone,132,63.97672,1.6796299577302816,62.07782,63.822199999999995,65.52248,180,12
surf_zone,133,64.02125000000001,1.615862491504928,62.25206000000001,63.872600000000006,65.6078,180,12
surf_zone,134,64.06463000000001,1.5839923835202867,62.27888,63.8843,65.70608,180,12
surf_zone,135,64.1116,1.5690435023931726,62.31362,63.894200000000005,65.73362,180,12
surf_zone,136,64.14675,1.5524145924203936,62.323879999999996,63.9086,66.00164000000001,180,12
surf_zone,137,64.17837,1.5075744014325623,62.417120000000004,63.9401,66.00164000000001,180,12
surf_zone,138,64.22622,1.4797676411438845,62.417120000000004,64.0355,66.03206,180,12
surf_zone,139,64.27555,1.457110042028743,62.5253,64.1111,66.07382,180,12
surf_zone,140,64.32508999999999,1.4378355863266365,62.66822,64.15520000000001,66.26822,180,12
surf_zone,141,64.37245999999999,1.4397822224987582,62.69414,64.2632,66.39098,180,12
surf_zone,142,64.44927000000001,1.4367157551534488,62.80052,64.40629999999999,66.49106,180,12
surf_zone,143,64.51159000000001,1.4161944362410914,62.8664,64.4432,66.36182,180,12
surf_zone,144,64.56707,1.3897331879249741,62.892680000000006,64.4612,66.36182,180,12
surf_zone,145,64.62727000000001,1.3785731383811022,62.938939999999995,64.4855,66.49430000000001,180,12
surf_zone,146,64.71236999999999,1.3873599484564219,63.05846,64.5215,66.6023,180,12
surf_zone,147,64.79924,1.421937733733276,63.05846,64.5701,66.67717999999999,180,12
surf_zone,148,64.88870999999999,1.4324270695641406,63.14342,64.61330000000001,66.70148,180,12
surf_zone,149,64.98941,1.4321645744004414,63.234680000000004,64.8167,66.89174,180,12
surf_zone,150,65.09953000000002,1.4220302822247652,63.62582,64.9913,67.02638,180,12
surf_zone,151,65.20949999999999,1.38196195122618,63.70898,65.2595,67.02962000000001,180,12
surf_zone,152,65.32861,1.3614464213151143,63.766220000000004,65.39359999999999,67.0586,180,12
surf_zone,153,65.44184000000001,1.3622844709691053,63.795919999999995,65.4764,67.13456,180,12
surf_zone,154,65.571,1.37178322651892,63.90374,65.67169999999999,67.22384,180,12
surf_zone,155,65.71203,1.4060502181126922,63.994820000000004,65.8634,67.43426000000001,180,12
surf_zone,156,65.86209,1.4324391034703143,64.0238,65.9435,67.91198,180,12
surf_zone,157,65.99732,1.4802993853313222,64.0238,66.056,68.04643999999999,180,12
surf_zone,158,66.13535,1.51358084009319,64.05799999999999,66.1739,68.1512,180,12
surf_zone,159,66.27018,1.541769979887623,64.18814,66.27289999999999,68.19998000000001,180,12
surf_zone,160,66.40635,1.5744571915389847,64.34761999999999,66.4349,68.23634,180,12
surf_zone,161,66.52380000000002,1.6266079298092815,64.34761999999999,66.5312,68.31716,180,12
surf_zone,162,66.642,1.6755145200253094,64.8158,66.578,68.40842,180,12
surf_zone,163,66.78902000000001,1.720466841945708,65.15834000000001,66.6662,69.0233,180,12
surf_zone,164,66.92720999999999,1.7672155056051868,65.17778,66.8435,69.23732,180,12
surf_zone,165,67.05689,1.796875537952992,65.19074,67.2125,69.3383,180,12
surf_zone,166,67.20497,1.8157696693291983,65.19074,67.4195,69.43478,180,12
surf_zone,167,67.35257,1.8262742084523071,65.36552,67.5725,69.56024,180,12
surf_zone,168,67.49504,1.8390315235297936,65.50394,67.7741,69.70388,180,12
surf_zone,169,67.63358,1.8590139295369175,65.51707999999999,67.88210000000001,69.79748000000001,180,12
surf_zone,170,67.77613,1.8878934056968748,65.51707999999999,68.0027,70.02248,180,12
surf_zone,171,67.91914,1.9130369985237274,65.51707999999999,68.13319999999999,70.13714,180,12
surf_zone,172,68.06255999999999,1.915517334780236,65.54858,68.27629999999999,70.25377999999999,180,12
surf_zone,173,68.2185,1.9019029245797858,65.64884,68.5643,70.322,180,12
surf_zone,174,68.37449000000001,1.8714218557977633,65.6843,68.66329999999999,70.47068,180,12
surf_zone,175,68.5147,1.8514858295992187,65.7032,68.69749999999999,70.7207,180,12
surf_zone,176,68.65668,1.8137675888639675,65.8886,68.78299999999999,70.8098,180,12
surf_zone,177,68.81478999999999,1.776695326072299,65.93773999999999,69.0683,70.91726,180,12
surf_zone,178,68.94626000000001,1.7603563818841417,66.42374000000001,69.1322,71.16476,180,12
surf_zone,179,69.08619,1.7199306229057443,66.90722,69.2114,71.27438000000001,180,12
surf_zone,180,69.25322999999999,1.712479348451102,66.97544,69.3437,71.52008,180,12
surf_zone,181,69.41146,1.7480331813451944,67.21952,69.4679,71.63438,180,12
surf_zone,182,69.57147,1.804158940894947,67.24904,69.62899999999999,71.84786,180,12
surf_zone,183,69.72341,1.8317778064464987,67.27856,69.85130000000001,71.94164,180,12
surf_zone,184,69.88889,1.8282907843333387,67.46864,70.1447,72.04711999999999,180,12
surf_zone,185,70.04493000000001,1.8199743881155719,67.75484,70.2689,72.158,180,12
surf_zone,186,70.17881999999999,1.7996978996766542,67.81855999999999,70.41560000000001,72.32738,180,12
surf_zone,187,70.32905,1.7897416689311285,67.94798,70.52629999999999,72.61484,180,12
surf_zone,188,70.49036000000001,1.791429823047788,68.06479999999999,70.59469999999999,72.77486,180,12
surf_zone,189,70.66658,1.7838976802709228,68.29664000000001,70.78819999999999,72.93218,180,12
surf_zone,190,70.83366000000001,1.7631030054357397,68.65628,70.9619,72.9788,180,12
surf_zone,191,70.97514,1.7250604024596008,68.89568,71.1311,72.995,180,12
surf_zone,192,71.07727999999999,1.6963400505781652,68.98982000000001,71.2031,72.99716000000001,180,12
surf_zone,193,71.20199,1.6747738662696126,69.10736,71.2733,73.14511999999999,180,12
surf_zone,194,71.3367,1.690469351042971,69.16550000000001,71.5271,73.36724,180,12
surf_zone,195,71.44689000000001,1.7152624798763338,69.27062,71.5856,73.4432,180,12
surf_zone,196,71.54633,1.7361990868097783,69.28682,71.6882,73.60285999999999,180,12
surf_zone,197,71.64820999999999,1.735198792826257,69.36242,71.7602,73.7132,180,12
surf_zone,198,71.75725999999999,1.737139863648606,69.41804,71.83760000000001,73.90274,180,12
surf_zone,199,71.8474,1.78759970585696,69.47708000000002,71.8997,74.23070000000001,180,12
surf_zone,200,71.92745,1.8268787150484864,69.48644,72.00139999999999,74.30720000000001,180,12
surf_zone,201,72.02324,1.8690648321476042,69.48644,72.12650000000001,74.50016000000001,180,12
surf_zone,202,72.09936,1.9043753730018906,69.47312000000001,72.20660000000001,74.66828000000001,180,12
surf_zone,203,72.14088000000001,1.9418020301489296,69.47312000000001,72.2507,74.76656,180,12
surf_zone,204,72.16412,2.0089396293155843,69.34549999999999,72.2507,74.7914,180,12
surf_zone,205,72.19012000000001,2.0964202300175447,69.30608,72.2696,74.81408,180,12
surf_zone,206,72.22752,2.18028597095163,69.29078,72.2894,74.87725999999999,180,12
surf_zone,207,72.28880000000001,2.27281239636057,69.29078,72.2984,74.99912,180,12
surf_zone,208,72.34429,2.3669870305526532,69.14066000000001,72.3758,75.06554,180,12
surf_zone,209,72.37832999999999,2.426521866106451,69.14066000000001,72.3758,75.15104000000001,180,12
surf_zone,210,72.41021,2.4631401730470417,69.14066000000001,72.3272,75.68114,180,12
surf_zone,211,72.43380000000002,2.4929154788729737,69.14066000000001,72.3272,75.71623999999998,180,12
surf_zone,212,72.44626,2.53828047984629,69.08594,72.3758,75.73028,180,12
surf_zone,213,72.44555999999999,2.582640851834464,69.07442,72.3272,75.90632,180,12
surf_zone,214,72.42867,2.6277355245162073,69.07028,72.3155,75.90632,180,12
surf_zone,215,72.41794000000002,2.6629739327787676,69.07028,72.2831,75.96968,180,12
surf_zone,216,72.40518,2.6761411383227647,69.08594,72.00319999999999,76.22077999999999,180,12
surf_zone,217,72.38548,2.6814880343720433,69.14066000000001,71.8808,76.5059,180,12
surf_zone,218,72.3855,2.6652391339040955,69.23407999999999,71.84479999999999,76.5059,180,12
surf_zone,219,72.40827999999999,2.6111756461442344,69.54097999999999,71.8808,76.00856,180,12
surf_zone,220,72.40909,2.5351199598538057,69.89612,71.84479999999999,75.86149999999999,180,12
surf_zone,221,72.41649999999998,2.465630176159148,69.9107,71.84479999999999,75.63037999999999,180,12
surf_zone,222,72.40986000000001,2.3931746072398123,69.9107,71.8079,75.5501,180,12
surf_zone,223,72.39412000000002,2.3061822612153047,69.9107,71.7755,75.50096,180,12
surf_zone,224,72.38410999999999,2.242156923753873,69.9107,71.8295,75.38539999999999,180,12
surf_zone,225,72.38006,2.2051487512019174,69.92456,72.01310000000001,75.25724000000001,180,12
surf_zone,226,72.36899,2.168386194681408,69.94058,72.0248,75.08912,180,12
surf_zone,227,72.34304,2.1352897679303227,69.96488000000001,72.0248,74.99876,180,12
surf_zone,228,72.30707,2.139134683976197,69.9107,72.0698,75.0587,180,12
surf_zone,229,72.28844000000001,2.147953118554588,69.90025999999999,72.1265,74.98004,180,12
surf_zone,230,72.23687000000001,2.2495934204941848,69.7667,72.1877,74.96816,180,12
surf_zone,231,72.18531,2.3527674686817543,69.69362,72.3353,74.85242000000001,180,12
surf_zone,232,72.16043351955307,2.350059508544749,69.58256,72.47659999999999,74.79932,179,12
surf_zone,233,72.1614786516854,2.3549721167383533,69.51146,72.6089,74.73776000000001,178,12
surf_zone,234,72.16598305084746,2.376393304881122,69.50408,72.75919999999999,74.73848000000001,177,12
surf_zone,235,72.20688636363637,2.391663606598401,69.55160000000001,72.75919999999999,74.7878,176,12
surf_zone,236,72.23765257142857,2.3969702533367574,69.548,72.7574,74.78851999999999,175,12
surf_zone,237,72.27640689655172,2.3975059413715116,69.57446,72.75290000000001,74.79769999999999,174,12
surf_zone,238,72.31544277456646,2.4192588697486204,69.57284000000001,72.761,74.85944,173,12
surf_zone,239,72.34424767441861,2.4374300087945775,69.57122000000001,72.78620000000001,74.86682,172,12
surf_zone,240,72.3456,2.4504661029857875,69.5336,72.8168,74.8742,171,12
surf_zone,241,72.35913411764707,2.4621689030912983,69.4481,72.84020000000001,75.03998,170,12
surf_zone,242,72.39893372781064,2.462001915275443,69.51884000000001,72.91040000000001,75.14168000000001,169,12
surf_zone,243,72.4905607142857,2.4286420756507208,69.58094000000001,73.14349999999999,75.17318,168,12
surf_zone,244,72.57588023952096,2.382456138036419,69.68732,73.175,75.17984,167,12
surf_zone,245,72.68650602409637,2.2437944562780463,69.8513,73.1534,75.28280000000001,166,12
surf_zone,246,72.79136,2.11722967142466,70.05992,73.112,75.89048,165,12
surf_zone,247,72.85024727272726,2.1055298637786777,70.1042,73.0562,76.01864,165,12
surf_zone,248,72.86569454545455,2.10691123148274,70.11392000000001,72.8636,76.07732,165,12
surf_zone,249,72.84258909090909,2.1231756104493793,70.1042,72.7718,76.07732,165,12
surf_zone,250,72.75083272727272,2.182094677730765,70.06964,72.77,76.05104,165,12
surf_zone,251,72.65205090909092,2.244388289811111,69.95228,72.7304,76.028,165,12
surf_zone,252,72.53530181818182,2.2969554216575556,69.79964,72.5936,76.028,165,12
surf_zone,253,72.39457454545455,2.3278208823016913,69.67508,72.3038,76.028,165,12
surf_zone,254,72.25359636363636,2.3556626957882063,69.39608,72.1904,75.99704,165,12
surf_zone,255,72.12557818181817,2.3809326568792812,69.31868,72.1148,75.96644,165,12
surf_zone,256,71.99573818181818,2.3955539989248757,69.26504,71.8664,75.89912,165,12
surf_zone,257,71.85225090909091,2.403832168023925,69.20384,71.7458,75.76844000000001,165,12
surf_zone,258,71.67675636363637,2.382907362259105,69.1574,71.40379999999999,75.63488000000001,165,12
surf_zone,259,71.48705818181818,2.3367180567184898,69.07496,71.2292,75.2342,165,12
surf_zone,260,71.29413090909092,2.289778619041965,68.96264,71.0546,74.90768,165,12
surf_zone,261,71.11117454545455,2.222591796251113,68.70668,70.9214,74.5214,165,12
surf_zone,262,70.94285818181818,2.1859910770150357,68.65159999999999,70.7414,74.10271999999999,165,12
surf_zone,263,70.77913454545454,2.1689882946938295,68.58248,70.6442,73.48496,165,12
surf_zone,264,70.63996727272728,2.0988186829843936,68.38412,70.4984,73.38632,165,12
surf_zone,265,70.5472509090909,2.043945123679198,68.38412,70.358,72.8582,165,12
surf_zone,266,70.46477818181818,2.002887502535713,68.38412,70.1618,72.57956,165,12
surf_zone,267,70.38220727272727,1.9756558015727959,68.25452,70.0988,72.50576000000001,165,12
surf_zone,268,70.29457454545455,1.9475198205151427,68.21780000000001,69.9602,72.38336,165,12
surf_zone,269,70.20715999999999,1.9071291682756584,68.21780000000001,69.881,72.26312,165,12
surf_zone,270,70.1265090909091,1.8513083044891547,68.24372000000001,69.8306,71.98736,165,12
surf_zone,271,70.04549818181817,1.7961849904210163,68.25452,69.78020000000001,71.74436,165,12
surf_zone,272,69.96384363636363,1.7316330400524615,68.32616,69.7118,71.618,165,12
surf_zone,273,69.87591636363636,1.6803950853779315,68.28476,69.5714,71.618,165,12
surf_zone,274,69.7987890909091,1.6612776723096028,68.1854,69.485,71.63636,165,12
surf_zone,275,69.7227309090909,1.642292323085519,68.15012,69.4202,71.63636,165,12
surf_zone,276,69.62954545454545,1.6030670340903215,68.03384,69.25280000000001,71.59567999999999,165,12
surf_zone,277,69.53917454545456,1.5894050617522664,67.97804000000001,69.14840000000001,71.59567999999999,165,12
surf_zone,278,69.44304363636364,1.6000656155863797,67.93952,69.1106,71.59567999999999,165,12
surf_zone,279,69.32634909090909,1.6529682774248722,67.80056,68.9864,71.59567999999999,165,12
surf_zone,280,69.2234,1.7005123613839195,67.43696,68.95400000000001,71.48516,165,12
surf_zone,281,69.1200690909091,1.7528246243517707,67.20692,68.8154,71.35592000000001,165,12
surf_zone,282,69.03106181818183,1.8101762203150928,67.09964,68.7866,71.40740000000001,165,12
surf_zone,283,68.94092,1.900769911762972,66.81704,68.7704,71.40740000000001,165,12
surf_zone,284,68.84184363636363,1.9880334806123057,66.22952,68.7488,71.39372,165,12
surf_zone,285,68.74038909090909,2.0699695654949593,66.10856,68.648,71.44124000000001,165,12
surf_zone,286,68.62870181818181,2.131841120083099,65.97176,68.5796,71.44124000000001,165,12
surf_zone,287,68.52371272727272,2.1843476491476883,65.85548,68.4824,71.44124000000001,165,12
surf_zone,288,68.4365709090909,2.2141230349243712,65.78564,68.297,71.44124000000001,165,12
surf_zone,289,68.34181454545455,2.2249955244201236,65.73092,68.1692,71.3282,165,12
surf_zone,290,68.25587272727273,2.2346276747866516,65.6816,68.036,71.3282,165,12
surf_zone,291,68.17969454545455,2.256651412133629,65.58044,67.8326,71.3282,165,12
surf_zone,292,68.09445090909091,2.2506072605621137,65.51096,67.7588,71.31739999999999,165,12
surf_zone,293,68.00905454545455,2.219310523603532,65.5538,67.6598,71.19104,165,12
surf_zone,294,67.93342181818181,2.2014967231318083,65.5538,67.5284,71.19104,165,12
surf_zone,295,67.83997454545455,2.176776748825236,65.51096,67.3916,71.16655999999999,165,12
surf_zone,296,67.74398545454547,2.1250535425752286,65.4656,67.361,71.1014,165,12
surf_zone,297,67.62959272727274,2.0664743237404357,65.41123999999999,67.1918,70.87712,165,12
surf_zone,298,67.51631272727272,2.029676977578609,65.25104,67.1216,70.74068,165,12
surf_zone,299,67.40192,2.0104937011444384,65.01992,66.9812,70.3886,165,12
surf_zone,300,67.28171272727273,1.9689526600969567,64.85036,66.9776,70.23848,165,12
surf_zone,301,67.16400363636363,1.9304161010407643,64.80824000000001,66.8858,69.85040000000001,165,12
surf_zone,302,67.04483272727272,1.8733571045365363,64.78448,66.8318,69.51092,165,12
surf_zone,303,66.90869818181818,1.8294349367000249,64.75172,66.78320000000001,69.4202,165,12
surf_zone,304,66.75761818181817,1.8362815328037758,64.50908,66.7382,69.341,165,12
surf_zone,305,66.57866545454546,1.8528434837302836,64.35068000000001,66.6284,68.74268000000001,165,12
surf_zone,306,66.39165090909091,1.8603712584706527,64.19264,66.4952,68.30384,165,12
surf_zone,307,66.21157454545452,1.871323138677047,63.995720000000006,66.4034,68.0018,165,12
surf_zone,308,66.02941454545454,1.890306859663155,63.533120000000004,66.2594,67.88408,165,12
surf_zone,309,65.83922545454546,1.89484062231689,63.3344,66.0434,67.71199999999999,165,12
surf_zone,310,65.65626909090909,1.904468472503106,62.6756,65.957,67.58096,165,12
surf_zone,311,65.48919636363637,1.9194782265453851,62.560039999999994,65.8742,67.52624,165,12
surf_zone,312,65.32670545454545,1.931467103394323,62.48048,65.69059999999999,67.32644,165,12
surf_zone,313,65.17024727272727,1.907362028241113,62.371759999999995,65.4854,67.27244,165,12
surf_zone,314,65.00615272727272,1.8894815812281534,62.30408,65.3972,67.22348,165,12
surf_zone,315,64.84214545454546,1.906827766706972,62.14676,65.2424,67.17308,165,12
surf_zone,316,64.691,1.9505257373834164,62.02256,65.1686,67.06148,165,12
surf_zone,317,64.53160727272727,1.9848098802964462,61.97108,64.8662,66.99848,165,12
surf_zone,318,64.37593454545456,1.9877649172931098,61.93472,64.4144,66.94556,165,12
surf_zone,319,64.2454181818182,1.9793596970119425,61.894040000000004,64.0202,66.81775999999999,165,12
surf_zone,320,64.14612363636364,1.9651610105291033,61.845800000000004,63.8528,66.6806,165,12
surf_zone,321,64.04535636363636,1.9486269423682103,61.845800000000004,63.7394,66.533,165,12
surf_zone,322,63.942221818181814,1.9375737176242822,61.7342,63.6926,66.42428,165,12
surf_zone,323,63.84520727272728,1.9243507785669363,61.60136,63.6152,66.3728,165,12
surf_zone,324,63.74089454545454,1.9031667806340804,61.54844,63.5756,66.28171999999999,165,12
surf_zone,325,63.637716363636365,1.877382264448225,61.511,63.5288,66.12296,165,12
surf_zone,326,63.51316727272726,1.8503581983208348,61.25072,63.5072,65.98615999999998,165,12
surf_zone,327,63.38895636363636,1.8221616826166804,61.1078,63.437,65.70428,165,12
surf_zone,328,63.269218181818175,1.8255453179026222,60.98576,63.3218,65.55776,165,12
surf_zone,329,63.17325090909091,1.8233886187407875,60.855079999999994,63.2714,65.55488,165,12
surf_zone,330,63.081909090909086,1.806366529056299,60.855079999999994,63.235400000000006,65.45372,165,12
surf_zone,331,62.98011636363636,1.783725871024555,60.545120000000004,63.1724,65.23196,165,12
surf_zone,332,62.8692690909091,1.7628818906322938,60.42776,63.1238,65.09804,165,12
surf_zone,333,62.75462545454546,1.7473926254270666,60.27404,62.9546,65.021,165,12
surf_zone,334,62.638901818181814,1.7192377990172987,60.098,62.796200000000006,64.95404,165,12
surf_zone,335,62.50680363636364,1.6855873318820744,60.08504,62.5388,64.8374,165,12
surf_zone,336,62.38938909090909,1.6551001312652995,60.060919999999996,62.3156,64.5908,165,12
surf_zone,337,62.281727272727274,1.6211414426623967,60.03716,62.195,64.37228,165,12
surf_zone,338,62.18308727272727,1.5864302618620407,59.99684,62.1374,64.319,165,12
surf_zone,339,62.098967272727265,1.5663794805905362,59.97272,62.0204,64.21532,165,12
surf_zone,340,62.03033818181817,1.5595580273876817,59.96228,61.934,64.15484,165,12
surf_zone,341,61.96535272727272,1.5534113834680912,59.908280000000005,61.88,63.892759999999996,165,12
surf_zone,342,61.89314545454545,1.560873004531421,59.790200000000006,61.8098,63.842,165,12
surf_zone,343,61.82145090909092,1.576908356162122,59.715320000000006,61.7198,63.744800000000005,165,12
surf_zone,344,61.73222545454545,1.5956589164482489,59.5958,61.5884,63.696200000000005,165,12
surf_zone,345,61.648029090909084,1.597277710364296,59.51768,61.5254,63.674600000000005,165,12
surf_zone,346,61.57321454545454,1.599620487698626,59.4338,61.4876,63.35132,165,12
surf_zone,347,61.5177309090909,1.6125470989006647,59.36144,61.4156,63.33476,165,12
surf_zone,348,61.461603636363634,1.6213352466969375,59.12276,61.4012,63.33476,165,12
surf_zone,349,61.39886545454545,1.6149438563319203,59.06624,61.367,63.33476,165,12
surf_zone,350,61.34149454545455,1.624622802085282,59.02916,61.3328,63.33476,165,12
surf_zone,351,61.277152727272714,1.6233609453757278,58.98236,61.2608,63.286519999999996,165,12
surf_zone,352,61.204858181818175,1.6129780251959316,58.95356,61.2374,63.2678,165,12
surf_zone,353,61.11947272727273,1.6143747775790387,58.94492,61.2086,63.24728,165,12
surf_zone,354,61.02818545454546,1.6127798569873735,58.90604,61.124,63.21452,165,12
surf_zone,355,60.92474545454546,1.5851175018942698,58.88444,61.0196,63.1886,165,12
surf_zone,356,60.82931272727272,1.5657976926436725,58.77572,60.7964,63.07232,165,12
surf_zone,357,60.747789090909095,1.557739954542422,58.76636,60.5408,63.03452,165,12
surf_zone,358,60.67181818181818,1.5457039837165338,58.76636,60.386,62.954240000000006,165,12
surf_zone,359,60.61962165605095,1.544136086001526,58.769239999999996,60.3122,62.94776,157,12
surf_zone,360,60.554505063291145,1.5263727261746618,58.74602,60.2546,62.8421,158,12
surf_zone,361,60.48103773584905,1.495579563063453,58.7102,60.171800000000005,62.795480000000005,159,12
surf_zone,362,60.400298750000005,1.4492543746748365,58.698679999999996,60.1259,62.671820000000004,160,12
surf_zone,363,60.323223602484475,1.415954997409678,58.685,60.0944,62.51,161,12
surf_zone,364,60.25945555555556,1.3987003813878116,58.59734,60.075500000000005,62.416940000000004,162,12
surf_zone,365,60.20818650306747,1.372869429222332,58.54136,60.0476,62.18204000000001,163,12
surf_zone,366,60.154886585365844,1.3515193406542514,58.492760000000004,60.031400000000005,61.96928,164,12
